ISO-10303-21;
HEADER;
FILE_DESCRIPTION (( 'STEP AP203' ),
    '1' );
FILE_NAME ('90_Link_KitV2.STEP',
    '2026-10-05T20:20:58',
    ( '' ),
    ( '' ),
    'SwSTEP 2.0',
    'SolidWorks 2023',
    '' );
FILE_SCHEMA (( 'CONFIG_CONTROL_DESIGN' ));
ENDSEC;

DATA;
#1 = ORIENTED_EDGE ( 'NONE', *, *, #2494, .F. ) ;
#2 = VERTEX_POINT ( 'NONE', #4674 ) ;
#3 = DATE_AND_TIME ( #2453, #4799 ) ;
#4 = CARTESIAN_POINT ( 'NONE',  ( 1.380839982702823265, 6.500000000000000000, 4.547699037355532603 ) ) ;
#5 = AXIS2_PLACEMENT_3D ( 'NONE', #3427, #1891, #3916 ) ;
#6 = DIRECTION ( 'NONE',  ( 0.000000000000000000, 0.6561787149247870765, -0.7546055221635045163 ) ) ;
#7 = AXIS2_PLACEMENT_3D ( 'NONE', #1304, #4902, #4088 ) ;
#8 = CARTESIAN_POINT ( 'NONE',  ( -3.956290731841337838, 2.373921791567575657, -3.226782805549678557 ) ) ;
#9 = ADVANCED_FACE ( 'NONE', ( #3016 ), #5035, .F. ) ;
#10 = DIRECTION ( 'NONE',  ( 0.000000000000000000, -0.6561787149247864104, 0.7546055221635050714 ) ) ;
#11 = AXIS2_PLACEMENT_3D ( 'NONE', #2949, #2455, #4054 ) ;
#12 = EDGE_CURVE ( 'NONE', #5123, #2726, #4644, .T. ) ;
#13 = ADVANCED_FACE ( 'NONE', ( #3093 ), #4274, .T. ) ;
#14 = DIRECTION ( 'NONE',  ( 0.000000000000000000, 0.000000000000000000, 1.000000000000000000 ) ) ;
#15 = CARTESIAN_POINT ( 'NONE',  ( -1.399999999999999467, -3.035766082959410566E-17, 1.214306433183764720E-16 ) ) ;
#16 = AXIS2_PLACEMENT_3D ( 'NONE', #1843, #4151, #3435 ) ;
#17 = CIRCLE ( 'NONE', #1848, 7.650000000000000355 ) ;
#18 = LINE ( 'NONE', #3173, #4718 ) ;
#19 = ORIENTED_EDGE ( 'NONE', *, *, #2573, .F. ) ;
#20 = VERTEX_POINT ( 'NONE', #1896 ) ;
#21 = VECTOR ( 'NONE', #2389, 1000.000000000000114 ) ;
#22 = ADVANCED_FACE ( 'NONE', ( #792 ), #2387, .T. ) ;
#23 = DIRECTION ( 'NONE',  ( 0.000000000000000000, -1.000000000000000000, 0.000000000000000000 ) ) ;
#24 = FACE_OUTER_BOUND ( 'NONE', #2241, .T. ) ;
#25 = CARTESIAN_POINT ( 'NONE',  ( -2.291287847478249429, 8.000000000000000000, -4.999999999999848121 ) ) ;
#26 = ORIENTED_EDGE ( 'NONE', *, *, #4420, .F. ) ;
#27 = ORIENTED_EDGE ( 'NONE', *, *, #4392, .F. ) ;
#28 = PERSON_AND_ORGANIZATION ( #2197, #152 ) ;
#29 = EDGE_CURVE ( 'NONE', #3410, #4027, #734, .T. ) ;
#30 = APPROVAL ( #3665, 'UNKNOWN' ) ;
#31 = LINE ( 'NONE', #1618, #2847 ) ;
#32 = CC_DESIGN_APPROVAL ( #3624, ( #1776 ) ) ;
#33 =( LENGTH_UNIT ( ) NAMED_UNIT ( * ) SI_UNIT ( .MILLI., .METRE. ) );
#34 = AXIS2_PLACEMENT_3D ( 'NONE', #974, #2997, #2914 ) ;
#35 = AXIS2_PLACEMENT_3D ( 'NONE', #3148, #1251, #353 ) ;
#36 = CARTESIAN_POINT ( 'NONE',  ( 4.555805433952621719, 7.763919350724530766, -2.192314546146025389 ) ) ;
#37 = DIRECTION ( 'NONE',  ( 1.000000000000000000, 0.000000000000000000, 0.000000000000000000 ) ) ;
#38 = DIRECTION ( 'NONE',  ( 0.000000000000000000, -0.7546055221634990762, 0.6561787149247930717 ) ) ;
#39 = DIRECTION ( 'NONE',  ( 0.000000000000000000, 0.000000000000000000, 1.000000000000000000 ) ) ;
#40 = CIRCLE ( 'NONE', #4522, 0.1700000000000000122 ) ;
#41 = EDGE_CURVE ( 'NONE', #3910, #4097, #1211, .T. ) ;
#42 = EDGE_CURVE ( 'NONE', #1289, #4288, #1393, .T. ) ;
#43 = CARTESIAN_POINT ( 'NONE',  ( 0.000000000000000000, 1.500000000000000444, 0.000000000000000000 ) ) ;
#44 = ADVANCED_FACE ( 'NONE', ( #2856 ), #428, .T. ) ;
#45 = EDGE_CURVE ( 'NONE', #2513, #1346, #286, .T. ) ;
#46 = CARTESIAN_POINT ( 'NONE',  ( 1.379999999999999671, 9.768344573749500270, -5.400000000000000355 ) ) ;
#47 = ORIENTED_EDGE ( 'NONE', *, *, #2639, .F. ) ;
#48 = EDGE_LOOP ( 'NONE', ( #1435, #2714, #3376, #27 ) ) ;
#49 = DIRECTION ( 'NONE',  ( -8.673617379884035472E-17, -1.880790961315659329E-33, -1.000000000000000000 ) ) ;
#50 = DIRECTION ( 'NONE',  ( -1.000000000000000000, 0.000000000000000000, 0.000000000000000000 ) ) ;
#51 = CARTESIAN_POINT ( 'NONE',  ( 7.252000366886311333, 3.200000000000000178, -2.435362535369390180 ) ) ;
#52 = ORIENTED_EDGE ( 'NONE', *, *, #5010, .F. ) ;
#53 = EDGE_CURVE ( 'NONE', #4153, #253, #2713, .T. ) ;
#54 = ORIENTED_EDGE ( 'NONE', *, *, #4071, .T. ) ;
#55 = PERSON_AND_ORGANIZATION ( #2197, #152 ) ;
#56 = CARTESIAN_POINT ( 'NONE',  ( 0.000000000000000000, 0.000000000000000000, 0.000000000000000000 ) ) ;
#57 = AXIS2_PLACEMENT_3D ( 'NONE', #4612, #218, #1416 ) ;
#58 = CARTESIAN_POINT ( 'NONE',  ( 1.379999999999999671, 9.768344573749498494, 5.530000000000000249 ) ) ;
#59 = CARTESIAN_POINT ( 'NONE',  ( -7.153438812664350444, 3.008506057664686484, 2.712730372333567175 ) ) ;
#60 = DIRECTION ( 'NONE',  ( -0.000000000000000000, 1.000000000000000000, -0.000000000000000000 ) ) ;
#61 = APPROVAL_PERSON_ORGANIZATION ( #2196, #4860, #1011 ) ;
#62 = CARTESIAN_POINT ( 'NONE',  ( 1.399999999999999689, 12.34999999999999964, -4.343903740188082452 ) ) ;
#63 = FACE_OUTER_BOUND ( 'NONE', #995, .T. ) ;
#64 = VECTOR ( 'NONE', #2966, 1000.000000000000000 ) ;
#65 = DIRECTION ( 'NONE',  ( 0.000000000000000000, 0.000000000000000000, -1.000000000000000000 ) ) ;
#66 = VERTEX_POINT ( 'NONE', #456 ) ;
#67 = EDGE_CURVE ( 'NONE', #2380, #4501, #1947, .T. ) ;
#68 = CIRCLE ( 'NONE', #1311, 7.650000000000000355 ) ;
#69 = DIRECTION ( 'NONE',  ( -0.4876598490941707609, 0.7241379310344824294, -0.4876598490941710939 ) ) ;
#70 = CARTESIAN_POINT ( 'NONE',  ( 0.000000000000000000, 6.500000000000000000, -7.650000000000000355 ) ) ;
#71 = DIRECTION ( 'NONE',  ( 0.000000000000000000, 0.000000000000000000, -1.000000000000000000 ) ) ;
#72 = EDGE_LOOP ( 'NONE', ( #2004, #2520, #1585, #5022 ) ) ;
#73 = ORIENTED_EDGE ( 'NONE', *, *, #2733, .T. ) ;
#74 = DATE_AND_TIME ( #4373, #1899 ) ;
#75 = DIRECTION ( 'NONE',  ( -0.000000000000000000, -1.000000000000000000, -0.000000000000000000 ) ) ;
#76 = EDGE_CURVE ( 'NONE', #3155, #1677, #2042, .T. ) ;
#77 = LINE ( 'NONE', #1662, #3995 ) ;
#78 = VERTEX_POINT ( 'NONE', #3218 ) ;
#79 = CARTESIAN_POINT ( 'NONE',  ( 5.087985294887782395, 4.978965517241380034, -2.966664951328113364 ) ) ;
#80 = CYLINDRICAL_SURFACE ( 'NONE', #786, 0.01999999999999992062 ) ;
#81 = LINE ( 'NONE', #4034, #4385 ) ;
#82 = DIRECTION ( 'NONE',  ( 1.000000000000000000, 2.168404344971005170E-17, 0.000000000000000000 ) ) ;
#83 = AXIS2_PLACEMENT_3D ( 'NONE', #4836, #75, #4355 ) ;
#84 = DIRECTION ( 'NONE',  ( 0.000000000000000000, 0.000000000000000000, 1.000000000000000000 ) ) ;
#85 = CARTESIAN_POINT ( 'NONE',  ( 0.000000000000000000, 1.500000000000000444, 0.000000000000000000 ) ) ;
#86 = DIRECTION ( 'NONE',  ( 0.000000000000000000, 0.000000000000000000, -1.000000000000000000 ) ) ;
#87 = PRODUCT_RELATED_PRODUCT_CATEGORY ( 'detail', '', ( #5037 ) ) ;
#88 = LINE ( 'NONE', #772, #4791 ) ;
#89 = ORIENTED_EDGE ( 'NONE', *, *, #1022, .T. ) ;
#90 = VECTOR ( 'NONE', #4946, 1000.000000000000114 ) ;
#91 = CARTESIAN_POINT ( 'NONE',  ( -1.399999999999999911, 6.649999999999999467, -4.549999999999999822 ) ) ;
#92 = CARTESIAN_POINT ( 'NONE',  ( 1.399999999999999689, 12.44809871788125477, -4.429206973128302138 ) ) ;
#93 = CARTESIAN_POINT ( 'NONE',  ( 3.055710216370180365, 1.499999999999999334, 7.013830305757053907 ) ) ;
#94 = AXIS2_PLACEMENT_3D ( 'NONE', #340, #3543, #1513 ) ;
#95 = VERTEX_POINT ( 'NONE', #3579 ) ;
#96 = ORIENTED_EDGE ( 'NONE', *, *, #2430, .T. ) ;
#97 = COORDINATED_UNIVERSAL_TIME_OFFSET ( 7, 0, .BEHIND. ) ;
#98 = CIRCLE ( 'NONE', #3433, 0.01999999999999999695 ) ;
#99 = TOROIDAL_SURFACE ( 'NONE', #2935, 0.1299999999999999767, 0.02000000000000000042 ) ;
#100 = TOROIDAL_SURFACE ( 'NONE', #4589, 5.500000000000000000, 0.5000000000000000000 ) ;
#101 = CARTESIAN_POINT ( 'NONE',  ( -1.400000000000000355, 9.281463325509363926, -8.070837674355974656 ) ) ;
#102 = EDGE_CURVE ( 'NONE', #3111, #4623, #699, .T. ) ;
#103 = DIRECTION ( 'NONE',  ( -0.000000000000000000, 1.000000000000000000, -0.000000000000000000 ) ) ;
#104 = EDGE_CURVE ( 'NONE', #3401, #969, #939, .T. ) ;
#105 = ORIENTED_EDGE ( 'NONE', *, *, #776, .F. ) ;
#106 = ADVANCED_FACE ( 'NONE', ( #3240 ), #4821, .T. ) ;
#107 = DIRECTION ( 'NONE',  ( 0.000000000000000000, 0.7546055221635206145, 0.6561787149247685358 ) ) ;
#108 = LINE ( 'NONE', #4531, #1940 ) ;
#109 = AXIS2_PLACEMENT_3D ( 'NONE', #3357, #1844, #1112 ) ;
#110 = CARTESIAN_POINT ( 'NONE',  ( -7.252000366886311333, 3.200000000000000178, 2.435362535369389292 ) ) ;
#111 = DIRECTION ( 'NONE',  ( 0.000000000000000000, -0.9863939238321438596, -0.1643989873053572914 ) ) ;
#112 = ADVANCED_FACE ( 'NONE', ( #1603 ), #3194, .F. ) ;
#113 = DIRECTION ( 'NONE',  ( -1.000000000000000000, -0.000000000000000000, -0.000000000000000000 ) ) ;
#114 = CARTESIAN_POINT ( 'NONE',  ( 1.379999999999999671, 6.500000000000000000, 4.549999999999999822 ) ) ;
#115 = DIRECTION ( 'NONE',  ( 0.7071067811865477948, -0.000000000000000000, 0.7071067811865473507 ) ) ;
#116 = EDGE_CURVE ( 'NONE', #2050, #1677, #5118, .T. ) ;
#117 = CIRCLE ( 'NONE', #3688, 7.650000000000000355 ) ;
#118 = VERTEX_POINT ( 'NONE', #1623 ) ;
#119 = EDGE_LOOP ( 'NONE', ( #3876, #938, #369, #315 ) ) ;
#120 = VECTOR ( 'NONE', #3126, 1000.000000000000000 ) ;
#121 = CARTESIAN_POINT ( 'NONE',  ( -1.390180519077590882, 6.500000000000000000, 0.8009322421621057897 ) ) ;
#122 = CYLINDRICAL_SURFACE ( 'NONE', #2930, 0.5000000000000004441 ) ;
#123 = DIRECTION ( 'NONE',  ( 0.7071067811865473507, 2.775557561562891351E-17, -0.7071067811865477948 ) ) ;
#124 = VERTEX_POINT ( 'NONE', #3342 ) ;
#125 = ORIENTED_EDGE ( 'NONE', *, *, #1126, .T. ) ;
#126 = DIRECTION ( 'NONE',  ( 0.000000000000000000, 0.000000000000000000, -1.000000000000000000 ) ) ;
#127 = CARTESIAN_POINT ( 'NONE',  ( 4.999999999999999112, 8.000000000000000000, 2.291287847478249429 ) ) ;
#128 = ORIENTED_EDGE ( 'NONE', *, *, #2190, .T. ) ;
#129 = DIRECTION ( 'NONE',  ( 2.438088387897967896E-29, -6.982962677686266711E-15, 1.000000000000000000 ) ) ;
#130 = ADVANCED_FACE ( 'NONE', ( #2512 ), #4141, .F. ) ;
#131 = ADVANCED_FACE ( 'NONE', ( #2169 ), #4898, .T. ) ;
#132 = CARTESIAN_POINT ( 'NONE',  ( -1.400000000000000133, 8.631655426250503638, -4.549999999999998934 ) ) ;
#133 = CARTESIAN_POINT ( 'NONE',  ( 1.379999999999999671, 6.622052172158088723, -0.9406179037940091137 ) ) ;
#134 = CARTESIAN_POINT ( 'NONE',  ( 4.500000000000000000, 1.500000000000000444, 0.000000000000000000 ) ) ;
#135 = VERTEX_POINT ( 'NONE', #528 ) ;
#136 = CIRCLE ( 'NONE', #3390, 0.01999999999999996225 ) ;
#137 = CARTESIAN_POINT ( 'NONE',  ( 0.000000000000000000, 8.000000000000000000, 0.000000000000000000 ) ) ;
#138 = CARTESIAN_POINT ( 'NONE',  ( 0.000000000000000000, 2.775349838536065761, 2.413347685683533417 ) ) ;
#139 = CARTESIAN_POINT ( 'NONE',  ( 1.379999999999999671, 8.759938365018300033, 4.438449618462787072 ) ) ;
#140 = EDGE_LOOP ( 'NONE', ( #3130, #3048 ) ) ;
#141 = ORIENTED_EDGE ( 'NONE', *, *, #1353, .T. ) ;
#142 = CC_DESIGN_APPROVAL ( #30, ( #2315 ) ) ;
#143 = PLANE ( 'NONE',  #4134 ) ;
#144 = CARTESIAN_POINT ( 'NONE',  ( -1.393823247546298383, 6.500000000000000000, 4.508834952051935296 ) ) ;
#145 = VECTOR ( 'NONE', #23, 1000.000000000000000 ) ;
#146 = CARTESIAN_POINT ( 'NONE',  ( 0.000000000000000000, 6.649999999999999467, 4.549999999999999822 ) ) ;
#147 = ORIENTED_EDGE ( 'NONE', *, *, #800, .T. ) ;
#148 = ORIENTED_EDGE ( 'NONE', *, *, #807, .F. ) ;
#149 = ORIENTED_EDGE ( 'NONE', *, *, #2412, .F. ) ;
#150 = CARTESIAN_POINT ( 'NONE',  ( 7.650000000000000355, 0.000000000000000000, 0.000000000000000000 ) ) ;
#151 = CARTESIAN_POINT ( 'NONE',  ( -1.399999999999999689, 6.622052172158088723, 0.9406179037940091137 ) ) ;
#152 = ORGANIZATION ( 'UNSPECIFIED', 'UNSPECIFIED', '' ) ;
#153 = ORIENTED_EDGE ( 'NONE', *, *, #4460, .F. ) ;
#154 = ORIENTED_EDGE ( 'NONE', *, *, #925, .T. ) ;
#155 = APPROVAL_ROLE ( '' ) ;
#156 = DIRECTION ( 'NONE',  ( 0.000000000000000000, 0.000000000000000000, -1.000000000000000000 ) ) ;
#157 = LINE ( 'NONE', #321, #4100 ) ;
#158 = CYLINDRICAL_SURFACE ( 'NONE', #1404, 0.1499999999999999667 ) ;
#159 = CARTESIAN_POINT ( 'NONE',  ( -5.087985294887803711, 4.978965517241379146, 2.966664951328077837 ) ) ;
#160 = ORIENTED_EDGE ( 'NONE', *, *, #3730, .T. ) ;
#161 = DIRECTION ( 'NONE',  ( -0.000000000000000000, 1.000000000000000000, -0.000000000000000000 ) ) ;
#162 = CARTESIAN_POINT ( 'NONE',  ( -1.400000000000000133, 12.48000000000000043, 4.343903740188081564 ) ) ;
#163 = ADVANCED_FACE ( 'NONE', ( #2118 ), #4926, .T. ) ;
#164 = VERTEX_POINT ( 'NONE', #1361 ) ;
#165 = ADVANCED_FACE ( 'NONE', ( #3756 ), #2959, .F. ) ;
#166 = CARTESIAN_POINT ( 'NONE',  ( 1.393823247546297939, 6.500000000000000000, -4.508834952051935296 ) ) ;
#167 = CARTESIAN_POINT ( 'NONE',  ( 0.000000000000000000, 6.500000000000000000, 6.850000000000000533 ) ) ;
#168 = VECTOR ( 'NONE', #841, 1000.000000000000114 ) ;
#169 = CARTESIAN_POINT ( 'NONE',  ( -1.380000000000000115, 9.768344573749498494, 5.400000000000000355 ) ) ;
#170 = ORIENTED_EDGE ( 'NONE', *, *, #1731, .T. ) ;
#171 = ORIENTED_EDGE ( 'NONE', *, *, #4521, .F. ) ;
#172 = VERTEX_POINT ( 'NONE', #2541 ) ;
#173 = AXIS2_PLACEMENT_3D ( 'NONE', #4549, #3463, #1772 ) ;
#174 = AXIS2_PLACEMENT_3D ( 'NONE', #3441, #4627, #1064 ) ;
#175 = DIRECTION ( 'NONE',  ( -1.000000000000000000, 0.000000000000000000, -0.000000000000000000 ) ) ;
#176 = CARTESIAN_POINT ( 'NONE',  ( 4.741006527942212223, 7.947084575471273560, 2.234154015110207947 ) ) ;
#177 = EDGE_CURVE ( 'NONE', #1875, #3544, #1425, .T. ) ;
#178 = ORIENTED_EDGE ( 'NONE', *, *, #4202, .F. ) ;
#179 = ORIENTED_EDGE ( 'NONE', *, *, #3389, .F. ) ;
#180 = DATE_TIME_ROLE ( 'classification_date' ) ;
#181 = AXIS2_PLACEMENT_3D ( 'NONE', #58, #1276, #2957 ) ;
#182 = PRODUCT_RELATED_PRODUCT_CATEGORY ( 'detail', '', ( #1751 ) ) ;
#183 = AXIS2_PLACEMENT_3D ( 'NONE', #2811, #3583, #818 ) ;
#184 = CIRCLE ( 'NONE', #3020, 0.02000000000000005246 ) ;
#185 = LINE ( 'NONE', #4633, #1852 ) ;
#186 = FACE_OUTER_BOUND ( 'NONE', #4879, .T. ) ;
#187 = LINE ( 'NONE', #2593, #4137 ) ;
#188 = CARTESIAN_POINT ( 'NONE',  ( 2.986171345291897872, 3.090000000000000746, 5.107491688851538925 ) ) ;
#189 = ORIENTED_EDGE ( 'NONE', *, *, #3871, .T. ) ;
#190 = CARTESIAN_POINT ( 'NONE',  ( 1.399999999999999689, 12.44809871788125477, -4.429206973128303026 ) ) ;
#191 = DIRECTION ( 'NONE',  ( 0.000000000000000000, 0.000000000000000000, -1.000000000000000000 ) ) ;
#192 = FACE_OUTER_BOUND ( 'NONE', #1689, .T. ) ;
#193 = ORIENTED_EDGE ( 'NONE', *, *, #2699, .F. ) ;
#194 = ADVANCED_FACE ( 'NONE', ( #2879 ), #3727, .F. ) ;
#195 = TOROIDAL_SURFACE ( 'NONE', #3122, 0.1699999999999999845, 0.02000000000000000042 ) ;
#196 = ADVANCED_FACE ( 'NONE', ( #1387 ), #2729, .T. ) ;
#197 = CLOSED_SHELL ( 'NONE', ( #3486, #932, #4422, #5070, #2141, #4792, #2594, #194, #2988, #4903, #1339, #130, #4185, #1638, #3014, #3896, #2524, #2961, #1723, #4284, #2111, #1375, #22, #4688, #1570, #3631, #44, #3512, #614, #4752, #165, #1509, #2505, #265, #455, #4455, #4566, #2105, #1039, #2708, #199, #3351, #3692, #1383, #546, #3697, #4653, #3284, #3574, #112, #2405, #1337, #2176, #3285, #396, #3763, #1660, #5107, #4814, #3328, #3256 ) ) ;
#198 = EDGE_CURVE ( 'NONE', #2642, #1116, #2902, .T. ) ;
#199 = ADVANCED_FACE ( 'NONE', ( #551 ), #4451, .T. ) ;
#200 = CARTESIAN_POINT ( 'NONE',  ( 1.385521695682326193, 6.500000000000000000, -4.534868014339770603 ) ) ;
#201 = AXIS2_PLACEMENT_3D ( 'NONE', #2330, #3913, #1546 ) ;
#202 = CARTESIAN_POINT ( 'NONE',  ( 7.153438812664353996, 3.008506057664686928, -2.712730372333560069 ) ) ;
#203 = DIRECTION ( 'NONE',  ( -0.7071067811865547892, -0.000000000000000000, 0.7071067811865403563 ) ) ;
#204 = VERTEX_POINT ( 'NONE', #159 ) ;
#205 = ORIENTED_EDGE ( 'NONE', *, *, #883, .T. ) ;
#206 = ORIENTED_EDGE ( 'NONE', *, *, #3420, .T. ) ;
#207 = VECTOR ( 'NONE', #5036, 1000.000000000000000 ) ;
#208 = CARTESIAN_POINT ( 'NONE',  ( -1.379999999999999671, 6.500000000000000000, -0.7729309367425445387 ) ) ;
#209 = CARTESIAN_POINT ( 'NONE',  ( 0.000000000000000000, 11.43165542625050612, -5.400000000000000355 ) ) ;
#210 = ADVANCED_FACE ( 'NONE', ( #3651 ), #3312, .T. ) ;
#211 = ORIENTED_EDGE ( 'NONE', *, *, #4845, .F. ) ;
#212 = EDGE_LOOP ( 'NONE', ( #4704, #5054, #2185, #1738 ) ) ;
#213 = APPROVAL_DATE_TIME ( #3032, #4860 ) ;
#214 = DIRECTION ( 'NONE',  ( 8.673617379884035472E-17, 1.880790961315659329E-33, -1.000000000000000000 ) ) ;
#215 = DIRECTION ( 'NONE',  ( 0.000000000000000000, 1.000000000000000000, 0.000000000000000000 ) ) ;
#216 = DIRECTION ( 'NONE',  ( 0.000000000000000000, 1.000000000000000000, 0.000000000000000000 ) ) ;
#217 = ORIENTED_EDGE ( 'NONE', *, *, #3800, .T. ) ;
#218 = DIRECTION ( 'NONE',  ( 1.000000000000000000, 0.000000000000000000, 0.000000000000000000 ) ) ;
#219 = CARTESIAN_POINT ( 'NONE',  ( -2.680182346543768190, 3.063623187575866158, -7.165236767684207919 ) ) ;
#220 = DIRECTION ( 'NONE',  ( 1.000000000000000000, 2.168404344971008252E-17, 8.673617379884035472E-17 ) ) ;
#221 = ORIENTED_EDGE ( 'NONE', *, *, #2110, .F. ) ;
#222 = VECTOR ( 'NONE', #1915, 1000.000000000000114 ) ;
#223 = DIRECTION ( 'NONE',  ( 0.000000000000000000, 0.000000000000000000, -1.000000000000000000 ) ) ;
#224 = DIRECTION ( 'NONE',  ( 0.000000000000000000, -0.7546055221635206145, -0.6561787149247685358 ) ) ;
#225 = DIRECTION ( 'NONE',  ( -1.000000000000000000, 0.000000000000000000, 0.000000000000000000 ) ) ;
#226 = ORIENTED_EDGE ( 'NONE', *, *, #2529, .T. ) ;
#227 = ORIENTED_EDGE ( 'NONE', *, *, #4105, .F. ) ;
#228 = VERTEX_POINT ( 'NONE', #4085 ) ;
#229 = LOCAL_TIME ( 14, 20, 58.00000000000000000, #874 ) ;
#230 = DIRECTION ( 'NONE',  ( 0.7071067811865403563, -1.082467449009526616E-16, 0.7071067811865547892 ) ) ;
#231 = CARTESIAN_POINT ( 'NONE',  ( 0.000000000000000000, 3.000000000000000000, 0.000000000000000000 ) ) ;
#232 = EDGE_CURVE ( 'NONE', #1444, #3350, #3743, .T. ) ;
#233 = ORIENTED_EDGE ( 'NONE', *, *, #3269, .T. ) ;
#234 = EDGE_LOOP ( 'NONE', ( #1635, #360, #4886, #3325, #3822, #4413 ) ) ;
#235 = VECTOR ( 'NONE', #3383, 1000.000000000000000 ) ;
#236 = PERSON_AND_ORGANIZATION_ROLE ( 'classification_officer' ) ;
#237 = EDGE_CURVE ( 'NONE', #4086, #4314, #3938, .T. ) ;
#238 = CIRCLE ( 'NONE', #1573, 0.1299999999999998934 ) ;
#239 = DIRECTION ( 'NONE',  ( -1.000000000000000000, -0.000000000000000000, -0.000000000000000000 ) ) ;
#240 = LINE ( 'NONE', #3422, #3279 ) ;
#241 = CARTESIAN_POINT ( 'NONE',  ( -1.380000000000000115, 9.768344573749503823, 5.549999999999999822 ) ) ;
#242 = EDGE_LOOP ( 'NONE', ( #285, #154, #4628 ) ) ;
#243 = EDGE_LOOP ( 'NONE', ( #4649, #3460, #2998, #3010 ) ) ;
#244 = CYLINDRICAL_SURFACE ( 'NONE', #2307, 0.02000000000000005246 ) ;
#245 = CARTESIAN_POINT ( 'NONE',  ( -1.400000000000000133, 9.670245855868245144, -5.485303232940222706 ) ) ;
#246 = DIRECTION ( 'NONE',  ( 0.000000000000000000, 1.000000000000000000, 0.000000000000000000 ) ) ;
#247 = EDGE_LOOP ( 'NONE', ( #5115, #1845, #668, #667, #696, #1767, #5116, #4859, #4484, #3709, #4001, #1535, #170, #4658 ) ) ;
#248 = CC_DESIGN_PERSON_AND_ORGANIZATION_ASSIGNMENT ( #1883, #3960, ( #4463 ) ) ;
#249 = PLANE ( 'NONE',  #4552 ) ;
#250 = DIRECTION ( 'NONE',  ( 1.000000000000000000, -0.000000000000000000, -0.000000000000000000 ) ) ;
#251 = CARTESIAN_POINT ( 'NONE',  ( -1.380000000000000115, 8.631655426250503638, -4.379999999999998117 ) ) ;
#252 = CIRCLE ( 'NONE', #1173, 0.1499999999999999667 ) ;
#253 = VERTEX_POINT ( 'NONE', #478 ) ;
#254 = ORIENTED_EDGE ( 'NONE', *, *, #4022, .T. ) ;
#255 = ORIENTED_EDGE ( 'NONE', *, *, #1640, .T. ) ;
#256 = AXIS2_PLACEMENT_3D ( 'NONE', #3404, #531, #4062 ) ;
#257 = CARTESIAN_POINT ( 'NONE',  ( -8.150000000000057199, 15.80000000000000071, 0.000000000000000000 ) ) ;
#258 = DIRECTION ( 'NONE',  ( 0.000000000000000000, 0.000000000000000000, -1.000000000000000000 ) ) ;
#259 = AXIS2_PLACEMENT_3D ( 'NONE', #1545, #1130, #3142 ) ;
#260 = VERTEX_POINT ( 'NONE', #188 ) ;
#261 = EDGE_LOOP ( 'NONE', ( #227, #685, #2822, #5060 ) ) ;
#262 = APPROVAL_DATE_TIME ( #3395, #2649 ) ;
#263 = EDGE_CURVE ( 'NONE', #2555, #4599, #3375, .T. ) ;
#264 = ADVANCED_FACE ( 'NONE', ( #2201 ), #282, .T. ) ;
#265 = ADVANCED_FACE ( 'NONE', ( #988 ), #618, .T. ) ;
#266 = EDGE_CURVE ( 'NONE', #1925, #1354, #2355, .T. ) ;
#267 = CARTESIAN_POINT ( 'NONE',  ( 1.379999999999999671, 11.54484625457503277, -5.498426807238717018 ) ) ;
#268 = CYLINDRICAL_SURFACE ( 'NONE', #3610, 0.2000000000000002887 ) ;
#269 = VECTOR ( 'NONE', #597, 1000.000000000000000 ) ;
#270 = CARTESIAN_POINT ( 'NONE',  ( 9.368548013477252244E-16, 8.000000000000000000, 7.650000000000000355 ) ) ;
#271 = ORIENTED_EDGE ( 'NONE', *, *, #2820, .F. ) ;
#272 = CIRCLE ( 'NONE', #1604, 0.1499999999999999667 ) ;
#273 = CIRCLE ( 'NONE', #4588, 7.650000000000000355 ) ;
#274 = CARTESIAN_POINT ( 'NONE',  ( -8.150000000000030553, 8.150000000000000355, 0.000000000000000000 ) ) ;
#275 = FACE_OUTER_BOUND ( 'NONE', #3704, .T. ) ;
#276 = DIRECTION ( 'NONE',  ( -1.000000000000000000, 0.000000000000000000, 0.000000000000000000 ) ) ;
#277 = EDGE_CURVE ( 'NONE', #1542, #2164, #691, .T. ) ;
#278 = ORIENTED_EDGE ( 'NONE', *, *, #2804, .F. ) ;
#279 = CARTESIAN_POINT ( 'NONE',  ( -4.027325123107992511, 4.978965517241379146, 4.027325123107910798 ) ) ;
#280 = LINE ( 'NONE', #1870, #4678 ) ;
#281 = CARTESIAN_POINT ( 'NONE',  ( -1.060660171779822525, 4.585121964646132860E-16, 1.060660171779822525 ) ) ;
#282 = TOROIDAL_SURFACE ( 'NONE', #4093, 0.1299999999999999767, 0.02000000000000000042 ) ;
#283 = ORIENTED_EDGE ( 'NONE', *, *, #4619, .F. ) ;
#284 = VERTEX_POINT ( 'NONE', #2525 ) ;
#285 = ORIENTED_EDGE ( 'NONE', *, *, #4487, .T. ) ;
#286 = CIRCLE ( 'NONE', #1117, 0.01999999999999999695 ) ;
#287 = DIRECTION ( 'NONE',  ( 0.000000000000000000, 0.000000000000000000, 1.000000000000000000 ) ) ;
#288 = CARTESIAN_POINT ( 'NONE',  ( 9.368548013477252244E-16, 0.000000000000000000, 7.650000000000000355 ) ) ;
#289 = DIRECTION ( 'NONE',  ( 0.000000000000000000, 0.7546055221635206145, -0.6561787149247685358 ) ) ;
#290 = AXIS2_PLACEMENT_3D ( 'NONE', #2544, #3291, #4039 ) ;
#291 = ORIENTED_EDGE ( 'NONE', *, *, #1919, .T. ) ;
#292 = ORIENTED_EDGE ( 'NONE', *, *, #1192, .F. ) ;
#293 = APPROVAL_STATUS ( 'not_yet_approved' ) ;
#294 = LINE ( 'NONE', #985, #762 ) ;
#295 = DIRECTION ( 'NONE',  ( 0.000000000000000000, 0.000000000000000000, 1.000000000000000000 ) ) ;
#296 = DIRECTION ( 'NONE',  ( 0.000000000000000000, 0.000000000000000000, 1.000000000000000000 ) ) ;
#297 = EDGE_CURVE ( 'NONE', #2513, #2555, #2609, .T. ) ;
#298 = B_SPLINE_CURVE_WITH_KNOTS ( 'NONE', 3,
 ( #3668, #4816, #3304, #1269, #1245, #4077, #522, #876, #901, #542 ),
 .UNSPECIFIED., .F., .F.,
 ( 4, 2, 2, 2, 4 ),
 ( 4.336808689942017736E-19, 0.0002774483335560873907, 0.0004161725003341309776, 0.0004855345837231528523, 0.0005548966671121746729 ),
 .UNSPECIFIED. ) ;
#299 = VERTEX_POINT ( 'NONE', #4096 ) ;
#300 = ADVANCED_FACE ( 'NONE', ( #1399 ), #4692, .T. ) ;
#301 = CARTESIAN_POINT ( 'NONE',  ( -1.385521695682327969, 6.500000000000000000, -0.7880629224027729807 ) ) ;
#302 = FACE_OUTER_BOUND ( 'NONE', #552, .T. ) ;
#303 = CARTESIAN_POINT ( 'NONE',  ( 2.312024219028204541, 2.048942590553171517, -4.433344562587826054 ) ) ;
#304 = ORIENTED_EDGE ( 'NONE', *, *, #2372, .F. ) ;
#305 = CARTESIAN_POINT ( 'NONE',  ( 2.986171345291897428, 4.950000000000000178, 5.107491688851538925 ) ) ;
#306 = CARTESIAN_POINT ( 'NONE',  ( -1.400000000000000133, 8.631655426250503638, 4.379999999999999893 ) ) ;
#307 = AXIS2_PLACEMENT_3D ( 'NONE', #1890, #4250, #2230 ) ;
#308 = DIRECTION ( 'NONE',  ( 0.000000000000000000, 0.000000000000000000, -1.000000000000000000 ) ) ;
#309 = ORIENTED_EDGE ( 'NONE', *, *, #1519, .T. ) ;
#310 = VERTEX_POINT ( 'NONE', #2579 ) ;
#311 = ORIENTED_EDGE ( 'NONE', *, *, #2794, .F. ) ;
#312 = CARTESIAN_POINT ( 'NONE',  ( -2.969848480983505290, 1.499999999999999556, -7.049999999999998046 ) ) ;
#313 = CARTESIAN_POINT ( 'NONE',  ( 3.870068605369154202, 5.212479532407042093, 3.870068605369151538 ) ) ;
#314 = CARTESIAN_POINT ( 'NONE',  ( -7.296724953260063984, 3.176207172489685870, -2.297891415291847039 ) ) ;
#315 = ORIENTED_EDGE ( 'NONE', *, *, #1510, .F. ) ;
#316 = ORIENTED_EDGE ( 'NONE', *, *, #518, .T. ) ;
#317 = PERSON_AND_ORGANIZATION ( #2197, #152 ) ;
#318 = CC_DESIGN_APPROVAL ( #1561, ( #2397 ) ) ;
#319 = APPROVAL ( #4322, 'UNSPECIFIED' ) ;
#320 = CARTESIAN_POINT ( 'NONE',  ( -4.741034782807846071, 7.947103280109118373, 2.234160359978236254 ) ) ;
#321 = CARTESIAN_POINT ( 'NONE',  ( -1.380000000000000338, 9.296555435952635449, -8.083961248654471632 ) ) ;
#322 = VECTOR ( 'NONE', #5095, 1000.000000000000000 ) ;
#323 = CARTESIAN_POINT ( 'NONE',  ( -1.380000000000000115, 9.670245855868245144, -5.485303232940222706 ) ) ;
#324 = VECTOR ( 'NONE', #3914, 1000.000000000000000 ) ;
#325 = LINE ( 'NONE', #5056, #2972 ) ;
#326 = LINE ( 'NONE', #5083, #585 ) ;
#327 = FACE_OUTER_BOUND ( 'NONE', #1265, .T. ) ;
#328 = ORIENTED_EDGE ( 'NONE', *, *, #342, .F. ) ;
#329 = B_SPLINE_CURVE_WITH_KNOTS ( 'NONE', 3,
 ( #5011, #2657, #536, #2128, #997, #3707, #144, #589, #3322, #4908 ),
 .UNSPECIFIED., .F., .F.,
 ( 4, 3, 3, 4 ),
 ( -2.449489749372115115E-06, 0.000000000000000000, 4.097538642259614431E-05, 8.049306843309046939E-05 ),
 .UNSPECIFIED. ) ;
#330 = CARTESIAN_POINT ( 'NONE',  ( -1.400000000000000133, 12.34999999999999964, 4.343903740188081564 ) ) ;
#331 = CARTESIAN_POINT ( 'NONE',  ( 1.399999999999999689, 12.48000000000000220, -2.027069063257456172 ) ) ;
#332 = EDGE_CURVE ( 'NONE', #3454, #4295, #695, .T. ) ;
#333 = CARTESIAN_POINT ( 'NONE',  ( 2.915460667173242815, 3.090000000000000746, 5.036781010732885200 ) ) ;
#334 = VERTEX_POINT ( 'NONE', #2552 ) ;
#335 = ORIENTED_EDGE ( 'NONE', *, *, #4654, .F. ) ;
#336 = EDGE_LOOP ( 'NONE', ( #3522, #4911, #3333, #4142, #1926, #898, #1737, #822 ) ) ;
#337 = PERSON ( 'NAUO-PER2', 'UNSPECIFIED', 'UNSPECIFIED', ('UNSPECIFIED'), ('UNSPECIFIED'), ('UNSPECIFIED') ) ;
#338 = DIRECTION ( 'NONE',  ( -1.000000000000000000, 0.000000000000000000, 0.000000000000000000 ) ) ;
#339 = DIRECTION ( 'NONE',  ( 0.7071067811865453523, -5.273559366969487158E-17, 0.7071067811865497932 ) ) ;
#340 = CARTESIAN_POINT ( 'NONE',  ( 5.036781010732894082, 4.910000000000000142, -2.915460667173225939 ) ) ;
#341 = VERTEX_POINT ( 'NONE', #896 ) ;
#342 = EDGE_CURVE ( 'NONE', #4288, #2450, #4984, .T. ) ;
#343 = ORIENTED_EDGE ( 'NONE', *, *, #4334, .T. ) ;
#344 = APPROVAL_ROLE ( '' ) ;
#345 = TOROIDAL_SURFACE ( 'NONE', #905, 0.1299999999999999767, 0.02000000000000000042 ) ;
#346 = CARTESIAN_POINT ( 'NONE',  ( 0.000000000000000000, 0.000000000000000000, -7.650000000000000355 ) ) ;
#347 = DIRECTION ( 'NONE',  ( 0.000000000000000000, 0.000000000000000000, -1.000000000000000000 ) ) ;
#348 = DIRECTION ( 'NONE',  ( 0.4876598490941728703, 0.7241379310344820963, -0.4876598490941694286 ) ) ;
#349 = AXIS2_PLACEMENT_3D ( 'NONE', #418, #3962, #735 ) ;
#350 = DIRECTION ( 'NONE',  ( 0.000000000000000000, 0.000000000000000000, 1.000000000000000000 ) ) ;
#351 = DIRECTION ( 'NONE',  ( 0.000000000000000000, 0.000000000000000000, -1.000000000000000000 ) ) ;
#352 = CARTESIAN_POINT ( 'NONE',  ( -1.060660171779809424, 0.000000000000000000, -1.060660171779831629 ) ) ;
#353 = DIRECTION ( 'NONE',  ( 0.000000000000000000, 0.000000000000000000, -1.000000000000000000 ) ) ;
#354 = VECTOR ( 'NONE', #4292, 1000.000000000000000 ) ;
#355 = DIRECTION ( 'NONE',  ( -0.000000000000000000, 0.6561787149247869655, -0.7546055221635044052 ) ) ;
#356 = CIRCLE ( 'NONE', #3264, 0.02000000000000005246 ) ;
#357 = DIRECTION ( 'NONE',  ( 1.000000000000000000, 2.168404344971005170E-17, 0.000000000000000000 ) ) ;
#358 = CARTESIAN_POINT ( 'NONE',  ( 0.000000000000000000, 1.500000000000000444, 0.000000000000000000 ) ) ;
#359 = ORIENTED_EDGE ( 'NONE', *, *, #2043, .F. ) ;
#360 = ORIENTED_EDGE ( 'NONE', *, *, #3352, .T. ) ;
#361 = VERTEX_POINT ( 'NONE', #3385 ) ;
#362 = EDGE_CURVE ( 'NONE', #284, #124, #2946, .T. ) ;
#363 = EDGE_CURVE ( 'NONE', #1046, #1452, #3770, .T. ) ;
#364 = DIRECTION ( 'NONE',  ( -7.968020348514244863E-17, 0.6561787149247862994, 0.7546055221635049604 ) ) ;
#365 = DIRECTION ( 'NONE',  ( -0.8028956459037006610, 0.5961196035938418625, 0.000000000000000000 ) ) ;
#366 = CARTESIAN_POINT ( 'NONE',  ( -7.284988917792943219, 3.116491533522731672, -2.334875965827334365 ) ) ;
#367 = VECTOR ( 'NONE', #308, 1000.000000000000000 ) ;
#368 = ORIENTED_EDGE ( 'NONE', *, *, #3481, .T. ) ;
#369 = ORIENTED_EDGE ( 'NONE', *, *, #1420, .F. ) ;
#370 = DATE_AND_TIME ( #5124, #2234 ) ;
#371 = CARTESIAN_POINT ( 'NONE',  ( 4.843681451127850757, 3.000000000000000000, -4.843681451127848980 ) ) ;
#372 = VECTOR ( 'NONE', #5080, 1000.000000000000000 ) ;
#373 = CARTESIAN_POINT ( 'NONE',  ( -1.379999999999999671, 6.500000000000000000, 0.7729309367425446498 ) ) ;
#374 = AXIS2_PLACEMENT_3D ( 'NONE', #3898, #4332, #3432 ) ;
#375 = CARTESIAN_POINT ( 'NONE',  ( -5.107491688851570011, 4.909999999999999254, 2.986171345291844581 ) ) ;
#376 = DIRECTION ( 'NONE',  ( 0.000000000000000000, 0.000000000000000000, -1.000000000000000000 ) ) ;
#377 = DIRECTION ( 'NONE',  ( 0.7071067811865563435, 0.000000000000000000, -0.7071067811865388020 ) ) ;
#378 = DIRECTION ( 'NONE',  ( 0.000000000000000000, 0.000000000000000000, 1.000000000000000000 ) ) ;
#379 = CARTESIAN_POINT ( 'NONE',  ( -3.018470195263256439, 3.000000000000000000, -7.029319859012494121 ) ) ;
#380 = CARTESIAN_POINT ( 'NONE',  ( -1.380000000000000115, 6.649999999999999467, 4.549999999999999822 ) ) ;
#381 = DIRECTION ( 'NONE',  ( 2.168404344971008252E-17, -1.000000000000000000, -0.000000000000000000 ) ) ;
#382 = EDGE_LOOP ( 'NONE', ( #4650, #1260 ) ) ;
#383 = ORIENTED_EDGE ( 'NONE', *, *, #462, .F. ) ;
#384 = EDGE_LOOP ( 'NONE', ( #1505, #4383, #3587, #1401 ) ) ;
#385 = PLANE ( 'NONE',  #3813 ) ;
#386 = DIRECTION ( 'NONE',  ( -0.000000000000000000, 1.000000000000000000, -0.000000000000000000 ) ) ;
#387 = CARTESIAN_POINT ( 'NONE',  ( -7.171856393899841642, 2.999999999999999556, -2.663767322733573639 ) ) ;
#388 = ORIENTED_EDGE ( 'NONE', *, *, #829, .T. ) ;
#389 = VERTEX_POINT ( 'NONE', #4959 ) ;
#390 = DATE_AND_TIME ( #3084, #2062 ) ;
#391 = CIRCLE ( 'NONE', #4452, 0.02000000000000005246 ) ;
#392 = PLANE ( 'NONE',  #2262 ) ;
#393 = ADVANCED_FACE ( 'NONE', ( #537 ), #4069, .F. ) ;
#394 = CC_DESIGN_APPROVAL ( #4860, ( #3302 ) ) ;
#395 = LINE ( 'NONE', #787, #4731 ) ;
#396 = ADVANCED_FACE ( 'NONE', ( #3791 ), #4910, .F. ) ;
#397 = CIRCLE ( 'NONE', #2402, 7.650000000000000355 ) ;
#398 = LINE ( 'NONE', #1209, #2017 ) ;
#399 = CARTESIAN_POINT ( 'NONE',  ( 4.433344562587833160, 5.951057409446828039, 2.312024219028188554 ) ) ;
#400 = CARTESIAN_POINT ( 'NONE',  ( -5.036781010732915398, 3.090000000000000746, 2.915460667173189968 ) ) ;
#401 = CARTESIAN_POINT ( 'NONE',  ( -1.399999999999999911, 6.500000000000000000, -4.483107698211994396 ) ) ;
#402 = ADVANCED_FACE ( 'NONE', ( #561 ), #2156, .T. ) ;
#403 = CIRCLE ( 'NONE', #2570, 0.09999999999999982514 ) ;
#404 = DIRECTION ( 'NONE',  ( 0.000000000000000000, 1.000000000000000000, 0.000000000000000000 ) ) ;
#405 = LINE ( 'NONE', #2072, #1679 ) ;
#406 = AXIS2_PLACEMENT_3D ( 'NONE', #3470, #3143, #2707 ) ;
#407 = CARTESIAN_POINT ( 'NONE',  ( 1.399999999999999689, 11.43165542625050435, 5.530000000000000249 ) ) ;
#408 = UNCERTAINTY_MEASURE_WITH_UNIT (LENGTH_MEASURE( 1.000000000000000082E-05 ), #33, 'distance_accuracy_value', 'NONE');
#409 = VERTEX_POINT ( 'NONE', #3738 ) ;
#410 = EDGE_LOOP ( 'NONE', ( #1320, #5061, #1138, #1592 ) ) ;
#411 = CC_DESIGN_DATE_AND_TIME_ASSIGNMENT ( #1291, #469, ( #2315 ) ) ;
#412 = CARTESIAN_POINT ( 'NONE',  ( -1.379999999999999671, 6.500000000000000000, 0.7729309367425446498 ) ) ;
#413 = CARTESIAN_POINT ( 'NONE',  ( 5.107491688851539813, 4.950000000000000178, 2.986171345291895651 ) ) ;
#414 = DIRECTION ( 'NONE',  ( 0.000000000000000000, 0.000000000000000000, 1.000000000000000000 ) ) ;
#415 = ORIENTED_EDGE ( 'NONE', *, *, #232, .F. ) ;
#416 = ORIENTED_EDGE ( 'NONE', *, *, #2244, .T. ) ;
#417 = COORDINATED_UNIVERSAL_TIME_OFFSET ( 7, 0, .BEHIND. ) ;
#418 = CARTESIAN_POINT ( 'NONE',  ( 0.000000000000000000, 0.000000000000000000, 5.549999999999999822 ) ) ;
#419 = ADVANCED_FACE ( 'NONE', ( #1764 ), #4272, .T. ) ;
#420 = APPLICATION_PROTOCOL_DEFINITION ( 'international standard', 'config_control_design', 1994, #3903 ) ;
#421 = CIRCLE ( 'NONE', #2256, 0.02000000000000005246 ) ;
#422 = EDGE_CURVE ( 'NONE', #4295, #4852, #514, .T. ) ;
#423 = EDGE_CURVE ( 'NONE', #569, #723, #3457, .T. ) ;
#424 = ADVANCED_FACE ( 'NONE', ( #4648 ), #2030, .T. ) ;
#425 = CARTESIAN_POINT ( 'NONE',  ( 0.000000000000000000, 9.768344573749500270, -5.400000000000000355 ) ) ;
#426 = AXIS2_PLACEMENT_3D ( 'NONE', #2600, #191, #3378 ) ;
#427 = PLANE ( 'NONE',  #3759 ) ;
#428 = PLANE ( 'NONE',  #2451 ) ;
#429 = AXIS2_PLACEMENT_3D ( 'NONE', #4498, #4029, #2109 ) ;
#430 = AXIS2_PLACEMENT_3D ( 'NONE', #3135, #4714, #1148 ) ;
#431 = DIRECTION ( 'NONE',  ( 8.673617379884035472E-17, 0.000000000000000000, -1.000000000000000000 ) ) ;
#432 = EDGE_CURVE ( 'NONE', #1616, #1703, #1686, .T. ) ;
#433 = CARTESIAN_POINT ( 'NONE',  ( -1.379999999999999671, 6.649999999999999467, 0.7729309367425446498 ) ) ;
#434 = AXIS2_PLACEMENT_3D ( 'NONE', #5045, #4318, #5072 ) ;
#435 = AXIS2_PLACEMENT_3D ( 'NONE', #4687, #1088, #5121 ) ;
#436 = DIRECTION ( 'NONE',  ( 0.000000000000000000, 0.000000000000000000, 1.000000000000000000 ) ) ;
#437 = VERTEX_POINT ( 'NONE', #641 ) ;
#438 = VERTEX_POINT ( 'NONE', #1533 ) ;
#439 = AXIS2_PLACEMENT_3D ( 'NONE', #15, #3221, #3242 ) ;
#440 = VECTOR ( 'NONE', #3259, 1000.000000000000000 ) ;
#441 = PLANE ( 'NONE',  #2658 ) ;
#442 = PLANE ( 'NONE',  #2358 ) ;
#443 = DIRECTION ( 'NONE',  ( -0.000000000000000000, -1.000000000000000000, -0.000000000000000000 ) ) ;
#444 = ORIENTED_EDGE ( 'NONE', *, *, #3044, .F. ) ;
#445 = ORIENTED_EDGE ( 'NONE', *, *, #574, .F. ) ;
#446 = CALENDAR_DATE ( 2026, 5, 10 ) ;
#447 = CARTESIAN_POINT ( 'NONE',  ( 5.078412917506966551, 3.200000000000000178, 4.890012498889792170 ) ) ;
#448 =( NAMED_UNIT ( * ) SI_UNIT ( $, .STERADIAN. ) SOLID_ANGLE_UNIT ( ) );
#449 = AXIS2_PLACEMENT_3D ( 'NONE', #1328, #964, #2568 ) ;
#450 = VECTOR ( 'NONE', #5134, 1000.000000000000114 ) ;
#451 = AXIS2_PLACEMENT_3D ( 'NONE', #1325, #573, #3261 ) ;
#452 = CARTESIAN_POINT ( 'NONE',  ( 1.399999999999999689, 9.768344573749498494, 5.400000000000000355 ) ) ;
#453 = CARTESIAN_POINT ( 'NONE',  ( 1.379999999999999671, 6.649999999999999467, -4.400000000000000355 ) ) ;
#454 = CARTESIAN_POINT ( 'NONE',  ( -1.380000000000000115, 8.631655426250503638, -4.549999999999998934 ) ) ;
#455 = ADVANCED_FACE ( 'NONE', ( #2238 ), #5012, .T. ) ;
#456 = CARTESIAN_POINT ( 'NONE',  ( -2.969848480983505290, 1.499999999999999556, -7.049999999999998046 ) ) ;
#457 = VECTOR ( 'NONE', #355, 1000.000000000000114 ) ;
#458 = CARTESIAN_POINT ( 'NONE',  ( -2.179449471770337432, 1.500000000000000444, -4.500000000000000000 ) ) ;
#459 = PLANE ( 'NONE',  #3520 ) ;
#460 = FACE_OUTER_BOUND ( 'NONE', #1534, .T. ) ;
#461 = ORIENTED_EDGE ( 'NONE', *, *, #2190, .F. ) ;
#462 = EDGE_CURVE ( 'NONE', #3897, #4459, #3363, .T. ) ;
#463 = CARTESIAN_POINT ( 'NONE',  ( -1.400000000000000133, 6.500000000000000000, 0.8529309367425446098 ) ) ;
#464 = PLANE ( 'NONE',  #1097 ) ;
#465 = CARTESIAN_POINT ( 'NONE',  ( 7.296724953260060431, 3.200000000000000178, 2.297891415291850148 ) ) ;
#466 = AXIS2_PLACEMENT_3D ( 'NONE', #1645, #3605, #4754 ) ;
#467 = ORIENTED_EDGE ( 'NONE', *, *, #2825, .F. ) ;
#468 = ORIENTED_EDGE ( 'NONE', *, *, #1572, .T. ) ;
#469 = DATE_TIME_ROLE ( 'classification_date' ) ;
#470 = CARTESIAN_POINT ( 'NONE',  ( 1.379999999999999671, 12.34999999999999964, -4.343903740188082452 ) ) ;
#471 = CIRCLE ( 'NONE', #2225, 0.1499999999999999667 ) ;
#472 = ORIENTED_EDGE ( 'NONE', *, *, #4619, .T. ) ;
#473 = DIRECTION ( 'NONE',  ( -0.7071067811865487940, -6.982962677686266711E-15, 0.7071067811865463515 ) ) ;
#474 = CC_DESIGN_DATE_AND_TIME_ASSIGNMENT ( #805, #1636, ( #2397 ) ) ;
#475 = DIRECTION ( 'NONE',  ( 0.000000000000000000, 0.000000000000000000, -1.000000000000000000 ) ) ;
#476 = LINE ( 'NONE', #4506, #4433 ) ;
#477 = FACE_OUTER_BOUND ( 'NONE', #5140, .T. ) ;
#478 = CARTESIAN_POINT ( 'NONE',  ( 1.399999999999999689, 12.37137186834969604, -1.898837853159277334 ) ) ;
#479 = CC_DESIGN_SECURITY_CLASSIFICATION ( #2315, ( #5143 ) ) ;
#480 = FACE_BOUND ( 'NONE', #3741, .T. ) ;
#481 = DIRECTION ( 'NONE',  ( 1.000000000000000000, 2.168404344971008252E-17, 8.673617379884035472E-17 ) ) ;
#482 = DIRECTION ( 'NONE',  ( 0.000000000000000000, 1.000000000000000000, 0.000000000000000000 ) ) ;
#483 = VECTOR ( 'NONE', #364, 1000.000000000000114 ) ;
#484 = DIRECTION ( 'NONE',  ( 0.000000000000000000, 0.000000000000000000, -1.000000000000000000 ) ) ;
#485 = EDGE_LOOP ( 'NONE', ( #592, #730, #5076, #4049 ) ) ;
#486 = EDGE_CURVE ( 'NONE', #3909, #4078, #1779, .T. ) ;
#487 = VECTOR ( 'NONE', #2958, 1000.000000000000000 ) ;
#488 = EDGE_CURVE ( 'NONE', #4091, #2642, #4261, .T. ) ;
#489 = CARTESIAN_POINT ( 'NONE',  ( -1.400000000000000133, 11.52975414413175947, -5.485303232940223594 ) ) ;
#490 = CARTESIAN_POINT ( 'NONE',  ( 3.354592426478618439, 1.601480656498023070, -6.875287884091610735 ) ) ;
#491 = FACE_OUTER_BOUND ( 'NONE', #4289, .T. ) ;
#492 = VERTEX_POINT ( 'NONE', #1057 ) ;
#493 = ORIENTED_EDGE ( 'NONE', *, *, #1446, .F. ) ;
#494 = PERSON_AND_ORGANIZATION ( #2197, #152 ) ;
#495 = CARTESIAN_POINT ( 'NONE',  ( 2.291287847478249429, 8.000000000000000000, 4.999999999999848121 ) ) ;
#496 = DIRECTION ( 'NONE',  ( -1.000000000000000000, -0.000000000000000000, -0.000000000000000000 ) ) ;
#497 = VERTEX_POINT ( 'NONE', #2660 ) ;
#498 = CARTESIAN_POINT ( 'NONE',  ( 0.000000000000000000, 0.000000000000000000, 0.000000000000000000 ) ) ;
#499 = ADVANCED_FACE ( 'NONE', ( #694 ), #195, .T. ) ;
#500 = DIRECTION ( 'NONE',  ( -1.000000000000000000, -2.168404344971008252E-17, 8.673617379884035472E-17 ) ) ;
#501 = FACE_OUTER_BOUND ( 'NONE', #3639, .T. ) ;
#502 = CIRCLE ( 'NONE', #3988, 0.02000000000000005246 ) ;
#503 = CARTESIAN_POINT ( 'NONE',  ( -7.120239627063072341, 3.000000000000000000, 2.798815421262993652 ) ) ;
#504 = DIRECTION ( 'NONE',  ( 0.000000000000000000, 0.7546055221635005195, 0.6561787149247915174 ) ) ;
#505 = VECTOR ( 'NONE', #4015, 1000.000000000000114 ) ;
#506 = DIRECTION ( 'NONE',  ( -1.000000000000000000, -2.168404344971008252E-17, 8.673617379884035472E-17 ) ) ;
#507 = LINE ( 'NONE', #2545, #3174 ) ;
#508 = CARTESIAN_POINT ( 'NONE',  ( -1.400000000000000133, 6.500000000000000000, 0.000000000000000000 ) ) ;
#509 = ORIENTED_EDGE ( 'NONE', *, *, #953, .T. ) ;
#510 = ORIENTED_EDGE ( 'NONE', *, *, #2880, .F. ) ;
#511 = DIRECTION ( 'NONE',  ( 0.000000000000000000, 0.1643989873053274264, 0.9863939238321487446 ) ) ;
#512 = CIRCLE ( 'NONE', #2178, 0.02000000000000005246 ) ;
#513 = ADVANCED_FACE ( 'NONE', ( #1029 ), #2634, .F. ) ;
#514 = LINE ( 'NONE', #5114, #3445 ) ;
#515 = ORIENTED_EDGE ( 'NONE', *, *, #4516, .F. ) ;
#516 = ORIENTED_EDGE ( 'NONE', *, *, #116, .T. ) ;
#517 = APPROVAL_STATUS ( 'not_yet_approved' ) ;
#518 = EDGE_CURVE ( 'NONE', #4593, #538, #2264, .T. ) ;
#519 = CIRCLE ( 'NONE', #1186, 0.1000000000000001443 ) ;
#520 = TOROIDAL_SURFACE ( 'NONE', #3434, 0.1699999999999999845, 0.02000000000000000042 ) ;
#521 = CARTESIAN_POINT ( 'NONE',  ( -1.400000000000000133, 6.500000000000000000, 4.469999999999999751 ) ) ;
#522 = CARTESIAN_POINT ( 'NONE',  ( 2.608461341437267933, 3.116536647565486984, 7.191567056828626292 ) ) ;
#523 = VERTEX_POINT ( 'NONE', #2316 ) ;
#524 = CARTESIAN_POINT ( 'NONE',  ( -1.380000000000000115, 6.649999999999999467, 4.379999999999999893 ) ) ;
#525 = CYLINDRICAL_SURFACE ( 'NONE', #1118, 0.02000000000000005246 ) ;
#526 = VECTOR ( 'NONE', #3323, 1000.000000000000114 ) ;
#527 = DIRECTION ( 'NONE',  ( 0.6936187941687648184, -0.000000000000000000, -0.7203422578024066825 ) ) ;
#528 = CARTESIAN_POINT ( 'NONE',  ( 4.500000000000000000, 7.499999999999998224, 2.179449471770337432 ) ) ;
#529 = ORIENTED_EDGE ( 'NONE', *, *, #4817, .F. ) ;
#530 = CARTESIAN_POINT ( 'NONE',  ( 1.379999999999999449, 9.768344573749500270, -5.549999999999999822 ) ) ;
#531 = DIRECTION ( 'NONE',  ( 1.000000000000000000, 2.168404344971008252E-17, 8.673617379884035472E-17 ) ) ;
#532 = DIRECTION ( 'NONE',  ( 1.000000000000000000, 0.000000000000000000, -0.000000000000000000 ) ) ;
#533 = ORIENTED_EDGE ( 'NONE', *, *, #104, .F. ) ;
#534 = EDGE_LOOP ( 'NONE', ( #731, #593, #3975, #3131 ) ) ;
#535 = CARTESIAN_POINT ( 'NONE',  ( 1.399999999999999689, 0.000000000000000000, 0.000000000000000000 ) ) ;
#536 = CARTESIAN_POINT ( 'NONE',  ( -1.380560112054759037, 6.500000000000000000, 4.548466070008426065 ) ) ;
#537 = FACE_OUTER_BOUND ( 'NONE', #4832, .T. ) ;
#538 = VERTEX_POINT ( 'NONE', #2292 ) ;
#539 = VERTEX_POINT ( 'NONE', #3873 ) ;
#540 = ITEM_DEFINED_TRANSFORMATION ( 'NONE', 'NONE', #3480,  #2326 ) ;
#541 = CARTESIAN_POINT ( 'NONE',  ( -4.027325123107952543, 3.021034482758621298, -4.027325123107949878 ) ) ;
#542 = CARTESIAN_POINT ( 'NONE',  ( 2.571963978632909598, 3.200000000000000178, 7.204686064820227109 ) ) ;
#543 = ORIENTED_EDGE ( 'NONE', *, *, #994, .F. ) ;
#544 = ORIENTED_EDGE ( 'NONE', *, *, #1414, .T. ) ;
#545 = APPROVAL_STATUS ( 'not_yet_approved' ) ;
#546 = ADVANCED_FACE ( 'NONE', ( #3537 ), #1900, .F. ) ;
#547 = CARTESIAN_POINT ( 'NONE',  ( -1.379999999999999893, 12.50000000000000000, 2.027069063257455728 ) ) ;
#548 = CYLINDRICAL_SURFACE ( 'NONE', #1619, 0.1499999999999999667 ) ;
#549 = DIRECTION ( 'NONE',  ( 0.000000000000000000, 0.000000000000000000, 1.000000000000000000 ) ) ;
#550 = EDGE_CURVE ( 'NONE', #260, #4960, #935, .T. ) ;
#551 = FACE_OUTER_BOUND ( 'NONE', #1978, .T. ) ;
#552 = EDGE_LOOP ( 'NONE', ( #1713, #2521, #2610, #1480, #4148, #4962 ) ) ;
#553 = CARTESIAN_POINT ( 'NONE',  ( 0.000000000000000000, 1.499999999999999556, 0.000000000000000000 ) ) ;
#554 = DIRECTION ( 'NONE',  ( 0.000000000000000000, 0.000000000000000000, -1.000000000000000000 ) ) ;
#555 = EDGE_CURVE ( 'NONE', #1421, #1902, #4843, .T. ) ;
#556 = ORIENTED_EDGE ( 'NONE', *, *, #3481, .F. ) ;
#557 = ORIENTED_EDGE ( 'NONE', *, *, #3420, .F. ) ;
#558 = CC_DESIGN_APPROVAL ( #2868, ( #565 ) ) ;
#559 = CARTESIAN_POINT ( 'NONE',  ( 5.087985294887772625, 4.978965517241379146, 2.966664951328128907 ) ) ;
#560 = CARTESIAN_POINT ( 'NONE',  ( 1.379999999999999671, 12.46319082832452629, 4.442330547426800003 ) ) ;
#561 = FACE_OUTER_BOUND ( 'NONE', #410, .T. ) ;
#562 = ORIENTED_EDGE ( 'NONE', *, *, #3868, .F. ) ;
#563 = VERTEX_POINT ( 'NONE', #750 ) ;
#564 = ORIENTED_EDGE ( 'NONE', *, *, #4729, .F. ) ;
#565 = PRODUCT_DEFINITION ( 'UNKNOWN', '', #5050, #2125 ) ;
#566 = AXIS2_PLACEMENT_3D ( 'NONE', #3623, #4895, #129 ) ;
#567 = CARTESIAN_POINT ( 'NONE',  ( -4.046831517071759698, 4.909999999999999254, 4.046831517071677098 ) ) ;
#568 = DIRECTION ( 'NONE',  ( 0.000000000000000000, 0.000000000000000000, -1.000000000000000000 ) ) ;
#569 = VERTEX_POINT ( 'NONE', #3922 ) ;
#570 = ORIENTED_EDGE ( 'NONE', *, *, #1163, .F. ) ;
#571 = COORDINATED_UNIVERSAL_TIME_OFFSET ( 7, 0, .BEHIND. ) ;
#572 = CARTESIAN_POINT ( 'NONE',  ( 1.379999999999999671, 12.48000000000000220, 2.027069063257455728 ) ) ;
#573 = DIRECTION ( 'NONE',  ( 1.000000000000000000, 0.000000000000000000, 0.000000000000000000 ) ) ;
#574 = EDGE_CURVE ( 'NONE', #4526, #1001, #1020, .T. ) ;
#575 = CARTESIAN_POINT ( 'NONE',  ( 2.192314546146025389, 7.763919350724530766, 4.555805433952621719 ) ) ;
#576 = EDGE_CURVE ( 'NONE', #4986, #4593, #3682, .T. ) ;
#577 = DIRECTION ( 'NONE',  ( 1.000000000000000000, 0.000000000000000000, 0.000000000000000000 ) ) ;
#578 = VERTEX_POINT ( 'NONE', #2444 ) ;
#579 = EDGE_CURVE ( 'NONE', #3205, #644, #4353, .T. ) ;
#580 = ADVANCED_FACE ( 'NONE', ( #3611 ), #4336, .T. ) ;
#581 = DIRECTION ( 'NONE',  ( -0.7071067811865473507, -8.049116928532377276E-17, 0.7071067811865477948 ) ) ;
#582 = LINE ( 'NONE', #2173, #4486 ) ;
#583 = CARTESIAN_POINT ( 'NONE',  ( -1.379999999999999449, 0.02644174998362247911, -0.1586504999017351591 ) ) ;
#584 = ORIENTED_EDGE ( 'NONE', *, *, #2799, .T. ) ;
#585 = VECTOR ( 'NONE', #1527, 1000.000000000000000 ) ;
#586 = EDGE_CURVE ( 'NONE', #66, #2617, #1214, .T. ) ;
#587 = CARTESIAN_POINT ( 'NONE',  ( 0.000000000000000000, 6.649999999999999467, -4.549999999999999822 ) ) ;
#588 = PRODUCT_DEFINITION_SHAPE ( 'NONE', 'NONE',  #5145 ) ;
#589 = CARTESIAN_POINT ( 'NONE',  ( -1.397319086605161909, 6.500000000000000000, 4.496202024374977846 ) ) ;
#590 = CARTESIAN_POINT ( 'NONE',  ( 7.279416985118927208, 3.101558808504984110, 2.352227884582229311 ) ) ;
#591 = ORIENTED_EDGE ( 'NONE', *, *, #4037, .F. ) ;
#592 = ORIENTED_EDGE ( 'NONE', *, *, #4241, .T. ) ;
#593 = ORIENTED_EDGE ( 'NONE', *, *, #2253, .F. ) ;
#594 = AXIS2_PLACEMENT_3D ( 'NONE', #470, #496, #2036 ) ;
#595 = CIRCLE ( 'NONE', #1183, 0.1000000000000001443 ) ;
#596 = DIRECTION ( 'NONE',  ( -3.564834783817703950E-17, 0.9863939238321437486, 0.1643989873053572637 ) ) ;
#597 = DIRECTION ( 'NONE',  ( -0.7071067811865473507, 5.551115123125781470E-17, 0.7071067811865477948 ) ) ;
#598 = AXIS2_PLACEMENT_3D ( 'NONE', #380, #2338, #2718 ) ;
#599 = ORIENTED_EDGE ( 'NONE', *, *, #2945, .T. ) ;
#600 = EDGE_LOOP ( 'NONE', ( #827, #1999, #2994, #1560 ) ) ;
#601 = APPROVAL_ROLE ( '' ) ;
#602 = CIRCLE ( 'NONE', #3022, 0.1000000000000001305 ) ;
#603 = VECTOR ( 'NONE', #1140, 1000.000000000000000 ) ;
#604 = CARTESIAN_POINT ( 'NONE',  ( -2.179449471770337432, 7.499999999999998224, -4.500000000000000000 ) ) ;
#605 = DIRECTION ( 'NONE',  ( 0.5120428415488840201, -0.6896551724137937045, -0.5120428415488735840 ) ) ;
#606 = CARTESIAN_POINT ( 'NONE',  ( -1.399999999999999911, 6.649999999999999467, -4.379999999999999893 ) ) ;
#607 = DIRECTION ( 'NONE',  ( -1.000000000000000000, -0.000000000000000000, -0.000000000000000000 ) ) ;
#608 = ORIENTED_EDGE ( 'NONE', *, *, #4403, .F. ) ;
#609 = DIRECTION ( 'NONE',  ( -1.000000000000000000, 0.000000000000000000, 0.000000000000000000 ) ) ;
#610 = DIRECTION ( 'NONE',  ( 0.000000000000000000, 0.000000000000000000, 1.000000000000000000 ) ) ;
#611 = FACE_OUTER_BOUND ( 'NONE', #3076, .T. ) ;
#612 = EDGE_CURVE ( 'NONE', #2726, #4295, #471, .T. ) ;
#613 = ORIENTED_EDGE ( 'NONE', *, *, #2759, .F. ) ;
#614 = ADVANCED_FACE ( 'NONE', ( #1976 ), #1166, .T. ) ;
#615 = CARTESIAN_POINT ( 'NONE',  ( 3.405877273185284881, 1.499999999999999556, -6.849999999999998757 ) ) ;
#616 = CIRCLE ( 'NONE', #1788, 0.1499999999999999667 ) ;
#617 = CARTESIAN_POINT ( 'NONE',  ( -1.380000000000000115, 11.52975414413175947, 5.485303232940222706 ) ) ;
#618 = PLANE ( 'NONE',  #34 ) ;
#619 = EDGE_LOOP ( 'NONE', ( #343, #2739, #1429, #1168 ) ) ;
#620 = EDGE_LOOP ( 'NONE', ( #2031, #153, #1010, #4715 ) ) ;
#621 = ORIENTED_EDGE ( 'NONE', *, *, #623, .F. ) ;
#622 = CALENDAR_DATE ( 2026, 5, 10 ) ;
#623 = EDGE_CURVE ( 'NONE', #3061, #4457, #1649, .T. ) ;
#624 = CIRCLE ( 'NONE', #1959, 0.1499999999999999667 ) ;
#625 = CARTESIAN_POINT ( 'NONE',  ( -4.934344465946485236, 3.000000000000000000, -4.751288740056038407 ) ) ;
#626 = DIRECTION ( 'NONE',  ( 9.817739357990838818E-14, -0.6561787149247684248, -0.7546055221635207255 ) ) ;
#627 = ORIENTED_EDGE ( 'NONE', *, *, #1443, .T. ) ;
#628 = VERTEX_POINT ( 'NONE', #2861 ) ;
#629 = PERSON_AND_ORGANIZATION ( #2197, #152 ) ;
#630 = DIRECTION ( 'NONE',  ( -1.000000000000000000, -0.000000000000000000, -0.000000000000000000 ) ) ;
#631 = CARTESIAN_POINT ( 'NONE',  ( 0.000000000000000000, 0.000000000000000000, -7.650000000000000355 ) ) ;
#632 = CARTESIAN_POINT ( 'NONE',  ( 2.966664951328131128, 3.021034482758621298, 5.087985294887771737 ) ) ;
#633 = ORIENTED_EDGE ( 'NONE', *, *, #1193, .T. ) ;
#634 = DIRECTION ( 'NONE',  ( -1.000000000000000000, -3.491481338843133355E-15, 0.000000000000000000 ) ) ;
#635 = CYLINDRICAL_SURFACE ( 'NONE', #4325, 0.1000000000000001305 ) ;
#636 = VERTEX_POINT ( 'NONE', #3558 ) ;
#637 = CIRCLE ( 'NONE', #5125, 0.01999999999999996225 ) ;
#638 = CARTESIAN_POINT ( 'NONE',  ( 1.380839982702823265, 6.500000000000000000, -4.547699037355532603 ) ) ;
#639 = DIRECTION ( 'NONE',  ( 0.000000000000000000, 0.000000000000000000, -1.000000000000000000 ) ) ;
#640 = EDGE_CURVE ( 'NONE', #1295, #20, #136, .T. ) ;
#641 = CARTESIAN_POINT ( 'NONE',  ( 1.379999999999999671, 9.768344573749498494, 5.549999999999999822 ) ) ;
#642 = VERTEX_POINT ( 'NONE', #3244 ) ;
#643 = ORIENTED_EDGE ( 'NONE', *, *, #2470, .F. ) ;
#644 = VERTEX_POINT ( 'NONE', #2415 ) ;
#645 = EDGE_CURVE ( 'NONE', #2119, #3176, #391, .T. ) ;
#646 = EDGE_CURVE ( 'NONE', #4253, #642, #18, .T. ) ;
#647 = PRODUCT_DEFINITION_FORMATION_WITH_SPECIFIED_SOURCE ( 'ANY', '', #3747, .NOT_KNOWN. ) ;
#648 = CARTESIAN_POINT ( 'NONE',  ( -3.140055051430238109, 1.508506057664685152, 6.976435135045778502 ) ) ;
#649 = CARTESIAN_POINT ( 'NONE',  ( 4.027325123107952543, 4.978965517241379146, 4.027325123107949878 ) ) ;
#650 = EDGE_LOOP ( 'NONE', ( #3847, #929, #2663, #4812, #148, #1829 ) ) ;
#651 = EDGE_LOOP ( 'NONE', ( #1073, #1586, #5141, #2491 ) ) ;
#652 = AXIS2_PLACEMENT_3D ( 'NONE', #4386, #2075, #49 ) ;
#653 = DATE_AND_TIME ( #1744, #3969 ) ;
#654 = AXIS2_PLACEMENT_3D ( 'NONE', #1780, #4999, #549 ) ;
#655 = DIRECTION ( 'NONE',  ( 0.000000000000000000, 0.000000000000000000, -1.000000000000000000 ) ) ;
#656 = DIRECTION ( 'NONE',  ( -0.4876598490941761455, 0.7241379310344824294, 0.4876598490941655983 ) ) ;
#657 = CARTESIAN_POINT ( 'NONE',  ( 2.262975846493154641, 8.000000000000000000, 4.870299948342226237 ) ) ;
#658 = ORIENTED_EDGE ( 'NONE', *, *, #4521, .T. ) ;
#659 = FACE_OUTER_BOUND ( 'NONE', #4887, .T. ) ;
#660 = CARTESIAN_POINT ( 'NONE',  ( -1.399999999999999689, 6.622052172158088723, -0.9406179037940088916 ) ) ;
#661 = LINE ( 'NONE', #3405, #3928 ) ;
#662 = EDGE_LOOP ( 'NONE', ( #3000, #4735, #564, #716 ) ) ;
#663 = DIRECTION ( 'NONE',  ( 0.000000000000000000, 0.000000000000000000, 1.000000000000000000 ) ) ;
#664 = DIRECTION ( 'NONE',  ( 0.000000000000000000, -1.000000000000000000, 0.000000000000000000 ) ) ;
#665 = DIRECTION ( 'NONE',  ( 0.000000000000000000, -0.6561787149247862994, -0.7546055221635049604 ) ) ;
#666 = CIRCLE ( 'NONE', #3580, 0.1299999999999998934 ) ;
#667 = ORIENTED_EDGE ( 'NONE', *, *, #3140, .T. ) ;
#668 = ORIENTED_EDGE ( 'NONE', *, *, #41, .T. ) ;
#669 = EDGE_LOOP ( 'NONE', ( #3360, #4513, #4781, #4230 ) ) ;
#670 = LINE ( 'NONE', #2771, #3156 ) ;
#671 = AXIS2_PLACEMENT_3D ( 'NONE', #2810, #3581, #4359 ) ;
#672 = DIRECTION ( 'NONE',  ( -1.000000000000000000, -3.491481338843133355E-15, 0.000000000000000000 ) ) ;
#673 = EDGE_CURVE ( 'NONE', #3703, #2969, #3965, .T. ) ;
#674 = DIRECTION ( 'NONE',  ( 8.673617379884035472E-17, 1.880790961315659671E-33, -1.000000000000000000 ) ) ;
#675 = EDGE_CURVE ( 'NONE', #4337, #4852, #637, .T. ) ;
#676 = VECTOR ( 'NONE', #3644, 1000.000000000000000 ) ;
#677 = ORIENTED_EDGE ( 'NONE', *, *, #4900, .T. ) ;
#678 = EDGE_LOOP ( 'NONE', ( #1708, #3177, #4970, #2126 ) ) ;
#679 = APPROVAL_DATE_TIME ( #4238, #319 ) ;
#680 = CARTESIAN_POINT ( 'NONE',  ( 1.399999999999999689, 6.500000000000000000, 0.8398232385305505199 ) ) ;
#681 = CIRCLE ( 'NONE', #1762, 0.09999999999999983902 ) ;
#682 = FACE_OUTER_BOUND ( 'NONE', #1782, .T. ) ;
#683 = VECTOR ( 'NONE', #2398, 1000.000000000000114 ) ;
#684 =( NAMED_UNIT ( * ) SI_UNIT ( $, .STERADIAN. ) SOLID_ANGLE_UNIT ( ) );
#685 = ORIENTED_EDGE ( 'NONE', *, *, #2820, .T. ) ;
#686 = CIRCLE ( 'NONE', #4258, 0.1000000000000001443 ) ;
#687 = VECTOR ( 'NONE', #1526, 1000.000000000000000 ) ;
#688 = DIRECTION ( 'NONE',  ( 0.7071067811865402453, 1.263357234918281393E-16, 0.7071067811865547892 ) ) ;
#689 = DIRECTION ( 'NONE',  ( -0.7071067811865474617, 0.000000000000000000, -0.7071067811865474617 ) ) ;
#690 = DIRECTION ( 'NONE',  ( 0.6936187941687647074, -0.000000000000000000, -0.7203422578024066825 ) ) ;
#691 = LINE ( 'NONE', #919, #2449 ) ;
#692 = CARTESIAN_POINT ( 'NONE',  ( 0.000000000000000000, 12.34999999999999964, -2.027069063257456172 ) ) ;
#693 = CYLINDRICAL_SURFACE ( 'NONE', #1013, 0.02000000000000005246 ) ;
#694 = FACE_OUTER_BOUND ( 'NONE', #3300, .T. ) ;
#695 = CIRCLE ( 'NONE', #5013, 0.01999999999999996225 ) ;
#696 = ORIENTED_EDGE ( 'NONE', *, *, #4366, .T. ) ;
#697 = ORIENTED_EDGE ( 'NONE', *, *, #1378, .F. ) ;
#698 = VERTEX_POINT ( 'NONE', #407 ) ;
#699 = CIRCLE ( 'NONE', #4016, 0.1499999999999999667 ) ;
#700 = VECTOR ( 'NONE', #1521, 1000.000000000000000 ) ;
#701 = CARTESIAN_POINT ( 'NONE',  ( -8.150000000000000355, 0.000000000000000000, 0.000000000000000000 ) ) ;
#702 = DIRECTION ( 'NONE',  ( 2.168404344971008252E-17, -1.000000000000000000, 0.000000000000000000 ) ) ;
#703 = PERSON ( 'NAUO-PER1', 'UNSPECIFIED', 'UNSPECIFIED', ('UNSPECIFIED'), ('UNSPECIFIED'), ('UNSPECIFIED') ) ;
#704 = CARTESIAN_POINT ( 'NONE',  ( 2.986171345291897872, 4.909999999999999254, 5.107491688851538925 ) ) ;
#705 = AXIS2_PLACEMENT_3D ( 'NONE', #4609, #605, #1856 ) ;
#706 = ORIENTED_EDGE ( 'NONE', *, *, #2044, .F. ) ;
#707 = VERTEX_POINT ( 'NONE', #1608 ) ;
#708 = APPROVAL_STATUS ( 'not_yet_approved' ) ;
#709 = CARTESIAN_POINT ( 'NONE',  ( -1.400000000000000133, 11.52975414413175947, 5.485303232940221818 ) ) ;
#710 = CARTESIAN_POINT ( 'NONE',  ( -1.399999999999999911, 12.37137186834969604, 1.898837853159276889 ) ) ;
#711 = EDGE_CURVE ( 'NONE', #4154, #1368, #4779, .T. ) ;
#712 = CARTESIAN_POINT ( 'NONE',  ( -1.399999999999999689, 6.500000000000000000, -0.8398232385305504089 ) ) ;
#713 = DIRECTION ( 'NONE',  ( 0.000000000000000000, 1.000000000000000000, 0.000000000000000000 ) ) ;
#714 = CARTESIAN_POINT ( 'NONE',  ( -2.915460667173242815, 4.909999999999999254, -5.036781010732885200 ) ) ;
#715 = EDGE_CURVE ( 'NONE', #361, #2, #4404, .T. ) ;
#716 = ORIENTED_EDGE ( 'NONE', *, *, #2905, .F. ) ;
#717 = CARTESIAN_POINT ( 'NONE',  ( -2.986171345291948942, 4.950000000000000178, 5.107491688851508727 ) ) ;
#718 = ADVANCED_FACE ( 'NONE', ( #460 ), #1259, .T. ) ;
#719 = CARTESIAN_POINT ( 'NONE',  ( 9.368548013477250272E-16, 6.500000000000000000, 7.650000000000000355 ) ) ;
#720 = AXIS2_PLACEMENT_3D ( 'NONE', #4978, #5082, #1074 ) ;
#721 = DIRECTION ( 'NONE',  ( 0.6936187941687647074, 0.000000000000000000, -0.7203422578024065714 ) ) ;
#722 = ORIENTED_EDGE ( 'NONE', *, *, #5043, .T. ) ;
#723 = VERTEX_POINT ( 'NONE', #3655 ) ;
#724 = EDGE_LOOP ( 'NONE', ( #3663, #2874, #697, #1684 ) ) ;
#725 = EDGE_CURVE ( 'NONE', #2726, #3951, #88, .T. ) ;
#726 = CARTESIAN_POINT ( 'NONE',  ( -3.261944826741905334, 1.546453914618039827, -6.919843220402987605 ) ) ;
#727 = PLANE ( 'NONE',  #3758 ) ;
#728 = CARTESIAN_POINT ( 'NONE',  ( -7.261110302808396533, 3.063075121266647827, -2.408386976261427836 ) ) ;
#729 = CC_DESIGN_PERSON_AND_ORGANIZATION_ASSIGNMENT ( #2223, #236, ( #3808 ) ) ;
#730 = ORIENTED_EDGE ( 'NONE', *, *, #781, .F. ) ;
#731 = ORIENTED_EDGE ( 'NONE', *, *, #4331, .T. ) ;
#732 = DATE_TIME_ROLE ( 'creation_date' ) ;
#733 = LOCAL_TIME ( 14, 20, 58.00000000000000000, #784 ) ;
#734 = B_SPLINE_CURVE_WITH_KNOTS ( 'NONE', 3,
 ( #4398, #401, #2438, #4798, #1994, #2761, #767, #1553, #3628, #3987 ),
 .UNSPECIFIED., .F., .F.,
 ( 4, 3, 3, 4 ),
 ( 0.000000000000000000, 3.932309463598233521E-05, 8.009671586239441431E-05, 8.254620561176652350E-05 ),
 .UNSPECIFIED. ) ;
#735 = DIRECTION ( 'NONE',  ( -1.000000000000000000, 0.000000000000000000, 0.000000000000000000 ) ) ;
#736 = DIRECTION ( 'NONE',  ( 1.000000000000000000, 2.168404344971008252E-17, -8.673617379884035472E-17 ) ) ;
#737 = AXIS2_PLACEMENT_3D ( 'NONE', #139, #912, #1305 ) ;
#738 = FACE_BOUND ( 'NONE', #2423, .T. ) ;
#739 = AXIS2_PLACEMENT_3D ( 'NONE', #3603, #2041, #38 ) ;
#740 = EDGE_CURVE ( 'NONE', #3593, #3101, #895, .T. ) ;
#741 = DIRECTION ( 'NONE',  ( -0.000000000000000000, -0.000000000000000000, -1.000000000000000000 ) ) ;
#742 = PLANE ( 'NONE',  #2762 ) ;
#743 = CARTESIAN_POINT ( 'NONE',  ( -1.380000000000000115, 9.768344573749498494, 5.400000000000000355 ) ) ;
#744 = ADVANCED_FACE ( 'NONE', ( #659 ), #2254, .T. ) ;
#745 = EDGE_CURVE ( 'NONE', #1001, #628, #2651, .T. ) ;
#746 = EDGE_CURVE ( 'NONE', #3055, #578, #4625, .T. ) ;
#747 = ORIENTED_EDGE ( 'NONE', *, *, #4273, .F. ) ;
#748 = CARTESIAN_POINT ( 'NONE',  ( -1.400000000000000133, 9.768344573749500270, -5.530000000000000249 ) ) ;
#749 = DIRECTION ( 'NONE',  ( -0.000000000000000000, -1.000000000000000000, -0.000000000000000000 ) ) ;
#750 = CARTESIAN_POINT ( 'NONE',  ( -1.380000000000000338, 9.655153745424975398, -5.498426807238719682 ) ) ;
#751 = ORIENTED_EDGE ( 'NONE', *, *, #1127, .F. ) ;
#752 = ORIENTED_EDGE ( 'NONE', *, *, #1217, .T. ) ;
#753 = ORIENTED_EDGE ( 'NONE', *, *, #1973, .T. ) ;
#754 = FACE_OUTER_BOUND ( 'NONE', #4494, .T. ) ;
#755 = DIRECTION ( 'NONE',  ( -0.6936187941687647074, -0.000000000000000000, 0.7203422578024066825 ) ) ;
#756 = CIRCLE ( 'NONE', #4240, 0.1299999999999998934 ) ;
#757 = ORIENTED_EDGE ( 'NONE', *, *, #555, .F. ) ;
#758 = VERTEX_POINT ( 'NONE', #1103 ) ;
#759 = PERSON_AND_ORGANIZATION ( #2197, #152 ) ;
#760 = VECTOR ( 'NONE', #4197, 1000.000000000000000 ) ;
#761 = CARTESIAN_POINT ( 'NONE',  ( 1.399999999999999689, 6.500000000000000000, 0.8529309367425446098 ) ) ;
#762 = VECTOR ( 'NONE', #4555, 1000.000000000000000 ) ;
#763 = LINE ( 'NONE', #2361, #4342 ) ;
#764 = DIRECTION ( 'NONE',  ( -1.000000000000000000, 0.000000000000000000, 0.000000000000000000 ) ) ;
#765 = DIRECTION ( 'NONE',  ( 1.000000000000000000, -0.000000000000000000, -0.000000000000000000 ) ) ;
#766 = B_SPLINE_CURVE_WITH_KNOTS ( 'NONE', 3,
 ( #3374, #657, #3036, #575, #4610, #3400 ),
 .UNSPECIFIED., .F., .F.,
 ( 4, 2, 4 ),
 ( -6.928927488288963206E-06, 0.0003913249075196660468, 0.0007895787425276210763 ),
 .UNSPECIFIED. ) ;
#767 = CARTESIAN_POINT ( 'NONE',  ( -1.380839982702823709, 6.500000000000000000, -4.547699037355532603 ) ) ;
#768 = VECTOR ( 'NONE', #4024, 1000.000000000000000 ) ;
#769 = AXIS2_PLACEMENT_3D ( 'NONE', #835, #2436, #4008 ) ;
#770 = CARTESIAN_POINT ( 'NONE',  ( 0.000000000000000000, 8.744846254575030287, -4.451573192761281383 ) ) ;
#771 = CARTESIAN_POINT ( 'NONE',  ( -1.380000000000000115, 12.46319082832452629, -4.442330547426800003 ) ) ;
#772 = CARTESIAN_POINT ( 'NONE',  ( -1.399999999999999911, 9.768344573749500270, -5.549999999999999822 ) ) ;
#773 = ORIENTED_EDGE ( 'NONE', *, *, #1828, .T. ) ;
#774 = ORIENTED_EDGE ( 'NONE', *, *, #1271, .T. ) ;
#775 = ORIENTED_EDGE ( 'NONE', *, *, #1859, .F. ) ;
#776 = EDGE_CURVE ( 'NONE', #3559, #3923, #4036, .T. ) ;
#777 = DIRECTION ( 'NONE',  ( 0.7071067811865474617, 0.000000000000000000, 0.7071067811865476838 ) ) ;
#778 = CYLINDRICAL_SURFACE ( 'NONE', #4170, 0.02000000000000005246 ) ;
#779 = CARTESIAN_POINT ( 'NONE',  ( 2.716032430193390912, 3.000000000000000000, 7.343409823653981761 ) ) ;
#780 = AXIS2_PLACEMENT_3D ( 'NONE', #358, #1951, #436 ) ;
#781 = EDGE_CURVE ( 'NONE', #4852, #3212, #1630, .T. ) ;
#782 = EDGE_LOOP ( 'NONE', ( #2476, #3633, #2079, #4904 ) ) ;
#783 = ORIENTED_EDGE ( 'NONE', *, *, #2179, .F. ) ;
#784 = COORDINATED_UNIVERSAL_TIME_OFFSET ( 7, 0, .BEHIND. ) ;
#785 = CARTESIAN_POINT ( 'NONE',  ( -4.499999999999998224, 7.633700821002010528, 2.179449471770337432 ) ) ;
#786 = AXIS2_PLACEMENT_3D ( 'NONE', #4058, #2900, #4113 ) ;
#787 = CARTESIAN_POINT ( 'NONE',  ( -0.000000000000000000, 12.46319082832452629, -4.442330547426800003 ) ) ;
#788 = LINE ( 'NONE', #2384, #1525 ) ;
#789 = LINE ( 'NONE', #2871, #4573 ) ;
#790 = CARTESIAN_POINT ( 'NONE',  ( 1.400000000000000133, 6.500000000000000000, -0.8529309367425446098 ) ) ;
#791 = CC_DESIGN_DATE_AND_TIME_ASSIGNMENT ( #4191, #180, ( #3808 ) ) ;
#792 = FACE_OUTER_BOUND ( 'NONE', #4534, .T. ) ;
#793 = LINE ( 'NONE', #2466, #505 ) ;
#794 = PLANE ( 'NONE',  #2934 ) ;
#795 = DIRECTION ( 'NONE',  ( 1.000000000000000000, 0.000000000000000000, 0.000000000000000000 ) ) ;
#796 = ORIENTED_EDGE ( 'NONE', *, *, #640, .T. ) ;
#797 = ORIENTED_EDGE ( 'NONE', *, *, #4584, .T. ) ;
#798 = CARTESIAN_POINT ( 'NONE',  ( -1.380560112054757926, 6.500000000000000000, 0.7744648667341184067 ) ) ;
#799 = DIRECTION ( 'NONE',  ( -0.5120428415488789131, -0.6896551724137937045, -0.5120428415488786911 ) ) ;
#800 = EDGE_CURVE ( 'NONE', #2642, #2513, #3144, .T. ) ;
#801 = DIRECTION ( 'NONE',  ( 0.000000000000000000, 0.000000000000000000, -1.000000000000000000 ) ) ;
#802 = EDGE_CURVE ( 'NONE', #2492, #3387, #2679, .T. ) ;
#803 = ORIENTED_EDGE ( 'NONE', *, *, #4882, .F. ) ;
#804 = EDGE_LOOP ( 'NONE', ( #2678, #2078, #1516, #613 ) ) ;
#805 = DATE_AND_TIME ( #1658, #809 ) ;
#806 = ADVANCED_FACE ( 'NONE', ( #3498 ), #244, .T. ) ;
#807 = EDGE_CURVE ( 'NONE', #1908, #4960, #3063, .T. ) ;
#808 = FACE_OUTER_BOUND ( 'NONE', #3175, .T. ) ;
#809 = LOCAL_TIME ( 14, 20, 58.00000000000000000, #417 ) ;
#810 = SHAPE_REPRESENTATION_RELATIONSHIP ( 'NONE' , 'NONE' ,  #4443, #4744 ) ;
#811 = EDGE_CURVE ( 'NONE', #2450, #3132, #325, .T. ) ;
#812 = VECTOR ( 'NONE', #777, 1000.000000000000000 ) ;
#813 = CYLINDRICAL_SURFACE ( 'NONE', #4922, 0.02000000000000053471 ) ;
#814 = CARTESIAN_POINT ( 'NONE',  ( 2.798813555956165544, 3.000000000000000000, -7.120240386628898577 ) ) ;
#815 = CARTESIAN_POINT ( 'NONE',  ( 0.000000000000000000, 8.000000000000000000, 0.000000000000000000 ) ) ;
#816 = AXIS2_PLACEMENT_3D ( 'NONE', #860, #1644, #4427 ) ;
#817 = DIRECTION ( 'NONE',  ( 0.000000000000000000, 0.000000000000000000, 1.000000000000000000 ) ) ;
#818 = DIRECTION ( 'NONE',  ( 0.000000000000000000, 0.000000000000000000, 1.000000000000000000 ) ) ;
#819 = LOCAL_TIME ( 14, 20, 58.00000000000000000, #4578 ) ;
#820 = DIRECTION ( 'NONE',  ( 0.000000000000000000, 0.000000000000000000, 1.000000000000000000 ) ) ;
#821 = EDGE_LOOP ( 'NONE', ( #930, #2769, #2258, #2636 ) ) ;
#822 = ORIENTED_EDGE ( 'NONE', *, *, #574, .T. ) ;
#823 = DIRECTION ( 'NONE',  ( 0.000000000000000000, 1.000000000000000000, -0.000000000000000000 ) ) ;
#824 = CARTESIAN_POINT ( 'NONE',  ( 3.262446522120524772, 1.546643593403177031, -6.919607353035441832 ) ) ;
#825 = CARTESIAN_POINT ( 'NONE',  ( 2.312024219028192551, 2.048942590553173293, 4.433344562587834048 ) ) ;
#826 = ORIENTED_EDGE ( 'NONE', *, *, #2577, .T. ) ;
#827 = ORIENTED_EDGE ( 'NONE', *, *, #4529, .F. ) ;
#828 = DATE_AND_TIME ( #2844, #4722 ) ;
#829 = EDGE_CURVE ( 'NONE', #4526, #873, #4640, .T. ) ;
#830 = EDGE_CURVE ( 'NONE', #5098, #3924, #2626, .T. ) ;
#831 = DIRECTION ( 'NONE',  ( 0.7071067811865474617, 0.000000000000000000, 0.7071067811865474617 ) ) ;
#832 =( NAMED_UNIT ( * ) PLANE_ANGLE_UNIT ( ) SI_UNIT ( $, .RADIAN. ) );
#833 = AXIS2_PLACEMENT_3D ( 'NONE', #1449, #4641, #2710 ) ;
#834 = FACE_OUTER_BOUND ( 'NONE', #804, .T. ) ;
#835 = CARTESIAN_POINT ( 'NONE',  ( 0.000000000000000000, 8.631655426250503638, 4.549999999999999822 ) ) ;
#836 = CARTESIAN_POINT ( 'NONE',  ( 0.000000000000000000, 0.000000000000000000, 0.000000000000000000 ) ) ;
#837 = EDGE_CURVE ( 'NONE', #497, #3538, #877, .T. ) ;
#838 = CARTESIAN_POINT ( 'NONE',  ( -4.433344562587856252, 2.048942590553170628, 2.312024219028144145 ) ) ;
#839 = AXIS2_PLACEMENT_3D ( 'NONE', #1411, #1832, #655 ) ;
#840 = AXIS2_PLACEMENT_3D ( 'NONE', #4410, #1613, #3209 ) ;
#841 = DIRECTION ( 'NONE',  ( 0.4876598490941712050, -0.7241379310344822073, 0.4876598490941709274 ) ) ;
#842 = DIRECTION ( 'NONE',  ( 0.000000000000000000, 0.000000000000000000, -1.000000000000000000 ) ) ;
#843 = AXIS2_PLACEMENT_3D ( 'NONE', #1165, #3536, #5137 ) ;
#844 = CIRCLE ( 'NONE', #2435, 0.1000000000000001443 ) ;
#845 = DIRECTION ( 'NONE',  ( 0.000000000000000000, -1.000000000000000000, 0.000000000000000000 ) ) ;
#846 = VERTEX_POINT ( 'NONE', #2990 ) ;
#847 = CIRCLE ( 'NONE', #2440, 0.02000000000000003511 ) ;
#848 = LINE ( 'NONE', #1611, #1061 ) ;
#849 = CARTESIAN_POINT ( 'NONE',  ( 3.302397983560366068, 1.563623187575865048, -6.900591489566306080 ) ) ;
#850 = DIRECTION ( 'NONE',  ( 0.000000000000000000, 0.000000000000000000, -1.000000000000000000 ) ) ;
#851 = B_SPLINE_CURVE_WITH_KNOTS ( 'NONE', 3,
 ( #1391, #4785, #2174, #4464, #894, #1787, #3228, #2890, #93, #871 ),
 .UNSPECIFIED., .F., .F.,
 ( 4, 2, 2, 2, 4 ),
 ( 0.000000000000000000, 7.024607880191202191E-05, 0.0001404921576038240438, 0.0002809843152076474913, 0.0005619686304152965006 ),
 .UNSPECIFIED. ) ;
#852 = ORIENTED_EDGE ( 'NONE', *, *, #1548, .F. ) ;
#853 = ORIENTED_EDGE ( 'NONE', *, *, #745, .F. ) ;
#854 = SHAPE_DEFINITION_REPRESENTATION ( #2550, #3528 ) ;
#855 = DIRECTION ( 'NONE',  ( 0.000000000000000000, 0.000000000000000000, 1.000000000000000000 ) ) ;
#856 = PERSON_AND_ORGANIZATION ( #2197, #152 ) ;
#857 = AXIS2_PLACEMENT_3D ( 'NONE', #137, #1280, #864 ) ;
#858 = CARTESIAN_POINT ( 'NONE',  ( -2.986171345291897428, 4.950000000000000178, -5.107491688851538925 ) ) ;
#859 = CARTESIAN_POINT ( 'NONE',  ( 2.586524759049138922, 3.046453914618040049, -7.199611372740284843 ) ) ;
#860 = CARTESIAN_POINT ( 'NONE',  ( 0.000000000000000000, 8.000000000000000000, 0.000000000000000000 ) ) ;
#861 = CARTESIAN_POINT ( 'NONE',  ( -2.312024219028236960, 2.048942590553174181, 4.433344562587810955 ) ) ;
#862 = AXIS2_PLACEMENT_3D ( 'NONE', #3070, #1078, #2289 ) ;
#863 = EDGE_CURVE ( 'NONE', #3111, #4253, #991, .T. ) ;
#864 = DIRECTION ( 'NONE',  ( 0.000000000000000000, -0.000000000000000000, 1.000000000000000000 ) ) ;
#865 = CARTESIAN_POINT ( 'NONE',  ( -4.999999999999999112, 8.000000000000000000, -2.291287847478249429 ) ) ;
#866 = DIRECTION ( 'NONE',  ( -1.000000000000000000, -2.168404344971008252E-17, -8.673617379884035472E-17 ) ) ;
#867 = DIRECTION ( 'NONE',  ( 1.000000000000000000, 0.000000000000000000, 0.000000000000000000 ) ) ;
#868 = ORIENTED_EDGE ( 'NONE', *, *, #2018, .T. ) ;
#869 = ADVANCED_FACE ( 'NONE', ( #2204 ), #3550, .T. ) ;
#870 = DIRECTION ( 'NONE',  ( 0.000000000000000000, 0.000000000000000000, -1.000000000000000000 ) ) ;
#871 = CARTESIAN_POINT ( 'NONE',  ( 2.969848480983500405, 1.499999999999999556, 7.049999999999999822 ) ) ;
#872 = ORIENTED_EDGE ( 'NONE', *, *, #4845, .T. ) ;
#873 = VERTEX_POINT ( 'NONE', #4590 ) ;
#874 = COORDINATED_UNIVERSAL_TIME_OFFSET ( 7, 0, .BEHIND. ) ;
#875 = DIRECTION ( 'NONE',  ( 0.7071067811865475727, -3.056747976430751789E-16, -0.7071067811865475727 ) ) ;
#876 = CARTESIAN_POINT ( 'NONE',  ( 2.581372568141801604, 3.153668633940835520, 7.201334804540089785 ) ) ;
#877 = CIRCLE ( 'NONE', #720, 0.02000000000000005246 ) ;
#878 = ORIENTED_EDGE ( 'NONE', *, *, #198, .F. ) ;
#879 = LINE ( 'NONE', #3694, #1009 ) ;
#880 = CARTESIAN_POINT ( 'NONE',  ( -1.379999999999999893, 12.37465984809580277, 1.879109974682634077 ) ) ;
#881 = CARTESIAN_POINT ( 'NONE',  ( -7.233617738330952562, 3.101480656498024846, 2.489507632570832296 ) ) ;
#882 = LOCAL_TIME ( 14, 20, 58.00000000000000000, #983 ) ;
#883 = EDGE_CURVE ( 'NONE', #4564, #3593, #4875, .T. ) ;
#884 = FACE_OUTER_BOUND ( 'NONE', #242, .T. ) ;
#885 = DIRECTION ( 'NONE',  ( 0.000000000000000000, 0.000000000000000000, -1.000000000000000000 ) ) ;
#886 = CARTESIAN_POINT ( 'NONE',  ( 0.000000000000000000, 9.296555435952635449, 8.083961248654471632 ) ) ;
#887 = ADVANCED_FACE ( 'NONE', ( #1620 ), #1133, .T. ) ;
#888 = AXIS2_PLACEMENT_3D ( 'NONE', #2211, #527, #4820 ) ;
#889 = ORIENTED_EDGE ( 'NONE', *, *, #2018, .F. ) ;
#890 = VERTEX_POINT ( 'NONE', #3915 ) ;
#891 = CIRCLE ( 'NONE', #739, 0.02000000000000053471 ) ;
#892 = CARTESIAN_POINT ( 'NONE',  ( -2.291287847478249429, 8.000000000000000000, 4.999999999999999112 ) ) ;
#893 = PLANE ( 'NONE',  #2181 ) ;
#894 = CARTESIAN_POINT ( 'NONE',  ( 3.354731286224073905, 1.601558808504983666, 6.875221135459824495 ) ) ;
#895 = B_SPLINE_CURVE_WITH_KNOTS ( 'NONE', 3,
 ( #3949, #3451, #4196, #1469, #301, #4281, #2308, #3891, #712, #3786 ),
 .UNSPECIFIED., .F., .F.,
 ( 4, 3, 3, 4 ),
 ( -2.449489749371383278E-06, 0.000000000000000000, 4.097538642259676095E-05, 8.049306843309084886E-05 ),
 .UNSPECIFIED. ) ;
#896 = CARTESIAN_POINT ( 'NONE',  ( 4.999999999999999112, 8.000000000000000000, 2.291287847478249429 ) ) ;
#897 = ORIENTED_EDGE ( 'NONE', *, *, #1378, .T. ) ;
#898 = ORIENTED_EDGE ( 'NONE', *, *, #3043, .T. ) ;
#899 = APPROVAL_DATE_TIME ( #1244, #1561 ) ;
#900 = CYLINDRICAL_SURFACE ( 'NONE', #3500, 7.650000000000000355 ) ;
#901 = CARTESIAN_POINT ( 'NONE',  ( 2.571963978632909154, 3.176175380897986233, 7.204686064820229774 ) ) ;
#902 = ORIENTED_EDGE ( 'NONE', *, *, #3354, .F. ) ;
#903 = CARTESIAN_POINT ( 'NONE',  ( 4.433344562587834048, 2.048942590553171961, 2.312024219028189886 ) ) ;
#904 = CARTESIAN_POINT ( 'NONE',  ( -4.400384907665015000, 6.000000000000000000, 2.279064564105303337 ) ) ;
#905 = AXIS2_PLACEMENT_3D ( 'NONE', #4211, #3799, #3002 ) ;
#906 = DIRECTION ( 'NONE',  ( -0.000000000000000000, 1.000000000000000000, -0.000000000000000000 ) ) ;
#907 = DIRECTION ( 'NONE',  ( 2.168404344971008252E-17, -1.000000000000000000, 0.000000000000000000 ) ) ;
#908 = EDGE_LOOP ( 'NONE', ( #3788, #2943, #4405, #52 ) ) ;
#909 = AXIS2_PLACEMENT_3D ( 'NONE', #138, #3315, #1332 ) ;
#910 = DIRECTION ( 'NONE',  ( 0.7071067811865474617, 0.000000000000000000, 0.7071067811865474617 ) ) ;
#911 = CARTESIAN_POINT ( 'NONE',  ( -2.571963978632912706, 3.200000000000000178, -7.204686064820227998 ) ) ;
#912 = DIRECTION ( 'NONE',  ( 8.964022892078409004E-14, 0.6561787149247684248, 0.7546055221635205035 ) ) ;
#913 = VECTOR ( 'NONE', #1777, 1000.000000000000000 ) ;
#914 = ORIENTED_EDGE ( 'NONE', *, *, #423, .F. ) ;
#915 = VERTEX_POINT ( 'NONE', #1598 ) ;
#916 = CARTESIAN_POINT ( 'NONE',  ( -2.179449471770337432, 7.499999999999998224, 4.500000000000000000 ) ) ;
#917 = DIRECTION ( 'NONE',  ( 0.4876598490941728148, 0.7241379310344824294, -0.4876598490941689845 ) ) ;
#918 = CIRCLE ( 'NONE', #2269, 0.02000000000000003511 ) ;
#919 = CARTESIAN_POINT ( 'NONE',  ( 1.399999999999999689, 6.500000000000000000, -4.400000000000000355 ) ) ;
#920 = ORIENTED_EDGE ( 'NONE', *, *, #4273, .T. ) ;
#921 = EDGE_CURVE ( 'NONE', #3711, #723, #1968, .T. ) ;
#922 = ORIENTED_EDGE ( 'NONE', *, *, #1491, .F. ) ;
#923 = AXIS2_PLACEMENT_3D ( 'NONE', #617, #4124, #224 ) ;
#924 = AXIS2_PLACEMENT_3D ( 'NONE', #4304, #2333, #5108 ) ;
#925 = EDGE_CURVE ( 'NONE', #5047, #66, #273, .T. ) ;
#926 = CARTESIAN_POINT ( 'NONE',  ( 7.252000366886311333, 3.000000000000000000, -2.435362535369390180 ) ) ;
#927 = EDGE_CURVE ( 'NONE', #2951, #4501, #1529, .T. ) ;
#928 = DIRECTION ( 'NONE',  ( 0.000000000000000000, 0.000000000000000000, 1.000000000000000000 ) ) ;
#929 = ORIENTED_EDGE ( 'NONE', *, *, #4037, .T. ) ;
#930 = ORIENTED_EDGE ( 'NONE', *, *, #4117, .T. ) ;
#931 = PERSON_AND_ORGANIZATION ( #2197, #152 ) ;
#932 = ADVANCED_FACE ( 'NONE', ( #1229, #2830 ), #2781, .F. ) ;
#933 = DIRECTION ( 'NONE',  ( 1.000000000000000000, 0.000000000000000000, 0.000000000000000000 ) ) ;
#934 = LINE ( 'NONE', #2143, #3863 ) ;
#935 = CIRCLE ( 'NONE', #3033, 0.1000000000000001443 ) ;
#936 = CARTESIAN_POINT ( 'NONE',  ( 0.000000000000000000, 6.500000000000000000, 0.000000000000000000 ) ) ;
#937 = CARTESIAN_POINT ( 'NONE',  ( 1.379999999999999671, 0.02644174998362252768, -0.1586504999017351591 ) ) ;
#938 = ORIENTED_EDGE ( 'NONE', *, *, #1271, .F. ) ;
#939 = CIRCLE ( 'NONE', #466, 7.650000000000000355 ) ;
#940 = EDGE_CURVE ( 'NONE', #1116, #4457, #4259, .T. ) ;
#941 = LINE ( 'NONE', #967, #4358 ) ;
#942 = CARTESIAN_POINT ( 'NONE',  ( 1.399999999999999689, 8.631655426250503638, -4.549999999999998934 ) ) ;
#943 = CC_DESIGN_DATE_AND_TIME_ASSIGNMENT ( #4660, #732, ( #1880 ) ) ;
#944 = AXIS2_PLACEMENT_3D ( 'NONE', #4165, #3058, #2226 ) ;
#945 = VERTEX_POINT ( 'NONE', #375 ) ;
#946 = ORIENTED_EDGE ( 'NONE', *, *, #1510, .T. ) ;
#947 = DIRECTION ( 'NONE',  ( -3.564834783817704567E-17, 0.9863939238321438596, -0.1643989873053572914 ) ) ;
#948 = CARTESIAN_POINT ( 'NONE',  ( 1.379999999999999671, 6.500000000000000000, 0.7729309367425446498 ) ) ;
#949 = CARTESIAN_POINT ( 'NONE',  ( 7.203334277753511650, 3.008500636646443294, 2.577311054879312557 ) ) ;
#950 = VERTEX_POINT ( 'NONE', #4773 ) ;
#951 = ORIENTED_EDGE ( 'NONE', *, *, #1640, .F. ) ;
#952 = EDGE_LOOP ( 'NONE', ( #4736, #1308, #4316, #868 ) ) ;
#953 = EDGE_CURVE ( 'NONE', #95, #4459, #398, .T. ) ;
#954 = CYLINDRICAL_SURFACE ( 'NONE', #4906, 0.02000000000000005246 ) ;
#955 = ADVANCED_FACE ( 'NONE', ( #3625 ), #1992, .T. ) ;
#956 = EDGE_CURVE ( 'NONE', #2, #644, #788, .T. ) ;
#957 = EDGE_CURVE ( 'NONE', #3559, #3401, #3190, .T. ) ;
#958 = ORIENTED_EDGE ( 'NONE', *, *, #4729, .T. ) ;
#959 = EDGE_LOOP ( 'NONE', ( #4160, #3077, #852, #2131 ) ) ;
#960 = COORDINATED_UNIVERSAL_TIME_OFFSET ( 7, 0, .BEHIND. ) ;
#961 = CARTESIAN_POINT ( 'NONE',  ( -2.986171345291897872, 4.909999999999999254, -5.107491688851538925 ) ) ;
#962 = DIRECTION ( 'NONE',  ( -0.000000000000000000, -0.000000000000000000, 1.000000000000000000 ) ) ;
#963 = CARTESIAN_POINT ( 'NONE',  ( -4.500000000000000000, 1.500000000000000444, 0.000000000000000000 ) ) ;
#964 = DIRECTION ( 'NONE',  ( -1.000000000000000000, -2.168404344971008252E-17, 8.673617379884035472E-17 ) ) ;
#965 = ORIENTED_EDGE ( 'NONE', *, *, #3051, .F. ) ;
#966 = EDGE_CURVE ( 'NONE', #1001, #2097, #3577, .T. ) ;
#967 = CARTESIAN_POINT ( 'NONE',  ( 2.312024219028202765, 1.500000000000000888, -4.433344562587824278 ) ) ;
#968 = DIRECTION ( 'NONE',  ( 0.000000000000000000, -0.000000000000000000, 1.000000000000000000 ) ) ;
#969 = VERTEX_POINT ( 'NONE', #3145 ) ;
#970 = APPROVAL_PERSON_ORGANIZATION ( #2006, #30, #3213 ) ;
#971 = CARTESIAN_POINT ( 'NONE',  ( 2.263182533822364562, 8.000000000000001776, -4.871246803256983782 ) ) ;
#972 = DIRECTION ( 'NONE',  ( -0.7071067811865474617, 0.000000000000000000, -0.7071067811865474617 ) ) ;
#973 = CIRCLE ( 'NONE', #2826, 0.01999999999999999695 ) ;
#974 = CARTESIAN_POINT ( 'NONE',  ( -3.870068605369154202, 5.212479532407042093, -3.870068605369151538 ) ) ;
#975 = ORIENTED_EDGE ( 'NONE', *, *, #2799, .F. ) ;
#976 = ORIENTED_EDGE ( 'NONE', *, *, #3774, .T. ) ;
#977 = ORIENTED_EDGE ( 'NONE', *, *, #3396, .F. ) ;
#978 = VECTOR ( 'NONE', #1016, 1000.000000000000000 ) ;
#979 = CARTESIAN_POINT ( 'NONE',  ( 1.399999999999999689, 11.43165542625050435, 5.400000000000000355 ) ) ;
#980 = CARTESIAN_POINT ( 'NONE',  ( 4.555805433952622607, 7.763919350724530766, 2.192314546146025389 ) ) ;
#981 = EDGE_LOOP ( 'NONE', ( #633, #3766, #3874, #4108, #4495, #4621, #3449, #2158, #5067, #4246, #4064, #2343, #5000, #3277 ) ) ;
#982 = ORIENTED_EDGE ( 'NONE', *, *, #2306, .F. ) ;
#983 = COORDINATED_UNIVERSAL_TIME_OFFSET ( 7, 0, .BEHIND. ) ;
#984 = ADVANCED_FACE ( 'NONE', ( #834 ), #813, .T. ) ;
#985 = CARTESIAN_POINT ( 'NONE',  ( 0.000000000000000000, 6.500000000000000000, -0.7729309367425445387 ) ) ;
#986 = DIRECTION ( 'NONE',  ( 5.122298795473439605E-17, 0.6561787149247869655, 0.7546055221635044052 ) ) ;
#987 = DIRECTION ( 'NONE',  ( 0.000000000000000000, -0.1643989873053572914, -0.9863939238321437486 ) ) ;
#988 = FACE_OUTER_BOUND ( 'NONE', #2612, .T. ) ;
#989 = ORIENTED_EDGE ( 'NONE', *, *, #1192, .T. ) ;
#990 = EDGE_CURVE ( 'NONE', #1657, #20, #2519, .T. ) ;
#991 = LINE ( 'NONE', #2599, #2052 ) ;
#992 = LINE ( 'NONE', #1366, #3335 ) ;
#993 = CARTESIAN_POINT ( 'NONE',  ( 4.433344562587839377, 5.951057409446828039, -2.312024219028175231 ) ) ;
#994 = EDGE_CURVE ( 'NONE', #538, #3394, #1436, .T. ) ;
#995 = EDGE_LOOP ( 'NONE', ( #2911, #757, #2057, #292 ) ) ;
#996 = CARTESIAN_POINT ( 'NONE',  ( 2.234160359978237143, 7.947103280109118373, -4.741034782807846071 ) ) ;
#997 = CARTESIAN_POINT ( 'NONE',  ( -1.385521695682326637, 6.500000000000000000, 4.534868014339770603 ) ) ;
#998 = DIRECTION ( 'NONE',  ( 0.000000000000000000, 0.000000000000000000, 1.000000000000000000 ) ) ;
#999 = ORIENTED_EDGE ( 'NONE', *, *, #177, .F. ) ;
#1000 = ORIENTED_EDGE ( 'NONE', *, *, #45, .F. ) ;
#1001 = VERTEX_POINT ( 'NONE', #1158 ) ;
#1002 = DATE_AND_TIME ( #1796, #3362 ) ;
#1003 = AXIS2_PLACEMENT_3D ( 'NONE', #4941, #2161, #674 ) ;
#1004 = LINE ( 'NONE', #3775, #1326 ) ;
#1005 = DIRECTION ( 'NONE',  ( 0.000000000000000000, 1.000000000000000000, -0.000000000000000000 ) ) ;
#1006 = CC_DESIGN_PERSON_AND_ORGANIZATION_ASSIGNMENT ( #4135, #1408, ( #3302 ) ) ;
#1007 = AXIS2_PLACEMENT_3D ( 'NONE', #3907, #339, #5096 ) ;
#1008 = ORIENTED_EDGE ( 'NONE', *, *, #422, .T. ) ;
#1009 = VECTOR ( 'NONE', #933, 1000.000000000000000 ) ;
#1010 = ORIENTED_EDGE ( 'NONE', *, *, #4309, .F. ) ;
#1011 = APPROVAL_ROLE ( '' ) ;
#1012 = VECTOR ( 'NONE', #4139, 1000.000000000000000 ) ;
#1013 = AXIS2_PLACEMENT_3D ( 'NONE', #4287, #1582, #357 ) ;
#1014 = FACE_OUTER_BOUND ( 'NONE', #384, .T. ) ;
#1015 = CARTESIAN_POINT ( 'NONE',  ( -5.107491688851539813, 4.950000000000000178, -2.986171345291895651 ) ) ;
#1016 = DIRECTION ( 'NONE',  ( -0.000000000000000000, 1.000000000000000000, -0.000000000000000000 ) ) ;
#1017 = EDGE_LOOP ( 'NONE', ( #5040, #4569, #2979, #2543 ) ) ;
#1018 = CARTESIAN_POINT ( 'NONE',  ( -1.380000000000000115, 11.43165542625050435, 5.400000000000000355 ) ) ;
#1019 = DIRECTION ( 'NONE',  ( 0.000000000000000000, -0.1643989873053274264, -0.9863939238321487446 ) ) ;
#1020 = CIRCLE ( 'NONE', #780, 5.000000000000000000 ) ;
#1021 = DIRECTION ( 'NONE',  ( 0.7071067811865453523, -2.775557561562891043E-17, 0.7071067811865497932 ) ) ;
#1022 = EDGE_CURVE ( 'NONE', #3055, #2722, #763, .T. ) ;
#1023 = EDGE_CURVE ( 'NONE', #642, #3910, #184, .T. ) ;
#1024 = DIRECTION ( 'NONE',  ( 0.000000000000000000, 0.000000000000000000, 1.000000000000000000 ) ) ;
#1025 = EDGE_CURVE ( 'NONE', #1123, #1452, #2956, .T. ) ;
#1026 = CARTESIAN_POINT ( 'NONE',  ( 2.179449471770337876, 7.633700821002010528, -4.499999999999998224 ) ) ;
#1027 = AXIS2_PLACEMENT_3D ( 'NONE', #3035, #3807, #5051 ) ;
#1028 = PLANE ( 'NONE',  #4341 ) ;
#1029 = FACE_OUTER_BOUND ( 'NONE', #3993, .T. ) ;
#1030 = ORIENTED_EDGE ( 'NONE', *, *, #2372, .T. ) ;
#1031 = ORIENTED_EDGE ( 'NONE', *, *, #4721, .F. ) ;
#1032 = ORIENTED_EDGE ( 'NONE', *, *, #953, .F. ) ;
#1033 = APPROVAL_ROLE ( '' ) ;
#1034 = CIRCLE ( 'NONE', #1279, 7.650000000000000355 ) ;
#1035 = EDGE_CURVE ( 'NONE', #1143, #2969, #3648, .T. ) ;
#1036 = DIRECTION ( 'NONE',  ( 0.000000000000000000, 0.000000000000000000, -1.000000000000000000 ) ) ;
#1037 = DIRECTION ( 'NONE',  ( 0.000000000000000000, 0.000000000000000000, 1.000000000000000000 ) ) ;
#1038 = B_SPLINE_CURVE_WITH_KNOTS ( 'NONE', 3,
 ( #604, #3057, #1806, #1069, #3468, #2675 ),
 .UNSPECIFIED., .F., .F.,
 ( 4, 2, 4 ),
 ( 0.000000000000000000, 0.0003953464452561771219, 0.0007906928905123542439 ),
 .UNSPECIFIED. ) ;
#1039 = ADVANCED_FACE ( 'NONE', ( #2538 ), #4082, .F. ) ;
#1040 = ORIENTED_EDGE ( 'NONE', *, *, #1508, .F. ) ;
#1041 = VERTEX_POINT ( 'NONE', #79 ) ;
#1042 = PERSON_AND_ORGANIZATION ( #2197, #152 ) ;
#1043 = DIRECTION ( 'NONE',  ( 0.000000000000000000, 0.000000000000000000, -1.000000000000000000 ) ) ;
#1044 = CARTESIAN_POINT ( 'NONE',  ( 2.969848480983500405, 1.499999999999999556, 7.049999999999999822 ) ) ;
#1045 = PLANE ( 'NONE',  #1157 ) ;
#1046 = VERTEX_POINT ( 'NONE', #4818 ) ;
#1047 = DIRECTION ( 'NONE',  ( 0.000000000000000000, 0.000000000000000000, -1.000000000000000000 ) ) ;
#1048 = FACE_OUTER_BOUND ( 'NONE', #1090, .T. ) ;
#1049 = CARTESIAN_POINT ( 'NONE',  ( 0.000000000000000000, 8.000000000000000000, -7.650000000000000355 ) ) ;
#1050 = ORIENTED_EDGE ( 'NONE', *, *, #4431, .T. ) ;
#1051 = AXIS2_PLACEMENT_3D ( 'NONE', #425, #4748, #1549 ) ;
#1052 = EDGE_CURVE ( 'NONE', #2555, #3853, #847, .T. ) ;
#1053 = EDGE_CURVE ( 'NONE', #2642, #3438, #5002, .T. ) ;
#1054 = CARTESIAN_POINT ( 'NONE',  ( -1.399999999999999911, 12.48000000000000220, -2.027069063257456172 ) ) ;
#1055 = CARTESIAN_POINT ( 'NONE',  ( -2.435362535369392845, 3.200000000000000178, 7.252000366886310445 ) ) ;
#1056 = CC_DESIGN_APPROVAL ( #3497, ( #5050 ) ) ;
#1057 = CARTESIAN_POINT ( 'NONE',  ( 1.399999999999999689, 8.631655426250503638, -4.379999999999998117 ) ) ;
#1058 = EDGE_LOOP ( 'NONE', ( #3509, #797, #3124, #2837 ) ) ;
#1059 = ORIENTED_EDGE ( 'NONE', *, *, #1797, .F. ) ;
#1060 = ORIENTED_EDGE ( 'NONE', *, *, #4331, .F. ) ;
#1061 = VECTOR ( 'NONE', #2495, 1000.000000000000114 ) ;
#1062 = FACE_OUTER_BOUND ( 'NONE', #3184, .T. ) ;
#1063 = CARTESIAN_POINT ( 'NONE',  ( -3.302397983560361183, 1.563623187575864382, 6.900591489566306969 ) ) ;
#1064 = DIRECTION ( 'NONE',  ( -0.7071067811865496822, 0.000000000000000000, 0.7071067811865453523 ) ) ;
#1065 = ORIENTED_EDGE ( 'NONE', *, *, #940, .F. ) ;
#1066 = ORIENTED_EDGE ( 'NONE', *, *, #4782, .T. ) ;
#1067 =( GEOMETRIC_REPRESENTATION_CONTEXT ( 3 ) GLOBAL_UNCERTAINTY_ASSIGNED_CONTEXT ( ( #4362 ) ) GLOBAL_UNIT_ASSIGNED_CONTEXT ( ( #1296, #2458, #4006 ) ) REPRESENTATION_CONTEXT ( 'NONE', 'WORKASPACE' ) );
#1068 = CALENDAR_DATE ( 2026, 5, 10 ) ;
#1069 = CARTESIAN_POINT ( 'NONE',  ( -2.234160359978236698, 7.947103280109118373, -4.741034782807846071 ) ) ;
#1070 = DIRECTION ( 'NONE',  ( -0.7071067811865477948, 0.000000000000000000, -0.7071067811865473507 ) ) ;
#1071 = B_SPLINE_CURVE_WITH_KNOTS ( 'NONE', 3,
 ( #4178, #3736, #2153, #638, #200, #4982, #166, #1761, #2995, #4565 ),
 .UNSPECIFIED., .F., .F.,
 ( 4, 3, 3, 4 ),
 ( -2.449489749372115115E-06, 0.000000000000000000, 4.097538642259614431E-05, 8.049306843309046939E-05 ),
 .UNSPECIFIED. ) ;
#1072 = DIRECTION ( 'NONE',  ( 0.000000000000000000, -0.7546055221634990762, 0.6561787149247930717 ) ) ;
#1073 = ORIENTED_EDGE ( 'NONE', *, *, #198, .T. ) ;
#1074 = DIRECTION ( 'NONE',  ( 0.000000000000000000, 0.000000000000000000, -1.000000000000000000 ) ) ;
#1075 = DIRECTION ( 'NONE',  ( -0.000000000000000000, 1.000000000000000000, -0.000000000000000000 ) ) ;
#1076 = DIRECTION ( 'NONE',  ( 0.000000000000000000, 0.000000000000000000, 1.000000000000000000 ) ) ;
#1077 = ORIENTED_EDGE ( 'NONE', *, *, #1768, .T. ) ;
#1078 = DIRECTION ( 'NONE',  ( -0.000000000000000000, -1.000000000000000000, -0.000000000000000000 ) ) ;
#1079 = DIRECTION ( 'NONE',  ( 0.000000000000000000, 0.000000000000000000, -1.000000000000000000 ) ) ;
#1080 = CARTESIAN_POINT ( 'NONE',  ( 0.000000000000000000, 8.000000000000000000, 0.000000000000000000 ) ) ;
#1081 = CIRCLE ( 'NONE', #1838, 0.1499999999999999667 ) ;
#1082 = ORIENTED_EDGE ( 'NONE', *, *, #3894, .F. ) ;
#1083 = VERTEX_POINT ( 'NONE', #3286 ) ;
#1084 = ORIENTED_EDGE ( 'NONE', *, *, #1724, .T. ) ;
#1085 = CARTESIAN_POINT ( 'NONE',  ( 7.085102807365161404, 3.000000000000000000, -2.885102807365161670 ) ) ;
#1086 = CIRCLE ( 'NONE', #1752, 0.01999999999999999695 ) ;
#1087 = DIRECTION ( 'NONE',  ( 0.000000000000000000, 1.000000000000000000, 0.000000000000000000 ) ) ;
#1088 = DIRECTION ( 'NONE',  ( -1.000000000000000000, -0.000000000000000000, -0.000000000000000000 ) ) ;
#1089 = AXIS2_PLACEMENT_3D ( 'NONE', #447, #2060, #3622 ) ;
#1090 = EDGE_LOOP ( 'NONE', ( #2098, #1794, #125, #2005 ) ) ;
#1091 = EDGE_LOOP ( 'NONE', ( #2535, #3082 ) ) ;
#1092 = PERSON_AND_ORGANIZATION ( #2197, #152 ) ;
#1093 = ADVANCED_FACE ( 'NONE', ( #4475 ), #99, .T. ) ;
#1094 = CIRCLE ( 'NONE', #1343, 0.01999999999999996225 ) ;
#1095 = EDGE_CURVE ( 'NONE', #4960, #4364, #2459, .T. ) ;
#1096 = LINE ( 'NONE', #2224, #913 ) ;
#1097 = AXIS2_PLACEMENT_3D ( 'NONE', #1705, #3997, #2889 ) ;
#1098 = CARTESIAN_POINT ( 'NONE',  ( 1.379999999999999671, 12.48000000000000220, -2.027069063257456172 ) ) ;
#1099 = VECTOR ( 'NONE', #3475, 1000.000000000000000 ) ;
#1100 = DIRECTION ( 'NONE',  ( 1.000000000000000000, 0.000000000000000000, 0.000000000000000000 ) ) ;
#1101 = AXIS2_PLACEMENT_3D ( 'NONE', #572, #475, #4923 ) ;
#1102 = ADVANCED_FACE ( 'NONE', ( #1248 ), #1357, .F. ) ;
#1103 = CARTESIAN_POINT ( 'NONE',  ( 5.107491688851549583, 3.089999999999999858, -2.986171345291879664 ) ) ;
#1104 = CARTESIAN_POINT ( 'NONE',  ( 1.399999999999999689, 12.48000000000000043, -4.343903740188082452 ) ) ;
#1105 = DIRECTION ( 'NONE',  ( 0.000000000000000000, 0.000000000000000000, 1.000000000000000000 ) ) ;
#1106 = EDGE_LOOP ( 'NONE', ( #3037, #3075, #3484, #2910 ) ) ;
#1107 = EDGE_CURVE ( 'NONE', #228, #492, #4112, .T. ) ;
#1108 = CC_DESIGN_PERSON_AND_ORGANIZATION_ASSIGNMENT ( #1356, #1438, ( #4248 ) ) ;
#1109 = DIRECTION ( 'NONE',  ( 0.000000000000000000, 1.000000000000000000, 0.000000000000000000 ) ) ;
#1110 = DIRECTION ( 'NONE',  ( 0.000000000000000000, 0.000000000000000000, -1.000000000000000000 ) ) ;
#1111 = ORGANIZATION ( 'NAUO-ORG3', 'UNSPECIFIED', 'UNSPECIFIED' ) ;
#1112 = DIRECTION ( 'NONE',  ( -8.673617379884035472E-17, -1.880790961315659329E-33, -1.000000000000000000 ) ) ;
#1113 = VECTOR ( 'NONE', #4152, 1000.000000000000114 ) ;
#1114 = ORIENTED_EDGE ( 'NONE', *, *, #3211, .F. ) ;
#1115 = ORIENTED_EDGE ( 'NONE', *, *, #3983, .T. ) ;
#1116 = VERTEX_POINT ( 'NONE', #547 ) ;
#1117 = AXIS2_PLACEMENT_3D ( 'NONE', #2015, #4010, #3554 ) ;
#1118 = AXIS2_PLACEMENT_3D ( 'NONE', #3287, #2983, #1298 ) ;
#1119 = CARTESIAN_POINT ( 'NONE',  ( -1.380000000000000115, 11.52975414413175947, -5.485303232940222706 ) ) ;
#1120 = CYLINDRICAL_SURFACE ( 'NONE', #1007, 0.1000000000000001443 ) ;
#1121 = CARTESIAN_POINT ( 'NONE',  ( -4.999999999999999112, 7.500000000000000000, 0.000000000000000000 ) ) ;
#1122 = VECTOR ( 'NONE', #2740, 1000.000000000000000 ) ;
#1123 = VERTEX_POINT ( 'NONE', #961 ) ;
#1124 = EDGE_LOOP ( 'NONE', ( #2721, #4993, #1933, #3687 ) ) ;
#1125 = APPROVAL_STATUS ( 'not_yet_approved' ) ;
#1126 = EDGE_CURVE ( 'NONE', #4564, #172, #879, .T. ) ;
#1127 = EDGE_CURVE ( 'NONE', #1428, #1908, #4074, .T. ) ;
#1128 = EDGE_CURVE ( 'NONE', #3934, #4788, #2779, .T. ) ;
#1129 = EDGE_CURVE ( 'NONE', #4880, #2813, #3927, .T. ) ;
#1130 = DIRECTION ( 'NONE',  ( 0.000000000000000000, 0.000000000000000000, 1.000000000000000000 ) ) ;
#1131 = CARTESIAN_POINT ( 'NONE',  ( -1.379999999999999893, 12.34999999999999964, -2.027069063257456172 ) ) ;
#1132 = FACE_OUTER_BOUND ( 'NONE', #1615, .T. ) ;
#1133 = CYLINDRICAL_SURFACE ( 'NONE', #1051, 0.1499999999999999667 ) ;
#1134 = FACE_OUTER_BOUND ( 'NONE', #650, .T. ) ;
#1135 = LINE ( 'NONE', #2737, #5003 ) ;
#1136 = AXIS2_PLACEMENT_3D ( 'NONE', #815, #2411, #39 ) ;
#1137 = EDGE_CURVE ( 'NONE', #3924, #1347, #2023, .T. ) ;
#1138 = ORIENTED_EDGE ( 'NONE', *, *, #2431, .F. ) ;
#1139 = CARTESIAN_POINT ( 'NONE',  ( -7.252000366886311333, 3.200000000000000178, 2.435362535369389292 ) ) ;
#1140 = DIRECTION ( 'NONE',  ( 0.7071067811865474617, 0.000000000000000000, 0.7071067811865476838 ) ) ;
#1141 = AXIS2_PLACEMENT_3D ( 'NONE', #1812, #3865, #3426 ) ;
#1142 = MANIFOLD_SOLID_BREP ( 'CirPattern1', #197 ) ;
#1143 = VERTEX_POINT ( 'NONE', #709 ) ;
#1144 = ORIENTED_EDGE ( 'NONE', *, *, #4392, .T. ) ;
#1145 = ORIENTED_EDGE ( 'NONE', *, *, #4654, .T. ) ;
#1146 = CARTESIAN_POINT ( 'NONE',  ( -3.405877273185284881, 1.699999999999999734, -6.849999999999998757 ) ) ;
#1147 = FACE_OUTER_BOUND ( 'NONE', #3442, .T. ) ;
#1148 = DIRECTION ( 'NONE',  ( 0.000000000000000000, 0.000000000000000000, -1.000000000000000000 ) ) ;
#1149 = EDGE_LOOP ( 'NONE', ( #1722, #359, #4938, #1270 ) ) ;
#1150 = ORIENTED_EDGE ( 'NONE', *, *, #1963, .T. ) ;
#1151 = APPROVAL_DATE_TIME ( #4717, #4796 ) ;
#1152 = B_SPLINE_CURVE_WITH_KNOTS ( 'NONE', 3,
 ( #4755, #1190, #2786, #2413, #4800, #865 ),
 .UNSPECIFIED., .F., .F.,
 ( 4, 2, 4 ),
 ( 0.000000000000000000, 0.0003953464452561770677, 0.0007906928905123541355 ),
 .UNSPECIFIED. ) ;
#1153 = CC_DESIGN_APPROVAL ( #1323, ( #1880 ) ) ;
#1154 = DIRECTION ( 'NONE',  ( 0.000000000000000000, 0.000000000000000000, -1.000000000000000000 ) ) ;
#1155 = CIRCLE ( 'NONE', #4221, 7.650000000000000355 ) ;
#1156 = LINE ( 'NONE', #1493, #324 ) ;
#1157 = AXIS2_PLACEMENT_3D ( 'NONE', #963, #1809, #1442 ) ;
#1158 = CARTESIAN_POINT ( 'NONE',  ( -2.179449471770337432, 1.500000000000000444, 4.500000000000000000 ) ) ;
#1159 = CARTESIAN_POINT ( 'NONE',  ( 2.435362535369395953, 8.000000000000000000, -7.252000366886309557 ) ) ;
#1160 = CARTESIAN_POINT ( 'NONE',  ( -4.500000000000000000, 7.500000000000000000, 0.000000000000000000 ) ) ;
#1161 = ADVANCED_FACE ( 'NONE', ( #4996 ), #520, .T. ) ;
#1162 = DIRECTION ( 'NONE',  ( 0.000000000000000000, 0.000000000000000000, 1.000000000000000000 ) ) ;
#1163 = EDGE_CURVE ( 'NONE', #1830, #1616, #2589, .T. ) ;
#1164 = LINE ( 'NONE', #305, #4280 ) ;
#1165 = CARTESIAN_POINT ( 'NONE',  ( 0.000000000000000000, 0.02972972972972967240, -0.1783783783783780552 ) ) ;
#1166 = PLANE ( 'NONE',  #3219 ) ;
#1167 = VERTEX_POINT ( 'NONE', #4663 ) ;
#1168 = ORIENTED_EDGE ( 'NONE', *, *, #5034, .F. ) ;
#1169 = VERTEX_POINT ( 'NONE', #3752 ) ;
#1170 = CARTESIAN_POINT ( 'NONE',  ( -3.405877273185284881, 1.676207172489686537, -6.849999999999997868 ) ) ;
#1171 = DIRECTION ( 'NONE',  ( 0.7071067811865474617, 0.000000000000000000, 0.7071067811865474617 ) ) ;
#1172 = CARTESIAN_POINT ( 'NONE',  ( -4.999999999999999112, 8.000000000000000000, 2.291287847478249429 ) ) ;
#1173 = AXIS2_PLACEMENT_3D ( 'NONE', #2894, #3303, #4497 ) ;
#1174 = ORIENTED_EDGE ( 'NONE', *, *, #5007, .F. ) ;
#1175 = ORIENTED_EDGE ( 'NONE', *, *, #4629, .T. ) ;
#1176 = COORDINATED_UNIVERSAL_TIME_OFFSET ( 7, 0, .BEHIND. ) ;
#1177 = VECTOR ( 'NONE', #3198, 1000.000000000000000 ) ;
#1178 = CC_DESIGN_DATE_AND_TIME_ASSIGNMENT ( #1775, #3370, ( #565 ) ) ;
#1179 = FACE_OUTER_BOUND ( 'NONE', #1196, .T. ) ;
#1180 = CARTESIAN_POINT ( 'NONE',  ( 1.390180519077591104, 6.500000000000000000, -0.8009322421621059007 ) ) ;
#1181 = DIRECTION ( 'NONE',  ( 0.000000000000000000, 1.000000000000000000, -0.000000000000000000 ) ) ;
#1182 = DIRECTION ( 'NONE',  ( -0.000000000000000000, -1.000000000000000000, 0.000000000000000000 ) ) ;
#1183 = AXIS2_PLACEMENT_3D ( 'NONE', #714, #4306, #2286 ) ;
#1184 = CARTESIAN_POINT ( 'NONE',  ( 0.000000000000000000, 1.500000000000000444, 0.000000000000000000 ) ) ;
#1185 = CARTESIAN_POINT ( 'NONE',  ( 1.379999999999999671, 2.790441948979335951, 2.426471259982029505 ) ) ;
#1186 = AXIS2_PLACEMENT_3D ( 'NONE', #5120, #3158, #1171 ) ;
#1187 = VECTOR ( 'NONE', #3007, 1000.000000000000114 ) ;
#1188 = EDGE_CURVE ( 'NONE', #118, #260, #185, .T. ) ;
#1189 = EDGE_CURVE ( 'NONE', #4987, #1858, #2705, .T. ) ;
#1190 = CARTESIAN_POINT ( 'NONE',  ( -4.499999999999998224, 7.633700821002010528, -2.179449471770337432 ) ) ;
#1191 = CARTESIAN_POINT ( 'NONE',  ( 7.248827492908197279, 3.153668633940834187, -2.444832771519089842 ) ) ;
#1192 = EDGE_CURVE ( 'NONE', #5098, #4599, #1605, .T. ) ;
#1193 = EDGE_CURVE ( 'NONE', #253, #2324, #1440, .T. ) ;
#1194 = DIRECTION ( 'NONE',  ( 0.000000000000000000, -0.7546055221635206145, 0.6561787149247685358 ) ) ;
#1195 = ORIENTED_EDGE ( 'NONE', *, *, #4753, .T. ) ;
#1196 = EDGE_LOOP ( 'NONE', ( #1823, #677, #2866, #2138 ) ) ;
#1197 = VERTEX_POINT ( 'NONE', #1855 ) ;
#1198 = DIRECTION ( 'NONE',  ( 1.000000000000000000, -0.000000000000000000, 0.000000000000000000 ) ) ;
#1199 = DIRECTION ( 'NONE',  ( -0.7071067811865451302, 0.000000000000000000, -0.7071067811865500152 ) ) ;
#1200 = DIRECTION ( 'NONE',  ( 0.000000000000000000, -0.7546055221634990762, -0.6561787149247930717 ) ) ;
#1201 = VECTOR ( 'NONE', #5091, 1000.000000000000114 ) ;
#1202 = EDGE_LOOP ( 'NONE', ( #2527, #3319, #643, #4132 ) ) ;
#1203 = EDGE_CURVE ( 'NONE', #4599, #1421, #2274, .T. ) ;
#1204 = VERTEX_POINT ( 'NONE', #3085 ) ;
#1205 = ITEM_DEFINED_TRANSFORMATION ( 'NONE', 'NONE', #1488,  #2326 ) ;
#1206 = DIRECTION ( 'NONE',  ( -0.7071067811865476838, 0.000000000000000000, 0.7071067811865474617 ) ) ;
#1207 = AXIS2_PLACEMENT_3D ( 'NONE', #1098, #295, #5025 ) ;
#1208 = CARTESIAN_POINT ( 'NONE',  ( 0.000000000000000000, 1.499999999999999556, 6.850000000000000533 ) ) ;
#1209 = CARTESIAN_POINT ( 'NONE',  ( -1.380000000000000115, 8.631655426250501861, -4.400000000000000355 ) ) ;
#1210 = CARTESIAN_POINT ( 'NONE',  ( 2.435362535369389292, 3.200000000000000178, -7.252000366886311333 ) ) ;
#1211 = LINE ( 'NONE', #2364, #3199 ) ;
#1212 = FACE_OUTER_BOUND ( 'NONE', #4338, .T. ) ;
#1213 = DIRECTION ( 'NONE',  ( 1.000000000000000000, 2.168404344971008252E-17, 8.673617379884035472E-17 ) ) ;
#1214 = LINE ( 'NONE', #1583, #2472 ) ;
#1215 = ORIENTED_EDGE ( 'NONE', *, *, #3797, .F. ) ;
#1216 = ORIENTED_EDGE ( 'NONE', *, *, #1720, .T. ) ;
#1217 = EDGE_CURVE ( 'NONE', #4858, #3593, #294, .T. ) ;
#1218 = EDGE_CURVE ( 'NONE', #1542, #228, #2508, .T. ) ;
#1219 = DIRECTION ( 'NONE',  ( 1.000000000000000000, 2.168404344971008252E-17, 8.673617379884035472E-17 ) ) ;
#1220 = CARTESIAN_POINT ( 'NONE',  ( 2.969848480983505290, 1.499999999999999556, -7.049999999999998046 ) ) ;
#1221 = PLANE ( 'NONE',  #4582 ) ;
#1222 = ORIENTED_EDGE ( 'NONE', *, *, #4200, .T. ) ;
#1223 = ORIENTED_EDGE ( 'NONE', *, *, #1035, .F. ) ;
#1224 = DATE_TIME_ROLE ( 'creation_date' ) ;
#1225 = LINE ( 'NONE', #4745, #2686 ) ;
#1226 = CC_DESIGN_APPROVAL ( #319, ( #4463 ) ) ;
#1227 = DIRECTION ( 'NONE',  ( 1.000000000000000000, 0.000000000000000000, 0.000000000000000000 ) ) ;
#1228 = VECTOR ( 'NONE', #2446, 1000.000000000000114 ) ;
#1229 = FACE_OUTER_BOUND ( 'NONE', #4466, .T. ) ;
#1230 = CARTESIAN_POINT ( 'NONE',  ( -1.380000000000000115, 9.655153745424975398, 5.498426807238718794 ) ) ;
#1231 = CARTESIAN_POINT ( 'NONE',  ( 3.976120838953064673, 3.090000000000000746, 3.976120838953062009 ) ) ;
#1232 = AXIS2_PLACEMENT_3D ( 'NONE', #1857, #5026, #2168 ) ;
#1233 = APPLICATION_CONTEXT ( 'configuration controlled 3d designs of mechanical parts and assemblies' ) ;
#1234 = CARTESIAN_POINT ( 'NONE',  ( -1.379999999999999671, 12.48000000000000220, -1.196959198423996649E-16 ) ) ;
#1235 = DIRECTION ( 'NONE',  ( 0.000000000000000000, -0.7546055221635044052, -0.6561787149247869655 ) ) ;
#1236 = CC_DESIGN_PERSON_AND_ORGANIZATION_ASSIGNMENT ( #3523, #2301, ( #3747 ) ) ;
#1237 = CARTESIAN_POINT ( 'NONE',  ( -1.380000000000000115, 12.48000000000000220, -4.343903740188082452 ) ) ;
#1238 = ORIENTED_EDGE ( 'NONE', *, *, #3139, .T. ) ;
#1239 = CARTESIAN_POINT ( 'NONE',  ( 1.399999999999999689, 6.500000000000000000, -4.549999999999999822 ) ) ;
#1240 = FACE_OUTER_BOUND ( 'NONE', #4127, .T. ) ;
#1241 = CARTESIAN_POINT ( 'NONE',  ( 0.000000000000000000, 12.50000000000000000, 0.000000000000000000 ) ) ;
#1242 = ORIENTED_EDGE ( 'NONE', *, *, #462, .T. ) ;
#1243 = ORIENTED_EDGE ( 'NONE', *, *, #4815, .T. ) ;
#1244 = DATE_AND_TIME ( #3570, #2650 ) ;
#1245 = CARTESIAN_POINT ( 'NONE',  ( 2.680182346543767746, 3.063623187575865714, 7.165236767684211472 ) ) ;
#1246 = EDGE_CURVE ( 'NONE', #2618, #890, #1096, .T. ) ;
#1247 = AXIS2_PLACEMENT_3D ( 'NONE', #1268, #1182, #5132 ) ;
#1248 = FACE_OUTER_BOUND ( 'NONE', #2311, .T. ) ;
#1249 = CARTESIAN_POINT ( 'NONE',  ( 2.472118714102116588, 3.116491533522731672, -7.239567554180995401 ) ) ;
#1250 = DIRECTION ( 'NONE',  ( 0.000000000000000000, 1.000000000000000000, -0.000000000000000000 ) ) ;
#1251 = DIRECTION ( 'NONE',  ( 1.000000000000000000, 0.000000000000000000, 0.000000000000000000 ) ) ;
#1252 = AXIS2_PLACEMENT_3D ( 'NONE', #1827, #3776, #568 ) ;
#1253 = EDGE_CURVE ( 'NONE', #1347, #3853, #2175, .T. ) ;
#1254 = CIRCLE ( 'NONE', #435, 0.1499999999999999667 ) ;
#1255 = FACE_OUTER_BOUND ( 'NONE', #1373, .T. ) ;
#1256 = CARTESIAN_POINT ( 'NONE',  ( 3.405877273185284881, 1.699999999999999734, -6.849999999999998757 ) ) ;
#1257 = VECTOR ( 'NONE', #1956, 1000.000000000000114 ) ;
#1258 = CIRCLE ( 'NONE', #4171, 0.1000000000000001305 ) ;
#1259 = CYLINDRICAL_SURFACE ( 'NONE', #1888, 7.650000000000000355 ) ;
#1260 = ORIENTED_EDGE ( 'NONE', *, *, #2887, .F. ) ;
#1261 = AXIS2_PLACEMENT_3D ( 'NONE', #1975, #4228, #4260 ) ;
#1262 = DIRECTION ( 'NONE',  ( -0.8028956459037004390, 0.5961196035938423066, 0.000000000000000000 ) ) ;
#1263 = DIRECTION ( 'NONE',  ( 1.000000000000000000, 0.000000000000000000, 0.000000000000000000 ) ) ;
#1264 = DIRECTION ( 'NONE',  ( -3.564834783817704567E-17, 0.9863939238321438596, 0.1643989873053572914 ) ) ;
#1265 = EDGE_LOOP ( 'NONE', ( #2603, #2586, #467, #3415 ) ) ;
#1266 = ORIENTED_EDGE ( 'NONE', *, *, #2945, .F. ) ;
#1267 = SECURITY_CLASSIFICATION_LEVEL ( 'unclassified' ) ;
#1268 = CARTESIAN_POINT ( 'NONE',  ( -1.379999999999999893, 6.649999999999999467, -4.379999999999999893 ) ) ;
#1269 = CARTESIAN_POINT ( 'NONE',  ( 2.721591361078369520, 3.046643593403176808, 7.149647802037663702 ) ) ;
#1270 = ORIENTED_EDGE ( 'NONE', *, *, #4945, .F. ) ;
#1271 = EDGE_CURVE ( 'NONE', #1479, #563, #2249, .T. ) ;
#1272 = ADVANCED_FACE ( 'NONE', ( #1014 ), #3836, .T. ) ;
#1273 = EDGE_CURVE ( 'NONE', #950, #1703, #1038, .T. ) ;
#1274 = VECTOR ( 'NONE', #3886, 1000.000000000000000 ) ;
#1275 = DIRECTION ( 'NONE',  ( 0.000000000000000000, -1.000000000000000000, 0.000000000000000000 ) ) ;
#1276 = DIRECTION ( 'NONE',  ( 0.000000000000000000, 1.000000000000000000, 0.000000000000000000 ) ) ;
#1277 = CARTESIAN_POINT ( 'NONE',  ( -7.199799341529544705, 3.046643593403177697, 2.586003223429774955 ) ) ;
#1278 = DIRECTION ( 'NONE',  ( 0.000000000000000000, -0.000000000000000000, 1.000000000000000000 ) ) ;
#1279 = AXIS2_PLACEMENT_3D ( 'NONE', #4227, #1531, #2388 ) ;
#1280 = DIRECTION ( 'NONE',  ( 0.000000000000000000, 1.000000000000000000, 0.000000000000000000 ) ) ;
#1281 = DIRECTION ( 'NONE',  ( 0.000000000000000000, 0.000000000000000000, 1.000000000000000000 ) ) ;
#1282 = DIRECTION ( 'NONE',  ( -0.7071067811865475727, 0.000000000000000000, 0.7071067811865475727 ) ) ;
#1283 = ORIENTED_EDGE ( 'NONE', *, *, #3197, .F. ) ;
#1284 = ORIENTED_EDGE ( 'NONE', *, *, #1338, .F. ) ;
#1285 = CARTESIAN_POINT ( 'NONE',  ( -1.379999999999999671, 12.50000000000000000, 1.196959198423996649E-16 ) ) ;
#1286 = LINE ( 'NONE', #92, #4415 ) ;
#1287 = DIRECTION ( 'NONE',  ( -0.7071067811865474617, -0.000000000000000000, -0.7071067811865476838 ) ) ;
#1288 = AXIS2_PLACEMENT_3D ( 'NONE', #937, #111, #3263 ) ;
#1289 = VERTEX_POINT ( 'NONE', #2982 ) ;
#1290 = ORIENTED_EDGE ( 'NONE', *, *, #4616, .F. ) ;
#1291 = DATE_AND_TIME ( #1685, #4378 ) ;
#1292 = FACE_OUTER_BOUND ( 'NONE', #3840, .T. ) ;
#1293 = CARTESIAN_POINT ( 'NONE',  ( -3.226782805549720301, 5.626078208432425676, 3.956290731841301422 ) ) ;
#1294 = VECTOR ( 'NONE', #2766, 1000.000000000000000 ) ;
#1295 = VERTEX_POINT ( 'NONE', #4193 ) ;
#1296 =( LENGTH_UNIT ( ) NAMED_UNIT ( * ) SI_UNIT ( .MILLI., .METRE. ) );
#1297 = CARTESIAN_POINT ( 'NONE',  ( 1.390180519077590882, 6.500000000000000000, 0.8009322421621057897 ) ) ;
#1298 = DIRECTION ( 'NONE',  ( 1.000000000000000000, 2.168404344971005170E-17, 0.000000000000000000 ) ) ;
#1299 = DIRECTION ( 'NONE',  ( 0.000000000000000000, 0.000000000000000000, 1.000000000000000000 ) ) ;
#1300 = CARTESIAN_POINT ( 'NONE',  ( 3.226782805549693212, 5.626078208432424788, -3.956290731841324959 ) ) ;
#1301 = EDGE_LOOP ( 'NONE', ( #4811, #1335, #803, #2104 ) ) ;
#1302 = CC_DESIGN_APPROVAL ( #2649, ( #3336 ) ) ;
#1303 = CYLINDRICAL_SURFACE ( 'NONE', #4854, 0.1000000000000001443 ) ;
#1304 = CARTESIAN_POINT ( 'NONE',  ( 0.000000000000000000, 1.500000000000000444, 0.000000000000000000 ) ) ;
#1305 = DIRECTION ( 'NONE',  ( 0.000000000000000000, -0.7546055221635206145, 0.6561787149247685358 ) ) ;
#1306 = AXIS2_PLACEMENT_3D ( 'NONE', #587, #3789, #2522 ) ;
#1307 = ADVANCED_FACE ( 'NONE', ( #3397 ), #1932, .T. ) ;
#1308 = ORIENTED_EDGE ( 'NONE', *, *, #4945, .T. ) ;
#1309 = ORIENTED_EDGE ( 'NONE', *, *, #266, .F. ) ;
#1310 = ADVANCED_FACE ( 'NONE', ( #4974 ), #1989, .T. ) ;
#1311 = AXIS2_PLACEMENT_3D ( 'NONE', #3725, #2985, #3809 ) ;
#1312 = DIRECTION ( 'NONE',  ( -0.7071067811865475727, -3.056747976430751296E-16, 0.7071067811865475727 ) ) ;
#1313 = CARTESIAN_POINT ( 'NONE',  ( 4.999999999999999112, 7.500000000000000000, 0.000000000000000000 ) ) ;
#1314 = DIRECTION ( 'NONE',  ( 0.000000000000000000, 0.000000000000000000, -1.000000000000000000 ) ) ;
#1315 = ORIENTED_EDGE ( 'NONE', *, *, #2407, .T. ) ;
#1316 = ORIENTED_EDGE ( 'NONE', *, *, #1519, .F. ) ;
#1317 = ADVANCED_FACE ( 'NONE', ( #2827 ), #1514, .T. ) ;
#1318 = CARTESIAN_POINT ( 'NONE',  ( -1.380000000000000115, 9.768344573749500270, -5.400000000000000355 ) ) ;
#1319 = CARTESIAN_POINT ( 'NONE',  ( 4.500000000000000000, 1.500000000000000444, 2.179449471770337432 ) ) ;
#1320 = ORIENTED_EDGE ( 'NONE', *, *, #1246, .F. ) ;
#1321 = EDGE_LOOP ( 'NONE', ( #4232, #2960, #3640, #4070 ) ) ;
#1322 = PERSON_AND_ORGANIZATION_ROLE ( 'creator' ) ;
#1323 = APPROVAL ( #293, 'UNSPECIFIED' ) ;
#1324 = CARTESIAN_POINT ( 'NONE',  ( 1.379999999999999671, 12.34999999999999964, -4.343903740188082452 ) ) ;
#1325 = CARTESIAN_POINT ( 'NONE',  ( 1.379999999999999671, 6.649999999999999467, -0.7729309367425445387 ) ) ;
#1326 = VECTOR ( 'NONE', #596, 1000.000000000000114 ) ;
#1327 = CARTESIAN_POINT ( 'NONE',  ( -1.399999999999999911, 12.37137186834969604, -1.898837853159277334 ) ) ;
#1328 = CARTESIAN_POINT ( 'NONE',  ( -1.400000000000000133, 9.768344573749500270, -5.400000000000000355 ) ) ;
#1329 = ORIENTED_EDGE ( 'NONE', *, *, #2817, .T. ) ;
#1330 = AXIS2_PLACEMENT_3D ( 'NONE', #62, #1647, #885 ) ;
#1331 = CARTESIAN_POINT ( 'NONE',  ( -1.400000000000000133, 6.649999999999999467, -4.400000000000000355 ) ) ;
#1332 = DIRECTION ( 'NONE',  ( 0.000000000000000000, -0.6561787149247862994, 0.7546055221635049604 ) ) ;
#1333 = AXIS2_PLACEMENT_3D ( 'NONE', #56, #2919, #928 ) ;
#1334 = EDGE_LOOP ( 'NONE', ( #1815, #3974, #4126, #2159 ) ) ;
#1335 = ORIENTED_EDGE ( 'NONE', *, *, #612, .F. ) ;
#1336 = ADVANCED_FACE ( 'NONE', ( #1179 ), #3188, .T. ) ;
#1337 = ADVANCED_FACE ( 'NONE', ( #3116 ), #2303, .T. ) ;
#1338 = EDGE_CURVE ( 'NONE', #3823, #1830, #4891, .T. ) ;
#1339 = ADVANCED_FACE ( 'NONE', ( #808 ), #2803, .T. ) ;
#1340 = FACE_OUTER_BOUND ( 'NONE', #4206, .T. ) ;
#1341 = AXIS2_PLACEMENT_3D ( 'NONE', #2967, #2939, #972 ) ;
#1342 = DIRECTION ( 'NONE',  ( -0.7071067811865496822, 0.000000000000000000, 0.7071067811865453523 ) ) ;
#1343 = AXIS2_PLACEMENT_3D ( 'NONE', #4992, #626, #289 ) ;
#1344 = CARTESIAN_POINT ( 'NONE',  ( -4.046831517071759698, 0.000000000000000000, 4.046831517071677098 ) ) ;
#1345 = EDGE_LOOP ( 'NONE', ( #105, #3412, #2581, #2916 ) ) ;
#1346 = VERTEX_POINT ( 'NONE', #1912 ) ;
#1347 = VERTEX_POINT ( 'NONE', #761 ) ;
#1348 = DATE_TIME_ROLE ( 'classification_date' ) ;
#1349 = CIRCLE ( 'NONE', #2614, 0.1299999999999998934 ) ;
#1350 = AXIS2_PLACEMENT_3D ( 'NONE', #4164, #3859, #2621 ) ;
#1351 = DIRECTION ( 'NONE',  ( 0.000000000000000000, 0.000000000000000000, 1.000000000000000000 ) ) ;
#1352 = CARTESIAN_POINT ( 'NONE',  ( -1.379999999999999893, 8.744846254575030287, -4.451573192761281383 ) ) ;
#1353 = EDGE_CURVE ( 'NONE', #4899, #3155, #1225, .T. ) ;
#1354 = VERTEX_POINT ( 'NONE', #2730 ) ;
#1355 = ORIENTED_EDGE ( 'NONE', *, *, #1409, .T. ) ;
#1356 = PERSON_AND_ORGANIZATION ( #2197, #152 ) ;
#1357 = CYLINDRICAL_SURFACE ( 'NONE', #3765, 0.1999999999999996503 ) ;
#1358 = DIRECTION ( 'NONE',  ( 3.552713678800500929E-15, 0.000000000000000000, 1.000000000000000000 ) ) ;
#1359 = AXIS2_PLACEMENT_3D ( 'NONE', #169, #2184, #3023 ) ;
#1360 = FACE_OUTER_BOUND ( 'NONE', #3821, .T. ) ;
#1361 = CARTESIAN_POINT ( 'NONE',  ( -5.087985294887773513, 3.021034482758621298, -2.966664951328128907 ) ) ;
#1362 = VERTEX_POINT ( 'NONE', #2329 ) ;
#1363 = AXIS2_PLACEMENT_3D ( 'NONE', #4726, #3968, #1162 ) ;
#1364 = CIRCLE ( 'NONE', #2035, 0.1499999999999999667 ) ;
#1365 = CARTESIAN_POINT ( 'NONE',  ( -1.380000000000000115, 12.34999999999999964, -4.343903740188082452 ) ) ;
#1366 = CARTESIAN_POINT ( 'NONE',  ( 3.405877273185280885, 1.499999999999999556, 6.850000000000000533 ) ) ;
#1367 = AXIS2_PLACEMENT_3D ( 'NONE', #330, #4645, #3046 ) ;
#1368 = VERTEX_POINT ( 'NONE', #5079 ) ;
#1369 = DIRECTION ( 'NONE',  ( -0.000000000000000000, 1.000000000000000000, -0.000000000000000000 ) ) ;
#1370 = CARTESIAN_POINT ( 'NONE',  ( -8.150000000000003908, 0.5000000000000004441, 9.368548013477252244E-16 ) ) ;
#1371 = CARTESIAN_POINT ( 'NONE',  ( 7.296724953260060431, 3.200000000000000178, 2.297891415291850148 ) ) ;
#1372 = VERTEX_POINT ( 'NONE', #346 ) ;
#1373 = EDGE_LOOP ( 'NONE', ( #2319, #4927, #2055, #853 ) ) ;
#1374 = ORIENTED_EDGE ( 'NONE', *, *, #5126, .T. ) ;
#1375 = ADVANCED_FACE ( 'NONE', ( #3912 ), #392, .F. ) ;
#1376 = DIRECTION ( 'NONE',  ( -0.5120428415488792462, 0.6896551724137933714, -0.5120428415488789131 ) ) ;
#1377 = DIRECTION ( 'NONE',  ( 0.000000000000000000, 1.000000000000000000, -0.000000000000000000 ) ) ;
#1378 = EDGE_CURVE ( 'NONE', #873, #389, #31, .T. ) ;
#1379 = PRODUCT_DEFINITION_SHAPE ( 'NONE', 'NONE',  #5144 ) ;
#1380 = ORIENTED_EDGE ( 'NONE', *, *, #4249, .T. ) ;
#1381 = EDGE_LOOP ( 'NONE', ( #4873, #556, #1145, #1174 ) ) ;
#1382 = APPROVAL_STATUS ( 'not_yet_approved' ) ;
#1383 = ADVANCED_FACE ( 'NONE', ( #5102 ), #4719, .T. ) ;
#1384 = VECTOR ( 'NONE', #1861, 1000.000000000000000 ) ;
#1385 = DIRECTION ( 'NONE',  ( 0.000000000000000000, -1.000000000000000000, 0.000000000000000000 ) ) ;
#1386 = CARTESIAN_POINT ( 'NONE',  ( -2.312024219028190775, 5.951057409446828039, -4.433344562587832272 ) ) ;
#1387 = FACE_OUTER_BOUND ( 'NONE', #3492, .T. ) ;
#1388 = ORIENTED_EDGE ( 'NONE', *, *, #518, .F. ) ;
#1389 = PLANE ( 'NONE',  #857 ) ;
#1390 = DIRECTION ( 'NONE',  ( -0.000000000000000000, 1.000000000000000000, -0.000000000000000000 ) ) ;
#1391 = CARTESIAN_POINT ( 'NONE',  ( 3.405877273185280885, 1.699999999999999734, 6.850000000000000533 ) ) ;
#1392 = ORIENTED_EDGE ( 'NONE', *, *, #3450, .T. ) ;
#1393 =( BOUNDED_CURVE ( )  B_SPLINE_CURVE ( 3, ( #861, #1972, #3944, #838 ),
 .UNSPECIFIED., .F., .F. ) 
 B_SPLINE_CURVE_WITH_KNOTS ( ( 4, 4 ),
 ( 5.978492653164188653, 6.587877961194983811 ),
 .UNSPECIFIED. ) 
 CURVE ( )  GEOMETRIC_REPRESENTATION_ITEM ( )  RATIONAL_B_SPLINE_CURVE ( ( 1.000000000000000000, 0.9692928009446304394, 0.9692928009446304394, 1.000000000000000000 ) ) 
 REPRESENTATION_ITEM ( '' )  );
#1394 = LOCAL_TIME ( 14, 20, 58.00000000000000000, #3001 ) ;
#1395 = CC_DESIGN_PERSON_AND_ORGANIZATION_ASSIGNMENT ( #1911, #3493, ( #647 ) ) ;
#1396 = CYLINDRICAL_SURFACE ( 'NONE', #3232, 0.01999999999999999001 ) ;
#1397 = CARTESIAN_POINT ( 'NONE',  ( 7.214603044822826661, 3.063623187575866158, -2.544307028118201419 ) ) ;
#1398 = VECTOR ( 'NONE', #1198, 1000.000000000000000 ) ;
#1399 = FACE_OUTER_BOUND ( 'NONE', #678, .T. ) ;
#1400 = ORIENTED_EDGE ( 'NONE', *, *, #645, .T. ) ;
#1401 = ORIENTED_EDGE ( 'NONE', *, *, #4584, .F. ) ;
#1402 = EDGE_LOOP ( 'NONE', ( #3465, #193, #4236, #3539 ) ) ;
#1403 = CALENDAR_DATE ( 2026, 5, 10 ) ;
#1404 = AXIS2_PLACEMENT_3D ( 'NONE', #2200, #1413, #4976 ) ;
#1405 = DIRECTION ( 'NONE',  ( 1.000000000000000000, 0.000000000000000000, 0.000000000000000000 ) ) ;
#1406 = VERTEX_POINT ( 'NONE', #3547 ) ;
#1407 = ORIENTED_EDGE ( 'NONE', *, *, #711, .F. ) ;
#1408 = PERSON_AND_ORGANIZATION_ROLE ( 'design_supplier' ) ;
#1409 = EDGE_CURVE ( 'NONE', #4314, #3055, #2670, .T. ) ;
#1410 = EDGE_CURVE ( 'NONE', #3101, #3318, #4163, .T. ) ;
#1411 = CARTESIAN_POINT ( 'NONE',  ( 1.379999999999999671, 11.43165542625050435, 5.400000000000000355 ) ) ;
#1412 = FACE_OUTER_BOUND ( 'NONE', #4520, .T. ) ;
#1413 = DIRECTION ( 'NONE',  ( 1.000000000000000000, 0.000000000000000000, 0.000000000000000000 ) ) ;
#1414 = EDGE_CURVE ( 'NONE', #578, #4086, #4668, .T. ) ;
#1415 = ORIENTED_EDGE ( 'NONE', *, *, #3576, .F. ) ;
#1416 = DIRECTION ( 'NONE',  ( 0.000000000000000000, 0.000000000000000000, -1.000000000000000000 ) ) ;
#1417 = CARTESIAN_POINT ( 'NONE',  ( -2.625752043686317094, 3.101480656498023958, -7.185283574223201519 ) ) ;
#1418 = AXIS2_PLACEMENT_3D ( 'NONE', #942, #4120, #554 ) ;
#1419 = LINE ( 'NONE', #2335, #4343 ) ;
#1420 = EDGE_CURVE ( 'NONE', #3994, #1479, #3255, .T. ) ;
#1421 = VERTEX_POINT ( 'NONE', #151 ) ;
#1422 = VECTOR ( 'NONE', #4777, 1000.000000000000114 ) ;
#1423 = LINE ( 'NONE', #615, #3067 ) ;
#1424 = CARTESIAN_POINT ( 'NONE',  ( 0.000000000000000000, 8.000000000000000000, -4.999999999999999112 ) ) ;
#1425 =( BOUNDED_CURVE ( )  B_SPLINE_CURVE ( 3, ( #4533, #1781, #1300, #2928 ),
 .UNSPECIFIED., .F., .F. ) 
 B_SPLINE_CURVE_WITH_KNOTS ( ( 4, 4 ),
 ( 2.836899999574395981, 3.446285307605190251 ),
 .UNSPECIFIED. ) 
 CURVE ( )  GEOMETRIC_REPRESENTATION_ITEM ( )  RATIONAL_B_SPLINE_CURVE ( ( 1.000000000000000000, 0.9692928009446305504, 0.9692928009446305504, 1.000000000000000000 ) ) 
 REPRESENTATION_ITEM ( '' )  );
#1426 = CARTESIAN_POINT ( 'NONE',  ( 7.138355639750680659, 3.000000000000000000, 2.750705138767090663 ) ) ;
#1427 = EDGE_LOOP ( 'NONE', ( #4981, #3980, #1000, #4050 ) ) ;
#1428 = VERTEX_POINT ( 'NONE', #4104 ) ;
#1429 = ORIENTED_EDGE ( 'NONE', *, *, #640, .F. ) ;
#1430 = PERSON_AND_ORGANIZATION ( #3381, #1111 ) ;
#1431 = CIRCLE ( 'NONE', #1936, 0.1499999999999999667 ) ;
#1432 = DIRECTION ( 'NONE',  ( 0.6936187941687647074, 0.000000000000000000, -0.7203422578024066825 ) ) ;
#1433 = DIRECTION ( 'NONE',  ( 0.000000000000000000, 0.000000000000000000, 1.000000000000000000 ) ) ;
#1434 = VECTOR ( 'NONE', #1455, 1000.000000000000000 ) ;
#1435 = ORIENTED_EDGE ( 'NONE', *, *, #3202, .F. ) ;
#1436 = CIRCLE ( 'NONE', #3110, 7.650000000000000355 ) ;
#1437 = VERTEX_POINT ( 'NONE', #1741 ) ;
#1438 = PERSON_AND_ORGANIZATION_ROLE ( 'design_owner' ) ;
#1439 = TOROIDAL_SURFACE ( 'NONE', #2360, 0.1299999999999999767, 0.02000000000000000042 ) ;
#1440 = LINE ( 'NONE', #3421, #4763 ) ;
#1441 = FACE_OUTER_BOUND ( 'NONE', #3612, .T. ) ;
#1442 = DIRECTION ( 'NONE',  ( 0.000000000000000000, 0.000000000000000000, -1.000000000000000000 ) ) ;
#1443 = EDGE_CURVE ( 'NONE', #4364, #118, #1596, .T. ) ;
#1444 = VERTEX_POINT ( 'NONE', #1711 ) ;
#1445 = AXIS2_PLACEMENT_3D ( 'NONE', #4478, #907, #82 ) ;
#1446 = EDGE_CURVE ( 'NONE', #1851, #3567, #298, .T. ) ;
#1447 = CC_DESIGN_SECURITY_CLASSIFICATION ( #1776, ( #5145 ) ) ;
#1448 = DIRECTION ( 'NONE',  ( 8.673617379884035472E-17, 1.880790961315659329E-33, -1.000000000000000000 ) ) ;
#1449 = CARTESIAN_POINT ( 'NONE',  ( -3.976120838953104641, 3.090000000000000746, 3.976120838953022041 ) ) ;
#1450 = AXIS2_PLACEMENT_3D ( 'NONE', #2022, #2788, #2368 ) ;
#1451 = DIRECTION ( 'NONE',  ( 0.000000000000000000, 0.000000000000000000, -1.000000000000000000 ) ) ;
#1452 = VERTEX_POINT ( 'NONE', #3254 ) ;
#1453 = CARTESIAN_POINT ( 'NONE',  ( 4.046831517071719730, 4.909999999999999254, 4.046831517071717066 ) ) ;
#1454 = VECTOR ( 'NONE', #4144, 1000.000000000000000 ) ;
#1455 = DIRECTION ( 'NONE',  ( 1.000000000000000000, 0.000000000000000000, 0.000000000000000000 ) ) ;
#1456 = CARTESIAN_POINT ( 'NONE',  ( -1.380000000000000115, 12.44809871788125477, -4.429206973128303915 ) ) ;
#1457 = ORIENTED_EDGE ( 'NONE', *, *, #5034, .T. ) ;
#1458 = ORIENTED_EDGE ( 'NONE', *, *, #2659, .F. ) ;
#1459 = ORIENTED_EDGE ( 'NONE', *, *, #4939, .F. ) ;
#1460 = CARTESIAN_POINT ( 'NONE',  ( 1.399999999999999689, 11.43165542625050612, -5.400000000000000355 ) ) ;
#1461 = LINE ( 'NONE', #3392, #2428 ) ;
#1462 = ORIENTED_EDGE ( 'NONE', *, *, #746, .F. ) ;
#1463 = VERTEX_POINT ( 'NONE', #2136 ) ;
#1464 = APPROVAL_ROLE ( '' ) ;
#1465 = CARTESIAN_POINT ( 'NONE',  ( 1.399999999999999689, 6.649999999999999467, -4.549999999999999822 ) ) ;
#1466 = CARTESIAN_POINT ( 'NONE',  ( 2.312024219028189886, 1.500000000000000444, 4.433344562587831383 ) ) ;
#1467 = CARTESIAN_POINT ( 'NONE',  ( 1.379999999999999671, 9.281463325509363926, -8.070837674355974656 ) ) ;
#1468 = ORIENTED_EDGE ( 'NONE', *, *, #1193, .F. ) ;
#1469 = CARTESIAN_POINT ( 'NONE',  ( -1.380839982702822599, 6.500000000000000000, -0.7752318993870118691 ) ) ;
#1470 = PLANE ( 'NONE',  #4747 ) ;
#1471 = DIRECTION ( 'NONE',  ( -8.673617379884035472E-17, -0.000000000000000000, 1.000000000000000000 ) ) ;
#1472 = CARTESIAN_POINT ( 'NONE',  ( 0.000000000000000000, 1.699999999999999734, 7.049999999999999822 ) ) ;
#1473 = DIRECTION ( 'NONE',  ( 0.000000000000000000, 0.000000000000000000, -1.000000000000000000 ) ) ;
#1474 = CARTESIAN_POINT ( 'NONE',  ( -2.545165380528041421, 3.063075121266646494, 7.214304113546739394 ) ) ;
#1475 = ADVANCED_FACE ( 'NONE', ( #4837 ), #4915, .T. ) ;
#1476 = APPROVAL_PERSON_ORGANIZATION ( #4051, #1561, #4813 ) ;
#1477 = DIRECTION ( 'NONE',  ( 1.000000000000000000, 0.000000000000000000, 0.000000000000000000 ) ) ;
#1478 = ORIENTED_EDGE ( 'NONE', *, *, #2978, .T. ) ;
#1479 = VERTEX_POINT ( 'NONE', #1352 ) ;
#1480 = ORIENTED_EDGE ( 'NONE', *, *, #2659, .T. ) ;
#1481 = EDGE_CURVE ( 'NONE', #3510, #4615, #2846, .T. ) ;
#1482 = VECTOR ( 'NONE', #3246, 1000.000000000000000 ) ;
#1483 = DIRECTION ( 'NONE',  ( 1.000000000000000000, 0.000000000000000000, 0.000000000000000000 ) ) ;
#1484 = DIRECTION ( 'NONE',  ( 0.000000000000000000, 1.000000000000000000, 0.000000000000000000 ) ) ;
#1485 = PLANE ( 'NONE',  #3751 ) ;
#1486 = ORIENTED_EDGE ( 'NONE', *, *, #4782, .F. ) ;
#1487 = ORIENTED_EDGE ( 'NONE', *, *, #4725, .F. ) ;
#1488 = AXIS2_PLACEMENT_3D ( 'NONE', #2805, #473, #4473 ) ;
#1489 = PERSON_AND_ORGANIZATION ( #2197, #152 ) ;
#1490 = DIRECTION ( 'NONE',  ( 0.000000000000000000, 0.000000000000000000, -1.000000000000000000 ) ) ;
#1491 = EDGE_CURVE ( 'NONE', #644, #4987, #2924, .T. ) ;
#1492 = CARTESIAN_POINT ( 'NONE',  ( 7.296724953260060431, 3.200000000000000178, 2.297891415291849704 ) ) ;
#1493 = CARTESIAN_POINT ( 'NONE',  ( -4.027325123107952543, 4.978965517241379146, -4.027325123107949878 ) ) ;
#1494 = ORIENTED_EDGE ( 'NONE', *, *, #3932, .F. ) ;
#1495 = CC_DESIGN_PERSON_AND_ORGANIZATION_ASSIGNMENT ( #1935, #2276, ( #5050 ) ) ;
#1496 = CARTESIAN_POINT ( 'NONE',  ( 1.379999999999999671, 12.34999999999999964, 2.027069063257455728 ) ) ;
#1497 = CARTESIAN_POINT ( 'NONE',  ( -3.226782805549681221, 5.626078208432424788, -3.956290731841334285 ) ) ;
#1498 = LINE ( 'NONE', #3867, #1522 ) ;
#1499 = DIRECTION ( 'NONE',  ( 1.000000000000000000, 0.000000000000000000, 0.000000000000000000 ) ) ;
#1500 = DIRECTION ( 'NONE',  ( 0.000000000000000000, -1.000000000000000000, 0.000000000000000000 ) ) ;
#1501 = LINE ( 'NONE', #719, #1942 ) ;
#1502 = EDGE_CURVE ( 'NONE', #2097, #707, #4890, .T. ) ;
#1503 = DIRECTION ( 'NONE',  ( 0.7071067811865497932, 0.000000000000000000, -0.7071067811865453523 ) ) ;
#1504 = CIRCLE ( 'NONE', #4822, 7.650000000000000355 ) ;
#1505 = ORIENTED_EDGE ( 'NONE', *, *, #3197, .T. ) ;
#1506 = ORIENTED_EDGE ( 'NONE', *, *, #776, .T. ) ;
#1507 = VERTEX_POINT ( 'NONE', #1319 ) ;
#1508 = EDGE_CURVE ( 'NONE', #969, #3401, #3588, .T. ) ;
#1509 = ADVANCED_FACE ( 'NONE', ( #2478 ), #4417, .F. ) ;
#1510 = EDGE_CURVE ( 'NONE', #3350, #3994, #2872, .T. ) ;
#1511 = CARTESIAN_POINT ( 'NONE',  ( 0.000000000000000000, 8.000000000000000000, -7.650000000000000355 ) ) ;
#1512 = CARTESIAN_POINT ( 'NONE',  ( 0.000000000000000000, 6.649999999999999467, -0.7729309367425445387 ) ) ;
#1513 = DIRECTION ( 'NONE',  ( -0.7071067811865496822, 0.000000000000000000, 0.7071067811865453523 ) ) ;
#1514 = TOROIDAL_SURFACE ( 'NONE', #4579, 0.1299999999999999767, 0.02000000000000000042 ) ;
#1515 = ORIENTED_EDGE ( 'NONE', *, *, #2665, .T. ) ;
#1516 = ORIENTED_EDGE ( 'NONE', *, *, #1128, .F. ) ;
#1517 = PERSON_AND_ORGANIZATION_ROLE ( 'design_supplier' ) ;
#1518 = AXIS2_PLACEMENT_3D ( 'NONE', #583, #1264, #2865 ) ;
#1519 = EDGE_CURVE ( 'NONE', #3567, #4593, #77, .T. ) ;
#1520 = DIRECTION ( 'NONE',  ( 1.000000000000000000, 0.000000000000000000, 0.000000000000000000 ) ) ;
#1521 = DIRECTION ( 'NONE',  ( -0.000000000000000000, -1.000000000000000000, -0.000000000000000000 ) ) ;
#1522 = VECTOR ( 'NONE', #3428, 1000.000000000000000 ) ;
#1523 = CARTESIAN_POINT ( 'NONE',  ( 1.380560112054757704, 6.500000000000000000, -0.7744648667341185178 ) ) ;
#1524 = CIRCLE ( 'NONE', #4418, 0.02000000000000005246 ) ;
#1525 = VECTOR ( 'NONE', #741, 1000.000000000000000 ) ;
#1526 = DIRECTION ( 'NONE',  ( -0.000000000000000000, 1.000000000000000000, -0.000000000000000000 ) ) ;
#1527 = DIRECTION ( 'NONE',  ( -8.673617379884035472E-17, -0.000000000000000000, -1.000000000000000000 ) ) ;
#1528 = DIRECTION ( 'NONE',  ( 0.7071067811865475727, -3.056747976430751789E-16, -0.7071067811865475727 ) ) ;
#1529 = B_SPLINE_CURVE_WITH_KNOTS ( 'NONE', 3,
 ( #3600, #2039, #2735, #36, #2806, #2756 ),
 .UNSPECIFIED., .F., .F.,
 ( 4, 2, 4 ),
 ( -6.928927488288763306E-06, 0.0003913249075196664263, 0.0007895787425276216184 ),
 .UNSPECIFIED. ) ;
#1530 = B_SPLINE_CURVE_WITH_KNOTS ( 'NONE', 3,
 ( #4626, #1771, #648, #1878, #1063, #2947, #4130, #4524, #3364, #3745 ),
 .UNSPECIFIED., .F., .F.,
 ( 4, 2, 2, 2, 4 ),
 ( 0.000000000000000000, 0.0002774483335560879328, 0.0004161725003341318449, 0.0004855345837231531234, 0.0005548966671121744560 ),
 .UNSPECIFIED. ) ;
#1531 = DIRECTION ( 'NONE',  ( 0.000000000000000000, 1.000000000000000000, 0.000000000000000000 ) ) ;
#1532 = CARTESIAN_POINT ( 'NONE',  ( -2.712967541895485279, 3.008500636646443738, 7.153346357285057522 ) ) ;
#1533 = CARTESIAN_POINT ( 'NONE',  ( -5.107491688851539813, 4.910000000000000142, -2.986171345291896095 ) ) ;
#1534 = EDGE_LOOP ( 'NONE', ( #4559, #2980, #2352, #2293, #4128, #510, #3979, #3728, #189, #3425 ) ) ;
#1535 = ORIENTED_EDGE ( 'NONE', *, *, #2598, .T. ) ;
#1536 = ORIENTED_EDGE ( 'NONE', *, *, #2357, .F. ) ;
#1537 = CIRCLE ( 'NONE', #2625, 0.1700000000000000122 ) ;
#1538 = LINE ( 'NONE', #1955, #322 ) ;
#1539 = FACE_OUTER_BOUND ( 'NONE', #3545, .T. ) ;
#1540 = FACE_OUTER_BOUND ( 'NONE', #981, .T. ) ;
#1541 = EDGE_CURVE ( 'NONE', #915, #2371, #4408, .T. ) ;
#1542 = VERTEX_POINT ( 'NONE', #2895 ) ;
#1543 = ORIENTED_EDGE ( 'NONE', *, *, #2140, .F. ) ;
#1544 = CALENDAR_DATE ( 2026, 5, 10 ) ;
#1545 = CARTESIAN_POINT ( 'NONE',  ( 0.000000000000000000, 1.500000000000000444, -4.500000000000000000 ) ) ;
#1546 = DIRECTION ( 'NONE',  ( 0.000000000000000000, 0.000000000000000000, 1.000000000000000000 ) ) ;
#1547 =( LENGTH_UNIT ( ) NAMED_UNIT ( * ) SI_UNIT ( .MILLI., .METRE. ) );
#1548 = EDGE_CURVE ( 'NONE', #341, #135, #2542, .T. ) ;
#1549 = DIRECTION ( 'NONE',  ( 0.000000000000000000, 0.000000000000000000, -1.000000000000000000 ) ) ;
#1550 = CARTESIAN_POINT ( 'NONE',  ( 1.379999999999999671, 8.631655426250503638, -4.400000000000000355 ) ) ;
#1551 = LINE ( 'NONE', #4329, #2183 ) ;
#1552 = VECTOR ( 'NONE', #4558, 1000.000000000000000 ) ;
#1553 = CARTESIAN_POINT ( 'NONE',  ( -1.380560112054759037, 6.500000000000000000, -4.548466070008426065 ) ) ;
#1554 = CARTESIAN_POINT ( 'NONE',  ( 0.000000000000000000, 3.000000000000000000, 0.000000000000000000 ) ) ;
#1555 = PLANE ( 'NONE',  #843 ) ;
#1556 = AXIS2_PLACEMENT_3D ( 'NONE', #3040, #3939, #3529 ) ;
#1557 = DIRECTION ( 'NONE',  ( 0.000000000000000000, 0.000000000000000000, -1.000000000000000000 ) ) ;
#1558 = ORIENTED_EDGE ( 'NONE', *, *, #645, .F. ) ;
#1559 = ORIENTED_EDGE ( 'NONE', *, *, #579, .T. ) ;
#1560 = ORIENTED_EDGE ( 'NONE', *, *, #4076, .T. ) ;
#1561 = APPROVAL ( #3231, 'UNSPECIFIED' ) ;
#1562 = DIRECTION ( 'NONE',  ( 0.000000000000000000, -1.000000000000000000, 0.000000000000000000 ) ) ;
#1563 = CYLINDRICAL_SURFACE ( 'NONE', #3344, 0.1499999999999999667 ) ;
#1564 = CARTESIAN_POINT ( 'NONE',  ( -4.400384907664991019, 6.000000000000000000, -2.279064564105347301 ) ) ;
#1565 = ORIENTED_EDGE ( 'NONE', *, *, #2108, .F. ) ;
#1566 = EDGE_LOOP ( 'NONE', ( #3959, #5008, #141, #2369 ) ) ;
#1567 = APPROVAL_ROLE ( '' ) ;
#1568 = LOCAL_TIME ( 14, 20, 58.00000000000000000, #1176 ) ;
#1569 = CARTESIAN_POINT ( 'NONE',  ( 1.399999999999999689, 6.500000000000000000, 4.469999999999999751 ) ) ;
#1570 = ADVANCED_FACE ( 'NONE', ( #4131 ), #1485, .T. ) ;
#1571 = DIRECTION ( 'NONE',  ( 0.7071067811865474617, 0.000000000000000000, 0.7071067811865474617 ) ) ;
#1572 = EDGE_CURVE ( 'NONE', #409, #2132, #1461, .T. ) ;
#1573 = AXIS2_PLACEMENT_3D ( 'NONE', #3696, #1668, #3262 ) ;
#1574 = ADVANCED_FACE ( 'NONE', ( #4602 ), #3028, .T. ) ;
#1575 = CARTESIAN_POINT ( 'NONE',  ( 2.986171345291913415, 4.950000000000000178, -5.107491688851529155 ) ) ;
#1576 = CARTESIAN_POINT ( 'NONE',  ( 1.399999999999999689, 9.670245855868246920, -5.485303232940223594 ) ) ;
#1577 = B_SPLINE_CURVE_WITH_KNOTS ( 'NONE', 3,
 ( #3296, #2912, #1817, #4514, #4490, #916 ),
 .UNSPECIFIED., .F., .F.,
 ( 4, 2, 4 ),
 ( -6.928927488288393153E-06, 0.0003913249075196667515, 0.0007895787425276218352 ),
 .UNSPECIFIED. ) ;
#1578 = CARTESIAN_POINT ( 'NONE',  ( 2.435362535369389736, 3.176207172489684982, -7.252000366886310445 ) ) ;
#1579 = DIRECTION ( 'NONE',  ( 1.000000000000000000, 0.000000000000000000, 0.000000000000000000 ) ) ;
#1580 = FACE_OUTER_BOUND ( 'NONE', #3803, .T. ) ;
#1581 = ADVANCED_FACE ( 'NONE', ( #3365 ), #3504, .T. ) ;
#1582 = DIRECTION ( 'NONE',  ( 2.168404344971008252E-17, -1.000000000000000000, 0.000000000000000000 ) ) ;
#1583 = CARTESIAN_POINT ( 'NONE',  ( 0.000000000000000000, 1.499999999999999556, -7.049999999999998046 ) ) ;
#1584 = ORIENTED_EDGE ( 'NONE', *, *, #4038, .F. ) ;
#1585 = ORIENTED_EDGE ( 'NONE', *, *, #4403, .T. ) ;
#1586 = ORIENTED_EDGE ( 'NONE', *, *, #2056, .T. ) ;
#1587 = CARTESIAN_POINT ( 'NONE',  ( -1.399999999999999911, 12.48000000000000220, 2.027069063257455728 ) ) ;
#1588 = CARTESIAN_POINT ( 'NONE',  ( -1.380000000000000115, 12.46319082832452629, 4.442330547426800003 ) ) ;
#1589 = CARTESIAN_POINT ( 'NONE',  ( -2.986171345291949830, 4.909999999999999254, 5.107491688851508727 ) ) ;
#1590 = AXIS2_PLACEMENT_3D ( 'NONE', #1825, #1376, #3413 ) ;
#1591 = EDGE_LOOP ( 'NONE', ( #4905, #3902, #1065, #4262 ) ) ;
#1592 = ORIENTED_EDGE ( 'NONE', *, *, #1869, .T. ) ;
#1593 = COORDINATED_UNIVERSAL_TIME_OFFSET ( 7, 0, .BEHIND. ) ;
#1594 = VECTOR ( 'NONE', #1606, 1000.000000000000114 ) ;
#1595 = CARTESIAN_POINT ( 'NONE',  ( 1.380560112054758592, 6.500000000000000000, 4.548466070008426065 ) ) ;
#1596 = CIRCLE ( 'NONE', #2008, 0.1000000000000001443 ) ;
#1597 = DIRECTION ( 'NONE',  ( 0.000000000000000000, 0.000000000000000000, 1.000000000000000000 ) ) ;
#1598 = CARTESIAN_POINT ( 'NONE',  ( -4.433344562587855364, 5.951057409446828927, 2.312024219028143701 ) ) ;
#1599 = AXIS2_PLACEMENT_3D ( 'NONE', #3092, #276, #1076 ) ;
#1600 = CARTESIAN_POINT ( 'NONE',  ( -3.226782805549681665, 2.373921791567575657, -3.956290731841335173 ) ) ;
#1601 = ADVANCED_FACE ( 'NONE', ( #3414 ), #2602, .T. ) ;
#1602 = EDGE_CURVE ( 'NONE', #578, #3111, #2585, .T. ) ;
#1603 = FACE_OUTER_BOUND ( 'NONE', #1795, .T. ) ;
#1604 = AXIS2_PLACEMENT_3D ( 'NONE', #4548, #2640, #3930 ) ;
#1605 = CIRCLE ( 'NONE', #4080, 0.1499999999999999667 ) ;
#1606 = DIRECTION ( 'NONE',  ( -0.4876598490941711495, 0.7241379310344820963, -0.4876598490941711495 ) ) ;
#1607 = CARTESIAN_POINT ( 'NONE',  ( -2.435362535369391956, 3.200000000000000178, 7.252000366886309557 ) ) ;
#1608 = CARTESIAN_POINT ( 'NONE',  ( 2.179449471770337432, 7.499999999999998224, 4.500000000000000000 ) ) ;
#1609 = ORIENTED_EDGE ( 'NONE', *, *, #4810, .F. ) ;
#1610 = ORIENTED_EDGE ( 'NONE', *, *, #2210, .T. ) ;
#1611 = CARTESIAN_POINT ( 'NONE',  ( 4.027325123107964089, 4.978965517241379146, -4.027325123107939220 ) ) ;
#1612 = DIRECTION ( 'NONE',  ( -1.000000000000000000, -2.168404344971008252E-17, -8.673617379884035472E-17 ) ) ;
#1613 = DIRECTION ( 'NONE',  ( 1.000000000000000000, 0.000000000000000000, 0.000000000000000000 ) ) ;
#1614 = AXIS2_PLACEMENT_3D ( 'NONE', #4568, #225, #998 ) ;
#1615 = EDGE_LOOP ( 'NONE', ( #2265, #2648, #3270, #4384 ) ) ;
#1616 = VERTEX_POINT ( 'NONE', #3852 ) ;
#1617 = PERSON_AND_ORGANIZATION_ROLE ( 'design_owner' ) ;
#1618 = CARTESIAN_POINT ( 'NONE',  ( -4.500000000000000000, 1.500000000000000444, -2.179449471770337432 ) ) ;
#1619 = AXIS2_PLACEMENT_3D ( 'NONE', #1667, #2087, #3675 ) ;
#1620 = FACE_OUTER_BOUND ( 'NONE', #2862, .T. ) ;
#1621 = DIRECTION ( 'NONE',  ( 0.000000000000000000, 0.000000000000000000, -1.000000000000000000 ) ) ;
#1622 = CARTESIAN_POINT ( 'NONE',  ( 0.000000000000000000, 0.000000000000000000, 0.000000000000000000 ) ) ;
#1623 = CARTESIAN_POINT ( 'NONE',  ( 5.107491688851539813, 3.090000000000000746, 2.986171345291896095 ) ) ;
#1624 = LINE ( 'NONE', #2489, #1177 ) ;
#1625 = FACE_OUTER_BOUND ( 'NONE', #3160, .T. ) ;
#1626 = DIRECTION ( 'NONE',  ( 0.000000000000000000, 1.000000000000000000, -0.000000000000000000 ) ) ;
#1627 = ORIENTED_EDGE ( 'NONE', *, *, #3572, .F. ) ;
#1628 = EDGE_CURVE ( 'NONE', #4708, #3054, #4212, .T. ) ;
#1629 = DIRECTION ( 'NONE',  ( 1.000000000000000000, 2.168404344971008252E-17, -8.673617379884035472E-17 ) ) ;
#1630 = CIRCLE ( 'NONE', #307, 0.1499999999999999667 ) ;
#1631 = DIRECTION ( 'NONE',  ( 0.7071067811865474617, 0.000000000000000000, -0.7071067811865474617 ) ) ;
#1632 = CARTESIAN_POINT ( 'NONE',  ( 0.000000000000000000, 6.500000000000000000, 0.000000000000000000 ) ) ;
#1633 = ADVANCED_FACE ( 'NONE', ( #1800 ), #2616, .T. ) ;
#1634 = ORIENTED_EDGE ( 'NONE', *, *, #2878, .F. ) ;
#1635 = ORIENTED_EDGE ( 'NONE', *, *, #2760, .T. ) ;
#1636 = DATE_TIME_ROLE ( 'classification_date' ) ;
#1637 = CARTESIAN_POINT ( 'NONE',  ( -1.399999999999999245, 2.790441948979335507, 2.426471259982028617 ) ) ;
#1638 = ADVANCED_FACE ( 'NONE', ( #4235 ), #4757, .T. ) ;
#1639 = CC_DESIGN_SECURITY_CLASSIFICATION ( #3890, ( #5144 ) ) ;
#1640 = EDGE_CURVE ( 'NONE', #124, #2424, #3596, .T. ) ;
#1641 = AXIS2_PLACEMENT_3D ( 'NONE', #3818, #4883, #223 ) ;
#1642 = CARTESIAN_POINT ( 'NONE',  ( 3.226782805549681665, 2.373921791567575657, 3.956290731841335173 ) ) ;
#1643 = CC_DESIGN_PERSON_AND_ORGANIZATION_ASSIGNMENT ( #4296, #1517, ( #5050 ) ) ;
#1644 = DIRECTION ( 'NONE',  ( -0.000000000000000000, -1.000000000000000000, -0.000000000000000000 ) ) ;
#1645 = CARTESIAN_POINT ( 'NONE',  ( 0.000000000000000000, 0.000000000000000000, 0.000000000000000000 ) ) ;
#1646 = AXIS2_PLACEMENT_3D ( 'NONE', #1208, #296, #4771 ) ;
#1647 = DIRECTION ( 'NONE',  ( 1.000000000000000000, 0.000000000000000000, 0.000000000000000000 ) ) ;
#1648 = LINE ( 'NONE', #1607, #2016 ) ;
#1649 = LINE ( 'NONE', #1997, #2390 ) ;
#1650 = ORIENTED_EDGE ( 'NONE', *, *, #3645, .F. ) ;
#1651 = CARTESIAN_POINT ( 'NONE',  ( -1.397319086605161464, 6.500000000000000000, 0.8267289123675667373 ) ) ;
#1652 = CARTESIAN_POINT ( 'NONE',  ( -1.380000000000000115, 12.50000000000000000, 4.343903740188081564 ) ) ;
#1653 = EDGE_CURVE ( 'NONE', #539, #1197, #1094, .T. ) ;
#1654 = CYLINDRICAL_SURFACE ( 'NONE', #4166, 7.650000000000000355 ) ;
#1655 = EDGE_CURVE ( 'NONE', #2380, #2492, #3186, .T. ) ;
#1656 = ORIENTED_EDGE ( 'NONE', *, *, #1653, .F. ) ;
#1657 = VERTEX_POINT ( 'NONE', #2243 ) ;
#1658 = CALENDAR_DATE ( 2026, 5, 10 ) ;
#1659 = EDGE_CURVE ( 'NONE', #1507, #2380, #2558, .T. ) ;
#1660 = ADVANCED_FACE ( 'NONE', ( #1850 ), #1879, .F. ) ;
#1661 = DIRECTION ( 'NONE',  ( 0.000000000000000000, 0.000000000000000000, -1.000000000000000000 ) ) ;
#1662 = CARTESIAN_POINT ( 'NONE',  ( 2.571963978632909598, 3.000000000000000000, 7.204686064820227109 ) ) ;
#1663 = ORIENTED_EDGE ( 'NONE', *, *, #76, .F. ) ;
#1664 =( LENGTH_UNIT ( ) NAMED_UNIT ( * ) SI_UNIT ( .MILLI., .METRE. ) );
#1665 = CIRCLE ( 'NONE', #2080, 0.5000000000000004441 ) ;
#1666 = CARTESIAN_POINT ( 'NONE',  ( 4.027325123107952543, 3.021034482758621298, 4.027325123107949878 ) ) ;
#1667 = CARTESIAN_POINT ( 'NONE',  ( 0.000000000000000000, 9.768344573749498494, 5.400000000000000355 ) ) ;
#1668 = DIRECTION ( 'NONE',  ( -1.000000000000000000, -2.168404344971008252E-17, 8.673617379884035472E-17 ) ) ;
#1669 = CARTESIAN_POINT ( 'NONE',  ( 3.870068605369164860, 5.212479532407042093, -3.870068605369140435 ) ) ;
#1670 = AXIS2_PLACEMENT_3D ( 'NONE', #1465, #239, #4608 ) ;
#1671 = AXIS2_PLACEMENT_3D ( 'NONE', #209, #4967, #3003 ) ;
#1672 = LINE ( 'NONE', #4061, #1454 ) ;
#1673 = LINE ( 'NONE', #4454, #3585 ) ;
#1674 = DIRECTION ( 'NONE',  ( -0.000000000000000000, 1.000000000000000000, -0.000000000000000000 ) ) ;
#1675 = VECTOR ( 'NONE', #2076, 1000.000000000000114 ) ;
#1676 = CIRCLE ( 'NONE', #3345, 0.1700000000000000122 ) ;
#1677 = VERTEX_POINT ( 'NONE', #2669 ) ;
#1678 = ORIENTED_EDGE ( 'NONE', *, *, #2082, .T. ) ;
#1679 = VECTOR ( 'NONE', #1674, 1000.000000000000000 ) ;
#1680 = CARTESIAN_POINT ( 'NONE',  ( 0.000000000000000000, 1.500000000000000444, -4.500000000000000000 ) ) ;
#1681 = CARTESIAN_POINT ( 'NONE',  ( 2.279064564105362400, 2.000000000000000444, -4.400384907664983913 ) ) ;
#1682 = CARTESIAN_POINT ( 'NONE',  ( 3.018470195263254219, 3.000000000000000000, 7.029319859012494121 ) ) ;
#1683 = ORIENTED_EDGE ( 'NONE', *, *, #5062, .T. ) ;
#1684 = ORIENTED_EDGE ( 'NONE', *, *, #3043, .F. ) ;
#1685 = CALENDAR_DATE ( 2026, 5, 10 ) ;
#1686 = CIRCLE ( 'NONE', #2711, 5.500000000000000000 ) ;
#1687 = CARTESIAN_POINT ( 'NONE',  ( -1.400000000000000133, 6.500000000000000000, -4.469999999999999751 ) ) ;
#1688 = ORGANIZATION ( 'NAUO-ORG2', 'UNSPECIFIED', 'UNSPECIFIED' ) ;
#1689 = EDGE_LOOP ( 'NONE', ( #951, #3386, #1066, #2701, #1773, #2394, #2683, #1059, #2266, #1998 ) ) ;
#1690 = DIRECTION ( 'NONE',  ( 0.000000000000000000, 0.000000000000000000, 1.000000000000000000 ) ) ;
#1691 = TOROIDAL_SURFACE ( 'NONE', #451, 0.1699999999999999845, 0.02000000000000000042 ) ;
#1692 = CARTESIAN_POINT ( 'NONE',  ( 1.380279994234274055, 6.500000000000000000, 0.7736979242907003895 ) ) ;
#1693 = DIRECTION ( 'NONE',  ( -1.000000000000000000, -0.000000000000000000, -0.000000000000000000 ) ) ;
#1694 = LINE ( 'NONE', #4870, #5055 ) ;
#1695 = EDGE_CURVE ( 'NONE', #4937, #2317, #1957, .T. ) ;
#1696 = DIRECTION ( 'NONE',  ( -2.803295164711175242E-15, 0.5961196035938418625, 0.8028956459037006610 ) ) ;
#1697 = VERTEX_POINT ( 'NONE', #1589 ) ;
#1698 = CIRCLE ( 'NONE', #2629, 0.1499999999999999667 ) ;
#1699 = DIRECTION ( 'NONE',  ( 0.000000000000000000, 0.000000000000000000, -1.000000000000000000 ) ) ;
#1700 = LINE ( 'NONE', #4953, #4328 ) ;
#1701 = CYLINDRICAL_SURFACE ( 'NONE', #183, 0.5000000000000004441 ) ;
#1702 = EDGE_LOOP ( 'NONE', ( #1634, #4109, #3161, #468 ) ) ;
#1703 = VERTEX_POINT ( 'NONE', #25 ) ;
#1704 = CARTESIAN_POINT ( 'NONE',  ( -1.385521695682327525, 6.500000000000000000, 0.7880629224027729807 ) ) ;
#1705 = CARTESIAN_POINT ( 'NONE',  ( 0.000000000000000000, 9.296555435952635449, -8.083961248654471632 ) ) ;
#1706 = CARTESIAN_POINT ( 'NONE',  ( 7.247201726393520893, 3.046453914618040049, 2.450016609050683858 ) ) ;
#1707 = VERTEX_POINT ( 'NONE', #704 ) ;
#1708 = ORIENTED_EDGE ( 'NONE', *, *, #4647, .T. ) ;
#1709 = PRODUCT_DEFINITION ( 'UNKNOWN', '', #2480, #4458 ) ;
#1710 = LINE ( 'NONE', #101, #4156 ) ;
#1711 = CARTESIAN_POINT ( 'NONE',  ( -1.400000000000000133, 9.768344573749500270, -5.530000000000000249 ) ) ;
#1712 = VECTOR ( 'NONE', #867, 1000.000000000000000 ) ;
#1713 = ORIENTED_EDGE ( 'NONE', *, *, #921, .T. ) ;
#1714 = ORIENTED_EDGE ( 'NONE', *, *, #811, .F. ) ;
#1715 = CARTESIAN_POINT ( 'NONE',  ( 1.379999999999999671, 12.44809871788125477, 4.429206973128303915 ) ) ;
#1716 = DIRECTION ( 'NONE',  ( 0.000000000000000000, -0.6561787149247869655, 0.7546055221635044052 ) ) ;
#1717 = EDGE_CURVE ( 'NONE', #2202, #539, #3956, .T. ) ;
#1718 = APPROVAL_PERSON_ORGANIZATION ( #4442, #2093, #4861 ) ;
#1719 = DIRECTION ( 'NONE',  ( 0.7071067811865473507, -2.775557561562891351E-17, -0.7071067811865477948 ) ) ;
#1720 = EDGE_CURVE ( 'NONE', #3318, #4564, #918, .T. ) ;
#1721 = CARTESIAN_POINT ( 'NONE',  ( 0.000000000000000000, 12.50000000000000000, 2.027069063257455728 ) ) ;
#1722 = ORIENTED_EDGE ( 'NONE', *, *, #4022, .F. ) ;
#1723 = ADVANCED_FACE ( 'NONE', ( #1907 ), #3591, .T. ) ;
#1724 = EDGE_CURVE ( 'NONE', #4091, #1793, #4255, .T. ) ;
#1725 = CIRCLE ( 'NONE', #2483, 0.01999999999999939326 ) ;
#1726 = CARTESIAN_POINT ( 'NONE',  ( 2.291287847478249429, 8.000000000000000000, -4.999999999999999112 ) ) ;
#1727 = PLANE ( 'NONE',  #909 ) ;
#1728 = DIRECTION ( 'NONE',  ( 0.000000000000000000, 0.000000000000000000, 1.000000000000000000 ) ) ;
#1729 = ORIENTED_EDGE ( 'NONE', *, *, #1420, .T. ) ;
#1730 = ORIENTED_EDGE ( 'NONE', *, *, #2567, .F. ) ;
#1731 = EDGE_CURVE ( 'NONE', #2445, #1421, #2377, .T. ) ;
#1732 = APPROVAL_PERSON_ORGANIZATION ( #1489, #1323, #1567 ) ;
#1733 = FACE_OUTER_BOUND ( 'NONE', #3332, .T. ) ;
#1734 = LINE ( 'NONE', #1424, #1434 ) ;
#1735 = DIRECTION ( 'NONE',  ( 0.000000000000000000, 0.000000000000000000, 1.000000000000000000 ) ) ;
#1736 = ORIENTED_EDGE ( 'NONE', *, *, #12, .T. ) ;
#1737 = ORIENTED_EDGE ( 'NONE', *, *, #829, .F. ) ;
#1738 = ORIENTED_EDGE ( 'NONE', *, *, #1095, .F. ) ;
#1739 = COORDINATED_UNIVERSAL_TIME_OFFSET ( 7, 0, .BEHIND. ) ;
#1740 = DIRECTION ( 'NONE',  ( -0.7071067811865474617, 0.000000000000000000, -0.7071067811865474617 ) ) ;
#1741 = CARTESIAN_POINT ( 'NONE',  ( -2.966664951328182642, 4.978965517241378258, 5.087985294887742427 ) ) ;
#1742 = ORIENTED_EDGE ( 'NONE', *, *, #802, .T. ) ;
#1743 = ORIENTED_EDGE ( 'NONE', *, *, #883, .F. ) ;
#1744 = CALENDAR_DATE ( 2026, 5, 10 ) ;
#1745 = CARTESIAN_POINT ( 'NONE',  ( -1.399999999999999911, 12.34999999999999964, -2.027069063257456172 ) ) ;
#1746 = CARTESIAN_POINT ( 'NONE',  ( -1.380000000000000115, 9.768344573749500270, -5.530000000000000249 ) ) ;
#1747 = CIRCLE ( 'NONE', #3418, 0.1000000000000001305 ) ;
#1748 = FACE_OUTER_BOUND ( 'NONE', #4839, .T. ) ;
#1749 = DIRECTION ( 'NONE',  ( 0.000000000000000000, 0.000000000000000000, -1.000000000000000000 ) ) ;
#1750 = ORIENTED_EDGE ( 'NONE', *, *, #488, .F. ) ;
#1751 = PRODUCT ( 'Snap Fit Male', 'Snap Fit Male', '', ( #4467 ) ) ;
#1752 = AXIS2_PLACEMENT_3D ( 'NONE', #4591, #2516, #1019 ) ;
#1753 = ADVANCED_FACE ( 'NONE', ( #5073 ), #2323, .T. ) ;
#1754 = DIRECTION ( 'NONE',  ( 0.000000000000000000, 1.000000000000000000, -0.000000000000000000 ) ) ;
#1755 = DIRECTION ( 'NONE',  ( 0.000000000000000000, 0.000000000000000000, -1.000000000000000000 ) ) ;
#1756 = EDGE_CURVE ( 'NONE', #1041, #569, #3999, .T. ) ;
#1757 = AXIS2_PLACEMENT_3D ( 'NONE', #2356, #2382, #2007 ) ;
#1758 = EDGE_LOOP ( 'NONE', ( #4683, #3680, #2929, #1392 ) ) ;
#1759 = CIRCLE ( 'NONE', #3754, 0.1499999999999999667 ) ;
#1760 = B_SPLINE_CURVE_WITH_KNOTS ( 'NONE', 3,
 ( #4844, #503, #59, #1277, #2877, #881, #2486, #3288, #2088, #110 ),
 .UNSPECIFIED., .F., .F.,
 ( 4, 2, 2, 2, 4 ),
 ( 4.336808689942017736E-19, 0.0002774483335560877159, 0.0004161725003341313570, 0.0004855345837231531776, 0.0005548966671121749981 ),
 .UNSPECIFIED. ) ;
#1761 = CARTESIAN_POINT ( 'NONE',  ( 1.397319086605161687, 6.500000000000000000, -4.496202024374977846 ) ) ;
#1762 = AXIS2_PLACEMENT_3D ( 'NONE', #2607, #1763, #1342 ) ;
#1763 = DIRECTION ( 'NONE',  ( -0.7071067811865451302, 0.000000000000000000, -0.7071067811865500152 ) ) ;
#1764 = FACE_OUTER_BOUND ( 'NONE', #3835, .T. ) ;
#1765 = ORIENTED_EDGE ( 'NONE', *, *, #740, .F. ) ;
#1766 = ORIENTED_EDGE ( 'NONE', *, *, #966, .F. ) ;
#1767 = ORIENTED_EDGE ( 'NONE', *, *, #3796, .T. ) ;
#1768 = EDGE_CURVE ( 'NONE', #4899, #2074, #2099, .T. ) ;
#1769 = CIRCLE ( 'NONE', #4921, 7.650000000000000355 ) ;
#1770 = AXIS2_PLACEMENT_3D ( 'NONE', #4793, #4354, #350 ) ;
#1771 = CARTESIAN_POINT ( 'NONE',  ( -3.055708360304932203, 1.499999999999999556, 7.013831087634018857 ) ) ;
#1772 = DIRECTION ( 'NONE',  ( 0.000000000000000000, 0.7546055221634990762, -0.6561787149247930717 ) ) ;
#1773 = ORIENTED_EDGE ( 'NONE', *, *, #4487, .F. ) ;
#1774 = ORIENTED_EDGE ( 'NONE', *, *, #67, .F. ) ;
#1775 = DATE_AND_TIME ( #2561, #3399 ) ;
#1776 = SECURITY_CLASSIFICATION ( '', '', #3742 ) ;
#1777 = DIRECTION ( 'NONE',  ( 1.000000000000000000, 0.000000000000000000, 0.000000000000000000 ) ) ;
#1778 = FACE_OUTER_BOUND ( 'NONE', #1321, .T. ) ;
#1779 = CIRCLE ( 'NONE', #4772, 0.01999999999999996225 ) ;
#1780 = CARTESIAN_POINT ( 'NONE',  ( 1.379999999999999671, 9.768344573749500270, -5.530000000000000249 ) ) ;
#1781 = CARTESIAN_POINT ( 'NONE',  ( 3.956290731841345831, 5.626078208432423011, -3.226782805549667899 ) ) ;
#1782 = EDGE_LOOP ( 'NONE', ( #4389, #2170, #444, #2239 ) ) ;
#1783 = CLOSED_SHELL ( 'NONE', ( #4423, #5127, #2442, #4786 ) ) ;
#1784 = CC_DESIGN_DATE_AND_TIME_ASSIGNMENT ( #2133, #4546, ( #1776 ) ) ;
#1785 = CIRCLE ( 'NONE', #2537, 7.650000000000000355 ) ;
#1786 = CARTESIAN_POINT ( 'NONE',  ( 1.399999999999999689, 12.37137186834970137, 1.898837853159277556 ) ) ;
#1787 = CARTESIAN_POINT ( 'NONE',  ( 3.301579660418290096, 1.563075121266647605, 6.900987060043524579 ) ) ;
#1788 = AXIS2_PLACEMENT_3D ( 'NONE', #1365, #3346, #2571 ) ;
#1789 = ORIENTED_EDGE ( 'NONE', *, *, #3119, .F. ) ;
#1790 = CARTESIAN_POINT ( 'NONE',  ( 2.192316302326503763, 7.763936109177590694, -4.555813038156334649 ) ) ;
#1791 = DIRECTION ( 'NONE',  ( 0.4876598490941726483, -0.7241379310344822073, -0.4876598490941694841 ) ) ;
#1792 = DIRECTION ( 'NONE',  ( 0.000000000000000000, 1.000000000000000000, -0.000000000000000000 ) ) ;
#1793 = VERTEX_POINT ( 'NONE', #3182 ) ;
#1794 = ORIENTED_EDGE ( 'NONE', *, *, #1987, .T. ) ;
#1795 = EDGE_LOOP ( 'NONE', ( #278, #3049, #4264, #2084 ) ) ;
#1796 = CALENDAR_DATE ( 2026, 5, 10 ) ;
#1797 = EDGE_CURVE ( 'NONE', #523, #1406, #2012, .T. ) ;
#1798 = DIRECTION ( 'NONE',  ( -0.000000000000000000, 1.000000000000000000, -0.000000000000000000 ) ) ;
#1799 = EDGE_CURVE ( 'NONE', #3934, #4091, #1254, .T. ) ;
#1800 = FACE_OUTER_BOUND ( 'NONE', #261, .T. ) ;
#1801 = AXIS2_PLACEMENT_3D ( 'NONE', #2068, #3289, #4115 ) ;
#1802 = ORIENTED_EDGE ( 'NONE', *, *, #3353, .T. ) ;
#1803 = VERTEX_POINT ( 'NONE', #3519 ) ;
#1804 = PERSON_AND_ORGANIZATION_ROLE ( 'design_owner' ) ;
#1805 = EDGE_CURVE ( 'NONE', #1354, #1851, #5097, .T. ) ;
#1806 = CARTESIAN_POINT ( 'NONE',  ( -2.192316302326503763, 7.763936109177590694, -4.555813038156334649 ) ) ;
#1807 = AXIS2_PLACEMENT_3D ( 'NONE', #1496, #3473, #1047 ) ;
#1808 = CARTESIAN_POINT ( 'NONE',  ( 9.368548013477252244E-16, 8.000000000000000000, 7.650000000000000355 ) ) ;
#1809 = DIRECTION ( 'NONE',  ( 1.000000000000000000, 0.000000000000000000, 0.000000000000000000 ) ) ;
#1810 = ORIENTED_EDGE ( 'NONE', *, *, #4790, .F. ) ;
#1811 = ADVANCED_FACE ( 'NONE', ( #1540 ), #1982, .T. ) ;
#1812 = CARTESIAN_POINT ( 'NONE',  ( 0.000000000000000000, 12.34999999999999964, 2.027069063257455728 ) ) ;
#1813 = CARTESIAN_POINT ( 'NONE',  ( -2.581372568141803381, 3.153668633940836408, -7.201334804540089785 ) ) ;
#1814 = CYLINDRICAL_SURFACE ( 'NONE', #1599, 0.1499999999999999667 ) ;
#1815 = ORIENTED_EDGE ( 'NONE', *, *, #2026, .T. ) ;
#1816 = CC_DESIGN_APPROVAL ( #4406, ( #3808 ) ) ;
#1817 = CARTESIAN_POINT ( 'NONE',  ( -2.234154015110208835, 7.947084575471273560, 4.741006527942210447 ) ) ;
#1818 = DIRECTION ( 'NONE',  ( 1.000000000000000000, -0.000000000000000000, 0.000000000000000000 ) ) ;
#1819 = CIRCLE ( 'NONE', #4727, 0.1499999999999999667 ) ;
#1820 = DIRECTION ( 'NONE',  ( 0.000000000000000000, 0.6561787149247501061, -0.7546055221635364907 ) ) ;
#1821 = ORIENTED_EDGE ( 'NONE', *, *, #1273, .F. ) ;
#1822 = ORIENTED_EDGE ( 'NONE', *, *, #2817, .F. ) ;
#1823 = ORIENTED_EDGE ( 'NONE', *, *, #2431, .T. ) ;
#1824 = AXIS2_PLACEMENT_3D ( 'NONE', #3963, #2331, #5105 ) ;
#1825 = CARTESIAN_POINT ( 'NONE',  ( 1.045004651996027434, -1.407485477710246791, 1.045004651996026768 ) ) ;
#1826 = EDGE_CURVE ( 'NONE', #3490, #4899, #2750, .T. ) ;
#1827 = CARTESIAN_POINT ( 'NONE',  ( 1.379999999999999671, 12.34999999999999964, 2.027069063257455728 ) ) ;
#1828 = EDGE_CURVE ( 'NONE', #3343, #3794, #2348, .T. ) ;
#1829 = ORIENTED_EDGE ( 'NONE', *, *, #2432, .T. ) ;
#1830 = VERTEX_POINT ( 'NONE', #1172 ) ;
#1831 = PERSON_AND_ORGANIZATION ( #2197, #152 ) ;
#1832 = DIRECTION ( 'NONE',  ( 1.000000000000000000, 0.000000000000000000, 0.000000000000000000 ) ) ;
#1833 = DIRECTION ( 'NONE',  ( 0.000000000000000000, 0.000000000000000000, 1.000000000000000000 ) ) ;
#1834 = FACE_OUTER_BOUND ( 'NONE', #2215, .T. ) ;
#1835 = ORIENTED_EDGE ( 'NONE', *, *, #3575, .T. ) ;
#1836 = CARTESIAN_POINT ( 'NONE',  ( 2.179449471770337432, 1.500000000000000444, -4.500000000000000000 ) ) ;
#1837 = CARTESIAN_POINT ( 'NONE',  ( -3.956290731841335173, 5.626078208432425676, -3.226782805549678113 ) ) ;
#1838 = AXIS2_PLACEMENT_3D ( 'NONE', #1318, #4102, #2918 ) ;
#1839 = LINE ( 'NONE', #4198, #2514 ) ;
#1840 = ORIENTED_EDGE ( 'NONE', *, *, #2280, .T. ) ;
#1841 = CIRCLE ( 'NONE', #4990, 7.650000000000000355 ) ;
#1842 = CARTESIAN_POINT ( 'NONE',  ( 1.379999999999999671, 12.46319082832452629, 4.442330547426799114 ) ) ;
#1843 = CARTESIAN_POINT ( 'NONE',  ( 2.915460667173259246, 4.910000000000000142, -5.036781010732874542 ) ) ;
#1844 = DIRECTION ( 'NONE',  ( 1.000000000000000000, 2.168404344971008252E-17, -8.673617379884035472E-17 ) ) ;
#1845 = ORIENTED_EDGE ( 'NONE', *, *, #2047, .T. ) ;
#1846 = ORIENTED_EDGE ( 'NONE', *, *, #1203, .T. ) ;
#1847 = ORIENTED_EDGE ( 'NONE', *, *, #646, .T. ) ;
#1848 = AXIS2_PLACEMENT_3D ( 'NONE', #2628, #246, #1105 ) ;
#1849 = DIRECTION ( 'NONE',  ( 1.000000000000000000, 0.000000000000000000, 0.000000000000000000 ) ) ;
#1850 = FACE_OUTER_BOUND ( 'NONE', #1149, .T. ) ;
#1851 = VERTEX_POINT ( 'NONE', #1682 ) ;
#1852 = VECTOR ( 'NONE', #4242, 1000.000000000000000 ) ;
#1853 = ORIENTED_EDGE ( 'NONE', *, *, #1022, .F. ) ;
#1854 = APPROVAL_STATUS ( 'not_yet_approved' ) ;
#1855 = CARTESIAN_POINT ( 'NONE',  ( -1.400000000000000133, 8.759938365018300033, 4.438449618462784407 ) ) ;
#1856 = DIRECTION ( 'NONE',  ( 8.409885494133524543E-15, 0.5961196035938418625, -0.8028956459037006610 ) ) ;
#1857 = CARTESIAN_POINT ( 'NONE',  ( -1.400000000000000133, 11.43165542625050612, -5.400000000000000355 ) ) ;
#1858 = VERTEX_POINT ( 'NONE', #2206 ) ;
#1859 = EDGE_CURVE ( 'NONE', #1295, #437, #3340, .T. ) ;
#1860 = EDGE_CURVE ( 'NONE', #1887, #4045, #4857, .T. ) ;
#1861 = DIRECTION ( 'NONE',  ( 0.000000000000000000, 0.000000000000000000, -1.000000000000000000 ) ) ;
#1862 = DIRECTION ( 'NONE',  ( 0.000000000000000000, 0.9863939238321437486, -0.1643989873053572637 ) ) ;
#1863 = AXIS2_PLACEMENT_3D ( 'NONE', #281, #3482, #3820 ) ;
#1864 = DIRECTION ( 'NONE',  ( -1.000000000000000000, 0.000000000000000000, 0.000000000000000000 ) ) ;
#1865 = ADVANCED_FACE ( 'NONE', ( #192 ), #1654, .T. ) ;
#1866 = ORIENTED_EDGE ( 'NONE', *, *, #830, .T. ) ;
#1867 = LINE ( 'NONE', #717, #2037 ) ;
#1868 = TOROIDAL_SURFACE ( 'NONE', #1027, 0.1699999999999999845, 0.02000000000000000042 ) ;
#1869 = EDGE_CURVE ( 'NONE', #2273, #890, #1431, .T. ) ;
#1870 = CARTESIAN_POINT ( 'NONE',  ( 0.000000000000000000, 12.46319082832452629, 4.442330547426800003 ) ) ;
#1871 = DIRECTION ( 'NONE',  ( -0.000000000000000000, -0.6561787149247862994, 0.7546055221635049604 ) ) ;
#1872 = ORIENTED_EDGE ( 'NONE', *, *, #3731, .T. ) ;
#1873 = ORIENTED_EDGE ( 'NONE', *, *, #263, .F. ) ;
#1874 =( REPRESENTATION_RELATIONSHIP ('NONE','NONE', #2155, #3528 ) REPRESENTATION_RELATIONSHIP_WITH_TRANSFORMATION ( #1205 )SHAPE_REPRESENTATION_RELATIONSHIP( ) );
#1875 = VERTEX_POINT ( 'NONE', #993 ) ;
#1876 = ADVANCED_FACE ( 'NONE', ( #491 ), #4829, .T. ) ;
#1877 = LINE ( 'NONE', #1511, #4635 ) ;
#1878 = CARTESIAN_POINT ( 'NONE',  ( -3.262446522120520331, 1.546643593403175920, 6.919607353035441832 ) ) ;
#1879 = CYLINDRICAL_SURFACE ( 'NONE', #174, 0.09999999999999983902 ) ;
#1880 = PRODUCT_DEFINITION ( 'UNKNOWN', '', #647, #4733 ) ;
#1881 = EDGE_LOOP ( 'NONE', ( #2246, #128, #4689, #3511, #328, #2554 ) ) ;
#1882 = ORIENTED_EDGE ( 'NONE', *, *, #2674, .F. ) ;
#1883 = PERSON_AND_ORGANIZATION ( #2197, #152 ) ;
#1884 = CARTESIAN_POINT ( 'NONE',  ( 1.399999999999999689, 6.649999999999999467, 0.7729309367425446498 ) ) ;
#1885 = DIRECTION ( 'NONE',  ( 0.6936187941687647074, -0.000000000000000000, -0.7203422578024065714 ) ) ;
#1886 = DIRECTION ( 'NONE',  ( 1.000000000000000000, 0.000000000000000000, 0.000000000000000000 ) ) ;
#1887 = VERTEX_POINT ( 'NONE', #51 ) ;
#1888 = AXIS2_PLACEMENT_3D ( 'NONE', #2049, #4044, #484 ) ;
#1889 = ADVANCED_FACE ( 'NONE', ( #611 ), #4335, .T. ) ;
#1890 = CARTESIAN_POINT ( 'NONE',  ( 1.379999999999999671, 8.631655426250503638, -4.549999999999998934 ) ) ;
#1891 = DIRECTION ( 'NONE',  ( 0.7071067811865451302, -3.056747976430751789E-16, 0.7071067811865500152 ) ) ;
#1892 = CARTESIAN_POINT ( 'NONE',  ( -5.036781010732885200, 4.909999999999999254, -2.915460667173241482 ) ) ;
#1893 = EDGE_CURVE ( 'NONE', #4858, #172, #1759, .T. ) ;
#1894 = EDGE_CURVE ( 'NONE', #4268, #2424, #851, .T. ) ;
#1895 = ADVANCED_FACE ( 'NONE', ( #2421 ), #3379, .T. ) ;
#1896 = CARTESIAN_POINT ( 'NONE',  ( 1.399999999999999689, 9.670245855868245144, 5.485303232940223594 ) ) ;
#1897 = LINE ( 'NONE', #3478, #5106 ) ;
#1898 = FACE_OUTER_BOUND ( 'NONE', #2137, .T. ) ;
#1899 = LOCAL_TIME ( 14, 20, 58.00000000000000000, #1593 ) ;
#1900 = PLANE ( 'NONE',  #3196 ) ;
#1901 = ORIENTED_EDGE ( 'NONE', *, *, #1653, .T. ) ;
#1902 = VERTEX_POINT ( 'NONE', #4146 ) ;
#1903 = EDGE_LOOP ( 'NONE', ( #4269, #149, #3443, #4710 ) ) ;
#1904 = ADVANCED_FACE ( 'NONE', ( #2601 ), #1221, .F. ) ;
#1905 = DIRECTION ( 'NONE',  ( 0.000000000000000000, 0.000000000000000000, 1.000000000000000000 ) ) ;
#1906 = DIRECTION ( 'NONE',  ( -0.000000000000000000, 1.000000000000000000, 0.000000000000000000 ) ) ;
#1907 = FACE_OUTER_BOUND ( 'NONE', #2774, .T. ) ;
#1908 = VERTEX_POINT ( 'NONE', #825 ) ;
#1909 = ORIENTED_EDGE ( 'NONE', *, *, #3982, .F. ) ;
#1910 = VECTOR ( 'NONE', #4009, 1000.000000000000000 ) ;
#1911 = PERSON_AND_ORGANIZATION ( #2197, #152 ) ;
#1912 = CARTESIAN_POINT ( 'NONE',  ( 1.399999999999999689, 12.37137186834969604, 1.898837853159276889 ) ) ;
#1913 = LINE ( 'NONE', #1492, #4278 ) ;
#1914 = DIRECTION ( 'NONE',  ( -0.7071067811865473507, 8.049116928532377276E-17, 0.7071067811865477948 ) ) ;
#1915 = DIRECTION ( 'NONE',  ( 0.4876598490941711495, 0.7241379310344820963, 0.4876598490941711495 ) ) ;
#1916 = FACE_OUTER_BOUND ( 'NONE', #2662, .T. ) ;
#1917 = DIRECTION ( 'NONE',  ( 3.564834783817703950E-17, -0.9863939238321437486, 0.1643989873053572637 ) ) ;
#1918 = ORIENTED_EDGE ( 'NONE', *, *, #1602, .T. ) ;
#1919 = EDGE_CURVE ( 'NONE', #1346, #3438, #4411, .T. ) ;
#1920 = LINE ( 'NONE', #3455, #207 ) ;
#1921 = CARTESIAN_POINT ( 'NONE',  ( 1.379999999999999671, 9.768344573749500270, -5.400000000000000355 ) ) ;
#1922 = DIRECTION ( 'NONE',  ( 0.7071067811865475727, 0.000000000000000000, -0.7071067811865475727 ) ) ;
#1923 = CIRCLE ( 'NONE', #5078, 0.1499999999999999667 ) ;
#1924 = ORIENTED_EDGE ( 'NONE', *, *, #1963, .F. ) ;
#1925 = VERTEX_POINT ( 'NONE', #465 ) ;
#1926 = ORIENTED_EDGE ( 'NONE', *, *, #4489, .F. ) ;
#1927 = EDGE_CURVE ( 'NONE', #4253, #4097, #512, .T. ) ;
#1928 = FACE_OUTER_BOUND ( 'NONE', #2886, .T. ) ;
#1929 = FACE_OUTER_BOUND ( 'NONE', #4550, .T. ) ;
#1930 = CARTESIAN_POINT ( 'NONE',  ( -7.279416985118926320, 3.101558808504983666, -2.352227884582228867 ) ) ;
#1931 = ADVANCED_FACE ( 'NONE', ( #3248 ), #5084, .T. ) ;
#1932 = TOROIDAL_SURFACE ( 'NONE', #839, 0.1299999999999999767, 0.02000000000000000042 ) ;
#1933 = ORIENTED_EDGE ( 'NONE', *, *, #3139, .F. ) ;
#1934 = EDGE_LOOP ( 'NONE', ( #4500, #2654, #3793, #1462 ) ) ;
#1935 = PERSON_AND_ORGANIZATION ( #2197, #152 ) ;
#1936 = AXIS2_PLACEMENT_3D ( 'NONE', #3618, #2497, #2054 ) ;
#1937 = CARTESIAN_POINT ( 'NONE',  ( 1.379999999999999671, 12.34999999999999964, -2.027069063257456172 ) ) ;
#1938 = VECTOR ( 'NONE', #917, 1000.000000000000227 ) ;
#1939 = CARTESIAN_POINT ( 'NONE',  ( 1.399999999999999689, 6.649999999999999467, -0.7729309367425445387 ) ) ;
#1940 = VECTOR ( 'NONE', #1716, 1000.000000000000114 ) ;
#1941 = CYLINDRICAL_SURFACE ( 'NONE', #1824, 5.000000000000000000 ) ;
#1942 = VECTOR ( 'NONE', #749, 1000.000000000000000 ) ;
#1943 = DIRECTION ( 'NONE',  ( 0.000000000000000000, 1.000000000000000000, 0.000000000000000000 ) ) ;
#1944 = CARTESIAN_POINT ( 'NONE',  ( -2.915460667173294773, 4.909999999999999254, 5.036781010732853225 ) ) ;
#1945 = FACE_OUTER_BOUND ( 'NONE', #724, .T. ) ;
#1946 = CC_DESIGN_PERSON_AND_ORGANIZATION_ASSIGNMENT ( #931, #4606, ( #3302 ) ) ;
#1947 = LINE ( 'NONE', #3532, #3858 ) ;
#1948 = FACE_OUTER_BOUND ( 'NONE', #2061, .T. ) ;
#1949 = CARTESIAN_POINT ( 'NONE',  ( 0.000000000000000000, 7.500000000000000000, 0.000000000000000000 ) ) ;
#1950 = LOCAL_TIME ( 14, 20, 58.00000000000000000, #3795 ) ;
#1951 = DIRECTION ( 'NONE',  ( 0.000000000000000000, 1.000000000000000000, -0.000000000000000000 ) ) ;
#1952 = VERTEX_POINT ( 'NONE', #2077 ) ;
#1953 = ORIENTED_EDGE ( 'NONE', *, *, #3905, .T. ) ;
#1954 = ORIENTED_EDGE ( 'NONE', *, *, #3113, .T. ) ;
#1955 = CARTESIAN_POINT ( 'NONE',  ( -4.433344562587833160, 1.500000000000000888, -2.312024219028187666 ) ) ;
#1956 = DIRECTION ( 'NONE',  ( 0.000000000000000000, 0.6561787149247862994, -0.7546055221635049604 ) ) ;
#1957 = LINE ( 'NONE', #2798, #4998 ) ;
#1958 = EDGE_CURVE ( 'NONE', #5048, #1952, #1839, .T. ) ;
#1959 = AXIS2_PLACEMENT_3D ( 'NONE', #2488, #506, #2090 ) ;
#1960 = ORIENTED_EDGE ( 'NONE', *, *, #4874, .F. ) ;
#1961 = ORIENTED_EDGE ( 'NONE', *, *, #4488, .F. ) ;
#1962 = DATE_AND_TIME ( #4162, #882 ) ;
#1963 = EDGE_CURVE ( 'NONE', #2317, #1123, #595, .T. ) ;
#1964 = ADVANCED_FACE ( 'NONE', ( #327 ), #1814, .F. ) ;
#1965 = DIRECTION ( 'NONE',  ( 0.7071067811865474617, 0.000000000000000000, 0.7071067811865476838 ) ) ;
#1966 = FACE_OUTER_BOUND ( 'NONE', #3102, .T. ) ;
#1967 = EDGE_CURVE ( 'NONE', #3950, #4986, #17, .T. ) ;
#1968 = LINE ( 'NONE', #1575, #3297 ) ;
#1969 = DIRECTION ( 'NONE',  ( -0.7071067811865473507, -2.775557561562890735E-17, 0.7071067811865477948 ) ) ;
#1970 = CARTESIAN_POINT ( 'NONE',  ( -4.046831517071719730, 0.000000000000000000, -4.046831517071717066 ) ) ;
#1971 = AXIS2_PLACEMENT_3D ( 'NONE', #2986, #2089, #1278 ) ;
#1972 = CARTESIAN_POINT ( 'NONE',  ( -3.226782805549718969, 2.373921791567575657, 3.956290731841304975 ) ) ;
#1973 = EDGE_CURVE ( 'NONE', #3757, #2202, #5088, .T. ) ;
#1974 = LINE ( 'NONE', #3171, #1422 ) ;
#1975 = CARTESIAN_POINT ( 'NONE',  ( 1.379999999999999671, 11.52975414413175947, 5.485303232940222706 ) ) ;
#1976 = FACE_OUTER_BOUND ( 'NONE', #140, .T. ) ;
#1977 = VERTEX_POINT ( 'NONE', #2712 ) ;
#1978 = EDGE_LOOP ( 'NONE', ( #4826, #658, #1266, #5093 ) ) ;
#1979 = ORIENTED_EDGE ( 'NONE', *, *, #3429, .F. ) ;
#1980 = DIRECTION ( 'NONE',  ( -0.000000000000000000, -0.6561787149247436668, -0.7546055221635421528 ) ) ;
#1981 = CARTESIAN_POINT ( 'NONE',  ( 1.399999999999999689, 6.649999999999999467, 4.400000000000000355 ) ) ;
#1982 = PLANE ( 'NONE',  #430 ) ;
#1983 = ORIENTED_EDGE ( 'NONE', *, *, #3602, .F. ) ;
#1984 = ORIENTED_EDGE ( 'NONE', *, *, #715, .F. ) ;
#1985 = PERSON_AND_ORGANIZATION_ROLE ( 'classification_officer' ) ;
#1986 = SECURITY_CLASSIFICATION ( '', '', #3546 ) ;
#1987 = EDGE_CURVE ( 'NONE', #846, #4564, #4224, .T. ) ;
#1988 = EDGE_CURVE ( 'NONE', #3785, #4321, #1498, .T. ) ;
#1989 = CYLINDRICAL_SURFACE ( 'NONE', #1757, 0.01999999999999992062 ) ;
#1990 = AXIS2_PLACEMENT_3D ( 'NONE', #836, #1250, #2014 ) ;
#1991 = FACE_OUTER_BOUND ( 'NONE', #669, .T. ) ;
#1992 = PLANE ( 'NONE',  #1770 ) ;
#1993 = DIRECTION ( 'NONE',  ( 0.7071067811865563435, 0.000000000000000000, -0.7071067811865388020 ) ) ;
#1994 = CARTESIAN_POINT ( 'NONE',  ( -1.390180519077591548, 6.500000000000000000, -4.521998694580438460 ) ) ;
#1995 = DIRECTION ( 'NONE',  ( 0.000000000000000000, 1.000000000000000000, -0.000000000000000000 ) ) ;
#1996 = CARTESIAN_POINT ( 'NONE',  ( 3.405877273185280885, 1.699999999999999734, 6.850000000000000533 ) ) ;
#1997 = CARTESIAN_POINT ( 'NONE',  ( -1.399999999999999689, 12.48000000000000220, -1.214306433183764720E-16 ) ) ;
#1998 = ORIENTED_EDGE ( 'NONE', *, *, #1894, .T. ) ;
#1999 = ORIENTED_EDGE ( 'NONE', *, *, #2697, .T. ) ;
#2000 = CARTESIAN_POINT ( 'NONE',  ( -1.379999999999999671, 6.625340151904196340, 0.9208900253173660788 ) ) ;
#2001 = CARTESIAN_POINT ( 'NONE',  ( 1.399999999999999689, 0.000000000000000000, 4.379999999999999893 ) ) ;
#2002 = DIRECTION ( 'NONE',  ( -1.000000000000000000, 0.000000000000000000, 0.000000000000000000 ) ) ;
#2003 = AXIS2_PLACEMENT_3D ( 'NONE', #625, #4991, #1432 ) ;
#2004 = ORIENTED_EDGE ( 'NONE', *, *, #263, .T. ) ;
#2005 = ORIENTED_EDGE ( 'NONE', *, *, #4202, .T. ) ;
#2006 = PERSON_AND_ORGANIZATION ( #703, #2565 ) ;
#2007 = DIRECTION ( 'NONE',  ( 0.000000000000000000, 0.7546055221635005195, -0.6561787149247915174 ) ) ;
#2008 = AXIS2_PLACEMENT_3D ( 'NONE', #4445, #3331, #831 ) ;
#2009 = MECHANICAL_CONTEXT ( 'NONE', #3903, 'mechanical' ) ;
#2010 = CIRCLE ( 'NONE', #4675, 0.1499999999999999667 ) ;
#2011 = DIRECTION ( 'NONE',  ( 0.000000000000000000, 0.000000000000000000, 1.000000000000000000 ) ) ;
#2012 = CIRCLE ( 'NONE', #2694, 7.650000000000000355 ) ;
#2013 = DIRECTION ( 'NONE',  ( 0.7071067811865401342, 0.000000000000000000, 0.7071067811865550112 ) ) ;
#2014 = DIRECTION ( 'NONE',  ( 0.000000000000000000, 0.000000000000000000, 1.000000000000000000 ) ) ;
#2015 = CARTESIAN_POINT ( 'NONE',  ( 1.379999999999999671, 12.37137186834969604, 1.898837853159276889 ) ) ;
#2016 = VECTOR ( 'NONE', #115, 1000.000000000000000 ) ;
#2017 = VECTOR ( 'NONE', #5131, 1000.000000000000000 ) ;
#2018 = EDGE_CURVE ( 'NONE', #2025, #1977, #2302, .T. ) ;
#2019 = ADVANCED_FACE ( 'NONE', ( #4673 ), #1439, .T. ) ;
#2020 = LINE ( 'NONE', #2859, #168 ) ;
#2021 = CARTESIAN_POINT ( 'NONE',  ( 1.379999999999999671, 9.655153745424975398, -5.498426807238719682 ) ) ;
#2022 = CARTESIAN_POINT ( 'NONE',  ( 0.000000000000000000, 8.000000000000000000, 0.000000000000000000 ) ) ;
#2023 = B_SPLINE_CURVE_WITH_KNOTS ( 'NONE', 3,
 ( #3338, #1692, #4867, #3237, #2851, #1297, #2899, #2509, #680, #4277 ),
 .UNSPECIFIED., .F., .F.,
 ( 4, 3, 3, 4 ),
 ( -2.449489749371179143E-06, 0.000000000000000000, 4.097538642259669319E-05, 8.049306843309114701E-05 ),
 .UNSPECIFIED. ) ;
#2024 = ORIENTED_EDGE ( 'NONE', *, *, #586, .F. ) ;
#2025 = VERTEX_POINT ( 'NONE', #303 ) ;
#2026 = EDGE_CURVE ( 'NONE', #644, #3176, #661, .T. ) ;
#2027 = CARTESIAN_POINT ( 'NONE',  ( 1.379999999999999671, 0.000000000000000000, -4.400000000000000355 ) ) ;
#2028 = CARTESIAN_POINT ( 'NONE',  ( 0.000000000000000000, 0.000000000000000000, 4.400000000000000355 ) ) ;
#2029 = DIRECTION ( 'NONE',  ( 0.000000000000000000, 1.156482317317871607E-14, -1.000000000000000000 ) ) ;
#2030 = TOROIDAL_SURFACE ( 'NONE', #2365, 0.1699999999999999845, 0.02000000000000000042 ) ;
#2031 = ORIENTED_EDGE ( 'NONE', *, *, #2792, .T. ) ;
#2032 = ORIENTED_EDGE ( 'NONE', *, *, #2048, .T. ) ;
#2033 = COORDINATED_UNIVERSAL_TIME_OFFSET ( 7, 0, .BEHIND. ) ;
#2034 = EDGE_CURVE ( 'NONE', #438, #3794, #844, .T. ) ;
#2035 = AXIS2_PLACEMENT_3D ( 'NONE', #1131, #736, #347 ) ;
#2036 = DIRECTION ( 'NONE',  ( 0.000000000000000000, 0.000000000000000000, -1.000000000000000000 ) ) ;
#2037 = VECTOR ( 'NONE', #1109, 1000.000000000000000 ) ;
#2038 =( NAMED_UNIT ( * ) SI_UNIT ( $, .STERADIAN. ) SOLID_ANGLE_UNIT ( ) );
#2039 = CARTESIAN_POINT ( 'NONE',  ( 4.870299948342240448, 8.000000000000000000, -2.262975846493096022 ) ) ;
#2040 = CARTESIAN_POINT ( 'NONE',  ( 2.444718554847592706, 3.153845617810561830, -7.248866152423288689 ) ) ;
#2041 = DIRECTION ( 'NONE',  ( -0.000000000000000000, 0.6561787149247931827, 0.7546055221634992982 ) ) ;
#2042 = LINE ( 'NONE', #4357, #450 ) ;
#2043 = EDGE_CURVE ( 'NONE', #3711, #758, #1135, .T. ) ;
#2044 = EDGE_CURVE ( 'NONE', #1295, #2202, #1419, .T. ) ;
#2045 = LINE ( 'NONE', #2834, #4244 ) ;
#2046 = CARTESIAN_POINT ( 'NONE',  ( -3.405877273185280885, 6.500000000000000000, 6.850000000000000533 ) ) ;
#2047 = EDGE_CURVE ( 'NONE', #3416, #3910, #1676, .T. ) ;
#2048 = EDGE_CURVE ( 'NONE', #3785, #4268, #3042, .T. ) ;
#2049 = CARTESIAN_POINT ( 'NONE',  ( 0.000000000000000000, 6.500000000000000000, 0.000000000000000000 ) ) ;
#2050 = VERTEX_POINT ( 'NONE', #1049 ) ;
#2051 = LINE ( 'NONE', #2027, #4381 ) ;
#2052 = VECTOR ( 'NONE', #609, 1000.000000000000000 ) ;
#2053 = CARTESIAN_POINT ( 'NONE',  ( 1.399999999999999689, 6.622052172158088723, 0.9406179037940088916 ) ) ;
#2054 = DIRECTION ( 'NONE',  ( 0.000000000000000000, 0.000000000000000000, -1.000000000000000000 ) ) ;
#2055 = ORIENTED_EDGE ( 'NONE', *, *, #2955, .F. ) ;
#2056 = EDGE_CURVE ( 'NONE', #1116, #3875, #5031, .T. ) ;
#2057 = ORIENTED_EDGE ( 'NONE', *, *, #1203, .F. ) ;
#2058 = CONTEXT_DEPENDENT_SHAPE_REPRESENTATION ( #4157, #3464 ) ;
#2059 = CARTESIAN_POINT ( 'NONE',  ( 3.956290731841335173, 5.626078208432425676, 3.226782805549678113 ) ) ;
#2060 = DIRECTION ( 'NONE',  ( -0.6936187941687648184, 0.000000000000000000, 0.7203422578024065714 ) ) ;
#2061 = EDGE_LOOP ( 'NONE', ( #1984, #4971, #3560, #3952 ) ) ;
#2062 = LOCAL_TIME ( 14, 20, 58.00000000000000000, #5049 ) ;
#2063 = CARTESIAN_POINT ( 'NONE',  ( 0.000000000000000000, 0.000000000000000000, 0.000000000000000000 ) ) ;
#2064 = AXIS2_PLACEMENT_3D ( 'NONE', #91, #1629, #3225 ) ;
#2065 = DIRECTION ( 'NONE',  ( 0.000000000000000000, -1.000000000000000000, 0.000000000000000000 ) ) ;
#2066 = CARTESIAN_POINT ( 'NONE',  ( 1.399999999999999689, 6.622052172158088723, -0.9406179037940091137 ) ) ;
#2067 = DIRECTION ( 'NONE',  ( 1.239088197126290817E-16, 0.000000000000000000, 1.000000000000000000 ) ) ;
#2068 = CARTESIAN_POINT ( 'NONE',  ( -1.380000000000000115, 6.649999999999999467, -4.549999999999999822 ) ) ;
#2069 = VECTOR ( 'NONE', #348, 1000.000000000000114 ) ;
#2070 = CARTESIAN_POINT ( 'NONE',  ( -1.380000000000000115, 11.54484625457503100, 5.498426807238718794 ) ) ;
#2071 = DIRECTION ( 'NONE',  ( -0.000000000000000000, 1.000000000000000000, -0.000000000000000000 ) ) ;
#2072 = CARTESIAN_POINT ( 'NONE',  ( 4.500000000000000000, 1.500000000000000444, 2.179449471770337432 ) ) ;
#2073 = CARTESIAN_POINT ( 'NONE',  ( 0.000000000000000000, 1.699999999999999734, -6.849999999999998757 ) ) ;
#2074 = VERTEX_POINT ( 'NONE', #3065 ) ;
#2075 = DIRECTION ( 'NONE',  ( 1.000000000000000000, 2.168404344971008252E-17, -8.673617379884035472E-17 ) ) ;
#2076 = DIRECTION ( 'NONE',  ( -0.4876598490941760344, -0.7241379310344822073, 0.4876598490941660979 ) ) ;
#2077 = CARTESIAN_POINT ( 'NONE',  ( -7.085102807365159627, 3.000000000000000000, 2.885102807365165223 ) ) ;
#2078 = ORIENTED_EDGE ( 'NONE', *, *, #2210, .F. ) ;
#2079 = ORIENTED_EDGE ( 'NONE', *, *, #863, .F. ) ;
#2080 = AXIS2_PLACEMENT_3D ( 'NONE', #4327, #376, #764 ) ;
#2081 = DIRECTION ( 'NONE',  ( 0.6936187941687647074, 0.000000000000000000, -0.7203422578024065714 ) ) ;
#2082 = EDGE_CURVE ( 'NONE', #2074, #3026, #4642, .T. ) ;
#2083 = DIRECTION ( 'NONE',  ( 7.968020348514244863E-17, -0.6561787149247862994, 0.7546055221635049604 ) ) ;
#2084 = ORIENTED_EDGE ( 'NONE', *, *, #1188, .T. ) ;
#2085 = AXIS2_PLACEMENT_3D ( 'NONE', #4430, #2441, #3220 ) ;
#2086 = DIRECTION ( 'NONE',  ( 0.000000000000000000, 0.000000000000000000, -1.000000000000000000 ) ) ;
#2087 = DIRECTION ( 'NONE',  ( 1.000000000000000000, -0.000000000000000000, 0.000000000000000000 ) ) ;
#2088 = CARTESIAN_POINT ( 'NONE',  ( -7.252000366886311333, 3.176175380897988454, 2.435362535369395509 ) ) ;
#2089 = DIRECTION ( 'NONE',  ( 0.000000000000000000, 1.000000000000000000, 0.000000000000000000 ) ) ;
#2090 = DIRECTION ( 'NONE',  ( 0.000000000000000000, 0.000000000000000000, -1.000000000000000000 ) ) ;
#2091 = DIRECTION ( 'NONE',  ( 0.000000000000000000, 0.000000000000000000, -1.000000000000000000 ) ) ;
#2092 = CARTESIAN_POINT ( 'NONE',  ( -2.915460667173242815, 3.090000000000000746, -5.036781010732885200 ) ) ;
#2093 = APPROVAL ( #517, 'UNSPECIFIED' ) ;
#2094 = VECTOR ( 'NONE', #250, 1000.000000000000000 ) ;
#2095 = AXIS2_PLACEMENT_3D ( 'NONE', #2115, #4896, #3673 ) ;
#2096 = AXIS2_PLACEMENT_3D ( 'NONE', #1970, #3626, #3216 ) ;
#2097 = VERTEX_POINT ( 'NONE', #5059 ) ;
#2098 = ORIENTED_EDGE ( 'NONE', *, *, #4871, .T. ) ;
#2099 = B_SPLINE_CURVE_WITH_KNOTS ( 'NONE', 3,
 ( #2698, #314, #3081, #366, #1930, #728, #2725, #3978, #387, #4267 ),
 .UNSPECIFIED., .F., .F.,
 ( 4, 2, 2, 2, 4 ),
 ( 0.000000000000000000, 7.024607880191381085E-05, 0.0001404921576038276217, 0.0002809843152076559481, 0.0005619686304153131973 ),
 .UNSPECIFIED. ) ;
#2100 = CARTESIAN_POINT ( 'NONE',  ( 1.379999999999999671, 8.744846254575030287, 4.451573192761281383 ) ) ;
#2101 = DIRECTION ( 'NONE',  ( 0.000000000000000000, -0.000000000000000000, 1.000000000000000000 ) ) ;
#2102 = DIRECTION ( 'NONE',  ( 1.239088197126290817E-16, 0.000000000000000000, 1.000000000000000000 ) ) ;
#2103 = ORIENTED_EDGE ( 'NONE', *, *, #4900, .F. ) ;
#2104 = ORIENTED_EDGE ( 'NONE', *, *, #3265, .F. ) ;
#2105 = ADVANCED_FACE ( 'NONE', ( #3238 ), #5133, .F. ) ;
#2106 = AXIS2_PLACEMENT_3D ( 'NONE', #146, #4125, #1735 ) ;
#2107 = DIRECTION ( 'NONE',  ( -1.000000000000000000, -2.168404344971008252E-17, -8.673617379884035472E-17 ) ) ;
#2108 = EDGE_CURVE ( 'NONE', #2132, #2450, #1258, .T. ) ;
#2109 = DIRECTION ( 'NONE',  ( -1.000000000000000000, 0.000000000000000000, 0.000000000000000000 ) ) ;
#2110 = EDGE_CURVE ( 'NONE', #389, #3823, #2363, .T. ) ;
#2111 = ADVANCED_FACE ( 'NONE', ( #4356 ), #100, .T. ) ;
#2112 = VERTEX_POINT ( 'NONE', #453 ) ;
#2113 = CARTESIAN_POINT ( 'NONE',  ( -24.88340468890963564, 13.50657376816718624, -2.465520461092655768 ) ) ;
#2114 = CIRCLE ( 'NONE', #290, 0.02000000000000053471 ) ;
#2115 = CARTESIAN_POINT ( 'NONE',  ( -3.976120838953064673, 4.909999999999999254, -3.976120838953062009 ) ) ;
#2116 = DIRECTION ( 'NONE',  ( -0.000000000000000000, -1.000000000000000000, -0.000000000000000000 ) ) ;
#2117 = DIRECTION ( 'NONE',  ( -0.000000000000000000, 1.000000000000000000, -0.000000000000000000 ) ) ;
#2118 = FACE_OUTER_BOUND ( 'NONE', #2999, .T. ) ;
#2119 = VERTEX_POINT ( 'NONE', #4819 ) ;
#2120 = EDGE_CURVE ( 'NONE', #2186, #2526, #4111, .T. ) ;
#2121 = CARTESIAN_POINT ( 'NONE',  ( 1.379999999999999671, 6.649999999999999467, -4.379999999999999893 ) ) ;
#2122 = CARTESIAN_POINT ( 'NONE',  ( -7.296724953260060431, 8.000000000000000000, -2.297891415291851924 ) ) ;
#2123 = DIRECTION ( 'NONE',  ( 0.000000000000000000, 0.000000000000000000, -1.000000000000000000 ) ) ;
#2124 = ORIENTED_EDGE ( 'NONE', *, *, #4485, .F. ) ;
#2125 = DESIGN_CONTEXT ( 'detailed design', #5058, 'design' ) ;
#2126 = ORIENTED_EDGE ( 'NONE', *, *, #1973, .F. ) ;
#2127 = DIRECTION ( 'NONE',  ( 1.000000000000000000, 0.000000000000000000, -0.000000000000000000 ) ) ;
#2128 = CARTESIAN_POINT ( 'NONE',  ( -1.380839982702823709, 6.500000000000000000, 4.547699037355532603 ) ) ;
#2129 = ADVANCED_BREP_SHAPE_REPRESENTATION ( '', ( #2797, #2326 ), #4892 ) ;
#2130 = DIRECTION ( 'NONE',  ( 0.000000000000000000, 0.7546055221635206145, 0.6561787149247685358 ) ) ;
#2131 = ORIENTED_EDGE ( 'NONE', *, *, #2244, .F. ) ;
#2132 = VERTEX_POINT ( 'NONE', #4774 ) ;
#2133 = DATE_AND_TIME ( #2188, #1950 ) ;
#2134 = APPLICATION_CONTEXT ( 'configuration controlled 3d designs of mechanical parts and assemblies' ) ;
#2135 = FACE_OUTER_BOUND ( 'NONE', #3717, .T. ) ;
#2136 = CARTESIAN_POINT ( 'NONE',  ( 2.966664951328146227, 4.978965517241379146, -5.087985294887762855 ) ) ;
#2137 = EDGE_LOOP ( 'NONE', ( #5068, #3109, #4213, #1822 ) ) ;
#2138 = ORIENTED_EDGE ( 'NONE', *, *, #5010, .T. ) ;
#2139 = APPROVAL_STATUS ( 'not_yet_approved' ) ;
#2140 = EDGE_CURVE ( 'NONE', #4045, #2295, #4805, .T. ) ;
#2141 = ADVANCED_FACE ( 'NONE', ( #1945, #4795 ), #4376, .F. ) ;
#2142 = DIRECTION ( 'NONE',  ( 2.418863320084447144E-14, 0.6561787149247684248, -0.7546055221635205035 ) ) ;
#2143 = CARTESIAN_POINT ( 'NONE',  ( -2.312024219028234295, 1.500000000000000888, 4.433344562587807403 ) ) ;
#2144 = CC_DESIGN_SECURITY_CLASSIFICATION ( #2397, ( #2480 ) ) ;
#2145 = LINE ( 'NONE', #3447, #5138 ) ;
#2146 = ORIENTED_EDGE ( 'NONE', *, *, #3201, .T. ) ;
#2147 = CIRCLE ( 'NONE', #2064, 0.1700000000000000122 ) ;
#2148 = DIRECTION ( 'NONE',  ( 0.000000000000000000, 0.000000000000000000, -1.000000000000000000 ) ) ;
#2149 = CARTESIAN_POINT ( 'NONE',  ( 1.399999999999999689, 12.34999999999999964, 4.343903740188081564 ) ) ;
#2150 = AXIS2_PLACEMENT_3D ( 'NONE', #133, #3311, #4897 ) ;
#2151 = ORIENTED_EDGE ( 'NONE', *, *, #4817, .T. ) ;
#2152 =( GEOMETRIC_REPRESENTATION_CONTEXT ( 3 ) GLOBAL_UNCERTAINTY_ASSIGNED_CONTEXT ( ( #4149 ) ) GLOBAL_UNIT_ASSIGNED_CONTEXT ( ( #1664, #2406, #448 ) ) REPRESENTATION_CONTEXT ( 'NONE', 'WORKASPACE' ) );
#2153 = CARTESIAN_POINT ( 'NONE',  ( 1.380560112054758592, 6.500000000000000000, -4.548466070008426065 ) ) ;
#2154 = DIRECTION ( 'NONE',  ( 0.000000000000000000, 1.000000000000000000, 0.000000000000000000 ) ) ;
#2155 = SHAPE_REPRESENTATION ( '90_Link_KitV2', ( #3729, #566, #1488, #3480 ), #2152 ) ;
#2156 = CYLINDRICAL_SURFACE ( 'NONE', #1614, 0.1499999999999999667 ) ;
#2157 = ORIENTED_EDGE ( 'NONE', *, *, #4940, .T. ) ;
#2158 = ORIENTED_EDGE ( 'NONE', *, *, #3265, .T. ) ;
#2159 = ORIENTED_EDGE ( 'NONE', *, *, #956, .T. ) ;
#2160 = DIRECTION ( 'NONE',  ( -1.000000000000000000, 0.000000000000000000, 0.000000000000000000 ) ) ;
#2161 = DIRECTION ( 'NONE',  ( 1.000000000000000000, 2.168404344971008252E-17, 8.673617379884035472E-17 ) ) ;
#2162 = CC_DESIGN_PERSON_AND_ORGANIZATION_ASSIGNMENT ( #1092, #1985, ( #1986 ) ) ;
#2163 = ORIENTED_EDGE ( 'NONE', *, *, #1128, .T. ) ;
#2164 = VERTEX_POINT ( 'NONE', #790 ) ;
#2165 = APPROVAL_ROLE ( '' ) ;
#2166 = DIRECTION ( 'NONE',  ( 0.000000000000000000, 0.000000000000000000, -1.000000000000000000 ) ) ;
#2167 = AXIS2_PLACEMENT_3D ( 'NONE', #3330, #4075, #2081 ) ;
#2168 = DIRECTION ( 'NONE',  ( 0.000000000000000000, 0.000000000000000000, -1.000000000000000000 ) ) ;
#2169 = FACE_OUTER_BOUND ( 'NONE', #119, .T. ) ;
#2170 = ORIENTED_EDGE ( 'NONE', *, *, #432, .F. ) ;
#2171 = PRODUCT_DEFINITION_SHAPE ( 'NONE', 'NONE',  #1709 ) ;
#2172 = CARTESIAN_POINT ( 'NONE',  ( -1.399999999999999911, 12.34999999999999964, 2.027069063257455728 ) ) ;
#2173 = CARTESIAN_POINT ( 'NONE',  ( -1.399999999999999911, 6.649999999999999467, -4.379999999999999893 ) ) ;
#2174 = CARTESIAN_POINT ( 'NONE',  ( 3.397045344066838890, 1.653845617810561608, 6.854399480517453291 ) ) ;
#2175 = CIRCLE ( 'NONE', #2349, 0.1700000000000000122 ) ;
#2176 = ADVANCED_FACE ( 'NONE', ( #3967 ), #427, .T. ) ;
#2177 = ORIENTED_EDGE ( 'NONE', *, *, #1107, .F. ) ;
#2178 = AXIS2_PLACEMENT_3D ( 'NONE', #3638, #2474, #71 ) ;
#2179 = EDGE_CURVE ( 'NONE', #563, #4295, #1551, .T. ) ;
#2180 = FACE_OUTER_BOUND ( 'NONE', #4169, .T. ) ;
#2181 = AXIS2_PLACEMENT_3D ( 'NONE', #2496, #4068, #2101 ) ;
#2182 = CARTESIAN_POINT ( 'NONE',  ( 7.085102807365161404, 3.000000000000000000, -2.885102807365161670 ) ) ;
#2183 = VECTOR ( 'NONE', #765, 1000.000000000000000 ) ;
#2184 = DIRECTION ( 'NONE',  ( 1.000000000000000000, 2.168404344971008252E-17, 8.673617379884035472E-17 ) ) ;
#2185 = ORIENTED_EDGE ( 'NONE', *, *, #1443, .F. ) ;
#2186 = VERTEX_POINT ( 'NONE', #3941 ) ;
#2187 = VERTEX_POINT ( 'NONE', #2410 ) ;
#2188 = CALENDAR_DATE ( 2026, 5, 10 ) ;
#2189 = VECTOR ( 'NONE', #4756, 1000.000000000000000 ) ;
#2190 = EDGE_CURVE ( 'NONE', #204, #945, #602, .T. ) ;
#2191 = DIRECTION ( 'NONE',  ( 0.000000000000000000, 0.000000000000000000, -1.000000000000000000 ) ) ;
#2192 = CARTESIAN_POINT ( 'NONE',  ( 4.870299948342268870, 8.000000000000000000, 2.262975846492969012 ) ) ;
#2193 = EDGE_CURVE ( 'NONE', #2555, #3924, #3516, .T. ) ;
#2194 = ORIENTED_EDGE ( 'NONE', *, *, #3731, .F. ) ;
#2195 = ORIENTED_EDGE ( 'NONE', *, *, #3549, .F. ) ;
#2196 = PERSON_AND_ORGANIZATION ( #2197, #152 ) ;
#2197 = PERSON ( 'UNSPECIFIED', 'UNSPECIFIED', 'UNSPECIFIED', ('UNSPECIFIED'), ('UNSPECIFIED'), ('UNSPECIFIED') ) ;
#2198 = DIRECTION ( 'NONE',  ( 1.000000000000000000, 0.000000000000000000, 0.000000000000000000 ) ) ;
#2199 = LINE ( 'NONE', #3117, #4695 ) ;
#2200 = CARTESIAN_POINT ( 'NONE',  ( 0.000000000000000000, 12.34999999999999964, -4.343903740188082452 ) ) ;
#2201 = FACE_OUTER_BOUND ( 'NONE', #3849, .T. ) ;
#2202 = VERTEX_POINT ( 'NONE', #1230 ) ;
#2203 = VECTOR ( 'NONE', #3678, 1000.000000000000114 ) ;
#2204 = FACE_OUTER_BOUND ( 'NONE', #2379, .T. ) ;
#2205 = CARTESIAN_POINT ( 'NONE',  ( -3.018470195263256439, 3.000000000000000000, -7.029319859012494121 ) ) ;
#2206 = CARTESIAN_POINT ( 'NONE',  ( 1.379999999999999671, 11.54484625457503100, -5.498426807238717906 ) ) ;
#2207 = EDGE_LOOP ( 'NONE', ( #5027, #920, #3734, #2216 ) ) ;
#2208 = ADVANCED_FACE ( 'NONE', ( #4396 ), #2831, .F. ) ;
#2209 = EDGE_CURVE ( 'NONE', #437, #1657, #3674, .T. ) ;
#2210 = EDGE_CURVE ( 'NONE', #4788, #310, #108, .T. ) ;
#2211 = CARTESIAN_POINT ( 'NONE',  ( -5.078412917506967439, 3.200000000000000178, -4.890012498889791281 ) ) ;
#2212 = LINE ( 'NONE', #2551, #3103 ) ;
#2213 = CARTESIAN_POINT ( 'NONE',  ( -4.046831517071719730, 3.090000000000000746, -4.046831517071717066 ) ) ;
#2214 = ORIENTED_EDGE ( 'NONE', *, *, #1731, .F. ) ;
#2215 = EDGE_LOOP ( 'NONE', ( #4056, #4026, #2965, #4760 ) ) ;
#2216 = ORIENTED_EDGE ( 'NONE', *, *, #4348, .F. ) ;
#2217 = DATE_AND_TIME ( #622, #1394 ) ;
#2218 = CARTESIAN_POINT ( 'NONE',  ( 1.379999999999999671, 12.48000000000000220, 0.000000000000000000 ) ) ;
#2219 = CARTESIAN_POINT ( 'NONE',  ( 0.000000000000000000, 1.500000000000000444, 0.000000000000000000 ) ) ;
#2220 = AXIS2_PLACEMENT_3D ( 'NONE', #4872, #3677, #504 ) ;
#2221 = ORIENTED_EDGE ( 'NONE', *, *, #1805, .F. ) ;
#2222 = ORIENTED_EDGE ( 'NONE', *, *, #612, .T. ) ;
#2223 = PERSON_AND_ORGANIZATION ( #2197, #152 ) ;
#2224 = CARTESIAN_POINT ( 'NONE',  ( 1.400000000000000133, 11.54484625457503100, 5.498426807238718794 ) ) ;
#2225 = AXIS2_PLACEMENT_3D ( 'NONE', #46, #4802, #65 ) ;
#2226 = DIRECTION ( 'NONE',  ( -8.673617379884035472E-17, 0.000000000000000000, 1.000000000000000000 ) ) ;
#2227 = DIRECTION ( 'NONE',  ( 2.168404344971008252E-17, -1.000000000000000000, -0.000000000000000000 ) ) ;
#2228 = ORIENTED_EDGE ( 'NONE', *, *, #1717, .T. ) ;
#2229 = ORIENTED_EDGE ( 'NONE', *, *, #3202, .T. ) ;
#2230 = DIRECTION ( 'NONE',  ( 0.000000000000000000, 0.000000000000000000, -1.000000000000000000 ) ) ;
#2231 = DIRECTION ( 'NONE',  ( -0.7071067811865563435, 0.000000000000000000, 0.7071067811865388020 ) ) ;
#2232 = DIRECTION ( 'NONE',  ( 1.000000000000000000, 2.168404344971008252E-17, 8.673617379884035472E-17 ) ) ;
#2233 = VERTEX_POINT ( 'NONE', #880 ) ;
#2234 = LOCAL_TIME ( 14, 20, 58.00000000000000000, #2704 ) ;
#2235 = CARTESIAN_POINT ( 'NONE',  ( 2.291287847478249429, 8.000000000000000000, -4.999999999999999112 ) ) ;
#2236 = CARTESIAN_POINT ( 'NONE',  ( 0.000000000000000000, 8.744846254575030287, 4.451573192761281383 ) ) ;
#2237 = AXIS2_PLACEMENT_3D ( 'NONE', #3953, #3929, #3487 ) ;
#2238 = FACE_OUTER_BOUND ( 'NONE', #3811, .T. ) ;
#2239 = ORIENTED_EDGE ( 'NONE', *, *, #4106, .F. ) ;
#2240 = ORIENTED_EDGE ( 'NONE', *, *, #2825, .T. ) ;
#2241 = EDGE_LOOP ( 'NONE', ( #3773, #1195, #1115, #2582 ) ) ;
#2242 = PLANE ( 'NONE',  #1590 ) ;
#2243 = CARTESIAN_POINT ( 'NONE',  ( 1.399999999999999689, 9.768344573749498494, 5.530000000000000249 ) ) ;
#2244 = EDGE_CURVE ( 'NONE', #2951, #341, #2876, .T. ) ;
#2245 = ORIENTED_EDGE ( 'NONE', *, *, #2975, .T. ) ;
#2246 = ORIENTED_EDGE ( 'NONE', *, *, #2357, .T. ) ;
#2247 = DATE_AND_TIME ( #4215, #4048 ) ;
#2248 = EDGE_CURVE ( 'NONE', #698, #1657, #3310, .T. ) ;
#2249 = LINE ( 'NONE', #5024, #90 ) ;
#2250 = FACE_OUTER_BOUND ( 'NONE', #4955, .T. ) ;
#2251 = CARTESIAN_POINT ( 'NONE',  ( 1.379999999999999671, 12.37465984809580277, -1.879109974682634077 ) ) ;
#2252 = ORIENTED_EDGE ( 'NONE', *, *, #3491, .F. ) ;
#2253 = EDGE_CURVE ( 'NONE', #334, #3568, #40, .T. ) ;
#2254 = CYLINDRICAL_SURFACE ( 'NONE', #1141, 0.1499999999999999667 ) ;
#2255 = DIRECTION ( 'NONE',  ( -0.7071067811865403563, 1.082467449009526863E-16, -0.7071067811865547892 ) ) ;
#2256 = AXIS2_PLACEMENT_3D ( 'NONE', #4929, #968, #2572 ) ;
#2257 = DIRECTION ( 'NONE',  ( -1.000000000000000000, -0.000000000000000000, -0.000000000000000000 ) ) ;
#2258 = ORIENTED_EDGE ( 'NONE', *, *, #1246, .T. ) ;
#2259 = CIRCLE ( 'NONE', #2426, 0.1499999999999999667 ) ;
#2260 = CC_DESIGN_PERSON_AND_ORGANIZATION_ASSIGNMENT ( #28, #4769, ( #2480 ) ) ;
#2261 = DIRECTION ( 'NONE',  ( -0.000000000000000000, 1.000000000000000000, 0.000000000000000000 ) ) ;
#2262 = AXIS2_PLACEMENT_3D ( 'NONE', #371, #1206, #1965 ) ;
#2263 = CARTESIAN_POINT ( 'NONE',  ( 7.252000366886311333, 3.200000000000000178, -2.435362535369390180 ) ) ;
#2264 = LINE ( 'NONE', #3074, #2530 ) ;
#2265 = ORIENTED_EDGE ( 'NONE', *, *, #67, .T. ) ;
#2266 = ORIENTED_EDGE ( 'NONE', *, *, #3068, .F. ) ;
#2267 = EDGE_LOOP ( 'NONE', ( #1222, #1175, #1866, #3778, #3521, #1355, #89, #4787 ) ) ;
#2268 = CIRCLE ( 'NONE', #16, 0.1000000000000001443 ) ;
#2269 = AXIS2_PLACEMENT_3D ( 'NONE', #4766, #3879, #3566 ) ;
#2270 = DIRECTION ( 'NONE',  ( -1.000000000000000000, -0.000000000000000000, -0.000000000000000000 ) ) ;
#2271 = FACE_OUTER_BOUND ( 'NONE', #1566, .T. ) ;
#2272 = CIRCLE ( 'NONE', #4254, 0.02000000000000005246 ) ;
#2273 = VERTEX_POINT ( 'NONE', #4449 ) ;
#2274 = CIRCLE ( 'NONE', #1350, 0.02000000000000003511 ) ;
#2275 = ORIENTED_EDGE ( 'NONE', *, *, #1988, .F. ) ;
#2276 = PERSON_AND_ORGANIZATION_ROLE ( 'creator' ) ;
#2277 = ADVANCED_FACE ( 'NONE', ( #186 ), #525, .T. ) ;
#2278 = EDGE_CURVE ( 'NONE', #2371, #1289, #934, .T. ) ;
#2279 = ADVANCED_FACE ( 'NONE', ( #2564 ), #1691, .T. ) ;
#2280 = EDGE_CURVE ( 'NONE', #1444, #3951, #3206, .T. ) ;
#2281 = DIRECTION ( 'NONE',  ( 0.000000000000000000, 0.000000000000000000, -1.000000000000000000 ) ) ;
#2282 = CARTESIAN_POINT ( 'NONE',  ( 1.379999999999999671, 11.43165542625050612, -5.549999999999999822 ) ) ;
#2283 = ORIENTED_EDGE ( 'NONE', *, *, #2955, .T. ) ;
#2284 = CARTESIAN_POINT ( 'NONE',  ( 0.000000000000000000, 6.500000000000000000, 0.7729309367425446498 ) ) ;
#2285 = CARTESIAN_POINT ( 'NONE',  ( 0.000000000000000000, 3.000000000000000000, 0.000000000000000000 ) ) ;
#2286 = DIRECTION ( 'NONE',  ( 0.7071067811865474617, 0.000000000000000000, 0.7071067811865474617 ) ) ;
#2287 = ADVANCED_FACE ( 'NONE', ( #1778 ), #2715, .T. ) ;
#2288 = CARTESIAN_POINT ( 'NONE',  ( 1.379999999999999671, 0.000000000000000000, -5.549999999999999822 ) ) ;
#2289 = DIRECTION ( 'NONE',  ( 0.000000000000000000, 0.000000000000000000, 1.000000000000000000 ) ) ;
#2290 = CIRCLE ( 'NONE', #1207, 0.02000000000000005246 ) ;
#2291 = CYLINDRICAL_SURFACE ( 'NONE', #4175, 0.02000000000000005246 ) ;
#2292 = CARTESIAN_POINT ( 'NONE',  ( 7.296724953260060431, 8.000000000000000000, 2.297891415291850148 ) ) ;
#2293 = ORIENTED_EDGE ( 'NONE', *, *, #1988, .T. ) ;
#2294 = ORIENTED_EDGE ( 'NONE', *, *, #232, .T. ) ;
#2295 = VERTEX_POINT ( 'NONE', #4556 ) ;
#2296 = DIRECTION ( 'NONE',  ( 0.000000000000000000, 0.000000000000000000, -1.000000000000000000 ) ) ;
#2297 = DIRECTION ( 'NONE',  ( 1.000000000000000000, 0.000000000000000000, 0.000000000000000000 ) ) ;
#2298 = CARTESIAN_POINT ( 'NONE',  ( -1.399999999999999467, 0.02644174998362248258, -0.1586504999017351869 ) ) ;
#2299 = ORIENTED_EDGE ( 'NONE', *, *, #362, .T. ) ;
#2300 = ORIENTED_EDGE ( 'NONE', *, *, #4489, .T. ) ;
#2301 = PERSON_AND_ORGANIZATION_ROLE ( 'design_owner' ) ;
#2302 =( BOUNDED_CURVE ( )  B_SPLINE_CURVE ( 3, ( #5006, #4283, #4980, #3501 ),
 .UNSPECIFIED., .F., .F. ) 
 B_SPLINE_CURVE_WITH_KNOTS ( ( 4, 4 ),
 ( 5.978492653164188653, 6.587877961194983811 ),
 .UNSPECIFIED. ) 
 CURVE ( )  GEOMETRIC_REPRESENTATION_ITEM ( )  RATIONAL_B_SPLINE_CURVE ( ( 1.000000000000000000, 0.9692928009446304394, 0.9692928009446304394, 1.000000000000000000 ) ) 
 REPRESENTATION_ITEM ( '' )  );
#2303 = PLANE ( 'NONE',  #4496 ) ;
#2304 = CARTESIAN_POINT ( 'NONE',  ( 2.179449471770337432, 1.500000000000000444, -4.500000000000000000 ) ) ;
#2305 = CARTESIAN_POINT ( 'NONE',  ( 1.380279994234274055, 6.500000000000000000, -0.7736979242907003895 ) ) ;
#2306 = EDGE_CURVE ( 'NONE', #3994, #3897, #1537, .T. ) ;
#2307 = AXIS2_PLACEMENT_3D ( 'NONE', #4172, #4560, #5029 ) ;
#2308 = CARTESIAN_POINT ( 'NONE',  ( -1.393823247546297939, 6.500000000000000000, -0.8140959846906093977 ) ) ;
#2309 = DIRECTION ( 'NONE',  ( 0.000000000000000000, 1.000000000000000000, -0.000000000000000000 ) ) ;
#2310 = DIRECTION ( 'NONE',  ( 1.000000000000000000, 2.168404344971008252E-17, 8.673617379884035472E-17 ) ) ;
#2311 = EDGE_LOOP ( 'NONE', ( #26, #1407, #1215, #2024 ) ) ;
#2312 = EDGE_CURVE ( 'NONE', #1925, #538, #476, .T. ) ;
#2313 = CARTESIAN_POINT ( 'NONE',  ( 1.399999999999999689, 12.48000000000000220, 4.343903740188081564 ) ) ;
#2314 = LINE ( 'NONE', #3479, #2189 ) ;
#2315 = SECURITY_CLASSIFICATION ( '', '', #1267 ) ;
#2316 = CARTESIAN_POINT ( 'NONE',  ( 3.405877273185280885, 6.500000000000000000, 6.850000000000000533 ) ) ;
#2317 = VERTEX_POINT ( 'NONE', #2539 ) ;
#2318 = ORIENTED_EDGE ( 'NONE', *, *, #2881, .T. ) ;
#2319 = ORIENTED_EDGE ( 'NONE', *, *, #966, .T. ) ;
#2320 = AXIS2_PLACEMENT_3D ( 'NONE', #535, #2127, #3408 ) ;
#2321 = CARTESIAN_POINT ( 'NONE',  ( -3.055710216370185250, 1.499999999999999112, -7.013830305757052130 ) ) ;
#2322 = FACE_OUTER_BOUND ( 'NONE', #2469, .T. ) ;
#2323 = CYLINDRICAL_SURFACE ( 'NONE', #4920, 0.02000000000000053471 ) ;
#2324 = VERTEX_POINT ( 'NONE', #2066 ) ;
#2325 = ORIENTED_EDGE ( 'NONE', *, *, #1025, .T. ) ;
#2326 = AXIS2_PLACEMENT_3D ( 'NONE', #3861, #1597, #1886 ) ;
#2327 = APPROVAL_ROLE ( '' ) ;
#2328 = CC_DESIGN_PERSON_AND_ORGANIZATION_ASSIGNMENT ( #494, #2425, ( #2480 ) ) ;
#2329 = CARTESIAN_POINT ( 'NONE',  ( 2.312024219028190775, 5.951057409446828039, 4.433344562587832272 ) ) ;
#2330 = CARTESIAN_POINT ( 'NONE',  ( 0.000000000000000000, 7.500000000000000000, 0.000000000000000000 ) ) ;
#2331 = DIRECTION ( 'NONE',  ( -0.000000000000000000, 1.000000000000000000, -0.000000000000000000 ) ) ;
#2332 = B_SPLINE_CURVE_WITH_KNOTS ( 'NONE', 3,
 ( #2205, #4877, #2991, #3787, #219, #1417, #2907, #1813, #4511, #911 ),
 .UNSPECIFIED., .F., .F.,
 ( 4, 2, 2, 2, 4 ),
 ( 8.673617379884035472E-19, 0.0002774483335560882580, 0.0004161725003341315739, 0.0004855345837231535571, 0.0005548966671121755402 ),
 .UNSPECIFIED. ) ;
#2333 = DIRECTION ( 'NONE',  ( -0.000000000000000000, 1.000000000000000000, -0.000000000000000000 ) ) ;
#2334 = DIRECTION ( 'NONE',  ( -8.409885494133522965E-15, 0.5961196035938423066, 0.8028956459037004390 ) ) ;
#2335 = CARTESIAN_POINT ( 'NONE',  ( -1.400000000000000355, 9.655153745424975398, 5.498426807238718794 ) ) ;
#2336 = ORIENTED_EDGE ( 'NONE', *, *, #1894, .F. ) ;
#2337 = LINE ( 'NONE', #748, #1122 ) ;
#2338 = DIRECTION ( 'NONE',  ( 1.000000000000000000, 2.168404344971008252E-17, 8.673617379884035472E-17 ) ) ;
#2339 = EDGE_CURVE ( 'NONE', #341, #3510, #3038, .T. ) ;
#2340 = DIRECTION ( 'NONE',  ( -8.673617379884035472E-17, -1.880790961315659671E-33, -1.000000000000000000 ) ) ;
#2341 = VECTOR ( 'NONE', #230, 1000.000000000000114 ) ;
#2342 = ORIENTED_EDGE ( 'NONE', *, *, #2881, .F. ) ;
#2343 = ORIENTED_EDGE ( 'NONE', *, *, #2977, .T. ) ;
#2344 = EDGE_LOOP ( 'NONE', ( #4020, #922, #3772, #2560 ) ) ;
#2345 = ADVANCED_FACE ( 'NONE', ( #501 ), #80, .T. ) ;
#2346 = CYLINDRICAL_SURFACE ( 'NONE', #4972, 5.000000000000000000 ) ;
#2347 = FACE_OUTER_BOUND ( 'NONE', #1758, .T. ) ;
#2348 = LINE ( 'NONE', #1564, #2688 ) ;
#2349 = AXIS2_PLACEMENT_3D ( 'NONE', #1884, #630, #1043 ) ;
#2350 = ORIENTED_EDGE ( 'NONE', *, *, #2631, .T. ) ;
#2351 = ADVANCED_FACE ( 'NONE', ( #4476 ), #548, .T. ) ;
#2352 = ORIENTED_EDGE ( 'NONE', *, *, #3549, .T. ) ;
#2353 = DATE_AND_TIME ( #1068, #4885 ) ;
#2354 = AXIS2_PLACEMENT_3D ( 'NONE', #2840, #2448, #4025 ) ;
#2355 = B_SPLINE_CURVE_WITH_KNOTS ( 'NONE', 3,
 ( #1371, #4493, #4935, #2968, #590, #4517, #1706, #949, #3299, #1426 ),
 .UNSPECIFIED., .F., .F.,
 ( 4, 2, 2, 2, 4 ),
 ( 0.000000000000000000, 7.024607880191284862E-05, 0.0001404921576038256972, 0.0002809843152076510692, 0.0005619686304153021384 ),
 .UNSPECIFIED. ) ;
#2356 = CARTESIAN_POINT ( 'NONE',  ( 1.379999999999999671, 2.790441948979335951, -2.426471259982029505 ) ) ;
#2357 = EDGE_CURVE ( 'NONE', #915, #204, #3723, .T. ) ;
#2358 = AXIS2_PLACEMENT_3D ( 'NONE', #2028, #3617, #50 ) ;
#2359 = AXIS2_PLACEMENT_3D ( 'NONE', #1745, #500, #2086 ) ;
#2360 = AXIS2_PLACEMENT_3D ( 'NONE', #2682, #5085, #4592 ) ;
#2361 = CARTESIAN_POINT ( 'NONE',  ( -1.400000000000000133, 6.500000000000000000, 4.549999999999999822 ) ) ;
#2362 = PLANE ( 'NONE',  #4985 ) ;
#2363 = LINE ( 'NONE', #1160, #4003 ) ;
#2364 = CARTESIAN_POINT ( 'NONE',  ( -1.400000000000000133, 8.631655426250501861, 4.379999999999999893 ) ) ;
#2365 = AXIS2_PLACEMENT_3D ( 'NONE', #4205, #1477, #1557 ) ;
#2366 = CARTESIAN_POINT ( 'NONE',  ( 1.379999999999999671, 11.43165542625050612, -5.530000000000000249 ) ) ;
#2367 = CARTESIAN_POINT ( 'NONE',  ( 1.399999999999999689, 6.649999999999999467, 4.379999999999999893 ) ) ;
#2368 = DIRECTION ( 'NONE',  ( 0.000000000000000000, 0.000000000000000000, 1.000000000000000000 ) ) ;
#2369 = ORIENTED_EDGE ( 'NONE', *, *, #76, .T. ) ;
#2370 = ORIENTED_EDGE ( 'NONE', *, *, #863, .T. ) ;
#2371 = VERTEX_POINT ( 'NONE', #4083 ) ;
#2372 = EDGE_CURVE ( 'NONE', #636, #4078, #157, .T. ) ;
#2373 = EDGE_CURVE ( 'NONE', #4153, #2, #2290, .T. ) ;
#2374 = TOROIDAL_SURFACE ( 'NONE', #201, 5.500000000000000000, 0.5000000000000000000 ) ;
#2375 = PLANE ( 'NONE',  #2237 ) ;
#2376 = DIRECTION ( 'NONE',  ( 0.000000000000000000, -0.1643989873053274264, 0.9863939238321487446 ) ) ;
#2377 = LINE ( 'NONE', #2298, #4830 ) ;
#2378 = AXIS2_PLACEMENT_3D ( 'NONE', #2366, #4257, #3842 ) ;
#2379 = EDGE_LOOP ( 'NONE', ( #1953, #4098, #4917, #1650 ) ) ;
#2380 = VERTEX_POINT ( 'NONE', #4975 ) ;
#2381 = PERSON_AND_ORGANIZATION_ROLE ( 'creator' ) ;
#2382 = DIRECTION ( 'NONE',  ( 0.000000000000000000, -0.6561787149247864104, -0.7546055221635050714 ) ) ;
#2383 = CARTESIAN_POINT ( 'NONE',  ( -2.885102807365160338, 3.000000000000000000, 7.085102807365162292 ) ) ;
#2384 = CARTESIAN_POINT ( 'NONE',  ( 1.379999999999999671, 12.50000000000000000, -4.343903740188081564 ) ) ;
#2385 = CARTESIAN_POINT ( 'NONE',  ( 2.312024219028190775, 5.951057409446828039, 4.433344562587832272 ) ) ;
#2386 = CARTESIAN_POINT ( 'NONE',  ( 2.489362245493009329, 3.101558808504984110, -7.233668728588426688 ) ) ;
#2387 = PLANE ( 'NONE',  #1363 ) ;
#2388 = DIRECTION ( 'NONE',  ( 0.000000000000000000, 0.000000000000000000, 1.000000000000000000 ) ) ;
#2389 = DIRECTION ( 'NONE',  ( 0.000000000000000000, 0.9863939238321437486, -0.1643989873053572637 ) ) ;
#2390 = VECTOR ( 'NONE', #3222, 1000.000000000000000 ) ;
#2391 = DIRECTION ( 'NONE',  ( 0.000000000000000000, 0.000000000000000000, 1.000000000000000000 ) ) ;
#2392 = DESIGN_CONTEXT ( 'detailed design', #2575, 'design' ) ;
#2393 = ORIENTED_EDGE ( 'NONE', *, *, #342, .T. ) ;
#2394 = ORIENTED_EDGE ( 'NONE', *, *, #3797, .T. ) ;
#2395 = CARTESIAN_POINT ( 'NONE',  ( -1.380279994234274055, 6.500000000000000000, 0.7736979242907003895 ) ) ;
#2396 = CARTESIAN_POINT ( 'NONE',  ( -1.379999999999999893, -2.992397996059990389E-17, 4.379999999999999893 ) ) ;
#2397 = SECURITY_CLASSIFICATION ( '', '', #4002 ) ;
#2398 = DIRECTION ( 'NONE',  ( 7.968020348514244863E-17, -0.6561787149247862994, -0.7546055221635049604 ) ) ;
#2399 = EDGE_LOOP ( 'NONE', ( #2275, #2032, #4544, #4000 ) ) ;
#2400 = ORIENTED_EDGE ( 'NONE', *, *, #1053, .F. ) ;
#2401 = SHAPE_DEFINITION_REPRESENTATION ( #2171, #3059 ) ;
#2402 = AXIS2_PLACEMENT_3D ( 'NONE', #3105, #823, #3273 ) ;
#2403 = CARTESIAN_POINT ( 'NONE',  ( 1.393823247546297939, 6.500000000000000000, 4.508834952051935296 ) ) ;
#2404 = CIRCLE ( 'NONE', #4225, 0.01999999999999996225 ) ;
#2405 = ADVANCED_FACE ( 'NONE', ( #4217 ), #4279, .T. ) ;
#2406 =( NAMED_UNIT ( * ) PLANE_ANGLE_UNIT ( ) SI_UNIT ( $, .RADIAN. ) );
#2407 = EDGE_CURVE ( 'NONE', #3567, #1925, #1913, .T. ) ;
#2408 = APPROVAL_PERSON_ORGANIZATION ( #1042, #2868, #601 ) ;
#2409 = CARTESIAN_POINT ( 'NONE',  ( 1.379999999999999671, 9.281463325509363926, 8.070837674355974656 ) ) ;
#2410 = CARTESIAN_POINT ( 'NONE',  ( 2.966664951328145339, 3.021034482758619522, -5.087985294887761079 ) ) ;
#2411 = DIRECTION ( 'NONE',  ( 0.000000000000000000, 1.000000000000000000, 0.000000000000000000 ) ) ;
#2412 = EDGE_CURVE ( 'NONE', #707, #135, #3945, .T. ) ;
#2413 = CARTESIAN_POINT ( 'NONE',  ( -4.741034782807846071, 7.947103280109118373, -2.234160359978236254 ) ) ;
#2414 = FACE_OUTER_BOUND ( 'NONE', #336, .T. ) ;
#2415 = CARTESIAN_POINT ( 'NONE',  ( 1.379999999999999671, 12.50000000000000000, -4.343903740188082452 ) ) ;
#2416 = VERTEX_POINT ( 'NONE', #631 ) ;
#2417 = ORIENTED_EDGE ( 'NONE', *, *, #4874, .T. ) ;
#2418 = CC_DESIGN_PERSON_AND_ORGANIZATION_ASSIGNMENT ( #2528, #4600, ( #3890 ) ) ;
#2419 = DIRECTION ( 'NONE',  ( -0.000000000000000000, -1.000000000000000000, -0.000000000000000000 ) ) ;
#2420 = CARTESIAN_POINT ( 'NONE',  ( 3.140055051430242106, 1.508506057664685152, -6.976435135045774061 ) ) ;
#2421 = FACE_OUTER_BOUND ( 'NONE', #4768, .T. ) ;
#2422 = CIRCLE ( 'NONE', #3657, 7.650000000000000355 ) ;
#2423 = EDGE_LOOP ( 'NONE', ( #999, #1983, #889, #1458 ) ) ;
#2424 = VERTEX_POINT ( 'NONE', #1044 ) ;
#2425 = PERSON_AND_ORGANIZATION_ROLE ( 'creator' ) ;
#2426 = AXIS2_PLACEMENT_3D ( 'NONE', #4849, #481, #4823 ) ;
#2427 = CARTESIAN_POINT ( 'NONE',  ( -2.179449471770337432, 8.000000000000000000, 4.999999999999999112 ) ) ;
#2428 = VECTOR ( 'NONE', #2976, 1000.000000000000114 ) ;
#2429 = EDGE_CURVE ( 'NONE', #3757, #437, #3832, .T. ) ;
#2430 = EDGE_CURVE ( 'NONE', #4986, #3586, #3446, .T. ) ;
#2431 = EDGE_CURVE ( 'NONE', #2273, #497, #2199, .T. ) ;
#2432 = EDGE_CURVE ( 'NONE', #1908, #1362, #3495, .T. ) ;
#2433 = AXIS2_PLACEMENT_3D ( 'NONE', #3565, #1087, #2696 ) ;
#2434 = DIRECTION ( 'NONE',  ( 1.000000000000000000, 0.000000000000000000, 0.000000000000000000 ) ) ;
#2435 = AXIS2_PLACEMENT_3D ( 'NONE', #1892, #1528, #4703 ) ;
#2436 = DIRECTION ( 'NONE',  ( -1.000000000000000000, 0.000000000000000000, 0.000000000000000000 ) ) ;
#2437 = LINE ( 'NONE', #4450, #1910 ) ;
#2438 = CARTESIAN_POINT ( 'NONE',  ( -1.397319086605161909, 6.500000000000000000, -4.496202024374977846 ) ) ;
#2439 = CIRCLE ( 'NONE', #3764, 0.01999999999999996225 ) ;
#2440 = AXIS2_PLACEMENT_3D ( 'NONE', #3309, #4032, #4057 ) ;
#2441 = DIRECTION ( 'NONE',  ( 1.000000000000000000, 0.000000000000000000, 0.000000000000000000 ) ) ;
#2442 = ADVANCED_FACE ( 'NONE', ( #1412 ), #4664, .T. ) ;
#2443 = DIRECTION ( 'NONE',  ( 0.000000000000000000, -0.7546055221635206145, 0.6561787149247685358 ) ) ;
#2444 = CARTESIAN_POINT ( 'NONE',  ( 1.379999999999999671, 6.649999999999999467, 4.400000000000000355 ) ) ;
#2445 = VERTEX_POINT ( 'NONE', #710 ) ;
#2446 = DIRECTION ( 'NONE',  ( 0.000000000000000000, -0.6561787149247862994, -0.7546055221635049604 ) ) ;
#2447 = LINE ( 'NONE', #4491, #4587 ) ;
#2448 = DIRECTION ( 'NONE',  ( 1.000000000000000000, 0.000000000000000000, 0.000000000000000000 ) ) ;
#2449 = VECTOR ( 'NONE', #2102, 1000.000000000000000 ) ;
#2450 = VERTEX_POINT ( 'NONE', #2590 ) ;
#2451 = AXIS2_PLACEMENT_3D ( 'NONE', #2784, #3919, #378 ) ;
#2452 = ORIENTED_EDGE ( 'NONE', *, *, #4647, .F. ) ;
#2453 = CALENDAR_DATE ( 2026, 5, 10 ) ;
#2454 = VECTOR ( 'NONE', #581, 1000.000000000000000 ) ;
#2455 = DIRECTION ( 'NONE',  ( 0.000000000000000000, -0.6561787149247684248, 0.7546055221635205035 ) ) ;
#2456 = CIRCLE ( 'NONE', #862, 5.500000000000000000 ) ;
#2457 = ORIENTED_EDGE ( 'NONE', *, *, #2887, .T. ) ;
#2458 =( NAMED_UNIT ( * ) PLANE_ANGLE_UNIT ( ) SI_UNIT ( $, .RADIAN. ) );
#2459 = LINE ( 'NONE', #1666, #440 ) ;
#2460 = B_SPLINE_CURVE_WITH_KNOTS ( 'NONE', 3,
 ( #1220, #3208, #2420, #824, #849, #490, #4387, #4784, #2839, #3226 ),
 .UNSPECIFIED., .F., .F.,
 ( 4, 2, 2, 2, 4 ),
 ( 0.000000000000000000, 0.0002774483335560877159, 0.0004161725003341309233, 0.0004855345837231522560, 0.0005548966671121735887 ),
 .UNSPECIFIED. ) ;
#2461 = DIRECTION ( 'NONE',  ( 0.000000000000000000, 2.040851148208008235E-14, -1.000000000000000000 ) ) ;
#2462 = LINE ( 'NONE', #4797, #3569 ) ;
#2463 = ADVANCED_FACE ( 'NONE', ( #4581 ), #3783, .F. ) ;
#2464 = DIRECTION ( 'NONE',  ( -0.5120428415488804674, -0.6896551724137937045, 0.5120428415488771368 ) ) ;
#2465 = CARTESIAN_POINT ( 'NONE',  ( 1.379999999999999671, 12.50000000000000000, 2.027069063257455728 ) ) ;
#2466 = CARTESIAN_POINT ( 'NONE',  ( 4.400384907664998124, 6.000000000000000000, -2.279064564105333979 ) ) ;
#2467 = LINE ( 'NONE', #508, #4838 ) ;
#2468 = DIRECTION ( 'NONE',  ( 0.000000000000000000, 0.6561787149247684248, -0.7546055221635205035 ) ) ;
#2469 = EDGE_LOOP ( 'NONE', ( #4537, #205, #2643, #2534 ) ) ;
#2470 = EDGE_CURVE ( 'NONE', #1046, #438, #3469, .T. ) ;
#2471 = CARTESIAN_POINT ( 'NONE',  ( -1.393823247546297717, 6.500000000000000000, 0.8140959846906092867 ) ) ;
#2472 = VECTOR ( 'NONE', #2812, 1000.000000000000000 ) ;
#2473 = DIRECTION ( 'NONE',  ( -0.000000000000000000, 0.6561787149247869655, 0.7546055221635044052 ) ) ;
#2474 = DIRECTION ( 'NONE',  ( 0.000000000000000000, -1.000000000000000000, 0.000000000000000000 ) ) ;
#2475 = ORIENTED_EDGE ( 'NONE', *, *, #3396, .T. ) ;
#2476 = ORIENTED_EDGE ( 'NONE', *, *, #3964, .F. ) ;
#2477 = CARTESIAN_POINT ( 'NONE',  ( 7.252000366886311333, 8.000000000000000000, -2.435362535369390180 ) ) ;
#2478 = FACE_OUTER_BOUND ( 'NONE', #3393, .T. ) ;
#2479 = ORIENTED_EDGE ( 'NONE', *, *, #1572, .F. ) ;
#2480 = PRODUCT_DEFINITION_FORMATION_WITH_SPECIFIED_SOURCE ( 'ANY', '', #1751, .NOT_KNOWN. ) ;
#2481 = SHAPE_REPRESENTATION_RELATIONSHIP ( 'NONE' , 'NONE' ,  #3528, #4300 ) ;
#2482 = CC_DESIGN_PERSON_AND_ORGANIZATION_ASSIGNMENT ( #55, #4833, ( #2397 ) ) ;
#2483 = AXIS2_PLACEMENT_3D ( 'NONE', #1119, #1980, #3877 ) ;
#2484 = CARTESIAN_POINT ( 'NONE',  ( 2.312024219028192551, 2.048942590553173293, 4.433344562587834048 ) ) ;
#2485 = DIRECTION ( 'NONE',  ( 0.000000000000000000, 0.000000000000000000, -1.000000000000000000 ) ) ;
#2486 = CARTESIAN_POINT ( 'NONE',  ( -7.239573367979930119, 3.116536647565487872, 2.472101282769620934 ) ) ;
#2487 = DIRECTION ( 'NONE',  ( 0.000000000000000000, 0.000000000000000000, -1.000000000000000000 ) ) ;
#2488 = CARTESIAN_POINT ( 'NONE',  ( -1.380000000000000115, 6.649999999999999467, -4.549999999999999822 ) ) ;
#2489 = CARTESIAN_POINT ( 'NONE',  ( 1.399999999999999689, 6.500000000000000000, 0.000000000000000000 ) ) ;
#2490 = DIRECTION ( 'NONE',  ( -0.000000000000000000, 0.000000000000000000, -1.000000000000000000 ) ) ;
#2491 = ORIENTED_EDGE ( 'NONE', *, *, #488, .T. ) ;
#2492 = VERTEX_POINT ( 'NONE', #2304 ) ;
#2493 = ADVANCED_FACE ( 'NONE', ( #1441 ), #1868, .T. ) ;
#2494 = EDGE_CURVE ( 'NONE', #1289, #3132, #240, .T. ) ;
#2495 = DIRECTION ( 'NONE',  ( 0.7071067811865453523, 0.000000000000000000, 0.7071067811865497932 ) ) ;
#2496 = CARTESIAN_POINT ( 'NONE',  ( 0.000000000000000000, 6.500000000000000000, 0.000000000000000000 ) ) ;
#2497 = DIRECTION ( 'NONE',  ( -1.000000000000000000, -0.000000000000000000, -0.000000000000000000 ) ) ;
#2498 = CARTESIAN_POINT ( 'NONE',  ( -4.400384907665015000, 2.000000000000000444, 2.279064564105303337 ) ) ;
#2499 = ORIENTED_EDGE ( 'NONE', *, *, #2562, .F. ) ;
#2500 = EDGE_LOOP ( 'NONE', ( #1543, #4551, #1584, #3669 ) ) ;
#2501 = APPLICATION_PROTOCOL_DEFINITION ( 'international standard', 'config_control_design', 1994, #4523 ) ;
#2502 = VECTOR ( 'NONE', #2531, 1000.000000000000000 ) ;
#2503 = PLANE ( 'NONE',  #2167 ) ;
#2504 = DIRECTION ( 'NONE',  ( 0.000000000000000000, 0.000000000000000000, -1.000000000000000000 ) ) ;
#2505 = ADVANCED_FACE ( 'NONE', ( #2250 ), #268, .F. ) ;
#2506 = ORIENTED_EDGE ( 'NONE', *, *, #237, .T. ) ;
#2507 = CIRCLE ( 'NONE', #1330, 0.1299999999999998934 ) ;
#2508 = CIRCLE ( 'NONE', #1670, 0.1700000000000000122 ) ;
#2509 = CARTESIAN_POINT ( 'NONE',  ( 1.397319086605161464, 6.500000000000000000, 0.8267289123675667373 ) ) ;
#2510 = DIRECTION ( 'NONE',  ( -0.4876598490941762565, -0.7241379310344820963, 0.4876598490941660424 ) ) ;
#2511 = CARTESIAN_POINT ( 'NONE',  ( 0.000000000000000000, 12.37465984809580277, -1.879109974682634077 ) ) ;
#2512 = FACE_OUTER_BOUND ( 'NONE', #2745, .T. ) ;
#2513 = VERTEX_POINT ( 'NONE', #4243 ) ;
#2514 = VECTOR ( 'NONE', #3893, 1000.000000000000000 ) ;
#2515 = CARTESIAN_POINT ( 'NONE',  ( -1.380000000000000115, 6.500000000000000000, 4.549999999999999822 ) ) ;
#2516 = DIRECTION ( 'NONE',  ( 0.000000000000000000, -0.9863939238321488556, 0.1643989873053274264 ) ) ;
#2517 = CYLINDRICAL_SURFACE ( 'NONE', #3477, 0.1499999999999999667 ) ;
#2518 = CIRCLE ( 'NONE', #3189, 0.1299999999999998934 ) ;
#2519 = CIRCLE ( 'NONE', #3349, 0.1299999999999998934 ) ;
#2520 = ORIENTED_EDGE ( 'NONE', *, *, #3576, .T. ) ;
#2521 = ORIENTED_EDGE ( 'NONE', *, *, #4012, .T. ) ;
#2522 = DIRECTION ( 'NONE',  ( 0.000000000000000000, 0.000000000000000000, 1.000000000000000000 ) ) ;
#2523 = FACE_OUTER_BOUND ( 'NONE', #3958, .T. ) ;
#2524 = ADVANCED_FACE ( 'NONE', ( #682 ), #2374, .T. ) ;
#2525 = CARTESIAN_POINT ( 'NONE',  ( -2.969848480983500405, 1.499999999999999556, 7.049999999999999822 ) ) ;
#2526 = VERTEX_POINT ( 'NONE', #3860 ) ;
#2527 = ORIENTED_EDGE ( 'NONE', *, *, #1025, .F. ) ;
#2528 = PERSON_AND_ORGANIZATION ( #337, #1688 ) ;
#2529 = EDGE_CURVE ( 'NONE', #3380, #2050, #117, .T. ) ;
#2530 = VECTOR ( 'NONE', #721, 1000.000000000000114 ) ;
#2531 = DIRECTION ( 'NONE',  ( -0.000000000000000000, 1.000000000000000000, -0.000000000000000000 ) ) ;
#2532 = CARTESIAN_POINT ( 'NONE',  ( 1.379999999999999671, 6.649999999999999467, 4.379999999999999893 ) ) ;
#2533 = AXIS2_PLACEMENT_3D ( 'NONE', #1472, #3066, #1024 ) ;
#2534 = ORIENTED_EDGE ( 'NONE', *, *, #1893, .T. ) ;
#2535 = ORIENTED_EDGE ( 'NONE', *, *, #4939, .T. ) ;
#2536 = SHAPE_DEFINITION_REPRESENTATION ( #4118, #2155 ) ;
#2537 = AXIS2_PLACEMENT_3D ( 'NONE', #4429, #3266, #3732 ) ;
#2538 = FACE_OUTER_BOUND ( 'NONE', #4759, .T. ) ;
#2539 = CARTESIAN_POINT ( 'NONE',  ( -2.966664951328131128, 4.978965517241379146, -5.087985294887771737 ) ) ;
#2540 = PLANE ( 'NONE',  #1990 ) ;
#2541 = CARTESIAN_POINT ( 'NONE',  ( 1.379999999999999671, 6.625340151904196340, -0.9208900253173660788 ) ) ;
#2542 = B_SPLINE_CURVE_WITH_KNOTS ( 'NONE', 3,
 ( #127, #2192, #176, #980, #5046, #3746 ),
 .UNSPECIFIED., .F., .F.,
 ( 4, 2, 4 ),
 ( -6.928927488287607953E-06, 0.0003913249075196675105, 0.0007895787425276227026 ),
 .UNSPECIFIED. ) ;
#2543 = ORIENTED_EDGE ( 'NONE', *, *, #1869, .F. ) ;
#2544 = CARTESIAN_POINT ( 'NONE',  ( -1.380000000000000115, 9.670245855868245144, 5.485303232940222706 ) ) ;
#2545 = CARTESIAN_POINT ( 'NONE',  ( 4.500000000000000000, 7.500000000000000000, -2.179449471770337432 ) ) ;
#2546 = ORIENTED_EDGE ( 'NONE', *, *, #3448, .F. ) ;
#2547 = UNCERTAINTY_MEASURE_WITH_UNIT (LENGTH_MEASURE( 1.000000000000000082E-05 ), #1547, 'distance_accuracy_value', 'NONE');
#2548 = ORIENTED_EDGE ( 'NONE', *, *, #1967, .F. ) ;
#2549 = DIRECTION ( 'NONE',  ( 0.000000000000000000, 0.1643989873053574580, 0.9863939238321437486 ) ) ;
#2550 = PRODUCT_DEFINITION_SHAPE ( 'NONE', 'NONE',  #1880 ) ;
#2551 = CARTESIAN_POINT ( 'NONE',  ( 2.279064564105362400, 6.000000000000000000, -4.400384907664983025 ) ) ;
#2552 = CARTESIAN_POINT ( 'NONE',  ( 1.399999999999999689, 8.759938365018300033, 4.438449618462785295 ) ) ;
#2553 = ORIENTED_EDGE ( 'NONE', *, *, #5062, .F. ) ;
#2554 = ORIENTED_EDGE ( 'NONE', *, *, #4869, .T. ) ;
#2555 = VERTEX_POINT ( 'NONE', #5104 ) ;
#2556 = AXIS2_PLACEMENT_3D ( 'NONE', #274, #634, #4670 ) ;
#2557 = FACE_OUTER_BOUND ( 'NONE', #3619, .T. ) ;
#2558 = LINE ( 'NONE', #3826, #3098 ) ;
#2559 = ORIENTED_EDGE ( 'NONE', *, *, #4071, .F. ) ;
#2560 = ORIENTED_EDGE ( 'NONE', *, *, #2977, .F. ) ;
#2561 = CALENDAR_DATE ( 2026, 5, 10 ) ;
#2562 = EDGE_CURVE ( 'NONE', #361, #846, #1364, .T. ) ;
#2563 = DIRECTION ( 'NONE',  ( 1.000000000000000000, 0.000000000000000000, 0.000000000000000000 ) ) ;
#2564 = FACE_OUTER_BOUND ( 'NONE', #4446, .T. ) ;
#2565 = ORGANIZATION ( 'NAUO-ORG1', 'UNSPECIFIED', 'UNSPECIFIED' ) ;
#2566 = CARTESIAN_POINT ( 'NONE',  ( 4.027325123107964089, 3.021034482758620410, -4.027325123107938332 ) ) ;
#2567 = EDGE_CURVE ( 'NONE', #2324, #2164, #4776, .T. ) ;
#2568 = DIRECTION ( 'NONE',  ( 0.000000000000000000, 0.000000000000000000, -1.000000000000000000 ) ) ;
#2569 = ORIENTED_EDGE ( 'NONE', *, *, #1987, .F. ) ;
#2570 = AXIS2_PLACEMENT_3D ( 'NONE', #3564, #3133, #3180 ) ;
#2571 = DIRECTION ( 'NONE',  ( 0.000000000000000000, 0.000000000000000000, -1.000000000000000000 ) ) ;
#2572 = DIRECTION ( 'NONE',  ( 1.000000000000000000, 0.000000000000000000, 0.000000000000000000 ) ) ;
#2573 = EDGE_CURVE ( 'NONE', #1851, #1354, #1785, .T. ) ;
#2574 = ORIENTED_EDGE ( 'NONE', *, *, #3069, .F. ) ;
#2575 = APPLICATION_CONTEXT ( 'configuration controlled 3d designs of mechanical parts and assemblies' ) ;
#2576 = PLANE ( 'NONE',  #2320 ) ;
#2577 = EDGE_CURVE ( 'NONE', #2775, #78, #3760, .T. ) ;
#2578 = FACE_OUTER_BOUND ( 'NONE', #3050, .T. ) ;
#2579 = CARTESIAN_POINT ( 'NONE',  ( 1.399999999999999689, 11.52975414413175947, 5.485303232940221818 ) ) ;
#2580 = ORIENTED_EDGE ( 'NONE', *, *, #673, .T. ) ;
#2581 = ORIENTED_EDGE ( 'NONE', *, *, #104, .T. ) ;
#2582 = ORIENTED_EDGE ( 'NONE', *, *, #1797, .T. ) ;
#2583 = APPROVAL ( #1125, 'UNSPECIFIED' ) ;
#2584 = CARTESIAN_POINT ( 'NONE',  ( 2.312024219028203653, 5.951057409446828039, -4.433344562587824278 ) ) ;
#2585 = LINE ( 'NONE', #4159, #3921 ) ;
#2586 = ORIENTED_EDGE ( 'NONE', *, *, #4790, .T. ) ;
#2587 = VERTEX_POINT ( 'NONE', #190 ) ;
#2588 = PERSON_AND_ORGANIZATION_ROLE ( 'creator' ) ;
#2589 = LINE ( 'NONE', #3806, #4504 ) ;
#2590 = CARTESIAN_POINT ( 'NONE',  ( -5.087985294887802823, 3.021034482758620854, 2.966664951328077393 ) ) ;
#2591 = EDGE_CURVE ( 'NONE', #1123, #438, #4510, .T. ) ;
#2592 = VECTOR ( 'NONE', #1969, 1000.000000000000000 ) ;
#2593 = CARTESIAN_POINT ( 'NONE',  ( 1.379999999999999671, 9.655153745424977174, 5.498426807238720571 ) ) ;
#2594 = ADVANCED_FACE ( 'NONE', ( #480, #3700 ), #1389, .T. ) ;
#2595 = CARTESIAN_POINT ( 'NONE',  ( 1.379999999999999671, 12.34999999999999964, 4.343903740188081564 ) ) ;
#2596 = ORIENTED_EDGE ( 'NONE', *, *, #990, .F. ) ;
#2597 = EDGE_CURVE ( 'NONE', #4667, #1406, #1672, .T. ) ;
#2598 = EDGE_CURVE ( 'NONE', #4457, #2445, #4188, .T. ) ;
#2599 = CARTESIAN_POINT ( 'NONE',  ( 0.000000000000000000, 8.631655426250503638, 4.400000000000000355 ) ) ;
#2600 = CARTESIAN_POINT ( 'NONE',  ( -1.379999999999999893, 12.48000000000000043, -2.027069063257456172 ) ) ;
#2601 = FACE_OUTER_BOUND ( 'NONE', #1334, .T. ) ;
#2602 = TOROIDAL_SURFACE ( 'NONE', #1003, 0.1699999999999999845, 0.02000000000000000042 ) ;
#2603 = ORIENTED_EDGE ( 'NONE', *, *, #2948, .F. ) ;
#2604 = VECTOR ( 'NONE', #755, 1000.000000000000114 ) ;
#2605 = CYLINDRICAL_SURFACE ( 'NONE', #888, 0.2000000000000002331 ) ;
#2606 = AXIS2_PLACEMENT_3D ( 'NONE', #4369, #1199, #4266 ) ;
#2607 = CARTESIAN_POINT ( 'NONE',  ( 5.036781010732892305, 3.089999999999999858, -2.915460667173224607 ) ) ;
#2608 = AXIS2_PLACEMENT_3D ( 'NONE', #3601, #37, #1621 ) ;
#2609 = LINE ( 'NONE', #3685, #1113 ) ;
#2610 = ORIENTED_EDGE ( 'NONE', *, *, #3955, .F. ) ;
#2611 = ORIENTED_EDGE ( 'NONE', *, *, #2639, .T. ) ;
#2612 = EDGE_LOOP ( 'NONE', ( #773, #1683, #3802, #2229 ) ) ;
#2613 = PERSON_AND_ORGANIZATION_ROLE ( 'classification_officer' ) ;
#2614 = AXIS2_PLACEMENT_3D ( 'NONE', #3200, #866, #842 ) ;
#2615 = CARTESIAN_POINT ( 'NONE',  ( -8.150000000000030553, 8.150000000000000355, 0.000000000000000000 ) ) ;
#2616 = CYLINDRICAL_SURFACE ( 'NONE', #1671, 0.1499999999999999667 ) ;
#2617 = VERTEX_POINT ( 'NONE', #4087 ) ;
#2618 = VERTEX_POINT ( 'NONE', #2070 ) ;
#2619 = CALENDAR_DATE ( 2026, 5, 10 ) ;
#2620 = AXIS2_PLACEMENT_3D ( 'NONE', #3508, #4707, #4313 ) ;
#2621 = DIRECTION ( 'NONE',  ( 0.000000000000000000, -0.1643989873053704753, 0.9863939238321415282 ) ) ;
#2622 = DIRECTION ( 'NONE',  ( -0.000000000000000000, 1.000000000000000000, -0.000000000000000000 ) ) ;
#2623 = CARTESIAN_POINT ( 'NONE',  ( 1.379999999999999671, 0.000000000000000000, 5.549999999999999822 ) ) ;
#2624 = VERTEX_POINT ( 'NONE', #1726 ) ;
#2625 = AXIS2_PLACEMENT_3D ( 'NONE', #132, #4033, #2926 ) ;
#2626 = LINE ( 'NONE', #2284, #4297 ) ;
#2627 = CARTESIAN_POINT ( 'NONE',  ( 4.433344562587833160, 5.951057409446828039, 2.312024219028188554 ) ) ;
#2628 = CARTESIAN_POINT ( 'NONE',  ( 0.000000000000000000, 8.000000000000000000, 0.000000000000000000 ) ) ;
#2629 = AXIS2_PLACEMENT_3D ( 'NONE', #4119, #113, #1699 ) ;
#2630 = EDGE_LOOP ( 'NONE', ( #1040, #533 ) ) ;
#2631 = EDGE_CURVE ( 'NONE', #3853, #1346, #3377, .T. ) ;
#2632 = CYLINDRICAL_SURFACE ( 'NONE', #1306, 0.1499999999999999667 ) ;
#2633 = DIRECTION ( 'NONE',  ( 0.000000000000000000, -0.000000000000000000, 1.000000000000000000 ) ) ;
#2634 = PLANE ( 'NONE',  #3272 ) ;
#2635 = EDGE_LOOP ( 'NONE', ( #4994, #2690, #3592, #1736 ) ) ;
#2636 = ORIENTED_EDGE ( 'NONE', *, *, #2759, .T. ) ;
#2637 = ORIENTED_EDGE ( 'NONE', *, *, #2253, .T. ) ;
#2638 = DATE_AND_TIME ( #1403, #4964 ) ;
#2639 = EDGE_CURVE ( 'NONE', #3387, #950, #4453, .T. ) ;
#2640 = DIRECTION ( 'NONE',  ( 1.000000000000000000, 2.168404344971008252E-17, 8.673617379884035472E-17 ) ) ;
#2641 = CARTESIAN_POINT ( 'NONE',  ( 0.000000000000000000, 1.499999999999999556, 0.000000000000000000 ) ) ;
#2642 = VERTEX_POINT ( 'NONE', #2465 ) ;
#2643 = ORIENTED_EDGE ( 'NONE', *, *, #1217, .F. ) ;
#2644 = APPROVAL_STATUS ( 'not_yet_approved' ) ;
#2645 = DIRECTION ( 'NONE',  ( 0.000000000000000000, 0.000000000000000000, -1.000000000000000000 ) ) ;
#2646 = DIRECTION ( 'NONE',  ( -1.000000000000000000, 0.000000000000000000, -0.000000000000000000 ) ) ;
#2647 = CARTESIAN_POINT ( 'NONE',  ( -2.966664951328131128, 3.021034482758621298, -5.087985294887771737 ) ) ;
#2648 = ORIENTED_EDGE ( 'NONE', *, *, #2905, .T. ) ;
#2649 = APPROVAL ( #545, 'UNSPECIFIED' ) ;
#2650 = LOCAL_TIME ( 14, 20, 58.00000000000000000, #3621 ) ;
#2651 = LINE ( 'NONE', #3403, #3884 ) ;
#2652 = DIRECTION ( 'NONE',  ( 0.4876598490941707609, 0.7241379310344824294, 0.4876598490941710939 ) ) ;
#2653 = CARTESIAN_POINT ( 'NONE',  ( -1.379999999999999671, 12.50000000000000000, -1.196959198423996649E-16 ) ) ;
#2654 = ORIENTED_EDGE ( 'NONE', *, *, #237, .F. ) ;
#2655 = CC_DESIGN_SECURITY_CLASSIFICATION ( #4463, ( #647 ) ) ;
#2656 = CARTESIAN_POINT ( 'NONE',  ( -3.405877273185284881, 1.499999999999999556, -6.849999999999998757 ) ) ;
#2657 = CARTESIAN_POINT ( 'NONE',  ( -1.380279994234274721, 6.500000000000000000, 4.549233012451844083 ) ) ;
#2658 = AXIS2_PLACEMENT_3D ( 'NONE', #3996, #4461, #1262 ) ;
#2659 = EDGE_CURVE ( 'NONE', #3544, #2025, #941, .T. ) ;
#2660 = CARTESIAN_POINT ( 'NONE',  ( -1.380000000000000115, 11.43165542625050435, 5.549999999999999822 ) ) ;
#2661 = ORIENTED_EDGE ( 'NONE', *, *, #2056, .F. ) ;
#2662 = EDGE_LOOP ( 'NONE', ( #1565, #2479, #5016, #1714 ) ) ;
#2663 = ORIENTED_EDGE ( 'NONE', *, *, #2804, .T. ) ;
#2664 = EDGE_CURVE ( 'NONE', #2202, #3153, #2114, .T. ) ;
#2665 = EDGE_CURVE ( 'NONE', #2112, #95, #4901, .T. ) ;
#2666 = ADVANCED_FACE ( 'NONE', ( #884 ), #4535, .T. ) ;
#2667 = CARTESIAN_POINT ( 'NONE',  ( 4.843681451127850757, 8.000000000000000000, -4.843681451127848980 ) ) ;
#2668 = LINE ( 'NONE', #4234, #4661 ) ;
#2669 = CARTESIAN_POINT ( 'NONE',  ( -2.571963978632912706, 8.000000000000000000, -7.204686064820227998 ) ) ;
#2670 = B_SPLINE_CURVE_WITH_KNOTS ( 'NONE', 3,
 ( #1569, #4374, #3163, #2403, #4770, #3571, #4, #1595, #3984, #3214 ),
 .UNSPECIFIED., .F., .F.,
 ( 4, 3, 3, 4 ),
 ( 0.000000000000000000, 3.932309463598236910E-05, 8.009671586239446852E-05, 8.254620561176657771E-05 ),
 .UNSPECIFIED. ) ;
#2671 = ORIENTED_EDGE ( 'NONE', *, *, #1410, .T. ) ;
#2672 = ORIENTED_EDGE ( 'NONE', *, *, #2278, .F. ) ;
#2673 = CALENDAR_DATE ( 2026, 5, 10 ) ;
#2674 = EDGE_CURVE ( 'NONE', #4078, #3176, #616, .T. ) ;
#2675 = CARTESIAN_POINT ( 'NONE',  ( -2.291287847478249429, 8.000000000000000000, -4.999999999999848121 ) ) ;
#2676 = DIRECTION ( 'NONE',  ( -0.7071067811865474617, 0.000000000000000000, 0.7071067811865474617 ) ) ;
#2677 = LINE ( 'NONE', #2566, #487 ) ;
#2678 = ORIENTED_EDGE ( 'NONE', *, *, #4101, .T. ) ;
#2679 = LINE ( 'NONE', #1836, #4210 ) ;
#2680 = CARTESIAN_POINT ( 'NONE',  ( -1.060660171779820526, 0.000000000000000000, 1.060660171779820526 ) ) ;
#2681 = VECTOR ( 'NONE', #175, 1000.000000000000000 ) ;
#2682 = CARTESIAN_POINT ( 'NONE',  ( -1.380000000000000115, 12.34999999999999964, -4.343903740188082452 ) ) ;
#2683 = ORIENTED_EDGE ( 'NONE', *, *, #4721, .T. ) ;
#2684 = CIRCLE ( 'NONE', #426, 0.02000000000000005246 ) ;
#2685 = LINE ( 'NONE', #2313, #120 ) ;
#2686 = VECTOR ( 'NONE', #3494, 1000.000000000000000 ) ;
#2687 = DIRECTION ( 'NONE',  ( 0.000000000000000000, 0.000000000000000000, 1.000000000000000000 ) ) ;
#2688 = VECTOR ( 'NONE', #3159, 1000.000000000000114 ) ;
#2689 = CARTESIAN_POINT ( 'NONE',  ( 4.046831517071730389, 4.910000000000000142, -4.046831517071705520 ) ) ;
#2690 = ORIENTED_EDGE ( 'NONE', *, *, #4737, .T. ) ;
#2691 = ORIENTED_EDGE ( 'NONE', *, *, #4275, .F. ) ;
#2692 = ORIENTED_EDGE ( 'NONE', *, *, #3233, .F. ) ;
#2693 = AXIS2_PLACEMENT_3D ( 'NONE', #3027, #1036, #2160 ) ;
#2694 = AXIS2_PLACEMENT_3D ( 'NONE', #3107, #4346, #414 ) ;
#2695 = CARTESIAN_POINT ( 'NONE',  ( -3.371095403779724275, 1.616491533522732116, -6.867199217059261507 ) ) ;
#2696 = DIRECTION ( 'NONE',  ( 0.000000000000000000, 0.000000000000000000, 1.000000000000000000 ) ) ;
#2697 = EDGE_CURVE ( 'NONE', #4027, #95, #624, .T. ) ;
#2698 = CARTESIAN_POINT ( 'NONE',  ( -7.296724953260062208, 3.200000000000000178, -2.297891415291845707 ) ) ;
#2699 = EDGE_CURVE ( 'NONE', #4942, #2, #1698, .T. ) ;
#2700 = TOROIDAL_SURFACE ( 'NONE', #3108, 0.1699999999999999845, 0.02000000000000000042 ) ;
#2701 = ORIENTED_EDGE ( 'NONE', *, *, #3871, .F. ) ;
#2702 = VECTOR ( 'NONE', #2065, 1000.000000000000000 ) ;
#2703 = ORIENTED_EDGE ( 'NONE', *, *, #1659, .F. ) ;
#2704 = COORDINATED_UNIVERSAL_TIME_OFFSET ( 7, 0, .BEHIND. ) ;
#2705 = LINE ( 'NONE', #267, #1187 ) ;
#2706 = DIRECTION ( 'NONE',  ( -0.000000000000000000, 0.000000000000000000, 1.000000000000000000 ) ) ;
#2707 = DIRECTION ( 'NONE',  ( -1.000000000000000000, 0.000000000000000000, 0.000000000000000000 ) ) ;
#2708 = ADVANCED_FACE ( 'NONE', ( #4876 ), #1303, .F. ) ;
#2709 = CARTESIAN_POINT ( 'NONE',  ( -4.500000000000000000, 1.500000000000000444, 0.000000000000000000 ) ) ;
#2710 = DIRECTION ( 'NONE',  ( 0.7071067811865563435, 0.000000000000000000, -0.7071067811865388020 ) ) ;
#2711 = AXIS2_PLACEMENT_3D ( 'NONE', #1080, #3436, #4596 ) ;
#2712 = CARTESIAN_POINT ( 'NONE',  ( 4.433344562587840265, 2.048942590553171961, -2.312024219028176120 ) ) ;
#2713 = CIRCLE ( 'NONE', #35, 0.1299999999999998934 ) ;
#2714 = ORIENTED_EDGE ( 'NONE', *, *, #3726, .F. ) ;
#2715 = TOROIDAL_SURFACE ( 'NONE', #2954, 0.1699999999999999845, 0.02000000000000000042 ) ;
#2716 = DIRECTION ( 'NONE',  ( 0.000000000000000000, 0.000000000000000000, 1.000000000000000000 ) ) ;
#2717 = CIRCLE ( 'NONE', #3282, 0.02000000000000005246 ) ;
#2718 = DIRECTION ( 'NONE',  ( 8.673617379884035472E-17, 1.880790961315659671E-33, -1.000000000000000000 ) ) ;
#2719 = DIRECTION ( 'NONE',  ( 0.000000000000000000, 0.7546055221635050714, -0.6561787149247864104 ) ) ;
#2720 = ORIENTED_EDGE ( 'NONE', *, *, #3514, .F. ) ;
#2721 = ORIENTED_EDGE ( 'NONE', *, *, #1768, .F. ) ;
#2722 = VERTEX_POINT ( 'NONE', #2515 ) ;
#2723 = FACE_OUTER_BOUND ( 'NONE', #651, .T. ) ;
#2724 = DIRECTION ( 'NONE',  ( 1.000000000000000000, 2.168404344971005170E-17, 0.000000000000000000 ) ) ;
#2725 = CARTESIAN_POINT ( 'NONE',  ( -7.247201726393521781, 3.046453914618040937, -2.450016609050683414 ) ) ;
#2726 = VERTEX_POINT ( 'NONE', #530 ) ;
#2727 = ORIENTED_EDGE ( 'NONE', *, *, #807, .T. ) ;
#2728 = PERSON_AND_ORGANIZATION ( #2197, #152 ) ;
#2729 = TOROIDAL_SURFACE ( 'NONE', #1801, 0.1699999999999999845, 0.02000000000000000042 ) ;
#2730 = CARTESIAN_POINT ( 'NONE',  ( 7.138355639750680659, 3.000000000000000000, 2.750705138767090663 ) ) ;
#2731 = CARTESIAN_POINT ( 'NONE',  ( 0.000000000000000000, 8.000000000000000000, 0.000000000000000000 ) ) ;
#2732 = CARTESIAN_POINT ( 'NONE',  ( 1.380839982702822599, 6.500000000000000000, -0.7752318993870118691 ) ) ;
#2733 = EDGE_CURVE ( 'NONE', #228, #2112, #2717, .T. ) ;
#2734 = AXIS2_PLACEMENT_3D ( 'NONE', #4732, #845, #3203 ) ;
#2735 = CARTESIAN_POINT ( 'NONE',  ( 4.741006527942210447, 7.947084575471273560, -2.234154015110208835 ) ) ;
#2736 = CARTESIAN_POINT ( 'NONE',  ( 1.399999999999999689, 0.000000000000000000, -5.530000000000000249 ) ) ;
#2737 = CARTESIAN_POINT ( 'NONE',  ( 4.046831517071730389, 3.089999999999999858, -4.046831517071705520 ) ) ;
#2738 = EDGE_CURVE ( 'NONE', #1437, #204, #4286, .T. ) ;
#2739 = ORIENTED_EDGE ( 'NONE', *, *, #4624, .F. ) ;
#2740 = DIRECTION ( 'NONE',  ( 2.168404344971008252E-17, -1.000000000000000000, -0.000000000000000000 ) ) ;
#2741 = FACE_OUTER_BOUND ( 'NONE', #1301, .T. ) ;
#2742 = CC_DESIGN_APPROVAL ( #4539, ( #1709 ) ) ;
#2743 = DIRECTION ( 'NONE',  ( -0.7071067811865474617, 0.000000000000000000, -0.7071067811865474617 ) ) ;
#2744 = ORIENTED_EDGE ( 'NONE', *, *, #2591, .F. ) ;
#2745 = EDGE_LOOP ( 'NONE', ( #1380, #4226, #1774, #2703 ) ) ;
#2746 = ORIENTED_EDGE ( 'NONE', *, *, #486, .T. ) ;
#2747 = AXIS2_PLACEMENT_3D ( 'NONE', #701, #2296, #338 ) ;
#2748 = FACE_BOUND ( 'NONE', #5117, .T. ) ;
#2749 = LINE ( 'NONE', #4713, #1257 ) ;
#2750 = LINE ( 'NONE', #4319, #2604 ) ;
#2751 = ORIENTED_EDGE ( 'NONE', *, *, #4529, .T. ) ;
#2752 = ORIENTED_EDGE ( 'NONE', *, *, #12, .F. ) ;
#2753 = VECTOR ( 'NONE', #4084, 1000.000000000000000 ) ;
#2754 = SECURITY_CLASSIFICATION_LEVEL ( 'unclassified' ) ;
#2755 = CARTESIAN_POINT ( 'NONE',  ( -4.500000000000000000, 7.499999999999998224, 2.179449471770337432 ) ) ;
#2756 = CARTESIAN_POINT ( 'NONE',  ( 4.500000000000000000, 7.499999999999998224, -2.179449471770337432 ) ) ;
#2757 = CARTESIAN_POINT ( 'NONE',  ( 3.226782805549681221, 5.626078208432424788, 3.956290731841334285 ) ) ;
#2758 = DIRECTION ( 'NONE',  ( 0.000000000000000000, 0.000000000000000000, 1.000000000000000000 ) ) ;
#2759 = EDGE_CURVE ( 'NONE', #890, #3934, #3920, .T. ) ;
#2760 = EDGE_CURVE ( 'NONE', #409, #1697, #1867, .T. ) ;
#2761 = CARTESIAN_POINT ( 'NONE',  ( -1.385521695682326637, 6.500000000000000000, -4.534868014339770603 ) ) ;
#2762 = AXIS2_PLACEMENT_3D ( 'NONE', #3530, #3090, #2334 ) ;
#2763 = DIRECTION ( 'NONE',  ( 0.000000000000000000, -1.000000000000000000, 0.000000000000000000 ) ) ;
#2764 = CARTESIAN_POINT ( 'NONE',  ( -2.472118714102114367, 3.116491533522731672, 7.239567554180997178 ) ) ;
#2765 = B_SPLINE_CURVE_WITH_KNOTS ( 'NONE', 3,
 ( #463, #3683, #1651, #2471, #121, #1704, #4368, #798, #2395, #412 ),
 .UNSPECIFIED., .F., .F.,
 ( 4, 3, 3, 4 ),
 ( 1.084202172485504434E-19, 3.932309463598251140E-05, 8.009671586239517325E-05, 8.254620561176634732E-05 ),
 .UNSPECIFIED. ) ;
#2766 = DIRECTION ( 'NONE',  ( -1.000000000000000000, -0.000000000000000000, -0.000000000000000000 ) ) ;
#2767 = CIRCLE ( 'NONE', #7, 5.000000000000000000 ) ;
#2768 = ORIENTED_EDGE ( 'NONE', *, *, #990, .T. ) ;
#2769 = ORIENTED_EDGE ( 'NONE', *, *, #3069, .T. ) ;
#2770 = ORIENTED_EDGE ( 'NONE', *, *, #1927, .T. ) ;
#2771 = CARTESIAN_POINT ( 'NONE',  ( 0.000000000000000000, 12.50000000000000000, 4.343903740188081564 ) ) ;
#2772 = CARTESIAN_POINT ( 'NONE',  ( -1.400000000000000133, 9.768344573749498494, 5.530000000000000249 ) ) ;
#2773 = CARTESIAN_POINT ( 'NONE',  ( -1.379999999999999227, 2.775349838536065761, -2.413347685683533417 ) ) ;
#2774 = EDGE_LOOP ( 'NONE', ( #4371, #570, #1284, #221 ) ) ;
#2775 = VERTEX_POINT ( 'NONE', #1139 ) ;
#2776 = CALENDAR_DATE ( 2026, 5, 10 ) ;
#2777 = AXIS2_PLACEMENT_3D ( 'NONE', #3053, #4575, #1037 ) ;
#2778 = DIRECTION ( 'NONE',  ( 2.803295164711174453E-15, 0.5961196035938423066, -0.8028956459037004390 ) ) ;
#2779 = CIRCLE ( 'NONE', #3599, 0.01999999999999996225 ) ;
#2780 = CARTESIAN_POINT ( 'NONE',  ( 0.000000000000000000, 1.499999999999999556, -7.650000000000000355 ) ) ;
#2781 = CYLINDRICAL_SURFACE ( 'NONE', #924, 5.000000000000000000 ) ;
#2782 = LINE ( 'NONE', #926, #2502 ) ;
#2783 = DIRECTION ( 'NONE',  ( 0.000000000000000000, 0.000000000000000000, 1.000000000000000000 ) ) ;
#2784 = CARTESIAN_POINT ( 'NONE',  ( 0.000000000000000000, 3.000000000000000000, 0.000000000000000000 ) ) ;
#2785 = VECTOR ( 'NONE', #607, 1000.000000000000000 ) ;
#2786 = CARTESIAN_POINT ( 'NONE',  ( -4.555813038156334649, 7.763936109177590694, -2.192316302326503763 ) ) ;
#2787 = FACE_OUTER_BOUND ( 'NONE', #2843, .T. ) ;
#2788 = DIRECTION ( 'NONE',  ( 0.000000000000000000, 1.000000000000000000, 0.000000000000000000 ) ) ;
#2789 = ORIENTED_EDGE ( 'NONE', *, *, #2044, .T. ) ;
#2790 = ORIENTED_EDGE ( 'NONE', *, *, #2412, .T. ) ;
#2791 = ORIENTED_EDGE ( 'NONE', *, *, #2855, .F. ) ;
#2792 = EDGE_CURVE ( 'NONE', #4195, #5123, #3371, .T. ) ;
#2793 = VECTOR ( 'NONE', #2510, 1000.000000000000114 ) ;
#2794 = EDGE_CURVE ( 'NONE', #3438, #1793, #2685, .T. ) ;
#2795 = DIRECTION ( 'NONE',  ( 0.000000000000000000, 0.000000000000000000, -1.000000000000000000 ) ) ;
#2796 = PLANE ( 'NONE',  #2606 ) ;
#2797 = MANIFOLD_SOLID_BREP ( 'Fillet3', #4693 ) ;
#2798 = CARTESIAN_POINT ( 'NONE',  ( -2.279064564105349078, 6.000000000000000000, -4.400384907664990131 ) ) ;
#2799 = EDGE_CURVE ( 'NONE', #569, #758, #1920, .T. ) ;
#2800 = ORIENTED_EDGE ( 'NONE', *, *, #1828, .F. ) ;
#2801 = ORIENTED_EDGE ( 'NONE', *, *, #2975, .F. ) ;
#2802 = PERSON_AND_ORGANIZATION ( #2197, #152 ) ;
#2803 = PLANE ( 'NONE',  #259 ) ;
#2804 = EDGE_CURVE ( 'NONE', #1707, #260, #1164, .T. ) ;
#2805 = CARTESIAN_POINT ( 'NONE',  ( -24.88340468890970314, 13.50657376816707433, -2.465520461092589599 ) ) ;
#2806 = CARTESIAN_POINT ( 'NONE',  ( 4.500000000000000000, 7.633692192606185145, -2.179449471770337432 ) ) ;
#2807 = DIRECTION ( 'NONE',  ( -0.000000000000000000, -0.000000000000000000, 1.000000000000000000 ) ) ;
#2808 = CC_DESIGN_PERSON_AND_ORGANIZATION_ASSIGNMENT ( #1831, #1322, ( #3336 ) ) ;
#2809 = DIRECTION ( 'NONE',  ( 0.7071067811865477948, -0.000000000000000000, 0.7071067811865473507 ) ) ;
#2810 = CARTESIAN_POINT ( 'NONE',  ( 0.000000000000000000, 7.500000000000000000, 0.000000000000000000 ) ) ;
#2811 = CARTESIAN_POINT ( 'NONE',  ( 0.000000000000000000, 7.500000000000000000, 4.999999999999999112 ) ) ;
#2812 = DIRECTION ( 'NONE',  ( 1.000000000000000000, -0.000000000000000000, 0.000000000000000000 ) ) ;
#2813 = VERTEX_POINT ( 'NONE', #1054 ) ;
#2814 = ORIENTED_EDGE ( 'NONE', *, *, #576, .F. ) ;
#2815 = CARTESIAN_POINT ( 'NONE',  ( 4.433344562587833160, 1.500000000000000888, 2.312024219028187666 ) ) ;
#2816 = LINE ( 'NONE', #2913, #1675 ) ;
#2817 = EDGE_CURVE ( 'NONE', #1167, #1444, #2337, .T. ) ;
#2818 = LOCAL_TIME ( 14, 20, 58.00000000000000000, #4631 ) ;
#2819 = CARTESIAN_POINT ( 'NONE',  ( 1.379999999999999671, 6.649999999999999467, -0.7729309367425445387 ) ) ;
#2820 = EDGE_CURVE ( 'NONE', #1803, #636, #3615, .T. ) ;
#2821 = EDGE_LOOP ( 'NONE', ( #2195, #2720, #2336, #3862 ) ) ;
#2822 = ORIENTED_EDGE ( 'NONE', *, *, #3269, .F. ) ;
#2823 = APPLICATION_PROTOCOL_DEFINITION ( 'international standard', 'config_control_design', 1994, #4888 ) ;
#2824 = ADVANCED_FACE ( 'NONE', ( #1948 ), #3946, .T. ) ;
#2825 = EDGE_CURVE ( 'NONE', #4852, #1479, #4728, .T. ) ;
#2826 = AXIS2_PLACEMENT_3D ( 'NONE', #4067, #4806, #511 ) ;
#2827 = FACE_OUTER_BOUND ( 'NONE', #1402, .T. ) ;
#2828 = TOROIDAL_SURFACE ( 'NONE', #406, 8.150000000000000355, 7.650000000000000355 ) ;
#2829 = EDGE_CURVE ( 'NONE', #2969, #3061, #4436, .T. ) ;
#2830 = FACE_BOUND ( 'NONE', #4509, .T. ) ;
#2831 = CYLINDRICAL_SURFACE ( 'NONE', #769, 0.1499999999999999667 ) ;
#2832 = DIRECTION ( 'NONE',  ( -0.7071067811865474617, 0.000000000000000000, -0.7071067811865474617 ) ) ;
#2833 = DIRECTION ( 'NONE',  ( 0.000000000000000000, -0.7546055221635005195, -0.6561787149247915174 ) ) ;
#2834 = CARTESIAN_POINT ( 'NONE',  ( 0.000000000000000000, 8.631655426250503638, -4.400000000000000355 ) ) ;
#2835 = DIRECTION ( 'NONE',  ( 0.000000000000000000, 0.000000000000000000, 1.000000000000000000 ) ) ;
#2836 = DIRECTION ( 'NONE',  ( 0.000000000000000000, 0.000000000000000000, -1.000000000000000000 ) ) ;
#2837 = ORIENTED_EDGE ( 'NONE', *, *, #1799, .T. ) ;
#2838 = LINE ( 'NONE', #4407, #1228 ) ;
#2839 = CARTESIAN_POINT ( 'NONE',  ( 3.405877273185284881, 1.676175380897986900, -6.849999999999997868 ) ) ;
#2840 = CARTESIAN_POINT ( 'NONE',  ( 1.399999999999999689, 12.34999999999999964, 2.027069063257455728 ) ) ;
#2841 = VECTOR ( 'NONE', #1075, 1000.000000000000000 ) ;
#2842 = EDGE_LOOP ( 'NONE', ( #4030, #4682, #2252, #1979 ) ) ;
#2843 = EDGE_LOOP ( 'NONE', ( #2146, #3294, #1243, #2671, #3901, #5094, #1802, #2151, #2475, #4894, #1329, #2294, #946, #5069 ) ) ;
#2844 = CALENDAR_DATE ( 2026, 5, 10 ) ;
#2845 = EDGE_CURVE ( 'NONE', #2624, #2951, #2456, .T. ) ;
#2846 = LINE ( 'NONE', #2427, #3015 ) ;
#2847 = VECTOR ( 'NONE', #3525, 1000.000000000000000 ) ;
#2848 = AXIS2_PLACEMENT_3D ( 'NONE', #3660, #2310, #3123 ) ;
#2849 = ADVANCED_FACE ( 'NONE', ( #5064 ), #3503, .T. ) ;
#2850 = TOROIDAL_SURFACE ( 'NONE', #598, 0.1699999999999999845, 0.02000000000000000042 ) ;
#2851 = CARTESIAN_POINT ( 'NONE',  ( 1.385521695682327525, 6.500000000000000000, 0.7880629224027729807 ) ) ;
#2852 = VECTOR ( 'NONE', #690, 1000.000000000000114 ) ;
#2853 = CARTESIAN_POINT ( 'NONE',  ( 2.545165380528044974, 3.063075121266646494, -7.214304113546741171 ) ) ;
#2854 = CARTESIAN_POINT ( 'NONE',  ( 1.399999999999999689, 12.44809871788125477, 4.429206973128303026 ) ) ;
#2855 = EDGE_CURVE ( 'NONE', #1707, #1204, #3870, .T. ) ;
#2856 = FACE_OUTER_BOUND ( 'NONE', #4716, .T. ) ;
#2857 = CIRCLE ( 'NONE', #3933, 5.000000000000000000 ) ;
#2858 = MANIFOLD_SOLID_BREP ( 'Revolve1', #1783 ) ;
#2859 = CARTESIAN_POINT ( 'NONE',  ( 4.400384907664991019, 6.000000000000000000, 2.279064564105347301 ) ) ;
#2860 = CARTESIAN_POINT ( 'NONE',  ( 1.379999999999999671, 12.37465984809580810, -1.879109974682634965 ) ) ;
#2861 = CARTESIAN_POINT ( 'NONE',  ( 2.179449471770337432, 1.500000000000000444, 4.500000000000000000 ) ) ;
#2862 = EDGE_LOOP ( 'NONE', ( #783, #206, #3691, #2222 ) ) ;
#2863 = CARTESIAN_POINT ( 'NONE',  ( 9.368548013477250272E-16, 0.000000000000000000, 7.650000000000000355 ) ) ;
#2864 = DIRECTION ( 'NONE',  ( 0.000000000000000000, 0.000000000000000000, -1.000000000000000000 ) ) ;
#2865 = DIRECTION ( 'NONE',  ( 0.000000000000000000, -0.1643989873053572914, 0.9863939238321437486 ) ) ;
#2866 = ORIENTED_EDGE ( 'NONE', *, *, #2429, .T. ) ;
#2867 = ORIENTED_EDGE ( 'NONE', *, *, #3233, .T. ) ;
#2868 = APPROVAL ( #2644, 'UNSPECIFIED' ) ;
#2869 = PERSON_AND_ORGANIZATION ( #2197, #152 ) ;
#2870 = VECTOR ( 'NONE', #3652, 1000.000000000000000 ) ;
#2871 = CARTESIAN_POINT ( 'NONE',  ( -4.500000000000000000, 1.500000000000000444, 2.179449471770337432 ) ) ;
#2872 = LINE ( 'NONE', #1637, #3337 ) ;
#2873 = CIRCLE ( 'NONE', #3535, 7.650000000000000355 ) ;
#2874 = ORIENTED_EDGE ( 'NONE', *, *, #4106, .T. ) ;
#2875 = DIRECTION ( 'NONE',  ( 1.000000000000000000, -0.000000000000000000, 0.000000000000000000 ) ) ;
#2876 = LINE ( 'NONE', #3753, #3260 ) ;
#2877 = CARTESIAN_POINT ( 'NONE',  ( -7.214603044822823108, 3.063623187575865270, 2.544307028118206748 ) ) ;
#2878 = EDGE_CURVE ( 'NONE', #945, #2132, #1897, .T. ) ;
#2879 = FACE_OUTER_BOUND ( 'NONE', #382, .T. ) ;
#2880 = EDGE_CURVE ( 'NONE', #1368, #4667, #3095, .T. ) ;
#2881 = EDGE_CURVE ( 'NONE', #3026, #2074, #2873, .T. ) ;
#2882 = DIRECTION ( 'NONE',  ( 0.000000000000000000, 0.000000000000000000, -1.000000000000000000 ) ) ;
#2883 = DIRECTION ( 'NONE',  ( -1.000000000000000000, 0.000000000000000000, -8.673617379884020681E-17 ) ) ;
#2884 = LINE ( 'NONE', #2860, #21 ) ;
#2885 = ORIENTED_EDGE ( 'NONE', *, *, #486, .F. ) ;
#2886 = EDGE_LOOP ( 'NONE', ( #4577, #1150, #2325, #4543, #2801, #3854 ) ) ;
#2887 = EDGE_CURVE ( 'NONE', #3586, #2416, #1034, .T. ) ;
#2888 = CARTESIAN_POINT ( 'NONE',  ( -1.379999999999999671, 6.625340151904196340, -0.9208900253173660788 ) ) ;
#2889 = DIRECTION ( 'NONE',  ( 0.000000000000000000, -0.6561787149247869655, -0.7546055221635044052 ) ) ;
#2890 = CARTESIAN_POINT ( 'NONE',  ( 3.139821971399054057, 1.508500636646441517, 6.976537463425645846 ) ) ;
#2891 = ORIENTED_EDGE ( 'NONE', *, *, #2880, .T. ) ;
#2892 = ORIENTED_EDGE ( 'NONE', *, *, #2432, .F. ) ;
#2893 = COORDINATED_UNIVERSAL_TIME_OFFSET ( 7, 0, .BEHIND. ) ;
#2894 = CARTESIAN_POINT ( 'NONE',  ( -1.380000000000000115, 8.631655426250503638, 4.549999999999999822 ) ) ;
#2895 = CARTESIAN_POINT ( 'NONE',  ( 1.399999999999999689, 6.500000000000000000, -4.469999999999999751 ) ) ;
#2896 = ORIENTED_EDGE ( 'NONE', *, *, #3011, .F. ) ;
#2897 = LOCAL_TIME ( 14, 20, 58.00000000000000000, #3162 ) ;
#2898 = TOROIDAL_SURFACE ( 'NONE', #652, 0.1299999999999999767, 0.02000000000000000042 ) ;
#2899 = CARTESIAN_POINT ( 'NONE',  ( 1.393823247546297717, 6.500000000000000000, 0.8140959846906092867 ) ) ;
#2900 = DIRECTION ( 'NONE',  ( -7.968020348514244863E-17, 0.6561787149247864104, 0.7546055221635050714 ) ) ;
#2901 = CYLINDRICAL_SURFACE ( 'NONE', #3816, 0.1000000000000001443 ) ;
#2902 = LINE ( 'NONE', #1721, #1552 ) ;
#2903 = ORIENTED_EDGE ( 'NONE', *, *, #1163, .T. ) ;
#2904 = AXIS2_PLACEMENT_3D ( 'NONE', #4352, #1914, #1571 ) ;
#2905 = EDGE_CURVE ( 'NONE', #4501, #3387, #3947, .T. ) ;
#2906 = CARTESIAN_POINT ( 'NONE',  ( -3.976120838953064673, 3.090000000000000746, -3.976120838953062009 ) ) ;
#2907 = CARTESIAN_POINT ( 'NONE',  ( -2.608461341437269265, 3.116536647565486540, -7.191567056828625404 ) ) ;
#2908 = FACE_OUTER_BOUND ( 'NONE', #4918, .T. ) ;
#2909 = EDGE_CURVE ( 'NONE', #2233, #1116, #2259, .T. ) ;
#2910 = ORIENTED_EDGE ( 'NONE', *, *, #1218, .F. ) ;
#2911 = ORIENTED_EDGE ( 'NONE', *, *, #4629, .F. ) ;
#2912 = CARTESIAN_POINT ( 'NONE',  ( -2.262975846493129772, 8.000000000000000000, 4.870299948342232454 ) ) ;
#2913 = CARTESIAN_POINT ( 'NONE',  ( -2.279064564105393487, 6.000000000000000000, 4.400384907664967038 ) ) ;
#2914 = DIRECTION ( 'NONE',  ( 0.8028956459037006610, 0.5961196035938418625, 0.000000000000000000 ) ) ;
#2915 = ORIENTED_EDGE ( 'NONE', *, *, #921, .F. ) ;
#2916 = ORIENTED_EDGE ( 'NONE', *, *, #3366, .F. ) ;
#2917 = CIRCLE ( 'NONE', #83, 5.500000000000000000 ) ;
#2918 = DIRECTION ( 'NONE',  ( 0.000000000000000000, 0.000000000000000000, -1.000000000000000000 ) ) ;
#2919 = DIRECTION ( 'NONE',  ( 0.000000000000000000, 1.000000000000000000, -0.000000000000000000 ) ) ;
#2920 = ORIENTED_EDGE ( 'NONE', *, *, #2429, .F. ) ;
#2921 = ORIENTED_EDGE ( 'NONE', *, *, #1127, .T. ) ;
#2922 = CALENDAR_DATE ( 2026, 5, 10 ) ;
#2923 = AXIS2_PLACEMENT_3D ( 'NONE', #4379, #404, #1281 ) ;
#2924 = CIRCLE ( 'NONE', #594, 0.1499999999999999667 ) ;
#2925 = DIRECTION ( 'NONE',  ( 0.000000000000000000, 0.000000000000000000, -1.000000000000000000 ) ) ;
#2926 = DIRECTION ( 'NONE',  ( 0.000000000000000000, 0.000000000000000000, -1.000000000000000000 ) ) ;
#2927 = LINE ( 'NONE', #2511, #2753 ) ;
#2928 = CARTESIAN_POINT ( 'NONE',  ( 2.312024219028203653, 5.951057409446828039, -4.433344562587824278 ) ) ;
#2929 = ORIENTED_EDGE ( 'NONE', *, *, #3827, .F. ) ;
#2930 = AXIS2_PLACEMENT_3D ( 'NONE', #1313, #3298, #4884 ) ;
#2931 = AXIS2_PLACEMENT_3D ( 'NONE', #2641, #1005, #4187 ) ;
#2932 = DIRECTION ( 'NONE',  ( -1.000000000000000000, -2.168404344971008252E-17, -8.673617379884035472E-17 ) ) ;
#2933 = CARTESIAN_POINT ( 'NONE',  ( 1.399999999999999689, 12.48000000000000220, -2.027069063257456172 ) ) ;
#2934 = AXIS2_PLACEMENT_3D ( 'NONE', #43, #4432, #3971 ) ;
#2935 = AXIS2_PLACEMENT_3D ( 'NONE', #1324, #2563, #156 ) ;
#2936 = ORIENTED_EDGE ( 'NONE', *, *, #4815, .F. ) ;
#2937 = VERTEX_POINT ( 'NONE', #458 ) ;
#2938 = CARTESIAN_POINT ( 'NONE',  ( -1.379999999999999449, 0.02644174998362247564, 0.1586504999017351591 ) ) ;
#2939 = DIRECTION ( 'NONE',  ( 0.7071067811865475727, 0.000000000000000000, -0.7071067811865475727 ) ) ;
#2940 = B_SPLINE_CURVE_WITH_KNOTS ( 'NONE', 3,
 ( #3150, #5065, #3071, #2764, #4680, #1474, #3556, #1532, #4333, #3456 ),
 .UNSPECIFIED., .F., .F.,
 ( 4, 2, 2, 2, 4 ),
 ( 0.000000000000000000, 7.024607880191202191E-05, 0.0001404921576038240438, 0.0002809843152076488466, 0.0005619686304152986690 ),
 .UNSPECIFIED. ) ;
#2941 = DIRECTION ( 'NONE',  ( 0.7071067811865403563, 0.000000000000000000, 0.7071067811865547892 ) ) ;
#2942 = ORIENTED_EDGE ( 'NONE', *, *, #5007, .T. ) ;
#2943 = ORIENTED_EDGE ( 'NONE', *, *, #2248, .F. ) ;
#2944 = ORIENTED_EDGE ( 'NONE', *, *, #1602, .F. ) ;
#2945 = EDGE_CURVE ( 'NONE', #1875, #1041, #793, .T. ) ;
#2946 = CIRCLE ( 'NONE', #3857, 7.650000000000000355 ) ;
#2947 = CARTESIAN_POINT ( 'NONE',  ( -3.354592426478614886, 1.601480656498023070, 6.875287884091614288 ) ) ;
#2948 = EDGE_CURVE ( 'NONE', #4459, #3212, #2045, .T. ) ;
#2949 = CARTESIAN_POINT ( 'NONE',  ( -1.380000000000000115, 8.759938365018300033, -4.438449618462786184 ) ) ;
#2950 = VECTOR ( 'NONE', #3869, 1000.000000000000000 ) ;
#2951 = VERTEX_POINT ( 'NONE', #3629 ) ;
#2952 = ORIENTED_EDGE ( 'NONE', *, *, #3604, .T. ) ;
#2953 = APPLICATION_PROTOCOL_DEFINITION ( 'international standard', 'config_control_design', 1994, #1233 ) ;
#2954 = AXIS2_PLACEMENT_3D ( 'NONE', #3373, #4948, #2485 ) ;
#2955 = EDGE_CURVE ( 'NONE', #628, #707, #1673, .T. ) ;
#2956 = LINE ( 'NONE', #858, #2702 ) ;
#2957 = DIRECTION ( 'NONE',  ( 0.000000000000000000, 0.000000000000000000, 1.000000000000000000 ) ) ;
#2958 = DIRECTION ( 'NONE',  ( -0.7071067811865452413, 1.531342102931251612E-17, -0.7071067811865497932 ) ) ;
#2959 = CYLINDRICAL_SURFACE ( 'NONE', #4866, 0.2000000000000002887 ) ;
#2960 = ORIENTED_EDGE ( 'NONE', *, *, #2193, .F. ) ;
#2961 = ADVANCED_FACE ( 'NONE', ( #3970 ), #3094, .T. ) ;
#2962 = DIRECTION ( 'NONE',  ( 0.000000000000000000, -1.000000000000000000, 0.000000000000000000 ) ) ;
#2963 = DIRECTION ( 'NONE',  ( -5.122298795473439605E-17, -0.6561787149247869655, 0.7546055221635044052 ) ) ;
#2964 = CC_DESIGN_PERSON_AND_ORGANIZATION_ASSIGNMENT ( #1430, #2613, ( #1776 ) ) ;
#2965 = ORIENTED_EDGE ( 'NONE', *, *, #2026, .F. ) ;
#2966 = DIRECTION ( 'NONE',  ( -0.000000000000000000, 1.000000000000000000, -0.000000000000000000 ) ) ;
#2967 = CARTESIAN_POINT ( 'NONE',  ( 2.915460667173242815, 4.909999999999999254, 5.036781010732885200 ) ) ;
#2968 = CARTESIAN_POINT ( 'NONE',  ( 7.284988917792942331, 3.116491533522732116, 2.334875965827334365 ) ) ;
#2969 = VERTEX_POINT ( 'NONE', #4040 ) ;
#2970 = ORIENTED_EDGE ( 'NONE', *, *, #4840, .F. ) ;
#2971 = ORIENTED_EDGE ( 'NONE', *, *, #2470, .T. ) ;
#2972 = VECTOR ( 'NONE', #688, 1000.000000000000227 ) ;
#2973 = ADVANCED_FACE ( 'NONE', ( #1580 ), #5136, .T. ) ;
#2974 = CYLINDRICAL_SURFACE ( 'NONE', #2693, 0.02000000000000005246 ) ;
#2975 = EDGE_CURVE ( 'NONE', #2526, #4912, #3989, .T. ) ;
#2976 = DIRECTION ( 'NONE',  ( -0.7071067811865403563, -1.360023205165816121E-16, -0.7071067811865547892 ) ) ;
#2977 = EDGE_CURVE ( 'NONE', #2587, #3205, #2507, .T. ) ;
#2978 = EDGE_CURVE ( 'NONE', #4314, #1347, #1624, .T. ) ;
#2979 = ORIENTED_EDGE ( 'NONE', *, *, #4101, .F. ) ;
#2980 = ORIENTED_EDGE ( 'NONE', *, *, #362, .F. ) ;
#2981 = APPLICATION_PROTOCOL_DEFINITION ( 'international standard', 'config_control_design', 1994, #5058 ) ;
#2982 = CARTESIAN_POINT ( 'NONE',  ( -2.312024219028236960, 2.048942590553174181, 4.433344562587810955 ) ) ;
#2983 = DIRECTION ( 'NONE',  ( 2.168404344971008252E-17, -1.000000000000000000, 0.000000000000000000 ) ) ;
#2984 = CC_DESIGN_SECURITY_CLASSIFICATION ( #1986, ( #5050 ) ) ;
#2985 = DIRECTION ( 'NONE',  ( 0.000000000000000000, 1.000000000000000000, -0.000000000000000000 ) ) ;
#2986 = CARTESIAN_POINT ( 'NONE',  ( 0.000000000000000000, 0.000000000000000000, 0.000000000000000000 ) ) ;
#2987 = EDGE_LOOP ( 'NONE', ( #217, #3881, #1536, #3771 ) ) ;
#2988 = ADVANCED_FACE ( 'NONE', ( #1255 ), #3607, .F. ) ;
#2989 = CIRCLE ( 'NONE', #4052, 7.650000000000000355 ) ;
#2990 = CARTESIAN_POINT ( 'NONE',  ( -1.379999999999999893, 12.37465984809580277, -1.879109974682634077 ) ) ;
#2991 = CARTESIAN_POINT ( 'NONE',  ( -2.847419838194335195, 3.008506057664686040, -7.100900871338165388 ) ) ;
#2992 = DIRECTION ( 'NONE',  ( 8.673617379884035472E-17, 0.000000000000000000, 1.000000000000000000 ) ) ;
#2993 = CIRCLE ( 'NONE', #1232, 0.1299999999999998934 ) ;
#2994 = ORIENTED_EDGE ( 'NONE', *, *, #2665, .F. ) ;
#2995 = CARTESIAN_POINT ( 'NONE',  ( 1.399999999999999689, 6.500000000000000000, -4.483107698211994396 ) ) ;
#2996 = CARTESIAN_POINT ( 'NONE',  ( 7.233617738330956115, 3.101480656498026178, -2.489507632570827411 ) ) ;
#2997 = DIRECTION ( 'NONE',  ( 0.5120428415488789131, -0.6896551724137937045, 0.5120428415488786911 ) ) ;
#2998 = ORIENTED_EDGE ( 'NONE', *, *, #332, .F. ) ;
#2999 = EDGE_LOOP ( 'NONE', ( #3276, #3137, #4320, #4190 ) ) ;
#3000 = ORIENTED_EDGE ( 'NONE', *, *, #927, .F. ) ;
#3001 = COORDINATED_UNIVERSAL_TIME_OFFSET ( 7, 0, .BEHIND. ) ;
#3002 = DIRECTION ( 'NONE',  ( -8.673617379884035472E-17, -1.880790961315659329E-33, -1.000000000000000000 ) ) ;
#3003 = DIRECTION ( 'NONE',  ( 0.000000000000000000, 0.000000000000000000, 1.000000000000000000 ) ) ;
#3004 = ORIENTED_EDGE ( 'NONE', *, *, #42, .F. ) ;
#3005 = ORIENTED_EDGE ( 'NONE', *, *, #956, .F. ) ;
#3006 = CALENDAR_DATE ( 2026, 5, 10 ) ;
#3007 = DIRECTION ( 'NONE',  ( 0.000000000000000000, -0.6561787149247869655, -0.7546055221635044052 ) ) ;
#3008 = DIRECTION ( 'NONE',  ( -1.000000000000000000, -3.491481338843133355E-15, 0.000000000000000000 ) ) ;
#3009 = CARTESIAN_POINT ( 'NONE',  ( 1.379999999999999671, 12.46319082832452629, -4.442330547426800003 ) ) ;
#3010 = ORIENTED_EDGE ( 'NONE', *, *, #3767, .F. ) ;
#3011 = EDGE_CURVE ( 'NONE', #3295, #4708, #2020, .T. ) ;
#3012 = CARTESIAN_POINT ( 'NONE',  ( 0.000000000000000000, 0.000000000000000000, 0.000000000000000000 ) ) ;
#3013 = CARTESIAN_POINT ( 'NONE',  ( -1.399999999999999911, 6.649999999999999467, 4.549999999999999822 ) ) ;
#3014 = ADVANCED_FACE ( 'NONE', ( #1212 ), #3653, .T. ) ;
#3015 = VECTOR ( 'NONE', #4004, 1000.000000000000000 ) ;
#3016 = FACE_OUTER_BOUND ( 'NONE', #2821, .T. ) ;
#3017 = AXIS2_PLACEMENT_3D ( 'NONE', #2219, #3801, #1433 ) ;
#3018 = CARTESIAN_POINT ( 'NONE',  ( 1.060660171779822525, 4.585121964646132860E-16, -1.060660171779822525 ) ) ;
#3019 = AXIS2_PLACEMENT_3D ( 'NONE', #4462, #4095, #1631 ) ;
#3020 = AXIS2_PLACEMENT_3D ( 'NONE', #524, #1275, #2166 ) ;
#3021 = DIRECTION ( 'NONE',  ( 1.000000000000000000, 0.000000000000000000, 0.000000000000000000 ) ) ;
#3022 = AXIS2_PLACEMENT_3D ( 'NONE', #3193, #2013, #377 ) ;
#3023 = DIRECTION ( 'NONE',  ( 8.673617379884035472E-17, 1.880790961315659329E-33, -1.000000000000000000 ) ) ;
#3024 = ORIENTED_EDGE ( 'NONE', *, *, #4014, .F. ) ;
#3025 = ORIENTED_EDGE ( 'NONE', *, *, #3666, .T. ) ;
#3026 = VERTEX_POINT ( 'NONE', #379 ) ;
#3027 = CARTESIAN_POINT ( 'NONE',  ( 1.379999999999999671, 12.48000000000000220, 0.000000000000000000 ) ) ;
#3028 = CYLINDRICAL_SURFACE ( 'NONE', #173, 0.02000000000000053471 ) ;
#3029 = CC_DESIGN_PERSON_AND_ORGANIZATION_ASSIGNMENT ( #4743, #4350, ( #1880 ) ) ;
#3030 = ORIENTED_EDGE ( 'NONE', *, *, #576, .T. ) ;
#3031 = EDGE_LOOP ( 'NONE', ( #4440, #3030, #316, #3368, #4936, #226, #516, #1663, #160, #3154 ) ) ;
#3032 = DATE_AND_TIME ( #3006, #5130 ) ;
#3033 = AXIS2_PLACEMENT_3D ( 'NONE', #333, #1922, #2743 ) ;
#3034 = DIRECTION ( 'NONE',  ( -1.000000000000000000, -2.168404344971008252E-17, -8.673617379884035472E-17 ) ) ;
#3035 = CARTESIAN_POINT ( 'NONE',  ( -1.379999999999999671, 6.649999999999999467, -0.7729309367425445387 ) ) ;
#3036 = CARTESIAN_POINT ( 'NONE',  ( 2.234154015110208835, 7.947084575471273560, 4.741006527942210447 ) ) ;
#3037 = ORIENTED_EDGE ( 'NONE', *, *, #4720, .F. ) ;
#3038 = CIRCLE ( 'NONE', #5020, 5.500000000000000000 ) ;
#3039 = EDGE_CURVE ( 'NONE', #3318, #4880, #1974, .T. ) ;
#3040 = CARTESIAN_POINT ( 'NONE',  ( -1.379999999999999671, 6.649999999999999467, -0.7729309367425445387 ) ) ;
#3041 = CYLINDRICAL_SURFACE ( 'NONE', #833, 0.1000000000000001305 ) ;
#3042 = LINE ( 'NONE', #3839, #1099 ) ;
#3043 = EDGE_CURVE ( 'NONE', #2937, #873, #4909, .T. ) ;
#3044 = EDGE_CURVE ( 'NONE', #389, #1616, #1152, .T. ) ;
#3045 = ORIENTED_EDGE ( 'NONE', *, *, #1756, .F. ) ;
#3046 = DIRECTION ( 'NONE',  ( 0.000000000000000000, 0.000000000000000000, -1.000000000000000000 ) ) ;
#3047 = DIRECTION ( 'NONE',  ( -0.000000000000000000, -0.6561787149247684248, -0.7546055221635205035 ) ) ;
#3048 = ORIENTED_EDGE ( 'NONE', *, *, #1805, .T. ) ;
#3049 = ORIENTED_EDGE ( 'NONE', *, *, #2855, .T. ) ;
#3050 = EDGE_LOOP ( 'NONE', ( #2691, #1486 ) ) ;
#3051 = EDGE_CURVE ( 'NONE', #2813, #361, #2684, .T. ) ;
#3052 = CARTESIAN_POINT ( 'NONE',  ( 1.399999999999999689, 8.631655426250503638, 4.379999999999999893 ) ) ;
#3053 = CARTESIAN_POINT ( 'NONE',  ( 0.000000000000000000, 7.500000000000000000, 0.000000000000000000 ) ) ;
#3054 = VERTEX_POINT ( 'NONE', #4561 ) ;
#3055 = VERTEX_POINT ( 'NONE', #114 ) ;
#3056 = SHAPE_DEFINITION_REPRESENTATION ( #4669, #4443 ) ;
#3057 = CARTESIAN_POINT ( 'NONE',  ( -2.179449471770337432, 7.633700821002010528, -4.499999999999998224 ) ) ;
#3058 = DIRECTION ( 'NONE',  ( 1.000000000000000000, 2.168404344971008252E-17, 8.673617379884035472E-17 ) ) ;
#3059 = SHAPE_REPRESENTATION ( 'Snap Fit Male', ( #2326 ), #4892 ) ;
#3060 = DIRECTION ( 'NONE',  ( -0.000000000000000000, 1.000000000000000000, -0.000000000000000000 ) ) ;
#3061 = VERTEX_POINT ( 'NONE', #162 ) ;
#3062 = CC_DESIGN_SECURITY_CLASSIFICATION ( #3808, ( #3302 ) ) ;
#3063 = LINE ( 'NONE', #3089, #222 ) ;
#3064 = CARTESIAN_POINT ( 'NONE',  ( 4.400384907664991907, 2.000000000000000444, 2.279064564105347301 ) ) ;
#3065 = CARTESIAN_POINT ( 'NONE',  ( -7.138355639750679771, 3.000000000000000000, -2.750705138767092883 ) ) ;
#3066 = DIRECTION ( 'NONE',  ( -1.000000000000000000, 0.000000000000000000, 0.000000000000000000 ) ) ;
#3067 = VECTOR ( 'NONE', #1369, 1000.000000000000000 ) ;
#3068 = EDGE_CURVE ( 'NONE', #4268, #523, #992, .T. ) ;
#3069 = EDGE_CURVE ( 'NONE', #3703, #2618, #1700, .T. ) ;
#3070 = CARTESIAN_POINT ( 'NONE',  ( 0.000000000000000000, 8.000000000000000000, 0.000000000000000000 ) ) ;
#3071 = CARTESIAN_POINT ( 'NONE',  ( -2.444718554847590486, 3.153845617810561386, 7.248866152423289577 ) ) ;
#3072 =( GEOMETRIC_REPRESENTATION_CONTEXT ( 3 ) GLOBAL_UNCERTAINTY_ASSIGNED_CONTEXT ( ( #408 ) ) GLOBAL_UNIT_ASSIGNED_CONTEXT ( ( #33, #832, #2038 ) ) REPRESENTATION_CONTEXT ( 'NONE', 'WORKASPACE' ) );
#3073 = B_SPLINE_CURVE_WITH_KNOTS ( 'NONE', 3,
 ( #4594, #1026, #1790, #996, #971, #2235 ),
 .UNSPECIFIED., .F., .F.,
 ( 4, 2, 4 ),
 ( 0.000000000000000000, 0.0003953464452561773388, 0.0007906928905123546776 ),
 .UNSPECIFIED. ) ;
#3074 = CARTESIAN_POINT ( 'NONE',  ( 4.934344465946484348, 8.000000000000000000, 4.751288740056039295 ) ) ;
#3075 = ORIENTED_EDGE ( 'NONE', *, *, #4076, .F. ) ;
#3076 = EDGE_LOOP ( 'NONE', ( #796, #2596, #4630, #775 ) ) ;
#3077 = ORIENTED_EDGE ( 'NONE', *, *, #3141, .F. ) ;
#3078 = APPROVAL_PERSON_ORGANIZATION ( #3804, #2649, #2165 ) ;
#3079 = CARTESIAN_POINT ( 'NONE',  ( -3.397045344066844663, 1.653845617810561608, -6.854399480517451515 ) ) ;
#3080 = FACE_OUTER_BOUND ( 'NONE', #3223, .T. ) ;
#3081 = CARTESIAN_POINT ( 'NONE',  ( -7.293768092963841099, 3.153845617810560498, -2.307304989425262853 ) ) ;
#3082 = ORIENTED_EDGE ( 'NONE', *, *, #1958, .T. ) ;
#3083 = EDGE_LOOP ( 'NONE', ( #3024, #3358, #4155, #3647 ) ) ;
#3084 = CALENDAR_DATE ( 2026, 5, 10 ) ;
#3085 = CARTESIAN_POINT ( 'NONE',  ( 5.107491688851539813, 4.910000000000000142, 2.986171345291896095 ) ) ;
#3086 = CARTESIAN_POINT ( 'NONE',  ( 0.000000000000000000, 7.500000000000000000, 0.000000000000000000 ) ) ;
#3087 = CARTESIAN_POINT ( 'NONE',  ( 1.379999999999999671, 6.500000000000000000, -0.7729309367425445387 ) ) ;
#3088 = ORIENTED_EDGE ( 'NONE', *, *, #4966, .F. ) ;
#3089 = CARTESIAN_POINT ( 'NONE',  ( 2.279064564105349078, 2.000000000000000444, 4.400384907664990131 ) ) ;
#3090 = DIRECTION ( 'NONE',  ( 0.5120428415488842422, 0.6896551724137934825, -0.5120428415488739171 ) ) ;
#3091 = VECTOR ( 'NONE', #2652, 1000.000000000000114 ) ;
#3092 = CARTESIAN_POINT ( 'NONE',  ( 0.000000000000000000, 8.631655426250503638, -4.549999999999998934 ) ) ;
#3093 = FACE_OUTER_BOUND ( 'NONE', #485, .T. ) ;
#3094 = TOROIDAL_SURFACE ( 'NONE', #2923, 5.500000000000000000, 0.5000000000000000000 ) ;
#3095 = LINE ( 'NONE', #2656, #4192 ) ;
#3096 = AXIS2_PLACEMENT_3D ( 'NONE', #4580, #4216, #214 ) ;
#3097 = FACE_OUTER_BOUND ( 'NONE', #3083, .T. ) ;
#3098 = VECTOR ( 'NONE', #258, 1000.000000000000000 ) ;
#3099 = DIRECTION ( 'NONE',  ( -0.7071067811865453523, 0.000000000000000000, -0.7071067811865497932 ) ) ;
#3100 = EDGE_LOOP ( 'NONE', ( #544, #562, #1060, #2944 ) ) ;
#3101 = VERTEX_POINT ( 'NONE', #4481 ) ;
#3102 = EDGE_LOOP ( 'NONE', ( #4690, #2791, #591, #4372 ) ) ;
#3103 = VECTOR ( 'NONE', #1791, 1000.000000000000114 ) ;
#3104 = AXIS2_PLACEMENT_3D ( 'NONE', #743, #2232, #4614 ) ;
#3105 = CARTESIAN_POINT ( 'NONE',  ( 0.000000000000000000, 1.499999999999999556, 0.000000000000000000 ) ) ;
#3106 = DIRECTION ( 'NONE',  ( 0.000000000000000000, 0.000000000000000000, -1.000000000000000000 ) ) ;
#3107 = CARTESIAN_POINT ( 'NONE',  ( 0.000000000000000000, 6.500000000000000000, 0.000000000000000000 ) ) ;
#3108 = AXIS2_PLACEMENT_3D ( 'NONE', #433, #1213, #4850 ) ;
#3109 = ORIENTED_EDGE ( 'NONE', *, *, #4737, .F. ) ;
#3110 = AXIS2_PLACEMENT_3D ( 'NONE', #4700, #1943, #4326 ) ;
#3111 = VERTEX_POINT ( 'NONE', #4173 ) ;
#3112 = MECHANICAL_CONTEXT ( 'NONE', #2134, 'mechanical' ) ;
#3113 = EDGE_CURVE ( 'NONE', #2416, #3586, #1841, .T. ) ;
#3114 =( REPRESENTATION_RELATIONSHIP ('NONE','NONE', #2155, #4443 ) REPRESENTATION_RELATIONSHIP_WITH_TRANSFORMATION ( #540 )SHAPE_REPRESENTATION_RELATIONSHIP( ) );
#3115 = EDGE_CURVE ( 'NONE', #253, #4942, #1086, .T. ) ;
#3116 = FACE_OUTER_BOUND ( 'NONE', #234, .T. ) ;
#3117 = CARTESIAN_POINT ( 'NONE',  ( -1.400000000000000133, 11.43165542625050435, 5.549999999999999822 ) ) ;
#3118 = CARTESIAN_POINT ( 'NONE',  ( 1.397319086605161687, 6.500000000000000000, -0.8267289123675667373 ) ) ;
#3119 = EDGE_CURVE ( 'NONE', #628, #1507, #2767, .T. ) ;
#3120 = DIRECTION ( 'NONE',  ( 0.000000000000000000, 0.000000000000000000, -1.000000000000000000 ) ) ;
#3121 = LINE ( 'NONE', #2736, #2841 ) ;
#3122 = AXIS2_PLACEMENT_3D ( 'NONE', #4681, #4229, #2340 ) ;
#3123 = DIRECTION ( 'NONE',  ( 8.673617379884035472E-17, 1.880790961315659329E-33, -1.000000000000000000 ) ) ;
#3124 = ORIENTED_EDGE ( 'NONE', *, *, #4117, .F. ) ;
#3125 = AXIS2_PLACEMENT_3D ( 'NONE', #1746, #2116, #3695 ) ;
#3126 = DIRECTION ( 'NONE',  ( -0.000000000000000000, 0.000000000000000000, 1.000000000000000000 ) ) ;
#3127 = AXIS2_PLACEMENT_3D ( 'NONE', #692, #4310, #1473 ) ;
#3128 = CARTESIAN_POINT ( 'NONE',  ( 1.379999999999999671, 0.000000000000000000, -5.530000000000000249 ) ) ;
#3129 = CARTESIAN_POINT ( 'NONE',  ( 0.000000000000000000, 2.775349838536065761, -2.413347685683533417 ) ) ;
#3130 = ORIENTED_EDGE ( 'NONE', *, *, #2573, .T. ) ;
#3131 = ORIENTED_EDGE ( 'NONE', *, *, #102, .F. ) ;
#3132 = VERTEX_POINT ( 'NONE', #4979 ) ;
#3133 = DIRECTION ( 'NONE',  ( -0.7071067811865401342, -3.056747976430751789E-16, -0.7071067811865550112 ) ) ;
#3134 = PLANE ( 'NONE',  #434 ) ;
#3135 = CARTESIAN_POINT ( 'NONE',  ( 1.399999999999999689, 0.000000000000000000, 0.000000000000000000 ) ) ;
#3136 = ORIENTED_EDGE ( 'NONE', *, *, #1410, .F. ) ;
#3137 = ORIENTED_EDGE ( 'NONE', *, *, #2631, .F. ) ;
#3138 = CALENDAR_DATE ( 2026, 5, 10 ) ;
#3139 = EDGE_CURVE ( 'NONE', #3026, #3490, #2332, .T. ) ;
#3140 = EDGE_CURVE ( 'NONE', #4097, #1197, #4750, .T. ) ;
#3141 = EDGE_CURVE ( 'NONE', #135, #4501, #507, .T. ) ;
#3142 = DIRECTION ( 'NONE',  ( 1.000000000000000000, 0.000000000000000000, -0.000000000000000000 ) ) ;
#3143 = DIRECTION ( 'NONE',  ( 0.000000000000000000, 0.000000000000000000, -1.000000000000000000 ) ) ;
#3144 = CIRCLE ( 'NONE', #1807, 0.1499999999999999667 ) ;
#3145 = CARTESIAN_POINT ( 'NONE',  ( -7.650000000000000355, 0.000000000000000000, 9.368548013477252244E-16 ) ) ;
#3146 = CARTESIAN_POINT ( 'NONE',  ( 0.000000000000000000, 0.02972972972972967240, 0.1783783783783780552 ) ) ;
#3147 = DIRECTION ( 'NONE',  ( -0.000000000000000000, 1.000000000000000000, -0.000000000000000000 ) ) ;
#3148 = CARTESIAN_POINT ( 'NONE',  ( 1.399999999999999689, 12.34999999999999964, -2.027069063257456172 ) ) ;
#3149 = DIRECTION ( 'NONE',  ( 0.000000000000000000, 1.000000000000000000, -0.000000000000000000 ) ) ;
#3150 = CARTESIAN_POINT ( 'NONE',  ( -2.435362535369392845, 3.200000000000000178, 7.252000366886310445 ) ) ;
#3151 = LOCAL_TIME ( 14, 20, 58.00000000000000000, #571 ) ;
#3152 = DIRECTION ( 'NONE',  ( -1.000000000000000000, -0.000000000000000000, 0.000000000000000000 ) ) ;
#3153 = VERTEX_POINT ( 'NONE', #3679 ) ;
#3154 = ORIENTED_EDGE ( 'NONE', *, *, #4348, .T. ) ;
#3155 = VERTEX_POINT ( 'NONE', #2122 ) ;
#3156 = VECTOR ( 'NONE', #3541, 1000.000000000000000 ) ;
#3157 = CARTESIAN_POINT ( 'NONE',  ( 0.000000000000000000, 12.37465984809580277, 1.879109974682634077 ) ) ;
#3158 = DIRECTION ( 'NONE',  ( -0.7071067811865475727, -3.056747976430751789E-16, 0.7071067811865475727 ) ) ;
#3159 = DIRECTION ( 'NONE',  ( -0.4876598490941712050, -0.7241379310344822073, -0.4876598490941709274 ) ) ;
#3160 = EDGE_LOOP ( 'NONE', ( #4483, #4605, #335, #3540 ) ) ;
#3161 = ORIENTED_EDGE ( 'NONE', *, *, #2760, .F. ) ;
#3162 = COORDINATED_UNIVERSAL_TIME_OFFSET ( 7, 0, .BEHIND. ) ;
#3163 = CARTESIAN_POINT ( 'NONE',  ( 1.397319086605161687, 6.500000000000000000, 4.496202024374977846 ) ) ;
#3164 = CARTESIAN_POINT ( 'NONE',  ( -8.150000000000000355, 0.000000000000000000, 0.000000000000000000 ) ) ;
#3165 = CARTESIAN_POINT ( 'NONE',  ( -1.380000000000000115, 6.649999999999999467, 4.549999999999999822 ) ) ;
#3166 = CARTESIAN_POINT ( 'NONE',  ( -2.312024219028192551, 2.048942590553173293, -4.433344562587834048 ) ) ;
#3167 = ADVANCED_FACE ( 'NONE', ( #3701 ), #1727, .F. ) ;
#3168 = DIRECTION ( 'NONE',  ( 0.000000000000000000, 0.000000000000000000, -1.000000000000000000 ) ) ;
#3169 = CIRCLE ( 'NONE', #4400, 0.1000000000000001443 ) ;
#3170 = EDGE_CURVE ( 'NONE', #3205, #4153, #3347, .T. ) ;
#3171 = CARTESIAN_POINT ( 'NONE',  ( -1.399999999999999467, 0.02644174998362248258, 0.1586504999017351869 ) ) ;
#3172 = DIRECTION ( 'NONE',  ( 0.000000000000000000, 1.000000000000000000, 0.000000000000000000 ) ) ;
#3173 = CARTESIAN_POINT ( 'NONE',  ( -1.380000000000000115, 6.649999999999999467, 4.400000000000000355 ) ) ;
#3174 = VECTOR ( 'NONE', #2091, 1000.000000000000000 ) ;
#3175 = EDGE_LOOP ( 'NONE', ( #1742, #2611, #1487, #2300 ) ) ;
#3176 = VERTEX_POINT ( 'NONE', #4145 ) ;
#3177 = ORIENTED_EDGE ( 'NONE', *, *, #3796, .F. ) ;
#3178 = AXIS2_PLACEMENT_3D ( 'NONE', #4324, #3937, #2778 ) ;
#3179 = EDGE_CURVE ( 'NONE', #492, #4337, #4492, .T. ) ;
#3180 = DIRECTION ( 'NONE',  ( -0.7071067811865540120, 0.000000000000000000, 0.7071067811865410224 ) ) ;
#3181 = CARTESIAN_POINT ( 'NONE',  ( -5.087985294887772625, 4.978965517241379146, -2.966664951328128907 ) ) ;
#3182 = CARTESIAN_POINT ( 'NONE',  ( 1.399999999999999689, 12.48000000000000043, 4.343903740188081564 ) ) ;
#3183 = ORIENTED_EDGE ( 'NONE', *, *, #3706, .F. ) ;
#3184 = EDGE_LOOP ( 'NONE', ( #2283, #2790, #4684, #1789 ) ) ;
#3185 = APPROVAL_DATE_TIME ( #74, #2093 ) ;
#3186 = CIRCLE ( 'NONE', #3017, 5.000000000000000000 ) ;
#3187 = CC_DESIGN_DATE_AND_TIME_ASSIGNMENT ( #3641, #1224, ( #1709 ) ) ;
#3188 = PLANE ( 'NONE',  #349 ) ;
#3189 = AXIS2_PLACEMENT_3D ( 'NONE', #4765, #1612, #2864 ) ;
#3190 = CIRCLE ( 'NONE', #3844, 15.80000000000000071 ) ;
#3191 = PLANE ( 'NONE',  #1646 ) ;
#3192 = CARTESIAN_POINT ( 'NONE',  ( 0.000000000000000000, 1.499999999999999556, 0.000000000000000000 ) ) ;
#3193 = CARTESIAN_POINT ( 'NONE',  ( -5.036781010732915398, 4.909999999999999254, 2.915460667173190412 ) ) ;
#3194 = PLANE ( 'NONE',  #4031 ) ;
#3195 = EDGE_CURVE ( 'NONE', #1793, #4788, #3329, .T. ) ;
#3196 = AXIS2_PLACEMENT_3D ( 'NONE', #3900, #1503, #3099 ) ;
#3197 = EDGE_CURVE ( 'NONE', #3875, #3061, #421, .T. ) ;
#3198 = DIRECTION ( 'NONE',  ( -0.000000000000000000, -0.000000000000000000, -1.000000000000000000 ) ) ;
#3199 = VECTOR ( 'NONE', #4428, 1000.000000000000000 ) ;
#3200 = CARTESIAN_POINT ( 'NONE',  ( -1.400000000000000133, 11.43165542625050435, 5.400000000000000355 ) ) ;
#3201 = EDGE_CURVE ( 'NONE', #3897, #5042, #582, .T. ) ;
#3202 = EDGE_CURVE ( 'NONE', #4937, #3343, #4947, .T. ) ;
#3203 = DIRECTION ( 'NONE',  ( 0.000000000000000000, 0.000000000000000000, -1.000000000000000000 ) ) ;
#3204 = ORIENTED_EDGE ( 'NONE', *, *, #2697, .F. ) ;
#3205 = VERTEX_POINT ( 'NONE', #1104 ) ;
#3206 = CIRCLE ( 'NONE', #3125, 0.02000000000000005246 ) ;
#3207 = LINE ( 'NONE', #1285, #5052 ) ;
#3208 = CARTESIAN_POINT ( 'NONE',  ( 3.055708360304935756, 1.499999999999999334, -7.013831087634015304 ) ) ;
#3209 = DIRECTION ( 'NONE',  ( 0.000000000000000000, 0.000000000000000000, -1.000000000000000000 ) ) ;
#3210 = ORIENTED_EDGE ( 'NONE', *, *, #3195, .F. ) ;
#3211 = EDGE_CURVE ( 'NONE', #1169, #4195, #3121, .T. ) ;
#3212 = VERTEX_POINT ( 'NONE', #1550 ) ;
#3213 = APPROVAL_ROLE ( '' ) ;
#3214 = CARTESIAN_POINT ( 'NONE',  ( 1.379999999999999671, 6.500000000000000000, 4.549999999999999822 ) ) ;
#3215 = DIRECTION ( 'NONE',  ( 0.000000000000000000, -0.000000000000000000, 1.000000000000000000 ) ) ;
#3216 = DIRECTION ( 'NONE',  ( -0.7071067811865473507, 0.000000000000000000, 0.7071067811865477948 ) ) ;
#3217 = DIRECTION ( 'NONE',  ( 0.000000000000000000, 0.000000000000000000, 1.000000000000000000 ) ) ;
#3218 = CARTESIAN_POINT ( 'NONE',  ( -7.252000366886311333, 8.000000000000000000, 2.435362535369389292 ) ) ;
#3219 = AXIS2_PLACEMENT_3D ( 'NONE', #4382, #1626, #2391 ) ;
#3220 = DIRECTION ( 'NONE',  ( 0.000000000000000000, 0.000000000000000000, -1.000000000000000000 ) ) ;
#3221 = DIRECTION ( 'NONE',  ( 1.000000000000000000, 2.168404344971008252E-17, -8.673617379884035472E-17 ) ) ;
#3222 = DIRECTION ( 'NONE',  ( 8.673617379884035472E-17, 0.000000000000000000, -1.000000000000000000 ) ) ;
#3223 = EDGE_LOOP ( 'NONE', ( #1515, #509, #4121, #4122 ) ) ;
#3224 = ADVANCED_FACE ( 'NONE', ( #1048 ), #1470, .F. ) ;
#3225 = DIRECTION ( 'NONE',  ( 0.000000000000000000, 0.000000000000000000, -1.000000000000000000 ) ) ;
#3226 = CARTESIAN_POINT ( 'NONE',  ( 3.405877273185284881, 1.699999999999999734, -6.849999999999998757 ) ) ;
#3227 = APPROVAL_PERSON_ORGANIZATION ( #4944, #3497, #4553 ) ;
#3228 = CARTESIAN_POINT ( 'NONE',  ( 3.261944826741900894, 1.546453914618039605, 6.919843220402990269 ) ) ;
#3229 = ORIENTED_EDGE ( 'NONE', *, *, #1927, .F. ) ;
#3230 = ORIENTED_EDGE ( 'NONE', *, *, #1893, .F. ) ;
#3231 = APPROVAL_STATUS ( 'not_yet_approved' ) ;
#3232 = AXIS2_PLACEMENT_3D ( 'NONE', #2938, #947, #2549 ) ;
#3233 = EDGE_CURVE ( 'NONE', #1428, #4364, #4701, .T. ) ;
#3234 = DIRECTION ( 'NONE',  ( 0.000000000000000000, 1.000000000000000000, 0.000000000000000000 ) ) ;
#3235 = VECTOR ( 'NONE', #3060, 1000.000000000000000 ) ;
#3236 = DIRECTION ( 'NONE',  ( 1.000000000000000000, 0.000000000000000000, 0.000000000000000000 ) ) ;
#3237 = CARTESIAN_POINT ( 'NONE',  ( 1.380839982702822599, 6.500000000000000000, 0.7752318993870117581 ) ) ;
#3238 = FACE_OUTER_BOUND ( 'NONE', #1202, .T. ) ;
#3239 = DIRECTION ( 'NONE',  ( 0.000000000000000000, 1.000000000000000000, 0.000000000000000000 ) ) ;
#3240 = FACE_OUTER_BOUND ( 'NONE', #243, .T. ) ;
#3241 = DIRECTION ( 'NONE',  ( 1.000000000000000000, 0.000000000000000000, -0.000000000000000000 ) ) ;
#3242 = DIRECTION ( 'NONE',  ( -8.673617379884035472E-17, 0.000000000000000000, -1.000000000000000000 ) ) ;
#3243 = CC_DESIGN_DATE_AND_TIME_ASSIGNMENT ( #370, #5100, ( #1986 ) ) ;
#3244 = CARTESIAN_POINT ( 'NONE',  ( -1.380000000000000115, 6.649999999999999467, 4.400000000000000355 ) ) ;
#3245 = ORIENTED_EDGE ( 'NONE', *, *, #3491, .T. ) ;
#3246 = DIRECTION ( 'NONE',  ( 1.000000000000000000, -0.000000000000000000, 0.000000000000000000 ) ) ;
#3247 = LINE ( 'NONE', #1681, #1938 ) ;
#3248 = FACE_OUTER_BOUND ( 'NONE', #1591, .T. ) ;
#3249 = CIRCLE ( 'NONE', #3917, 0.1299999999999998934 ) ;
#3250 = ORIENTED_EDGE ( 'NONE', *, *, #2034, .F. ) ;
#3251 = EDGE_LOOP ( 'NONE', ( #2299, #255, #3301 ) ) ;
#3252 = ITEM_DEFINED_TRANSFORMATION ( 'NONE', 'NONE', #566,  #2326 ) ;
#3253 = CARTESIAN_POINT ( 'NONE',  ( -5.036781010732885200, 3.090000000000000746, -2.915460667173241038 ) ) ;
#3254 = CARTESIAN_POINT ( 'NONE',  ( -2.986171345291897872, 3.090000000000000746, -5.107491688851538925 ) ) ;
#3255 = CIRCLE ( 'NONE', #11, 0.01999999999999996225 ) ;
#3256 = ADVANCED_FACE ( 'NONE', ( #1916 ), #3041, .F. ) ;
#3257 = ORIENTED_EDGE ( 'NONE', *, *, #3051, .T. ) ;
#3258 = VECTOR ( 'NONE', #1287, 1000.000000000000000 ) ;
#3259 = DIRECTION ( 'NONE',  ( 0.7071067811865473507, -2.775557561562890735E-17, -0.7071067811865477948 ) ) ;
#3260 = VECTOR ( 'NONE', #962, 1000.000000000000000 ) ;
#3261 = DIRECTION ( 'NONE',  ( 0.000000000000000000, 0.000000000000000000, -1.000000000000000000 ) ) ;
#3262 = DIRECTION ( 'NONE',  ( 0.000000000000000000, 0.000000000000000000, -1.000000000000000000 ) ) ;
#3263 = DIRECTION ( 'NONE',  ( 0.000000000000000000, 0.1643989873053572914, -0.9863939238321437486 ) ) ;
#3264 = AXIS2_PLACEMENT_3D ( 'NONE', #4063, #4041, #2835 ) ;
#3265 = EDGE_CURVE ( 'NONE', #3454, #1169, #3249, .T. ) ;
#3266 = DIRECTION ( 'NONE',  ( 0.000000000000000000, 1.000000000000000000, -0.000000000000000000 ) ) ;
#3267 = DIRECTION ( 'NONE',  ( 1.000000000000000000, -0.000000000000000000, -0.000000000000000000 ) ) ;
#3268 = CARTESIAN_POINT ( 'NONE',  ( 1.399999999999999689, 11.43165542625050612, -5.530000000000000249 ) ) ;
#3269 = EDGE_CURVE ( 'NONE', #1858, #636, #3838, .T. ) ;
#3270 = ORIENTED_EDGE ( 'NONE', *, *, #802, .F. ) ;
#3271 = EDGE_LOOP ( 'NONE', ( #2245, #3740, #515, #4709 ) ) ;
#3272 = AXIS2_PLACEMENT_3D ( 'NONE', #3129, #2719, #665 ) ;
#3273 = DIRECTION ( 'NONE',  ( 0.000000000000000000, 0.000000000000000000, 1.000000000000000000 ) ) ;
#3274 = FACE_BOUND ( 'NONE', #4913, .T. ) ;
#3275 = CARTESIAN_POINT ( 'NONE',  ( 1.379999999999999671, 9.768344573749498494, 5.400000000000000355 ) ) ;
#3276 = ORIENTED_EDGE ( 'NONE', *, *, #45, .T. ) ;
#3277 = ORIENTED_EDGE ( 'NONE', *, *, #53, .T. ) ;
#3278 = APPROVAL_DATE_TIME ( #828, #4539 ) ;
#3279 = VECTOR ( 'NONE', #656, 1000.000000000000227 ) ;
#3280 = DIRECTION ( 'NONE',  ( -0.000000000000000000, -1.000000000000000000, -0.000000000000000000 ) ) ;
#3281 = CARTESIAN_POINT ( 'NONE',  ( -4.433344562587855364, 5.951057409446828927, 2.312024219028143701 ) ) ;
#3282 = AXIS2_PLACEMENT_3D ( 'NONE', #2121, #2261, #663 ) ;
#3283 = ORIENTED_EDGE ( 'NONE', *, *, #4309, .T. ) ;
#3284 = ADVANCED_FACE ( 'NONE', ( #1134 ), #3815, .T. ) ;
#3285 = ADVANCED_FACE ( 'NONE', ( #4724 ), #742, .T. ) ;
#3286 = CARTESIAN_POINT ( 'NONE',  ( 1.379999999999999671, 6.500000000000000000, -4.549999999999999822 ) ) ;
#3287 = CARTESIAN_POINT ( 'NONE',  ( -1.379999999999999893, -2.992397996059991005E-17, -4.379999999999999893 ) ) ;
#3288 = CARTESIAN_POINT ( 'NONE',  ( -7.248827492908195502, 3.153668633940836852, 2.444832771519096060 ) ) ;
#3289 = DIRECTION ( 'NONE',  ( 1.000000000000000000, 2.168404344971008252E-17, -8.673617379884035472E-17 ) ) ;
#3290 = ORIENTED_EDGE ( 'NONE', *, *, #3868, .T. ) ;
#3291 = DIRECTION ( 'NONE',  ( 5.691443106081644064E-14, -0.6561787149247931827, -0.7546055221634992982 ) ) ;
#3292 = DIRECTION ( 'NONE',  ( 0.000000000000000000, 1.000000000000000000, 0.000000000000000000 ) ) ;
#3293 = DIRECTION ( 'NONE',  ( 0.000000000000000000, -0.6561787149247869655, 0.7546055221635044052 ) ) ;
#3294 = ORIENTED_EDGE ( 'NONE', *, *, #4616, .T. ) ;
#3295 = VERTEX_POINT ( 'NONE', #2627 ) ;
#3296 = CARTESIAN_POINT ( 'NONE',  ( -2.291287847478249429, 8.000000000000000000, 4.999999999999999112 ) ) ;
#3297 = VECTOR ( 'NONE', #3551, 1000.000000000000000 ) ;
#3298 = DIRECTION ( 'NONE',  ( 0.000000000000000000, 0.000000000000000000, 1.000000000000000000 ) ) ;
#3299 = CARTESIAN_POINT ( 'NONE',  ( 7.171856393899841642, 3.000000000000000000, 2.663767322733572751 ) ) ;
#3300 = EDGE_LOOP ( 'NONE', ( #1729, #1810, #383, #982 ) ) ;
#3301 = ORIENTED_EDGE ( 'NONE', *, *, #3514, .T. ) ;
#3302 = PRODUCT_DEFINITION_FORMATION_WITH_SPECIFIED_SOURCE ( 'ANY', '', #5037, .NOT_KNOWN. ) ;
#3303 = DIRECTION ( 'NONE',  ( -1.000000000000000000, -2.168404344971008252E-17, -8.673617379884035472E-17 ) ) ;
#3304 = CARTESIAN_POINT ( 'NONE',  ( 2.847419838194332531, 3.008506057664685596, 7.100900871338162723 ) ) ;
#3305 = ORIENTED_EDGE ( 'NONE', *, *, #4038, .T. ) ;
#3306 = ORIENTED_EDGE ( 'NONE', *, *, #2792, .F. ) ;
#3307 = CIRCLE ( 'NONE', #737, 0.01999999999999996225 ) ;
#3308 = CIRCLE ( 'NONE', #4308, 0.1499999999999999667 ) ;
#3309 = CARTESIAN_POINT ( 'NONE',  ( 1.379999999999999671, 6.622052172158088723, 0.9406179037940093357 ) ) ;
#3310 = LINE ( 'NONE', #4868, #1012 ) ;
#3311 = DIRECTION ( 'NONE',  ( 0.000000000000000000, -0.9863939238321414171, 0.1643989873053713635 ) ) ;
#3312 = CYLINDRICAL_SURFACE ( 'NONE', #1445, 0.02000000000000005246 ) ;
#3313 = ORIENTED_EDGE ( 'NONE', *, *, #1095, .T. ) ;
#3314 = DIRECTION ( 'NONE',  ( -1.000000000000000000, -0.000000000000000000, 0.000000000000000000 ) ) ;
#3315 = DIRECTION ( 'NONE',  ( 0.000000000000000000, 0.7546055221635050714, 0.6561787149247864104 ) ) ;
#3316 = CARTESIAN_POINT ( 'NONE',  ( -4.843681451127849868, 8.000000000000000000, 4.843681451127852533 ) ) ;
#3317 = EDGE_CURVE ( 'NONE', #2273, #698, #502, .T. ) ;
#3318 = VERTEX_POINT ( 'NONE', #660 ) ;
#3319 = ORIENTED_EDGE ( 'NONE', *, *, #2591, .T. ) ;
#3320 = EDGE_CURVE ( 'NONE', #4412, #2295, #1504, .T. ) ;
#3321 = CARTESIAN_POINT ( 'NONE',  ( -3.405877273185284881, 6.500000000000000000, -6.849999999999998757 ) ) ;
#3322 = CARTESIAN_POINT ( 'NONE',  ( -1.399999999999999911, 6.500000000000000000, 4.483107698211994396 ) ) ;
#3323 = DIRECTION ( 'NONE',  ( -0.4876598490941762565, 0.7241379310344820963, 0.4876598490941660424 ) ) ;
#3324 = ORIENTED_EDGE ( 'NONE', *, *, #41, .F. ) ;
#3325 = ORIENTED_EDGE ( 'NONE', *, *, #2278, .T. ) ;
#3326 = ORIENTED_EDGE ( 'NONE', *, *, #3506, .F. ) ;
#3327 = APPROVAL_STATUS ( 'not_yet_approved' ) ;
#3328 = ADVANCED_FACE ( 'NONE', ( #275 ), #635, .F. ) ;
#3329 = CIRCLE ( 'NONE', #3744, 0.1299999999999998934 ) ;
#3330 = CARTESIAN_POINT ( 'NONE',  ( 4.934344465946484348, 3.000000000000000000, 4.751288740056039295 ) ) ;
#3331 = DIRECTION ( 'NONE',  ( -0.7071067811865475727, -3.056747976430751789E-16, 0.7071067811865475727 ) ) ;
#3332 = EDGE_LOOP ( 'NONE', ( #1478, #4182, #2350, #291, #3749, #5041, #1610, #1835, #3656, #2768, #3411, #2637, #3290, #2506 ) ) ;
#3333 = ORIENTED_EDGE ( 'NONE', *, *, #1659, .T. ) ;
#3334 = SECURITY_CLASSIFICATION_LEVEL ( 'unclassified' ) ;
#3335 = VECTOR ( 'NONE', #1390, 1000.000000000000000 ) ;
#3336 = PRODUCT_DEFINITION ( 'UNKNOWN', '', #3302, #2392 ) ;
#3337 = VECTOR ( 'NONE', #2083, 1000.000000000000114 ) ;
#3338 = CARTESIAN_POINT ( 'NONE',  ( 1.379999999999999671, 6.500000000000000000, 0.7729309367425446498 ) ) ;
#3339 = DIRECTION ( 'NONE',  ( -0.000000000000000000, 1.000000000000000000, -0.000000000000000000 ) ) ;
#3340 = CIRCLE ( 'NONE', #3431, 0.1499999999999999667 ) ;
#3341 = CYLINDRICAL_SURFACE ( 'NONE', #4804, 0.02000000000000053471 ) ;
#3342 = CARTESIAN_POINT ( 'NONE',  ( 9.368548013477250272E-16, 1.499999999999999556, 7.650000000000000355 ) ) ;
#3343 = VERTEX_POINT ( 'NONE', #3866 ) ;
#3344 = AXIS2_PLACEMENT_3D ( 'NONE', #1512, #2297, #3106 ) ;
#3345 = AXIS2_PLACEMENT_3D ( 'NONE', #3013, #220, #1451 ) ;
#3346 = DIRECTION ( 'NONE',  ( 1.000000000000000000, 2.168404344971008252E-17, -8.673617379884035472E-17 ) ) ;
#3347 = LINE ( 'NONE', #2933, #3833 ) ;
#3348 = CIRCLE ( 'NONE', #1261, 0.01999999999999996225 ) ;
#3349 = AXIS2_PLACEMENT_3D ( 'NONE', #452, #4723, #3120 ) ;
#3350 = VERTEX_POINT ( 'NONE', #245 ) ;
#3351 = ADVANCED_FACE ( 'NONE', ( #302 ), #4671, .T. ) ;
#3352 = EDGE_CURVE ( 'NONE', #1697, #1437, #1747, .T. ) ;
#3353 = EDGE_CURVE ( 'NONE', #2813, #2119, #326, .T. ) ;
#3354 = EDGE_CURVE ( 'NONE', #539, #4253, #252, .T. ) ;
#3355 = LINE ( 'NONE', #4932, #64 ) ;
#3356 = CARTESIAN_POINT ( 'NONE',  ( -1.380000000000000115, 6.500000000000000000, -4.549999999999999822 ) ) ;
#3357 = CARTESIAN_POINT ( 'NONE',  ( -1.380000000000000115, 9.768344573749500270, -5.400000000000000355 ) ) ;
#3358 = ORIENTED_EDGE ( 'NONE', *, *, #3513, .F. ) ;
#3359 = ORIENTED_EDGE ( 'NONE', *, *, #3450, .F. ) ;
#3360 = ORIENTED_EDGE ( 'NONE', *, *, #957, .F. ) ;
#3361 = APPROVAL_DATE_TIME ( #1002, #3624 ) ;
#3362 = LOCAL_TIME ( 14, 20, 58.00000000000000000, #3713 ) ;
#3363 = CIRCLE ( 'NONE', #4013, 0.02000000000000005246 ) ;
#3364 = CARTESIAN_POINT ( 'NONE',  ( -3.405877273185281773, 1.676175380897986456, 6.850000000000000533 ) ) ;
#3365 = FACE_OUTER_BOUND ( 'NONE', #1427, .T. ) ;
#3366 = EDGE_CURVE ( 'NONE', #3923, #969, #1665, .T. ) ;
#3367 = AXIS2_PLACEMENT_3D ( 'NONE', #3086, #215, #1833 ) ;
#3368 = ORIENTED_EDGE ( 'NONE', *, *, #994, .T. ) ;
#3369 = ORIENTED_EDGE ( 'NONE', *, *, #3170, .F. ) ;
#3370 = DATE_TIME_ROLE ( 'creation_date' ) ;
#3371 = CIRCLE ( 'NONE', #2378, 0.02000000000000005246 ) ;
#3372 = DIRECTION ( 'NONE',  ( -0.000000000000000000, -0.9863939238321437486, 0.1643989873053572637 ) ) ;
#3373 = CARTESIAN_POINT ( 'NONE',  ( 1.379999999999999671, 6.649999999999999467, 0.7729309367425446498 ) ) ;
#3374 = CARTESIAN_POINT ( 'NONE',  ( 2.291287847478249429, 8.000000000000000000, 4.999999999999848121 ) ) ;
#3375 = LINE ( 'NONE', #4950, #2785 ) ;
#3376 = ORIENTED_EDGE ( 'NONE', *, *, #2120, .F. ) ;
#3377 = LINE ( 'NONE', #1786, #2203 ) ;
#3378 = DIRECTION ( 'NONE',  ( -1.000000000000000000, 0.000000000000000000, 0.000000000000000000 ) ) ;
#3379 = CYLINDRICAL_SURFACE ( 'NONE', #4672, 0.02000000000000005246 ) ;
#3380 = VERTEX_POINT ( 'NONE', #1159 ) ;
#3381 = PERSON ( 'NAUO-PER3', 'UNSPECIFIED', 'UNSPECIFIED', ('UNSPECIFIED'), ('UNSPECIFIED'), ('UNSPECIFIED') ) ;
#3382 = AXIS2_PLACEMENT_3D ( 'NONE', #1185, #10, #2833 ) ;
#3383 = DIRECTION ( 'NONE',  ( -2.168404344971008252E-17, 1.000000000000000000, 0.000000000000000000 ) ) ;
#3384 = CARTESIAN_POINT ( 'NONE',  ( -1.400000000000000133, 8.759938365018300033, -4.438449618462786184 ) ) ;
#3385 = CARTESIAN_POINT ( 'NONE',  ( -1.379999999999999893, 12.50000000000000000, -2.027069063257456172 ) ) ;
#3386 = ORIENTED_EDGE ( 'NONE', *, *, #4143, .T. ) ;
#3387 = VERTEX_POINT ( 'NONE', #3667 ) ;
#3388 = ORIENTED_EDGE ( 'NONE', *, *, #811, .T. ) ;
#3389 = EDGE_CURVE ( 'NONE', #5042, #95, #4066, .T. ) ;
#3390 = AXIS2_PLACEMENT_3D ( 'NONE', #3584, #4019, #1194 ) ;
#3391 = FACE_OUTER_BOUND ( 'NONE', #3620, .T. ) ;
#3392 = CARTESIAN_POINT ( 'NONE',  ( -4.046831517071759698, 3.090000000000000746, 4.046831517071677098 ) ) ;
#3393 = EDGE_LOOP ( 'NONE', ( #493, #2221, #1309, #4831 ) ) ;
#3394 = VERTEX_POINT ( 'NONE', #2477 ) ;
#3395 = DATE_AND_TIME ( #2619, #819 ) ;
#3396 = EDGE_CURVE ( 'NONE', #3909, #4527, #1710, .T. ) ;
#3397 = FACE_OUTER_BOUND ( 'NONE', #1017, .T. ) ;
#3398 = CARTESIAN_POINT ( 'NONE',  ( 1.399999999999999467, 9.768344573749498494, 5.549999999999999822 ) ) ;
#3399 = LOCAL_TIME ( 14, 20, 58.00000000000000000, #4528 ) ;
#3400 = CARTESIAN_POINT ( 'NONE',  ( 2.179449471770337432, 7.499999999999998224, 4.500000000000000000 ) ) ;
#3401 = VERTEX_POINT ( 'NONE', #150 ) ;
#3402 = CIRCLE ( 'NONE', #1641, 0.02000000000000005246 ) ;
#3403 = CARTESIAN_POINT ( 'NONE',  ( 0.000000000000000000, 1.500000000000000444, 4.500000000000000000 ) ) ;
#3404 = CARTESIAN_POINT ( 'NONE',  ( -1.400000000000000133, 8.631655426250503638, 4.549999999999999822 ) ) ;
#3405 = CARTESIAN_POINT ( 'NONE',  ( 0.000000000000000000, 12.50000000000000000, -4.343903740188082452 ) ) ;
#3406 = ORIENTED_EDGE ( 'NONE', *, *, #4424, .T. ) ;
#3407 = CC_DESIGN_PERSON_AND_ORGANIZATION_ASSIGNMENT ( #2869, #1617, ( #1751 ) ) ;
#3408 = DIRECTION ( 'NONE',  ( 0.000000000000000000, 0.000000000000000000, 1.000000000000000000 ) ) ;
#3409 = CARTESIAN_POINT ( 'NONE',  ( 1.379999999999999671, 6.649999999999999467, -4.549999999999999822 ) ) ;
#3410 = VERTEX_POINT ( 'NONE', #1687 ) ;
#3411 = ORIENTED_EDGE ( 'NONE', *, *, #4624, .T. ) ;
#3412 = ORIENTED_EDGE ( 'NONE', *, *, #957, .T. ) ;
#3413 = DIRECTION ( 'NONE',  ( 0.8028956459037004390, 0.5961196035938423066, 0.000000000000000000 ) ) ;
#3414 = FACE_OUTER_BOUND ( 'NONE', #4761, .T. ) ;
#3415 = ORIENTED_EDGE ( 'NONE', *, *, #781, .T. ) ;
#3416 = VERTEX_POINT ( 'NONE', #521 ) ;
#3417 = DATE_AND_TIME ( #2922, #3151 ) ;
#3418 = AXIS2_PLACEMENT_3D ( 'NONE', #1944, #5005, #5057 ) ;
#3419 = ADVANCED_FACE ( 'NONE', ( #4889 ), #2362, .F. ) ;
#3420 = EDGE_CURVE ( 'NONE', #563, #3951, #1081, .T. ) ;
#3421 = CARTESIAN_POINT ( 'NONE',  ( 1.399999999999999689, 6.622052172158090499, -0.9406179037940094467 ) ) ;
#3422 = CARTESIAN_POINT ( 'NONE',  ( -2.279064564105393487, 2.000000000000000444, 4.400384907664967926 ) ) ;
#3423 = AXIS2_PLACEMENT_3D ( 'NONE', #85, #1995, #14 ) ;
#3424 = DIRECTION ( 'NONE',  ( -0.000000000000000000, 1.000000000000000000, -0.000000000000000000 ) ) ;
#3425 = ORIENTED_EDGE ( 'NONE', *, *, #4275, .T. ) ;
#3426 = DIRECTION ( 'NONE',  ( 0.000000000000000000, 0.000000000000000000, -1.000000000000000000 ) ) ;
#3427 = CARTESIAN_POINT ( 'NONE',  ( -1.060660171779818750, 4.585121964646132860E-16, -1.060660171779826300 ) ) ;
#3428 = DIRECTION ( 'NONE',  ( -0.000000000000000000, 1.000000000000000000, -0.000000000000000000 ) ) ;
#3429 = EDGE_CURVE ( 'NONE', #4912, #164, #3715, .T. ) ;
#3430 = ORIENTED_EDGE ( 'NONE', *, *, #1023, .F. ) ;
#3431 = AXIS2_PLACEMENT_3D ( 'NONE', #3275, #3762, #2029 ) ;
#3432 = DIRECTION ( 'NONE',  ( 0.000000000000000000, 0.000000000000000000, -1.000000000000000000 ) ) ;
#3433 = AXIS2_PLACEMENT_3D ( 'NONE', #3518, #3542, #2376 ) ;
#3434 = AXIS2_PLACEMENT_3D ( 'NONE', #3831, #2198, #1490 ) ;
#3435 = DIRECTION ( 'NONE',  ( 0.7071067811865474617, 0.000000000000000000, -0.7071067811865474617 ) ) ;
#3436 = DIRECTION ( 'NONE',  ( -0.000000000000000000, -1.000000000000000000, -0.000000000000000000 ) ) ;
#3437 = ORIENTED_EDGE ( 'NONE', *, *, #1720, .F. ) ;
#3438 = VERTEX_POINT ( 'NONE', #3552 ) ;
#3439 = ORIENTED_EDGE ( 'NONE', *, *, #646, .F. ) ;
#3440 = CARTESIAN_POINT ( 'NONE',  ( 2.571963978632909598, 3.200000000000000178, 7.204686064820227109 ) ) ;
#3441 = CARTESIAN_POINT ( 'NONE',  ( 3.976120838953074887, 3.089999999999999858, -3.976120838953049130 ) ) ;
#3442 = EDGE_LOOP ( 'NONE', ( #2770, #3324, #3430, #3439 ) ) ;
#3443 = ORIENTED_EDGE ( 'NONE', *, *, #4969, .F. ) ;
#3444 = COORDINATED_UNIVERSAL_TIME_OFFSET ( 7, 0, .BEHIND. ) ;
#3445 = VECTOR ( 'NONE', #1871, 1000.000000000000114 ) ;
#3446 = LINE ( 'NONE', #1808, #700 ) ;
#3447 = CARTESIAN_POINT ( 'NONE',  ( -2.571963978632912706, 3.000000000000000000, -7.204686064820227998 ) ) ;
#3448 = EDGE_CURVE ( 'NONE', #1887, #3394, #2782, .T. ) ;
#3449 = ORIENTED_EDGE ( 'NONE', *, *, #3767, .T. ) ;
#3450 = EDGE_CURVE ( 'NONE', #1362, #3295, #3888, .T. ) ;
#3451 = CARTESIAN_POINT ( 'NONE',  ( -1.380279994234274055, 6.500000000000000000, -0.7736979242907003895 ) ) ;
#3452 = CARTESIAN_POINT ( 'NONE',  ( -2.312024219028190775, 5.951057409446828039, -4.433344562587832272 ) ) ;
#3453 = CARTESIAN_POINT ( 'NONE',  ( -1.379999999999999449, 0.02972972972972962383, 0.1783783783783780552 ) ) ;
#3454 = VERTEX_POINT ( 'NONE', #1576 ) ;
#3455 = CARTESIAN_POINT ( 'NONE',  ( 5.107491688851549583, 4.950000000000000178, -2.986171345291879664 ) ) ;
#3456 = CARTESIAN_POINT ( 'NONE',  ( -2.885102807365160338, 3.000000000000000000, 7.085102807365162292 ) ) ;
#3457 = LINE ( 'NONE', #2689, #1201 ) ;
#3458 = ORIENTED_EDGE ( 'NONE', *, *, #940, .T. ) ;
#3459 = ORIENTED_EDGE ( 'NONE', *, *, #2312, .T. ) ;
#3460 = ORIENTED_EDGE ( 'NONE', *, *, #422, .F. ) ;
#3461 = DIRECTION ( 'NONE',  ( -0.000000000000000000, 1.000000000000000000, -0.000000000000000000 ) ) ;
#3462 = DIRECTION ( 'NONE',  ( 0.000000000000000000, 0.000000000000000000, 1.000000000000000000 ) ) ;
#3463 = DIRECTION ( 'NONE',  ( -5.122298795473439605E-17, -0.6561787149247870765, -0.7546055221635045163 ) ) ;
#3464 = PRODUCT_DEFINITION_SHAPE ( 'NONE', 'NONE',  #5143 ) ;
#3465 = ORIENTED_EDGE ( 'NONE', *, *, #2373, .T. ) ;
#3466 = ORIENTED_EDGE ( 'NONE', *, *, #42, .T. ) ;
#3467 = APPROVAL_DATE_TIME ( #3911, #1323 ) ;
#3468 = CARTESIAN_POINT ( 'NONE',  ( -2.263182533822390319, 8.000000000000001776, -4.871246803256979341 ) ) ;
#3469 = LINE ( 'NONE', #1015, #4603 ) ;
#3470 = CARTESIAN_POINT ( 'NONE',  ( -8.150000000000000355, 0.000000000000000000, 0.000000000000000000 ) ) ;
#3471 = ORIENTED_EDGE ( 'NONE', *, *, #1129, .F. ) ;
#3472 = CC_DESIGN_APPROVAL ( #2583, ( #1986 ) ) ;
#3473 = DIRECTION ( 'NONE',  ( -1.000000000000000000, -0.000000000000000000, -0.000000000000000000 ) ) ;
#3474 = CARTESIAN_POINT ( 'NONE',  ( -3.976120838953103753, 4.909999999999999254, 3.976120838953022929 ) ) ;
#3475 = DIRECTION ( 'NONE',  ( 1.000000000000000000, -0.000000000000000000, 0.000000000000000000 ) ) ;
#3476 = CARTESIAN_POINT ( 'NONE',  ( 1.379999999999999671, 8.631655426250503638, -4.549999999999998934 ) ) ;
#3477 = AXIS2_PLACEMENT_3D ( 'NONE', #4089, #532, #2123 ) ;
#3478 = CARTESIAN_POINT ( 'NONE',  ( -5.107491688851570011, 4.950000000000000178, 2.986171345291844137 ) ) ;
#3479 = CARTESIAN_POINT ( 'NONE',  ( 1.399999999999999689, 11.43165542625050612, -5.549999999999999822 ) ) ;
#3480 = AXIS2_PLACEMENT_3D ( 'NONE', #2113, #4393, #4447 ) ;
#3481 = EDGE_CURVE ( 'NONE', #4615, #1830, #2917, .T. ) ;
#3482 = DIRECTION ( 'NONE',  ( 0.7071067811865475727, -3.056747976430751296E-16, -0.7071067811865475727 ) ) ;
#3483 = ORIENTED_EDGE ( 'NONE', *, *, #3448, .T. ) ;
#3484 = ORIENTED_EDGE ( 'NONE', *, *, #2733, .F. ) ;
#3485 = ORIENTED_EDGE ( 'NONE', *, *, #277, .T. ) ;
#3486 = ADVANCED_FACE ( 'NONE', ( #2135 ), #900, .T. ) ;
#3487 = DIRECTION ( 'NONE',  ( 0.7071067811865474617, 0.000000000000000000, 0.7071067811865474617 ) ) ;
#3488 = CARTESIAN_POINT ( 'NONE',  ( 2.986171345291913415, 3.090000000000001190, -5.107491688851530043 ) ) ;
#3489 = DIRECTION ( 'NONE',  ( 0.000000000000000000, 0.000000000000000000, -1.000000000000000000 ) ) ;
#3490 = VERTEX_POINT ( 'NONE', #4862 ) ;
#3491 = EDGE_CURVE ( 'NONE', #164, #1046, #3169, .T. ) ;
#3492 = EDGE_LOOP ( 'NONE', ( #4734, #3204, #4072, #1290 ) ) ;
#3493 = PERSON_AND_ORGANIZATION_ROLE ( 'design_supplier' ) ;
#3494 = DIRECTION ( 'NONE',  ( -0.000000000000000000, 1.000000000000000000, -0.000000000000000000 ) ) ;
#3495 = LINE ( 'NONE', #1466, #1274 ) ;
#3496 = CARTESIAN_POINT ( 'NONE',  ( 4.400384907664998124, 2.000000000000000444, -2.279064564105333979 ) ) ;
#3497 = APPROVAL ( #1382, 'UNSPECIFIED' ) ;
#3498 = FACE_OUTER_BOUND ( 'NONE', #3100, .T. ) ;
#3499 = DIRECTION ( 'NONE',  ( 0.000000000000000000, 0.000000000000000000, 1.000000000000000000 ) ) ;
#3500 = AXIS2_PLACEMENT_3D ( 'NONE', #4053, #3280, #1661 ) ;
#3501 = CARTESIAN_POINT ( 'NONE',  ( 4.433344562587840265, 2.048942590553171961, -2.312024219028176120 ) ) ;
#3502 = EDGE_LOOP ( 'NONE', ( #2546, #4598, #4961, #3406 ) ) ;
#3503 = CYLINDRICAL_SURFACE ( 'NONE', #4699, 0.1499999999999999667 ) ;
#3504 = TOROIDAL_SURFACE ( 'NONE', #1252, 0.1299999999999999767, 0.02000000000000000042 ) ;
#3505 = FACE_OUTER_BOUND ( 'NONE', #4622, .T. ) ;
#3506 = EDGE_CURVE ( 'NONE', #4526, #3823, #789, .T. ) ;
#3507 = AXIS2_PLACEMENT_3D ( 'NONE', #1121, #3489, #5142 ) ;
#3508 = CARTESIAN_POINT ( 'NONE',  ( -1.399999999999999689, 6.649999999999999467, 0.7729309367425446498 ) ) ;
#3509 = ORIENTED_EDGE ( 'NONE', *, *, #4394, .F. ) ;
#3510 = VERTEX_POINT ( 'NONE', #495 ) ;
#3511 = ORIENTED_EDGE ( 'NONE', *, *, #2108, .T. ) ;
#3512 = ADVANCED_FACE ( 'NONE', ( #1292 ), #2503, .T. ) ;
#3513 = EDGE_CURVE ( 'NONE', #642, #2722, #1923, .T. ) ;
#3514 = EDGE_CURVE ( 'NONE', #2424, #284, #4749, .T. ) ;
#3515 = CIRCLE ( 'NONE', #2433, 7.650000000000000355 ) ;
#3516 = CIRCLE ( 'NONE', #2608, 0.1499999999999999667 ) ;
#3517 = CARTESIAN_POINT ( 'NONE',  ( 0.000000000000000000, 12.50000000000000000, 0.000000000000000000 ) ) ;
#3518 = CARTESIAN_POINT ( 'NONE',  ( -1.379999999999999893, 12.37137186834969604, 1.898837853159277334 ) ) ;
#3519 = CARTESIAN_POINT ( 'NONE',  ( -1.380000000000000115, 11.43165542625050612, -5.549999999999999822 ) ) ;
#3520 = AXIS2_PLACEMENT_3D ( 'NONE', #886, #1235, #3293 ) ;
#3521 = ORIENTED_EDGE ( 'NONE', *, *, #2978, .F. ) ;
#3522 = ORIENTED_EDGE ( 'NONE', *, *, #745, .T. ) ;
#3523 = PERSON_AND_ORGANIZATION ( #2197, #152 ) ;
#3524 = ADVANCED_FACE ( 'NONE', ( #4601 ), #345, .T. ) ;
#3525 = DIRECTION ( 'NONE',  ( -0.000000000000000000, 1.000000000000000000, -0.000000000000000000 ) ) ;
#3526 = DIRECTION ( 'NONE',  ( -1.000000000000000000, -0.000000000000000000, -0.000000000000000000 ) ) ;
#3527 = CARTESIAN_POINT ( 'NONE',  ( 1.400000000000000133, 6.500000000000000000, -0.8529309367425446098 ) ) ;
#3528 = SHAPE_REPRESENTATION ( 'Snap Fit Female V2', ( #2326 ), #1067 ) ;
#3529 = DIRECTION ( 'NONE',  ( 0.000000000000000000, 0.000000000000000000, -1.000000000000000000 ) ) ;
#3530 = CARTESIAN_POINT ( 'NONE',  ( -1.045004651996037648, -1.407485477710246791, 1.045004651996016554 ) ) ;
#3531 = DIRECTION ( 'NONE',  ( 0.7071067811865401342, 0.000000000000000000, 0.7071067811865550112 ) ) ;
#3532 = CARTESIAN_POINT ( 'NONE',  ( 4.500000000000000000, 1.500000000000000444, -2.179449471770337432 ) ) ;
#3533 = AXIS2_PLACEMENT_3D ( 'NONE', #553, #1754, #84 ) ;
#3534 = DIRECTION ( 'NONE',  ( 1.000000000000000000, 0.000000000000000000, 0.000000000000000000 ) ) ;
#3535 = AXIS2_PLACEMENT_3D ( 'NONE', #1554, #3149, #2716 ) ;
#3536 = DIRECTION ( 'NONE',  ( 0.000000000000000000, -0.1643989873053572637, 0.9863939238321437486 ) ) ;
#3537 = FACE_OUTER_BOUND ( 'NONE', #4604, .T. ) ;
#3538 = VERTEX_POINT ( 'NONE', #3851 ) ;
#3539 = ORIENTED_EDGE ( 'NONE', *, *, #53, .F. ) ;
#3540 = ORIENTED_EDGE ( 'NONE', *, *, #1481, .F. ) ;
#3541 = DIRECTION ( 'NONE',  ( 1.000000000000000000, 0.000000000000000000, 0.000000000000000000 ) ) ;
#3542 = DIRECTION ( 'NONE',  ( -3.564834783817047766E-15, 0.9863939238321488556, 0.1643989873053274264 ) ) ;
#3543 = DIRECTION ( 'NONE',  ( -0.7071067811865451302, 0.000000000000000000, -0.7071067811865500152 ) ) ;
#3544 = VERTEX_POINT ( 'NONE', #2584 ) ;
#3545 = EDGE_LOOP ( 'NONE', ( #599, #5092, #584, #254, #4611, #3792 ) ) ;
#3546 = SECURITY_CLASSIFICATION_LEVEL ( 'unclassified' ) ;
#3547 = CARTESIAN_POINT ( 'NONE',  ( 3.405877273185284881, 6.500000000000000000, -6.849999999999998757 ) ) ;
#3548 = DIRECTION ( 'NONE',  ( 0.000000000000000000, -0.6561787149247684248, 0.7546055221635205035 ) ) ;
#3549 = EDGE_CURVE ( 'NONE', #284, #3785, #1530, .T. ) ;
#3550 = TOROIDAL_SURFACE ( 'NONE', #3798, 0.1299999999999999767, 0.02000000000000000042 ) ;
#3551 = DIRECTION ( 'NONE',  ( 0.000000000000000000, 1.000000000000000000, 0.000000000000000000 ) ) ;
#3552 = CARTESIAN_POINT ( 'NONE',  ( 1.399999999999999689, 12.48000000000000220, 2.027069063257455728 ) ) ;
#3553 = DIRECTION ( 'NONE',  ( 0.000000000000000000, 1.000000000000000000, 0.000000000000000000 ) ) ;
#3554 = DIRECTION ( 'NONE',  ( 0.000000000000000000, 0.1643989873053274264, -0.9863939238321487446 ) ) ;
#3555 = CARTESIAN_POINT ( 'NONE',  ( 0.000000000000000000, 1.500000000000000444, 4.500000000000000000 ) ) ;
#3556 = CARTESIAN_POINT ( 'NONE',  ( -2.586524759049135813, 3.046453914618040937, 7.199611372740288395 ) ) ;
#3557 = APPROVAL_PERSON_ORGANIZATION ( #2728, #4796, #344 ) ;
#3558 = CARTESIAN_POINT ( 'NONE',  ( -1.380000000000000115, 11.54484625457503100, -5.498426807238717906 ) ) ;
#3559 = VERTEX_POINT ( 'NONE', #257 ) ;
#3560 = ORIENTED_EDGE ( 'NONE', *, *, #4871, .F. ) ;
#3561 = ORIENTED_EDGE ( 'NONE', *, *, #2179, .T. ) ;
#3562 = PRODUCT_RELATED_PRODUCT_CATEGORY ( 'detail', '', ( #3747 ) ) ;
#3563 = CIRCLE ( 'NONE', #3642, 0.1499999999999999667 ) ;
#3564 = CARTESIAN_POINT ( 'NONE',  ( -2.915460667173294329, 3.090000000000000746, 5.036781010732854114 ) ) ;
#3565 = CARTESIAN_POINT ( 'NONE',  ( 0.000000000000000000, 8.000000000000000000, 0.000000000000000000 ) ) ;
#3566 = DIRECTION ( 'NONE',  ( 0.000000000000000000, 0.1643989873053704753, 0.9863939238321415282 ) ) ;
#3567 = VERTEX_POINT ( 'NONE', #3440 ) ;
#3568 = VERTEX_POINT ( 'NONE', #3052 ) ;
#3569 = VECTOR ( 'NONE', #2117, 1000.000000000000000 ) ;
#3570 = CALENDAR_DATE ( 2026, 5, 10 ) ;
#3571 = CARTESIAN_POINT ( 'NONE',  ( 1.385521695682326193, 6.500000000000000000, 4.534868014339770603 ) ) ;
#3572 = EDGE_CURVE ( 'NONE', #945, #1697, #5017, .T. ) ;
#3573 =( NAMED_UNIT ( * ) PLANE_ANGLE_UNIT ( ) SI_UNIT ( $, .RADIAN. ) );
#3574 = ADVANCED_FACE ( 'NONE', ( #4574 ), #2242, .T. ) ;
#3575 = EDGE_CURVE ( 'NONE', #310, #698, #666, .T. ) ;
#3576 = EDGE_CURVE ( 'NONE', #4599, #2233, #1004, .T. ) ;
#3577 = LINE ( 'NONE', #3985, #687 ) ;
#3578 = CARTESIAN_POINT ( 'NONE',  ( -4.433344562587834048, 2.048942590553171961, -2.312024219028189886 ) ) ;
#3579 = CARTESIAN_POINT ( 'NONE',  ( -1.380000000000000115, 6.649999999999999467, -4.400000000000000355 ) ) ;
#3580 = AXIS2_PLACEMENT_3D ( 'NONE', #979, #3824, #4914 ) ;
#3581 = DIRECTION ( 'NONE',  ( 0.000000000000000000, 1.000000000000000000, 0.000000000000000000 ) ) ;
#3582 = EDGE_CURVE ( 'NONE', #4195, #299, #756, .T. ) ;
#3583 = DIRECTION ( 'NONE',  ( -1.000000000000000000, 0.000000000000000000, 0.000000000000000000 ) ) ;
#3584 = CARTESIAN_POINT ( 'NONE',  ( 1.379999999999999893, 9.670245855868245144, 5.485303232940222706 ) ) ;
#3585 = VECTOR ( 'NONE', #2071, 1000.000000000000000 ) ;
#3586 = VERTEX_POINT ( 'NONE', #288 ) ;
#3587 = ORIENTED_EDGE ( 'NONE', *, *, #673, .F. ) ;
#3588 = CIRCLE ( 'NONE', #1333, 7.650000000000000355 ) ;
#3589 = LINE ( 'NONE', #1680, #1482 ) ;
#3590 = LINE ( 'NONE', #70, #5087 ) ;
#3591 = CYLINDRICAL_SURFACE ( 'NONE', #3507, 0.5000000000000004441 ) ;
#3592 = ORIENTED_EDGE ( 'NONE', *, *, #4105, .T. ) ;
#3593 = VERTEX_POINT ( 'NONE', #208 ) ;
#3594 = PERSON_AND_ORGANIZATION_ROLE ( 'classification_officer' ) ;
#3595 = CIRCLE ( 'NONE', #1341, 0.1000000000000001443 ) ;
#3596 = CIRCLE ( 'NONE', #2931, 7.650000000000000355 ) ;
#3597 = CARTESIAN_POINT ( 'NONE',  ( -4.871246803257019309, 8.000000000000001776, 2.263182533822205134 ) ) ;
#3598 = TOROIDAL_SURFACE ( 'NONE', #4005, 0.1299999999999999767, 0.02000000000000000042 ) ;
#3599 = AXIS2_PLACEMENT_3D ( 'NONE', #1715, #2142, #107 ) ;
#3600 = CARTESIAN_POINT ( 'NONE',  ( 4.999999999999848121, 8.000000000000000000, -2.291287847478249429 ) ) ;
#3601 = CARTESIAN_POINT ( 'NONE',  ( 1.379999999999999671, 6.649999999999999467, 0.7729309367425446498 ) ) ;
#3602 = EDGE_CURVE ( 'NONE', #1977, #1875, #2668, .T. ) ;
#3603 = CARTESIAN_POINT ( 'NONE',  ( 1.379999999999999671, 12.44809871788125477, -4.429206973128303026 ) ) ;
#3604 = EDGE_CURVE ( 'NONE', #3923, #3559, #2422, .T. ) ;
#3605 = DIRECTION ( 'NONE',  ( 0.000000000000000000, 1.000000000000000000, -0.000000000000000000 ) ) ;
#3606 = VECTOR ( 'NONE', #123, 1000.000000000000000 ) ;
#3607 = PLANE ( 'NONE',  #3992 ) ;
#3608 = AXIS2_PLACEMENT_3D ( 'NONE', #3476, #1499, #4330 ) ;
#3609 = CARTESIAN_POINT ( 'NONE',  ( 0.000000000000000000, 0.000000000000000000, 0.000000000000000000 ) ) ;
#3610 = AXIS2_PLACEMENT_3D ( 'NONE', #4634, #1070, #2676 ) ;
#3611 = FACE_OUTER_BOUND ( 'NONE', #908, .T. ) ;
#3612 = EDGE_LOOP ( 'NONE', ( #1765, #1743, #3437, #3136 ) ) ;
#3613 = ORIENTED_EDGE ( 'NONE', *, *, #3353, .F. ) ;
#3614 = ADVANCED_FACE ( 'NONE', ( #3391 ), #954, .T. ) ;
#3615 = CIRCLE ( 'NONE', #374, 0.1499999999999999667 ) ;
#3616 = CARTESIAN_POINT ( 'NONE',  ( -1.380000000000000115, 12.34999999999999964, 4.343903740188081564 ) ) ;
#3617 = DIRECTION ( 'NONE',  ( 0.000000000000000000, 0.000000000000000000, 1.000000000000000000 ) ) ;
#3618 = CARTESIAN_POINT ( 'NONE',  ( 1.379999999999999671, 11.43165542625050435, 5.400000000000000355 ) ) ;
#3619 = EDGE_LOOP ( 'NONE', ( #1559, #3005, #3664, #3369 ) ) ;
#3620 = EDGE_LOOP ( 'NONE', ( #1084, #311, #2400, #1750 ) ) ;
#3621 = COORDINATED_UNIVERSAL_TIME_OFFSET ( 7, 0, .BEHIND. ) ;
#3622 = DIRECTION ( 'NONE',  ( 0.7203422578024066825, 0.000000000000000000, 0.6936187941687647074 ) ) ;
#3623 = CARTESIAN_POINT ( 'NONE',  ( -33.03340468890966974, 21.65657376816718838, -2.465520461092655768 ) ) ;
#3624 = APPROVAL ( #3327, 'UNKNOWN' ) ;
#3625 = FACE_OUTER_BOUND ( 'NONE', #3251, .T. ) ;
#3626 = DIRECTION ( 'NONE',  ( -0.7071067811865477948, 0.000000000000000000, -0.7071067811865473507 ) ) ;
#3627 = DIRECTION ( 'NONE',  ( -1.000000000000000000, -2.168404344971008252E-17, 8.673617379884035472E-17 ) ) ;
#3628 = CARTESIAN_POINT ( 'NONE',  ( -1.380279994234274721, 6.500000000000000000, -4.549233012451844083 ) ) ;
#3629 = CARTESIAN_POINT ( 'NONE',  ( 4.999999999999848121, 8.000000000000000000, -2.291287847478249429 ) ) ;
#3630 = CARTESIAN_POINT ( 'NONE',  ( 1.379999999999999671, 8.631655426250503638, 4.379999999999999893 ) ) ;
#3631 = ADVANCED_FACE ( 'NONE', ( #2271 ), #4186, .F. ) ;
#3632 = DIRECTION ( 'NONE',  ( 0.000000000000000000, 0.7546055221635206145, 0.6561787149247685358 ) ) ;
#3633 = ORIENTED_EDGE ( 'NONE', *, *, #3354, .T. ) ;
#3634 = ADVANCED_FACE ( 'NONE', ( #2557 ), #2974, .T. ) ;
#3635 = FACE_OUTER_BOUND ( 'NONE', #3271, .T. ) ;
#3636 = CARTESIAN_POINT ( 'NONE',  ( -4.500000000000000000, 7.499999999999998224, 2.179449471770337432 ) ) ;
#3637 = CARTESIAN_POINT ( 'NONE',  ( -3.405877273185280885, 1.699999999999999734, 6.850000000000000533 ) ) ;
#3638 = CARTESIAN_POINT ( 'NONE',  ( -1.380000000000000115, 8.631655426250503638, 4.379999999999999893 ) ) ;
#3639 = EDGE_LOOP ( 'NONE', ( #5075, #4349, #1656, #4518 ) ) ;
#3640 = ORIENTED_EDGE ( 'NONE', *, *, #1052, .T. ) ;
#3641 = DATE_AND_TIME ( #446, #229 ) ;
#3642 = AXIS2_PLACEMENT_3D ( 'NONE', #4712, #2270, #3850 ) ;
#3643 = CARTESIAN_POINT ( 'NONE',  ( 0.000000000000000000, 1.499999999999999556, -6.849999999999998757 ) ) ;
#3644 = DIRECTION ( 'NONE',  ( 1.000000000000000000, -0.000000000000000000, 0.000000000000000000 ) ) ;
#3645 = EDGE_CURVE ( 'NONE', #2618, #497, #272, .T. ) ;
#3646 = VECTOR ( 'NONE', #2227, 1000.000000000000000 ) ;
#3647 = ORIENTED_EDGE ( 'NONE', *, *, #2047, .F. ) ;
#3648 = LINE ( 'NONE', #4530, #4679 ) ;
#3649 = DIRECTION ( 'NONE',  ( -0.000000000000000000, -1.000000000000000000, -0.000000000000000000 ) ) ;
#3650 = DIRECTION ( 'NONE',  ( 0.000000000000000000, 0.000000000000000000, -1.000000000000000000 ) ) ;
#3651 = FACE_OUTER_BOUND ( 'NONE', #4161, .T. ) ;
#3652 = DIRECTION ( 'NONE',  ( -1.000000000000000000, -0.000000000000000000, -0.000000000000000000 ) ) ;
#3653 = CYLINDRICAL_SURFACE ( 'NONE', #2085, 0.5000000000000004441 ) ;
#3654 = DIRECTION ( 'NONE',  ( 0.000000000000000000, 0.000000000000000000, 1.000000000000000000 ) ) ;
#3655 = CARTESIAN_POINT ( 'NONE',  ( 2.986171345291913415, 4.910000000000001030, -5.107491688851530043 ) ) ;
#3656 = ORIENTED_EDGE ( 'NONE', *, *, #2248, .T. ) ;
#3657 = AXIS2_PLACEMENT_3D ( 'NONE', #2615, #672, #1351 ) ;
#3658 = CARTESIAN_POINT ( 'NONE',  ( 2.571963978632909598, 8.000000000000000000, 7.204686064820227109 ) ) ;
#3659 = CARTESIAN_POINT ( 'NONE',  ( 5.087985294887781507, 3.021034482758619522, -2.966664951328112476 ) ) ;
#3660 = CARTESIAN_POINT ( 'NONE',  ( -1.379999999999999893, 12.34999999999999964, 2.027069063257455728 ) ) ;
#3661 = AXIS2_PLACEMENT_3D ( 'NONE', #2680, #4251, #689 ) ;
#3662 = ADVANCED_FACE ( 'NONE', ( #1147 ), #4739, .T. ) ;
#3663 = ORIENTED_EDGE ( 'NONE', *, *, #4725, .T. ) ;
#3664 = ORIENTED_EDGE ( 'NONE', *, *, #2373, .F. ) ;
#3665 = APPROVAL_STATUS ( 'not_yet_approved' ) ;
#3666 = EDGE_CURVE ( 'NONE', #118, #1204, #4345, .T. ) ;
#3667 = CARTESIAN_POINT ( 'NONE',  ( 2.179449471770337432, 7.499999999999998224, -4.500000000000000000 ) ) ;
#3668 = CARTESIAN_POINT ( 'NONE',  ( 3.018470195263254219, 3.000000000000000000, 7.029319859012494121 ) ) ;
#3669 = ORIENTED_EDGE ( 'NONE', *, *, #4136, .F. ) ;
#3670 = VECTOR ( 'NONE', #4740, 1000.000000000000114 ) ;
#3671 = TOROIDAL_SURFACE ( 'NONE', #4503, 0.1299999999999999767, 0.02000000000000000042 ) ;
#3672 = AXIS2_PLACEMENT_3D ( 'NONE', #4395, #3215, #2434 ) ;
#3673 = DIRECTION ( 'NONE',  ( -0.7071067811865474617, 0.000000000000000000, -0.7071067811865474617 ) ) ;
#3674 = CIRCLE ( 'NONE', #181, 0.02000000000000005246 ) ;
#3675 = DIRECTION ( 'NONE',  ( 0.000000000000000000, 0.000000000000000000, -1.000000000000000000 ) ) ;
#3676 = CARTESIAN_POINT ( 'NONE',  ( 1.379999999999999671, 6.500000000000000000, -0.7729309367425445387 ) ) ;
#3677 = DIRECTION ( 'NONE',  ( -7.968020348514244863E-17, 0.6561787149247864104, -0.7546055221635050714 ) ) ;
#3678 = DIRECTION ( 'NONE',  ( -0.000000000000000000, 0.9863939238321437486, 0.1643989873053572637 ) ) ;
#3679 = CARTESIAN_POINT ( 'NONE',  ( -1.400000000000000133, 9.670245855868243368, 5.485303232940222706 ) ) ;
#3680 = ORIENTED_EDGE ( 'NONE', *, *, #1628, .T. ) ;
#3681 = ORIENTED_EDGE ( 'NONE', *, *, #3964, .T. ) ;
#3682 = CIRCLE ( 'NONE', #1450, 7.650000000000000355 ) ;
#3683 = CARTESIAN_POINT ( 'NONE',  ( -1.399999999999999689, 6.500000000000000000, 0.8398232385305505199 ) ) ;
#3684 = FACE_OUTER_BOUND ( 'NONE', #959, .T. ) ;
#3685 = CARTESIAN_POINT ( 'NONE',  ( 1.379999999999999671, 6.625340151904198116, 0.9208900253173666339 ) ) ;
#3686 = ORIENTED_EDGE ( 'NONE', *, *, #1541, .F. ) ;
#3687 = ORIENTED_EDGE ( 'NONE', *, *, #2082, .F. ) ;
#3688 = AXIS2_PLACEMENT_3D ( 'NONE', #2731, #4696, #4299 ) ;
#3689 = DIRECTION ( 'NONE',  ( -5.122298795473438989E-17, -0.6561787149247869655, -0.7546055221635044052 ) ) ;
#3690 = CARTESIAN_POINT ( 'NONE',  ( 2.179449471770337432, 7.500000000000000000, 4.500000000000000000 ) ) ;
#3691 = ORIENTED_EDGE ( 'NONE', *, *, #725, .F. ) ;
#3692 = ADVANCED_FACE ( 'NONE', ( #1539 ), #2796, .T. ) ;
#3693 = ADVANCED_FACE ( 'NONE', ( #1929 ), #778, .T. ) ;
#3694 = CARTESIAN_POINT ( 'NONE',  ( 0.000000000000000000, 6.625340151904196340, -0.9208900253173660788 ) ) ;
#3695 = DIRECTION ( 'NONE',  ( 0.000000000000000000, 0.000000000000000000, -1.000000000000000000 ) ) ;
#3696 = CARTESIAN_POINT ( 'NONE',  ( -1.400000000000000133, 12.34999999999999964, -4.343903740188082452 ) ) ;
#3697 = ADVANCED_FACE ( 'NONE', ( #2347 ), #727, .T. ) ;
#3698 = CARTESIAN_POINT ( 'NONE',  ( 4.985102807365161759, 3.200000000000000178, -4.985102807365159983 ) ) ;
#3699 = ORIENTED_EDGE ( 'NONE', *, *, #3320, .T. ) ;
#3700 = FACE_OUTER_BOUND ( 'NONE', #3031, .T. ) ;
#3701 = FACE_OUTER_BOUND ( 'NONE', #4741, .T. ) ;
#3702 = LINE ( 'NONE', #3316, #3972 ) ;
#3703 = VERTEX_POINT ( 'NONE', #1588 ) ;
#3704 = EDGE_LOOP ( 'NONE', ( #4479, #1627, #461, #5099 ) ) ;
#3705 = CARTESIAN_POINT ( 'NONE',  ( -4.843681451127849868, 3.000000000000000000, 4.843681451127852533 ) ) ;
#3706 = EDGE_CURVE ( 'NONE', #2233, #2445, #98, .T. ) ;
#3707 = CARTESIAN_POINT ( 'NONE',  ( -1.390180519077591548, 6.500000000000000000, 4.521998694580438460 ) ) ;
#3708 = CARTESIAN_POINT ( 'NONE',  ( 0.000000000000000000, 1.499999999999999556, 0.000000000000000000 ) ) ;
#3709 = ORIENTED_EDGE ( 'NONE', *, *, #2829, .T. ) ;
#3710 = ORIENTED_EDGE ( 'NONE', *, *, #4563, .F. ) ;
#3711 = VERTEX_POINT ( 'NONE', #3488 ) ;
#3712 = CC_DESIGN_DATE_AND_TIME_ASSIGNMENT ( #2217, #1348, ( #3890 ) ) ;
#3713 = COORDINATED_UNIVERSAL_TIME_OFFSET ( 7, 0, .BEHIND. ) ;
#3714 = APPROVAL_PERSON_ORGANIZATION ( #759, #2583, #2327 ) ;
#3715 = LINE ( 'NONE', #541, #2592 ) ;
#3716 = DIRECTION ( 'NONE',  ( 1.000000000000000000, 2.168404344971008252E-17, -8.673617379884035472E-17 ) ) ;
#3717 = EDGE_LOOP ( 'NONE', ( #2814, #96, #2457, #2124, #5021, #1609, #4315, #4214, #3305, #3483, #543, #4237, #4220, #19, #3739, #309 ) ) ;
#3718 = ORIENTED_EDGE ( 'NONE', *, *, #740, .T. ) ;
#3719 = TOROIDAL_SURFACE ( 'NONE', #2747, 8.150000000000000355, 7.650000000000000355 ) ;
#3720 = CALENDAR_DATE ( 2026, 5, 10 ) ;
#3721 = AXIS2_PLACEMENT_3D ( 'NONE', #2063, #4865, #3236 ) ;
#3722 = CARTESIAN_POINT ( 'NONE',  ( 3.956290731841337838, 2.373921791567575657, 3.226782805549678557 ) ) ;
#3723 = LINE ( 'NONE', #904, #2793 ) ;
#3724 = ADVANCED_FACE ( 'NONE', ( #3080 ), #3134, .T. ) ;
#3725 = CARTESIAN_POINT ( 'NONE',  ( 0.000000000000000000, 3.000000000000000000, 0.000000000000000000 ) ) ;
#3726 = EDGE_CURVE ( 'NONE', #2526, #4937, #4656, .T. ) ;
#3727 = PLANE ( 'NONE',  #1971 ) ;
#3728 = ORIENTED_EDGE ( 'NONE', *, *, #925, .F. ) ;
#3729 = AXIS2_PLACEMENT_3D ( 'NONE', #498, #1690, #1227 ) ;
#3730 = EDGE_CURVE ( 'NONE', #3155, #78, #3515, .T. ) ;
#3731 = EDGE_CURVE ( 'NONE', #642, #578, #3954, .T. ) ;
#3732 = DIRECTION ( 'NONE',  ( 0.000000000000000000, 0.000000000000000000, 1.000000000000000000 ) ) ;
#3733 = DIRECTION ( 'NONE',  ( 1.000000000000000000, 0.000000000000000000, 0.000000000000000000 ) ) ;
#3734 = ORIENTED_EDGE ( 'NONE', *, *, #4966, .T. ) ;
#3735 = ADVANCED_FACE ( 'NONE', ( #2322 ), #1563, .F. ) ;
#3736 = CARTESIAN_POINT ( 'NONE',  ( 1.380279994234274277, 6.500000000000000000, -4.549233012451844083 ) ) ;
#3737 = DIRECTION ( 'NONE',  ( -0.000000000000000000, -1.000000000000000000, -0.000000000000000000 ) ) ;
#3738 = CARTESIAN_POINT ( 'NONE',  ( -2.986171345291949830, 3.090000000000001190, 5.107491688851508727 ) ) ;
#3739 = ORIENTED_EDGE ( 'NONE', *, *, #1446, .T. ) ;
#3740 = ORIENTED_EDGE ( 'NONE', *, *, #3429, .T. ) ;
#3741 = EDGE_LOOP ( 'NONE', ( #4199, #368, #2903, #4893, #4780, #4512, #416, #4208 ) ) ;
#3742 = SECURITY_CLASSIFICATION_LEVEL ( 'unclassified' ) ;
#3743 = CIRCLE ( 'NONE', #449, 0.1299999999999998934 ) ;
#3744 = AXIS2_PLACEMENT_3D ( 'NONE', #2149, #3733, #1755 ) ;
#3745 = CARTESIAN_POINT ( 'NONE',  ( -3.405877273185280885, 1.699999999999999734, 6.850000000000000533 ) ) ;
#3746 = CARTESIAN_POINT ( 'NONE',  ( 4.500000000000000000, 7.499999999999998224, 2.179449471770337432 ) ) ;
#3747 = PRODUCT ( 'Snap Fit Female V2', 'Snap Fit Female V2', '', ( #3112 ) ) ;
#3748 = ORIENTED_EDGE ( 'NONE', *, *, #4516, .T. ) ;
#3749 = ORIENTED_EDGE ( 'NONE', *, *, #2794, .T. ) ;
#3750 = COORDINATED_UNIVERSAL_TIME_OFFSET ( 7, 0, .BEHIND. ) ;
#3751 = AXIS2_PLACEMENT_3D ( 'NONE', #231, #1377, #4525 ) ;
#3752 = CARTESIAN_POINT ( 'NONE',  ( 1.399999999999999689, 9.768344573749500270, -5.530000000000000249 ) ) ;
#3753 = CARTESIAN_POINT ( 'NONE',  ( 4.999999999999999112, 8.000000000000000000, 2.179449471770337432 ) ) ;
#3754 = AXIS2_PLACEMENT_3D ( 'NONE', #2819, #3998, #850 ) ;
#3755 = DIRECTION ( 'NONE',  ( 0.000000000000000000, -0.9863939238321438596, 0.1643989873053572914 ) ) ;
#3756 = FACE_OUTER_BOUND ( 'NONE', #2500, .T. ) ;
#3757 = VERTEX_POINT ( 'NONE', #4686 ) ;
#3758 = AXIS2_PLACEMENT_3D ( 'NONE', #313, #799, #365 ) ;
#3759 = AXIS2_PLACEMENT_3D ( 'NONE', #352, #3531, #5110 ) ;
#3760 = LINE ( 'NONE', #4928, #4018 ) ;
#3761 = DIRECTION ( 'NONE',  ( 2.168404344971008252E-17, -1.000000000000000000, -0.000000000000000000 ) ) ;
#3762 = DIRECTION ( 'NONE',  ( -1.000000000000000000, -0.000000000000000000, -0.000000000000000000 ) ) ;
#3763 = ADVANCED_FACE ( 'NONE', ( #754 ), #1120, .F. ) ;
#3764 = AXIS2_PLACEMENT_3D ( 'NONE', #4801, #4402, #2443 ) ;
#3765 = AXIS2_PLACEMENT_3D ( 'NONE', #4841, #2875, #2925 ) ;
#3766 = ORIENTED_EDGE ( 'NONE', *, *, #2567, .T. ) ;
#3767 = EDGE_CURVE ( 'NONE', #4337, #3454, #2749, .T. ) ;
#3768 = FACE_OUTER_BOUND ( 'NONE', #2207, .T. ) ;
#3769 = CARTESIAN_POINT ( 'NONE',  ( 7.120239627063077670, 2.999999999999999556, -2.798815421262988767 ) ) ;
#3770 = LINE ( 'NONE', #2213, #3606 ) ;
#3771 = ORIENTED_EDGE ( 'NONE', *, *, #1541, .T. ) ;
#3772 = ORIENTED_EDGE ( 'NONE', *, *, #579, .F. ) ;
#3773 = ORIENTED_EDGE ( 'NONE', *, *, #2597, .F. ) ;
#3774 = EDGE_CURVE ( 'NONE', #1204, #4708, #519, .T. ) ;
#3775 = CARTESIAN_POINT ( 'NONE',  ( -1.379999999999999449, 0.02972972972972962383, -0.1783783783783780552 ) ) ;
#3776 = DIRECTION ( 'NONE',  ( 1.000000000000000000, 0.000000000000000000, 0.000000000000000000 ) ) ;
#3777 = AXIS2_PLACEMENT_3D ( 'NONE', #2172, #2932, #2882 ) ;
#3778 = ORIENTED_EDGE ( 'NONE', *, *, #1137, .T. ) ;
#3779 = VERTEX_POINT ( 'NONE', #2772 ) ;
#3780 = APPLICATION_PROTOCOL_DEFINITION ( 'international standard', 'config_control_design', 1994, #2575 ) ;
#3781 = VECTOR ( 'NONE', #4617, 1000.000000000000000 ) ;
#3782 = CARTESIAN_POINT ( 'NONE',  ( -1.379999999999999671, 6.649999999999999467, 0.7729309367425446498 ) ) ;
#3783 = PLANE ( 'NONE',  #944 ) ;
#3784 = CARTESIAN_POINT ( 'NONE',  ( 0.000000000000000000, 7.500000000000000000, 0.000000000000000000 ) ) ;
#3785 = VERTEX_POINT ( 'NONE', #3637 ) ;
#3786 = CARTESIAN_POINT ( 'NONE',  ( -1.399999999999999689, 6.500000000000000000, -0.8529309367425446098 ) ) ;
#3787 = CARTESIAN_POINT ( 'NONE',  ( -2.721591361078370852, 3.046643593403176808, -7.149647802037665478 ) ) ;
#3788 = ORIENTED_EDGE ( 'NONE', *, *, #2209, .T. ) ;
#3789 = DIRECTION ( 'NONE',  ( -1.000000000000000000, 0.000000000000000000, 0.000000000000000000 ) ) ;
#3790 = LINE ( 'NONE', #167, #5001 ) ;
#3791 = FACE_OUTER_BOUND ( 'NONE', #1702, .T. ) ;
#3792 = ORIENTED_EDGE ( 'NONE', *, *, #3602, .T. ) ;
#3793 = ORIENTED_EDGE ( 'NONE', *, *, #1414, .F. ) ;
#3794 = VERTEX_POINT ( 'NONE', #3181 ) ;
#3795 = COORDINATED_UNIVERSAL_TIME_OFFSET ( 7, 0, .BEHIND. ) ;
#3796 = EDGE_CURVE ( 'NONE', #3153, #3779, #2518, .T. ) ;
#3797 = EDGE_CURVE ( 'NONE', #2617, #4154, #2460, .T. ) ;
#3798 = AXIS2_PLACEMENT_3D ( 'NONE', #1018, #4222, #1448 ) ;
#3799 = DIRECTION ( 'NONE',  ( 1.000000000000000000, 2.168404344971008252E-17, -8.673617379884035472E-17 ) ) ;
#3800 = EDGE_CURVE ( 'NONE', #2371, #1437, #2816, .T. ) ;
#3801 = DIRECTION ( 'NONE',  ( 0.000000000000000000, 1.000000000000000000, -0.000000000000000000 ) ) ;
#3802 = ORIENTED_EDGE ( 'NONE', *, *, #1695, .F. ) ;
#3803 = EDGE_LOOP ( 'NONE', ( #3458, #621, #1283, #2661 ) ) ;
#3804 = PERSON_AND_ORGANIZATION ( #2197, #152 ) ;
#3805 = EDGE_CURVE ( 'NONE', #2025, #2187, #3247, .T. ) ;
#3806 = CARTESIAN_POINT ( 'NONE',  ( -4.999999999999999112, 8.000000000000000000, 0.000000000000000000 ) ) ;
#3807 = DIRECTION ( 'NONE',  ( 1.000000000000000000, 2.168404344971008252E-17, -8.673617379884035472E-17 ) ) ;
#3808 = SECURITY_CLASSIFICATION ( '', '', #3334 ) ;
#3809 = DIRECTION ( 'NONE',  ( 0.000000000000000000, 0.000000000000000000, 1.000000000000000000 ) ) ;
#3810 = ORIENTED_EDGE ( 'NONE', *, *, #3905, .F. ) ;
#3811 = EDGE_LOOP ( 'NONE', ( #2971, #4637, #2800, #1144, #3748, #3245 ) ) ;
#3812 = ADVANCED_FACE ( 'NONE', ( #2523 ), #464, .F. ) ;
#3813 = AXIS2_PLACEMENT_3D ( 'NONE', #3517, #1562, #287 ) ;
#3814 = DIRECTION ( 'NONE',  ( -0.000000000000000000, 1.000000000000000000, -0.000000000000000000 ) ) ;
#3815 = PLANE ( 'NONE',  #3661 ) ;
#3816 = AXIS2_PLACEMENT_3D ( 'NONE', #1231, #1719, #2832 ) ;
#3817 = ORIENTED_EDGE ( 'NONE', *, *, #4431, .F. ) ;
#3818 = CARTESIAN_POINT ( 'NONE',  ( -1.380000000000000115, 9.768344573749498494, 5.530000000000000249 ) ) ;
#3819 = FACE_OUTER_BOUND ( 'NONE', #1106, .T. ) ;
#3820 = DIRECTION ( 'NONE',  ( -0.7071067811865474617, 0.000000000000000000, -0.7071067811865474617 ) ) ;
#3821 = EDGE_LOOP ( 'NONE', ( #897, #3828, #3326, #388 ) ) ;
#3822 = ORIENTED_EDGE ( 'NONE', *, *, #2494, .T. ) ;
#3823 = VERTEX_POINT ( 'NONE', #3636 ) ;
#3824 = DIRECTION ( 'NONE',  ( 1.000000000000000000, 0.000000000000000000, 0.000000000000000000 ) ) ;
#3825 = ADVANCED_FACE ( 'NONE', ( #1240 ), #442, .T. ) ;
#3826 = CARTESIAN_POINT ( 'NONE',  ( 4.500000000000000000, 1.500000000000000444, 0.000000000000000000 ) ) ;
#3827 = EDGE_CURVE ( 'NONE', #1362, #3054, #2447, .T. ) ;
#3828 = ORIENTED_EDGE ( 'NONE', *, *, #2110, .T. ) ;
#3829 = ORIENTED_EDGE ( 'NONE', *, *, #1353, .F. ) ;
#3830 = APPROVAL_DATE_TIME ( #2247, #2868 ) ;
#3831 = CARTESIAN_POINT ( 'NONE',  ( 1.379999999999999671, 8.631655426250503638, 4.549999999999999822 ) ) ;
#3832 = LINE ( 'NONE', #3398, #372 ) ;
#3833 = VECTOR ( 'NONE', #4536, 1000.000000000000000 ) ;
#3834 = LINE ( 'NONE', #2623, #978 ) ;
#3835 = EDGE_LOOP ( 'NONE', ( #1840, #557, #4183, #415 ) ) ;
#3836 = TOROIDAL_SURFACE ( 'NONE', #3096, 0.1299999999999999767, 0.02000000000000000042 ) ;
#3837 = DIRECTION ( 'NONE',  ( 1.000000000000000000, -0.000000000000000000, 0.000000000000000000 ) ) ;
#3838 = LINE ( 'NONE', #4305, #760 ) ;
#3839 = CARTESIAN_POINT ( 'NONE',  ( 3.405877273185280885, 1.699999999999999734, 6.850000000000000533 ) ) ;
#3840 = EDGE_LOOP ( 'NONE', ( #1316, #1315, #3459, #1388 ) ) ;
#3841 = AXIS2_PLACEMENT_3D ( 'NONE', #4370, #801, #2002 ) ;
#3842 = DIRECTION ( 'NONE',  ( 0.000000000000000000, 0.000000000000000000, 1.000000000000000000 ) ) ;
#3843 = TOROIDAL_SURFACE ( 'NONE', #4499, 0.1699999999999999845, 0.02000000000000000042 ) ;
#3844 = AXIS2_PLACEMENT_3D ( 'NONE', #3164, #4375, #3966 ) ;
#3845 = CARTESIAN_POINT ( 'NONE',  ( 1.379999999999999671, 6.649999999999999467, -4.549999999999999822 ) ) ;
#3846 = DIRECTION ( 'NONE',  ( 0.000000000000000000, 0.7546055221635206145, -0.6561787149247685358 ) ) ;
#3847 = ORIENTED_EDGE ( 'NONE', *, *, #3827, .T. ) ;
#3848 = VERTEX_POINT ( 'NONE', #3659 ) ;
#3849 = EDGE_LOOP ( 'NONE', ( #2163, #3210, #4943, #5015 ) ) ;
#3850 = DIRECTION ( 'NONE',  ( 0.000000000000000000, -2.312964634635743213E-14, -1.000000000000000000 ) ) ;
#3851 = CARTESIAN_POINT ( 'NONE',  ( -1.400000000000000133, 11.43165542625050435, 5.530000000000000249 ) ) ;
#3852 = CARTESIAN_POINT ( 'NONE',  ( -4.999999999999999112, 8.000000000000000000, -2.291287847478249429 ) ) ;
#3853 = VERTEX_POINT ( 'NONE', #2053 ) ;
#3854 = ORIENTED_EDGE ( 'NONE', *, *, #3726, .T. ) ;
#3855 = APPLICATION_PROTOCOL_DEFINITION ( 'international standard', 'config_control_design', 1994, #4702 ) ;
#3856 = APPROVAL_PERSON_ORGANIZATION ( #2528, #4638, #4572 ) ;
#3857 = AXIS2_PLACEMENT_3D ( 'NONE', #3708, #1792, #4180 ) ;
#3858 = VECTOR ( 'NONE', #60, 1000.000000000000000 ) ;
#3859 = DIRECTION ( 'NONE',  ( 0.000000000000000000, 0.9863939238321415282, 0.1643989873053704753 ) ) ;
#3860 = CARTESIAN_POINT ( 'NONE',  ( -2.312024219028192551, 2.048942590553173293, -4.433344562587834048 ) ) ;
#3861 = CARTESIAN_POINT ( 'NONE',  ( 0.000000000000000000, 0.000000000000000000, 0.000000000000000000 ) ) ;
#3862 = ORIENTED_EDGE ( 'NONE', *, *, #2048, .F. ) ;
#3863 = VECTOR ( 'NONE', #1385, 1000.000000000000000 ) ;
#3864 = EDGE_CURVE ( 'NONE', #2187, #3711, #4834, .T. ) ;
#3865 = DIRECTION ( 'NONE',  ( 1.000000000000000000, 0.000000000000000000, 0.000000000000000000 ) ) ;
#3866 = CARTESIAN_POINT ( 'NONE',  ( -4.433344562587833160, 5.951057409446828039, -2.312024219028188554 ) ) ;
#3867 = CARTESIAN_POINT ( 'NONE',  ( -3.405877273185280885, 1.499999999999999556, 6.850000000000000533 ) ) ;
#3868 = EDGE_CURVE ( 'NONE', #3568, #4086, #4807, .T. ) ;
#3869 = DIRECTION ( 'NONE',  ( 0.000000000000000000, -1.000000000000000000, 0.000000000000000000 ) ) ;
#3870 = LINE ( 'NONE', #1453, #3781 ) ;
#3871 = EDGE_CURVE ( 'NONE', #5047, #1372, #3590, .T. ) ;
#3872 = CARTESIAN_POINT ( 'NONE',  ( 4.985102807365161759, 3.000000000000000000, -4.985102807365159983 ) ) ;
#3873 = CARTESIAN_POINT ( 'NONE',  ( -1.379999999999999893, 8.744846254575030287, 4.451573192761281383 ) ) ;
#3874 = ORIENTED_EDGE ( 'NONE', *, *, #277, .F. ) ;
#3875 = VERTEX_POINT ( 'NONE', #1652 ) ;
#3876 = ORIENTED_EDGE ( 'NONE', *, *, #5101, .T. ) ;
#3877 = DIRECTION ( 'NONE',  ( 0.000000000000000000, 0.7546055221635421528, -0.6561787149247437778 ) ) ;
#3878 = CARTESIAN_POINT ( 'NONE',  ( -2.312024219028189886, 1.500000000000000444, -4.433344562587831383 ) ) ;
#3879 = DIRECTION ( 'NONE',  ( 0.000000000000000000, 0.9863939238321415282, -0.1643989873053704753 ) ) ;
#3880 = CC_DESIGN_PERSON_AND_ORGANIZATION_ASSIGNMENT ( #4110, #2588, ( #565 ) ) ;
#3881 = ORIENTED_EDGE ( 'NONE', *, *, #2738, .T. ) ;
#3882 = ORIENTED_EDGE ( 'NONE', *, *, #2909, .T. ) ;
#3883 = APPLICATION_PROTOCOL_DEFINITION ( 'international standard', 'config_control_design', 1994, #2134 ) ;
#3884 = VECTOR ( 'NONE', #3837, 1000.000000000000000 ) ;
#3885 = DIRECTION ( 'NONE',  ( -0.7071067811865401342, -3.056747976430752282E-16, -0.7071067811865550112 ) ) ;
#3886 = DIRECTION ( 'NONE',  ( -0.000000000000000000, 1.000000000000000000, -0.000000000000000000 ) ) ;
#3887 = FACE_OUTER_BOUND ( 'NONE', #2399, .T. ) ;
#3888 =( BOUNDED_CURVE ( )  B_SPLINE_CURVE ( 3, ( #2385, #2757, #2059, #399 ),
 .UNSPECIFIED., .F., .F. ) 
 B_SPLINE_CURVE_WITH_KNOTS ( ( 4, 4 ),
 ( 2.836899999574395981, 3.446285307605190251 ),
 .UNSPECIFIED. ) 
 CURVE ( )  GEOMETRIC_REPRESENTATION_ITEM ( )  RATIONAL_B_SPLINE_CURVE ( ( 1.000000000000000000, 0.9692928009446305504, 0.9692928009446305504, 1.000000000000000000 ) ) 
 REPRESENTATION_ITEM ( '' )  );
#3889 = ADVANCED_FACE ( 'NONE', ( #4828 ), #3671, .T. ) ;
#3890 = SECURITY_CLASSIFICATION ( '', '', #4184 ) ;
#3891 = CARTESIAN_POINT ( 'NONE',  ( -1.397319086605161687, 6.500000000000000000, -0.8267289123675667373 ) ) ;
#3892 = DIRECTION ( 'NONE',  ( 0.000000000000000000, 0.000000000000000000, 1.000000000000000000 ) ) ;
#3893 = DIRECTION ( 'NONE',  ( -0.7071067811865477948, -0.000000000000000000, -0.7071067811865473507 ) ) ;
#3894 = EDGE_CURVE ( 'NONE', #299, #2587, #1286, .T. ) ;
#3895 = ADVANCED_FACE ( 'NONE', ( #24, #3274, #4856 ), #893, .T. ) ;
#3896 = ADVANCED_FACE ( 'NONE', ( #3684 ), #122, .T. ) ;
#3897 = VERTEX_POINT ( 'NONE', #4983 ) ;
#3898 = CARTESIAN_POINT ( 'NONE',  ( -1.380000000000000115, 11.43165542625050612, -5.400000000000000355 ) ) ;
#3899 = CIRCLE ( 'NONE', #2150, 0.02000000000000003511 ) ;
#3900 = CARTESIAN_POINT ( 'NONE',  ( 4.046831517071730389, 0.000000000000000000, -4.046831517071705520 ) ) ;
#3901 = ORIENTED_EDGE ( 'NONE', *, *, #3039, .T. ) ;
#3902 = ORIENTED_EDGE ( 'NONE', *, *, #2598, .F. ) ;
#3903 = APPLICATION_CONTEXT ( 'configuration controlled 3d designs of mechanical parts and assemblies' ) ;
#3904 = EDGE_LOOP ( 'NONE', ( #1400, #1882, #2885, #529 ) ) ;
#3905 = EDGE_CURVE ( 'NONE', #2618, #1143, #4079, .T. ) ;
#3906 = FACE_OUTER_BOUND ( 'NONE', #1345, .T. ) ;
#3907 = CARTESIAN_POINT ( 'NONE',  ( 3.976120838953075776, 4.910000000000000142, -3.976120838953050907 ) ) ;
#3908 = DIRECTION ( 'NONE',  ( -0.4876598490941711495, -0.7241379310344820963, -0.4876598490941711495 ) ) ;
#3909 = VERTEX_POINT ( 'NONE', #4934 ) ;
#3910 = VERTEX_POINT ( 'NONE', #4204 ) ;
#3911 = DATE_AND_TIME ( #1544, #2897 ) ;
#3912 = FACE_OUTER_BOUND ( 'NONE', #3502, .T. ) ;
#3913 = DIRECTION ( 'NONE',  ( 0.000000000000000000, 1.000000000000000000, 0.000000000000000000 ) ) ;
#3914 = DIRECTION ( 'NONE',  ( 0.7071067811865473507, 5.551115123125781470E-17, -0.7071067811865477948 ) ) ;
#3915 = CARTESIAN_POINT ( 'NONE',  ( 1.379999999999999671, 11.54484625457503100, 5.498426807238718794 ) ) ;
#3916 = DIRECTION ( 'NONE',  ( 0.7071067811865500152, 0.000000000000000000, -0.7071067811865451302 ) ) ;
#3917 = AXIS2_PLACEMENT_3D ( 'NONE', #4282, #4223, #351 ) ;
#3918 = CARTESIAN_POINT ( 'NONE',  ( 2.712967541895487944, 3.008500636646441961, -7.153346357285052193 ) ) ;
#3919 = DIRECTION ( 'NONE',  ( 0.000000000000000000, 1.000000000000000000, -0.000000000000000000 ) ) ;
#3920 = LINE ( 'NONE', #1842, #457 ) ;
#3921 = VECTOR ( 'NONE', #5018, 1000.000000000000000 ) ;
#3922 = CARTESIAN_POINT ( 'NONE',  ( 5.107491688851549583, 4.910000000000001030, -2.986171345291880108 ) ) ;
#3923 = VERTEX_POINT ( 'NONE', #1370 ) ;
#3924 = VERTEX_POINT ( 'NONE', #948 ) ;
#3925 = VERTEX_POINT ( 'NONE', #1055 ) ;
#3926 = AXIS2_PLACEMENT_3D ( 'NONE', #2396, #702, #2724 ) ;
#3927 = CIRCLE ( 'NONE', #2359, 0.1299999999999998934 ) ;
#3928 = VECTOR ( 'NONE', #2257, 1000.000000000000000 ) ;
#3929 = DIRECTION ( 'NONE',  ( -0.7071067811865475727, 0.000000000000000000, 0.7071067811865475727 ) ) ;
#3930 = DIRECTION ( 'NONE',  ( 0.000000000000000000, 0.000000000000000000, -1.000000000000000000 ) ) ;
#3931 = CARTESIAN_POINT ( 'NONE',  ( -1.380000000000000338, 9.281463325509363926, 8.070837674355974656 ) ) ;
#3932 = EDGE_CURVE ( 'NONE', #1703, #2624, #1734, .T. ) ;
#3933 = AXIS2_PLACEMENT_3D ( 'NONE', #1949, #3172, #2687 ) ;
#3934 = VERTEX_POINT ( 'NONE', #560 ) ;
#3935 = ORIENTED_EDGE ( 'NONE', *, *, #29, .T. ) ;
#3936 = APPROVAL_DATE_TIME ( #2353, #2583 ) ;
#3937 = DIRECTION ( 'NONE',  ( -0.5120428415488806895, 0.6896551724137933714, 0.5120428415488774698 ) ) ;
#3938 = CIRCLE ( 'NONE', #4597, 0.1700000000000000122 ) ;
#3939 = DIRECTION ( 'NONE',  ( -1.000000000000000000, -2.168404344971008252E-17, 8.673617379884035472E-17 ) ) ;
#3940 = DIRECTION ( 'NONE',  ( 1.000000000000000000, 0.000000000000000000, -0.000000000000000000 ) ) ;
#3941 = CARTESIAN_POINT ( 'NONE',  ( -4.433344562587834048, 2.048942590553171961, -2.312024219028189886 ) ) ;
#3942 = CC_DESIGN_DATE_AND_TIME_ASSIGNMENT ( #653, #4973, ( #3336 ) ) ;
#3943 = AXIS2_PLACEMENT_3D ( 'NONE', #1669, #2464, #1696 ) ;
#3944 = CARTESIAN_POINT ( 'NONE',  ( -3.956290731841368036, 2.373921791567575657, 3.226782805549640809 ) ) ;
#3945 = CIRCLE ( 'NONE', #3367, 5.000000000000000000 ) ;
#3946 = CYLINDRICAL_SURFACE ( 'NONE', #3127, 0.1499999999999999667 ) ;
#3947 = CIRCLE ( 'NONE', #671, 5.000000000000000000 ) ;
#3948 = CARTESIAN_POINT ( 'NONE',  ( 7.252000366886313998, 3.176175380897988898, -2.435362535369390624 ) ) ;
#3949 = CARTESIAN_POINT ( 'NONE',  ( -1.379999999999999671, 6.500000000000000000, -0.7729309367425445387 ) ) ;
#3950 = VERTEX_POINT ( 'NONE', #4515 ) ;
#3951 = VERTEX_POINT ( 'NONE', #4567 ) ;
#3952 = ORIENTED_EDGE ( 'NONE', *, *, #2699, .T. ) ;
#3953 = CARTESIAN_POINT ( 'NONE',  ( 1.060660171779820526, 0.000000000000000000, -1.060660171779820526 ) ) ;
#3954 = LINE ( 'NONE', #1981, #354 ) ;
#3955 = EDGE_CURVE ( 'NONE', #3544, #1463, #2212, .T. ) ;
#3956 = LINE ( 'NONE', #2773, #683 ) ;
#3957 = ADVANCED_FACE ( 'NONE', ( #2578 ), #1028, .F. ) ;
#3958 = EDGE_LOOP ( 'NONE', ( #233, #1030, #1374, #4435 ) ) ;
#3959 = ORIENTED_EDGE ( 'NONE', *, *, #4940, .F. ) ;
#3960 = PERSON_AND_ORGANIZATION_ROLE ( 'classification_officer' ) ;
#3961 = ADVANCED_FACE ( 'NONE', ( #3819 ), #3843, .T. ) ;
#3962 = DIRECTION ( 'NONE',  ( 0.000000000000000000, 0.000000000000000000, 1.000000000000000000 ) ) ;
#3963 = CARTESIAN_POINT ( 'NONE',  ( 0.000000000000000000, 1.500000000000000444, 0.000000000000000000 ) ) ;
#3964 = EDGE_CURVE ( 'NONE', #539, #4623, #4595, .T. ) ;
#3965 = CIRCLE ( 'NONE', #4538, 0.01999999999999996225 ) ;
#3966 = DIRECTION ( 'NONE',  ( -1.000000000000000000, 0.000000000000000000, 0.000000000000000000 ) ) ;
#3967 = FACE_OUTER_BOUND ( 'NONE', #1881, .T. ) ;
#3968 = DIRECTION ( 'NONE',  ( 0.000000000000000000, 1.000000000000000000, -0.000000000000000000 ) ) ;
#3969 = LOCAL_TIME ( 14, 20, 58.00000000000000000, #960 ) ;
#3970 = FACE_OUTER_BOUND ( 'NONE', #1903, .T. ) ;
#3971 = DIRECTION ( 'NONE',  ( 0.000000000000000000, 0.000000000000000000, 1.000000000000000000 ) ) ;
#3972 = VECTOR ( 'NONE', #4317, 1000.000000000000000 ) ;
#3973 = DIRECTION ( 'NONE',  ( 0.000000000000000000, -0.6561787149247684248, 0.7546055221635205035 ) ) ;
#3974 = ORIENTED_EDGE ( 'NONE', *, *, #4563, .T. ) ;
#3975 = ORIENTED_EDGE ( 'NONE', *, *, #4334, .F. ) ;
#3976 = CARTESIAN_POINT ( 'NONE',  ( -4.400384907664991907, 2.000000000000000444, -2.279064564105347301 ) ) ;
#3977 = CARTESIAN_POINT ( 'NONE',  ( 1.379999999999999671, 0.000000000000000000, -4.379999999999999893 ) ) ;
#3978 = CARTESIAN_POINT ( 'NONE',  ( -7.203334277753509873, 3.008500636646442405, -2.577311054879313446 ) ) ;
#3979 = ORIENTED_EDGE ( 'NONE', *, *, #4420, .T. ) ;
#3980 = ORIENTED_EDGE ( 'NONE', *, *, #1919, .F. ) ;
#3981 = PERSON_AND_ORGANIZATION ( #2197, #152 ) ;
#3982 = EDGE_CURVE ( 'NONE', #1167, #1803, #2272, .T. ) ;
#3983 = EDGE_CURVE ( 'NONE', #4321, #523, #3790, .T. ) ;
#3984 = CARTESIAN_POINT ( 'NONE',  ( 1.380279994234274277, 6.500000000000000000, 4.549233012451844083 ) ) ;
#3985 = CARTESIAN_POINT ( 'NONE',  ( -2.179449471770337432, 1.500000000000000444, 4.500000000000000000 ) ) ;
#3986 = DIRECTION ( 'NONE',  ( 0.7071067811865401342, 0.000000000000000000, 0.7071067811865550112 ) ) ;
#3987 = CARTESIAN_POINT ( 'NONE',  ( -1.380000000000000115, 6.500000000000000000, -4.549999999999999822 ) ) ;
#3988 = AXIS2_PLACEMENT_3D ( 'NONE', #5030, #713, #3892 ) ;
#3989 = LINE ( 'NONE', #4401, #1594 ) ;
#3990 = FACE_OUTER_BOUND ( 'NONE', #821, .T. ) ;
#3991 = DIRECTION ( 'NONE',  ( -1.000000000000000000, 0.000000000000000000, 0.000000000000000000 ) ) ;
#3992 = AXIS2_PLACEMENT_3D ( 'NONE', #3555, #817, #3241 ) ;
#3993 = EDGE_LOOP ( 'NONE', ( #2789, #2228, #3681, #1457 ) ) ;
#3994 = VERTEX_POINT ( 'NONE', #3384 ) ;
#3995 = VECTOR ( 'NONE', #103, 1000.000000000000000 ) ;
#3996 = CARTESIAN_POINT ( 'NONE',  ( -1.045004651996027434, -1.407485477710246791, -1.045004651996026768 ) ) ;
#3997 = DIRECTION ( 'NONE',  ( 0.000000000000000000, -0.7546055221635044052, 0.6561787149247869655 ) ) ;
#3998 = DIRECTION ( 'NONE',  ( 1.000000000000000000, 0.000000000000000000, 0.000000000000000000 ) ) ;
#3999 = CIRCLE ( 'NONE', #94, 0.09999999999999983902 ) ;
#4000 = ORIENTED_EDGE ( 'NONE', *, *, #3983, .F. ) ;
#4001 = ORIENTED_EDGE ( 'NONE', *, *, #623, .T. ) ;
#4002 = SECURITY_CLASSIFICATION_LEVEL ( 'unclassified' ) ;
#4003 = VECTOR ( 'NONE', #2807, 1000.000000000000000 ) ;
#4004 = DIRECTION ( 'NONE',  ( -1.000000000000000000, 0.000000000000000000, -0.000000000000000000 ) ) ;
#4005 = AXIS2_PLACEMENT_3D ( 'NONE', #1921, #4456, #86 ) ;
#4006 =( NAMED_UNIT ( * ) SI_UNIT ( $, .STERADIAN. ) SOLID_ANGLE_UNIT ( ) );
#4007 = DIRECTION ( 'NONE',  ( 0.000000000000000000, 0.7546055221634990762, 0.6561787149247930717 ) ) ;
#4008 = DIRECTION ( 'NONE',  ( 0.000000000000000000, 0.000000000000000000, 1.000000000000000000 ) ) ;
#4009 = DIRECTION ( 'NONE',  ( -2.168404344971008252E-17, 1.000000000000000000, 0.000000000000000000 ) ) ;
#4010 = DIRECTION ( 'NONE',  ( 0.000000000000000000, -0.9863939238321488556, -0.1643989873053274264 ) ) ;
#4011 = CARTESIAN_POINT ( 'NONE',  ( 0.000000000000000000, 1.500000000000000444, 0.000000000000000000 ) ) ;
#4012 = EDGE_CURVE ( 'NONE', #723, #1463, #2268, .T. ) ;
#4013 = AXIS2_PLACEMENT_3D ( 'NONE', #251, #5039, #5066 ) ;
#4014 = EDGE_CURVE ( 'NONE', #2722, #3416, #329, .T. ) ;
#4015 = DIRECTION ( 'NONE',  ( 0.4876598490941728703, -0.7241379310344820963, -0.4876598490941694286 ) ) ;
#4016 = AXIS2_PLACEMENT_3D ( 'NONE', #5111, #1579, #3168 ) ;
#4017 = CARTESIAN_POINT ( 'NONE',  ( 1.399999999999999689, 6.500000000000000000, 4.469999999999999751 ) ) ;
#4018 = VECTOR ( 'NONE', #161, 1000.000000000000000 ) ;
#4019 = DIRECTION ( 'NONE',  ( -0.000000000000000000, 0.6561787149247685358, 0.7546055221635206145 ) ) ;
#4020 = ORIENTED_EDGE ( 'NONE', *, *, #4808, .T. ) ;
#4021 = VECTOR ( 'NONE', #5009, 1000.000000000000000 ) ;
#4022 = EDGE_CURVE ( 'NONE', #758, #3848, #681, .T. ) ;
#4023 = LINE ( 'NONE', #1239, #1398 ) ;
#4024 = DIRECTION ( 'NONE',  ( 0.000000000000000000, -1.000000000000000000, -0.000000000000000000 ) ) ;
#4025 = DIRECTION ( 'NONE',  ( 0.000000000000000000, 0.000000000000000000, -1.000000000000000000 ) ) ;
#4026 = ORIENTED_EDGE ( 'NONE', *, *, #2674, .T. ) ;
#4027 = VERTEX_POINT ( 'NONE', #3356 ) ;
#4028 = APPROVAL_DATE_TIME ( #3, #30 ) ;
#4029 = DIRECTION ( 'NONE',  ( 0.000000000000000000, 0.000000000000000000, -1.000000000000000000 ) ) ;
#4030 = ORIENTED_EDGE ( 'NONE', *, *, #4271, .F. ) ;
#4031 = AXIS2_PLACEMENT_3D ( 'NONE', #4775, #2809, #4377 ) ;
#4032 = DIRECTION ( 'NONE',  ( -3.564834783817980988E-15, -0.9863939238321415282, -0.1643989873053704753 ) ) ;
#4033 = DIRECTION ( 'NONE',  ( 1.000000000000000000, 2.168404344971008252E-17, -8.673617379884035472E-17 ) ) ;
#4034 = CARTESIAN_POINT ( 'NONE',  ( -1.400000000000000133, 6.500000000000000000, -4.400000000000000355 ) ) ;
#4035 = DIRECTION ( 'NONE',  ( -1.000000000000000000, -0.000000000000000000, -0.000000000000000000 ) ) ;
#4036 = CIRCLE ( 'NONE', #2556, 7.650000000000000355 ) ;
#4037 = EDGE_CURVE ( 'NONE', #3054, #1707, #3595, .T. ) ;
#4038 = EDGE_CURVE ( 'NONE', #4412, #1887, #4421, .T. ) ;
#4039 = DIRECTION ( 'NONE',  ( 0.000000000000000000, 0.7546055221634990762, -0.6561787149247930717 ) ) ;
#4040 = CARTESIAN_POINT ( 'NONE',  ( -1.400000000000000133, 12.44809871788125477, 4.429206973128303026 ) ) ;
#4041 = DIRECTION ( 'NONE',  ( -0.000000000000000000, 1.000000000000000000, 0.000000000000000000 ) ) ;
#4042 = ADVANCED_FACE ( 'NONE', ( #4730 ), #1555, .F. ) ;
#4043 = B_SPLINE_CURVE_WITH_KNOTS ( 'NONE', 3,
 ( #3527, #4746, #3118, #4666, #1180, #4697, #2732, #1523, #2305, #3087 ),
 .UNSPECIFIED., .F., .F.,
 ( 4, 3, 3, 4 ),
 ( 3.252606517456513302E-19, 3.932309463598215903E-05, 8.009671586239488865E-05, 8.254620561176626600E-05 ),
 .UNSPECIFIED. ) ;
#4044 = DIRECTION ( 'NONE',  ( -0.000000000000000000, -1.000000000000000000, -0.000000000000000000 ) ) ;
#4045 = VERTEX_POINT ( 'NONE', #5090 ) ;
#4046 = LINE ( 'NONE', #2815, #145 ) ;
#4047 = DIRECTION ( 'NONE',  ( -0.000000000000000000, -1.000000000000000000, -0.000000000000000000 ) ) ;
#4048 = LOCAL_TIME ( 14, 20, 58.00000000000000000, #3444 ) ;
#4049 = ORIENTED_EDGE ( 'NONE', *, *, #3179, .F. ) ;
#4050 = ORIENTED_EDGE ( 'NONE', *, *, #800, .F. ) ;
#4051 = PERSON_AND_ORGANIZATION ( #2197, #152 ) ;
#4052 = AXIS2_PLACEMENT_3D ( 'NONE', #1622, #3239, #1299 ) ;
#4053 = CARTESIAN_POINT ( 'NONE',  ( 0.000000000000000000, 8.000000000000000000, 0.000000000000000000 ) ) ;
#4054 = DIRECTION ( 'NONE',  ( 0.000000000000000000, -0.7546055221635206145, -0.6561787149247685358 ) ) ;
#4055 = AXIS2_PLACEMENT_3D ( 'NONE', #4925, #3755, #987 ) ;
#4056 = ORIENTED_EDGE ( 'NONE', *, *, #5126, .F. ) ;
#4057 = DIRECTION ( 'NONE',  ( 0.000000000000000000, 0.1643989873053704753, -0.9863939238321415282 ) ) ;
#4058 = CARTESIAN_POINT ( 'NONE',  ( -1.379999999999999227, 2.790441948979335951, -2.426471259982029505 ) ) ;
#4059 = CYLINDRICAL_SURFACE ( 'NONE', #816, 7.650000000000000355 ) ;
#4060 = DIRECTION ( 'NONE',  ( 0.7071067811865474617, 0.000000000000000000, 0.7071067811865476838 ) ) ;
#4061 = CARTESIAN_POINT ( 'NONE',  ( 0.000000000000000000, 6.500000000000000000, -6.849999999999998757 ) ) ;
#4062 = DIRECTION ( 'NONE',  ( 0.000000000000000000, 0.000000000000000000, -1.000000000000000000 ) ) ;
#4063 = CARTESIAN_POINT ( 'NONE',  ( 1.379999999999999671, 8.631655426250503638, -4.379999999999999893 ) ) ;
#4064 = ORIENTED_EDGE ( 'NONE', *, *, #3894, .T. ) ;
#4065 = EDGE_LOOP ( 'NONE', ( #2580, #1223, #3810, #2574 ) ) ;
#4066 = CIRCLE ( 'NONE', #1247, 0.02000000000000005246 ) ;
#4067 = CARTESIAN_POINT ( 'NONE',  ( -1.379999999999999893, 12.37137186834969604, -1.898837853159276667 ) ) ;
#4068 = DIRECTION ( 'NONE',  ( 0.000000000000000000, 1.000000000000000000, 0.000000000000000000 ) ) ;
#4069 = CYLINDRICAL_SURFACE ( 'NONE', #2106, 0.1499999999999999667 ) ;
#4070 = ORIENTED_EDGE ( 'NONE', *, *, #1253, .F. ) ;
#4071 = EDGE_CURVE ( 'NONE', #3925, #5048, #2940, .T. ) ;
#4072 = ORIENTED_EDGE ( 'NONE', *, *, #29, .F. ) ;
#4073 = APPROVAL_STATUS ( 'not_yet_approved' ) ;
#4074 =( BOUNDED_CURVE ( )  B_SPLINE_CURVE ( 3, ( #903, #3722, #1642, #2484 ),
 .UNSPECIFIED., .F., .F. ) 
 B_SPLINE_CURVE_WITH_KNOTS ( ( 4, 4 ),
 ( 5.978492653164188653, 6.587877961194983811 ),
 .UNSPECIFIED. ) 
 CURVE ( )  GEOMETRIC_REPRESENTATION_ITEM ( )  RATIONAL_B_SPLINE_CURVE ( ( 1.000000000000000000, 0.9692928009446304394, 0.9692928009446304394, 1.000000000000000000 ) ) 
 REPRESENTATION_ITEM ( '' )  );
#4075 = DIRECTION ( 'NONE',  ( 0.7203422578024066825, 0.000000000000000000, 0.6936187941687648184 ) ) ;
#4076 = EDGE_CURVE ( 'NONE', #2112, #1083, #2010, .T. ) ;
#4077 = CARTESIAN_POINT ( 'NONE',  ( 2.625752043686317538, 3.101480656498022626, 7.185283574223202407 ) ) ;
#4078 = VERTEX_POINT ( 'NONE', #771 ) ;
#4079 = CIRCLE ( 'NONE', #923, 0.01999999999999996225 ) ;
#4080 = AXIS2_PLACEMENT_3D ( 'NONE', #3782, #3034, #2281 ) ;
#4081 = ADVANCED_FACE ( 'NONE', ( #3097 ), #2850, .T. ) ;
#4082 = CYLINDRICAL_SURFACE ( 'NONE', #2095, 0.1000000000000001443 ) ;
#4083 = CARTESIAN_POINT ( 'NONE',  ( -2.312024219028235184, 5.951057409446828039, 4.433344562587808291 ) ) ;
#4084 = DIRECTION ( 'NONE',  ( -1.000000000000000000, -0.000000000000000000, -0.000000000000000000 ) ) ;
#4085 = CARTESIAN_POINT ( 'NONE',  ( 1.399999999999999689, 6.649999999999999467, -4.379999999999999893 ) ) ;
#4086 = VERTEX_POINT ( 'NONE', #2367 ) ;
#4087 = CARTESIAN_POINT ( 'NONE',  ( 2.969848480983505290, 1.499999999999999556, -7.049999999999998046 ) ) ;
#4088 = DIRECTION ( 'NONE',  ( 0.000000000000000000, 0.000000000000000000, 1.000000000000000000 ) ) ;
#4089 = CARTESIAN_POINT ( 'NONE',  ( 0.000000000000000000, 6.649999999999999467, 0.7729309367425446498 ) ) ;
#4090 = CC_DESIGN_PERSON_AND_ORGANIZATION_ASSIGNMENT ( #2802, #4391, ( #1709 ) ) ;
#4091 = VERTEX_POINT ( 'NONE', #4311 ) ;
#4092 = ORIENTED_EDGE ( 'NONE', *, *, #3513, .T. ) ;
#4093 = AXIS2_PLACEMENT_3D ( 'NONE', #2595, #4168, #1314 ) ;
#4094 = DIRECTION ( 'NONE',  ( 0.7071067811865474617, 0.000000000000000000, 0.7071067811865474617 ) ) ;
#4095 = DIRECTION ( 'NONE',  ( 0.7071067811865451302, -3.056747976430751789E-16, 0.7071067811865500152 ) ) ;
#4096 = CARTESIAN_POINT ( 'NONE',  ( 1.399999999999999689, 11.52975414413176125, -5.485303232940222706 ) ) ;
#4097 = VERTEX_POINT ( 'NONE', #306 ) ;
#4098 = ORIENTED_EDGE ( 'NONE', *, *, #4239, .F. ) ;
#4099 = CONTEXT_DEPENDENT_SHAPE_REPRESENTATION ( #1874, #1379 ) ;
#4100 = VECTOR ( 'NONE', #986, 1000.000000000000114 ) ;
#4101 = EDGE_CURVE ( 'NONE', #890, #310, #3348, .T. ) ;
#4102 = DIRECTION ( 'NONE',  ( 1.000000000000000000, 2.168404344971008252E-17, -8.673617379884035472E-17 ) ) ;
#4103 = ADVANCED_FACE ( 'NONE', ( #1898 ), #693, .T. ) ;
#4104 = CARTESIAN_POINT ( 'NONE',  ( 4.433344562587834048, 2.048942590553171961, 2.312024219028189886 ) ) ;
#4105 = EDGE_CURVE ( 'NONE', #1803, #5123, #2314, .T. ) ;
#4106 = EDGE_CURVE ( 'NONE', #950, #389, #2857, .T. ) ;
#4107 = ADVANCED_FACE ( 'NONE', ( #3505 ), #2291, .T. ) ;
#4108 = ORIENTED_EDGE ( 'NONE', *, *, #1218, .T. ) ;
#4109 = ORIENTED_EDGE ( 'NONE', *, *, #3572, .T. ) ;
#4110 = PERSON_AND_ORGANIZATION ( #2197, #152 ) ;
#4111 =( BOUNDED_CURVE ( )  B_SPLINE_CURVE ( 3, ( #3578, #8, #1600, #3166 ),
 .UNSPECIFIED., .F., .F. ) 
 B_SPLINE_CURVE_WITH_KNOTS ( ( 4, 4 ),
 ( 5.978492653164188653, 6.587877961194983811 ),
 .UNSPECIFIED. ) 
 CURVE ( )  GEOMETRIC_REPRESENTATION_ITEM ( )  RATIONAL_B_SPLINE_CURVE ( ( 1.000000000000000000, 0.9692928009446304394, 0.9692928009446304394, 1.000000000000000000 ) ) 
 REPRESENTATION_ITEM ( '' )  );
#4112 = LINE ( 'NONE', #4505, #4419 ) ;
#4113 = DIRECTION ( 'NONE',  ( 0.000000000000000000, -0.7546055221635005195, 0.6561787149247915174 ) ) ;
#4114 = DIRECTION ( 'NONE',  ( 0.000000000000000000, 1.000000000000000000, 0.000000000000000000 ) ) ;
#4115 = DIRECTION ( 'NONE',  ( -8.673617379884035472E-17, -1.880790961315659671E-33, -1.000000000000000000 ) ) ;
#4116 = ORIENTED_EDGE ( 'NONE', *, *, #4012, .F. ) ;
#4117 = EDGE_CURVE ( 'NONE', #3934, #3703, #280, .T. ) ;
#4118 = PRODUCT_DEFINITION_SHAPE ( 'NONE', 'NONE',  #3336 ) ;
#4119 = CARTESIAN_POINT ( 'NONE',  ( 1.379999999999999671, 12.34999999999999964, -2.027069063257456172 ) ) ;
#4120 = DIRECTION ( 'NONE',  ( -1.000000000000000000, -0.000000000000000000, -0.000000000000000000 ) ) ;
#4121 = ORIENTED_EDGE ( 'NONE', *, *, #2948, .T. ) ;
#4122 = ORIENTED_EDGE ( 'NONE', *, *, #4554, .T. ) ;
#4123 = DIRECTION ( 'NONE',  ( -0.7071067811865473507, 0.000000000000000000, 0.7071067811865477948 ) ) ;
#4124 = DIRECTION ( 'NONE',  ( -3.272579785996980772E-14, -0.6561787149247684248, 0.7546055221635205035 ) ) ;
#4125 = DIRECTION ( 'NONE',  ( -1.000000000000000000, 0.000000000000000000, 0.000000000000000000 ) ) ;
#4126 = ORIENTED_EDGE ( 'NONE', *, *, #715, .T. ) ;
#4127 = EDGE_LOOP ( 'NONE', ( #2370, #1847, #1872, #1918 ) ) ;
#4128 = ORIENTED_EDGE ( 'NONE', *, *, #4753, .F. ) ;
#4129 = LOCAL_TIME ( 14, 20, 58.00000000000000000, #4502 ) ;
#4130 = CARTESIAN_POINT ( 'NONE',  ( -3.371111840569784412, 1.616536647565486318, 6.867191002222499563 ) ) ;
#4131 = FACE_OUTER_BOUND ( 'NONE', #1091, .T. ) ;
#4132 = ORIENTED_EDGE ( 'NONE', *, *, #363, .T. ) ;
#4133 = ORIENTED_EDGE ( 'NONE', *, *, #1189, .F. ) ;
#4134 = AXIS2_PLACEMENT_3D ( 'NONE', #3705, #4123, #4907 ) ;
#4135 = PERSON_AND_ORGANIZATION ( #2197, #152 ) ;
#4136 = EDGE_CURVE ( 'NONE', #2295, #4412, #4706, .T. ) ;
#4137 = VECTOR ( 'NONE', #4167, 1000.000000000000114 ) ;
#4138 = DIRECTION ( 'NONE',  ( -1.000000000000000000, 0.000000000000000000, -0.000000000000000000 ) ) ;
#4139 = DIRECTION ( 'NONE',  ( 0.000000000000000000, -1.000000000000000000, 0.000000000000000000 ) ) ;
#4140 = LINE ( 'NONE', #241, #3646 ) ;
#4141 = PLANE ( 'NONE',  #4201 ) ;
#4142 = ORIENTED_EDGE ( 'NONE', *, *, #1655, .T. ) ;
#4143 = EDGE_CURVE ( 'NONE', #124, #4545, #1501, .T. ) ;
#4144 = DIRECTION ( 'NONE',  ( 1.000000000000000000, -0.000000000000000000, 0.000000000000000000 ) ) ;
#4145 = CARTESIAN_POINT ( 'NONE',  ( -1.380000000000000115, 12.50000000000000000, -4.343903740188082452 ) ) ;
#4146 = CARTESIAN_POINT ( 'NONE',  ( -1.400000000000000133, 6.500000000000000000, 0.8529309367425446098 ) ) ;
#4147 = ADVANCED_FACE ( 'NONE', ( #2741 ), #3598, .T. ) ;
#4148 = ORIENTED_EDGE ( 'NONE', *, *, #3805, .T. ) ;
#4149 = UNCERTAINTY_MEASURE_WITH_UNIT (LENGTH_MEASURE( 1.000000000000000082E-05 ), #1664, 'distance_accuracy_value', 'NONE');
#4150 = CARTESIAN_POINT ( 'NONE',  ( -1.380000000000000115, 11.43165542625050612, -5.549999999999999822 ) ) ;
#4151 = DIRECTION ( 'NONE',  ( 0.7071067811865451302, -3.056747976430751789E-16, 0.7071067811865500152 ) ) ;
#4152 = DIRECTION ( 'NONE',  ( -0.000000000000000000, -0.9863939238321437486, -0.1643989873053572637 ) ) ;
#4153 = VERTEX_POINT ( 'NONE', #331 ) ;
#4154 = VERTEX_POINT ( 'NONE', #1256 ) ;
#4155 = ORIENTED_EDGE ( 'NONE', *, *, #1023, .T. ) ;
#4156 = VECTOR ( 'NONE', #3689, 1000.000000000000114 ) ;
#4157 =( REPRESENTATION_RELATIONSHIP ('NONE','NONE', #2155, #3059 ) REPRESENTATION_RELATIONSHIP_WITH_TRANSFORMATION ( #3252 )SHAPE_REPRESENTATION_RELATIONSHIP( ) );
#4158 = CARTESIAN_POINT ( 'NONE',  ( -3.405877273185280885, 1.499999999999999556, 7.049999999999999822 ) ) ;
#4159 = CARTESIAN_POINT ( 'NONE',  ( 1.379999999999999671, 0.000000000000000000, 4.400000000000000355 ) ) ;
#4160 = ORIENTED_EDGE ( 'NONE', *, *, #927, .T. ) ;
#4161 = EDGE_LOOP ( 'NONE', ( #4930, #2970, #2452, #2103 ) ) ;
#4162 = CALENDAR_DATE ( 2026, 5, 10 ) ;
#4163 = CIRCLE ( 'NONE', #5081, 0.1700000000000000122 ) ;
#4164 = CARTESIAN_POINT ( 'NONE',  ( -1.379999999999999671, 6.622052172158088723, 0.9406179037940091137 ) ) ;
#4165 = CARTESIAN_POINT ( 'NONE',  ( -1.399999999999999467, -3.035766082959410566E-17, -1.214306433183764720E-16 ) ) ;
#4166 = AXIS2_PLACEMENT_3D ( 'NONE', #1632, #443, #4439 ) ;
#4167 = DIRECTION ( 'NONE',  ( -0.000000000000000000, 0.6561787149247862994, 0.7546055221635049604 ) ) ;
#4168 = DIRECTION ( 'NONE',  ( 1.000000000000000000, 0.000000000000000000, 0.000000000000000000 ) ) ;
#4169 = EDGE_LOOP ( 'NONE', ( #3025, #976, #2896, #4207, #2867, #627 ) ) ;
#4170 = AXIS2_PLACEMENT_3D ( 'NONE', #3977, #1906, #3462 ) ;
#4171 = AXIS2_PLACEMENT_3D ( 'NONE', #400, #3986, #1993 ) ;
#4172 = CARTESIAN_POINT ( 'NONE',  ( 1.379999999999999671, 0.000000000000000000, 4.379999999999999893 ) ) ;
#4173 = CARTESIAN_POINT ( 'NONE',  ( 1.379999999999999671, 8.631655426250503638, 4.400000000000000355 ) ) ;
#4174 = DIRECTION ( 'NONE',  ( 0.000000000000000000, -1.000000000000000000, 0.000000000000000000 ) ) ;
#4175 = AXIS2_PLACEMENT_3D ( 'NONE', #3128, #664, #1110 ) ;
#4176 = ADVANCED_FACE ( 'NONE', ( #3990 ), #459, .F. ) ;
#4177 = ORIENTED_EDGE ( 'NONE', *, *, #4808, .F. ) ;
#4178 = CARTESIAN_POINT ( 'NONE',  ( 1.379999999999999671, 6.500000000000000000, -4.549999999999999822 ) ) ;
#4179 = CARTESIAN_POINT ( 'NONE',  ( -1.380000000000000115, 11.43165542625050612, -5.530000000000000249 ) ) ;
#4180 = DIRECTION ( 'NONE',  ( 0.000000000000000000, 0.000000000000000000, 1.000000000000000000 ) ) ;
#4181 = ORIENTED_EDGE ( 'NONE', *, *, #711, .T. ) ;
#4182 = ORIENTED_EDGE ( 'NONE', *, *, #1253, .T. ) ;
#4183 = ORIENTED_EDGE ( 'NONE', *, *, #5101, .F. ) ;
#4184 = SECURITY_CLASSIFICATION_LEVEL ( 'unclassified' ) ;
#4185 = ADVANCED_FACE ( 'NONE', ( #2414 ), #794, .T. ) ;
#4186 = PLANE ( 'NONE',  #2003 ) ;
#4187 = DIRECTION ( 'NONE',  ( 0.000000000000000000, 0.000000000000000000, 1.000000000000000000 ) ) ;
#4188 = CIRCLE ( 'NONE', #3777, 0.1299999999999998934 ) ;
#4189 = ORIENTED_EDGE ( 'NONE', *, *, #3506, .T. ) ;
#4190 = ORIENTED_EDGE ( 'NONE', *, *, #297, .F. ) ;
#4191 = DATE_AND_TIME ( #3720, #4129 ) ;
#4192 = VECTOR ( 'NONE', #5089, 1000.000000000000000 ) ;
#4193 = CARTESIAN_POINT ( 'NONE',  ( 1.379999999999999893, 9.655153745424975398, 5.498426807238718794 ) ) ;
#4194 = CYLINDRICAL_SURFACE ( 'NONE', #4055, 0.01999999999999999001 ) ;
#4195 = VERTEX_POINT ( 'NONE', #3268 ) ;
#4196 = CARTESIAN_POINT ( 'NONE',  ( -1.380560112054757704, 6.500000000000000000, -0.7744648667341185178 ) ) ;
#4197 = DIRECTION ( 'NONE',  ( -1.000000000000000000, -0.000000000000000000, 0.000000000000000000 ) ) ;
#4198 = CARTESIAN_POINT ( 'NONE',  ( -7.393421723123622336, 3.000000000000000000, 2.576783891606700738 ) ) ;
#4199 = ORIENTED_EDGE ( 'NONE', *, *, #1481, .T. ) ;
#4200 = EDGE_CURVE ( 'NONE', #3416, #1902, #2467, .T. ) ;
#4201 = AXIS2_PLACEMENT_3D ( 'NONE', #134, #577, #2487 ) ;
#4202 = EDGE_CURVE ( 'NONE', #172, #4942, #2884, .T. ) ;
#4203 = FACE_OUTER_BOUND ( 'NONE', #600, .T. ) ;
#4204 = CARTESIAN_POINT ( 'NONE',  ( -1.399999999999999911, 6.649999999999999467, 4.379999999999999893 ) ) ;
#4205 = CARTESIAN_POINT ( 'NONE',  ( 1.379999999999999671, 6.649999999999999467, 4.549999999999999822 ) ) ;
#4206 = EDGE_LOOP ( 'NONE', ( #1216, #2569, #283, #4441 ) ) ;
#4207 = ORIENTED_EDGE ( 'NONE', *, *, #4488, .T. ) ;
#4208 = ORIENTED_EDGE ( 'NONE', *, *, #2339, .T. ) ;
#4209 = CONTEXT_DEPENDENT_SHAPE_REPRESENTATION ( #3114, #588 ) ;
#4210 = VECTOR ( 'NONE', #3814, 1000.000000000000000 ) ;
#4211 = CARTESIAN_POINT ( 'NONE',  ( -1.379999999999999893, 12.34999999999999964, -2.027069063257456172 ) ) ;
#4212 = LINE ( 'NONE', #649, #269 ) ;
#4213 = ORIENTED_EDGE ( 'NONE', *, *, #2280, .F. ) ;
#4214 = ORIENTED_EDGE ( 'NONE', *, *, #3320, .F. ) ;
#4215 = CALENDAR_DATE ( 2026, 5, 10 ) ;
#4216 = DIRECTION ( 'NONE',  ( 1.000000000000000000, 2.168404344971008252E-17, 8.673617379884035472E-17 ) ) ;
#4217 = FACE_OUTER_BOUND ( 'NONE', #2987, .T. ) ;
#4218 = APPROVAL_PERSON_ORGANIZATION ( #5023, #319, #1464 ) ;
#4219 = CARTESIAN_POINT ( 'NONE',  ( -2.435362535369392845, 3.000000000000000000, 7.252000366886310445 ) ) ;
#4220 = ORIENTED_EDGE ( 'NONE', *, *, #266, .T. ) ;
#4221 = AXIS2_PLACEMENT_3D ( 'NONE', #936, #4114, #3217 ) ;
#4222 = DIRECTION ( 'NONE',  ( 1.000000000000000000, 2.168404344971008252E-17, 8.673617379884035472E-17 ) ) ;
#4223 = DIRECTION ( 'NONE',  ( 1.000000000000000000, 0.000000000000000000, 0.000000000000000000 ) ) ;
#4224 = LINE ( 'NONE', #3453, #4416 ) ;
#4225 = AXIS2_PLACEMENT_3D ( 'NONE', #323, #3548, #4245 ) ;
#4226 = ORIENTED_EDGE ( 'NONE', *, *, #3141, .T. ) ;
#4227 = CARTESIAN_POINT ( 'NONE',  ( 0.000000000000000000, 0.000000000000000000, 0.000000000000000000 ) ) ;
#4228 = DIRECTION ( 'NONE',  ( -3.272579785996980772E-14, 0.6561787149247684248, -0.7546055221635205035 ) ) ;
#4229 = DIRECTION ( 'NONE',  ( 1.000000000000000000, 2.168404344971008252E-17, -8.673617379884035472E-17 ) ) ;
#4230 = ORIENTED_EDGE ( 'NONE', *, *, #1508, .T. ) ;
#4231 = ORIENTED_EDGE ( 'NONE', *, *, #3140, .F. ) ;
#4232 = ORIENTED_EDGE ( 'NONE', *, *, #1137, .F. ) ;
#4233 = CARTESIAN_POINT ( 'NONE',  ( -1.380000000000000115, 8.631655426250503638, -4.400000000000000355 ) ) ;
#4234 = CARTESIAN_POINT ( 'NONE',  ( 4.433344562587839377, 1.500000000000000444, -2.312024219028174343 ) ) ;
#4235 = FACE_OUTER_BOUND ( 'NONE', #662, .T. ) ;
#4236 = ORIENTED_EDGE ( 'NONE', *, *, #3115, .F. ) ;
#4237 = ORIENTED_EDGE ( 'NONE', *, *, #2312, .F. ) ;
#4238 = DATE_AND_TIME ( #2673, #2818 ) ;
#4239 = EDGE_CURVE ( 'NONE', #3538, #1143, #1349, .T. ) ;
#4240 = AXIS2_PLACEMENT_3D ( 'NONE', #1460, #1849, #2191 ) ;
#4241 = EDGE_CURVE ( 'NONE', #492, #3212, #356, .T. ) ;
#4242 = DIRECTION ( 'NONE',  ( -0.7071067811865473507, 2.775557561562891351E-17, 0.7071067811865477948 ) ) ;
#4243 = CARTESIAN_POINT ( 'NONE',  ( 1.379999999999999671, 12.37465984809580277, 1.879109974682634077 ) ) ;
#4244 = VECTOR ( 'NONE', #3267, 1000.000000000000000 ) ;
#4245 = DIRECTION ( 'NONE',  ( 0.000000000000000000, -0.7546055221635206145, -0.6561787149247685358 ) ) ;
#4246 = ORIENTED_EDGE ( 'NONE', *, *, #3582, .T. ) ;
#4247 = AXIS2_PLACEMENT_3D ( 'NONE', #2532, #3234, #855 ) ;
#4248 = PRODUCT ( '90_smooth', '90_smooth', '', ( #4919 ) ) ;
#4249 = EDGE_CURVE ( 'NONE', #1507, #135, #405, .T. ) ;
#4250 = DIRECTION ( 'NONE',  ( 1.000000000000000000, 0.000000000000000000, 0.000000000000000000 ) ) ;
#4251 = DIRECTION ( 'NONE',  ( 0.7071067811865475727, 0.000000000000000000, -0.7071067811865475727 ) ) ;
#4252 = CARTESIAN_POINT ( 'NONE',  ( -5.078412917506967439, 3.000000000000000000, -4.890012498889791281 ) ) ;
#4253 = VERTEX_POINT ( 'NONE', #4778 ) ;
#4254 = AXIS2_PLACEMENT_3D ( 'NONE', #4179, #3737, #4618 ) ;
#4255 = CIRCLE ( 'NONE', #3841, 0.02000000000000005246 ) ;
#4256 = CC_DESIGN_PERSON_AND_ORGANIZATION_ASSIGNMENT ( #856, #1804, ( #5037 ) ) ;
#4257 = DIRECTION ( 'NONE',  ( -0.000000000000000000, 1.000000000000000000, 0.000000000000000000 ) ) ;
#4258 = AXIS2_PLACEMENT_3D ( 'NONE', #2092, #1282, #4380 ) ;
#4259 = CIRCLE ( 'NONE', #3672, 0.02000000000000005246 ) ;
#4260 = DIRECTION ( 'NONE',  ( 0.000000000000000000, 0.7546055221635206145, 0.6561787149247685358 ) ) ;
#4261 = LINE ( 'NONE', #4620, #367 ) ;
#4262 = ORIENTED_EDGE ( 'NONE', *, *, #2909, .F. ) ;
#4263 = ORIENTED_EDGE ( 'NONE', *, *, #3730, .F. ) ;
#4264 = ORIENTED_EDGE ( 'NONE', *, *, #3666, .F. ) ;
#4265 = CARTESIAN_POINT ( 'NONE',  ( -3.354731286224077902, 1.601558808504983666, -6.875221135459822719 ) ) ;
#4266 = DIRECTION ( 'NONE',  ( -0.7071067811865500152, 0.000000000000000000, 0.7071067811865451302 ) ) ;
#4267 = CARTESIAN_POINT ( 'NONE',  ( -7.138355639750679771, 3.000000000000000000, -2.750705138767092883 ) ) ;
#4268 = VERTEX_POINT ( 'NONE', #1996 ) ;
#4269 = ORIENTED_EDGE ( 'NONE', *, *, #1548, .T. ) ;
#4270 = COORDINATED_UNIVERSAL_TIME_OFFSET ( 7, 0, .BEHIND. ) ;
#4271 = EDGE_CURVE ( 'NONE', #1452, #4912, #686, .T. ) ;
#4272 = TOROIDAL_SURFACE ( 'NONE', #109, 0.1299999999999999767, 0.02000000000000000042 ) ;
#4273 = EDGE_CURVE ( 'NONE', #2775, #3925, #1648, .T. ) ;
#4274 = TOROIDAL_SURFACE ( 'NONE', #3608, 0.1699999999999999845, 0.02000000000000000042 ) ;
#4275 = EDGE_CURVE ( 'NONE', #1372, #4545, #1769, .T. ) ;
#4276 = ADVANCED_FACE ( 'NONE', ( #63 ), #2700, .T. ) ;
#4277 = CARTESIAN_POINT ( 'NONE',  ( 1.399999999999999689, 6.500000000000000000, 0.8529309367425446098 ) ) ;
#4278 = VECTOR ( 'NONE', #1885, 1000.000000000000114 ) ;
#4279 = PLANE ( 'NONE',  #705 ) ;
#4280 = VECTOR ( 'NONE', #2763, 1000.000000000000000 ) ;
#4281 = CARTESIAN_POINT ( 'NONE',  ( -1.390180519077591104, 6.500000000000000000, -0.8009322421621059007 ) ) ;
#4282 = CARTESIAN_POINT ( 'NONE',  ( 1.399999999999999689, 9.768344573749500270, -5.400000000000000355 ) ) ;
#4283 = CARTESIAN_POINT ( 'NONE',  ( 3.226782805549691879, 2.373921791567574324, -3.956290731841326735 ) ) ;
#4284 = ADVANCED_FACE ( 'NONE', ( #1625 ), #1701, .T. ) ;
#4285 = ORIENTED_EDGE ( 'NONE', *, *, #4720, .T. ) ;
#4286 = LINE ( 'NONE', #279, #4607 ) ;
#4287 = CARTESIAN_POINT ( 'NONE',  ( -1.379999999999999893, -2.992397996059991005E-17, -5.530000000000000249 ) ) ;
#4288 = VERTEX_POINT ( 'NONE', #4878 ) ;
#4289 = EDGE_LOOP ( 'NONE', ( #1846, #2214, #3183, #1415 ) ) ;
#4290 = ORIENTED_EDGE ( 'NONE', *, *, #5028, .F. ) ;
#4291 = CARTESIAN_POINT ( 'NONE',  ( -3.301579660418292317, 1.563075121266647161, -6.900987060043524579 ) ) ;
#4292 = DIRECTION ( 'NONE',  ( 1.000000000000000000, -0.000000000000000000, 0.000000000000000000 ) ) ;
#4293 = DIRECTION ( 'NONE',  ( -5.122298795473439605E-17, -0.6561787149247870765, 0.7546055221635045163 ) ) ;
#4294 = EDGE_LOOP ( 'NONE', ( #2393, #3388, #1, #3466 ) ) ;
#4295 = VERTEX_POINT ( 'NONE', #2021 ) ;
#4296 = PERSON_AND_ORGANIZATION ( #2197, #152 ) ;
#4297 = VECTOR ( 'NONE', #5004, 1000.000000000000000 ) ;
#4298 = DIRECTION ( 'NONE',  ( -0.7071067811865550112, 0.000000000000000000, 0.7071067811865401342 ) ) ;
#4299 = DIRECTION ( 'NONE',  ( 0.000000000000000000, 0.000000000000000000, 1.000000000000000000 ) ) ;
#4300 = ADVANCED_BREP_SHAPE_REPRESENTATION ( '', ( #1142, #2326 ), #1067 ) ;
#4301 = LINE ( 'NONE', #3496, #2069 ) ;
#4302 = ADVANCED_FACE ( 'NONE', ( #2787 ), #4360, .F. ) ;
#4303 = CC_DESIGN_APPROVAL ( #4796, ( #647 ) ) ;
#4304 = CARTESIAN_POINT ( 'NONE',  ( 0.000000000000000000, 1.500000000000000444, 0.000000000000000000 ) ) ;
#4305 = CARTESIAN_POINT ( 'NONE',  ( -1.400000000000000577, 11.54484625457503100, -5.498426807238717906 ) ) ;
#4306 = DIRECTION ( 'NONE',  ( -0.7071067811865475727, 0.000000000000000000, 0.7071067811865475727 ) ) ;
#4307 = EDGE_LOOP ( 'NONE', ( #2727, #3313, #2692, #2921 ) ) ;
#4308 = AXIS2_PLACEMENT_3D ( 'NONE', #3616, #1219, #2795 ) ;
#4309 = EDGE_CURVE ( 'NONE', #299, #1858, #2439, .T. ) ;
#4310 = DIRECTION ( 'NONE',  ( 1.000000000000000000, 0.000000000000000000, 0.000000000000000000 ) ) ;
#4311 = CARTESIAN_POINT ( 'NONE',  ( 1.379999999999999671, 12.50000000000000000, 4.343903740188081564 ) ) ;
#4312 = AXIS2_PLACEMENT_3D ( 'NONE', #3784, #216, #4583 ) ;
#4313 = DIRECTION ( 'NONE',  ( 0.000000000000000000, 0.000000000000000000, -1.000000000000000000 ) ) ;
#4314 = VERTEX_POINT ( 'NONE', #4017 ) ;
#4315 = ORIENTED_EDGE ( 'NONE', *, *, #2140, .T. ) ;
#4316 = ORIENTED_EDGE ( 'NONE', *, *, #3805, .F. ) ;
#4317 = DIRECTION ( 'NONE',  ( 0.7071067811865477948, 0.000000000000000000, 0.7071067811865473507 ) ) ;
#4318 = DIRECTION ( 'NONE',  ( 0.000000000000000000, 0.000000000000000000, -1.000000000000000000 ) ) ;
#4319 = CARTESIAN_POINT ( 'NONE',  ( -4.934344465946485236, 3.200000000000000178, -4.751288740056038407 ) ) ;
#4320 = ORIENTED_EDGE ( 'NONE', *, *, #1052, .F. ) ;
#4321 = VERTEX_POINT ( 'NONE', #2046 ) ;
#4322 = APPROVAL_STATUS ( 'not_yet_approved' ) ;
#4323 = CC_DESIGN_PERSON_AND_ORGANIZATION_ASSIGNMENT ( #317, #2381, ( #647 ) ) ;
#4324 = CARTESIAN_POINT ( 'NONE',  ( 1.045004651996030542, -1.407485477710246791, -1.045004651996023881 ) ) ;
#4325 = AXIS2_PLACEMENT_3D ( 'NONE', #3474, #2255, #2231 ) ;
#4326 = DIRECTION ( 'NONE',  ( 0.000000000000000000, 0.000000000000000000, 1.000000000000000000 ) ) ;
#4327 = CARTESIAN_POINT ( 'NONE',  ( -8.150000000000000355, 0.000000000000000000, 9.368548013477252244E-16 ) ) ;
#4328 = VECTOR ( 'NONE', #2963, 1000.000000000000114 ) ;
#4329 = CARTESIAN_POINT ( 'NONE',  ( 1.399999999999999911, 9.655153745424975398, -5.498426807238719682 ) ) ;
#4330 = DIRECTION ( 'NONE',  ( 0.000000000000000000, 0.000000000000000000, -1.000000000000000000 ) ) ;
#4331 = EDGE_CURVE ( 'NONE', #3111, #3568, #1524, .T. ) ;
#4332 = DIRECTION ( 'NONE',  ( 1.000000000000000000, 2.168404344971008252E-17, -8.673617379884035472E-17 ) ) ;
#4333 = CARTESIAN_POINT ( 'NONE',  ( -2.798813555956164656, 3.000000000000000888, 7.120240386628901241 ) ) ;
#4334 = EDGE_CURVE ( 'NONE', #4623, #334, #3307, .T. ) ;
#4335 = TOROIDAL_SURFACE ( 'NONE', #840, 0.1299999999999999767, 0.02000000000000000042 ) ;
#4336 = CYLINDRICAL_SURFACE ( 'NONE', #2734, 0.02000000000000005246 ) ;
#4337 = VERTEX_POINT ( 'NONE', #4482 ) ;
#4338 = EDGE_LOOP ( 'NONE', ( #958, #1494, #1821, #47 ) ) ;
#4339 = ORIENTED_EDGE ( 'NONE', *, *, #2430, .F. ) ;
#4340 = ADVANCED_FACE ( 'NONE', ( #2908 ), #2517, .F. ) ;
#4341 = AXIS2_PLACEMENT_3D ( 'NONE', #4541, #2154, #2633 ) ;
#4342 = VECTOR ( 'NONE', #4138, 1000.000000000000000 ) ;
#4343 = VECTOR ( 'NONE', #1864, 1000.000000000000000 ) ;
#4344 = LINE ( 'NONE', #2667, #812 ) ;
#4345 = LINE ( 'NONE', #413, #4762 ) ;
#4346 = DIRECTION ( 'NONE',  ( 0.000000000000000000, 1.000000000000000000, 0.000000000000000000 ) ) ;
#4347 = EDGE_LOOP ( 'NONE', ( #2746, #304, #3817, #977 ) ) ;
#4348 = EDGE_CURVE ( 'NONE', #78, #3950, #3702, .T. ) ;
#4349 = ORIENTED_EDGE ( 'NONE', *, *, #4366, .F. ) ;
#4350 = PERSON_AND_ORGANIZATION_ROLE ( 'creator' ) ;
#4351 = CARTESIAN_POINT ( 'NONE',  ( -4.999999999999999112, 8.000000000000000000, 2.291287847478249429 ) ) ;
#4352 = CARTESIAN_POINT ( 'NONE',  ( 3.976120838953064673, 4.909999999999999254, 3.976120838953062009 ) ) ;
#4353 = CIRCLE ( 'NONE', #4956, 0.02000000000000005246 ) ;
#4354 = DIRECTION ( 'NONE',  ( 0.000000000000000000, 1.000000000000000000, -0.000000000000000000 ) ) ;
#4355 = DIRECTION ( 'NONE',  ( 0.000000000000000000, 0.000000000000000000, 1.000000000000000000 ) ) ;
#4356 = FACE_OUTER_BOUND ( 'NONE', #1381, .T. ) ;
#4357 = CARTESIAN_POINT ( 'NONE',  ( -4.934344465946485236, 8.000000000000000000, -4.751288740056038407 ) ) ;
#4358 = VECTOR ( 'NONE', #2962, 1000.000000000000000 ) ;
#4359 = DIRECTION ( 'NONE',  ( 0.000000000000000000, 0.000000000000000000, 1.000000000000000000 ) ) ;
#4360 = PLANE ( 'NONE',  #439 ) ;
#4361 = CARTESIAN_POINT ( 'NONE',  ( -1.380000000000000115, 12.44809871788125477, 4.429206973128303915 ) ) ;
#4362 = UNCERTAINTY_MEASURE_WITH_UNIT (LENGTH_MEASURE( 1.000000000000000082E-05 ), #1296, 'distance_accuracy_value', 'NONE');
#4363 = EDGE_LOOP ( 'NONE', ( #2920, #753, #706, #4742 ) ) ;
#4364 = VERTEX_POINT ( 'NONE', #4655 ) ;
#4365 = ORIENTED_EDGE ( 'NONE', *, *, #4869, .F. ) ;
#4366 = EDGE_CURVE ( 'NONE', #1197, #3153, #4738, .T. ) ;
#4367 = ADVANCED_FACE ( 'NONE', ( #2723 ), #385, .F. ) ;
#4368 = CARTESIAN_POINT ( 'NONE',  ( -1.380839982702822599, 6.500000000000000000, 0.7752318993870117581 ) ) ;
#4369 = CARTESIAN_POINT ( 'NONE',  ( 1.060660171779816974, 0.000000000000000000, 1.060660171779824301 ) ) ;
#4370 = CARTESIAN_POINT ( 'NONE',  ( 1.379999999999999671, 12.48000000000000220, 4.343903740188081564 ) ) ;
#4371 = ORIENTED_EDGE ( 'NONE', *, *, #3044, .T. ) ;
#4372 = ORIENTED_EDGE ( 'NONE', *, *, #1628, .F. ) ;
#4373 = CALENDAR_DATE ( 2026, 5, 10 ) ;
#4374 = CARTESIAN_POINT ( 'NONE',  ( 1.399999999999999689, 6.500000000000000000, 4.483107698211994396 ) ) ;
#4375 = DIRECTION ( 'NONE',  ( 0.000000000000000000, 0.000000000000000000, -1.000000000000000000 ) ) ;
#4376 = CYLINDRICAL_SURFACE ( 'NONE', #4676, 5.000000000000000000 ) ;
#4377 = DIRECTION ( 'NONE',  ( 0.7071067811865473507, 0.000000000000000000, -0.7071067811865477948 ) ) ;
#4378 = LOCAL_TIME ( 14, 20, 58.00000000000000000, #97 ) ;
#4379 = CARTESIAN_POINT ( 'NONE',  ( 0.000000000000000000, 7.500000000000000000, 0.000000000000000000 ) ) ;
#4380 = DIRECTION ( 'NONE',  ( 0.7071067811865474617, 0.000000000000000000, 0.7071067811865474617 ) ) ;
#4381 = VECTOR ( 'NONE', #2419, 1000.000000000000000 ) ;
#4382 = CARTESIAN_POINT ( 'NONE',  ( 0.000000000000000000, 3.000000000000000000, 0.000000000000000000 ) ) ;
#4383 = ORIENTED_EDGE ( 'NONE', *, *, #2829, .F. ) ;
#4384 = ORIENTED_EDGE ( 'NONE', *, *, #1655, .F. ) ;
#4385 = VECTOR ( 'NONE', #2067, 1000.000000000000000 ) ;
#4386 = CARTESIAN_POINT ( 'NONE',  ( -1.380000000000000115, 11.43165542625050612, -5.400000000000000355 ) ) ;
#4387 = CARTESIAN_POINT ( 'NONE',  ( 3.371111840569788853, 1.616536647565485652, -6.867191002222497787 ) ) ;
#4388 = DIRECTION ( 'NONE',  ( 0.000000000000000000, -0.000000000000000000, -1.000000000000000000 ) ) ;
#4389 = ORIENTED_EDGE ( 'NONE', *, *, #1273, .T. ) ;
#4390 = ORIENTED_EDGE ( 'NONE', *, *, #423, .T. ) ;
#4391 = PERSON_AND_ORGANIZATION_ROLE ( 'creator' ) ;
#4392 = EDGE_CURVE ( 'NONE', #3343, #2186, #1538, .T. ) ;
#4393 = DIRECTION ( 'NONE',  ( 0.000000000000000000, 0.000000000000000000, 1.000000000000000000 ) ) ;
#4394 = EDGE_CURVE ( 'NONE', #3875, #4091, #670, .T. ) ;
#4395 = CARTESIAN_POINT ( 'NONE',  ( -1.379999999999999893, 12.48000000000000220, 2.027069063257455728 ) ) ;
#4396 = FACE_OUTER_BOUND ( 'NONE', #782, .T. ) ;
#4397 = FACE_OUTER_BOUND ( 'NONE', #2630, .T. ) ;
#4398 = CARTESIAN_POINT ( 'NONE',  ( -1.400000000000000133, 6.500000000000000000, -4.469999999999999751 ) ) ;
#4399 = EDGE_CURVE ( 'NONE', #3132, #409, #403, .T. ) ;
#4400 = AXIS2_PLACEMENT_3D ( 'NONE', #3253, #875, #1740 ) ;
#4401 = CARTESIAN_POINT ( 'NONE',  ( -2.279064564105349078, 2.000000000000000444, -4.400384907664990131 ) ) ;
#4402 = DIRECTION ( 'NONE',  ( -0.000000000000000000, 0.6561787149247684248, 0.7546055221635205035 ) ) ;
#4403 = EDGE_CURVE ( 'NONE', #2233, #2513, #5119, .T. ) ;
#4404 = LINE ( 'NONE', #4825, #1712 ) ;
#4405 = ORIENTED_EDGE ( 'NONE', *, *, #3317, .F. ) ;
#4406 = APPROVAL ( #1854, 'UNSPECIFIED' ) ;
#4407 = CARTESIAN_POINT ( 'NONE',  ( 1.399999999999999689, 8.759938365018303585, 4.438449618462789736 ) ) ;
#4408 =( BOUNDED_CURVE ( )  B_SPLINE_CURVE ( 3, ( #3281, #4863, #1293, #4470 ),
 .UNSPECIFIED., .F., .F. ) 
 B_SPLINE_CURVE_WITH_KNOTS ( ( 4, 4 ),
 ( 2.836899999574395981, 3.446285307605190251 ),
 .UNSPECIFIED. ) 
 CURVE ( )  GEOMETRIC_REPRESENTATION_ITEM ( )  RATIONAL_B_SPLINE_CURVE ( ( 1.000000000000000000, 0.9692928009446305504, 0.9692928009446305504, 1.000000000000000000 ) ) 
 REPRESENTATION_ITEM ( '' )  );
#4409 = DIRECTION ( 'NONE',  ( 0.4876598490941711495, -0.7241379310344820963, 0.4876598490941711495 ) ) ;
#4410 = CARTESIAN_POINT ( 'NONE',  ( 1.379999999999999671, 9.768344573749498494, 5.400000000000000355 ) ) ;
#4411 = CIRCLE ( 'NONE', #2354, 0.1299999999999998934 ) ;
#4412 = VERTEX_POINT ( 'NONE', #1085 ) ;
#4413 = ORIENTED_EDGE ( 'NONE', *, *, #4399, .T. ) ;
#4414 = APPROVAL_ROLE ( '' ) ;
#4415 = VECTOR ( 'NONE', #2473, 1000.000000000000114 ) ;
#4416 = VECTOR ( 'NONE', #1917, 1000.000000000000114 ) ;
#4417 = CYLINDRICAL_SURFACE ( 'NONE', #1089, 0.2000000000000002331 ) ;
#4418 = AXIS2_PLACEMENT_3D ( 'NONE', #3630, #4824, #1728 ) ;
#4419 = VECTOR ( 'NONE', #4448, 1000.000000000000000 ) ;
#4420 = EDGE_CURVE ( 'NONE', #1368, #66, #4794, .T. ) ;
#4421 = B_SPLINE_CURVE_WITH_KNOTS ( 'NONE', 3,
 ( #2182, #3769, #202, #4958, #1397, #2996, #5113, #1191, #3948, #2263 ),
 .UNSPECIFIED., .F., .F.,
 ( 4, 2, 2, 2, 4 ),
 ( 3.186890520727777483E-18, 0.0002774483335560889085, 0.0004161725003341317907, 0.0004855345837231526897, 0.0005548966671121734803 ),
 .UNSPECIFIED. ) ;
#4422 = ADVANCED_FACE ( 'NONE', ( #1062, #2748 ), #2346, .F. ) ;
#4423 = ADVANCED_FACE ( 'NONE', ( #3906 ), #3719, .T. ) ;
#4424 = EDGE_CURVE ( 'NONE', #3380, #3394, #4344, .T. ) ;
#4425 = DIRECTION ( 'NONE',  ( 5.122298795473438989E-17, 0.6561787149247869655, -0.7546055221635044052 ) ) ;
#4426 = CARTESIAN_POINT ( 'NONE',  ( 0.000000000000000000, 7.500000000000000000, 0.000000000000000000 ) ) ;
#4427 = DIRECTION ( 'NONE',  ( 0.000000000000000000, 0.000000000000000000, -1.000000000000000000 ) ) ;
#4428 = DIRECTION ( 'NONE',  ( -2.168404344971008252E-17, 1.000000000000000000, 0.000000000000000000 ) ) ;
#4429 = CARTESIAN_POINT ( 'NONE',  ( 0.000000000000000000, 3.000000000000000000, 0.000000000000000000 ) ) ;
#4430 = CARTESIAN_POINT ( 'NONE',  ( 0.000000000000000000, 7.500000000000000000, -4.999999999999999112 ) ) ;
#4431 = EDGE_CURVE ( 'NONE', #4527, #636, #1725, .T. ) ;
#4432 = DIRECTION ( 'NONE',  ( 0.000000000000000000, 1.000000000000000000, -0.000000000000000000 ) ) ;
#4433 = VECTOR ( 'NONE', #3339, 1000.000000000000000 ) ;
#4434 = DIRECTION ( 'NONE',  ( 0.000000000000000000, -0.7546055221635206145, -0.6561787149247685358 ) ) ;
#4435 = ORIENTED_EDGE ( 'NONE', *, *, #1189, .T. ) ;
#4436 = CIRCLE ( 'NONE', #1367, 0.1299999999999998934 ) ;
#4437 = FACE_OUTER_BOUND ( 'NONE', #4472, .T. ) ;
#4438 = CARTESIAN_POINT ( 'NONE',  ( 1.379999999999999671, 11.43165542625050612, -5.400000000000000355 ) ) ;
#4439 = DIRECTION ( 'NONE',  ( 0.000000000000000000, 0.000000000000000000, -1.000000000000000000 ) ) ;
#4440 = ORIENTED_EDGE ( 'NONE', *, *, #1967, .T. ) ;
#4441 = ORIENTED_EDGE ( 'NONE', *, *, #3039, .F. ) ;
#4442 = PERSON_AND_ORGANIZATION ( #2197, #152 ) ;
#4443 = SHAPE_REPRESENTATION ( '90_smooth', ( #2326 ), #3072 ) ;
#4444 = DIRECTION ( 'NONE',  ( -0.000000000000000000, 1.000000000000000000, -0.000000000000000000 ) ) ;
#4445 = CARTESIAN_POINT ( 'NONE',  ( 5.036781010732885200, 3.090000000000000746, 2.915460667173241038 ) ) ;
#4446 = EDGE_LOOP ( 'NONE', ( #2417, #3230, #4988, #1730 ) ) ;
#4447 = DIRECTION ( 'NONE',  ( 1.000000000000000000, 0.000000000000000000, 0.000000000000000000 ) ) ;
#4448 = DIRECTION ( 'NONE',  ( -0.000000000000000000, 1.000000000000000000, 0.000000000000000000 ) ) ;
#4449 = CARTESIAN_POINT ( 'NONE',  ( 1.379999999999999671, 11.43165542625050435, 5.549999999999999822 ) ) ;
#4450 = CARTESIAN_POINT ( 'NONE',  ( -1.400000000000000133, 11.43165542625050790, 5.530000000000000249 ) ) ;
#4451 = PLANE ( 'NONE',  #3943 ) ;
#4452 = AXIS2_PLACEMENT_3D ( 'NONE', #1237, #2836, #3991 ) ;
#4453 = LINE ( 'NONE', #4848, #5103 ) ;
#4454 = CARTESIAN_POINT ( 'NONE',  ( 2.179449471770337432, 1.500000000000000444, 4.500000000000000000 ) ) ;
#4455 = ADVANCED_FACE ( 'NONE', ( #1928 ), #2375, .T. ) ;
#4456 = DIRECTION ( 'NONE',  ( 1.000000000000000000, 0.000000000000000000, 0.000000000000000000 ) ) ;
#4457 = VERTEX_POINT ( 'NONE', #1587 ) ;
#4458 = DESIGN_CONTEXT ( 'detailed design', #4888, 'design' ) ;
#4459 = VERTEX_POINT ( 'NONE', #4233 ) ;
#4460 = EDGE_CURVE ( 'NONE', #1858, #5123, #3563, .T. ) ;
#4461 = DIRECTION ( 'NONE',  ( 0.5120428415488792462, 0.6896551724137933714, 0.5120428415488789131 ) ) ;
#4462 = CARTESIAN_POINT ( 'NONE',  ( 2.915460667173257026, 3.089999999999999858, -5.036781010732873654 ) ) ;
#4463 = SECURITY_CLASSIFICATION ( '', '', #2754 ) ;
#4464 = CARTESIAN_POINT ( 'NONE',  ( 3.371095403779720723, 1.616491533522731894, 6.867199217059265060 ) ) ;
#4465 = ORIENTED_EDGE ( 'NONE', *, *, #746, .T. ) ;
#4466 = EDGE_LOOP ( 'NONE', ( #4189, #2942, #1766, #445 ) ) ;
#4467 = MECHANICAL_CONTEXT ( 'NONE', #4523, 'mechanical' ) ;
#4468 = VECTOR ( 'NONE', #1483, 1000.000000000000000 ) ;
#4469 = DIRECTION ( 'NONE',  ( 0.000000000000000000, 0.000000000000000000, 1.000000000000000000 ) ) ;
#4470 = CARTESIAN_POINT ( 'NONE',  ( -2.312024219028235184, 5.951057409446828039, 4.433344562587808291 ) ) ;
#4471 = CIRCLE ( 'NONE', #4312, 5.000000000000000000 ) ;
#4472 = EDGE_LOOP ( 'NONE', ( #1050, #271, #1909, #4290 ) ) ;
#4473 = DIRECTION ( 'NONE',  ( -0.7071067811865463515, 2.438088387897967896E-29, -0.7071067811865487940 ) ) ;
#4474 = CC_DESIGN_DATE_AND_TIME_ASSIGNMENT ( #390, #5077, ( #4463 ) ) ;
#4475 = FACE_OUTER_BOUND ( 'NONE', #2344, .T. ) ;
#4476 = FACE_OUTER_BOUND ( 'NONE', #4363, .T. ) ;
#4477 = CARTESIAN_POINT ( 'NONE',  ( 1.379999999999999671, 8.744846254575030287, -4.451573192761281383 ) ) ;
#4478 = CARTESIAN_POINT ( 'NONE',  ( -1.379999999999999893, -2.992397996059991005E-17, 5.530000000000000249 ) ) ;
#4479 = ORIENTED_EDGE ( 'NONE', *, *, #3352, .F. ) ;
#4480 = DIRECTION ( 'NONE',  ( -0.7071067811865473507, -2.775557561562891351E-17, 0.7071067811865477948 ) ) ;
#4481 = CARTESIAN_POINT ( 'NONE',  ( -1.399999999999999689, 6.500000000000000000, -0.8529309367425446098 ) ) ;
#4482 = CARTESIAN_POINT ( 'NONE',  ( 1.399999999999999689, 8.759938365018300033, -4.438449618462785295 ) ) ;
#4483 = ORIENTED_EDGE ( 'NONE', *, *, #4969, .T. ) ;
#4484 = ORIENTED_EDGE ( 'NONE', *, *, #1035, .T. ) ;
#4485 = EDGE_CURVE ( 'NONE', #2050, #2416, #1877, .T. ) ;
#4486 = VECTOR ( 'NONE', #3761, 1000.000000000000000 ) ;
#4487 = EDGE_CURVE ( 'NONE', #2617, #5047, #397, .T. ) ;
#4488 = EDGE_CURVE ( 'NONE', #3295, #1428, #4046, .T. ) ;
#4489 = EDGE_CURVE ( 'NONE', #2937, #2492, #3589, .T. ) ;
#4490 = CARTESIAN_POINT ( 'NONE',  ( -2.179449471770337432, 7.633692192606185145, 4.500000000000000000 ) ) ;
#4491 = CARTESIAN_POINT ( 'NONE',  ( 2.279064564105349078, 6.000000000000000000, 4.400384907664990131 ) ) ;
#4492 = CIRCLE ( 'NONE', #1418, 0.1700000000000000122 ) ;
#4493 = CARTESIAN_POINT ( 'NONE',  ( 7.296724953260061319, 3.176207172489686315, 2.297891415291850148 ) ) ;
#4494 = EDGE_LOOP ( 'NONE', ( #4116, #914, #3045, #171 ) ) ;
#4495 = ORIENTED_EDGE ( 'NONE', *, *, #1107, .T. ) ;
#4496 = AXIS2_PLACEMENT_3D ( 'NONE', #5128, #3885, #4298 ) ;
#4497 = DIRECTION ( 'NONE',  ( 0.000000000000000000, -3.469446951953614820E-14, -1.000000000000000000 ) ) ;
#4498 = CARTESIAN_POINT ( 'NONE',  ( 0.000000000000000000, 0.000000000000000000, -5.549999999999999822 ) ) ;
#4499 = AXIS2_PLACEMENT_3D ( 'NONE', #3409, #3021, #639 ) ;
#4500 = ORIENTED_EDGE ( 'NONE', *, *, #1409, .F. ) ;
#4501 = VERTEX_POINT ( 'NONE', #4764 ) ;
#4502 = COORDINATED_UNIVERSAL_TIME_OFFSET ( 7, 0, .BEHIND. ) ;
#4503 = AXIS2_PLACEMENT_3D ( 'NONE', #4438, #1263, #870 ) ;
#4504 = VECTOR ( 'NONE', #2645, 1000.000000000000000 ) ;
#4505 = CARTESIAN_POINT ( 'NONE',  ( 1.399999999999999689, 0.000000000000000000, -4.379999999999999893 ) ) ;
#4506 = CARTESIAN_POINT ( 'NONE',  ( 7.296724953260060431, 3.000000000000000000, 2.297891415291850148 ) ) ;
#4507 = FACE_OUTER_BOUND ( 'NONE', #212, .T. ) ;
#4508 = CARTESIAN_POINT ( 'NONE',  ( 1.399999999999999689, 6.649999999999999467, 4.549999999999999822 ) ) ;
#4509 = EDGE_LOOP ( 'NONE', ( #3686, #4365, #3004, #2672 ) ) ;
#4510 = LINE ( 'NONE', #4952, #2454 ) ;
#4511 = CARTESIAN_POINT ( 'NONE',  ( -2.571963978632910930, 3.176175380897987566, -7.204686064820229774 ) ) ;
#4512 = ORIENTED_EDGE ( 'NONE', *, *, #2845, .T. ) ;
#4513 = ORIENTED_EDGE ( 'NONE', *, *, #3604, .F. ) ;
#4514 = CARTESIAN_POINT ( 'NONE',  ( -2.192314546146025389, 7.763919350724530766, 4.555805433952621719 ) ) ;
#4515 = CARTESIAN_POINT ( 'NONE',  ( -2.435362535369392845, 8.000000000000000000, 7.252000366886310445 ) ) ;
#4516 = EDGE_CURVE ( 'NONE', #2186, #164, #4855, .T. ) ;
#4517 = CARTESIAN_POINT ( 'NONE',  ( 7.261110302808396533, 3.063075121266646939, 2.408386976261426060 ) ) ;
#4518 = ORIENTED_EDGE ( 'NONE', *, *, #1717, .F. ) ;
#4519 = ORIENTED_EDGE ( 'NONE', *, *, #2597, .T. ) ;
#4520 = EDGE_LOOP ( 'NONE', ( #2952, #1506 ) ) ;
#4521 = EDGE_CURVE ( 'NONE', #1463, #1041, #848, .T. ) ;
#4522 = AXIS2_PLACEMENT_3D ( 'NONE', #4842, #1693, #2461 ) ;
#4523 = APPLICATION_CONTEXT ( 'configuration controlled 3d designs of mechanical parts and assemblies' ) ;
#4524 = CARTESIAN_POINT ( 'NONE',  ( -3.396937244278616319, 1.653668633940834631, 6.854452907495114822 ) ) ;
#4525 = DIRECTION ( 'NONE',  ( 0.000000000000000000, 0.000000000000000000, 1.000000000000000000 ) ) ;
#4526 = VERTEX_POINT ( 'NONE', #4827 ) ;
#4527 = VERTEX_POINT ( 'NONE', #489 ) ;
#4528 = COORDINATED_UNIVERSAL_TIME_OFFSET ( 7, 0, .BEHIND. ) ;
#4529 = EDGE_CURVE ( 'NONE', #4027, #1083, #4023, .T. ) ;
#4530 = CARTESIAN_POINT ( 'NONE',  ( -1.400000000000000355, 9.281463325509362150, 8.070837674355974656 ) ) ;
#4531 = CARTESIAN_POINT ( 'NONE',  ( 1.399999999999999689, 11.52975414413175947, 5.485303232940220930 ) ) ;
#4532 = FACE_OUTER_BOUND ( 'NONE', #4570, .T. ) ;
#4533 = CARTESIAN_POINT ( 'NONE',  ( 4.433344562587839377, 5.951057409446828039, -2.312024219028175231 ) ) ;
#4534 = EDGE_LOOP ( 'NONE', ( #3699, #4977 ) ) ;
#4535 = PLANE ( 'NONE',  #3533 ) ;
#4536 = DIRECTION ( 'NONE',  ( -0.000000000000000000, 0.000000000000000000, 1.000000000000000000 ) ) ;
#4537 = ORIENTED_EDGE ( 'NONE', *, *, #1126, .F. ) ;
#4538 = AXIS2_PLACEMENT_3D ( 'NONE', #4361, #3973, #4434 ) ;
#4539 = APPROVAL ( #4073, 'UNSPECIFIED' ) ;
#4540 = LINE ( 'NONE', #4150, #235 ) ;
#4541 = CARTESIAN_POINT ( 'NONE',  ( 0.000000000000000000, 0.000000000000000000, 0.000000000000000000 ) ) ;
#4542 = CARTESIAN_POINT ( 'NONE',  ( 1.379999999999999671, 9.670245855868246920, -5.485303232940222706 ) ) ;
#4543 = ORIENTED_EDGE ( 'NONE', *, *, #4271, .T. ) ;
#4544 = ORIENTED_EDGE ( 'NONE', *, *, #3068, .T. ) ;
#4545 = VERTEX_POINT ( 'NONE', #2863 ) ;
#4546 = DATE_TIME_ROLE ( 'classification_date' ) ;
#4547 = CC_DESIGN_APPROVAL ( #4638, ( #3890 ) ) ;
#4548 = CARTESIAN_POINT ( 'NONE',  ( -1.380000000000000115, 11.43165542625050435, 5.400000000000000355 ) ) ;
#4549 = CARTESIAN_POINT ( 'NONE',  ( -1.380000000000000338, 9.281463325509363926, -8.070837674355974656 ) ) ;
#4550 = EDGE_LOOP ( 'NONE', ( #73, #4951, #5086, #2177 ) ) ;
#4551 = ORIENTED_EDGE ( 'NONE', *, *, #1860, .F. ) ;
#4552 = AXIS2_PLACEMENT_3D ( 'NONE', #3018, #1312, #4094 ) ;
#4553 = APPROVAL_ROLE ( '' ) ;
#4554 = EDGE_CURVE ( 'NONE', #3212, #2112, #2051, .T. ) ;
#4555 = DIRECTION ( 'NONE',  ( -1.000000000000000000, -0.000000000000000000, -0.000000000000000000 ) ) ;
#4556 = CARTESIAN_POINT ( 'NONE',  ( 2.885102807365163891, 3.000000000000000000, -7.085102807365160515 ) ) ;
#4557 = LINE ( 'NONE', #4219, #3235 ) ;
#4558 = DIRECTION ( 'NONE',  ( -1.000000000000000000, -0.000000000000000000, -0.000000000000000000 ) ) ;
#4559 = ORIENTED_EDGE ( 'NONE', *, *, #4143, .F. ) ;
#4560 = DIRECTION ( 'NONE',  ( 0.000000000000000000, 1.000000000000000000, 0.000000000000000000 ) ) ;
#4561 = CARTESIAN_POINT ( 'NONE',  ( 2.966664951328131128, 4.978965517241379146, 5.087985294887771737 ) ) ;
#4562 = CARTESIAN_POINT ( 'NONE',  ( -1.379999999999999671, 12.48000000000000220, 1.196959198423996649E-16 ) ) ;
#4563 = EDGE_CURVE ( 'NONE', #3176, #361, #3207, .T. ) ;
#4564 = VERTEX_POINT ( 'NONE', #2888 ) ;
#4565 = CARTESIAN_POINT ( 'NONE',  ( 1.399999999999999689, 6.500000000000000000, -4.469999999999999751 ) ) ;
#4566 = ADVANCED_FACE ( 'NONE', ( #3635 ), #441, .T. ) ;
#4567 = CARTESIAN_POINT ( 'NONE',  ( -1.380000000000000115, 9.768344573749500270, -5.549999999999999822 ) ) ;
#4568 = CARTESIAN_POINT ( 'NONE',  ( 0.000000000000000000, 11.43165542625050435, 5.400000000000000355 ) ) ;
#4569 = ORIENTED_EDGE ( 'NONE', *, *, #3575, .F. ) ;
#4570 = EDGE_LOOP ( 'NONE', ( #4864, #178, #1960, #1468 ) ) ;
#4571 = ORIENTED_EDGE ( 'NONE', *, *, #4882, .T. ) ;
#4572 = APPROVAL_ROLE ( '' ) ;
#4573 = VECTOR ( 'NONE', #4444, 1000.000000000000000 ) ;
#4574 = FACE_OUTER_BOUND ( 'NONE', #4307, .T. ) ;
#4575 = DIRECTION ( 'NONE',  ( 0.000000000000000000, 1.000000000000000000, 0.000000000000000000 ) ) ;
#4576 = ORIENTED_EDGE ( 'NONE', *, *, #2043, .T. ) ;
#4577 = ORIENTED_EDGE ( 'NONE', *, *, #1695, .T. ) ;
#4578 = COORDINATED_UNIVERSAL_TIME_OFFSET ( 7, 0, .BEHIND. ) ;
#4579 = AXIS2_PLACEMENT_3D ( 'NONE', #1937, #1520, #1154 ) ;
#4580 = CARTESIAN_POINT ( 'NONE',  ( -1.380000000000000115, 12.34999999999999964, 4.343903740188081564 ) ) ;
#4581 = FACE_OUTER_BOUND ( 'NONE', #247, .T. ) ;
#4582 = AXIS2_PLACEMENT_3D ( 'NONE', #1241, #4174, #4388 ) ;
#4583 = DIRECTION ( 'NONE',  ( 0.000000000000000000, 0.000000000000000000, 1.000000000000000000 ) ) ;
#4584 = EDGE_CURVE ( 'NONE', #3875, #3703, #3308, .T. ) ;
#4585 = ORIENTED_EDGE ( 'NONE', *, *, #830, .F. ) ;
#4586 = ADVANCED_FACE ( 'NONE', ( #4437 ), #2898, .T. ) ;
#4587 = VECTOR ( 'NONE', #4409, 1000.000000000000114 ) ;
#4588 = AXIS2_PLACEMENT_3D ( 'NONE', #3192, #1181, #2011 ) ;
#4589 = AXIS2_PLACEMENT_3D ( 'NONE', #4426, #3553, #2758 ) ;
#4590 = CARTESIAN_POINT ( 'NONE',  ( -4.500000000000000000, 1.500000000000000444, -2.179449471770337432 ) ) ;
#4591 = CARTESIAN_POINT ( 'NONE',  ( 1.379999999999999671, 12.37137186834969604, -1.898837853159277334 ) ) ;
#4592 = DIRECTION ( 'NONE',  ( -8.673617379884035472E-17, -1.880790961315659329E-33, -1.000000000000000000 ) ) ;
#4593 = VERTEX_POINT ( 'NONE', #3658 ) ;
#4594 = CARTESIAN_POINT ( 'NONE',  ( 2.179449471770337432, 7.499999999999998224, -4.500000000000000000 ) ) ;
#4595 = LINE ( 'NONE', #2236, #2094 ) ;
#4596 = DIRECTION ( 'NONE',  ( 0.000000000000000000, 0.000000000000000000, 1.000000000000000000 ) ) ;
#4597 = AXIS2_PLACEMENT_3D ( 'NONE', #4508, #4035, #1749 ) ;
#4598 = ORIENTED_EDGE ( 'NONE', *, *, #1860, .T. ) ;
#4599 = VERTEX_POINT ( 'NONE', #2000 ) ;
#4600 = PERSON_AND_ORGANIZATION_ROLE ( 'classification_officer' ) ;
#4601 = FACE_OUTER_BOUND ( 'NONE', #4659, .T. ) ;
#4602 = FACE_OUTER_BOUND ( 'NONE', #4347, .T. ) ;
#4603 = VECTOR ( 'NONE', #2622, 1000.000000000000000 ) ;
#4604 = EDGE_LOOP ( 'NONE', ( #975, #4390, #2915, #4576 ) ) ;
#4605 = ORIENTED_EDGE ( 'NONE', *, *, #1502, .F. ) ;
#4606 = PERSON_AND_ORGANIZATION_ROLE ( 'creator' ) ;
#4607 = VECTOR ( 'NONE', #4677, 1000.000000000000114 ) ;
#4608 = DIRECTION ( 'NONE',  ( 0.000000000000000000, 0.000000000000000000, -1.000000000000000000 ) ) ;
#4609 = CARTESIAN_POINT ( 'NONE',  ( -3.870068605369191950, 5.212479532407042093, 3.870068605369113790 ) ) ;
#4610 = CARTESIAN_POINT ( 'NONE',  ( 2.179449471770337432, 7.633692192606185145, 4.500000000000000000 ) ) ;
#4611 = ORIENTED_EDGE ( 'NONE', *, *, #5063, .F. ) ;
#4612 = CARTESIAN_POINT ( 'NONE',  ( 1.379999999999999671, 6.649999999999999467, 4.549999999999999822 ) ) ;
#4613 = DIRECTION ( 'NONE',  ( 0.000000000000000000, -0.1643989873053572637, -0.9863939238321437486 ) ) ;
#4614 = DIRECTION ( 'NONE',  ( 0.000000000000000000, 0.000000000000000000, -1.000000000000000000 ) ) ;
#4615 = VERTEX_POINT ( 'NONE', #892 ) ;
#4616 = EDGE_CURVE ( 'NONE', #5042, #3410, #2147, .T. ) ;
#4617 = DIRECTION ( 'NONE',  ( 0.7071067811865473507, -8.049116928532377276E-17, -0.7071067811865477948 ) ) ;
#4618 = DIRECTION ( 'NONE',  ( 0.000000000000000000, 0.000000000000000000, -1.000000000000000000 ) ) ;
#4619 = EDGE_CURVE ( 'NONE', #4880, #846, #973, .T. ) ;
#4620 = CARTESIAN_POINT ( 'NONE',  ( 1.379999999999999671, 12.50000000000000000, 2.027069063257455728 ) ) ;
#4621 = ORIENTED_EDGE ( 'NONE', *, *, #3179, .T. ) ;
#4622 = EDGE_LOOP ( 'NONE', ( #4571, #2752, #3306, #1114 ) ) ;
#4623 = VERTEX_POINT ( 'NONE', #2100 ) ;
#4624 = EDGE_CURVE ( 'NONE', #20, #334, #2838, .T. ) ;
#4625 = CIRCLE ( 'NONE', #57, 0.1499999999999999667 ) ;
#4626 = CARTESIAN_POINT ( 'NONE',  ( -2.969848480983500405, 1.499999999999999556, 7.049999999999999822 ) ) ;
#4627 = DIRECTION ( 'NONE',  ( -0.7071067811865453523, 2.775557561562891351E-17, -0.7071067811865499042 ) ) ;
#4628 = ORIENTED_EDGE ( 'NONE', *, *, #586, .T. ) ;
#4629 = EDGE_CURVE ( 'NONE', #1902, #5098, #2765, .T. ) ;
#4630 = ORIENTED_EDGE ( 'NONE', *, *, #2209, .F. ) ;
#4631 = COORDINATED_UNIVERSAL_TIME_OFFSET ( 7, 0, .BEHIND. ) ;
#4632 = CC_DESIGN_APPROVAL ( #2093, ( #2480 ) ) ;
#4633 = CARTESIAN_POINT ( 'NONE',  ( 4.046831517071719730, 3.090000000000000746, 4.046831517071717066 ) ) ;
#4634 = CARTESIAN_POINT ( 'NONE',  ( -4.985102807365159983, 3.200000000000000178, 4.985102807365162647 ) ) ;
#4635 = VECTOR ( 'NONE', #5044, 1000.000000000000000 ) ;
#4636 = DIRECTION ( 'NONE',  ( -0.000000000000000000, 0.6561787149247870765, 0.7546055221635045163 ) ) ;
#4637 = ORIENTED_EDGE ( 'NONE', *, *, #2034, .T. ) ;
#4638 = APPROVAL ( #4989, 'UNKNOWN' ) ;
#4639 = CIRCLE ( 'NONE', #654, 0.02000000000000005246 ) ;
#4640 = LINE ( 'NONE', #2709, #1384 ) ;
#4641 = DIRECTION ( 'NONE',  ( 0.7071067811865403563, 1.360023205165816614E-16, 0.7071067811865549002 ) ) ;
#4642 = LINE ( 'NONE', #4252, #2852 ) ;
#4643 = APPROVAL_PERSON_ORGANIZATION ( #3981, #4539, #4414 ) ;
#4644 = LINE ( 'NONE', #2288, #2950 ) ;
#4645 = DIRECTION ( 'NONE',  ( -1.000000000000000000, -2.168404344971008252E-17, -8.673617379884035472E-17 ) ) ;
#4646 = DIRECTION ( 'NONE',  ( 1.000000000000000000, 0.000000000000000000, 0.000000000000000000 ) ) ;
#4647 = EDGE_CURVE ( 'NONE', #3757, #3779, #3402, .T. ) ;
#4648 = FACE_OUTER_BOUND ( 'NONE', #1934, .T. ) ;
#4649 = ORIENTED_EDGE ( 'NONE', *, *, #675, .T. ) ;
#4650 = ORIENTED_EDGE ( 'NONE', *, *, #3113, .F. ) ;
#4651 = ORIENTED_EDGE ( 'NONE', *, *, #2193, .T. ) ;
#4652 = ADVANCED_FACE ( 'NONE', ( #4203 ), #2632, .F. ) ;
#4653 = ADVANCED_FACE ( 'NONE', ( #2180 ), #249, .T. ) ;
#4654 = EDGE_CURVE ( 'NONE', #4615, #2097, #1577, .T. ) ;
#4655 = CARTESIAN_POINT ( 'NONE',  ( 5.087985294887773513, 3.021034482758621298, 2.966664951328128907 ) ) ;
#4656 = LINE ( 'NONE', #3878, #4916 ) ;
#4657 = DIRECTION ( 'NONE',  ( 3.564834783817703950E-17, -0.9863939238321437486, -0.1643989873053572637 ) ) ;
#4658 = ORIENTED_EDGE ( 'NONE', *, *, #555, .T. ) ;
#4659 = EDGE_LOOP ( 'NONE', ( #472, #2499, #965, #3471 ) ) ;
#4660 = DATE_AND_TIME ( #2776, #1568 ) ;
#4661 = VECTOR ( 'NONE', #1798, 1000.000000000000000 ) ;
#4662 = ADVANCED_FACE ( 'NONE', ( #1733 ), #2576, .T. ) ;
#4663 = CARTESIAN_POINT ( 'NONE',  ( -1.400000000000000133, 11.43165542625050612, -5.530000000000000249 ) ) ;
#4664 = PLANE ( 'NONE',  #4851 ) ;
#4665 = AXIS2_PLACEMENT_3D ( 'NONE', #1234, #431, #2883 ) ;
#4666 = CARTESIAN_POINT ( 'NONE',  ( 1.393823247546297939, 6.500000000000000000, -0.8140959846906093977 ) ) ;
#4667 = VERTEX_POINT ( 'NONE', #3321 ) ;
#4668 = CIRCLE ( 'NONE', #4247, 0.02000000000000005246 ) ;
#4669 = PRODUCT_DEFINITION_SHAPE ( 'NONE', 'NONE',  #565 ) ;
#4670 = DIRECTION ( 'NONE',  ( 0.000000000000000000, 0.000000000000000000, 1.000000000000000000 ) ) ;
#4671 = PLANE ( 'NONE',  #5 ) ;
#4672 = AXIS2_PLACEMENT_3D ( 'NONE', #4562, #2992, #4809 ) ;
#4673 = FACE_OUTER_BOUND ( 'NONE', #3904, .T. ) ;
#4674 = CARTESIAN_POINT ( 'NONE',  ( 1.379999999999999671, 12.50000000000000000, -2.027069063257456172 ) ) ;
#4675 = AXIS2_PLACEMENT_3D ( 'NONE', #3845, #4646, #1079 ) ;
#4676 = AXIS2_PLACEMENT_3D ( 'NONE', #1184, #3147, #2783 ) ;
#4677 = DIRECTION ( 'NONE',  ( -0.7071067811865403563, 1.406920557068085481E-16, -0.7071067811865547892 ) ) ;
#4678 = VECTOR ( 'NONE', #5038, 1000.000000000000000 ) ;
#4679 = VECTOR ( 'NONE', #4425, 1000.000000000000114 ) ;
#4680 = CARTESIAN_POINT ( 'NONE',  ( -2.489362245493005776, 3.101558808504982334, 7.233668728588426688 ) ) ;
#4681 = CARTESIAN_POINT ( 'NONE',  ( -1.380000000000000115, 8.631655426250503638, -4.549999999999998934 ) ) ;
#4682 = ORIENTED_EDGE ( 'NONE', *, *, #363, .F. ) ;
#4683 = ORIENTED_EDGE ( 'NONE', *, *, #3011, .T. ) ;
#4684 = ORIENTED_EDGE ( 'NONE', *, *, #4249, .F. ) ;
#4685 = CARTESIAN_POINT ( 'NONE',  ( -1.399999999999999245, 2.790441948979337283, -2.426471259982029949 ) ) ;
#4686 = CARTESIAN_POINT ( 'NONE',  ( -1.379999999999999893, 9.768344573749498494, 5.549999999999999822 ) ) ;
#4687 = CARTESIAN_POINT ( 'NONE',  ( 1.379999999999999671, 12.34999999999999964, 4.343903740188081564 ) ) ;
#4688 = ADVANCED_FACE ( 'NONE', ( #3768 ), #143, .T. ) ;
#4689 = ORIENTED_EDGE ( 'NONE', *, *, #2878, .T. ) ;
#4690 = ORIENTED_EDGE ( 'NONE', *, *, #3774, .F. ) ;
#4691 = APPROVAL_DATE_TIME ( #1962, #3497 ) ;
#4692 = TOROIDAL_SURFACE ( 'NONE', #1359, 0.1299999999999999767, 0.02000000000000000042 ) ;
#4693 = CLOSED_SHELL ( 'NONE', ( #1865, #3895, #718, #3825, #3724, #3957, #1904, #4302, #3224, #1811, #1475, #3167, #3812, #2824, #3735, #4652, #1964, #4968, #887, #1633, #4367, #2463, #4042, #4662, #1336, #513, #4176, #744, #4340, #393, #2208, #2849, #2351, #402, #5074, #955, #3419, #2666, #2493, #4698, #3524, #1895, #2019, #1574, #4586, #4103, #419, #131, #499, #2277, #196, #3961, #3693, #13, #106, #4147, #4107, #3889, #5032, #1093, #3634, #1317, #5033, #2279, #4276, #1876, #1931, #2973, #1272, #1753, #869, #210, #300, #2345, #1601, #3662, #4081, #424, #806, #1161, #1310, #1889, #580, #1307, #984, #264, #3614, #1581, #163, #2287, #1102, #9 ) ) ;
#4694 = CARTESIAN_POINT ( 'NONE',  ( -4.555813038156334649, 7.763936109177590694, 2.192316302326503763 ) ) ;
#4695 = VECTOR ( 'NONE', #2646, 1000.000000000000000 ) ;
#4696 = DIRECTION ( 'NONE',  ( 0.000000000000000000, 1.000000000000000000, 0.000000000000000000 ) ) ;
#4697 = CARTESIAN_POINT ( 'NONE',  ( 1.385521695682327969, 6.500000000000000000, -0.7880629224027728696 ) ) ;
#4698 = ADVANCED_FACE ( 'NONE', ( #1340 ), #1396, .T. ) ;
#4699 = AXIS2_PLACEMENT_3D ( 'NONE', #4705, #3534, #5112 ) ;
#4700 = CARTESIAN_POINT ( 'NONE',  ( 0.000000000000000000, 8.000000000000000000, 0.000000000000000000 ) ) ;
#4701 = LINE ( 'NONE', #3064, #3091 ) ;
#4702 = APPLICATION_CONTEXT ( 'configuration controlled 3d designs of mechanical parts and assemblies' ) ;
#4703 = DIRECTION ( 'NONE',  ( -0.7071067811865474617, 0.000000000000000000, -0.7071067811865474617 ) ) ;
#4704 = ORIENTED_EDGE ( 'NONE', *, *, #550, .F. ) ;
#4705 = CARTESIAN_POINT ( 'NONE',  ( 0.000000000000000000, 12.34999999999999964, 4.343903740188081564 ) ) ;
#4706 = LINE ( 'NONE', #3872, #603 ) ;
#4707 = DIRECTION ( 'NONE',  ( 1.000000000000000000, 2.168404344971008252E-17, 8.673617379884035472E-17 ) ) ;
#4708 = VERTEX_POINT ( 'NONE', #559 ) ;
#4709 = ORIENTED_EDGE ( 'NONE', *, *, #2120, .T. ) ;
#4710 = ORIENTED_EDGE ( 'NONE', *, *, #2339, .F. ) ;
#4711 = CC_DESIGN_PERSON_AND_ORGANIZATION_ASSIGNMENT ( #2006, #3594, ( #2315 ) ) ;
#4712 = CARTESIAN_POINT ( 'NONE',  ( 1.379999999999999671, 11.43165542625050612, -5.400000000000000355 ) ) ;
#4713 = CARTESIAN_POINT ( 'NONE',  ( 1.399999999999999689, 9.670245855868246920, -5.485303232940223594 ) ) ;
#4714 = DIRECTION ( 'NONE',  ( 1.000000000000000000, 0.000000000000000000, 0.000000000000000000 ) ) ;
#4715 = ORIENTED_EDGE ( 'NONE', *, *, #3582, .F. ) ;
#4716 = EDGE_LOOP ( 'NONE', ( #2318, #1678 ) ) ;
#4717 = DATE_AND_TIME ( #3138, #733 ) ;
#4718 = VECTOR ( 'NONE', #381, 1000.000000000000000 ) ;
#4719 = PLANE ( 'NONE',  #3178 ) ;
#4720 = EDGE_CURVE ( 'NONE', #1083, #1542, #1071, .T. ) ;
#4721 = EDGE_CURVE ( 'NONE', #4154, #1406, #1423, .T. ) ;
#4722 = LOCAL_TIME ( 14, 20, 58.00000000000000000, #2033 ) ;
#4723 = DIRECTION ( 'NONE',  ( 1.000000000000000000, 0.000000000000000000, 0.000000000000000000 ) ) ;
#4724 = FACE_OUTER_BOUND ( 'NONE', #4294, .T. ) ;
#4725 = EDGE_CURVE ( 'NONE', #2937, #950, #3355, .T. ) ;
#4726 = CARTESIAN_POINT ( 'NONE',  ( 0.000000000000000000, 3.000000000000000000, 0.000000000000000000 ) ) ;
#4727 = AXIS2_PLACEMENT_3D ( 'NONE', #454, #3627, #3650 ) ;
#4728 = LINE ( 'NONE', #770, #4021 ) ;
#4729 = EDGE_CURVE ( 'NONE', #3387, #2624, #3073, .T. ) ;
#4730 = FACE_OUTER_BOUND ( 'NONE', #72, .T. ) ;
#4731 = VECTOR ( 'NONE', #1100, 1000.000000000000000 ) ;
#4732 = CARTESIAN_POINT ( 'NONE',  ( 1.379999999999999671, 0.000000000000000000, 5.530000000000000249 ) ) ;
#4733 = DESIGN_CONTEXT ( 'detailed design', #4702, 'design' ) ;
#4734 = ORIENTED_EDGE ( 'NONE', *, *, #3389, .T. ) ;
#4735 = ORIENTED_EDGE ( 'NONE', *, *, #2845, .F. ) ;
#4736 = ORIENTED_EDGE ( 'NONE', *, *, #5063, .T. ) ;
#4737 = EDGE_CURVE ( 'NONE', #3951, #1803, #4540, .T. ) ;
#4738 = LINE ( 'NONE', #4685, #483 ) ;
#4739 = CYLINDRICAL_SURFACE ( 'NONE', #3926, 0.02000000000000005246 ) ;
#4740 = DIRECTION ( 'NONE',  ( -0.6936187941687647074, 0.000000000000000000, 0.7203422578024065714 ) ) ;
#4741 = EDGE_LOOP ( 'NONE', ( #2240, #774, #3561, #1008 ) ) ;
#4742 = ORIENTED_EDGE ( 'NONE', *, *, #1859, .T. ) ;
#4743 = PERSON_AND_ORGANIZATION ( #2197, #152 ) ;
#4744 = ADVANCED_BREP_SHAPE_REPRESENTATION ( '', ( #2858, #2326 ), #3072 ) ;
#4745 = CARTESIAN_POINT ( 'NONE',  ( -7.296724953260062208, 3.000000000000000000, -2.297891415291845707 ) ) ;
#4746 = CARTESIAN_POINT ( 'NONE',  ( 1.399999999999999689, 6.500000000000000000, -0.8398232385305504089 ) ) ;
#4747 = AXIS2_PLACEMENT_3D ( 'NONE', #3146, #4613, #1862 ) ;
#4748 = DIRECTION ( 'NONE',  ( 1.000000000000000000, 0.000000000000000000, 0.000000000000000000 ) ) ;
#4749 = LINE ( 'NONE', #4158, #2681 ) ;
#4750 = CIRCLE ( 'NONE', #256, 0.1700000000000000122 ) ;
#4751 = CARTESIAN_POINT ( 'NONE',  ( 2.885102807365163891, 3.000000000000000000, -7.085102807365160515 ) ) ;
#4752 = ADVANCED_FACE ( 'NONE', ( #4957 ), #2605, .F. ) ;
#4753 = EDGE_CURVE ( 'NONE', #4667, #4321, #1155, .T. ) ;
#4754 = DIRECTION ( 'NONE',  ( 0.000000000000000000, 0.000000000000000000, 1.000000000000000000 ) ) ;
#4755 = CARTESIAN_POINT ( 'NONE',  ( -4.500000000000000000, 7.499999999999998224, -2.179449471770337432 ) ) ;
#4756 = DIRECTION ( 'NONE',  ( 1.000000000000000000, 0.000000000000000000, 0.000000000000000000 ) ) ;
#4757 = TOROIDAL_SURFACE ( 'NONE', #2777, 5.500000000000000000, 0.5000000000000000000 ) ;
#4758 = CARTESIAN_POINT ( 'NONE',  ( 1.379999999999999671, 8.759938365018300033, -4.438449618462786184 ) ) ;
#4759 = EDGE_LOOP ( 'NONE', ( #3250, #2744, #1924, #2553 ) ) ;
#4760 = ORIENTED_EDGE ( 'NONE', *, *, #1491, .T. ) ;
#4761 = EDGE_LOOP ( 'NONE', ( #1901, #4231, #3229, #902 ) ) ;
#4762 = VECTOR ( 'NONE', #1484, 1000.000000000000000 ) ;
#4763 = VECTOR ( 'NONE', #3372, 1000.000000000000114 ) ;
#4764 = CARTESIAN_POINT ( 'NONE',  ( 4.500000000000000000, 7.499999999999998224, -2.179449471770337432 ) ) ;
#4765 = CARTESIAN_POINT ( 'NONE',  ( -1.400000000000000133, 9.768344573749498494, 5.400000000000000355 ) ) ;
#4766 = CARTESIAN_POINT ( 'NONE',  ( -1.379999999999999671, 6.622052172158088723, -0.9406179037940090026 ) ) ;
#4767 = ORIENTED_EDGE ( 'NONE', *, *, #1958, .F. ) ;
#4768 = EDGE_LOOP ( 'NONE', ( #3257, #3710, #1558, #3613 ) ) ;
#4769 = PERSON_AND_ORGANIZATION_ROLE ( 'design_supplier' ) ;
#4770 = CARTESIAN_POINT ( 'NONE',  ( 1.390180519077591104, 6.500000000000000000, 4.521998694580438460 ) ) ;
#4771 = DIRECTION ( 'NONE',  ( 1.000000000000000000, 0.000000000000000000, -0.000000000000000000 ) ) ;
#4772 = AXIS2_PLACEMENT_3D ( 'NONE', #1456, #3047, #3846 ) ;
#4773 = CARTESIAN_POINT ( 'NONE',  ( -2.179449471770337432, 7.499999999999998224, -4.500000000000000000 ) ) ;
#4774 = CARTESIAN_POINT ( 'NONE',  ( -5.107491688851570011, 3.089999999999999858, 2.986171345291844581 ) ) ;
#4775 = CARTESIAN_POINT ( 'NONE',  ( 4.046831517071719730, 0.000000000000000000, 4.046831517071717066 ) ) ;
#4776 = CIRCLE ( 'NONE', #4933, 0.1700000000000000122 ) ;
#4777 = DIRECTION ( 'NONE',  ( -3.564834783817703950E-17, 0.9863939238321437486, -0.1643989873053572637 ) ) ;
#4778 = CARTESIAN_POINT ( 'NONE',  ( -1.380000000000000115, 8.631655426250503638, 4.400000000000000355 ) ) ;
#4779 = LINE ( 'NONE', #2073, #1294 ) ;
#4780 = ORIENTED_EDGE ( 'NONE', *, *, #3932, .T. ) ;
#4781 = ORIENTED_EDGE ( 'NONE', *, *, #3366, .T. ) ;
#4782 = EDGE_CURVE ( 'NONE', #4545, #1372, #2989, .T. ) ;
#4783 = DIRECTION ( 'NONE',  ( 8.673617379884035472E-17, 0.000000000000000000, 1.000000000000000000 ) ) ;
#4784 = CARTESIAN_POINT ( 'NONE',  ( 3.396937244278622980, 1.653668633940834187, -6.854452907495114822 ) ) ;
#4785 = CARTESIAN_POINT ( 'NONE',  ( 3.405877273185280441, 1.676207172489686315, 6.849999999999999645 ) ) ;
#4786 = ADVANCED_FACE ( 'NONE', ( #4397 ), #2540, .F. ) ;
#4787 = ORIENTED_EDGE ( 'NONE', *, *, #4014, .T. ) ;
#4788 = VERTEX_POINT ( 'NONE', #2854 ) ;
#4789 = CARTESIAN_POINT ( 'NONE',  ( -1.399999999999999689, 6.649999999999999467, -0.7729309367425445387 ) ) ;
#4790 = EDGE_CURVE ( 'NONE', #4459, #1479, #1819, .T. ) ;
#4791 = VECTOR ( 'NONE', #3152, 1000.000000000000000 ) ;
#4792 = ADVANCED_FACE ( 'NONE', ( #477 ), #4059, .T. ) ;
#4793 = CARTESIAN_POINT ( 'NONE',  ( 0.000000000000000000, 1.499999999999999556, 0.000000000000000000 ) ) ;
#4794 = B_SPLINE_CURVE_WITH_KNOTS ( 'NONE', 3,
 ( #1146, #1170, #3079, #2695, #4265, #4291, #726, #5071, #2321, #312 ),
 .UNSPECIFIED., .F., .F.,
 ( 4, 2, 2, 2, 4 ),
 ( 0.000000000000000000, 7.024607880191234717E-05, 0.0001404921576038246943, 0.0002809843152076487924, 0.0005619686304152991026 ),
 .UNSPECIFIED. ) ;
#4795 = FACE_BOUND ( 'NONE', #48, .T. ) ;
#4796 = APPROVAL ( #708, 'UNSPECIFIED' ) ;
#4797 = CARTESIAN_POINT ( 'NONE',  ( 2.435362535369389292, 3.000000000000000000, -7.252000366886311333 ) ) ;
#4798 = CARTESIAN_POINT ( 'NONE',  ( -1.393823247546298383, 6.500000000000000000, -4.508834952051935296 ) ) ;
#4799 = LOCAL_TIME ( 14, 20, 58.00000000000000000, #2893 ) ;
#4800 = CARTESIAN_POINT ( 'NONE',  ( -4.871246803257019309, 8.000000000000001776, -2.263182533822205134 ) ) ;
#4801 = CARTESIAN_POINT ( 'NONE',  ( 1.379999999999999671, 11.52975414413176125, -5.485303232940222706 ) ) ;
#4802 = DIRECTION ( 'NONE',  ( -1.000000000000000000, -0.000000000000000000, -0.000000000000000000 ) ) ;
#4803 = EDGE_LOOP ( 'NONE', ( #1031, #4181, #2891, #4519 ) ) ;
#4804 = AXIS2_PLACEMENT_3D ( 'NONE', #1467, #4636, #1072 ) ;
#4805 = B_SPLINE_CURVE_WITH_KNOTS ( 'NONE', 3,
 ( #1210, #1578, #2040, #1249, #2386, #2853, #859, #3918, #814, #4751 ),
 .UNSPECIFIED., .F., .F.,
 ( 4, 2, 2, 2, 4 ),
 ( 0.000000000000000000, 7.024607880191473242E-05, 0.0001404921576038294648, 0.0002809843152076581707, 0.0005619686304153155825 ),
 .UNSPECIFIED. ) ;
#4806 = DIRECTION ( 'NONE',  ( 0.000000000000000000, 0.9863939238321478564, -0.1643989873053327000 ) ) ;
#4807 = LINE ( 'NONE', #2001, #768 ) ;
#4808 = EDGE_CURVE ( 'NONE', #2587, #4987, #891, .T. ) ;
#4809 = DIRECTION ( 'NONE',  ( 1.000000000000000000, 0.000000000000000000, -8.673617379884020681E-17 ) ) ;
#4810 = EDGE_CURVE ( 'NONE', #4045, #3380, #2462, .T. ) ;
#4811 = ORIENTED_EDGE ( 'NONE', *, *, #332, .T. ) ;
#4812 = ORIENTED_EDGE ( 'NONE', *, *, #550, .T. ) ;
#4813 = APPROVAL_ROLE ( '' ) ;
#4814 = ADVANCED_FACE ( 'NONE', ( #4507 ), #2901, .F. ) ;
#4815 = EDGE_CURVE ( 'NONE', #3410, #3101, #81, .T. ) ;
#4816 = CARTESIAN_POINT ( 'NONE',  ( 2.932862173304877196, 3.000000000000000000, 7.066080920955845279 ) ) ;
#4817 = EDGE_CURVE ( 'NONE', #2119, #3909, #238, .T. ) ;
#4818 = CARTESIAN_POINT ( 'NONE',  ( -5.107491688851539813, 3.090000000000000746, -2.986171345291896095 ) ) ;
#4819 = CARTESIAN_POINT ( 'NONE',  ( -1.400000000000000133, 12.48000000000000043, -4.343903740188082452 ) ) ;
#4820 = DIRECTION ( 'NONE',  ( -0.7203422578024066825, 0.000000000000000000, -0.6936187941687647074 ) ) ;
#4821 = CYLINDRICAL_SURFACE ( 'NONE', #3382, 0.01999999999999992062 ) ;
#4822 = AXIS2_PLACEMENT_3D ( 'NONE', #2285, #2309, #3499 ) ;
#4823 = DIRECTION ( 'NONE',  ( 0.000000000000000000, 0.000000000000000000, -1.000000000000000000 ) ) ;
#4824 = DIRECTION ( 'NONE',  ( 0.000000000000000000, 1.000000000000000000, 0.000000000000000000 ) ) ;
#4825 = CARTESIAN_POINT ( 'NONE',  ( 0.000000000000000000, 12.50000000000000000, -2.027069063257456172 ) ) ;
#4826 = ORIENTED_EDGE ( 'NONE', *, *, #3955, .T. ) ;
#4827 = CARTESIAN_POINT ( 'NONE',  ( -4.500000000000000000, 1.500000000000000444, 2.179449471770337432 ) ) ;
#4828 = FACE_OUTER_BOUND ( 'NONE', #620, .T. ) ;
#4829 = CYLINDRICAL_SURFACE ( 'NONE', #1518, 0.01999999999999999001 ) ;
#4830 = VECTOR ( 'NONE', #4657, 1000.000000000000114 ) ;
#4831 = ORIENTED_EDGE ( 'NONE', *, *, #2407, .F. ) ;
#4832 = EDGE_LOOP ( 'NONE', ( #2194, #4092, #1853, #4465 ) ) ;
#4833 = PERSON_AND_ORGANIZATION_ROLE ( 'classification_officer' ) ;
#4834 = CIRCLE ( 'NONE', #3019, 0.1000000000000001443 ) ;
#4835 = VECTOR ( 'NONE', #1471, 1000.000000000000000 ) ;
#4836 = CARTESIAN_POINT ( 'NONE',  ( 0.000000000000000000, 8.000000000000000000, 0.000000000000000000 ) ) ;
#4837 = FACE_OUTER_BOUND ( 'NONE', #2635, .T. ) ;
#4838 = VECTOR ( 'NONE', #2490, 1000.000000000000000 ) ;
#4839 = EDGE_LOOP ( 'NONE', ( #3283, #4133, #4177, #1082 ) ) ;
#4840 = EDGE_CURVE ( 'NONE', #3779, #3538, #2437, .T. ) ;
#4841 = CARTESIAN_POINT ( 'NONE',  ( 0.000000000000000000, 1.699999999999999734, -7.049999999999998046 ) ) ;
#4842 = CARTESIAN_POINT ( 'NONE',  ( 1.399999999999999689, 8.631655426250503638, 4.549999999999999822 ) ) ;
#4843 = CIRCLE ( 'NONE', #2620, 0.1700000000000000122 ) ;
#4844 = CARTESIAN_POINT ( 'NONE',  ( -7.085102807365159627, 3.000000000000000000, 2.885102807365165223 ) ) ;
#4845 = EDGE_CURVE ( 'NONE', #1952, #2775, #1760, .T. ) ;
#4846 = DIRECTION ( 'NONE',  ( 0.7071067811865474617, 0.000000000000000000, -0.7071067811865474617 ) ) ;
#4847 = APPROVAL_PERSON_ORGANIZATION ( #1430, #3624, #1033 ) ;
#4848 = CARTESIAN_POINT ( 'NONE',  ( 0.000000000000000000, 7.500000000000000000, -4.500000000000000000 ) ) ;
#4849 = CARTESIAN_POINT ( 'NONE',  ( -1.379999999999999893, 12.34999999999999964, 2.027069063257455728 ) ) ;
#4850 = DIRECTION ( 'NONE',  ( 8.673617379884035472E-17, 1.880790961315659329E-33, -1.000000000000000000 ) ) ;
#4851 = AXIS2_PLACEMENT_3D ( 'NONE', #4997, #3008, #2706 ) ;
#4852 = VERTEX_POINT ( 'NONE', #4477 ) ;
#4853 = ORIENTED_EDGE ( 'NONE', *, *, #3201, .F. ) ;
#4854 = AXIS2_PLACEMENT_3D ( 'NONE', #2906, #4480, #910 ) ;
#4855 = LINE ( 'NONE', #3976, #5135 ) ;
#4856 = FACE_BOUND ( 'NONE', #2267, .T. ) ;
#4857 = LINE ( 'NONE', #4954, #3258 ) ;
#4858 = VERTEX_POINT ( 'NONE', #3676 ) ;
#4859 = ORIENTED_EDGE ( 'NONE', *, *, #4239, .T. ) ;
#4860 = APPROVAL ( #2139, 'UNSPECIFIED' ) ;
#4861 = APPROVAL_ROLE ( '' ) ;
#4862 = CARTESIAN_POINT ( 'NONE',  ( -2.571963978632912706, 3.200000000000000178, -7.204686064820227998 ) ) ;
#4863 = CARTESIAN_POINT ( 'NONE',  ( -3.956290731841368036, 5.626078208432424788, 3.226782805549640365 ) ) ;
#4864 = ORIENTED_EDGE ( 'NONE', *, *, #3115, .T. ) ;
#4865 = DIRECTION ( 'NONE',  ( 0.000000000000000000, 0.000000000000000000, 1.000000000000000000 ) ) ;
#4866 = AXIS2_PLACEMENT_3D ( 'NONE', #3698, #4060, #4846 ) ;
#4867 = CARTESIAN_POINT ( 'NONE',  ( 1.380560112054757926, 6.500000000000000000, 0.7744648667341184067 ) ) ;
#4868 = CARTESIAN_POINT ( 'NONE',  ( 1.399999999999999689, 0.000000000000000000, 5.530000000000000249 ) ) ;
#4869 = EDGE_CURVE ( 'NONE', #4288, #915, #1694, .T. ) ;
#4870 = CARTESIAN_POINT ( 'NONE',  ( -4.433344562587855364, 1.500000000000000444, 2.312024219028143257 ) ) ;
#4871 = EDGE_CURVE ( 'NONE', #4942, #846, #2927, .T. ) ;
#4872 = CARTESIAN_POINT ( 'NONE',  ( -1.379999999999999227, 2.790441948979335951, 2.426471259982029505 ) ) ;
#4873 = ORIENTED_EDGE ( 'NONE', *, *, #1338, .T. ) ;
#4874 = EDGE_CURVE ( 'NONE', #2324, #172, #3899, .T. ) ;
#4875 = CIRCLE ( 'NONE', #1556, 0.1499999999999999667 ) ;
#4876 = FACE_OUTER_BOUND ( 'NONE', #2842, .T. ) ;
#4877 = CARTESIAN_POINT ( 'NONE',  ( -2.932862173304878972, 3.000000000000000444, -7.066080920955845279 ) ) ;
#4878 = CARTESIAN_POINT ( 'NONE',  ( -4.433344562587856252, 2.048942590553170628, 2.312024219028144145 ) ) ;
#4879 = EDGE_LOOP ( 'NONE', ( #1242, #1032, #179, #4853 ) ) ;
#4880 = VERTEX_POINT ( 'NONE', #1327 ) ;
#4881 = APPROVAL_PERSON_ORGANIZATION ( #629, #4406, #155 ) ;
#4882 = EDGE_CURVE ( 'NONE', #1169, #2726, #4639, .T. ) ;
#4883 = DIRECTION ( 'NONE',  ( 0.000000000000000000, -1.000000000000000000, 0.000000000000000000 ) ) ;
#4884 = DIRECTION ( 'NONE',  ( 1.000000000000000000, 0.000000000000000000, 0.000000000000000000 ) ) ;
#4885 = LOCAL_TIME ( 14, 20, 58.00000000000000000, #4270 ) ;
#4886 = ORIENTED_EDGE ( 'NONE', *, *, #3800, .F. ) ;
#4887 = EDGE_LOOP ( 'NONE', ( #608, #3882, #878, #147 ) ) ;
#4888 = APPLICATION_CONTEXT ( 'configuration controlled 3d designs of mechanical parts and assemblies' ) ;
#4889 = FACE_OUTER_BOUND ( 'NONE', #4803, .T. ) ;
#4890 = LINE ( 'NONE', #3690, #676 ) ;
#4891 = B_SPLINE_CURVE_WITH_KNOTS ( 'NONE', 3,
 ( #2755, #785, #4694, #320, #3597, #4351 ),
 .UNSPECIFIED., .F., .F.,
 ( 4, 2, 4 ),
 ( 0.000000000000000000, 0.0003953464452561770677, 0.0007906928905123541355 ),
 .UNSPECIFIED. ) ;
#4892 =( GEOMETRIC_REPRESENTATION_CONTEXT ( 3 ) GLOBAL_UNCERTAINTY_ASSIGNED_CONTEXT ( ( #2547 ) ) GLOBAL_UNIT_ASSIGNED_CONTEXT ( ( #1547, #3573, #684 ) ) REPRESENTATION_CONTEXT ( 'NONE', 'WORKASPACE' ) );
#4893 = ORIENTED_EDGE ( 'NONE', *, *, #432, .T. ) ;
#4894 = ORIENTED_EDGE ( 'NONE', *, *, #5028, .T. ) ;
#4895 = DIRECTION ( 'NONE',  ( 3.491481338843133355E-15, -1.000000000000000000, -6.982962677686266711E-15 ) ) ;
#4896 = DIRECTION ( 'NONE',  ( 0.7071067811865473507, 8.049116928532377276E-17, -0.7071067811865477948 ) ) ;
#4897 = DIRECTION ( 'NONE',  ( 0.000000000000000000, -0.1643989873053704753, -0.9863939238321415282 ) ) ;
#4898 = CYLINDRICAL_SURFACE ( 'NONE', #2220, 0.01999999999999992062 ) ;
#4899 = VERTEX_POINT ( 'NONE', #4949 ) ;
#4900 = EDGE_CURVE ( 'NONE', #497, #3757, #4140, .T. ) ;
#4901 = LINE ( 'NONE', #1331, #2870 ) ;
#4902 = DIRECTION ( 'NONE',  ( 0.000000000000000000, 1.000000000000000000, -0.000000000000000000 ) ) ;
#4903 = ADVANCED_FACE ( 'NONE', ( #1360 ), #1045, .T. ) ;
#4904 = ORIENTED_EDGE ( 'NONE', *, *, #102, .T. ) ;
#4905 = ORIENTED_EDGE ( 'NONE', *, *, #3706, .T. ) ;
#4906 = AXIS2_PLACEMENT_3D ( 'NONE', #2218, #4965, #1405 ) ;
#4907 = DIRECTION ( 'NONE',  ( 0.7071067811865477948, 0.000000000000000000, 0.7071067811865473507 ) ) ;
#4908 = CARTESIAN_POINT ( 'NONE',  ( -1.400000000000000133, 6.500000000000000000, 4.469999999999999751 ) ) ;
#4909 = CIRCLE ( 'NONE', #3423, 5.000000000000000000 ) ;
#4910 = PLANE ( 'NONE',  #4931 ) ;
#4911 = ORIENTED_EDGE ( 'NONE', *, *, #3119, .T. ) ;
#4912 = VERTEX_POINT ( 'NONE', #2647 ) ;
#4913 = EDGE_LOOP ( 'NONE', ( #2751, #4285, #3485, #722, #752, #3718, #2936, #3935 ) ) ;
#4914 = DIRECTION ( 'NONE',  ( 0.000000000000000000, 0.000000000000000000, -1.000000000000000000 ) ) ;
#4915 = PLANE ( 'NONE',  #429 ) ;
#4916 = VECTOR ( 'NONE', #386, 1000.000000000000000 ) ;
#4917 = ORIENTED_EDGE ( 'NONE', *, *, #837, .F. ) ;
#4918 = EDGE_LOOP ( 'NONE', ( #4585, #989, #1873, #4651 ) ) ;
#4919 = MECHANICAL_CONTEXT ( 'NONE', #1233, 'mechanical' ) ;
#4920 = AXIS2_PLACEMENT_3D ( 'NONE', #3931, #4293, #1200 ) ;
#4921 = AXIS2_PLACEMENT_3D ( 'NONE', #3609, #482, #3654 ) ;
#4922 = AXIS2_PLACEMENT_3D ( 'NONE', #2409, #6, #4007 ) ;
#4923 = DIRECTION ( 'NONE',  ( -1.000000000000000000, 0.000000000000000000, 0.000000000000000000 ) ) ;
#4924 = CARTESIAN_POINT ( 'NONE',  ( 0.000000000000000000, 8.000000000000000000, 0.000000000000000000 ) ) ;
#4925 = CARTESIAN_POINT ( 'NONE',  ( 1.379999999999999671, 0.02644174998362252768, 0.1586504999017351591 ) ) ;
#4926 = CYLINDRICAL_SURFACE ( 'NONE', #1288, 0.01999999999999999001 ) ;
#4927 = ORIENTED_EDGE ( 'NONE', *, *, #1502, .T. ) ;
#4928 = CARTESIAN_POINT ( 'NONE',  ( -7.252000366886311333, 3.000000000000000000, 2.435362535369389292 ) ) ;
#4929 = CARTESIAN_POINT ( 'NONE',  ( -1.380000000000000115, 12.48000000000000220, 4.343903740188081564 ) ) ;
#4930 = ORIENTED_EDGE ( 'NONE', *, *, #837, .T. ) ;
#4931 = AXIS2_PLACEMENT_3D ( 'NONE', #1344, #203, #2941 ) ;
#4932 = CARTESIAN_POINT ( 'NONE',  ( -2.179449471770337432, 1.500000000000000444, -4.500000000000000000 ) ) ;
#4933 = AXIS2_PLACEMENT_3D ( 'NONE', #1939, #3526, #2148 ) ;
#4934 = CARTESIAN_POINT ( 'NONE',  ( -1.400000000000000133, 12.44809871788125477, -4.429206973128303915 ) ) ;
#4935 = CARTESIAN_POINT ( 'NONE',  ( 7.293768092963841099, 3.153845617810560942, 2.307304989425264186 ) ) ;
#4936 = ORIENTED_EDGE ( 'NONE', *, *, #4424, .F. ) ;
#4937 = VERTEX_POINT ( 'NONE', #1386 ) ;
#4938 = ORIENTED_EDGE ( 'NONE', *, *, #3864, .F. ) ;
#4939 = EDGE_CURVE ( 'NONE', #1952, #5048, #68, .T. ) ;
#4940 = EDGE_CURVE ( 'NONE', #3490, #1677, #2145, .T. ) ;
#4941 = CARTESIAN_POINT ( 'NONE',  ( -1.380000000000000115, 8.631655426250503638, 4.549999999999999822 ) ) ;
#4942 = VERTEX_POINT ( 'NONE', #2251 ) ;
#4943 = ORIENTED_EDGE ( 'NONE', *, *, #1724, .F. ) ;
#4944 = PERSON_AND_ORGANIZATION ( #2197, #152 ) ;
#4945 = EDGE_CURVE ( 'NONE', #3848, #2187, #2677, .T. ) ;
#4946 = DIRECTION ( 'NONE',  ( -7.968020348514244863E-17, 0.6561787149247862994, -0.7546055221635049604 ) ) ;
#4947 =( BOUNDED_CURVE ( )  B_SPLINE_CURVE ( 3, ( #3452, #1497, #1837, #5109 ),
 .UNSPECIFIED., .F., .F. ) 
 B_SPLINE_CURVE_WITH_KNOTS ( ( 4, 4 ),
 ( 2.836899999574395981, 3.446285307605190251 ),
 .UNSPECIFIED. ) 
 CURVE ( )  GEOMETRIC_REPRESENTATION_ITEM ( )  RATIONAL_B_SPLINE_CURVE ( ( 1.000000000000000000, 0.9692928009446305504, 0.9692928009446305504, 1.000000000000000000 ) ) 
 REPRESENTATION_ITEM ( '' )  );
#4948 = DIRECTION ( 'NONE',  ( 1.000000000000000000, 0.000000000000000000, 0.000000000000000000 ) ) ;
#4949 = CARTESIAN_POINT ( 'NONE',  ( -7.296724953260062208, 3.200000000000000178, -2.297891415291845707 ) ) ;
#4950 = CARTESIAN_POINT ( 'NONE',  ( 0.000000000000000000, 6.625340151904196340, 0.9208900253173660788 ) ) ;
#4951 = ORIENTED_EDGE ( 'NONE', *, *, #4554, .F. ) ;
#4952 = CARTESIAN_POINT ( 'NONE',  ( -4.046831517071719730, 4.909999999999999254, -4.046831517071717066 ) ) ;
#4953 = CARTESIAN_POINT ( 'NONE',  ( -1.380000000000000115, 9.296555435952635449, 8.083961248654471632 ) ) ;
#4954 = CARTESIAN_POINT ( 'NONE',  ( 4.843681451127850757, 3.200000000000000178, -4.843681451127848980 ) ) ;
#4955 = EDGE_LOOP ( 'NONE', ( #211, #4767, #2559, #747 ) ) ;
#4956 = AXIS2_PLACEMENT_3D ( 'NONE', #5139, #820, #795 ) ;
#4957 = FACE_OUTER_BOUND ( 'NONE', #1124, .T. ) ;
#4958 = CARTESIAN_POINT ( 'NONE',  ( 7.199799341529545593, 3.046643593403177253, -2.586003223429768738 ) ) ;
#4959 = CARTESIAN_POINT ( 'NONE',  ( -4.500000000000000000, 7.499999999999998224, -2.179449471770337432 ) ) ;
#4960 = VERTEX_POINT ( 'NONE', #632 ) ;
#4961 = ORIENTED_EDGE ( 'NONE', *, *, #4810, .T. ) ;
#4962 = ORIENTED_EDGE ( 'NONE', *, *, #3864, .T. ) ;
#4963 = APPROVAL_DATE_TIME ( #2638, #4638 ) ;
#4964 = LOCAL_TIME ( 14, 20, 58.00000000000000000, #1739 ) ;
#4965 = DIRECTION ( 'NONE',  ( -0.000000000000000000, 0.000000000000000000, 1.000000000000000000 ) ) ;
#4966 = EDGE_CURVE ( 'NONE', #3925, #3950, #4557, .T. ) ;
#4967 = DIRECTION ( 'NONE',  ( -1.000000000000000000, 0.000000000000000000, 0.000000000000000000 ) ) ;
#4968 = ADVANCED_FACE ( 'NONE', ( #1834 ), #158, .T. ) ;
#4969 = EDGE_CURVE ( 'NONE', #3510, #707, #766, .T. ) ;
#4970 = ORIENTED_EDGE ( 'NONE', *, *, #2664, .F. ) ;
#4971 = ORIENTED_EDGE ( 'NONE', *, *, #2562, .T. ) ;
#4972 = AXIS2_PLACEMENT_3D ( 'NONE', #4011, #3461, #1905 ) ;
#4973 = DATE_TIME_ROLE ( 'creation_date' ) ;
#4974 = FACE_OUTER_BOUND ( 'NONE', #619, .T. ) ;
#4975 = CARTESIAN_POINT ( 'NONE',  ( 4.500000000000000000, 1.500000000000000444, -2.179449471770337432 ) ) ;
#4976 = DIRECTION ( 'NONE',  ( 0.000000000000000000, 0.000000000000000000, -1.000000000000000000 ) ) ;
#4977 = ORIENTED_EDGE ( 'NONE', *, *, #4136, .T. ) ;
#4978 = CARTESIAN_POINT ( 'NONE',  ( -1.380000000000000115, 11.43165542625050435, 5.530000000000000249 ) ) ;
#4979 = CARTESIAN_POINT ( 'NONE',  ( -2.966664951328182198, 3.021034482758621742, 5.087985294887741539 ) ) ;
#4980 = CARTESIAN_POINT ( 'NONE',  ( 3.956290731841346719, 2.373921791567574324, -3.226782805549668343 ) ) ;
#4981 = ORIENTED_EDGE ( 'NONE', *, *, #1053, .T. ) ;
#4982 = CARTESIAN_POINT ( 'NONE',  ( 1.390180519077591104, 6.500000000000000000, -4.521998694580438460 ) ) ;
#4983 = CARTESIAN_POINT ( 'NONE',  ( -1.400000000000000133, 8.631655426250503638, -4.379999999999998117 ) ) ;
#4984 = LINE ( 'NONE', #2498, #526 ) ;
#4985 = AXIS2_PLACEMENT_3D ( 'NONE', #3643, #4469, #3940 ) ;
#4986 = VERTEX_POINT ( 'NONE', #270 ) ;
#4987 = VERTEX_POINT ( 'NONE', #3009 ) ;
#4988 = ORIENTED_EDGE ( 'NONE', *, *, #5043, .F. ) ;
#4989 = APPROVAL_STATUS ( 'not_yet_approved' ) ;
#4990 = AXIS2_PLACEMENT_3D ( 'NONE', #3012, #3292, #610 ) ;
#4991 = DIRECTION ( 'NONE',  ( 0.7203422578024066825, 0.000000000000000000, 0.6936187941687647074 ) ) ;
#4992 = CARTESIAN_POINT ( 'NONE',  ( -1.379999999999999893, 8.759938365018300033, 4.438449618462787072 ) ) ;
#4993 = ORIENTED_EDGE ( 'NONE', *, *, #1826, .F. ) ;
#4994 = ORIENTED_EDGE ( 'NONE', *, *, #725, .T. ) ;
#4995 = APPROVAL_DATE_TIME ( #3417, #4406 ) ;
#4996 = FACE_OUTER_BOUND ( 'NONE', #534, .T. ) ;
#4997 = CARTESIAN_POINT ( 'NONE',  ( -8.150000000000030553, 8.150000000000000355, 0.000000000000000000 ) ) ;
#4998 = VECTOR ( 'NONE', #3908, 1000.000000000000114 ) ;
#4999 = DIRECTION ( 'NONE',  ( -0.000000000000000000, 1.000000000000000000, 0.000000000000000000 ) ) ;
#5000 = ORIENTED_EDGE ( 'NONE', *, *, #3170, .T. ) ;
#5001 = VECTOR ( 'NONE', #1818, 1000.000000000000000 ) ;
#5002 = CIRCLE ( 'NONE', #1101, 0.02000000000000005246 ) ;
#5003 = VECTOR ( 'NONE', #1021, 1000.000000000000114 ) ;
#5004 = DIRECTION ( 'NONE',  ( 1.000000000000000000, 0.000000000000000000, -0.000000000000000000 ) ) ;
#5005 = DIRECTION ( 'NONE',  ( -0.7071067811865401342, -3.056747976430751789E-16, -0.7071067811865550112 ) ) ;
#5006 = CARTESIAN_POINT ( 'NONE',  ( 2.312024219028204541, 2.048942590553171517, -4.433344562587826054 ) ) ;
#5007 = EDGE_CURVE ( 'NONE', #3823, #2097, #4471, .T. ) ;
#5008 = ORIENTED_EDGE ( 'NONE', *, *, #1826, .T. ) ;
#5009 = DIRECTION ( 'NONE',  ( -1.000000000000000000, 0.000000000000000000, 0.000000000000000000 ) ) ;
#5010 = EDGE_CURVE ( 'NONE', #437, #2273, #3834, .T. ) ;
#5011 = CARTESIAN_POINT ( 'NONE',  ( -1.380000000000000115, 6.500000000000000000, 4.549999999999999822 ) ) ;
#5012 = PLANE ( 'NONE',  #1863 ) ;
#5013 = AXIS2_PLACEMENT_3D ( 'NONE', #4542, #1820, #2130 ) ;
#5014 = ORIENTED_EDGE ( 'NONE', *, *, #116, .F. ) ;
#5015 = ORIENTED_EDGE ( 'NONE', *, *, #1799, .F. ) ;
#5016 = ORIENTED_EDGE ( 'NONE', *, *, #4399, .F. ) ;
#5017 = LINE ( 'NONE', #567, #2341 ) ;
#5018 = DIRECTION ( 'NONE',  ( 0.000000000000000000, 1.000000000000000000, 0.000000000000000000 ) ) ;
#5019 = PRODUCT_RELATED_PRODUCT_CATEGORY ( 'detail', '', ( #4248 ) ) ;
#5020 = AXIS2_PLACEMENT_3D ( 'NONE', #4924, #3649, #1358 ) ;
#5021 = ORIENTED_EDGE ( 'NONE', *, *, #2529, .F. ) ;
#5022 = ORIENTED_EDGE ( 'NONE', *, *, #297, .T. ) ;
#5023 = PERSON_AND_ORGANIZATION ( #2197, #152 ) ;
#5024 = CARTESIAN_POINT ( 'NONE',  ( -1.379999999999999227, 2.775349838536065761, 2.413347685683533417 ) ) ;
#5025 = DIRECTION ( 'NONE',  ( 1.000000000000000000, 0.000000000000000000, 0.000000000000000000 ) ) ;
#5026 = DIRECTION ( 'NONE',  ( -1.000000000000000000, -2.168404344971008252E-17, 8.673617379884035472E-17 ) ) ;
#5027 = ORIENTED_EDGE ( 'NONE', *, *, #2577, .F. ) ;
#5028 = EDGE_CURVE ( 'NONE', #4527, #1167, #2993, .T. ) ;
#5029 = DIRECTION ( 'NONE',  ( 0.000000000000000000, 0.000000000000000000, 1.000000000000000000 ) ) ;
#5030 = CARTESIAN_POINT ( 'NONE',  ( 1.379999999999999671, 11.43165542625050435, 5.530000000000000249 ) ) ;
#5031 = LINE ( 'NONE', #2653, #4835 ) ;
#5032 = ADVANCED_FACE ( 'NONE', ( #1748 ), #3341, .T. ) ;
#5033 = ADVANCED_FACE ( 'NONE', ( #4532 ), #4194, .T. ) ;
#5034 = EDGE_CURVE ( 'NONE', #4623, #1295, #187, .T. ) ;
#5035 = CYLINDRICAL_SURFACE ( 'NONE', #2533, 0.1999999999999996503 ) ;
#5036 = DIRECTION ( 'NONE',  ( -0.000000000000000000, -1.000000000000000000, 0.000000000000000000 ) ) ;
#5037 = PRODUCT ( '90_Link_KitV2', '90_Link_KitV2', '', ( #2009 ) ) ;
#5038 = DIRECTION ( 'NONE',  ( -1.000000000000000000, -0.000000000000000000, -0.000000000000000000 ) ) ;
#5039 = DIRECTION ( 'NONE',  ( -0.000000000000000000, -1.000000000000000000, -0.000000000000000000 ) ) ;
#5040 = ORIENTED_EDGE ( 'NONE', *, *, #3317, .T. ) ;
#5041 = ORIENTED_EDGE ( 'NONE', *, *, #3195, .T. ) ;
#5042 = VERTEX_POINT ( 'NONE', #606 ) ;
#5043 = EDGE_CURVE ( 'NONE', #2164, #4858, #4043, .T. ) ;
#5044 = DIRECTION ( 'NONE',  ( -0.000000000000000000, -1.000000000000000000, -0.000000000000000000 ) ) ;
#5045 = CARTESIAN_POINT ( 'NONE',  ( 0.000000000000000000, 0.000000000000000000, -4.400000000000000355 ) ) ;
#5046 = CARTESIAN_POINT ( 'NONE',  ( 4.500000000000000000, 7.633692192606185145, 2.179449471770337432 ) ) ;
#5047 = VERTEX_POINT ( 'NONE', #2780 ) ;
#5048 = VERTEX_POINT ( 'NONE', #2383 ) ;
#5049 = COORDINATED_UNIVERSAL_TIME_OFFSET ( 7, 0, .BEHIND. ) ;
#5050 = PRODUCT_DEFINITION_FORMATION_WITH_SPECIFIED_SOURCE ( 'ANY', '', #4248, .NOT_KNOWN. ) ;
#5051 = DIRECTION ( 'NONE',  ( -8.673617379884035472E-17, -1.880790961315659329E-33, -1.000000000000000000 ) ) ;
#5052 = VECTOR ( 'NONE', #4783, 1000.000000000000000 ) ;
#5053 = SHAPE_REPRESENTATION_RELATIONSHIP ( 'NONE' , 'NONE' ,  #3059, #2129 ) ;
#5054 = ORIENTED_EDGE ( 'NONE', *, *, #1188, .F. ) ;
#5055 = VECTOR ( 'NONE', #906, 1000.000000000000000 ) ;
#5056 = CARTESIAN_POINT ( 'NONE',  ( -4.027325123107993399, 3.021034482758622186, 4.027325123107909910 ) ) ;
#5057 = DIRECTION ( 'NONE',  ( -0.7071067811865563435, 0.000000000000000000, 0.7071067811865388020 ) ) ;
#5058 = APPLICATION_CONTEXT ( 'configuration controlled 3d designs of mechanical parts and assemblies' ) ;
#5059 = CARTESIAN_POINT ( 'NONE',  ( -2.179449471770337432, 7.499999999999998224, 4.500000000000000000 ) ) ;
#5060 = ORIENTED_EDGE ( 'NONE', *, *, #4460, .T. ) ;
#5061 = ORIENTED_EDGE ( 'NONE', *, *, #3645, .T. ) ;
#5062 = EDGE_CURVE ( 'NONE', #3794, #2317, #1156, .T. ) ;
#5063 = EDGE_CURVE ( 'NONE', #1977, #3848, #4301, .T. ) ;
#5064 = FACE_OUTER_BOUND ( 'NONE', #1058, .T. ) ;
#5065 = CARTESIAN_POINT ( 'NONE',  ( -2.435362535369391956, 3.176207172489686759, 7.252000366886312221 ) ) ;
#5066 = DIRECTION ( 'NONE',  ( 0.000000000000000000, 0.000000000000000000, -1.000000000000000000 ) ) ;
#5067 = ORIENTED_EDGE ( 'NONE', *, *, #3211, .T. ) ;
#5068 = ORIENTED_EDGE ( 'NONE', *, *, #3982, .T. ) ;
#5069 = ORIENTED_EDGE ( 'NONE', *, *, #2306, .T. ) ;
#5070 = ADVANCED_FACE ( 'NONE', ( #1132, #738 ), #1941, .F. ) ;
#5071 = CARTESIAN_POINT ( 'NONE',  ( -3.139821971399057610, 1.508500636646441739, -6.976537463425643182 ) ) ;
#5072 = DIRECTION ( 'NONE',  ( -1.000000000000000000, 0.000000000000000000, -0.000000000000000000 ) ) ;
#5073 = FACE_OUTER_BOUND ( 'NONE', #4065, .T. ) ;
#5074 = ADVANCED_FACE ( 'NONE', ( #3887 ), #3191, .T. ) ;
#5075 = ORIENTED_EDGE ( 'NONE', *, *, #2664, .T. ) ;
#5076 = ORIENTED_EDGE ( 'NONE', *, *, #675, .F. ) ;
#5077 = DATE_TIME_ROLE ( 'classification_date' ) ;
#5078 = AXIS2_PLACEMENT_3D ( 'NONE', #3165, #2107, #126 ) ;
#5079 = CARTESIAN_POINT ( 'NONE',  ( -3.405877273185284881, 1.699999999999999734, -6.849999999999998757 ) ) ;
#5080 = DIRECTION ( 'NONE',  ( 1.000000000000000000, -0.000000000000000000, -0.000000000000000000 ) ) ;
#5081 = AXIS2_PLACEMENT_3D ( 'NONE', #4789, #3716, #2504 ) ;
#5082 = DIRECTION ( 'NONE',  ( 0.000000000000000000, -1.000000000000000000, 0.000000000000000000 ) ) ;
#5083 = CARTESIAN_POINT ( 'NONE',  ( -1.399999999999999689, 12.48000000000000220, 1.214306433183764720E-16 ) ) ;
#5084 = TOROIDAL_SURFACE ( 'NONE', #2848, 0.1299999999999999767, 0.02000000000000000042 ) ;
#5085 = DIRECTION ( 'NONE',  ( 1.000000000000000000, 2.168404344971008252E-17, -8.673617379884035472E-17 ) ) ;
#5086 = ORIENTED_EDGE ( 'NONE', *, *, #4241, .F. ) ;
#5087 = VECTOR ( 'NONE', #4047, 1000.000000000000000 ) ;
#5088 = CIRCLE ( 'NONE', #3104, 0.1499999999999999667 ) ;
#5089 = DIRECTION ( 'NONE',  ( -0.000000000000000000, 1.000000000000000000, -0.000000000000000000 ) ) ;
#5090 = CARTESIAN_POINT ( 'NONE',  ( 2.435362535369389292, 3.200000000000000178, -7.252000366886311333 ) ) ;
#5091 = DIRECTION ( 'NONE',  ( -0.7071067811865453523, 5.273559366969486541E-17, -0.7071067811865497932 ) ) ;
#5092 = ORIENTED_EDGE ( 'NONE', *, *, #1756, .T. ) ;
#5093 = ORIENTED_EDGE ( 'NONE', *, *, #177, .T. ) ;
#5094 = ORIENTED_EDGE ( 'NONE', *, *, #1129, .T. ) ;
#5095 = DIRECTION ( 'NONE',  ( 0.000000000000000000, -1.000000000000000000, 0.000000000000000000 ) ) ;
#5096 = DIRECTION ( 'NONE',  ( 0.7071067811865474617, 0.000000000000000000, -0.7071067811865474617 ) ) ;
#5097 = LINE ( 'NONE', #779, #3670 ) ;
#5098 = VERTEX_POINT ( 'NONE', #373 ) ;
#5099 = ORIENTED_EDGE ( 'NONE', *, *, #2738, .F. ) ;
#5100 = DATE_TIME_ROLE ( 'classification_date' ) ;
#5101 = EDGE_CURVE ( 'NONE', #3350, #563, #2404, .T. ) ;
#5102 = FACE_OUTER_BOUND ( 'NONE', #952, .T. ) ;
#5103 = VECTOR ( 'NONE', #3314, 1000.000000000000000 ) ;
#5104 = CARTESIAN_POINT ( 'NONE',  ( 1.379999999999999671, 6.625340151904196340, 0.9208900253173660788 ) ) ;
#5105 = DIRECTION ( 'NONE',  ( 0.000000000000000000, 0.000000000000000000, 1.000000000000000000 ) ) ;
#5106 = VECTOR ( 'NONE', #1500, 1000.000000000000000 ) ;
#5107 = ADVANCED_FACE ( 'NONE', ( #1966 ), #5129, .F. ) ;
#5108 = DIRECTION ( 'NONE',  ( 0.000000000000000000, 0.000000000000000000, 1.000000000000000000 ) ) ;
#5109 = CARTESIAN_POINT ( 'NONE',  ( -4.433344562587833160, 5.951057409446828039, -2.312024219028188554 ) ) ;
#5110 = DIRECTION ( 'NONE',  ( 0.7071067811865550112, 0.000000000000000000, -0.7071067811865401342 ) ) ;
#5111 = CARTESIAN_POINT ( 'NONE',  ( 1.379999999999999671, 8.631655426250503638, 4.549999999999999822 ) ) ;
#5112 = DIRECTION ( 'NONE',  ( 0.000000000000000000, 0.000000000000000000, -1.000000000000000000 ) ) ;
#5113 = CARTESIAN_POINT ( 'NONE',  ( 7.239573367979934559, 3.116536647565487428, -2.472101282769616493 ) ) ;
#5114 = CARTESIAN_POINT ( 'NONE',  ( 1.379999999999999671, 8.744846254575030287, -4.451573192761283160 ) ) ;
#5115 = ORIENTED_EDGE ( 'NONE', *, *, #4200, .F. ) ;
#5116 = ORIENTED_EDGE ( 'NONE', *, *, #4840, .T. ) ;
#5117 = EDGE_LOOP ( 'NONE', ( #3359, #2892, #751, #1961 ) ) ;
#5118 = CIRCLE ( 'NONE', #1136, 7.650000000000000355 ) ;
#5119 = LINE ( 'NONE', #3157, #4468 ) ;
#5120 = CARTESIAN_POINT ( 'NONE',  ( 5.036781010732885200, 4.909999999999999254, 2.915460667173241482 ) ) ;
#5121 = DIRECTION ( 'NONE',  ( 0.000000000000000000, 0.000000000000000000, -1.000000000000000000 ) ) ;
#5122 = ORIENTED_EDGE ( 'NONE', *, *, #4485, .T. ) ;
#5123 = VERTEX_POINT ( 'NONE', #2282 ) ;
#5124 = CALENDAR_DATE ( 2026, 5, 10 ) ;
#5125 = AXIS2_PLACEMENT_3D ( 'NONE', #4758, #2468, #3632 ) ;
#5126 = EDGE_CURVE ( 'NONE', #4078, #4987, #395, .T. ) ;
#5127 = ADVANCED_FACE ( 'NONE', ( #1991 ), #2828, .T. ) ;
#5128 = CARTESIAN_POINT ( 'NONE',  ( 1.060660171779811423, 4.585121964646132860E-16, 1.060660171779833627 ) ) ;
#5129 = CYLINDRICAL_SURFACE ( 'NONE', #2904, 0.1000000000000001443 ) ;
#5130 = LOCAL_TIME ( 14, 20, 58.00000000000000000, #3750 ) ;
#5131 = DIRECTION ( 'NONE',  ( -2.168404344971008252E-17, 1.000000000000000000, 0.000000000000000000 ) ) ;
#5132 = DIRECTION ( 'NONE',  ( 0.000000000000000000, 0.000000000000000000, -1.000000000000000000 ) ) ;
#5133 = PLANE ( 'NONE',  #2096 ) ;
#5134 = DIRECTION ( 'NONE',  ( 0.6936187941687647074, 0.000000000000000000, -0.7203422578024066825 ) ) ;
#5135 = VECTOR ( 'NONE', #69, 1000.000000000000114 ) ;
#5136 = CYLINDRICAL_SURFACE ( 'NONE', #4665, 0.02000000000000005246 ) ;
#5137 = DIRECTION ( 'NONE',  ( 0.000000000000000000, 0.9863939238321437486, 0.1643989873053572637 ) ) ;
#5138 = VECTOR ( 'NONE', #3424, 1000.000000000000000 ) ;
#5139 = CARTESIAN_POINT ( 'NONE',  ( 1.379999999999999671, 12.48000000000000043, -4.343903740188082452 ) ) ;
#5140 = EDGE_LOOP ( 'NONE', ( #4339, #2548, #3088, #54, #1459, #872, #826, #4263, #3829, #1077, #2342, #1238, #2157, #5014, #5122, #1954 ) ) ;
#5141 = ORIENTED_EDGE ( 'NONE', *, *, #4394, .T. ) ;
#5142 = DIRECTION ( 'NONE',  ( -1.000000000000000000, 0.000000000000000000, 0.000000000000000000 ) ) ;
#5143 = NEXT_ASSEMBLY_USAGE_OCCURRENCE ( 'NAUO1', ' ', ' ', #3336, #1709, $ ) ;
#5144 = NEXT_ASSEMBLY_USAGE_OCCURRENCE ( 'NAUO2', ' ', ' ', #3336, #1880, $ ) ;
#5145 = NEXT_ASSEMBLY_USAGE_OCCURRENCE ( 'NAUO3', ' ', ' ', #3336, #565, $ ) ;
ENDSEC;
END-ISO-10303-21;
