ISO-10303-21;
HEADER;
FILE_DESCRIPTION (( 'STEP AP214' ),
    '1' );
FILE_NAME ('Base_Link_KitV2.STEP',
    '2026-10-05T20:23:36',
    ( '' ),
    ( '' ),
    'SwSTEP 2.0',
    'SolidWorks 2023',
    '' );
FILE_SCHEMA (( 'AUTOMOTIVE_DESIGN' ));
ENDSEC;

DATA;
#1 =( BOUNDED_CURVE ( )  B_SPLINE_CURVE ( 2, ( #6247, #2192, #1587, #4326, #935, #5592, #8223, #6290, #7577 ),
 .UNSPECIFIED., .F., .F. ) 
 B_SPLINE_CURVE_WITH_KNOTS ( ( 3, 2, 2, 2, 3 ),
 ( 0.7158783176883136701, 0.7211811200415604306, 0.7317867247480539517, 0.7423923294545474727, 0.7476951359155564747 ),
 .UNSPECIFIED. ) 
 CURVE ( )  GEOMETRIC_REPRESENTATION_ITEM ( )  RATIONAL_B_SPLINE_CURVE ( ( 0.9330127018922194093, 0.9330127018922194093, 1.000000000000000000, 0.8660254037844387076, 1.000000000000000000, 0.8660254037844387076, 1.000000000000000000, 0.9330126500011859392, 0.9330127018922595994 ) ) 
 REPRESENTATION_ITEM ( '' )  );
#2 = EDGE_CURVE ( 'NONE', #5875, #6945, #260, .T. ) ;
#3 = VERTEX_POINT ( 'NONE', #7806 ) ;
#4 = EDGE_LOOP ( 'NONE', ( #5430, #262, #4765, #13 ) ) ;
#5 = CARTESIAN_POINT ( 'NONE',  ( -1.700000000000000400, 6.233333331421502699, 0.9814954576223632321 ) ) ;
#6 = DIRECTION ( 'NONE',  ( -0.7071067811865451302, 0.000000000000000000, -0.7071067811865500152 ) ) ;
#7 = CARTESIAN_POINT ( 'NONE',  ( -1.120788435715720066, 9.246046987773656411, 1.283405913016807620 ) ) ;
#8 = CARTESIAN_POINT ( 'NONE',  ( -2.078886112499989114, 7.210416665710743800, -1.200245456666443999 ) ) ;
#9 = CARTESIAN_POINT ( 'NONE',  ( -1.475539802418325053, 2.208237843595384664, 0.8518656298667138804 ) ) ;
#10 = CARTESIAN_POINT ( 'NONE',  ( -0.5011939177322823902, 0.1906011413418570999, 1.624482942851991352 ) ) ;
#11 = CARTESIAN_POINT ( 'NONE',  ( -0.3707919507688506311, 7.899553586049200327, 1.659099905903574035 ) ) ;
#12 = EDGE_CURVE ( 'NONE', #5228, #7291, #3725, .T. ) ;
#13 = ORIENTED_EDGE ( 'NONE', *, *, #1234, .T. ) ;
#14 = CARTESIAN_POINT ( 'NONE',  ( -1.153185070780808008, 0.000000000000000000, 1.333204272276118152 ) ) ;
#15 = CARTESIAN_POINT ( 'NONE',  ( -0.4555136107953964841, 3.931260736083931562, -1.700000009432466541 ) ) ;
#16 = EDGE_LOOP ( 'NONE', ( #5130, #7257, #6257, #4672 ) ) ;
#17 = CARTESIAN_POINT ( 'NONE',  ( -1.636054430120736480, 3.520311580543011409, -0.4636193125280099192 ) ) ;
#18 = EDGE_CURVE ( 'NONE', #2450, #1830, #429, .T. ) ;
#19 = CARTESIAN_POINT ( 'NONE',  ( 1.094364685490323730, 4.698114639420827743, -1.301200142853146557 ) ) ;
#20 = CARTESIAN_POINT ( 'NONE',  ( -1.699874085727646644, 2.842865243183502422, -0.1186821316601405912 ) ) ;
#21 = CARTESIAN_POINT ( 'NONE',  ( -1.673941166289725002, 7.068519975327626881, 0.2965681840372258460 ) ) ;
#22 = CARTESIAN_POINT ( 'NONE',  ( 0.5728570088756257395, 0.5062132694665373300, 0.8485328642537619537 ) ) ;
#23 = CARTESIAN_POINT ( 'NONE',  ( -1.039443056250000996, -0.2270833342892488449, 1.800368184999674215 ) ) ;
#24 = CYLINDRICAL_SURFACE ( 'NONE', #3447, 1.699999999999999956 ) ;
#25 = CARTESIAN_POINT ( 'NONE',  ( -1.658952381152469124, 4.926493363190110664, -0.3718103588278190985 ) ) ;
#26 = CARTESIAN_POINT ( 'NONE',  ( -1.294169785215700363, 4.169803992986540919, -1.115064045532529580 ) ) ;
#27 = CARTESIAN_POINT ( 'NONE',  ( -1.399860875781551162, 6.282363683487327322, -0.9647889876830185729 ) ) ;
#28 = DIRECTION ( 'NONE',  ( 0.000000000000000000, 0.000000000000000000, -1.000000000000000000 ) ) ;
#29 = CARTESIAN_POINT ( 'NONE',  ( 0.05678060361319290511, 3.028774077884949456, 1.700000000700496727 ) ) ;
#30 = CARTESIAN_POINT ( 'NONE',  ( -1.696679798928093286, 9.856458302167313335, 0.1062422494216201108 ) ) ;
#31 = CARTESIAN_POINT ( 'NONE',  ( -0.8500000000000007550, 2.266666666666666607, 1.472243186433545237 ) ) ;
#32 = DIRECTION ( 'NONE',  ( -2.803295164711175242E-15, 0.5961196035938418625, 0.8028956459037006610 ) ) ;
#33 = CARTESIAN_POINT ( 'NONE',  ( -4.843681451127849868, 8.000000000000000000, 4.843681451127852533 ) ) ;
#34 = CARTESIAN_POINT ( 'NONE',  ( -2.078886112500000216, -0.3729166676225821875, 1.200245456666449106 ) ) ;
#35 = CARTESIAN_POINT ( 'NONE',  ( -1.699999999999999956, 4.774999998088169662, -2.081899558550500280E-16 ) ) ;
#36 = CARTESIAN_POINT ( 'NONE',  ( 5.161404152025042878E-15, 1.274999999999999689, -1.699999999999999734 ) ) ;
#37 = CARTESIAN_POINT ( 'NONE',  ( -2.078886112500000216, 7.356249999044067067, -2.545901223465009197E-16 ) ) ;
#38 = VERTEX_POINT ( 'NONE', #3861 ) ;
#39 = CARTESIAN_POINT ( 'NONE',  ( 0.04946710009563183574, 6.171605194877469280, -1.699288159407573051 ) ) ;
#40 = CARTESIAN_POINT ( 'NONE',  ( -1.686594682849436477, 4.263085181616190766, 0.2139780097887156451 ) ) ;
#41 = UNCERTAINTY_MEASURE_WITH_UNIT (LENGTH_MEASURE( 1.000000000000000082E-05 ), #1525, 'distance_accuracy_value', 'NONE');
#42 = CARTESIAN_POINT ( 'NONE',  ( 1.469876756697720448E-16, 6.393749999044083587, -2.400490913332899545 ) ) ;
#43 = CARTESIAN_POINT ( 'NONE',  ( 0.2879644221923052805, 7.244611102463413665, 1.678774533890568410 ) ) ;
#44 = CARTESIAN_POINT ( 'NONE',  ( 1.387117191324959142, 0.4691512433915388525, -0.9828749408377628338 ) ) ;
#45 = CARTESIAN_POINT ( 'NONE',  ( -0.7314204673948044855, 0.5015651276386525748, 1.924294271432783088 ) ) ;
#46 = ORIENTED_EDGE ( 'NONE', *, *, #3406, .F. ) ;
#47 = CIRCLE ( 'NONE', #7128, 9.099999999999997868 ) ;
#48 = ORIENTED_EDGE ( 'NONE', *, *, #6823, .F. ) ;
#49 = CARTESIAN_POINT ( 'NONE',  ( 0.8499999999999988676, 6.408333331421501633, 1.472243186433546347 ) ) ;
#50 = CYLINDRICAL_SURFACE ( 'NONE', #8370, 0.5000000000000004441 ) ;
#51 = AXIS2_PLACEMENT_3D ( 'NONE', #3160, #4423, #7671 ) ;
#52 = CARTESIAN_POINT ( 'NONE',  ( -0.6409198903289324845, 0.4483668194317326772, -1.575923465062265549 ) ) ;
#53 = CARTESIAN_POINT ( 'NONE',  ( -1.039443056249995445, 8.085416665710745576, 1.800368184999665111 ) ) ;
#54 =( BOUNDED_CURVE ( )  B_SPLINE_CURVE ( 3, ( #4606, #558, #3215, #1950 ),
 .UNSPECIFIED., .F., .F. ) 
 B_SPLINE_CURVE_WITH_KNOTS ( ( 4, 4 ),
 ( 5.978492653164188653, 6.587877961194983811 ),
 .UNSPECIFIED. ) 
 CURVE ( )  GEOMETRIC_REPRESENTATION_ITEM ( )  RATIONAL_B_SPLINE_CURVE ( ( 1.000000000000000000, 0.9692928009446304394, 0.9692928009446304394, 1.000000000000000000 ) ) 
 REPRESENTATION_ITEM ( '' )  );
#55 = CARTESIAN_POINT ( 'NONE',  ( -0.7193432631551631706, 2.275641320068888973, 1.541164416140783811 ) ) ;
#56 = VECTOR ( 'NONE', #8056, 1000.000000000000000 ) ;
#57 = DIRECTION ( 'NONE',  ( -0.000000000000000000, 1.000000000000000000, -0.000000000000000000 ) ) ;
#58 = ORIENTED_EDGE ( 'NONE', *, *, #7784, .T. ) ;
#59 = ADVANCED_FACE ( 'NONE', ( #8492 ), #6512, .T. ) ;
#60 = CARTESIAN_POINT ( 'NONE',  ( 1.039443056250000330, 2.222916665710734208, -1.800368184999674437 ) ) ;
#61 = CARTESIAN_POINT ( 'NONE',  ( 2.112239691954237664, -1.170938346284344789E-14, 0.3335782647574601079 ) ) ;
#62 = ORIENTED_EDGE ( 'NONE', *, *, #4618, .T. ) ;
#63 = ORIENTED_EDGE ( 'NONE', *, *, #5221, .T. ) ;
#64 = CARTESIAN_POINT ( 'NONE',  ( -1.625789897829988950, 3.582139082285653142, 0.4977013300503694282 ) ) ;
#65 = CARTESIAN_POINT ( 'NONE',  ( 1.551966631685754550, 4.646333431456682206, -0.6941352816941319670 ) ) ;
#66 = ADVANCED_FACE ( 'NONE', ( #4434 ), #554, .F. ) ;
#67 = CARTESIAN_POINT ( 'NONE',  ( -1.662549263173280778, 2.872654543466143906, 0.3592045969623230417 ) ) ;
#68 = CARTESIAN_POINT ( 'NONE',  ( -1.699672059784240297, 7.047718627871692121, -0.03821759483672959590 ) ) ;
#69 = CARTESIAN_POINT ( 'NONE',  ( 0.7921620015802154358, 0.5032409169274204563, -1.163162743469480676 ) ) ;
#70 = CARTESIAN_POINT ( 'NONE',  ( 2.078886112499999772, -0.6354166676225821986, -1.200245456666449329 ) ) ;
#71 = CARTESIAN_POINT ( 'NONE',  ( -1.365458922726133562, 8.521498918894375052, 1.014288284141291685 ) ) ;
#72 = CARTESIAN_POINT ( 'NONE',  ( -1.186378760082479999, 5.039989644021684256, 1.217601464316308224 ) ) ;
#73 = CARTESIAN_POINT ( 'NONE',  ( 1.183147092701896108, 1.709712438158408121, 1.220731528203848448 ) ) ;
#74 = CARTESIAN_POINT ( 'NONE',  ( 1.767198530632746387E-15, 6.174999999999999822, -1.699999999999999734 ) ) ;
#75 = ORIENTED_EDGE ( 'NONE', *, *, #1566, .F. ) ;
#76 = CARTESIAN_POINT ( 'NONE',  ( 0.000000000000000000, 7.500000000000000000, 4.999999999999999112 ) ) ;
#77 = CARTESIAN_POINT ( 'NONE',  ( 1.529239124421119644, 3.250490452460252921, -0.7512129120978371377 ) ) ;
#78 = CARTESIAN_POINT ( 'NONE',  ( -1.094287865657540326, 9.752067890860820043, -1.301085361106887772 ) ) ;
#79 = CARTESIAN_POINT ( 'NONE',  ( 1.699999999999999067, 3.841666666666666341, 0.9814954576223646754 ) ) ;
#80 = CARTESIAN_POINT ( 'NONE',  ( 0.000000000000000000, 10.19999999999999929, 0.000000000000000000 ) ) ;
#81 = DIRECTION ( 'NONE',  ( -0.7071067811865500152, 0.000000000000000000, 0.7071067811865451302 ) ) ;
#82 = CARTESIAN_POINT ( 'NONE',  ( -0.4555145378332688400, 5.331260799704177877, -1.699999474206901562 ) ) ;
#83 = PRESENTATION_STYLE_ASSIGNMENT (( #5302 ) ) ;
#84 = CARTESIAN_POINT ( 'NONE',  ( 2.078886112500000216, 7.706249999044067600, 0.000000000000000000 ) ) ;
#85 = EDGE_LOOP ( 'NONE', ( #3552, #5484, #6900, #7054 ) ) ;
#86 = CARTESIAN_POINT ( 'NONE',  ( -2.291287847478249429, 8.000000000000000000, -4.999999999999848121 ) ) ;
#87 = CARTESIAN_POINT ( 'NONE',  ( -1.072730543643575229, 4.349723080659630092, 1.320064734519143634 ) ) ;
#88 = CARTESIAN_POINT ( 'NONE',  ( -1.039443056250000996, 3.185416665710751438, 1.800368184999674215 ) ) ;
#89 = CARTESIAN_POINT ( 'NONE',  ( 0.03251120155434934073, 7.572768655235871726, -1.699731932961366487 ) ) ;
#90 = ADVANCED_FACE ( 'NONE', ( #1325 ), #7242, .T. ) ;
#92 = CARTESIAN_POINT ( 'NONE',  ( -1.635626522912027259, 0.5024762795621765532, -0.6369239288769839025 ) ) ;
#91 = DIRECTION ( 'NONE',  ( -0.000000000000000000, -1.000000000000000000, -0.000000000000000000 ) ) ;
#93 = CARTESIAN_POINT ( 'NONE',  ( -1.039443056250000996, 0.5180252024567066904, 1.800368184999674215 ) ) ;
#94 = EDGE_LOOP ( 'NONE', ( #7251, #5870, #324, #6402 ) ) ;
#95 = CARTESIAN_POINT ( 'NONE',  ( -0.8500000000000007550, 5.591666664754836091, 1.472243186433545237 ) ) ;
#96 = DIRECTION ( 'NONE',  ( -0.000000000000000000, -1.000000000000000000, -0.000000000000000000 ) ) ;
#97 = CYLINDRICAL_SURFACE ( 'NONE', #6500, 9.299999999999998934 ) ;
#98 = CARTESIAN_POINT ( 'NONE',  ( 1.469876756697713053E-16, 9.193749999044079857, -2.400490913332886667 ) ) ;
#99 = CARTESIAN_POINT ( 'NONE',  ( -0.8542050613740066467, 2.266345417018744701, 1.469974007851960307 ) ) ;
#100 = CARTESIAN_POINT ( 'NONE',  ( -0.8486224684047937172, 5.533458406600743729, -1.476988729323648775 ) ) ;
#101 = ORIENTED_EDGE ( 'NONE', *, *, #8247, .F. ) ;
#102 = CARTESIAN_POINT ( 'NONE',  ( -2.078886112500001104, 1.814583332377400549, 1.200245456666448884 ) ) ;
#103 = CARTESIAN_POINT ( 'NONE',  ( 0.7736774774785243336, -5.204170427930421283E-15, 1.784754167023213656 ) ) ;
#104 = VERTEX_POINT ( 'NONE', #1374 ) ;
#105 = CARTESIAN_POINT ( 'NONE',  ( 2.932862173304877196, 3.000000000000000000, 7.066080920955845279 ) ) ;
#106 = ORIENTED_EDGE ( 'NONE', *, *, #4959, .F. ) ;
#107 = VECTOR ( 'NONE', #1557, 999.9999999999998863 ) ;
#108 = EDGE_LOOP ( 'NONE', ( #5708, #419, #192, #6964 ) ) ;
#109 = CARTESIAN_POINT ( 'NONE',  ( -1.475480077964943737, 3.608244256024343510, 0.8519666305897701797 ) ) ;
#110 = CARTESIAN_POINT ( 'NONE',  ( 0.7218104285595765557, 4.725464003270704261, -1.539157280772051939 ) ) ;
#111 = LINE ( 'NONE', #4195, #3541 ) ;
#112 = CARTESIAN_POINT ( 'NONE',  ( -1.675807393737543949, 7.067826064477047865, 0.2859304019280762277 ) ) ;
#113 = VECTOR ( 'NONE', #7828, 1000.000000000000114 ) ;
#114 = CARTESIAN_POINT ( 'NONE',  ( 1.007326423347831401, 0.5041134977964065733, -0.9172704489767347091 ) ) ;
#115 = CARTESIAN_POINT ( 'NONE',  ( 2.078886112499999328, 8.960416665710750905, 1.200245456666450661 ) ) ;
#116 = CARTESIAN_POINT ( 'NONE',  ( 0.7063000727904861220, 6.573470393460701722, 1.547336366728992552 ) ) ;
#117 = CARTESIAN_POINT ( 'NONE',  ( -0.3870365527107608727, 5.098411192284913795, 1.656449177810763729 ) ) ;
#118 = AXIS2_PLACEMENT_3D ( 'NONE', #3479, #7252, #5443 ) ;
#119 = CARTESIAN_POINT ( 'NONE',  ( 0.9012772196951897019, 1.687004598134957289, 1.441532628759518264 ) ) ;
#120 = EDGE_CURVE ( 'NONE', #520, #3969, #831, .T. ) ;
#121 = VECTOR ( 'NONE', #7584, 1000.000000000000114 ) ;
#122 = CARTESIAN_POINT ( 'NONE',  ( -1.685593615775899501, 6.363686034595093410, 0.2218918542386850989 ) ) ;
#123 = ORIENTED_EDGE ( 'NONE', *, *, #3987, .T. ) ;
#124 = CARTESIAN_POINT ( 'NONE',  ( -5.087985294887803711, 4.978965517241379146, 2.966664951328077837 ) ) ;
#125 = CARTESIAN_POINT ( 'NONE',  ( 0.4711545000382177384, 3.342685665241235782, -1.638117506591741490 ) ) ;
#126 = CARTESIAN_POINT ( 'NONE',  ( -1.689705067107270864, 9.838538020585415822, -0.1869112324161663341 ) ) ;
#127 = CARTESIAN_POINT ( 'NONE',  ( -0.8499999999999996447, 2.733333333333333393, -1.472243186433545681 ) ) ;
#128 = CARTESIAN_POINT ( 'NONE',  ( 2.078886112499999328, 2.747916665710751438, 1.200245456666450661 ) ) ;
#129 = CARTESIAN_POINT ( 'NONE',  ( -7.138355639750679771, 3.000000000000000000, -2.750705138767092883 ) ) ;
#130 = CARTESIAN_POINT ( 'NONE',  ( -1.039443056249999664, 0.8520833323774179568, -1.800368184999674437 ) ) ;
#131 = CARTESIAN_POINT ( 'NONE',  ( 0.9330336189851518025, 8.689281215481148735, 1.421295978178451103 ) ) ;
#132 = CARTESIAN_POINT ( 'NONE',  ( -0.5640860110556424889, 1.313711016362605122, -1.603698374051027109 ) ) ;
#133 = EDGE_CURVE ( 'NONE', #1181, #3, #8482, .T. ) ;
#134 = CARTESIAN_POINT ( 'NONE',  ( 9.368548013477252244E-16, 1.000000000000000000, 7.650000000000000355 ) ) ;
#135 = VERTEX_POINT ( 'NONE', #2585 ) ;
#136 = DIRECTION ( 'NONE',  ( 0.000000000000000000, 0.000000000000000000, -1.000000000000000000 ) ) ;
#137 = VECTOR ( 'NONE', #2682, 1000.000000000000000 ) ;
#138 = CARTESIAN_POINT ( 'NONE',  ( -1.698187995577422615, 4.255996674190811291, 0.09527210578739368774 ) ) ;
#139 = CARTESIAN_POINT ( 'NONE',  ( 1.039443056250000330, 4.935416665710751438, -1.800368184999674215 ) ) ;
#140 = CARTESIAN_POINT ( 'NONE',  ( 1.692666002758858257, 7.409699587881108940, -0.1578851291243670296 ) ) ;
#142 = LINE ( 'NONE', #3397, #4577 ) ;
#141 = DIRECTION ( 'NONE',  ( 0.000000000000000000, 1.000000000000000000, 0.000000000000000000 ) ) ;
#143 = CARTESIAN_POINT ( 'NONE',  ( 2.078886112499999328, 0.6930252024567067348, 1.200245456666450661 ) ) ;
#144 = CARTESIAN_POINT ( 'NONE',  ( -5.107491688851539813, 4.950000000000000178, -2.986171345291895651 ) ) ;
#145 = CARTESIAN_POINT ( 'NONE',  ( 0.000000000000000000, 10.19999999999999929, -1.699999999999999956 ) ) ;
#146 = CARTESIAN_POINT ( 'NONE',  ( 1.039443056249994779, 8.435416665710745221, -1.800368184999665111 ) ) ;
#147 = CARTESIAN_POINT ( 'NONE',  ( 0.5791370559582427191, 0.3719515625592883512, -1.598444746752872181 ) ) ;
#148 = CARTESIAN_POINT ( 'NONE',  ( -1.056161602104576103, 5.548726715482308336, -1.332112837954457563 ) ) ;
#149 = ORIENTED_EDGE ( 'NONE', *, *, #6857, .T. ) ;
#150 = AXIS2_PLACEMENT_3D ( 'NONE', #5896, #5939, #3285 ) ;
#151 = CARTESIAN_POINT ( 'NONE',  ( 1.690720300205334148, 0.000000000000000000, 1.199513520210534478 ) ) ;
#152 = CARTESIAN_POINT ( 'NONE',  ( 2.166267247785783834, 0.000000000000000000, -0.3948413690570457546 ) ) ;
#153 = FACE_OUTER_BOUND ( 'NONE', #815, .T. ) ;
#154 = EDGE_LOOP ( 'NONE', ( #7825, #3467, #7862, #5500 ) ) ;
#155 = CARTESIAN_POINT ( 'NONE',  ( -1.598267827358911930, 3.511922408260947481, -0.5804742055581770810 ) ) ;
#156 = CARTESIAN_POINT ( 'NONE',  ( 0.04358534724670641569, 0.9280263668968283808, 1.699999999702676456 ) ) ;
#157 = CARTESIAN_POINT ( 'NONE',  ( -2.291287847478249429, 8.000000000000000000, -4.999999999999848121 ) ) ;
#158 = EDGE_CURVE ( 'NONE', #3521, #4528, #2006, .T. ) ;
#159 = CARTESIAN_POINT ( 'NONE',  ( 1.585180050247225969, 5.340504637317184944, -0.6152672998227707302 ) ) ;
#160 = CARTESIAN_POINT ( 'NONE',  ( -1.029008848601059345, 6.946568118434821137, -1.353200636742768692 ) ) ;
#161 = CARTESIAN_POINT ( 'NONE',  ( 1.220471916767734477, 0.5041198821807801878, -0.02880934614885797065 ) ) ;
#162 = CARTESIAN_POINT ( 'NONE',  ( -4.409630270093162085E-16, -0.1687500009559155523, 2.400490913332899545 ) ) ;
#163 = CARTESIAN_POINT ( 'NONE',  ( 1.671769811560430252, 6.680692505118439151, 0.3085571784548159502 ) ) ;
#164 = CARTESIAN_POINT ( 'NONE',  ( -1.143358407598693116, 5.043893269245517175, 1.258446391608080361 ) ) ;
#165 = CARTESIAN_POINT ( 'NONE',  ( -5.107491688851570011, 4.950000000000000178, 2.986171345291844137 ) ) ;
#166 = ORIENTED_EDGE ( 'NONE', *, *, #2090, .F. ) ;
#167 = CARTESIAN_POINT ( 'NONE',  ( 1.859289970458966934, 1.016439536705160407E-17, 0.9299506839053650609 ) ) ;
#168 = CARTESIAN_POINT ( 'NONE',  ( 1.577794983768663339, 3.241818003655490443, -0.6330595899998175957 ) ) ;
#169 = CARTESIAN_POINT ( 'NONE',  ( -1.695980009515027032, 9.857087825967823846, 0.1168556873725389300 ) ) ;
#170 = CARTESIAN_POINT ( 'NONE',  ( 0.8499999999999988676, 4.483333333333333393, 1.472243186433546347 ) ) ;
#171 = CARTESIAN_POINT ( 'NONE',  ( -1.039443056250000996, 0.4729166657107510274, 1.800368184999674215 ) ) ;
#172 = PLANE ( 'NONE',  #7048 ) ;
#173 = CARTESIAN_POINT ( 'NONE',  ( -2.078886112500000216, 0.9687499990440845421, -2.545901223465009197E-16 ) ) ;
#174 = CARTESIAN_POINT ( 'NONE',  ( 1.632549768939247636, 8.830535169693270348, -0.4749452374842050295 ) ) ;
#175 = CARTESIAN_POINT ( 'NONE',  ( 1.469876756697720448E-16, 9.326358535790037152, -2.400490913332899545 ) ) ;
#176 = ORIENTED_EDGE ( 'NONE', *, *, #1550, .T. ) ;
#177 = FACE_OUTER_BOUND ( 'NONE', #8177, .T. ) ;
#178 = CARTESIAN_POINT ( 'NONE',  ( -1.692224706889811303, 4.260002615303091211, 0.1625458537004372261 ) ) ;
#179 = CARTESIAN_POINT ( 'NONE',  ( 2.078886112499999772, 3.477083332377417957, -1.200245456666449329 ) ) ;
#180 = DIRECTION ( 'NONE',  ( 0.000000000000000000, 0.000000000000000000, 1.000000000000000000 ) ) ;
#181 = B_SPLINE_CURVE_WITH_KNOTS ( 'NONE', 3,
 ( #7334, #1434, #691, #4657, #7292, #1297, #4130, #3346, #4790, #2787, #6740, #6782, #6044, #1387, #828, #3435 ),
 .UNSPECIFIED., .F., .F.,
 ( 4, 2, 2, 2, 2, 2, 2, 4 ),
 ( 0.000000000000000000, 0.0004652937290881253006, 0.0009305874581762506011, 0.001861174916352501202, 0.002326468645440626665, 0.002791762374528751912, 0.003257056103616877158, 0.003722349832705002404 ),
 .UNSPECIFIED. ) ;
#183 = CARTESIAN_POINT ( 'NONE',  ( 0.4424244907038107355, 9.355258343912497665, 1.642271427047270915 ) ) ;
#182 = CYLINDRICAL_SURFACE ( 'NONE', #1777, 1.699999999999999956 ) ;
#184 = CARTESIAN_POINT ( 'NONE',  ( 1.039443056250000330, 9.922916665710751261, -1.800368184999674215 ) ) ;
#185 = ADVANCED_FACE ( 'NONE', ( #1360 ), #2594, .T. ) ;
#186 = EDGE_CURVE ( 'NONE', #5808, #5311, #8586, .T. ) ;
#187 = DIRECTION ( 'NONE',  ( 0.000000000000000000, 0.000000000000000000, -1.000000000000000000 ) ) ;
#188 = CARTESIAN_POINT ( 'NONE',  ( -0.02757889657000094780, 0.4101806109023862779, -1.699790069173936047 ) ) ;
#189 = CARTESIAN_POINT ( 'NONE',  ( 0.000000000000000000, 12.00000000000000000, 0.000000000000000000 ) ) ;
#190 = CARTESIAN_POINT ( 'NONE',  ( 0.9928798745872621234, 0.3451924571565224142, -1.379937238079183892 ) ) ;
#191 = CARTESIAN_POINT ( 'NONE',  ( -0.4783344788045692519, 5.507811111923629710, -1.631867600768892146 ) ) ;
#192 = ORIENTED_EDGE ( 'NONE', *, *, #6289, .F. ) ;
#193 = CARTESIAN_POINT ( 'NONE',  ( 1.469876756697720941E-16, 1.581249999044067156, -2.400490913332899545 ) ) ;
#194 = CARTESIAN_POINT ( 'NONE',  ( -1.056031430558427964, 0.000000000000000000, 1.387640113977169687 ) ) ;
#195 = CARTESIAN_POINT ( 'NONE',  ( -1.699999999999999956, 2.674999998088169129, -2.081899558550500280E-16 ) ) ;
#196 = ORIENTED_EDGE ( 'NONE', *, *, #491, .T. ) ;
#197 = AXIS2_PLACEMENT_3D ( 'NONE', #7535, #1454, #4939 ) ;
#198 = CARTESIAN_POINT ( 'NONE',  ( -1.396337444124321259, 3.481907601847179734, -0.9700759973029969840 ) ) ;
#199 = CARTESIAN_POINT ( 'NONE',  ( -4.871246803257019309, 8.000000000000001776, 2.263182533822205134 ) ) ;
#200 = CARTESIAN_POINT ( 'NONE',  ( -2.179449471770337432, 7.633700821002010528, -4.499999999999998224 ) ) ;
#201 = CARTESIAN_POINT ( 'NONE',  ( 1.060583524959001434, 5.401024306600456626, -1.330565159810794817 ) ) ;
#202 = CARTESIAN_POINT ( 'NONE',  ( -1.039443056249994113, 1.552083332377411473, -1.800368184999665333 ) ) ;
#203 = CARTESIAN_POINT ( 'NONE',  ( 0.1886433893060948108, 0.5034966373674092388, -1.484936321743044463 ) ) ;
#204 = CARTESIAN_POINT ( 'NONE',  ( -2.078886112499999772, 2.397916665710751349, -1.200245456666450439 ) ) ;
#205 = CARTESIAN_POINT ( 'NONE',  ( 1.632666209270461577, 6.731444127732495453, -0.4892883546200771927 ) ) ;
#206 = CARTESIAN_POINT ( 'NONE',  ( -0.08277600345734466292, 5.119319251797304737, 1.698508282092439758 ) ) ;
#207 = CARTESIAN_POINT ( 'NONE',  ( 0.6474525191283119208, 1.669432802820146389, 1.571886964979026580 ) ) ;
#208 = ORIENTED_EDGE ( 'NONE', *, *, #7615, .F. ) ;
#209 = PLANE ( 'NONE',  #4504 ) ;
#210 = CARTESIAN_POINT ( 'NONE',  ( 0.2400007280370759222, 3.358529179396473552, -1.683051445604371255 ) ) ;
#211 = CARTESIAN_POINT ( 'NONE',  ( -1.697256804432115906, 9.855902906151371212, 0.09688978412573097387 ) ) ;
#212 = CARTESIAN_POINT ( 'NONE',  ( 1.699999999999999956, 5.299999999999999822, 0.000000000000000000 ) ) ;
#213 = CARTESIAN_POINT ( 'NONE',  ( 1.039443056250000330, 0.1229166657107512162, -1.800368184999674215 ) ) ;
#214 = CARTESIAN_POINT ( 'NONE',  ( -7.127969451919535866E-09, 6.699999998577343518, -1.699999999999999734 ) ) ;
#215 = CARTESIAN_POINT ( 'NONE',  ( 2.078886112500000216, 1.318749999044084298, 0.000000000000000000 ) ) ;
#216 = AXIS2_PLACEMENT_3D ( 'NONE', #7404, #4109, #5551 ) ;
#217 = CARTESIAN_POINT ( 'NONE',  ( 0.7327554463594136980, 8.924731191339519754, -1.533975434041052077 ) ) ;
#218 = CARTESIAN_POINT ( 'NONE',  ( -1.000683185378378637, 1.344310134592273442, -1.374718648324386061 ) ) ;
#219 = ORIENTED_EDGE ( 'NONE', *, *, #3367, .F. ) ;
#220 = EDGE_LOOP ( 'NONE', ( #4851, #6973, #3786, #4802, #3003, #4227, #8220, #7785, #1973, #900 ) ) ;
#221 = CARTESIAN_POINT ( 'NONE',  ( 0.6433240057218829744, 9.631037619840272512, -1.574233260319123806 ) ) ;
#222 = CARTESIAN_POINT ( 'NONE',  ( -0.6997610986988296311, 4.376982009687631070, 1.549340857821013717 ) ) ;
#223 = CARTESIAN_POINT ( 'NONE',  ( 1.039443056249998776, 5.402083332377417335, 1.800368184999675325 ) ) ;
#224 = CARTESIAN_POINT ( 'NONE',  ( 1.465988411751308673, 7.459191650534878981, -0.8608125733210949537 ) ) ;
#226 = CARTESIAN_POINT ( 'NONE',  ( 0.9568331463381510860, 9.390981981971295411, 1.405233150431133504 ) ) ;
#225 = DIRECTION ( 'NONE',  ( 0.000000000000000000, 0.000000000000000000, -1.000000000000000000 ) ) ;
#227 = CARTESIAN_POINT ( 'NONE',  ( -2.078886112500000216, 10.21458333237741734, 1.200245456666449106 ) ) ;
#228 = FACE_OUTER_BOUND ( 'NONE', #4214, .T. ) ;
#229 = CARTESIAN_POINT ( 'NONE',  ( -1.819187907565584350, 10.20000000000000107, -0.7213624460152394668 ) ) ;
#230 = FACE_OUTER_BOUND ( 'NONE', #3065, .T. ) ;
#231 = ADVANCED_FACE ( 'NONE', ( #6332 ), #3632, .T. ) ;
#232 = CARTESIAN_POINT ( 'NONE',  ( 1.690677686637824362, 0.2583015334602912216, -0.1863576040350843344 ) ) ;
#233 = CARTESIAN_POINT ( 'NONE',  ( -0.6283237120538478493, 5.518127034263183184, -1.579853727532068319 ) ) ;
#234 = CARTESIAN_POINT ( 'NONE',  ( -1.039443056249999664, 4.439583332377400104, -1.800368184999674659 ) ) ;
#235 = CARTESIAN_POINT ( 'NONE',  ( 0.5267628741583559870, -1.301042606982605321E-15, 1.851101424389345551 ) ) ;
#236 =( BOUNDED_CURVE ( )  B_SPLINE_CURVE ( 2, ( #3837, #6646, #1878, #6486, #3877, #4533, #7176, #1220, #689 ),
 .UNSPECIFIED., .F., .F. ) 
 B_SPLINE_CURVE_WITH_KNOTS ( ( 3, 2, 2, 2, 3 ),
 ( 0.7476951359155564747, 0.7529979341610409938, 0.7636035388675345148, 0.7742091435740280359, 0.7795119468051009415 ),
 .UNSPECIFIED. ) 
 CURVE ( )  GEOMETRIC_REPRESENTATION_ITEM ( )  RATIONAL_B_SPLINE_CURVE ( ( 0.9330127018922595994, 0.9330127537832528795, 1.000000000000000000, 0.8660254037844387076, 1.000000000000000000, 0.8660254037844387076, 1.000000000000000000, 0.9330126908031399768, 0.9330127018922211857 ) ) 
 REPRESENTATION_ITEM ( '' )  );
#237 = FACE_OUTER_BOUND ( 'NONE', #2474, .T. ) ;
#238 = ORIENTED_EDGE ( 'NONE', *, *, #8282, .F. ) ;
#239 = CARTESIAN_POINT ( 'NONE',  ( -1.039443056250000996, 10.27291666571075091, 1.800368184999674215 ) ) ;
#240 = CARTESIAN_POINT ( 'NONE',  ( 0.8654543512077030876, 0.9845443148281121104, 1.463606100995968218 ) ) ;
#241 = DIRECTION ( 'NONE',  ( 0.000000000000000000, 0.000000000000000000, 1.000000000000000000 ) ) ;
#242 = CARTESIAN_POINT ( 'NONE',  ( 1.413520264549071426, 5.233983601054129409, 0.9453687702115884939 ) ) ;
#243 = CARTESIAN_POINT ( 'NONE',  ( 1.039443056249993225, 1.202083332377411606, 1.800368184999666221 ) ) ;
#244 = CARTESIAN_POINT ( 'NONE',  ( 1.148575706566230314, 0.5052904377093667687, 0.2532610185271022551 ) ) ;
#245 = CARTESIAN_POINT ( 'NONE',  ( 1.039443056250000330, 1.522916665710751349, -1.800368184999674215 ) ) ;
#246 = CARTESIAN_POINT ( 'NONE',  ( 1.677505495681356429, 6.717156219728403599, -0.2756775335616848399 ) ) ;
#247 = CARTESIAN_POINT ( 'NONE',  ( -1.508114740629591766E-07, 8.100000008437975296, -1.699999999999993072 ) ) ;
#248 = CARTESIAN_POINT ( 'NONE',  ( 0.6248394656096544209, 1.667877947939681693, 1.581059092166166247 ) ) ;
#249 = VECTOR ( 'NONE', #1795, 1000.000000000000000 ) ;
#250 = ORIENTED_EDGE ( 'NONE', *, *, #5226, .F. ) ;
#251 = CARTESIAN_POINT ( 'NONE',  ( 7.279416985118927208, 3.101558808504984110, 2.352227884582229311 ) ) ;
#252 = CARTESIAN_POINT ( 'NONE',  ( 1.594549572720465047, 3.238662973242033782, -0.5896363563561113352 ) ) ;
#253 = CARTESIAN_POINT ( 'NONE',  ( -1.424715861775175840, 9.914603681739018626, 0.9278956464217824607 ) ) ;
#254 = CIRCLE ( 'NONE', #3863, 8.083676619637062188 ) ;
#255 = CARTESIAN_POINT ( 'NONE',  ( -1.699999999999999956, 9.149999999999998579, -2.081899558550500280E-16 ) ) ;
#256 = CARTESIAN_POINT ( 'NONE',  ( -4.409630270093162085E-16, 2.631249999044084298, 2.400490913332899545 ) ) ;
#257 = CARTESIAN_POINT ( 'NONE',  ( 1.039443056250000330, 2.135416665710751616, -1.800368184999674215 ) ) ;
#258 = CARTESIAN_POINT ( 'NONE',  ( 0.9146920089258735453, 8.912248584258804840, -1.434695208849853909 ) ) ;
#259 = CARTESIAN_POINT ( 'NONE',  ( -0.6185158294300159287, 1.582374158017650245, 1.584051789218366757 ) ) ;
#260 = CIRCLE ( 'NONE', #6636, 5.000000000000000000 ) ;
#261 = ORIENTED_EDGE ( 'NONE', *, *, #2268, .F. ) ;
#262 = ORIENTED_EDGE ( 'NONE', *, *, #5385, .T. ) ;
#263 = CARTESIAN_POINT ( 'NONE',  ( 0.4948698154786803638, 9.641037579983382955, -1.626389387338473602 ) ) ;
#264 = CARTESIAN_POINT ( 'NONE',  ( -1.699999999999999289, 6.116666664754835558, -0.9814954576223643423 ) ) ;
#265 = PLANE ( 'NONE',  #3027 ) ;
#266 = VECTOR ( 'NONE', #1077, 1000.000000000000000 ) ;
#267 = CARTESIAN_POINT ( 'NONE',  ( -1.039443056249999664, 6.452083332377417157, -1.800368184999674437 ) ) ;
#268 = CARTESIAN_POINT ( 'NONE',  ( 0.06364607088257320799, 7.570633011087922526, -1.698965930444438222 ) ) ;
#269 = CARTESIAN_POINT ( 'NONE',  ( 1.683110827433713874, 9.485162940851529001, 0.2400711578250928624 ) ) ;
#270 = CARTESIAN_POINT ( 'NONE',  ( 1.469876756697720448E-16, -0.4736414642099598393, -2.400490913332899545 ) ) ;
#271 = VECTOR ( 'NONE', #4047, 1000.000000000000000 ) ;
#272 = VERTEX_POINT ( 'NONE', #4289 ) ;
#273 = DIRECTION ( 'NONE',  ( 0.000000000000000000, 0.000000000000000000, -1.000000000000000000 ) ) ;
#274 = CARTESIAN_POINT ( 'NONE',  ( -2.012186408058159515, 10.19999999999999929, 0.03525869503609162237 ) ) ;
#275 = CARTESIAN_POINT ( 'NONE',  ( 2.279064564105362400, 2.000000000000000444, -4.400384907664983913 ) ) ;
#276 = CARTESIAN_POINT ( 'NONE',  ( 1.614354070901458771, 0.2165349729624630182, 0.5331768765484042882 ) ) ;
#277 = CARTESIAN_POINT ( 'NONE',  ( -1.687524051939779390, 5.635670296493490383, -0.2339726516957285618 ) ) ;
#278 = CARTESIAN_POINT ( 'NONE',  ( -2.078886112500000216, 4.556249999044068133, -2.545901223465009197E-16 ) ) ;
#279 = CARTESIAN_POINT ( 'NONE',  ( -0.1467030051805851831, 0.000000000000000000, 3.061015496598175734 ) ) ;
#280 = CARTESIAN_POINT ( 'NONE',  ( -2.408346736891405305E-07, 5.824996424652506555, 1.699999999999965539 ) ) ;
#281 = ORIENTED_EDGE ( 'NONE', *, *, #2515, .F. ) ;
#282 = CARTESIAN_POINT ( 'NONE',  ( -2.078886112500000216, 9.514583332377416269, 1.200245456666449106 ) ) ;
#283 = CARTESIAN_POINT ( 'NONE',  ( -4.500000000000000000, 7.499999999999998224, 2.179449471770337432 ) ) ;
#284 = DIRECTION ( 'NONE',  ( -0.5120428415488806895, 0.6896551724137933714, 0.5120428415488774698 ) ) ;
#285 = CARTESIAN_POINT ( 'NONE',  ( 1.692419884777928374, 5.309891024034633311, -0.1606138019602179057 ) ) ;
#286 = CARTESIAN_POINT ( 'NONE',  ( -0.2871169030117385890, 7.205317785966311561, 1.676862938230284428 ) ) ;
#287 = EDGE_CURVE ( 'NONE', #2277, #4875, #5908, .T. ) ;
#288 = CARTESIAN_POINT ( 'NONE',  ( -1.529196947011411956, -1.712189104798673472E-14, -0.7426686321980862093 ) ) ;
#289 = CARTESIAN_POINT ( 'NONE',  ( -1.767520750178339206, 0.5021018048800824918, 0.6877126152283029592 ) ) ;
#290 = CARTESIAN_POINT ( 'NONE',  ( -2.078886112499999772, 4.497916665710750550, -1.200245456666450439 ) ) ;
#291 = VECTOR ( 'NONE', #4638, 1000.000000000000000 ) ;
#292 = CARTESIAN_POINT ( 'NONE',  ( 1.031036713143619332, 6.596659072066228369, 1.352575143601840724 ) ) ;
#293 = CARTESIAN_POINT ( 'NONE',  ( 0.6713901099127924654, 7.971087340950930411, 1.561893297461148356 ) ) ;
#294 =( BOUNDED_CURVE ( )  B_SPLINE_CURVE ( 2, ( #475, #1866, #3291, #2479, #5864, #2645, #3251, #5215, #1249 ),
 .UNSPECIFIED., .F., .F. ) 
 B_SPLINE_CURVE_WITH_KNOTS ( ( 3, 2, 2, 2, 3 ),
 ( 0.3022596862358097325, 0.3075625364883124990, 0.3181681411948060756, 0.3287737459012996522, 0.3340765480405574195 ),
 .UNSPECIFIED. ) 
 CURVE ( )  GEOMETRIC_REPRESENTATION_ITEM ( )  RATIONAL_B_SPLINE_CURVE ( ( 0.9330127018976850373, 0.9330120968080528598, 1.000000000000000000, 0.8660254037844387076, 1.000000000000000000, 0.8660254037844387076, 1.000000000000000000, 0.9330127045954206277, 0.9330127018922194093 ) ) 
 REPRESENTATION_ITEM ( '' )  );
#295 = CARTESIAN_POINT ( 'NONE',  ( 1.673251238439911415, 1.818852882843449148, -0.3005169437525999077 ) ) ;
#296 = ADVANCED_FACE ( 'NONE', ( #2580 ), #1926, .F. ) ;
#297 = ORIENTED_EDGE ( 'NONE', *, *, #1292, .F. ) ;
#298 = CARTESIAN_POINT ( 'NONE',  ( 2.001504641634407111, 0.01800352720057203648, 0.6043481268177959276 ) ) ;
#299 = FACE_OUTER_BOUND ( 'NONE', #8159, .T. ) ;
#300 = CARTESIAN_POINT ( 'NONE',  ( -1.699999999999999289, 8.391666666666665719, -0.9814954576223643423 ) ) ;
#301 = CARTESIAN_POINT ( 'NONE',  ( -1.039443056250000996, 1.172916665710751261, 1.800368184999674215 ) ) ;
#302 = DIRECTION ( 'NONE',  ( 0.000000000000000000, 0.000000000000000000, -1.000000000000000000 ) ) ;
#303 = CARTESIAN_POINT ( 'NONE',  ( -2.078886112500000216, 2.368749999044084120, -2.545901223465009197E-16 ) ) ;
#304 = CARTESIAN_POINT ( 'NONE',  ( 1.373720442183686385, 8.870610191674456857, -1.003024951540886223 ) ) ;
#305 = CARTESIAN_POINT ( 'NONE',  ( -1.419759134014801027, 1.384779651079188989, -0.9356563794128164302 ) ) ;
#306 = VERTEX_POINT ( 'NONE', #1309 ) ;
#307 = CARTESIAN_POINT ( 'NONE',  ( 0.8157725663273082128, 9.619203219919587156, -1.491973126533403304 ) ) ;
#308 = LINE ( 'NONE', #4348, #6726 ) ;
#309 = AXIS2_PLACEMENT_3D ( 'NONE', #1895, #5083, #4426 ) ;
#310 = CARTESIAN_POINT ( 'NONE',  ( 1.700020602555708304, 2.505637985493333719, -0.09458925328879813632 ) ) ;
#311 = CARTESIAN_POINT ( 'NONE',  ( -1.039443056250000996, 8.785416665710751971, 1.800368184999674215 ) ) ;
#312 = CARTESIAN_POINT ( 'NONE',  ( -1.556712403413307744, 0.7044826089191141838, -0.6831284299877004029 ) ) ;
#313 = LINE ( 'NONE', #4223, #2489 ) ;
#314 = CARTESIAN_POINT ( 'NONE',  ( -1.039443056250000996, 4.018025202456705358, 1.800368184999674215 ) ) ;
#315 = ORIENTED_EDGE ( 'NONE', *, *, #3735, .F. ) ;
#316 = LINE ( 'NONE', #3016, #5393 ) ;
#317 = CARTESIAN_POINT ( 'NONE',  ( 2.966664951328145339, 3.021034482758619522, -5.087985294887761079 ) ) ;
#318 = CARTESIAN_POINT ( 'NONE',  ( 0.000000000000000000, 10.19999999999999929, 0.000000000000000000 ) ) ;
#319 = CARTESIAN_POINT ( 'NONE',  ( 0.5341757794551159622, 0.3747309229167590794, -1.613909236868969144 ) ) ;
#320 = CARTESIAN_POINT ( 'NONE',  ( -0.6577415112799450680, 5.779867916414567652, 1.567604648453231775 ) ) ;
#321 = CARTESIAN_POINT ( 'NONE',  ( -4.409630270093162085E-16, 4.731249999044066179, 2.400490913332899545 ) ) ;
#322 = CARTESIAN_POINT ( 'NONE',  ( -2.393999857527483677, 8.673617379884035472E-16, -1.224682703665920247 ) ) ;
#323 = CARTESIAN_POINT ( 'NONE',  ( 0.5464935551881369147, 5.862504905159023672, 1.609790633179651875 ) ) ;
#324 = ORIENTED_EDGE ( 'NONE', *, *, #8071, .F. ) ;
#325 = CARTESIAN_POINT ( 'NONE',  ( -1.699999999999999956, -0.1250000019118310546, -2.081899558550500280E-16 ) ) ;
#326 = CARTESIAN_POINT ( 'NONE',  ( 1.265315860269971449, 1.182851056339042861, -1.140583784395373890 ) ) ;
#327 = CARTESIAN_POINT ( 'NONE',  ( 1.652417281250613490, 5.274616002567674045, 0.3996301211790472263 ) ) ;
#328 = CARTESIAN_POINT ( 'NONE',  ( -4.027325123107993399, 3.021034482758622186, 4.027325123107909910 ) ) ;
#329 = CARTESIAN_POINT ( 'NONE',  ( -1.305571532502650678, 0.1282718174383048193, 1.089532359592308319 ) ) ;
#330 = CARTESIAN_POINT ( 'NONE',  ( -1.760352748747971319, 0.5020943370998587341, 0.7134301428642011444 ) ) ;
#331 = CARTESIAN_POINT ( 'NONE',  ( 2.078886112500000216, 3.506249999044084298, 0.000000000000000000 ) ) ;
#332 = EDGE_CURVE ( 'NONE', #4619, #3159, #6395, .T. ) ;
#333 = CARTESIAN_POINT ( 'NONE',  ( -8.683605375308824697E-06, 7.575000274962085278, -1.699999999977821696 ) ) ;
#334 = CARTESIAN_POINT ( 'NONE',  ( 0.8276835624947497250, 7.981851796813330679, 1.486614070412511479 ) ) ;
#335 = CARTESIAN_POINT ( 'NONE',  ( 1.660948059617459727, 1.822872350336061320, -0.3648132610403869158 ) ) ;
#336 = ORIENTED_EDGE ( 'NONE', *, *, #3257, .F. ) ;
#337 = CARTESIAN_POINT ( 'NONE',  ( -1.963797142679982510, 0.3317970463036974405, -0.7402362028975412178 ) ) ;
#338 = FACE_OUTER_BOUND ( 'NONE', #1745, .T. ) ;
#339 = AXIS2_PLACEMENT_3D ( 'NONE', #2660, #2537, #5190 ) ;
#340 = CARTESIAN_POINT ( 'NONE',  ( 0.8500000000000001998, 6.816666666666666430, -1.472243186433545459 ) ) ;
#341 = CARTESIAN_POINT ( 'NONE',  ( -2.078886112500000216, 6.014583332377418046, 1.200245456666449106 ) ) ;
#342 = CARTESIAN_POINT ( 'NONE',  ( 0.8500000000000001998, 9.441666664754835736, -1.472243186433545459 ) ) ;
#343 = CARTESIAN_POINT ( 'NONE',  ( -2.078886112499999772, 4.410416665710751083, -1.200245456666450439 ) ) ;
#344 = CARTESIAN_POINT ( 'NONE',  ( -1.503995938375251473, 8.396174897110979529, -0.7924858788958109024 ) ) ;
#345 = CARTESIAN_POINT ( 'NONE',  ( -1.322842632663717710, 1.373112980200667632, -1.076470674229944580 ) ) ;
#346 = CIRCLE ( 'NONE', #8510, 0.1000000000000001443 ) ;
#347 = ORIENTED_EDGE ( 'NONE', *, *, #1911, .T. ) ;
#348 = DIRECTION ( 'NONE',  ( -0.000000000000000000, -1.000000000000000000, -0.000000000000000000 ) ) ;
#349 = CARTESIAN_POINT ( 'NONE',  ( -0.8499999999999996447, 9.558333331421501100, -1.472243186433545681 ) ) ;
#350 = CARTESIAN_POINT ( 'NONE',  ( 1.100886581346357529, 2.402156694043950935, 1.300776675911416325 ) ) ;
#351 = CARTESIAN_POINT ( 'NONE',  ( -1.039443056249999664, 8.552083332377417690, -1.800368184999674437 ) ) ;
#352 = CARTESIAN_POINT ( 'NONE',  ( -1.206325598651662334, 0.6618694038126662349, -1.197827474286886407 ) ) ;
#354 = CARTESIAN_POINT ( 'NONE',  ( 0.9354459869293497709, 9.389400656608540174, 1.419489764726159953 ) ) ;
#353 = DIRECTION ( 'NONE',  ( 0.000000000000000000, 0.000000000000000000, 1.000000000000000000 ) ) ;
#355 = CARTESIAN_POINT ( 'NONE',  ( 2.078886112499999328, 3.493025202456707223, 1.200245456666450661 ) ) ;
#356 = ORIENTED_EDGE ( 'NONE', *, *, #3577, .F. ) ;
#357 = EDGE_CURVE ( 'NONE', #1182, #5170, #535, .T. ) ;
#358 = DIRECTION ( 'NONE',  ( 0.000000000000000000, 0.000000000000000000, 1.000000000000000000 ) ) ;
#359 = CARTESIAN_POINT ( 'NONE',  ( 2.087841437039954950, 7.190554247572069826E-16, -0.06710999335250893150 ) ) ;
#360 = CARTESIAN_POINT ( 'NONE',  ( 0.000000000000000000, 0.000000000000000000, -7.650000000000000355 ) ) ;
#361 = CARTESIAN_POINT ( 'NONE',  ( 0.7069199121595588498, 0.2735141830462377022, 1.546087041463565681 ) ) ;
#362 = DIRECTION ( 'NONE',  ( -0.7071067811865474617, 0.000000000000000000, -0.7071067811865474617 ) ) ;
#363 = CARTESIAN_POINT ( 'NONE',  ( 1.039443056250000330, 3.622916665710733675, -1.800368184999674437 ) ) ;
#364 = CARTESIAN_POINT ( 'NONE',  ( -2.737930416944771572, 8.673617379884035472E-16, -0.2757823946973844143 ) ) ;
#365 = VERTEX_POINT ( 'NONE', #2540 ) ;
#366 = CARTESIAN_POINT ( 'NONE',  ( 2.078886112499999328, 8.347916665710750195, 1.200245456666450661 ) ) ;
#367 = CARTESIAN_POINT ( 'NONE',  ( 1.630221331509801086, 1.131045407644119649, -0.4820746207708382913 ) ) ;
#368 = CARTESIAN_POINT ( 'NONE',  ( -2.078886112499999772, 1.610416665710751039, -1.200245456666450439 ) ) ;
#369 = CARTESIAN_POINT ( 'NONE',  ( 0.09447899171158477549, 5.468516148727619708, -1.697374293951120716 ) ) ;
#370 = CARTESIAN_POINT ( 'NONE',  ( -2.078886112499989114, 0.9687499990440783249, -2.545901223464995885E-16 ) ) ;
#371 = CARTESIAN_POINT ( 'NONE',  ( -0.6404389153016674108, 0.5016091468005602350, 1.967521689852264055 ) ) ;
#372 = CARTESIAN_POINT ( 'NONE',  ( -1.746399393836200575, 0.5020760231428309517, 0.7603194213519163247 ) ) ;
#373 = CARTESIAN_POINT ( 'NONE',  ( 2.078886112499999772, 2.864583332377418579, -1.200245456666449329 ) ) ;
#374 = CARTESIAN_POINT ( 'NONE',  ( 0.009314746742992935022, 6.874360752675248598, -1.700000000122115162 ) ) ;
#375 = DIRECTION ( 'NONE',  ( -0.000000000000000000, 1.000000000000000000, -0.000000000000000000 ) ) ;
#376 = CARTESIAN_POINT ( 'NONE',  ( 1.311415573522753952, 1.877654994749248019, -1.082829454649554268 ) ) ;
#377 = ORIENTED_EDGE ( 'NONE', *, *, #2880, .F. ) ;
#378 = CARTESIAN_POINT ( 'NONE',  ( 0.4374755300848942596, 4.454955321748861330, 1.643590127088203845 ) ) ;
#379 = FACE_OUTER_BOUND ( 'NONE', #4766, .T. ) ;
#380 = CARTESIAN_POINT ( 'NONE',  ( -1.700000000000000400, 8.508333333333332860, 0.9814954576223632321 ) ) ;
#381 = CARTESIAN_POINT ( 'NONE',  ( 2.078886112500000216, 5.606249999044083943, 0.000000000000000000 ) ) ;
#382 = CYLINDRICAL_SURFACE ( 'NONE', #8149, 0.1000000000000001443 ) ;
#383 = CARTESIAN_POINT ( 'NONE',  ( 1.039443056249998776, 4.702083332377417157, 1.800368184999675325 ) ) ;
#384 = CARTESIAN_POINT ( 'NONE',  ( -1.534966712885916795, 1.499123587406359093, 0.7312292196339065242 ) ) ;
#385 = ADVANCED_FACE ( 'NONE', ( #7225 ), #2639, .F. ) ;
#386 = EDGE_LOOP ( 'NONE', ( #2666, #4676, #4018, #2492 ) ) ;
#387 = CARTESIAN_POINT ( 'NONE',  ( 0.5456530704331983284, 3.762383181388039510, 1.610954131364284114 ) ) ;
#388 = AXIS2_PLACEMENT_3D ( 'NONE', #6526, #3957, #5958 ) ;
#389 = CARTESIAN_POINT ( 'NONE',  ( 1.699999999999999956, 10.08333333142150146, -0.9814954576223635652 ) ) ;
#390 = CARTESIAN_POINT ( 'NONE',  ( 1.699832316545407673, 2.498350781806975451, 0.02766628908371540629 ) ) ;
#391 =( BOUNDED_CURVE ( )  B_SPLINE_CURVE ( 2, ( #6777, #82, #4169, #5438, #1382, #1333, #4036, #4693, #2732 ),
 .UNSPECIFIED., .F., .F. ) 
 B_SPLINE_CURVE_WITH_KNOTS ( ( 3, 2, 2, 2, 3 ),
 ( 0.5249774443932829771, 0.5302802353246768297, 0.5408858400311703507, 0.5514914447376638718, 0.5567942565192131044 ),
 .UNSPECIFIED. ) 
 CURVE ( )  GEOMETRIC_REPRESENTATION_ITEM ( )  RATIONAL_B_SPLINE_CURVE ( ( 0.9330127018925301607, 0.9330128461780179405, 1.000000000000000000, 0.8660254037844387076, 1.000000000000000000, 0.8660254037844387076, 1.000000000000000000, 0.9330125827898159141, 0.9330127018924311288 ) ) 
 REPRESENTATION_ITEM ( '' )  );
#392 = CARTESIAN_POINT ( 'NONE',  ( -2.078886112500000216, 9.368749999044084120, -2.545901223465009197E-16 ) ) ;
#393 = CARTESIAN_POINT ( 'NONE',  ( -1.582350496399323792, 0.7090122796283483408, -0.6216350905786692804 ) ) ;
#394 = B_SPLINE_CURVE_WITH_KNOTS ( 'NONE', 3,
 ( #432, #4394, #3740, #2436, #5741, #4349, #6870, #4918, #8330, #6311, #6351, #3611, #1044, #4963, #5614, #915, #2349, #5008, #3091, #350, #6915, #5656, #5093, #1610, #8371, #4218, #7645, #4308, #2393, #2926, #1696, #3695, #7726, #7600, #4263, #6271, #390, #1656, #310, #3050, #5703, #5574, #2262, #2965, #1003, #8578, #7204, #2600, #4564, #6474, #593, #1125, #5133, #5822, #7769, #1248, #7849, #3214, #4521, #4605, #6557, #7162, #3906, #5297, #5256, #3172, #3781, #1783, #1904, #1823, #4438, #7081, #6435 ),
 .UNSPECIFIED., .F., .F.,
 ( 4, 2, 1, 2, 2, 2, 2, 2, 2, 2, 2, 1, 2, 2, 2, 2, 2, 2, 1, 2, 2, 2, 2, 2, 2, 2, 2, 2, 2, 2, 2, 1, 2, 2, 2, 2, 1, 2, 4 ),
 ( 0.2325322848433532819, 0.2336258878251619431, 0.2341726893160663014, 0.2344460900615184529, 0.2347194908069706321, 0.2369066967705879545, 0.2380002997523966435, 0.2382737004978487949, 0.2385471012433009741, 0.2390939027342053047, 0.2412811086978225994, 0.2418279101887269300, 0.2421013109341791092, 0.2423747116796312606, 0.2434683146614399218, 0.2456555206250572720, 0.2478427265886745945, 0.2489363295704832557, 0.2494831310613875863, 0.2497565318068397655, 0.2500299325522919447, 0.2522171385159092671, 0.2533107414977179284, 0.2538575429886222867, 0.2544043444795265896, 0.2565915504431439120, 0.2576851534249526288, 0.2587787564067612900, 0.2609659623703786124, 0.2615127638612829708, 0.2617861646067350945, 0.2620595653521872737, 0.2631531683339959349, 0.2653403742976132573, 0.2656137750430653810, 0.2657504754157914983, 0.2658871757885175602, 0.2664339772794218630, 0.2675275802612305243 ),
 .UNSPECIFIED. ) ;
#395 = ADVANCED_FACE ( 'NONE', ( #1268, #3316 ), #5279, .T. ) ;
#397 = CARTESIAN_POINT ( 'NONE',  ( 1.143516089686163584, 8.193850164803317071, -1.257982086022926493 ) ) ;
#396 = APPLICATION_PROTOCOL_DEFINITION ( 'draft international standard', 'automotive_design', 1998, #8434 ) ;
#398 = CARTESIAN_POINT ( 'NONE',  ( -1.039443056249999664, 4.484691869123373031, -1.800368184999674437 ) ) ;
#399 = EDGE_CURVE ( 'NONE', #3879, #2320, #5318, .T. ) ;
#400 = ORIENTED_EDGE ( 'NONE', *, *, #4433, .F. ) ;
#401 = CARTESIAN_POINT ( 'NONE',  ( 0.000000000000000000, 10.19999999999999929, -1.699999999999999956 ) ) ;
#402 = CARTESIAN_POINT ( 'NONE',  ( 0.4732037384819801074, 0.1179515285961176135, 1.635636128957005164 ) ) ;
#403 = CARTESIAN_POINT ( 'NONE',  ( -4.433344562587834048, 2.048942590553171961, -2.312024219028189886 ) ) ;
#404 = CARTESIAN_POINT ( 'NONE',  ( -4.409630270093162085E-16, 6.831249999044067600, 2.400490913332899545 ) ) ;
#405 = CARTESIAN_POINT ( 'NONE',  ( -1.518827421507961350, 2.602085213965210642E-15, -2.096450970599010422 ) ) ;
#406 = ORIENTED_EDGE ( 'NONE', *, *, #8134, .F. ) ;
#407 = CARTESIAN_POINT ( 'NONE',  ( 2.078886112500000216, 9.106249999044083054, 0.000000000000000000 ) ) ;
#408 = CARTESIAN_POINT ( 'NONE',  ( 0.3916234860087393077, 1.248122177293753188, -1.654833808994657707 ) ) ;
#409 = CARTESIAN_POINT ( 'NONE',  ( 2.078886112499999328, 0.5604166657107509941, 1.200245456666450661 ) ) ;
#410 = CARTESIAN_POINT ( 'NONE',  ( -1.045420907759713414, 9.047824078998155883, -1.340585597170341536 ) ) ;
#411 = CARTESIAN_POINT ( 'NONE',  ( 2.078886112499989558, 5.577083332377410940, -1.200245456666443111 ) ) ;
#412 = CARTESIAN_POINT ( 'NONE',  ( -1.429593974822980229, 0.5018608926090358802, 1.372787838162190521 ) ) ;
#413 = CARTESIAN_POINT ( 'NONE',  ( -1.787637142886436381, 0.5020233786161520939, -0.2337754827112817346 ) ) ;
#414 = CARTESIAN_POINT ( 'NONE',  ( -2.078886112500000216, 5.956249999044083587, -2.545901223465009197E-16 ) ) ;
#415 = CARTESIAN_POINT ( 'NONE',  ( -1.699876286817896487, 7.751468706109856832, 0.02487579668231196250 ) ) ;
#416 = CARTESIAN_POINT ( 'NONE',  ( 0.4555177388256436699, 1.068738976796212992, -1.699997626113092242 ) ) ;
#417 = CARTESIAN_POINT ( 'NONE',  ( 1.702587695878609253, 1.800277416827454458, -0.0009652329160755053874 ) ) ;
#418 = AXIS2_PLACEMENT_3D ( 'NONE', #3989, #4691, #3867 ) ;
#419 = ORIENTED_EDGE ( 'NONE', *, *, #6354, .F. ) ;
#420 = CARTESIAN_POINT ( 'NONE',  ( -2.179449471770337432, 8.000000000000000000, 4.999999999999999112 ) ) ;
#421 = CARTESIAN_POINT ( 'NONE',  ( -1.110745394838683620, 2.753110606403778249, -1.288276404773437411 ) ) ;
#422 = CYLINDRICAL_SURFACE ( 'NONE', #745, 1.699999999999999956 ) ;
#423 = CARTESIAN_POINT ( 'NONE',  ( 0.8499999999999988676, 8.683333333333335347, 1.472243186433546347 ) ) ;
#424 = CARTESIAN_POINT ( 'NONE',  ( -2.078886112499999772, 3.797916665710751261, -1.200245456666450439 ) ) ;
#425 = CARTESIAN_POINT ( 'NONE',  ( -0.9244424982796721757, 2.038591845760416188, -1.426715251625069847 ) ) ;
#426 = CARTESIAN_POINT ( 'NONE',  ( 1.039443056249998776, 1.902083332377417557, 1.800368184999675325 ) ) ;
#427 = CARTESIAN_POINT ( 'NONE',  ( 0.009239039032271358434, 8.974365948352778233, -1.700000009013715507 ) ) ;
#428 = CARTESIAN_POINT ( 'NONE',  ( -1.667531242449646456, 1.429229267338314679, -0.3307347375602854300 ) ) ;
#429 = LINE ( 'NONE', #5090, #2195 ) ;
#430 = CARTESIAN_POINT ( 'NONE',  ( 1.690701334270005241, 3.911355800122445991, -0.1855700443917392695 ) ) ;
#431 = CARTESIAN_POINT ( 'NONE',  ( -1.699999999999999956, 8.274999998088167885, -2.081899558550500280E-16 ) ) ;
#432 = CARTESIAN_POINT ( 'NONE',  ( -3.077803609300881198E-06, 2.324955005026811516, 1.699999999994461497 ) ) ;
#433 = CARTESIAN_POINT ( 'NONE',  ( -1.039443056249999664, 9.952083332377418046, -1.800368184999674437 ) ) ;
#434 = CARTESIAN_POINT ( 'NONE',  ( -1.399258733472679372, 0.6822759149509991516, -0.9675509509768550620 ) ) ;
#435 = CARTESIAN_POINT ( 'NONE',  ( 1.096143319355034729, 8.197949361841944338, -1.299476762697908905 ) ) ;
#436 = CARTESIAN_POINT ( 'NONE',  ( 2.078886112499999328, 2.093025202456707312, 1.200245456666450661 ) ) ;
#437 = ORIENTED_EDGE ( 'NONE', *, *, #968, .F. ) ;
#438 = CARTESIAN_POINT ( 'NONE',  ( 2.835728191235402775E-08, 3.550000415037701806, 1.699999999999999512 ) ) ;
#439 = CARTESIAN_POINT ( 'NONE',  ( 0.000000000000000000, 7.500000000000000000, 0.000000000000000000 ) ) ;
#440 = CARTESIAN_POINT ( 'NONE',  ( 1.238752239475229944, 0.3149371630419617873, 1.165342299394609427 ) ) ;
#441 = EDGE_CURVE ( 'NONE', #7878, #910, #8544, .T. ) ;
#442 = CARTESIAN_POINT ( 'NONE',  ( 9.368548013477252244E-16, 12.00000000000000000, 7.650000000000000355 ) ) ;
#443 = EDGE_CURVE ( 'NONE', #5955, #2311, #7304, .T. ) ;
#444 = CARTESIAN_POINT ( 'NONE',  ( -2.078886112500001104, 7.414583332377400637, 1.200245456666448884 ) ) ;
#445 = CARTESIAN_POINT ( 'NONE',  ( -2.596183389786566931, 8.673617379884035472E-16, -0.8187128864885656609 ) ) ;
#446 = ORIENTED_EDGE ( 'NONE', *, *, #2534, .F. ) ;
#447 = CARTESIAN_POINT ( 'NONE',  ( 1.699999999999999956, 1.624999998088168862, 0.000000000000000000 ) ) ;
#448 = CARTESIAN_POINT ( 'NONE',  ( 1.060660171779820526, 0.000000000000000000, -1.060660171779820526 ) ) ;
#449 = CARTESIAN_POINT ( 'NONE',  ( 1.469876756697720448E-16, 2.193749999044084298, -2.400490913332899545 ) ) ;
#450 = CARTESIAN_POINT ( 'NONE',  ( -0.5966006050200678423, 9.015905759137874398, -1.594019204823291735 ) ) ;
#451 = CARTESIAN_POINT ( 'NONE',  ( 2.078886112499989558, 4.177083332377411473, -1.200245456666443111 ) ) ;
#452 = CARTESIAN_POINT ( 'NONE',  ( -1.640501019432972551, 0.07858722232460338408, 0.4464563160453381974 ) ) ;
#453 = CARTESIAN_POINT ( 'NONE',  ( -1.094704105788039117, 0.5015634212904693801, 1.700381985728580236 ) ) ;
#454 = CARTESIAN_POINT ( 'NONE',  ( -2.078886112500000216, 7.414583332377417513, 1.200245456666449106 ) ) ;
#455 = CARTESIAN_POINT ( 'NONE',  ( -1.567749805291114962, 7.706382842364345009, -0.6575246859471960414 ) ) ;
#456 = CARTESIAN_POINT ( 'NONE',  ( 1.513431874914419772, 8.047574483143421276, 0.7743739542167239476 ) ) ;
#457 = CARTESIAN_POINT ( 'NONE',  ( 0.7342157156523546613, 1.924612636706386493, -1.533275901506305772 ) ) ;
#458 = ORIENTED_EDGE ( 'NONE', *, *, #7869, .T. ) ;
#459 = CARTESIAN_POINT ( 'NONE',  ( 1.698249144170172586, 4.606237295812015908, -0.09487032661212553564 ) ) ;
#460 = CARTESIAN_POINT ( 'NONE',  ( 2.291287847478249429, 8.000000000000000000, -4.999999999999999112 ) ) ;
#461 = ADVANCED_FACE ( 'NONE', ( #4011 ), #4670, .T. ) ;
#462 = CYLINDRICAL_SURFACE ( 'NONE', #3220, 1.699999999999999956 ) ;
#463 = CARTESIAN_POINT ( 'NONE',  ( 1.699999999999999067, 9.441666666666668206, 0.9814954576223646754 ) ) ;
#464 = CARTESIAN_POINT ( 'NONE',  ( 1.039443056249998776, 4.089583332377417335, 1.800368184999675325 ) ) ;
#465 = CARTESIAN_POINT ( 'NONE',  ( -1.638057593225723974, 2.120824164342915097, -0.4559205015571196618 ) ) ;
#466 = CARTESIAN_POINT ( 'NONE',  ( 1.039443056249998776, 5.402083332377417335, 1.800368184999675325 ) ) ;
#467 = DIRECTION ( 'NONE',  ( 0.000000000000000000, -1.000000000000000000, 0.000000000000000000 ) ) ;
#468 = CARTESIAN_POINT ( 'NONE',  ( -0.1713728045692548274, 1.613252984437228754, 1.691844955685651408 ) ) ;
#469 = VECTOR ( 'NONE', #2119, 1000.000000000000000 ) ;
#470 = VERTEX_POINT ( 'NONE', #3382 ) ;
#471 = CARTESIAN_POINT ( 'NONE',  ( 1.695268378233382389, 3.907728078422639140, -0.1272697371409744205 ) ) ;
#472 = CARTESIAN_POINT ( 'NONE',  ( -1.699999999999999289, 8.916666664754835381, -0.9814954576223643423 ) ) ;
#473 = VECTOR ( 'NONE', #3974, 1000.000000000000000 ) ;
#474 = CARTESIAN_POINT ( 'NONE',  ( 4.500000000000000000, 7.499999999999998224, 2.179449471770337432 ) ) ;
#475 = CARTESIAN_POINT ( 'NONE',  ( -4.136184376984511016E-06, 2.849939476670718896, 1.699999999990040589 ) ) ;
#476 = CARTESIAN_POINT ( 'NONE',  ( -1.692047458869148535, 0.7396051702984471898, -0.1702979588579722481 ) ) ;
#478 = CARTESIAN_POINT ( 'NONE',  ( 1.697396054476514538, 8.094182493057523686, 0.09633835001858255531 ) ) ;
#477 = DIRECTION ( 'NONE',  ( 0.000000000000000000, 0.000000000000000000, 1.000000000000000000 ) ) ;
#479 = CARTESIAN_POINT ( 'NONE',  ( 2.078886112499999772, 1.509691869123373387, -1.200245456666449329 ) ) ;
#480 = ORIENTED_EDGE ( 'NONE', *, *, #7152, .F. ) ;
#481 = CARTESIAN_POINT ( 'NONE',  ( 1.649907498098556413, 5.973893787077051876, 0.4100950473810956454 ) ) ;
#482 = CARTESIAN_POINT ( 'NONE',  ( -1.060660171779820526, 0.000000000000000000, 1.060660171779820526 ) ) ;
#483 = CARTESIAN_POINT ( 'NONE',  ( 0.4555136271329087716, 7.368739258971204187, -1.699999999999999956 ) ) ;
#484 = CARTESIAN_POINT ( 'NONE',  ( 1.044547959905748558, 0.1547002414696954375, 1.341257273048109377 ) ) ;
#485 = CARTESIAN_POINT ( 'NONE',  ( 0.000000000000000000, 10.19999999999999929, -1.699999999999999956 ) ) ;
#486 = CARTESIAN_POINT ( 'NONE',  ( -2.078886112500001104, 8.114583332377399927, 1.200245456666448884 ) ) ;
#487 = ORIENTED_EDGE ( 'NONE', *, *, #3406, .T. ) ;
#488 = VERTEX_POINT ( 'NONE', #597 ) ;
#489 = CARTESIAN_POINT ( 'NONE',  ( 1.699999999999999956, 0.9833333314215022547, -0.9814954576223635652 ) ) ;
#490 = CARTESIAN_POINT ( 'NONE',  ( 1.633753480550695691, 1.130208443589518996, -0.4700209395252804567 ) ) ;
#491 = EDGE_CURVE ( 'NONE', #4847, #8111, #5969, .T. ) ;
#492 = CARTESIAN_POINT ( 'NONE',  ( 2.078886112499999772, 1.377083332377417868, -1.200245456666449329 ) ) ;
#493 = CARTESIAN_POINT ( 'NONE',  ( -1.239638115332417856, 9.065044377532609943, -1.163447337770056489 ) ) ;
#494 = CARTESIAN_POINT ( 'NONE',  ( -2.078886112499989114, 5.810416665710745221, -1.200245456666443999 ) ) ;
#495 = CARTESIAN_POINT ( 'NONE',  ( -0.8500000000000007550, 2.091666664754835647, 1.472243186433545237 ) ) ;
#496 = CARTESIAN_POINT ( 'NONE',  ( 0.000000000000000000, 10.19999999999999929, -1.699999999999999956 ) ) ;
#497 = CARTESIAN_POINT ( 'NONE',  ( -4.409630270093162085E-16, 6.831249999044084475, 2.400490913332899545 ) ) ;
#498 = CARTESIAN_POINT ( 'NONE',  ( -1.690484224704396965, 7.761359447172106130, 0.1851847649138185503 ) ) ;
#499 = CARTESIAN_POINT ( 'NONE',  ( 5.161404152025042878E-15, 1.274999999999999689, -1.699999999999999734 ) ) ;
#500 = VERTEX_POINT ( 'NONE', #7852 ) ;
#501 = CARTESIAN_POINT ( 'NONE',  ( 1.158841618258396489, 4.507505475129331529, 1.243841115723290258 ) ) ;
#502 = LINE ( 'NONE', #7799, #7277 ) ;
#503 = CYLINDRICAL_SURFACE ( 'NONE', #309, 0.5000000000000004441 ) ;
#504 = CARTESIAN_POINT ( 'NONE',  ( 1.039443056249998776, 6.189583332377417868, 1.800368184999675325 ) ) ;
#505 = CARTESIAN_POINT ( 'NONE',  ( 2.078886112500000216, 6.918749999044084831, 0.000000000000000000 ) ) ;
#506 = CYLINDRICAL_SURFACE ( 'NONE', #6375, 1.699999999999999956 ) ;
#507 = LINE ( 'NONE', #5776, #5432 ) ;
#508 = PRODUCT_DEFINITION_SHAPE ( 'NONE', 'NONE',  #4351 ) ;
#509 = PLANE ( 'NONE',  #3292 ) ;
#510 = ORIENTED_EDGE ( 'NONE', *, *, #1039, .F. ) ;
#511 = CARTESIAN_POINT ( 'NONE',  ( 0.7876155081861238028, 4.020945251115131569, -1.506679042456508411 ) ) ;
#512 = CARTESIAN_POINT ( 'NONE',  ( 1.651402851525836546, 3.174217552587168978, 0.4068692036240058596 ) ) ;
#513 = DIRECTION ( 'NONE',  ( -0.000000000000000000, -1.000000000000000000, -0.000000000000000000 ) ) ;
#514 = CARTESIAN_POINT ( 'NONE',  ( -0.3457769603900574529, 0.06759769292271454455, 1.665207496396345244 ) ) ;
#515 = CARTESIAN_POINT ( 'NONE',  ( 1.699999999999999956, 0.4583333333333333703, -0.9814954576223635652 ) ) ;
#516 = LINE ( 'NONE', #6601, #5386 ) ;
#517 = CARTESIAN_POINT ( 'NONE',  ( 1.569580538680452886, 8.143286016288612927, -0.6530146600762630760 ) ) ;
#518 = CARTESIAN_POINT ( 'NONE',  ( -1.039443056249999664, 5.884691869123373387, -1.800368184999674437 ) ) ;
#519 = AXIS2_PLACEMENT_3D ( 'NONE', #918, #7520, #6226 ) ;
#520 = VERTEX_POINT ( 'NONE', #7166 ) ;
#521 = CARTESIAN_POINT ( 'NONE',  ( 1.121127776706797530, 6.095822176022497096, -1.278037158374031756 ) ) ;
#522 = CARTESIAN_POINT ( 'NONE',  ( 0.000000000000000000, -4.800000000000000711, 0.000000000000000000 ) ) ;
#523 = CARTESIAN_POINT ( 'NONE',  ( 0.5935555673201236004, 7.265731263541314711, 1.593102546050998436 ) ) ;
#524 = CONICAL_SURFACE ( 'NONE', #5118, 7.650000000000000355, 0.2405342479458994764 ) ;
#525 = CARTESIAN_POINT ( 'NONE',  ( 0.7212682566594180722, 0.1328612483611346373, 1.540476853767669407 ) ) ;
#526 = DIRECTION ( 'NONE',  ( 0.7071067811865477948, -0.000000000000000000, 0.7071067811865473507 ) ) ;
#527 = CIRCLE ( 'NONE', #4845, 0.1000000000000001443 ) ;
#528 = CARTESIAN_POINT ( 'NONE',  ( 1.039443056250000330, 8.522916665710733142, -1.800368184999674437 ) ) ;
#529 = ORIENTED_EDGE ( 'NONE', *, *, #3735, .T. ) ;
#530 = EDGE_LOOP ( 'NONE', ( #652, #4050, #4400, #166 ) ) ;
#531 = CARTESIAN_POINT ( 'NONE',  ( -1.699999999999999956, 1.274999998088168995, -2.081899558550500280E-16 ) ) ;
#532 = CARTESIAN_POINT ( 'NONE',  ( -2.179449471770337432, 7.499999999999998224, -4.500000000000000000 ) ) ;
#533 = CARTESIAN_POINT ( 'NONE',  ( -1.645596192781066947, 9.122768300623107507, -0.4266626177012177723 ) ) ;
#534 = CARTESIAN_POINT ( 'NONE',  ( -2.078886112499989114, 2.368749999044078347, -2.545901223464995885E-16 ) ) ;
#535 = LINE ( 'NONE', #3194, #4871 ) ;
#536 = CARTESIAN_POINT ( 'NONE',  ( -1.629605974092484200, 0.5024851913000113468, -0.6482045637997186915 ) ) ;
#537 = CARTESIAN_POINT ( 'NONE',  ( 1.039443056250000330, 6.422916665710751261, -1.800368184999674215 ) ) ;
#538 = CARTESIAN_POINT ( 'NONE',  ( -0.7032931806100097827, 7.876676622073048861, 1.547744368002313742 ) ) ;
#539 = CARTESIAN_POINT ( 'NONE',  ( 0.000000000000000000, -4.800000000000000711, 9.299999999999998934 ) ) ;
#540 = CARTESIAN_POINT ( 'NONE',  ( -0.4395349554809653836, 6.494872853434474180, 1.643121154685167840 ) ) ;
#541 = VECTOR ( 'NONE', #6458, 1000.000000000000000 ) ;
#542 = ORIENTED_EDGE ( 'NONE', *, *, #7680, .F. ) ;
#543 = CARTESIAN_POINT ( 'NONE',  ( 1.109879068151707671, 4.503185163824503512, 1.288274481789890569 ) ) ;
#544 = CARTESIAN_POINT ( 'NONE',  ( 4.843681451127850757, 3.000000000000000000, -4.843681451127848980 ) ) ;
#545 = CARTESIAN_POINT ( 'NONE',  ( -2.179449471770337432, 1.500000000000000444, 4.500000000000000000 ) ) ;
#546 = CARTESIAN_POINT ( 'NONE',  ( -0.3133339356888152349, 0.5474374626444954428, -0.2545523142594605104 ) ) ;
#547 = CARTESIAN_POINT ( 'NONE',  ( 1.039443056249998776, 8.202083332377418046, 1.800368184999675325 ) ) ;
#548 = B_SPLINE_CURVE_WITH_KNOTS ( 'NONE', 3,
 ( #3464, #8143, #898, #1372, #856, #3551 ),
 .UNSPECIFIED., .F., .F.,
 ( 4, 2, 4 ),
 ( 0.000000000000000000, 0.0008192701275635137694, 0.001638540255127027539 ),
 .UNSPECIFIED. ) ;
#549 = CARTESIAN_POINT ( 'NONE',  ( -0.5275246274615006392, 0.5016454240265059150, 2.010841922222372347 ) ) ;
#550 = CARTESIAN_POINT ( 'NONE',  ( -0.2744690280016304218, 4.793796926137477321, -1.680814045696261916 ) ) ;
#551 = EDGE_CURVE ( 'NONE', #5919, #4528, #5949, .T. ) ;
#552 = DIRECTION ( 'NONE',  ( -0.000000000000000000, 1.000000000000000000, -0.000000000000000000 ) ) ;
#553 = ADVANCED_FACE ( 'NONE', ( #2562 ), #6038, .F. ) ;
#554 = PLANE ( 'NONE',  #2903 ) ;
#555 = CARTESIAN_POINT ( 'NONE',  ( 0.8052883082807296145, 4.019716948267885392, -1.497294833539308589 ) ) ;
#556 = CARTESIAN_POINT ( 'NONE',  ( 1.683916995899283009, 3.184258373475545412, 0.2551847535859596006 ) ) ;
#557 = DIRECTION ( 'NONE',  ( -0.7071067811865473507, 8.049116928532377276E-17, 0.7071067811865477948 ) ) ;
#558 = CARTESIAN_POINT ( 'NONE',  ( -3.226782805549718969, 2.373921791567575657, 3.956290731841304975 ) ) ;
#559 = CARTESIAN_POINT ( 'NONE',  ( -1.699999999999999512, 0.5413093399577063591, -0.5668667643318336946 ) ) ;
#560 = CARTESIAN_POINT ( 'NONE',  ( 0.000000000000000000, 8.000000000000000000, 0.000000000000000000 ) ) ;
#561 = CARTESIAN_POINT ( 'NONE',  ( -0.9522901083910257913, 0.8593535336959505777, 1.408252837898278598 ) ) ;
#562 = CARTESIAN_POINT ( 'NONE',  ( 1.566995733893747245, 8.143741743414578238, -0.6591931307573918319 ) ) ;
#563 = CARTESIAN_POINT ( 'NONE',  ( -1.039443056250000996, 6.118025202456705891, 1.800368184999674215 ) ) ;
#564 = CIRCLE ( 'NONE', #6954, 0.1000000000000001305 ) ;
#565 = EDGE_LOOP ( 'NONE', ( #977, #4061, #4106, #4446 ) ) ;
#566 = CARTESIAN_POINT ( 'NONE',  ( 1.042014424560718799, 5.897560796566838626, 1.343222835027408690 ) ) ;
#567 = UNCERTAINTY_MEASURE_WITH_UNIT (LENGTH_MEASURE( 1.000000000000000082E-05 ), #1954, 'distance_accuracy_value', 'NONE');
#568 = CARTESIAN_POINT ( 'NONE',  ( 0.9215739260234372399, 7.288383060309786998, 1.428590367827317742 ) ) ;
#569 = CARTESIAN_POINT ( 'NONE',  ( 1.690186933305001471, 0.3888006989727285090, 0.1827355470762277723 ) ) ;
#570 = CARTESIAN_POINT ( 'NONE',  ( 2.179449471770337432, 7.499999999999998224, -4.500000000000000000 ) ) ;
#571 = ORIENTED_EDGE ( 'NONE', *, *, #5270, .T. ) ;
#572 = ORIENTED_EDGE ( 'NONE', *, *, #2453, .T. ) ;
#573 = CARTESIAN_POINT ( 'NONE',  ( -1.699999999999999289, 2.616666664754835558, -0.9814954576223643423 ) ) ;
#574 = LINE ( 'NONE', #7259, #6169 ) ;
#575 = CARTESIAN_POINT ( 'NONE',  ( -1.698431916318961399, 9.145465791775329478, -0.07536014260891199523 ) ) ;
#576 = CARTESIAN_POINT ( 'NONE',  ( 1.039443056249994779, 5.635416665710745399, -1.800368184999665111 ) ) ;
#577 = CYLINDRICAL_SURFACE ( 'NONE', #3466, 1.699999999999999956 ) ;
#578 = CARTESIAN_POINT ( 'NONE',  ( 1.469876756697720448E-16, 7.181249999044084120, -2.400490913332899545 ) ) ;
#579 = CARTESIAN_POINT ( 'NONE',  ( -0.5051544792117906857, 7.890304636576122022, 1.623519045273187578 ) ) ;
#580 = CARTESIAN_POINT ( 'NONE',  ( -0.6015399260186130581, 6.483717940482933706, 1.590048082982577160 ) ) ;
#581 = ORIENTED_EDGE ( 'NONE', *, *, #4717, .F. ) ;
#582 = CARTESIAN_POINT ( 'NONE',  ( 1.126431290117865247, 4.695387036877535003, -1.273814806399918176 ) ) ;
#583 = CARTESIAN_POINT ( 'NONE',  ( -2.291287847478249429, 8.000000000000000000, 4.999999999999999112 ) ) ;
#584 = FACE_OUTER_BOUND ( 'NONE', #4761, .T. ) ;
#585 = CARTESIAN_POINT ( 'NONE',  ( -0.1760097452710766841, 0.5604120902136978666, -0.2683848189892203417 ) ) ;
#586 = CARTESIAN_POINT ( 'NONE',  ( -2.078886112500000216, 5.927083332377417690, 1.200245456666449106 ) ) ;
#587 = CARTESIAN_POINT ( 'NONE',  ( -0.2878762287449006529, 8.605394181500674478, 1.678796964160426786 ) ) ;
#588 = CARTESIAN_POINT ( 'NONE',  ( -2.571963978632912706, 8.000000000000000000, -7.204686064820227998 ) ) ;
#589 = LINE ( 'NONE', #6552, #6359 ) ;
#590 = CARTESIAN_POINT ( 'NONE',  ( -1.488784783377586685, 6.406068081798374614, 0.8214577949899366516 ) ) ;
#591 = CARTESIAN_POINT ( 'NONE',  ( 0.000000000000000000, 10.19999999999999929, 0.000000000000000000 ) ) ;
#592 = CARTESIAN_POINT ( 'NONE',  ( 0.8441339606977464882, 3.082901046829833902, 1.475963223487164910 ) ) ;
#593 = CARTESIAN_POINT ( 'NONE',  ( 1.274227206519456423, 2.581621521598013835, -1.126751790968693934 ) ) ;
#594 = ADVANCED_FACE ( 'NONE', ( #4650 ), #5993, .F. ) ;
#595 = LINE ( 'NONE', #5781, #8517 ) ;
#596 = CARTESIAN_POINT ( 'NONE',  ( 1.699999999999999067, 0.3416666666666665630, 0.9814954576223646754 ) ) ;
#597 = CARTESIAN_POINT ( 'NONE',  ( 2.435362535369389292, 3.200000000000000178, -7.252000366886311333 ) ) ;
#598 = CARTESIAN_POINT ( 'NONE',  ( -0.4894535292008603822, 0.8914788447676649241, 1.628641622116654641 ) ) ;
#599 = FILL_AREA_STYLE_COLOUR ( '', #814 ) ;
#600 = CARTESIAN_POINT ( 'NONE',  ( 1.039443056250000330, 8.568025202456706069, -1.800368184999674215 ) ) ;
#601 = VECTOR ( 'NONE', #2191, 1000.000000000000114 ) ;
#602 = ORIENTED_EDGE ( 'NONE', *, *, #3792, .F. ) ;
#603 = CARTESIAN_POINT ( 'NONE',  ( 1.656573122771126894, 5.975806053552195962, 0.3819144720410599381 ) ) ;
#604 = LINE ( 'NONE', #7980, #5395 ) ;
#605 = CARTESIAN_POINT ( 'NONE',  ( 1.338647518482434684, 0.4747251977859449079, -1.048751106407752598 ) ) ;
#606 = CARTESIAN_POINT ( 'NONE',  ( -4.433344562587834048, 2.048942590553171961, -2.312024219028189886 ) ) ;
#607 = EDGE_LOOP ( 'NONE', ( #2651, #406 ) ) ;
#608 = EDGE_CURVE ( 'NONE', #7291, #1961, #5906, .T. ) ;
#609 = ORIENTED_EDGE ( 'NONE', *, *, #2625, .F. ) ;
#610 = CARTESIAN_POINT ( 'NONE',  ( 0.8499999999999988676, 2.908333331421502077, 1.472243186433546347 ) ) ;
#611 = CARTESIAN_POINT ( 'NONE',  ( 3.956290731841346719, 2.373921791567574324, -3.226782805549668343 ) ) ;
#612 = CARTESIAN_POINT ( 'NONE',  ( -1.700094244152375644, 9.154163755044562478, 0.06774670128601970043 ) ) ;
#613 = CARTESIAN_POINT ( 'NONE',  ( -1.039443056249994113, 7.152083332377412006, -1.800368184999665333 ) ) ;
#614 = VECTOR ( 'NONE', #4425, 1000.000000000000000 ) ;
#615 = CARTESIAN_POINT ( 'NONE',  ( -1.625765844946951200, 2.182143820872989970, 0.4977766582409490770 ) ) ;
#616 = DIRECTION ( 'NONE',  ( -0.7071067811865477948, -0.000000000000000000, -0.7071067811865473507 ) ) ;
#617 = CARTESIAN_POINT ( 'NONE',  ( 1.469876756697720448E-16, 0.2263585357900401440, -2.400490913332899545 ) ) ;
#618 = CARTESIAN_POINT ( 'NONE',  ( -2.847419838194335195, 3.008506057664686040, -7.100900871338165388 ) ) ;
#619 = CARTESIAN_POINT ( 'NONE',  ( -2.312024219028235184, 5.951057409446828039, 4.433344562587808291 ) ) ;
#620 = CARTESIAN_POINT ( 'NONE',  ( -0.03351597543923725414, 8.673617379884035472E-16, -1.297670790005716057 ) ) ;
#621 = ORIENTED_EDGE ( 'NONE', *, *, #7175, .T. ) ;
#622 = CARTESIAN_POINT ( 'NONE',  ( 1.179711657479012965, 4.690602940548418864, -1.224065063599270253 ) ) ;
#623 = CARTESIAN_POINT ( 'NONE',  ( -1.475444532737423486, 2.908219374503627996, 0.8520340050689556577 ) ) ;
#624 = CARTESIAN_POINT ( 'NONE',  ( -1.698429615439287055, 7.045464799456912175, -0.07538260253573865477 ) ) ;
#625 = CARTESIAN_POINT ( 'NONE',  ( -0.3614403457538418740, 0.5098110562672064638, 0.7297164279978315404 ) ) ;
#626 = CARTESIAN_POINT ( 'NONE',  ( 1.039443056250000330, 6.335416665710750905, -1.800368184999674215 ) ) ;
#627 = CARTESIAN_POINT ( 'NONE',  ( -1.574464480197731664, 8.492422366343927109, 0.6417758945656836245 ) ) ;
#628 = CARTESIAN_POINT ( 'NONE',  ( -4.046831517071719730, 3.090000000000000746, -4.046831517071717066 ) ) ;
#629 = CARTESIAN_POINT ( 'NONE',  ( -0.9937730599429298595, 4.144046069399322185, -1.379742234164057502 ) ) ;
#630 = CARTESIAN_POINT ( 'NONE',  ( -1.105676290291757624, 6.252695934448710524, -1.292026502612603656 ) ) ;
#631 = PLANE ( 'NONE',  #1994 ) ;
#632 = CARTESIAN_POINT ( 'NONE',  ( 0.3265209989847424055, 3.047396729972198681, 1.668386332801922611 ) ) ;
#633 = DIRECTION ( 'NONE',  ( -0.7071067811865474617, 0.000000000000000000, -0.7071067811865474617 ) ) ;
#634 = CARTESIAN_POINT ( 'NONE',  ( -0.7680551987872585862, 10.20064689718596718, 1.957054037560583604 ) ) ;
#635 = EDGE_CURVE ( 'NONE', #5603, #2052, #7211, .T. ) ;
#636 = CARTESIAN_POINT ( 'NONE',  ( -0.4555129335770630727, 0.7187393065681743076, 1.700000400424654057 ) ) ;
#637 = PLANE ( 'NONE',  #1867 ) ;
#638 = DIRECTION ( 'NONE',  ( 0.000000000000000000, 1.000000000000000000, 0.000000000000000000 ) ) ;
#639 = CARTESIAN_POINT ( 'NONE',  ( 0.5223189996766781640, 8.660773918770006574, 1.622167822165630380 ) ) ;
#640 = CARTESIAN_POINT ( 'NONE',  ( 2.078886112500000216, 7.751358535790038751, 0.000000000000000000 ) ) ;
#641 = ORIENTED_EDGE ( 'NONE', *, *, #4270, .F. ) ;
#642 = CARTESIAN_POINT ( 'NONE',  ( 0.4137238591280011368, 5.153366790830232524, 1.649483492202795221 ) ) ;
#643 = CONICAL_SURFACE ( 'NONE', #7045, 9.299999999999998934, 0.8552113334772168951 ) ;
#644 = CARTESIAN_POINT ( 'NONE',  ( -2.078886112500000216, -0.4312500009559155356, -2.545901223465009197E-16 ) ) ;
#645 = EDGE_CURVE ( 'NONE', #7943, #6360, #6600, .T. ) ;
#646 = CARTESIAN_POINT ( 'NONE',  ( 1.590215603816975021, 7.360314518902745462, 0.6021965084989389094 ) ) ;
#647 = B_SPLINE_CURVE_WITH_KNOTS ( 'NONE', 3,
 ( #5770, #8485, #5040, #1813, #1853, #7109, #4510, #1196, #3853, #2548, #5204, #7069, #7839, #1893, #6384, #7195, #1153, #3079, #7757, #1727, #4382, #1237, #421, #5730, #3892, #8401, #2466, #6464, #6546, #5891, #2060, #1938, #6023, #7918, #5243, #1976, #2633, #670, #3280, #803, #4633, #20, #3932, #4679, #2765, #5326, #5933, #6585, #67, #6115, #7881, #3325, #1276, #7314, #2715, #623, #6629, #3456, #7233, #5372, #7999, #5287, #5422, #2588, #4021, #6760, #4725, #1457, #4595, #4065, #2019, #8568, #7271, #6674, #7360, #1317, #5980, #7957, #2107, #716, #8050, #4769 ),
 .UNSPECIFIED., .F., .F.,
 ( 4, 2, 2, 2, 2, 1, 2, 2, 2, 2, 1, 2, 2, 2, 1, 2, 2, 2, 2, 2, 2, 2, 2, 2, 2, 2, 2, 2, 2, 2, 2, 2, 2, 2, 2, 1, 2, 2, 1, 2, 2, 2, 1, 4 ),
 ( 0.2675275802612305243, 0.2697149179283473419, 0.2708085867619057785, 0.2709452953661005692, 0.2710820039702954154, 0.2713554211786849968, 0.2719022555954642151, 0.2740895932625809772, 0.2743630104709706141, 0.2744997190751654048, 0.2746364276793601955, 0.2751832620961394138, 0.2762769309296977949, 0.2773705997632562315, 0.2776440169716458128, 0.2777807255758406035, 0.2779174341800353942, 0.2784642685968146125, 0.2806516062639315412, 0.2811984406807107595, 0.2817452750974899778, 0.2828389439310484144, 0.2850262815981653430, 0.2855731160149445613, 0.2861199504317237796, 0.2872136192652822162, 0.2883072880988406528, 0.2888541225156198711, 0.2894009569323990894, 0.2915882945995160180, 0.2926819634330744546, 0.2929553806414640360, 0.2932287978498536729, 0.2937756322666328912, 0.2959629699337498199, 0.2965098043505290382, 0.2967832215589186751, 0.2969199301631134658, 0.2970566387673082565, 0.2981503076008667485, 0.3003376452679836772, 0.3008844796847628955, 0.3014313141015421138, 0.3025249829351006059 ),
 .UNSPECIFIED. ) ;
#648 = CARTESIAN_POINT ( 'NONE',  ( 1.682010512276380432, 0.4157066960206977080, -0.2547984955191460732 ) ) ;
#649 = CARTESIAN_POINT ( 'NONE',  ( -0.5280955951445766017, 0.5016466138160212695, 2.010631427891437006 ) ) ;
#650 = VECTOR ( 'NONE', #8451, 1000.000000000000000 ) ;
#651 = EDGE_CURVE ( 'NONE', #910, #690, #1448, .T. ) ;
#652 = ORIENTED_EDGE ( 'NONE', *, *, #3638, .F. ) ;
#653 = ORIENTED_EDGE ( 'NONE', *, *, #4453, .T. ) ;
#654 = CARTESIAN_POINT ( 'NONE',  ( -3.605955811664682968E-16, 5.649999998088168773, 1.962990915244727130 ) ) ;
#655 = LINE ( 'NONE', #4581, #113 ) ;
#656 = AXIS2_PLACEMENT_3D ( 'NONE', #2877, #6744, #2743 ) ;
#657 = CARTESIAN_POINT ( 'NONE',  ( -1.438531278407251257, 9.212846116874336744, 0.9061200817459522661 ) ) ;
#658 = CARTESIAN_POINT ( 'NONE',  ( -2.078886112499989114, 6.568749999044078081, -2.545901223464995885E-16 ) ) ;
#659 =( BOUNDED_CURVE ( )  B_SPLINE_CURVE ( 2, ( #6278, #2486, #1095, #3059, #2445, #1705, #8337, #2401, #5059 ),
 .UNSPECIFIED., .F., .F. ) 
 B_SPLINE_CURVE_WITH_KNOTS ( ( 3, 2, 2, 2, 3 ),
 ( 0.4931606078384810909, 0.4984634212051961555, 0.5090690259116896765, 0.5196746306181831976, 0.5249774443932829771 ),
 .UNSPECIFIED. ) 
 CURVE ( )  GEOMETRIC_REPRESENTATION_ITEM ( )  RATIONAL_B_SPLINE_CURVE ( ( 0.9330127018925082893, 0.9330125627653134135, 1.000000000000000000, 0.8660254037844387076, 1.000000000000000000, 0.8660254037844387076, 1.000000000000000000, 0.9330125576064207671, 0.9330127018925301607 ) ) 
 REPRESENTATION_ITEM ( '' )  );
#660 = CARTESIAN_POINT ( 'NONE',  ( -1.577806925937539573, 2.191816041248167757, 0.6330298206534222816 ) ) ;
#661 = CARTESIAN_POINT ( 'NONE',  ( -0.4510533292258296911, 0.1940464631906943516, 1.639093440430184678 ) ) ;
#662 = VECTOR ( 'NONE', #3139, 1000.000000000000114 ) ;
#663 = CARTESIAN_POINT ( 'NONE',  ( -1.417515359510523876, 7.815562256449200440, 0.9408750779717222068 ) ) ;
#664 = ORIENTED_EDGE ( 'NONE', *, *, #6876, .F. ) ;
#665 = CARTESIAN_POINT ( 'NONE',  ( -3.226782805549720301, 5.626078208432425676, 3.956290731841301422 ) ) ;
#666 = CARTESIAN_POINT ( 'NONE',  ( -0.8500000000000007550, 4.191666664754835736, 1.472243186433545237 ) ) ;
#667 = ORIENTED_EDGE ( 'NONE', *, *, #5961, .T. ) ;
#668 = CARTESIAN_POINT ( 'NONE',  ( -1.529088401120143770, 3.499310562624539322, -0.7515183537819328796 ) ) ;
#669 = CARTESIAN_POINT ( 'NONE',  ( 0.07064703681480292985, 4.770152472244878261, -1.698746120582957708 ) ) ;
#670 = CARTESIAN_POINT ( 'NONE',  ( -1.619578742430888507, 2.816535867519654790, -0.5173443350772697347 ) ) ;
#671 = CARTESIAN_POINT ( 'NONE',  ( -1.179806090389486695, 6.959343306668517748, -1.224301244416928114 ) ) ;
#672 = CARTESIAN_POINT ( 'NONE',  ( -0.5625482825078491622, 0.5149856672238776190, 0.4601794706432090210 ) ) ;
#673 = CARTESIAN_POINT ( 'NONE',  ( 2.078886112500000216, 9.718749999044085541, 0.000000000000000000 ) ) ;
#674 = CARTESIAN_POINT ( 'NONE',  ( -0.9650540133780620700, 8.558408250573059206, 1.399658711887125762 ) ) ;
#675 = CARTESIAN_POINT ( 'NONE',  ( -1.690538858110620879, 4.960975168610437080, 0.1799765927253951237 ) ) ;
#676 = FACE_OUTER_BOUND ( 'NONE', #8211, .T. ) ;
#677 = CIRCLE ( 'NONE', #5412, 5.000000000000000000 ) ;
#678 = CARTESIAN_POINT ( 'NONE',  ( -0.1499001073088699065, 6.185287262262550989, -1.700000000000000178 ) ) ;
#679 = CARTESIAN_POINT ( 'NONE',  ( 5.087985294887782395, 4.978965517241380034, -2.966664951328113364 ) ) ;
#680 = CARTESIAN_POINT ( 'NONE',  ( 0.2405699806896092197, 3.041405095036128436, 1.683311314334603015 ) ) ;
#681 = CARTESIAN_POINT ( 'NONE',  ( -1.125864895231308171, 9.754610486697492533, -1.273746763821391959 ) ) ;
#682 = CARTESIAN_POINT ( 'NONE',  ( -1.699999999999999289, 0.6916666666666665408, -0.9814954576223643423 ) ) ;
#683 = DIRECTION ( 'NONE',  ( 0.000000000000000000, 1.000000000000000000, 0.000000000000000000 ) ) ;
#684 = DIRECTION ( 'NONE',  ( 0.000000000000000000, -0.000000000000000000, 1.000000000000000000 ) ) ;
#685 = CARTESIAN_POINT ( 'NONE',  ( 2.078886112499999772, -0.7229166676225823318, -1.200245456666449329 ) ) ;
#686 = CARTESIAN_POINT ( 'NONE',  ( 0.3484784021943582166, 8.648875137292529658, 1.664969728967249596 ) ) ;
#687 = CARTESIAN_POINT ( 'NONE',  ( 2.078886112499999328, 6.293025202456705713, 1.200245456666450661 ) ) ;
#688 = EDGE_CURVE ( 'NONE', #8273, #4119, #5300, .T. ) ;
#689 = CARTESIAN_POINT ( 'NONE',  ( -1.508114740629591766E-07, 8.100000008437975296, -1.699999999999993072 ) ) ;
#690 = VERTEX_POINT ( 'NONE', #5259 ) ;
#691 = CARTESIAN_POINT ( 'NONE',  ( 1.322089313463357119, -1.448873152039743560E-14, -1.573651761098001645 ) ) ;
#692 = CARTESIAN_POINT ( 'NONE',  ( -1.581761217039453049, 4.291142813323027383, 0.6240296025670953872 ) ) ;
#693 = CARTESIAN_POINT ( 'NONE',  ( 2.078886112500000216, 6.218749999044084653, 0.000000000000000000 ) ) ;
#694 = CARTESIAN_POINT ( 'NONE',  ( 1.130841414370763465, 7.304950220162885977, 1.270708014798573204 ) ) ;
#695 = CARTESIAN_POINT ( 'NONE',  ( 1.693395450675964309, 0.4091067779853243547, -0.1497195835513350226 ) ) ;
#696 = CARTESIAN_POINT ( 'NONE',  ( -0.9418572878908236801, 0.5014245328768940357, 1.806433858687953364 ) ) ;
#697 = EDGE_CURVE ( 'NONE', #2003, #2711, #7894, .T. ) ;
#698 = ORIENTED_EDGE ( 'NONE', *, *, #3701, .T. ) ;
#699 = ORIENTED_EDGE ( 'NONE', *, *, #1336, .T. ) ;
#700 = CARTESIAN_POINT ( 'NONE',  ( 1.201985270554894323E-16, 5.999999998088167530, -1.962990915244727130 ) ) ;
#701 = CARTESIAN_POINT ( 'NONE',  ( 3.226782805549691879, 2.373921791567574324, -3.956290731841326735 ) ) ;
#702 = CARTESIAN_POINT ( 'NONE',  ( -0.2060741127427319630, 9.310864380400486695, 1.687543317405275634 ) ) ;
#703 = ADVANCED_FACE ( 'NONE', ( #7327 ), #637, .T. ) ;
#704 = CARTESIAN_POINT ( 'NONE',  ( 2.078886112499989114, 8.318749999044078081, 0.000000000000000000 ) ) ;
#705 = ADVANCED_FACE ( 'NONE', ( #2686 ), #2346, .T. ) ;
#706 = CARTESIAN_POINT ( 'NONE',  ( -1.698395567028962327, 2.154456662612725726, 0.07406035468384351839 ) ) ;
#707 = CARTESIAN_POINT ( 'NONE',  ( 6.240959541580471603E-08, 2.150000914801208918, 1.699999999999997513 ) ) ;
#708 = CARTESIAN_POINT ( 'NONE',  ( -7.439383783895881781E-06, 7.924891466139217577, 1.699999999967709119 ) ) ;
#709 = VERTEX_POINT ( 'NONE', #4436 ) ;
#710 = CARTESIAN_POINT ( 'NONE',  ( -1.039443056250000996, 2.572916665710734296, 1.800368184999674215 ) ) ;
#711 = CARTESIAN_POINT ( 'NONE',  ( -0.1718831952972060262, 8.673617379884035472E-16, -1.302759888770558483 ) ) ;
#712 = VERTEX_POINT ( 'NONE', #6270 ) ;
#713 = ORIENTED_EDGE ( 'NONE', *, *, #7940, .F. ) ;
#714 = CARTESIAN_POINT ( 'NONE',  ( -1.623564623161515286, 3.517432157141522353, -0.5040429315042821434 ) ) ;
#715 = CARTESIAN_POINT ( 'NONE',  ( 0.03775015443131168186, 4.772409303128151592, -1.700000000000000400 ) ) ;
#716 = CARTESIAN_POINT ( 'NONE',  ( -0.1419586233906764139, 3.015232677337335243, 1.695728888070658913 ) ) ;
#717 = CARTESIAN_POINT ( 'NONE',  ( -1.687950136530707468, 7.062580226750798218, 0.2036628980385936649 ) ) ;
#718 = CARTESIAN_POINT ( 'NONE',  ( -0.1421213211918715136, 0.5685946188559248826, -0.2567530648108167224 ) ) ;
#719 = CARTESIAN_POINT ( 'NONE',  ( 1.469876756697720448E-16, 0.8812499990440845199, -2.400490913332899545 ) ) ;
#720 = CARTESIAN_POINT ( 'NONE',  ( 0.2789217235642211801, 6.544082683659667943, 1.680296510139592803 ) ) ;
#721 = CARTESIAN_POINT ( 'NONE',  ( -1.419953758921784770, 5.015240048237548542, 0.9370394898995204613 ) ) ;
#722 = CARTESIAN_POINT ( 'NONE',  ( 0.6384974099621339994, 1.668817314501378712, 1.575545763431903667 ) ) ;
#723 = CARTESIAN_POINT ( 'NONE',  ( -1.669501530634604824, 6.329899329765503069, -0.3205994535700617543 ) ) ;
#724 = EDGE_LOOP ( 'NONE', ( #7426, #6165, #4454, #58, #6432, #6019, #5369, #2345 ) ) ;
#725 = EDGE_CURVE ( 'NONE', #6033, #2818, #308, .T. ) ;
#726 = CARTESIAN_POINT ( 'NONE',  ( 4.046831517071730389, 3.089999999999999858, -4.046831517071705520 ) ) ;
#727 = CARTESIAN_POINT ( 'NONE',  ( 0.8087747911046081484, 3.319495819145720450, -1.495297953429734372 ) ) ;
#728 = CARTESIAN_POINT ( 'NONE',  ( -1.674920454128309366, 9.868217093555283981, 0.2925750800534636653 ) ) ;
#729 = CARTESIAN_POINT ( 'NONE',  ( 1.699999999999999956, 3.199999999999999734, 0.000000000000000000 ) ) ;
#730 = CARTESIAN_POINT ( 'NONE',  ( -2.078886112499999772, -0.4020833342892488060, -1.200245456666450439 ) ) ;
#731 = CARTESIAN_POINT ( 'NONE',  ( -0.8499999999999996447, 6.758333331421501278, -1.472243186433545681 ) ) ;
#732 = CARTESIAN_POINT ( 'NONE',  ( -2.078886112500000216, 0.2687499990440844200, -2.545901223465009197E-16 ) ) ;
#733 = APPLICATION_CONTEXT ( 'automotive_design' ) ;
#734 = CARTESIAN_POINT ( 'NONE',  ( -1.699999999999999512, 4.716666664754836091, -0.9814954576223642313 ) ) ;
#735 = CARTESIAN_POINT ( 'NONE',  ( 2.078886112499999328, 9.793025202456705713, 1.200245456666450661 ) ) ;
#736 = CARTESIAN_POINT ( 'NONE',  ( -2.078886112500001104, 9.514583332377402058, 1.200245456666448884 ) ) ;
#737 = ORIENTED_EDGE ( 'NONE', *, *, #5713, .F. ) ;
#738 = CARTESIAN_POINT ( 'NONE',  ( 0.6337869345981196334, 6.131504055531900477, -1.577439677883242242 ) ) ;
#739 = LINE ( 'NONE', #1435, #2182 ) ;
#740 = CARTESIAN_POINT ( 'NONE',  ( 2.078886112499999328, 5.460416665710750017, 1.200245456666450661 ) ) ;
#741 = FACE_OUTER_BOUND ( 'NONE', #2015, .T. ) ;
#743 = LINE ( 'NONE', #3804, #541 ) ;
#742 = CARTESIAN_POINT ( 'NONE',  ( 1.088448450207463614, 0.4986301537726541278, -1.306761315492890541 ) ) ;
#744 = B_SPLINE_CURVE_WITH_KNOTS ( 'NONE', 3,
 ( #2347, #6912, #5006, #2302, #7643, #1694, #4830, #5861, #1081, #7847, #2433, #387, #2475, #5131, #6348, #1821, #1862, #1246, #1780, #8493, #3779, #5212, #6513, #6393, #7724, #5091, #4519, #1902, #1205, #3048, #7079, #2556, #5171, #5820, #5700, #4435, #2517, #1123, #7038, #4561, #3089, #1162, #3738, #7202, #8328, #471, #430, #7682, #3821, #2391, #5049, #6433, #1736, #7766, #6472, #4392, #3129, #5739, #7807, #8368, #5778, #7160, #8409, #4476, #7116, #3862, #555, #511, #3170, #3212, #8453, #5431, #1947, #5339, #6683, #4779, #4030, #6555, #7926, #4687, #773, #3424, #7243, #8059, #8576 ),
 .UNSPECIFIED., .F., .F.,
 ( 4, 2, 2, 2, 1, 2, 2, 2, 2, 2, 2, 1, 2, 2, 2, 2, 2, 1, 1, 2, 2, 2, 2, 2, 2, 1, 2, 2, 2, 1, 1, 2, 2, 2, 2, 2, 2, 2, 2, 1, 2, 2, 1, 2, 2, 2, 4 ),
 ( 0.3725193295649832925, 0.3747064428199192720, 0.3749798319767862487, 0.3751165265552197647, 0.3752532211336532253, 0.3757999994473872341, 0.3768935560748551961, 0.3779871127023232136, 0.3785338910160571668, 0.3788072801729241990, 0.3789439747513576595, 0.3790806693297911756, 0.3812677825847272106, 0.3823613392121952281, 0.3829081175259291814, 0.3834548958396631901, 0.3856420090945992252, 0.3861887874083332339, 0.3864621765652002106, 0.3865988711436337266, 0.3867355657220672427, 0.3878291223495352602, 0.3900162356044712952, 0.3905630139182053040, 0.3908364030750722806, 0.3911097922319393128, 0.3922033488594073303, 0.3943904621143433653, 0.3949372404280774296, 0.3954840187418114383, 0.3965775753692794559, 0.3976711319967474734, 0.3982179103104814821, 0.3984912994673485143, 0.3987646886242155464, 0.4009518018791515814, 0.4020453585066196545, 0.4023187476634866311, 0.4024554422419201472, 0.4025921368203536632, 0.4031389151340876720, 0.4053260283890238180, 0.4058728067027578268, 0.4061461958596248589, 0.4062828904380583195, 0.4064195850164918355, 0.4075131416439599086 ),
 .UNSPECIFIED. ) ;
#745 = AXIS2_PLACEMENT_3D ( 'NONE', #7505, #6947, #4866 ) ;
#746 = ORIENTED_EDGE ( 'NONE', *, *, #120, .T. ) ;
#747 = CARTESIAN_POINT ( 'NONE',  ( 0.8500000000000001998, 3.841666664754835647, -1.472243186433545459 ) ) ;
#748 = DIRECTION ( 'NONE',  ( 0.000000000000000000, 0.000000000000000000, -1.000000000000000000 ) ) ;
#749 = CIRCLE ( 'NONE', #197, 7.650000000000000355 ) ;
#750 = CARTESIAN_POINT ( 'NONE',  ( -0.2873740380331404887, 9.305299861564735764, 1.676818407358138696 ) ) ;
#751 = CARTESIAN_POINT ( 'NONE',  ( -2.078886112499990002, 7.327083332377411828, 1.200245456666443111 ) ) ;
#752 = EDGE_CURVE ( 'NONE', #6338, #2421, #6998, .T. ) ;
#753 = CARTESIAN_POINT ( 'NONE',  ( -1.648448195356592150, 2.123423770977897362, -0.4179630295650703653 ) ) ;
#754 = VECTOR ( 'NONE', #7039, 1000.000000000000000 ) ;
#755 = CARTESIAN_POINT ( 'NONE',  ( -1.157257136540420506, 5.742640525377914251, 1.245390923636026548 ) ) ;
#756 = VERTEX_POINT ( 'NONE', #3739 ) ;
#757 = CARTESIAN_POINT ( 'NONE',  ( 1.462275240882328964, -0.000000000000000000, 1.425274139038567700 ) ) ;
#758 = CARTESIAN_POINT ( 'NONE',  ( -1.013779265307076294, 0.000000000000000000, 1.425662302100721313 ) ) ;
#759 = CARTESIAN_POINT ( 'NONE',  ( 0.000000000000000000, 12.00000000000000000, 0.000000000000000000 ) ) ;
#760 = EDGE_LOOP ( 'NONE', ( #6092, #8384 ) ) ;
#761 = EDGE_LOOP ( 'NONE', ( #3088, #529, #281, #8512 ) ) ;
#762 = CARTESIAN_POINT ( 'NONE',  ( -1.292497240195480623, 3.629556378411375572, 1.104652172221600948 ) ) ;
#763 = CARTESIAN_POINT ( 'NONE',  ( 1.163758427367133752, 4.692059908290181269, -1.239372294644846884 ) ) ;
#764 = CARTESIAN_POINT ( 'NONE',  ( 2.915460667173259246, 4.910000000000000142, -5.036781010732874542 ) ) ;
#765 = CARTESIAN_POINT ( 'NONE',  ( -1.258331083726834665, 6.966886571724371535, -1.143350778582129967 ) ) ;
#766 = CARTESIAN_POINT ( 'NONE',  ( -0.4315725106330868810, 0.5029474340815102140, -1.523258741219691625 ) ) ;
#767 = CARTESIAN_POINT ( 'NONE',  ( 1.469876756697720448E-16, 9.893749999044086252, -2.400490913332899545 ) ) ;
#768 = CARTESIAN_POINT ( 'NONE',  ( 1.154980300649124381, 6.792835634647071963, -1.247624526193034100 ) ) ;
#769 = CARTESIAN_POINT ( 'NONE',  ( -1.178885592079692124, 5.040677389869079761, 1.224839132491093663 ) ) ;
#770 = CARTESIAN_POINT ( 'NONE',  ( 0.4438289381021558455, 1.655399082649620102, 1.642001079974431121 ) ) ;
#771 = CARTESIAN_POINT ( 'NONE',  ( -1.570849505801199086, 6.306731750897027311, -0.6526397706510768115 ) ) ;
#772 = VERTEX_POINT ( 'NONE', #6394 ) ;
#773 = CARTESIAN_POINT ( 'NONE',  ( 0.1883831620142426277, 4.062071791764654272, -1.689536999672034634 ) ) ;
#774 = CARTESIAN_POINT ( 'NONE',  ( 0.1350432551182566276, 3.365735701710328431, -1.694917559543406504 ) ) ;
#775 = CARTESIAN_POINT ( 'NONE',  ( -0.9242774615134137228, 9.738990219515034852, -1.427709273501671206 ) ) ;
#776 = CARTESIAN_POINT ( 'NONE',  ( 1.699999999999999067, 3.141666666666666607, 0.9814954576223646754 ) ) ;
#777 = CARTESIAN_POINT ( 'NONE',  ( 1.469876756697720448E-16, 2.281249999044084653, -2.400490913332899545 ) ) ;
#778 = CARTESIAN_POINT ( 'NONE',  ( 8.859472740450727673E-06, 1.099999390085254714, -1.699999999976914422 ) ) ;
#779 = CARTESIAN_POINT ( 'NONE',  ( 2.078886112499999328, 0.5604166657107509941, 1.200245456666450661 ) ) ;
#780 = CARTESIAN_POINT ( 'NONE',  ( -1.039443056250000996, 10.31802520245670607, 1.800368184999674215 ) ) ;
#781 = DIRECTION ( 'NONE',  ( -0.000000000000000000, -1.000000000000000000, -0.000000000000000000 ) ) ;
#782 = ORIENTED_EDGE ( 'NONE', *, *, #3701, .F. ) ;
#783 = CARTESIAN_POINT ( 'NONE',  ( 0.4841172898176774320, 6.141685367286420671, -1.630625312161430029 ) ) ;
#784 = CARTESIAN_POINT ( 'NONE',  ( -0.07968306048137728526, 4.419530216661063271, 1.698483803008623783 ) ) ;
#785 = CARTESIAN_POINT ( 'NONE',  ( -2.078886112499999772, 4.410416665710751083, -1.200245456666450439 ) ) ;
#786 = CARTESIAN_POINT ( 'NONE',  ( 0.8999771623878926041, 7.513192604069396374, -1.442405693159249491 ) ) ;
#787 = CARTESIAN_POINT ( 'NONE',  ( 7.085102807365161404, 3.000000000000000000, -2.885102807365161670 ) ) ;
#788 = CARTESIAN_POINT ( 'NONE',  ( -2.078886112500000216, 9.456249999044082699, -2.545901223465009197E-16 ) ) ;
#789 = ADVANCED_FACE ( 'NONE', ( #8494 ), #4507, .T. ) ;
#790 = CYLINDRICAL_SURFACE ( 'NONE', #6918, 7.799999999999999822 ) ;
#791 = CARTESIAN_POINT ( 'NONE',  ( 0.000000000000000000, 0.000000000000000000, 0.000000000000000000 ) ) ;
#792 = CARTESIAN_POINT ( 'NONE',  ( 1.469876756697713053E-16, 6.393749999044078258, -2.400490913332886667 ) ) ;
#793 = CARTESIAN_POINT ( 'NONE',  ( 0.5271562236122375733, 0.3751717626107050618, -1.616202771278905104 ) ) ;
#794 = CARTESIAN_POINT ( 'NONE',  ( -1.480379889029002971, 5.592732308937358177, -0.8366568554944655567 ) ) ;
#795 = ORIENTED_EDGE ( 'NONE', *, *, #2030, .T. ) ;
#796 = CARTESIAN_POINT ( 'NONE',  ( -2.078886112500000216, 2.397916665710734030, -1.200245456666450217 ) ) ;
#797 = CARTESIAN_POINT ( 'NONE',  ( 0.6390563804535118742, -5.204170427930421283E-15, 1.826937372035383866 ) ) ;
#798 = CARTESIAN_POINT ( 'NONE',  ( 0.000000000000000000, 12.00000000000000000, 0.000000000000000000 ) ) ;
#799 = ORIENTED_EDGE ( 'NONE', *, *, #4483, .F. ) ;
#800 =( GEOMETRIC_REPRESENTATION_CONTEXT ( 3 ) GLOBAL_UNCERTAINTY_ASSIGNED_CONTEXT ( ( #41 ) ) GLOBAL_UNIT_ASSIGNED_CONTEXT ( ( #1525, #7431, #874 ) ) REPRESENTATION_CONTEXT ( 'NONE', 'WORKASPACE' ) );
#801 = CARTESIAN_POINT ( 'NONE',  ( -1.698464757581605422, 3.554359153604700783, 0.07245894493996256347 ) ) ;
#802 = CARTESIAN_POINT ( 'NONE',  ( 1.171436882363265486, 1.008690093071775706, 1.232142227885649532 ) ) ;
#803 = CARTESIAN_POINT ( 'NONE',  ( -1.655359063451643076, 2.825313012628537290, -0.3908072973365805391 ) ) ;
#804 = CARTESIAN_POINT ( 'NONE',  ( 0.9610838925771421071, 5.191440574729770496, 1.402521533470127091 ) ) ;
#805 = CARTESIAN_POINT ( 'NONE',  ( -1.634349564472176830, 7.019821934753498915, -0.4682390975364596475 ) ) ;
#806 =( GEOMETRIC_REPRESENTATION_CONTEXT ( 3 ) GLOBAL_UNCERTAINTY_ASSIGNED_CONTEXT ( ( #5266 ) ) GLOBAL_UNIT_ASSIGNED_CONTEXT ( ( #3058, #7735, #4401 ) ) REPRESENTATION_CONTEXT ( 'NONE', 'WORKASPACE' ) );
#807 = CARTESIAN_POINT ( 'NONE',  ( 0.6809698586123299480, 0.5065967151241225208, 0.7938271024911504048 ) ) ;
#808 = CARTESIAN_POINT ( 'NONE',  ( -1.039443056250000996, 9.485416665710751261, 1.800368184999674215 ) ) ;
#809 = CARTESIAN_POINT ( 'NONE',  ( 1.107586135951415196, 6.796985900258624369, -1.289837935268801195 ) ) ;
#810 = CARTESIAN_POINT ( 'NONE',  ( -1.062563032420753784, 4.849091589278059722, -1.327558515146728402 ) ) ;
#811 = CIRCLE ( 'NONE', #7320, 7.650000000000000355 ) ;
#812 = CARTESIAN_POINT ( 'NONE',  ( 4.555805433952621719, 7.763919350724530766, -2.192314546146025389 ) ) ;
#813 = PRODUCT_DEFINITION_SHAPE ( 'NONE', 'NONE',  #8591 ) ;
#814 = COLOUR_RGB ( '',0.7921568627450980005, 0.8196078431372548767, 0.9333333333333333481 ) ;
#815 = EDGE_LOOP ( 'NONE', ( #1490, #3077, #2802, #6421 ) ) ;
#816 = CARTESIAN_POINT ( 'NONE',  ( 0.000000000000000000, 3.000000000000000000, 0.000000000000000000 ) ) ;
#817 = DIRECTION ( 'NONE',  ( 0.000000000000000000, 1.000000000000000000, 0.000000000000000000 ) ) ;
#818 = CARTESIAN_POINT ( 'NONE',  ( -1.510621178357092642, 9.797157577293505781, -0.7797694722380801302 ) ) ;
#819 = CARTESIAN_POINT ( 'NONE',  ( 1.699999999999999956, 3.958333333333333481, -0.9814954576223635652 ) ) ;
#820 = CARTESIAN_POINT ( 'NONE',  ( 1.039443056249998776, 2.689583332377417868, 1.800368184999675325 ) ) ;
#821 = DIRECTION ( 'NONE',  ( 0.7071067811865475727, 0.000000000000000000, -0.7071067811865475727 ) ) ;
#822 = CARTESIAN_POINT ( 'NONE',  ( -2.078886112499999772, 0.2104166657107512384, -1.200245456666450439 ) ) ;
#823 = EDGE_CURVE ( 'NONE', #6053, #2056, #346, .T. ) ;
#824 = CARTESIAN_POINT ( 'NONE',  ( 0.1626045842928376672, 8.963860468557683703, -1.692665547487231859 ) ) ;
#825 = CARTESIAN_POINT ( 'NONE',  ( -1.037278099264349329, 1.347207353129227014, -1.346978131169060955 ) ) ;
#826 = ADVANCED_FACE ( 'NONE', ( #5901 ), #3335, .F. ) ;
#827 = ORIENTED_EDGE ( 'NONE', *, *, #18, .T. ) ;
#828 = CARTESIAN_POINT ( 'NONE',  ( -1.477572205086873369, 1.378165345951054275E-16, -0.8913960879540996363 ) ) ;
#829 = AXIS2_PLACEMENT_3D ( 'NONE', #7832, #3846, #5404 ) ;
#830 = CARTESIAN_POINT ( 'NONE',  ( -1.611435288525903342, 4.214547399732955668, -0.5445396827781554538 ) ) ;
#831 = B_SPLINE_CURVE_WITH_KNOTS ( 'NONE', 3,
 ( #74, #678, #6032, #2681, #1946, #3983, #5294, #6681, #2724, #1284, #7367, #3942, #6637, #4560, #4602, #3333, #4643, #8534, #7965, #7925, #5899, #6594, #630, #4686, #7201, #27, #3422, #2641, #3287, #7322, #5943, #5338, #771, #4028, #1985, #723, #5380, #3376, #7279, #1245, #2069, #4732, #1421, #4072, #6727, #6075, #122, #5211, #7846, #1901, #3903, #8575, #6554, #590, #3247, #2597, #2115, #4777, #7413, #2774, #5429, #8057, #5888, #4591, #3889, #5283, #5976, #8524, #7267, #2668, #5240, #7192, #1972, #1933, #2503, #3971, #6542, #5848, #7230, #1233, #580, #6623, #3929, #1313, #540, #4674, #8564, #6017 ),
 .UNSPECIFIED., .F., .F.,
 ( 4, 2, 2, 2, 2, 2, 2, 1, 1, 2, 2, 2, 2, 2, 2, 2, 2, 2, 2, 2, 1, 1, 2, 2, 2, 2, 2, 2, 2, 2, 2, 2, 2, 2, 2, 1, 1, 2, 2, 2, 2, 2, 2, 2, 2, 2, 4 ),
 ( 0.6174917221069259332, 0.6196767300477044049, 0.6207692340180936963, 0.6210423600106910191, 0.6213154860032882310, 0.6218617379884828766, 0.6240467459292613484, 0.6245929979144559940, 0.6248661239070533169, 0.6249344054052026198, 0.6250026869033519228, 0.6251392498996505287, 0.6262317538700397090, 0.6284167618108179587, 0.6286898878034152816, 0.6289630137960124934, 0.6295092657812070280, 0.6306017697515962084, 0.6327867776923744580, 0.6329233406886730640, 0.6330599036849717809, 0.6333330296775689927, 0.6338792816627636384, 0.6349717856331527077, 0.6360642896035418881, 0.6366105415887364227, 0.6371567935739309574, 0.6393418015147093181, 0.6404343054850983874, 0.6409805574702930331, 0.6415268094554875677, 0.6437118173962658174, 0.6442580693814603521, 0.6445311953740576749, 0.6445994768722069779, 0.6446677583703563919, 0.6448043213666549978, 0.6458968253370441781, 0.6464430773222388238, 0.6467162033148360356, 0.6469893293074333585, 0.6480818332778225388, 0.6483549592704198616, 0.6486280852630171845, 0.6491743372482117191, 0.6502668412186010105, 0.6524518491593793712 ),
 .UNSPECIFIED. ) ;
#832 = CARTESIAN_POINT ( 'NONE',  ( -4.409630270093162085E-16, 5.343749999044084653, 2.400490913332899545 ) ) ;
#833 = CARTESIAN_POINT ( 'NONE',  ( 0.2345371691075915366, 7.558903674298202091, -1.683879432063019932 ) ) ;
#834 = CARTESIAN_POINT ( 'NONE',  ( 0.6528161742311674454, 9.369704974647740769, 1.570569132408159874 ) ) ;
#835 = CARTESIAN_POINT ( 'NONE',  ( -1.039443056250000996, 10.27291666571075091, 1.800368184999674215 ) ) ;
#836 = VECTOR ( 'NONE', #3237, 1000.000000000000000 ) ;
#837 = CARTESIAN_POINT ( 'NONE',  ( 4.027325123107952543, 4.978965517241379146, 4.027325123107949878 ) ) ;
#838 = LINE ( 'NONE', #145, #4699 ) ;
#839 = CARTESIAN_POINT ( 'NONE',  ( 2.835728191235402775E-08, 3.550000415037701806, 1.699999999999999512 ) ) ;
#840 = CARTESIAN_POINT ( 'NONE',  ( 1.699833645583141983, 0.2491913634409908540, -0.02711014608073284912 ) ) ;
#841 = CARTESIAN_POINT ( 'NONE',  ( -0.2768842461435532809, 5.493953372244557265, -1.680667450034354138 ) ) ;
#842 = EDGE_LOOP ( 'NONE', ( #2701, #5672, #6797, #827, #795, #2860 ) ) ;
#843 = CARTESIAN_POINT ( 'NONE',  ( 1.039443056249998776, 0.5895833323774004597, 1.800368184999675547 ) ) ;
#844 = CARTESIAN_POINT ( 'NONE',  ( -1.268460783303865469, 0.000000000000000000, -0.7589333427231598206 ) ) ;
#845 = DIRECTION ( 'NONE',  ( -0.000000000000000000, -1.000000000000000000, -0.000000000000000000 ) ) ;
#846 = ORIENTED_EDGE ( 'NONE', *, *, #12, .F. ) ;
#847 = CARTESIAN_POINT ( 'NONE',  ( -1.529193026879228201, 3.600511623602220546, 0.7513037246380458445 ) ) ;
#848 = CARTESIAN_POINT ( 'NONE',  ( 1.445837477872412347, 1.037931289715573691, 0.8990364013316373137 ) ) ;
#849 = CARTESIAN_POINT ( 'NONE',  ( 0.4555111115044950254, 6.381260564563967286, 1.700001452398741453 ) ) ;
#850 = CARTESIAN_POINT ( 'NONE',  ( 1.498130179574686416, 5.245236016004578339, 0.8043235081132925623 ) ) ;
#851 = CARTESIAN_POINT ( 'NONE',  ( -0.03874186671226106937, 7.222328226162804121, 1.699999999881375068 ) ) ;
#852 = CARTESIAN_POINT ( 'NONE',  ( 1.202330395656785900, 0.5044258551825190340, 0.07819172967999250823 ) ) ;
#853 = CARTESIAN_POINT ( 'NONE',  ( 1.559964162803579635, 10.33129487122320000, 2.488400182856330911 ) ) ;
#854 = CARTESIAN_POINT ( 'NONE',  ( 1.238276115386381937, 6.614741403410390852, 1.168740465445456733 ) ) ;
#855 = CARTESIAN_POINT ( 'NONE',  ( -1.644808737432285062, 4.922561422828071187, -0.4297982216241674203 ) ) ;
#856 = CARTESIAN_POINT ( 'NONE',  ( -1.810172500565180975, 10.19999999999999929, 1.058184174809742695 ) ) ;
#857 = ORIENTED_EDGE ( 'NONE', *, *, #651, .T. ) ;
#858 = CARTESIAN_POINT ( 'NONE',  ( 0.3084491313306566007, 0.1908144364996079423, -2.069329041576740469 ) ) ;
#859 = CARTESIAN_POINT ( 'NONE',  ( 1.695747324563215308, 3.207444732764146433, -0.1227094498730008088 ) ) ;
#860 = CARTESIAN_POINT ( 'NONE',  ( -1.147191319619394578, 9.756342232804620096, -1.254827543846631865 ) ) ;
#861 = CARTESIAN_POINT ( 'NONE',  ( -0.8500000000000007550, 5.066666666666666430, 1.472243186433545237 ) ) ;
#862 = CARTESIAN_POINT ( 'NONE',  ( 1.469876756697720448E-16, 0.1812499990440845088, -2.400490913332899545 ) ) ;
#863 = CARTESIAN_POINT ( 'NONE',  ( 0.8500000000000001998, 1.741666664754835558, -1.472243186433545459 ) ) ;
#864 = CARTESIAN_POINT ( 'NONE',  ( 1.039443056249998776, 1.202083332377418046, 1.800368184999675325 ) ) ;
#865 = CARTESIAN_POINT ( 'NONE',  ( 1.039648170421527462, 8.902600009858275598, -1.345056276659968741 ) ) ;
#866 = CARTESIAN_POINT ( 'NONE',  ( 0.8500000000000001998, 4.541666664754835381, -1.472243186433545459 ) ) ;
#867 = ORIENTED_EDGE ( 'NONE', *, *, #5559, .F. ) ;
#868 = EDGE_LOOP ( 'NONE', ( #6781, #3201, #6621, #5025 ) ) ;
#869 = CARTESIAN_POINT ( 'NONE',  ( 1.460100451012829481, 9.559984373104008171, -0.8707653370065325804 ) ) ;
#870 = EDGE_CURVE ( 'NONE', #4465, #3879, #5641, .T. ) ;
#871 = CARTESIAN_POINT ( 'NONE',  ( -1.109378288087166320, 4.346691642579903814, 1.288712262327183611 ) ) ;
#872 = CARTESIAN_POINT ( 'NONE',  ( -2.078886112500000216, 4.468749999044084653, -2.545901223465009197E-16 ) ) ;
#873 = CARTESIAN_POINT ( 'NONE',  ( 1.513007104673384839, 7.452562557779579322, -0.7761554163392192507 ) ) ;
#875 = CARTESIAN_POINT ( 'NONE',  ( 0.5929852542821888450, 9.365692273948209134, 1.593314067033068770 ) ) ;
#874 =( NAMED_UNIT ( * ) SI_UNIT ( $, .STERADIAN. ) SOLID_ANGLE_UNIT ( ) );
#876 = CARTESIAN_POINT ( 'NONE',  ( -2.078886112500000216, 0.4596918691233734533, 1.200245456666449106 ) ) ;
#877 = CARTESIAN_POINT ( 'NONE',  ( 1.838176997509150219E-08, 3.199999727716597686, -1.699999999999999956 ) ) ;
#878 = CARTESIAN_POINT ( 'NONE',  ( -1.429730542886765488, 10.20000000000004547, -1.209326392487511947 ) ) ;
#879 = CARTESIAN_POINT ( 'NONE',  ( -7.085102807365159627, 3.000000000000000000, 2.885102807365165223 ) ) ;
#880 = CARTESIAN_POINT ( 'NONE',  ( 1.683146828980388143, 0.2318337277445462752, 0.2801676874648104110 ) ) ;
#881 = CARTESIAN_POINT ( 'NONE',  ( -1.426732259086357812, 5.714424684063826199, 0.9267621192972375077 ) ) ;
#882 = CARTESIAN_POINT ( 'NONE',  ( 2.078886112500000216, 1.406249999044066890, 0.000000000000000000 ) ) ;
#883 = CARTESIAN_POINT ( 'NONE',  ( 0.1905604285896062289, 8.673617379884035472E-16, 1.881386978128669840 ) ) ;
#884 = CARTESIAN_POINT ( 'NONE',  ( -0.8500000000000007550, 9.091666664754834315, 1.472243186433545237 ) ) ;
#885 = VERTEX_POINT ( 'NONE', #8577 ) ;
#886 = AXIS2_PLACEMENT_3D ( 'NONE', #5879, #4007, #8514 ) ;
#887 = CARTESIAN_POINT ( 'NONE',  ( 0.8500000000000001998, -0.3583333352451644749, -1.472243186433545459 ) ) ;
#888 = CARTESIAN_POINT ( 'NONE',  ( 0.3767571906373288204, 0.9508365403052099207, 1.658727186317956681 ) ) ;
#889 = PRODUCT_RELATED_PRODUCT_CATEGORY ( 'part', '', ( #1831 ) ) ;
#890 = CARTESIAN_POINT ( 'NONE',  ( 0.8499999999999988676, 6.408333331421501633, 1.472243186433546347 ) ) ;
#891 = CARTESIAN_POINT ( 'NONE',  ( 1.683564128301998863, 5.314513169594635045, -0.2366075614186376463 ) ) ;
#892 = CARTESIAN_POINT ( 'NONE',  ( 1.039443056249994779, 2.135416665710745399, -1.800368184999665111 ) ) ;
#893 = CARTESIAN_POINT ( 'NONE',  ( 0.7421799837793771060, 0.5030463109355044482, -1.205833049085723419 ) ) ;
#894 = CARTESIAN_POINT ( 'NONE',  ( -2.078886112499999772, 3.797916665710751261, -1.200245456666450439 ) ) ;
#895 = CARTESIAN_POINT ( 'NONE',  ( 1.699959747636309304, 6.698218071735939638, 0.02985848169119930534 ) ) ;
#896 = CARTESIAN_POINT ( 'NONE',  ( -1.700000000000000400, 8.333333331421501455, 0.9814954576223630101 ) ) ;
#897 =( BOUNDED_CURVE ( )  B_SPLINE_CURVE ( 3, ( #1989, #4648, #7284, #1329 ),
 .UNSPECIFIED., .F., .F. ) 
 B_SPLINE_CURVE_WITH_KNOTS ( ( 4, 4 ),
 ( 2.836899999574395981, 3.446285307605190251 ),
 .UNSPECIFIED. ) 
 CURVE ( )  GEOMETRIC_REPRESENTATION_ITEM ( )  RATIONAL_B_SPLINE_CURVE ( ( 1.000000000000000000, 0.9692928009446305504, 0.9692928009446305504, 1.000000000000000000 ) ) 
 REPRESENTATION_ITEM ( '' )  );
#898 = CARTESIAN_POINT ( 'NONE',  ( -1.265534283888408273, 10.19999999999999929, 1.671761130937347239 ) ) ;
#899 = EDGE_CURVE ( 'NONE', #5955, #1122, #6051, .T. ) ;
#900 = ORIENTED_EDGE ( 'NONE', *, *, #8039, .T. ) ;
#901 = CARTESIAN_POINT ( 'NONE',  ( 1.850170893638295011, 0.09506150209402211559, -0.9623465739806770225 ) ) ;
#902 = DIRECTION ( 'NONE',  ( 0.7071067811865477948, -0.000000000000000000, 0.7071067811865473507 ) ) ;
#903 = CARTESIAN_POINT ( 'NONE',  ( 0.000000000000000000, 10.19999999999999929, 0.000000000000000000 ) ) ;
#904 = CARTESIAN_POINT ( 'NONE',  ( -3.605955811664682968E-16, 6.524999999999998579, 1.962990915244727130 ) ) ;
#905 = CARTESIAN_POINT ( 'NONE',  ( -2.078886112499999772, 0.9979166657107509941, -1.200245456666450439 ) ) ;
#906 = CARTESIAN_POINT ( 'NONE',  ( -1.700000000000000400, 6.933333331421502876, 0.9814954576223630101 ) ) ;
#907 = CARTESIAN_POINT ( 'NONE',  ( 2.078886112499999328, 2.660416665710750639, 1.200245456666450661 ) ) ;
#908 = CARTESIAN_POINT ( 'NONE',  ( 1.677869642519597804, 8.817363083940385593, -0.2793223045557088891 ) ) ;
#909 = CARTESIAN_POINT ( 'NONE',  ( 2.078886112500000216, 9.851358535790039284, 0.000000000000000000 ) ) ;
#910 = VERTEX_POINT ( 'NONE', #1377 ) ;
#911 = ORIENTED_EDGE ( 'NONE', *, *, #4368, .T. ) ;
#912 = CARTESIAN_POINT ( 'NONE',  ( 0.9173764681528790987, 9.611923267096413426, -1.431269284432786781 ) ) ;
#913 = EDGE_CURVE ( 'NONE', #2725, #4465, #6772, .T. ) ;
#914 = CARTESIAN_POINT ( 'NONE',  ( 1.699999999999999956, 3.783333331421502521, -0.9814954576223635652 ) ) ;
#915 = CARTESIAN_POINT ( 'NONE',  ( 0.8626692774582840340, 2.384204331697995283, 1.464901474608487186 ) ) ;
#916 = CARTESIAN_POINT ( 'NONE',  ( -2.078886112500000216, 7.268749999044084475, -2.545901223465009197E-16 ) ) ;
#917 = CARTESIAN_POINT ( 'NONE',  ( 0.9393872708446282527, 7.510309615466179700, -1.416889891614603103 ) ) ;
#919 = CARTESIAN_POINT ( 'NONE',  ( 0.000000000000000000, 0.7371656850684469298, -8.083676619637062188 ) ) ;
#918 = CARTESIAN_POINT ( 'NONE',  ( -3.976120838953103753, 4.909999999999999254, 3.976120838953022929 ) ) ;
#920 = CARTESIAN_POINT ( 'NONE',  ( 2.078886112499999772, -0.5903081308766263691, -1.200245456666449329 ) ) ;
#921 = ORIENTED_EDGE ( 'NONE', *, *, #5281, .T. ) ;
#922 = EDGE_CURVE ( 'NONE', #5768, #2504, #6031, .T. ) ;
#923 = CYLINDRICAL_SURFACE ( 'NONE', #1216, 1.699999999999999956 ) ;
#924 = CARTESIAN_POINT ( 'NONE',  ( -2.081899558550500280E-16, 10.19999999999999929, -1.699999999999999956 ) ) ;
#925 = CARTESIAN_POINT ( 'NONE',  ( 2.081899558550500280E-16, 10.19999999999999929, 1.699999999999999956 ) ) ;
#926 = CARTESIAN_POINT ( 'NONE',  ( 1.554101602157563322, 0.2908842920916472896, -0.7000812352752259216 ) ) ;
#927 = ADVANCED_FACE ( 'NONE', ( #2862, #5517 ), #6684, .F. ) ;
#928 = CARTESIAN_POINT ( 'NONE',  ( -0.5287788924902910859, 5.511284217396755558, -1.615705764243607012 ) ) ;
#929 = CARTESIAN_POINT ( 'NONE',  ( 2.078886112500000216, 7.064583332377400104, -1.200245456666449329 ) ) ;
#930 = CARTESIAN_POINT ( 'NONE',  ( 1.159608233774381159, 5.204170427930421283E-15, 1.613246529750786529 ) ) ;
#931 = CARTESIAN_POINT ( 'NONE',  ( 0.000000000000000000, 10.19999999999999929, 0.000000000000000000 ) ) ;
#932 = ORIENTED_EDGE ( 'NONE', *, *, #2608, .T. ) ;
#933 = CARTESIAN_POINT ( 'NONE',  ( 2.078886112500000216, 7.706249999044083587, 0.000000000000000000 ) ) ;
#934 = CARTESIAN_POINT ( 'NONE',  ( 0.8269391866606774499, 0.9817967872623415415, 1.485938024747983865 ) ) ;
#935 = CARTESIAN_POINT ( 'NONE',  ( -1.699999999999999956, 7.574999998088169484, -2.081899558550500280E-16 ) ) ;
#936 = CARTESIAN_POINT ( 'NONE',  ( 1.196564741427194933, 5.210644926719862013, 1.211676374852141524 ) ) ;
#937 = DIRECTION ( 'NONE',  ( 0.7071067811865402453, 1.263357234918281393E-16, 0.7071067811865547892 ) ) ;
#938 = CARTESIAN_POINT ( 'NONE',  ( -1.694007844876708857, 0.05868270820890163914, 0.1434614554862282398 ) ) ;
#939 = CARTESIAN_POINT ( 'NONE',  ( -2.078886112500000216, 2.456249999044084475, -2.545901223465009197E-16 ) ) ;
#940 = CARTESIAN_POINT ( 'NONE',  ( 1.670900024674886186, 6.680384188490894104, 0.3132356550317103583 ) ) ;
#941 = CARTESIAN_POINT ( 'NONE',  ( 0.2268066024553153925, 7.940278482219408573, 1.688614646333910230 ) ) ;
#942 = CARTESIAN_POINT ( 'NONE',  ( 1.676634512881260086, 1.782423362095216346, 0.2821089513418898465 ) ) ;
#943 = ORIENTED_EDGE ( 'NONE', *, *, #3836, .F. ) ;
#944 = CARTESIAN_POINT ( 'NONE',  ( -1.644340204373404113, 0.4380034852979854398, 1.314459580869571820 ) ) ;
#945 = PRESENTATION_LAYER_ASSIGNMENT (  '', '', ( #7187 ) ) ;
#946 = CARTESIAN_POINT ( 'NONE',  ( -1.491499951724515105, 9.905742296323165164, 0.8165194260288645145 ) ) ;
#947 = VECTOR ( 'NONE', #8422, 1000.000000000000000 ) ;
#948 = CARTESIAN_POINT ( 'NONE',  ( -1.699999999999999956, 7.049999999999999822, -2.081899558550500280E-16 ) ) ;
#949 = CARTESIAN_POINT ( 'NONE',  ( -2.078886112500000216, 0.4145833323774178458, 1.200245456666449106 ) ) ;
#950 = DIRECTION ( 'NONE',  ( -0.7071067811865474617, 0.000000000000000000, -0.7071067811865474617 ) ) ;
#951 = CARTESIAN_POINT ( 'NONE',  ( -4.409630270093162085E-16, 3.943749999044084298, 2.400490913332899545 ) ) ;
#952 =( BOUNDED_CURVE ( )  B_SPLINE_CURVE ( 2, ( #7610, #8297, #7736, #6362, #6966, #4317, #1794, #483, #1010 ),
 .UNSPECIFIED., .F., .F. ) 
 B_SPLINE_CURVE_WITH_KNOTS ( ( 3, 2, 2, 2, 3 ),
 ( 0.6840615042451285710, 0.6893643059220798675, 0.6999699106285733885, 0.7105755153350669096, 0.7158783176883136701 ),
 .UNSPECIFIED. ) 
 CURVE ( )  GEOMETRIC_REPRESENTATION_ITEM ( )  RATIONAL_B_SPLINE_CURVE ( ( 0.9330127018922205195, 0.9330127104354770662, 1.000000000000000000, 0.8660254037844387076, 1.000000000000000000, 0.8660254037844387076, 1.000000000000000000, 0.9330127018922194093, 0.9330127018922194093 ) ) 
 REPRESENTATION_ITEM ( '' )  );
#953 = CARTESIAN_POINT ( 'NONE',  ( 1.468710035223196098, 8.858957392152246868, -0.8634572711966940206 ) ) ;
#954 = CARTESIAN_POINT ( 'NONE',  ( -0.7799257326303226101, 1.571809318455209548, 1.510778371139343879 ) ) ;
#955 = EDGE_LOOP ( 'NONE', ( #6347, #4863, #6462, #1311 ) ) ;
#956 = ORIENTED_EDGE ( 'NONE', *, *, #5559, .T. ) ;
#957 = CARTESIAN_POINT ( 'NONE',  ( 0.1434424254876307814, 9.665170109328176551, -1.694292968795026333 ) ) ;
#958 = CARTESIAN_POINT ( 'NONE',  ( 1.201985270554894323E-16, 8.799999998088168240, -1.962990915244727130 ) ) ;
#959 = CARTESIAN_POINT ( 'NONE',  ( 0.000000000000000000, -0.001016675309814529804, 0.000000000000000000 ) ) ;
#960 = CARTESIAN_POINT ( 'NONE',  ( -1.039443056250000996, 8.085416665710752682, 1.800368184999674215 ) ) ;
#961 = CARTESIAN_POINT ( 'NONE',  ( -0.5129329167117567811, 0.6101074414029216131, -1.625021321763547189 ) ) ;
#962 = CARTESIAN_POINT ( 'NONE',  ( 1.689664640117015670, 9.488513807174008718, 0.1872947496176252946 ) ) ;
#963 = CARTESIAN_POINT ( 'NONE',  ( -2.078886112499999772, 3.843025202456706868, -1.200245456666450439 ) ) ;
#964 = AXIS2_PLACEMENT_3D ( 'NONE', #8160, #2216, #1608 ) ;
#965 = ORIENTED_EDGE ( 'NONE', *, *, #752, .T. ) ;
#966 = B_SPLINE_CURVE_WITH_KNOTS ( 'NONE', 3,
 ( #5227, #4576, #649, #2488, #5916, #8550, #2615, #1178, #3307, #6485, #5144, #2531, #3351, #2043, #4708, #6006, #45, #5356, #1396, #7983, #7342, #6656, #696, #2698, #453, #4290, #2327, #4989, #6294, #1107, #8392, #7751, #5763, #5073, #3031, #2989, #7581, #2415, #4330, #6940, #4461, #1634, #1063, #983, #7103, #2948, #372, #3633, #330, #3717, #1147, #289, #6980, #4944, #2376, #6377, #5637, #1678, #8268, #7706, #1807, #6333, #1760, #1024, #7627, #1717, #4415, #7062, #2286, #5596, #6252, #4373, #3674, #5681, #2458, #3762, #8227, #8351, #8311, #5033, #7665, #7021, #6416, #413, #3072, #5723, #3113, #5114, #7185, #1189, #6700, #92, #536, #8029, #1438, #7144 ),
 .UNSPECIFIED., .F., .F.,
 ( 4, 2, 2, 2, 2, 2, 2, 2, 2, 2, 2, 2, 2, 2, 1, 2, 2, 2, 2, 1, 1, 1, 2, 2, 2, 2, 2, 1, 1, 2, 2, 2, 2, 1, 1, 2, 2, 2, 2, 1, 2, 2, 2, 2, 1, 1, 2, 2, 2, 2, 1, 2, 2, 4 ),
 ( 0.000000000000000000, 0.0009765624999998826893, 0.001953124999999765379, 0.003906249999999646984, 0.007812499999999411929, 0.01562499999999915345, 0.03124999999999863304, 0.04687499999999811262, 0.06249999999999759914, 0.09374999999999655831, 0.1093749999999960865, 0.1249999999999956146, 0.1874999999999939770, 0.2187499999999931721, 0.2343749999999927836, 0.2421874999999924505, 0.2499999999999921174, 0.3124999999999905631, 0.3437499999999897304, 0.3593749999999892308, 0.3671874999999890643, 0.3710937499999889533, 0.3730468749999887867, 0.3749999999999885647, 0.4374999999999861777, 0.4687499999999850120, 0.4843749999999842903, 0.4921874999999839573, 0.4960937499999837352, 0.4980468749999838463, 0.4999999999999839018, 0.5624999999999862332, 0.5937499999999875655, 0.6093749999999881206, 0.6171874999999883427, 0.6210937499999884537, 0.6249999999999885647, 0.6562499999999892308, 0.6718749999999895639, 0.6796874999999897859, 0.6835937499999897859, 0.6855468749999898970, 0.6874999999999900080, 0.7187499999999908962, 0.7343749999999913403, 0.7421874999999916733, 0.7460937499999918954, 0.7499999999999920064, 0.8124999999999942268, 0.8437499999999953371, 0.8593749999999957812, 0.8671874999999960032, 0.8749999999999961142, 1.000000000000000000 ),
 .UNSPECIFIED. ) ;
#967 = CARTESIAN_POINT ( 'NONE',  ( 1.699999999999999289, 8.566666664754835736, 0.9814954576223646754 ) ) ;
#968 = EDGE_CURVE ( 'NONE', #1122, #6338, #7596, .T. ) ;
#969 = DIRECTION ( 'NONE',  ( 0.000000000000000000, 0.000000000000000000, -1.000000000000000000 ) ) ;
#970 = LINE ( 'NONE', #275, #4473 ) ;
#971 = CARTESIAN_POINT ( 'NONE',  ( 1.656981849133004392, 0.2256002953939188205, 0.3866339567974060309 ) ) ;
#972 = CARTESIAN_POINT ( 'NONE',  ( -0.5422798046512489201, 5.787658380260318758, 1.611666185939284235 ) ) ;
#973 = ADVANCED_FACE ( 'NONE', ( #7501 ), #7412, .T. ) ;
#974 = CARTESIAN_POINT ( 'NONE',  ( 1.039443056250000330, 5.022916665710734030, -1.800368184999674437 ) ) ;
#975 = CARTESIAN_POINT ( 'NONE',  ( -0.4801634598877856375, 0.000000000000000000, 3.010517341797993129 ) ) ;
#976 = CARTESIAN_POINT ( 'NONE',  ( 1.437773146349904607, 6.062972024759062606, -0.9084185181305848289 ) ) ;
#977 = ORIENTED_EDGE ( 'NONE', *, *, #2453, .F. ) ;
#978 = CARTESIAN_POINT ( 'NONE',  ( -0.7680637906157480321, 10.28814641501429783, 1.957049077066093101 ) ) ;
#979 = CARTESIAN_POINT ( 'NONE',  ( 0.7683586149415626565, 0.9777313365021966796, 1.516481283663112301 ) ) ;
#980 = CARTESIAN_POINT ( 'NONE',  ( 1.570766565315450780, 5.343151833766891734, -0.6514460646873176941 ) ) ;
#981 = CARTESIAN_POINT ( 'NONE',  ( -2.078886112499990002, 0.3270833323774117174, 1.200245456666443111 ) ) ;
#982 = CARTESIAN_POINT ( 'NONE',  ( -1.517975566946401456, 0.5019595758259483009, 1.250847186319553161 ) ) ;
#983 = CARTESIAN_POINT ( 'NONE',  ( -1.658386298012408666, 0.5020807682771930569, 0.9982505085378879928 ) ) ;
#984 = CARTESIAN_POINT ( 'NONE',  ( 2.078886112499999328, 4.847916665710751971, 1.200245456666450661 ) ) ;
#985 = AXIS2_PLACEMENT_3D ( 'NONE', #1158, #5129, #2638 ) ;
#986 = CARTESIAN_POINT ( 'NONE',  ( 2.915460667173257026, 3.089999999999999858, -5.036781010732873654 ) ) ;
#987 = CARTESIAN_POINT ( 'NONE',  ( 0.5831686616924125488, 7.965080911523118701, 1.598100036911784150 ) ) ;
#988 = CARTESIAN_POINT ( 'NONE',  ( 0.8270140211406250552, 1.918142425142846497, -1.485415076658918920 ) ) ;
#989 = ORIENTED_EDGE ( 'NONE', *, *, #6354, .T. ) ;
#990 = CARTESIAN_POINT ( 'NONE',  ( 8.555111043638012300E-07, 1.450012519159632696, 1.699999999999573852 ) ) ;
#991 = CARTESIAN_POINT ( 'NONE',  ( -1.394053614370219796, 9.918325006268686295, 0.9729570785581933556 ) ) ;
#992 = CARTESIAN_POINT ( 'NONE',  ( 1.699999999999999956, 6.000000000000000000, 0.000000000000000000 ) ) ;
#993 = CARTESIAN_POINT ( 'NONE',  ( -2.078886112500000216, 5.256249999044083410, -2.545901223465009197E-16 ) ) ;
#994 = CARTESIAN_POINT ( 'NONE',  ( -1.699999999999999956, 1.274999998088168995, -2.081899558550500280E-16 ) ) ;
#995 = CARTESIAN_POINT ( 'NONE',  ( 1.039443056250000330, 4.235416665710751261, -1.800368184999674215 ) ) ;
#996 = CARTESIAN_POINT ( 'NONE',  ( 0.7021066416444099456, 8.926752634751990101, -1.548324279153188376 ) ) ;
#997 = CARTESIAN_POINT ( 'NONE',  ( -1.684530923367232091, 1.464187716402623129, 0.2288384714449197832 ) ) ;
#998 = EDGE_CURVE ( 'NONE', #6111, #3137, #6853, .T. ) ;
#999 = ORIENTED_EDGE ( 'NONE', *, *, #5452, .T. ) ;
#1000 = CARTESIAN_POINT ( 'NONE',  ( -7.129095907804631048E-06, 9.675000489251598168, -1.699999999985051469 ) ) ;
#1001 = CARTESIAN_POINT ( 'NONE',  ( -1.699999999999999956, 8.974999998088168951, -2.081899558550500280E-16 ) ) ;
#1002 = AXIS2_PLACEMENT_3D ( 'NONE', #4931, #7568, #3489 ) ;
#1003 = CARTESIAN_POINT ( 'NONE',  ( 1.592574370274706386, 2.539081366600828282, -0.5955534419417808367 ) ) ;
#1004 = CARTESIAN_POINT ( 'NONE',  ( 1.469876756697720448E-16, 8.493749999044085897, -2.400490913332899545 ) ) ;
#1005 = DIRECTION ( 'NONE',  ( 0.000000000000000000, 0.000000000000000000, 1.000000000000000000 ) ) ;
#1006 = CARTESIAN_POINT ( 'NONE',  ( 1.689682142846798074, 9.511449018322700510, -0.1871077803529788697 ) ) ;
#1007 = CARTESIAN_POINT ( 'NONE',  ( 1.469876756697720448E-16, 4.426358535790038573, -2.400490913332899545 ) ) ;
#1008 = ORIENTED_EDGE ( 'NONE', *, *, #1234, .F. ) ;
#1009 = CARTESIAN_POINT ( 'NONE',  ( -3.077803609300881198E-06, 2.324955005026811516, 1.699999999994461497 ) ) ;
#1010 = CARTESIAN_POINT ( 'NONE',  ( 2.183578442342846443E-15, 7.399999998088168773, -1.699999999999999956 ) ) ;
#1011 = CARTESIAN_POINT ( 'NONE',  ( 5.107491688851539813, 4.910000000000000142, 2.986171345291896095 ) ) ;
#1012 = CARTESIAN_POINT ( 'NONE',  ( 1.545800889697241720, 0.3526592150304893036, 0.7075099359756926720 ) ) ;
#1013 = CARTESIAN_POINT ( 'NONE',  ( 2.444718554847592706, 3.153845617810561830, -7.248866152423288689 ) ) ;
#1014 = CARTESIAN_POINT ( 'NONE',  ( 1.039443056250000330, 5.722916665710733319, -1.800368184999674437 ) ) ;
#1015 = CARTESIAN_POINT ( 'NONE',  ( -2.302074449262383027, 8.673617379884035472E-16, 1.773890925339306479 ) ) ;
#1016 = ORIENTED_EDGE ( 'NONE', *, *, #2091, .T. ) ;
#1017 = CARTESIAN_POINT ( 'NONE',  ( 2.078886112499999772, 9.164583332377416625, -1.200245456666449329 ) ) ;
#1018 = CARTESIAN_POINT ( 'NONE',  ( 0.9003783583814087832, 1.213151423558947339, -1.442011212842319701 ) ) ;
#1019 = EDGE_CURVE ( 'NONE', #3353, #5310, #548, .T. ) ;
#1020 = DIRECTION ( 'NONE',  ( -0.7071067811865451302, 0.000000000000000000, -0.7071067811865500152 ) ) ;
#1021 = CARTESIAN_POINT ( 'NONE',  ( 1.559008574777695965E-15, 5.475000000000000533, -1.699999999999999734 ) ) ;
#1022 = CARTESIAN_POINT ( 'NONE',  ( 2.078886112499989114, 1.318749999044078081, 0.000000000000000000 ) ) ;
#1023 = CARTESIAN_POINT ( 'NONE',  ( -0.9175236410888683025, 0.5014463033065476028, 1.823249898127367707 ) ) ;
#1024 = CARTESIAN_POINT ( 'NONE',  ( -1.834853406055370950, 0.5019083223386815451, 0.2275357161779700821 ) ) ;
#1025 = CARTESIAN_POINT ( 'NONE',  ( 2.078886112499999772, 4.964583332377417335, -1.200245456666449329 ) ) ;
#1026 = CARTESIAN_POINT ( 'NONE',  ( -1.128524685264343796, 7.654826539839169719, -1.271389819793739218 ) ) ;
#1027 = CARTESIAN_POINT ( 'NONE',  ( 0.000000000000000000, 10.19999999999999929, 0.000000000000000000 ) ) ;
#1028 = CARTESIAN_POINT ( 'NONE',  ( 1.422076975904465135, 1.865009512773583955, -0.9337409650142522999 ) ) ;
#1029 = ORIENTED_EDGE ( 'NONE', *, *, #3439, .T. ) ;
#1030 = CARTESIAN_POINT ( 'NONE',  ( 1.473492063228784010, 4.541837358205794040, 0.8487929529523482453 ) ) ;
#1031 = EDGE_CURVE ( 'NONE', #4709, #8376, #7740, .T. ) ;
#1032 = CARTESIAN_POINT ( 'NONE',  ( 7.296724953260060431, 3.200000000000000178, 2.297891415291850148 ) ) ;
#1033 = CARTESIAN_POINT ( 'NONE',  ( 1.699999999999999067, 8.041666666666666075, 0.9814954576223646754 ) ) ;
#1034 = CARTESIAN_POINT ( 'NONE',  ( 2.078886112499999772, 7.064583332377416980, -1.200245456666449329 ) ) ;
#1035 = CARTESIAN_POINT ( 'NONE',  ( -3.976120838953064673, 4.909999999999999254, -3.976120838953062009 ) ) ;
#1036 = CARTESIAN_POINT ( 'NONE',  ( 1.469876756697720448E-16, 1.493749999044084342, -2.400490913332899545 ) ) ;
#1037 = CARTESIAN_POINT ( 'NONE',  ( -1.660021622044744349, 8.426075980113852282, -0.3788471232052454951 ) ) ;
#1038 = CARTESIAN_POINT ( 'NONE',  ( -1.140989677827561222, 1.544081320558395198, 1.260233517958466498 ) ) ;
#1039 = EDGE_CURVE ( 'NONE', #1607, #4213, #5514, .T. ) ;
#1040 = CARTESIAN_POINT ( 'NONE',  ( -4.046831517071759698, 0.000000000000000000, 4.046831517071677098 ) ) ;
#1041 = CARTESIAN_POINT ( 'NONE',  ( 1.331954240236171261, 9.575930681353790774, -1.065653746786221712 ) ) ;
#1042 = CARTESIAN_POINT ( 'NONE',  ( 2.081899558550500280E-16, 10.19999999999999929, 1.699999999999999956 ) ) ;
#1043 = CIRCLE ( 'NONE', #1307, 5.500000000000000000 ) ;
#1044 = CARTESIAN_POINT ( 'NONE',  ( 0.8075425436234979770, 2.380387159552325826, 1.496027373823867634 ) ) ;
#1045 = CARTESIAN_POINT ( 'NONE',  ( -2.078886112499999772, 9.310416665710752326, -1.200245456666450439 ) ) ;
#1046 = CARTESIAN_POINT ( 'NONE',  ( -1.528716172925876471, 0.6998226328673852192, -0.7453819872476783459 ) ) ;
#1047 = CARTESIAN_POINT ( 'NONE',  ( 0.1753360741414237700, 8.262986568958091027, -1.691224385232250160 ) ) ;
#1048 = CARTESIAN_POINT ( 'NONE',  ( -1.039443056249999664, 3.784691869123373742, -1.800368184999674437 ) ) ;
#1049 = EDGE_LOOP ( 'NONE', ( #6565, #2526, #1404 ) ) ;
#1050 = CARTESIAN_POINT ( 'NONE',  ( 1.699999999999999956, 8.624999998088169306, 0.000000000000000000 ) ) ;
#1051 = CARTESIAN_POINT ( 'NONE',  ( 1.977716236249080550, 7.173092901032901377E-16, -0.6726419012449872392 ) ) ;
#1052 = CARTESIAN_POINT ( 'NONE',  ( 0.5850958797674264966, 0.1248566206278001883, 1.596144006579961250 ) ) ;
#1053 = CARTESIAN_POINT ( 'NONE',  ( -0.6345085870831436159, 5.781382635475385889, 1.577166685401231838 ) ) ;
#1054 = CARTESIAN_POINT ( 'NONE',  ( 1.469876756697720941E-16, 3.681249999044066801, -2.400490913332899545 ) ) ;
#1055 = CARTESIAN_POINT ( 'NONE',  ( 0.8552789746325107911, 2.602085213965210642E-14, -2.240680191700553436 ) ) ;
#1056 = ORIENTED_EDGE ( 'NONE', *, *, #6587, .T. ) ;
#1057 = CARTESIAN_POINT ( 'NONE',  ( -1.039443056249999664, 10.03958333237741662, -1.800368184999674437 ) ) ;
#1058 = CARTESIAN_POINT ( 'NONE',  ( 0.5057285866384743089, 1.240371610826158211, -1.623588395509867999 ) ) ;
#1059 = CARTESIAN_POINT ( 'NONE',  ( -1.039443056250000996, 1.785416665710751305, 1.800368184999674215 ) ) ;
#1060 = CARTESIAN_POINT ( 'NONE',  ( -0.7508084197595387144, 9.026526632118262228, -1.525451305901766474 ) ) ;
#1061 = CARTESIAN_POINT ( 'NONE',  ( -1.039443056249994113, 3.652083332377411118, -1.800368184999665333 ) ) ;
#1062 = CARTESIAN_POINT ( 'NONE',  ( -1.607848556664157380, 0.01232391214378450797, -0.5807204952442166501 ) ) ;
#1063 = CARTESIAN_POINT ( 'NONE',  ( -1.591884628665019674, 0.5020243412134810512, 1.118159577861515208 ) ) ;
#1064 = CARTESIAN_POINT ( 'NONE',  ( -1.039443056250000996, 8.872916665710750550, 1.800368184999674215 ) ) ;
#1065 = CARTESIAN_POINT ( 'NONE',  ( -1.099357052797784062, 7.652472147446557571, -1.296822387888102446 ) ) ;
#1066 = CARTESIAN_POINT ( 'NONE',  ( 7.504333963386869322E-07, 0.7500109886738215437, 1.699999999999671330 ) ) ;
#1067 = EDGE_CURVE ( 'NONE', #4949, #2711, #8243, .T. ) ;
#1068 = CARTESIAN_POINT ( 'NONE',  ( 1.117011600593388110, 1.896238260196709380, -1.287117557279703339 ) ) ;
#1069 = ORIENTED_EDGE ( 'NONE', *, *, #7764, .F. ) ;
#1070 = CARTESIAN_POINT ( 'NONE',  ( 1.163612543234338492, 4.507938123867446301, 1.239359790740043543 ) ) ;
#1071 = FACE_OUTER_BOUND ( 'NONE', #7586, .T. ) ;
#1072 = CARTESIAN_POINT ( 'NONE',  ( -0.4406260465396368842, 9.994760966762809673, 1.643151118072259997 ) ) ;
#1073 = CARTESIAN_POINT ( 'NONE',  ( -0.8499999999999996447, 6.233333333333332504, -1.472243186433545681 ) ) ;
#1074 = CARTESIAN_POINT ( 'NONE',  ( -1.039443056250000996, 3.972916665710750195, 1.800368184999674215 ) ) ;
#1075 = CARTESIAN_POINT ( 'NONE',  ( -0.5217039957941382866, 2.010802356696111293, -1.618124724419764071 ) ) ;
#1076 = CARTESIAN_POINT ( 'NONE',  ( -2.078886112500000216, 1.668749999044084387, -2.545901223465009197E-16 ) ) ;
#1077 = DIRECTION ( 'NONE',  ( -0.000000000000000000, -1.000000000000000000, -0.000000000000000000 ) ) ;
#1078 = CARTESIAN_POINT ( 'NONE',  ( -1.628041563780435519, 1.418268779331814722, -0.4916709713110299362 ) ) ;
#1079 = AXIS2_PLACEMENT_3D ( 'NONE', #5251, #5986, #7887 ) ;
#1080 = ORIENTED_EDGE ( 'NONE', *, *, #6927, .T. ) ;
#1081 = CARTESIAN_POINT ( 'NONE',  ( 0.4177399101984634600, 3.753703274048996619, 1.647992515640932520 ) ) ;
#1082 = AXIS2_PLACEMENT_3D ( 'NONE', #3304, #2041, #3262 ) ;
#1083 = CARTESIAN_POINT ( 'NONE',  ( -3.605955811664682968E-16, 9.849999998088167175, 1.962990915244727130 ) ) ;
#1084 = EDGE_CURVE ( 'NONE', #6571, #7217, #3500, .T. ) ;
#1085 = CARTESIAN_POINT ( 'NONE',  ( 0.000000000000000000, 1.000000000000000000, -7.650000000000000355 ) ) ;
#1086 = CARTESIAN_POINT ( 'NONE',  ( 1.039443056250000330, 9.835416665710750905, -1.800368184999674215 ) ) ;
#1087 = ADVANCED_FACE ( 'NONE', ( #6461 ), #3928, .T. ) ;
#1088 = CARTESIAN_POINT ( 'NONE',  ( -1.564160406073195286, 0.7948012926062495431, 0.6731374089258967963 ) ) ;
#1089 = VECTOR ( 'NONE', #7566, 1000.000000000000000 ) ;
#1091 = CARTESIAN_POINT ( 'NONE',  ( -8.268479663619644553E-06, 8.275000788451020384, -1.699999999979891374 ) ) ;
#1090 = DIRECTION ( 'NONE',  ( 0.000000000000000000, 0.000000000000000000, 1.000000000000000000 ) ) ;
#1092 = CARTESIAN_POINT ( 'NONE',  ( 1.039443056250000330, 3.668025202456707046, -1.800368184999674215 ) ) ;
#1093 = ORIENTED_EDGE ( 'NONE', *, *, #158, .F. ) ;
#1094 = AXIS2_PLACEMENT_3D ( 'NONE', #1356, #57, #5886 ) ;
#1095 = CARTESIAN_POINT ( 'NONE',  ( 0.8499999999999988676, 5.008333331421501278, 1.472243186433546347 ) ) ;
#1096 = CARTESIAN_POINT ( 'NONE',  ( 1.184841044398182719, 0.3098686924227862516, 1.219087648995830664 ) ) ;
#1097 = CARTESIAN_POINT ( 'NONE',  ( 2.798813555956165544, 3.000000000000000000, -7.120240386628898577 ) ) ;
#1098 = CARTESIAN_POINT ( 'NONE',  ( 1.039443056250000330, 6.422916665710733497, -1.800368184999674437 ) ) ;
#1099 = CARTESIAN_POINT ( 'NONE',  ( -2.774480097495705788, 2.688821387764050996E-14, 0.06155306851487229308 ) ) ;
#1100 = ORIENTED_EDGE ( 'NONE', *, *, #3715, .T. ) ;
#1101 = CARTESIAN_POINT ( 'NONE',  ( 0.8499999999999988676, 3.608333331421501811, 1.472243186433546347 ) ) ;
#1102 = CARTESIAN_POINT ( 'NONE',  ( 0.4240950523579039011, 1.245897176132260142, -1.646798126044355826 ) ) ;
#1103 = CARTESIAN_POINT ( 'NONE',  ( 2.078886112499999328, 1.260416665710750950, 1.200245456666450661 ) ) ;
#1104 = CARTESIAN_POINT ( 'NONE',  ( -1.277880437844880257, 9.068876583091229904, -1.121214036373763490 ) ) ;
#1105 = CARTESIAN_POINT ( 'NONE',  ( 1.039443056249993225, 4.702083332377410940, 1.800368184999666221 ) ) ;
#1106 = CARTESIAN_POINT ( 'NONE',  ( -1.659412700717088240, 0.07334739068857681898, 0.3694574561974131588 ) ) ;
#1107 = CARTESIAN_POINT ( 'NONE',  ( -1.294401382617725416, 0.5017047918090573599, 1.518960534097308690 ) ) ;
#1108 = CARTESIAN_POINT ( 'NONE',  ( -2.078886112499999772, 6.597916665710751083, -1.200245456666450439 ) ) ;
#1109 = CARTESIAN_POINT ( 'NONE',  ( -1.170651371867108548, 7.658559585604582942, -1.233262200610128811 ) ) ;
#1110 = CARTESIAN_POINT ( 'NONE',  ( 1.069696992883838460, 7.999755022208344890, 1.321510533586440550 ) ) ;
#1111 = CARTESIAN_POINT ( 'NONE',  ( 1.622019039890358005, 1.766097324677392111, 0.5254068754966482180 ) ) ;
#1112 = ORIENTED_EDGE ( 'NONE', *, *, #12, .T. ) ;
#1113 = CARTESIAN_POINT ( 'NONE',  ( 1.700435555669421950, 4.602827597419001826, -0.03961635470193331648 ) ) ;
#1114 = DIRECTION ( 'NONE',  ( 0.000000000000000000, -1.000000000000000000, 0.000000000000000000 ) ) ;
#1115 = FACE_OUTER_BOUND ( 'NONE', #6757, .T. ) ;
#1116 = CARTESIAN_POINT ( 'NONE',  ( 1.699999999999999956, 9.558333333333331794, -0.9814954576223635652 ) ) ;
#1117 = CARTESIAN_POINT ( 'NONE',  ( 1.469876756697720448E-16, 4.381249999044084298, -2.400490913332899545 ) ) ;
#1118 = CARTESIAN_POINT ( 'NONE',  ( -0.2858916098001167971, 2.305380421881503494, 1.675863408850794434 ) ) ;
#1119 = CARTESIAN_POINT ( 'NONE',  ( 2.078886112500000216, 8.318749999044085186, 0.000000000000000000 ) ) ;
#1120 = CARTESIAN_POINT ( 'NONE',  ( -1.089692493619033087, 8.351703039437827769, -1.304899959102550522 ) ) ;
#1121 = CARTESIAN_POINT ( 'NONE',  ( -1.053941525846791460, 1.551564887197958820, 1.335799521089382713 ) ) ;
#1122 = VERTEX_POINT ( 'NONE', #5928 ) ;
#1123 = CARTESIAN_POINT ( 'NONE',  ( 1.637121721257546181, 3.870603776288109366, 0.4590313049322691241 ) ) ;
#1124 = CARTESIAN_POINT ( 'NONE',  ( -1.700000000000000400, 9.033333331421502521, 0.9814954576223632321 ) ) ;
#1125 = CARTESIAN_POINT ( 'NONE',  ( 1.239627118825705754, 2.585113096593341098, -1.164583148458530282 ) ) ;
#1126 = CARTESIAN_POINT ( 'NONE',  ( -0.2986646338559139635, 0.07053123693468013600, 1.674192634418244063 ) ) ;
#1127 = CARTESIAN_POINT ( 'NONE',  ( -1.634447913103992622, 0.7188907517145425308, -0.4852111851163120604 ) ) ;
#1129 = CARTESIAN_POINT ( 'NONE',  ( 0.4672976168253734075, 8.242932682215066365, -1.634567695660044118 ) ) ;
#1128 = DIRECTION ( 'NONE',  ( 0.000000000000000000, 0.000000000000000000, 1.000000000000000000 ) ) ;
#1130 = CARTESIAN_POINT ( 'NONE',  ( 1.469876756697720448E-16, 3.026358535790040438, -2.400490913332899545 ) ) ;
#1131 = EDGE_CURVE ( 'NONE', #3872, #7690, #1167, .T. ) ;
#1132 = VERTEX_POINT ( 'NONE', #5806 ) ;
#1133 = CARTESIAN_POINT ( 'NONE',  ( 1.684399171557508845, 6.014201447306354531, -0.2297975417205756488 ) ) ;
#1134 = SURFACE_STYLE_USAGE ( .BOTH. , #1704 ) ;
#1135 = DIRECTION ( 'NONE',  ( -0.000000000000000000, -1.000000000000000000, -0.000000000000000000 ) ) ;
#1136 = CARTESIAN_POINT ( 'NONE',  ( 0.9611887270942411909, 0.2913160539904010582, 1.402206206834985425 ) ) ;
#1137 = CARTESIAN_POINT ( 'NONE',  ( 0.000000000000000000, 1.890482217611112459, 0.000000000000000000 ) ) ;
#1138 = CARTESIAN_POINT ( 'NONE',  ( -4.409630270093162085E-16, 8.231249999044067067, 2.400490913332899545 ) ) ;
#1139 = CARTESIAN_POINT ( 'NONE',  ( -2.777033322090897816, -8.673617379884035472E-16, 0.1738457639167438340 ) ) ;
#1140 = ORIENTED_EDGE ( 'NONE', *, *, #7486, .T. ) ;
#1141 = CARTESIAN_POINT ( 'NONE',  ( -0.8500000000000007550, 0.6916666647548354030, 1.472243186433545237 ) ) ;
#1142 = CARTESIAN_POINT ( 'NONE',  ( 2.179449471770337432, 1.500000000000000444, 4.500000000000000000 ) ) ;
#1143 = CARTESIAN_POINT ( 'NONE',  ( -2.078886112500000216, 0.3270833323774178791, 1.200245456666449106 ) ) ;
#1144 = CARTESIAN_POINT ( 'NONE',  ( 0.03778838325469567605, 5.472406679581015787, -1.699999999999999956 ) ) ;
#1145 = CARTESIAN_POINT ( 'NONE',  ( 2.078886112499989114, 3.418749999044077725, 0.000000000000000000 ) ) ;
#1146 = DIRECTION ( 'NONE',  ( -0.7071067811865477948, 0.000000000000000000, -0.7071067811865473507 ) ) ;
#1147 = CARTESIAN_POINT ( 'NONE',  ( -1.765847907000690054, 0.5021007596079214430, 0.6938355185226169342 ) ) ;
#1148 = CARTESIAN_POINT ( 'NONE',  ( 2.078886112499999772, 7.064583332377416980, -1.200245456666449329 ) ) ;
#1149 = CARTESIAN_POINT ( 'NONE',  ( 0.6048510558234330148, 6.833490505989952446, -1.588957821392302572 ) ) ;
#1150 = CARTESIAN_POINT ( 'NONE',  ( 2.835728191235402775E-08, 3.550000415037701806, 1.699999999999999512 ) ) ;
#1151 = ORIENTED_EDGE ( 'NONE', *, *, #4917, .T. ) ;
#1152 = CARTESIAN_POINT ( 'NONE',  ( 1.672314419426509824, 4.619097715765494883, -0.3055587116272759363 ) ) ;
#1153 = CARTESIAN_POINT ( 'NONE',  ( -0.9801424248446317655, 2.742736045712409698, -1.389016472435402383 ) ) ;
#1154 = CARTESIAN_POINT ( 'NONE',  ( -0.1478382119348287116, 6.885145759630700191, -1.699999998061860973 ) ) ;
#1155 = CARTESIAN_POINT ( 'NONE',  ( -4.409630270093162085E-16, 6.131249999044084298, 2.400490913332899545 ) ) ;
#1156 = CARTESIAN_POINT ( 'NONE',  ( -1.039443056249999664, 8.552083332377417690, -1.800368184999674437 ) ) ;
#1157 = CARTESIAN_POINT ( 'NONE',  ( -1.129138324938684601, 8.354876298434634307, -1.270845192749181507 ) ) ;
#1158 = CARTESIAN_POINT ( 'NONE',  ( 0.000000000000000000, -0.7557262555325835462, 8.299999999999998934 ) ) ;
#1159 = B_SPLINE_CURVE_WITH_KNOTS ( 'NONE', 3,
 ( #283, #6114, #2808, #4194, #199, #5550 ),
 .UNSPECIFIED., .F., .F.,
 ( 4, 2, 4 ),
 ( 0.000000000000000000, 0.0003953464452561770677, 0.0007906928905123541355 ),
 .UNSPECIFIED. ) ;
#1160 = VECTOR ( 'NONE', #1511, 1000.000000000000000 ) ;
#1161 = VERTEX_POINT ( 'NONE', #499 ) ;
#1162 = CARTESIAN_POINT ( 'NONE',  ( 1.700380273776012530, 3.899836990168207507, 0.001253451374372820332 ) ) ;
#1163 = CARTESIAN_POINT ( 'NONE',  ( 1.607441301713408155, 3.163902720381909894, 0.5534744283183955504 ) ) ;
#1164 = CIRCLE ( 'NONE', #3118, 9.299999999999998934 ) ;
#1165 = CYLINDRICAL_SURFACE ( 'NONE', #5930, 0.1000000000000001443 ) ;
#1166 = CARTESIAN_POINT ( 'NONE',  ( -2.729945736131028586E-06, 6.349960133096244519, 1.699999999995678968 ) ) ;
#1167 = CIRCLE ( 'NONE', #5525, 7.650000000000000355 ) ;
#1168 = CARTESIAN_POINT ( 'NONE',  ( -1.699999999999999956, -0.6500000000000000222, -2.081899558550500280E-16 ) ) ;
#1169 = CARTESIAN_POINT ( 'NONE',  ( -1.094490686384455014, 0.8481347381989845502, 1.301981413894858663 ) ) ;
#1171 = FACE_OUTER_BOUND ( 'NONE', #724, .T. ) ;
#1170 = DIRECTION ( 'NONE',  ( 1.000000000000000000, 0.000000000000000000, 0.000000000000000000 ) ) ;
#1172 = CARTESIAN_POINT ( 'NONE',  ( 1.039443056250000330, 6.468025202456706424, -1.800368184999674215 ) ) ;
#1173 = ORIENTED_EDGE ( 'NONE', *, *, #6192, .T. ) ;
#1174 = CARTESIAN_POINT ( 'NONE',  ( 1.699284439685466497, 5.992921930952083365, 0.1195408573882240505 ) ) ;
#1175 = CARTESIAN_POINT ( 'NONE',  ( 4.433344562587839377, 5.951057409446828039, -2.312024219028175231 ) ) ;
#1176 = CARTESIAN_POINT ( 'NONE',  ( 0.5444205221805125117, 7.262329714269916359, 1.610592600380976736 ) ) ;
#1177 = CARTESIAN_POINT ( 'NONE',  ( 0.5791473937402156213, 0.1245150936869756364, 1.598308873245801065 ) ) ;
#1178 = CARTESIAN_POINT ( 'NONE',  ( -0.5464459275784132597, 0.5016411662118952508, 2.003840744742416913 ) ) ;
#1179 = CARTESIAN_POINT ( 'NONE',  ( -1.039443056249999664, 10.03958333237739886, -1.800368184999674659 ) ) ;
#1180 = ADVANCED_FACE ( 'NONE', ( #8439 ), #1849, .F. ) ;
#1181 = VERTEX_POINT ( 'NONE', #5198 ) ;
#1182 = VERTEX_POINT ( 'NONE', #1889 ) ;
#1183 = CARTESIAN_POINT ( 'NONE',  ( -3.605955811664682968E-16, 2.149999998088169217, 1.962990915244727130 ) ) ;
#1184 = CARTESIAN_POINT ( 'NONE',  ( 1.692077202128456914, 1.113043391367132928, -0.2088210702279349462 ) ) ;
#1185 = CARTESIAN_POINT ( 'NONE',  ( -0.9859834749884112126, 9.043323077735847093, -1.385198581203497481 ) ) ;
#1186 = ADVANCED_FACE ( 'NONE', ( #4503 ), #3157, .F. ) ;
#1187 = CARTESIAN_POINT ( 'NONE',  ( -1.039443056249995445, 2.485416665710745043, 1.800368184999665111 ) ) ;
#1188 = CARTESIAN_POINT ( 'NONE',  ( -0.4714811781020977199, 0.1926433649703452877, 1.633323241578622742 ) ) ;
#1189 = CARTESIAN_POINT ( 'NONE',  ( -1.660589497107169965, 0.5024368041997814283, -0.5882222373336489785 ) ) ;
#1190 = CARTESIAN_POINT ( 'NONE',  ( -2.078886112499999772, 7.297916665710750372, -1.200245456666450439 ) ) ;
#1191 = CARTESIAN_POINT ( 'NONE',  ( 1.559008574777695965E-15, 5.475000000000000533, -1.699999999999999734 ) ) ;
#1192 = CARTESIAN_POINT ( 'NONE',  ( 1.060660171779811423, 4.585121964646132860E-16, 1.060660171779833627 ) ) ;
#1193 = CARTESIAN_POINT ( 'NONE',  ( -0.4164534345708149621, -1.704365815147212970E-13, -1.282204116155083007 ) ) ;
#1194 = ORIENTED_EDGE ( 'NONE', *, *, #2733, .F. ) ;
#1195 = DIRECTION ( 'NONE',  ( -0.7071067811865403563, 1.406920557068085481E-16, -0.7071067811865547892 ) ) ;
#1196 = CARTESIAN_POINT ( 'NONE',  ( -0.5261034930591482750, 2.711105176993756416, -1.616551139109960067 ) ) ;
#1197 = CARTESIAN_POINT ( 'NONE',  ( 0.8500000000000001998, 5.941666664754835736, -1.472243186433545459 ) ) ;
#1198 = CARTESIAN_POINT ( 'NONE',  ( -0.1649954516561491502, 0.5607307165428991880, -0.2684306196581582316 ) ) ;
#1199 = CARTESIAN_POINT ( 'NONE',  ( 1.039443056249998776, 7.502083332377417868, 1.800368184999675325 ) ) ;
#1200 = CARTESIAN_POINT ( 'NONE',  ( -1.129192055925104077, 8.354880403960638802, -1.270801873997420728 ) ) ;
#1201 = CARTESIAN_POINT ( 'NONE',  ( -5.087985294887773513, 3.021034482758621298, -2.966664951328128907 ) ) ;
#1202 = CARTESIAN_POINT ( 'NONE',  ( -0.8480874343358852929, 4.133419982684880978, -1.477290951954137510 ) ) ;
#1203 = B_SPLINE_CURVE_WITH_KNOTS ( 'NONE', 3,
 ( #7156, #3044, #7720, #5736, #3126, #5815, #5046, #1120, #4388, #6429, #1200, #1157, #5775, #8365, #2430, #3817, #3857, #5088, #8406, #344, #3001, #6468, #1775, #4343, #5166, #2512, #8280, #2342, #1037, #1818, #5128, #4471, #7113, #2388, #3165, #5002, #7639, #1691, #3690, #6345, #5331, #5208, #2637, #2678, #4683, #1898, #3208, #6027, #627, #8531, #7318, #71, #1241, #8004, #2719, #5376, #7885, #3936, #6590, #7922, #1942, #1980, #2065, #7843, #674, #3329, #3244, #1322, #8489, #5856, #6550, #4554, #3897, #4729, #4599, #7364, #6633, #3284, #7961, #5938, #7198, #1417, #587, #5291, #8572 ),
 .UNSPECIFIED., .F., .F.,
 ( 4, 2, 2, 2, 1, 2, 2, 1, 2, 2, 2, 2, 2, 1, 1, 2, 2, 2, 2, 1, 1, 1, 2, 2, 2, 2, 2, 1, 2, 2, 2, 2, 2, 2, 2, 2, 1, 2, 2, 2, 2, 2, 2, 1, 1, 2, 2, 4 ),
 ( 0.8274702572687337998, 0.8318750491276294401, 0.8340774450570773713, 0.8351786430218012258, 0.8354539425129822172, 0.8355915922585727129, 0.8356604171313679608, 0.8357292420041632086, 0.8362798409865251914, 0.8384822369159730115, 0.8395834348806968661, 0.8396522597534921140, 0.8397210846262873618, 0.8398587343718778575, 0.8401340338630588489, 0.8406846328454208317, 0.8428870287748685408, 0.8439882267395925064, 0.8450894247043163610, 0.8456400236866783438, 0.8459153231778593351, 0.8460529729234497198, 0.8461217977962449677, 0.8461906226690402155, 0.8472918206337640701, 0.8483930185984880357, 0.8486683180896689160, 0.8489436175808499074, 0.8494942165632118902, 0.8516966124926595993, 0.8527978104573834539, 0.8533484094397454367, 0.8536237089309263171, 0.8538990084221073085, 0.8550002063868311630, 0.8555508053691931458, 0.8558261048603740262, 0.8558949297331692740, 0.8559637546059645219, 0.8561014043515550176, 0.8572026023162788722, 0.8583038002810027267, 0.8584414500265932224, 0.8585790997721837181, 0.8588543992633647095, 0.8594049982457266923, 0.8605061962104507689, 0.8627085921398987001 ),
 .UNSPECIFIED. ) ;
#1204 = ORIENTED_EDGE ( 'NONE', *, *, #7972, .F. ) ;
#1205 = CARTESIAN_POINT ( 'NONE',  ( 1.396374086660421954, 3.831920172505463462, 0.9700228571058197025 ) ) ;
#1206 = CARTESIAN_POINT ( 'NONE',  ( 1.612304921863642715, 3.164948467219917738, 0.5390654073270416680 ) ) ;
#1207 = LINE ( 'NONE', #8455, #3712 ) ;
#1208 = PLANE ( 'NONE',  #5897 ) ;
#1209 = CARTESIAN_POINT ( 'NONE',  ( 1.699999999999999956, 1.099999999999999867, 0.000000000000000000 ) ) ;
#1210 = DIRECTION ( 'NONE',  ( -0.000000000000000000, -1.000000000000000000, -0.000000000000000000 ) ) ;
#1211 = CARTESIAN_POINT ( 'NONE',  ( -1.347657880272830067, 0.8236905491319224115, 1.036487926782341473 ) ) ;
#1212 = CARTESIAN_POINT ( 'NONE',  ( 1.653748502084385619, 8.128259300739280491, -0.4484651492493145764 ) ) ;
#1213 = CARTESIAN_POINT ( 'NONE',  ( -2.078886112500000216, 8.159691869123372854, 1.200245456666449106 ) ) ;
#1214 = ORIENTED_EDGE ( 'NONE', *, *, #823, .T. ) ;
#1215 = CARTESIAN_POINT ( 'NONE',  ( 1.663958632713923302, 5.978052786860564183, 0.3484636910560881540 ) ) ;
#1216 = AXIS2_PLACEMENT_3D ( 'NONE', #4841, #1529, #273 ) ;
#1217 = CARTESIAN_POINT ( 'NONE',  ( -0.4555136470774732160, 9.531260738573879010, -1.699999988485000335 ) ) ;
#1218 = CARTESIAN_POINT ( 'NONE',  ( 1.692842962620372926, 0.4094826414350916099, -0.1559293542504212593 ) ) ;
#1219 = PRESENTATION_LAYER_ASSIGNMENT (  '', '', ( #2204 ) ) ;
#1220 = CARTESIAN_POINT ( 'NONE',  ( 0.4555135571410570683, 8.068739263774567405, -1.700000040409814117 ) ) ;
#1221 = ORIENTED_EDGE ( 'NONE', *, *, #6986, .F. ) ;
#1222 = ADVANCED_FACE ( 'NONE', ( #5847 ), #7106, .F. ) ;
#1223 = VERTEX_POINT ( 'NONE', #3970 ) ;
#1224 = CARTESIAN_POINT ( 'NONE',  ( 1.699999999999999067, 0.8666666647548354474, 0.9814954576223646754 ) ) ;
#1225 = CARTESIAN_POINT ( 'NONE',  ( -2.435362535369392845, 8.000000000000000000, 7.252000366886310445 ) ) ;
#1226 = CARTESIAN_POINT ( 'NONE',  ( -1.695923880496661651, 9.157876005198021474, 0.1282201410822063348 ) ) ;
#1227 = CARTESIAN_POINT ( 'NONE',  ( -2.078886112499989114, 5.168749999044077725, -2.545901223464995885E-16 ) ) ;
#1228 = CARTESIAN_POINT ( 'NONE',  ( -0.6639940920537944491, 0.1793646288581753345, 1.565381344008909492 ) ) ;
#1229 = DIRECTION ( 'NONE',  ( 0.000000000000000000, 0.000000000000000000, -1.000000000000000000 ) ) ;
#1230 = CARTESIAN_POINT ( 'NONE',  ( 1.469876756697720448E-16, 8.581249999044084475, -2.400490913332899545 ) ) ;
#1231 = CARTESIAN_POINT ( 'NONE',  ( -2.932862173304878972, 3.000000000000000444, -7.066080920955845279 ) ) ;
#1232 = CARTESIAN_POINT ( 'NONE',  ( 0.8500000000000001998, 3.841666664754835647, -1.472243186433545459 ) ) ;
#1233 = CARTESIAN_POINT ( 'NONE',  ( -0.6104217314789276427, 6.483107818935994970, 1.586669583492012814 ) ) ;
#1234 = EDGE_CURVE ( 'NONE', #1182, #7943, #2621, .T. ) ;
#1235 = ORIENTED_EDGE ( 'NONE', *, *, #4074, .F. ) ;
#1236 = CARTESIAN_POINT ( 'NONE',  ( 0.000000000000000000, 10.19999999999999929, 0.000000000000000000 ) ) ;
#1237 = CARTESIAN_POINT ( 'NONE',  ( -1.072131792029753727, 2.749876886060802939, -1.319940858206873679 ) ) ;
#1238 = CARTESIAN_POINT ( 'NONE',  ( 0.8499999999999988676, 5.708333331421502344, 1.472243186433546347 ) ) ;
#1239 = CARTESIAN_POINT ( 'NONE',  ( -0.5473082326689924226, 0.5226820707456516502, -0.07804799051548955147 ) ) ;
#1240 = CARTESIAN_POINT ( 'NONE',  ( 1.469876756697720448E-16, 8.493749999044085897, -2.400490913332899545 ) ) ;
#1241 = CARTESIAN_POINT ( 'NONE',  ( -1.330609109492483677, 8.525404167169510217, 1.059593408215564025 ) ) ;
#1242 = CARTESIAN_POINT ( 'NONE',  ( -0.5238339052141718355, 4.810949451182411352, -1.617288023554289467 ) ) ;
#1243 = VECTOR ( 'NONE', #1251, 1000.000000000000000 ) ;
#1244 = CARTESIAN_POINT ( 'NONE',  ( -0.5284257157796087290, 4.111259980548172877, -1.615821270811942822 ) ) ;
#1245 = CARTESIAN_POINT ( 'NONE',  ( -1.685025484728950529, 6.335923591326515947, -0.2281854603271318283 ) ) ;
#1246 = CARTESIAN_POINT ( 'NONE',  ( 0.8859320295820264368, 3.785813331800453874, 1.451029926617612098 ) ) ;
#1247 = CARTESIAN_POINT ( 'NONE',  ( 0.1983048582692590878, 3.038486150342149195, 1.688632936140596952 ) ) ;
#1248 = CARTESIAN_POINT ( 'NONE',  ( 0.8989112639163664431, 2.613260191150978518, -1.443177432777921210 ) ) ;
#1249 = CARTESIAN_POINT ( 'NONE',  ( 1.838176997509150219E-08, 3.199999727716597686, -1.699999999999999956 ) ) ;
#1250 = CARTESIAN_POINT ( 'NONE',  ( -0.8499999999999996447, 1.333333333333333037, -1.472243186433545681 ) ) ;
#1251 = DIRECTION ( 'NONE',  ( -0.000000000000000000, -1.000000000000000000, -0.000000000000000000 ) ) ;
#1252 = CARTESIAN_POINT ( 'NONE',  ( -7.293768092963841099, 3.153845617810560498, -2.307304989425262853 ) ) ;
#1253 = DIRECTION ( 'NONE',  ( 0.7071067811865563435, 0.000000000000000000, -0.7071067811865388020 ) ) ;
#1254 = CARTESIAN_POINT ( 'NONE',  ( -2.078886112499999772, 8.043025202456705713, -1.200245456666450439 ) ) ;
#1255 = EDGE_CURVE ( 'NONE', #2421, #3521, #3513, .T. ) ;
#1256 = ORIENTED_EDGE ( 'NONE', *, *, #6922, .T. ) ;
#1257 = CARTESIAN_POINT ( 'NONE',  ( 0.2805096411930844136, 5.844178893853442247, 1.679609548612969849 ) ) ;
#1258 = CARTESIAN_POINT ( 'NONE',  ( 1.682943839403190367, 7.384540009361233892, 0.2502782753796952142 ) ) ;
#1259 = CARTESIAN_POINT ( 'NONE',  ( 0.9352389034925852052, 0.5106298587100254194, -1.419700195351127459 ) ) ;
#1260 = DIRECTION ( 'NONE',  ( -0.000000000000000000, -1.000000000000000000, -0.000000000000000000 ) ) ;
#1261 = VERTEX_POINT ( 'NONE', #7147 ) ;
#1262 = ORIENTED_EDGE ( 'NONE', *, *, #2300, .F. ) ;
#1263 = CARTESIAN_POINT ( 'NONE',  ( 1.699999999999999956, 0.9249999980881689066, 0.000000000000000000 ) ) ;
#1264 = DIRECTION ( 'NONE',  ( -0.7071067811865496822, 0.000000000000000000, 0.7071067811865453523 ) ) ;
#1265 = CARTESIAN_POINT ( 'NONE',  ( -1.535602004390604236, 9.200182714756707014, 0.7477836184794779406 ) ) ;
#1266 = CARTESIAN_POINT ( 'NONE',  ( 2.078886112499988670, 6.860416665710745043, 1.200245456666444444 ) ) ;
#1267 = CARTESIAN_POINT ( 'NONE',  ( -1.220764903663200451, 2.063178707150638225, -1.184486663356833391 ) ) ;
#1268 = FACE_OUTER_BOUND ( 'NONE', #6825, .T. ) ;
#1269 = CARTESIAN_POINT ( 'NONE',  ( 1.039443056249998776, -0.06530813087662656891, 1.800368184999675325 ) ) ;
#1270 = CARTESIAN_POINT ( 'NONE',  ( -3.018470195263256439, 3.000000000000000000, -7.029319859012494121 ) ) ;
#1271 = CARTESIAN_POINT ( 'NONE',  ( -0.9044040490285083500, -0.000000000000000000, 1.547471738561346122 ) ) ;
#1272 = CARTESIAN_POINT ( 'NONE',  ( 0.02312567798464250715, -2.324529457808921507E-12, -1.291468632064192601 ) ) ;
#1273 = EDGE_CURVE ( 'NONE', #7943, #6529, #3849, .T. ) ;
#1274 = VERTEX_POINT ( 'NONE', #539 ) ;
#1275 = CARTESIAN_POINT ( 'NONE',  ( 1.648844507105667878, 4.627655081890741151, -0.4369418035677021805 ) ) ;
#1276 = CARTESIAN_POINT ( 'NONE',  ( -1.593602591091253684, 2.888883288470970090, 0.5928177264968593763 ) ) ;
#1277 = CARTESIAN_POINT ( 'NONE',  ( 1.699999999999999956, 5.883333331421501278, -0.9814954576223635652 ) ) ;
#1278 = CARTESIAN_POINT ( 'NONE',  ( -0.1278184632888864081, 0.5816943172891781977, -0.2365943050146120663 ) ) ;
#1279 = CARTESIAN_POINT ( 'NONE',  ( 1.039443056249998776, 6.102083332377417513, 1.800368184999675325 ) ) ;
#1280 = CARTESIAN_POINT ( 'NONE',  ( 0.000000000000000000, 10.19999999999999929, 0.000000000000000000 ) ) ;
#1281 = CARTESIAN_POINT ( 'NONE',  ( -0.9791121843322246887, 4.842665318470448454, -1.389730907491754319 ) ) ;
#1282 = CARTESIAN_POINT ( 'NONE',  ( -0.4320397464986469593, 4.104619759153900205, -1.645042546589234655 ) ) ;
#1283 = EDGE_CURVE ( 'NONE', #2099, #6708, #4958, .T. ) ;
#1284 = CARTESIAN_POINT ( 'NONE',  ( -0.6046256251094694889, 6.216495302284829272, -1.589075293292835811 ) ) ;
#1285 = PLANE ( 'NONE',  #8024 ) ;
#1286 = CARTESIAN_POINT ( 'NONE',  ( -2.435362535369391956, 3.176207172489686759, 7.252000366886312221 ) ) ;
#1287 = CYLINDRICAL_SURFACE ( 'NONE', #1860, 7.650000000000000355 ) ;
#1288 = CARTESIAN_POINT ( 'NONE',  ( 7.296724953260060431, 3.200000000000000178, 2.297891415291849704 ) ) ;
#1289 = CARTESIAN_POINT ( 'NONE',  ( 1.201985270554894323E-16, -0.1250000000000000000, -1.962990915244727130 ) ) ;
#1290 = CARTESIAN_POINT ( 'NONE',  ( 5.107491688851549583, 4.950000000000000178, -2.986171345291879664 ) ) ;
#1291 = CARTESIAN_POINT ( 'NONE',  ( -1.176888854122492667, 0.8409056926289749656, 1.228005736856394803 ) ) ;
#1292 = EDGE_CURVE ( 'NONE', #7067, #1811, #1420, .T. ) ;
#1293 = CARTESIAN_POINT ( 'NONE',  ( -0.4555145052714735798, 4.918739198706793658, 1.699999493006463025 ) ) ;
#1294 = CARTESIAN_POINT ( 'NONE',  ( -2.078886112499999772, 7.343025202456706424, -1.200245456666450439 ) ) ;
#1295 = CIRCLE ( 'NONE', #2420, 0.09999999999999983902 ) ;
#1296 = ORIENTED_EDGE ( 'NONE', *, *, #635, .F. ) ;
#1297 = CARTESIAN_POINT ( 'NONE',  ( 0.4651415623339702488, 8.254898650915753459E-15, -1.933722232156973586 ) ) ;
#1298 = CARTESIAN_POINT ( 'NONE',  ( -2.078886112499999772, 0.9104166657107510829, -1.200245456666450439 ) ) ;
#1299 = CARTESIAN_POINT ( 'NONE',  ( -1.700000000000000400, 9.733333331421501811, 0.9814954576223630101 ) ) ;
#1300 = CARTESIAN_POINT ( 'NONE',  ( 1.688074171977895999, 0.4124751847370484170, -0.2044592634524934061 ) ) ;
#1301 = CARTESIAN_POINT ( 'NONE',  ( 4.046831517071719730, 0.000000000000000000, 4.046831517071717066 ) ) ;
#1302 = ORIENTED_EDGE ( 'NONE', *, *, #7241, .F. ) ;
#1303 = EDGE_LOOP ( 'NONE', ( #5755, #377, #2806, #5794 ) ) ;
#1304 = CARTESIAN_POINT ( 'NONE',  ( -3.605955811664682968E-16, 4.249999998088168418, 1.962990915244727130 ) ) ;
#1305 = CARTESIAN_POINT ( 'NONE',  ( -0.9851389113866280134, 0.4708735595644202854, -1.385557971493414309 ) ) ;
#1306 = CARTESIAN_POINT ( 'NONE',  ( -2.078886112499989114, 7.968749999044077548, -2.545901223464995885E-16 ) ) ;
#1307 = AXIS2_PLACEMENT_3D ( 'NONE', #1665, #4318, #6320 ) ;
#1308 = CARTESIAN_POINT ( 'NONE',  ( -1.475244882734693563, 2.091576561275367396, -0.8523701373179554119 ) ) ;
#1309 = CARTESIAN_POINT ( 'NONE',  ( -4.999999999999999112, 8.000000000000000000, -2.291287847478249429 ) ) ;
#1310 = CARTESIAN_POINT ( 'NONE',  ( -0.2338933442648346295, 7.908926616997361769, 1.687903147769033163 ) ) ;
#1311 = ORIENTED_EDGE ( 'NONE', *, *, #3074, .F. ) ;
#1312 = DIRECTION ( 'NONE',  ( 0.000000000000000000, 0.000000000000000000, -1.000000000000000000 ) ) ;
#1313 = CARTESIAN_POINT ( 'NONE',  ( -0.4878901564906166777, 6.491541865183219961, 1.629119376815850506 ) ) ;
#1314 = VERTEX_POINT ( 'NONE', #4673 ) ;
#1315 = CARTESIAN_POINT ( 'NONE',  ( -0.3223819338230272669, 3.702882397244440682, 1.669437941055910368 ) ) ;
#1316 = CARTESIAN_POINT ( 'NONE',  ( 0.6160358433983881277, 4.732574441824078271, -1.586158597222826261 ) ) ;
#1317 = CARTESIAN_POINT ( 'NONE',  ( -0.4684842110199371468, 2.992863728162041159, 1.638928393749959023 ) ) ;
#1318 = CARTESIAN_POINT ( 'NONE',  ( -1.652232276082011175, 7.024595036299174033, -0.4007150143433865774 ) ) ;
#1319 = EDGE_CURVE ( 'NONE', #4003, #5310, #7933, .T. ) ;
#1320 = CARTESIAN_POINT ( 'NONE',  ( -0.6017683805834078692, 0.5173290757207171797, 0.3273610022537394859 ) ) ;
#1321 = CARTESIAN_POINT ( 'NONE',  ( 1.469876756697720448E-16, 0.1812499990440845088, -2.400490913332899545 ) ) ;
#1322 = CARTESIAN_POINT ( 'NONE',  ( -0.9376261834868585554, 8.560439403220197363, 1.418062076422091256 ) ) ;
#1323 = CARTESIAN_POINT ( 'NONE',  ( -7.062077725444666771E-07, 5.124989481730990448, 1.699999999999702860 ) ) ;
#1324 = LINE ( 'NONE', #1945, #6625 ) ;
#1325 = FACE_OUTER_BOUND ( 'NONE', #1880, .T. ) ;
#1326 = DIRECTION ( 'NONE',  ( 0.000000000000000000, -1.000000000000000000, 0.000000000000000000 ) ) ;
#1327 = CARTESIAN_POINT ( 'NONE',  ( 1.099281591063507646, 3.102028165865629461, 1.302072805655334120 ) ) ;
#1328 = CARTESIAN_POINT ( 'NONE',  ( -1.475162947123405344, 9.792045770796821813, -0.8454214809370645956 ) ) ;
#1329 = CARTESIAN_POINT ( 'NONE',  ( -4.433344562587833160, 5.951057409446828039, -2.312024219028188554 ) ) ;
#1330 = CARTESIAN_POINT ( 'NONE',  ( 1.699999999999999956, 1.158333333333333437, -0.9814954576223635652 ) ) ;
#1331 = DIRECTION ( 'NONE',  ( -0.000000000000000000, -1.000000000000000000, 0.000000000000000000 ) ) ;
#1332 = PLANE ( 'NONE',  #6913 ) ;
#1333 = CARTESIAN_POINT ( 'NONE',  ( -1.700000000000000400, 5.533333331421501633, 0.9814954576223630101 ) ) ;
#1334 = CARTESIAN_POINT ( 'NONE',  ( 0.2868790696310797861, 8.644665670257252188, 1.676903766533565099 ) ) ;
#1335 = CARTESIAN_POINT ( 'NONE',  ( -2.078886112500000216, 8.801358535790040349, -2.545901223465009197E-16 ) ) ;
#1336 = EDGE_CURVE ( 'NONE', #4213, #8253, #236, .T. ) ;
#1337 = EDGE_CURVE ( 'NONE', #4847, #7470, #3344, .T. ) ;
#1338 = ORIENTED_EDGE ( 'NONE', *, *, #8378, .T. ) ;
#1339 = CARTESIAN_POINT ( 'NONE',  ( 0.8554013091209390351, 6.116777464601232950, -1.473140350659653430 ) ) ;
#1340 = ADVANCED_FACE ( 'NONE', ( #6738 ), #643, .T. ) ;
#1341 = CARTESIAN_POINT ( 'NONE',  ( 2.078886112500000216, -0.7812500009559154579, 0.000000000000000000 ) ) ;
#1342 = CARTESIAN_POINT ( 'NONE',  ( 0.9109190301425980074, 7.287607407557536554, 1.435401556086870922 ) ) ;
#1343 = CARTESIAN_POINT ( 'NONE',  ( 0.7654143281233143359, 0.5231267613221783908, -1.527871349939509349 ) ) ;
#1344 = CARTESIAN_POINT ( 'NONE',  ( 2.291287847478249429, 8.000000000000000000, -4.999999999999999112 ) ) ;
#1345 = AXIS2_PLACEMENT_3D ( 'NONE', #1700, #1128, #1170 ) ;
#1346 = VERTEX_POINT ( 'NONE', #3819 ) ;
#1347 = VERTEX_POINT ( 'NONE', #3246 ) ;
#1348 = CARTESIAN_POINT ( 'NONE',  ( 1.699999999999999067, 5.766666664754835026, 0.9814954576223646754 ) ) ;
#1349 = CARTESIAN_POINT ( 'NONE',  ( 5.036781010732892305, 3.089999999999999858, -2.915460667173224607 ) ) ;
#1350 = AXIS2_PLACEMENT_3D ( 'NONE', #798, #8219, #1493 ) ;
#1351 = CARTESIAN_POINT ( 'NONE',  ( -1.585987557089002298, 9.191004163561981244, 0.6210783253449683183 ) ) ;
#1352 = CARTESIAN_POINT ( 'NONE',  ( 1.039443056249994779, 6.335416665710745576, -1.800368184999665111 ) ) ;
#1353 = CARTESIAN_POINT ( 'NONE',  ( -1.068204685158230305, 2.250518017196936782, 1.328064436542069515 ) ) ;
#1354 = CARTESIAN_POINT ( 'NONE',  ( 2.081899558550500280E-16, 10.19999999999999929, 1.699999999999999956 ) ) ;
#1355 = CLOSED_SHELL ( 'NONE', ( #5078, #4148, #6323, #2061, #927, #1826, #1506, #553, #7722, #2560, #5904, #4437, #3788, #4541, #6085, #5853, #2921, #7283, #2197, #5127, #1936, #2817, #7660, #2180, #2842, #2623, #5325, #59, #1999, #2365, #7713, #4539, #5312, #1636, #4440, #5810, #7524, #296, #8335, #2410, #703, #7124, #8020, #3009, #8083, #7189, #8476, #6401, #90, #4517, #7867, #1087, #5379, #5285, #66, #1180, #4419, #1724, #4991, #8549, #3794 ) ) ;
#1356 = CARTESIAN_POINT ( 'NONE',  ( 0.000000000000000000, 1.500000000000000444, 0.000000000000000000 ) ) ;
#1357 = ADVANCED_FACE ( 'NONE', ( #3210, #676 ), #509, .F. ) ;
#1358 = ORIENTED_EDGE ( 'NONE', *, *, #5954, .T. ) ;
#1359 = CARTESIAN_POINT ( 'NONE',  ( -4.409630270093162085E-16, 1.931249999044067245, 2.400490913332899545 ) ) ;
#1360 = FACE_OUTER_BOUND ( 'NONE', #4829, .T. ) ;
#1361 = ORIENTED_EDGE ( 'NONE', *, *, #7680, .T. ) ;
#1362 = ORIENTED_EDGE ( 'NONE', *, *, #7077, .T. ) ;
#1363 = CARTESIAN_POINT ( 'NONE',  ( -0.2433987118192313392, 3.708296412043168733, 1.682562954593185944 ) ) ;
#1364 = CARTESIAN_POINT ( 'NONE',  ( 0.1391362213091481836, 4.765451476760019567, -1.694298500159403975 ) ) ;
#1365 = AXIS2_PLACEMENT_3D ( 'NONE', #2023, #1370, #4025 ) ;
#1366 = LINE ( 'NONE', #3975, #5493 ) ;
#1367 = CARTESIAN_POINT ( 'NONE',  ( -1.339716385273696186, 6.975350357205330809, -1.048010705514107466 ) ) ;
#1368 = CARTESIAN_POINT ( 'NONE',  ( -0.3876479995000416401, 0.5095470628706567640, 0.7077994470320486675 ) ) ;
#1369 = CARTESIAN_POINT ( 'NONE',  ( -2.078886112500000216, 10.12708333237741698, 1.200245456666449106 ) ) ;
#1370 = DIRECTION ( 'NONE',  ( -0.000000000000000000, -1.000000000000000000, -0.000000000000000000 ) ) ;
#1371 = CARTESIAN_POINT ( 'NONE',  ( -1.699323893483848158, 4.945714557864658190, -0.07169956949610879759 ) ) ;
#1372 = CARTESIAN_POINT ( 'NONE',  ( -1.654401737267160444, 10.19999999999999929, 1.288144865431394059 ) ) ;
#1373 = VECTOR ( 'NONE', #1260, 1000.000000000000000 ) ;
#1374 = CARTESIAN_POINT ( 'NONE',  ( 9.552245033349354572E-16, -5.000000000000000000, -7.799999999999999822 ) ) ;
#1375 = ORIENTED_EDGE ( 'NONE', *, *, #1336, .F. ) ;
#1376 = CARTESIAN_POINT ( 'NONE',  ( -2.986171345291897428, 4.950000000000000178, -5.107491688851538925 ) ) ;
#1377 = CARTESIAN_POINT ( 'NONE',  ( 6.240959541580471603E-08, 2.150000914801208918, 1.699999999999997513 ) ) ;
#1378 = CARTESIAN_POINT ( 'NONE',  ( -1.690275543091267929, 9.861469328716317762, 0.1886483275157831430 ) ) ;
#1379 = CARTESIAN_POINT ( 'NONE',  ( -1.699999999999999289, 2.091666666666666785, -0.9814954576223643423 ) ) ;
#1380 = CARTESIAN_POINT ( 'NONE',  ( 1.021701696638396955E-15, 1.164764600845456632, 8.342827477683734116 ) ) ;
#1381 = DIRECTION ( 'NONE',  ( 0.000000000000000000, 0.000000000000000000, -1.000000000000000000 ) ) ;
#1382 = CARTESIAN_POINT ( 'NONE',  ( -1.699999999999999956, 5.474999998088168951, -2.081899558550500280E-16 ) ) ;
#1383 = CARTESIAN_POINT ( 'NONE',  ( -1.039443056249999664, 10.08469186912337179, -1.800368184999674437 ) ) ;
#1384 = CARTESIAN_POINT ( 'NONE',  ( 2.078886112500000216, 9.164583332377400637, -1.200245456666449329 ) ) ;
#1385 = B_SPLINE_CURVE_WITH_KNOTS ( 'NONE', 3,
 ( #2974, #7482, #4800, #3490, #6104, #4143, #3621, #793, #319, #1487, #2841, #147, #4275, #4932, #8082, #6794, #190, #6191, #3534, #6928, #5456, #5625, #1533, #4231, #6882, #5543, #7439, #1621, #6145, #926, #3579, #2227, #232, #5498, #6236, #2887, #840, #8124, #4187, #6838, #880, #971, #2181, #2799, #8172, #276, #6750, #2272, #2936, #5583, #2137, #1443, #8215, #8256, #7569, #6280, #2315, #7394, #4099, #3446, #484, #3141, #5790, #7131, #525, #2402, #2362, #1052, #3662, #1706, #1177, #6968, #6484, #7653, #402, #6321, #1834, #2487 ),
 .UNSPECIFIED., .F., .F.,
 ( 4, 2, 2, 2, 1, 2, 2, 2, 2, 2, 1, 1, 2, 2, 2, 2, 2, 2, 2, 2, 2, 2, 2, 2, 2, 2, 2, 2, 2, 2, 1, 2, 2, 1, 1, 2, 2, 2, 1, 1, 2, 2, 4 ),
 ( 0.1869589882447178497, 0.2278489438539395284, 0.2482939216585503539, 0.2508495438841266134, 0.2534051661097029284, 0.2585164105608556140, 0.2687388994631611516, 0.3096288550723832467, 0.3121844772979596172, 0.3134622884107478025, 0.3147400995235359877, 0.3198513439746887288, 0.3300738328769941554, 0.3505188106816050087, 0.3709637884862158064, 0.3914087662908266596, 0.4322987219000484771, 0.4731886775092702391, 0.4936336553138810923, 0.4987448997650338334, 0.5038561442161865189, 0.5140786331184918900, 0.5549685887277138185, 0.5651910776300191896, 0.5754135665323245608, 0.5958585443369355250, 0.6163035221415464893, 0.6265260110438519714, 0.6367484999461572315, 0.6776384555553791600, 0.6827497000065317900, 0.6853053222321081606, 0.6878609444576844201, 0.6980834333599896802, 0.7185284111645999783, 0.7389733889692102764, 0.7491958778715155365, 0.7504736889843037773, 0.7517515000970917960, 0.7543071223226680555, 0.7594183667738207966, 0.8003083223830409487, 0.8411982779922608788 ),
 .UNSPECIFIED. ) ;
#1386 = EDGE_LOOP ( 'NONE', ( #5663, #7711, #5187, #1518, #4620 ) ) ;
#1387 = CARTESIAN_POINT ( 'NONE',  ( -1.405454050801504318, 4.773123336071968820E-16, -1.032196972724064299 ) ) ;
#1388 = ADVANCED_FACE ( 'NONE', ( #8491 ), #5293, .F. ) ;
#1389 = CARTESIAN_POINT ( 'NONE',  ( -1.654826891523370147, 4.225305541605324677, -0.3893953060310471614 ) ) ;
#1390 = CARTESIAN_POINT ( 'NONE',  ( -1.039443056250000996, 5.285416665710751083, 1.800368184999674215 ) ) ;
#1391 = CARTESIAN_POINT ( 'NONE',  ( -8.683605375308824697E-06, 7.575000274962085278, -1.699999999977821696 ) ) ;
#1392 = AXIS2_PLACEMENT_3D ( 'NONE', #3166, #7763, #5816 ) ;
#1394 = CARTESIAN_POINT ( 'NONE',  ( 0.000000000000000000, 10.19999999999999929, 0.000000000000000000 ) ) ;
#1393 = CARTESIAN_POINT ( 'NONE',  ( 0.4099794528254374626, 0.5468652367581594564, -1.649973024264568044 ) ) ;
#1395 = EDGE_CURVE ( 'NONE', #488, #1261, #2595, .T. ) ;
#1396 = CARTESIAN_POINT ( 'NONE',  ( -0.8246941296568153223, 0.5015071540672302319, 1.876223055706612186 ) ) ;
#1397 = ORIENTED_EDGE ( 'NONE', *, *, #4810, .T. ) ;
#1398 = CARTESIAN_POINT ( 'NONE',  ( 0.8500000000000001998, 5.241666664754835558, -1.472243186433545459 ) ) ;
#1399 = CARTESIAN_POINT ( 'NONE',  ( -5.107491688851570011, 4.909999999999999254, 2.986171345291844581 ) ) ;
#1400 = CARTESIAN_POINT ( 'NONE',  ( -0.8712215248305683613, 9.265185747560236607, 1.459983842851516167 ) ) ;
#1401 = CARTESIAN_POINT ( 'NONE',  ( 1.039443056249993225, 6.802083332377411473, 1.800368184999666221 ) ) ;
#1402 = CARTESIAN_POINT ( 'NONE',  ( -0.9168444456137112564, 2.261872119558330674, 1.431937976382746447 ) ) ;
#1403 = CARTESIAN_POINT ( 'NONE',  ( -1.657061545852340556, 5.625956479328896975, -0.3797540907167600843 ) ) ;
#1404 = ORIENTED_EDGE ( 'NONE', *, *, #2951, .F. ) ;
#1405 = CARTESIAN_POINT ( 'NONE',  ( 1.039443056249998776, 3.389583332377400282, 1.800368184999675547 ) ) ;
#1406 = CARTESIAN_POINT ( 'NONE',  ( 0.8532594903958741206, 0.000000000000000000, 1.756459219398155636 ) ) ;
#1407 = CARTESIAN_POINT ( 'NONE',  ( 2.312024219028190775, 5.951057409446828039, 4.433344562587832272 ) ) ;
#1408 = ORIENTED_EDGE ( 'NONE', *, *, #1039, .T. ) ;
#1409 = ORIENTED_EDGE ( 'NONE', *, *, #5652, .F. ) ;
#1410 = CARTESIAN_POINT ( 'NONE',  ( -1.584369726572528947, 3.590606728472111708, 0.6164660193647470976 ) ) ;
#1411 = VECTOR ( 'NONE', #6967, 1000.000000000000114 ) ;
#1412 = DIRECTION ( 'NONE',  ( 0.000000000000000000, 0.000000000000000000, 1.000000000000000000 ) ) ;
#1413 = CARTESIAN_POINT ( 'NONE',  ( -4.433344562587856252, 2.048942590553170628, 2.312024219028144145 ) ) ;
#1414 = CARTESIAN_POINT ( 'NONE',  ( -1.639951313088441109, 7.021263849938245372, -0.4478941461964291437 ) ) ;
#1415 = CARTESIAN_POINT ( 'NONE',  ( 1.130652715137774988, 0.5045859755760442322, -0.6868806322431677547 ) ) ;
#1416 = CARTESIAN_POINT ( 'NONE',  ( -1.039443056250000996, 1.172916665710751261, 1.800368184999674215 ) ) ;
#1417 = CARTESIAN_POINT ( 'NONE',  ( -0.4425854391566623747, 8.594730325176751506, 1.642232054715218270 ) ) ;
#1418 = CARTESIAN_POINT ( 'NONE',  ( -0.5612670865980873280, 5.086371328999579333, 1.609181141052315578 ) ) ;
#1419 = CARTESIAN_POINT ( 'NONE',  ( 1.459509674777270893, 1.739987159431035657, 0.8727198695667999218 ) ) ;
#1420 = B_SPLINE_CURVE_WITH_KNOTS ( 'NONE', 3,
 ( #1932, #14, #1271, #3275, #7754, #1810, #2667, #5459, #6194, #1536, #2013, #2803, #4762, #757, #151, #4189 ),
 .UNSPECIFIED., .F., .F.,
 ( 4, 2, 2, 2, 2, 2, 2, 4 ),
 ( 0.000000000000000000, 0.2500000000000001110, 0.5000000000000002220, 0.5625000000000002220, 0.6250000000000002220, 0.6875000000000003331, 0.7500000000000002220, 1.000000000000000000 ),
 .UNSPECIFIED. ) ;
#1421 = CARTESIAN_POINT ( 'NONE',  ( -1.700145947332686758, 6.346414467341032761, -0.05965086456782604796 ) ) ;
#1422 = ORIENTED_EDGE ( 'NONE', *, *, #8348, .T. ) ;
#1423 = LINE ( 'NONE', #726, #3186 ) ;
#1424 = CARTESIAN_POINT ( 'NONE',  ( 1.698825972679787633, 3.203810823323155255, -0.06343360674495772400 ) ) ;
#1425 = CARTESIAN_POINT ( 'NONE',  ( -1.681640149517658944, 9.834462447773121951, -0.2506954093965226837 ) ) ;
#1426 = CARTESIAN_POINT ( 'NONE',  ( -3.605955811664682968E-16, 2.324999999999999289, 1.962990915244727130 ) ) ;
#1427 = CARTESIAN_POINT ( 'NONE',  ( -1.039443056250000996, 3.272916665710751349, 1.800368184999674215 ) ) ;
#1428 = CARTESIAN_POINT ( 'NONE',  ( -0.4555136304410093984, 6.731260737432157804, -1.699999998090066633 ) ) ;
#1429 = CARTESIAN_POINT ( 'NONE',  ( 0.000000000000000000, 1.500000000000000444, 4.500000000000000000 ) ) ;
#1430 = CARTESIAN_POINT ( 'NONE',  ( 0.1556978561859726218, 8.635684321056514179, 1.692938160190313956 ) ) ;
#1431 = CARTESIAN_POINT ( 'NONE',  ( -0.5709270098229355384, 1.314180986164910747, -1.601264533827112979 ) ) ;
#1432 = CARTESIAN_POINT ( 'NONE',  ( -4.409630270093162085E-16, 7.531249999044066890, 2.400490913332899545 ) ) ;
#1433 = ORIENTED_EDGE ( 'NONE', *, *, #441, .T. ) ;
#1434 = CARTESIAN_POINT ( 'NONE',  ( 1.446478398275648170, 1.618207017585462518E-17, -1.480593142224394088 ) ) ;
#1435 = CARTESIAN_POINT ( 'NONE',  ( 9.368548013477252244E-16, 1.890482217611112459, 7.650000000000000355 ) ) ;
#1436 = CARTESIAN_POINT ( 'NONE',  ( 1.039443056249998776, 4.002083332377416980, 1.800368184999675325 ) ) ;
#1437 = CARTESIAN_POINT ( 'NONE',  ( 1.493452398043213725, 7.455433554694822718, -0.8133418046602312046 ) ) ;
#1438 = CARTESIAN_POINT ( 'NONE',  ( -1.461377702199900819, 0.5024885121015958411, -0.9141686600425205089 ) ) ;
#1439 = CARTESIAN_POINT ( 'NONE',  ( -4.409630270093162085E-16, 0.5763585357900400385, 2.400490913332899545 ) ) ;
#1440 = CARTESIAN_POINT ( 'NONE',  ( -1.699999999999999289, 4.016666664754835914, -0.9814954576223643423 ) ) ;
#1441 = CARTESIAN_POINT ( 'NONE',  ( -1.942827242337508808, 10.19999999999999929, -0.4246032318656453586 ) ) ;
#1442 = CARTESIAN_POINT ( 'NONE',  ( 1.039443056249993225, 6.102083332377411296, 1.800368184999666221 ) ) ;
#1443 = CARTESIAN_POINT ( 'NONE',  ( 1.413672293949858494, 0.1881229399587513729, 0.9450120383814494263 ) ) ;
#1444 = CARTESIAN_POINT ( 'NONE',  ( -0.4323452937199485091, 5.504640655807260252, -1.644963384954229557 ) ) ;
#1445 = ORIENTED_EDGE ( 'NONE', *, *, #3465, .T. ) ;
#1446 = CARTESIAN_POINT ( 'NONE',  ( -2.078886112500000216, 1.697916665710733630, -1.200245456666450217 ) ) ;
#1447 = CARTESIAN_POINT ( 'NONE',  ( -1.474463917231638721, -4.553649124439118623E-14, -0.3884483102352788708 ) ) ;
#1448 =( BOUNDED_CURVE ( )  B_SPLINE_CURVE ( 2, ( #5866, #2730, #3338, #7248, #6560, #8498, #1907, #2647, #7286 ),
 .UNSPECIFIED., .F., .F. ) 
 B_SPLINE_CURVE_WITH_KNOTS ( ( 3, 2, 2, 2, 3 ),
 ( 0.2386261066216376625, 0.2439289082493513450, 0.2545345129558448383, 0.2651401176623384148, 0.2704429204834315481 ),
 .UNSPECIFIED. ) 
 CURVE ( )  GEOMETRIC_REPRESENTATION_ITEM ( )  RATIONAL_B_SPLINE_CURVE ( ( 0.9330127018922206306, 0.9330127110574679694, 1.000000000000000000, 0.8660254037844387076, 1.000000000000000000, 0.8660254037844387076, 1.000000000000000000, 0.9330126959821807286, 0.9330127018922199644 ) ) 
 REPRESENTATION_ITEM ( '' )  );
#1449 = FACE_OUTER_BOUND ( 'NONE', #3278, .T. ) ;
#1450 = ORIENTED_EDGE ( 'NONE', *, *, #1550, .F. ) ;
#1451 = ORIENTED_EDGE ( 'NONE', *, *, #4118, .F. ) ;
#1452 = CARTESIAN_POINT ( 'NONE',  ( -1.346908880334942271, 3.476230890261996276, -1.037353517822870774 ) ) ;
#1453 = EDGE_CURVE ( 'NONE', #5911, #3423, #589, .T. ) ;
#1454 = DIRECTION ( 'NONE',  ( 0.000000000000000000, 1.000000000000000000, 0.000000000000000000 ) ) ;
#1455 = APPLICATION_CONTEXT ( 'automotive_design' ) ;
#1456 = EDGE_CURVE ( 'NONE', #8069, #5974, #1324, .T. ) ;
#1457 = CARTESIAN_POINT ( 'NONE',  ( -0.8936546146311082905, 2.963605525522966300, 1.446727687608947877 ) ) ;
#1458 = CARTESIAN_POINT ( 'NONE',  ( 1.459286100971771916, 5.360304658965392655, -0.8759732990806196051 ) ) ;
#1459 = CARTESIAN_POINT ( 'NONE',  ( -1.341085118379346408, 7.124429308244083714, 1.045193570969569885 ) ) ;
#1460 = CARTESIAN_POINT ( 'NONE',  ( -1.821963727743424410, 0.5017808638433912671, -0.04778429427847952216 ) ) ;
#1461 = CARTESIAN_POINT ( 'NONE',  ( -2.078886112499999772, 9.310416665710752326, -1.200245456666450439 ) ) ;
#1462 = CARTESIAN_POINT ( 'NONE',  ( 0.9889123136913600121, 6.593373861954644255, 1.383857837471719865 ) ) ;
#1463 = CARTESIAN_POINT ( 'NONE',  ( -1.650533648349448823, 4.924102909858163457, -0.4071754572359003177 ) ) ;
#1464 = CARTESIAN_POINT ( 'NONE',  ( 1.093036974960174490, 1.701731413434456330, 1.302446609403863809 ) ) ;
#1465 = ORIENTED_EDGE ( 'NONE', *, *, #3746, .T. ) ;
#1466 = CARTESIAN_POINT ( 'NONE',  ( 0.5320860640712576917, 0.1792361432801706789, -2.020726234077353745 ) ) ;
#1467 = CARTESIAN_POINT ( 'NONE',  ( 0.1999804302413973889, 3.361277436319815681, -1.688242164616458485 ) ) ;
#1468 = CARTESIAN_POINT ( 'NONE',  ( -1.119837114012763646, 9.754122265257109348, -1.279055472901587054 ) ) ;
#1469 = CARTESIAN_POINT ( 'NONE',  ( 1.699999999999999956, 2.558333333333333570, -0.9814954576223635652 ) ) ;
#1470 = CARTESIAN_POINT ( 'NONE',  ( -1.039443056250000996, -0.2270833342892488449, 1.800368184999674215 ) ) ;
#1471 = CARTESIAN_POINT ( 'NONE',  ( -2.279064564105393487, 2.000000000000000444, 4.400384907664967926 ) ) ;
#1472 = CARTESIAN_POINT ( 'NONE',  ( -5.036781010732915398, 3.090000000000000746, 2.915460667173189968 ) ) ;
#1473 = CARTESIAN_POINT ( 'NONE',  ( 1.126525897262267817, 8.895481476508825480, -1.274919486585063710 ) ) ;
#1474 = CARTESIAN_POINT ( 'NONE',  ( -0.7588852506220031824, 1.327079658574297216, -1.522100948063266346 ) ) ;
#1475 = B_SPLINE_CURVE_WITH_KNOTS ( 'NONE', 3,
 ( #1541, #156, #4108, #3588, #4284, #5464, #6935, #7447, #4768, #6845, #888, #2764, #3542, #6889, #7403, #6803, #979, #6199, #934, #240, #6759, #4153, #1497, #6245, #802, #5591, #3455, #3498, #2898, #8091, #2146, #848, #4809, #8179, #8222, #5796, #8305, #7139, #4409, #3668, #5027, #7056, #5757, #5718, #1802, #2983, #3107, #6975, #5632, #1712, #1184, #7787, #2322, #7745, #1841, #490, #367, #4367, #7659, #4456, #4494, #3841, #6371, #6452, #326, #2371, #7016, #8386, #7621, #1018, #3710, #8263, #4983, #3025, #2452, #8430, #1058, #1102, #408, #3757, #1673, #4325 ),
 .UNSPECIFIED., .F., .F.,
 ( 4, 2, 2, 2, 2, 2, 2, 2, 2, 1, 2, 2, 2, 2, 2, 2, 2, 2, 2, 1, 2, 2, 2, 2, 2, 1, 2, 2, 2, 2, 2, 1, 2, 2, 2, 2, 2, 1, 1, 2, 2, 2, 2, 4 ),
 ( 0.09304626233736877639, 0.09358525853350974089, 0.09372000758254497854, 0.09385475663158023008, 0.09412425472965070539, 0.09520224712193264827, 0.09735823190649650627, 0.09762773000456699546, 0.09776247905360223311, 0.09789722810263747077, 0.09843622429877843527, 0.09951421669106037815, 0.1005922090833423072, 0.1011312052794832717, 0.1016702014756242500, 0.1038261862601881635, 0.1049041786524701203, 0.1054431748486111126, 0.1055779238976463502, 0.1057126729466816017, 0.1059821710447520909, 0.1081381558293160045, 0.1092161482215979612, 0.1093508972706331989, 0.1094856463196684504, 0.1097551444177389396, 0.1102941406138799180, 0.1124501253984438454, 0.1129891215945848237, 0.1132586196926553129, 0.1133933687416905645, 0.1135281177907258021, 0.1146061101830077589, 0.1167620949675716585, 0.1189180797521355581, 0.1210740645366994439, 0.1212088135857346954, 0.1213435626347699331, 0.1216130607328404223, 0.1221520569289813868, 0.1232300493212633297, 0.1243080417135452725, 0.1253860341058272154, 0.1275420188903911012 ),
 .UNSPECIFIED. ) ;
#1476 = VERTEX_POINT ( 'NONE', #3332 ) ;
#1477 = DIRECTION ( 'NONE',  ( 0.7071067811865453523, 0.000000000000000000, 0.7071067811865497932 ) ) ;
#1478 = CARTESIAN_POINT ( 'NONE',  ( -0.1487111569730221461, 4.414797741787705121, 1.693836358979833312 ) ) ;
#1479 = CARTESIAN_POINT ( 'NONE',  ( 1.469876756697720448E-16, 3.593749999044083765, -2.400490913332899545 ) ) ;
#1480 = CARTESIAN_POINT ( 'NONE',  ( 1.689608970876778304, 7.411491773920197090, -0.1877661213462437084 ) ) ;
#1482 = CARTESIAN_POINT ( 'NONE',  ( 1.702496797050294663, 9.499064847908369913, 0.01829243599271832693 ) ) ;
#1481 = DIRECTION ( 'NONE',  ( 1.000000000000000000, 0.000000000000000000, 0.000000000000000000 ) ) ;
#1483 = CARTESIAN_POINT ( 'NONE',  ( 1.039443056249998776, 0.6346918691233734977, 1.800368184999675325 ) ) ;
#1484 = FACE_OUTER_BOUND ( 'NONE', #3411, .T. ) ;
#1485 = CARTESIAN_POINT ( 'NONE',  ( 1.126675055215564625E-15, -5.000000000000000000, 9.099999999999997868 ) ) ;
#1486 = DIRECTION ( 'NONE',  ( 0.000000000000000000, 0.000000000000000000, 1.000000000000000000 ) ) ;
#1487 = CARTESIAN_POINT ( 'NONE',  ( 0.5429497362715384190, 0.3741857966207697284, -1.610979368048900628 ) ) ;
#1488 = AXIS2_PLACEMENT_3D ( 'NONE', #5173, #4478, #7118 ) ;
#1489 = CARTESIAN_POINT ( 'NONE',  ( -1.048087173058532828, 5.548115920833774695, -1.338491243206554548 ) ) ;
#1490 = ORIENTED_EDGE ( 'NONE', *, *, #1894, .F. ) ;
#1491 = CARTESIAN_POINT ( 'NONE',  ( 1.039443056250000330, 2.922916665710733941, -1.800368184999674437 ) ) ;
#1492 = CARTESIAN_POINT ( 'NONE',  ( -1.442224466501542679, -4.553649124439118623E-14, -0.4667804356800052124 ) ) ;
#1493 = DIRECTION ( 'NONE',  ( 0.000000000000000000, 0.000000000000000000, -1.000000000000000000 ) ) ;
#1494 = EDGE_LOOP ( 'NONE', ( #510, #1465, #6670, #1375 ) ) ;
#1495 = VECTOR ( 'NONE', #4954, 1000.000000000000000 ) ;
#1496 = CARTESIAN_POINT ( 'NONE',  ( -1.699312561436413294, 3.552944276251076783, 0.04918216907190522263 ) ) ;
#1497 = CARTESIAN_POINT ( 'NONE',  ( 1.088822403157070795, 1.001581236383141116, 1.306706532969756474 ) ) ;
#1498 = CARTESIAN_POINT ( 'NONE',  ( 4.999999999999999112, 8.000000000000000000, 2.291287847478249429 ) ) ;
#1499 = CARTESIAN_POINT ( 'NONE',  ( 1.163005788171184607, 5.392120077550097257, -1.239945275065559516 ) ) ;
#1500 = CARTESIAN_POINT ( 'NONE',  ( -1.115567041167130125, 6.953545918618336152, -1.284108238687641235 ) ) ;
#1501 = AXIS2_PLACEMENT_3D ( 'NONE', #931, #7532, #6196 ) ;
#1502 = CARTESIAN_POINT ( 'NONE',  ( 1.195222821399237301, 0.5045733480139510396, 0.1077287274428151004 ) ) ;
#1503 = CARTESIAN_POINT ( 'NONE',  ( -4.409630270093162085E-16, 1.231249999044084609, 2.400490913332899545 ) ) ;
#1504 = CARTESIAN_POINT ( 'NONE',  ( 0.4790284707567629696, 6.557855378423260717, 1.631643596888709302 ) ) ;
#1505 = CARTESIAN_POINT ( 'NONE',  ( -0.7300876066688067878, 5.075004641613311662, 1.535347078849826463 ) ) ;
#1506 = ADVANCED_FACE ( 'NONE', ( #6593, #2640 ), #5941, .T. ) ;
#1507 = DIRECTION ( 'NONE',  ( 0.000000000000000000, 0.000000000000000000, 1.000000000000000000 ) ) ;
#1508 = EDGE_LOOP ( 'NONE', ( #2617, #2962, #3496, #5120 ) ) ;
#1509 = CARTESIAN_POINT ( 'NONE',  ( -1.502461041837757527, 0.2874211411493316493, -1.460309835893636388 ) ) ;
#1510 = CARTESIAN_POINT ( 'NONE',  ( 0.5789764958913073967, 3.335292727493601284, -1.601641493815335160 ) ) ;
#1511 = DIRECTION ( 'NONE',  ( -0.000000000000000000, -1.000000000000000000, -0.000000000000000000 ) ) ;
#1512 = CARTESIAN_POINT ( 'NONE',  ( -1.699999999999999289, 4.891666666666667496, -0.9814954576223643423 ) ) ;
#1513 = CARTESIAN_POINT ( 'NONE',  ( 1.039443056249998776, 0.5895833323774178902, 1.800368184999675325 ) ) ;
#1514 = CARTESIAN_POINT ( 'NONE',  ( 2.986171345291897872, 3.090000000000000746, 5.107491688851538925 ) ) ;
#1515 = CARTESIAN_POINT ( 'NONE',  ( 1.699999999999999289, 9.966666664754836091, 0.9814954576223646754 ) ) ;
#1516 = CARTESIAN_POINT ( 'NONE',  ( 1.698572141684793868, 8.804205871703810971, -0.06994167394717139274 ) ) ;
#1517 = CARTESIAN_POINT ( 'NONE',  ( -0.4350808677256087220, 1.304825331803057376, -1.644259141489787135 ) ) ;
#1518 = ORIENTED_EDGE ( 'NONE', *, *, #6986, .T. ) ;
#1519 = EDGE_LOOP ( 'NONE', ( #123, #7170, #5889, #5571 ) ) ;
#1520 = CARTESIAN_POINT ( 'NONE',  ( 0.9417440459534032193, 9.610135175896800774, -1.415317800555813355 ) ) ;
#1521 = CARTESIAN_POINT ( 'NONE',  ( -1.690126920245355935, 4.261214654901310794, 0.1829802749890967750 ) ) ;
#1522 = CARTESIAN_POINT ( 'NONE',  ( -2.078886112500000216, 5.168749999044083943, -2.545901223465009197E-16 ) ) ;
#1523 = CARTESIAN_POINT ( 'NONE',  ( 1.420256480422882106, 7.465131589935403156, -0.9344407911981937875 ) ) ;
#1524 = EDGE_CURVE ( 'NONE', #5877, #5271, #8144, .T. ) ;
#1526 = CARTESIAN_POINT ( 'NONE',  ( 1.686396621525059647, 9.486770675133323394, 0.2148029457409081078 ) ) ;
#1525 =( LENGTH_UNIT ( ) NAMED_UNIT ( * ) SI_UNIT ( .MILLI., .METRE. ) );
#1527 = CARTESIAN_POINT ( 'NONE',  ( 1.559964162803579635, 10.41879487122320036, 2.488400182856330911 ) ) ;
#1528 = AXIS2_PLACEMENT_3D ( 'NONE', #4414, #8226, #3112 ) ;
#1529 = DIRECTION ( 'NONE',  ( -0.000000000000000000, -1.000000000000000000, -0.000000000000000000 ) ) ;
#1530 = B_SPLINE_CURVE_WITH_KNOTS ( 'NONE', 3,
 ( #3955, #5265, #7900, #642, #1957, #4614, #7578, #5552, #2193, #6892, #6156, #7449, #4812, #804, #3630, #2853, #4286, #2283, #936, #6291, #242, #5508, #6116, #850, #6249, #7495, #8093, #3457, #2945, #1631, #5466, #327, #6847, #3590, #2986, #5593, #2108, #6201, #285, #5634, #4196, #8224, #4941, #4770, #891, #7405, #6937, #159, #980, #3544, #2901, #1458, #6805, #2148, #4110, #6761, #2810, #4241, #1499, #4154, #3501, #201, #8137, #4855, #1543, #8181, #2237, #4895, #7537, #1588, #6330, #8388, #7018, #3713, #3149, #3192, #5070, #6413, #1756, #369, #3069, #3109, #1144, #1021 ),
 .UNSPECIFIED., .F., .F.,
 ( 4, 2, 2, 2, 1, 2, 2, 2, 2, 2, 2, 2, 2, 2, 2, 2, 2, 1, 2, 2, 1, 2, 2, 1, 2, 2, 2, 2, 2, 2, 2, 2, 1, 1, 1, 2, 1, 1, 2, 2, 2, 2, 1, 2, 2, 2, 4 ),
 ( 0.5122502972084015394, 0.5144533523727633506, 0.5155548799549443117, 0.5158302618504895243, 0.5161056437460347368, 0.5166564075371251619, 0.5188594627014870841, 0.5194102264925775092, 0.5199609902836679343, 0.5210625178658488954, 0.5232655730302107067, 0.5238163368213012427, 0.5243671006123916678, 0.5254686281945726289, 0.5265701557767534791, 0.5271209195678440151, 0.5273963014633892277, 0.5276716833589344402, 0.5298747385232962515, 0.5309762661054772126, 0.5311139570532498189, 0.5311828025271361220, 0.5312516480010224251, 0.5315270298965676377, 0.5320777936876580627, 0.5342808488520198740, 0.5348316126431102990, 0.5353823764342008351, 0.5364839040163816852, 0.5386869591807434965, 0.5389623410762887090, 0.5391000320240613153, 0.5392377229718339215, 0.5397884867629243466, 0.5408900143451053077, 0.5419915419272861579, 0.5425423057183766939, 0.5428176876139219065, 0.5429553785616945127, 0.5430930695094671190, 0.5452961246738289303, 0.5463976522560098914, 0.5466730341515551039, 0.5468107250993277102, 0.5468795705732141244, 0.5469484160471004275, 0.5474991798381908525 ),
 .UNSPECIFIED. ) ;
#1531 = CARTESIAN_POINT ( 'NONE',  ( -0.04791189994239840322, 0.4114587156602499407, -1.699417971807289041 ) ) ;
#1532 = CARTESIAN_POINT ( 'NONE',  ( 0.000000000000000000, 1.000000000000000000, 0.000000000000000000 ) ) ;
#1533 = CARTESIAN_POINT ( 'NONE',  ( 1.132772197237722489, 0.3348263826845460089, -1.268699223887665539 ) ) ;
#1534 = CARTESIAN_POINT ( 'NONE',  ( -1.571776274566167642, 5.606903598332475092, -0.6502055382337829093 ) ) ;
#1535 = EDGE_CURVE ( 'NONE', #4718, #3521, #7805, .T. ) ;
#1536 = CARTESIAN_POINT ( 'NONE',  ( 0.8373783563630635696, -0.000000000000000000, 1.763980044351545429 ) ) ;
#1537 = CARTESIAN_POINT ( 'NONE',  ( -1.045562469241583026, 0.000000000000000000, 1.397286475156172214 ) ) ;
#1538 = CYLINDRICAL_SURFACE ( 'NONE', #7607, 1.699999999999999956 ) ;
#1539 = ORIENTED_EDGE ( 'NONE', *, *, #8585, .T. ) ;
#1540 = CARTESIAN_POINT ( 'NONE',  ( -2.078886112500000216, 10.15624999904408376, -2.545901223465009197E-16 ) ) ;
#1541 = CARTESIAN_POINT ( 'NONE',  ( 1.873810884940545013E-06, 0.9250273915134427094, 1.699999999997947375 ) ) ;
#1542 = CARTESIAN_POINT ( 'NONE',  ( 1.096800902282797828E-15, -0.001016675309814529804, 8.956059028990509319 ) ) ;
#1543 = CARTESIAN_POINT ( 'NONE',  ( 0.7849758604125210981, 5.421413264643708985, -1.508164737090854857 ) ) ;
#1544 = CARTESIAN_POINT ( 'NONE',  ( 1.039443056249994779, 1.435416665710745221, -1.800368184999665111 ) ) ;
#1545 = CARTESIAN_POINT ( 'NONE',  ( -0.9605337306847492318, 0.5024113461634656108, -1.333346780310105784 ) ) ;
#1546 = CARTESIAN_POINT ( 'NONE',  ( -2.078886112500000216, 3.856249999044084831, -2.545901223465009197E-16 ) ) ;
#1547 = CARTESIAN_POINT ( 'NONE',  ( 1.700075476416673892, 6.703140670184311922, -0.05255534736878036267 ) ) ;
#1548 = CARTESIAN_POINT ( 'NONE',  ( 0.7017506422808597044, 7.973161111442514049, 1.548490034969929319 ) ) ;
#1549 = CARTESIAN_POINT ( 'NONE',  ( 0.2798823590929908067, 1.644141042773739070, 1.680557216165186940 ) ) ;
#1550 = EDGE_CURVE ( 'NONE', #4718, #5919, #8156, .T. ) ;
#1551 = VERTEX_POINT ( 'NONE', #7336 ) ;
#1552 = DIRECTION ( 'NONE',  ( 0.000000000000000000, 0.000000000000000000, 1.000000000000000000 ) ) ;
#1553 = CARTESIAN_POINT ( 'NONE',  ( 0.8176089062624269932, 3.318888315357086949, -1.490499009915998707 ) ) ;
#1554 = CARTESIAN_POINT ( 'NONE',  ( 0.000000000000000000, 3.000000000000000000, 0.000000000000000000 ) ) ;
#1555 = CARTESIAN_POINT ( 'NONE',  ( 1.699999999999999067, 5.241666666666666252, 0.9814954576223646754 ) ) ;
#1556 = CARTESIAN_POINT ( 'NONE',  ( -2.078886112500000216, 2.456249999044084475, -2.545901223465009197E-16 ) ) ;
#1557 = DIRECTION ( 'NONE',  ( 0.000000000000000000, -0.6560590289905107175, -0.7547095802227690164 ) ) ;
#1558 = CARTESIAN_POINT ( 'NONE',  ( -1.039443056249999664, 2.252083332377417424, -1.800368184999674437 ) ) ;
#1559 =( BOUNDED_CURVE ( )  B_SPLINE_CURVE ( 2, ( #247, #1682, #4333, #6898, #4993, #896, #6852, #7542, #6206 ),
 .UNSPECIFIED., .F., .F. ) 
 B_SPLINE_CURVE_WITH_KNOTS ( ( 3, 2, 2, 2, 3 ),
 ( 0.7795119468051009415, 0.7848147482805216679, 0.7954203529870151890, 0.8060259576935087100, 0.8113286804707695588 ),
 .UNSPECIFIED. ) 
 CURVE ( )  GEOMETRIC_REPRESENTATION_ITEM ( )  RATIONAL_B_SPLINE_CURVE ( ( 0.9330127018922211857, 0.9330127129812986198, 1.000000000000000000, 0.8660254037844387076, 1.000000000000000000, 0.8660254037844387076, 1.000000000000000000, 0.9330137071305699692, 0.9330127019073043426 ) ) 
 REPRESENTATION_ITEM ( '' )  );
#1560 = CARTESIAN_POINT ( 'NONE',  ( 0.7866073076514800144, 8.921152872946979784, -1.507125663679819372 ) ) ;
#1561 = CARTESIAN_POINT ( 'NONE',  ( -1.039443056250000996, 9.618025202456706779, 1.800368184999674215 ) ) ;
#1562 = EDGE_CURVE ( 'NONE', #4062, #8111, #739, .T. ) ;
#1563 = EDGE_LOOP ( 'NONE', ( #2012, #8294, #6382, #8511 ) ) ;
#1564 = ORIENTED_EDGE ( 'NONE', *, *, #2777, .F. ) ;
#1565 = CARTESIAN_POINT ( 'NONE',  ( 1.512804818088857362, 9.552592530427631345, -0.7765506391841587863 ) ) ;
#1566 = EDGE_CURVE ( 'NONE', #2725, #1346, #4089, .T. ) ;
#1567 = CARTESIAN_POINT ( 'NONE',  ( -1.690879788238994541, 4.260800741266461245, 0.1759862349400162784 ) ) ;
#1568 = CARTESIAN_POINT ( 'NONE',  ( -2.078886112500000216, 10.12708333237741698, 1.200245456666449106 ) ) ;
#1569 = CARTESIAN_POINT ( 'NONE',  ( 0.1359181020698187747, 7.565675507077074258, -1.694853311964834353 ) ) ;
#1571 = CARTESIAN_POINT ( 'NONE',  ( 1.665618033317299407, 9.478598638018594258, 0.3413799591715822035 ) ) ;
#1570 = DIRECTION ( 'NONE',  ( -0.000000000000000000, -1.000000000000000000, -0.000000000000000000 ) ) ;
#1572 = CARTESIAN_POINT ( 'NONE',  ( -1.039443056250000996, 9.572916665710751616, 1.800368184999674215 ) ) ;
#1573 = B_SPLINE_CURVE_WITH_KNOTS ( 'NONE', 3,
 ( #8496, #2559, #6436, #1126, #514, #7811, #7771, #7246, #4479, #7850, #4565, #3132, #7119, #1905, #3824, #6475, #3173, #5257, #5903, #7205, #5823, #3947, #8456 ),
 .UNSPECIFIED., .F., .F.,
 ( 4, 2, 2, 2, 2, 2, 1, 2, 2, 2, 2, 4 ),
 ( 0.8411982779922609899, 0.8610484932432284078, 0.8709736008687122277, 0.8759361546814540267, 0.8808987084941959367, 0.9205991389961306615, 0.9305242466216143704, 0.9354868004343561694, 0.9379680773407270689, 0.9404493542470979683, 0.9602995694980653862, 1.000000000000000000 ),
 .UNSPECIFIED. ) ;
#1574 = ORIENTED_EDGE ( 'NONE', *, *, #3689, .T. ) ;
#1575 = CARTESIAN_POINT ( 'NONE',  ( -0.8500000000000007550, 6.291666664754835381, 1.472243186433545237 ) ) ;
#1576 = CARTESIAN_POINT ( 'NONE',  ( -0.3146158000077092787, 10.19999999999999929, -1.715101778971554136 ) ) ;
#1577 = CYLINDRICAL_SURFACE ( 'NONE', #4753, 1.699999999999999956 ) ;
#1578 = CARTESIAN_POINT ( 'NONE',  ( -0.05678808140747550193, 2.321037294641127513, 1.699999999371459181 ) ) ;
#1579 = CARTESIAN_POINT ( 'NONE',  ( -1.238607632380274826, 5.735146265174077662, 1.166922933462002154 ) ) ;
#1580 = CARTESIAN_POINT ( 'NONE',  ( 1.469876756697720941E-16, 4.381249999044066534, -2.400490913332899545 ) ) ;
#1581 = CARTESIAN_POINT ( 'NONE',  ( 1.750570205327067530, -1.301042606982605321E-15, 1.092089485602959709 ) ) ;
#1582 = CARTESIAN_POINT ( 'NONE',  ( -1.699999999999999512, 8.916666664754835381, -0.9814954576223642313 ) ) ;
#1583 = VERTEX_POINT ( 'NONE', #3567 ) ;
#1584 = CIRCLE ( 'NONE', #4925, 8.083676619637062188 ) ;
#1585 = CARTESIAN_POINT ( 'NONE',  ( -2.078886112499999772, 7.997916665710751438, -1.200245456666450439 ) ) ;
#1586 = LINE ( 'NONE', #1629, #5620 ) ;
#1587 = CARTESIAN_POINT ( 'NONE',  ( -0.8499999999999996447, 7.458333331421502344, -1.472243186433545681 ) ) ;
#1588 = CARTESIAN_POINT ( 'NONE',  ( 0.6732568745437490509, 5.428775676697988217, -1.561004924779001435 ) ) ;
#1589 = CARTESIAN_POINT ( 'NONE',  ( -2.078886112499989114, 2.310416665710744777, -1.200245456666443999 ) ) ;
#1590 = CARTESIAN_POINT ( 'NONE',  ( -1.506483154183562823, 0.5026492716967695396, -0.8546998567561218119 ) ) ;
#1591 = CARTESIAN_POINT ( 'NONE',  ( -2.078886112500000216, 1.756249999044084520, -2.545901223465009197E-16 ) ) ;
#1592 = CARTESIAN_POINT ( 'NONE',  ( 1.318058999375341100, 6.777379109597378104, -1.082246400181663182 ) ) ;
#1593 = CARTESIAN_POINT ( 'NONE',  ( 2.312024219028189886, 1.500000000000000444, 4.433344562587831383 ) ) ;
#1594 = CARTESIAN_POINT ( 'NONE',  ( 1.644062448643542229, 1.828826356433733702, -0.4535944325003930522 ) ) ;
#1595 = ORIENTED_EDGE ( 'NONE', *, *, #6543, .T. ) ;
#1596 = CARTESIAN_POINT ( 'NONE',  ( -2.040451162464005375, 0.3876983378801686642, 0.4255487949829440675 ) ) ;
#1597 = CARTESIAN_POINT ( 'NONE',  ( -1.098082331961754754, 3.451933688903289887, -1.302995905878987726 ) ) ;
#1598 = CARTESIAN_POINT ( 'NONE',  ( 7.252000366886311333, 8.000000000000000000, -2.435362535369390180 ) ) ;
#1599 = CARTESIAN_POINT ( 'NONE',  ( 1.699999999999999956, 7.399999999999999467, 0.000000000000000000 ) ) ;
#1600 = CARTESIAN_POINT ( 'NONE',  ( 1.039443056250000330, 1.522916665710751349, -1.800368184999674215 ) ) ;
#1601 = CARTESIAN_POINT ( 'NONE',  ( -0.8054412758851141607, 2.030064686072775793, -1.497567456690612087 ) ) ;
#1602 = CARTESIAN_POINT ( 'NONE',  ( -1.039443056249999664, 3.652083332377417779, -1.800368184999674437 ) ) ;
#1603 = CARTESIAN_POINT ( 'NONE',  ( 1.588347554073182621, 8.839914607000052271, -0.6085383752556366987 ) ) ;
#1604 = CARTESIAN_POINT ( 'NONE',  ( -1.665213502839547166, 1.428468517722951914, -0.3421777162758433133 ) ) ;
#1605 = ADVANCED_FACE ( 'NONE', ( #3007 ), #2888, .F. ) ;
#1606 = ORIENTED_EDGE ( 'NONE', *, *, #7451, .F. ) ;
#1607 = VERTEX_POINT ( 'NONE', #6223 ) ;
#1608 = DIRECTION ( 'NONE',  ( -0.7071067811865474617, 0.000000000000000000, -0.7071067811865474617 ) ) ;
#1609 = CARTESIAN_POINT ( 'NONE',  ( -0.8499999999999996447, 6.758333331421501278, -1.472243186433545681 ) ) ;
#1610 = CARTESIAN_POINT ( 'NONE',  ( 1.290346760070131937, 2.420156475265658358, 1.106911275277615569 ) ) ;
#1611 = CARTESIAN_POINT ( 'NONE',  ( -1.039443056249999664, 7.852083332377418401, -1.800368184999674437 ) ) ;
#1612 = EDGE_CURVE ( 'NONE', #4949, #5526, #8248, .T. ) ;
#1613 = CARTESIAN_POINT ( 'NONE',  ( -1.695783000538611640, 0.7427353505267755285, -0.1197984611786510195 ) ) ;
#1615 = CARTESIAN_POINT ( 'NONE',  ( 0.2880763047840620983, 9.344618019003517517, 1.678747009797364020 ) ) ;
#1614 =( LENGTH_UNIT ( ) NAMED_UNIT ( * ) SI_UNIT ( .MILLI., .METRE. ) );
#1616 = CARTESIAN_POINT ( 'NONE',  ( -2.078886112500000216, 4.601358535790040172, -2.545901223465009197E-16 ) ) ;
#1617 = ORIENTED_EDGE ( 'NONE', *, *, #1535, .F. ) ;
#1618 = PLANE ( 'NONE',  #7052 ) ;
#1619 = CARTESIAN_POINT ( 'NONE',  ( 0.000000000000000000, -5.000000000000000000, 0.000000000000000000 ) ) ;
#1620 = CARTESIAN_POINT ( 'NONE',  ( -0.7795822751540372186, 10.19999999999999751, 1.927179012186210461 ) ) ;
#1621 = CARTESIAN_POINT ( 'NONE',  ( 1.413074854284119608, 0.3087189530425625827, -0.9468496027142480065 ) ) ;
#1622 = CYLINDRICAL_SURFACE ( 'NONE', #4715, 1.699999999999999956 ) ;
#1623 = CARTESIAN_POINT ( 'NONE',  ( 2.078886112500000216, 3.506249999044066978, 0.000000000000000000 ) ) ;
#1624 = B_SPLINE_CURVE_WITH_KNOTS ( 'NONE', 3,
 ( #2552, #6678, #720, #3373, #1504, #4158, #5512, #5470, #8229, #4899, #4816, #2241, #116, #2770, #6254, #6809, #1462, #292, #3594, #8097, #3419, #7409, #7454, #854, #5599, #4245, #6897, #2950, #2288, #6766, #2857, #3505, #6851, #940, #163, #8141, #2814, #7499, #4946, #7541, #4200, #6160, #895, #1547, #2200, #4115, #7583, #2152, #6205, #246, #3549, #5556, #5426, #205, #4859, #2906, #8185, #4069, #1592, #6722, #768, #6072, #809, #8054, #2112, #4774, #3462, #6120, #4992, #8438, #3033, #1149, #1762, #1719, #6418, #4375, #5639, #3677, #6296, #6942, #5157, #4417, #7105, #6335, #5725, #374, #5075 ),
 .UNSPECIFIED., .F., .F.,
 ( 4, 2, 2, 1, 2, 2, 2, 2, 2, 2, 2, 1, 2, 2, 2, 2, 2, 2, 2, 2, 1, 1, 2, 2, 2, 1, 2, 2, 2, 2, 2, 2, 2, 2, 2, 2, 2, 2, 2, 2, 2, 2, 2, 2, 2, 4 ),
 ( 0.6524518491593793712, 0.6546414160952940264, 0.6557361995632513540, 0.6560098954302406860, 0.6561467433637353519, 0.6562835912972300179, 0.6568309830312086817, 0.6579257664991660093, 0.6590205499671233369, 0.6601153334350806645, 0.6603890293020699964, 0.6606627251690593283, 0.6612101169030379921, 0.6633996838389526474, 0.6639470755729313112, 0.6644944673069099750, 0.6655892507748673026, 0.6677788177107818468, 0.6679156656442765128, 0.6680525135777711787, 0.6683262094447605106, 0.6688736011787391744, 0.6694209929127178382, 0.6699683846466965020, 0.6710631681146538297, 0.6716105598486324935, 0.6717474077821271594, 0.6718842557156218254, 0.6721579515826111573, 0.6743475185185258125, 0.6754423019864831401, 0.6765370854544404677, 0.6787266523903551230, 0.6792740441243337868, 0.6798214358583124506, 0.6809162193262697782, 0.6820110027942272168, 0.6831057862621845445, 0.6836531779961632083, 0.6842005697301418721, 0.6852953531980991997, 0.6863901366660565273, 0.6869375284000351911, 0.6872112242670245230, 0.6873480722005191890, 0.6874849201340138549 ),
 .UNSPECIFIED. ) ;
#1625 = CARTESIAN_POINT ( 'NONE',  ( 0.8609444323602303273, 0.000000000000000000, 3.015183413925743849 ) ) ;
#1626 = CARTESIAN_POINT ( 'NONE',  ( 1.700307737709878086, 6.002992850324883278, -0.04379501078297585309 ) ) ;
#1627 = ORIENTED_EDGE ( 'NONE', *, *, #4174, .T. ) ;
#1628 = CARTESIAN_POINT ( 'NONE',  ( -2.078886112500000216, 10.21458333237741734, 1.200245456666449106 ) ) ;
#1629 = CARTESIAN_POINT ( 'NONE',  ( 4.046831517071719730, 3.090000000000000746, 4.046831517071717066 ) ) ;
#1630 = CARTESIAN_POINT ( 'NONE',  ( -5.107491688851570011, 3.089999999999999858, 2.986171345291844581 ) ) ;
#1631 = CARTESIAN_POINT ( 'NONE',  ( 1.646021455009389456, 5.272867476108660689, 0.4252525722643510919 ) ) ;
#1632 = CARTESIAN_POINT ( 'NONE',  ( -1.039443056249994113, 0.1520833323774116730, -1.800368184999665333 ) ) ;
#1633 = CARTESIAN_POINT ( 'NONE',  ( -1.653930101299736499, 0.07495407957793986942, 0.3932741324517619597 ) ) ;
#1634 = CARTESIAN_POINT ( 'NONE',  ( -1.591034352562788357, 0.5020236306036383045, 1.119678638715421837 ) ) ;
#1635 = CARTESIAN_POINT ( 'NONE',  ( 2.078886112499999772, 1.464583332377418001, -1.200245456666449329 ) ) ;
#1636 = ADVANCED_FACE ( 'NONE', ( #8204 ), #265, .T. ) ;
#1637 = CARTESIAN_POINT ( 'NONE',  ( -0.8470145761388304662, 7.633237304438644344, -1.478103172991855230 ) ) ;
#1638 = FACE_OUTER_BOUND ( 'NONE', #1735, .T. ) ;
#1639 = CARTESIAN_POINT ( 'NONE',  ( 1.697473135668911670, 1.793536785971860725, 0.1073115029169964679 ) ) ;
#1640 = CIRCLE ( 'NONE', #6080, 8.956059028990509319 ) ;
#1641 = ORIENTED_EDGE ( 'NONE', *, *, #1337, .T. ) ;
#1642 = CARTESIAN_POINT ( 'NONE',  ( -1.835082005889103529, 0.4200874347945433018, 1.027934419238295316 ) ) ;
#1643 = AXIS2_PLACEMENT_3D ( 'NONE', #2094, #4184, #7390 ) ;
#1644 = CARTESIAN_POINT ( 'NONE',  ( 3.226782805549681665, 2.373921791567575657, 3.956290731841335173 ) ) ;
#1645 = VECTOR ( 'NONE', #4757, 1000.000000000000000 ) ;
#1646 = CARTESIAN_POINT ( 'NONE',  ( -0.8500000000000007550, 7.866666666666668029, 1.472243186433545237 ) ) ;
#1647 = CARTESIAN_POINT ( 'NONE',  ( 1.469876756697720448E-16, 6.481249999044083943, -2.400490913332899545 ) ) ;
#1648 = CARTESIAN_POINT ( 'NONE',  ( 5.107491688851549583, 4.910000000000001030, -2.986171345291880108 ) ) ;
#1649 = CARTESIAN_POINT ( 'NONE',  ( -2.078886112500000216, 3.827083332377417602, 1.200245456666449106 ) ) ;
#1650 = CARTESIAN_POINT ( 'NONE',  ( 1.290174910504232386, 8.879896132656991625, -1.107012385912756747 ) ) ;
#1651 = CARTESIAN_POINT ( 'NONE',  ( -1.697458860695855609, 1.456887635430828665, 0.1075719825660896717 ) ) ;
#1652 = VECTOR ( 'NONE', #375, 1000.000000000000000 ) ;
#1653 = ORIENTED_EDGE ( 'NONE', *, *, #6018, .T. ) ;
#1654 = CARTESIAN_POINT ( 'NONE',  ( 0.5580734873234449722, 9.636762279069147397, -1.606433975294246252 ) ) ;
#1655 = CARTESIAN_POINT ( 'NONE',  ( 0.8499999999999988676, 9.908333331421500745, 1.472243186433546347 ) ) ;
#1656 = CARTESIAN_POINT ( 'NONE',  ( 1.699997379491309246, 2.499270894340793525, 0.01223940753985074126 ) ) ;
#1657 = CARTESIAN_POINT ( 'NONE',  ( -1.039443056249999664, 7.152083332377418223, -1.800368184999674437 ) ) ;
#1658 = CARTESIAN_POINT ( 'NONE',  ( -1.700725481024894403, 0.7510996288223447115, 0.01538227127341135030 ) ) ;
#1659 = CARTESIAN_POINT ( 'NONE',  ( 1.691372756706530645, 9.510493695182759666, -0.1711844536372829073 ) ) ;
#1660 = CARTESIAN_POINT ( 'NONE',  ( 1.039443056249998776, 4.134691869123372499, 1.800368184999675325 ) ) ;
#1661 = EDGE_CURVE ( 'NONE', #3128, #4701, #2602, .T. ) ;
#1662 = VECTOR ( 'NONE', #6077, 1000.000000000000000 ) ;
#1663 = ORIENTED_EDGE ( 'NONE', *, *, #8011, .T. ) ;
#1664 = FACE_OUTER_BOUND ( 'NONE', #6440, .T. ) ;
#1665 = CARTESIAN_POINT ( 'NONE',  ( 0.000000000000000000, 8.000000000000000000, 0.000000000000000000 ) ) ;
#1666 = CARTESIAN_POINT ( 'NONE',  ( 0.08260023302601304795, 0.2306706449440774909, 1.698584850456285045 ) ) ;
#1667 = CARTESIAN_POINT ( 'NONE',  ( -0.4962514027157425289, 5.790848823346773422, 1.626981202273581451 ) ) ;
#1668 = CARTESIAN_POINT ( 'NONE',  ( 1.039443056249998776, 4.789583332377399749, 1.800368184999675547 ) ) ;
#1669 = EDGE_CURVE ( 'NONE', #6531, #2757, #394, .T. ) ;
#1670 = CARTESIAN_POINT ( 'NONE',  ( -1.117151777244890454, 0.000000000000000000, -2.298522558293747409 ) ) ;
#1671 = EDGE_LOOP ( 'NONE', ( #1194, #6218, #799, #6015 ) ) ;
#1672 = CARTESIAN_POINT ( 'NONE',  ( 1.039443056249998776, 9.689583332377416980, 1.800368184999675325 ) ) ;
#1673 = CARTESIAN_POINT ( 'NONE',  ( 0.1478484384140419661, 1.264853538543025069, -1.699999999999999956 ) ) ;
#1674 = CARTESIAN_POINT ( 'NONE',  ( -2.729945736131028586E-06, 6.349960133096244519, 1.699999999995678968 ) ) ;
#1675 = CARTESIAN_POINT ( 'NONE',  ( -1.672320888481835244, 9.130792304006487115, -0.3092266474304329327 ) ) ;
#1676 = CARTESIAN_POINT ( 'NONE',  ( 1.561117331972025957, 1.618207017585799325E-17, -1.372836532352581740 ) ) ;
#1677 = CARTESIAN_POINT ( 'NONE',  ( -0.04020795221643219675, 0.5016882022230854110, 2.127327417807661547 ) ) ;
#1678 = CARTESIAN_POINT ( 'NONE',  ( -1.823503013667019612, 0.5020099891899727496, 0.3982818967557110734 ) ) ;
#1679 = CARTESIAN_POINT ( 'NONE',  ( 1.039443056249998776, 1.989583332377417690, 1.800368184999675325 ) ) ;
#1680 = AXIS2_PLACEMENT_3D ( 'NONE', #5507, #1020, #8135 ) ;
#1681 = CARTESIAN_POINT ( 'NONE',  ( 5.087985294887772625, 4.978965517241379146, 2.966664951328128907 ) ) ;
#1682 = CARTESIAN_POINT ( 'NONE',  ( -0.4555136971247584210, 8.131260742008494802, -1.699999959590186682 ) ) ;
#1683 = CARTESIAN_POINT ( 'NONE',  ( 1.248815543031557063, 1.884032124239596540, -1.153629848809015090 ) ) ;
#1684 = ORIENTED_EDGE ( 'NONE', *, *, #6922, .F. ) ;
#1685 = CARTESIAN_POINT ( 'NONE',  ( 1.158448938917249427, 4.507471628364673855, 1.244187030049817233 ) ) ;
#1686 = CARTESIAN_POINT ( 'NONE',  ( -1.540975174048550222, 9.898436213549825169, 0.7214567410960918137 ) ) ;
#1687 = CARTESIAN_POINT ( 'NONE',  ( 1.201985270554894323E-16, 6.174999999999999822, -1.962990915244727130 ) ) ;
#1688 = CARTESIAN_POINT ( 'NONE',  ( -2.078886112499999772, 5.897916665710750905, -1.200245456666450439 ) ) ;
#1689 = CARTESIAN_POINT ( 'NONE',  ( 0.000000000000000000, 8.000000000000000000, 0.000000000000000000 ) ) ;
#1690 = CARTESIAN_POINT ( 'NONE',  ( -1.039443056249999664, 4.352083332377417513, -1.800368184999674437 ) ) ;
#1691 = CARTESIAN_POINT ( 'NONE',  ( -1.691815019827811684, 8.460223763075141790, 0.1666535769217895313 ) ) ;
#1692 = CARTESIAN_POINT ( 'NONE',  ( -1.307349914836752669, 1.528471833359871246, 1.094755767471623065 ) ) ;
#1693 = DIRECTION ( 'NONE',  ( 0.6936187941687647074, 0.000000000000000000, -0.7203422578024065714 ) ) ;
#1694 = CARTESIAN_POINT ( 'NONE',  ( 0.3867414843826138537, 3.751546680460151606, 1.655439924916392691 ) ) ;
#1695 = CARTESIAN_POINT ( 'NONE',  ( -1.700000000000000400, 8.333333331421499679, 0.9814954576223632321 ) ) ;
#1696 = CARTESIAN_POINT ( 'NONE',  ( 1.646214302208664604, 2.472246524958287228, 0.4382330048704322079 ) ) ;
#1697 = CARTESIAN_POINT ( 'NONE',  ( 1.039443056250000330, 9.135416665710753392, -1.800368184999674215 ) ) ;
#1698 = ADVANCED_FACE ( 'NONE', ( #5780 ), #2644, .F. ) ;
#1699 = CARTESIAN_POINT ( 'NONE',  ( -1.284434139821569287, 0.6692251503227084619, -1.120958663021951240 ) ) ;
#1701 = CARTESIAN_POINT ( 'NONE',  ( 0.3975360183446892126, 8.247733449378989334, -1.653055555240098284 ) ) ;
#1700 = CARTESIAN_POINT ( 'NONE',  ( 0.000000000000000000, 0.000000000000000000, 0.000000000000000000 ) ) ;
#1702 = CARTESIAN_POINT ( 'NONE',  ( -1.039443056250000996, 4.718025202456705536, 1.800368184999674215 ) ) ;
#1703 = ORIENTED_EDGE ( 'NONE', *, *, #998, .T. ) ;
#1704 = SURFACE_SIDE_STYLE ('',( #3659 ) ) ;
#1705 = CARTESIAN_POINT ( 'NONE',  ( 1.699999999999999956, 5.183333331421501100, -0.9814954576223635652 ) ) ;
#1706 = CARTESIAN_POINT ( 'NONE',  ( 0.5809242586477366688, 0.1246179473592603087, 1.597663094956068175 ) ) ;
#1707 = CARTESIAN_POINT ( 'NONE',  ( -0.3191970453178745726, 5.803084657889136189, 1.671506174020404911 ) ) ;
#1708 = CARTESIAN_POINT ( 'NONE',  ( -2.078886112500000216, 5.897916665710733142, -1.200245456666450217 ) ) ;
#1709 = CARTESIAN_POINT ( 'NONE',  ( -1.688084211479070174, 0.000000000000000000, 2.429025677836845087 ) ) ;
#1710 = ORIENTED_EDGE ( 'NONE', *, *, #5787, .F. ) ;
#1711 = CARTESIAN_POINT ( 'NONE',  ( -4.409630270093162085E-16, 8.931249999044084120, 2.400490913332899545 ) ) ;
#1712 = CARTESIAN_POINT ( 'NONE',  ( 1.699649206434197479, 1.103024069416323139, -0.04731060822879055300 ) ) ;
#1713 = CARTESIAN_POINT ( 'NONE',  ( -2.078886112499999772, -0.4895833342892488838, -1.200245456666450439 ) ) ;
#1714 = CARTESIAN_POINT ( 'NONE',  ( -1.468589320824499778, 9.090585254073848986, -0.8636606045794905651 ) ) ;
#1715 = CARTESIAN_POINT ( 'NONE',  ( -2.078886112499989114, 1.610416665710744599, -1.200245456666443999 ) ) ;
#1716 = CARTESIAN_POINT ( 'NONE',  ( 0.1947799264480546688, 0.5016363978901442477, 2.141094716255061758 ) ) ;
#1717 = CARTESIAN_POINT ( 'NONE',  ( -1.835360682966971746, 0.5018900837183914998, 0.2027606095711809164 ) ) ;
#1718 = CARTESIAN_POINT ( 'NONE',  ( -1.039443056250000996, 1.872916665710751438, 1.800368184999674215 ) ) ;
#1719 = CARTESIAN_POINT ( 'NONE',  ( 0.5330015326237449447, 6.838422290624935229, -1.614505927479409797 ) ) ;
#1720 = CARTESIAN_POINT ( 'NONE',  ( 1.699999999999999956, 0.9249999980881689066, 0.000000000000000000 ) ) ;
#1721 = CARTESIAN_POINT ( 'NONE',  ( 0.2991139371451825291, 1.954482510809504081, -1.673784372074814675 ) ) ;
#1722 = AXIS2_PLACEMENT_3D ( 'NONE', #4666, #3229, #7300 ) ;
#1723 = EDGE_CURVE ( 'NONE', #2535, #6911, #1207, .T. ) ;
#1724 = ADVANCED_FACE ( 'NONE', ( #5902 ), #1165, .F. ) ;
#1725 = ORIENTED_EDGE ( 'NONE', *, *, #8398, .T. ) ;
#1726 = CARTESIAN_POINT ( 'NONE',  ( 0.5863099170579468833, 4.465247058418543524, 1.596256936960499528 ) ) ;
#1727 = CARTESIAN_POINT ( 'NONE',  ( -1.004411517147663080, 2.744523581446157934, -1.371675983857188363 ) ) ;
#1728 = CYLINDRICAL_SURFACE ( 'NONE', #3806, 5.000000000000000000 ) ;
#1729 = CARTESIAN_POINT ( 'NONE',  ( 0.8499999999999988676, 7.283333333333333215, 1.472243186433546347 ) ) ;
#1730 = CARTESIAN_POINT ( 'NONE',  ( 2.078886112499999328, 4.847916665710751971, 1.200245456666450661 ) ) ;
#1731 = CARTESIAN_POINT ( 'NONE',  ( -2.802105099545100852E-07, 9.149995889346708822, 1.699999999999953992 ) ) ;
#1732 = CARTESIAN_POINT ( 'NONE',  ( 1.469876756697720448E-16, 4.993749999044084120, -2.400490913332899545 ) ) ;
#1733 = CARTESIAN_POINT ( 'NONE',  ( -2.331218669170723198E-08, 6.524999657399159325, 1.699999999999999734 ) ) ;
#1734 = CARTESIAN_POINT ( 'NONE',  ( -1.679212039889128150, 1.466414324643359635, 0.2655027404430789773 ) ) ;
#1735 = EDGE_LOOP ( 'NONE', ( #6659, #3930, #932, #609 ) ) ;
#1736 = CARTESIAN_POINT ( 'NONE',  ( 1.526019148301296369, 3.950511866532438798, -0.7497134615938049196 ) ) ;
#1737 = CARTESIAN_POINT ( 'NONE',  ( -1.699999999999999289, 10.31666666475483396, -0.9814954576223643423 ) ) ;
#1738 = AXIS2_PLACEMENT_3D ( 'NONE', #2424, #5851, #4550 ) ;
#1739 = DIRECTION ( 'NONE',  ( 0.5120428415488789131, -0.6896551724137937045, 0.5120428415488786911 ) ) ;
#1740 = CARTESIAN_POINT ( 'NONE',  ( 2.078886112499999328, 9.660416665710751971, 1.200245456666450661 ) ) ;
#1741 = CARTESIAN_POINT ( 'NONE',  ( -1.625038923977077943, 0.7823069737614225527, 0.4997602442079476237 ) ) ;
#1743 = LINE ( 'NONE', #7043, #2616 ) ;
#1742 = SHAPE_DEFINITION_REPRESENTATION ( #3151, #3564 ) ;
#1744 = CARTESIAN_POINT ( 'NONE',  ( 2.078886112499999772, 4.309691869123373209, -1.200245456666449329 ) ) ;
#1745 = EDGE_LOOP ( 'NONE', ( #8565, #5272, #7014, #2155 ) ) ;
#1746 = CARTESIAN_POINT ( 'NONE',  ( -2.312024219028236960, 2.048942590553174181, 4.433344562587810955 ) ) ;
#1747 = DIRECTION ( 'NONE',  ( 0.7071067811865475727, -3.056747976430751789E-16, -0.7071067811865475727 ) ) ;
#1748 = CARTESIAN_POINT ( 'NONE',  ( 1.157604629341679514, 0.3073895455117210962, 1.245002852345992173 ) ) ;
#1749 = CARTESIAN_POINT ( 'NONE',  ( 1.559008574777695965E-15, 5.475000000000000533, -1.699999999999999734 ) ) ;
#1750 = CARTESIAN_POINT ( 'NONE',  ( -1.039443056250000996, 3.972916665710732875, 1.800368184999674215 ) ) ;
#1751 = CARTESIAN_POINT ( 'NONE',  ( -1.315658849368989136, 1.301042606982605321E-15, 2.679142523628029959 ) ) ;
#1752 = ORIENTED_EDGE ( 'NONE', *, *, #3110, .F. ) ;
#1753 = CARTESIAN_POINT ( 'NONE',  ( -0.8499999999999996447, 0.4583333314215022325, -1.472243186433545681 ) ) ;
#1754 = DIRECTION ( 'NONE',  ( -0.7071067811865475727, 0.000000000000000000, 0.7071067811865475727 ) ) ;
#1755 = CARTESIAN_POINT ( 'NONE',  ( -4.409630270093162085E-16, 1.843749999044084875, 2.400490913332899545 ) ) ;
#1756 = CARTESIAN_POINT ( 'NONE',  ( 0.09927686244314608277, 5.468186881040007385, -1.697100432568546369 ) ) ;
#1757 = CARTESIAN_POINT ( 'NONE',  ( 2.078886112499989558, 3.477083332377412184, -1.200245456666443111 ) ) ;
#1758 = PRODUCT_DEFINITION_SHAPE ( 'NONE', 'NONE',  #2167 ) ;
#1759 = CARTESIAN_POINT ( 'NONE',  ( 0.6583960812107378935, 0.5014306161244588278, 2.095990416084115182 ) ) ;
#1760 = CARTESIAN_POINT ( 'NONE',  ( -1.834626856869545630, 0.5019143886785779607, 0.2360799712350127866 ) ) ;
#1761 = CARTESIAN_POINT ( 'NONE',  ( -2.078886112500000216, 6.714583332377418223, 1.200245456666449106 ) ) ;
#1762 = CARTESIAN_POINT ( 'NONE',  ( 0.5576109067685470766, 6.836732729699988909, -1.606145022887800033 ) ) ;
#1763 = CARTESIAN_POINT ( 'NONE',  ( 1.095635385641521298, 8.001904956290061932, 1.300498583292033050 ) ) ;
#1764 = CARTESIAN_POINT ( 'NONE',  ( 1.520228888112543864, 1.851407199253326530, -0.7611608540652978760 ) ) ;
#1765 = AXIS2_PLACEMENT_3D ( 'NONE', #3198, #4590, #5282 ) ;
#1766 = VERTEX_POINT ( 'NONE', #474 ) ;
#1767 = CARTESIAN_POINT ( 'NONE',  ( 0.5591224942128448783, 4.463366166212402675, 1.605930774711682441 ) ) ;
#1768 = CARTESIAN_POINT ( 'NONE',  ( -2.179449471770337432, 7.633692192606185145, 4.500000000000000000 ) ) ;
#1769 = FACE_OUTER_BOUND ( 'NONE', #3023, .T. ) ;
#1770 = CARTESIAN_POINT ( 'NONE',  ( 0.8500000000000001998, 8.916666666666666075, -1.472243186433545459 ) ) ;
#1771 = CARTESIAN_POINT ( 'NONE',  ( 2.078886112499999772, 5.664583332377417513, -1.200245456666449329 ) ) ;
#1772 = CARTESIAN_POINT ( 'NONE',  ( 1.699999999999999289, 9.266666664754835026, 0.9814954576223646754 ) ) ;
#1773 = CARTESIAN_POINT ( 'NONE',  ( -2.078886112500000216, 7.268749999044084475, -2.545901223465009197E-16 ) ) ;
#1774 = EDGE_CURVE ( 'NONE', #6945, #306, #7434, .T. ) ;
#1775 = CARTESIAN_POINT ( 'NONE',  ( -1.514585142025560494, 8.397752765935495134, -0.7720436060718353088 ) ) ;
#1776 = CARTESIAN_POINT ( 'NONE',  ( -1.520394684569698507, 1.501368773556868597, 0.7606069375040053204 ) ) ;
#1777 = AXIS2_PLACEMENT_3D ( 'NONE', #6098, #5534, #5447 ) ;
#1778 = VECTOR ( 'NONE', #5051, 1000.000000000000000 ) ;
#1779 = DIRECTION ( 'NONE',  ( 0.7203422578024066825, 0.000000000000000000, 0.6936187941687648184 ) ) ;
#1780 = CARTESIAN_POINT ( 'NONE',  ( 0.9101689967184168895, 3.787560154961852721, 1.435856277507397083 ) ) ;
#1781 = CIRCLE ( 'NONE', #2609, 0.1000000000000001443 ) ;
#1782 = CARTESIAN_POINT ( 'NONE',  ( 0.8500000000000001998, 9.441666664754835736, -1.472243186433545459 ) ) ;
#1783 = CARTESIAN_POINT ( 'NONE',  ( 0.2766438839053710907, 2.656015081516961196, -1.677347202343171473 ) ) ;
#1784 = CARTESIAN_POINT ( 'NONE',  ( -7.252000366886311333, 3.200000000000000178, 2.435362535369389292 ) ) ;
#1785 = CARTESIAN_POINT ( 'NONE',  ( -0.9246678236645553550, 0.6388603315015595197, -1.428745297912014989 ) ) ;
#1787 = CARTESIAN_POINT ( 'NONE',  ( 1.136253756315967589, 8.194496072378068874, -1.264508444895430683 ) ) ;
#1786 = ITEM_DEFINED_TRANSFORMATION ( 'NONE', 'NONE', #8560,  #5109 ) ;
#1788 = CARTESIAN_POINT ( 'NONE',  ( 2.078886112499999772, 2.209691869123373564, -1.200245456666449329 ) ) ;
#1789 =( BOUNDED_CURVE ( )  B_SPLINE_CURVE ( 3, ( #6014, #7875, #1970, #5280 ),
 .UNSPECIFIED., .F., .F. ) 
 B_SPLINE_CURVE_WITH_KNOTS ( ( 4, 4 ),
 ( 2.836899999574395981, 3.446285307605190251 ),
 .UNSPECIFIED. ) 
 CURVE ( )  GEOMETRIC_REPRESENTATION_ITEM ( )  RATIONAL_B_SPLINE_CURVE ( ( 1.000000000000000000, 0.9692928009446305504, 0.9692928009446305504, 1.000000000000000000 ) ) 
 REPRESENTATION_ITEM ( '' )  );
#1790 = ORIENTED_EDGE ( 'NONE', *, *, #5711, .T. ) ;
#1791 = CARTESIAN_POINT ( 'NONE',  ( 1.475650795692294626, 5.942076484908489498, 0.8449909947446078151 ) ) ;
#1792 = AXIS2_PLACEMENT_3D ( 'NONE', #3062, #2447, #362 ) ;
#1793 = LINE ( 'NONE', #4314, #3303 ) ;
#1794 = CARTESIAN_POINT ( 'NONE',  ( 0.8500000000000001998, 7.341666664754834315, -1.472243186433545459 ) ) ;
#1795 = DIRECTION ( 'NONE',  ( 0.7071067811865474617, 0.000000000000000000, 0.7071067811865476838 ) ) ;
#1796 = CARTESIAN_POINT ( 'NONE',  ( 2.712967541895487944, 3.008500636646441961, -7.153346357285052193 ) ) ;
#1797 = AXIS2_PLACEMENT_3D ( 'NONE', #3835, #4662, #5185 ) ;
#1798 = CARTESIAN_POINT ( 'NONE',  ( -1.039443056249999664, 8.639583332377398506, -1.800368184999674659 ) ) ;
#1799 = CARTESIAN_POINT ( 'NONE',  ( 1.287202840627484912, 0.000000000000000000, -1.974999395637562438 ) ) ;
#1800 = VERTEX_POINT ( 'NONE', #7245 ) ;
#1801 = CARTESIAN_POINT ( 'NONE',  ( 0.8500000000000001998, 2.441666664754835736, -1.472243186433545459 ) ) ;
#1802 = CARTESIAN_POINT ( 'NONE',  ( 1.696665006538416787, 1.093551360227203562, 0.1065758160242573360 ) ) ;
#1803 = CARTESIAN_POINT ( 'NONE',  ( -2.078886112499999772, 2.310416665710751438, -1.200245456666450439 ) ) ;
#1804 = CARTESIAN_POINT ( 'NONE',  ( -1.030693079792116551, 9.046692361242230973, -1.351918818702664060 ) ) ;
#1805 = CARTESIAN_POINT ( 'NONE',  ( -2.078886112499989114, 3.010416665710745399, -1.200245456666443999 ) ) ;
#1806 = CARTESIAN_POINT ( 'NONE',  ( -1.696059665052470855, 0.05702309844210679685, 0.1158021397610582565 ) ) ;
#1807 = CARTESIAN_POINT ( 'NONE',  ( -1.833030091123723615, 0.5019434261970884270, 0.2794059134449731752 ) ) ;
#1808 = CARTESIAN_POINT ( 'NONE',  ( 2.078886112500000216, 7.706249999044083587, 0.000000000000000000 ) ) ;
#1809 = CARTESIAN_POINT ( 'NONE',  ( -1.658791403431928435, 7.774440825017076229, 0.3861302217242683632 ) ) ;
#1810 = CARTESIAN_POINT ( 'NONE',  ( 0.3770947873624330149, -0.000000000000000000, 1.870511266740580547 ) ) ;
#1811 = VERTEX_POINT ( 'NONE', #2519 ) ;
#1812 = CARTESIAN_POINT ( 'NONE',  ( 1.161817601406659017, 4.507775489207116237, 1.241041969831949032 ) ) ;
#1813 = CARTESIAN_POINT ( 'NONE',  ( -0.4264379834505020450, 2.704248100007883071, -1.646446402281352972 ) ) ;
#1814 = DIRECTION ( 'NONE',  ( -0.7071067811865473507, 0.000000000000000000, 0.7071067811865477948 ) ) ;
#1815 = CARTESIAN_POINT ( 'NONE',  ( -0.8500000000000007550, 9.966666666666665009, 1.472243186433545237 ) ) ;
#1816 = CARTESIAN_POINT ( 'NONE',  ( -2.078886112499999772, 4.497916665710750550, -1.200245456666450439 ) ) ;
#1817 = CARTESIAN_POINT ( 'NONE',  ( -4.409630270093162085E-16, 8.843749999044085541, 2.400490913332899545 ) ) ;
#1818 = CARTESIAN_POINT ( 'NONE',  ( -1.684078323905724428, 8.435361395513027105, -0.2370220054238110774 ) ) ;
#1819 = LINE ( 'NONE', #628, #2086 ) ;
#1820 = ORIENTED_EDGE ( 'NONE', *, *, #2465, .T. ) ;
#1821 = CARTESIAN_POINT ( 'NONE',  ( 0.8225608820244003638, 3.781310964985110434, 1.488196319717211447 ) ) ;
#1822 = CARTESIAN_POINT ( 'NONE',  ( 1.699999999999999956, 7.924999998088168240, 0.000000000000000000 ) ) ;
#1823 = CARTESIAN_POINT ( 'NONE',  ( 0.2208622866734540613, 2.659846915775033516, -1.685807760604153938 ) ) ;
#1824 = CARTESIAN_POINT ( 'NONE',  ( 1.560041492310335176, 10.33129921093942372, 2.488357700144190776 ) ) ;
#1825 = CARTESIAN_POINT ( 'NONE',  ( -0.3799104995076469926, 0.8989599277278835787, 1.657085800261625552 ) ) ;
#1826 = ADVANCED_FACE ( 'NONE', ( #5863 ), #1287, .T. ) ;
#1827 = CARTESIAN_POINT ( 'NONE',  ( 1.542816041955117790, 8.147861615620827891, -0.7146615962693105839 ) ) ;
#1828 = CARTESIAN_POINT ( 'NONE',  ( -2.078886112500000216, 6.701358535790038928, -2.545901223465009197E-16 ) ) ;
#1829 = EDGE_CURVE ( 'NONE', #3682, #2692, #4221, .T. ) ;
#1830 = VERTEX_POINT ( 'NONE', #2558 ) ;
#1831 = PRODUCT ( 'base', 'base', '', ( #6314 ) ) ;
#1832 = CARTESIAN_POINT ( 'NONE',  ( 1.067433882440277815, 5.899523369670485629, 1.323348493453363250 ) ) ;
#1833 = CARTESIAN_POINT ( 'NONE',  ( 1.697841388865369616, 2.876812475708104054E-17, -1.217361142614838743 ) ) ;
#1834 = CARTESIAN_POINT ( 'NONE',  ( 0.1591386277053428999, 0.09858995483282831374, 1.700000007571846217 ) ) ;
#1835 = SHAPE_REPRESENTATION ( 'base', ( #5109 ), #800 ) ;
#1836 = DIRECTION ( 'NONE',  ( -0.7071067811865453523, 2.775557561562891351E-17, -0.7071067811865499042 ) ) ;
#1837 = CARTESIAN_POINT ( 'NONE',  ( 2.078886112500000216, 9.864583332377398150, -1.200245456666449329 ) ) ;
#1838 = ORIENTED_EDGE ( 'NONE', *, *, #4808, .F. ) ;
#1839 = ORIENTED_EDGE ( 'NONE', *, *, #4808, .T. ) ;
#1840 = CARTESIAN_POINT ( 'NONE',  ( 1.699999999999999956, 2.383333331421502166, -0.9814954576223635652 ) ) ;
#1841 = CARTESIAN_POINT ( 'NONE',  ( 1.636148629244799535, 1.129630287727724891, -0.4616277200831684913 ) ) ;
#1842 = CARTESIAN_POINT ( 'NONE',  ( -2.078886112500000216, 2.368749999044084120, -2.545901223465009197E-16 ) ) ;
#1843 = CARTESIAN_POINT ( 'NONE',  ( -0.9585191303560233189, 9.041293429627003775, -1.404263524628138970 ) ) ;
#1844 = CARTESIAN_POINT ( 'NONE',  ( 1.039443056249993225, 2.602083332377411296, 1.800368184999666221 ) ) ;
#1845 = CARTESIAN_POINT ( 'NONE',  ( -0.9179784720602875980, 0.1619814699645515388, 1.432562232886620990 ) ) ;
#1846 = DIRECTION ( 'NONE',  ( -0.000000000000000000, 1.000000000000000000, -0.000000000000000000 ) ) ;
#1847 = CARTESIAN_POINT ( 'NONE',  ( 1.469876756697720448E-16, 6.481249999044083943, -2.400490913332899545 ) ) ;
#1848 = CARTESIAN_POINT ( 'NONE',  ( -1.219031943634683701, 7.837025507732364282, 1.188489589155340198 ) ) ;
#1849 = CYLINDRICAL_SURFACE ( 'NONE', #3982, 0.1000000000000001443 ) ;
#1850 = CARTESIAN_POINT ( 'NONE',  ( -0.2038725454486739475, 8.673617379884035472E-16, -1.301992951980623037 ) ) ;
#1851 = ORIENTED_EDGE ( 'NONE', *, *, #4174, .F. ) ;
#1852 = CARTESIAN_POINT ( 'NONE',  ( 1.561025037801877513, 4.555218398123330736, 0.6732373251371358558 ) ) ;
#1853 = CARTESIAN_POINT ( 'NONE',  ( -0.4701584140095223519, 2.707261781277064738, -1.634167809653499281 ) ) ;
#1854 = FACE_OUTER_BOUND ( 'NONE', #154, .T. ) ;
#1855 = CARTESIAN_POINT ( 'NONE',  ( -0.07610597498291356289, 0.5102635229815125628, 0.8838946085367460626 ) ) ;
#1856 = CARTESIAN_POINT ( 'NONE',  ( -2.078886112500000216, 5.868749999044084120, -2.545901223465009197E-16 ) ) ;
#1857 = DIRECTION ( 'NONE',  ( -0.000000000000000000, -1.000000000000000000, -0.000000000000000000 ) ) ;
#1858 = CARTESIAN_POINT ( 'NONE',  ( -0.1095629980603747139, 1.617488631597477244, 1.696591567676867252 ) ) ;
#1859 = CARTESIAN_POINT ( 'NONE',  ( -1.055633213481009802, 4.148683962467695885, -1.332531599286804980 ) ) ;
#1860 = AXIS2_PLACEMENT_3D ( 'NONE', #8411, #513, #7810 ) ;
#1861 = DIRECTION ( 'NONE',  ( -0.7071067811865401342, -3.056747976430751789E-16, -0.7071067811865550112 ) ) ;
#1862 = CARTESIAN_POINT ( 'NONE',  ( 0.8699417320332643033, 3.784671044209289015, 1.460662539921906866 ) ) ;
#1863 = CARTESIAN_POINT ( 'NONE',  ( 1.396373277428832438, 3.131902148862247603, 0.9700245332509580543 ) ) ;
#1864 = AXIS2_PLACEMENT_3D ( 'NONE', #448, #1754, #3147 ) ;
#1865 = CARTESIAN_POINT ( 'NONE',  ( 0.000000000000000000, 1.500000000000000444, 0.000000000000000000 ) ) ;
#1866 = CARTESIAN_POINT ( 'NONE',  ( 0.4555098079711006887, 2.881260475105793528, 1.700002204994097488 ) ) ;
#1867 = AXIS2_PLACEMENT_3D ( 'NONE', #4567, #7930, #32 ) ;
#1868 = CARTESIAN_POINT ( 'NONE',  ( 0.8500000000000001998, 1.216666666666666785, -1.472243186433545459 ) ) ;
#1869 = DIRECTION ( 'NONE',  ( -0.7071067811865475727, -3.056747976430751789E-16, 0.7071067811865475727 ) ) ;
#1870 = DIRECTION ( 'NONE',  ( 0.000000000000000000, 0.000000000000000000, 1.000000000000000000 ) ) ;
#1871 = CARTESIAN_POINT ( 'NONE',  ( 2.078886112499999328, 7.693025202456706069, 1.200245456666450661 ) ) ;
#1872 = EDGE_CURVE ( 'NONE', #272, #2381, #4921, .T. ) ;
#1873 = ORIENTED_EDGE ( 'NONE', *, *, #8448, .T. ) ;
#1874 = CARTESIAN_POINT ( 'NONE',  ( 1.034878890039719002, 6.103064841932330786, -1.349810785275204594 ) ) ;
#1875 = CARTESIAN_POINT ( 'NONE',  ( 0.1571503895134099826, 7.235697525884862813, 1.700000000481179496 ) ) ;
#1876 = CARTESIAN_POINT ( 'NONE',  ( 1.634340792599691561, 0.3689173839909959396, 0.4846010158267580747 ) ) ;
#1877 = LINE ( 'NONE', #485, #3606 ) ;
#1878 = CARTESIAN_POINT ( 'NONE',  ( 0.8499999999999988676, 7.808333331421501988, 1.472243186433546347 ) ) ;
#1879 = ORIENTED_EDGE ( 'NONE', *, *, #4696, .T. ) ;
#1880 = EDGE_LOOP ( 'NONE', ( #3700, #1912, #4162, #5977 ) ) ;
#1881 = CARTESIAN_POINT ( 'NONE',  ( 1.699999999999999067, 2.966666664754835203, 0.9814954576223646754 ) ) ;
#1882 = CARTESIAN_POINT ( 'NONE',  ( 0.000000000000000000, 1.890482217611112015, 0.000000000000000000 ) ) ;
#1883 = CARTESIAN_POINT ( 'NONE',  ( -0.4155091280990614866, 0.4346425613344650496, -1.648980462774780609 ) ) ;
#1884 = CARTESIAN_POINT ( 'NONE',  ( 1.039443056249994779, 4.235416665710745043, -1.800368184999665111 ) ) ;
#1885 = CARTESIAN_POINT ( 'NONE',  ( 0.000000000000000000, 1.164764600845456632, 0.000000000000000000 ) ) ;
#1886 = CARTESIAN_POINT ( 'NONE',  ( -5.078412917506967439, 3.000000000000000000, -4.890012498889791281 ) ) ;
#1887 = CARTESIAN_POINT ( 'NONE',  ( 2.078886112499999772, 8.464583332377417335, -1.200245456666449329 ) ) ;
#1888 = CARTESIAN_POINT ( 'NONE',  ( -0.7148957498367751739, 7.875905451490942788, 1.542381528209756381 ) ) ;
#1889 = CARTESIAN_POINT ( 'NONE',  ( -4.433344562587855364, 5.951057409446828927, 2.312024219028143701 ) ) ;
#1890 = CARTESIAN_POINT ( 'NONE',  ( -1.115586942534718906, 0.000000000000000000, -0.9256370372130132695 ) ) ;
#1891 = ORIENTED_EDGE ( 'NONE', *, *, #8132, .T. ) ;
#1892 = CARTESIAN_POINT ( 'NONE',  ( 1.311496813481017432, 4.678034018075692302, -1.089531143799580271 ) ) ;
#1893 = CARTESIAN_POINT ( 'NONE',  ( -0.8506834946557388921, 2.733484702537690492, -1.475837597190774675 ) ) ;
#1894 = EDGE_CURVE ( 'NONE', #365, #2432, #3290, .T. ) ;
#1895 = CARTESIAN_POINT ( 'NONE',  ( -4.999999999999999112, 7.500000000000000000, 0.000000000000000000 ) ) ;
#1896 = CARTESIAN_POINT ( 'NONE',  ( -0.5431422232712123099, 0.5140721286406464419, 0.5036335705532885010 ) ) ;
#1897 = CARTESIAN_POINT ( 'NONE',  ( 1.039443056250000330, 7.035416665710750195, -1.800368184999674215 ) ) ;
#1898 = CARTESIAN_POINT ( 'NONE',  ( -1.613814361436214595, 8.484731265828592939, 0.5346090921268713547 ) ) ;
#1899 = CYLINDRICAL_SURFACE ( 'NONE', #1392, 1.699999999999999956 ) ;
#1900 = CARTESIAN_POINT ( 'NONE',  ( -1.104585754703165890, 4.152598641453081996, -1.292981843637009076 ) ) ;
#1901 = CARTESIAN_POINT ( 'NONE',  ( -1.657041644639438260, 6.374641083781448003, 0.3894336943726320333 ) ) ;
#1902 = CARTESIAN_POINT ( 'NONE',  ( 1.379988566823062701, 3.829988055266637215, 0.9931950909273074002 ) ) ;
#1903 = CARTESIAN_POINT ( 'NONE',  ( 1.699348625957640024, 3.202862676258246388, -0.04778116442783042483 ) ) ;
#1904 = CARTESIAN_POINT ( 'NONE',  ( 0.2509003857095102874, 2.657783139411293849, -1.681556260167201833 ) ) ;
#1905 = CARTESIAN_POINT ( 'NONE',  ( -0.9095793661381759154, 0.03126814691699518478, 1.436248528570418292 ) ) ;
#1906 = CARTESIAN_POINT ( 'NONE',  ( 1.699999999999999956, -0.3000000000000000444, 0.000000000000000000 ) ) ;
#1907 = CARTESIAN_POINT ( 'NONE',  ( 0.8500000000000001998, 2.441666664754835736, -1.472243186433545459 ) ) ;
#1908 = CARTESIAN_POINT ( 'NONE',  ( 4.843681451127850757, 3.200000000000000178, -4.843681451127848980 ) ) ;
#1909 = DIRECTION ( 'NONE',  ( 0.000000000000000000, 0.000000000000000000, 1.000000000000000000 ) ) ;
#1910 = CARTESIAN_POINT ( 'NONE',  ( -1.039443056250000996, 8.218025202456706424, 1.800368184999674215 ) ) ;
#1911 = EDGE_CURVE ( 'NONE', #6219, #3478, #3380, .T. ) ;
#1912 = ORIENTED_EDGE ( 'NONE', *, *, #7510, .T. ) ;
#1913 = CARTESIAN_POINT ( 'NONE',  ( 1.195951349495064431, 5.910613871185107726, 1.211526365205537914 ) ) ;
#1914 = VECTOR ( 'NONE', #748, 1000.000000000000000 ) ;
#1915 = CARTESIAN_POINT ( 'NONE',  ( 1.633157109766918413, 7.369645028370897855, 0.4740942532104827634 ) ) ;
#1916 = CARTESIAN_POINT ( 'NONE',  ( 1.368115500166179999, 0.4713687269085343190, -1.009225839381522327 ) ) ;
#1917 = DIRECTION ( 'NONE',  ( -0.000000000000000000, -1.000000000000000000, -0.000000000000000000 ) ) ;
#1918 = EDGE_CURVE ( 'NONE', #4260, #3520, #3426, .T. ) ;
#1919 = ORIENTED_EDGE ( 'NONE', *, *, #4112, .T. ) ;
#1920 = ORIENTED_EDGE ( 'NONE', *, *, #7701, .F. ) ;
#1921 = CARTESIAN_POINT ( 'NONE',  ( -3.605955811664682968E-16, 2.849999998088168507, 1.962990915244727130 ) ) ;
#1922 = CARTESIAN_POINT ( 'NONE',  ( -1.658391212177752582E-06, 8.975000113811159252, -1.699999999999190825 ) ) ;
#1923 = CARTESIAN_POINT ( 'NONE',  ( -0.8901537363233668065, 0.4642661683395959971, -1.450272995923871600 ) ) ;
#1924 = CARTESIAN_POINT ( 'NONE',  ( 1.039443056249993225, 8.902083332377413782, 1.800368184999666221 ) ) ;
#1925 = CARTESIAN_POINT ( 'NONE',  ( -1.700055045023538769, 2.149252701984148750, -0.01108231318329078868 ) ) ;
#1926 = PLANE ( 'NONE',  #7491 ) ;
#1927 = CARTESIAN_POINT ( 'NONE',  ( 2.179449471770337432, 7.499999999999998224, -4.500000000000000000 ) ) ;
#1928 = CARTESIAN_POINT ( 'NONE',  ( 2.078886112500000216, 8.406249999044083765, 0.000000000000000000 ) ) ;
#1929 = CARTESIAN_POINT ( 'NONE',  ( -1.031325839241397313, 7.853266338839142158, 1.351456259127418402 ) ) ;
#1930 = B_SPLINE_CURVE_WITH_KNOTS ( 'NONE', 3,
 ( #333, #4292, #3075, #4332, #1637, #2378, #2991, #3635, #1065, #7708, #8270, #3807, #1026, #3719, #2329, #7064, #1109, #4463, #5116, #5684, #3156, #8394, #6982, #6379, #3764, #455, #3115, #5035, #8314, #7667, #415, #8354, #2461, #2417, #5765, #6460, #498, #7753, #1809, #5805, #6620, #2665, #8480, #663, #2543, #1848, #6666, #7834, #3927, #6540, #1929, #5197, #6498, #6580, #3968, #5973, #3197, #3318, #4589, #1888, #538, #8522, #5846, #7228, #579, #5238, #4013, #7188, #11, #7950, #3236, #1310, #3274, #708 ),
 .UNSPECIFIED., .F., .F.,
 ( 4, 2, 2, 2, 1, 1, 2, 2, 1, 2, 2, 2, 2, 1, 2, 2, 2, 2, 2, 1, 2, 2, 2, 2, 2, 2, 2, 2, 2, 1, 2, 2, 2, 1, 2, 2, 2, 2, 2, 1, 4 ),
 ( 0.7574773208058558360, 0.7618518700521950127, 0.7640391446753646010, 0.7651327819869493396, 0.7654061913148455520, 0.7655428959787936583, 0.7656112483107677669, 0.7656454244767547657, 0.7656796006427417645, 0.7662264192985343003, 0.7684136939217042217, 0.7695073312332891824, 0.7700541498890817182, 0.7703275592169779307, 0.7704642638809260369, 0.7706009685448741431, 0.7749755177912140969, 0.7752489271191103093, 0.7753856317830585265, 0.7755223364470066327, 0.7760691551027990576, 0.7771627924143840183, 0.7793500670375540507, 0.7804437043491390114, 0.7815373416607239720, 0.7837246162838940045, 0.7848182535954789651, 0.7850916629233751776, 0.7853650722512713900, 0.7859118909070639258, 0.7870055282186488865, 0.7875523468744413114, 0.7876890515383894176, 0.7878257562023376348, 0.7880991655302338472, 0.7891928028418188079, 0.7897396214976112327, 0.7900130308255075562, 0.7901497354894556624, 0.7902864401534037686, 0.7924737147765736900 ),
 .UNSPECIFIED. ) ;
#1931 = EDGE_CURVE ( 'NONE', #6219, #5098, #6763, .T. ) ;
#1932 = CARTESIAN_POINT ( 'NONE',  ( -1.322793207534794346, 0.000000000000000000, 1.067809969095536271 ) ) ;
#1933 = CARTESIAN_POINT ( 'NONE',  ( -0.8247350556209839256, 6.468427697193452452, 1.486619962908654724 ) ) ;
#1934 = VECTOR ( 'NONE', #6874, 1000.000000000000000 ) ;
#1935 = ORIENTED_EDGE ( 'NONE', *, *, #3110, .T. ) ;
#1936 = ADVANCED_FACE ( 'NONE', ( #299 ), #5328, .T. ) ;
#1937 = CARTESIAN_POINT ( 'NONE',  ( 0.1458942107293259294, 4.764987647797720882, -1.693735672844576046 ) ) ;
#1938 = CARTESIAN_POINT ( 'NONE',  ( -1.396295594931747264, 2.781911845332754929, -0.9701368162034804676 ) ) ;
#1939 = CARTESIAN_POINT ( 'NONE',  ( -0.8226205733940540332, 6.931495813252507965, -1.489397873304318942 ) ) ;
#1940 = CARTESIAN_POINT ( 'NONE',  ( 0.2465654763657443849, 0.5082173790950498260, 0.9277477230182006318 ) ) ;
#1941 = CARTESIAN_POINT ( 'NONE',  ( 2.078886112499999772, 6.277083332377418223, -1.200245456666449329 ) ) ;
#1942 = CARTESIAN_POINT ( 'NONE',  ( -1.113506037157839579, 8.546652617510329009, 1.285890455395117371 ) ) ;
#1943 = CARTESIAN_POINT ( 'NONE',  ( -0.9463532063239509240, 4.840315059853118385, -1.412301910017172313 ) ) ;
#1944 = AXIS2_PLACEMENT_3D ( 'NONE', #1885, #4542, #7102 ) ;
#1945 = CARTESIAN_POINT ( 'NONE',  ( -4.027325123107952543, 4.978965517241379146, -4.027325123107949878 ) ) ;
#1946 = CARTESIAN_POINT ( 'NONE',  ( -0.4793641585594432541, 6.207881910730161046, -1.631566906105298420 ) ) ;
#1947 = CARTESIAN_POINT ( 'NONE',  ( 0.6941075188975798227, 4.027371576620232929, -1.552036902816398500 ) ) ;
#1948 = DIRECTION ( 'NONE',  ( 0.000000000000000000, 0.000000000000000000, -1.000000000000000000 ) ) ;
#1949 = CARTESIAN_POINT ( 'NONE',  ( -4.871246803257019309, 8.000000000000001776, -2.263182533822205134 ) ) ;
#1950 = CARTESIAN_POINT ( 'NONE',  ( -4.433344562587856252, 2.048942590553170628, 2.312024219028144145 ) ) ;
#1951 = CARTESIAN_POINT ( 'NONE',  ( -0.8499999999999996447, -0.7666666666666667185, -1.472243186433545681 ) ) ;
#1952 = DIRECTION ( 'NONE',  ( 0.000000000000000000, 1.000000000000000000, 0.000000000000000000 ) ) ;
#1953 = CARTESIAN_POINT ( 'NONE',  ( -1.312028604063612880, 0.8276051439086244965, 1.081873066620590462 ) ) ;
#1954 =( LENGTH_UNIT ( ) NAMED_UNIT ( * ) SI_UNIT ( .MILLI., .METRE. ) );
#1955 = CARTESIAN_POINT ( 'NONE',  ( -2.078886112500000216, 5.359691869123373920, 1.200245456666449106 ) ) ;
#1956 = VERTEX_POINT ( 'NONE', #1032 ) ;
#1957 = CARTESIAN_POINT ( 'NONE',  ( 0.4478346629701372983, 5.155730815226224450, 1.640164475168623959 ) ) ;
#1958 = CARTESIAN_POINT ( 'NONE',  ( 1.693081479236221876, 7.390650228959644963, 0.1533656270534844435 ) ) ;
#1959 = CARTESIAN_POINT ( 'NONE',  ( 0.4423522530050210122, 0.5446424618184920741, -1.641446497961661199 ) ) ;
#1960 = PLANE ( 'NONE',  #4012 ) ;
#1961 = VERTEX_POINT ( 'NONE', #4252 ) ;
#1962 = ORIENTED_EDGE ( 'NONE', *, *, #5497, .T. ) ;
#1963 = EDGE_CURVE ( 'NONE', #1830, #38, #3277, .T. ) ;
#1964 = CARTESIAN_POINT ( 'NONE',  ( 1.699999999999999067, 7.166666664754834493, 0.9814954576223646754 ) ) ;
#1965 = CARTESIAN_POINT ( 'NONE',  ( 4.400384907664991019, 6.000000000000000000, 2.279064564105347301 ) ) ;
#1966 = CARTESIAN_POINT ( 'NONE',  ( -0.5228251953560781873, 9.289190878334757429, 1.622006260597349092 ) ) ;
#1967 = CARTESIAN_POINT ( 'NONE',  ( -2.078886112499990002, 6.627083332377411651, 1.200245456666443111 ) ) ;
#1968 = CARTESIAN_POINT ( 'NONE',  ( -1.346778247898896774, 2.223742562840389514, 1.038947323473834228 ) ) ;
#1969 = CARTESIAN_POINT ( 'NONE',  ( -4.230320976016780396E-06, 1.800000486524679033, -1.699999999994736388 ) ) ;
#1970 = CARTESIAN_POINT ( 'NONE',  ( 3.956290731841335173, 5.626078208432425676, 3.226782805549678113 ) ) ;
#1971 = CARTESIAN_POINT ( 'NONE',  ( 9.639578968089462183E-08, 1.974999679798601804, -1.699999999999996625 ) ) ;
#1972 = CARTESIAN_POINT ( 'NONE',  ( -0.8509442509779608921, 6.466611324753054113, 1.471774679703463651 ) ) ;
#1973 = ORIENTED_EDGE ( 'NONE', *, *, #7127, .T. ) ;
#1974 = CARTESIAN_POINT ( 'NONE',  ( -0.6952770674815773599, 3.677293942365760238, 1.551522006863290448 ) ) ;
#1975 = DIRECTION ( 'NONE',  ( -0.000000000000000000, -1.000000000000000000, -0.000000000000000000 ) ) ;
#1976 = CARTESIAN_POINT ( 'NONE',  ( -1.593278229540436630, 2.811024034369448810, -0.5935244846268802332 ) ) ;
#1977 = CARTESIAN_POINT ( 'NONE',  ( -1.588317081327461855, 7.009740827330157131, -0.6086175161838268677 ) ) ;
#1978 = CARTESIAN_POINT ( 'NONE',  ( -0.1193419113392713560, 0.5936686612251586004, -0.2185041900771931278 ) ) ;
#1979 = CARTESIAN_POINT ( 'NONE',  ( -0.4625956793418781188, 10.21778922341587226, 2.026764097323511926 ) ) ;
#1980 = CARTESIAN_POINT ( 'NONE',  ( -1.045360346292285803, 8.552210934851521174, 1.340922904538317528 ) ) ;
#1981 = CARTESIAN_POINT ( 'NONE',  ( -0.02244035163815127909, 1.623460300243757981, 1.699888494398833716 ) ) ;
#1982 = ADVANCED_FACE ( 'NONE', ( #4297 ), #422, .F. ) ;
#1983 = CARTESIAN_POINT ( 'NONE',  ( 0.000000000000000000, 0.000000000000000000, 0.000000000000000000 ) ) ;
#1984 = ADVANCED_FACE ( 'NONE', ( #338 ), #2996, .F. ) ;
#1985 = CARTESIAN_POINT ( 'NONE',  ( -1.655201225488011740, 6.325042127535033920, -0.3940402655130223475 ) ) ;
#1986 = DIRECTION ( 'NONE',  ( -1.000000000000000000, 0.000000000000000000, 0.000000000000000000 ) ) ;
#1987 = CARTESIAN_POINT ( 'NONE',  ( -2.798813555956164656, 3.000000000000000888, 7.120240386628901241 ) ) ;
#1988 = CARTESIAN_POINT ( 'NONE',  ( -1.648048179365736665, 9.876570033958817163, 0.4170638569223866776 ) ) ;
#1989 = CARTESIAN_POINT ( 'NONE',  ( -2.312024219028190775, 5.951057409446828039, -4.433344562587832272 ) ) ;
#1990 = CARTESIAN_POINT ( 'NONE',  ( 0.8500000000000001998, 0.5166666666666666075, -1.472243186433545459 ) ) ;
#1991 = CARTESIAN_POINT ( 'NONE',  ( -2.078886112500000216, -0.2854166676225821098, 1.200245456666449106 ) ) ;
#1992 = FACE_OUTER_BOUND ( 'NONE', #2737, .T. ) ;
#1993 = CARTESIAN_POINT ( 'NONE',  ( 1.469876756697720448E-16, 8.626358535790039639, -2.400490913332899545 ) ) ;
#1994 = AXIS2_PLACEMENT_3D ( 'NONE', #7966, #3378, #2726 ) ;
#1995 = ORIENTED_EDGE ( 'NONE', *, *, #6187, .T. ) ;
#1996 = CARTESIAN_POINT ( 'NONE',  ( 0.000000000000000000, 10.19999999999999929, 0.000000000000000000 ) ) ;
#1997 = CARTESIAN_POINT ( 'NONE',  ( -2.078886112500000216, 1.027083332377417779, 1.200245456666449106 ) ) ;
#1998 = CARTESIAN_POINT ( 'NONE',  ( 0.5618605114147615653, 7.263539049846877482, 1.604554984861419786 ) ) ;
#1999 = ADVANCED_FACE ( 'NONE', ( #379 ), #8275, .T. ) ;
#2000 = CARTESIAN_POINT ( 'NONE',  ( 0.5152675481996197293, 0.5397720968956716270, -1.620646165175539277 ) ) ;
#2001 = CYLINDRICAL_SURFACE ( 'NONE', #1797, 0.2000000000000002331 ) ;
#2002 = ORIENTED_EDGE ( 'NONE', *, *, #2303, .T. ) ;
#2003 = VERTEX_POINT ( 'NONE', #3039 ) ;
#2004 = CARTESIAN_POINT ( 'NONE',  ( -0.8499999999999996447, 7.458333331421502344, -1.472243186433545681 ) ) ;
#2005 = CARTESIAN_POINT ( 'NONE',  ( 2.081899558550500280E-16, 10.19999999999999929, 1.699999999999999956 ) ) ;
#2006 =( BOUNDED_CURVE ( )  B_SPLINE_CURVE ( 2, ( #7308, #15, #5159, #7796, #3321, #5321, #666, #7953, #2014 ),
 .UNSPECIFIED., .F., .F. ) 
 B_SPLINE_CURVE_WITH_KNOTS ( ( 3, 2, 2, 2, 3 ),
 ( 0.3977101762886052772, 0.4030129788467543550, 0.4136185835532479316, 0.4242241882597414526, 0.4295269354591968458 ),
 .UNSPECIFIED. ) 
 CURVE ( )  GEOMETRIC_REPRESENTATION_ITEM ( )  RATIONAL_B_SPLINE_CURVE ( ( 0.9330127018922194093, 0.9330126993038042604, 1.000000000000000000, 0.8660254037844387076, 1.000000000000000000, 0.8660254037844387076, 1.000000000000000000, 0.9330133986188212658, 0.9330127018994659460 ) ) 
 REPRESENTATION_ITEM ( '' )  );
#2007 = CARTESIAN_POINT ( 'NONE',  ( -0.7544596979406522630, 9.273237717728207485, 1.524165604627323756 ) ) ;
#2008 = CARTESIAN_POINT ( 'NONE',  ( -2.078886112499989114, 7.268749999044078258, -2.545901223464995885E-16 ) ) ;
#2009 = CARTESIAN_POINT ( 'NONE',  ( -1.698875293401713282, 2.153753982511593001, 0.06253667892077302559 ) ) ;
#2010 = CARTESIAN_POINT ( 'NONE',  ( -1.036018650356519188, 0.1528896071727699479, 1.347925552068298893 ) ) ;
#2011 = CARTESIAN_POINT ( 'NONE',  ( 0.000000000000000000, 3.000000000000000000, 0.000000000000000000 ) ) ;
#2012 = ORIENTED_EDGE ( 'NONE', *, *, #3055, .T. ) ;
#2013 = CARTESIAN_POINT ( 'NONE',  ( 0.9102879946418114265, 0.000000000000000000, 1.735485221367236042 ) ) ;
#2014 = CARTESIAN_POINT ( 'NONE',  ( -4.740911452948445911E-06, 4.249930311939633221, 1.699999999986796295 ) ) ;
#2015 = EDGE_LOOP ( 'NONE', ( #7489, #7502, #8367, #7306 ) ) ;
#2016 = EDGE_LOOP ( 'NONE', ( #4663, #956, #7595, #8503 ) ) ;
#2017 = CARTESIAN_POINT ( 'NONE',  ( -0.8018471548798611348, 3.669968260025867401, 1.499041665430282055 ) ) ;
#2018 = DIRECTION ( 'NONE',  ( -0.000000000000000000, 1.000000000000000000, -0.000000000000000000 ) ) ;
#2019 = CARTESIAN_POINT ( 'NONE',  ( -0.8267289208437574866, 2.968263661084628247, 1.485446934373304551 ) ) ;
#2020 = CARTESIAN_POINT ( 'NONE',  ( -1.280948491834930758, 6.969188706792921018, -1.117741075410462193 ) ) ;
#2021 = CARTESIAN_POINT ( 'NONE',  ( -0.4357086081037084835, 0.5346600132430462393, -0.1966221944559625456 ) ) ;
#2022 = CARTESIAN_POINT ( 'NONE',  ( -1.039443056249999664, 0.2395833323774178292, -1.800368184999674437 ) ) ;
#2023 = CARTESIAN_POINT ( 'NONE',  ( 0.000000000000000000, 10.19999999999999929, 0.000000000000000000 ) ) ;
#2024 = CARTESIAN_POINT ( 'NONE',  ( -1.648216439052987869, 4.923475162306821140, -0.4164015050564714993 ) ) ;
#2025 = CARTESIAN_POINT ( 'NONE',  ( -0.6278987367221762206, 4.118097788525743930, -1.580022382668876624 ) ) ;
#2026 = DIRECTION ( 'NONE',  ( 0.7071067811865403563, 0.000000000000000000, 0.7071067811865547892 ) ) ;
#2027 = FACE_OUTER_BOUND ( 'NONE', #3747, .T. ) ;
#2028 = CARTESIAN_POINT ( 'NONE',  ( 1.583105475869892365, 3.159033537650968171, 0.6201475447800185448 ) ) ;
#2029 = CARTESIAN_POINT ( 'NONE',  ( -1.111362469360661409, 9.753438166466761317, -1.286446936784786832 ) ) ;
#2030 = EDGE_CURVE ( 'NONE', #1830, #5808, #6989, .T. ) ;
#2031 = CARTESIAN_POINT ( 'NONE',  ( 1.201985270554894323E-16, 2.675000000000000266, -1.962990915244727130 ) ) ;
#2032 = CARTESIAN_POINT ( 'NONE',  ( 1.039443056250000330, -0.5770833342892487394, -1.800368184999674215 ) ) ;
#2033 = CARTESIAN_POINT ( 'NONE',  ( 5.815630021768600940E-08, 7.050000852614773272, 1.699999999999997957 ) ) ;
#2034 = CARTESIAN_POINT ( 'NONE',  ( -4.409630270093162085E-16, -0.2562500009559154912, 2.400490913332899545 ) ) ;
#2035 = CARTESIAN_POINT ( 'NONE',  ( 2.078886112500000216, 9.151358535790039994, 0.000000000000000000 ) ) ;
#2036 = CARTESIAN_POINT ( 'NONE',  ( -1.039443056249999664, 7.239583332377400815, -1.800368184999674659 ) ) ;
#2037 = ORIENTED_EDGE ( 'NONE', *, *, #7613, .T. ) ;
#2038 = CYLINDRICAL_SURFACE ( 'NONE', #5807, 1.699999999999999956 ) ;
#2039 = CARTESIAN_POINT ( 'NONE',  ( -0.7428561026795756916, 4.374019661601705522, 1.529108053775903198 ) ) ;
#2040 = CARTESIAN_POINT ( 'NONE',  ( -1.039443056249999664, 3.652083332377417779, -1.800368184999674437 ) ) ;
#2041 = DIRECTION ( 'NONE',  ( 0.5120428415488792462, 0.6896551724137933714, 0.5120428415488789131 ) ) ;
#2042 = CARTESIAN_POINT ( 'NONE',  ( 1.207815517307645914, 0.4880354004704626214, -1.197584489151690912 ) ) ;
#2043 = CARTESIAN_POINT ( 'NONE',  ( -0.6590929978190860350, 0.5016024294572187792, 1.957908259426564435 ) ) ;
#2044 = VECTOR ( 'NONE', #2528, 1000.000000000000000 ) ;
#2045 = ORIENTED_EDGE ( 'NONE', *, *, #2473, .T. ) ;
#2046 = CARTESIAN_POINT ( 'NONE',  ( -3.605955811664682968E-16, 4.949999998088169484, 1.962990915244727130 ) ) ;
#2047 = FACE_OUTER_BOUND ( 'NONE', #6866, .T. ) ;
#2048 = CARTESIAN_POINT ( 'NONE',  ( -0.5150562736405855935, 0.4408378094593650154, -1.620099880192011232 ) ) ;
#2049 = CARTESIAN_POINT ( 'NONE',  ( 2.078886112499989114, 6.218749999044078436, 0.000000000000000000 ) ) ;
#2050 = CARTESIAN_POINT ( 'NONE',  ( -1.582950949699496679, 2.108986314511227089, -0.6205412440237955130 ) ) ;
#2051 = CARTESIAN_POINT ( 'NONE',  ( -1.682101411823146986, 5.665172524332142245, 0.2466604162450608817 ) ) ;
#2052 = VERTEX_POINT ( 'NONE', #1598 ) ;
#2053 = CARTESIAN_POINT ( 'NONE',  ( 2.078886112499999772, 0.6479166657107334748, 1.200245456666450883 ) ) ;
#2054 = CARTESIAN_POINT ( 'NONE',  ( -0.4728210055846070459, 0.000000000000000000, 1.756746834746903740 ) ) ;
#2055 = EDGE_LOOP ( 'NONE', ( #1595, #4259, #4492, #4029 ) ) ;
#2056 = VERTEX_POINT ( 'NONE', #2383 ) ;
#2057 = CARTESIAN_POINT ( 'NONE',  ( -0.1982072288382107361, 3.711396735919966883, 1.688465348724216275 ) ) ;
#2058 = CARTESIAN_POINT ( 'NONE',  ( 0.2596624529589486308, 4.757180514884455036, -1.681920882609322154 ) ) ;
#2059 =( REPRESENTATION_RELATIONSHIP ('NONE','NONE', #4839, #1835 ) REPRESENTATION_RELATIONSHIP_WITH_TRANSFORMATION ( #6356 )SHAPE_REPRESENTATION_RELATIONSHIP( ) );
#2060 = CARTESIAN_POINT ( 'NONE',  ( -1.379888646334572089, 2.779976559054843754, -0.9933348651367241988 ) ) ;
#2061 = ADVANCED_FACE ( 'NONE', ( #3555, #5041 ), #1728, .F. ) ;
#2062 = CARTESIAN_POINT ( 'NONE',  ( -1.421644783553108526, 7.114988583772781539, 0.9326023684897980504 ) ) ;
#2063 = CARTESIAN_POINT ( 'NONE',  ( -1.836885638047806690, 0.5018743893125263700, 0.1769472004995304992 ) ) ;
#2064 = CARTESIAN_POINT ( 'NONE',  ( -2.078886112500000216, 1.056249999044084342, -2.545901223465009197E-16 ) ) ;
#2065 = CARTESIAN_POINT ( 'NONE',  ( -1.021017785857332605, 8.554136948076017433, 1.359616573555689767 ) ) ;
#2066 = CARTESIAN_POINT ( 'NONE',  ( -0.7725734633831462528, 5.072195989892003709, 1.514729262818726552 ) ) ;
#2067 = CARTESIAN_POINT ( 'NONE',  ( 1.195440419153734224, 1.710850676015406524, 1.208686148717577291 ) ) ;
#2068 = VECTOR ( 'NONE', #2581, 1000.000000000000000 ) ;
#2069 = CARTESIAN_POINT ( 'NONE',  ( -1.689879994217209136, 6.338526988106372606, -0.1871800863748319665 ) ) ;
#2070 = EDGE_LOOP ( 'NONE', ( #4151, #1029 ) ) ;
#2071 = CARTESIAN_POINT ( 'NONE',  ( 0.000000000000000000, 10.19999999999999929, 0.000000000000000000 ) ) ;
#2072 = CARTESIAN_POINT ( 'NONE',  ( -0.4846230587060268991, 3.407861567502344258, -1.642767113841601345 ) ) ;
#2073 = CARTESIAN_POINT ( 'NONE',  ( -0.9670465157161799441, 9.742188774850617961, -1.399093861020952900 ) ) ;
#2074 = CARTESIAN_POINT ( 'NONE',  ( -3.605955811664682968E-16, 4.424999999999999822, 1.962990915244727130 ) ) ;
#2075 = CARTESIAN_POINT ( 'NONE',  ( -2.078886112500000216, 3.156249999044084653, -2.545901223465009197E-16 ) ) ;
#2076 = LINE ( 'NONE', #3383, #3167 ) ;
#2077 = CARTESIAN_POINT ( 'NONE',  ( -2.078886112499999772, -0.4895833342892488838, -1.200245456666450439 ) ) ;
#2078 = FILL_AREA_STYLE ('',( #599 ) ) ;
#2079 = CARTESIAN_POINT ( 'NONE',  ( -0.1499848771550319759, 1.285293079801904659, -1.700000000000000400 ) ) ;
#2080 = CARTESIAN_POINT ( 'NONE',  ( 2.078886112500000216, 8.406249999044067778, 0.000000000000000000 ) ) ;
#2081 = ORIENTED_EDGE ( 'NONE', *, *, #7613, .F. ) ;
#2082 = CARTESIAN_POINT ( 'NONE',  ( 0.06290452475435989732, 6.170683099373173164, -1.698872833342974120 ) ) ;
#2083 = CARTESIAN_POINT ( 'NONE',  ( -1.656759558340342275, 4.225867951264778988, -0.3810689231318849512 ) ) ;
#2084 = CARTESIAN_POINT ( 'NONE',  ( 2.078886112499999772, 5.577083332377417157, -1.200245456666449329 ) ) ;
#2085 = CARTESIAN_POINT ( 'NONE',  ( 1.591899993781245470, 7.439426891014608856, -0.6000750246826949130 ) ) ;
#2086 = VECTOR ( 'NONE', #4472, 1000.000000000000000 ) ;
#2088 = CARTESIAN_POINT ( 'NONE',  ( 7.214603044822826661, 3.063623187575866158, -2.544307028118201419 ) ) ;
#2087 = SHAPE_REPRESENTATION_RELATIONSHIP ( 'NONE' , 'NONE' ,  #1835, #6172 ) ;
#2089 = CARTESIAN_POINT ( 'NONE',  ( 1.039443056250000330, -0.5319747975432930209, -1.800368184999674215 ) ) ;
#2090 = EDGE_CURVE ( 'NONE', #7037, #6752, #47, .T. ) ;
#2091 = EDGE_CURVE ( 'NONE', #885, #2223, #2669, .T. ) ;
#2092 = ORIENTED_EDGE ( 'NONE', *, *, #608, .T. ) ;
#2093 = CARTESIAN_POINT ( 'NONE',  ( 1.699999999999999067, 5.066666664754835736, 0.9814954576223646754 ) ) ;
#2094 = CARTESIAN_POINT ( 'NONE',  ( -5.036781010732915398, 4.909999999999999254, 2.915460667173190412 ) ) ;
#2095 = DIRECTION ( 'NONE',  ( 0.000000000000000000, -1.000000000000000000, 0.000000000000000000 ) ) ;
#2096 = CARTESIAN_POINT ( 'NONE',  ( -1.039443056249994113, 9.252083332377411651, -1.800368184999665333 ) ) ;
#2097 = CARTESIAN_POINT ( 'NONE',  ( -0.3325714649328597172, 2.302180010402456567, 1.667224586913843565 ) ) ;
#2098 = CARTESIAN_POINT ( 'NONE',  ( -1.664322658499583607, 5.628181349941439926, -0.3465195218863239002 ) ) ;
#2099 = VERTEX_POINT ( 'NONE', #3893 ) ;
#2100 = CARTESIAN_POINT ( 'NONE',  ( 1.877416824366723747, -1.301042606982605321E-15, 0.9063700173974850172 ) ) ;
#2101 = CARTESIAN_POINT ( 'NONE',  ( 4.433344562587839377, 5.951057409446828039, -2.312024219028175231 ) ) ;
#2102 = ORIENTED_EDGE ( 'NONE', *, *, #8417, .F. ) ;
#2103 = EDGE_LOOP ( 'NONE', ( #8343, #6076, #3453, #2139 ) ) ;
#2104 = CARTESIAN_POINT ( 'NONE',  ( -1.084467956991869597, 3.649126112026435553, 1.315074676349329286 ) ) ;
#2105 = AXIS2_PLACEMENT_3D ( 'NONE', #5812, #3241, #2467 ) ;
#2106 = DIRECTION ( 'NONE',  ( -0.000000000000000000, -1.000000000000000000, -0.000000000000000000 ) ) ;
#2107 = CARTESIAN_POINT ( 'NONE',  ( -0.2264930453939817401, 3.009453640952500120, 1.685083675016057825 ) ) ;
#2108 = CARTESIAN_POINT ( 'NONE',  ( 1.698546879979094149, 5.305626445490465137, -0.08906277891491187759 ) ) ;
#2109 = CARTESIAN_POINT ( 'NONE',  ( -1.243333614477051485, 7.134608095861732835, 1.160792188393966695 ) ) ;
#2110 = CARTESIAN_POINT ( 'NONE',  ( -0.5672664259077935256, 0.5027082059028216143, -1.496318278552951186 ) ) ;
#2111 = CARTESIAN_POINT ( 'NONE',  ( 1.469876756697720448E-16, 9.193749999044085186, -2.400490913332899545 ) ) ;
#2112 = CARTESIAN_POINT ( 'NONE',  ( 1.028684487944159898, 6.803545932822673059, -1.354647928168904780 ) ) ;
#2113 = CARTESIAN_POINT ( 'NONE',  ( -1.685479994072316412, 4.935966153140924462, -0.2277266249538972831 ) ) ;
#2114 = CARTESIAN_POINT ( 'NONE',  ( 4.870299948342240448, 8.000000000000000000, -2.262975846493096022 ) ) ;
#2115 = CARTESIAN_POINT ( 'NONE',  ( -1.411955730410554111, 6.416168553539306707, 0.9473763385889737432 ) ) ;
#2116 = ORIENTED_EDGE ( 'NONE', *, *, #5226, .T. ) ;
#2117 = CARTESIAN_POINT ( 'NONE',  ( -6.892064611473609260E-06, 8.449899451264085926, 1.699999999972512166 ) ) ;
#2118 = CARTESIAN_POINT ( 'NONE',  ( 0.8755625960893027582, 3.314831032849081538, -1.457275799568212404 ) ) ;
#2119 = DIRECTION ( 'NONE',  ( -0.000000000000000000, -1.000000000000000000, -0.000000000000000000 ) ) ;
#2120 = CARTESIAN_POINT ( 'NONE',  ( -1.699999999999999956, 3.550000000000000266, -2.081899558550500280E-16 ) ) ;
#2121 = CARTESIAN_POINT ( 'NONE',  ( -1.039443056249999664, 3.039583332377417957, -1.800368184999674437 ) ) ;
#2122 = DIRECTION ( 'NONE',  ( -0.7071067811865453523, 0.000000000000000000, -0.7071067811865497932 ) ) ;
#2123 = CARTESIAN_POINT ( 'NONE',  ( 2.078886112499999328, -0.1395833342892488504, 1.200245456666450661 ) ) ;
#2124 = CARTESIAN_POINT ( 'NONE',  ( 0.7387829962965762887, 8.924335645737647482, -1.531081598346042627 ) ) ;
#2125 = CARTESIAN_POINT ( 'NONE',  ( 1.699999999999999956, 4.483333331421501811, -0.9814954576223635652 ) ) ;
#2126 = ORIENTED_EDGE ( 'NONE', *, *, #3842, .F. ) ;
#2127 = CARTESIAN_POINT ( 'NONE',  ( -5.107491688851539813, 4.910000000000000142, -2.986171345291896095 ) ) ;
#2128 = CARTESIAN_POINT ( 'NONE',  ( -1.193784841130161034, 4.339308256495288063, 1.210381613669538226 ) ) ;
#2129 = CARTESIAN_POINT ( 'NONE',  ( 2.078886112499999772, 4.177083332377417690, -1.200245456666449329 ) ) ;
#2130 = CARTESIAN_POINT ( 'NONE',  ( 1.653728676163060740, 7.426265302227283982, -0.4148782561555025006 ) ) ;
#2131 = DIRECTION ( 'NONE',  ( 0.000000000000000000, 1.000000000000000000, 0.000000000000000000 ) ) ;
#2132 = CARTESIAN_POINT ( 'NONE',  ( 1.039443056249998776, 8.989583332377417690, 1.800368184999675325 ) ) ;
#2133 = LINE ( 'NONE', #3442, #1089 ) ;
#2134 = CARTESIAN_POINT ( 'NONE',  ( -1.539930225703789235, 10.19999999999999929, -1.094790251209762699 ) ) ;
#2135 = CARTESIAN_POINT ( 'NONE',  ( -2.986171345291897872, 4.909999999999999254, -5.107491688851538925 ) ) ;
#2136 = EDGE_CURVE ( 'NONE', #2692, #4017, #3122, .T. ) ;
#2137 = CARTESIAN_POINT ( 'NONE',  ( 1.437693922544326597, 0.1908692995101775314, 0.9080482424985050205 ) ) ;
#2138 = CARTESIAN_POINT ( 'NONE',  ( -1.574665019040346392, 5.692451277436241242, 0.6419120288097337479 ) ) ;
#2139 = ORIENTED_EDGE ( 'NONE', *, *, #697, .F. ) ;
#2140 = CARTESIAN_POINT ( 'NONE',  ( -1.039443056249999664, 1.639583332377400060, -1.800368184999674659 ) ) ;
#2141 = CARTESIAN_POINT ( 'NONE',  ( -1.334435870860173345, -8.673617379884035472E-16, -0.6675266107599383547 ) ) ;
#2142 = CARTESIAN_POINT ( 'NONE',  ( -8.219773737830849033E-08, 2.499999968234339232, -1.699999999999997957 ) ) ;
#2143 = VERTEX_POINT ( 'NONE', #4596 ) ;
#2144 = CARTESIAN_POINT ( 'NONE',  ( -1.697147177325498468, 3.556106181424567136, 0.1010779979668096629 ) ) ;
#2145 = CIRCLE ( 'NONE', #8108, 5.000000000000000000 ) ;
#2146 = CARTESIAN_POINT ( 'NONE',  ( 1.401439388949529574, 1.032559877036406171, 0.9644172407333512220 ) ) ;
#2147 = FACE_OUTER_BOUND ( 'NONE', #386, .T. ) ;
#2148 = CARTESIAN_POINT ( 'NONE',  ( 1.302662717198481479, 5.378941850303332828, -1.100302116308120359 ) ) ;
#2149 = CARTESIAN_POINT ( 'NONE',  ( -1.699969301536621513, 7.048812183884985316, -0.02020526128229775328 ) ) ;
#2150 = CARTESIAN_POINT ( 'NONE',  ( 1.218520157442863461, 0.5039769587937436013, -0.01168369710650978520 ) ) ;
#2151 = CARTESIAN_POINT ( 'NONE',  ( 1.039443056250000330, 0.8229166657107510607, -1.800368184999674215 ) ) ;
#2152 = CARTESIAN_POINT ( 'NONE',  ( 1.680876401799622277, 6.715774359880583688, -0.2543605515610394829 ) ) ;
#2153 = CARTESIAN_POINT ( 'NONE',  ( -0.8789395727773339217, 5.064845109527946754, 1.456151658801603466 ) ) ;
#2154 = CARTESIAN_POINT ( 'NONE',  ( 1.391318367646007026, 1.731309102851424475, 0.9805442600267686437 ) ) ;
#2155 = ORIENTED_EDGE ( 'NONE', *, *, #2091, .F. ) ;
#2156 = EDGE_CURVE ( 'NONE', #1800, #5016, #4501, .T. ) ;
#2157 = CARTESIAN_POINT ( 'NONE',  ( -0.8751985652396644388, 0.2520470305321963478, -1.889690558877030968 ) ) ;
#2158 = CARTESIAN_POINT ( 'NONE',  ( -2.435362535369391956, 3.200000000000000178, 7.252000366886309557 ) ) ;
#2159 = CARTESIAN_POINT ( 'NONE',  ( -1.029124014491923145, 9.746948609678156572, -1.353353025515648067 ) ) ;
#2160 = CARTESIAN_POINT ( 'NONE',  ( -0.8500000000000007550, 4.366666666666666252, 1.472243186433545237 ) ) ;
#2161 = CARTESIAN_POINT ( 'NONE',  ( -4.409630270093162085E-16, 1.231249999044084609, 2.400490913332899545 ) ) ;
#2162 = CARTESIAN_POINT ( 'NONE',  ( 1.699999999999999956, 1.624999998088168862, 0.000000000000000000 ) ) ;
#2163 = CARTESIAN_POINT ( 'NONE',  ( -4.409630270093162085E-16, 1.143749999044084475, 2.400490913332899545 ) ) ;
#2164 =( BOUNDED_SURFACE ( )  B_SPLINE_SURFACE ( 1, 2, ( 
 ( #8017, #685, #3340, #4081, #8065, #2077, #3991, #34, #6820, #2034, #4784, #2123, #7467, #8107, #4741, #6174, #6689, #822, #732, #5522, #3384, #6735, #6040, #779, #3473, #8153, #3430, #6084, #130, #6130, #173, #2825, #5481, #2163, #864, #3517, #215, #2867, #8196, #1036, #2297, #4870, #1076, #2252, #6951, #7509, #426, #4210, #3688, #4301, #257, #4955, #1558, #6863, #303, #3646, #4909, #3084, #2959, #907, #3559, #7592, #5649, #5608, #6215, #2917, #4387, #5567, #2341, #8279, #5045, #5694, #6263, #3732, #7553, #5001, #1602, #5735, #4256, #1649, #6907, #951, #7638, #2211, #3603, #8240, #995, #6305, #1690, #343, #3000, #4342, #6993, #6344, #383, #3043, #8324, #2387, #7677, #1732, #6389, #7033, #4513, #2429, #6589, #8364, #466, #7155, #4553, #6549, #3774, #7842, #2551, #7802, #1856, #586, #7884, #3125, #1279, #8530, #7074, #1941, #626, #3816, #5165, #5087, #5814, #5126, #7111, #7719, #7236, #5774, #505, #2591, #1897, #4598, #3935, #6467, #1773, #3243, #7197, #3164, #1199, #4430, #3856, #3896, #6428, #3283, #2470, #6508, #8447, #5207, #5247, #4470, #547, #8488, #1119, #3207, #2511, #1240, #1156, #5855, #5894, #8405, #7761, #1817, #8003, #115, #2769, #5425, #8053, #2111, #2677, #1461, #3460, #4773, #808, #5290, #5983, #4636, #673, #4114, #4728, #767, #3328, #7408, #4815, #1369, #4024, #7960, #1979, #2636, #853 ),
 ( #6765, #70, #7921, #4157, #3372, #6119, #3418, #4068, #23, #162, #2813, #6721, #7274, #5330, #5469, #1321, #2022, #2718, #3978, #6632, #7317, #6026, #4682, #8096, #6677, #6071, #2151, #719, #5375, #7453, #2064, #7363, #1416, #1503, #6808, #5937, #8571, #1635, #245, #6159, #2905, #3548, #1591, #4199, #1718, #5555, #1679, #6204, #5597, #6941, #8269, #5638, #6895, #204, #939, #3593, #8184, #4331, #2240, #7498, #8312, #373, #4898, #7540, #6334, #7628, #2949, #4244, #3032, #3504, #4945, #7666, #331, #2377, #4374, #4990, #8228, #894, #1546, #7582, #6295, #7022, #3675, #5682, #6981, #6850, #5034, #6253, #4858, #290, #2287, #4291, #3634, #2856, #5511, #984, #2990, #1025, #2328, #8140, #2199, #2416, #5074, #7707, #6378, #4588, #5156, #4416, #5764, #5885, #3155, #3805, #3196, #6459, #414, #7873, #7104, #3847, #7145, #7793, #7063, #3886, #537, #1847, #3073, #1108, #2542, #1761, #8393, #497, #5724, #8352, #2459, #1148, #3763, #578, #6417, #1190, #6497, #454, #3114, #4500, #5115, #7752, #1808, #4544, #5845, #4462, #6538, #8479, #5803, #3718, #8437, #2500, #5195, #7833, #1928, #1887, #7186, #1230, #3235, #8521, #2582, #5237, #1064, #3926, #2132, #7433, #4094, #8167, #3441, #2745, #3572, #4224, #788, #2795, #1572, #2879, #6790, #7388, #6875, #7227, #184, #2931, #4183, #6228, #5578, #227, #835, #4752, #5405, #2835, #1527 ),
 ( #2222, #920, #2089, #270, #7522, #5926, #8210, #2266, #5449, #4136, #1269, #4795, #6746, #6100, #6579, #617, #8030, #8077, #3273, #876, #93, #1439, #1483, #143, #4882, #3527, #3486, #6141, #5492, #8118, #5536, #2176, #4837, #7478, #6833, #6185, #3785, #479, #6400, #4355, #2310, #2970, #6358, #7689, #5784, #5097, #7086, #436, #5619, #1788, #5661, #6275, #7649, #7606, #3054, #5056, #6439, #4268, #5707, #2398, #8375, #8334, #5746, #1130, #3136, #8252, #8291, #7732, #7044, #8416, #4445, #355, #6920, #2441, #1092, #2356, #1048, #963, #7005, #3095, #314, #4924, #1660, #3699, #5014, #1744, #7564, #1007, #398, #4399, #1616, #3745, #1702, #3615, #3657, #3013, #4968, #4312, #6963, #6316, #4571, #5263, #7897, #1955, #4611, #7250, #7816, #6603, #8584, #4482, #3952, #7210, #518, #2565, #5138, #7775, #563, #3912, #5178, #687, #3219, #7123, #1172, #7855, #5910, #5869, #1828, #3829, #4655, #6479, #2607, #8543, #5303, #5953, #6522, #3993, #3177, #1294, #5828, #3342, #8460, #5220, #2524, #1871, #640, #5997, #4527, #8501, #7169, #1254, #3297, #1213, #1910, #2482, #3871, #2650, #7932, #6564, #600, #1993, #3256, #7290, #1335, #6645, #5440, #3476, #6737, #7974, #2035, #2213, #5347, #175, #6132, #2869, #3519, #4082, #1561, #4038, #2827, #735, #909, #4695, #2785, #3386, #1383, #5483, #3561, #2689, #780, #7331, #4786, #8110, #6691 ) ),
 .UNSPECIFIED., .F., .F., .F. ) 
 B_SPLINE_SURFACE_WITH_KNOTS ( ( 2, 1, 2 ),
 ( 3, 2, 2, 2, 2, 2, 2, 2, 2, 2, 2, 2, 2, 2, 2, 2, 2, 2, 2, 2, 2, 2, 2, 2, 2, 2, 2, 2, 2, 2, 2, 2, 2, 2, 2, 2, 2, 2, 2, 2, 2, 2, 2, 2, 2, 2, 2, 2, 2, 2, 2, 2, 2, 2, 2, 2, 2, 2, 2, 2, 2, 2, 2, 2, 2, 2, 2, 2, 2, 2, 2, 2, 2, 2, 2, 2, 2, 2, 2, 2, 2, 2, 2, 2, 2, 2, 2, 2, 2, 2, 2, 2, 2, 2, 2, 2, 3 ),
 ( 0.000000000000000000, 1.000000000000000000, 1.515526134239493006 ),
 ( 0.000000000000000000, 0.01041666666666666609, 0.02083333333333333218, 0.03125000000000000000, 0.04166666666666666435, 0.05208333333333333565, 0.06250000000000000000, 0.07291666666666667129, 0.08333333333333332871, 0.09375000000000000000, 0.1041666666666666713, 0.1145833333333333287, 0.1250000000000000000, 0.1354166666666666574, 0.1458333333333333426, 0.1562500000000000000, 0.1666666666666666574, 0.1770833333333333426, 0.1875000000000000000, 0.1979166666666666574, 0.2083333333333333426, 0.2187500000000000000, 0.2291666666666666574, 0.2395833333333333426, 0.2500000000000000000, 0.2604166666666666852, 0.2708333333333333148, 0.2812500000000000000, 0.2916666666666666852, 0.3020833333333333148, 0.3125000000000000000, 0.3229166666666666852, 0.3333333333333333148, 0.3437500000000000000, 0.3541666666666666852, 0.3645833333333333148, 0.3750000000000000000, 0.3854166666666666852, 0.3958333333333333148, 0.4062500000000000000, 0.4166666666666666852, 0.4270833333333333148, 0.4375000000000000000, 0.4479166666666666852, 0.4583333333333333148, 0.4687500000000000000, 0.4791666666666666852, 0.4895833333333333148, 0.5000000000000000000, 0.5104166666666666297, 0.5208333333333333703, 0.5312500000000000000, 0.5416666666666666297, 0.5520833333333333703, 0.5625000000000000000, 0.5729166666666666297, 0.5833333333333333703, 0.5937500000000000000, 0.6041666666666666297, 0.6145833333333333703, 0.6250000000000000000, 0.6354166666666666297, 0.6458333333333333703, 0.6562500000000000000, 0.6666666666666666297, 0.6770833333333333703, 0.6875000000000000000, 0.6979166666666666297, 0.7083333333333333703, 0.7187500000000000000, 0.7291666666666666297, 0.7395833333333333703, 0.7500000000000000000, 0.7604166666666666297, 0.7708333333333333703, 0.7812500000000000000, 0.7916666666666666297, 0.8020833333333333703, 0.8125000000000000000, 0.8229166666666666297, 0.8333333333333333703, 0.8437500000000000000, 0.8541666666666666297, 0.8645833333333333703, 0.8750000000000000000, 0.8854166666666666297, 0.8958333333333333703, 0.9062500000000000000, 0.9166666666666666297, 0.9270833333333333703, 0.9375000000000000000, 0.9479166666666666297, 0.9583333333333333703, 0.9687500000000000000, 0.9791666666666666297, 0.9821848899148699630, 0.9920067388140186848 ),
 .UNSPECIFIED. ) 
 GEOMETRIC_REPRESENTATION_ITEM ( )  RATIONAL_B_SPLINE_SURFACE ( (
 ( 1.000000000000000000, 0.8660254037844387076, 1.000000000000000000, 0.8660254037844387076, 1.000000000000000000, 0.8660254037844387076, 1.000000000000000000, 0.8660254037844387076, 1.000000000000000000, 0.8660254037844387076, 1.000000000000000000, 0.8660254037844387076, 1.000000000000000000, 0.8660254037844387076, 1.000000000000000000, 0.8660254037844387076, 1.000000000000000000, 0.8660254037844387076, 1.000000000000000000, 0.8660254037844387076, 1.000000000000000000, 0.8660254037844387076, 1.000000000000000000, 0.8660254037844387076, 1.000000000000000000, 0.8660254037844387076, 1.000000000000000000, 0.8660254037844387076, 1.000000000000000000, 0.8660254037844387076, 1.000000000000000000, 0.8660254037844387076, 1.000000000000000000, 0.8660254037844387076, 1.000000000000000000, 0.8660254037844387076, 1.000000000000000000, 0.8660254037844387076, 1.000000000000000000, 0.8660254037844387076, 1.000000000000000000, 0.8660254037844387076, 1.000000000000000000, 0.8660254037844387076, 1.000000000000000000, 0.8660254037844387076, 1.000000000000000000, 0.8660254037844387076, 1.000000000000000000, 0.8660254037844387076, 1.000000000000000000, 0.8660254037844387076, 1.000000000000000000, 0.8660254037844387076, 1.000000000000000000, 0.8660254037844387076, 1.000000000000000000, 0.8660254037844387076, 1.000000000000000000, 0.8660254037844387076, 1.000000000000000000, 0.8660254037844387076, 1.000000000000000000, 0.8660254037844387076, 1.000000000000000000, 0.8660254037844387076, 1.000000000000000000, 0.8660254037844387076, 1.000000000000000000, 0.8660254037844387076, 1.000000000000000000, 0.8660254037844387076, 1.000000000000000000, 0.8660254037844387076, 1.000000000000000000, 0.8660254037844387076, 1.000000000000000000, 0.8660254037844387076, 1.000000000000000000, 0.8660254037844387076, 1.000000000000000000, 0.8660254037844387076, 1.000000000000000000, 0.8660254037844387076, 1.000000000000000000, 0.8660254037844387076, 1.000000000000000000, 0.8660254037844387076, 1.000000000000000000, 0.8660254037844387076, 1.000000000000000000, 0.8660254037844387076, 1.000000000000000000, 0.8660254037844387076, 1.000000000000000000, 0.8660254037844387076, 1.000000000000000000, 0.8660254037844387076, 1.000000000000000000, 0.8660254037844387076, 1.000000000000000000, 0.8660254037844387076, 1.000000000000000000, 0.8660254037844387076, 1.000000000000000000, 0.8660254037844387076, 1.000000000000000000, 0.8660254037844387076, 1.000000000000000000, 0.8660254037844387076, 1.000000000000000000, 0.8660254037844387076, 1.000000000000000000, 0.8660254037844387076, 1.000000000000000000, 0.8660254037844387076, 1.000000000000000000, 0.8660254037844387076, 1.000000000000000000, 0.8660254037844387076, 1.000000000000000000, 0.8660254037844387076, 1.000000000000000000, 0.8660254037844387076, 1.000000000000000000, 0.8660254037844387076, 1.000000000000000000, 0.8660254037844387076, 1.000000000000000000, 0.8660254037844387076, 1.000000000000000000, 0.8660254037844387076, 1.000000000000000000, 0.8660254037844387076, 1.000000000000000000, 0.8660254037844387076, 1.000000000000000000, 0.8660254037844387076, 1.000000000000000000, 0.8660254037844387076, 1.000000000000000000, 0.8660254037844387076, 1.000000000000000000, 0.8660254037844387076, 1.000000000000000000, 0.8660254037844387076, 1.000000000000000000, 0.8660254037844387076, 1.000000000000000000, 0.8660254037844387076, 1.000000000000000000, 0.8660254037844387076, 1.000000000000000000, 0.8660254037844387076, 1.000000000000000000, 0.8660254037844387076, 1.000000000000000000, 0.8660254037844387076, 1.000000000000000000, 0.8660254037844387076, 1.000000000000000000, 0.8660254037844387076, 1.000000000000000000, 0.8660254037844387076, 1.000000000000000000, 0.8660254037844387076, 1.000000000000000000, 0.8660254037844387076, 1.000000000000000000, 0.8660254037844387076, 1.000000000000000000, 0.8660254037844387076, 1.000000000000000000, 0.8660254037844387076, 1.000000000000000000, 0.8660254037844387076, 1.000000000000000000, 0.8660254037844387076, 1.000000000000000000, 0.8660254037844387076, 1.000000000000000000, 0.8660254037844387076, 1.000000000000000000, 0.8660254037844387076, 1.000000000000000000, 0.8660254037844387076, 1.000000000000000000, 0.8660254037844387076, 1.000000000000000000, 0.9611809368672199483, 0.9448574767080389902, 0.9448574767080389902, 0.9448574767080389902),
 ( 1.000000000000000000, 0.8660254037844387076, 1.000000000000000000, 0.8660254037844387076, 1.000000000000000000, 0.8660254037844387076, 1.000000000000000000, 0.8660254037844387076, 1.000000000000000000, 0.8660254037844387076, 1.000000000000000000, 0.8660254037844387076, 1.000000000000000000, 0.8660254037844387076, 1.000000000000000000, 0.8660254037844387076, 1.000000000000000000, 0.8660254037844387076, 1.000000000000000000, 0.8660254037844387076, 1.000000000000000000, 0.8660254037844387076, 1.000000000000000000, 0.8660254037844387076, 1.000000000000000000, 0.8660254037844387076, 1.000000000000000000, 0.8660254037844387076, 1.000000000000000000, 0.8660254037844387076, 1.000000000000000000, 0.8660254037844387076, 1.000000000000000000, 0.8660254037844387076, 1.000000000000000000, 0.8660254037844387076, 1.000000000000000000, 0.8660254037844387076, 1.000000000000000000, 0.8660254037844387076, 1.000000000000000000, 0.8660254037844387076, 1.000000000000000000, 0.8660254037844387076, 1.000000000000000000, 0.8660254037844387076, 1.000000000000000000, 0.8660254037844387076, 1.000000000000000000, 0.8660254037844387076, 1.000000000000000000, 0.8660254037844387076, 1.000000000000000000, 0.8660254037844387076, 1.000000000000000000, 0.8660254037844387076, 1.000000000000000000, 0.8660254037844387076, 1.000000000000000000, 0.8660254037844387076, 1.000000000000000000, 0.8660254037844387076, 1.000000000000000000, 0.8660254037844387076, 1.000000000000000000, 0.8660254037844387076, 1.000000000000000000, 0.8660254037844387076, 1.000000000000000000, 0.8660254037844387076, 1.000000000000000000, 0.8660254037844387076, 1.000000000000000000, 0.8660254037844387076, 1.000000000000000000, 0.8660254037844387076, 1.000000000000000000, 0.8660254037844387076, 1.000000000000000000, 0.8660254037844387076, 1.000000000000000000, 0.8660254037844387076, 1.000000000000000000, 0.8660254037844387076, 1.000000000000000000, 0.8660254037844387076, 1.000000000000000000, 0.8660254037844387076, 1.000000000000000000, 0.8660254037844387076, 1.000000000000000000, 0.8660254037844387076, 1.000000000000000000, 0.8660254037844387076, 1.000000000000000000, 0.8660254037844387076, 1.000000000000000000, 0.8660254037844387076, 1.000000000000000000, 0.8660254037844387076, 1.000000000000000000, 0.8660254037844387076, 1.000000000000000000, 0.8660254037844387076, 1.000000000000000000, 0.8660254037844387076, 1.000000000000000000, 0.8660254037844387076, 1.000000000000000000, 0.8660254037844387076, 1.000000000000000000, 0.8660254037844387076, 1.000000000000000000, 0.8660254037844387076, 1.000000000000000000, 0.8660254037844387076, 1.000000000000000000, 0.8660254037844387076, 1.000000000000000000, 0.8660254037844387076, 1.000000000000000000, 0.8660254037844387076, 1.000000000000000000, 0.8660254037844387076, 1.000000000000000000, 0.8660254037844387076, 1.000000000000000000, 0.8660254037844387076, 1.000000000000000000, 0.8660254037844387076, 1.000000000000000000, 0.8660254037844387076, 1.000000000000000000, 0.8660254037844387076, 1.000000000000000000, 0.8660254037844387076, 1.000000000000000000, 0.8660254037844387076, 1.000000000000000000, 0.8660254037844387076, 1.000000000000000000, 0.8660254037844387076, 1.000000000000000000, 0.8660254037844387076, 1.000000000000000000, 0.8660254037844387076, 1.000000000000000000, 0.8660254037844387076, 1.000000000000000000, 0.8660254037844387076, 1.000000000000000000, 0.8660254037844387076, 1.000000000000000000, 0.8660254037844387076, 1.000000000000000000, 0.8660254037844387076, 1.000000000000000000, 0.8660254037844387076, 1.000000000000000000, 0.8660254037844387076, 1.000000000000000000, 0.8660254037844387076, 1.000000000000000000, 0.8660254037844387076, 1.000000000000000000, 0.8660254037844387076, 1.000000000000000000, 0.8660254037844387076, 1.000000000000000000, 0.8660254037844387076, 1.000000000000000000, 0.8660254037844387076, 1.000000000000000000, 0.8660254037844387076, 1.000000000000000000, 0.8660254037844387076, 1.000000000000000000, 0.8660254037844387076, 1.000000000000000000, 0.8660254037844387076, 1.000000000000000000, 0.8660254037844387076, 1.000000000000000000, 0.8660254037844387076, 1.000000000000000000, 0.8660254037844387076, 1.000000000000000000, 0.8660254037844387076, 1.000000000000000000, 0.9611809368672199483, 0.9448574767080389902, 0.9448574767080389902, 0.9448574767080389902),
 ( 1.000000000000000000, 0.8660254037844387076, 1.000000000000000000, 0.8660254037844387076, 1.000000000000000000, 0.8660254037844387076, 1.000000000000000000, 0.8660254037844387076, 1.000000000000000000, 0.8660254037844387076, 1.000000000000000000, 0.8660254037844387076, 1.000000000000000000, 0.8660254037844387076, 1.000000000000000000, 0.8660254037844387076, 1.000000000000000000, 0.8660254037844387076, 1.000000000000000000, 0.8660254037844387076, 1.000000000000000000, 0.8660254037844387076, 1.000000000000000000, 0.8660254037844387076, 1.000000000000000000, 0.8660254037844387076, 1.000000000000000000, 0.8660254037844387076, 1.000000000000000000, 0.8660254037844387076, 1.000000000000000000, 0.8660254037844387076, 1.000000000000000000, 0.8660254037844387076, 1.000000000000000000, 0.8660254037844387076, 1.000000000000000000, 0.8660254037844387076, 1.000000000000000000, 0.8660254037844387076, 1.000000000000000000, 0.8660254037844387076, 1.000000000000000000, 0.8660254037844387076, 1.000000000000000000, 0.8660254037844387076, 1.000000000000000000, 0.8660254037844387076, 1.000000000000000000, 0.8660254037844387076, 1.000000000000000000, 0.8660254037844387076, 1.000000000000000000, 0.8660254037844387076, 1.000000000000000000, 0.8660254037844387076, 1.000000000000000000, 0.8660254037844387076, 1.000000000000000000, 0.8660254037844387076, 1.000000000000000000, 0.8660254037844387076, 1.000000000000000000, 0.8660254037844387076, 1.000000000000000000, 0.8660254037844387076, 1.000000000000000000, 0.8660254037844387076, 1.000000000000000000, 0.8660254037844387076, 1.000000000000000000, 0.8660254037844387076, 1.000000000000000000, 0.8660254037844387076, 1.000000000000000000, 0.8660254037844387076, 1.000000000000000000, 0.8660254037844387076, 1.000000000000000000, 0.8660254037844387076, 1.000000000000000000, 0.8660254037844387076, 1.000000000000000000, 0.8660254037844387076, 1.000000000000000000, 0.8660254037844387076, 1.000000000000000000, 0.8660254037844387076, 1.000000000000000000, 0.8660254037844387076, 1.000000000000000000, 0.8660254037844387076, 1.000000000000000000, 0.8660254037844387076, 1.000000000000000000, 0.8660254037844387076, 1.000000000000000000, 0.8660254037844387076, 1.000000000000000000, 0.8660254037844387076, 1.000000000000000000, 0.8660254037844387076, 1.000000000000000000, 0.8660254037844387076, 1.000000000000000000, 0.8660254037844387076, 1.000000000000000000, 0.8660254037844387076, 1.000000000000000000, 0.8660254037844387076, 1.000000000000000000, 0.8660254037844387076, 1.000000000000000000, 0.8660254037844387076, 1.000000000000000000, 0.8660254037844387076, 1.000000000000000000, 0.8660254037844387076, 1.000000000000000000, 0.8660254037844387076, 1.000000000000000000, 0.8660254037844387076, 1.000000000000000000, 0.8660254037844387076, 1.000000000000000000, 0.8660254037844387076, 1.000000000000000000, 0.8660254037844387076, 1.000000000000000000, 0.8660254037844387076, 1.000000000000000000, 0.8660254037844387076, 1.000000000000000000, 0.8660254037844387076, 1.000000000000000000, 0.8660254037844387076, 1.000000000000000000, 0.8660254037844387076, 1.000000000000000000, 0.8660254037844387076, 1.000000000000000000, 0.8660254037844387076, 1.000000000000000000, 0.8660254037844387076, 1.000000000000000000, 0.8660254037844387076, 1.000000000000000000, 0.8660254037844387076, 1.000000000000000000, 0.8660254037844387076, 1.000000000000000000, 0.8660254037844387076, 1.000000000000000000, 0.8660254037844387076, 1.000000000000000000, 0.8660254037844387076, 1.000000000000000000, 0.8660254037844387076, 1.000000000000000000, 0.8660254037844387076, 1.000000000000000000, 0.8660254037844387076, 1.000000000000000000, 0.8660254037844387076, 1.000000000000000000, 0.8660254037844387076, 1.000000000000000000, 0.8660254037844387076, 1.000000000000000000, 0.8660254037844387076, 1.000000000000000000, 0.8660254037844387076, 1.000000000000000000, 0.8660254037844387076, 1.000000000000000000, 0.8660254037844387076, 1.000000000000000000, 0.8660254037844387076, 1.000000000000000000, 0.8660254037844387076, 1.000000000000000000, 0.8660254037844387076, 1.000000000000000000, 0.8660254037844387076, 1.000000000000000000, 0.8660254037844387076, 1.000000000000000000, 0.8660254037844387076, 1.000000000000000000, 0.9611809368672199483, 0.9448574767080389902, 0.9448574767080389902, 0.9448574767080389902) ) ) 
 REPRESENTATION_ITEM ( '' )  SURFACE ( )  );
#2165 = CARTESIAN_POINT ( 'NONE',  ( 1.023729546925583156, 8.903871606551605922, -1.357260710889536259 ) ) ;
#2166 = CARTESIAN_POINT ( 'NONE',  ( 0.8499999999999988676, 4.308333331421501988, 1.472243186433546347 ) ) ;
#2167 = PRODUCT_DEFINITION ( 'UNKNOWN', '', #4641, #7337 ) ;
#2168 = ORIENTED_EDGE ( 'NONE', *, *, #8078, .F. ) ;
#2169 = VERTEX_POINT ( 'NONE', #6465 ) ;
#2170 = DIRECTION ( 'NONE',  ( 0.000000000000000000, 0.000000000000000000, -1.000000000000000000 ) ) ;
#2171 = CARTESIAN_POINT ( 'NONE',  ( -1.152524537257461290, 4.342998712428626007, 1.249824812246655759 ) ) ;
#2172 = CARTESIAN_POINT ( 'NONE',  ( -1.039443056249999664, 5.052083332377417690, -1.800368184999674437 ) ) ;
#2173 = CARTESIAN_POINT ( 'NONE',  ( 0.01872111992384394019, 7.573714747782134715, -1.699903264332056185 ) ) ;
#2175 = CARTESIAN_POINT ( 'NONE',  ( 1.616170834991484950, 9.465816802840590682, 0.5273662441654922706 ) ) ;
#2174 =( NAMED_UNIT ( * ) PLANE_ANGLE_UNIT ( ) SI_UNIT ( $, .RADIAN. ) );
#2176 = CARTESIAN_POINT ( 'NONE',  ( -2.078886112500000216, 1.159691869123373520, 1.200245456666449106 ) ) ;
#2177 = LINE ( 'NONE', #837, #5670 ) ;
#2178 = DIRECTION ( 'NONE',  ( 0.7071067811865500152, 0.000000000000000000, -0.7071067811865451302 ) ) ;
#2179 = DIRECTION ( 'NONE',  ( 0.6936187941687648184, -0.000000000000000000, -0.7203422578024066825 ) ) ;
#2180 = ADVANCED_FACE ( 'NONE', ( #584 ), #3080, .T. ) ;
#2181 = CARTESIAN_POINT ( 'NONE',  ( 1.633134920029222448, 0.2203624244957007594, 0.4724272425863159652 ) ) ;
#2182 = VECTOR ( 'NONE', #3393, 1000.000000000000227 ) ;
#2183 = CARTESIAN_POINT ( 'NONE',  ( -1.687405137514415232, 5.662714925908782782, 0.2065735533012052205 ) ) ;
#2184 = ORIENTED_EDGE ( 'NONE', *, *, #870, .T. ) ;
#2185 = CARTESIAN_POINT ( 'NONE',  ( -2.078886112500000216, 3.097916665710733763, -1.200245456666450217 ) ) ;
#2186 = CARTESIAN_POINT ( 'NONE',  ( -1.584424393899438677, 3.816391647148975608E-14, 0.1923067371777744394 ) ) ;
#2187 = CARTESIAN_POINT ( 'NONE',  ( -0.8499999999999996447, 2.558333331421501988, -1.472243186433545681 ) ) ;
#2188 = ORIENTED_EDGE ( 'NONE', *, *, #6753, .F. ) ;
#2189 = AXIS2_PLACEMENT_3D ( 'NONE', #8323, #7591, #302 ) ;
#2190 = CARTESIAN_POINT ( 'NONE',  ( -2.078886112499999772, 10.09791666571075019, -1.200245456666450439 ) ) ;
#2191 = DIRECTION ( 'NONE',  ( -0.4876598490941712050, -0.7241379310344822073, -0.4876598490941709274 ) ) ;
#2192 = CARTESIAN_POINT ( 'NONE',  ( -0.4555136271329083275, 7.431260737205133360, -1.699999999999999956 ) ) ;
#2193 = CARTESIAN_POINT ( 'NONE',  ( 0.5592688896181612357, 5.163380792521807372, 1.605779938954129848 ) ) ;
#2194 = CARTESIAN_POINT ( 'NONE',  ( -4.409630270093139405E-16, 1.843749999044078436, 2.400490913332886667 ) ) ;
#2195 = VECTOR ( 'NONE', #7159, 1000.000000000000000 ) ;
#2196 = AXIS2_PLACEMENT_3D ( 'NONE', #2933, #4228, #4095 ) ;
#2197 = ADVANCED_FACE ( 'NONE', ( #1854 ), #503, .T. ) ;
#2198 = CARTESIAN_POINT ( 'NONE',  ( -1.203287688874771666, 0.5026461656135765566, -1.173333898430123368 ) ) ;
#2199 = CARTESIAN_POINT ( 'NONE',  ( -1.039443056249999664, 5.139583332377418046, -1.800368184999674437 ) ) ;
#2200 = CARTESIAN_POINT ( 'NONE',  ( 1.697486679588438685, 6.706465937595122995, -0.1070640747873091297 ) ) ;
#2201 = CARTESIAN_POINT ( 'NONE',  ( -1.192370772727224359, 5.039433024505220793, 1.211736324680337207 ) ) ;
#2202 = CARTESIAN_POINT ( 'NONE',  ( -0.1277046048253297206, 3.716225186520363710, 1.696443982897374969 ) ) ;
#2203 = ADVANCED_FACE ( 'NONE', ( #1769 ), #5858, .T. ) ;
#2204 = STYLED_ITEM ( 'NONE', ( #83 ), #3827 ) ;
#2205 = ORIENTED_EDGE ( 'NONE', *, *, #6877, .T. ) ;
#2206 = CARTESIAN_POINT ( 'NONE',  ( -4.985102807365159983, 3.200000000000000178, 4.985102807365162647 ) ) ;
#2207 = CARTESIAN_POINT ( 'NONE',  ( -0.2548677772424962629, 3.392490922187234137, -1.699999603313629315 ) ) ;
#2208 = CARTESIAN_POINT ( 'NONE',  ( -0.8499999999999996447, 5.533333333333334103, -1.472243186433545681 ) ) ;
#2209 = CARTESIAN_POINT ( 'NONE',  ( 1.469876756697720448E-16, 1.581249999044084698, -2.400490913332899545 ) ) ;
#2210 = CARTESIAN_POINT ( 'NONE',  ( -4.230320976016780396E-06, 1.800000486524679033, -1.699999999994736388 ) ) ;
#2211 = CARTESIAN_POINT ( 'NONE',  ( 2.078886112499999328, 4.060416665710751438, 1.200245456666450661 ) ) ;
#2212 = CARTESIAN_POINT ( 'NONE',  ( 0.7283655135193555230, 8.925018310584155401, -1.536061932623631998 ) ) ;
#2213 = CARTESIAN_POINT ( 'NONE',  ( 2.078886112499999772, 9.209691869123371788, -1.200245456666449329 ) ) ;
#2214 = ORIENTED_EDGE ( 'NONE', *, *, #1931, .T. ) ;
#2215 = ORIENTED_EDGE ( 'NONE', *, *, #3367, .T. ) ;
#2216 = DIRECTION ( 'NONE',  ( 0.7071067811865473507, -2.775557561562891351E-17, -0.7071067811865477948 ) ) ;
#2217 = CARTESIAN_POINT ( 'NONE',  ( -0.1822662283776641801, 4.412500933801367431, 1.690519404407479831 ) ) ;
#2218 = CARTESIAN_POINT ( 'NONE',  ( 2.078886112500000216, 5.518749999044084475, 0.000000000000000000 ) ) ;
#2219 = CARTESIAN_POINT ( 'NONE',  ( 1.460344604655445577, 7.459951737187693332, -0.8703557783212412247 ) ) ;
#2221 = CARTESIAN_POINT ( 'NONE',  ( 0.1572712502694926517, 9.335704750352473269, 1.700000000494791275 ) ) ;
#2220 = CARTESIAN_POINT ( 'NONE',  ( 0.000000000000000000, 10.19999999999999929, 0.000000000000000000 ) ) ;
#2222 = CARTESIAN_POINT ( 'NONE',  ( 2.078886112500000216, -0.6486414642099599392, 0.000000000000000000 ) ) ;
#2223 = VERTEX_POINT ( 'NONE', #7070 ) ;
#2224 = CARTESIAN_POINT ( 'NONE',  ( 0.000000000000000000, -5.000000000000000000, 0.000000000000000000 ) ) ;
#2225 = CARTESIAN_POINT ( 'NONE',  ( -0.1308349525701956728, 0.4166700331054650208, -1.695121986851849893 ) ) ;
#2226 = CARTESIAN_POINT ( 'NONE',  ( -7.296724953260062208, 3.200000000000000178, -2.297891415291845707 ) ) ;
#2227 = CARTESIAN_POINT ( 'NONE',  ( 1.666857315375687154, 0.2681881228339283996, -0.3522321349414866409 ) ) ;
#2228 = CARTESIAN_POINT ( 'NONE',  ( -1.690714079392103830, 5.661012024246221408, 0.1779569170318983928 ) ) ;
#2229 = CARTESIAN_POINT ( 'NONE',  ( 2.078886112500000216, 7.006249999044068311, 0.000000000000000000 ) ) ;
#2230 = ADVANCED_FACE ( 'NONE', ( #1115 ), #462, .F. ) ;
#2231 = CARTESIAN_POINT ( 'NONE',  ( 0.8794871658034679740, 0.000000000000000000, 1.746276297632327390 ) ) ;
#2232 = CARTESIAN_POINT ( 'NONE',  ( -2.408346736891405305E-07, 5.824996424652506555, 1.699999999999965539 ) ) ;
#2233 = ORIENTED_EDGE ( 'NONE', *, *, #18, .F. ) ;
#2234 = CARTESIAN_POINT ( 'NONE',  ( 1.039443056250000330, 9.222916665710751971, -1.800368184999674215 ) ) ;
#2235 = CARTESIAN_POINT ( 'NONE',  ( -4.400384907664991019, 6.000000000000000000, -2.279064564105347301 ) ) ;
#2236 = CARTESIAN_POINT ( 'NONE',  ( 0.000000000000000000, 8.000000000000000000, -7.650000000000000355 ) ) ;
#2237 = CARTESIAN_POINT ( 'NONE',  ( 0.7050306929363974184, 5.426725312514973254, -1.547016154335756566 ) ) ;
#2238 = CARTESIAN_POINT ( 'NONE',  ( 2.078886112499988670, 1.960416665710744688, 1.200245456666444444 ) ) ;
#2239 = CARTESIAN_POINT ( 'NONE',  ( 0.4500339125841273935, 0.5033760127950787089, -1.389194613301916403 ) ) ;
#2240 = CARTESIAN_POINT ( 'NONE',  ( 1.039443056249998776, 2.689583332377417868, 1.800368184999675325 ) ) ;
#2241 = CARTESIAN_POINT ( 'NONE',  ( 0.6291087457521230553, 6.568173703445871148, 1.579556770798274057 ) ) ;
#2242 = CARTESIAN_POINT ( 'NONE',  ( 0.8970679414182357592, 7.986801981039020504, 1.445050171869374456 ) ) ;
#2243 = CARTESIAN_POINT ( 'NONE',  ( 1.069536789589949910, 1.699766185082443926, 1.321685564440878702 ) ) ;
#2244 = EDGE_CURVE ( 'NONE', #8376, #4806, #6690, .T. ) ;
#2245 = ORIENTED_EDGE ( 'NONE', *, *, #5335, .F. ) ;
#2246 = CARTESIAN_POINT ( 'NONE',  ( 7.293768092963841099, 3.153845617810560942, 2.307304989425264186 ) ) ;
#2247 = CARTESIAN_POINT ( 'NONE',  ( -1.014168679468276046, 3.445195437754116963, -1.367610210610633370 ) ) ;
#2248 = DIRECTION ( 'NONE',  ( 0.000000000000000000, 0.000000000000000000, 1.000000000000000000 ) ) ;
#2249 = CARTESIAN_POINT ( 'NONE',  ( -1.700000000000000400, 7.108333333333334281, 0.9814954576223632321 ) ) ;
#2250 = CARTESIAN_POINT ( 'NONE',  ( 2.078886112499999772, 2.864583332377418579, -1.200245456666449329 ) ) ;
#2251 = CARTESIAN_POINT ( 'NONE',  ( 0.4555136071883438276, 9.468739260339951613, -1.700000011514999576 ) ) ;
#2252 = CARTESIAN_POINT ( 'NONE',  ( -2.078886112500000216, 1.727083332377417735, 1.200245456666449106 ) ) ;
#2253 = EDGE_CURVE ( 'NONE', #2399, #5911, #5852, .T. ) ;
#2254 = CARTESIAN_POINT ( 'NONE',  ( 1.170758124033372871, 8.891570298929611482, -1.233778436111012677 ) ) ;
#2255 = CARTESIAN_POINT ( 'NONE',  ( -1.691020557754200349, 1.460955871487871649, 0.1750231926115185799 ) ) ;
#2256 = EDGE_CURVE ( 'NONE', #2143, #6033, #2404, .T. ) ;
#2257 = B_SPLINE_CURVE_WITH_KNOTS ( 'NONE', 3,
 ( #6011, #5232, #5841, #2538, #7261, #7866, #1305, #5966, #1923, #3964, #52, #2661, #5191, #5360, #2048, #7947, #4712, #4667, #7829, #1883, #6792, #5581, #3575, #2225, #4930, #1531, #188, #7567, #5540, #3532 ),
 .UNSPECIFIED., .F., .F.,
 ( 4, 2, 2, 2, 1, 1, 2, 2, 2, 2, 2, 2, 2, 1, 1, 2, 4 ),
 ( 0.000000000000000000, 0.04673974706117998978, 0.05842468382647499070, 0.06426715220912244952, 0.07010962059176992223, 0.09347949412235977140, 0.1168493676529496483, 0.1226918360355971488, 0.1256130702269208921, 0.1285343044182445937, 0.1402192411835392338, 0.1635891147141285418, 0.1752740514794232096, 0.1811165198620705297, 0.1840377540533942036, 0.1854983711490560405, 0.1869589882447178497 ),
 .UNSPECIFIED. ) ;
#2258 = ORIENTED_EDGE ( 'NONE', *, *, #3178, .T. ) ;
#2259 = EDGE_LOOP ( 'NONE', ( #3434, #8145, #846, #261 ) ) ;
#2260 = CARTESIAN_POINT ( 'NONE',  ( 0.003472343333531368887, 9.674761702086508208, -1.700000014576517726 ) ) ;
#2261 = CARTESIAN_POINT ( 'NONE',  ( 1.699999999999999956, 6.583333331421501455, -0.9814954576223635652 ) ) ;
#2262 = CARTESIAN_POINT ( 'NONE',  ( 1.622807537170578351, 2.532805734343497317, -0.5073526773499611453 ) ) ;
#2263 = CARTESIAN_POINT ( 'NONE',  ( -4.409630270093162085E-16, 7.443749999044084298, 2.400490913332899545 ) ) ;
#2264 = CARTESIAN_POINT ( 'NONE',  ( -1.192622814784477514, 0.6606017570787416915, -1.211482491288853325 ) ) ;
#2265 = CARTESIAN_POINT ( 'NONE',  ( 1.688482343409838604, 9.487853232540416570, 0.1977403514291561082 ) ) ;
#2266 = CARTESIAN_POINT ( 'NONE',  ( -2.078886112500000216, -0.2403081308766264745, 1.200245456666449106 ) ) ;
#2267 = EDGE_LOOP ( 'NONE', ( #8318, #4407, #5688, #8232 ) ) ;
#2268 = EDGE_CURVE ( 'NONE', #2671, #5228, #4242, .T. ) ;
#2269 = DIRECTION ( 'NONE',  ( 0.000000000000000000, 0.000000000000000000, 1.000000000000000000 ) ) ;
#2270 = CARTESIAN_POINT ( 'NONE',  ( -2.915460667173294773, 4.909999999999999254, 5.036781010732853225 ) ) ;
#2271 = DIRECTION ( 'NONE',  ( -0.7203422578024066825, 0.000000000000000000, -0.6936187941687647074 ) ) ;
#2272 = CARTESIAN_POINT ( 'NONE',  ( 1.576843696979960185, 0.2097233274527678937, 0.6380323198298375464 ) ) ;
#2273 = DIRECTION ( 'NONE',  ( 0.000000000000000000, -1.000000000000000000, 0.000000000000000000 ) ) ;
#2274 = VECTOR ( 'NONE', #8320, 1000.000000000000114 ) ;
#2275 = CARTESIAN_POINT ( 'NONE',  ( 2.078886112500000216, 6.364583332377399927, -1.200245456666449329 ) ) ;
#2276 = CARTESIAN_POINT ( 'NONE',  ( 0.2110921485973068501, 8.673617379884035472E-16, -2.444208116513717055 ) ) ;
#2277 = VERTEX_POINT ( 'NONE', #2946 ) ;
#2278 = CIRCLE ( 'NONE', #3389, 1.699999999999999956 ) ;
#2279 = CARTESIAN_POINT ( 'NONE',  ( -2.078886112500000216, 7.356249999044083943, -2.545901223465009197E-16 ) ) ;
#2280 = DIRECTION ( 'NONE',  ( 0.7071067811865473507, -8.049116928532377276E-17, -0.7071067811865477948 ) ) ;
#2281 = DIRECTION ( 'NONE',  ( -0.000000000000000000, -1.000000000000000000, -0.000000000000000000 ) ) ;
#2282 = VECTOR ( 'NONE', #1331, 1000.000000000000000 ) ;
#2283 = CARTESIAN_POINT ( 'NONE',  ( 1.084264687771021141, 5.200866562862237252, 1.310286911826261003 ) ) ;
#2284 = CARTESIAN_POINT ( 'NONE',  ( -0.7939836088139441417, 7.170511488968351443, 1.503776794392269522 ) ) ;
#2285 = CARTESIAN_POINT ( 'NONE',  ( -1.692181255606556745, 0.05992633537885076050, 0.1635295079792511708 ) ) ;
#2286 = CARTESIAN_POINT ( 'NONE',  ( -1.833771343228089545, 0.5017115550443037586, 0.09366375457991357734 ) ) ;
#2287 = CARTESIAN_POINT ( 'NONE',  ( -2.078886112500000216, 4.556249999044084120, -2.545901223465009197E-16 ) ) ;
#2288 = CARTESIAN_POINT ( 'NONE',  ( 1.490901733411555963, 6.644229179335469304, 0.8176167107768620435 ) ) ;
#2289 = DIRECTION ( 'NONE',  ( -0.000000000000000000, 1.000000000000000000, -0.000000000000000000 ) ) ;
#2290 = CARTESIAN_POINT ( 'NONE',  ( 1.697350379900582240, 1.806977278929839281, -0.1092359502549073158 ) ) ;
#2291 = VERTEX_POINT ( 'NONE', #6331 ) ;
#2292 = CARTESIAN_POINT ( 'NONE',  ( 1.763078452923468875, 0.1042246611328317418, -1.116598035779895248 ) ) ;
#2293 = CARTESIAN_POINT ( 'NONE',  ( -1.622893459643991232, 9.883464125731968863, 0.5170339455761776559 ) ) ;
#2294 = CARTESIAN_POINT ( 'NONE',  ( -1.700000000000000400, 9.208333333333332149, 0.9814954576223632321 ) ) ;
#2295 = CARTESIAN_POINT ( 'NONE',  ( -2.078886112500000216, 5.956249999044083587, -2.545901223465009197E-16 ) ) ;
#2296 = DIRECTION ( 'NONE',  ( -0.000000000000000000, -1.000000000000000000, -0.000000000000000000 ) ) ;
#2297 = CARTESIAN_POINT ( 'NONE',  ( -1.039443056249999664, 1.552083332377417690, -1.800368184999674437 ) ) ;
#2298 = CARTESIAN_POINT ( 'NONE',  ( 0.8456366793567309248, 8.917140777003091046, -1.475723472638165834 ) ) ;
#2299 = CARTESIAN_POINT ( 'NONE',  ( -0.6694724776328822013, 1.579107955358846738, 1.562631784159617343 ) ) ;
#2300 = EDGE_CURVE ( 'NONE', #5368, #3353, #7982, .T. ) ;
#2301 = ORIENTED_EDGE ( 'NONE', *, *, #3511, .T. ) ;
#2302 = CARTESIAN_POINT ( 'NONE',  ( 0.3521298684676283930, 3.749123595918024687, 1.663191461838236629 ) ) ;
#2303 = EDGE_CURVE ( 'NONE', #4365, #712, #7376, .T. ) ;
#2304 = CARTESIAN_POINT ( 'NONE',  ( 0.8499999999999988676, 9.208333331421501455, 1.472243186433546347 ) ) ;
#2305 = DIRECTION ( 'NONE',  ( 0.000000000000000000, 0.000000000000000000, -1.000000000000000000 ) ) ;
#2306 = CARTESIAN_POINT ( 'NONE',  ( 2.078886112500000216, 8.318749999044085186, 0.000000000000000000 ) ) ;
#2307 = CARTESIAN_POINT ( 'NONE',  ( -0.7391754451952088356, 0.6257276109093371508, -1.530898725595314147 ) ) ;
#2309 = CARTESIAN_POINT ( 'NONE',  ( 1.613666116222323366, 9.465257938238941904, 0.5350564464585664259 ) ) ;
#2308 =( NAMED_UNIT ( * ) SI_UNIT ( $, .STERADIAN. ) SOLID_ANGLE_UNIT ( ) );
#2310 = CARTESIAN_POINT ( 'NONE',  ( -1.039443056249999664, 1.684691869123373431, -1.800368184999674437 ) ) ;
#2311 = VERTEX_POINT ( 'NONE', #2885 ) ;
#2312 = CARTESIAN_POINT ( 'NONE',  ( 0.4555072822807790800, 8.481260301774101507, 1.700003663202084514 ) ) ;
#2313 = CARTESIAN_POINT ( 'NONE',  ( 1.808203047870322155, 7.173092901032900391E-16, -1.046045111888668444 ) ) ;
#2314 = DIRECTION ( 'NONE',  ( 0.000000000000000000, -1.000000000000000000, 0.000000000000000000 ) ) ;
#2315 = CARTESIAN_POINT ( 'NONE',  ( 1.077394017815401117, 0.1572129809001975020, 1.315042179200621053 ) ) ;
#2316 = CARTESIAN_POINT ( 'NONE',  ( -1.055005259347275404, 5.751453096594302039, 1.334467028552631440 ) ) ;
#2317 = CARTESIAN_POINT ( 'NONE',  ( -1.039443056249999664, 5.139583332377400282, -1.800368184999674659 ) ) ;
#2318 = CARTESIAN_POINT ( 'NONE',  ( -1.970908121946201685, 8.673617379884035472E-16, -1.753476601499078358 ) ) ;
#2319 = CARTESIAN_POINT ( 'NONE',  ( 0.7399018055150845541, 5.875839358830177162, 1.534407777967836672 ) ) ;
#2320 = VERTEX_POINT ( 'NONE', #879 ) ;
#2321 = CARTESIAN_POINT ( 'NONE',  ( -4.409630270093162085E-16, 8.231249999044084831, 2.400490913332899545 ) ) ;
#2322 = CARTESIAN_POINT ( 'NONE',  ( 1.648344972251132079, 1.126557889990202677, -0.4164130418436738368 ) ) ;
#2323 = CYLINDRICAL_SURFACE ( 'NONE', #2508, 1.699999999999999956 ) ;
#2324 = CARTESIAN_POINT ( 'NONE',  ( -1.681535909412436247, 9.134199956621237959, -0.2566999607589414145 ) ) ;
#2325 = CARTESIAN_POINT ( 'NONE',  ( 1.039443056249994779, 0.7354166657107449323, -1.800368184999665111 ) ) ;
#2326 = CARTESIAN_POINT ( 'NONE',  ( -1.693591353165477154, 0.04095386346492769364, -0.1485121660040293057 ) ) ;
#2327 = CARTESIAN_POINT ( 'NONE',  ( -1.213530376631039687, 0.5016472156470407340, 1.598234763596019015 ) ) ;
#2328 = CARTESIAN_POINT ( 'NONE',  ( 1.039443056250000330, 5.022916665710750905, -1.800368184999674215 ) ) ;
#2329 = CARTESIAN_POINT ( 'NONE',  ( -1.131475931006300728, 7.655070845805185265, -1.268768210551245001 ) ) ;
#2330 = CARTESIAN_POINT ( 'NONE',  ( 1.699999999999999289, 0.8666666647548353364, 0.9814954576223646754 ) ) ;
#2331 = CARTESIAN_POINT ( 'NONE',  ( 0.7116628376238182119, 1.926160511357309257, -1.544030203590938566 ) ) ;
#2332 = CIRCLE ( 'NONE', #3298, 7.650000000000000355 ) ;
#2333 = ADVANCED_FACE ( 'NONE', ( #230 ), #4335, .T. ) ;
#2334 = ORIENTED_EDGE ( 'NONE', *, *, #2300, .T. ) ;
#2335 = CARTESIAN_POINT ( 'NONE',  ( 7.138355639750680659, 3.000000000000000000, 2.750705138767090663 ) ) ;
#2336 = AXIS2_PLACEMENT_3D ( 'NONE', #2444, #4970, #2400 ) ;
#2337 = CARTESIAN_POINT ( 'NONE',  ( -1.116290781502015994, 9.946262542631755466, 1.283188722185106156 ) ) ;
#2338 = CARTESIAN_POINT ( 'NONE',  ( -1.699999999999999289, 7.691666666666666430, -0.9814954576223643423 ) ) ;
#2339 = CARTESIAN_POINT ( 'NONE',  ( 1.469876756697720448E-16, 5.081249999044083587, -2.400490913332899545 ) ) ;
#2340 = CARTESIAN_POINT ( 'NONE',  ( -0.6354576144897978729, 2.018425019460773573, -1.577376489760434541 ) ) ;
#2341 = CARTESIAN_POINT ( 'NONE',  ( -1.039443056250000996, 3.185416665710751438, 1.800368184999674215 ) ) ;
#2342 = CARTESIAN_POINT ( 'NONE',  ( -1.633456691043217779, 8.418673364190262021, -0.4879150137179564251 ) ) ;
#2343 = CARTESIAN_POINT ( 'NONE',  ( -1.646739950342112957, 1.423018681155311382, -0.4228622178723210889 ) ) ;
#2344 = AXIS2_PLACEMENT_3D ( 'NONE', #8449, #467, #3085 ) ;
#2345 = ORIENTED_EDGE ( 'NONE', *, *, #1829, .T. ) ;
#2346 =( BOUNDED_SURFACE ( )  B_SPLINE_SURFACE ( 1, 2, ( 
 ( #5343, #8015, #2032, #8540, #4608, #730, #5388, #1991, #1470, #5520, #6261, #5479, #6818, #5565, #213, #862, #4208, #3428, #2823, #949, #171, #8105, #1513, #7551, #6733, #3515, #2865, #7507, #6128, #905, #4783, #6213, #301, #2161, #4823, #4254, #6775, #7465, #1600, #2209, #8151, #6905, #4167, #2957, #5436, #3472, #7373, #5606, #3557, #6171, #4124, #777, #8063, #4868, #1556, #6861, #2915, #256, #820, #128, #8194, #2250, #4907, #3601, #2121, #6082, #2075, #4739, #1427, #4079, #7420, #2781, #7072, #2385, #7636, #5125, #7675, #424, #7760, #5773, #1074, #6466, #464, #6303, #3124, #2427, #4340, #1117, #6387, #1816, #5692, #3772, #6426, #8404, #2469, #1730, #4469, #4428, #6342, #2339, #7717, #8362, #993, #8238, #3815, #3730, #3082, #3645, #381, #1771, #7110, #7590, #7031, #1688, #2295, #341, #4385, #1155, #504, #3163, #4953, #6991, #3686, #1647, #5085, #4299, #6949, #2998, #5647, #5733, #3041, #8277, #4999, #1034, #8322, #5043, #7015, #2982, #2279, #5631, #5026, #8221, #6370, #2896, #933, #4852, #3709, #6974, #4938, #1585, #4193, #5549, #6934, #2321, #4982, #366, #4283, #4237, #6198, #3667, #3024, #6888, #3587, #6327, #7658, #1711, #4324, #5674, #407, #1017, #2234, #3066, #8304, #6243, #6286, #282, #7534, #7490, #1672, #7575, #2370, #8262, #8131, #4366, #1057, #2190, #1540, #1628, #239, #978, #6844 ),
 ( #2942, #7620, #887, #5590, #3627, #3540, #325, #8178, #4892, #7055, #6451, #4580, #3798, #3146, #5149, #2575, #1753, #4493, #6490, #2536, #1141, #4536, #8385, #1224, #1263, #489, #5795, #7864, #7138, #7220, #531, #8429, #3190, #5230, #2493, #3920, #447, #7097, #2408, #6572, #7179, #7786, #7744, #4408, #3106, #1183, #8471, #5189, #6532, #1840, #1801, #3756, #3880, #573, #4455, #3840, #3228, #1921, #610, #1881, #5878, #5717, #8513, #2451, #8344, #5067, #5839, #7827, #7699, #5107, #1101, #6410, #5756, #914, #747, #3267, #4755, #1440, #6222, #2925, #5358, #1304, #4710, #8032, #3354, #4217, #5920, #7345, #4006, #4665, #4621, #2749, #6009, #2046, #6054, #2093, #7389, #4051, #1398, #6614, #8553, #7299, #7985, #3962, #95, #654, #3566, #1348, #3399, #5313, #2619, #700, #6869, #264, #6660, #5, #5573, #8202, #49, #5964, #5407, #2261, #4916, #7560, #1609, #2659, #2702, #5273, #4262, #6914, #7906, #1964, #7258, #6702, #3311, #7944, #2004, #4962, #8286, #8369, #5655, #3651, #3780, #6310, #1822, #8329, #4477, #5613, #2348, #3694, #431, #1695, #6349, #7767, #5740, #8246, #3049, #7725, #6434, #958, #3090, #472, #1001, #1124, #2434, #3130, #2304, #2964, #5779, #7080, #1782, #3610, #349, #5092, #4307, #3005, #7599, #1083, #1655, #6957, #5007, #389, #7644, #8410, #7683, #1737, #2477, #5701, #2392, #5132, #5050 ) ),
 .UNSPECIFIED., .F., .F., .F. ) 
 B_SPLINE_SURFACE_WITH_KNOTS ( ( 2, 2 ),
 ( 3, 2, 2, 2, 2, 2, 2, 2, 2, 2, 2, 2, 2, 2, 2, 2, 2, 2, 2, 2, 2, 2, 2, 2, 2, 2, 2, 2, 2, 2, 2, 2, 2, 2, 2, 2, 2, 2, 2, 2, 2, 2, 2, 2, 2, 2, 2, 2, 2, 2, 2, 2, 2, 2, 2, 2, 2, 2, 2, 2, 2, 2, 2, 2, 2, 2, 2, 2, 2, 2, 2, 2, 2, 2, 2, 2, 2, 2, 2, 2, 2, 2, 2, 2, 2, 2, 2, 2, 2, 2, 2, 2, 2, 2, 2, 3 ),
 ( 0.000000000000000000, 1.000000000000000000 ),
 ( 0.000000000000000000, 0.01041666666666666609, 0.02083333333333333218, 0.03125000000000000000, 0.04166666666666666435, 0.05208333333333333565, 0.06250000000000000000, 0.07291666666666667129, 0.08333333333333332871, 0.09375000000000000000, 0.1041666666666666713, 0.1145833333333333287, 0.1250000000000000000, 0.1354166666666666574, 0.1458333333333333426, 0.1562500000000000000, 0.1666666666666666574, 0.1770833333333333426, 0.1875000000000000000, 0.1979166666666666574, 0.2083333333333333426, 0.2187500000000000000, 0.2291666666666666574, 0.2395833333333333426, 0.2500000000000000000, 0.2604166666666666852, 0.2708333333333333148, 0.2812500000000000000, 0.2916666666666666852, 0.3020833333333333148, 0.3125000000000000000, 0.3229166666666666852, 0.3333333333333333148, 0.3437500000000000000, 0.3541666666666666852, 0.3645833333333333148, 0.3750000000000000000, 0.3854166666666666852, 0.3958333333333333148, 0.4062500000000000000, 0.4166666666666666852, 0.4270833333333333148, 0.4375000000000000000, 0.4479166666666666852, 0.4583333333333333148, 0.4687500000000000000, 0.4791666666666666852, 0.4895833333333333148, 0.5000000000000000000, 0.5104166666666666297, 0.5208333333333333703, 0.5312500000000000000, 0.5416666666666666297, 0.5520833333333333703, 0.5625000000000000000, 0.5729166666666666297, 0.5833333333333333703, 0.5937500000000000000, 0.6041666666666666297, 0.6145833333333333703, 0.6250000000000000000, 0.6354166666666666297, 0.6458333333333333703, 0.6562500000000000000, 0.6666666666666666297, 0.6770833333333333703, 0.6875000000000000000, 0.6979166666666666297, 0.7083333333333333703, 0.7187500000000000000, 0.7291666666666666297, 0.7395833333333333703, 0.7500000000000000000, 0.7604166666666666297, 0.7708333333333333703, 0.7812500000000000000, 0.7916666666666666297, 0.8020833333333333703, 0.8125000000000000000, 0.8229166666666666297, 0.8333333333333333703, 0.8437500000000000000, 0.8541666666666666297, 0.8645833333333333703, 0.8750000000000000000, 0.8854166666666666297, 0.8958333333333333703, 0.9062500000000000000, 0.9166666666666666297, 0.9270833333333333703, 0.9375000000000000000, 0.9479166666666666297, 0.9583333333333333703, 0.9687500000000000000, 0.9791666666666666297, 0.9821850761879530323 ),
 .UNSPECIFIED. ) 
 GEOMETRIC_REPRESENTATION_ITEM ( )  RATIONAL_B_SPLINE_SURFACE ( (
 ( 1.000000000000000000, 0.8660254037844387076, 1.000000000000000000, 0.8660254037844387076, 1.000000000000000000, 0.8660254037844387076, 1.000000000000000000, 0.8660254037844387076, 1.000000000000000000, 0.8660254037844387076, 1.000000000000000000, 0.8660254037844387076, 1.000000000000000000, 0.8660254037844387076, 1.000000000000000000, 0.8660254037844387076, 1.000000000000000000, 0.8660254037844387076, 1.000000000000000000, 0.8660254037844387076, 1.000000000000000000, 0.8660254037844387076, 1.000000000000000000, 0.8660254037844387076, 1.000000000000000000, 0.8660254037844387076, 1.000000000000000000, 0.8660254037844387076, 1.000000000000000000, 0.8660254037844387076, 1.000000000000000000, 0.8660254037844387076, 1.000000000000000000, 0.8660254037844387076, 1.000000000000000000, 0.8660254037844387076, 1.000000000000000000, 0.8660254037844387076, 1.000000000000000000, 0.8660254037844387076, 1.000000000000000000, 0.8660254037844387076, 1.000000000000000000, 0.8660254037844387076, 1.000000000000000000, 0.8660254037844387076, 1.000000000000000000, 0.8660254037844387076, 1.000000000000000000, 0.8660254037844387076, 1.000000000000000000, 0.8660254037844387076, 1.000000000000000000, 0.8660254037844387076, 1.000000000000000000, 0.8660254037844387076, 1.000000000000000000, 0.8660254037844387076, 1.000000000000000000, 0.8660254037844387076, 1.000000000000000000, 0.8660254037844387076, 1.000000000000000000, 0.8660254037844387076, 1.000000000000000000, 0.8660254037844387076, 1.000000000000000000, 0.8660254037844387076, 1.000000000000000000, 0.8660254037844387076, 1.000000000000000000, 0.8660254037844387076, 1.000000000000000000, 0.8660254037844387076, 1.000000000000000000, 0.8660254037844387076, 1.000000000000000000, 0.8660254037844387076, 1.000000000000000000, 0.8660254037844387076, 1.000000000000000000, 0.8660254037844387076, 1.000000000000000000, 0.8660254037844387076, 1.000000000000000000, 0.8660254037844387076, 1.000000000000000000, 0.8660254037844387076, 1.000000000000000000, 0.8660254037844387076, 1.000000000000000000, 0.8660254037844387076, 1.000000000000000000, 0.8660254037844387076, 1.000000000000000000, 0.8660254037844387076, 1.000000000000000000, 0.8660254037844387076, 1.000000000000000000, 0.8660254037844387076, 1.000000000000000000, 0.8660254037844387076, 1.000000000000000000, 0.8660254037844387076, 1.000000000000000000, 0.8660254037844387076, 1.000000000000000000, 0.8660254037844387076, 1.000000000000000000, 0.8660254037844387076, 1.000000000000000000, 0.8660254037844387076, 1.000000000000000000, 0.8660254037844387076, 1.000000000000000000, 0.8660254037844387076, 1.000000000000000000, 0.8660254037844387076, 1.000000000000000000, 0.8660254037844387076, 1.000000000000000000, 0.8660254037844387076, 1.000000000000000000, 0.8660254037844387076, 1.000000000000000000, 0.8660254037844387076, 1.000000000000000000, 0.8660254037844387076, 1.000000000000000000, 0.8660254037844387076, 1.000000000000000000, 0.8660254037844387076, 1.000000000000000000, 0.8660254037844387076, 1.000000000000000000, 0.8660254037844387076, 1.000000000000000000, 0.8660254037844387076, 1.000000000000000000, 0.8660254037844387076, 1.000000000000000000, 0.8660254037844387076, 1.000000000000000000, 0.8660254037844387076, 1.000000000000000000, 0.8660254037844387076, 1.000000000000000000, 0.8660254037844387076, 1.000000000000000000, 0.8660254037844387076, 1.000000000000000000, 0.8660254037844387076, 1.000000000000000000, 0.8660254037844387076, 1.000000000000000000, 0.8660254037844387076, 1.000000000000000000, 0.8660254037844387076, 1.000000000000000000, 0.8660254037844387076, 1.000000000000000000, 0.8660254037844387076, 1.000000000000000000, 0.8660254037844387076, 1.000000000000000000, 0.8660254037844387076, 1.000000000000000000, 0.8660254037844387076, 1.000000000000000000, 0.8660254037844387076, 1.000000000000000000, 0.8660254037844387076, 1.000000000000000000, 0.8660254037844387076, 1.000000000000000000, 0.8660254037844387076, 1.000000000000000000, 0.8660254037844387076, 1.000000000000000000, 0.8660254037844387076, 1.000000000000000000, 0.8660254037844387076, 1.000000000000000000, 0.8660254037844387076, 1.000000000000000000, 0.8660254037844387076, 1.000000000000000000, 0.8660254037844387076, 1.000000000000000000, 0.9611785411045552507, 0.9448554619518763076),
 ( 1.000000000000000000, 0.8660254037844387076, 1.000000000000000000, 0.8660254037844387076, 1.000000000000000000, 0.8660254037844387076, 1.000000000000000000, 0.8660254037844387076, 1.000000000000000000, 0.8660254037844387076, 1.000000000000000000, 0.8660254037844387076, 1.000000000000000000, 0.8660254037844387076, 1.000000000000000000, 0.8660254037844387076, 1.000000000000000000, 0.8660254037844387076, 1.000000000000000000, 0.8660254037844387076, 1.000000000000000000, 0.8660254037844387076, 1.000000000000000000, 0.8660254037844387076, 1.000000000000000000, 0.8660254037844387076, 1.000000000000000000, 0.8660254037844387076, 1.000000000000000000, 0.8660254037844387076, 1.000000000000000000, 0.8660254037844387076, 1.000000000000000000, 0.8660254037844387076, 1.000000000000000000, 0.8660254037844387076, 1.000000000000000000, 0.8660254037844387076, 1.000000000000000000, 0.8660254037844387076, 1.000000000000000000, 0.8660254037844387076, 1.000000000000000000, 0.8660254037844387076, 1.000000000000000000, 0.8660254037844387076, 1.000000000000000000, 0.8660254037844387076, 1.000000000000000000, 0.8660254037844387076, 1.000000000000000000, 0.8660254037844387076, 1.000000000000000000, 0.8660254037844387076, 1.000000000000000000, 0.8660254037844387076, 1.000000000000000000, 0.8660254037844387076, 1.000000000000000000, 0.8660254037844387076, 1.000000000000000000, 0.8660254037844387076, 1.000000000000000000, 0.8660254037844387076, 1.000000000000000000, 0.8660254037844387076, 1.000000000000000000, 0.8660254037844387076, 1.000000000000000000, 0.8660254037844387076, 1.000000000000000000, 0.8660254037844387076, 1.000000000000000000, 0.8660254037844387076, 1.000000000000000000, 0.8660254037844387076, 1.000000000000000000, 0.8660254037844387076, 1.000000000000000000, 0.8660254037844387076, 1.000000000000000000, 0.8660254037844387076, 1.000000000000000000, 0.8660254037844387076, 1.000000000000000000, 0.8660254037844387076, 1.000000000000000000, 0.8660254037844387076, 1.000000000000000000, 0.8660254037844387076, 1.000000000000000000, 0.8660254037844387076, 1.000000000000000000, 0.8660254037844387076, 1.000000000000000000, 0.8660254037844387076, 1.000000000000000000, 0.8660254037844387076, 1.000000000000000000, 0.8660254037844387076, 1.000000000000000000, 0.8660254037844387076, 1.000000000000000000, 0.8660254037844387076, 1.000000000000000000, 0.8660254037844387076, 1.000000000000000000, 0.8660254037844387076, 1.000000000000000000, 0.8660254037844387076, 1.000000000000000000, 0.8660254037844387076, 1.000000000000000000, 0.8660254037844387076, 1.000000000000000000, 0.8660254037844387076, 1.000000000000000000, 0.8660254037844387076, 1.000000000000000000, 0.8660254037844387076, 1.000000000000000000, 0.8660254037844387076, 1.000000000000000000, 0.8660254037844387076, 1.000000000000000000, 0.8660254037844387076, 1.000000000000000000, 0.8660254037844387076, 1.000000000000000000, 0.8660254037844387076, 1.000000000000000000, 0.8660254037844387076, 1.000000000000000000, 0.8660254037844387076, 1.000000000000000000, 0.8660254037844387076, 1.000000000000000000, 0.8660254037844387076, 1.000000000000000000, 0.8660254037844387076, 1.000000000000000000, 0.8660254037844387076, 1.000000000000000000, 0.8660254037844387076, 1.000000000000000000, 0.8660254037844387076, 1.000000000000000000, 0.8660254037844387076, 1.000000000000000000, 0.8660254037844387076, 1.000000000000000000, 0.8660254037844387076, 1.000000000000000000, 0.8660254037844387076, 1.000000000000000000, 0.8660254037844387076, 1.000000000000000000, 0.8660254037844387076, 1.000000000000000000, 0.8660254037844387076, 1.000000000000000000, 0.8660254037844387076, 1.000000000000000000, 0.8660254037844387076, 1.000000000000000000, 0.8660254037844387076, 1.000000000000000000, 0.8660254037844387076, 1.000000000000000000, 0.8660254037844387076, 1.000000000000000000, 0.8660254037844387076, 1.000000000000000000, 0.8660254037844387076, 1.000000000000000000, 0.8660254037844387076, 1.000000000000000000, 0.8660254037844387076, 1.000000000000000000, 0.8660254037844387076, 1.000000000000000000, 0.8660254037844387076, 1.000000000000000000, 0.8660254037844387076, 1.000000000000000000, 0.8660254037844387076, 1.000000000000000000, 0.8660254037844387076, 1.000000000000000000, 0.9611785411045552507, 0.9448554619518763076) ) ) 
 REPRESENTATION_ITEM ( '' )  SURFACE ( )  );
#2347 = CARTESIAN_POINT ( 'NONE',  ( -2.584982137832007985E-06, 3.724962241378532823, 1.699999999996096411 ) ) ;
#2348 = CARTESIAN_POINT ( 'NONE',  ( -0.8499999999999996447, 8.158333331421500745, -1.472243186433545681 ) ) ;
#2349 = CARTESIAN_POINT ( 'NONE',  ( 0.8925405931667211856, 2.386291450442090678, 1.447034809488585427 ) ) ;
#2350 = CARTESIAN_POINT ( 'NONE',  ( 2.078886112500000216, 9.018749999044084475, 0.000000000000000000 ) ) ;
#2351 =( REPRESENTATION_RELATIONSHIP ('NONE','NONE', #4839, #3564 ) REPRESENTATION_RELATIONSHIP_WITH_TRANSFORMATION ( #1786 )SHAPE_REPRESENTATION_RELATIONSHIP( ) );
#2352 = CARTESIAN_POINT ( 'NONE',  ( -0.6943018387771212607, 0.6226412058339022559, -1.551790975534608874 ) ) ;
#2353 = B_SPLINE_CURVE_WITH_KNOTS ( 'NONE', 3,
 ( #4742, #8542, #6736, #7377, #1430, #6602, #2649, #1334, #686, #639, #6086, #2734, #8583, #5391, #3911, #5909, #131, #3992, #3341, #5219, #7854, #5996, #7209, #2688, #5346, #2918, #2868, #7554, #5523, #6778, #4826, #7424, #8067, #6306, #6864, #6131, #7468, #7593, #6908, #5439, #4910, #3604, #5568, #1516, #6821, #6264, #2784, #8154, #908, #4872, #3475, #6175, #174, #8197, #1603, #8109, #953, #304, #2826, #5482, #4211, #1650, #7511, #2960, #5609, #2254, #1473, #4785, #3560, #4172, #865, #2165, #8241, #258, #2298, #1560, #6216, #3518, #2124, #217, #2212, #4257, #996, #4956, #4302, #6952, #3647, #4127, #824, #2471, #3733, #5650, #6390, #427, #5695 ),
 .UNSPECIFIED., .F., .F.,
 ( 4, 2, 2, 2, 2, 2, 2, 2, 2, 2, 2, 2, 2, 1, 2, 2, 2, 2, 2, 2, 2, 2, 2, 1, 2, 2, 2, 2, 2, 2, 2, 2, 1, 1, 2, 2, 2, 2, 1, 1, 2, 1, 1, 2, 2, 2, 2, 2, 2, 1, 2, 4 ),
 ( 0.8627085921398987001, 0.8632516321128239634, 0.8635231520992866505, 0.8637946720857493377, 0.8648807520315999753, 0.8670529119233011395, 0.8681389918691517771, 0.8686820318420770404, 0.8692250718150024147, 0.8713972317067035789, 0.8724833116525542165, 0.8730263516254795908, 0.8731621116187109344, 0.8732978716119422780, 0.8735693915984048541, 0.8757415514901062403, 0.8779137113818075155, 0.8781852313682702027, 0.8784567513547328899, 0.8789997913276581532, 0.8800858712735087908, 0.8803573912599714779, 0.8804931512532028215, 0.8806289112464341651, 0.8811719512193595394, 0.8822580311652101770, 0.8828010711381354403, 0.8833441111110608146, 0.8844301910569114522, 0.8866023509486128384, 0.8876884308944634761, 0.8878241908876948196, 0.8879599508809260522, 0.8882314708673887393, 0.8887745108403141137, 0.8898605907861646402, 0.8899963507793959838, 0.8901321107726273274, 0.8904036307590900146, 0.8909466707320152778, 0.8920327506778660265, 0.8923042706643286026, 0.8924400306575599462, 0.8925079106541756735, 0.8925757906507912898, 0.8931188306237166641, 0.8952909905154179393, 0.8963770704612686879, 0.8969201104341939512, 0.8971916304206566384, 0.8973273904138879820, 0.8974631504071193255 ),
 .UNSPECIFIED. ) ;
#2355 = CARTESIAN_POINT ( 'NONE',  ( 1.653711427954835278, 9.526272418038617573, -0.4149920972301669453 ) ) ;
#2354 = APPLICATION_PROTOCOL_DEFINITION ( 'draft international standard', 'automotive_design', 1998, #3681 ) ;
#2356 = CARTESIAN_POINT ( 'NONE',  ( 1.469876756697720448E-16, 3.726358535790040172, -2.400490913332899545 ) ) ;
#2357 = AXIS2_PLACEMENT_3D ( 'NONE', #3917, #1836, #7822 ) ;
#2358 = ORIENTED_EDGE ( 'NONE', *, *, #2473, .F. ) ;
#2359 = FILL_AREA_STYLE_COLOUR ( '', #8421 ) ;
#2360 = CARTESIAN_POINT ( 'NONE',  ( 2.179449471770337432, 7.500000000000000000, 4.500000000000000000 ) ) ;
#2361 = CARTESIAN_POINT ( 'NONE',  ( 7.504333963386869322E-07, 0.7500109886738215437, 1.699999999999671330 ) ) ;
#2362 = CARTESIAN_POINT ( 'NONE',  ( 0.6153968238410562064, 0.1265932688369320047, 1.584964024188311171 ) ) ;
#2363 = EDGE_CURVE ( 'NONE', #756, #5603, #6234, .T. ) ;
#2364 = CARTESIAN_POINT ( 'NONE',  ( -0.6524471833659949427, 5.780207565340666598, 1.569815563189124186 ) ) ;
#2365 = ADVANCED_FACE ( 'NONE', ( #4186 ), #2840, .F. ) ;
#2366 = CARTESIAN_POINT ( 'NONE',  ( 1.039443056250000330, 4.322916665710733852, -1.800368184999674437 ) ) ;
#2367 = CARTESIAN_POINT ( 'NONE',  ( 1.851081852228480873, 0.000000000000000000, -1.350380739355760751 ) ) ;
#2368 = B_SPLINE_CURVE_WITH_KNOTS ( 'NONE', 3,
 ( #280, #6842, #1257, #8504, #5629, #6525, #8260, #5830, #4529, #8420, #323, #3787, #7777, #2319, #3625, #7618, #2484, #2979, #6441, #566, #1832, #8463, #1913, #5786, #6284, #4485, #1791, #5140, #5871, #6566, #7818, #4979, #7573, #481, #603, #7126, #3222, #1215, #5912, #1174, #1626, #8546, #2567, #5223, #7213, #3260, #1133, #4447, #4936, #4573, #4281, #7171, #3914, #7089, #6932, #3138, #976, #2527, #5181, #3831, #7857, #6481, #521, #3180, #1874, #3873, #1339, #6648, #6093, #6134, #7977, #738, #4702, #3300, #6001, #8588, #5398, #7381, #783, #5956, #2693, #2652, #4087, #5305, #3391, #2082, #39, #6606, #3996, #5350 ),
 .UNSPECIFIED., .F., .F.,
 ( 4, 2, 2, 2, 2, 1, 1, 2, 2, 1, 2, 2, 2, 2, 2, 2, 2, 2, 2, 2, 2, 2, 2, 1, 2, 2, 2, 2, 2, 2, 1, 2, 2, 2, 2, 2, 2, 2, 2, 1, 2, 2, 2, 2, 2, 2, 2, 4 ),
 ( 0.5823652656054379984, 0.5845606691367810637, 0.5856583709024526518, 0.5859327963438705211, 0.5860014027042249607, 0.5860700090645794003, 0.5862072217852883904, 0.5867560726681241290, 0.5889514761994670833, 0.5895003270823028219, 0.5897747525237206911, 0.5900491779651385604, 0.5911468797308100376, 0.5933422832621529919, 0.5938911341449887304, 0.5944399850278244690, 0.5955376867934959462, 0.5966353885591674233, 0.5971842394420031619, 0.5974586648834210312, 0.5977330903248389005, 0.5999284938561818548, 0.6010261956218533319, 0.6013006210632712012, 0.6014378337839801913, 0.6015750465046890705, 0.6021238973875249201, 0.6043193009188678744, 0.6054170026845393515, 0.6056914281259572208, 0.6059658535673750901, 0.6065147044502108287, 0.6087101079815538940, 0.6092589588643896326, 0.6098078097472253711, 0.6109055115128968483, 0.6131009150442399136, 0.6132381277649487927, 0.6133067341253032323, 0.6133753404856577829, 0.6136497659270756522, 0.6141986168099113907, 0.6152963185755828679, 0.6163940203412544561, 0.6169428712240901946, 0.6170800839447990738, 0.6172172966655080639, 0.6174917221069259332 ),
 .UNSPECIFIED. ) ;
#2369 = ORIENTED_EDGE ( 'NONE', *, *, #3836, .T. ) ;
#2370 = CARTESIAN_POINT ( 'NONE',  ( 2.078886112500000216, 9.806249999044084120, 0.000000000000000000 ) ) ;
#2371 = CARTESIAN_POINT ( 'NONE',  ( 1.108772990672425296, 1.197240411731814502, -1.293281891403315287 ) ) ;
#2372 = CARTESIAN_POINT ( 'NONE',  ( -0.6280737699325700252, 9.981896898141879859, 1.600372355103214961 ) ) ;
#2373 = CARTESIAN_POINT ( 'NONE',  ( -1.258464456486962924, 9.066900037048448269, -1.143204948590668124 ) ) ;
#2374 = CARTESIAN_POINT ( 'NONE',  ( -0.1893216842639281194, 7.212011650880866043, 1.689508416667744539 ) ) ;
#2375 = CARTESIAN_POINT ( 'NONE',  ( -1.669001253811839502, 0.07030411380878262562, 0.3239857276609754422 ) ) ;
#2376 = CARTESIAN_POINT ( 'NONE',  ( -1.768268761750598772, 0.5021021397782393647, 0.6849610863760308144 ) ) ;
#2377 = CARTESIAN_POINT ( 'NONE',  ( 2.078886112499999772, 3.564583332377418312, -1.200245456666449329 ) ) ;
#2378 = CARTESIAN_POINT ( 'NONE',  ( -0.9852449458281503647, 7.643563736621784344, -1.386487672960038386 ) ) ;
#2379 = CARTESIAN_POINT ( 'NONE',  ( 1.699999999999999956, 0.9833333314215022547, -0.9814954576223635652 ) ) ;
#2380 = CARTESIAN_POINT ( 'NONE',  ( 0.1761037707840450162, 1.962914436923477002, -1.690861308381246486 ) ) ;
#2381 = VERTEX_POINT ( 'NONE', #4799 ) ;
#2382 = CARTESIAN_POINT ( 'NONE',  ( 0.9022161419379635117, 4.486988433279385902, 1.440890816816564168 ) ) ;
#2383 = CARTESIAN_POINT ( 'NONE',  ( -2.966664951328131128, 3.021034482758621298, -5.087985294887771737 ) ) ;
#2384 = CARTESIAN_POINT ( 'NONE',  ( -1.699999999999999289, 6.991666666666666252, -0.9814954576223643423 ) ) ;
#2385 = CARTESIAN_POINT ( 'NONE',  ( 2.078886112499999772, 3.564583332377418312, -1.200245456666449329 ) ) ;
#2386 = CARTESIAN_POINT ( 'NONE',  ( 9.639578968089462183E-08, 1.974999679798601804, -1.699999999999996625 ) ) ;
#2387 = CARTESIAN_POINT ( 'NONE',  ( 2.078886112499999772, 4.877083332377416980, -1.200245456666449329 ) ) ;
#2388 = CARTESIAN_POINT ( 'NONE',  ( -1.699621316494273948, 8.452886630219179409, 0.04496493666709732578 ) ) ;
#2389 = CARTESIAN_POINT ( 'NONE',  ( -1.685889031024374152, 1.463584150267034145, 0.2187659042411149168 ) ) ;
#2390 = ORIENTED_EDGE ( 'NONE', *, *, #3577, .T. ) ;
#2391 = CARTESIAN_POINT ( 'NONE',  ( 1.623235140465616677, 3.933650112405203458, -0.5217642589624698068 ) ) ;
#2392 = CARTESIAN_POINT ( 'NONE',  ( -0.8500000000000007550, 10.49166666475483467, 1.472243186433545237 ) ) ;
#2393 = CARTESIAN_POINT ( 'NONE',  ( 1.529221081355835121, 2.449323974209416832, 0.7512547683095531781 ) ) ;
#2394 = CARTESIAN_POINT ( 'NONE',  ( -2.078886112499999772, 8.610416665710751261, -1.200245456666450439 ) ) ;
#2395 = CARTESIAN_POINT ( 'NONE',  ( -1.636499672301244601, 0.7795371008743035013, 0.4603093996848866554 ) ) ;
#2397 = CARTESIAN_POINT ( 'NONE',  ( 0.003446686408370748696, 8.274763904892388666, -1.700000016753461241 ) ) ;
#2396 =( NAMED_UNIT ( * ) PLANE_ANGLE_UNIT ( ) SI_UNIT ( $, .RADIAN. ) );
#2398 = CARTESIAN_POINT ( 'NONE',  ( 2.078886112499999328, 2.793025202456706602, 1.200245456666450661 ) ) ;
#2399 = VERTEX_POINT ( 'NONE', #2226 ) ;
#2400 = DIRECTION ( 'NONE',  ( 0.000000000000000000, 0.000000000000000000, 1.000000000000000000 ) ) ;
#2401 = CARTESIAN_POINT ( 'NONE',  ( 0.4555127164322665956, 5.268739321470267356, -1.700000525793260664 ) ) ;
#2402 = CARTESIAN_POINT ( 'NONE',  ( 0.6420792011128025889, 0.1281502747533909414, 1.574343834193458136 ) ) ;
#2403 = DIRECTION ( 'NONE',  ( -0.000000000000000000, -1.000000000000000000, -0.000000000000000000 ) ) ;
#2404 = B_SPLINE_CURVE_WITH_KNOTS ( 'NONE', 3,
 ( #4468, #1154, #3814, #2507, #5163, #5892, #7800, #8528, #2589, #5245, #7882, #1939, #2675, #5327, #6762, #7406, #8094, #160, #7958, #3458, #8569, #4155, #1500, #671, #5935, #8000, #765, #2020, #4680, #4111, #7361, #1367, #3326, #4726, #7919, #1977, #2634, #5288, #805, #1414, #4634, #7272, #1318, #7315, #6675, #3976, #2811, #6630, #3416, #624, #68, #2149, #5467, #4022, #717, #5981, #6117, #5423, #112, #21, #4066, #3370, #6024, #2716, #5373, #2062, #6718, #8051, #6069, #2766, #1459, #4813, #2109, #4771, #7450, #3281, #4287, #6250, #6202, #2284, #4942, #5678, #4197, #7496, #286, #6292, #2374, #3631, #3672, #7663, #851, #4328 ),
 .UNSPECIFIED., .F., .F.,
 ( 4, 2, 2, 1, 2, 2, 1, 2, 1, 1, 2, 2, 2, 2, 2, 1, 1, 2, 2, 2, 2, 2, 1, 2, 2, 2, 2, 2, 2, 2, 2, 2, 2, 2, 2, 2, 1, 2, 2, 2, 2, 2, 2, 2, 2, 2, 2, 2, 2, 4 ),
 ( 0.6874849201340138549, 0.6896568849653778033, 0.6918288497967416406, 0.6921003454006621203, 0.6922360932026223601, 0.6923718410045825999, 0.6929148322124236703, 0.6940008146281055890, 0.6945438058359465483, 0.6946795536379067881, 0.6947474275388869636, 0.6948153014398670280, 0.6950867970437875076, 0.6961727794594694263, 0.6967157706673103856, 0.6969872662712308653, 0.6971230140731911051, 0.6971908879741711695, 0.6972587618751513450, 0.6983447442908332636, 0.7005167091221969899, 0.7016026915378789086, 0.7018741871417993883, 0.7020099349437596281, 0.7021456827457198679, 0.7026886739535608273, 0.7037746563692427459, 0.7043176475770837053, 0.7045891431810041849, 0.7048606387849246646, 0.7059466212006065833, 0.7064896124084474316, 0.7067611080123679113, 0.7070326036162883909, 0.7092045684476522283, 0.7113765332790160656, 0.7116480288829365453, 0.7117837766848967851, 0.7119195244868570249, 0.7124625156946979843, 0.7135484981103799029, 0.7157204629417437403, 0.7162634541495846996, 0.7168064453574256589, 0.7178924277731075776, 0.7200643926044714149, 0.7211503750201533336, 0.7214218706240738133, 0.7216933662279942929, 0.7222363574358352523 ),
 .UNSPECIFIED. ) ;
#2405 = CARTESIAN_POINT ( 'NONE',  ( 2.078886112499999772, 5.547916665710732609, 1.200245456666450883 ) ) ;
#2406 = CARTESIAN_POINT ( 'NONE',  ( 1.149228370392778809, 0.000000000000000000, -2.075173705895811516 ) ) ;
#2407 = VERTEX_POINT ( 'NONE', #1011 ) ;
#2408 = CARTESIAN_POINT ( 'NONE',  ( 0.8500000000000001998, 1.741666664754835558, -1.472243186433545459 ) ) ;
#2409 = DIRECTION ( 'NONE',  ( -0.4876598490941711495, -0.7241379310344820963, -0.4876598490941711495 ) ) ;
#2410 = ADVANCED_FACE ( 'NONE', ( #4885 ), #8081, .F. ) ;
#2411 = CARTESIAN_POINT ( 'NONE',  ( 1.469876756697720448E-16, 0.7937499990440844977, -2.400490913332899545 ) ) ;
#2412 = CARTESIAN_POINT ( 'NONE',  ( -1.588249326680941209, 9.109728336988766273, -0.6087940001204771301 ) ) ;
#2413 = CARTESIAN_POINT ( 'NONE',  ( 2.078886112499988670, 2.660416665710744866, 1.200245456666444444 ) ) ;
#2414 = CARTESIAN_POINT ( 'NONE',  ( -1.672964490172294205, 0.06889182594676769578, 0.3026588786547058652 ) ) ;
#2415 = CARTESIAN_POINT ( 'NONE',  ( -1.553379819110747739, 0.5019931919831955858, 1.184551953861844087 ) ) ;
#2416 = CARTESIAN_POINT ( 'NONE',  ( -2.078886112499999772, 5.197916665710750728, -1.200245456666450439 ) ) ;
#2417 = CARTESIAN_POINT ( 'NONE',  ( -1.698767071282715868, 7.753901632055544724, 0.06493533401830264840 ) ) ;
#2418 = CARTESIAN_POINT ( 'NONE',  ( 0.9643235391370327259, 7.991721478375998444, 1.400287589944023470 ) ) ;
#2419 = CARTESIAN_POINT ( 'NONE',  ( 1.689990097561204108, 1.788684989849563589, 0.1845963911395902546 ) ) ;
#2420 = AXIS2_PLACEMENT_3D ( 'NONE', #1349, #6, #1264 ) ;
#2421 = VERTEX_POINT ( 'NONE', #839 ) ;
#2422 = CARTESIAN_POINT ( 'NONE',  ( 0.4871985354752317865, 7.258362021349810789, 1.629185841002744439 ) ) ;
#2423 = CARTESIAN_POINT ( 'NONE',  ( 1.550462371554166552, 4.553431678605456945, 0.6972109503909544870 ) ) ;
#2424 = CARTESIAN_POINT ( 'NONE',  ( 0.000000000000000000, 0.000000000000000000, 0.000000000000000000 ) ) ;
#2425 = DIRECTION ( 'NONE',  ( 0.000000000000000000, -1.000000000000000000, 0.000000000000000000 ) ) ;
#2426 = CARTESIAN_POINT ( 'NONE',  ( -0.8500000000000007550, 7.166666666666666075, 1.472243186433545237 ) ) ;
#2427 = CARTESIAN_POINT ( 'NONE',  ( 2.078886112499999772, 4.264583332377417157, -1.200245456666449329 ) ) ;
#2428 = CARTESIAN_POINT ( 'NONE',  ( -0.4524763736380243428, 2.006047290456599352, -1.638714644365685924 ) ) ;
#2429 = CARTESIAN_POINT ( 'NONE',  ( -2.078886112500000216, 5.227083332377417513, 1.200245456666449106 ) ) ;
#2430 = CARTESIAN_POINT ( 'NONE',  ( -1.146325225391046754, 8.356331998980383702, -1.255441957387227525 ) ) ;
#2431 = CARTESIAN_POINT ( 'NONE',  ( -1.699946116654775796, 1.443562835505872055, -0.1092541130384600823 ) ) ;
#2432 = VERTEX_POINT ( 'NONE', #4142 ) ;
#2433 = CARTESIAN_POINT ( 'NONE',  ( 0.5002311347968315669, 3.759327791474416092, 1.625258918681820042 ) ) ;
#2434 = CARTESIAN_POINT ( 'NONE',  ( -0.8500000000000007550, 9.091666664754834315, 1.472243186433545237 ) ) ;
#2435 = CIRCLE ( 'NONE', #4796, 0.1000000000000001443 ) ;
#2436 = CARTESIAN_POINT ( 'NONE',  ( 0.1983170051964664449, 2.338493390119461335, 1.688631538979701974 ) ) ;
#2437 = CARTESIAN_POINT ( 'NONE',  ( 2.078886112499999328, 6.860416665710750372, 1.200245456666450661 ) ) ;
#2438 = CARTESIAN_POINT ( 'NONE',  ( -1.553287254538506579, 0.7039044915099196276, -0.6908810778176851519 ) ) ;
#2440 = CARTESIAN_POINT ( 'NONE',  ( 0.6112797536522823760, 8.233051774769858611, -1.587249068015768483 ) ) ;
#2439 = CARTESIAN_POINT ( 'NONE',  ( -217.8665543373767832, 23.69099966255771506, 103.6255925512818976 ) ) ;
#2441 = CARTESIAN_POINT ( 'NONE',  ( 2.078886112499999772, 3.609691869123373920, -1.200245456666449329 ) ) ;
#2442 = EDGE_LOOP ( 'NONE', ( #5414, #1408, #4105, #400 ) ) ;
#2443 = ADVANCED_FACE ( 'NONE', ( #6793 ), #1577, .F. ) ;
#2444 = CARTESIAN_POINT ( 'NONE',  ( 0.000000000000000000, 1.890482217611112015, 0.000000000000000000 ) ) ;
#2445 = CARTESIAN_POINT ( 'NONE',  ( 1.699999999999999956, 5.124999998088168418, 0.000000000000000000 ) ) ;
#2446 = CARTESIAN_POINT ( 'NONE',  ( 0.1636455037549217340, 0.2362301519285313900, 1.692186401048060951 ) ) ;
#2447 = DIRECTION ( 'NONE',  ( 0.7071067811865475727, -3.056747976430751789E-16, -0.7071067811865475727 ) ) ;
#2448 = CARTESIAN_POINT ( 'NONE',  ( 1.039443056249998776, 7.589583332377400460, 1.800368184999675547 ) ) ;
#2449 = CARTESIAN_POINT ( 'NONE',  ( -2.760634352404035319, 2.688821387764050996E-14, -0.1070697791619996397 ) ) ;
#2450 = VERTEX_POINT ( 'NONE', #6881 ) ;
#2451 = CARTESIAN_POINT ( 'NONE',  ( 1.201985270554894323E-16, 3.199999998088168596, -1.962990915244727130 ) ) ;
#2452 = CARTESIAN_POINT ( 'NONE',  ( 0.6484604936223632432, 1.230733631745535073, -1.572329876708880469 ) ) ;
#2453 = EDGE_CURVE ( 'NONE', #6450, #4701, #8475, .T. ) ;
#2454 = CARTESIAN_POINT ( 'NONE',  ( 1.039443056250000330, 2.135416665710751616, -1.800368184999674215 ) ) ;
#2455 = CARTESIAN_POINT ( 'NONE',  ( -1.039443056249994113, 5.052083332377411473, -1.800368184999665333 ) ) ;
#2456 = PRODUCT ( 'Base_Link_KitV2', 'Base_Link_KitV2', '', ( #7730 ) ) ;
#2457 = CARTESIAN_POINT ( 'NONE',  ( -1.687962831450644297, 0.03757496166911562102, -0.2020786784578364748 ) ) ;
#2458 = CARTESIAN_POINT ( 'NONE',  ( -1.826252800446919844, 0.5017346561287912010, -0.006654934823534019994 ) ) ;
#2459 = CARTESIAN_POINT ( 'NONE',  ( 2.078886112500000216, 7.006249999044084298, 0.000000000000000000 ) ) ;
#2460 = B_SPLINE_CURVE_WITH_KNOTS ( 'NONE', 3,
 ( #3654, #5011, #8250, #961, #4965, #2352, #6273, #6313, #6398, #7647, #2307, #3613, #5743, #1785, #5616, #3783, #7002, #3742, #3133, #8373, #2264, #4920, #352, #6437, #1699, #434, #7042, #5782, #1046, #7562, #2438, #312, #4442, #3697, #393, #1127, #6960, #7602, #476, #1613, #4265, #6917, #2968, #1658, #3010, #4310, #4352, #6355, #3052, #5705, #2395, #5053, #7687, #1741, #4396, #1088, #7167, #3868, #3295, #3339, #5218, #2648, #1211, #1953, #4609, #3254, #1291, #1169, #4525, #2563, #7814, #561, #7249, #4568, #8541, #7773, #3950, #6561, #598, #4651, #5301, #4480, #7121, #1825, #7853, #5907, #7931 ),
 .UNSPECIFIED., .F., .F.,
 ( 4, 2, 2, 1, 1, 2, 2, 2, 2, 2, 2, 2, 2, 2, 2, 2, 2, 1, 1, 2, 2, 2, 2, 1, 1, 2, 2, 2, 2, 2, 2, 2, 2, 2, 1, 1, 2, 2, 2, 2, 2, 1, 2, 2, 2, 2, 2, 4 ),
 ( 0.05754899980160734646, 0.05976757871009243106, 0.06198615761857751566, 0.06226347998213815210, 0.06240214116391847726, 0.06247147175480863984, 0.06254080234569879548, 0.06309544707282008225, 0.06420473652706265577, 0.06531402598130522930, 0.06586867070842651606, 0.06614599307198716638, 0.06642331543554780282, 0.06864189434403282497, 0.06975118379827532911, 0.07030582852539658811, 0.07037515911628673682, 0.07044448970717689940, 0.07058315088895721068, 0.07086047325251784712, 0.07307905216100292478, 0.07418834161524545667, 0.07432700279702576796, 0.07446566397880607924, 0.07474298634236672956, 0.07529763106948798856, 0.07751620997797306623, 0.07807085470509432523, 0.07834817706865496167, 0.07862549943221558424, 0.07973478888645811613, 0.08195336779494316604, 0.08202269838583332862, 0.08209202897672349120, 0.08223069015850380248, 0.08250801252206443892, 0.08306265724918571181, 0.08417194670342825757, 0.08528123615767081722, 0.08583588088479209011, 0.08597454206657240139, 0.08611320324835272655, 0.08639052561191337687, 0.08860910452039849616, 0.08971839397464106969, 0.09027303870176234257, 0.09082768342888364321, 0.09304626233736877639 ),
 .UNSPECIFIED. ) ;
#2461 = CARTESIAN_POINT ( 'NONE',  ( -1.699127048206171775, 7.753281660801599529, 0.05471228502544136368 ) ) ;
#2462 = CARTESIAN_POINT ( 'NONE',  ( 0.4781182957289999425, 1.942219109401746469, -1.635894060109793990 ) ) ;
#2463 = EDGE_LOOP ( 'NONE', ( #1080, #6197, #106, #7218, #2126, #5819, #3960, #8303, #208, #4508, #7904, #7311, #8283, #1851, #1684, #356, #4778, #1450, #5918, #437, #5849, #7137, #8470, #3778, #8199, #3015, #737, #1069, #2102, #2708, #664, #2334, #2358 ) ) ;
#2464 = CARTESIAN_POINT ( 'NONE',  ( 0.2836184357117503274, 4.444359710517820972, 1.679480266053737791 ) ) ;
#2465 = EDGE_CURVE ( 'NONE', #3969, #2586, #2973, .T. ) ;
#2466 = CARTESIAN_POINT ( 'NONE',  ( -1.323536773043472614, 2.773653316448608130, -1.067216262971931950 ) ) ;
#2467 = DIRECTION ( 'NONE',  ( 0.000000000000000000, 0.000000000000000000, 1.000000000000000000 ) ) ;
#2468 = CARTESIAN_POINT ( 'NONE',  ( 0.8500000000000001998, 9.616666666666665364, -1.472243186433545459 ) ) ;
#2469 = CARTESIAN_POINT ( 'NONE',  ( 1.039443056249998776, 4.789583332377417513, 1.800368184999675325 ) ) ;
#2470 = CARTESIAN_POINT ( 'NONE',  ( -1.039443056249999664, 7.852083332377418401, -1.800368184999674437 ) ) ;
#2471 = CARTESIAN_POINT ( 'NONE',  ( 0.1035738591893042432, 8.967901789503462950, -1.696956594115907047 ) ) ;
#2472 = CARTESIAN_POINT ( 'NONE',  ( 4.985102807365161759, 3.000000000000000000, -4.985102807365159983 ) ) ;
#2473 = EDGE_CURVE ( 'NONE', #4675, #3353, #3546, .T. ) ;
#2474 = EDGE_LOOP ( 'NONE', ( #5458, #5829, #3838, #542 ) ) ;
#2475 = CARTESIAN_POINT ( 'NONE',  ( 0.6466984377191189459, 3.769206319074594358, 1.573115258741229150 ) ) ;
#2476 = AXIS2_PLACEMENT_3D ( 'NONE', #439, #4358, #4971 ) ;
#2477 = CARTESIAN_POINT ( 'NONE',  ( -1.699999999999999956, 10.37499999808816931, -2.081899558550500280E-16 ) ) ;
#2478 = CARTESIAN_POINT ( 'NONE',  ( -4.499999999999998224, 7.633700821002010528, -2.179449471770337432 ) ) ;
#2479 = CARTESIAN_POINT ( 'NONE',  ( 1.699999999999999289, 2.966666664754835647, 0.9814954576223646754 ) ) ;
#2480 = LINE ( 'NONE', #1908, #5537 ) ;
#2481 = CARTESIAN_POINT ( 'NONE',  ( 0.009375108358472834802, 8.274357126421882924, -1.699980525860850245 ) ) ;
#2482 = CARTESIAN_POINT ( 'NONE',  ( -4.409630270093162085E-16, 8.276358535790039994, 2.400490913332899545 ) ) ;
#2483 = ORIENTED_EDGE ( 'NONE', *, *, #7615, .T. ) ;
#2484 = CARTESIAN_POINT ( 'NONE',  ( 0.9846221917702082660, 5.893305196876886143, 1.386296092809161662 ) ) ;
#2485 = CARTESIAN_POINT ( 'NONE',  ( 0.8499999999999988676, 8.508333331421500390, 1.472243186433546347 ) ) ;
#2486 = CARTESIAN_POINT ( 'NONE',  ( 0.4555127489940813956, 4.981260676940704180, 1.700000506993688099 ) ) ;
#2487 = CARTESIAN_POINT ( 'NONE',  ( -8.935751463362463047E-06, 0.08902073592286227632, 1.699992858970812426 ) ) ;
#2488 = CARTESIAN_POINT ( 'NONE',  ( -0.5304648994321241595, 0.5016453958489480724, 2.009765616840159641 ) ) ;
#2489 = VECTOR ( 'NONE', #4881, 1000.000000000000000 ) ;
#2490 = CARTESIAN_POINT ( 'NONE',  ( -4.409630270093162085E-16, 9.631249999044063870, 2.400490913332899545 ) ) ;
#2491 = ORIENTED_EDGE ( 'NONE', *, *, #5913, .F. ) ;
#2492 = ORIENTED_EDGE ( 'NONE', *, *, #3901, .F. ) ;
#2493 = CARTESIAN_POINT ( 'NONE',  ( 0.8499999999999988676, 1.508333331421502388, 1.472243186433546347 ) ) ;
#2494 = LINE ( 'NONE', #8345, #4225 ) ;
#2495 = CARTESIAN_POINT ( 'NONE',  ( -4.409630270093162085E-16, 2.543749999044083943, 2.400490913332899545 ) ) ;
#2496 = CARTESIAN_POINT ( 'NONE',  ( -0.3782413650744686495, 9.999043239276860007, 1.657387543576087863 ) ) ;
#2497 = CARTESIAN_POINT ( 'NONE',  ( -1.039443056249995445, 3.185416665710745221, 1.800368184999665111 ) ) ;
#2498 = DIRECTION ( 'NONE',  ( -0.7071067811865473507, 0.000000000000000000, 0.7071067811865477948 ) ) ;
#2499 = CARTESIAN_POINT ( 'NONE',  ( 7.252000366886313998, 3.176175380897988898, -2.435362535369390624 ) ) ;
#2500 = CARTESIAN_POINT ( 'NONE',  ( -4.409630270093162085E-16, 8.231249999044084831, 2.400490913332899545 ) ) ;
#2501 = CARTESIAN_POINT ( 'NONE',  ( 9.368548013477252244E-16, 1.890482217611112015, 7.650000000000000355 ) ) ;
#2502 = CARTESIAN_POINT ( 'NONE',  ( 1.699999999999999956, 3.724999998088168507, 0.000000000000000000 ) ) ;
#2503 = CARTESIAN_POINT ( 'NONE',  ( -0.8117813191907164994, 6.469321989828475061, 1.493727210107767878 ) ) ;
#2504 = VERTEX_POINT ( 'NONE', #360 ) ;
#2505 = CARTESIAN_POINT ( 'NONE',  ( 0.8620589029443727069, 4.484151266389943657, 1.465240338374325102 ) ) ;
#2506 = FACE_OUTER_BOUND ( 'NONE', #7344, .T. ) ;
#2507 = CARTESIAN_POINT ( 'NONE',  ( -0.5033501567759175455, 6.909452652119754568, -1.627860611473441299 ) ) ;
#2508 = AXIS2_PLACEMENT_3D ( 'NONE', #8264, #6200, #4811 ) ;
#2509 = EDGE_CURVE ( 'NONE', #3820, #7471, #970, .T. ) ;
#2510 = CARTESIAN_POINT ( 'NONE',  ( -0.5148433155038110165, 0.5263739223841743531, -0.1239967222645994988 ) ) ;
#2511 = CARTESIAN_POINT ( 'NONE',  ( 1.039443056250000330, 8.435416665710752326, -1.800368184999674215 ) ) ;
#2512 = CARTESIAN_POINT ( 'NONE',  ( -1.557733441574822297, 8.404560405673985102, -0.6822651663531142940 ) ) ;
#2513 = LINE ( 'NONE', #5167, #3205 ) ;
#2514 = CARTESIAN_POINT ( 'NONE',  ( -0.9605621129226891153, 4.141605997880209777, -1.402871334274903292 ) ) ;
#2515 = EDGE_CURVE ( 'NONE', #8085, #3319, #3620, .T. ) ;
#2516 = VERTEX_POINT ( 'NONE', #4972 ) ;
#2517 = CARTESIAN_POINT ( 'NONE',  ( 1.627568245680221626, 3.868332501510232557, 0.4909534733387909133 ) ) ;
#2518 = CARTESIAN_POINT ( 'NONE',  ( 1.699236830271675824, 3.191533325518993713, 0.1391112929853435543 ) ) ;
#2519 = CARTESIAN_POINT ( 'NONE',  ( 1.859289970458966934, 1.016439536705160407E-17, 0.9299506839053650609 ) ) ;
#2520 = CARTESIAN_POINT ( 'NONE',  ( -4.934344465946485236, 3.000000000000000000, -4.751288740056038407 ) ) ;
#2521 = CARTESIAN_POINT ( 'NONE',  ( -0.8500000000000007550, 0.8666666666666665853, 1.472243186433545237 ) ) ;
#2522 = CARTESIAN_POINT ( 'NONE',  ( 5.036781010732885200, 4.909999999999999254, 2.915460667173241482 ) ) ;
#2523 = CARTESIAN_POINT ( 'NONE',  ( 0.000000000000000000, 1.500000000000000444, 0.000000000000000000 ) ) ;
#2524 = CARTESIAN_POINT ( 'NONE',  ( 1.039443056249998776, 7.634691869123373387, 1.800368184999675325 ) ) ;
#2525 = AXIS2_PLACEMENT_3D ( 'NONE', #7481, #6190, #5541 ) ;
#2526 = ORIENTED_EDGE ( 'NONE', *, *, #6927, .F. ) ;
#2527 = CARTESIAN_POINT ( 'NONE',  ( 1.408449241089300807, 6.066588682496512952, -0.9525789306208694018 ) ) ;
#2528 = DIRECTION ( 'NONE',  ( -0.000000000000000000, 1.000000000000000000, -0.000000000000000000 ) ) ;
#2529 = DIRECTION ( 'NONE',  ( -0.000000000000000000, 1.000000000000000000, -0.000000000000000000 ) ) ;
#2530 = CARTESIAN_POINT ( 'NONE',  ( 0.2629709717587591089, 0.5569733797951796905, -1.680632488760835930 ) ) ;
#2531 = CARTESIAN_POINT ( 'NONE',  ( -0.6037927662666390249, 0.5016224692456886514, 1.981453747015691658 ) ) ;
#2532 = CARTESIAN_POINT ( 'NONE',  ( -4.409630270093162085E-16, 8.931249999044066357, 2.400490913332899545 ) ) ;
#2533 = EDGE_LOOP ( 'NONE', ( #176, #4656, #1093, #1617 ) ) ;
#2534 = EDGE_CURVE ( 'NONE', #3105, #2099, #1043, .T. ) ;
#2535 = VERTEX_POINT ( 'NONE', #2135 ) ;
#2536 = CARTESIAN_POINT ( 'NONE',  ( -1.700000000000000400, 0.6333333314215022769, 0.9814954576223632321 ) ) ;
#2537 = DIRECTION ( 'NONE',  ( 0.000000000000000000, 0.000000000000000000, 1.000000000000000000 ) ) ;
#2538 = CARTESIAN_POINT ( 'NONE',  ( -1.056774650472241506, 0.4760732012484060194, -1.331987890308470757 ) ) ;
#2539 = CARTESIAN_POINT ( 'NONE',  ( -2.078886112499989114, 3.768749999044078258, -2.545901223464995885E-16 ) ) ;
#2540 = CARTESIAN_POINT ( 'NONE',  ( 1.873810884940545013E-06, 0.9250273915134427094, 1.699999999997947375 ) ) ;
#2541 = CARTESIAN_POINT ( 'NONE',  ( 7.252000366886311333, 3.200000000000000178, -2.435362535369390180 ) ) ;
#2542 = CARTESIAN_POINT ( 'NONE',  ( -2.078886112500000216, 6.656249999044083765, -2.545901223465009197E-16 ) ) ;
#2543 = CARTESIAN_POINT ( 'NONE',  ( -1.298383304023724705, 7.829371820438444374, 1.105705034364324657 ) ) ;
#2544 = CARTESIAN_POINT ( 'NONE',  ( 3.976120838953075776, 4.910000000000000142, -3.976120838953050907 ) ) ;
#2545 = CARTESIAN_POINT ( 'NONE',  ( -0.01934893101946472127, 8.673617379884035472E-16, -1.296336291621882131 ) ) ;
#2546 = ORIENTED_EDGE ( 'NONE', *, *, #2788, .F. ) ;
#2547 = CARTESIAN_POINT ( 'NONE',  ( 1.369040970721232986, 4.528779581978855440, 1.009663738024623170 ) ) ;
#2548 = CARTESIAN_POINT ( 'NONE',  ( -0.5532089221153235759, 2.712965339887210892, -1.607527176504460975 ) ) ;
#2549 = DIRECTION ( 'NONE',  ( 0.000000000000000000, 0.000000000000000000, 1.000000000000000000 ) ) ;
#2550 = CARTESIAN_POINT ( 'NONE',  ( -0.3398535801504165010, 0.5099802367898549349, 0.7462162759170558601 ) ) ;
#2551 = CARTESIAN_POINT ( 'NONE',  ( -1.039443056249999664, 5.752083332377417868, -1.800368184999674437 ) ) ;
#2552 = CARTESIAN_POINT ( 'NONE',  ( -2.331218669170723198E-08, 6.524999657399159325, 1.699999999999999734 ) ) ;
#2553 = CARTESIAN_POINT ( 'NONE',  ( -0.4678412338712926166, 4.807101989972203171, -1.634832964199222749 ) ) ;
#2554 = CARTESIAN_POINT ( 'NONE',  ( -1.202094355373746426, 4.161194905080345841, -1.205245249171746469 ) ) ;
#2555 = ORIENTED_EDGE ( 'NONE', *, *, #688, .T. ) ;
#2556 = CARTESIAN_POINT ( 'NONE',  ( 1.583016621288400705, 3.858992002870911264, 0.6203735245230027617 ) ) ;
#2557 = CARTESIAN_POINT ( 'NONE',  ( 0.000000000000000000, -0.3000000000000027645, 0.000000000000000000 ) ) ;
#2558 = CARTESIAN_POINT ( 'NONE',  ( 4.433344562587834048, 2.048942590553171961, 2.312024219028189886 ) ) ;
#2559 = CARTESIAN_POINT ( 'NONE',  ( -0.07725469203078688674, 0.08416215287830750014, 1.699999996324209617 ) ) ;
#2560 = ADVANCED_FACE ( 'NONE', ( #3216 ), #8298, .T. ) ;
#2561 = DIRECTION ( 'NONE',  ( 0.000000000000000000, 0.000000000000000000, -1.000000000000000000 ) ) ;
#2562 = FACE_OUTER_BOUND ( 'NONE', #2910, .T. ) ;
#2563 = CARTESIAN_POINT ( 'NONE',  ( -0.9951142140058979457, 0.8561134453868018968, 1.378529869059760049 ) ) ;
#2564 = CARTESIAN_POINT ( 'NONE',  ( 0.7602604018086343007, 8.222826341890110413, -1.521378367604468096 ) ) ;
#2565 = CARTESIAN_POINT ( 'NONE',  ( -2.078886112499999772, 5.943025202456706069, -1.200245456666450439 ) ) ;
#2566 = ORIENTED_EDGE ( 'NONE', *, *, #7559, .F. ) ;
#2567 = CARTESIAN_POINT ( 'NONE',  ( 1.691926686989034145, 6.010383960693184591, -0.1660402397681734199 ) ) ;
#2568 = EDGE_CURVE ( 'NONE', #1551, #2432, #3331, .T. ) ;
#2569 = LINE ( 'NONE', #7130, #5797 ) ;
#2570 = CARTESIAN_POINT ( 'NONE',  ( 1.127853671233097765, 0.4952741433049423492, -1.273174390565515957 ) ) ;
#2571 = CARTESIAN_POINT ( 'NONE',  ( -2.312024219028190775, 5.951057409446828039, -4.433344562587832272 ) ) ;
#2572 = ADVANCED_FACE ( 'NONE', ( #5905 ), #5119, .T. ) ;
#2573 = EDGE_LOOP ( 'NONE', ( #641, #8040, #2546, #7817 ) ) ;
#2574 = ORIENTED_EDGE ( 'NONE', *, *, #133, .F. ) ;
#2575 = CARTESIAN_POINT ( 'NONE',  ( 1.201985270554894323E-16, 0.3999999980881689399, -1.962990915244727130 ) ) ;
#2576 = DIRECTION ( 'NONE',  ( -0.000000000000000000, -1.000000000000000000, -0.000000000000000000 ) ) ;
#2577 = CARTESIAN_POINT ( 'NONE',  ( -1.360062156219653762, 9.222310154342105548, 1.020408976572961590 ) ) ;
#2578 = CARTESIAN_POINT ( 'NONE',  ( -2.078886112499990002, 5.927083332377411473, 1.200245456666443111 ) ) ;
#2579 = CARTESIAN_POINT ( 'NONE',  ( -1.301580281463972089, 2.228595870558990111, 1.093659096920566176 ) ) ;
#2580 = FACE_OUTER_BOUND ( 'NONE', #2932, .T. ) ;
#2581 = DIRECTION ( 'NONE',  ( -0.000000000000000000, -1.000000000000000000, -0.000000000000000000 ) ) ;
#2582 = CARTESIAN_POINT ( 'NONE',  ( -2.078886112500000216, 8.756249999044083410, -2.545901223465009197E-16 ) ) ;
#2583 = DIRECTION ( 'NONE',  ( 0.000000000000000000, 1.000000000000000000, -0.000000000000000000 ) ) ;
#2584 = CARTESIAN_POINT ( 'NONE',  ( 2.192314546146025389, 7.763919350724530766, 4.555805433952621719 ) ) ;
#2585 = CARTESIAN_POINT ( 'NONE',  ( -0.3782709713414319497, 10.19999999999999929, 1.657534295414817338 ) ) ;
#2586 = VERTEX_POINT ( 'NONE', #1166 ) ;
#2587 = CARTESIAN_POINT ( 'NONE',  ( 0.3307849497486336499, 4.752295122027021534, -1.668777320636929185 ) ) ;
#2588 = CARTESIAN_POINT ( 'NONE',  ( -1.225637776723644823, 2.936386383198087646, 1.178324585004904446 ) ) ;
#2589 = CARTESIAN_POINT ( 'NONE',  ( -0.7180763718602772849, 6.924279492781563405, -1.540905339846156963 ) ) ;
#2590 = CARTESIAN_POINT ( 'NONE',  ( -0.1269574324023239054, 0.5104183959581231056, 0.8656819415907390791 ) ) ;
#2591 = CARTESIAN_POINT ( 'NONE',  ( 2.078886112499999772, 6.977083332377417513, -1.200245456666449329 ) ) ;
#2592 = CARTESIAN_POINT ( 'NONE',  ( -0.3782517559801116813, 10.06602900412850410, 1.657385172220978253 ) ) ;
#2593 = CARTESIAN_POINT ( 'NONE',  ( 4.400384907664998124, 6.000000000000000000, -2.279064564105333979 ) ) ;
#2594 = B_SPLINE_SURFACE_WITH_KNOTS ( 'NONE', 1, 3, ( 
 ( #5200, #1272, #6582, #2545, #620, #3276, #7877, #5929, #2630, #4547, #4016, #6669, #711, #3363, #1850, #4505, #7148, #1193, #3850, #6501, #7836, #3199, #1890, #844, #2141, #3408, #1492, #1447, #6109, #6195, #2892, #6799, #4849, #2186, #5502, #4149, #5367, #2846, #3451, #4103, #8128, #6755, #7487, #194, #1537, #4190, #758, #3494, #6150, #7354, #7531, #2054, #6841, #6062, #8087, #883, #3537, #235, #797, #103, #6885, #1406, #2231, #7443, #5546, #930, #8175, #3583, #4889, #7398, #1581, #2100, #7993, #2804, #4234, #61, #2710, #4763, #4720, #4059, #6710, #2759, #5416, #152, #5460, #8043, #4804, #5715, #8218, #2367, #4452, #3665, #2978, #8342, #8259, #7013, #1799, #2406, #6325, #1055, #6408, #5024, #5671, #2276, #5064, #5628, #3104, #3707, #4364, #6368, #1670, #7053, #7656, #3022, #405, #3064, #2318, #6283, #322, #445, #4280, #7742, #364, #4978, #2449, #1099, #1139, #2939, #3754, #5754, #8302, #1015, #8383, #5105, #7095, #1709, #5587, #7697, #1751, #6240, #4406, #7617, #975, #279, #4322, #6972, #4935, #7572, #1625, #6931 ),
 ( #3624, #3977, #1978, #7841, #1278, #4635, #718, #5813, #3895, #6548, #5854, #6631, #4512, #7959, #1198, #585, #8446, #6507, #8487, #546, #7196, #5289, #2021, #2676, #2510, #1239, #3206, #4023, #7154, #4681, #4597, #5982, #6676, #3934, #5164, #1320, #4552, #672, #1896, #7801, #8529, #7235, #6588, #2635, #3242, #7920, #1368, #625, #2550, #7316, #5893, #2590, #1855, #5246, #7273, #3855, #1940, #5206, #7883, #3282, #3327, #5936, #8570, #22, #5329, #807, #6807, #3547, #8095, #2812, #5374, #2855, #2768, #244, #4156, #1502, #852, #7407, #4198, #2150, #161, #3503, #6158, #5424, #3417, #6070, #6203, #1415, #4897, #3459, #114, #8183, #6849, #6894, #69, #893, #2904, #5468, #6764, #2239, #4814, #6118, #203, #7452, #5554, #5510, #7539, #766, #2110, #8052, #7497, #2717, #4727, #1545, #8139, #2198, #4067, #1590, #4857, #3371, #4113, #4243, #4772, #1460, #6025, #8002, #2063, #7362, #6720, #5636, #5032, #982, #412, #6415, #7580, #5072, #7626, #1023, #5113, #5680, #371, #5595, #7705, #1677, #7750, #1716, #4460, #3716, #1759, #2988 ) ),
 .UNSPECIFIED., .F., .F., .F.,
 ( 2, 2 ),
 ( 4, 2, 2, 2, 2, 2, 2, 2, 2, 2, 2, 2, 2, 2, 2, 2, 2, 2, 2, 2, 2, 2, 2, 2, 2, 2, 2, 2, 2, 2, 2, 2, 2, 2, 2, 2, 2, 2, 2, 2, 2, 2, 2, 2, 2, 2, 2, 2, 2, 2, 2, 2, 2, 2, 2, 2, 2, 2, 2, 2, 2, 2, 2, 2, 2, 2, 2, 2, 2, 2, 2, 2, 2, 2, 4 ),
 ( 0.000000000000000000, 1.000000000000000000 ),
 ( 0.000000000000000000, 4.260237010324736858E-05, 8.520474020649473716E-05, 0.0001704094804129894743, 0.0001917106654646131485, 0.0002023612579904249991, 0.0002130118505162368497, 0.0002556142206194841979, 0.0003408189608259789487, 0.0006816379216519578973, 0.001022456882477936792, 0.001363275843303915795, 0.001704094804129894798, 0.001874504284542884191, 0.001959709024749378779, 0.002044913764955873584, 0.002385732725781852803, 0.002726551686607831589, 0.003067370647433810375, 0.003408189608259789595, 0.003749008569085768381, 0.003834213309292263186, 0.003876815679395510372, 0.003919418049498757557, 0.004089827529911747167, 0.004430646490737726387, 0.004771465451563705606, 0.005112284412389684826, 0.005453103373215663179, 0.005793922334041641531, 0.005879127074248136769, 0.005964331814454631141, 0.006134741294867620751, 0.006475560255693599970, 0.006816379216519579190, 0.007157198177345558410, 0.007498017138171536762, 0.007838836098997515114, 0.008009245579410503857, 0.008094450319616999096, 0.008179655059823494334, 0.008520474020649473554, 0.008861292981475452774, 0.009202111942301431993, 0.009542930903127411213, 0.009883749863953390433, 0.01022456882477936965, 0.01039497830519235839, 0.01056538778560534714, 0.01090620674643132636, 0.01124702570725730558, 0.01158784466808328306, 0.01192866362890926228, 0.01226948258973524150, 0.01295112051138719994, 0.01312152999180019042, 0.01329193947221317916, 0.01363275843303915838, 0.01431439635469111682, 0.01499603427634307352, 0.01567767219799503023, 0.01584808167840801724, 0.01601849115882100771, 0.01635931011964698867, 0.01704094804129894711, 0.01772258596295090555, 0.01840422388460286399, 0.01874504284542884147, 0.01908586180625482243, 0.01942668076708080338, 0.01976749972790678087, 0.02044913764955873930, 0.02078995661038471679, 0.02113077557121069427, 0.02181241349286265271 ),
 .UNSPECIFIED. ) ;
#2595 = LINE ( 'NONE', #3900, #650 ) ;
#2596 = EDGE_CURVE ( 'NONE', #4806, #5875, #2601, .T. ) ;
#2597 = CARTESIAN_POINT ( 'NONE',  ( -1.431340675508309790, 6.413762210651228202, 0.9179376825566951670 ) ) ;
#2598 = LINE ( 'NONE', #5254, #1662 ) ;
#2599 = CARTESIAN_POINT ( 'NONE',  ( 0.2825954598308514920, 3.044328475527455780, 1.676407262135598764 ) ) ;
#2600 = CARTESIAN_POINT ( 'NONE',  ( 1.475400338056686023, 2.558211937938177805, -0.8521103987198239693 ) ) ;
#2601 = LINE ( 'NONE', #7164, #2850 ) ;
#2602 = CIRCLE ( 'NONE', #7457, 8.956059028990509319 ) ;
#2603 = CARTESIAN_POINT ( 'NONE',  ( -3.605955811664682968E-16, 0.2249999999999999223, 1.962990915244727130 ) ) ;
#2604 = CARTESIAN_POINT ( 'NONE',  ( 0.000000000000000000, 0.000000000000000000, 0.000000000000000000 ) ) ;
#2605 = CARTESIAN_POINT ( 'NONE',  ( -7.279416985118926320, 3.101558808504983666, -2.352227884582228867 ) ) ;
#2606 =( NAMED_UNIT ( * ) PLANE_ANGLE_UNIT ( ) SI_UNIT ( $, .RADIAN. ) );
#2607 = CARTESIAN_POINT ( 'NONE',  ( 1.039443056249998776, 6.934691869123373209, 1.800368184999675325 ) ) ;
#2608 = EDGE_CURVE ( 'NONE', #1122, #1347, #595, .T. ) ;
#2609 = AXIS2_PLACEMENT_3D ( 'NONE', #2522, #1869, #3217 ) ;
#2610 = VERTEX_POINT ( 'NONE', #8412 ) ;
#2611 = FACE_OUTER_BOUND ( 'NONE', #2442, .T. ) ;
#2612 = CIRCLE ( 'NONE', #6089, 9.299999999999998934 ) ;
#2613 = CARTESIAN_POINT ( 'NONE',  ( 0.6116876293682546040, 7.266982409761924444, 1.586144561206900283 ) ) ;
#2614 = CARTESIAN_POINT ( 'NONE',  ( 1.031332515589547416, 0.5032691280499245190, -1.351643271501274945 ) ) ;
#2615 = CARTESIAN_POINT ( 'NONE',  ( -0.5393049321520827499, 0.5016430273786601779, 2.006504190103445495 ) ) ;
#2616 = VECTOR ( 'NONE', #7122, 1000.000000000000000 ) ;
#2617 = ORIENTED_EDGE ( 'NONE', *, *, #3360, .T. ) ;
#2618 = EDGE_LOOP ( 'NONE', ( #999, #911, #6694, #5962, #5836, #6910, #7193, #3839 ) ) ;
#2619 = CARTESIAN_POINT ( 'NONE',  ( 0.8500000000000001998, 5.941666664754835736, -1.472243186433545459 ) ) ;
#2620 = DIRECTION ( 'NONE',  ( 1.000000000000000000, 0.000000000000000000, 0.000000000000000000 ) ) ;
#2621 =( BOUNDED_CURVE ( )  B_SPLINE_CURVE ( 3, ( #4546, #6622, #665, #619 ),
 .UNSPECIFIED., .F., .F. ) 
 B_SPLINE_CURVE_WITH_KNOTS ( ( 4, 4 ),
 ( 2.836899999574395981, 3.446285307605190251 ),
 .UNSPECIFIED. ) 
 CURVE ( )  GEOMETRIC_REPRESENTATION_ITEM ( )  RATIONAL_B_SPLINE_CURVE ( ( 1.000000000000000000, 0.9692928009446305504, 0.9692928009446305504, 1.000000000000000000 ) ) 
 REPRESENTATION_ITEM ( '' )  );
#2622 = CARTESIAN_POINT ( 'NONE',  ( -1.383232409578648348, 9.219607121618404122, 0.9882969305107484059 ) ) ;
#2623 = ADVANCED_FACE ( 'NONE', ( #4439 ), #1208, .F. ) ;
#2624 = CARTESIAN_POINT ( 'NONE',  ( 2.078886112499988670, 6.160416665710743978, 1.200245456666444444 ) ) ;
#2625 = EDGE_CURVE ( 'NONE', #2311, #1347, #294, .T. ) ;
#2626 = CARTESIAN_POINT ( 'NONE',  ( -1.595743533991486718, 2.188431209508086450, 0.5863956841487986127 ) ) ;
#2627 = CARTESIAN_POINT ( 'NONE',  ( -1.000480638291675994, 0.1556936761483044274, 1.374501202923853471 ) ) ;
#2628 = CARTESIAN_POINT ( 'NONE',  ( -2.581372568141803381, 3.153668633940836408, -7.201334804540089785 ) ) ;
#2629 = DIRECTION ( 'NONE',  ( 0.7071067811865453523, -5.273559366969487158E-17, 0.7071067811865497932 ) ) ;
#2630 = CARTESIAN_POINT ( 'NONE',  ( -0.1470160590241288145, -1.301042606982605321E-15, -1.302909050711239303 ) ) ;
#2631 = ORIENTED_EDGE ( 'NONE', *, *, #7087, .F. ) ;
#2632 = DIRECTION ( 'NONE',  ( -0.000000000000000000, -1.000000000000000000, -0.000000000000000000 ) ) ;
#2633 = CARTESIAN_POINT ( 'NONE',  ( -1.612217345346361741, 2.814917403013978525, -0.5399648710272210161 ) ) ;
#2634 = CARTESIAN_POINT ( 'NONE',  ( -1.607602406437076192, 7.013578087357776880, -0.5556806048980527102 ) ) ;
#2635 = CARTESIAN_POINT ( 'NONE',  ( -0.4072671640180556829, 0.5095411392227822134, 0.6901685282828755597 ) ) ;
#2636 = CARTESIAN_POINT ( 'NONE',  ( 0.5486842417308508413, 10.27454204731953524, 2.257582140089921641 ) ) ;
#2637 = CARTESIAN_POINT ( 'NONE',  ( -1.663365354007654062, 8.472300962277444114, 0.3550656280711034785 ) ) ;
#2638 = DIRECTION ( 'NONE',  ( 0.000000000000000000, 0.000000000000000000, 1.000000000000000000 ) ) ;
#2639 = TOROIDAL_SURFACE ( 'NONE', #1944, 8.342827477683734116, 0.5000000000000000000 ) ;
#2640 = FACE_OUTER_BOUND ( 'NONE', #220, .T. ) ;
#2641 = CARTESIAN_POINT ( 'NONE',  ( -1.435831448909275387, 6.286826550021678450, -0.9104225669908400098 ) ) ;
#2642 = CYLINDRICAL_SURFACE ( 'NONE', #3317, 7.650000000000000355 ) ;
#2643 = CARTESIAN_POINT ( 'NONE',  ( -2.712967541895485279, 3.008500636646443738, 7.153346357285057522 ) ) ;
#2644 = CYLINDRICAL_SURFACE ( 'NONE', #1488, 1.699999999999999956 ) ;
#2645 = CARTESIAN_POINT ( 'NONE',  ( 1.699999999999999956, 3.083333331421502344, -0.9814954576223635652 ) ) ;
#2646 = CARTESIAN_POINT ( 'NONE',  ( 1.201985270554894323E-16, -0.8250000000000000666, -1.962990915244727130 ) ) ;
#2647 = CARTESIAN_POINT ( 'NONE',  ( 0.4555135898300330943, 2.468739261531205820, -1.700000021536825168 ) ) ;
#2648 = CARTESIAN_POINT ( 'NONE',  ( -1.362764642438413665, 0.8219756844141149488, 1.016338452129135206 ) ) ;
#2649 = CARTESIAN_POINT ( 'NONE',  ( 0.2055566759688223222, 8.639099828284679816, 1.687606461275873437 ) ) ;
#2650 = CARTESIAN_POINT ( 'NONE',  ( 2.078886112499999328, 8.393025202456707135, 1.200245456666450661 ) ) ;
#2651 = ORIENTED_EDGE ( 'NONE', *, *, #3511, .F. ) ;
#2652 = CARTESIAN_POINT ( 'NONE',  ( 0.1917772075403720577, 6.161842513790822373, -1.689590952956725012 ) ) ;
#2653 = CARTESIAN_POINT ( 'NONE',  ( 2.078886112500000216, -0.08125000095591551619, 0.000000000000000000 ) ) ;
#2654 = PLANE ( 'NONE',  #1082 ) ;
#2655 = CARTESIAN_POINT ( 'NONE',  ( 0.6418432282782056131, 0.5313362312747627048, -1.576710444570191383 ) ) ;
#2656 = CARTESIAN_POINT ( 'NONE',  ( -2.312024219028192551, 2.048942590553173293, -4.433344562587834048 ) ) ;
#2657 = EDGE_LOOP ( 'NONE', ( #5589, #7642, #7298, #7309, #2168, #698 ) ) ;
#2658 = ORIENTED_EDGE ( 'NONE', *, *, #1918, .T. ) ;
#2659 = CARTESIAN_POINT ( 'NONE',  ( -1.699999999999999289, 6.816666664754835736, -0.9814954576223643423 ) ) ;
#2660 = CARTESIAN_POINT ( 'NONE',  ( 0.000000000000000000, 1.500000000000000444, -4.500000000000000000 ) ) ;
#2661 = CARTESIAN_POINT ( 'NONE',  ( -0.5637385560459201583, 0.4437299278515290935, -1.603891644570895281 ) ) ;
#2662 = CARTESIAN_POINT ( 'NONE',  ( -1.039443056249995445, 9.485416665710745932, 1.800368184999665111 ) ) ;
#2663 = CARTESIAN_POINT ( 'NONE',  ( -1.292403644626956449, 2.229566763044267930, 1.104488238383686483 ) ) ;
#2664 = DIRECTION ( 'NONE',  ( 0.000000000000000000, 0.000000000000000000, -1.000000000000000000 ) ) ;
#2665 = CARTESIAN_POINT ( 'NONE',  ( -1.532023539254723010, 7.799811831586322519, 0.7409979971027271795 ) ) ;
#2666 = ORIENTED_EDGE ( 'NONE', *, *, #2256, .T. ) ;
#2667 = CARTESIAN_POINT ( 'NONE',  ( 0.4554304077911098259, 0.000000000000000000, 1.861028764709336203 ) ) ;
#2668 = CARTESIAN_POINT ( 'NONE',  ( -0.9203383072344420990, 6.461716603209985976, 1.429572931731954766 ) ) ;
#2669 =( BOUNDED_CURVE ( )  B_SPLINE_CURVE ( 2, ( #4511, #3162, #1238, #5731, #7153, #1277, #1197, #3854, #3770 ),
 .UNSPECIFIED., .F., .F. ) 
 B_SPLINE_CURVE_WITH_KNOTS ( ( 3, 2, 2, 2, 3 ),
 ( 0.5567942565192131044, 0.5620970494441575038, 0.5727026541506509139, 0.5833082588571444349, 0.5886110644013966553 ),
 .UNSPECIFIED. ) 
 CURVE ( )  GEOMETRIC_REPRESENTATION_ITEM ( )  RATIONAL_B_SPLINE_CURVE ( ( 0.9330127018924311288, 0.9330128209946229045, 1.000000000000000000, 0.8660254037844387076, 1.000000000000000000, 0.8660254037844387076, 1.000000000000000000, 0.9330126615820550917, 0.9330127018922436122 ) ) 
 REPRESENTATION_ITEM ( '' )  );
#2670 = EDGE_CURVE ( 'NONE', #5699, #7067, #1573, .T. ) ;
#2671 = VERTEX_POINT ( 'NONE', #4522 ) ;
#2672 = CARTESIAN_POINT ( 'NONE',  ( -1.159439780024813960, 3.642633872208325130, 1.245754348624126706 ) ) ;
#2673 = CARTESIAN_POINT ( 'NONE',  ( 0.7279590572460068465, 4.725060167556407009, -1.536268549234049763 ) ) ;
#2674 = DIRECTION ( 'NONE',  ( -0.000000000000000000, 1.000000000000000000, -0.000000000000000000 ) ) ;
#2675 = CARTESIAN_POINT ( 'NONE',  ( -0.8916678410137297561, 6.936413998666916214, -1.448374588654897765 ) ) ;
#2676 = CARTESIAN_POINT ( 'NONE',  ( -0.4901491361651348910, 0.5289909974411014515, -0.1507307174430926322 ) ) ;
#2677 = CARTESIAN_POINT ( 'NONE',  ( -1.039443056249999664, 9.252083332377418756, -1.800368184999674437 ) ) ;
#2678 = CARTESIAN_POINT ( 'NONE',  ( -1.649332617940937995, 8.476636339689548549, 0.4191947817691517586 ) ) ;
#2679 = CARTESIAN_POINT ( 'NONE',  ( -1.313969415622724179, 4.872602608270172553, -1.079329664000340472 ) ) ;
#2680 = DIRECTION ( 'NONE',  ( 0.000000000000000000, -0.000000000000000000, 1.000000000000000000 ) ) ;
#2681 = CARTESIAN_POINT ( 'NONE',  ( -0.4333063689241511418, 6.204706645865550207, -1.644713806004507672 ) ) ;
#2682 = DIRECTION ( 'NONE',  ( -0.000000000000000000, 1.000000000000000000, -0.000000000000000000 ) ) ;
#2683 = CARTESIAN_POINT ( 'NONE',  ( 1.329105187126705001, 3.124248066775331623, 1.060426664972825783 ) ) ;
#2684 = CARTESIAN_POINT ( 'NONE',  ( -7.129095907804631048E-06, 9.675000489251598168, -1.699999999985051469 ) ) ;
#2685 = CARTESIAN_POINT ( 'NONE',  ( 0.8499999999999988676, 3.083333333333333037, 1.472243186433546347 ) ) ;
#2686 = FACE_OUTER_BOUND ( 'NONE', #6487, .T. ) ;
#2687 = PLANE ( 'NONE',  #8285 ) ;
#2688 = CARTESIAN_POINT ( 'NONE',  ( 1.382987986961023541, 8.730364214080221785, 0.9886384993282176792 ) ) ;
#2689 = CARTESIAN_POINT ( 'NONE',  ( -2.078886112500000216, 10.25969186912337250, 1.200245456666449106 ) ) ;
#2690 = CARTESIAN_POINT ( 'NONE',  ( -2.078886112500001104, 8.814583332377402769, 1.200245456666448884 ) ) ;
#2691 = AXIS2_PLACEMENT_3D ( 'NONE', #1236, #6628, #3324 ) ;
#2692 = VERTEX_POINT ( 'NONE', #8538 ) ;
#2693 = CARTESIAN_POINT ( 'NONE',  ( 0.3067471577186530185, 6.153942783635645064, -1.673884859783465018 ) ) ;
#2694 = CARTESIAN_POINT ( 'NONE',  ( -1.532851630915587071, 4.299494475695846418, 0.7362684657588747239 ) ) ;
#2695 = CARTESIAN_POINT ( 'NONE',  ( 2.078886112500000216, 4.118749999044084120, 0.000000000000000000 ) ) ;
#2696 = CARTESIAN_POINT ( 'NONE',  ( 1.671879328006437460, 7.380473562239061813, 0.3132169527240412088 ) ) ;
#2697 = CARTESIAN_POINT ( 'NONE',  ( 0.4492166029288298112, 0.5441760260066630384, -1.639580799723316495 ) ) ;
#2698 = CARTESIAN_POINT ( 'NONE',  ( -1.030461148396658810, 0.5013539286339639967, 1.748745362135463388 ) ) ;
#2699 = EDGE_CURVE ( 'NONE', #6529, #2894, #54, .T. ) ;
#2700 = VERTEX_POINT ( 'NONE', #7727 ) ;
#2701 = ORIENTED_EDGE ( 'NONE', *, *, #5335, .T. ) ;
#2702 = CARTESIAN_POINT ( 'NONE',  ( -1.699999999999999956, 6.874999998088169306, -2.081899558550500280E-16 ) ) ;
#2703 = DIRECTION ( 'NONE',  ( -0.000000000000000000, 1.000000000000000000, -0.000000000000000000 ) ) ;
#2704 = CARTESIAN_POINT ( 'NONE',  ( -1.421506250889325473, 9.215005382477766460, 0.9328124361044595192 ) ) ;
#2705 = CARTESIAN_POINT ( 'NONE',  ( 2.078886112499988670, 8.960416665710745576, 1.200245456666444444 ) ) ;
#2706 = CARTESIAN_POINT ( 'NONE',  ( -1.678471477692561997, 2.132256929090639463, -0.2846606506052782870 ) ) ;
#2707 = LINE ( 'NONE', #7794, #8295 ) ;
#2708 = ORIENTED_EDGE ( 'NONE', *, *, #287, .F. ) ;
#2709 = CARTESIAN_POINT ( 'NONE',  ( -2.078886112500000216, 3.156249999044067334, -2.545901223465009197E-16 ) ) ;
#2710 = CARTESIAN_POINT ( 'NONE',  ( 2.124922929875172173, 8.673617379884035472E-16, 0.2788635367672800958 ) ) ;
#2711 = VERTEX_POINT ( 'NONE', #7892 ) ;
#2712 = ORIENTED_EDGE ( 'NONE', *, *, #6553, .F. ) ;
#2713 = CARTESIAN_POINT ( 'NONE',  ( -1.354496593421357309, 3.477082111209255366, -1.027394959600107294 ) ) ;
#2714 = CARTESIAN_POINT ( 'NONE',  ( 1.190334378302687179, 4.689624727500572909, -1.213737592128925513 ) ) ;
#2715 = CARTESIAN_POINT ( 'NONE',  ( -1.529181538023317355, 2.900484404974710717, 0.7513337066513149365 ) ) ;
#2716 = CARTESIAN_POINT ( 'NONE',  ( -1.535823951265336662, 7.100151708428096953, 0.7473643473293332118 ) ) ;
#2717 = CARTESIAN_POINT ( 'NONE',  ( -0.8298420162813032741, 0.5021692163872021331, -1.398921000471789355 ) ) ;
#2718 = CARTESIAN_POINT ( 'NONE',  ( -2.078886112499999772, 0.2979166657107512606, -1.200245456666450439 ) ) ;
#2719 = CARTESIAN_POINT ( 'NONE',  ( -1.255982629023706387, 8.533236934482768987, 1.146002763452255602 ) ) ;
#2720 = CARTESIAN_POINT ( 'NONE',  ( -1.616650439464186739, 4.915685908773687274, -0.5282372948955009750 ) ) ;
#2721 =( BOUNDED_CURVE ( )  B_SPLINE_CURVE ( 2, ( #2142, #3495, #2187, #6151, #195, #2847, #4890, #2940, #3584 ),
 .UNSPECIFIED., .F., .F. ) 
 B_SPLINE_CURVE_WITH_KNOTS ( ( 3, 2, 2, 2, 3 ),
 ( 0.2704429204834315481, 0.2757457223688318804, 0.2863513270753254569, 0.2969569317818189780, 0.3022596862358097325 ),
 .UNSPECIFIED. ) 
 CURVE ( )  GEOMETRIC_REPRESENTATION_ITEM ( )  RATIONAL_B_SPLINE_CURVE ( ( 0.9330127018922199644, 0.9330127078022580900, 1.000000000000000000, 0.8660254037844387076, 1.000000000000000000, 0.8660254037844387076, 1.000000000000000000, 0.9330133069763859588, 0.9330127018976850373 ) ) 
 REPRESENTATION_ITEM ( '' )  );
#2722 = CARTESIAN_POINT ( 'NONE',  ( 4.999999999999848121, 8.000000000000000000, -2.291287847478249429 ) ) ;
#2723 = EDGE_CURVE ( 'NONE', #6020, #1956, #6516, .T. ) ;
#2724 = CARTESIAN_POINT ( 'NONE',  ( -0.5664589961858093048, 6.213874279130092937, -1.602905896867732327 ) ) ;
#2725 = VERTEX_POINT ( 'NONE', #1784 ) ;
#2726 = DIRECTION ( 'NONE',  ( -8.409885494133522965E-15, 0.5961196035938423066, 0.8028956459037004390 ) ) ;
#2727 = CARTESIAN_POINT ( 'NONE',  ( 1.068608245156024816, 3.300483260249239770, -1.327761288929326433 ) ) ;
#2728 = CARTESIAN_POINT ( 'NONE',  ( -1.493917205364556411, 9.794704051781501164, -0.8114391690462522400 ) ) ;
#2729 = CARTESIAN_POINT ( 'NONE',  ( 1.699999999999999956, 3.899999999999999911, 0.000000000000000000 ) ) ;
#2730 = CARTESIAN_POINT ( 'NONE',  ( 0.4555136849819578782, 2.181260741175166107, 1.699999966600835410 ) ) ;
#2731 = CARTESIAN_POINT ( 'NONE',  ( -7.127969451919535866E-09, 6.699999998577343518, -1.699999999999999956 ) ) ;
#2732 = CARTESIAN_POINT ( 'NONE',  ( 8.135233440653460528E-07, 5.650011910845016416, 1.699999999999613820 ) ) ;
#2733 = EDGE_CURVE ( 'NONE', #4593, #3767, #897, .T. ) ;
#2734 = CARTESIAN_POINT ( 'NONE',  ( 0.7537524618796928033, 8.676713916547926786, 1.524513540215732377 ) ) ;
#2735 = CARTESIAN_POINT ( 'NONE',  ( 0.4555092295432227600, 4.281260435409762977, 1.700002538949588748 ) ) ;
#2736 = CARTESIAN_POINT ( 'NONE',  ( 1.469876756697720941E-16, 7.881249999044066534, -2.400490913332899545 ) ) ;
#2737 = EDGE_LOOP ( 'NONE', ( #3390, #2002 ) ) ;
#2738 = FACE_OUTER_BOUND ( 'NONE', #1508, .T. ) ;
#2739 = CARTESIAN_POINT ( 'NONE',  ( -1.626357994163181830, 4.217911596921438466, -0.4967946906893848658 ) ) ;
#2740 = PRODUCT_DEFINITION_CONTEXT ( 'detailed design', #2967, 'design' ) ;
#2741 = CARTESIAN_POINT ( 'NONE',  ( -4.409630270093162085E-16, 3.243749999044084564, 2.400490913332899545 ) ) ;
#2742 = CARTESIAN_POINT ( 'NONE',  ( 1.701489206676413346, 7.400718889788344690, -0.009030088320084421125 ) ) ;
#2744 = LINE ( 'NONE', #496, #2068 ) ;
#2743 = DIRECTION ( 'NONE',  ( 0.7071067811865474617, 0.000000000000000000, 0.7071067811865474617 ) ) ;
#2745 = CARTESIAN_POINT ( 'NONE',  ( 1.469876756697720448E-16, 9.281249999044083765, -2.400490913332899545 ) ) ;
#2746 = VECTOR ( 'NONE', #6698, 1000.000000000000114 ) ;
#2747 = AXIS2_PLACEMENT_3D ( 'NONE', #6756, #7355, #8129 ) ;
#2748 = ORIENTED_EDGE ( 'NONE', *, *, #2136, .T. ) ;
#2749 = CARTESIAN_POINT ( 'NONE',  ( -1.700000000000000400, 4.833333331421502344, 0.9814954576223632321 ) ) ;
#2750 = CARTESIAN_POINT ( 'NONE',  ( -0.4555161427591726819, 6.318739086330187327, 1.699998547602499244 ) ) ;
#2751 = TOROIDAL_SURFACE ( 'NONE', #2476, 5.500000000000000000, 0.5000000000000000000 ) ;
#2752 = CARTESIAN_POINT ( 'NONE',  ( 3.870068605369154202, 5.212479532407042093, 3.870068605369151538 ) ) ;
#2753 = CARTESIAN_POINT ( 'NONE',  ( 1.039443056249993225, 7.502083332377411651, 1.800368184999666221 ) ) ;
#2754 = CARTESIAN_POINT ( 'NONE',  ( -0.5776929334116428505, 2.285378866619219185, 1.602136331897939359 ) ) ;
#2755 = VECTOR ( 'NONE', #2289, 1000.000000000000000 ) ;
#2756 = CARTESIAN_POINT ( 'NONE',  ( -1.498285004702234247, 5.595279367203422005, -0.8039907677591956459 ) ) ;
#2757 = VERTEX_POINT ( 'NONE', #5298 ) ;
#2758 = CARTESIAN_POINT ( 'NONE',  ( -2.078886112500000216, 2.456249999044067156, -2.545901223465009197E-16 ) ) ;
#2759 = CARTESIAN_POINT ( 'NONE',  ( 2.172203802931904626, 9.107298248878237246E-15, -0.05555736626667732991 ) ) ;
#2760 = CARTESIAN_POINT ( 'NONE',  ( 2.680182346543767746, 3.063623187575865714, 7.165236767684211472 ) ) ;
#2761 = ORIENTED_EDGE ( 'NONE', *, *, #4118, .T. ) ;
#2762 = ORIENTED_EDGE ( 'NONE', *, *, #1273, .F. ) ;
#2763 = CARTESIAN_POINT ( 'NONE',  ( -1.380689489842074513, 3.619862157948007919, 0.9934378101658474236 ) ) ;
#2764 = CARTESIAN_POINT ( 'NONE',  ( 0.5439746840732181399, 0.9622995663344242612, 1.614738053182719124 ) ) ;
#2765 = CARTESIAN_POINT ( 'NONE',  ( -1.697411355480097139, 2.855847142276218609, 0.09680333344466869605 ) ) ;
#2766 = CARTESIAN_POINT ( 'NONE',  ( -1.359999762185720718, 7.122317128845532253, 1.020488569205781459 ) ) ;
#2767 = B_SPLINE_CURVE_WITH_KNOTS ( 'NONE', 3,
 ( #1191, #3848, #841, #1444, #191, #928, #6193, #5499, #4100, #6707, #233, #4887, #100, #6883, #6751, #7990, #1489, #4145, #148, #3535, #3491, #6237, #4232, #7350, #4188, #3580, #5544, #5413, #794, #2756, #3448, #1534, #5363, #6796, #6839, #6146, #8173, #1403, #8038, #4760, #2098, #277, #7395, #2843, #5457, #8125, #2228, #6106, #2183, #2800, #4846, #2051, #2889, #7483, #8084, #2138, #7529, #4716, #4801, #881, #7440, #1579, #4056, #755, #3404, #6059, #7614, #5668, #2316, #3663, #5062, #7654, #8300, #320, #2364, #5021, #1053, #7739, #5752, #972, #1667, #4933, #1707, #6365, #8381, #6322 ),
 .UNSPECIFIED., .F., .F.,
 ( 4, 2, 2, 2, 2, 2, 2, 1, 1, 2, 2, 1, 2, 2, 2, 2, 2, 2, 2, 2, 2, 2, 1, 2, 2, 2, 2, 1, 2, 2, 2, 2, 2, 2, 2, 2, 1, 1, 2, 2, 2, 1, 2, 2, 2, 2, 4 ),
 ( 0.5474991798381908525, 0.5496783101986437714, 0.5507678753788701753, 0.5510402666739268041, 0.5513126579689833218, 0.5518574405590965792, 0.5540365709195494981, 0.5545813535096627556, 0.5548537448047192733, 0.5549899404522475876, 0.5550580382760117448, 0.5551261360997759020, 0.5562157012800024170, 0.5583948316404553358, 0.5586672229355119645, 0.5589396142305685933, 0.5594843968206818507, 0.5605739620009082547, 0.5616635271811347696, 0.5622083097712480271, 0.5624807010663046558, 0.5626168967138329702, 0.5627530923613612845, 0.5649322227218142034, 0.5660217879020407183, 0.5662941791970973471, 0.5664303748446256614, 0.5665665704921539758, 0.5671113530822672333, 0.5692904834427202632, 0.5698352660328335206, 0.5703800486229466671, 0.5714696138031731820, 0.5736487441636262119, 0.5741935267537394694, 0.5743297224012677837, 0.5744659180487960981, 0.5747383093438527268, 0.5758278745240791308, 0.5780070048845321606, 0.5781432005320604750, 0.5782793961795887894, 0.5785517874746454181, 0.5790965700647585646, 0.5801861352449850795, 0.5812757004252114834, 0.5823652656054379984 ),
 .UNSPECIFIED. ) ;
#2768 = CARTESIAN_POINT ( 'NONE',  ( 1.096594050759400529, 0.5057987425911809609, 0.3632447786227120945 ) ) ;
#2769 = CARTESIAN_POINT ( 'NONE',  ( 2.078886112500000216, 9.018749999044084475, 0.000000000000000000 ) ) ;
#2770 = CARTESIAN_POINT ( 'NONE',  ( 0.7549441158120442363, 6.576809133073246549, 1.524060310096287729 ) ) ;
#2771 = CARTESIAN_POINT ( 'NONE',  ( -0.2069476292140757234, 5.110798306702827531, 1.687788470386806239 ) ) ;
#2772 = CARTESIAN_POINT ( 'NONE',  ( -8.362463940696826062E-11, 1.624999998770182641, 1.699999999999999956 ) ) ;
#2773 = AXIS2_PLACEMENT_3D ( 'NONE', #8010, #3248, #3984 ) ;
#2774 = CARTESIAN_POINT ( 'NONE',  ( -1.158303336437850994, 6.442540766990940249, 1.244517592277063933 ) ) ;
#2775 = VERTEX_POINT ( 'NONE', #460 ) ;
#2776 = CARTESIAN_POINT ( 'NONE',  ( 9.368548013477252244E-16, 8.000000000000000000, 7.650000000000000355 ) ) ;
#2777 = EDGE_CURVE ( 'NONE', #7067, #2277, #3680, .T. ) ;
#2778 = CARTESIAN_POINT ( 'NONE',  ( 1.689286171203729037, 3.212086485660212265, -0.1969228863936190177 ) ) ;
#2779 = CARTESIAN_POINT ( 'NONE',  ( -1.650772980155361003, 9.875829343977462926, 0.4061815326735991327 ) ) ;
#2780 = CARTESIAN_POINT ( 'NONE',  ( -1.699999999999999289, 3.491666666666665808, -0.9814954576223643423 ) ) ;
#2781 = CARTESIAN_POINT ( 'NONE',  ( 2.078886112499999328, 3.447916665710751616, 1.200245456666450661 ) ) ;
#2782 = CARTESIAN_POINT ( 'NONE',  ( 2.279064564105349078, 2.000000000000000444, 4.400384907664990131 ) ) ;
#2783 = CARTESIAN_POINT ( 'NONE',  ( -2.081899558550500280E-16, 10.19999999999999929, -1.699999999999999956 ) ) ;
#2784 = CARTESIAN_POINT ( 'NONE',  ( 1.693917158606148110, 8.808892739961871499, -0.1460870154697324341 ) ) ;
#2785 = CARTESIAN_POINT ( 'NONE',  ( 1.039443056250000330, 9.968025202456706424, -1.800368184999674215 ) ) ;
#2786 = EDGE_LOOP ( 'NONE', ( #2971, #3145, #3405, #5418 ) ) ;
#2787 = CARTESIAN_POINT ( 'NONE',  ( -0.7461796950800348993, -6.699027529392758664E-14, -1.682932030512754640 ) ) ;
#2788 = EDGE_CURVE ( 'NONE', #5974, #2535, #2435, .T. ) ;
#2789 = CARTESIAN_POINT ( 'NONE',  ( -1.700358727138979731, 4.252739701725012367, 0.04122428294991509201 ) ) ;
#2790 = CARTESIAN_POINT ( 'NONE',  ( 1.469876756697720448E-16, 4.993749999044084120, -2.400490913332899545 ) ) ;
#2791 = CARTESIAN_POINT ( 'NONE',  ( 0.08853833950080897131, 7.568925724892554108, -1.697766571801184732 ) ) ;
#2792 = VECTOR ( 'NONE', #4854, 1000.000000000000000 ) ;
#2794 = CARTESIAN_POINT ( 'NONE',  ( 7.239573367979934559, 3.116536647565487428, -2.472101282769616493 ) ) ;
#2793 = CARTESIAN_POINT ( 'NONE',  ( -2.496867884684820808E-08, 0.5750003217616866946, -1.699999999999999512 ) ) ;
#2795 = CARTESIAN_POINT ( 'NONE',  ( -2.078886112500000216, 9.514583332377416269, 1.200245456666449106 ) ) ;
#2796 = CARTESIAN_POINT ( 'NONE',  ( -0.4555136100708908620, 3.231260736034210268, -1.700000009850760163 ) ) ;
#2797 = PLANE ( 'NONE',  #6229 ) ;
#2798 = CARTESIAN_POINT ( 'NONE',  ( 2.078886112499989558, 6.277083332377411118, -1.200245456666443111 ) ) ;
#2799 = CARTESIAN_POINT ( 'NONE',  ( 1.629191955111946033, 0.2195329270409129285, 0.4857804761750501577 ) ) ;
#2800 = CARTESIAN_POINT ( 'NONE',  ( -1.686676837901221138, 5.663064835471429248, 0.2124381687010761244 ) ) ;
#2801 = EDGE_CURVE ( 'NONE', #2994, #4017, #7808, .T. ) ;
#2802 = ORIENTED_EDGE ( 'NONE', *, *, #7385, .T. ) ;
#2803 = CARTESIAN_POINT ( 'NONE',  ( 1.053303628568834194, -0.000000000000000000, 1.669538350701285978 ) ) ;
#2804 = CARTESIAN_POINT ( 'NONE',  ( 2.028024936477239581, 0.000000000000000000, 0.6037821915371699433 ) ) ;
#2805 = CARTESIAN_POINT ( 'NONE',  ( 0.000000000000000000, 10.19999999999999929, 0.000000000000000000 ) ) ;
#2806 = ORIENTED_EDGE ( 'NONE', *, *, #5698, .F. ) ;
#2807 = CARTESIAN_POINT ( 'NONE',  ( -1.618560498453069485, 3.516293671140047206, -0.5199156364236270367 ) ) ;
#2808 = CARTESIAN_POINT ( 'NONE',  ( -4.555813038156334649, 7.763936109177590694, 2.192316302326503763 ) ) ;
#2809 = CARTESIAN_POINT ( 'NONE',  ( -2.234160359978236698, 7.947103280109118373, -4.741034782807846071 ) ) ;
#2810 = CARTESIAN_POINT ( 'NONE',  ( 1.173119214342092320, 5.391203418151230053, -1.230384213227667223 ) ) ;
#2811 = CARTESIAN_POINT ( 'NONE',  ( -1.691837490681906475, 7.039715165008062492, -0.1689626760490349766 ) ) ;
#2812 = CARTESIAN_POINT ( 'NONE',  ( 0.9589412676136489511, 0.5065510386076745863, 0.5623020179177601330 ) ) ;
#2813 = CARTESIAN_POINT ( 'NONE',  ( 1.039443056249998776, -0.1104166676225822319, 1.800368184999675325 ) ) ;
#2814 = CARTESIAN_POINT ( 'NONE',  ( 1.674626291729559346, 6.681732762628000977, 0.2927084632392243368 ) ) ;
#2815 = CARTESIAN_POINT ( 'NONE',  ( -1.290496322150946229, 4.870138326905451009, -1.107161672382002138 ) ) ;
#2816 = CARTESIAN_POINT ( 'NONE',  ( 4.741006527942210447, 7.947084575471273560, -2.234154015110208835 ) ) ;
#2817 = ADVANCED_FACE ( 'NONE', ( #2506 ), #3240, .F. ) ;
#2818 = VERTEX_POINT ( 'NONE', #5082 ) ;
#2819 = DIRECTION ( 'NONE',  ( -0.7071067811865477948, 0.000000000000000000, -0.7071067811865473507 ) ) ;
#2820 = CARTESIAN_POINT ( 'NONE',  ( 0.7634716206338081346, 3.322605181751953296, -1.519605063483242535 ) ) ;
#2821 = CARTESIAN_POINT ( 'NONE',  ( -1.661182528321147212, 9.872834059786104177, 0.3619020480350042535 ) ) ;
#2822 = CARTESIAN_POINT ( 'NONE',  ( 1.699999999999999067, 4.541666666666666963, 0.9814954576223646754 ) ) ;
#2823 = CARTESIAN_POINT ( 'NONE',  ( -2.078886112500000216, 0.3562499990440844422, -2.545901223465009197E-16 ) ) ;
#2824 = CARTESIAN_POINT ( 'NONE',  ( 1.699999999999999289, 1.566666664754835292, 0.9814954576223646754 ) ) ;
#2825 = CARTESIAN_POINT ( 'NONE',  ( -2.078886112500000216, 1.027083332377417779, 1.200245456666449106 ) ) ;
#2826 = CARTESIAN_POINT ( 'NONE',  ( 1.339745337447132867, 8.874518117393414229, -1.047973920226339839 ) ) ;
#2827 = CARTESIAN_POINT ( 'NONE',  ( 1.039443056249998776, 9.734691869123372143, 1.800368184999675325 ) ) ;
#2828 = VERTEX_POINT ( 'NONE', #3203 ) ;
#2829 = CARTESIAN_POINT ( 'NONE',  ( 0.9306491472768184670, 9.610951659167277228, -1.422645423812018750 ) ) ;
#2830 = EDGE_CURVE ( 'NONE', #2381, #8089, #502, .T. ) ;
#2831 = CARTESIAN_POINT ( 'NONE',  ( -1.668060371623797611, 4.270995567538152571, 0.3373110400316428614 ) ) ;
#2832 = CARTESIAN_POINT ( 'NONE',  ( -2.078886112500000216, 4.527083332377417335, 1.200245456666449106 ) ) ;
#2833 = CARTESIAN_POINT ( 'NONE',  ( 1.687477660503655885, 7.412648364947362012, -0.2067074589927726802 ) ) ;
#2834 = LINE ( 'NONE', #6832, #1934 ) ;
#2835 = CARTESIAN_POINT ( 'NONE',  ( 0.5486842417308508413, 10.36204204731953560, 2.257582140089921641 ) ) ;
#2836 = VECTOR ( 'NONE', #2632, 1000.000000000000000 ) ;
#2837 = EDGE_CURVE ( 'NONE', #4721, #470, #2145, .T. ) ;
#2838 = CARTESIAN_POINT ( 'NONE',  ( -4.500000000000000000, 1.500000000000000444, 0.000000000000000000 ) ) ;
#2839 = LINE ( 'NONE', #7436, #1645 ) ;
#2840 = CYLINDRICAL_SURFACE ( 'NONE', #5168, 0.2000000000000002331 ) ;
#2841 = CARTESIAN_POINT ( 'NONE',  ( 0.5628100427148411411, 0.3729564952260615573, -1.604194694357762074 ) ) ;
#2842 = ADVANCED_FACE ( 'NONE', ( #1071 ), #8527, .T. ) ;
#2843 = CARTESIAN_POINT ( 'NONE',  ( -1.700314008021541756, 5.652905119387927613, 0.04308683453655600543 ) ) ;
#2844 = ORIENTED_EDGE ( 'NONE', *, *, #1319, .F. ) ;
#2845 = CARTESIAN_POINT ( 'NONE',  ( -0.5275246274615006392, 0.5016454240265059150, 2.010841922222372347 ) ) ;
#2846 = CARTESIAN_POINT ( 'NONE',  ( -1.443395289004759219, -8.673617379884035472E-16, 0.8517353352202049477 ) ) ;
#2847 = CARTESIAN_POINT ( 'NONE',  ( -1.700000000000000400, 2.733333331421501367, 0.9814954576223630101 ) ) ;
#2848 = ORIENTED_EDGE ( 'NONE', *, *, #2136, .F. ) ;
#2849 = CARTESIAN_POINT ( 'NONE',  ( -1.663317126900425436, 3.572407981793904064, 0.3554253799811156189 ) ) ;
#2850 = VECTOR ( 'NONE', #5947, 1000.000000000000000 ) ;
#2851 = CARTESIAN_POINT ( 'NONE',  ( 4.500000000000000000, 7.633692192606185145, 2.179449471770337432 ) ) ;
#2852 = CARTESIAN_POINT ( 'NONE',  ( 1.699999999999999956, 6.583333331421501455, -0.9814954576223635652 ) ) ;
#2853 = CARTESIAN_POINT ( 'NONE',  ( 1.012678076736590826, 5.195195391613593117, 1.365558971060689908 ) ) ;
#2854 = CARTESIAN_POINT ( 'NONE',  ( -2.078886112499990002, 1.727083332377411518, 1.200245456666443111 ) ) ;
#2855 = CARTESIAN_POINT ( 'NONE',  ( 1.066406402238315732, 0.5060255488212511699, 0.4155265957994966342 ) ) ;
#2856 = CARTESIAN_POINT ( 'NONE',  ( -4.409630270093162085E-16, 4.731249999044084831, 2.400490913332899545 ) ) ;
#2857 = CARTESIAN_POINT ( 'NONE',  ( 1.567199256194216961, 6.656089953555029304, 0.6614928970535559616 ) ) ;
#2858 = CARTESIAN_POINT ( 'NONE',  ( -1.460537222613719432, 5.010134410020646634, 0.8740003111733686270 ) ) ;
#2859 = CARTESIAN_POINT ( 'NONE',  ( 0.7548119841102326477, 1.676810045596984766, 1.524190437674106446 ) ) ;
#2860 = ORIENTED_EDGE ( 'NONE', *, *, #186, .T. ) ;
#2861 = CARTESIAN_POINT ( 'NONE',  ( 1.930639537080456769, 0.008094198737077448053, 0.7872984595583958356 ) ) ;
#2862 = FACE_OUTER_BOUND ( 'NONE', #2055, .T. ) ;
#2863 = CARTESIAN_POINT ( 'NONE',  ( -1.679467668136552572, 9.866387309126604777, 0.2646568579230817453 ) ) ;
#2864 = CARTESIAN_POINT ( 'NONE',  ( 1.699999999999999956, 5.358333333333332504, -0.9814954576223635652 ) ) ;
#2865 = CARTESIAN_POINT ( 'NONE',  ( 1.039443056250000330, 0.8229166657107510607, -1.800368184999674215 ) ) ;
#2866 = CARTESIAN_POINT ( 'NONE',  ( 2.915460667173242815, 3.090000000000000746, 5.036781010732885200 ) ) ;
#2867 = CARTESIAN_POINT ( 'NONE',  ( 2.078886112499999772, 1.377083332377417868, -1.200245456666449329 ) ) ;
#2868 = CARTESIAN_POINT ( 'NONE',  ( 1.421806925455322945, 8.735031169176968646, 0.9323561129127249103 ) ) ;
#2869 = CARTESIAN_POINT ( 'NONE',  ( -2.078886112499999772, 9.443025202456706069, -1.200245456666450439 ) ) ;
#2870 = ORIENTED_EDGE ( 'NONE', *, *, #3200, .T. ) ;
#2871 = ORIENTED_EDGE ( 'NONE', *, *, #4703, .T. ) ;
#2872 = CARTESIAN_POINT ( 'NONE',  ( 0.03279524154358354898, 9.672750315473216176, -1.699728044642567770 ) ) ;
#2873 = CARTESIAN_POINT ( 'NONE',  ( -0.03826519599072746719, 4.422371882285955458, 1.699999999970154718 ) ) ;
#2874 = CARTESIAN_POINT ( 'NONE',  ( -2.078886112500000216, 3.068749999044084298, -2.545901223465009197E-16 ) ) ;
#2875 = CARTESIAN_POINT ( 'NONE',  ( 0.1642960176636476533, 7.563727834633764857, -1.692231825417177760 ) ) ;
#2876 = B_SPLINE_CURVE_WITH_KNOTS ( 'NONE', 3,
 ( #6653, #1875, #43, #5914, #2422, #1176, #1998, #523, #2613, #7937, #3183, #8547, #5832, #1342, #568, #3999, #7214, #8465, #5183, #4660, #7294, #7901, #694, #3223, #5872, #7819, #3349, #8507, #646, #6004, #5224, #7858, #1915, #7253, #2696, #1258, #3915, #6567, #1958, #8074, #5446, #2742, #4834, #3438, #140, #8164, #8207, #1480, #2833, #6786, #5402, #2130, #2085, #7476, #873, #1437, #224, #2219, #8027, #4750, #6138, #1523, #4044, #6183, #5489, #8116, #917, #7519, #7384, #786, #6097, #4091, #4879, #6873, #6225, #4220, #3525, #6830, #833, #4793, #2875, #1569, #2791, #268, #89, #2173, #6743, #5576, #1391 ),
 .UNSPECIFIED., .F., .F.,
 ( 4, 2, 2, 2, 2, 2, 2, 2, 2, 1, 1, 2, 2, 2, 2, 1, 2, 2, 2, 2, 2, 1, 1, 1, 2, 2, 2, 1, 2, 2, 2, 2, 2, 2, 2, 2, 2, 2, 1, 1, 2, 2, 2, 2, 2, 2, 1, 1, 2, 4 ),
 ( 0.7222363574358352523, 0.7244389176464615110, 0.7255401977517746959, 0.7260908378044312883, 0.7266414778570878807, 0.7277427579624009546, 0.7288440380677141395, 0.7289816980808783153, 0.7290505280874602922, 0.7291193580940423802, 0.7293946781203707319, 0.7299453181730273243, 0.7310465982783403982, 0.7332491584889667680, 0.7354517186995930267, 0.7360023587522496191, 0.7362776787785779709, 0.7365529988049062116, 0.7376542789102193964, 0.7387555590155324703, 0.7388932190286966462, 0.7390308790418608220, 0.7393061990681890627, 0.7398568391208456552, 0.7409581192261588400, 0.7410957792393229049, 0.7412334392524870808, 0.7415087592788153215, 0.7420593993314719139, 0.7442619595420981726, 0.7453632396474113575, 0.7459138797000679499, 0.7460515397132320148, 0.7461891997263961906, 0.7464645197527244314, 0.7486670799633508011, 0.7508696401739770598, 0.7510073001871412357, 0.7511449602003053005, 0.7514202802266336523, 0.7519709202792901337, 0.7530722003846033186, 0.7552747605952295773, 0.7558254006478861697, 0.7563760407005426512, 0.7569266807531992436, 0.7572020007795275953, 0.7573396607926916602, 0.7574084907992737481, 0.7574773208058558360 ),
 .UNSPECIFIED. ) ;
#2878 = CARTESIAN_POINT ( 'NONE',  ( 1.518153342354986446, 9.447483730585785722, 0.7734659033964986774 ) ) ;
#2877 = CARTESIAN_POINT ( 'NONE',  ( 1.060660171779822525, 4.585121964646132860E-16, -1.060660171779822525 ) ) ;
#2879 = CARTESIAN_POINT ( 'NONE',  ( -4.409630270093162085E-16, 9.631249999044083410, 2.400490913332899545 ) ) ;
#2880 = EDGE_CURVE ( 'NONE', #1766, #8376, #3121, .T. ) ;
#2881 = VECTOR ( 'NONE', #6499, 1000.000000000000000 ) ;
#2882 = ORIENTED_EDGE ( 'NONE', *, *, #5698, .T. ) ;
#2883 = CARTESIAN_POINT ( 'NONE',  ( -0.4555138815618646753, 6.031260754665944468, -1.699999853105373493 ) ) ;
#2884 = CARTESIAN_POINT ( 'NONE',  ( -0.7713503662356219204, 10.20000000000001350, -1.619658762158837195 ) ) ;
#2885 = CARTESIAN_POINT ( 'NONE',  ( -4.136184376984511016E-06, 2.849939476670718896, 1.699999999990040589 ) ) ;
#2886 = CIRCLE ( 'NONE', #3036, 0.1000000000000001443 ) ;
#2887 = CARTESIAN_POINT ( 'NONE',  ( 1.699219332421054052, 0.2506564414296943988, -0.05313231600016290329 ) ) ;
#2888 = TOROIDAL_SURFACE ( 'NONE', #7733, 8.342827477683734116, 0.5000000000000000000 ) ;
#2889 = CARTESIAN_POINT ( 'NONE',  ( -1.668509449683975410, 5.670718140229915605, 0.3331374279618627976 ) ) ;
#2890 = EDGE_CURVE ( 'NONE', #2757, #5955, #647, .T. ) ;
#2891 = CARTESIAN_POINT ( 'NONE',  ( -2.078886112500000216, 6.656249999044066890, -2.545901223465009197E-16 ) ) ;
#2892 = CARTESIAN_POINT ( 'NONE',  ( -1.511225110434562424, 1.301042606982605321E-15, -0.2819002999258942710 ) ) ;
#2893 = CARTESIAN_POINT ( 'NONE',  ( -1.699999999999999956, 8.974999998088168951, -2.081899558550500280E-16 ) ) ;
#2894 = VERTEX_POINT ( 'NONE', #1413 ) ;
#2895 = CIRCLE ( 'NONE', #3443, 0.1000000000000001305 ) ;
#2896 = CARTESIAN_POINT ( 'NONE',  ( 2.078886112499999328, 7.647916665710751793, 1.200245456666450661 ) ) ;
#2897 = EDGE_CURVE ( 'NONE', #500, #8376, #1366, .T. ) ;
#2898 = CARTESIAN_POINT ( 'NONE',  ( 1.235034789783746367, 1.014621471311521361, 1.168264529493164616 ) ) ;
#2899 = EDGE_CURVE ( 'NONE', #3319, #4874, #6592, .T. ) ;
#2900 = CARTESIAN_POINT ( 'NONE',  ( 0.000000000000000000, 10.19999999999999929, 0.000000000000000000 ) ) ;
#2901 = CARTESIAN_POINT ( 'NONE',  ( 1.517910273279357902, 5.351811097229687952, -0.7665896480979128569 ) ) ;
#2902 = CARTESIAN_POINT ( 'NONE',  ( 1.469876756697713053E-16, 2.193749999044078525, -2.400490913332886667 ) ) ;
#2903 = AXIS2_PLACEMENT_3D ( 'NONE', #1040, #5987, #2026 ) ;
#2904 = CARTESIAN_POINT ( 'NONE',  ( 0.7165922432113660534, 0.5029124406867669927, -1.226156634155982861 ) ) ;
#2905 = CARTESIAN_POINT ( 'NONE',  ( -1.039443056249999664, 1.639583332377417602, -1.800368184999674437 ) ) ;
#2906 = CARTESIAN_POINT ( 'NONE',  ( 1.540753310137126686, 6.748386142356739725, -0.7219345237973296969 ) ) ;
#2907 = CARTESIAN_POINT ( 'NONE',  ( 8.859472740450727673E-06, 1.099999390085254491, -1.699999999976914422 ) ) ;
#2908 = CARTESIAN_POINT ( 'NONE',  ( 0.8259993777378437096, 1.681744965863497088, 1.486085271237857164 ) ) ;
#2909 = AXIS2_PLACEMENT_3D ( 'NONE', #4975, #2403, #3101 ) ;
#2910 = EDGE_LOOP ( 'NONE', ( #6318, #4578 ) ) ;
#2911 = CARTESIAN_POINT ( 'NONE',  ( 2.021536661701998305, 0.07027821740193782030, -0.5060343319756044345 ) ) ;
#2912 = CARTESIAN_POINT ( 'NONE',  ( 0.2328254656635803943, 3.359021933014890049, -1.684015501923945779 ) ) ;
#2913 = CARTESIAN_POINT ( 'NONE',  ( -0.5208144091724741243, 9.989413336388016873, 1.621442855125652116 ) ) ;
#2914 = CARTESIAN_POINT ( 'NONE',  ( 1.201985270554894323E-16, 8.975000000000001421, -1.962990915244727130 ) ) ;
#2915 = CARTESIAN_POINT ( 'NONE',  ( -1.039443056250000996, 2.572916665710751616, 1.800368184999674215 ) ) ;
#2916 = CARTESIAN_POINT ( 'NONE',  ( -1.015682339316231975, 2.045321540880999045, -1.366199675255927559 ) ) ;
#2917 = CARTESIAN_POINT ( 'NONE',  ( -2.078886112499999772, 3.010416665710751616, -1.200245456666450439 ) ) ;
#2918 = CARTESIAN_POINT ( 'NONE',  ( 1.403394849714139303, 8.732793871802796204, 0.9594815778404396367 ) ) ;
#2919 = CARTESIAN_POINT ( 'NONE',  ( -1.233781154491817134, 1.535632867940087909, 1.172231960835631082 ) ) ;
#2920 = CIRCLE ( 'NONE', #829, 7.857222055634679236 ) ;
#2921 = ADVANCED_FACE ( 'NONE', ( #3415 ), #7694, .T. ) ;
#2922 = ORIENTED_EDGE ( 'NONE', *, *, #608, .F. ) ;
#2923 = ORIENTED_EDGE ( 'NONE', *, *, #1019, .T. ) ;
#2924 = CARTESIAN_POINT ( 'NONE',  ( 1.087264475290775190, 9.598907548520331900, -1.311508918128737156 ) ) ;
#2925 = CARTESIAN_POINT ( 'NONE',  ( -1.700000000000000400, 4.133333331421502166, 0.9814954576223632321 ) ) ;
#2926 = CARTESIAN_POINT ( 'NONE',  ( 1.615569834242366332, 2.464938420990443468, 0.5411422671137809948 ) ) ;
#2927 = CARTESIAN_POINT ( 'NONE',  ( -2.078886112499999772, 6.510416665710750728, -1.200245456666450439 ) ) ;
#2928 = CARTESIAN_POINT ( 'NONE',  ( 7.138355639750680659, 3.000000000000000000, 2.750705138767090663 ) ) ;
#2930 = CARTESIAN_POINT ( 'NONE',  ( 1.696142101157734894, 9.492340600791239424, 0.1266523100070356400 ) ) ;
#2929 = DIRECTION ( 'NONE',  ( 0.000000000000000000, 0.000000000000000000, -1.000000000000000000 ) ) ;
#2931 = CARTESIAN_POINT ( 'NONE',  ( 1.469876756697720448E-16, 9.981249999044083054, -2.400490913332899545 ) ) ;
#2932 = EDGE_LOOP ( 'NONE', ( #7574, #5381, #5148, #5485 ) ) ;
#2933 = CARTESIAN_POINT ( 'NONE',  ( 0.000000000000000000, 10.19999999999999929, 0.000000000000000000 ) ) ;
#2934 = DIRECTION ( 'NONE',  ( -0.5120428415488789131, -0.6896551724137937045, -0.5120428415488786911 ) ) ;
#2935 = CARTESIAN_POINT ( 'NONE',  ( -0.5653940779204661427, 10.20000000000000462, 1.982558929306290407 ) ) ;
#2936 = CARTESIAN_POINT ( 'NONE',  ( 1.528517526801351112, 0.2023902778949714931, 0.7464284668432417114 ) ) ;
#2937 = FACE_OUTER_BOUND ( 'NONE', #5080, .T. ) ;
#2938 = CARTESIAN_POINT ( 'NONE',  ( 2.078886112500000216, 4.206249999044066712, 0.000000000000000000 ) ) ;
#2939 = CARTESIAN_POINT ( 'NONE',  ( -2.764932917675202884, -8.673617379884035472E-16, 0.5103612277134548236 ) ) ;
#2940 = CARTESIAN_POINT ( 'NONE',  ( -0.4555174462897625953, 2.818738996872204527, 1.699997795008761914 ) ) ;
#2941 = ORIENTED_EDGE ( 'NONE', *, *, #3087, .F. ) ;
#2942 = CARTESIAN_POINT ( 'NONE',  ( 1.699999999999999956, -0.4750000019118311712, 0.000000000000000000 ) ) ;
#2943 = CARTESIAN_POINT ( 'NONE',  ( -8.935751463362463047E-06, 0.08902073592286227632, 1.699992858970812426 ) ) ;
#2944 = CARTESIAN_POINT ( 'NONE',  ( 2.081899558550500280E-16, 10.19999999999999929, 1.699999999999999956 ) ) ;
#2945 = CARTESIAN_POINT ( 'NONE',  ( 1.641679173713650464, 5.271721936157850230, 0.4418859564286353736 ) ) ;
#2946 = CARTESIAN_POINT ( 'NONE',  ( -1.529196947011411956, -1.712189104798673472E-14, -0.7426686321980862093 ) ) ;
#2947 = CARTESIAN_POINT ( 'NONE',  ( -1.344975933751476393, 0.1240635722677454478, 1.041301584416905346 ) ) ;
#2948 = CARTESIAN_POINT ( 'NONE',  ( -1.736752850207440302, 0.5020656567513183122, 0.7908196425998302859 ) ) ;
#2949 = CARTESIAN_POINT ( 'NONE',  ( -2.078886112500000216, 3.156249999044084653, -2.545901223465009197E-16 ) ) ;
#2950 = CARTESIAN_POINT ( 'NONE',  ( 1.472100094851615415, 6.641599020167672229, 0.8510326407986051889 ) ) ;
#2951 = EDGE_CURVE ( 'NONE', #135, #4675, #111, .T. ) ;
#2952 = CARTESIAN_POINT ( 'NONE',  ( 1.671407183650544193, 1.819475620128746529, -0.3104987518466026386 ) ) ;
#2953 = ORIENTED_EDGE ( 'NONE', *, *, #1612, .F. ) ;
#2954 = CARTESIAN_POINT ( 'NONE',  ( 2.076504622989844506, 0.03953976016077685035, 0.1585708394484047490 ) ) ;
#2955 = CARTESIAN_POINT ( 'NONE',  ( -0.8196633749400997759, 9.969110081477420948, 1.495838277246951176 ) ) ;
#2956 = CARTESIAN_POINT ( 'NONE',  ( -1.699999999999999956, 8.449999999999999289, -2.081899558550500280E-16 ) ) ;
#2957 = CARTESIAN_POINT ( 'NONE',  ( -2.078886112500000216, 1.814583332377417868, 1.200245456666449106 ) ) ;
#2958 = CARTESIAN_POINT ( 'NONE',  ( 1.699999999999999956, 9.383333331421502166, -0.9814954576223635652 ) ) ;
#2959 = CARTESIAN_POINT ( 'NONE',  ( 1.039443056249998776, 2.602083332377417957, 1.800368184999675325 ) ) ;
#2960 = CARTESIAN_POINT ( 'NONE',  ( 1.253312955603274048, 8.883718363613857250, -1.148979498040859193 ) ) ;
#2961 = CARTESIAN_POINT ( 'NONE',  ( -1.586612680787517604, 1.490230086857193381, 0.6114968077871734131 ) ) ;
#2962 = ORIENTED_EDGE ( 'NONE', *, *, #4248, .T. ) ;
#2963 = CARTESIAN_POINT ( 'NONE',  ( 4.500000000000000000, 1.500000000000000444, 2.179449471770337432 ) ) ;
#2964 = CARTESIAN_POINT ( 'NONE',  ( 1.699999999999999067, 9.266666664754835026, 0.9814954576223646754 ) ) ;
#2965 = CARTESIAN_POINT ( 'NONE',  ( 1.613391078723849681, 2.534864588919969464, -0.5366062375325807432 ) ) ;
#2966 = CARTESIAN_POINT ( 'NONE',  ( -4.409630270093162085E-16, 8.843749999044085541, 2.400490913332899545 ) ) ;
#2967 = APPLICATION_CONTEXT ( 'automotive_design' ) ;
#2968 = CARTESIAN_POINT ( 'NONE',  ( -1.699335403504378839, 0.7467536151866817073, -0.05485116738312951351 ) ) ;
#2969 = CARTESIAN_POINT ( 'NONE',  ( 1.574280121429722179, 9.457335836821844310, 0.6422281848650096547 ) ) ;
#2970 = CARTESIAN_POINT ( 'NONE',  ( -2.078886112499999772, 1.743025202456706557, -1.200245456666450439 ) ) ;
#2971 = ORIENTED_EDGE ( 'NONE', *, *, #2897, .T. ) ;
#2972 = CARTESIAN_POINT ( 'NONE',  ( 0.8500000000000001998, 8.741666664754834670, -1.472243186433545459 ) ) ;
#2973 = LINE ( 'NONE', #925, #8203 ) ;
#2974 = CARTESIAN_POINT ( 'NONE',  ( 8.115610506523145818E-06, 0.4084494468852245541, -1.699993574324215162 ) ) ;
#2975 = DIRECTION ( 'NONE',  ( 0.000000000000000000, -1.000000000000000000, 0.000000000000000000 ) ) ;
#2976 = AXIS2_PLACEMENT_3D ( 'NONE', #5205, #1814, #3933 ) ;
#2977 = CARTESIAN_POINT ( 'NONE',  ( -4.409630270093162085E-16, 5.431249999044066357, 2.400490913332899545 ) ) ;
#2978 = CARTESIAN_POINT ( 'NONE',  ( 1.579546856402116894, -8.673617379884035472E-16, -1.711622984210242393 ) ) ;
#2979 = CARTESIAN_POINT ( 'NONE',  ( 1.017442446777842457, 5.895731185825741960, 1.361982455780079482 ) ) ;
#2980 = ORIENTED_EDGE ( 'NONE', *, *, #6431, .F. ) ;
#2981 = CIRCLE ( 'NONE', #7821, 5.500000000000000000 ) ;
#2982 = CARTESIAN_POINT ( 'NONE',  ( -2.078886112499999772, 7.297916665710750372, -1.200245456666450439 ) ) ;
#2983 = CARTESIAN_POINT ( 'NONE',  ( 1.697322137813084275, 1.094229843697725135, 0.09554114015889018929 ) ) ;
#2984 = FACE_OUTER_BOUND ( 'NONE', #2267, .T. ) ;
#2985 = AXIS2_PLACEMENT_3D ( 'NONE', #6725, #6030, #1507 ) ;
#2986 = CARTESIAN_POINT ( 'NONE',  ( 1.698565204019709229, 5.292256214057832864, 0.1298113091537251851 ) ) ;
#2987 = CARTESIAN_POINT ( 'NONE',  ( 1.335423256278105208, 0.01880631696244964776, -1.629483936838636460 ) ) ;
#2988 = CARTESIAN_POINT ( 'NONE',  ( 0.8096462869309519750, 0.5013298394558755033, 2.050878844003187318 ) ) ;
#2989 = CARTESIAN_POINT ( 'NONE',  ( -1.500408192261357243, 0.5019481274522706871, 1.266937315895866334 ) ) ;
#2990 = CARTESIAN_POINT ( 'NONE',  ( 2.078886112500000216, 4.906249999044083765, 0.000000000000000000 ) ) ;
#2991 = CARTESIAN_POINT ( 'NONE',  ( -1.029830976582858604, 7.646976593238693276, -1.353700051791999925 ) ) ;
#2992 = CARTESIAN_POINT ( 'NONE',  ( 0.9863874576539907180, 7.993356196340208442, 1.384833927251931662 ) ) ;
#2993 = CARTESIAN_POINT ( 'NONE',  ( 1.199267734007468444, 1.888792543610925856, -1.204890828537502845 ) ) ;
#2994 = VERTEX_POINT ( 'NONE', #3499 ) ;
#2995 = CARTESIAN_POINT ( 'NONE',  ( -0.8562021048397968626, 0.4846532744310124707, 1.901414448680115665 ) ) ;
#2996 = CYLINDRICAL_SURFACE ( 'NONE', #7545, 1.699999999999999956 ) ;
#2997 = CARTESIAN_POINT ( 'NONE',  ( -3.605955811664682968E-16, 5.824999999999999289, 1.962990915244727130 ) ) ;
#2998 = CARTESIAN_POINT ( 'NONE',  ( -2.078886112500000216, 6.714583332377418223, 1.200245456666449106 ) ) ;
#2999 = CARTESIAN_POINT ( 'NONE',  ( -4.297456257299410368E-08, 9.500000001037401276, -1.699999999999999289 ) ) ;
#3000 = CARTESIAN_POINT ( 'NONE',  ( -2.078886112500000216, 4.468749999044084653, -2.545901223465009197E-16 ) ) ;
#3001 = CARTESIAN_POINT ( 'NONE',  ( -1.506868029014701404, 8.396598521107529578, -0.7870117684724663443 ) ) ;
#3002 = CARTESIAN_POINT ( 'NONE',  ( -1.462308743203510453, 1.509900612973486655, 0.8706385645338722279 ) ) ;
#3003 = ORIENTED_EDGE ( 'NONE', *, *, #8397, .F. ) ;
#3004 = CARTESIAN_POINT ( 'NONE',  ( 4.500000000000000000, 1.500000000000000444, 2.179449471770337432 ) ) ;
#3005 = CARTESIAN_POINT ( 'NONE',  ( -1.700000000000000400, 9.733333331421501811, 0.9814954576223632321 ) ) ;
#3006 = ADVANCED_FACE ( 'NONE', ( #2147 ), #4240, .F. ) ;
#3007 = FACE_OUTER_BOUND ( 'NONE', #3708, .T. ) ;
#3008 = CARTESIAN_POINT ( 'NONE',  ( -2.078886112500000216, 8.727083332377420177, 1.200245456666449106 ) ) ;
#3009 = ADVANCED_FACE ( 'NONE', ( #2984 ), #4984, .T. ) ;
#3010 = CARTESIAN_POINT ( 'NONE',  ( -1.698885568760749365, 0.7545267780582888273, 0.07060779473785031013 ) ) ;
#3012 = CARTESIAN_POINT ( 'NONE',  ( 1.698471831543666877, 9.505631211954039372, -0.09017911291213846769 ) ) ;
#3011 =( LENGTH_UNIT ( ) NAMED_UNIT ( * ) SI_UNIT ( .MILLI., .METRE. ) );
#3013 = CARTESIAN_POINT ( 'NONE',  ( 2.078886112499999328, 4.893025202456707135, 1.200245456666450661 ) ) ;
#3014 =( BOUNDED_CURVE ( )  B_SPLINE_CURVE ( 3, ( #6573, #701, #611, #8554 ),
 .UNSPECIFIED., .F., .F. ) 
 B_SPLINE_CURVE_WITH_KNOTS ( ( 4, 4 ),
 ( 5.978492653164188653, 6.587877961194983811 ),
 .UNSPECIFIED. ) 
 CURVE ( )  GEOMETRIC_REPRESENTATION_ITEM ( )  RATIONAL_B_SPLINE_CURVE ( ( 1.000000000000000000, 0.9692928009446304394, 0.9692928009446304394, 1.000000000000000000 ) ) 
 REPRESENTATION_ITEM ( '' )  );
#3015 = ORIENTED_EDGE ( 'NONE', *, *, #3360, .F. ) ;
#3016 = CARTESIAN_POINT ( 'NONE',  ( 0.000000000000000000, 8.000000000000000000, -4.999999999999999112 ) ) ;
#3017 = CARTESIAN_POINT ( 'NONE',  ( -7.120239627063072341, 3.000000000000000000, 2.798815421262993652 ) ) ;
#3018 = CARTESIAN_POINT ( 'NONE',  ( 1.469876756697713053E-16, 9.893749999044080923, -2.400490913332886667 ) ) ;
#3019 = CARTESIAN_POINT ( 'NONE',  ( 1.167667789894093255, 0.3082961962884404050, 1.235599862485309286 ) ) ;
#3020 = FACE_OUTER_BOUND ( 'NONE', #8483, .T. ) ;
#3021 = CARTESIAN_POINT ( 'NONE',  ( -2.078886112500000216, 3.797916665710733497, -1.200245456666450217 ) ) ;
#3022 = CARTESIAN_POINT ( 'NONE',  ( -1.422126422667435941, 1.301042606982605321E-15, -2.153577404251120431 ) ) ;
#3023 = EDGE_LOOP ( 'NONE', ( #2980, #572, #4733, #7734 ) ) ;
#3024 = CARTESIAN_POINT ( 'NONE',  ( -1.039443056249999664, 8.639583332377416269, -1.800368184999674437 ) ) ;
#3025 = CARTESIAN_POINT ( 'NONE',  ( 0.7010214944967023687, 1.227161070419602096, -1.549968533341583798 ) ) ;
#3026 = CARTESIAN_POINT ( 'NONE',  ( -2.078886112500000216, 0.2687499990440844200, -2.545901223465009197E-16 ) ) ;
#3027 = AXIS2_PLACEMENT_3D ( 'NONE', #6396, #1739, #7685 ) ;
#3028 = CARTESIAN_POINT ( 'NONE',  ( -0.7177189224734771278, 9.024255013195396913, -1.541071843361980553 ) ) ;
#3029 = CARTESIAN_POINT ( 'NONE',  ( -1.039443056249994113, 0.8520833323774117396, -1.800368184999665333 ) ) ;
#3030 = CARTESIAN_POINT ( 'NONE',  ( -1.649955120980038270, 0.02270512423511716199, -0.4296935314244095805 ) ) ;
#3031 = CARTESIAN_POINT ( 'NONE',  ( -1.476759113415801350, 0.5019248857017445387, 1.300615407370760312 ) ) ;
#3032 = CARTESIAN_POINT ( 'NONE',  ( -1.039443056250000996, 3.272916665710751349, 1.800368184999674215 ) ) ;
#3033 = CARTESIAN_POINT ( 'NONE',  ( 0.6331957820554900973, 6.831545964412488736, -1.577921083357364251 ) ) ;
#3034 = CARTESIAN_POINT ( 'NONE',  ( 1.044789823814139096, 7.997779047624926640, 1.341064626794588932 ) ) ;
#3035 = CARTESIAN_POINT ( 'NONE',  ( 1.209026370775258430, 1.887874919866910917, -1.195103875150037354 ) ) ;
#3036 = AXIS2_PLACEMENT_3D ( 'NONE', #2866, #821, #6083 ) ;
#3037 = EDGE_LOOP ( 'NONE', ( #921, #3649, #5716, #2045, #2923, #621 ) ) ;
#3038 = PLANE ( 'NONE',  #7549 ) ;
#3039 = CARTESIAN_POINT ( 'NONE',  ( 0.000000000000000000, 1.890482217611112015, -7.650000000000000355 ) ) ;
#3040 = CARTESIAN_POINT ( 'NONE',  ( 1.699999999999999067, 7.341666666666666785, 0.9814954576223646754 ) ) ;
#3041 = CARTESIAN_POINT ( 'NONE',  ( 1.039443056249998776, 6.889583332377417157, 1.800368184999675325 ) ) ;
#3042 = CARTESIAN_POINT ( 'NONE',  ( -1.699999999999999512, 1.216666664754835425, -0.9814954576223642313 ) ) ;
#3043 = CARTESIAN_POINT ( 'NONE',  ( 2.078886112499999328, 4.760416665710750728, 1.200245456666450661 ) ) ;
#3044 = CARTESIAN_POINT ( 'NONE',  ( -0.2226520995358929056, 8.290280476314819680, -1.699998919059328317 ) ) ;
#3045 = CARTESIAN_POINT ( 'NONE',  ( -1.148820714585014890, 1.543386735354677519, 1.253088155513721658 ) ) ;
#3046 = AXIS2_PLACEMENT_3D ( 'NONE', #4246, #4376, #8230 ) ;
#3047 = ORIENTED_EDGE ( 'NONE', *, *, #5967, .T. ) ;
#3048 = CARTESIAN_POINT ( 'NONE',  ( 1.475351159053809535, 3.841582343629731167, 0.8521841871039557148 ) ) ;
#3049 = CARTESIAN_POINT ( 'NONE',  ( 1.699999999999999956, 8.624999998088169306, 0.000000000000000000 ) ) ;
#3050 = CARTESIAN_POINT ( 'NONE',  ( 1.692116981739116399, 2.512090170296707559, -0.1982826052100537528 ) ) ;
#3051 = CARTESIAN_POINT ( 'NONE',  ( 2.078886112499999772, 6.977083332377417513, -1.200245456666449329 ) ) ;
#3052 = CARTESIAN_POINT ( 'NONE',  ( -1.641872727237513097, 0.7782025261009615225, 0.4409196710005025555 ) ) ;
#3053 = CARTESIAN_POINT ( 'NONE',  ( 1.630091074708101662, 8.067843623283128096, 0.4996606187973596791 ) ) ;
#3054 = CARTESIAN_POINT ( 'NONE',  ( -2.078886112500000216, 2.501358535790040527, -2.545901223465009197E-16 ) ) ;
#3055 = EDGE_CURVE ( 'NONE', #5875, #6878, #5441, .T. ) ;
#3056 = TOROIDAL_SURFACE ( 'NONE', #7335, 5.500000000000000000, 0.5000000000000000000 ) ;
#3057 = ORIENTED_EDGE ( 'NONE', *, *, #3530, .F. ) ;
#3058 =( LENGTH_UNIT ( ) NAMED_UNIT ( * ) SI_UNIT ( .MILLI., .METRE. ) );
#3059 = CARTESIAN_POINT ( 'NONE',  ( 1.699999999999999289, 5.066666664754835736, 0.9814954576223646754 ) ) ;
#3060 = CARTESIAN_POINT ( 'NONE',  ( 0.1497157318648138224, 0.2352739296665784519, 1.693543185987907096 ) ) ;
#3061 = AXIS2_PLACEMENT_3D ( 'NONE', #7791, #7831, #2664 ) ;
#3062 = CARTESIAN_POINT ( 'NONE',  ( -5.036781010732885200, 4.909999999999999254, -2.915460667173241482 ) ) ;
#3063 = CARTESIAN_POINT ( 'NONE',  ( -4.409630270093162085E-16, 4.031249999044067778, 2.400490913332899545 ) ) ;
#3064 = CARTESIAN_POINT ( 'NONE',  ( -1.798380020882519359, 2.602085213965210642E-15, -1.906318486991361194 ) ) ;
#3065 = EDGE_LOOP ( 'NONE', ( #5579, #1641, #6065, #2953 ) ) ;
#3066 = CARTESIAN_POINT ( 'NONE',  ( 1.469876756697720448E-16, 9.281249999044083765, -2.400490913332899545 ) ) ;
#3067 = LINE ( 'NONE', #5108, #7946 ) ;
#3068 = CARTESIAN_POINT ( 'NONE',  ( 1.039443056249998776, 1.902083332377417557, 1.800368184999675325 ) ) ;
#3069 = CARTESIAN_POINT ( 'NONE',  ( 0.09194807149669531610, 5.468689849943055847, -1.697513670992970569 ) ) ;
#3070 = CARTESIAN_POINT ( 'NONE',  ( -2.078886112499990002, 3.127083332377411207, 1.200245456666443111 ) ) ;
#3071 = CARTESIAN_POINT ( 'NONE',  ( -1.700802475577969597, 0.04640815081146262150, -0.06111519499169512648 ) ) ;
#3072 = CARTESIAN_POINT ( 'NONE',  ( -1.772659363758344986, 0.5020938691758353167, -0.2957125759555742639 ) ) ;
#3073 = CARTESIAN_POINT ( 'NONE',  ( -1.039443056249999664, 6.539583332377417513, -1.800368184999674437 ) ) ;
#3074 = EDGE_CURVE ( 'NONE', #2586, #8045, #7770, .T. ) ;
#3075 = CARTESIAN_POINT ( 'NONE',  ( -0.4421486299803288333, 7.604880103514428669, -1.656319811440024381 ) ) ;
#3076 = CARTESIAN_POINT ( 'NONE',  ( 0.2276811485667096790, 1.959376963627786239, -1.684824541391187314 ) ) ;
#3077 = ORIENTED_EDGE ( 'NONE', *, *, #5713, .T. ) ;
#3078 = LINE ( 'NONE', #5039, #7684 ) ;
#3079 = CARTESIAN_POINT ( 'NONE',  ( -0.9820137993095470197, 2.742871771561535166, -1.387682826054415619 ) ) ;
#3080 = PLANE ( 'NONE',  #2976 ) ;
#3081 = CARTESIAN_POINT ( 'NONE',  ( 1.699999999999999067, 8.741666666666665364, 0.9814954576223646754 ) ) ;
#3082 = CARTESIAN_POINT ( 'NONE',  ( 1.039443056249998776, 5.489583332377417690, 1.800368184999675325 ) ) ;
#3083 = DIRECTION ( 'NONE',  ( 0.000000000000000000, 1.000000000000000000, 0.000000000000000000 ) ) ;
#3084 = CARTESIAN_POINT ( 'NONE',  ( -4.409630270093162085E-16, 2.543749999044083943, 2.400490913332899545 ) ) ;
#3085 = DIRECTION ( 'NONE',  ( 0.000000000000000000, 0.000000000000000000, -1.000000000000000000 ) ) ;
#3086 = CARTESIAN_POINT ( 'NONE',  ( -1.103179765533035539, 1.352611949464717522, -1.294041717211012799 ) ) ;
#3087 = EDGE_CURVE ( 'NONE', #5271, #756, #4735, .T. ) ;
#3088 = ORIENTED_EDGE ( 'NONE', *, *, #688, .F. ) ;
#3089 = CARTESIAN_POINT ( 'NONE',  ( 1.696440753672969981, 3.888753477327077768, 0.1811163014983336317 ) ) ;
#3090 = CARTESIAN_POINT ( 'NONE',  ( -0.8499999999999996447, 8.858333331421500034, -1.472243186433545681 ) ) ;
#3091 = CARTESIAN_POINT ( 'NONE',  ( 1.015038257873969396, 2.395253134134290196, 1.367216393439694810 ) ) ;
#3092 = CARTESIAN_POINT ( 'NONE',  ( -2.078886112500000216, 8.668749999044084831, -2.545901223465009197E-16 ) ) ;
#3093 = DIRECTION ( 'NONE',  ( 0.7071067811865474617, 0.000000000000000000, -0.7071067811865474617 ) ) ;
#3094 = CARTESIAN_POINT ( 'NONE',  ( 1.696050886099705224, 8.092845435952234823, 0.1179735753814443178 ) ) ;
#3095 = CARTESIAN_POINT ( 'NONE',  ( -2.078886112500000216, 3.959691869123372676, 1.200245456666449106 ) ) ;
#3096 = ADVANCED_FACE ( 'NONE', ( #7536 ), #2323, .F. ) ;
#3097 = ORIENTED_EDGE ( 'NONE', *, *, #3103, .T. ) ;
#3098 = CARTESIAN_POINT ( 'NONE',  ( 9.342137235670203765E-07, 8.625013671162019335, 1.699999999999489253 ) ) ;
#3099 = CARTESIAN_POINT ( 'NONE',  ( 0.000000000000000000, -4.800000000000000711, -9.099999999999997868 ) ) ;
#3100 = CARTESIAN_POINT ( 'NONE',  ( 1.302395311790141230, 0.3210617849280402170, 1.100370948472044086 ) ) ;
#3101 = DIRECTION ( 'NONE',  ( 0.000000000000000000, 0.000000000000000000, 1.000000000000000000 ) ) ;
#3102 = CARTESIAN_POINT ( 'NONE',  ( 2.078886112499999772, 8.347916665710734208, 1.200245456666450883 ) ) ;
#3103 = EDGE_CURVE ( 'NONE', #1476, #2504, #7494, .T. ) ;
#3104 = CARTESIAN_POINT ( 'NONE',  ( -0.2383180815569224120, 0.000000000000000000, -2.478382820978014323 ) ) ;
#3105 = VERTEX_POINT ( 'NONE', #1498 ) ;
#3106 = CARTESIAN_POINT ( 'NONE',  ( -0.8500000000000007550, 2.091666664754835647, 1.472243186433545237 ) ) ;
#3107 = CARTESIAN_POINT ( 'NONE',  ( 1.697920403618699003, 1.094904183191377944, 0.08455753760587095269 ) ) ;
#3108 = CARTESIAN_POINT ( 'NONE',  ( -1.039443056249999664, 2.252083332377417424, -1.800368184999674437 ) ) ;
#3109 = CARTESIAN_POINT ( 'NONE',  ( 0.06798128151645303763, 5.470334767226673556, -1.698774161918779280 ) ) ;
#3110 = EDGE_CURVE ( 'NONE', #4875, #5699, #6891, .T. ) ;
#3111 = CARTESIAN_POINT ( 'NONE',  ( -2.078886112499989114, 4.468749999044078436, -2.545901223464995885E-16 ) ) ;
#3112 = DIRECTION ( 'NONE',  ( -0.2225024825725308575, 0.000000000000000000, 0.9749321234060660535 ) ) ;
#3113 = CARTESIAN_POINT ( 'NONE',  ( -1.714485865970066358, 0.5023189194645223399, -0.4664788632497777754 ) ) ;
#3114 = CARTESIAN_POINT ( 'NONE',  ( -1.039443056250000996, 7.472916665710750195, 1.800368184999674215 ) ) ;
#3115 = CARTESIAN_POINT ( 'NONE',  ( -1.569586035372760424, 7.706713456060476197, -0.6530275919064332246 ) ) ;
#3116 = CARTESIAN_POINT ( 'NONE',  ( 1.517213211254215377, 8.048148411266781821, 0.7669031284483842636 ) ) ;
#3117 = CARTESIAN_POINT ( 'NONE',  ( 0.6906925441986576653, 1.927602106000435578, -1.553548237444327462 ) ) ;
#3118 = AXIS2_PLACEMENT_3D ( 'NONE', #5979, #2018, #7313 ) ;
#3119 = ORIENTED_EDGE ( 'NONE', *, *, #823, .F. ) ;
#3120 = CARTESIAN_POINT ( 'NONE',  ( 1.690944586629947732, 4.611294212683708871, -0.1773951481394852592 ) ) ;
#3121 = LINE ( 'NONE', #3727, #614 ) ;
#3122 = LINE ( 'NONE', #545, #8233 ) ;
#3123 = CARTESIAN_POINT ( 'NONE',  ( -0.8499999999999996447, 9.733333333333334281, -1.472243186433545681 ) ) ;
#3124 = CARTESIAN_POINT ( 'NONE',  ( 2.078886112500000216, 4.206249999044083587, 0.000000000000000000 ) ) ;
#3125 = CARTESIAN_POINT ( 'NONE',  ( -4.409630270093162085E-16, 6.043749999044084831, 2.400490913332899545 ) ) ;
#3126 = CARTESIAN_POINT ( 'NONE',  ( -0.8523623613140920430, 8.333623916924944197, -1.475083379203491862 ) ) ;
#3127 = LINE ( 'NONE', #5249, #5837 ) ;
#3128 = VERTEX_POINT ( 'NONE', #1542 ) ;
#3129 = CARTESIAN_POINT ( 'NONE',  ( 1.292763890388055170, 3.979509472686272087, -1.104339729968052186 ) ) ;
#3130 = CARTESIAN_POINT ( 'NONE',  ( -3.605955811664682968E-16, 9.149999998088169662, 1.962990915244727130 ) ) ;
#3131 = CARTESIAN_POINT ( 'NONE',  ( -4.500000000000000000, 7.499999999999998224, -2.179449471770337432 ) ) ;
#3132 = CARTESIAN_POINT ( 'NONE',  ( -0.8458001582428616993, 0.03547965747715887269, 1.474889218727407858 ) ) ;
#3133 = CARTESIAN_POINT ( 'NONE',  ( -1.171589720655227485, 0.6587077638675959967, -1.231909746859174870 ) ) ;
#3135 = CARTESIAN_POINT ( 'NONE',  ( 1.557602552833528442, 8.145370745197718421, -0.6811950456851664226 ) ) ;
#3134 = PRODUCT_CONTEXT ( 'NONE', #1455, 'mechanical' ) ;
#3136 = CARTESIAN_POINT ( 'NONE',  ( -1.039443056249999664, 3.084691869123373564, -1.800368184999674437 ) ) ;
#3137 = VERTEX_POINT ( 'NONE', #1630 ) ;
#3138 = CARTESIAN_POINT ( 'NONE',  ( 1.466708738205753093, 6.059096059062090589, -0.8597309063892319969 ) ) ;
#3139 = DIRECTION ( 'NONE',  ( -0.6936187941687647074, -0.000000000000000000, 0.7203422578024066825 ) ) ;
#3140 = CARTESIAN_POINT ( 'NONE',  ( -7.252000366886311333, 3.200000000000000178, 2.435362535369389292 ) ) ;
#3141 = CARTESIAN_POINT ( 'NONE',  ( 1.016141987996382667, 0.1525708530566257104, 1.363187319847908974 ) ) ;
#3142 = DIRECTION ( 'NONE',  ( 0.000000000000000000, 0.000000000000000000, -1.000000000000000000 ) ) ;
#3143 = CARTESIAN_POINT ( 'NONE',  ( 1.039443056249998776, 8.289583332377400637, 1.800368184999675547 ) ) ;
#3144 = ORIENTED_EDGE ( 'NONE', *, *, #5913, .T. ) ;
#3145 = ORIENTED_EDGE ( 'NONE', *, *, #2244, .T. ) ;
#3146 = CARTESIAN_POINT ( 'NONE',  ( 1.699999999999999956, 0.2833333314215021326, -0.9814954576223635652 ) ) ;
#3147 = DIRECTION ( 'NONE',  ( 0.7071067811865474617, 0.000000000000000000, 0.7071067811865474617 ) ) ;
#3148 = CARTESIAN_POINT ( 'NONE',  ( 2.078886112499999772, -0.7229166676225823318, -1.200245456666449329 ) ) ;
#3149 = CARTESIAN_POINT ( 'NONE',  ( 0.1864407091113510495, 5.462205547223736524, -1.689864876604336930 ) ) ;
#3150 = CARTESIAN_POINT ( 'NONE',  ( -2.078886112499990002, 3.827083332377410940, 1.200245456666443111 ) ) ;
#3151 = PRODUCT_DEFINITION_SHAPE ( 'NONE', 'NONE',  #5252 ) ;
#3152 = EDGE_CURVE ( 'NONE', #5229, #8273, #8461, .T. ) ;
#3153 = CARTESIAN_POINT ( 'NONE',  ( -0.4555135692838577777, 2.118739262941236934, 1.700000033399164501 ) ) ;
#3154 = CARTESIAN_POINT ( 'NONE',  ( 7.199799341529545593, 3.046643593403177253, -2.586003223429768738 ) ) ;
#3155 = CARTESIAN_POINT ( 'NONE',  ( 1.039443056250000330, 5.722916665710751083, -1.800368184999674215 ) ) ;
#3156 = CARTESIAN_POINT ( 'NONE',  ( -1.468173744619903465, 7.691132364241829222, -0.8581089181981321756 ) ) ;
#3157 = CYLINDRICAL_SURFACE ( 'NONE', #1765, 1.699999999999999956 ) ;
#3158 = EDGE_CURVE ( 'NONE', #3221, #4213, #1, .T. ) ;
#3159 = VERTEX_POINT ( 'NONE', #4285 ) ;
#3160 = CARTESIAN_POINT ( 'NONE',  ( 0.000000000000000000, 1.000000000000000000, 0.000000000000000000 ) ) ;
#3161 = DIRECTION ( 'NONE',  ( 0.000000000000000000, 1.000000000000000000, -0.000000000000000000 ) ) ;
#3162 = CARTESIAN_POINT ( 'NONE',  ( 0.4555143788812143213, 5.681260788795702510, 1.699999565977913019 ) ) ;
#3163 = CARTESIAN_POINT ( 'NONE',  ( 2.078886112499999328, 6.247916665710749662, 1.200245456666450661 ) ) ;
#3164 = CARTESIAN_POINT ( 'NONE',  ( -4.409630270093162085E-16, 7.443749999044084298, 2.400490913332899545 ) ) ;
#3165 = CARTESIAN_POINT ( 'NONE',  ( -1.698221889257965911, 8.455350580048010656, 0.08560399303091666134 ) ) ;
#3166 = CARTESIAN_POINT ( 'NONE',  ( 0.000000000000000000, 10.19999999999999929, 0.000000000000000000 ) ) ;
#3167 = VECTOR ( 'NONE', #4209, 1000.000000000000000 ) ;
#3168 = CARTESIAN_POINT ( 'NONE',  ( -0.5569316483007387131, 4.113220538689454919, -1.606214630795973042 ) ) ;
#3169 = ORIENTED_EDGE ( 'NONE', *, *, #968, .T. ) ;
#3170 = CARTESIAN_POINT ( 'NONE',  ( 0.7602051786137594691, 4.022829921937293385, -1.520589710552146423 ) ) ;
#3171 = CARTESIAN_POINT ( 'NONE',  ( 0.8166963706961297698, 3.080995901423705163, 1.491292202392145105 ) ) ;
#3172 = CARTESIAN_POINT ( 'NONE',  ( 0.2889748926876660740, 2.655168366527182133, -1.675278244435324471 ) ) ;
#3173 = CARTESIAN_POINT ( 'NONE',  ( -0.9462070860287323804, 0.02883678109570401993, 1.412378106035969472 ) ) ;
#3174 = CARTESIAN_POINT ( 'NONE',  ( -1.700000000000000400, 0.8083333333333332371, 0.9814954576223632321 ) ) ;
#3175 = CARTESIAN_POINT ( 'NONE',  ( 0.000000000000000000, 1.500000000000000444, 0.000000000000000000 ) ) ;
#3176 = CARTESIAN_POINT ( 'NONE',  ( 0.01868735532591765322, 8.273718326580004501, -1.699903663068525361 ) ) ;
#3177 = CARTESIAN_POINT ( 'NONE',  ( -1.039443056249999664, 7.284691869123373742, -1.800368184999674437 ) ) ;
#3178 = EDGE_CURVE ( 'NONE', #6502, #2610, #7112, .T. ) ;
#3179 = ORIENTED_EDGE ( 'NONE', *, *, #3640, .T. ) ;
#3180 = CARTESIAN_POINT ( 'NONE',  ( 1.098058248400073600, 6.097804358836513394, -1.298078946518407273 ) ) ;
#3181 = DIRECTION ( 'NONE',  ( 0.000000000000000000, 0.000000000000000000, -1.000000000000000000 ) ) ;
#3182 = B_SPLINE_CURVE_WITH_KNOTS ( 'NONE', 3,
 ( #1270, #1231, #618, #4671, #5927, #8562, #4545, #2628, #7912, #4627 ),
 .UNSPECIFIED., .F., .F.,
 ( 4, 2, 2, 2, 4 ),
 ( 8.673617379884035472E-19, 0.0002774483335560882580, 0.0004161725003341315739, 0.0004855345837231535571, 0.0005548966671121755402 ),
 .UNSPECIFIED. ) ;
#3183 = CARTESIAN_POINT ( 'NONE',  ( 0.6517257837748809957, 7.269630532823931013, 1.571013962668650787 ) ) ;
#3184 = LINE ( 'NONE', #3791, #249 ) ;
#3185 = CARTESIAN_POINT ( 'NONE',  ( 2.192316302326503763, 7.763936109177590694, -4.555813038156334649 ) ) ;
#3186 = VECTOR ( 'NONE', #5944, 1000.000000000000114 ) ;
#3187 = CARTESIAN_POINT ( 'NONE',  ( 1.039443056250000330, 9.922916665710735273, -1.800368184999674437 ) ) ;
#3188 = ORIENTED_EDGE ( 'NONE', *, *, #6876, .T. ) ;
#3189 = ORIENTED_EDGE ( 'NONE', *, *, #6604, .T. ) ;
#3190 = CARTESIAN_POINT ( 'NONE',  ( -0.8500000000000007550, 1.391666664754835470, 1.472243186433545237 ) ) ;
#3191 = FACE_OUTER_BOUND ( 'NONE', #3309, .T. ) ;
#3192 = CARTESIAN_POINT ( 'NONE',  ( 0.1556385744335067600, 5.464319432326711024, -1.693094484806722422 ) ) ;
#3193 = CARTESIAN_POINT ( 'NONE',  ( -1.039443056249995445, 3.885416665710744066, 1.800368184999665111 ) ) ;
#3194 = CARTESIAN_POINT ( 'NONE',  ( -4.400384907665015000, 6.000000000000000000, 2.279064564105303337 ) ) ;
#3195 = DIRECTION ( 'NONE',  ( 0.000000000000000000, 1.000000000000000000, 0.000000000000000000 ) ) ;
#3196 = CARTESIAN_POINT ( 'NONE',  ( -1.039443056249999664, 5.839583332377418223, -1.800368184999674437 ) ) ;
#3197 = CARTESIAN_POINT ( 'NONE',  ( -0.7555866083606955774, 7.873237749090232107, 1.523093606349717799 ) ) ;
#3198 = CARTESIAN_POINT ( 'NONE',  ( 0.000000000000000000, 10.19999999999999929, 0.000000000000000000 ) ) ;
#3199 = CARTESIAN_POINT ( 'NONE',  ( -1.028300464627482924, 8.673617379884035472E-16, -1.000663477589573525 ) ) ;
#3200 = EDGE_CURVE ( 'NONE', #3137, #2671, #564, .T. ) ;
#3201 = ORIENTED_EDGE ( 'NONE', *, *, #2723, .T. ) ;
#3202 = CARTESIAN_POINT ( 'NONE',  ( 1.410593796492525254, 4.533591649687989111, 0.9522281716143182750 ) ) ;
#3203 = CARTESIAN_POINT ( 'NONE',  ( -9.505903190829839070E-07, 4.949986082340667615, 1.699999999999473488 ) ) ;
#3204 = DIRECTION ( 'NONE',  ( -0.000000000000000000, -1.000000000000000000, -0.000000000000000000 ) ) ;
#3205 = VECTOR ( 'NONE', #5857, 1000.000000000000000 ) ;
#3206 = CARTESIAN_POINT ( 'NONE',  ( -0.5572500528913046924, 0.5215026186662824470, -0.06188482871156201354 ) ) ;
#3207 = CARTESIAN_POINT ( 'NONE',  ( 2.078886112499999772, 8.377083332377416980, -1.200245456666449329 ) ) ;
#3208 = CARTESIAN_POINT ( 'NONE',  ( -1.604611479534951757, 8.486651721086282407, 0.5616277008011155703 ) ) ;
#3209 = DIRECTION ( 'NONE',  ( 0.4876598490941728703, -0.7241379310344820963, -0.4876598490941694286 ) ) ;
#3210 = FACE_BOUND ( 'NONE', #7837, .T. ) ;
#3211 = ORIENTED_EDGE ( 'NONE', *, *, #3638, .T. ) ;
#3212 = CARTESIAN_POINT ( 'NONE',  ( 0.7570464215952990017, 4.023045884325810562, -1.522140873967869235 ) ) ;
#3213 = CARTESIAN_POINT ( 'NONE',  ( -2.545165380528041421, 3.063075121266646494, 7.214304113546739394 ) ) ;
#3214 = CARTESIAN_POINT ( 'NONE',  ( 0.8496345926490109779, 2.616691604687655381, -1.472500122745413531 ) ) ;
#3215 = CARTESIAN_POINT ( 'NONE',  ( -3.956290731841368036, 2.373921791567575657, 3.226782805549640809 ) ) ;
#3216 = FACE_OUTER_BOUND ( 'NONE', #3666, .T. ) ;
#3217 = DIRECTION ( 'NONE',  ( 0.7071067811865474617, 0.000000000000000000, 0.7071067811865474617 ) ) ;
#3218 = CARTESIAN_POINT ( 'NONE',  ( 1.699247813516111982, 8.096724715105716896, 0.05469288525441714371 ) ) ;
#3219 = CARTESIAN_POINT ( 'NONE',  ( 2.078886112500000216, 6.351358535790039284, 0.000000000000000000 ) ) ;
#3220 = AXIS2_PLACEMENT_3D ( 'NONE', #7840, #3204, #8402 ) ;
#3221 = VERTEX_POINT ( 'NONE', #7288 ) ;
#3222 = CARTESIAN_POINT ( 'NONE',  ( 1.662396200356782261, 5.977569624804680792, 0.3556916643579872694 ) ) ;
#3223 = CARTESIAN_POINT ( 'NONE',  ( 1.259261628838151736, 7.316636217768165196, 1.148157133607365710 ) ) ;
#3224 = CARTESIAN_POINT ( 'NONE',  ( 1.382733392410123052, 0.4696658013808110987, -0.9889982657626684714 ) ) ;
#3225 = CARTESIAN_POINT ( 'NONE',  ( -4.740911452948445911E-06, 4.249930311939633221, 1.699999999986796295 ) ) ;
#3226 = ORIENTED_EDGE ( 'NONE', *, *, #5079, .F. ) ;
#3227 = ORIENTED_EDGE ( 'NONE', *, *, #5970, .T. ) ;
#3228 = CARTESIAN_POINT ( 'NONE',  ( -0.8500000000000007550, 2.791666664754835825, 1.472243186433545237 ) ) ;
#3229 = DIRECTION ( 'NONE',  ( -0.000000000000000000, 1.000000000000000000, -0.000000000000000000 ) ) ;
#3230 = CARTESIAN_POINT ( 'NONE',  ( -1.680355665228789874, 9.166019618046014727, 0.2578993611438412659 ) ) ;
#3231 = CARTESIAN_POINT ( 'NONE',  ( 1.039443056249993225, 3.302083332377411029, 1.800368184999666221 ) ) ;
#3232 = CARTESIAN_POINT ( 'NONE',  ( -1.262381555161120827, 2.232679051015733052, 1.138638862626152104 ) ) ;
#3233 = CARTESIAN_POINT ( 'NONE',  ( -0.3543433064117283982, 0.2007318864457628971, 1.664539282415920418 ) ) ;
#3234 = CARTESIAN_POINT ( 'NONE',  ( 9.368548013477252244E-16, 8.000000000000000000, 7.650000000000000355 ) ) ;
#3235 = CARTESIAN_POINT ( 'NONE',  ( -1.039443056249999664, 8.639583332377416269, -1.800368184999674437 ) ) ;
#3236 = CARTESIAN_POINT ( 'NONE',  ( -0.3518305742854820339, 7.900852964650677102, 1.663209392565998312 ) ) ;
#3237 = DIRECTION ( 'NONE',  ( -0.000000000000000000, -1.000000000000000000, -0.000000000000000000 ) ) ;
#3238 = EDGE_LOOP ( 'NONE', ( #6208, #196, #6843, #3361 ) ) ;
#3239 = CARTESIAN_POINT ( 'NONE',  ( 1.664678593619338010, 4.621663649729780055, -0.3471718612572520235 ) ) ;
#3240 = PLANE ( 'NONE',  #7010 ) ;
#3241 = DIRECTION ( 'NONE',  ( 0.000000000000000000, 1.000000000000000000, 0.000000000000000000 ) ) ;
#3242 = CARTESIAN_POINT ( 'NONE',  ( -0.4031782182226015254, 0.5093754850459218941, 0.6943233832819504237 ) ) ;
#3243 = CARTESIAN_POINT ( 'NONE',  ( -2.078886112500000216, 7.327083332377418046, 1.200245456666449106 ) ) ;
#3244 = CARTESIAN_POINT ( 'NONE',  ( -0.9404390837536804604, 8.560231982989334298, 1.416189398392713850 ) ) ;
#3245 = CARTESIAN_POINT ( 'NONE',  ( -0.6253386804706547730, 4.817918471287353732, -1.581036318158843379 ) ) ;
#3246 = CARTESIAN_POINT ( 'NONE',  ( 1.838176997509150219E-08, 3.199999727716597686, -1.699999999999999734 ) ) ;
#3247 = CARTESIAN_POINT ( 'NONE',  ( -1.469605928135940820, 6.408740479532745837, 0.8553386080435281258 ) ) ;
#3248 = DIRECTION ( 'NONE',  ( -0.000000000000000000, 1.000000000000000000, -0.000000000000000000 ) ) ;
#3249 = CARTESIAN_POINT ( 'NONE',  ( -2.489362245493005776, 3.101558808504982334, 7.233668728588426688 ) ) ;
#3250 = DIRECTION ( 'NONE',  ( -0.7071067811865473507, -8.049116928532377276E-17, 0.7071067811865477948 ) ) ;
#3251 = CARTESIAN_POINT ( 'NONE',  ( 0.8500000000000001998, 3.141666664754835470, -1.472243186433545459 ) ) ;
#3252 = DIRECTION ( 'NONE',  ( 1.000000000000000000, 0.000000000000000000, 0.000000000000000000 ) ) ;
#3253 = DIRECTION ( 'NONE',  ( 0.000000000000000000, 0.000000000000000000, -1.000000000000000000 ) ) ;
#3254 = CARTESIAN_POINT ( 'NONE',  ( -1.218717568722196942, 0.8370267699002963413, 1.186825773172824006 ) ) ;
#3255 = CARTESIAN_POINT ( 'NONE',  ( -0.8500000000000007550, 4.891666664754835914, 1.472243186433545237 ) ) ;
#3256 = CARTESIAN_POINT ( 'NONE',  ( -1.039443056249999664, 8.684691869123371433, -1.800368184999674437 ) ) ;
#3257 = EDGE_CURVE ( 'NONE', #2692, #1800, #7971, .T. ) ;
#3258 = AXIS2_PLACEMENT_3D ( 'NONE', #3293, #3252, #2561 ) ;
#3259 = ORIENTED_EDGE ( 'NONE', *, *, #1084, .T. ) ;
#3260 = CARTESIAN_POINT ( 'NONE',  ( 1.685701553614558312, 6.013624439420272694, -0.2201285782979269801 ) ) ;
#3261 = EDGE_CURVE ( 'NONE', #6800, #885, #391, .T. ) ;
#3262 = DIRECTION ( 'NONE',  ( -0.8028956459037004390, 0.5961196035938423066, 0.000000000000000000 ) ) ;
#3263 = CARTESIAN_POINT ( 'NONE',  ( 0.4825395391362040098, 0.5419376622179818970, -1.630247941322275906 ) ) ;
#3264 = DIRECTION ( 'NONE',  ( 0.000000000000000000, 1.000000000000000000, 0.000000000000000000 ) ) ;
#3265 = ORIENTED_EDGE ( 'NONE', *, *, #7964, .T. ) ;
#3266 = ORIENTED_EDGE ( 'NONE', *, *, #7152, .T. ) ;
#3267 = CARTESIAN_POINT ( 'NONE',  ( 1.201985270554894323E-16, 3.899999998088169217, -1.962990915244727130 ) ) ;
#3268 = CARTESIAN_POINT ( 'NONE',  ( -3.372472195313707907E-06, 3.024950702416079995, 1.699999999993350830 ) ) ;
#3269 = CARTESIAN_POINT ( 'NONE',  ( -1.674085753107680707, 9.168466460927103157, 0.2957521727824422020 ) ) ;
#3270 = CARTESIAN_POINT ( 'NONE',  ( 1.039443056249993225, 9.602083332377413072, 1.800368184999666221 ) ) ;
#3271 = CARTESIAN_POINT ( 'NONE',  ( -1.379850727642303765, 2.079973989973272541, -0.9933866891166567292 ) ) ;
#3272 = CARTESIAN_POINT ( 'NONE',  ( -1.024044289987104950, 0.1538442142241192856, 1.357036608415722378 ) ) ;
#3273 = CARTESIAN_POINT ( 'NONE',  ( -2.078886112500000216, 0.4013585357900401052, -2.545901223465009197E-16 ) ) ;
#3274 = CARTESIAN_POINT ( 'NONE',  ( -0.1134044239037557966, 7.917065691669649574, 1.699999995946106734 ) ) ;
#3275 = CARTESIAN_POINT ( 'NONE',  ( -0.3364756578135194576, -0.000000000000000000, 1.828390318908535539 ) ) ;
#3276 = CARTESIAN_POINT ( 'NONE',  ( -0.07603722953026205433, 8.673617379884035472E-16, -1.301006034017629709 ) ) ;
#3277 =( BOUNDED_CURVE ( )  B_SPLINE_CURVE ( 3, ( #6211, #6340, #1644, #4338 ),
 .UNSPECIFIED., .F., .F. ) 
 B_SPLINE_CURVE_WITH_KNOTS ( ( 4, 4 ),
 ( 5.978492653164188653, 6.587877961194983811 ),
 .UNSPECIFIED. ) 
 CURVE ( )  GEOMETRIC_REPRESENTATION_ITEM ( )  RATIONAL_B_SPLINE_CURVE ( ( 1.000000000000000000, 0.9692928009446304394, 0.9692928009446304394, 1.000000000000000000 ) ) 
 REPRESENTATION_ITEM ( '' )  );
#3278 = EDGE_LOOP ( 'NONE', ( #6152, #7916, #1361, #3144 ) ) ;
#3279 = CARTESIAN_POINT ( 'NONE',  ( 0.1262000529384804115, 4.766339407326264599, -1.695351809946826105 ) ) ;
#3280 = CARTESIAN_POINT ( 'NONE',  ( -1.642244613607001025, 2.821802257568123640, -0.4424415045641979516 ) ) ;
#3281 = CARTESIAN_POINT ( 'NONE',  ( -0.9329314897425601272, 7.160728972602246500, 1.421361741369610243 ) ) ;
#3282 = CARTESIAN_POINT ( 'NONE',  ( 0.4768409866552266729, 0.5061643331438618887, 0.8855903793539819935 ) ) ;
#3283 = CARTESIAN_POINT ( 'NONE',  ( 1.469876756697720448E-16, 7.793749999044083943, -2.400490913332899545 ) ) ;
#3284 = CARTESIAN_POINT ( 'NONE',  ( -0.5974407921022263368, 8.584001537402556892, 1.591592129345865692 ) ) ;
#3285 = DIRECTION ( 'NONE',  ( 0.000000000000000000, 0.000000000000000000, -1.000000000000000000 ) ) ;
#3286 = CARTESIAN_POINT ( 'NONE',  ( -1.031523316186146344, 4.146865286685846641, -1.351398524513354404 ) ) ;
#3287 = CARTESIAN_POINT ( 'NONE',  ( -1.448590222231275426, 6.288482875429240337, -0.8899208410283585557 ) ) ;
#3288 = DIRECTION ( 'NONE',  ( -0.000000000000000000, -1.000000000000000000, -0.000000000000000000 ) ) ;
#3289 = CARTESIAN_POINT ( 'NONE',  ( 0.5249359220744463927, 3.061076720643578497, 1.620816761687684737 ) ) ;
#3290 = LINE ( 'NONE', #5946, #1160 ) ;
#3291 = CARTESIAN_POINT ( 'NONE',  ( 0.8499999999999988676, 2.908333331421502077, 1.472243186433546347 ) ) ;
#3292 = AXIS2_PLACEMENT_3D ( 'NONE', #1983, #5898, #8533 ) ;
#3293 = CARTESIAN_POINT ( 'NONE',  ( -4.500000000000000000, 1.500000000000000444, 0.000000000000000000 ) ) ;
#3294 = DIRECTION ( 'NONE',  ( 0.000000000000000000, 1.000000000000000000, 0.000000000000000000 ) ) ;
#3295 = CARTESIAN_POINT ( 'NONE',  ( -1.379608612799639866, 0.8200311386739965736, 0.9933390771089876115 ) ) ;
#3296 = SURFACE_SIDE_STYLE ('',( #4037 ) ) ;
#3297 = CARTESIAN_POINT ( 'NONE',  ( -2.078886112500000216, 8.101358535790039284, -2.545901223465009197E-16 ) ) ;
#3298 = AXIS2_PLACEMENT_3D ( 'NONE', #1689, #5734, #8239 ) ;
#3299 = ORIENTED_EDGE ( 'NONE', *, *, #491, .F. ) ;
#3300 = CARTESIAN_POINT ( 'NONE',  ( 0.6248486775947530436, 6.132078629840935768, -1.581013973872666512 ) ) ;
#3301 = AXIS2_PLACEMENT_3D ( 'NONE', #5048, #1779, #1693 ) ;
#3302 = CARTESIAN_POINT ( 'NONE',  ( -2.078886112500000216, -0.3729166676225821875, 1.200245456666449106 ) ) ;
#3303 = VECTOR ( 'NONE', #4448, 1000.000000000000000 ) ;
#3304 = CARTESIAN_POINT ( 'NONE',  ( -1.045004651996027434, -1.407485477710246791, -1.045004651996026768 ) ) ;
#3305 = CARTESIAN_POINT ( 'NONE',  ( 1.248373329796348630, 0.4841526681036916191, -1.155577606150931746 ) ) ;
#3306 = ADVANCED_FACE ( 'NONE', ( #4652 ), #2164, .T. ) ;
#3307 = CARTESIAN_POINT ( 'NONE',  ( -0.5514806857739867896, 0.5016397355491402088, 2.001941089029249277 ) ) ;
#3308 = AXIS2_PLACEMENT_3D ( 'NONE', #8216, #4361, #7011 ) ;
#3309 = EDGE_LOOP ( 'NONE', ( #1151, #7783, #8336, #1445 ) ) ;
#3310 = ORIENTED_EDGE ( 'NONE', *, *, #4002, .T. ) ;
#3311 = CARTESIAN_POINT ( 'NONE',  ( 0.8500000000000001998, 7.341666664754834315, -1.472243186433545459 ) ) ;
#3312 = CYLINDRICAL_SURFACE ( 'NONE', #7874, 0.5000000000000004441 ) ;
#3313 = CARTESIAN_POINT ( 'NONE',  ( -9.697109103468235543E-07, 9.324985815129583244, 1.699999999999449729 ) ) ;
#3314 = CARTESIAN_POINT ( 'NONE',  ( 2.078886112499989114, 9.018749999044077370, 0.000000000000000000 ) ) ;
#3315 = CARTESIAN_POINT ( 'NONE',  ( -1.262185551121330240, 2.067201843261081251, -1.140569435032759094 ) ) ;
#3316 = FACE_BOUND ( 'NONE', #607, .T. ) ;
#3317 = AXIS2_PLACEMENT_3D ( 'NONE', #6638, #3288, #7280 ) ;
#3318 = CARTESIAN_POINT ( 'NONE',  ( -0.7251970640773819365, 7.875227551512438140, 1.537574241063137892 ) ) ;
#3319 = VERTEX_POINT ( 'NONE', #6041 ) ;
#3320 = CARTESIAN_POINT ( 'NONE',  ( 0.8499999999999988676, 3.608333331421501811, 1.472243186433546347 ) ) ;
#3321 = CARTESIAN_POINT ( 'NONE',  ( -1.699999999999999956, 4.074999998088169484, -2.081899558550500280E-16 ) ) ;
#3322 = EDGE_LOOP ( 'NONE', ( #6299, #7557, #2871, #4613 ) ) ;
#3323 = CARTESIAN_POINT ( 'NONE',  ( -1.611945763305137946, 3.585219413973897318, 0.5416343291946416061 ) ) ;
#3324 = DIRECTION ( 'NONE',  ( 0.000000000000000000, 0.000000000000000000, -1.000000000000000000 ) ) ;
#3325 = CARTESIAN_POINT ( 'NONE',  ( -1.614567821748066567, 2.884616552215780949, 0.5330786284943004327 ) ) ;
#3326 = CARTESIAN_POINT ( 'NONE',  ( -1.373690229393497830, 6.979158643208199564, -1.003066092294831790 ) ) ;
#3327 = CARTESIAN_POINT ( 'NONE',  ( 0.4899905709310407587, 0.5060407002313729308, 0.8813609466840838236 ) ) ;
#3328 = CARTESIAN_POINT ( 'NONE',  ( -1.039443056249999664, 9.952083332377418046, -1.800368184999674437 ) ) ;
#3329 = CARTESIAN_POINT ( 'NONE',  ( -0.9475121120345546544, 8.559709281745897513, 1.411466924840676151 ) ) ;
#3330 = CARTESIAN_POINT ( 'NONE',  ( -1.564874114689268181, 4.905325004340363115, -0.6719688517546995588 ) ) ;
#3331 =( BOUNDED_CURVE ( )  B_SPLINE_CURVE ( 2, ( #5019, #559, #3825, #8539, #7120, #636, #2361 ),
 .UNSPECIFIED., .F., .F. ) 
 B_SPLINE_CURVE_WITH_KNOTS ( ( 3, 2, 2, 3 ),
 ( 0.08895765933023819239, 0.09545044235844130087, 0.1060560470649351827, 0.1113588581166422425 ),
 .UNSPECIFIED. ) 
 CURVE ( )  GEOMETRIC_REPRESENTATION_ITEM ( )  RATIONAL_B_SPLINE_CURVE ( ( 0.9363860518467842509, 0.9179803501457928228, 1.000000000000000000, 0.8660254037844387076, 1.000000000000000000, 0.9330125920095002634, 0.9330127018923995985 ) ) 
 REPRESENTATION_ITEM ( '' )  );
#3332 = CARTESIAN_POINT ( 'NONE',  ( 0.000000000000000000, 8.000000000000000000, -7.650000000000000355 ) ) ;
#3333 = CARTESIAN_POINT ( 'NONE',  ( -1.031727490712422091, 6.246888171227597653, -1.351213796210114282 ) ) ;
#3334 = CARTESIAN_POINT ( 'NONE',  ( -4.999999999999999112, 8.000000000000000000, 2.291287847478249429 ) ) ;
#3335 = CYLINDRICAL_SURFACE ( 'NONE', #7823, 1.699999999999999956 ) ;
#3336 = CARTESIAN_POINT ( 'NONE',  ( -1.572326081170433598, 9.806421670543372215, -0.6595207456520462141 ) ) ;
#3337 = CARTESIAN_POINT ( 'NONE',  ( 1.201985270554894323E-16, 5.474999999999999645, -1.962990915244727130 ) ) ;
#3338 = CARTESIAN_POINT ( 'NONE',  ( 0.8499999999999988676, 2.208333331421501899, 1.472243186433546347 ) ) ;
#3339 = CARTESIAN_POINT ( 'NONE',  ( -1.371954422236168813, 0.8209203772392720255, 1.003884211415490002 ) ) ;
#3340 = CARTESIAN_POINT ( 'NONE',  ( 1.039443056250000330, -0.6645833342892488727, -1.800368184999674215 ) ) ;
#3341 = CARTESIAN_POINT ( 'NONE',  ( 1.121638852081495719, 8.704031598583622298, 1.282640850307285918 ) ) ;
#3342 = CARTESIAN_POINT ( 'NONE',  ( -2.078886112500000216, 7.459691869123373564, 1.200245456666449106 ) ) ;
#3343 = EDGE_CURVE ( 'NONE', #4528, #3913, #6288, .T. ) ;
#3344 = LINE ( 'NONE', #134, #8136 ) ;
#3345 = EDGE_LOOP ( 'NONE', ( #4269, #1995, #1920, #1919 ) ) ;
#3346 = CARTESIAN_POINT ( 'NONE',  ( -0.3136635335657221302, -1.272323500606447564E-15, -1.863105219325437822 ) ) ;
#3347 = CARTESIAN_POINT ( 'NONE',  ( -1.566980815896742207, 4.293821157956254631, 0.6605274397654363749 ) ) ;
#3348 = CARTESIAN_POINT ( 'NONE',  ( 2.078886112499999772, 6.277083332377418223, -1.200245456666449329 ) ) ;
#3349 = CARTESIAN_POINT ( 'NONE',  ( 1.518274550280752866, 7.347502215685417504, 0.7732265618192314394 ) ) ;
#3350 = CARTESIAN_POINT ( 'NONE',  ( 1.692212505564300251, 0.4098913684442750949, -0.1625997532893820319 ) ) ;
#3351 = CARTESIAN_POINT ( 'NONE',  ( -0.6214569915949319512, 0.5016168082104058845, 1.974127258949885499 ) ) ;
#3352 = ORIENTED_EDGE ( 'NONE', *, *, #7486, .F. ) ;
#3353 = VERTEX_POINT ( 'NONE', #8019 ) ;
#3354 = CARTESIAN_POINT ( 'NONE',  ( 1.699999999999999956, 4.424999998088168240, 0.000000000000000000 ) ) ;
#3355 = DIRECTION ( 'NONE',  ( 0.000000000000000000, 0.000000000000000000, 1.000000000000000000 ) ) ;
#3356 = CARTESIAN_POINT ( 'NONE',  ( -0.1895997322655801065, 9.311992440212675248, 1.689477195500404649 ) ) ;
#3357 = CARTESIAN_POINT ( 'NONE',  ( -4.409630270093139405E-16, 8.843749999044080212, 2.400490913332886667 ) ) ;
#3358 = CARTESIAN_POINT ( 'NONE',  ( -0.8087799570597944410, 2.269495462804970831, 1.495295313016275829 ) ) ;
#3359 = CARTESIAN_POINT ( 'NONE',  ( 5.107491688851549583, 3.089999999999999858, -2.986171345291879664 ) ) ;
#3360 = EDGE_CURVE ( 'NONE', #1161, #6571, #3461, .T. ) ;
#3361 = ORIENTED_EDGE ( 'NONE', *, *, #1067, .F. ) ;
#3362 = CARTESIAN_POINT ( 'NONE',  ( -4.409630270093162085E-16, 2.631249999044066978, 2.400490913332899545 ) ) ;
#3363 = CARTESIAN_POINT ( 'NONE',  ( -0.1896514126266282962, 8.673617379884035472E-16, -1.302454832504451598 ) ) ;
#3364 = VERTEX_POINT ( 'NONE', #8450 ) ;
#3365 = ORIENTED_EDGE ( 'NONE', *, *, #2670, .F. ) ;
#3366 = CARTESIAN_POINT ( 'NONE',  ( -1.698160271553619927, 3.540249998599822590, -0.1584729906504902530 ) ) ;
#3367 = EDGE_CURVE ( 'NONE', #2169, #3820, #3127, .T. ) ;
#3368 = CARTESIAN_POINT ( 'NONE',  ( 0.1610280092969708921, 4.763949077155593237, -1.692386652329860075 ) ) ;
#3369 = DIRECTION ( 'NONE',  ( 0.7071067811865451302, -3.056747976430751789E-16, 0.7071067811865500152 ) ) ;
#3370 = CARTESIAN_POINT ( 'NONE',  ( -1.650543190489049294, 7.076795380625123144, 0.4204336181679297901 ) ) ;
#3371 = CARTESIAN_POINT ( 'NONE',  ( -1.718785717822073789, 0.5023212702719402900, -0.4714461117043224903 ) ) ;
#3372 = CARTESIAN_POINT ( 'NONE',  ( -1.039443056249999664, -0.4604166676225821542, -1.800368184999674437 ) ) ;
#3373 = CARTESIAN_POINT ( 'NONE',  ( 0.4335632291730873167, 6.554718589591946198, 1.644634107871667750 ) ) ;
#3374 = CARTESIAN_POINT ( 'NONE',  ( -1.238866916516933259, 5.035069172297668594, 1.165589763257823819 ) ) ;
#3375 = CARTESIAN_POINT ( 'NONE',  ( 1.130463625833767694, 1.704975787187188008, 1.269774090305515024 ) ) ;
#3376 = CARTESIAN_POINT ( 'NONE',  ( -1.673662668207032800, 6.331375069678864875, -0.2981692222025975614 ) ) ;
#3377 = EDGE_LOOP ( 'NONE', ( #8427, #7899, #7333, #2215, #5462, #6667 ) ) ;
#3378 = DIRECTION ( 'NONE',  ( 0.5120428415488842422, 0.6896551724137934825, -0.5120428415488739171 ) ) ;
#3379 = CARTESIAN_POINT ( 'NONE',  ( 0.000000000000000000, 0.000000000000000000, 0.000000000000000000 ) ) ;
#3380 = LINE ( 'NONE', #4821, #469 ) ;
#3381 = CARTESIAN_POINT ( 'NONE',  ( 1.699999999999999956, 3.258333333333333304, -0.9814954576223635652 ) ) ;
#3382 = CARTESIAN_POINT ( 'NONE',  ( -4.500000000000000000, 1.500000000000000444, -2.179449471770337432 ) ) ;
#3383 = CARTESIAN_POINT ( 'NONE',  ( -4.500000000000000000, 1.500000000000000444, 2.179449471770337432 ) ) ;
#3384 = CARTESIAN_POINT ( 'NONE',  ( -1.039443056250000996, 0.3854166657107510607, 1.800368184999674215 ) ) ;
#3385 = CARTESIAN_POINT ( 'NONE',  ( -1.700000000000000400, 4.833333331421502344, 0.9814954576223630101 ) ) ;
#3386 = CARTESIAN_POINT ( 'NONE',  ( 1.469876756697720448E-16, 10.02635853579003999, -2.400490913332899545 ) ) ;
#3387 = AXIS2_PLACEMENT_3D ( 'NONE', #1865, #6515, #8495 ) ;
#3388 = CARTESIAN_POINT ( 'NONE',  ( 1.039443056249998776, 9.689583332377400993, 1.800368184999675547 ) ) ;
#3389 = AXIS2_PLACEMENT_3D ( 'NONE', #2071, #6595, #28 ) ;
#3390 = ORIENTED_EDGE ( 'NONE', *, *, #5659, .T. ) ;
#3391 = CARTESIAN_POINT ( 'NONE',  ( 0.08532271806185159901, 6.169145099933073695, -1.697894554113385857 ) ) ;
#3392 = VECTOR ( 'NONE', #6687, 1000.000000000000227 ) ;
#3393 = DIRECTION ( 'NONE',  ( 2.917372315053762414E-17, -0.9712108440981064295, 0.2382215277976434398 ) ) ;
#3394 = CARTESIAN_POINT ( 'NONE',  ( -1.039443056249999664, 5.752083332377417868, -1.800368184999674437 ) ) ;
#3395 = LINE ( 'NONE', #3569, #6363 ) ;
#3397 = CARTESIAN_POINT ( 'NONE',  ( -4.433344562587855364, 1.500000000000000444, 2.312024219028143257 ) ) ;
#3396 = CARTESIAN_POINT ( 'NONE',  ( 1.695193859043897522, 0.4078334212227679445, -0.1284324954591380685 ) ) ;
#3398 = ORIENTED_EDGE ( 'NONE', *, *, #4138, .F. ) ;
#3399 = CARTESIAN_POINT ( 'NONE',  ( 1.699999999999999956, 5.824999998088168596, 0.000000000000000000 ) ) ;
#3400 = CARTESIAN_POINT ( 'NONE',  ( -0.8499999999999996447, 3.258333331421502166, -1.472243186433545681 ) ) ;
#3401 = DIRECTION ( 'NONE',  ( -0.7071067811865401342, -3.056747976430751789E-16, -0.7071067811865550112 ) ) ;
#3402 = CARTESIAN_POINT ( 'NONE',  ( 2.078886112499989558, 9.077083332377412717, -1.200245456666443111 ) ) ;
#3403 = CARTESIAN_POINT ( 'NONE',  ( -1.380742145042671121, 2.219863611730438890, 0.9933651488099404236 ) ) ;
#3404 = CARTESIAN_POINT ( 'NONE',  ( -1.142872890398585861, 5.743914575076229490, 1.258513695173310243 ) ) ;
#3405 = ORIENTED_EDGE ( 'NONE', *, *, #4917, .F. ) ;
#3406 = EDGE_CURVE ( 'NONE', #6713, #5229, #8490, .T. ) ;
#3407 = CARTESIAN_POINT ( 'NONE',  ( 2.078886112500000216, 1.464583332377400682, -1.200245456666449329 ) ) ;
#3408 = CARTESIAN_POINT ( 'NONE',  ( -1.417500376497401016, -8.673617379884035472E-16, -0.5181760601309461922 ) ) ;
#3409 = ORIENTED_EDGE ( 'NONE', *, *, #7513, .F. ) ;
#3410 = CARTESIAN_POINT ( 'NONE',  ( 0.000000000000000000, -5.000000000000000000, -9.099999999999997868 ) ) ;
#3411 = EDGE_LOOP ( 'NONE', ( #1752, #7608, #7856, #4203 ) ) ;
#3412 = ORIENTED_EDGE ( 'NONE', *, *, #5602, .T. ) ;
#3413 = CARTESIAN_POINT ( 'NONE',  ( -1.273871989458550846, 3.631496644000836049, 1.126079789348751969 ) ) ;
#3414 = LINE ( 'NONE', #7270, #473 ) ;
#3415 = FACE_OUTER_BOUND ( 'NONE', #1563, .T. ) ;
#3416 = CARTESIAN_POINT ( 'NONE',  ( -1.697680060249236567, 7.044560824105251307, -0.09022501244225765438 ) ) ;
#3417 = CARTESIAN_POINT ( 'NONE',  ( 1.217202907329977712, 0.5047125086009549566, -0.3717439105046349002 ) ) ;
#3418 = CARTESIAN_POINT ( 'NONE',  ( -2.078886112500000216, -0.3437500009559155134, -2.545901223465009197E-16 ) ) ;
#3419 = CARTESIAN_POINT ( 'NONE',  ( 1.101471172585979597, 6.602503119648503116, 1.294938137080271723 ) ) ;
#3420 = CARTESIAN_POINT ( 'NONE',  ( -1.167914309123752492, 5.041676823831883425, 1.235322497650122697 ) ) ;
#3421 = CARTESIAN_POINT ( 'NONE',  ( 1.239573651546346023, 1.714863614655775859, 1.168940352849176412 ) ) ;
#3422 = CARTESIAN_POINT ( 'NONE',  ( -1.411861669720500645, 6.283821791330008288, -0.9471683196439485419 ) ) ;
#3423 = VERTEX_POINT ( 'NONE', #588 ) ;
#3424 = CARTESIAN_POINT ( 'NONE',  ( 0.1833090599120394126, 4.062420120482979513, -1.690096610035830782 ) ) ;
#3425 = CARTESIAN_POINT ( 'NONE',  ( 0.08812045341116961361, 3.368954819988157379, -1.697786894545657121 ) ) ;
#3426 = LINE ( 'NONE', #5991, #4083 ) ;
#3427 = CARTESIAN_POINT ( 'NONE',  ( -1.699999999999999956, 2.149999999999999911, -2.081899558550500280E-16 ) ) ;
#3428 = CARTESIAN_POINT ( 'NONE',  ( -2.078886112499999772, 0.2979166657107512606, -1.200245456666450439 ) ) ;
#3429 = LINE ( 'NONE', #33, #6624 ) ;
#3430 = CARTESIAN_POINT ( 'NONE',  ( 1.039443056250000330, 0.7354166657107510385, -1.800368184999674215 ) ) ;
#3431 = CARTESIAN_POINT ( 'NONE',  ( -3.976120838953104641, 3.090000000000000746, 3.976120838953022041 ) ) ;
#3432 = CARTESIAN_POINT ( 'NONE',  ( -0.5765526945434421568, 1.314567339585842598, -1.599249802622079830 ) ) ;
#3433 = DIRECTION ( 'NONE',  ( 0.000000000000000000, 0.000000000000000000, -1.000000000000000000 ) ) ;
#3434 = ORIENTED_EDGE ( 'NONE', *, *, #3200, .F. ) ;
#3435 = CARTESIAN_POINT ( 'NONE',  ( -1.529196947011411956, -1.712189104798673472E-14, -0.7426686321980862093 ) ) ;
#3436 = CARTESIAN_POINT ( 'NONE',  ( -1.692857118829561136, 4.259602746463751366, 0.1558216557208444708 ) ) ;
#3437 = CARTESIAN_POINT ( 'NONE',  ( -2.078886112499999772, 3.010416665710751616, -1.200245456666450439 ) ) ;
#3438 = CARTESIAN_POINT ( 'NONE',  ( 1.693281851599864218, 7.409294616796173294, -0.1511372949896959972 ) ) ;
#3439 = EDGE_CURVE ( 'NONE', #3918, #2516, #7844, .T. ) ;
#3440 = DIRECTION ( 'NONE',  ( -0.4876598490941762565, 0.7241379310344820963, 0.4876598490941660424 ) ) ;
#3441 = CARTESIAN_POINT ( 'NONE',  ( 1.039443056250000330, 9.222916665710751971, -1.800368184999674215 ) ) ;
#3442 = CARTESIAN_POINT ( 'NONE',  ( 2.081899558550500280E-16, 10.19999999999999929, 1.699999999999999956 ) ) ;
#3443 = AXIS2_PLACEMENT_3D ( 'NONE', #2270, #3401, #6056 ) ;
#3444 = PLANE ( 'NONE',  #6091 ) ;
#3445 = CARTESIAN_POINT ( 'NONE',  ( 2.078886112499988670, 7.560416665710745221, 1.200245456666444444 ) ) ;
#3446 = CARTESIAN_POINT ( 'NONE',  ( 1.046897557080147090, 0.1548780517136417179, 1.339413060052384141 ) ) ;
#3447 = AXIS2_PLACEMENT_3D ( 'NONE', #1280, #5984, #6509 ) ;
#3448 = CARTESIAN_POINT ( 'NONE',  ( -1.546650492706078461, 5.602550188601188808, -0.7091605553345614599 ) ) ;
#3449 = ORIENTED_EDGE ( 'NONE', *, *, #5876, .F. ) ;
#3450 = CARTESIAN_POINT ( 'NONE',  ( -2.078886112500001104, 2.514583332377400726, 1.200245456666448884 ) ) ;
#3451 = CARTESIAN_POINT ( 'NONE',  ( -1.393110366535783795, -8.673617379884035472E-16, 0.9550370510068268981 ) ) ;
#3452 = CARTESIAN_POINT ( 'NONE',  ( 2.179449471770337432, 7.499999999999998224, 4.500000000000000000 ) ) ;
#3453 = ORIENTED_EDGE ( 'NONE', *, *, #4700, .T. ) ;
#3454 = CARTESIAN_POINT ( 'NONE',  ( -1.689203945567416376, 3.562114081850004332, 0.1973791511724081182 ) ) ;
#3455 = CARTESIAN_POINT ( 'NONE',  ( 1.210447957778419736, 1.012254888147132048, 1.193787575584771554 ) ) ;
#3456 = CARTESIAN_POINT ( 'NONE',  ( -1.346629692126239508, 2.923768799685038111, 1.039140558840931261 ) ) ;
#3457 = CARTESIAN_POINT ( 'NONE',  ( 1.625969645448918310, 5.267837529412185305, 0.4977123101297123431 ) ) ;
#3458 = CARTESIAN_POINT ( 'NONE',  ( -1.039633681197112525, 6.947376349318967748, -1.345069582697591803 ) ) ;
#3459 = CARTESIAN_POINT ( 'NONE',  ( 1.042819401817983938, 0.5042579285438293368, -0.8613252863886250443 ) ) ;
#3460 = CARTESIAN_POINT ( 'NONE',  ( -2.078886112500000216, 9.368749999044084120, -2.545901223465009197E-16 ) ) ;
#3461 = B_SPLINE_CURVE_WITH_KNOTS ( 'NONE', 3,
 ( #36, #2079, #7469, #1517, #4743, #7378, #4173, #132, #1431, #7512, #3432, #7425, #6087, #6865, #1474, #4128, #6779, #6176, #218, #825, #5524, #4873, #4212, #3086, #6953, #7555, #345, #305, #4344, #6346, #7721, #5569, #6995, #3691, #1078, #2343, #5696, #8366, #8198, #1604, #4258, #428, #8326, #2431, #5737, #1651, #2255, #7036, #2389, #997, #5003, #4911, #5651, #1734, #6909, #5089, #2961, #7640, #6307, #384, #1776, #4432, #8281, #3002, #5047, #1692, #2919, #7076, #3648, #3045, #7679, #1038, #3605, #1121, #4389, #3734, #954, #6265, #6391, #5610, #2299, #6217, #8242, #259, #4957, #7594, #4303, #6430, #468, #1858, #5209, #6469, #1981, #4515, #8407 ),
 .UNSPECIFIED., .F., .F.,
 ( 4, 2, 2, 1, 1, 2, 2, 2, 2, 2, 1, 1, 2, 2, 2, 2, 2, 2, 2, 2, 2, 1, 2, 2, 2, 2, 1, 1, 2, 2, 2, 2, 2, 1, 2, 2, 2, 2, 1, 2, 2, 1, 1, 2, 1, 1, 1, 2, 2, 2, 2, 2, 1, 2, 4 ),
 ( 0.1275420188903911012, 0.1297291580751512297, 0.1308227276675313078, 0.1310961200656263204, 0.1312328162646738405, 0.1313011643641975867, 0.1313695124637213330, 0.1319162972599113581, 0.1330098668522914085, 0.1341034364446714588, 0.1346502212408614840, 0.1349236136389564966, 0.1350603098380039890, 0.1351970060370515092, 0.1362905756294315318, 0.1384777148141915493, 0.1390244996103815467, 0.1395712844065715719, 0.1406648539989515667, 0.1417584235913315893, 0.1423052083875215867, 0.1425786007856165993, 0.1427152969846640918, 0.1428519931837116119, 0.1450391323684716016, 0.1461327019608516242, 0.1464060943589466368, 0.1465427905579941292, 0.1466111386575178754, 0.1466794867570416216, 0.1472262715532316468, 0.1494134107379916920, 0.1499601955341816895, 0.1502335879322767020, 0.1503702841313241945, 0.1505069803303717146, 0.1516005499227517372, 0.1537876891075117547, 0.1540610815056067673, 0.1541977777046542597, 0.1543344739037017799, 0.1548812586998918051, 0.1559748282922718277, 0.1570683978846518780, 0.1576151826808418754, 0.1578885750789368880, 0.1580252712779844082, 0.1580936193775081544, 0.1581619674770319006, 0.1603491066617920291, 0.1614426762541720517, 0.1619894610503620769, 0.1622628534484570895, 0.1623995496475046096, 0.1625362458465521021 ),
 .UNSPECIFIED. ) ;
#3462 = CARTESIAN_POINT ( 'NONE',  ( 0.8949405180690364059, 6.813585341054865907, -1.446352743014555076 ) ) ;
#3463 = CARTESIAN_POINT ( 'NONE',  ( -1.305188606086316927, 5.028657273880123846, 1.097146040858505867 ) ) ;
#3464 = CARTESIAN_POINT ( 'NONE',  ( -0.7795822751540372186, 10.19999999999999751, 1.927179012186210461 ) ) ;
#3465 = EDGE_CURVE ( 'NONE', #4721, #709, #2513, .T. ) ;
#3466 = AXIS2_PLACEMENT_3D ( 'NONE', #1394, #6745, #1229 ) ;
#3467 = ORIENTED_EDGE ( 'NONE', *, *, #8440, .F. ) ;
#3468 = LINE ( 'NONE', #6124, #6859 ) ;
#3469 = CARTESIAN_POINT ( 'NONE',  ( 1.271620833343312551, 3.281756864536158780, -1.128457581470592164 ) ) ;
#3470 = CARTESIAN_POINT ( 'NONE',  ( -1.700172561872658861, 9.849722615763885969, -0.006133647922175970019 ) ) ;
#3471 = CARTESIAN_POINT ( 'NONE',  ( -1.699999999999999289, 4.191666666666666430, -0.9814954576223643423 ) ) ;
#3472 = CARTESIAN_POINT ( 'NONE',  ( -4.409630270093162085E-16, 1.931249999044084786, 2.400490913332899545 ) ) ;
#3473 = CARTESIAN_POINT ( 'NONE',  ( 2.078886112500000216, 0.6187499990440844533, 0.000000000000000000 ) ) ;
#3474 = VECTOR ( 'NONE', #6665, 1000.000000000000000 ) ;
#3475 = CARTESIAN_POINT ( 'NONE',  ( 1.654502427048937685, 8.824846738854907002, -0.3917936044687269082 ) ) ;
#3476 = CARTESIAN_POINT ( 'NONE',  ( -4.409630270093162085E-16, 8.976358535790039284, 2.400490913332899545 ) ) ;
#3477 = EDGE_CURVE ( 'NONE', #470, #6945, #507, .T. ) ;
#3478 = VERTEX_POINT ( 'NONE', #7114 ) ;
#3479 = CARTESIAN_POINT ( 'NONE',  ( 0.000000000000000000, 10.19999999999999929, 0.000000000000000000 ) ) ;
#3480 = EDGE_CURVE ( 'NONE', #4379, #3128, #6530, .T. ) ;
#3481 = CARTESIAN_POINT ( 'NONE',  ( -1.546183463170681893, 4.202473370744098879, -0.7101825335967116848 ) ) ;
#3482 = CARTESIAN_POINT ( 'NONE',  ( -1.039443056250000996, 5.985416665710750372, 1.800368184999674215 ) ) ;
#3483 = CARTESIAN_POINT ( 'NONE',  ( 0.000000000000000000, 3.000000000000000000, 0.000000000000000000 ) ) ;
#3485 = CARTESIAN_POINT ( 'NONE',  ( 0.9911441098253597204, 9.393565201912803531, 1.381594411209629225 ) ) ;
#3484 = PLANE ( 'NONE',  #656 ) ;
#3486 = CARTESIAN_POINT ( 'NONE',  ( 1.039443056250000330, 0.8680252024567066682, -1.800368184999674215 ) ) ;
#3487 = FACE_BOUND ( 'NONE', #7125, .T. ) ;
#3488 = DIRECTION ( 'NONE',  ( -0.000000000000000000, 1.000000000000000000, -0.000000000000000000 ) ) ;
#3489 = DIRECTION ( 'NONE',  ( 1.224646799147351482E-16, 0.000000000000000000, -1.000000000000000000 ) ) ;
#3490 = CARTESIAN_POINT ( 'NONE',  ( 0.4374078543866318780, 0.3808730314755661150, -1.643552787259279446 ) ) ;
#3491 = CARTESIAN_POINT ( 'NONE',  ( -1.077402789025917240, 5.550361272846030758, -1.315199162941492084 ) ) ;
#3492 = ORIENTED_EDGE ( 'NONE', *, *, #7239, .T. ) ;
#3493 = CARTESIAN_POINT ( 'NONE',  ( -2.078886112500000216, 1.056249999044066801, -2.545901223465009197E-16 ) ) ;
#3494 = CARTESIAN_POINT ( 'NONE',  ( -0.9600253516115826447, 0.000000000000000000, 1.471822988204714688 ) ) ;
#3495 = CARTESIAN_POINT ( 'NONE',  ( -0.4555136644357835052, 2.531260739765134105, -1.699999978463174521 ) ) ;
#3496 = ORIENTED_EDGE ( 'NONE', *, *, #8341, .F. ) ;
#3497 = CARTESIAN_POINT ( 'NONE',  ( -1.346728804755889408, 3.623737950804307495, 1.039010912583747892 ) ) ;
#3498 = CARTESIAN_POINT ( 'NONE',  ( 1.224330174992677600, 1.013579964156593904, 1.179417305931366622 ) ) ;
#3499 = CARTESIAN_POINT ( 'NONE',  ( -2.291287847478249429, 8.000000000000000000, 4.999999999999999112 ) ) ;
#3500 = B_SPLINE_CURVE_WITH_KNOTS ( 'NONE', 3,
 ( #2772, #4862, #1549, #770, #5428, #4027, #4160, #6680, #248, #722, #207, #5472, #4776, #2859, #2908, #5378, #119, #4202, #6074, #4071, #6207, #5558, #2243, #1464, #3375, #4731, #7411, #73, #8007, #2067, #4117, #3421, #7366, #2154, #1419, #7631, #8396, #8356, #3679, #3637, #5601, #7025, #1111, #3596, #942, #3766, #5077, #2419, #5767, #1639, #417, #2290, #4294, #6256, #7669, #295, #2952, #4377, #5642, #335, #1594, #7710, #5037, #7543, #5727, #1764, #6298, #6944, #1028, #8231, #376, #3721, #1683, #4420, #4247, #3035, #8272, #2993, #4948, #1068, #4334, #6984, #988, #7066, #6337, #8316, #6420, #457, #2331, #3117, #6381, #2462, #6899, #1721, #4994, #3076, #5686, #7585, #2380, #6581, #8563, #1971 ),
 .UNSPECIFIED., .F., .F.,
 ( 4, 2, 2, 2, 1, 2, 2, 2, 1, 1, 2, 2, 2, 2, 1, 1, 2, 2, 2, 2, 2, 1, 1, 2, 2, 2, 1, 2, 2, 1, 2, 1, 1, 1, 2, 2, 2, 2, 2, 2, 2, 2, 2, 1, 2, 2, 2, 2, 1, 1, 2, 2, 2, 2, 2, 1, 2, 2, 4 ),
 ( 0.1625362458465521021, 0.1647236403459767795, 0.1658173375956891460, 0.1663641862205453015, 0.1666376105329733792, 0.1667743226891874320, 0.1669110348454014847, 0.1680047320951138234, 0.1685515807199699789, 0.1688250050323980567, 0.1689617171886121094, 0.1690984293448261622, 0.1701921265945385286, 0.1707389752193947119, 0.1710123995318228174, 0.1711491116880368701, 0.1712174677661438826, 0.1712858238442508951, 0.1734732183436750175, 0.1745669155933870786, 0.1751137642182430953, 0.1753871885306711176, 0.1755239006868851148, 0.1755922567649921273, 0.1756606128430991121, 0.1778480073425232622, 0.1783948559673792789, 0.1786682802798073011, 0.1789417045922353233, 0.1800354018419473845, 0.1811290990916594457, 0.1816759477165154624, 0.1819493720289434846, 0.1820860841851575096, 0.1821544402632644943, 0.1822227963413715068, 0.1844101908407956014, 0.1849570394656516459, 0.1852304637780796404, 0.1855038880905076626, 0.1865975853402197238, 0.1876912825899317849, 0.1882381312147878016, 0.1885115555272158239, 0.1886482676834298211, 0.1887849798396438183, 0.1909723743390677464, 0.1920660715887796965, 0.1923394959012076910, 0.1924762080574216605, 0.1925445641355286730, 0.1926129202136356577, 0.1931597688384916189, 0.1953471633379154637, 0.1958940119627714249, 0.1961674362751993916, 0.1963041484314133889, 0.1964408605876273861, 0.1975345578373392808 ),
 .UNSPECIFIED. ) ;
#3501 = CARTESIAN_POINT ( 'NONE',  ( 1.127825359704625274, 5.395256079276168570, -1.272396090905924204 ) ) ;
#3502 = CARTESIAN_POINT ( 'NONE',  ( -2.078886112499989114, 0.2687499990440783137, -2.545901223464995885E-16 ) ) ;
#3503 = CARTESIAN_POINT ( 'NONE',  ( 1.228941755177089146, 0.5043406090921923601, -0.1103492659166312034 ) ) ;
#3504 = CARTESIAN_POINT ( 'NONE',  ( -4.409630270093162085E-16, 3.331249999044084475, 2.400490913332899545 ) ) ;
#3505 = CARTESIAN_POINT ( 'NONE',  ( 1.631995002498126901, 6.668413131002120409, 0.4912613944665218391 ) ) ;
#3506 = CARTESIAN_POINT ( 'NONE',  ( -1.683891449667609397, 4.964392146055119248, 0.2344367982941243378 ) ) ;
#3507 = DIRECTION ( 'NONE',  ( 0.000000000000000000, 0.000000000000000000, 1.000000000000000000 ) ) ;
#3508 = ORIENTED_EDGE ( 'NONE', *, *, #186, .F. ) ;
#3509 = CARTESIAN_POINT ( 'NONE',  ( 1.561117331972025957, 1.618207017585799633E-17, -1.372836532352581740 ) ) ;
#3510 = CARTESIAN_POINT ( 'NONE',  ( 1.148622428376796734, 3.293670335140915562, -1.256577286838056251 ) ) ;
#3511 = EDGE_CURVE ( 'NONE', #772, #104, #3894, .T. ) ;
#3512 = CARTESIAN_POINT ( 'NONE',  ( -1.458951591997320607, 9.789865131552208055, -0.8728604804928161709 ) ) ;
#3513 =( BOUNDED_CURVE ( )  B_SPLINE_CURVE ( 2, ( #1150, #7229, #3320, #3808, #2502, #5117, #1232, #5239, #5158 ),
 .UNSPECIFIED., .F., .F. ) 
 B_SPLINE_CURVE_WITH_KNOTS ( ( 3, 2, 2, 2, 3 ),
 ( 0.3658933627039588909, 0.3711961647272737364, 0.3818017694337673129, 0.3924073741402608340, 0.3977101762886052772 ),
 .UNSPECIFIED. ) 
 CURVE ( )  GEOMETRIC_REPRESENTATION_ITEM ( )  RATIONAL_B_SPLINE_CURVE ( ( 0.9330127018922196314, 0.9330127060600619249, 1.000000000000000000, 0.8660254037844387076, 1.000000000000000000, 0.8660254037844387076, 1.000000000000000000, 0.9330127044806344472, 0.9330127018922194093 ) ) 
 REPRESENTATION_ITEM ( '' )  );
#3514 = CARTESIAN_POINT ( 'NONE',  ( -3.605955811664682968E-16, 5.125000000000000888, 1.962990915244727130 ) ) ;
#3515 = CARTESIAN_POINT ( 'NONE',  ( 2.078886112499999772, 0.7645833323774179346, -1.200245456666449329 ) ) ;
#3516 = CARTESIAN_POINT ( 'NONE',  ( 0.4555116575528511680, 1.768739394138463705, -1.700001137137576279 ) ) ;
#3517 = CARTESIAN_POINT ( 'NONE',  ( 2.078886112499999328, 1.260416665710750950, 1.200245456666450661 ) ) ;
#3518 = CARTESIAN_POINT ( 'NONE',  ( 0.7478115168584956729, 8.923741720478494344, -1.526714174721819139 ) ) ;
#3519 = CARTESIAN_POINT ( 'NONE',  ( -2.078886112500000216, 9.501358535790039639, -2.545901223465009197E-16 ) ) ;
#3520 = VERTEX_POINT ( 'NONE', #1201 ) ;
#3521 = VERTEX_POINT ( 'NONE', #7276 ) ;
#3522 = CARTESIAN_POINT ( 'NONE',  ( 1.420159133914785210, 9.565143512828850447, -0.9345887648875699227 ) ) ;
#3523 = CARTESIAN_POINT ( 'NONE',  ( -1.186074660549358173, 4.340017638084276541, 1.217965946306733604 ) ) ;
#3524 = CARTESIAN_POINT ( 'NONE',  ( 2.078886112499999772, 2.777083332377417779, -1.200245456666449329 ) ) ;
#3525 = CARTESIAN_POINT ( 'NONE',  ( 0.2986288468446767208, 7.554515612563281302, -1.673720860554998247 ) ) ;
#3526 = CARTESIAN_POINT ( 'NONE',  ( 0.6104391566360989341, 9.366896849811649162, 1.586627103382404202 ) ) ;
#3527 = CARTESIAN_POINT ( 'NONE',  ( 2.078886112499999772, 0.8096918691233734311, -1.200245456666449329 ) ) ;
#3528 = VECTOR ( 'NONE', #5729, 1000.000000000000000 ) ;
#3529 = ADVANCED_FACE ( 'NONE', ( #3858 ), #1899, .F. ) ;
#3530 = EDGE_CURVE ( 'NONE', #1132, #6053, #1819, .T. ) ;
#3531 = CARTESIAN_POINT ( 'NONE',  ( -1.699999999999999956, 3.374999998088168862, -2.081899558550500280E-16 ) ) ;
#3532 = CARTESIAN_POINT ( 'NONE',  ( 8.115610506523145818E-06, 0.4084494468852245541, -1.699993574324215162 ) ) ;
#3533 = CARTESIAN_POINT ( 'NONE',  ( -0.7795822751540372186, 10.19999999999999751, 1.927179012186210461 ) ) ;
#3534 = CARTESIAN_POINT ( 'NONE',  ( 0.9993002654763258885, 0.3447423954815510005, -1.375284523478236265 ) ) ;
#3535 = CARTESIAN_POINT ( 'NONE',  ( -1.058344602373313403, 5.548893734037142700, -1.330379135972320270 ) ) ;
#3536 = CARTESIAN_POINT ( 'NONE',  ( 2.078886112500000216, 2.106249999044067067, 0.000000000000000000 ) ) ;
#3537 = CARTESIAN_POINT ( 'NONE',  ( 0.3029693778064512788, -1.301042606982605321E-15, 1.878114621213439639 ) ) ;
#3538 = CARTESIAN_POINT ( 'NONE',  ( 2.608461341437267933, 3.116536647565486984, 7.191567056828626292 ) ) ;
#3539 = ORIENTED_EDGE ( 'NONE', *, *, #4138, .T. ) ;
#3540 = CARTESIAN_POINT ( 'NONE',  ( -1.699999999999999289, -0.1833333352451644305, -0.9814954576223643423 ) ) ;
#3541 = VECTOR ( 'NONE', #6846, 999.9999999999998863 ) ;
#3542 = CARTESIAN_POINT ( 'NONE',  ( 0.6406501300674950494, 0.9689559429547752734, 1.577301235032170013 ) ) ;
#3543 = DIRECTION ( 'NONE',  ( 0.000000000000000000, 1.000000000000000000, 0.000000000000000000 ) ) ;
#3544 = CARTESIAN_POINT ( 'NONE',  ( 1.537446650292509265, 5.348762491882680159, -0.7265998729795032363 ) ) ;
#3545 = CARTESIAN_POINT ( 'NONE',  ( 1.039443056249993225, 1.902083332377411562, 1.800368184999666221 ) ) ;
#3546 = B_SPLINE_CURVE_WITH_KNOTS ( 'NONE', 3,
 ( #6144, #2935, #5582, #1620 ),
 .UNSPECIFIED., .F., .F.,
 ( 4, 4 ),
 ( 0.001083959328922048243, 0.001415847506455064327 ),
 .UNSPECIFIED. ) ;
#3547 = CARTESIAN_POINT ( 'NONE',  ( 0.8295700451183020130, 0.5067699205323862310, 0.6891865811531281416 ) ) ;
#3548 = CARTESIAN_POINT ( 'NONE',  ( -2.078886112499999772, 1.697916665710750950, -1.200245456666450439 ) ) ;
#3549 = CARTESIAN_POINT ( 'NONE',  ( 1.675143352433932531, 6.718076891201278045, -0.2898032280766194013 ) ) ;
#3550 = CARTESIAN_POINT ( 'NONE',  ( -2.312024219028189886, 1.500000000000000444, -4.433344562587831383 ) ) ;
#3551 = CARTESIAN_POINT ( 'NONE',  ( -1.916177807571212144, 10.20000000000000107, 0.8062444285183907322 ) ) ;
#3552 = ORIENTED_EDGE ( 'NONE', *, *, #6857, .F. ) ;
#3553 = CARTESIAN_POINT ( 'NONE',  ( 1.097599775802917454, 0.1507356786655066339, -1.776037343894241616 ) ) ;
#3554 = CARTESIAN_POINT ( 'NONE',  ( 0.9169950278021933299, 3.311859661163000457, -1.431841674801129782 ) ) ;
#3555 = FACE_OUTER_BOUND ( 'NONE', #2786, .T. ) ;
#3556 = CARTESIAN_POINT ( 'NONE',  ( -1.699999999999999289, 9.091666666666668561, -0.9814954576223643423 ) ) ;
#3557 = CARTESIAN_POINT ( 'NONE',  ( 2.078886112500000216, 2.106249999044084387, 0.000000000000000000 ) ) ;
#3558 = CARTESIAN_POINT ( 'NONE',  ( 8.555111043638012300E-07, 1.450012519159632696, 1.699999999999573852 ) ) ;
#3559 = CARTESIAN_POINT ( 'NONE',  ( 2.078886112500000216, 2.718749999044084653, 0.000000000000000000 ) ) ;
#3560 = CARTESIAN_POINT ( 'NONE',  ( 1.061576607437791031, 8.900827623204476069, -1.327828533389943333 ) ) ;
#3561 = CARTESIAN_POINT ( 'NONE',  ( -2.078886112500000216, 10.20135853579003893, -2.545901223465009197E-16 ) ) ;
#3562 = ORIENTED_EDGE ( 'NONE', *, *, #5023, .F. ) ;
#3563 = VERTEX_POINT ( 'NONE', #5292 ) ;
#3564 = SHAPE_REPRESENTATION ( 'Snap Fit Female V2', ( #5109 ), #6221 ) ;
#3565 = CARTESIAN_POINT ( 'NONE',  ( 0.4644394342903079287, 9.643129336449948852, -1.635359190485319969 ) ) ;
#3566 = CARTESIAN_POINT ( 'NONE',  ( 0.8499999999999988676, 5.708333331421502344, 1.472243186433546347 ) ) ;
#3567 = CARTESIAN_POINT ( 'NONE',  ( 2.211985698155365491E-06, 8.799999846285231797, -1.699999999998560662 ) ) ;
#3568 = CARTESIAN_POINT ( 'NONE',  ( -2.078886112500000216, 6.627083332377418756, 1.200245456666449106 ) ) ;
#3569 = CARTESIAN_POINT ( 'NONE',  ( 0.000000000000000000, 12.00000000000000000, -7.650000000000000355 ) ) ;
#3571 = CARTESIAN_POINT ( 'NONE',  ( 1.646909064716104876, 9.473004995992127419, 0.4254237538020658183 ) ) ;
#3570 = FACE_OUTER_BOUND ( 'NONE', #108, .T. ) ;
#3572 = CARTESIAN_POINT ( 'NONE',  ( -1.039443056249999664, 9.339583332377417335, -1.800368184999674437 ) ) ;
#3573 = ORIENTED_EDGE ( 'NONE', *, *, #2608, .F. ) ;
#3574 = CYLINDRICAL_SURFACE ( 'NONE', #8561, 5.000000000000000000 ) ;
#3575 = CARTESIAN_POINT ( 'NONE',  ( -0.2013030598188991493, 0.4211020082054193203, -1.688698439212279911 ) ) ;
#3576 = DIRECTION ( 'NONE',  ( -0.000000000000000000, -1.000000000000000000, -0.000000000000000000 ) ) ;
#3577 = EDGE_CURVE ( 'NONE', #1314, #3585, #7391, .T. ) ;
#3578 = AXIS2_PLACEMENT_3D ( 'NONE', #6862, #7328, #1381 ) ;
#3579 = CARTESIAN_POINT ( 'NONE',  ( 1.639173963154259228, 0.2753637805184427911, -0.4673908902945723143 ) ) ;
#3580 = CARTESIAN_POINT ( 'NONE',  ( -1.415716217376489228, 5.584294891331068378, -0.9414058171717989421 ) ) ;
#3581 = CARTESIAN_POINT ( 'NONE',  ( 1.039443056250000330, 7.122916665710732786, -1.800368184999674437 ) ) ;
#3582 = VECTOR ( 'NONE', #6791, 1000.000000000000000 ) ;
#3583 = CARTESIAN_POINT ( 'NONE',  ( 1.437418892725984998, 3.382710778154773834E-14, 1.418302601955979458 ) ) ;
#3584 = CARTESIAN_POINT ( 'NONE',  ( -4.136184376984511016E-06, 2.849939476670718896, 1.699999999990040589 ) ) ;
#3585 = VERTEX_POINT ( 'NONE', #1323 ) ;
#3586 = AXIS2_PLACEMENT_3D ( 'NONE', #3099, #5749, #4402 ) ;
#3587 = CARTESIAN_POINT ( 'NONE',  ( -2.078886112500000216, 8.756249999044083410, -2.545901223465009197E-16 ) ) ;
#3588 = CARTESIAN_POINT ( 'NONE',  ( 0.1532485513851428727, 0.9355193197570447206, 1.693125273380413631 ) ) ;
#3589 = DIRECTION ( 'NONE',  ( 2.803295164711174453E-15, 0.5961196035938423066, -0.8028956459037004390 ) ) ;
#3590 = CARTESIAN_POINT ( 'NONE',  ( 1.685166040839640278, 5.284468123652248828, 0.2527643327606642898 ) ) ;
#3591 = CARTESIAN_POINT ( 'NONE',  ( -2.078886112499989114, 0.9104166657107449767, -1.200245456666443999 ) ) ;
#3592 = CARTESIAN_POINT ( 'NONE',  ( -1.645519670605033014, 0.07726177720803727167, 0.4272225418131996300 ) ) ;
#3593 = CARTESIAN_POINT ( 'NONE',  ( -2.078886112500000216, 2.514583332377417602, 1.200245456666449106 ) ) ;
#3594 = CARTESIAN_POINT ( 'NONE',  ( 1.079571049638514468, 6.600658683392800263, 1.313271625641899254 ) ) ;
#3595 = CARTESIAN_POINT ( 'NONE',  ( 0.3684023664184039037, 7.950265319212187265, 1.659635382897753697 ) ) ;
#3596 = CARTESIAN_POINT ( 'NONE',  ( 1.652866749461457063, 1.773928756208541513, 0.4111587429612958977 ) ) ;
#3597 = ORIENTED_EDGE ( 'NONE', *, *, #2723, .F. ) ;
#3598 = CARTESIAN_POINT ( 'NONE',  ( -1.276569839554245078, 0.4624970787093551916, 1.649123925199109220 ) ) ;
#3599 = CARTESIAN_POINT ( 'NONE',  ( -1.639394551582353143, 9.878877881551574092, 0.4508984114809032051 ) ) ;
#3600 = CARTESIAN_POINT ( 'NONE',  ( -1.700000000000000400, 7.808333333333332682, 0.9814954576223632321 ) ) ;
#3601 = CARTESIAN_POINT ( 'NONE',  ( 1.469876756697720448E-16, 2.981249999044084387, -2.400490913332899545 ) ) ;
#3602 = CARTESIAN_POINT ( 'NONE',  ( -0.4555095154344317998, 1.131260455029747591, -1.700002373890222129 ) ) ;
#3603 = CARTESIAN_POINT ( 'NONE',  ( 2.078886112500000216, 4.118749999044084120, 0.000000000000000000 ) ) ;
#3604 = CARTESIAN_POINT ( 'NONE',  ( 1.699663910094261432, 8.802300593886240421, -0.03852651205564051884 ) ) ;
#3605 = CARTESIAN_POINT ( 'NONE',  ( -1.115769817016181609, 1.546292997241084821, 1.282884698854849681 ) ) ;
#3606 = VECTOR ( 'NONE', #7939, 1000.000000000000000 ) ;
#3607 = ORIENTED_EDGE ( 'NONE', *, *, #998, .F. ) ;
#3608 = ORIENTED_EDGE ( 'NONE', *, *, #443, .T. ) ;
#3609 = CARTESIAN_POINT ( 'NONE',  ( 1.429864959897955590, 9.563926848187156438, -0.9196798269134974779 ) ) ;
#3610 = CARTESIAN_POINT ( 'NONE',  ( 1.201985270554894323E-16, 9.499999998088167530, -1.962990915244727130 ) ) ;
#3611 = CARTESIAN_POINT ( 'NONE',  ( 0.7415492372571866886, 2.375844990114523547, 1.530905136381494280 ) ) ;
#3612 = CARTESIAN_POINT ( 'NONE',  ( 1.039443056249998776, 8.202083332377418046, 1.800368184999675325 ) ) ;
#3613 = CARTESIAN_POINT ( 'NONE',  ( -0.7844076891748538172, 0.6288411214754469070, -1.508875201245100994 ) ) ;
#3614 = CARTESIAN_POINT ( 'NONE',  ( 0.9423979212116493365, 9.389912771477904485, 1.414886385461736396 ) ) ;
#3615 = CARTESIAN_POINT ( 'NONE',  ( -4.409630270093162085E-16, 4.776358535790039106, 2.400490913332899545 ) ) ;
#3616 = ORIENTED_EDGE ( 'NONE', *, *, #5687, .T. ) ;
#3617 = PRESENTATION_STYLE_ASSIGNMENT (( #1134 ) ) ;
#3618 = VECTOR ( 'NONE', #4825, 1000.000000000000000 ) ;
#3619 = CARTESIAN_POINT ( 'NONE',  ( 9.993479796177993831E-16, 0.6907299841604572777, 8.160295526135247002 ) ) ;
#3620 = LINE ( 'NONE', #6279, #7728 ) ;
#3621 = CARTESIAN_POINT ( 'NONE',  ( 0.5228679691066813184, 0.3754424809395480178, -1.617595180774529018 ) ) ;
#3622 = CARTESIAN_POINT ( 'NONE',  ( 2.435362535369389292, 3.200000000000000178, -7.252000366886311333 ) ) ;
#3623 = CARTESIAN_POINT ( 'NONE',  ( -2.078886112500000216, 5.256249999044066534, -2.545901223465009197E-16 ) ) ;
#3624 = CARTESIAN_POINT ( 'NONE',  ( -0.1127731363807004672, 0.6096003258725279927, -0.1953415950075980123 ) ) ;
#3625 = CARTESIAN_POINT ( 'NONE',  ( 0.8368796707551292569, 5.882617418534848319, 1.483743349634408570 ) ) ;
#3626 = ORIENTED_EDGE ( 'NONE', *, *, #7127, .F. ) ;
#3627 = CARTESIAN_POINT ( 'NONE',  ( -0.8499999999999996447, -0.2416666685784977786, -1.472243186433545681 ) ) ;
#3628 = CARTESIAN_POINT ( 'NONE',  ( 4.046831517071719730, 4.909999999999999254, 4.046831517071717066 ) ) ;
#3629 = DIRECTION ( 'NONE',  ( -0.000000000000000000, -1.000000000000000000, -0.000000000000000000 ) ) ;
#3630 = CARTESIAN_POINT ( 'NONE',  ( 1.005728889882050892, 5.194676911595165869, 1.370860423411240259 ) ) ;
#3631 = CARTESIAN_POINT ( 'NONE',  ( -0.1559457433061879339, 7.214298616587825563, 1.692915330212459324 ) ) ;
#3632 = PLANE ( 'NONE',  #1528 ) ;
#3633 = CARTESIAN_POINT ( 'NONE',  ( -1.757313480616819801, 0.5020900214465369160, 0.7239789572647605809 ) ) ;
#3634 = CARTESIAN_POINT ( 'NONE',  ( -1.039443056250000996, 4.672916665710750372, 1.800368184999674215 ) ) ;
#3635 = CARTESIAN_POINT ( 'NONE',  ( -1.083435270620431767, 7.651206054704661419, -1.310098848860302034 ) ) ;
#3636 = CARTESIAN_POINT ( 'NONE',  ( 0.7191089509196275653, 7.974349803253012681, 1.540475128776331415 ) ) ;
#3637 = CARTESIAN_POINT ( 'NONE',  ( 1.562151587487352167, 1.755414354473855187, 0.6706197938391843527 ) ) ;
#3638 = EDGE_CURVE ( 'NONE', #1274, #7037, #7423, .T. ) ;
#3639 = VECTOR ( 'NONE', #8445, 1000.000000000000000 ) ;
#3640 = EDGE_CURVE ( 'NONE', #2432, #7941, #6000, .T. ) ;
#3641 = EDGE_LOOP ( 'NONE', ( #2748, #8009, #6682, #336 ) ) ;
#3642 = CARTESIAN_POINT ( 'NONE',  ( 7.261110302808396533, 3.063075121266646939, 2.408386976261426060 ) ) ;
#3643 = CARTESIAN_POINT ( 'NONE',  ( -0.9660296055060355602, 9.958325679790466012, 1.398921263700483086 ) ) ;
#3644 = CARTESIAN_POINT ( 'NONE',  ( -0.8500000000000007550, 5.766666666666666607, 1.472243186433545237 ) ) ;
#3645 = CARTESIAN_POINT ( 'NONE',  ( 2.078886112499999328, 5.547916665710749484, 1.200245456666450661 ) ) ;
#3646 = CARTESIAN_POINT ( 'NONE',  ( -2.078886112500000216, 2.427083332377418134, 1.200245456666449106 ) ) ;
#3647 = CARTESIAN_POINT ( 'NONE',  ( 0.3075446204560792762, 8.953930163112501006, -1.673510828668261174 ) ) ;
#3648 = CARTESIAN_POINT ( 'NONE',  ( -1.158668569351531286, 1.542508792286223285, 1.244038075086387307 ) ) ;
#3649 = ORIENTED_EDGE ( 'NONE', *, *, #4045, .T. ) ;
#3650 = FACE_OUTER_BOUND ( 'NONE', #2533, .T. ) ;
#3651 = CARTESIAN_POINT ( 'NONE',  ( -3.605955811664682968E-16, 7.749999998088168418, 1.962990915244727130 ) ) ;
#3652 = DIRECTION ( 'NONE',  ( 0.000000000000000000, 1.000000000000000000, 0.000000000000000000 ) ) ;
#3653 = CARTESIAN_POINT ( 'NONE',  ( 1.039443056250000330, 7.035416665710750195, -1.800368184999674215 ) ) ;
#3654 = CARTESIAN_POINT ( 'NONE',  ( -2.496867884684820808E-08, 0.5750003217616866946, -1.699999999999999512 ) ) ;
#3656 = CARTESIAN_POINT ( 'NONE',  ( 1.687544880769853650, 9.512613080039175273, -0.2061667723472760394 ) ) ;
#3655 = CARTESIAN_POINT ( 'NONE',  ( -217.8665543373767832, 13.19099966255771506, 103.6255925512818976 ) ) ;
#3657 = CARTESIAN_POINT ( 'NONE',  ( 1.039443056249998776, 4.834691869123372676, 1.800368184999675325 ) ) ;
#3658 = ORIENTED_EDGE ( 'NONE', *, *, #4861, .F. ) ;
#3659 = SURFACE_STYLE_FILL_AREA ( #8296 ) ;
#3660 = CARTESIAN_POINT ( 'NONE',  ( -7.248827492908195502, 3.153668633940836852, 2.444832771519096060 ) ) ;
#3661 = DIRECTION ( 'NONE',  ( -0.000000000000000000, -1.000000000000000000, -0.000000000000000000 ) ) ;
#3662 = CARTESIAN_POINT ( 'NONE',  ( 0.5820507322894871161, 0.1246826974968709006, 1.597253049554545612 ) ) ;
#3663 = CARTESIAN_POINT ( 'NONE',  ( -1.000945417415145755, 5.755754444783408807, 1.375147680256882721 ) ) ;
#3664 = CARTESIAN_POINT ( 'NONE',  ( 2.078886112500000216, 6.306249999044067245, 0.000000000000000000 ) ) ;
#3665 = CARTESIAN_POINT ( 'NONE',  ( 1.653639935220474477, 0.000000000000000000, -1.627215665544931023 ) ) ;
#3666 = EDGE_LOOP ( 'NONE', ( #6268, #63, #6701, #8587 ) ) ;
#3667 = CARTESIAN_POINT ( 'NONE',  ( 1.469876756697720448E-16, 8.581249999044084475, -2.400490913332899545 ) ) ;
#3668 = CARTESIAN_POINT ( 'NONE',  ( 1.637926124742325573, 1.069789507579892884, 0.4721447138277103939 ) ) ;
#3669 = CARTESIAN_POINT ( 'NONE',  ( 1.003882571056365618E-06, 9.850000066982101288, 1.699999999999703526 ) ) ;
#3670 = AXIS2_PLACEMENT_3D ( 'NONE', #1192, #7795, #7913 ) ;
#3671 = CARTESIAN_POINT ( 'NONE',  ( -1.639898896257861782, 9.121252497946395366, -0.4480860182073819753 ) ) ;
#3672 = CARTESIAN_POINT ( 'NONE',  ( -0.1416755107439177930, 7.215277647906653158, 1.694215478764809824 ) ) ;
#3673 = CARTESIAN_POINT ( 'NONE',  ( -1.683095318970675214, 0.06494656390175065908, 0.2425705589779492410 ) ) ;
#3674 = CARTESIAN_POINT ( 'NONE',  ( -1.827337085761466362, 0.5017227600544035271, 0.004371994753758806813 ) ) ;
#3675 = CARTESIAN_POINT ( 'NONE',  ( 1.039443056249998776, 4.089583332377417335, 1.800368184999675325 ) ) ;
#3676 = EDGE_CURVE ( 'NONE', #8253, #5106, #1559, .T. ) ;
#3677 = CARTESIAN_POINT ( 'NONE',  ( 0.2334838829540199501, 6.858976914784328471, -1.685007421207301848 ) ) ;
#3678 = DIRECTION ( 'NONE',  ( -0.000000000000000000, -1.000000000000000000, -0.000000000000000000 ) ) ;
#3679 = CARTESIAN_POINT ( 'NONE',  ( 1.553935653119925764, 1.754004512773364111, 0.6896479227485685648 ) ) ;
#3680 = CIRCLE ( 'NONE', #1738, 1.699999999999999956 ) ;
#3681 = APPLICATION_CONTEXT ( 'automotive_design' ) ;
#3682 = VERTEX_POINT ( 'NONE', #5036 ) ;
#3683 = FACE_OUTER_BOUND ( 'NONE', #4928, .T. ) ;
#3684 = CARTESIAN_POINT ( 'NONE',  ( -1.472928795317482775, 9.908338757232531435, 0.8497727287759861969 ) ) ;
#3685 = CARTESIAN_POINT ( 'NONE',  ( 1.699999999999999956, 8.099999999999999645, 0.000000000000000000 ) ) ;
#3686 = CARTESIAN_POINT ( 'NONE',  ( 1.039443056250000330, 6.422916665710751261, -1.800368184999674215 ) ) ;
#3687 = CARTESIAN_POINT ( 'NONE',  ( -0.8499999999999996447, 1.158333331421502299, -1.472243186433545681 ) ) ;
#3688 = CARTESIAN_POINT ( 'NONE',  ( 2.078886112500000216, 2.018749999044084475, 0.000000000000000000 ) ) ;
#3689 = EDGE_CURVE ( 'NONE', #2700, #4593, #7668, .T. ) ;
#3690 = CARTESIAN_POINT ( 'NONE',  ( -1.691137397933496933, 8.460627677593548057, 0.1733948595735364806 ) ) ;
#3691 = CARTESIAN_POINT ( 'NONE',  ( -1.612120451675773003, 1.414677099805803140, -0.5427638504399276975 ) ) ;
#3692 = ORIENTED_EDGE ( 'NONE', *, *, #922, .T. ) ;
#3693 = CARTESIAN_POINT ( 'NONE',  ( 0.9355146424360488711, 9.610594284701855727, -1.419443035865064484 ) ) ;
#3694 = CARTESIAN_POINT ( 'NONE',  ( -1.699999999999999289, 8.216666664754836091, -0.9814954576223643423 ) ) ;
#3695 = CARTESIAN_POINT ( 'NONE',  ( 1.678248808760038235, 2.482913634322698293, 0.2765833685058529112 ) ) ;
#3696 = CARTESIAN_POINT ( 'NONE',  ( -2.078886112500000216, 9.427083332377419467, 1.200245456666449106 ) ) ;
#3697 = CARTESIAN_POINT ( 'NONE',  ( -1.573231161232779840, 0.7073407418387802625, -0.6445385955329895333 ) ) ;
#3698 = CARTESIAN_POINT ( 'NONE',  ( 0.4941895117835912177, 8.241085020938372807, -1.626601140330145023 ) ) ;
#3699 = CARTESIAN_POINT ( 'NONE',  ( 2.078886112499999328, 4.193025202456706069, 1.200245456666450661 ) ) ;
#3700 = ORIENTED_EDGE ( 'NONE', *, *, #8078, .T. ) ;
#3701 = EDGE_CURVE ( 'NONE', #38, #6613, #3720, .T. ) ;
#3702 = CARTESIAN_POINT ( 'NONE',  ( -4.046831517071759698, 4.909999999999999254, 4.046831517071677098 ) ) ;
#3703 = CARTESIAN_POINT ( 'NONE',  ( -7.199799341529544705, 3.046643593403177697, 2.586003223429774955 ) ) ;
#3704 = CARTESIAN_POINT ( 'NONE',  ( 0.1966050664809102233, 0.2384897042335839268, 1.688674366070980426 ) ) ;
#3705 = CARTESIAN_POINT ( 'NONE',  ( 2.885102807365163891, 3.000000000000000000, -7.085102807365160515 ) ) ;
#3706 = CARTESIAN_POINT ( 'NONE',  ( 2.078886112499999772, 4.847916665710735096, 1.200245456666450883 ) ) ;
#3707 = CARTESIAN_POINT ( 'NONE',  ( -0.5765983190389553092, 0.000000000000000000, -2.457330312404657935 ) ) ;
#3708 = EDGE_LOOP ( 'NONE', ( #3299, #3409, #5473, #3890 ) ) ;
#3709 = CARTESIAN_POINT ( 'NONE',  ( 1.039443056250000330, 7.822916665710751616, -1.800368184999674215 ) ) ;
#3710 = CARTESIAN_POINT ( 'NONE',  ( 0.8781287773367895122, 1.214756842683210269, -1.455821589846207242 ) ) ;
#3711 = CARTESIAN_POINT ( 'NONE',  ( 1.469876756697720448E-16, 0.09374999904408451434, -2.400490913332899545 ) ) ;
#3712 = VECTOR ( 'NONE', #3250, 1000.000000000000000 ) ;
#3713 = CARTESIAN_POINT ( 'NONE',  ( 0.2861268970374583054, 5.455360896538302029, -1.677672919823967268 ) ) ;
#3714 = CARTESIAN_POINT ( 'NONE',  ( -1.039443056249995445, 4.585416665710744688, 1.800368184999665111 ) ) ;
#3715 = EDGE_CURVE ( 'NONE', #7470, #3128, #4900, .T. ) ;
#3716 = CARTESIAN_POINT ( 'NONE',  ( 0.5048814455589587524, 0.5015158742167005190, 2.123625653681715963 ) ) ;
#3717 = CARTESIAN_POINT ( 'NONE',  ( -1.764144457972037561, 0.5020989313974616453, 0.6999728591123037802 ) ) ;
#3718 = CARTESIAN_POINT ( 'NONE',  ( -2.078886112500000216, 8.114583332377415914, 1.200245456666449106 ) ) ;
#3719 = CARTESIAN_POINT ( 'NONE',  ( -1.128820519521015253, 7.654850891572595017, -1.271127166665259045 ) ) ;
#3720 = LINE ( 'NONE', #1593, #2755 ) ;
#3721 = CARTESIAN_POINT ( 'NONE',  ( 1.263744419242772699, 1.882545276323061456, -1.137335768986631690 ) ) ;
#3722 = CIRCLE ( 'NONE', #3578, 7.799999999999999822 ) ;
#3723 = ORIENTED_EDGE ( 'NONE', *, *, #1255, .F. ) ;
#3724 = CARTESIAN_POINT ( 'NONE',  ( 1.142554289758378472, 4.506052619278810845, 1.258883697742054553 ) ) ;
#3725 = CIRCLE ( 'NONE', #4840, 0.09999999999999982514 ) ;
#3726 = AXIS2_PLACEMENT_3D ( 'NONE', #3655, #477, #5012 ) ;
#3727 = CARTESIAN_POINT ( 'NONE',  ( 4.500000000000000000, 7.500000000000000000, -2.179449471770337432 ) ) ;
#3728 = CARTESIAN_POINT ( 'NONE',  ( -1.565677246639900932, 9.894209891640606713, 0.6644031757242198077 ) ) ;
#3729 = CARTESIAN_POINT ( 'NONE',  ( -0.8500000000000007550, 8.566666666666666430, 1.472243186433545237 ) ) ;
#3730 = CARTESIAN_POINT ( 'NONE',  ( -4.409630270093162085E-16, 5.431249999044084120, 2.400490913332899545 ) ) ;
#3731 = CARTESIAN_POINT ( 'NONE',  ( -0.9067411135949967615, 2.037300513234963528, -1.438030213438387106 ) ) ;
#3732 = CARTESIAN_POINT ( 'NONE',  ( 2.078886112499999772, 3.477083332377417957, -1.200245456666449329 ) ) ;
#3733 = CARTESIAN_POINT ( 'NONE',  ( 0.07339891436134324265, 8.969967800891188503, -1.698633719367670381 ) ) ;
#3734 = CARTESIAN_POINT ( 'NONE',  ( -0.8516132348257599016, 1.566862635232574297, 1.472309966941466763 ) ) ;
#3735 = EDGE_CURVE ( 'NONE', #8273, #3319, #7024, .T. ) ;
#3736 = CIRCLE ( 'NONE', #7880, 7.650000000000000355 ) ;
#3737 = ORIENTED_EDGE ( 'NONE', *, *, #1661, .T. ) ;
#3738 = CARTESIAN_POINT ( 'NONE',  ( 1.700067030958629877, 3.902154296662382116, -0.03651188067272222865 ) ) ;
#3739 = CARTESIAN_POINT ( 'NONE',  ( 2.571963978632909598, 8.000000000000000000, 7.204686064820227109 ) ) ;
#3740 = CARTESIAN_POINT ( 'NONE',  ( 0.1135681199215718279, 2.332663146832783418, 1.697152532356974497 ) ) ;
#3741 = CARTESIAN_POINT ( 'NONE',  ( 1.469876756697720448E-16, 9.893749999044086252, -2.400490913332899545 ) ) ;
#3742 = CARTESIAN_POINT ( 'NONE',  ( -1.158917500728833483, 0.6575918485498754018, -1.243908097717041805 ) ) ;
#3743 = ADVANCED_FACE ( 'NONE', ( #1638 ), #5557, .F. ) ;
#3744 = PLANE ( 'NONE',  #4987 ) ;
#3745 = CARTESIAN_POINT ( 'NONE',  ( -2.078886112500000216, 4.659691869123371966, 1.200245456666449106 ) ) ;
#3746 = EDGE_CURVE ( 'NONE', #1607, #8525, #4004, .T. ) ;
#3747 = EDGE_LOOP ( 'NONE', ( #4356, #4175, #4828, #7380 ) ) ;
#3748 = DIRECTION ( 'NONE',  ( -0.000000000000000000, -1.000000000000000000, -0.000000000000000000 ) ) ;
#3749 = DIRECTION ( 'NONE',  ( -0.7071067811865474617, 0.000000000000000000, -0.7071067811865474617 ) ) ;
#3750 = CARTESIAN_POINT ( 'NONE',  ( 1.190267957791643294, 0.3103704090157142215, 1.213780775803365408 ) ) ;
#3751 = AXIS2_PLACEMENT_3D ( 'NONE', #4372, #7664, #7020 ) ;
#3752 = DIRECTION ( 'NONE',  ( -0.000000000000000000, -1.000000000000000000, -0.000000000000000000 ) ) ;
#3753 = CARTESIAN_POINT ( 'NONE',  ( -1.039443056249999664, 6.539583332377399749, -1.800368184999674659 ) ) ;
#3754 = CARTESIAN_POINT ( 'NONE',  ( -2.729713501937867992, 1.734723475976807094E-15, 0.7368822115884673396 ) ) ;
#3755 = ORIENTED_EDGE ( 'NONE', *, *, #7339, .F. ) ;
#3756 = CARTESIAN_POINT ( 'NONE',  ( 1.201985270554894323E-16, 2.499999998088168862, -1.962990915244727130 ) ) ;
#3757 = CARTESIAN_POINT ( 'NONE',  ( 0.2655552751513706178, 1.256787605285561105, -1.681325654530050340 ) ) ;
#3758 = CARTESIAN_POINT ( 'NONE',  ( -2.078886112500000216, 1.668749999044084387, -2.545901223465009197E-16 ) ) ;
#3759 = CARTESIAN_POINT ( 'NONE',  ( -1.652135689191737589, 9.124569124675058873, -0.4011144090233026982 ) ) ;
#3760 = CARTESIAN_POINT ( 'NONE',  ( 2.078886112499988670, 4.760416665710743622, 1.200245456666444444 ) ) ;
#3761 = CARTESIAN_POINT ( 'NONE',  ( -1.650345734143730203, 0.07594586530803196234, 0.4078907184589158352 ) ) ;
#3762 = CARTESIAN_POINT ( 'NONE',  ( -1.825679725881084181, 0.5017392948057755042, -0.01220246466713385824 ) ) ;
#3763 = CARTESIAN_POINT ( 'NONE',  ( 1.039443056250000330, 7.122916665710750550, -1.800368184999674215 ) ) ;
#3764 = CARTESIAN_POINT ( 'NONE',  ( -1.557231826047370538, 7.704564970221465359, -0.6820609976867597624 ) ) ;
#3765 = CARTESIAN_POINT ( 'NONE',  ( 1.271712909599166164, 8.017777016433445425, 1.137701635603441286 ) ) ;
#3766 = CARTESIAN_POINT ( 'NONE',  ( 1.682653154209345026, 1.784874642596675498, 0.2444011778128882539 ) ) ;
#3767 = VERTEX_POINT ( 'NONE', #7688 ) ;
#3768 = CARTESIAN_POINT ( 'NONE',  ( 0.7116477113606379801, 4.473762563044532570, 1.544999655991095011 ) ) ;
#3769 = DIRECTION ( 'NONE',  ( 0.000000000000000000, 0.000000000000000000, 1.000000000000000000 ) ) ;
#3770 = CARTESIAN_POINT ( 'NONE',  ( -5.422857600129052806E-07, 6.000000035303857615, -1.699999999999913358 ) ) ;
#3771 = CARTESIAN_POINT ( 'NONE',  ( -3.605955811664682968E-16, 9.324999999999999289, 1.962990915244727130 ) ) ;
#3772 = CARTESIAN_POINT ( 'NONE',  ( -2.078886112500000216, 4.614583332377416802, 1.200245456666449106 ) ) ;
#3773 = CARTESIAN_POINT ( 'NONE',  ( -0.9431359919552826376, 2.259939860076821461, 1.414715704829468734 ) ) ;
#3774 = CARTESIAN_POINT ( 'NONE',  ( 1.039443056250000330, 5.635416665710750728, -1.800368184999674215 ) ) ;
#3775 = CARTESIAN_POINT ( 'NONE',  ( 3.018470195263254219, 3.000000000000000000, 7.029319859012494121 ) ) ;
#3776 = DIRECTION ( 'NONE',  ( 0.000000000000000000, -1.000000000000000000, 0.000000000000000000 ) ) ;
#3777 = EDGE_CURVE ( 'NONE', #1956, #5603, #1743, .T. ) ;
#3778 = ORIENTED_EDGE ( 'NONE', *, *, #8378, .F. ) ;
#3779 = CARTESIAN_POINT ( 'NONE',  ( 0.9283751000460248592, 3.788882178561340464, 1.424131893670500082 ) ) ;
#3780 = CARTESIAN_POINT ( 'NONE',  ( 0.8499999999999988676, 7.808333331421501988, 1.472243186433546347 ) ) ;
#3781 = CARTESIAN_POINT ( 'NONE',  ( 0.2865990990826674523, 2.655331515836779843, -1.675674918388323720 ) ) ;
#3782 = CARTESIAN_POINT ( 'NONE',  ( -1.039443056250000996, 10.18541666571075055, 1.800368184999674215 ) ) ;
#3783 = CARTESIAN_POINT ( 'NONE',  ( -1.076974292842217240, 0.6506609222640443724, -1.316696300066659386 ) ) ;
#3784 = CARTESIAN_POINT ( 'NONE',  ( 0.2686822522184006967, 8.256589891460127006, -1.679803705121810875 ) ) ;
#3785 = CARTESIAN_POINT ( 'NONE',  ( 2.078886112500000216, 1.451358535790040261, 0.000000000000000000 ) ) ;
#3786 = ORIENTED_EDGE ( 'NONE', *, *, #2363, .T. ) ;
#3787 = CARTESIAN_POINT ( 'NONE',  ( 0.5818972133550786019, 5.864936915894396030, 1.597613474592598282 ) ) ;
#3788 = ADVANCED_FACE ( 'NONE', ( #1171 ), #3744, .T. ) ;
#3789 = CARTESIAN_POINT ( 'NONE',  ( 4.027325123107964089, 3.021034482758620410, -4.027325123107938332 ) ) ;
#3790 = CARTESIAN_POINT ( 'NONE',  ( 2.083981722665841030, -2.215840409940475766E-16, 0.1438493464909063602 ) ) ;
#3791 = CARTESIAN_POINT ( 'NONE',  ( 4.843681451127850757, 8.000000000000000000, -4.843681451127848980 ) ) ;
#3792 = EDGE_CURVE ( 'NONE', #2516, #3918, #3736, .T. ) ;
#3793 = DIRECTION ( 'NONE',  ( 0.000000000000000000, 0.000000000000000000, -1.000000000000000000 ) ) ;
#3794 = ADVANCED_FACE ( 'NONE', ( #7973 ), #7896, .F. ) ;
#3795 = CARTESIAN_POINT ( 'NONE',  ( 2.078886112500000216, 9.106249999044067067, 0.000000000000000000 ) ) ;
#3796 = ORIENTED_EDGE ( 'NONE', *, *, #399, .T. ) ;
#3797 = ORIENTED_EDGE ( 'NONE', *, *, #913, .F. ) ;
#3798 = CARTESIAN_POINT ( 'NONE',  ( 1.699999999999999956, 0.2249999980881688399, 0.000000000000000000 ) ) ;
#3799 = DIRECTION ( 'NONE',  ( -0.000000000000000000, 1.000000000000000000, -0.000000000000000000 ) ) ;
#3800 = CARTESIAN_POINT ( 'NONE',  ( 1.039443056249998776, 0.5020833323774178680, 1.800368184999675325 ) ) ;
#3801 = CARTESIAN_POINT ( 'NONE',  ( -0.5032021899026768441, 9.009442990469503698, -1.627902447392225671 ) ) ;
#3802 = CARTESIAN_POINT ( 'NONE',  ( 2.078886112499989558, 4.877083332377410763, -1.200245456666443111 ) ) ;
#3803 = CARTESIAN_POINT ( 'NONE',  ( -1.699999999999999956, 1.974999998088168729, -2.081899558550500280E-16 ) ) ;
#3804 = CARTESIAN_POINT ( 'NONE',  ( 0.000000000000000000, 10.19999999999999929, -1.699999999999999956 ) ) ;
#3805 = CARTESIAN_POINT ( 'NONE',  ( 1.469876756697720448E-16, 5.781249999044083765, -2.400490913332899545 ) ) ;
#3806 = AXIS2_PLACEMENT_3D ( 'NONE', #6586, #7715, #2549 ) ;
#3807 = CARTESIAN_POINT ( 'NONE',  ( -1.129297439696398175, 7.654889215259264468, -1.270704637887354327 ) ) ;
#3808 = CARTESIAN_POINT ( 'NONE',  ( 1.699999999999999289, 3.666666664754835825, 0.9814954576223646754 ) ) ;
#3809 = VECTOR ( 'NONE', #8188, 1000.000000000000000 ) ;
#3810 = ORIENTED_EDGE ( 'NONE', *, *, #6523, .F. ) ;
#3811 = CARTESIAN_POINT ( 'NONE',  ( 0.7905347549045459443, 4.479173576353212560, 1.505297778451947455 ) ) ;
#3812 = DIRECTION ( 'NONE',  ( -0.7071067811865475727, 0.000000000000000000, 0.7071067811865475727 ) ) ;
#3813 = EDGE_CURVE ( 'NONE', #6177, #8058, #6644, .T. ) ;
#3814 = CARTESIAN_POINT ( 'NONE',  ( -0.2789587842898813008, 6.894065441368998570, -1.680914497343794167 ) ) ;
#3815 = CARTESIAN_POINT ( 'NONE',  ( -1.039443056250000996, 5.372916665710750550, 1.800368184999674215 ) ) ;
#3816 = CARTESIAN_POINT ( 'NONE',  ( 1.469876756697720448E-16, 6.393749999044083587, -2.400490913332899545 ) ) ;
#3817 = CARTESIAN_POINT ( 'NONE',  ( -1.197631686972192133, 8.360907534028765298, -1.207814072669241678 ) ) ;
#3818 = CARTESIAN_POINT ( 'NONE',  ( -0.4241811105869920939, 4.804092562227018526, -1.647023880004987673 ) ) ;
#3819 = CARTESIAN_POINT ( 'NONE',  ( -7.252000366886311333, 8.000000000000000000, 2.435362535369389292 ) ) ;
#3820 = VERTEX_POINT ( 'NONE', #6563 ) ;
#3821 = CARTESIAN_POINT ( 'NONE',  ( 1.654216084851436008, 3.925744732724223418, -0.4062242117915091377 ) ) ;
#3822 = CARTESIAN_POINT ( 'NONE',  ( 0.9135314112410468645, 3.087803527420835970, 1.433735615258664664 ) ) ;
#3823 = CARTESIAN_POINT ( 'NONE',  ( -4.999999999999999112, 8.000000000000000000, -2.291287847478249429 ) ) ;
#3824 = CARTESIAN_POINT ( 'NONE',  ( -0.9247419704301912402, 0.03026308432939674511, 1.426495146471288056 ) ) ;
#3825 = CARTESIAN_POINT ( 'NONE',  ( -1.699999999999999956, 0.5749999980881688177, -2.081899558550500280E-16 ) ) ;
#3826 = FACE_OUTER_BOUND ( 'NONE', #4, .T. ) ;
#3827 = MANIFOLD_SOLID_BREP ( 'Fillet5', #5942 ) ;
#3828 = CARTESIAN_POINT ( 'NONE',  ( 1.690475527234450492, 8.088636426392762147, 0.1852511342284067497 ) ) ;
#3829 = CARTESIAN_POINT ( 'NONE',  ( -2.078886112500000216, 6.759691869123373387, 1.200245456666449106 ) ) ;
#3830 = ORIENTED_EDGE ( 'NONE', *, *, #1131, .T. ) ;
#3831 = CARTESIAN_POINT ( 'NONE',  ( 1.236167624426631972, 6.085407429370933485, -1.169946871919995468 ) ) ;
#3832 = CARTESIAN_POINT ( 'NONE',  ( 3.956290731841345831, 5.626078208432423011, -3.226782805549667899 ) ) ;
#3833 = CARTESIAN_POINT ( 'NONE',  ( -0.8499999999999996447, 9.558333331421501100, -1.472243186433545681 ) ) ;
#3834 = CARTESIAN_POINT ( 'NONE',  ( 0.7173396063471317863, 0.2742286215035277808, 1.541298488092792462 ) ) ;
#3835 = CARTESIAN_POINT ( 'NONE',  ( 5.078412917506966551, 3.200000000000000178, 4.890012498889792170 ) ) ;
#3836 = EDGE_CURVE ( 'NONE', #3913, #2828, #4226, .T. ) ;
#3837 = CARTESIAN_POINT ( 'NONE',  ( 3.539756076648450507E-07, 7.750005188256396949, 1.699999999999926459 ) ) ;
#3838 = ORIENTED_EDGE ( 'NONE', *, *, #6455, .T. ) ;
#3839 = ORIENTED_EDGE ( 'NONE', *, *, #2534, .T. ) ;
#3840 = CARTESIAN_POINT ( 'NONE',  ( -1.700000000000000400, 2.733333331421502255, 0.9814954576223632321 ) ) ;
#3841 = CARTESIAN_POINT ( 'NONE',  ( 1.516397822612767898, 1.152332339071121314, -0.7765621985270264593 ) ) ;
#3842 = EDGE_CURVE ( 'NONE', #6409, #6008, #2353, .T. ) ;
#3843 = CARTESIAN_POINT ( 'NONE',  ( -1.643550454430326102, 9.122214051761881493, -0.4345012927513220435 ) ) ;
#3844 = CARTESIAN_POINT ( 'NONE',  ( -4.409630270093139405E-16, 2.543749999044077281, 2.400490913332886667 ) ) ;
#3845 = CARTESIAN_POINT ( 'NONE',  ( -0.8580431299314934535, 0.1662680609787858532, 1.469245048805891463 ) ) ;
#3846 = DIRECTION ( 'NONE',  ( -0.000000000000000000, 1.000000000000000000, -0.000000000000000000 ) ) ;
#3847 = CARTESIAN_POINT ( 'NONE',  ( -4.409630270093162085E-16, 6.131249999044084298, 2.400490913332899545 ) ) ;
#3848 = CARTESIAN_POINT ( 'NONE',  ( -0.1495120313913420595, 5.485260629603494031, -1.700000000000000622 ) ) ;
#3849 = LINE ( 'NONE', #8523, #2881 ) ;
#3850 = CARTESIAN_POINT ( 'NONE',  ( -0.5261376491704912173, -4.336808689942017736E-14, -1.256379734090805167 ) ) ;
#3851 = EDGE_LOOP ( 'NONE', ( #8428, #1879, #3562, #3954 ) ) ;
#3852 = CARTESIAN_POINT ( 'NONE',  ( -1.060660171779809424, 0.000000000000000000, -1.060660171779831629 ) ) ;
#3853 = CARTESIAN_POINT ( 'NONE',  ( -0.5339310671828098043, 2.711642324942281856, -1.613989947048657614 ) ) ;
#3854 = CARTESIAN_POINT ( 'NONE',  ( 0.4555133727039305525, 5.968739276432016183, -1.700000146894638853 ) ) ;
#3855 = CARTESIAN_POINT ( 'NONE',  ( 0.1920655795263224996, 0.5086574369583030109, 0.9285684651134165080 ) ) ;
#3856 = CARTESIAN_POINT ( 'NONE',  ( 2.078886112500000216, 7.618749999044084120, 0.000000000000000000 ) ) ;
#3857 = CARTESIAN_POINT ( 'NONE',  ( -1.272906870250404054, 8.367832470059511252, -1.136696676082268764 ) ) ;
#3858 = FACE_OUTER_BOUND ( 'NONE', #6923, .T. ) ;
#3859 = VECTOR ( 'NONE', #8466, 1000.000000000000114 ) ;
#3860 = CARTESIAN_POINT ( 'NONE',  ( -1.439213139160204546, 4.187259856006615877, -0.9050753261944903816 ) ) ;
#3861 = CARTESIAN_POINT ( 'NONE',  ( 2.312024219028192551, 2.048942590553173293, 4.433344562587834048 ) ) ;
#3862 = CARTESIAN_POINT ( 'NONE',  ( 0.8907138213820868788, 4.013716155869295754, -1.450077975956209464 ) ) ;
#3863 = AXIS2_PLACEMENT_3D ( 'NONE', #3874, #5307, #7172 ) ;
#3864 = CARTESIAN_POINT ( 'NONE',  ( 1.699926617349283742, 3.201362434128725010, -0.02290555609912353630 ) ) ;
#3865 = CARTESIAN_POINT ( 'NONE',  ( -4.741034782807846071, 7.947103280109118373, -2.234160359978236254 ) ) ;
#3866 = CARTESIAN_POINT ( 'NONE',  ( 1.201985270554894323E-16, 0.5749999999999999556, -1.962990915244727130 ) ) ;
#3867 = DIRECTION ( 'NONE',  ( 0.000000000000000000, 0.000000000000000000, 1.000000000000000000 ) ) ;
#3868 = CARTESIAN_POINT ( 'NONE',  ( -1.383374821000872723, 0.8195900821849390061, 0.9880866386944729962 ) ) ;
#3869 = CIRCLE ( 'NONE', #2909, 5.500000000000000000 ) ;
#3870 = CARTESIAN_POINT ( 'NONE',  ( 1.128007321272811003, 8.195217987310405405, -1.271854171925161925 ) ) ;
#3871 = CARTESIAN_POINT ( 'NONE',  ( 1.039443056249998776, 8.334691869123371788, 1.800368184999675325 ) ) ;
#3872 = VERTEX_POINT ( 'NONE', #3775 ) ;
#3873 = CARTESIAN_POINT ( 'NONE',  ( 0.9911015358779130535, 6.106526783198122921, -1.382273930405006679 ) ) ;
#3874 = CARTESIAN_POINT ( 'NONE',  ( 0.000000000000000000, 0.7371656850684469298, 0.000000000000000000 ) ) ;
#3875 = CARTESIAN_POINT ( 'NONE',  ( 1.642383755115734534, 0.4280608534337316251, -0.4388694334516452522 ) ) ;
#3876 = DIRECTION ( 'NONE',  ( 0.000000000000000000, 0.000000000000000000, 1.000000000000000000 ) ) ;
#3877 = CARTESIAN_POINT ( 'NONE',  ( 1.699999999999999956, 7.924999998088168240, 0.000000000000000000 ) ) ;
#3878 = ORIENTED_EDGE ( 'NONE', *, *, #5917, .T. ) ;
#3879 = VERTEX_POINT ( 'NONE', #8325 ) ;
#3880 = CARTESIAN_POINT ( 'NONE',  ( -0.8499999999999996447, 2.558333331421501988, -1.472243186433545681 ) ) ;
#3881 = FACE_OUTER_BOUND ( 'NONE', #1303, .T. ) ;
#3882 = CARTESIAN_POINT ( 'NONE',  ( -1.664996496681036220, 9.171779734950474605, 0.3462136330550010244 ) ) ;
#3883 = CARTESIAN_POINT ( 'NONE',  ( -2.078886112499989114, 4.410416665710744866, -1.200245456666443999 ) ) ;
#3884 = CARTESIAN_POINT ( 'NONE',  ( -1.097422488980606792, 0.1478476871127242243, 1.298773454840404185 ) ) ;
#3885 = CARTESIAN_POINT ( 'NONE',  ( -2.279064564105349078, 2.000000000000000444, -4.400384907664990131 ) ) ;
#3886 = CARTESIAN_POINT ( 'NONE',  ( 2.078886112499999772, 6.364583332377416802, -1.200245456666449329 ) ) ;
#3887 = FACE_BOUND ( 'NONE', #7256, .T. ) ;
#3888 = CARTESIAN_POINT ( 'NONE',  ( 2.262975846493154641, 8.000000000000000000, 4.870299948342226237 ) ) ;
#3889 = CARTESIAN_POINT ( 'NONE',  ( -1.102252124109496911, 6.447431578449491774, 1.294238455874214155 ) ) ;
#3890 = ORIENTED_EDGE ( 'NONE', *, *, #4700, .F. ) ;
#3891 = CARTESIAN_POINT ( 'NONE',  ( 0.6917285594092190681, 4.727465163000136528, -1.552931409776688199 ) ) ;
#3892 = CARTESIAN_POINT ( 'NONE',  ( -1.243746255607509621, 2.765303420543148150, -1.161373778146190139 ) ) ;
#3893 = CARTESIAN_POINT ( 'NONE',  ( 2.291287847478249429, 8.000000000000000000, 4.999999999999848121 ) ) ;
#3894 = CIRCLE ( 'NONE', #150, 7.799999999999999822 ) ;
#3895 = CARTESIAN_POINT ( 'NONE',  ( -0.1511416315396898746, 0.5629736105822292780, -0.2652862412323291341 ) ) ;
#3896 = CARTESIAN_POINT ( 'NONE',  ( 2.078886112499999772, 7.677083332377417690, -1.200245456666449329 ) ) ;
#3897 = CARTESIAN_POINT ( 'NONE',  ( -0.6506398627256605449, 8.580443663948280175, 1.571456699678466906 ) ) ;
#3898 = CARTESIAN_POINT ( 'NONE',  ( -0.5303668253880752248, 4.811397722646174380, -1.615164480654254664 ) ) ;
#3899 = ADVANCED_FACE ( 'NONE', ( #7035 ), #506, .F. ) ;
#3900 = CARTESIAN_POINT ( 'NONE',  ( 2.435362535369389292, 3.000000000000000000, -7.252000366886311333 ) ) ;
#3901 = EDGE_CURVE ( 'NONE', #2143, #8045, #4514, .T. ) ;
#3902 = B_SPLINE_CURVE_WITH_KNOTS ( 'NONE', 3,
 ( #4637, #2592, #7275, #5248 ),
 .UNSPECIFIED., .F., .F.,
 ( 4, 4 ),
 ( 0.000000000000000000, 1.000000000000000000 ),
 .UNSPECIFIED. ) ;
#3903 = CARTESIAN_POINT ( 'NONE',  ( -1.631953436893661014, 6.381627412908981611, 0.4920175755127157990 ) ) ;
#3904 = DIRECTION ( 'NONE',  ( -0.000000000000000000, 1.000000000000000000, -0.000000000000000000 ) ) ;
#3905 = CARTESIAN_POINT ( 'NONE',  ( 1.225825505023267148, 3.113650298737112188, 1.179324057735624764 ) ) ;
#3906 = CARTESIAN_POINT ( 'NONE',  ( 0.4660375046360007434, 2.643026360503187622, -1.639661055725812888 ) ) ;
#3907 = CARTESIAN_POINT ( 'NONE',  ( -0.4625384061949617265, 10.21779243757325339, 2.026777168694177789 ) ) ;
#3908 = CARTESIAN_POINT ( 'NONE',  ( -1.700000000000000400, 1.508333333333333304, 0.9814954576223632321 ) ) ;
#3909 = DIRECTION ( 'NONE',  ( 0.000000000000000000, 0.000000000000000000, 1.000000000000000000 ) ) ;
#3910 = CARTESIAN_POINT ( 'NONE',  ( -7.284988917792943219, 3.116491533522731672, -2.334875965827334365 ) ) ;
#3911 = CARTESIAN_POINT ( 'NONE',  ( 0.8709001247538543655, 8.684794426075839624, 1.460178958804674076 ) ) ;
#3912 = CARTESIAN_POINT ( 'NONE',  ( -4.409630270093162085E-16, 6.176358535790038573, 2.400490913332899545 ) ) ;
#3913 = VERTEX_POINT ( 'NONE', #7803 ) ;
#3914 = CARTESIAN_POINT ( 'NONE',  ( 1.547248276199152395, 6.047442297747564588, -0.7100372662710542349 ) ) ;
#3915 = CARTESIAN_POINT ( 'NONE',  ( 1.691333752363906928, 7.389500301982582009, 0.1716604579653603357 ) ) ;
#3916 = CARTESIAN_POINT ( 'NONE',  ( 1.693355892592751655, 0.3908123973799638162, 0.1507413236350502450 ) ) ;
#3917 = CARTESIAN_POINT ( 'NONE',  ( 3.976120838953074887, 3.089999999999999858, -3.976120838953049130 ) ) ;
#3918 = VERTEX_POINT ( 'NONE', #7075 ) ;
#3919 = ORIENTED_EDGE ( 'NONE', *, *, #6147, .T. ) ;
#3920 = CARTESIAN_POINT ( 'NONE',  ( 1.699999999999999067, 1.566666664754835514, 0.9814954576223646754 ) ) ;
#3921 = LINE ( 'NONE', #2005, #4360 ) ;
#3922 = CARTESIAN_POINT ( 'NONE',  ( -0.9122213874021124491, 9.262248992906457090, 1.434723634391566360 ) ) ;
#3923 = CARTESIAN_POINT ( 'NONE',  ( -2.078886112499989114, 9.310416665710745221, -1.200245456666443999 ) ) ;
#3924 = CARTESIAN_POINT ( 'NONE',  ( -1.663231859678011348, 2.172431438137027992, 0.3557975579695228929 ) ) ;
#3925 = DIRECTION ( 'NONE',  ( 0.000000000000000000, -0.000000000000000000, -1.000000000000000000 ) ) ;
#3926 = CARTESIAN_POINT ( 'NONE',  ( -4.409630270093162085E-16, 8.931249999044084120, 2.400490913332899545 ) ) ;
#3927 = CARTESIAN_POINT ( 'NONE',  ( -1.051007025749596924, 7.851682026432712291, 1.336212081868782597 ) ) ;
#3928 = PLANE ( 'NONE',  #3670 ) ;
#3929 = CARTESIAN_POINT ( 'NONE',  ( -0.5526694881001497084, 6.487079900002605370, 1.607816259434654560 ) ) ;
#3930 = ORIENTED_EDGE ( 'NONE', *, *, #899, .T. ) ;
#3931 = CARTESIAN_POINT ( 'NONE',  ( 1.590272662457373087, 4.639523439306143082, -0.6018789378359924447 ) ) ;
#3932 = CARTESIAN_POINT ( 'NONE',  ( -1.700030264105250710, 2.851639985352450335, 0.02739864700528698432 ) ) ;
#3933 = DIRECTION ( 'NONE',  ( 0.7071067811865477948, 0.000000000000000000, 0.7071067811865473507 ) ) ;
#3934 = CARTESIAN_POINT ( 'NONE',  ( -0.6141574898736118504, 0.5187527752286159588, 0.1898896284898120013 ) ) ;
#3935 = CARTESIAN_POINT ( 'NONE',  ( -1.039443056249999664, 7.152083332377418223, -1.800368184999674437 ) ) ;
#3936 = CARTESIAN_POINT ( 'NONE',  ( -1.202089925703757833, 8.538578917908303367, 1.202122457768924457 ) ) ;
#3937 = CARTESIAN_POINT ( 'NONE',  ( -0.9849220638609810230, 4.843087062525804676, -1.385619425695778562 ) ) ;
#3938 = CONICAL_SURFACE ( 'NONE', #51, 7.650000000000000355, 1.025932411343352557 ) ;
#3939 =( BOUNDED_CURVE ( )  B_SPLINE_CURVE ( 3, ( #606, #5791, #7860, #2656 ),
 .UNSPECIFIED., .F., .F. ) 
 B_SPLINE_CURVE_WITH_KNOTS ( ( 4, 4 ),
 ( 5.978492653164188653, 6.587877961194983811 ),
 .UNSPECIFIED. ) 
 CURVE ( )  GEOMETRIC_REPRESENTATION_ITEM ( )  RATIONAL_B_SPLINE_CURVE ( ( 1.000000000000000000, 0.9692928009446304394, 0.9692928009446304394, 1.000000000000000000 ) ) 
 REPRESENTATION_ITEM ( '' )  );
#3940 = CARTESIAN_POINT ( 'NONE',  ( -0.7524248294437901885, 4.126703351440747625, -1.528233532228465252 ) ) ;
#3941 = CARTESIAN_POINT ( 'NONE',  ( 1.039443056249998776, -0.1979166676225822263, 1.800368184999675325 ) ) ;
#3942 = CARTESIAN_POINT ( 'NONE',  ( -0.7547258958371165782, 6.226864003604744902, -1.527124019469209504 ) ) ;
#3943 = LINE ( 'NONE', #6034, #137 ) ;
#3944 = CARTESIAN_POINT ( 'NONE',  ( -2.444718554847590486, 3.153845617810561386, 7.248866152423289577 ) ) ;
#3945 = DIRECTION ( 'NONE',  ( 0.7071067811865475727, 0.000000000000000000, -0.7071067811865475727 ) ) ;
#3946 = ADVANCED_FACE ( 'NONE', ( #7678 ), #5679, .T. ) ;
#3947 = CARTESIAN_POINT ( 'NONE',  ( -1.292529962930530685, 0.002843541558819989625, 1.105299799270504035 ) ) ;
#3948 = CARTESIAN_POINT ( 'NONE',  ( -1.699999999999999956, 0.04999999999999991257, -2.081899558550500280E-16 ) ) ;
#3949 = DIRECTION ( 'NONE',  ( 0.000000000000000000, -0.000000000000000000, 1.000000000000000000 ) ) ;
#3950 = CARTESIAN_POINT ( 'NONE',  ( -0.7322848691727389392, 0.8752515477795707044, 1.541807593995851988 ) ) ;
#3951 = CARTESIAN_POINT ( 'NONE',  ( -0.4555129633064631811, 4.631260691648416028, -1.700000383260376724 ) ) ;
#3952 = CARTESIAN_POINT ( 'NONE',  ( 1.039443056250000330, 5.768025202456706246, -1.800368184999674215 ) ) ;
#3953 = AXIS2_PLACEMENT_3D ( 'NONE', #764, #3369, #6717 ) ;
#3954 = ORIENTED_EDGE ( 'NONE', *, *, #2156, .F. ) ;
#3955 = CARTESIAN_POINT ( 'NONE',  ( -7.062077725444666771E-07, 5.124989481730990448, 1.699999999999702860 ) ) ;
#3956 = CARTESIAN_POINT ( 'NONE',  ( -1.039443056249999664, 0.8520833323774179568, -1.800368184999674437 ) ) ;
#3957 = DIRECTION ( 'NONE',  ( -0.000000000000000000, -1.000000000000000000, -0.000000000000000000 ) ) ;
#3958 = CARTESIAN_POINT ( 'NONE',  ( 1.578461077367579124, 0.3582595465995584982, 0.6320244262815830627 ) ) ;
#3959 = CARTESIAN_POINT ( 'NONE',  ( 0.000000000000000000, 7.500000000000000000, 0.000000000000000000 ) ) ;
#3960 = ORIENTED_EDGE ( 'NONE', *, *, #3746, .F. ) ;
#3961 = ORIENTED_EDGE ( 'NONE', *, *, #399, .F. ) ;
#3962 = CARTESIAN_POINT ( 'NONE',  ( -1.700000000000000400, 5.533333331421502521, 0.9814954576223632321 ) ) ;
#3963 = CARTESIAN_POINT ( 'NONE',  ( -4.500000000000000000, 7.499999999999998224, 2.179449471770337432 ) ) ;
#3964 = CARTESIAN_POINT ( 'NONE',  ( -0.7618136514135953608, 0.4558164556823850466, -1.524010551183927475 ) ) ;
#3965 = CARTESIAN_POINT ( 'NONE',  ( 2.078886112499988670, 8.260416665710744510, 1.200245456666444444 ) ) ;
#3966 = CARTESIAN_POINT ( 'NONE',  ( -1.682503367117539339, 2.165431136538718437, 0.2492278895773756553 ) ) ;
#3967 = CARTESIAN_POINT ( 'NONE',  ( -1.699999999999999512, 1.916666664754835159, -0.9814954576223642313 ) ) ;
#3968 = CARTESIAN_POINT ( 'NONE',  ( -0.8508244482087624627, 7.866778769539421567, 1.472752112230327759 ) ) ;
#3969 = VERTEX_POINT ( 'NONE', #1733 ) ;
#3970 = CARTESIAN_POINT ( 'NONE',  ( -8.683605375308824697E-06, 7.575000274962085278, -1.699999999977821696 ) ) ;
#3971 = CARTESIAN_POINT ( 'NONE',  ( -0.7478429126159793494, 6.473723985077717735, 1.527772624608687568 ) ) ;
#3972 = ORIENTED_EDGE ( 'NONE', *, *, #1524, .F. ) ;
#3973 = CARTESIAN_POINT ( 'NONE',  ( -0.2913004639298596432, 3.705011803970098327, 1.675168097849498050 ) ) ;
#3974 = DIRECTION ( 'NONE',  ( -0.7071067811865473507, -2.775557561562890735E-17, 0.7071067811865477948 ) ) ;
#3975 = CARTESIAN_POINT ( 'NONE',  ( 4.500000000000000000, 1.500000000000000444, -2.179449471770337432 ) ) ;
#3976 = CARTESIAN_POINT ( 'NONE',  ( -1.681569191557889420, 7.034215525825806559, -0.2564663274220402300 ) ) ;
#3977 = CARTESIAN_POINT ( 'NONE',  ( -0.1164315422410732298, 0.5981203845223935778, -0.2117001842613533136 ) ) ;
#3978 = CARTESIAN_POINT ( 'NONE',  ( -2.078886112500000216, 0.3562499990440844422, -2.545901223465009197E-16 ) ) ;
#3979 = CARTESIAN_POINT ( 'NONE',  ( -2.179449471770337432, 7.499999999999998224, 4.500000000000000000 ) ) ;
#3980 = CARTESIAN_POINT ( 'NONE',  ( -0.3202763144221806302, 5.103012953800061702, 1.671302501180440991 ) ) ;
#3981 = CARTESIAN_POINT ( 'NONE',  ( -0.5381589657074918875, 4.111929812766675241, -1.612601385553994904 ) ) ;
#3982 = AXIS2_PLACEMENT_3D ( 'NONE', #2544, #2629, #4464 ) ;
#3983 = CARTESIAN_POINT ( 'NONE',  ( -0.5298655435353317733, 6.211358900244251302, -1.615349820046604323 ) ) ;
#3984 = DIRECTION ( 'NONE',  ( 0.000000000000000000, 0.000000000000000000, -1.000000000000000000 ) ) ;
#3985 = CARTESIAN_POINT ( 'NONE',  ( 1.267791109592750098, 3.117752507355604052, 1.134375133440252759 ) ) ;
#3986 = CARTESIAN_POINT ( 'NONE',  ( -1.688183260197706481, 9.837697934192400240, -0.2001539862601954267 ) ) ;
#3987 = EDGE_CURVE ( 'NONE', #8525, #6409, #1203, .T. ) ;
#3988 = CARTESIAN_POINT ( 'NONE',  ( 0.8499999999999988676, 1.683333333333333126, 1.472243186433546347 ) ) ;
#3989 = CARTESIAN_POINT ( 'NONE',  ( 0.000000000000000000, -5.000000000000000000, 0.000000000000000000 ) ) ;
#3990 = CARTESIAN_POINT ( 'NONE',  ( -3.870068605369191950, 5.212479532407042093, 3.870068605369113790 ) ) ;
#3991 = CARTESIAN_POINT ( 'NONE',  ( -2.078886112500000216, -0.4312500009559155356, -2.545901223465009197E-16 ) ) ;
#3992 = CARTESIAN_POINT ( 'NONE',  ( 1.037243473112191783, 8.697105976018637108, 1.350655339222589735 ) ) ;
#3993 = CARTESIAN_POINT ( 'NONE',  ( 1.469876756697720448E-16, 7.226358535790040172, -2.400490913332899545 ) ) ;
#3994 = AXIS2_PLACEMENT_3D ( 'NONE', #7692, #1747, #3749 ) ;
#3995 = ORIENTED_EDGE ( 'NONE', *, *, #3343, .F. ) ;
#3996 = CARTESIAN_POINT ( 'NONE',  ( 0.01882666069496219396, 6.173707974266505971, -1.700000000000000178 ) ) ;
#3997 = CARTESIAN_POINT ( 'NONE',  ( 2.078886112499999328, 4.060416665710751438, 1.200245456666450661 ) ) ;
#3998 = ADVANCED_FACE ( 'NONE', ( #5895 ), #24, .F. ) ;
#3999 = CARTESIAN_POINT ( 'NONE',  ( 0.9378760358601756497, 7.289578917622681509, 1.417896602860382549 ) ) ;
#4000 = CARTESIAN_POINT ( 'NONE',  ( 0.4542469304698782961, 0.5438366315150421348, -1.638198484150241274 ) ) ;
#4001 = DIRECTION ( 'NONE',  ( 0.000000000000000000, 0.000000000000000000, -1.000000000000000000 ) ) ;
#4002 = EDGE_CURVE ( 'NONE', #5098, #135, #3902, .T. ) ;
#4003 = VERTEX_POINT ( 'NONE', #549 ) ;
#4004 = B_SPLINE_CURVE_WITH_KNOTS ( 'NONE', 3,
 ( #4293, #6943, #941, #8315, #3595, #8186, #5726, #8355, #6255, #987, #6336, #293, #1548, #3636, #6297, #334, #2242, #2418, #2992, #5685, #8271, #7500, #3034, #1110, #1763, #7709, #3765, #8395, #5076, #6419, #7065, #456, #3116, #5766, #4418, #4354, #3053, #6478, #7731, #3828, #3094, #478, #3218, #4481, #6521, #1212, #7815, #517, #562, #5706, #3135, #1827, #8500, #5096, #5137, #7168, #4398, #4526, #8374, #397, #1787, #3870, #5868, #435, #4444, #7085, #5783, #5745, #2564, #8459, #2440, #5827, #3698, #6357, #7648, #1129, #5055, #1701, #7004, #3784, #1047, #6438, #8333, #7774, #8415, #3176, #2481, #2397, #1091 ),
 .UNSPECIFIED., .F., .F.,
 ( 4, 2, 2, 1, 2, 2, 2, 2, 1, 2, 2, 2, 2, 2, 2, 2, 2, 2, 1, 2, 2, 2, 2, 2, 2, 2, 2, 1, 2, 2, 2, 2, 2, 2, 1, 2, 2, 2, 2, 2, 1, 1, 2, 2, 2, 1, 1, 2, 4 ),
 ( 0.7924737147765736900, 0.7946609986823336413, 0.7949344091705536908, 0.7952078196587736292, 0.7957546406352137280, 0.7968482825880937037, 0.7971216930763136421, 0.7973951035645336916, 0.7979419245409736794, 0.7990355664938536551, 0.7995823874702936429, 0.7998557979585136923, 0.8001292084467336307, 0.8012228503996137174, 0.8034101343053736688, 0.8045037762582537555, 0.8046404815023636692, 0.8047771867464736939, 0.8050505972346937433, 0.8055974182111337312, 0.8077847021168936825, 0.8088783440697736582, 0.8094251650462136460, 0.8099719860226536339, 0.8143465538341736476, 0.8144149064562286044, 0.8144832590782835613, 0.8146199643223935860, 0.8148933748106136354, 0.8154401957870536233, 0.8165338377399335990, 0.8187211216456936613, 0.8192679426221336492, 0.8195413531103536986, 0.8198147635985736370, 0.8209084055514536127, 0.8220020475043336994, 0.8230956894572136751, 0.8241893314100936507, 0.8243260366542036754, 0.8244627418983137002, 0.8247361523865337496, 0.8252829733629737374, 0.8263766153158537131, 0.8269234362922938120, 0.8271968467805137504, 0.8273335520246237751, 0.8274019046466788430, 0.8274702572687337998 ),
 .UNSPECIFIED. ) ;
#4005 = VERTEX_POINT ( 'NONE', #7237 ) ;
#4006 = CARTESIAN_POINT ( 'NONE',  ( -0.8499999999999996447, 4.658333331421501633, -1.472243186433545681 ) ) ;
#4007 = DIRECTION ( 'NONE',  ( 0.000000000000000000, 1.000000000000000000, 0.000000000000000000 ) ) ;
#4008 = CARTESIAN_POINT ( 'NONE',  ( -0.7943921604996193597, 9.270483579704041688, 1.503562472749501167 ) ) ;
#4009 = CARTESIAN_POINT ( 'NONE',  ( 2.078886112499989114, 7.618749999044077903, 0.000000000000000000 ) ) ;
#4010 = CARTESIAN_POINT ( 'NONE',  ( -1.147719901138054555, 2.243746797381536151, 1.257323365071598475 ) ) ;
#4011 = FACE_OUTER_BOUND ( 'NONE', #8189, .T. ) ;
#4012 = AXIS2_PLACEMENT_3D ( 'NONE', #6569, #4617, #4489 ) ;
#4013 = CARTESIAN_POINT ( 'NONE',  ( -0.4185686864281712993, 7.896272236121390620, 1.647769345685311748 ) ) ;
#4014 = EDGE_LOOP ( 'NONE', ( #3169, #965, #6043, #3573 ) ) ;
#4015 = CARTESIAN_POINT ( 'NONE',  ( 2.078886112499999772, 2.047916665710733941, 1.200245456666450883 ) ) ;
#4016 = CARTESIAN_POINT ( 'NONE',  ( -0.1612243169258809894, 0.000000000000000000, -1.302874770827013196 ) ) ;
#4017 = VERTEX_POINT ( 'NONE', #3979 ) ;
#4018 = ORIENTED_EDGE ( 'NONE', *, *, #7964, .F. ) ;
#4019 = CARTESIAN_POINT ( 'NONE',  ( -0.2263639206573550555, 3.709465632359292275, 1.684921575276055128 ) ) ;
#4020 = CARTESIAN_POINT ( 'NONE',  ( 1.464582098478547811, 4.659607900515400303, -0.8670416784144161504 ) ) ;
#4021 = CARTESIAN_POINT ( 'NONE',  ( -1.136852327616759917, 2.944783058154803346, 1.267972942509929535 ) ) ;
#4022 = CARTESIAN_POINT ( 'NONE',  ( -1.695994860434937301, 7.057820233152228617, 0.1273514475156388437 ) ) ;
#4023 = CARTESIAN_POINT ( 'NONE',  ( -0.5705858400100349836, 0.5198213228451912249, -0.03676746235614157532 ) ) ;
#4024 = CARTESIAN_POINT ( 'NONE',  ( -1.039443056250000996, 10.18541666571075055, 1.800368184999674215 ) ) ;
#4025 = DIRECTION ( 'NONE',  ( 0.000000000000000000, 0.000000000000000000, -1.000000000000000000 ) ) ;
#4026 = CARTESIAN_POINT ( 'NONE',  ( -1.686425640759805056, 4.963166443227659208, 0.2151319662413876121 ) ) ;
#4027 = CARTESIAN_POINT ( 'NONE',  ( 0.5599447200220637466, 1.663404007417059960, 1.605306920486680111 ) ) ;
#4028 = CARTESIAN_POINT ( 'NONE',  ( -1.633258442510334030, 6.318750226705955875, -0.4863067143420590210 ) ) ;
#4029 = ORIENTED_EDGE ( 'NONE', *, *, #2837, .F. ) ;
#4030 = CARTESIAN_POINT ( 'NONE',  ( 0.2800152849012576550, 4.055787567069222277, -1.677323828584722287 ) ) ;
#4031 = CARTESIAN_POINT ( 'NONE',  ( 1.292514564717564873, 3.279578465716928015, -1.104632029762824263 ) ) ;
#4032 = CARTESIAN_POINT ( 'NONE',  ( -1.693776931381284934, 9.858952505610472983, 0.1483288888624395008 ) ) ;
#4033 = CARTESIAN_POINT ( 'NONE',  ( 1.699999999999999067, 2.441666666666666430, 0.9814954576223646754 ) ) ;
#4034 = DIRECTION ( 'NONE',  ( -0.4876598490941760344, -0.7241379310344822073, 0.4876598490941660979 ) ) ;
#4035 = LINE ( 'NONE', #1471, #7463 ) ;
#4036 = CARTESIAN_POINT ( 'NONE',  ( -0.8500000000000007550, 5.591666664754836091, 1.472243186433545237 ) ) ;
#4037 = SURFACE_STYLE_FILL_AREA ( #2078 ) ;
#4038 = CARTESIAN_POINT ( 'NONE',  ( -4.409630270093162085E-16, 9.676358535790038573, 2.400490913332899545 ) ) ;
#4039 = CARTESIAN_POINT ( 'NONE',  ( -1.039443056249999664, 7.939583332377400104, -1.800368184999674659 ) ) ;
#4040 = ORIENTED_EDGE ( 'NONE', *, *, #8348, .F. ) ;
#4041 = LINE ( 'NONE', #7427, #4562 ) ;
#4042 = CARTESIAN_POINT ( 'NONE',  ( -1.659429550253077812, 4.226665125814348833, -0.3692018517411753686 ) ) ;
#4043 = CARTESIAN_POINT ( 'NONE',  ( 1.039443056249998776, 3.302083332377417246, 1.800368184999675325 ) ) ;
#4044 = CARTESIAN_POINT ( 'NONE',  ( 1.332074347060975938, 7.475918182070006246, -1.065501726865432541 ) ) ;
#4045 = EDGE_CURVE ( 'NONE', #3563, #135, #8567, .T. ) ;
#4047 = DIRECTION ( 'NONE',  ( -0.000000000000000000, -1.000000000000000000, -0.000000000000000000 ) ) ;
#4046 = CARTESIAN_POINT ( 'NONE',  ( 1.617584841504015269, 0.4340977445403933488, -0.5251566360390783617 ) ) ;
#4048 = AXIS2_PLACEMENT_3D ( 'NONE', #8486, #8360, #6506 ) ;
#4049 = EDGE_CURVE ( 'NONE', #3969, #2143, #1624, .T. ) ;
#4050 = ORIENTED_EDGE ( 'NONE', *, *, #6587, .F. ) ;
#4051 = CARTESIAN_POINT ( 'NONE',  ( 1.699999999999999956, 5.183333331421501100, -0.9814954576223635652 ) ) ;
#4052 = CARTESIAN_POINT ( 'NONE',  ( 0.000000000000000000, 10.19999999999999929, 0.000000000000000000 ) ) ;
#4053 = CARTESIAN_POINT ( 'NONE',  ( -0.1417855170901912987, 9.315270162852058888, 1.694206508921697329 ) ) ;
#4054 = CARTESIAN_POINT ( 'NONE',  ( 2.078886112499989558, 8.377083332377409874, -1.200245456666443111 ) ) ;
#4055 = CARTESIAN_POINT ( 'NONE',  ( -0.8754164652368874311, 2.264842345138889712, 1.457363557526779596 ) ) ;
#4056 = CARTESIAN_POINT ( 'NONE',  ( -1.169936870172873622, 5.741495938196358395, 1.233537127445700321 ) ) ;
#4057 = ORIENTED_EDGE ( 'NONE', *, *, #4912, .F. ) ;
#4058 = CARTESIAN_POINT ( 'NONE',  ( 2.078886112499999772, 3.447916665710733852, 1.200245456666450883 ) ) ;
#4059 = CARTESIAN_POINT ( 'NONE',  ( 2.153415544685955751, 0.000000000000000000, 0.1126856198150349153 ) ) ;
#4060 = CARTESIAN_POINT ( 'NONE',  ( -1.700000000000000400, 9.033333331421502521, 0.9814954576223630101 ) ) ;
#4061 = ORIENTED_EDGE ( 'NONE', *, *, #5711, .F. ) ;
#4062 = VERTEX_POINT ( 'NONE', #2501 ) ;
#4063 = CARTESIAN_POINT ( 'NONE',  ( -1.583062152136376577, 3.509010798343809689, -0.6202579470513024384 ) ) ;
#4064 = LINE ( 'NONE', #7956, #2836 ) ;
#4065 = CARTESIAN_POINT ( 'NONE',  ( -0.8335615858310903015, 2.967794774563088378, 1.481632675419463530 ) ) ;
#4066 = CARTESIAN_POINT ( 'NONE',  ( -1.664933793989598509, 7.071795170943579123, 0.3464466546440156947 ) ) ;
#4067 = CARTESIAN_POINT ( 'NONE',  ( -1.314564336908631725, 0.5026889675633344767, -1.074649150527929198 ) ) ;
#4068 = CARTESIAN_POINT ( 'NONE',  ( -2.078886112500000216, -0.2854166676225821098, 1.200245456666449106 ) ) ;
#4069 = CARTESIAN_POINT ( 'NONE',  ( 1.434642657827966739, 6.763454957842916393, -0.9145680092127813632 ) ) ;
#4070 = CARTESIAN_POINT ( 'NONE',  ( -1.384524269957848608, 4.880489273346557688, -0.9874652740962158726 ) ) ;
#4071 = CARTESIAN_POINT ( 'NONE',  ( 0.9369782826173118639, 1.689521451064059487, 1.418481167999023906 ) ) ;
#4072 = CARTESIAN_POINT ( 'NONE',  ( -1.699844529215704947, 6.354099816815753421, 0.06769818587588462278 ) ) ;
#4073 = ORIENTED_EDGE ( 'NONE', *, *, #4787, .T. ) ;
#4074 = EDGE_CURVE ( 'NONE', #7471, #8085, #527, .T. ) ;
#4075 = LINE ( 'NONE', #7323, #4304 ) ;
#4076 = CARTESIAN_POINT ( 'NONE',  ( 1.243518483642109818, 3.284607960729706733, -1.159352335492375818 ) ) ;
#4077 = CARTESIAN_POINT ( 'NONE',  ( -1.698800467636141232, 9.845155712770116807, -0.08108278661421494671 ) ) ;
#4078 = CARTESIAN_POINT ( 'NONE',  ( 0.8500000000000001998, 3.316666666666666430, -1.472243186433545459 ) ) ;
#4079 = CARTESIAN_POINT ( 'NONE',  ( -4.409630270093162085E-16, 3.331249999044084475, 2.400490913332899545 ) ) ;
#4080 = DIRECTION ( 'NONE',  ( -0.4876598490941761455, 0.7241379310344824294, 0.4876598490941655983 ) ) ;
#4081 = CARTESIAN_POINT ( 'NONE',  ( 1.469876756697720448E-16, -0.6062500009559155245, -2.400490913332899545 ) ) ;
#4082 = CARTESIAN_POINT ( 'NONE',  ( -2.078886112500000216, 9.559691869123371433, 1.200245456666449106 ) ) ;
#4083 = VECTOR ( 'NONE', #7282, 1000.000000000000114 ) ;
#4084 = DIRECTION ( 'NONE',  ( 1.047315287050385140E-16, -0.5183017160933445222, 0.8551978315540177400 ) ) ;
#4085 = VECTOR ( 'NONE', #2280, 1000.000000000000000 ) ;
#4086 = VERTEX_POINT ( 'NONE', #1681 ) ;
#4087 = CARTESIAN_POINT ( 'NONE',  ( 0.1508122845149085511, 6.164652859373935812, -1.693859505901804896 ) ) ;
#4088 = AXIS2_PLACEMENT_3D ( 'NONE', #2557, #8454, #6596 ) ;
#4089 = LINE ( 'NONE', #6741, #1778 ) ;
#4090 = CARTESIAN_POINT ( 'NONE',  ( 1.039443056250000330, 3.535416665710750639, -1.800368184999674215 ) ) ;
#4091 = CARTESIAN_POINT ( 'NONE',  ( 0.8082581961699343287, 7.519753140310107220, -1.495895514968659024 ) ) ;
#4093 = CARTESIAN_POINT ( 'NONE',  ( -4.400384907665015000, 2.000000000000000444, 2.279064564105303337 ) ) ;
#4092 =( NAMED_UNIT ( * ) SI_UNIT ( $, .STERADIAN. ) SOLID_ANGLE_UNIT ( ) );
#4094 = CARTESIAN_POINT ( 'NONE',  ( 2.078886112500000216, 9.106249999044083054, 0.000000000000000000 ) ) ;
#4095 = DIRECTION ( 'NONE',  ( 0.000000000000000000, 0.000000000000000000, -1.000000000000000000 ) ) ;
#4096 = DIRECTION ( 'NONE',  ( 0.000000000000000000, 0.000000000000000000, 1.000000000000000000 ) ) ;
#4097 = CARTESIAN_POINT ( 'NONE',  ( -1.039443056249994113, 6.452083332377410940, -1.800368184999665333 ) ) ;
#4098 = EDGE_CURVE ( 'NONE', #1223, #1607, #1930, .T. ) ;
#4099 = CARTESIAN_POINT ( 'NONE',  ( 1.054245893675988199, 0.1554350261761496821, 1.333636920652166324 ) ) ;
#4100 = CARTESIAN_POINT ( 'NONE',  ( -0.5650825806073599411, 5.513779839922023918, -1.603391343052469553 ) ) ;
#4101 = EDGE_LOOP ( 'NONE', ( #713, #3810, #3398, #3658 ) ) ;
#4102 = CARTESIAN_POINT ( 'NONE',  ( 2.078886112500000216, 2.164583332377400637, -1.200245456666449329 ) ) ;
#4103 = CARTESIAN_POINT ( 'NONE',  ( -1.273764489582326798, -8.673617379884035472E-16, 1.146826113030284366 ) ) ;
#4104 = CYLINDRICAL_SURFACE ( 'NONE', #1350, 7.650000000000000355 ) ;
#4105 = ORIENTED_EDGE ( 'NONE', *, *, #3158, .F. ) ;
#4106 = ORIENTED_EDGE ( 'NONE', *, *, #3480, .T. ) ;
#4107 = CARTESIAN_POINT ( 'NONE',  ( -0.7625033162523114916, 3.672671980251837276, 1.519460693882197511 ) ) ;
#4108 = CARTESIAN_POINT ( 'NONE',  ( 0.09055379659002309178, 0.9312285820939654180, 1.698332407893541340 ) ) ;
#4109 = DIRECTION ( 'NONE',  ( 0.000000000000000000, 1.000000000000000000, 0.000000000000000000 ) ) ;
#4110 = CARTESIAN_POINT ( 'NONE',  ( 1.232849771015067208, 5.385681105999775120, -1.172420519138218653 ) ) ;
#4111 = CARTESIAN_POINT ( 'NONE',  ( -1.297345421161661738, 6.970890181917432926, -1.098599360136556014 ) ) ;
#4112 = EDGE_CURVE ( 'NONE', #6613, #2450, #1789, .T. ) ;
#4113 = CARTESIAN_POINT ( 'NONE',  ( -1.766603584805242377, 0.5021579617319843480, -0.3346633736058537978 ) ) ;
#4114 = CARTESIAN_POINT ( 'NONE',  ( 2.078886112499999772, 9.777083332377419111, -1.200245456666449329 ) ) ;
#4115 = CARTESIAN_POINT ( 'NONE',  ( 1.689810428737856363, 6.711519141379180375, -0.1878074833475574801 ) ) ;
#4116 = CARTESIAN_POINT ( 'NONE',  ( -1.645163145236434366, 4.978675109473425842, 0.4510930173616445327 ) ) ;
#4117 = CARTESIAN_POINT ( 'NONE',  ( 1.196449068993767240, 1.710945439425798575, 1.207688501992715269 ) ) ;
#4118 = EDGE_CURVE ( 'NONE', #2320, #3879, #7060, .T. ) ;
#4119 = VERTEX_POINT ( 'NONE', #3359 ) ;
#4120 = CARTESIAN_POINT ( 'NONE',  ( 7.284988917792942331, 3.116491533522732116, 2.334875965827334365 ) ) ;
#4121 = CARTESIAN_POINT ( 'NONE',  ( 0.8324081022199011359, 3.317863147730854223, -1.482284848981084036 ) ) ;
#4122 = CARTESIAN_POINT ( 'NONE',  ( -1.059643990055527007, 9.749319027547970862, -1.329778554775970401 ) ) ;
#4123 = CARTESIAN_POINT ( 'NONE',  ( -0.8499999999999996447, 4.133333333333333748, -1.472243186433545681 ) ) ;
#4124 = CARTESIAN_POINT ( 'NONE',  ( 1.039443056250000330, 2.222916665710751527, -1.800368184999674215 ) ) ;
#4125 = DIRECTION ( 'NONE',  ( 0.7071067811865497932, 0.000000000000000000, -0.7071067811865453523 ) ) ;
#4126 = DIRECTION ( 'NONE',  ( 0.7071067811865401342, 0.000000000000000000, 0.7071067811865550112 ) ) ;
#4127 = CARTESIAN_POINT ( 'NONE',  ( 0.2001969776080808339, 8.961287190366720168, -1.688557584735249861 ) ) ;
#4128 = CARTESIAN_POINT ( 'NONE',  ( -0.8503982746839519047, 1.333360913480279963, -1.472929358157162527 ) ) ;
#4129 = ORIENTED_EDGE ( 'NONE', *, *, #158, .T. ) ;
#4130 = CARTESIAN_POINT ( 'NONE',  ( 0.1442995284072433604, -1.272323500606459397E-15, -1.951409939954474204 ) ) ;
#4131 = VECTOR ( 'NONE', #7000, 1000.000000000000114 ) ;
#4132 = CARTESIAN_POINT ( 'NONE',  ( -1.664010167916159411, 4.228081453970697901, -0.3480169165932104902 ) ) ;
#4133 = CARTESIAN_POINT ( 'NONE',  ( 1.469876756697720448E-16, 2.893749999044084475, -2.400490913332899545 ) ) ;
#4134 = PLANE ( 'NONE',  #4137 ) ;
#4135 = CARTESIAN_POINT ( 'NONE',  ( 0.9384679563698038463, 9.389623106909345651, 1.417490866698051910 ) ) ;
#4136 = CARTESIAN_POINT ( 'NONE',  ( -4.409630270093162085E-16, -0.1236414642099599032, 2.400490913332899545 ) ) ;
#4137 = AXIS2_PLACEMENT_3D ( 'NONE', #3483, #5533, #180 ) ;
#4138 = EDGE_CURVE ( 'NONE', #6177, #4005, #3182, .T. ) ;
#4139 = AXIS2_PLACEMENT_3D ( 'NONE', #759, #845, #5588 ) ;
#4140 = CARTESIAN_POINT ( 'NONE',  ( -5.422857600129052806E-07, 6.000000035303857615, -1.699999999999913358 ) ) ;
#4141 = CARTESIAN_POINT ( 'NONE',  ( -1.060660171779818750, 4.585121964646132860E-16, -1.060660171779826300 ) ) ;
#4142 = CARTESIAN_POINT ( 'NONE',  ( 7.504333963386869322E-07, 0.7500109886738215437, 1.699999999999671330 ) ) ;
#4143 = CARTESIAN_POINT ( 'NONE',  ( 0.5187162410060922602, 0.3757059282212532048, -1.618936190636595551 ) ) ;
#4144 = VECTOR ( 'NONE', #6983, 999.9999999999998863 ) ;
#4145 = CARTESIAN_POINT ( 'NONE',  ( -1.056031373625230252, 5.548716527441686530, -1.332219621735404091 ) ) ;
#4146 = EDGE_LOOP ( 'NONE', ( #8399, #250, #1891, #1539 ) ) ;
#4147 = CARTESIAN_POINT ( 'NONE',  ( 1.039443056249998776, 1.989583332377400371, 1.800368184999675547 ) ) ;
#4148 = ADVANCED_FACE ( 'NONE', ( #7305, #3887 ), #7265, .F. ) ;
#4149 = CARTESIAN_POINT ( 'NONE',  ( -1.548086179058455469, 0.000000000000000000, 0.5308407757625593915 ) ) ;
#4150 = DIRECTION ( 'NONE',  ( 0.000000000000000000, 0.000000000000000000, -1.000000000000000000 ) ) ;
#4151 = ORIENTED_EDGE ( 'NONE', *, *, #3792, .T. ) ;
#4152 = CARTESIAN_POINT ( 'NONE',  ( -1.698691896722789085, 3.554045083520915416, 0.06728972595080620622 ) ) ;
#4153 = CARTESIAN_POINT ( 'NONE',  ( 1.002211695735810482, 0.9946824425992376595, 1.374259038847090775 ) ) ;
#4154 = CARTESIAN_POINT ( 'NONE',  ( 1.152994371483574865, 5.393017237624992077, -1.249260072124408039 ) ) ;
#4155 = CARTESIAN_POINT ( 'NONE',  ( -1.079618459518952189, 6.950540745649727015, -1.313624121086200303 ) ) ;
#4156 = CARTESIAN_POINT ( 'NONE',  ( 1.170280320123842088, 0.5050081730198391350, 0.1954513679758899669 ) ) ;
#4157 = CARTESIAN_POINT ( 'NONE',  ( 1.469876756697720448E-16, -0.5187500009559155023, -2.400490913332899545 ) ) ;
#4158 = CARTESIAN_POINT ( 'NONE',  ( 0.5285286826748076816, 6.561265723029771735, 1.615786341238067747 ) ) ;
#4159 = CARTESIAN_POINT ( 'NONE',  ( -1.570551459576321918, 4.993182929974760320, 0.6518313848247120346 ) ) ;
#4160 = CARTESIAN_POINT ( 'NONE',  ( 0.5809034217442565762, 1.664850105168520944, 1.597809777098254225 ) ) ;
#4161 = AXIS2_PLACEMENT_3D ( 'NONE', #4876, #348, #2170 ) ;
#4162 = ORIENTED_EDGE ( 'NONE', *, *, #2030, .F. ) ;
#4163 = CARTESIAN_POINT ( 'NONE',  ( -0.6972450532664787870, 0.4928525439653232976, 1.966321070250912850 ) ) ;
#4164 = CARTESIAN_POINT ( 'NONE',  ( 1.662962272578429435, 3.222523064547204719, -0.3571899817071395034 ) ) ;
#4165 = CARTESIAN_POINT ( 'NONE',  ( -1.686401282748526187, 9.836752735512742873, -0.2150053704376702901 ) ) ;
#4166 = CARTESIAN_POINT ( 'NONE',  ( -1.700000000000000400, 3.608333333333333393, 0.9814954576223632321 ) ) ;
#4167 = CARTESIAN_POINT ( 'NONE',  ( -2.078886112500000216, 1.756249999044084520, -2.545901223465009197E-16 ) ) ;
#4168 = CARTESIAN_POINT ( 'NONE',  ( 1.699999999999999956, 1.683333331421502210, -0.9814954576223635652 ) ) ;
#4169 = CARTESIAN_POINT ( 'NONE',  ( -0.8499999999999996447, 5.358333331421502699, -1.472243186433545681 ) ) ;
#4170 = EDGE_CURVE ( 'NONE', #5188, #2052, #2707, .T. ) ;
#4171 = VECTOR ( 'NONE', #683, 1000.000000000000000 ) ;
#4172 = CARTESIAN_POINT ( 'NONE',  ( 1.048129602689142903, 8.901918300246597582, -1.338468469374723968 ) ) ;
#4173 = CARTESIAN_POINT ( 'NONE',  ( -0.5476751448637328101, 1.312582630753524437, -1.609418698151357852 ) ) ;
#4174 = EDGE_CURVE ( 'NONE', #4282, #6770, #2767, .T. ) ;
#4175 = ORIENTED_EDGE ( 'NONE', *, *, #7415, .F. ) ;
#4176 = ORIENTED_EDGE ( 'NONE', *, *, #1562, .F. ) ;
#4177 = CARTESIAN_POINT ( 'NONE',  ( 1.444246726040458562, 9.562074715682895132, -0.8967901600794487837 ) ) ;
#4178 = CARTESIAN_POINT ( 'NONE',  ( -1.411464322847897357, 4.316279203530107189, 0.9496581733438763662 ) ) ;
#4179 = CARTESIAN_POINT ( 'NONE',  ( -2.078886112500000216, 3.768749999044084475, -2.545901223465009197E-16 ) ) ;
#4180 = DIRECTION ( 'NONE',  ( -0.000000000000000000, -1.000000000000000000, -0.000000000000000000 ) ) ;
#4182 = CARTESIAN_POINT ( 'NONE',  ( 1.692683705605490196, 9.509685234292005518, -0.1576952506380858710 ) ) ;
#4181 = DIRECTION ( 'NONE',  ( 0.000000000000000000, 0.000000000000000000, -1.000000000000000000 ) ) ;
#4183 = CARTESIAN_POINT ( 'NONE',  ( -1.039443056249999664, 10.03958333237741662, -1.800368184999674437 ) ) ;
#4184 = DIRECTION ( 'NONE',  ( 0.7071067811865401342, 0.000000000000000000, 0.7071067811865550112 ) ) ;
#4185 = DIRECTION ( 'NONE',  ( 0.4876598490941728703, 0.7241379310344820963, -0.4876598490941694286 ) ) ;
#4186 = FACE_OUTER_BOUND ( 'NONE', #4101, .T. ) ;
#4187 = CARTESIAN_POINT ( 'NONE',  ( 1.699493351096513560, 0.2443762756955661919, 0.05858112855434349786 ) ) ;
#4188 = CARTESIAN_POINT ( 'NONE',  ( -1.403587016485639660, 5.582811707994076222, -0.9593675528722888091 ) ) ;
#4189 = CARTESIAN_POINT ( 'NONE',  ( 1.859289970458966934, 1.016439536705160407E-17, 0.9299506839053650609 ) ) ;
#4190 = CARTESIAN_POINT ( 'NONE',  ( -1.024436500354369617, 0.000000000000000000, 1.416294689006635243 ) ) ;
#4191 = DIRECTION ( 'NONE',  ( 0.000000000000000000, 0.000000000000000000, -1.000000000000000000 ) ) ;
#4192 = ORIENTED_EDGE ( 'NONE', *, *, #4276, .F. ) ;
#4193 = CARTESIAN_POINT ( 'NONE',  ( -2.078886112500000216, 8.056249999044084120, -2.545901223465009197E-16 ) ) ;
#4194 = CARTESIAN_POINT ( 'NONE',  ( -4.741034782807846071, 7.947103280109118373, 2.234160359978236254 ) ) ;
#4195 = CARTESIAN_POINT ( 'NONE',  ( -0.4204033062604279891, 10.19999999999999929, 1.842079293133762841 ) ) ;
#4196 = CARTESIAN_POINT ( 'NONE',  ( 1.690698366771104633, 5.310901125076314955, -0.1776252422042738366 ) ) ;
#4197 = CARTESIAN_POINT ( 'NONE',  ( -0.5225693202473832288, 7.189208663738879679, 1.622088149045006755 ) ) ;
#4198 = CARTESIAN_POINT ( 'NONE',  ( 1.213831121103635891, 0.5041273624315967261, 0.01844902626725433703 ) ) ;
#4199 = CARTESIAN_POINT ( 'NONE',  ( -2.078886112500000216, 1.814583332377417868, 1.200245456666449106 ) ) ;
#4200 = CARTESIAN_POINT ( 'NONE',  ( 1.696842937771612103, 6.693539935215011560, 0.1068579306251877942 ) ) ;
#4201 = CARTESIAN_POINT ( 'NONE',  ( 0.4555143206885905460, 0.7812607848020918233, 1.699999599575439779 ) ) ;
#4202 = CARTESIAN_POINT ( 'NONE',  ( 0.9182868548178340085, 1.688202426896550756, 1.430662268883589272 ) ) ;
#4203 = ORIENTED_EDGE ( 'NONE', *, *, #8390, .T. ) ;
#4204 = DIRECTION ( 'NONE',  ( -0.7071067811865474617, 0.000000000000000000, 0.7071067811865474617 ) ) ;
#4205 = CARTESIAN_POINT ( 'NONE',  ( 0.06341501534599522372, 3.370649403977624914, -1.698972885965337465 ) ) ;
#4206 = DIRECTION ( 'NONE',  ( 0.000000000000000000, 1.000000000000000000, -0.000000000000000000 ) ) ;
#4207 = CARTESIAN_POINT ( 'NONE',  ( 1.699999999999999956, 1.858333333333333393, -0.9814954576223635652 ) ) ;
#4208 = CARTESIAN_POINT ( 'NONE',  ( -1.039443056249999664, 0.2395833323774178292, -1.800368184999674437 ) ) ;
#4209 = DIRECTION ( 'NONE',  ( -0.000000000000000000, 1.000000000000000000, -0.000000000000000000 ) ) ;
#4210 = CARTESIAN_POINT ( 'NONE',  ( 2.078886112499999328, 1.960416665710750905, 1.200245456666450661 ) ) ;
#4211 = CARTESIAN_POINT ( 'NONE',  ( 1.297007309519628393, 8.879166680086289176, -1.098999436447313904 ) ) ;
#4212 = CARTESIAN_POINT ( 'NONE',  ( -1.068822943057832209, 1.349772333796259716, -1.321984012113329499 ) ) ;
#4213 = VERTEX_POINT ( 'NONE', #6281 ) ;
#4214 = EDGE_LOOP ( 'NONE', ( #2301, #6326, #6854, #8357 ) ) ;
#4215 = CARTESIAN_POINT ( 'NONE',  ( 0.6950735584696069447, 9.627556735734911442, -1.552825363153711002 ) ) ;
#4216 = ADVANCED_FACE ( 'NONE', ( #5585 ), #4320, .F. ) ;
#4217 = CARTESIAN_POINT ( 'NONE',  ( 1.699999999999999956, 4.483333331421501811, -0.9814954576223635652 ) ) ;
#4218 = CARTESIAN_POINT ( 'NONE',  ( 1.346664850891263976, 2.426117855579339011, 1.039095274754979981 ) ) ;
#4219 = CARTESIAN_POINT ( 'NONE',  ( -2.078886112499999772, 7.210416665710750017, -1.200245456666450439 ) ) ;
#4220 = CARTESIAN_POINT ( 'NONE',  ( 0.4106709648815121683, 7.546902788982237986, -1.652174528976655177 ) ) ;
#4221 = CIRCLE ( 'NONE', #3387, 5.000000000000000000 ) ;
#4223 = CARTESIAN_POINT ( 'NONE',  ( 9.552245033349354572E-16, -5.000000000000000000, -7.799999999999999822 ) ) ;
#4222 = FACE_OUTER_BOUND ( 'NONE', #4980, .T. ) ;
#4224 = CARTESIAN_POINT ( 'NONE',  ( -2.078886112499999772, 9.397916665710750905, -1.200245456666450439 ) ) ;
#4225 = VECTOR ( 'NONE', #2409, 1000.000000000000114 ) ;
#4226 =( BOUNDED_CURVE ( )  B_SPLINE_CURVE ( 2, ( #8018, #3951, #7330, #734, #35, #3385, #3255, #1293, #7289 ),
 .UNSPECIFIED., .F., .F. ) 
 B_SPLINE_CURVE_WITH_KNOTS ( ( 3, 2, 2, 2, 3 ),
 ( 0.4613437964068697328, 0.4666466070857155368, 0.4772522117922090579, 0.4878578164987026344, 0.4931606078384810909 ),
 .UNSPECIFIED. ) 
 CURVE ( )  GEOMETRIC_REPRESENTATION_ITEM ( )  RATIONAL_B_SPLINE_CURVE ( ( 0.9330127018923843885, 0.9330125967196429837, 1.000000000000000000, 0.8660254037844387076, 1.000000000000000000, 0.8660254037844387076, 1.000000000000000000, 0.9330128410191251831, 0.9330127018925082893 ) ) 
 REPRESENTATION_ITEM ( '' )  );
#4227 = ORIENTED_EDGE ( 'NONE', *, *, #8187, .T. ) ;
#4228 = DIRECTION ( 'NONE',  ( -0.000000000000000000, -1.000000000000000000, -0.000000000000000000 ) ) ;
#4229 = DIRECTION ( 'NONE',  ( -0.000000000000000000, -1.000000000000000000, -0.000000000000000000 ) ) ;
#4230 = DIRECTION ( 'NONE',  ( 0.000000000000000000, 0.000000000000000000, -1.000000000000000000 ) ) ;
#4231 = CARTESIAN_POINT ( 'NONE',  ( 1.174320285265283204, 0.3314764941417434052, -1.230673013327838294 ) ) ;
#4232 = CARTESIAN_POINT ( 'NONE',  ( -1.202657547954585127, 5.561247820457903224, -1.204688637973249321 ) ) ;
#4233 = CARTESIAN_POINT ( 'NONE',  ( -2.078886112500000216, 3.856249999044067511, -2.545901223465009197E-16 ) ) ;
#4234 = CARTESIAN_POINT ( 'NONE',  ( 2.067409978686375105, -1.170938346284344789E-14, 0.4962796773722158994 ) ) ;
#4235 = CARTESIAN_POINT ( 'NONE',  ( 2.721591361078369520, 3.046643593403176808, 7.149647802037663702 ) ) ;
#4236 = ORIENTED_EDGE ( 'NONE', *, *, #8119, .T. ) ;
#4237 = CARTESIAN_POINT ( 'NONE',  ( 2.078886112499999772, 8.464583332377417335, -1.200245456666449329 ) ) ;
#4238 = CARTESIAN_POINT ( 'NONE',  ( 4.999999999999999112, 8.000000000000000000, 2.291287847478249429 ) ) ;
#4239 = PRODUCT_RELATED_PRODUCT_CATEGORY ( 'part', '', ( #2456 ) ) ;
#4240 = CYLINDRICAL_SURFACE ( 'NONE', #8041, 1.699999999999999956 ) ;
#4241 = CARTESIAN_POINT ( 'NONE',  ( 1.165108502877840069, 5.391929666100035767, -1.237956250166529992 ) ) ;
#4242 = LINE ( 'NONE', #328, #6969 ) ;
#4243 = CARTESIAN_POINT ( 'NONE',  ( -1.804682216915301840, 0.5019264088133711388, -0.1565130346144265050 ) ) ;
#4244 = CARTESIAN_POINT ( 'NONE',  ( -2.078886112500000216, 3.214583332377417335, 1.200245456666449106 ) ) ;
#4245 = CARTESIAN_POINT ( 'NONE',  ( 1.414849351694237534, 6.634175313355071602, 0.9430592303894586026 ) ) ;
#4246 = CARTESIAN_POINT ( 'NONE',  ( 1.114428587224091268E-15, -4.800000000000000711, 9.099999999999997868 ) ) ;
#4247 = CARTESIAN_POINT ( 'NONE',  ( 1.218242059197830685, 1.887001511455626002, -1.185759489044270643 ) ) ;
#4248 = EDGE_CURVE ( 'NONE', #6571, #5322, #7570, .T. ) ;
#4249 = EDGE_LOOP ( 'NONE', ( #5630, #2483, #8552, #3755 ) ) ;
#4250 = CARTESIAN_POINT ( 'NONE',  ( -0.4090409097540445571, 0.2280335214493032781, -2.053128688073916130 ) ) ;
#4251 = CARTESIAN_POINT ( 'NONE',  ( -1.223744187141608375, 3.463455921220817579, -1.181459245620904541 ) ) ;
#4252 = CARTESIAN_POINT ( 'NONE',  ( -2.986171345291949830, 4.909999999999999254, 5.107491688851508727 ) ) ;
#4253 = CARTESIAN_POINT ( 'NONE',  ( 0.8500000000000001998, 7.516666666666667496, -1.472243186433545459 ) ) ;
#4254 = CARTESIAN_POINT ( 'NONE',  ( 2.078886112499999328, 1.347916665710751083, 1.200245456666450661 ) ) ;
#4255 = CARTESIAN_POINT ( 'NONE',  ( -0.8804548520112299714, 2.035393641975639323, -1.454486000022195968 ) ) ;
#4256 = CARTESIAN_POINT ( 'NONE',  ( -2.078886112500000216, 3.768749999044084475, -2.545901223465009197E-16 ) ) ;
#4257 = CARTESIAN_POINT ( 'NONE',  ( 0.7152921778976923939, 8.925872457381483827, -1.542245880909757672 ) ) ;
#4258 = CARTESIAN_POINT ( 'NONE',  ( -1.667059517701385607, 1.429074196266090668, -0.3330678069044336054 ) ) ;
#4259 = ORIENTED_EDGE ( 'NONE', *, *, #2, .T. ) ;
#4260 = VERTEX_POINT ( 'NONE', #403 ) ;
#4261 = CARTESIAN_POINT ( 'NONE',  ( 0.3996131935435016658, 9.647590409101104214, -1.652556054223476067 ) ) ;
#4262 = CARTESIAN_POINT ( 'NONE',  ( -0.8500000000000007550, 6.991666664754835558, 1.472243186433545237 ) ) ;
#4263 = CARTESIAN_POINT ( 'NONE',  ( 1.697605159070706859, 2.494140659797539072, 0.09746046317354913058 ) ) ;
#4264 = CARTESIAN_POINT ( 'NONE',  ( -2.078886112499999772, 7.910416665710751971, -1.200245456666450439 ) ) ;
#4265 = CARTESIAN_POINT ( 'NONE',  ( -1.696643412553330066, 0.7435085950034292512, -0.1072995743119886242 ) ) ;
#4267 = CARTESIAN_POINT ( 'NONE',  ( 1.087446100747961664, 9.401256287392438793, 1.307827025423315970 ) ) ;
#4266 = CARTESIAN_POINT ( 'NONE',  ( 0.000000000000000000, 0.000000000000000000, 0.000000000000000000 ) ) ;
#4268 = CARTESIAN_POINT ( 'NONE',  ( -4.409630270093162085E-16, 2.676358535790040794, 2.400490913332899545 ) ) ;
#4269 = ORIENTED_EDGE ( 'NONE', *, *, #6088, .T. ) ;
#4270 = EDGE_CURVE ( 'NONE', #6911, #8069, #8162, .T. ) ;
#4271 = CARTESIAN_POINT ( 'NONE',  ( -2.966664951328182642, 4.978965517241378258, 5.087985294887742427 ) ) ;
#4272 = FACE_OUTER_BOUND ( 'NONE', #3377, .T. ) ;
#4273 = DIRECTION ( 'NONE',  ( 0.4876598490941728148, 0.7241379310344824294, -0.4876598490941689845 ) ) ;
#4274 = VECTOR ( 'NONE', #2296, 1000.000000000000000 ) ;
#4275 = CARTESIAN_POINT ( 'NONE',  ( 0.6756551579629597182, 0.3659999072072419035, -1.562144524559557768 ) ) ;
#4276 = EDGE_CURVE ( 'NONE', #6752, #7037, #4569, .T. ) ;
#4277 = DIRECTION ( 'NONE',  ( 0.000000000000000000, 0.000000000000000000, -1.000000000000000000 ) ) ;
#4278 = CARTESIAN_POINT ( 'NONE',  ( 2.078886112500000216, 3.564583332377401437, -1.200245456666449329 ) ) ;
#4279 = CIRCLE ( 'NONE', #2336, 7.650000000000000355 ) ;
#4280 = CARTESIAN_POINT ( 'NONE',  ( -2.669733498216423584, 0.000000000000000000, -0.6069260986160154303 ) ) ;
#4281 = CARTESIAN_POINT ( 'NONE',  ( 1.649234960804863315, 6.027600274359070198, -0.4358821960535705919 ) ) ;
#4282 = VERTEX_POINT ( 'NONE', #1749 ) ;
#4283 = CARTESIAN_POINT ( 'NONE',  ( 2.078886112500000216, 8.406249999044083765, 0.000000000000000000 ) ) ;
#4284 = CARTESIAN_POINT ( 'NONE',  ( 0.1659859974884903278, 0.9363918657229930442, 1.691927227020055158 ) ) ;
#4285 = CARTESIAN_POINT ( 'NONE',  ( 9.552245033349354572E-16, 0.000000000000000000, -7.799999999999999822 ) ) ;
#4286 = CARTESIAN_POINT ( 'NONE',  ( 1.051856824040050542, 5.198226474567870348, 1.335915410461821384 ) ) ;
#4287 = CARTESIAN_POINT ( 'NONE',  ( -0.9122177940223508141, 7.162246759639510074, 1.434727707415018649 ) ) ;
#4288 = AXIS2_PLACEMENT_3D ( 'NONE', #1027, #3678, #6380 ) ;
#4289 = CARTESIAN_POINT ( 'NONE',  ( 2.966664951328131128, 4.978965517241379146, 5.087985294887771737 ) ) ;
#4290 = CARTESIAN_POINT ( 'NONE',  ( -1.184756221705298262, 0.5016313075486513728, 1.624156671818465902 ) ) ;
#4291 = CARTESIAN_POINT ( 'NONE',  ( -2.078886112500000216, 4.614583332377416802, 1.200245456666449106 ) ) ;
#4292 = CARTESIAN_POINT ( 'NONE',  ( -0.2211211852394295851, 7.590174329057846947, -1.699998867682866344 ) ) ;
#4293 = CARTESIAN_POINT ( 'NONE',  ( -7.439383783895881781E-06, 7.924891466139217577, 1.699999999967709119 ) ) ;
#4294 = CARTESIAN_POINT ( 'NONE',  ( 1.689558340384996082, 1.811986887224174669, -0.1900666085341743416 ) ) ;
#4295 = ORIENTED_EDGE ( 'NONE', *, *, #4270, .T. ) ;
#4296 = CARTESIAN_POINT ( 'NONE',  ( -1.142712998401095970, 0.4700008505647349510, 1.744323924409334481 ) ) ;
#4297 = FACE_OUTER_BOUND ( 'NONE', #5319, .T. ) ;
#4298 = CARTESIAN_POINT ( 'NONE',  ( -1.700000000000000400, 5.708333333333333037, 0.9814954576223632321 ) ) ;
#4299 = CARTESIAN_POINT ( 'NONE',  ( -2.078886112499999772, 6.597916665710751083, -1.200245456666450439 ) ) ;
#4300 = CARTESIAN_POINT ( 'NONE',  ( -0.8500000000000007550, 1.391666664754835470, 1.472243186433545237 ) ) ;
#4301 = CARTESIAN_POINT ( 'NONE',  ( 2.078886112499999772, 2.077083332377417602, -1.200245456666449329 ) ) ;
#4302 = CARTESIAN_POINT ( 'NONE',  ( 0.5430128007212068342, 8.937697625408816293, -1.615253500579040047 ) ) ;
#4303 = CARTESIAN_POINT ( 'NONE',  ( -0.3198878366590496292, 1.603058033801418203, 1.671265241420950343 ) ) ;
#4304 = VECTOR ( 'NONE', #3904, 1000.000000000000000 ) ;
#4305 = ORIENTED_EDGE ( 'NONE', *, *, #5354, .T. ) ;
#4306 = CARTESIAN_POINT ( 'NONE',  ( 0.3260404295980219302, 9.652650979219917105, -1.669199360617640737 ) ) ;
#4307 = CARTESIAN_POINT ( 'NONE',  ( -1.699999999999999956, 9.674999998088168240, -2.081899558550500280E-16 ) ) ;
#4308 = CARTESIAN_POINT ( 'NONE',  ( 1.475484091791493091, 2.441557808255372830, 0.8519668640533295534 ) ) ;
#4309 = CARTESIAN_POINT ( 'NONE',  ( 2.078886112499999772, 8.377083332377416980, -1.200245456666449329 ) ) ;
#4310 = CARTESIAN_POINT ( 'NONE',  ( -1.688183041973861487, 0.7652883748249715845, 0.2433109112479643621 ) ) ;
#4311 = CARTESIAN_POINT ( 'NONE',  ( 1.462639237106333479, 9.439680428972936355, 0.8739139183607389505 ) ) ;
#4312 = CARTESIAN_POINT ( 'NONE',  ( 2.078886112499999772, 5.009691869123373387, -1.200245456666449329 ) ) ;
#4313 = ORIENTED_EDGE ( 'NONE', *, *, #6448, .F. ) ;
#4314 = CARTESIAN_POINT ( 'NONE',  ( -2.179449471770337432, 1.500000000000000444, -4.500000000000000000 ) ) ;
#4315 = VECTOR ( 'NONE', #3629, 1000.000000000000000 ) ;
#4316 = EDGE_CURVE ( 'NONE', #488, #3918, #8206, .T. ) ;
#4317 = CARTESIAN_POINT ( 'NONE',  ( 1.699999999999999956, 7.283333331421502521, -0.9814954576223635652 ) ) ;
#4318 = DIRECTION ( 'NONE',  ( -0.000000000000000000, -1.000000000000000000, -0.000000000000000000 ) ) ;
#4319 = CARTESIAN_POINT ( 'NONE',  ( 0.8359697925057004708, 0.2824328124716353194, 1.480972981051690729 ) ) ;
#4320 = CYLINDRICAL_SURFACE ( 'NONE', #3308, 1.699999999999999956 ) ;
#4321 = CARTESIAN_POINT ( 'NONE',  ( -4.409630270093162085E-16, 6.131249999044066534, 2.400490913332899545 ) ) ;
#4322 = CARTESIAN_POINT ( 'NONE',  ( -0.03338532205320268731, 0.000000000000000000, 3.071829942848052664 ) ) ;
#4323 = ORIENTED_EDGE ( 'NONE', *, *, #7438, .T. ) ;
#4324 = CARTESIAN_POINT ( 'NONE',  ( 1.039443056249998776, 8.989583332377417690, 1.800368184999675325 ) ) ;
#4325 = CARTESIAN_POINT ( 'NONE',  ( 5.161404152025042878E-15, 1.274999999999999689, -1.699999999999999734 ) ) ;
#4326 = CARTESIAN_POINT ( 'NONE',  ( -1.699999999999999512, 7.516666664754834137, -0.9814954576223642313 ) ) ;
#4327 = CARTESIAN_POINT ( 'NONE',  ( -1.691824716768699277, 9.139706186142074529, -0.1690964188112702438 ) ) ;
#4328 = CARTESIAN_POINT ( 'NONE',  ( -9.515818185547249795E-07, 7.224986079689193375, 1.699999999999470157 ) ) ;
#4329 = CARTESIAN_POINT ( 'NONE',  ( -1.678842511856582398, 0.03325326428371805365, -0.2693503246616651969 ) ) ;
#4330 = CARTESIAN_POINT ( 'NONE',  ( -1.573740704785535627, 0.5020094358866218354, 1.150101455764871217 ) ) ;
#4331 = CARTESIAN_POINT ( 'NONE',  ( -4.409630270093162085E-16, 2.631249999044084298, 2.400490913332899545 ) ) ;
#4332 = CARTESIAN_POINT ( 'NONE',  ( -0.7488863523473046069, 7.626235866540001851, -1.530160747587814063 ) ) ;
#4333 = CARTESIAN_POINT ( 'NONE',  ( -0.8499999999999996447, 8.158333331421500745, -1.472243186433545681 ) ) ;
#4334 = CARTESIAN_POINT ( 'NONE',  ( 0.9731676335818093548, 1.907474309653458766, -1.395185072840965601 ) ) ;
#4335 = CONICAL_SURFACE ( 'NONE', #5584, 7.650000000000000355, 1.025932411343352557 ) ;
#4336 = ORIENTED_EDGE ( 'NONE', *, *, #3103, .F. ) ;
#4337 = CARTESIAN_POINT ( 'NONE',  ( 1.195983071005228826, 4.510884885157796731, 1.208873840727030746 ) ) ;
#4338 = CARTESIAN_POINT ( 'NONE',  ( 2.312024219028192551, 2.048942590553173293, 4.433344562587834048 ) ) ;
#4339 = CARTESIAN_POINT ( 'NONE',  ( 1.699999999999999956, 6.700000000000000178, 0.000000000000000000 ) ) ;
#4340 = CARTESIAN_POINT ( 'NONE',  ( 1.039443056250000330, 4.322916665710750728, -1.800368184999674215 ) ) ;
#4341 = DIRECTION ( 'NONE',  ( 0.7071067811865473507, 8.049116928532377276E-17, -0.7071067811865477948 ) ) ;
#4342 = CARTESIAN_POINT ( 'NONE',  ( -2.078886112500000216, 4.527083332377417335, 1.200245456666449106 ) ) ;
#4343 = CARTESIAN_POINT ( 'NONE',  ( -1.520568040017851397, 8.398659867641560695, -0.7602307308707189071 ) ) ;
#4344 = CARTESIAN_POINT ( 'NONE',  ( -1.437985983949691793, 1.387069656727288880, -0.9075700199512370947 ) ) ;
#4345 = ADVANCED_FACE ( 'NONE', ( #5712 ), #7695, .F. ) ;
#4346 = DIRECTION ( 'NONE',  ( 0.000000000000000000, 1.000000000000000000, 0.000000000000000000 ) ) ;
#4347 = CARTESIAN_POINT ( 'NONE',  ( 0.5245455449753312349, 9.639006054192652329, -1.617241215017855671 ) ) ;
#4348 = CARTESIAN_POINT ( 'NONE',  ( 2.081899558550500280E-16, 10.19999999999999929, 1.699999999999999956 ) ) ;
#4349 = CARTESIAN_POINT ( 'NONE',  ( 0.2826126831659599992, 2.344332795569973538, 1.676404366064609297 ) ) ;
#4350 = CARTESIAN_POINT ( 'NONE',  ( 1.469876756697720448E-16, 9.193749999044085186, -2.400490913332899545 ) ) ;
#4351 = PRODUCT_DEFINITION ( 'UNKNOWN', '', #4362, #2740 ) ;
#4352 = CARTESIAN_POINT ( 'NONE',  ( -1.666081326248786132, 0.7717785033749621215, 0.3446064812801870603 ) ) ;
#4354 = CARTESIAN_POINT ( 'NONE',  ( 1.570849251954742565, 8.056871842478908974, 0.6507581966421729369 ) ) ;
#4353 = APPLICATION_PROTOCOL_DEFINITION ( 'draft international standard', 'automotive_design', 1998, #733 ) ;
#4355 = CARTESIAN_POINT ( 'NONE',  ( 1.469876756697720448E-16, 1.626358535790040305, -2.400490913332899545 ) ) ;
#4356 = ORIENTED_EDGE ( 'NONE', *, *, #1283, .T. ) ;
#4357 = CARTESIAN_POINT ( 'NONE',  ( 1.138921523207038377E-15, -0.7557262555325837683, -9.299999999999998934 ) ) ;
#4358 = DIRECTION ( 'NONE',  ( 0.000000000000000000, 1.000000000000000000, 0.000000000000000000 ) ) ;
#4359 = CARTESIAN_POINT ( 'NONE',  ( 0.3529043676788797268, 0.2491940554591172696, 1.663967885014485004 ) ) ;
#4360 = VECTOR ( 'NONE', #4622, 1000.000000000000000 ) ;
#4361 = DIRECTION ( 'NONE',  ( -0.000000000000000000, -1.000000000000000000, -0.000000000000000000 ) ) ;
#4362 = PRODUCT_DEFINITION_FORMATION_WITH_SPECIFIED_SOURCE ( 'ANY', '', #1831, .NOT_KNOWN. ) ;
#4363 = CARTESIAN_POINT ( 'NONE',  ( -2.078886112500001104, 6.014583332377401170, 1.200245456666448884 ) ) ;
#4364 = CARTESIAN_POINT ( 'NONE',  ( -0.7964577838886909289, 0.000000000000000000, -2.412954051565025182 ) ) ;
#4365 = VERTEX_POINT ( 'NONE', #442 ) ;
#4366 = CARTESIAN_POINT ( 'NONE',  ( 1.469876756697720448E-16, 9.981249999044083054, -2.400490913332899545 ) ) ;
#4367 = CARTESIAN_POINT ( 'NONE',  ( 1.627835560269930371, 1.131604384684498754, -0.4901022960706178377 ) ) ;
#4368 = EDGE_CURVE ( 'NONE', #2994, #5241, #3869, .T. ) ;
#4369 = CARTESIAN_POINT ( 'NONE',  ( 2.078886112500000216, 1.318749999044084298, 0.000000000000000000 ) ) ;
#4370 = CARTESIAN_POINT ( 'NONE',  ( -0.7205918593014195572, 9.024452262431282179, -1.539737658799291697 ) ) ;
#4371 = CARTESIAN_POINT ( 'NONE',  ( -2.078886112499989114, 3.068749999044078525, -2.545901223464995885E-16 ) ) ;
#4372 = CARTESIAN_POINT ( 'NONE',  ( 5.036781010732885200, 3.090000000000000746, 2.915460667173241038 ) ) ;
#4373 = CARTESIAN_POINT ( 'NONE',  ( -1.828346395779854916, 0.5017125876524478612, 0.01520024281067639330 ) ) ;
#4374 = CARTESIAN_POINT ( 'NONE',  ( 1.039443056250000330, 3.622916665710750994, -1.800368184999674215 ) ) ;
#4375 = CARTESIAN_POINT ( 'NONE',  ( 0.4009357322488766306, 6.847486136879020968, -1.653150323998839211 ) ) ;
#4376 = DIRECTION ( 'NONE',  ( 1.000000000000000000, 0.000000000000000000, -1.224646799147353207E-16 ) ) ;
#4377 = CARTESIAN_POINT ( 'NONE',  ( 1.670157957917007829, 1.819890698692475217, -0.3171495610330149484 ) ) ;
#4378 = AXIS2_PLACEMENT_3D ( 'NONE', #5811, #8359, #6423 ) ;
#4379 = VERTEX_POINT ( 'NONE', #7093 ) ;
#4380 = CARTESIAN_POINT ( 'NONE',  ( 0.8860445042489499823, 4.485841627402711751, 1.450849824992292092 ) ) ;
#4381 = ADVANCED_FACE ( 'NONE', ( #3020 ), #5004, .T. ) ;
#4382 = CARTESIAN_POINT ( 'NONE',  ( -1.023041785450062857, 2.745960675462755241, -1.357870802905915220 ) ) ;
#4383 = CARTESIAN_POINT ( 'NONE',  ( -0.9444341029819950384, 9.959936252801576018, 1.413524265824432025 ) ) ;
#4384 = CARTESIAN_POINT ( 'NONE',  ( 0.8499999999999988676, 7.983333333333331616, 1.472243186433546347 ) ) ;
#4385 = CARTESIAN_POINT ( 'NONE',  ( -1.039443056250000996, 6.072916665710750728, 1.800368184999674215 ) ) ;
#4386 = CARTESIAN_POINT ( 'NONE',  ( 0.4555133678513451079, 9.181260719411300286, 1.700000149696279994 ) ) ;
#4387 = CARTESIAN_POINT ( 'NONE',  ( -2.078886112500000216, 3.068749999044084298, -2.545901223465009197E-16 ) ) ;
#4388 = CARTESIAN_POINT ( 'NONE',  ( -1.105660029302260261, 8.352976769803952095, -1.291454521401783850 ) ) ;
#4389 = CARTESIAN_POINT ( 'NONE',  ( -0.9447399273752837834, 1.560170700051510151, 1.416441022428352792 ) ) ;
#4390 = ADVANCED_FACE ( 'NONE', ( #2937 ), #1622, .F. ) ;
#4391 = ORIENTED_EDGE ( 'NONE', *, *, #1283, .F. ) ;
#4392 = CARTESIAN_POINT ( 'NONE',  ( 1.346952484239459125, 3.973708900141804445, -1.038719339913256823 ) ) ;
#4393 = DIRECTION ( 'NONE',  ( -0.000000000000000000, -1.000000000000000000, -0.000000000000000000 ) ) ;
#4394 = CARTESIAN_POINT ( 'NONE',  ( 0.05678409822858610650, 2.328783298671249113, 1.700000000628496544 ) ) ;
#4395 = CARTESIAN_POINT ( 'NONE',  ( 2.078886112500000216, 9.718749999044085541, 0.000000000000000000 ) ) ;
#4396 = CARTESIAN_POINT ( 'NONE',  ( -1.614638500686062184, 0.7847464971050293059, 0.5342007571202984639 ) ) ;
#4398 = CARTESIAN_POINT ( 'NONE',  ( 1.369233650060415419, 8.171155705879773024, -1.009522774561620873 ) ) ;
#4397 = APPLICATION_PROTOCOL_DEFINITION ( 'draft international standard', 'automotive_design', 1998, #1455 ) ;
#4399 = CARTESIAN_POINT ( 'NONE',  ( -2.078886112499999772, 4.543025202456706602, -1.200245456666450439 ) ) ;
#4400 = ORIENTED_EDGE ( 'NONE', *, *, #7241, .T. ) ;
#4401 =( NAMED_UNIT ( * ) SI_UNIT ( $, .STERADIAN. ) SOLID_ANGLE_UNIT ( ) );
#4402 = DIRECTION ( 'NONE',  ( 0.000000000000000000, 0.000000000000000000, 1.000000000000000000 ) ) ;
#4403 = CARTESIAN_POINT ( 'NONE',  ( 1.177944496615336734, 0.3092353590391793139, 1.225752731719738753 ) ) ;
#4404 = CARTESIAN_POINT ( 'NONE',  ( 0.000000000000000000, -5.000000000000000000, 0.000000000000000000 ) ) ;
#4405 = CARTESIAN_POINT ( 'NONE',  ( -2.078886112500000216, 4.497916665710733675, -1.200245456666450217 ) ) ;
#4406 = CARTESIAN_POINT ( 'NONE',  ( -1.012645114054276263, 0.000000000000000000, 2.830268515752278891 ) ) ;
#4407 = ORIENTED_EDGE ( 'NONE', *, *, #6553, .T. ) ;
#4408 = CARTESIAN_POINT ( 'NONE',  ( -1.700000000000000400, 2.033333331421502077, 0.9814954576223632321 ) ) ;
#4409 = CARTESIAN_POINT ( 'NONE',  ( 1.588989692808467247, 1.060262459785230371, 0.6044480309341351276 ) ) ;
#4410 = CARTESIAN_POINT ( 'NONE',  ( 2.078886112499999328, 1.960416665710750905, 1.200245456666450661 ) ) ;
#4411 = AXIS2_PLACEMENT_3D ( 'NONE', #7158, #552, #7845 ) ;
#4412 = CARTESIAN_POINT ( 'NONE',  ( -1.658391212177752582E-06, 8.975000113811159252, -1.699999999999190825 ) ) ;
#4413 = CARTESIAN_POINT ( 'NONE',  ( 1.469876756697713053E-16, 3.593749999044077104, -2.400490913332886667 ) ) ;
#4414 = CARTESIAN_POINT ( 'NONE',  ( -0.4204033062604279891, 10.26154163557581356, 1.842079293133762841 ) ) ;
#4415 = CARTESIAN_POINT ( 'NONE',  ( -1.835885038970464622, 0.5018239976390207469, 0.1747730437569433026 ) ) ;
#4416 = CARTESIAN_POINT ( 'NONE',  ( 2.078886112499999328, 5.547916665710749484, 1.200245456666450661 ) ) ;
#4417 = CARTESIAN_POINT ( 'NONE',  ( 0.05865963410391503152, 6.870974345147176088, -1.699056692387781009 ) ) ;
#4418 = CARTESIAN_POINT ( 'NONE',  ( 1.551323793330141809, 8.053481389115852096, 0.6967392964865397609 ) ) ;
#4419 = ADVANCED_FACE ( 'NONE', ( #7133 ), #7781, .F. ) ;
#4420 = CARTESIAN_POINT ( 'NONE',  ( 1.228146541098855682, 1.886047527202297625, -1.175481431470525751 ) ) ;
#4421 = AXIS2_PLACEMENT_3D ( 'NONE', #5658, #1005, #7083 ) ;
#4422 = ORIENTED_EDGE ( 'NONE', *, *, #6488, .T. ) ;
#4423 = DIRECTION ( 'NONE',  ( 0.000000000000000000, -1.000000000000000000, 0.000000000000000000 ) ) ;
#4424 = VECTOR ( 'NONE', #5748, 1000.000000000000114 ) ;
#4425 = DIRECTION ( 'NONE',  ( 0.000000000000000000, 0.000000000000000000, -1.000000000000000000 ) ) ;
#4426 = DIRECTION ( 'NONE',  ( -1.000000000000000000, 0.000000000000000000, 0.000000000000000000 ) ) ;
#4427 = CARTESIAN_POINT ( 'NONE',  ( -0.8499999999999996447, 9.033333333333334991, -1.472243186433545681 ) ) ;
#4428 = CARTESIAN_POINT ( 'NONE',  ( 2.078886112499999772, 4.964583332377417335, -1.200245456666449329 ) ) ;
#4429 = CARTESIAN_POINT ( 'NONE',  ( -0.7740953971237630737, 2.027883721406599893, -1.513883012776160664 ) ) ;
#4430 = CARTESIAN_POINT ( 'NONE',  ( 2.078886112499999328, 7.560416665710751438, 1.200245456666450661 ) ) ;
#4431 = CARTESIAN_POINT ( 'NONE',  ( 0.000000000000000000, 10.19999999999999929, -1.699999999999999956 ) ) ;
#4432 = CARTESIAN_POINT ( 'NONE',  ( -1.510345246673176822, 1.502887848042177898, 0.7803717999125507898 ) ) ;
#4433 = EDGE_CURVE ( 'NONE', #1223, #3221, #1877, .T. ) ;
#4434 = FACE_OUTER_BOUND ( 'NONE', #8022, .T. ) ;
#4435 = CARTESIAN_POINT ( 'NONE',  ( 1.624889820256352424, 3.867702558051608452, 0.4997833334081415169 ) ) ;
#4436 = CARTESIAN_POINT ( 'NONE',  ( 2.179449471770337432, 1.500000000000000444, -4.500000000000000000 ) ) ;
#4437 = ADVANCED_FACE ( 'NONE', ( #5269 ), #6528, .F. ) ;
#4438 = CARTESIAN_POINT ( 'NONE',  ( 0.1404494328317386631, 2.665367758509278762, -1.695047426583847994 ) ) ;
#4439 = FACE_OUTER_BOUND ( 'NONE', #85, .T. ) ;
#4440 = ADVANCED_FACE ( 'NONE', ( #5960 ), #1960, .T. ) ;
#4441 = AXIS2_PLACEMENT_3D ( 'NONE', #76, #1986, #4603 ) ;
#4442 = CARTESIAN_POINT ( 'NONE',  ( -1.561790942545220551, 0.7053466443110043560, -0.6715157846658552643 ) ) ;
#4444 = CARTESIAN_POINT ( 'NONE',  ( 1.045865148128807487, 8.202165052749275986, -1.341564599618565223 ) ) ;
#4443 = CONTEXT_DEPENDENT_SHAPE_REPRESENTATION ( #2351, #813 ) ;
#4445 = CARTESIAN_POINT ( 'NONE',  ( 1.039443056249998776, 3.434691869123373209, 1.800368184999675325 ) ) ;
#4446 = ORIENTED_EDGE ( 'NONE', *, *, #8585, .F. ) ;
#4447 = CARTESIAN_POINT ( 'NONE',  ( 1.682528973075181122, 6.015011655302275884, -0.2433432225349059785 ) ) ;
#4448 = DIRECTION ( 'NONE',  ( -0.000000000000000000, 1.000000000000000000, -0.000000000000000000 ) ) ;
#4449 = CARTESIAN_POINT ( 'NONE',  ( 1.124573715262956020, 0.3044396250871371223, 1.275391407571318636 ) ) ;
#4450 = CARTESIAN_POINT ( 'NONE',  ( 2.586524759049138922, 3.046453914618040049, -7.199611372740284843 ) ) ;
#4451 = CARTESIAN_POINT ( 'NONE',  ( -2.078886112500000216, 8.756249999044067422, -2.545901223465009197E-16 ) ) ;
#4452 = CARTESIAN_POINT ( 'NONE',  ( 1.789592302664956502, 0.000000000000000000, -1.446491128317104025 ) ) ;
#4453 = EDGE_CURVE ( 'NONE', #1314, #3913, #5309, .T. ) ;
#4454 = ORIENTED_EDGE ( 'NONE', *, *, #6823, .T. ) ;
#4455 = CARTESIAN_POINT ( 'NONE',  ( -1.699999999999999956, 2.674999998088169129, -2.081899558550500280E-16 ) ) ;
#4456 = CARTESIAN_POINT ( 'NONE',  ( 1.604992515772700079, 1.136743342632176468, -0.5635314932986583703 ) ) ;
#4457 = CARTESIAN_POINT ( 'NONE',  ( -2.078886112500000216, 2.427083332377418134, 1.200245456666449106 ) ) ;
#4458 = CARTESIAN_POINT ( 'NONE',  ( -1.290938557876511350, 9.070221144125740764, -1.106154134185595383 ) ) ;
#4459 = CARTESIAN_POINT ( 'NONE',  ( -1.039443056249995445, 5.285416665710744866, 1.800368184999665111 ) ) ;
#4460 = CARTESIAN_POINT ( 'NONE',  ( 0.2725983146967584370, 0.5016104232511402472, 2.139890682436309977 ) ) ;
#4461 = CARTESIAN_POINT ( 'NONE',  ( -1.588162471154206612, 0.5020212334566498402, 1.124801096212428408 ) ) ;
#4462 = CARTESIAN_POINT ( 'NONE',  ( 1.469876756697720448E-16, 7.881249999044083410, -2.400490913332899545 ) ) ;
#4463 = CARTESIAN_POINT ( 'NONE',  ( -1.232448169875371313, 7.664121978393318990, -1.177910995999509325 ) ) ;
#4464 = DIRECTION ( 'NONE',  ( 0.7071067811865474617, 0.000000000000000000, -0.7071067811865474617 ) ) ;
#4465 = VERTEX_POINT ( 'NONE', #4532 ) ;
#4466 = CARTESIAN_POINT ( 'NONE',  ( 1.675649678158121159, 4.617956925955650327, -0.2867853216098935620 ) ) ;
#4467 = CARTESIAN_POINT ( 'NONE',  ( -2.234154015110208835, 7.947084575471273560, 4.741006527942210447 ) ) ;
#4468 = CARTESIAN_POINT ( 'NONE',  ( -2.228676787222882718E-08, 6.875000001529484095, -1.699999999999999734 ) ) ;
#4469 = CARTESIAN_POINT ( 'NONE',  ( 2.078886112500000216, 4.906249999044083765, 0.000000000000000000 ) ) ;
#4470 = CARTESIAN_POINT ( 'NONE',  ( -4.409630270093162085E-16, 8.143749999044086252, 2.400490913332899545 ) ) ;
#4471 = CARTESIAN_POINT ( 'NONE',  ( -1.698451287203068150, 8.444585181828420772, -0.09055984232296505898 ) ) ;
#4472 = DIRECTION ( 'NONE',  ( 0.7071067811865473507, 2.775557561562891351E-17, -0.7071067811865477948 ) ) ;
#4473 = VECTOR ( 'NONE', #4273, 1000.000000000000227 ) ;
#4474 = PRODUCT ( 'Snap Fit Female V2', 'Snap Fit Female V2', '', ( #3134 ) ) ;
#4475 = CARTESIAN_POINT ( 'NONE',  ( 0.000000000000000000, 7.500000000000000000, 0.000000000000000000 ) ) ;
#4476 = CARTESIAN_POINT ( 'NONE',  ( 1.101362274290760279, 3.997665789356860344, -1.301019458117804284 ) ) ;
#4477 = CARTESIAN_POINT ( 'NONE',  ( 0.8500000000000001998, 8.041666664754835381, -1.472243186433545459 ) ) ;
#4478 = DIRECTION ( 'NONE',  ( -0.000000000000000000, -1.000000000000000000, -0.000000000000000000 ) ) ;
#4479 = CARTESIAN_POINT ( 'NONE',  ( -0.4929278091580189258, 0.05828853589494478737, 1.627042148101576657 ) ) ;
#4480 = CARTESIAN_POINT ( 'NONE',  ( -0.4100666646930042902, 0.8968599973662252367, 1.649826969913895658 ) ) ;
#4481 = CARTESIAN_POINT ( 'NONE',  ( 1.700055009614917623, 8.098543185856581061, 0.02464938590305565044 ) ) ;
#4482 = CARTESIAN_POINT ( 'NONE',  ( 2.078886112499999772, 5.709691869123373564, -1.200245456666449329 ) ) ;
#4483 = EDGE_CURVE ( 'NONE', #4260, #2700, #3939, .T. ) ;
#4484 = ORIENTED_EDGE ( 'NONE', *, *, #4810, .F. ) ;
#4485 = CARTESIAN_POINT ( 'NONE',  ( 1.434882930252145528, 5.936671847999869911, 0.9125053580652564555 ) ) ;
#4486 = CARTESIAN_POINT ( 'NONE',  ( 4.433344562587839377, 1.500000000000000444, -2.312024219028174343 ) ) ;
#4487 = DIRECTION ( 'NONE',  ( 0.000000000000000000, -1.000000000000000000, 0.000000000000000000 ) ) ;
#4488 = CARTESIAN_POINT ( 'NONE',  ( 0.7413840351258464967, 0.2758819284229233615, 1.529878051575321862 ) ) ;
#4489 = DIRECTION ( 'NONE',  ( -0.7071067811865474617, 0.000000000000000000, -0.7071067811865474617 ) ) ;
#4490 = CARTESIAN_POINT ( 'NONE',  ( -2.078886112500000216, 10.15624999904406778, -2.545901223465009197E-16 ) ) ;
#4491 = ORIENTED_EDGE ( 'NONE', *, *, #4170, .T. ) ;
#4492 = ORIENTED_EDGE ( 'NONE', *, *, #3477, .F. ) ;
#4493 = CARTESIAN_POINT ( 'NONE',  ( -1.699999999999999289, 0.5166666647548356917, -0.9814954576223643423 ) ) ;
#4494 = CARTESIAN_POINT ( 'NONE',  ( 1.582905096264355160, 1.140976679105379255, -0.6225265113806806028 ) ) ;
#4495 = CARTESIAN_POINT ( 'NONE',  ( 2.078886112499999772, -0.02291666762258221662, -1.200245456666449329 ) ) ;
#4496 = CARTESIAN_POINT ( 'NONE',  ( -0.6958122065546633594, 9.022748412948796926, -1.551132758146889667 ) ) ;
#4497 = CARTESIAN_POINT ( 'NONE',  ( -4.409630270093139405E-16, 3.243749999044078347, 2.400490913332886667 ) ) ;
#4498 = CARTESIAN_POINT ( 'NONE',  ( -0.7805798177533308513, 0.1715244695880676351, 1.510298840381475660 ) ) ;
#4499 = CARTESIAN_POINT ( 'NONE',  ( 0.000000000000000000, 7.500000000000000000, 0.000000000000000000 ) ) ;
#4500 = CARTESIAN_POINT ( 'NONE',  ( -4.409630270093162085E-16, 7.531249999044083765, 2.400490913332899545 ) ) ;
#4501 = CIRCLE ( 'NONE', #5617, 5.000000000000000000 ) ;
#4502 = DIRECTION ( 'NONE',  ( 0.000000000000000000, 0.000000000000000000, 1.000000000000000000 ) ) ;
#4503 = FACE_OUTER_BOUND ( 'NONE', #1386, .T. ) ;
#4504 = AXIS2_PLACEMENT_3D ( 'NONE', #816, #8274, #1552 ) ;
#4505 = CARTESIAN_POINT ( 'NONE',  ( -0.2465557299910415556, 8.673617379884035472E-16, -1.299950177108869953 ) ) ;
#4506 =( BOUNDED_CURVE ( )  B_SPLINE_CURVE ( 2, ( #5058, #2312, #2485, #967, #1050, #7609, #2972, #7691, #5141 ),
 .UNSPECIFIED., .F., .F. ) 
 B_SPLINE_CURVE_WITH_KNOTS ( ( 3, 2, 2, 2, 3 ),
 ( 0.8113286804707695588, 0.8166315624000022311, 0.8272371671064957521, 0.8378427718129892732, 0.8431455612909648512 ),
 .UNSPECIFIED. ) 
 CURVE ( )  GEOMETRIC_REPRESENTATION_ITEM ( )  RATIONAL_B_SPLINE_CURVE ( ( 0.9330127019073043426, 0.9330116966538687384, 1.000000000000000000, 0.8660254037844387076, 1.000000000000000000, 0.8660254037844387076, 1.000000000000000000, 0.9330128645382265162, 0.9330127018926142046 ) ) 
 REPRESENTATION_ITEM ( '' )  );
#4507 = CONICAL_SURFACE ( 'NONE', #4088, 9.299999999999998934, 0.8552113334772168951 ) ;
#4508 = ORIENTED_EDGE ( 'NONE', *, *, #2256, .F. ) ;
#4509 = DIRECTION ( 'NONE',  ( 0.7071067811865401342, 0.000000000000000000, 0.7071067811865550112 ) ) ;
#4510 = CARTESIAN_POINT ( 'NONE',  ( -0.5170800967856915564, 2.710485841069941948, -1.619459985388599588 ) ) ;
#4511 = CARTESIAN_POINT ( 'NONE',  ( 8.135233440653460528E-07, 5.650011910845016416, 1.699999999999613820 ) ) ;
#4512 = CARTESIAN_POINT ( 'NONE',  ( -0.1567679766447741541, 0.5607733426045548031, -0.2685635122620135817 ) ) ;
#4513 = CARTESIAN_POINT ( 'NONE',  ( -2.078886112500000216, 5.168749999044083943, -2.545901223465009197E-16 ) ) ;
#4514 = LINE ( 'NONE', #4431, #266 ) ;
#4515 = CARTESIAN_POINT ( 'NONE',  ( -0.009342366064529322375, 1.624358890505201547, 1.699999999999999512 ) ) ;
#4516 = CARTESIAN_POINT ( 'NONE',  ( -1.057817855097880511, 4.148851006629390881, -1.330798004934712120 ) ) ;
#4517 = ADVANCED_FACE ( 'NONE', ( #7255 ), #5834, .F. ) ;
#4518 = ORIENTED_EDGE ( 'NONE', *, *, #6018, .F. ) ;
#4519 = CARTESIAN_POINT ( 'NONE',  ( 1.346078374778526321, 3.826124454761036464, 1.038690493919181668 ) ) ;
#4520 = CARTESIAN_POINT ( 'NONE',  ( 0.7350042486273089537, 3.075360266642805929, 1.534128525839732138 ) ) ;
#4521 = CARTESIAN_POINT ( 'NONE',  ( 0.8293865690417876468, 2.618081607471812511, -1.483999148114377942 ) ) ;
#4522 = CARTESIAN_POINT ( 'NONE',  ( -5.087985294887802823, 3.021034482758620854, 2.966664951328077393 ) ) ;
#4523 = CARTESIAN_POINT ( 'NONE',  ( 1.699999999999999067, 1.041666666666666519, 0.9814954576223646754 ) ) ;
#4524 = DIRECTION ( 'NONE',  ( 1.000000000000000000, 0.000000000000000000, -1.224646799147353207E-16 ) ) ;
#4525 = CARTESIAN_POINT ( 'NONE',  ( -1.053920012461668776, 0.8514848610403165097, 1.334780956771102423 ) ) ;
#4526 = CARTESIAN_POINT ( 'NONE',  ( 1.252015339983266307, 8.183921222800730533, -1.156808398876858046 ) ) ;
#4527 = CARTESIAN_POINT ( 'NONE',  ( 1.039443056250000330, 7.868025202456706779, -1.800368184999674215 ) ) ;
#4528 = VERTEX_POINT ( 'NONE', #3225 ) ;
#4529 = CARTESIAN_POINT ( 'NONE',  ( 0.5303455766528005766, 5.861396291377305445, 1.615161030121194718 ) ) ;
#4530 = CARTESIAN_POINT ( 'NONE',  ( 1.003882571056365618E-06, 9.850000066982101288, 1.699999999999703526 ) ) ;
#4531 = CARTESIAN_POINT ( 'NONE',  ( 1.628493523398963250, 0.4315230511369521627, -0.4886353954851164194 ) ) ;
#4532 = CARTESIAN_POINT ( 'NONE',  ( -2.435362535369392845, 3.200000000000000178, 7.252000366886310445 ) ) ;
#4533 = CARTESIAN_POINT ( 'NONE',  ( 1.699999999999999956, 7.983333331421500922, -0.9814954576223635652 ) ) ;
#4534 = ORIENTED_EDGE ( 'NONE', *, *, #2625, .T. ) ;
#4535 = EDGE_LOOP ( 'NONE', ( #101, #1100, #3737, #8244 ) ) ;
#4536 = CARTESIAN_POINT ( 'NONE',  ( -3.605955811664682968E-16, 0.7499999980881689732, 1.962990915244727130 ) ) ;
#4537 = LINE ( 'NONE', #6615, #5751 ) ;
#4538 = CARTESIAN_POINT ( 'NONE',  ( -1.678840701647565048, 9.166637919323273209, 0.2675403563421852593 ) ) ;
#4539 = ADVANCED_FACE ( 'NONE', ( #8425 ), #2001, .F. ) ;
#4540 = CARTESIAN_POINT ( 'NONE',  ( 2.078886112499989558, 2.777083332377411118, -1.200245456666443111 ) ) ;
#4541 = ADVANCED_FACE ( 'NONE', ( #7174 ), #3056, .T. ) ;
#4542 = DIRECTION ( 'NONE',  ( 0.000000000000000000, -1.000000000000000000, 0.000000000000000000 ) ) ;
#4543 = DIRECTION ( 'NONE',  ( -0.4876598490941711495, 0.7241379310344820963, -0.4876598490941711495 ) ) ;
#4544 = CARTESIAN_POINT ( 'NONE',  ( 2.078886112499999772, 7.764583332377417157, -1.200245456666449329 ) ) ;
#4545 = CARTESIAN_POINT ( 'NONE',  ( -2.608461341437269265, 3.116536647565486540, -7.191567056828625404 ) ) ;
#4546 = CARTESIAN_POINT ( 'NONE',  ( -4.433344562587855364, 5.951057409446828927, 2.312024219028143701 ) ) ;
#4547 = CARTESIAN_POINT ( 'NONE',  ( -0.1576719283055346976, -1.301042606982605321E-15, -1.302894106266718754 ) ) ;
#4548 = ORIENTED_EDGE ( 'NONE', *, *, #6562, .F. ) ;
#4549 = CARTESIAN_POINT ( 'NONE',  ( 0.8998898842108556950, 4.713253012865529001, -1.443297141060274402 ) ) ;
#4550 = DIRECTION ( 'NONE',  ( 0.000000000000000000, 0.000000000000000000, -1.000000000000000000 ) ) ;
#4551 = CARTESIAN_POINT ( 'NONE',  ( 0.000000000000000000, -5.000000000000000000, 0.000000000000000000 ) ) ;
#4552 = CARTESIAN_POINT ( 'NONE',  ( -0.5917010629323575799, 0.5166071759986862189, 0.3722913292161501575 ) ) ;
#4553 = CARTESIAN_POINT ( 'NONE',  ( 2.078886112500000216, 5.518749999044084475, 0.000000000000000000 ) ) ;
#4554 = CARTESIAN_POINT ( 'NONE',  ( -0.7472557482080683933, 8.573931878991565725, 1.527879981118283048 ) ) ;
#4555 = CARTESIAN_POINT ( 'NONE',  ( -0.5101870865616587869, 4.810012338865288228, -1.621645282335337335 ) ) ;
#4556 = VECTOR ( 'NONE', #2929, 1000.000000000000000 ) ;
#4557 =( BOUNDED_CURVE ( )  B_SPLINE_CURVE ( 2, ( #6129, #5344, #8152, #2824, #2162, #4168, #863, #3516, #2210 ),
 .UNSPECIFIED., .F., .F. ) 
 B_SPLINE_CURVE_WITH_KNOTS ( ( 3, 2, 2, 2, 3 ),
 ( 0.1749924875668415203, 0.1802952800103901077, 0.1909008847168836287, 0.2015064894233771775, 0.2068093164787585536 ),
 .UNSPECIFIED. ) 
 CURVE ( )  GEOMETRIC_REPRESENTATION_ITEM ( )  RATIONAL_B_SPLINE_CURVE ( ( 0.9330127018924532223, 0.9330128270758226705, 1.000000000000000000, 0.8660254037844387076, 1.000000000000000000, 0.8660254037844387076, 1.000000000000000000, 0.9330123898441464725, 0.9330127018936729133 ) ) 
 REPRESENTATION_ITEM ( '' )  );
#4558 = DIRECTION ( 'NONE',  ( 0.000000000000000000, 1.000000000000000000, 0.000000000000000000 ) ) ;
#4559 = VECTOR ( 'NONE', #5494, 1000.000000000000000 ) ;
#4560 = CARTESIAN_POINT ( 'NONE',  ( -0.9633368441980260100, 6.241813873794225032, -1.400969149876019504 ) ) ;
#4561 = CARTESIAN_POINT ( 'NONE',  ( 1.676349285673126355, 3.881496329869363215, 0.2958098597987749434 ) ) ;
#4562 = VECTOR ( 'NONE', #1477, 1000.000000000000114 ) ;
#4563 = CARTESIAN_POINT ( 'NONE',  ( 1.700064509076858466, 3.200371351950468846, -0.006519580762595035377 ) ) ;
#4564 = CARTESIAN_POINT ( 'NONE',  ( 1.380556937925951466, 2.569887572176024815, -0.9936232250861386506 ) ) ;
#4565 = CARTESIAN_POINT ( 'NONE',  ( -0.7320421415872089277, 0.04294511556689864507, 1.537833588582435684 ) ) ;
#4566 = CARTESIAN_POINT ( 'NONE',  ( -1.699999999999999289, -0.008333333333333282911, -0.9814954576223643423 ) ) ;
#4567 = CARTESIAN_POINT ( 'NONE',  ( 3.870068605369164860, 5.212479532407042093, -3.870068605369140435 ) ) ;
#4568 = CARTESIAN_POINT ( 'NONE',  ( -0.9312149978212661550, 0.8609141327682893197, 1.422302596732188951 ) ) ;
#4569 = CIRCLE ( 'NONE', #6784, 9.099999999999997868 ) ;
#4570 = DIRECTION ( 'NONE',  ( 0.000000000000000000, 1.000000000000000000, -0.000000000000000000 ) ) ;
#4571 = CARTESIAN_POINT ( 'NONE',  ( -1.039443056249999664, 5.184691869123373209, -1.800368184999674437 ) ) ;
#4572 = ORIENTED_EDGE ( 'NONE', *, *, #3152, .T. ) ;
#4573 = CARTESIAN_POINT ( 'NONE',  ( 1.667936960888194209, 6.020819982425088313, -0.3346478537003343967 ) ) ;
#4574 = CARTESIAN_POINT ( 'NONE',  ( -1.699999999999999956, 9.674999998088168240, -2.081899558550500280E-16 ) ) ;
#4575 = CARTESIAN_POINT ( 'NONE',  ( 0.9587033818723273981, 0.5088749614188734505, -1.403894626492596220 ) ) ;
#4576 = CARTESIAN_POINT ( 'NONE',  ( -0.5274965714173464049, 0.5016471898738951163, 2.010848930980172256 ) ) ;
#4577 = VECTOR ( 'NONE', #1846, 1000.000000000000000 ) ;
#4578 = ORIENTED_EDGE ( 'NONE', *, *, #922, .F. ) ;
#4579 = ORIENTED_EDGE ( 'NONE', *, *, #8119, .F. ) ;
#4580 = CARTESIAN_POINT ( 'NONE',  ( 1.699999999999999067, 0.1666666647548355473, 0.9814954576223646754 ) ) ;
#4581 = CARTESIAN_POINT ( 'NONE',  ( 2.716032430193390912, 3.000000000000000000, 7.343409823653981761 ) ) ;
#4582 = CARTESIAN_POINT ( 'NONE',  ( -1.687877256384231028, 9.162618350398600953, 0.2042545486282739409 ) ) ;
#4583 = CARTESIAN_POINT ( 'NONE',  ( -2.078886112499989114, 8.668749999044079502, -2.545901223464995885E-16 ) ) ;
#4584 = VECTOR ( 'NONE', #4034, 1000.000000000000114 ) ;
#4585 = CARTESIAN_POINT ( 'NONE',  ( -1.627373383518505356, 2.118287483706484231, -0.4916024801265135857 ) ) ;
#4586 = CARTESIAN_POINT ( 'NONE',  ( -1.072451640163697872, 0.1499361577509568666, 1.319393508673922133 ) ) ;
#4587 = CARTESIAN_POINT ( 'NONE',  ( 0.000000000000000000, 7.500000000000000000, 0.000000000000000000 ) ) ;
#4588 = CARTESIAN_POINT ( 'NONE',  ( -4.409630270093162085E-16, 5.431249999044084120, 2.400490913332899545 ) ) ;
#4589 = CARTESIAN_POINT ( 'NONE',  ( -0.7223053765992513142, 7.875416133615800618, 1.538925487030857298 ) ) ;
#4590 = DIRECTION ( 'NONE',  ( -0.000000000000000000, -1.000000000000000000, -0.000000000000000000 ) ) ;
#4591 = CARTESIAN_POINT ( 'NONE',  ( -1.106041624929221756, 6.447108983781464353, 1.290998400242522992 ) ) ;
#4592 = EDGE_CURVE ( 'NONE', #4806, #2775, #6361, .T. ) ;
#4593 = VERTEX_POINT ( 'NONE', #2571 ) ;
#4594 = CARTESIAN_POINT ( 'NONE',  ( 0.1110909255811775020, 4.767376604996530709, -1.696420099136740411 ) ) ;
#4595 = CARTESIAN_POINT ( 'NONE',  ( -0.8538128914792102453, 2.966394079619405044, 1.470117259037327262 ) ) ;
#4596 = CARTESIAN_POINT ( 'NONE',  ( -2.228676787222882718E-08, 6.875000001529484095, -1.699999999999999734 ) ) ;
#4597 = CARTESIAN_POINT ( 'NONE',  ( -0.5864685112188485760, 0.5175376027684445157, -0.002423262316369292988 ) ) ;
#4598 = CARTESIAN_POINT ( 'NONE',  ( 1.469876756697720448E-16, 7.093749999044083765, -2.400490913332899545 ) ) ;
#4599 = CARTESIAN_POINT ( 'NONE',  ( -0.6152584159555263277, 8.582776334377804517, 1.584757972941972959 ) ) ;
#4600 = CARTESIAN_POINT ( 'NONE',  ( -0.9575030690639705355, 4.841112846684416660, -1.404766510453208994 ) ) ;
#4601 = CARTESIAN_POINT ( 'NONE',  ( -6.089365759938950521E-09, 4.075000053773378816, -1.699999999999999956 ) ) ;
#4602 = CARTESIAN_POINT ( 'NONE',  ( -0.9966124687533941540, 6.244261810000411472, -1.377695779338779403 ) ) ;
#4603 = DIRECTION ( 'NONE',  ( 0.000000000000000000, 0.000000000000000000, 1.000000000000000000 ) ) ;
#4604 = CARTESIAN_POINT ( 'NONE',  ( -3.372472195313707907E-06, 3.024950702416079995, 1.699999999993350830 ) ) ;
#4605 = CARTESIAN_POINT ( 'NONE',  ( 0.7778022180834753829, 2.621625087864796644, -1.512605790373624526 ) ) ;
#4606 = CARTESIAN_POINT ( 'NONE',  ( -2.312024219028236960, 2.048942590553174181, 4.433344562587810955 ) ) ;
#4607 = CARTESIAN_POINT ( 'NONE',  ( -0.8500000000000007550, -0.5333333333333333259, 1.472243186433545237 ) ) ;
#4608 = CARTESIAN_POINT ( 'NONE',  ( -1.039443056249999664, -0.4604166676225821542, -1.800368184999674437 ) ) ;
#4609 = CARTESIAN_POINT ( 'NONE',  ( -1.281004182337694974, 0.8308117858917668519, 1.118027399878100958 ) ) ;
#4610 = CARTESIAN_POINT ( 'NONE',  ( 0.000000000000000000, 3.000000000000000000, 0.000000000000000000 ) ) ;
#4611 = CARTESIAN_POINT ( 'NONE',  ( -1.039443056250000996, 5.418025202456705713, 1.800368184999674215 ) ) ;
#4612 = EDGE_CURVE ( 'NONE', #4003, #1551, #966, .T. ) ;
#4613 = ORIENTED_EDGE ( 'NONE', *, *, #651, .F. ) ;
#4614 = CARTESIAN_POINT ( 'NONE',  ( 0.4794949759090131325, 5.157906927362512661, 1.630989892676587116 ) ) ;
#4615 = CARTESIAN_POINT ( 'NONE',  ( -0.8500000000000007550, 9.791666664754835381, 1.472243186433545237 ) ) ;
#4616 = CARTESIAN_POINT ( 'NONE',  ( 0.3838811434130329769, 0.5486605830687687479, -1.656253444395974661 ) ) ;
#4617 = DIRECTION ( 'NONE',  ( 0.7071067811865475727, -3.056747976430751296E-16, -0.7071067811865475727 ) ) ;
#4618 = EDGE_CURVE ( 'NONE', #2516, #5188, #5934, .T. ) ;
#4619 = VERTEX_POINT ( 'NONE', #8520 ) ;
#4620 = ORIENTED_EDGE ( 'NONE', *, *, #5542, .F. ) ;
#4621 = CARTESIAN_POINT ( 'NONE',  ( -1.699999999999999956, 4.774999998088169662, -2.081899558550500280E-16 ) ) ;
#4622 = DIRECTION ( 'NONE',  ( -0.000000000000000000, -1.000000000000000000, -0.000000000000000000 ) ) ;
#4623 = CARTESIAN_POINT ( 'NONE',  ( -0.03876520868750455567, 9.322326229094015204, 1.699999999878040624 ) ) ;
#4624 = CARTESIAN_POINT ( 'NONE',  ( 2.078886112499989558, 7.677083332377411473, -1.200245456666443111 ) ) ;
#4625 = CARTESIAN_POINT ( 'NONE',  ( -1.396241592860529401, 2.081907666403584045, -0.9702136667020504479 ) ) ;
#4626 = CARTESIAN_POINT ( 'NONE',  ( -0.4555155967116484850, 1.831260872372301396, -1.699998862863183691 ) ) ;
#4627 = CARTESIAN_POINT ( 'NONE',  ( -2.571963978632912706, 3.200000000000000178, -7.204686064820227998 ) ) ;
#4628 = DIRECTION ( 'NONE',  ( -0.000000000000000000, -1.000000000000000000, -0.000000000000000000 ) ) ;
#4629 = EDGE_CURVE ( 'NONE', #8525, #8253, #2744, .T. ) ;
#4630 = ORIENTED_EDGE ( 'NONE', *, *, #1255, .T. ) ;
#4631 = CARTESIAN_POINT ( 'NONE',  ( -0.5799385039989974899, 3.685226036456560106, 1.601175551002883335 ) ) ;
#4632 = DIRECTION ( 'NONE',  ( 0.000000000000000000, 0.000000000000000000, 1.000000000000000000 ) ) ;
#4633 = CARTESIAN_POINT ( 'NONE',  ( -1.687687145761782581, 2.835844762894076165, -0.2312747034211681263 ) ) ;
#4634 = CARTESIAN_POINT ( 'NONE',  ( -1.643601493817093084, 7.022225277634457363, -0.4343081912878802298 ) ) ;
#4635 = CARTESIAN_POINT ( 'NONE',  ( -0.1363179453702529076, 0.5728883022255009116, -0.2501010065391306436 ) ) ;
#4636 = CARTESIAN_POINT ( 'NONE',  ( 2.078886112499999328, 9.660416665710751971, 1.200245456666450661 ) ) ;
#4637 = CARTESIAN_POINT ( 'NONE',  ( -0.3782413650744686495, 9.999043239276860007, 1.657387543576087863 ) ) ;
#4638 = DIRECTION ( 'NONE',  ( 0.7071067811865474617, 0.000000000000000000, 0.7071067811865476838 ) ) ;
#4639 = CIRCLE ( 'NONE', #5333, 7.650000000000000355 ) ;
#4640 = CARTESIAN_POINT ( 'NONE',  ( -1.047481765550083876, 4.148067622775979402, -1.338965056647165364 ) ) ;
#4641 = PRODUCT_DEFINITION_FORMATION_WITH_SPECIFIED_SOURCE ( 'ANY', '', #2456, .NOT_KNOWN. ) ;
#4642 = ADVANCED_FACE ( 'NONE', ( #7226 ), #577, .F. ) ;
#4643 = CARTESIAN_POINT ( 'NONE',  ( -1.045078872818273386, 6.247894212458750651, -1.340828696692732525 ) ) ;
#4644 = FACE_OUTER_BOUND ( 'NONE', #8469, .T. ) ;
#4645 = B_SPLINE_CURVE_WITH_KNOTS ( 'NONE', 3,
 ( #5454, #5495, #4842, #7480, #274, #1441, #229, #2134, #878, #6880, #6925, #2884, #7526, #1576, #6748, #924 ),
 .UNSPECIFIED., .F., .F.,
 ( 4, 2, 2, 2, 2, 2, 2, 4 ),
 ( 0.000000000000000000, 0.0004650975132656770669, 0.0009301950265313541338, 0.001860390053062709135, 0.002325487566328386310, 0.002790585079594063052, 0.003255682592859740227, 0.003720780106125417402 ),
 .UNSPECIFIED. ) ;
#4646 = CARTESIAN_POINT ( 'NONE',  ( 0.8936699106160258532, 3.086379875013579355, 1.446198998977923589 ) ) ;
#4647 = CARTESIAN_POINT ( 'NONE',  ( -1.647047675963235536, 9.876837852060798895, 0.4209918985670559888 ) ) ;
#4648 = CARTESIAN_POINT ( 'NONE',  ( -3.226782805549681221, 5.626078208432424788, -3.956290731841334285 ) ) ;
#4649 = CARTESIAN_POINT ( 'NONE',  ( 1.699999999999999956, -1.000000000000000000, 0.000000000000000000 ) ) ;
#4650 = FACE_OUTER_BOUND ( 'NONE', #5066, .T. ) ;
#4651 = CARTESIAN_POINT ( 'NONE',  ( -0.4534915902385200370, 0.8938901218525954206, 1.638662195784606812 ) ) ;
#4652 = FACE_OUTER_BOUND ( 'NONE', #7681, .T. ) ;
#4653 = EDGE_CURVE ( 'NONE', #2700, #2056, #7432, .T. ) ;
#4654 = DIRECTION ( 'NONE',  ( 0.000000000000000000, 1.000000000000000000, -0.000000000000000000 ) ) ;
#4655 = CARTESIAN_POINT ( 'NONE',  ( -1.039443056250000996, 6.818025202456706069, 1.800368184999674215 ) ) ;
#4656 = ORIENTED_EDGE ( 'NONE', *, *, #551, .T. ) ;
#4657 = CARTESIAN_POINT ( 'NONE',  ( 1.054578591881013550, -1.448873152039743244E-14, -1.731530371897578302 ) ) ;
#4658 = UNCERTAINTY_MEASURE_WITH_UNIT (LENGTH_MEASURE( 1.000000000000000082E-05 ), #1614, 'distance_accuracy_value', 'NONE');
#4659 = CARTESIAN_POINT ( 'NONE',  ( -0.3782387528607030203, 9.999042438529164301, 1.657388139765208823 ) ) ;
#4660 = CARTESIAN_POINT ( 'NONE',  ( 0.9914336409063033706, 7.293587492311130127, 1.381386174195976313 ) ) ;
#4661 = CARTESIAN_POINT ( 'NONE',  ( 0.9213542076312313256, 0.5116570424877475709, -1.428714312929471486 ) ) ;
#4662 = DIRECTION ( 'NONE',  ( -0.6936187941687648184, 0.000000000000000000, 0.7203422578024065714 ) ) ;
#4663 = ORIENTED_EDGE ( 'NONE', *, *, #4653, .T. ) ;
#4664 = ORIENTED_EDGE ( 'NONE', *, *, #8293, .F. ) ;
#4665 = CARTESIAN_POINT ( 'NONE',  ( -1.699999999999999289, 4.716666664754836091, -0.9814954576223643423 ) ) ;
#4666 = CARTESIAN_POINT ( 'NONE',  ( 0.000000000000000000, 1.045653836946637494, 0.000000000000000000 ) ) ;
#4667 = CARTESIAN_POINT ( 'NONE',  ( -0.4926088370614701284, 0.4394822494830575854, -1.627111308856543426 ) ) ;
#4668 = CARTESIAN_POINT ( 'NONE',  ( -1.039443056249995445, 7.385416665710743622, 1.800368184999665111 ) ) ;
#4669 = CARTESIAN_POINT ( 'NONE',  ( -1.313039281609471587, 2.072544445938386826, -1.079897463905662436 ) ) ;
#4670 = CYLINDRICAL_SURFACE ( 'NONE', #418, 9.299999999999998934 ) ;
#4671 = CARTESIAN_POINT ( 'NONE',  ( -2.721591361078370852, 3.046643593403176808, -7.149647802037665478 ) ) ;
#4672 = ORIENTED_EDGE ( 'NONE', *, *, #6187, .F. ) ;
#4673 = CARTESIAN_POINT ( 'NONE',  ( 1.350818618922645937E-15, 4.774999999999999467, -1.699999999999999734 ) ) ;
#4674 = CARTESIAN_POINT ( 'NONE',  ( -0.2784935577859573574, 6.505934852580769423, 1.680652778692260929 ) ) ;
#4675 = VERTEX_POINT ( 'NONE', #5802 ) ;
#4676 = ORIENTED_EDGE ( 'NONE', *, *, #725, .T. ) ;
#4677 = CARTESIAN_POINT ( 'NONE',  ( -1.682615818255440487, 3.565386367963925718, 0.2485056810851217213 ) ) ;
#4678 = CARTESIAN_POINT ( 'NONE',  ( 1.424904566921701088, 4.664656600087294436, -0.9294743011163352220 ) ) ;
#4679 = CARTESIAN_POINT ( 'NONE',  ( -1.699467834531855903, 2.852921526046519052, 0.04883927180440756494 ) ) ;
#4680 = CARTESIAN_POINT ( 'NONE',  ( -1.290770734400375153, 6.970205561778263004, -1.106316684822703733 ) ) ;
#4681 = CARTESIAN_POINT ( 'NONE',  ( -0.5826582541396591042, 0.5182043979706579817, -0.01084163183764071288 ) ) ;
#4682 = CARTESIAN_POINT ( 'NONE',  ( 1.039443056249998776, 0.5895833323774178902, 1.800368184999675325 ) ) ;
#4683 = CARTESIAN_POINT ( 'NONE',  ( -1.621175143231647020, 8.483134987288138973, 0.5120229993095980481 ) ) ;
#4684 = CARTESIAN_POINT ( 'NONE',  ( -1.221598433420711283, 4.863168298442769100, -1.184250046473037443 ) ) ;
#4685 = CARTESIAN_POINT ( 'NONE',  ( -1.402889909957243608, 4.182727243055032851, -0.9603859648369795776 ) ) ;
#4686 = CARTESIAN_POINT ( 'NONE',  ( -1.201624392185412171, 6.261161841917298077, -1.205615606058510147 ) ) ;
#4687 = CARTESIAN_POINT ( 'NONE',  ( 0.1980134519160029749, 4.061410818829754632, -1.688435418324186976 ) ) ;
#4688 = CARTESIAN_POINT ( 'NONE',  ( 1.610914594670920907, 3.235434051731798100, -0.5447067920331742918 ) ) ;
#4689 = CARTESIAN_POINT ( 'NONE',  ( -1.341826913972622215, 9.775570490528901146, -1.046306448733125505 ) ) ;
#4690 = CARTESIAN_POINT ( 'NONE',  ( -1.700000000000000400, 2.908333333333332771, 0.9814954576223632321 ) ) ;
#4691 = DIRECTION ( 'NONE',  ( -0.000000000000000000, 1.000000000000000000, -0.000000000000000000 ) ) ;
#4692 = FACE_OUTER_BOUND ( 'NONE', #761, .T. ) ;
#4693 = CARTESIAN_POINT ( 'NONE',  ( -0.4555128753844106537, 5.618739310561786660, 1.700000434022197471 ) ) ;
#4694 =( NAMED_UNIT ( * ) SI_UNIT ( $, .STERADIAN. ) SOLID_ANGLE_UNIT ( ) );
#4695 = CARTESIAN_POINT ( 'NONE',  ( 2.078886112499999772, 9.909691869123372854, -1.200245456666449329 ) ) ;
#4696 = EDGE_CURVE ( 'NONE', #6708, #1766, #677, .T. ) ;
#4697 = MECHANICAL_DESIGN_GEOMETRIC_PRESENTATION_REPRESENTATION (  '', ( #7187 ), #806 ) ;
#4698 = CARTESIAN_POINT ( 'NONE',  ( -2.078886112500000216, 8.697916665710733852, -1.200245456666450217 ) ) ;
#4699 = VECTOR ( 'NONE', #4229, 1000.000000000000000 ) ;
#4700 = EDGE_CURVE ( 'NONE', #8111, #2711, #2920, .T. ) ;
#4701 = VERTEX_POINT ( 'NONE', #7792 ) ;
#4702 = CARTESIAN_POINT ( 'NONE',  ( 0.6312853847145943886, 6.131664266446130718, -1.578442453456385675 ) ) ;
#4703 = EDGE_CURVE ( 'NONE', #2757, #690, #743, .T. ) ;
#4704 = CARTESIAN_POINT ( 'NONE',  ( -0.5116906777574145027, 4.389943794514737263, 1.625383662684604102 ) ) ;
#4705 = CARTESIAN_POINT ( 'NONE',  ( 1.039443056250000330, 2.835416665710750905, -1.800368184999674215 ) ) ;
#4706 = LINE ( 'NONE', #7340, #2746 ) ;
#4707 = CARTESIAN_POINT ( 'NONE',  ( 0.4332628667180567494, 0.5452663160524048314, -1.643869036673077488 ) ) ;
#4708 = CARTESIAN_POINT ( 'NONE',  ( -0.6776817524586816743, 0.5015938408941041926, 1.949577045346294168 ) ) ;
#4709 = VERTEX_POINT ( 'NONE', #7387 ) ;
#4710 = CARTESIAN_POINT ( 'NONE',  ( 0.8499999999999988676, 4.308333331421501988, 1.472243186433546347 ) ) ;
#4711 = LINE ( 'NONE', #1965, #7603 ) ;
#4712 = CARTESIAN_POINT ( 'NONE',  ( -0.5074547213788863642, 0.4403839972191720964, -1.622497880772197254 ) ) ;
#4713 = CARTESIAN_POINT ( 'NONE',  ( -1.039443056249995445, 8.785416665710746642, 1.800368184999665111 ) ) ;
#4714 = CARTESIAN_POINT ( 'NONE',  ( -1.697381273948309843, 2.139524818776197712, -0.1695144019845957473 ) ) ;
#4715 = AXIS2_PLACEMENT_3D ( 'NONE', #6929, #1917, #4001 ) ;
#4716 = CARTESIAN_POINT ( 'NONE',  ( -1.522827889605665508, 5.701055555359069160, 0.7567257801740500112 ) ) ;
#4717 = EDGE_CURVE ( 'NONE', #2894, #2671, #8076, .T. ) ;
#4718 = VERTEX_POINT ( 'NONE', #7872 ) ;
#4719 = CARTESIAN_POINT ( 'NONE',  ( -1.039443056250000996, 3.272916665710734030, 1.800368184999674215 ) ) ;
#4720 = CARTESIAN_POINT ( 'NONE',  ( 2.145233678060348037, 0.000000000000000000, 0.1683582312918384671 ) ) ;
#4721 = VERTEX_POINT ( 'NONE', #6099 ) ;
#4722 = ORIENTED_EDGE ( 'NONE', *, *, #1019, .F. ) ;
#4723 = CARTESIAN_POINT ( 'NONE',  ( -1.326764052228175172, 3.474015756627040208, -1.062997179008338122 ) ) ;
#4724 = CARTESIAN_POINT ( 'NONE',  ( 1.512611207945950831, 4.652560075747498303, -0.7761636156777839135 ) ) ;
#4725 = CARTESIAN_POINT ( 'NONE',  ( -0.9315171843239354876, 2.960855478799297114, 1.422372795152267333 ) ) ;
#4726 = CARTESIAN_POINT ( 'NONE',  ( -1.468677234676966314, 6.990597988229181325, -0.8635119615342669031 ) ) ;
#4727 = CARTESIAN_POINT ( 'NONE',  ( -0.8635174323327571289, 0.5022822833671720666, -1.382917553102363639 ) ) ;
#4728 = CARTESIAN_POINT ( 'NONE',  ( 1.039443056250000330, 9.835416665710750905, -1.800368184999674215 ) ) ;
#4729 = CARTESIAN_POINT ( 'NONE',  ( -0.6225286825384085398, 8.582288448399870262, 1.581931135252479192 ) ) ;
#4730 = CARTESIAN_POINT ( 'NONE',  ( -0.6994507509493211872, 5.076996803706725458, 1.549456083163731623 ) ) ;
#4731 = CARTESIAN_POINT ( 'NONE',  ( 1.149719048166308211, 1.706672106869731920, 1.252483554936784982 ) ) ;
#4732 = CARTESIAN_POINT ( 'NONE',  ( -1.697525586556950516, 6.343588023742920079, -0.1064424790572583573 ) ) ;
#4733 = ORIENTED_EDGE ( 'NONE', *, *, #1661, .F. ) ;
#4734 = CARTESIAN_POINT ( 'NONE',  ( -0.3782413650744686495, 9.999043239276860007, 1.657387543576087863 ) ) ;
#4735 = CIRCLE ( 'NONE', #5147, 7.650000000000000355 ) ;
#4736 = CARTESIAN_POINT ( 'NONE',  ( -0.7239464178188492749, 3.424424755038047774, -1.539033151149309386 ) ) ;
#4737 = CARTESIAN_POINT ( 'NONE',  ( -1.664207151907695303, 9.827943014157709101, -0.3499591216924513026 ) ) ;
#4738 = CARTESIAN_POINT ( 'NONE',  ( 1.699999999999999956, 4.658333333333332327, -0.9814954576223635652 ) ) ;
#4739 = CARTESIAN_POINT ( 'NONE',  ( -2.078886112500000216, 3.214583332377417335, 1.200245456666449106 ) ) ;
#4740 = CARTESIAN_POINT ( 'NONE',  ( 1.060660171779816974, 0.000000000000000000, 1.060660171779824301 ) ) ;
#4741 = CARTESIAN_POINT ( 'NONE',  ( 1.039443056250000330, 0.03541666571075120090, -1.800368184999674215 ) ) ;
#4742 = CARTESIAN_POINT ( 'NONE',  ( 9.342137235670203765E-07, 8.625013671162019335, 1.699999999999489253 ) ) ;
#4743 = CARTESIAN_POINT ( 'NONE',  ( -0.4816269743456013108, 1.308034231859111607, -1.630916564415704650 ) ) ;
#4744 = CARTESIAN_POINT ( 'NONE',  ( -2.078886112500000216, 8.056249999044066357, -2.545901223465009197E-16 ) ) ;
#4745 = ORIENTED_EDGE ( 'NONE', *, *, #3152, .F. ) ;
#4746 = DIRECTION ( 'NONE',  ( -0.000000000000000000, 1.000000000000000000, -0.000000000000000000 ) ) ;
#4747 = EDGE_CURVE ( 'NONE', #5271, #5768, #8436, .T. ) ;
#4748 = CARTESIAN_POINT ( 'NONE',  ( -0.9808629717209051968, 4.356924926110166574, 1.389686854400578264 ) ) ;
#4749 = CARTESIAN_POINT ( 'NONE',  ( -4.409630270093162085E-16, 6.043749999044084831, 2.400490913332899545 ) ) ;
#4750 = CARTESIAN_POINT ( 'NONE',  ( 1.444336218464352894, 7.462063129489347801, -0.8966460034099177356 ) ) ;
#4751 = CARTESIAN_POINT ( 'NONE',  ( 7.120239627063077670, 2.999999999999999556, -2.798815421262988767 ) ) ;
#4752 = CARTESIAN_POINT ( 'NONE',  ( -0.7680812144389108642, 10.28814543719287578, 1.957039017417099735 ) ) ;
#4753 = AXIS2_PLACEMENT_3D ( 'NONE', #318, #3661, #4230 ) ;
#4754 = ORIENTED_EDGE ( 'NONE', *, *, #2788, .T. ) ;
#4755 = CARTESIAN_POINT ( 'NONE',  ( -0.8499999999999996447, 3.958333331421502788, -1.472243186433545681 ) ) ;
#4756 = LINE ( 'NONE', #2838, #1914 ) ;
#4757 = DIRECTION ( 'NONE',  ( -0.000000000000000000, 1.000000000000000000, -0.000000000000000000 ) ) ;
#4758 = CARTESIAN_POINT ( 'NONE',  ( -2.078886112499989114, 9.368749999044077015, -2.545901223464995885E-16 ) ) ;
#4759 = CARTESIAN_POINT ( 'NONE',  ( -0.3171482645628678210, 2.303237178696208254, 1.670230270341148460 ) ) ;
#4760 = CARTESIAN_POINT ( 'NONE',  ( -1.661514437705952085, 5.627298767796126810, -0.3597436086133000144 ) ) ;
#4761 = EDGE_LOOP ( 'NONE', ( #75, #7401, #2037, #7565 ) ) ;
#4762 = CARTESIAN_POINT ( 'NONE',  ( 1.124573437967102185, 0.000000000000000000, 1.631376018977034770 ) ) ;
#4763 = CARTESIAN_POINT ( 'NONE',  ( 2.140577773914612791, 8.673617379884035472E-16, 0.1960743122818968120 ) ) ;
#4764 = CARTESIAN_POINT ( 'NONE',  ( 2.571963978632909598, 3.200000000000000178, 7.204686064820227109 ) ) ;
#4765 = ORIENTED_EDGE ( 'NONE', *, *, #357, .F. ) ;
#4766 = EDGE_LOOP ( 'NONE', ( #3830, #1653 ) ) ;
#4767 = CARTESIAN_POINT ( 'NONE',  ( -1.611965249843845038, 3.514836326980121939, -0.5401568826716935945 ) ) ;
#4768 = CARTESIAN_POINT ( 'NONE',  ( 0.2386629005375025814, 0.9413768351423985603, 1.683238936125950769 ) ) ;
#4769 = CARTESIAN_POINT ( 'NONE',  ( -3.372472195313707907E-06, 3.024950702416079995, 1.699999999993350830 ) ) ;
#4770 = CARTESIAN_POINT ( 'NONE',  ( 1.686938534635928466, 5.312914364042927495, -0.2111986029012381805 ) ) ;
#4771 = CARTESIAN_POINT ( 'NONE',  ( -1.121215418709931688, 7.146007474336001586, 1.283021399255370731 ) ) ;
#4772 = CARTESIAN_POINT ( 'NONE',  ( -1.811196566248018280, 0.5018786906090220157, -0.1205192861345342759 ) ) ;
#4773 = CARTESIAN_POINT ( 'NONE',  ( -2.078886112500000216, 9.427083332377419467, 1.200245456666449106 ) ) ;
#4774 = CARTESIAN_POINT ( 'NONE',  ( 0.9840008711660271912, 6.807018904539603454, -1.387298480375403376 ) ) ;
#4775 = CARTESIAN_POINT ( 'NONE',  ( -1.698544073674481902, 4.955453582031052129, 0.08826410945247460671 ) ) ;
#4776 = CARTESIAN_POINT ( 'NONE',  ( 0.7061463005270339766, 1.673461183790535101, 1.547338044482637232 ) ) ;
#4777 = CARTESIAN_POINT ( 'NONE',  ( -1.315089586399978305, 6.427677654623880521, 1.085722784444334899 ) ) ;
#4778 = ORIENTED_EDGE ( 'NONE', *, *, #5497, .F. ) ;
#4779 = CARTESIAN_POINT ( 'NONE',  ( 0.3263535509489557951, 4.052613732850126382, -1.668662062274563596 ) ) ;
#4780 = CARTESIAN_POINT ( 'NONE',  ( 0.8543573968688884523, 3.316334073890889300, -1.469885247291602637 ) ) ;
#4781 = CARTESIAN_POINT ( 'NONE',  ( -1.695681051545633977, 9.842065599099337092, -0.1310084674873762123 ) ) ;
#4782 = CARTESIAN_POINT ( 'NONE',  ( -3.605955811664682968E-16, 3.725000000000000089, 1.962990915244727130 ) ) ;
#4783 = CARTESIAN_POINT ( 'NONE',  ( -2.078886112500000216, 1.056249999044084342, -2.545901223465009197E-16 ) ) ;
#4784 = CARTESIAN_POINT ( 'NONE',  ( 1.039443056249998776, -0.1979166676225822263, 1.800368184999675325 ) ) ;
#4785 = CARTESIAN_POINT ( 'NONE',  ( 1.068178781920490650, 8.900287928815782124, -1.322521869178751475 ) ) ;
#4786 = CARTESIAN_POINT ( 'NONE',  ( -0.4625956793418781188, 10.35039776016182600, 2.026764097323511926 ) ) ;
#4787 = EDGE_CURVE ( 'NONE', #2169, #4874, #5155, .T. ) ;
#4788 = ORIENTED_EDGE ( 'NONE', *, *, #5662, .F. ) ;
#4789 =( BOUNDED_CURVE ( )  B_SPLINE_CURVE ( 2, ( #5623, #1217, #3833, #5353, #4574, #1299, #4615, #5267, #4530 ),
 .UNSPECIFIED., .F., .F. ) 
 B_SPLINE_CURVE_WITH_KNOTS ( ( 3, 2, 2, 2, 3 ),
 ( 0.9067792026553387341, 0.9120820047584441426, 0.9226876094649376636, 0.9332932141714310736, 0.9385960223679618020 ),
 .UNSPECIFIED. ) 
 CURVE ( )  GEOMETRIC_REPRESENTATION_ITEM ( )  RATIONAL_B_SPLINE_CURVE ( ( 0.9330127018922194093, 0.9330127050521137555, 1.000000000000000000, 0.8660254037844387076, 1.000000000000000000, 0.8660254037844387076, 1.000000000000000000, 0.9330126280773241021, 0.9330127018923006776 ) ) 
 REPRESENTATION_ITEM ( '' )  );
#4790 = CARTESIAN_POINT ( 'NONE',  ( -0.4648144941272736586, -6.699027529392757402E-14, -1.814088852545995501 ) ) ;
#4791 = CARTESIAN_POINT ( 'NONE',  ( -0.7312227909328529174, 4.374818368353362352, 1.534718376195884249 ) ) ;
#4792 = CARTESIAN_POINT ( 'NONE',  ( -2.078886112499999772, 3.710416665710750017, -1.200245456666450439 ) ) ;
#4793 = CARTESIAN_POINT ( 'NONE',  ( 0.2146452332655892914, 7.560270768614503645, -1.686585057508587893 ) ) ;
#4794 = CARTESIAN_POINT ( 'NONE',  ( 7.153438812664353996, 3.008506057664686928, -2.712730372333560069 ) ) ;
#4795 = CARTESIAN_POINT ( 'NONE',  ( 2.078886112499999328, -0.006974797543293163524, 1.200245456666450661 ) ) ;
#4796 = AXIS2_PLACEMENT_3D ( 'NONE', #7714, #3812, #5122 ) ;
#4797 = CARTESIAN_POINT ( 'NONE',  ( -7.129095907804631048E-06, 9.675000489251598168, -1.699999999985051469 ) ) ;
#4798 = FACE_OUTER_BOUND ( 'NONE', #4914, .T. ) ;
#4799 = CARTESIAN_POINT ( 'NONE',  ( 2.986171345291897872, 4.909999999999999254, 5.107491688851538925 ) ) ;
#4800 = CARTESIAN_POINT ( 'NONE',  ( 0.2887181455615847603, 0.3903000297541888708, -1.678394296573644029 ) ) ;
#4801 = CARTESIAN_POINT ( 'NONE',  ( -1.466211696125653940, 5.709377866396891044, 0.8641631866191765710 ) ) ;
#4802 = ORIENTED_EDGE ( 'NONE', *, *, #635, .T. ) ;
#4803 = CARTESIAN_POINT ( 'NONE',  ( 1.039443056249998776, 2.689583332377400549, 1.800368184999675547 ) ) ;
#4804 = CARTESIAN_POINT ( 'NONE',  ( 2.079380897686854190, 8.673617379884035472E-16, -0.8380890592613101653 ) ) ;
#4805 = CARTESIAN_POINT ( 'NONE',  ( -0.8499999999999996447, 8.858333331421500034, -1.472243186433545681 ) ) ;
#4806 = VERTEX_POINT ( 'NONE', #1927 ) ;
#4807 = CARTESIAN_POINT ( 'NONE',  ( -1.650604468671749814, 3.576157309509962356, 0.4112207573562597918 ) ) ;
#4808 = EDGE_CURVE ( 'NONE', #2894, #1182, #142, .T. ) ;
#4809 = CARTESIAN_POINT ( 'NONE',  ( 1.513140483491879573, 1.047474851679485175, 0.7762628376090855431 ) ) ;
#4810 = EDGE_CURVE ( 'NONE', #6066, #4017, #6248, .T. ) ;
#4811 = DIRECTION ( 'NONE',  ( 0.000000000000000000, 0.000000000000000000, -1.000000000000000000 ) ) ;
#4812 = CARTESIAN_POINT ( 'NONE',  ( 0.9383790690161537551, 5.189809007252063289, 1.417812971886892148 ) ) ;
#4813 = CARTESIAN_POINT ( 'NONE',  ( -1.283280015739209245, 7.130638476648037738, 1.116668251247002974 ) ) ;
#4814 = CARTESIAN_POINT ( 'NONE',  ( 0.3867890045553301070, 0.5034312158382987512, -1.417455048364119508 ) ) ;
#4815 = CARTESIAN_POINT ( 'NONE',  ( -2.078886112500000216, 10.06874999904408519, -2.545901223465009197E-16 ) ) ;
#4816 = CARTESIAN_POINT ( 'NONE',  ( 0.6026754107070315669, 6.566360043341593844, 1.589847039065902967 ) ) ;
#4817 = CARTESIAN_POINT ( 'NONE',  ( -1.539061445863331379, 4.998495777044307253, 0.7230531842657839103 ) ) ;
#4818 = VERTEX_POINT ( 'NONE', #6050 ) ;
#4819 = CARTESIAN_POINT ( 'NONE',  ( -1.091969047510670476, 0.2631101675814635499, -1.773275651495048510 ) ) ;
#4820 = CARTESIAN_POINT ( 'NONE',  ( 1.650046154081147964, 3.226309410334832872, -0.4135157786366808197 ) ) ;
#4821 = CARTESIAN_POINT ( 'NONE',  ( 0.000000000000000000, 10.19999999999999929, -1.699999999999999956 ) ) ;
#4822 = CARTESIAN_POINT ( 'NONE',  ( 1.201985270554894323E-16, 1.974999999999999645, -1.962990915244727130 ) ) ;
#4823 = CARTESIAN_POINT ( 'NONE',  ( 1.039443056249998776, 1.289583332377418179, 1.800368184999675325 ) ) ;
#4824 = CARTESIAN_POINT ( 'NONE',  ( -7.171856393899841642, 2.999999999999999556, -2.663767322733573639 ) ) ;
#4825 = DIRECTION ( 'NONE',  ( 1.000000000000000000, -0.000000000000000000, 0.000000000000000000 ) ) ;
#4826 = CARTESIAN_POINT ( 'NONE',  ( 1.650569826085677594, 8.773214306837571641, 0.4202873512085206209 ) ) ;
#4827 = CARTESIAN_POINT ( 'NONE',  ( 1.699999999999999289, 4.366666664754835558, 0.9814954576223646754 ) ) ;
#4828 = ORIENTED_EDGE ( 'NONE', *, *, #2801, .F. ) ;
#4829 = EDGE_LOOP ( 'NONE', ( #1221, #7351, #5406, #297, #3365, #7984 ) ) ;
#4830 = CARTESIAN_POINT ( 'NONE',  ( 0.3889782145104050959, 3.751703208663455857, 1.654905801075905902 ) ) ;
#4831 = AXIS2_PLACEMENT_3D ( 'NONE', #5169, #4558, #2680 ) ;
#4832 = CARTESIAN_POINT ( 'NONE',  ( -1.512330683166827949, 4.302650676340492808, 0.7775665900368028405 ) ) ;
#4833 = CARTESIAN_POINT ( 'NONE',  ( 2.078886112500000216, 4.818749999044084298, 0.000000000000000000 ) ) ;
#4834 = CARTESIAN_POINT ( 'NONE',  ( 1.698461217701036530, 7.405644389783743620, -0.09037582197983788646 ) ) ;
#4836 = CARTESIAN_POINT ( 'NONE',  ( 0.9114045683970705136, 9.387643241891352019, 1.435092534604944348 ) ) ;
#4835 = LINE ( 'NONE', #6139, #8418 ) ;
#4837 = CARTESIAN_POINT ( 'NONE',  ( -1.039443056250000996, 1.218025202456706868, 1.800368184999674215 ) ) ;
#4838 = CIRCLE ( 'NONE', #5940, 7.650000000000000355 ) ;
#4839 = SHAPE_REPRESENTATION ( 'Base_Link_KitV2', ( #4927, #3726, #8560 ), #7824 ) ;
#4840 = AXIS2_PLACEMENT_3D ( 'NONE', #8327, #1861, #6392 ) ;
#4841 = CARTESIAN_POINT ( 'NONE',  ( 0.000000000000000000, 10.19999999999999929, 0.000000000000000000 ) ) ;
#4842 = CARTESIAN_POINT ( 'NONE',  ( -1.992180575147456612, 10.19999999999999929, 0.5036008641734313063 ) ) ;
#4843 = CARTESIAN_POINT ( 'NONE',  ( -2.078886112499989114, 10.06874999904407808, -2.545901223464995885E-16 ) ) ;
#4844 = CARTESIAN_POINT ( 'NONE',  ( -3.077803609300881198E-06, 2.324955005026811516, 1.699999999994461497 ) ) ;
#4845 = AXIS2_PLACEMENT_3D ( 'NONE', #986, #7023, #7629 ) ;
#4846 = CARTESIAN_POINT ( 'NONE',  ( -1.684729289812464614, 5.663990772384827288, 0.2278002789896773628 ) ) ;
#4847 = VERTEX_POINT ( 'NONE', #8478 ) ;
#4848 = CARTESIAN_POINT ( 'NONE',  ( -2.078886112500001104, 1.114583332377400593, 1.200245456666448884 ) ) ;
#4849 = CARTESIAN_POINT ( 'NONE',  ( -1.569336621627884343, 3.816391647148975608E-14, -0.03287080384915168352 ) ) ;
#4850 = CARTESIAN_POINT ( 'NONE',  ( 2.211985698155365491E-06, 8.799999846285231797, -1.699999999998560662 ) ) ;
#4851 = ORIENTED_EDGE ( 'NONE', *, *, #1524, .T. ) ;
#4852 = CARTESIAN_POINT ( 'NONE',  ( 2.078886112499999772, 7.764583332377417157, -1.200245456666449329 ) ) ;
#4853 = DIRECTION ( 'NONE',  ( 0.000000000000000000, 0.000000000000000000, 1.000000000000000000 ) ) ;
#4854 = DIRECTION ( 'NONE',  ( -0.000000000000000000, -1.000000000000000000, -0.000000000000000000 ) ) ;
#4855 = CARTESIAN_POINT ( 'NONE',  ( 0.8571365404831114976, 5.416439404629088017, -1.469118393291522162 ) ) ;
#4856 = CARTESIAN_POINT ( 'NONE',  ( -1.039443056249995445, 1.085416665710744910, 1.800368184999665111 ) ) ;
#4857 = CARTESIAN_POINT ( 'NONE',  ( -1.587809856288660004, 0.5025691769977311818, -0.7334790336165643021 ) ) ;
#4858 = CARTESIAN_POINT ( 'NONE',  ( -1.039443056249999664, 4.439583332377417868, -1.800368184999674437 ) ) ;
#4859 = CARTESIAN_POINT ( 'NONE',  ( 1.567413232559195402, 6.743869526111985202, -0.6610342423909918441 ) ) ;
#4860 = CARTESIAN_POINT ( 'NONE',  ( -1.180991677029059828, 5.040484424703249644, 1.222808569843501614 ) ) ;
#4861 = EDGE_CURVE ( 'NONE', #8058, #6177, #5194, .T. ) ;
#4862 = CARTESIAN_POINT ( 'NONE',  ( 0.1494953062595455462, 1.635258907727355604, 1.700000000000001732 ) ) ;
#4863 = ORIENTED_EDGE ( 'NONE', *, *, #4049, .T. ) ;
#4864 = CARTESIAN_POINT ( 'NONE',  ( 5.107491688851539813, 3.090000000000000746, 2.986171345291896095 ) ) ;
#4865 = CARTESIAN_POINT ( 'NONE',  ( 1.346754458705391677, 3.273742878008179868, -1.038978206074139932 ) ) ;
#4866 = DIRECTION ( 'NONE',  ( 0.000000000000000000, 0.000000000000000000, -1.000000000000000000 ) ) ;
#4867 = CARTESIAN_POINT ( 'NONE',  ( -0.8500000000000007550, 3.666666666666666075, 1.472243186433545237 ) ) ;
#4868 = CARTESIAN_POINT ( 'NONE',  ( -2.078886112499999772, 2.397916665710751349, -1.200245456666450439 ) ) ;
#4869 = LINE ( 'NONE', #7970, #107 ) ;
#4870 = CARTESIAN_POINT ( 'NONE',  ( -2.078886112499999772, 1.610416665710751039, -1.200245456666450439 ) ) ;
#4871 = VECTOR ( 'NONE', #8477, 1000.000000000000114 ) ;
#4872 = CARTESIAN_POINT ( 'NONE',  ( 1.660955040970942820, 8.822937380575636368, -0.3633802741633103683 ) ) ;
#4873 = CARTESIAN_POINT ( 'NONE',  ( -1.062689336628793058, 1.349268374655606006, -1.326926181099269186 ) ) ;
#4874 = VERTEX_POINT ( 'NONE', #6315 ) ;
#4875 = VERTEX_POINT ( 'NONE', #6274 ) ;
#4876 = CARTESIAN_POINT ( 'NONE',  ( 0.000000000000000000, 10.19999999999999929, 0.000000000000000000 ) ) ;
#4877 = CARTESIAN_POINT ( 'NONE',  ( -1.497723686078056504, 4.195197957860038684, -0.8050368894422419430 ) ) ;
#4878 = CARTESIAN_POINT ( 'NONE',  ( -1.039443056249999664, 2.952083332377417602, -1.800368184999674437 ) ) ;
#4879 = CARTESIAN_POINT ( 'NONE',  ( 0.7246231337677689899, 7.525614187837432745, -1.539110173939954418 ) ) ;
#4881 = DIRECTION ( 'NONE',  ( -0.000000000000000000, 1.000000000000000000, -0.000000000000000000 ) ) ;
#4880 = CYLINDRICAL_SURFACE ( 'NONE', #519, 0.1000000000000001305 ) ;
#4882 = CARTESIAN_POINT ( 'NONE',  ( 2.078886112500000216, 0.7513585357900400830, 0.000000000000000000 ) ) ;
#4883 = ORIENTED_EDGE ( 'NONE', *, *, #2899, .F. ) ;
#4884 = LINE ( 'NONE', #6143, #7191 ) ;
#4885 = FACE_OUTER_BOUND ( 'NONE', #5963, .T. ) ;
#4886 = CARTESIAN_POINT ( 'NONE',  ( -0.1419700321274564858, 2.315238062293421883, 1.695728201008150693 ) ) ;
#4887 = CARTESIAN_POINT ( 'NONE',  ( -0.7529152595915168389, 5.526737599974289594, -1.527996862657706512 ) ) ;
#4888 = CARTESIAN_POINT ( 'NONE',  ( 2.078886112500000216, 5.606249999044067067, 0.000000000000000000 ) ) ;
#4889 = CARTESIAN_POINT ( 'NONE',  ( 1.521786837241894563, 0.000000000000000000, 1.343972856300197583 ) ) ;
#4890 = CARTESIAN_POINT ( 'NONE',  ( -0.8500000000000007550, 2.791666664754835825, 1.472243186433545237 ) ) ;
#4891 = ORIENTED_EDGE ( 'NONE', *, *, #7034, .F. ) ;
#4892 = CARTESIAN_POINT ( 'NONE',  ( -0.8500000000000007550, -0.008333335245164382593, 1.472243186433545237 ) ) ;
#4893 = CARTESIAN_POINT ( 'NONE',  ( 4.870299948342268870, 8.000000000000000000, 2.262975846492969012 ) ) ;
#4894 = CARTESIAN_POINT ( 'NONE',  ( -2.192316302326503763, 7.763936109177590694, -4.555813038156334649 ) ) ;
#4895 = CARTESIAN_POINT ( 'NONE',  ( 0.6862808396242731090, 5.427937120937371240, -1.555334484167891329 ) ) ;
#4896 = CARTESIAN_POINT ( 'NONE',  ( -1.039443056249994113, 2.252083332377411207, -1.800368184999665333 ) ) ;
#4897 = CARTESIAN_POINT ( 'NONE',  ( 1.104311564576543558, 0.5044934457615681822, -0.7463459492304918008 ) ) ;
#4898 = CARTESIAN_POINT ( 'NONE',  ( 1.039443056250000330, 2.922916665710751261, -1.800368184999674215 ) ) ;
#4899 = CARTESIAN_POINT ( 'NONE',  ( 0.5687642466493260107, 6.564032847253742808, 1.602048434154541789 ) ) ;
#4900 = LINE ( 'NONE', #5640, #4144 ) ;
#4901 = CARTESIAN_POINT ( 'NONE',  ( -2.584982137832007985E-06, 3.724962241378532823, 1.699999999996096411 ) ) ;
#4902 = ORIENTED_EDGE ( 'NONE', *, *, #7175, .F. ) ;
#4903 = CARTESIAN_POINT ( 'NONE',  ( 2.080674833589684525, 0.05042778904016415042, -0.08836513615737966176 ) ) ;
#4904 = CARTESIAN_POINT ( 'NONE',  ( -0.7695264376815224017, 3.427604886589779465, -1.516660021141152725 ) ) ;
#4905 = CARTESIAN_POINT ( 'NONE',  ( -1.230274291858332036, 9.936083814612398868, 1.177768563526039980 ) ) ;
#4906 = CARTESIAN_POINT ( 'NONE',  ( -1.699999999999999956, 6.349999999999999645, -2.081899558550500280E-16 ) ) ;
#4907 = CARTESIAN_POINT ( 'NONE',  ( 1.039443056250000330, 2.922916665710751261, -1.800368184999674215 ) ) ;
#4908 = CARTESIAN_POINT ( 'NONE',  ( -0.4821598312487377913, 2.008088560731754235, -1.630198124345561661 ) ) ;
#4909 = CARTESIAN_POINT ( 'NONE',  ( -1.039443056250000996, 2.485416665710751261, 1.800368184999674215 ) ) ;
#4910 = CARTESIAN_POINT ( 'NONE',  ( 1.699963681688781314, 8.801213048157279673, -0.02060707821427363792 ) ) ;
#4911 = CARTESIAN_POINT ( 'NONE',  ( -1.682883285736158641, 1.464894101684987682, 0.2406358663351288729 ) ) ;
#4912 = EDGE_CURVE ( 'NONE', #104, #3159, #313, .T. ) ;
#4913 = ORIENTED_EDGE ( 'NONE', *, *, #8397, .T. ) ;
#4914 = EDGE_LOOP ( 'NONE', ( #3412, #4937, #8408, #480 ) ) ;
#4915 = CARTESIAN_POINT ( 'NONE',  ( 0.8655762413808127942, 9.615664725104172916, -1.463265164939215435 ) ) ;
#4916 = CARTESIAN_POINT ( 'NONE',  ( 0.8500000000000001998, 6.641666664754835026, -1.472243186433545459 ) ) ;
#4917 = EDGE_CURVE ( 'NONE', #709, #4806, #2834, .T. ) ;
#4918 = CARTESIAN_POINT ( 'NONE',  ( 0.3259667129619911452, 2.347358792028771290, 1.668499927957489914 ) ) ;
#4919 = CARTESIAN_POINT ( 'NONE',  ( 2.078886112500000216, 7.618749999044084120, 0.000000000000000000 ) ) ;
#4920 = CARTESIAN_POINT ( 'NONE',  ( -1.201491908314552770, 0.6614173724637505414, -1.202687074553706381 ) ) ;
#4921 = CIRCLE ( 'NONE', #6442, 0.1000000000000001443 ) ;
#4923 = CARTESIAN_POINT ( 'NONE',  ( 1.604454332182613463, 9.463272820108729277, 0.5620765352524053071 ) ) ;
#4922 = DIRECTION ( 'NONE',  ( 0.000000000000000000, 0.000000000000000000, 1.000000000000000000 ) ) ;
#4924 = CARTESIAN_POINT ( 'NONE',  ( -4.409630270093162085E-16, 4.076358535790040705, 2.400490913332899545 ) ) ;
#4925 = AXIS2_PLACEMENT_3D ( 'NONE', #7232, #8566, #1412 ) ;
#4926 = AXIS2_PLACEMENT_3D ( 'NONE', #8147, #5383, #6210 ) ;
#4927 = AXIS2_PLACEMENT_3D ( 'NONE', #7386, #353, #4966 ) ;
#4928 = EDGE_LOOP ( 'NONE', ( #7826, #6647, #1703, #2870, #581, #1839 ) ) ;
#4929 = CARTESIAN_POINT ( 'NONE',  ( 0.000000000000000000, 1.500000000000000444, 0.000000000000000000 ) ) ;
#4930 = CARTESIAN_POINT ( 'NONE',  ( -0.09391109613168262260, 0.4143493618737185691, -1.697749832335178288 ) ) ;
#4931 = CARTESIAN_POINT ( 'NONE',  ( 1.016456843292302834E-15, -0.7557262555325835462, -8.299999999999998934 ) ) ;
#4932 = CARTESIAN_POINT ( 'NONE',  ( 0.8026296273941183612, 0.3582722084674451746, -1.510417062208893935 ) ) ;
#4933 = CARTESIAN_POINT ( 'NONE',  ( -0.3847257023881647253, 5.798561962161182137, 1.656900546553976561 ) ) ;
#4934 = CARTESIAN_POINT ( 'NONE',  ( 1.469876756697720941E-16, 6.481249999044067955, -2.400490913332899545 ) ) ;
#4935 = CARTESIAN_POINT ( 'NONE',  ( 0.3045924922703639459, -8.673617379884035472E-16, 3.078947329884062167 ) ) ;
#4936 = CARTESIAN_POINT ( 'NONE',  ( 1.680599747258248122, 6.015834306130140696, -0.2565826771884857083 ) ) ;
#4937 = ORIENTED_EDGE ( 'NONE', *, *, #5758, .T. ) ;
#4938 = CARTESIAN_POINT ( 'NONE',  ( -1.039443056249999664, 7.939583332377416980, -1.800368184999674437 ) ) ;
#4939 = DIRECTION ( 'NONE',  ( 0.000000000000000000, 0.000000000000000000, 1.000000000000000000 ) ) ;
#4940 = CARTESIAN_POINT ( 'NONE',  ( 1.699999999999999956, 6.524999998088168773, 0.000000000000000000 ) ) ;
#4941 = CARTESIAN_POINT ( 'NONE',  ( 1.689291491661426337, 5.311671356859656967, -0.1906166288284821264 ) ) ;
#4942 = CARTESIAN_POINT ( 'NONE',  ( -0.7540855212016865927, 7.173263250858730622, 1.524349627071910351 ) ) ;
#4943 = CARTESIAN_POINT ( 'NONE',  ( -1.688811065983866211, 0.03803407062282575246, -0.1948555166883987610 ) ) ;
#4944 = CARTESIAN_POINT ( 'NONE',  ( -1.768592252195245518, 0.5021020606966780653, 0.6837593738840437307 ) ) ;
#4945 = CARTESIAN_POINT ( 'NONE',  ( 1.039443056249998776, 3.389583332377417602, 1.800368184999675325 ) ) ;
#4946 = CARTESIAN_POINT ( 'NONE',  ( 1.684878143455322386, 6.685851580265831373, 0.2293177330639026845 ) ) ;
#4947 = CARTESIAN_POINT ( 'NONE',  ( 4.046831517071730389, 4.910000000000000142, -4.046831517071705520 ) ) ;
#4948 = CARTESIAN_POINT ( 'NONE',  ( 1.172272709604356367, 1.891308793012394629, -1.231689232220438690 ) ) ;
#4949 = VERTEX_POINT ( 'NONE', #919 ) ;
#4950 = CARTESIAN_POINT ( 'NONE',  ( 1.540964882328667462, 0.1229687480303615771, -1.407360663120979627 ) ) ;
#4951 = CARTESIAN_POINT ( 'NONE',  ( -1.383409863040840682, 9.919584763300445474, 0.9880245393876166959 ) ) ;
#4952 = CARTESIAN_POINT ( 'NONE',  ( -0.8500000000000007550, 9.266666666666665719, 1.472243186433545237 ) ) ;
#4953 = CARTESIAN_POINT ( 'NONE',  ( 2.078886112500000216, 6.306249999044084120, 0.000000000000000000 ) ) ;
#4954 = DIRECTION ( 'NONE',  ( 0.000000000000000000, -1.000000000000000000, 0.000000000000000000 ) ) ;
#4955 = CARTESIAN_POINT ( 'NONE',  ( 1.469876756697720448E-16, 2.193749999044084298, -2.400490913332899545 ) ) ;
#4956 = CARTESIAN_POINT ( 'NONE',  ( 0.6281108718025192328, 8.931758200468985720, -1.581033107568077911 ) ) ;
#4957 = CARTESIAN_POINT ( 'NONE',  ( -0.5466567726350527456, 1.587382883064876182, 1.613640280345519873 ) ) ;
#4958 = B_SPLINE_CURVE_WITH_KNOTS ( 'NONE', 3,
 ( #7876, #3888, #6541, #2584, #5975, #5887 ),
 .UNSPECIFIED., .F., .F.,
 ( 4, 2, 4 ),
 ( -6.928927488288963206E-06, 0.0003913249075196660468, 0.0007895787425276210763 ),
 .UNSPECIFIED. ) ;
#4959 = EDGE_CURVE ( 'NONE', #1181, #6219, #8506, .T. ) ;
#4960 = ORIENTED_EDGE ( 'NONE', *, *, #7451, .T. ) ;
#4961 = CARTESIAN_POINT ( 'NONE',  ( 1.493232728697650336, 9.555464744400262944, -0.8137456588431101201 ) ) ;
#4962 = CARTESIAN_POINT ( 'NONE',  ( -1.699999999999999289, 7.516666664754835026, -0.9814954576223643423 ) ) ;
#4963 = CARTESIAN_POINT ( 'NONE',  ( 0.8207537143343803798, 2.381298865633315387, 1.488822792507963344 ) ) ;
#4964 = CARTESIAN_POINT ( 'NONE',  ( 2.078886112499999772, 9.077083332377419822, -1.200245456666449329 ) ) ;
#4965 = CARTESIAN_POINT ( 'NONE',  ( -0.6077955716533002262, 0.6166742286156643438, -1.589856014925600691 ) ) ;
#4967 = CARTESIAN_POINT ( 'NONE',  ( 1.679395604100754502, 9.483603512056317797, 0.2643587186285379920 ) ) ;
#4966 = DIRECTION ( 'NONE',  ( 1.000000000000000000, 0.000000000000000000, 0.000000000000000000 ) ) ;
#4968 = CARTESIAN_POINT ( 'NONE',  ( 2.078886112500000216, 4.951358535790039817, 0.000000000000000000 ) ) ;
#4969 = EDGE_LOOP ( 'NONE', ( #7396, #8200, #7268, #3723 ) ) ;
#4970 = DIRECTION ( 'NONE',  ( -0.000000000000000000, 1.000000000000000000, -0.000000000000000000 ) ) ;
#4971 = DIRECTION ( 'NONE',  ( 0.000000000000000000, 0.000000000000000000, 1.000000000000000000 ) ) ;
#4972 = CARTESIAN_POINT ( 'NONE',  ( 7.085102807365161404, 3.000000000000000000, -2.885102807365161670 ) ) ;
#4973 = AXIS2_PLACEMENT_3D ( 'NONE', #2220, #91, #4181 ) ;
#4974 = CARTESIAN_POINT ( 'NONE',  ( 1.533352967656203436, 0.3506499397321125033, 0.7341364271790898899 ) ) ;
#4975 = CARTESIAN_POINT ( 'NONE',  ( 0.000000000000000000, 8.000000000000000000, 0.000000000000000000 ) ) ;
#4976 = CARTESIAN_POINT ( 'NONE',  ( 1.039443056249998776, 5.489583332377399927, 1.800368184999675547 ) ) ;
#4977 = AXIS2_PLACEMENT_3D ( 'NONE', #4052, #96, #187 ) ;
#4978 = CARTESIAN_POINT ( 'NONE',  ( -2.754307745041542521, 8.673617379884035472E-16, -0.1633702093029256175 ) ) ;
#4979 = CARTESIAN_POINT ( 'NONE',  ( 1.626673496326735968, 5.967961716563099372, 0.4959710476234915344 ) ) ;
#4980 = EDGE_LOOP ( 'NONE', ( #1627, #3878, #7088, #5931 ) ) ;
#4981 = AXIS2_PLACEMENT_3D ( 'NONE', #791, #2095, #6102 ) ;
#4982 = CARTESIAN_POINT ( 'NONE',  ( 1.039443056249998776, 8.289583332377416625, 1.800368184999675325 ) ) ;
#4983 = CARTESIAN_POINT ( 'NONE',  ( 0.7841938125041355567, 1.221397339094261847, -1.508641263506367958 ) ) ;
#4984 = PLANE ( 'NONE',  #7352 ) ;
#4985 = CARTESIAN_POINT ( 'NONE',  ( -1.298983326009484740, 9.071061006492081802, -1.096673054474328168 ) ) ;
#4986 = CARTESIAN_POINT ( 'NONE',  ( -4.409630270093139405E-16, 1.143749999044078480, 2.400490913332886667 ) ) ;
#4987 = AXIS2_PLACEMENT_3D ( 'NONE', #2523, #5177, #1870 ) ;
#4988 = CARTESIAN_POINT ( 'NONE',  ( -1.687522828186688750, 0.06270519125977132291, 0.2077111252997259350 ) ) ;
#4989 = CARTESIAN_POINT ( 'NONE',  ( -1.254795292433906528, 0.5016737339426036169, 1.558812434572717898 ) ) ;
#4990 = CARTESIAN_POINT ( 'NONE',  ( 1.469876756697720448E-16, 3.681249999044084120, -2.400490913332899545 ) ) ;
#4991 = ADVANCED_FACE ( 'NONE', ( #177 ), #6309, .F. ) ;
#4992 = CARTESIAN_POINT ( 'NONE',  ( 0.7588390539047417116, 6.822927013976737953, -1.522147732970364098 ) ) ;
#4993 = CARTESIAN_POINT ( 'NONE',  ( -1.699999999999999956, 8.274999998088167885, -2.081899558550500280E-16 ) ) ;
#4994 = CARTESIAN_POINT ( 'NONE',  ( 0.2517288702266045619, 1.957729052838893535, -1.681335300822988765 ) ) ;
#4995 = EDGE_LOOP ( 'NONE', ( #4073, #2205, #46, #5747 ) ) ;
#4996 = CARTESIAN_POINT ( 'NONE',  ( 1.405857910155021928, 0.1325372438882161663, -1.543566471261953676 ) ) ;
#4997 = CARTESIAN_POINT ( 'NONE',  ( -1.403521139271511009, 9.917192750630020370, 0.9593436428232778868 ) ) ;
#4998 = CARTESIAN_POINT ( 'NONE',  ( -3.605955811664682968E-16, 7.925000000000001599, 1.962990915244727130 ) ) ;
#4999 = CARTESIAN_POINT ( 'NONE',  ( 2.078886112500000216, 7.006249999044084298, 0.000000000000000000 ) ) ;
#5000 = CARTESIAN_POINT ( 'NONE',  ( -0.6860683197233280461, 2.021822867869759399, -1.556782612169627766 ) ) ;
#5001 = CARTESIAN_POINT ( 'NONE',  ( 1.469876756697720448E-16, 3.593749999044083765, -2.400490913332899545 ) ) ;
#5002 = CARTESIAN_POINT ( 'NONE',  ( -1.694890677938812429, 8.458199439179045598, 0.1329170341434895708 ) ) ;
#5003 = CARTESIAN_POINT ( 'NONE',  ( -1.683605453214543468, 1.464589751812352070, 0.2355507497333798328 ) ) ;
#5004 = CONICAL_SURFACE ( 'NONE', #6795, 7.650000000000000355, 0.2405342479458994764 ) ;
#5005 = EDGE_LOOP ( 'NONE', ( #7743, #3211, #4192, #1302 ) ) ;
#5006 = CARTESIAN_POINT ( 'NONE',  ( 0.2269957269106836761, 3.740402483100562669, 1.688595585650174424 ) ) ;
#5007 = CARTESIAN_POINT ( 'NONE',  ( 1.699999999999999956, 10.02499999808816966, 0.000000000000000000 ) ) ;
#5008 = CARTESIAN_POINT ( 'NONE',  ( 0.9127561186293519091, 2.387738609185048766, 1.434390193120253620 ) ) ;
#5009 = CARTESIAN_POINT ( 'NONE',  ( 1.469876756697720448E-16, 7.793749999044083943, -2.400490913332899545 ) ) ;
#5010 = B_SPLINE_CURVE_WITH_KNOTS ( 'NONE', 3,
 ( #167, #2861, #298, #8146, #2954, #4903, #5474, #2911, #6300, #901, #2292, #4950, #4996, #3553, #7587, #1466, #858, #6209, #4250, #8101, #2157, #4819, #7460, #1509, #6901, #337, #6166, #5561, #7546, #1596, #5644, #1642, #944, #3598, #4296, #2995, #4163, #6814 ),
 .UNSPECIFIED., .F., .F.,
 ( 4, 2, 2, 2, 2, 2, 2, 2, 2, 2, 2, 2, 2, 2, 2, 2, 2, 2, 4 ),
 ( 0.000000000000000000, 0.1250000000000000833, 0.1875000000000000833, 0.2500000000000001110, 0.3125000000000001665, 0.3750000000000001110, 0.4375000000000001665, 0.5000000000000002220, 0.5625000000000002220, 0.6250000000000003331, 0.6562500000000003331, 0.6875000000000003331, 0.7500000000000002220, 0.8125000000000002220, 0.8437500000000001110, 0.8750000000000000000, 0.9375000000000000000, 0.9687500000000000000, 1.000000000000000000 ),
 .UNSPECIFIED. ) ;
#5011 = CARTESIAN_POINT ( 'NONE',  ( -0.1508902001955040040, 0.5853558499118999281, -1.699999999724177258 ) ) ;
#5013 = CARTESIAN_POINT ( 'NONE',  ( 0.7501811629002026471, 9.376273865993264067, 1.526461457043982284 ) ) ;
#5012 = DIRECTION ( 'NONE',  ( 1.000000000000000000, 0.000000000000000000, 0.000000000000000000 ) ) ;
#5014 = CARTESIAN_POINT ( 'NONE',  ( 2.078886112500000216, 4.251358535790039639, 0.000000000000000000 ) ) ;
#5015 = ADVANCED_FACE ( 'NONE', ( #3650 ), #7558, .F. ) ;
#5016 = VERTEX_POINT ( 'NONE', #3004 ) ;
#5017 = CARTESIAN_POINT ( 'NONE',  ( -8.362463940696826062E-11, 1.624999998770182641, 1.699999999999999956 ) ) ;
#5018 = CARTESIAN_POINT ( 'NONE',  ( -2.986171345291949830, 3.090000000000001190, 5.107491688851508727 ) ) ;
#5019 = CARTESIAN_POINT ( 'NONE',  ( -1.359783013097971560, 0.5027080678141099268, -1.020289251775277295 ) ) ;
#5020 = CARTESIAN_POINT ( 'NONE',  ( 1.031667709636838737, 0.2966182535462358327, 1.352445362621220504 ) ) ;
#5021 = CARTESIAN_POINT ( 'NONE',  ( -0.6440960552838692621, 5.780748263401100040, 1.573279332576834388 ) ) ;
#5022 = CARTESIAN_POINT ( 'NONE',  ( 1.039443056249998776, 4.089583332377399572, 1.800368184999675547 ) ) ;
#5023 = EDGE_CURVE ( 'NONE', #5016, #1766, #8284, .T. ) ;
#5024 = CARTESIAN_POINT ( 'NONE',  ( 0.5399775120302976461, 0.000000000000000000, -2.364857079041688959 ) ) ;
#5025 = ORIENTED_EDGE ( 'NONE', *, *, #2363, .F. ) ;
#5026 = CARTESIAN_POINT ( 'NONE',  ( -1.039443056250000996, 7.472916665710750195, 1.800368184999674215 ) ) ;
#5027 = CARTESIAN_POINT ( 'NONE',  ( 1.664323103881945709, 1.077284996375868609, 0.3610806337267094546 ) ) ;
#5028 = CARTESIAN_POINT ( 'NONE',  ( -1.039443056249999664, -0.5479166676225821764, -1.800368184999674437 ) ) ;
#5029 = CARTESIAN_POINT ( 'NONE',  ( -1.202953205649196056, 9.061494240536866585, -1.201729189133260656 ) ) ;
#5030 = EDGE_CURVE ( 'NONE', #6338, #4718, #744, .T. ) ;
#5031 = CARTESIAN_POINT ( 'NONE',  ( 1.469876756697713053E-16, 1.493749999044078347, -2.400490913332886667 ) ) ;
#5032 = CARTESIAN_POINT ( 'NONE',  ( -1.666392537208446045, 0.5020895680302550623, 0.9843789622271208462 ) ) ;
#5033 = CARTESIAN_POINT ( 'NONE',  ( -1.802874995782029810, 0.5019348458641722521, -0.1649393943688294839 ) ) ;
#5034 = CARTESIAN_POINT ( 'NONE',  ( 1.039443056250000330, 4.322916665710750728, -1.800368184999674215 ) ) ;
#5035 = CARTESIAN_POINT ( 'NONE',  ( -1.654145566317841265, 7.721811137835912220, -0.4474922023970870355 ) ) ;
#5036 = CARTESIAN_POINT ( 'NONE',  ( -4.500000000000000000, 1.500000000000000444, 2.179449471770337432 ) ) ;
#5037 = CARTESIAN_POINT ( 'NONE',  ( 1.571885631476766187, 1.842946252077321878, -0.6486747778369835737 ) ) ;
#5038 = ORIENTED_EDGE ( 'NONE', *, *, #1829, .F. ) ;
#5039 = CARTESIAN_POINT ( 'NONE',  ( -4.027325123107992511, 4.978965517241379146, 4.027325123107910798 ) ) ;
#5040 = CARTESIAN_POINT ( 'NONE',  ( -0.2762598113444480474, 2.693919846022929221, -1.680541863178093509 ) ) ;
#5041 = FACE_BOUND ( 'NONE', #7619, .T. ) ;
#5042 = CARTESIAN_POINT ( 'NONE',  ( -1.700000000000000400, 6.408333333333334991, 0.9814954576223632321 ) ) ;
#5043 = CARTESIAN_POINT ( 'NONE',  ( 1.469876756697720448E-16, 7.181249999044084120, -2.400490913332899545 ) ) ;
#5044 = CARTESIAN_POINT ( 'NONE',  ( 8.859472740450727673E-06, 1.099999390085254491, -1.699999999976914422 ) ) ;
#5045 = CARTESIAN_POINT ( 'NONE',  ( 1.039443056249998776, 3.302083332377417246, 1.800368184999675325 ) ) ;
#5046 = CARTESIAN_POINT ( 'NONE',  ( -1.035925169281808778, 8.347447989694090964, -1.349057888415661877 ) ) ;
#5047 = CARTESIAN_POINT ( 'NONE',  ( -1.423009791115198652, 1.514897514005580037, 0.9324465839656939092 ) ) ;
#5048 = CARTESIAN_POINT ( 'NONE',  ( 4.934344465946484348, 3.000000000000000000, 4.751288740056039295 ) ) ;
#5049 = CARTESIAN_POINT ( 'NONE',  ( 1.561361734978701898, 3.944767734042482932, -0.6732162906470825492 ) ) ;
#5050 = CARTESIAN_POINT ( 'NONE',  ( -0.3782542203733020303, 10.52404137512137261, 1.657384609790311769 ) ) ;
#5051 = DIRECTION ( 'NONE',  ( -0.000000000000000000, 1.000000000000000000, -0.000000000000000000 ) ) ;
#5052 = CARTESIAN_POINT ( 'NONE',  ( -4.409630270093162085E-16, 9.543749999044084831, 2.400490913332899545 ) ) ;
#5053 = CARTESIAN_POINT ( 'NONE',  ( -1.634320854066607875, 0.7800728061785079381, 0.4679863960024206460 ) ) ;
#5055 = CARTESIAN_POINT ( 'NONE',  ( 0.4317093132712601644, 8.245381057699759708, -1.644520127567949075 ) ) ;
#5054 = DIRECTION ( 'NONE',  ( 1.000000000000000000, 0.000000000000000000, 0.000000000000000000 ) ) ;
#5056 = CARTESIAN_POINT ( 'NONE',  ( -2.078886112500000216, 2.559691869123373653, 1.200245456666449106 ) ) ;
#5057 = EDGE_LOOP ( 'NONE', ( #7533, #2566, #5160, #7657 ) ) ;
#5058 = CARTESIAN_POINT ( 'NONE',  ( -6.892064611473609260E-06, 8.449899451264085926, 1.699999999972512166 ) ) ;
#5059 = CARTESIAN_POINT ( 'NONE',  ( -1.962286857920089021E-06, 5.300000132754909998, -1.699999999998867306 ) ) ;
#5060 = CARTESIAN_POINT ( 'NONE',  ( 0.2928312375543720147, 0.2450818607688246831, 1.675834103780311279 ) ) ;
#5061 = AXIS2_PLACEMENT_3D ( 'NONE', #8133, #2106, #4853 ) ;
#5062 = CARTESIAN_POINT ( 'NONE',  ( -0.8668462638838595469, 5.765933959377332663, 1.466379568676425826 ) ) ;
#5063 = CARTESIAN_POINT ( 'NONE',  ( 2.078886112499999772, 6.247916665710732786, 1.200245456666450883 ) ) ;
#5064 = CARTESIAN_POINT ( 'NONE',  ( 0.1001389621331690155, -8.673617379884035472E-16, -2.460411473784378078 ) ) ;
#5065 = B_SPLINE_CURVE_WITH_KNOTS ( 'NONE', 3,
 ( #6064, #105, #7444, #4235, #2760, #6241, #3538, #5417, #8044, #4764 ),
 .UNSPECIFIED., .F., .F.,
 ( 4, 2, 2, 2, 4 ),
 ( 4.336808689942017736E-19, 0.0002774483335560873907, 0.0004161725003341309776, 0.0004855345837231528523, 0.0005548966671121746729 ),
 .UNSPECIFIED. ) ;
#5066 = EDGE_LOOP ( 'NONE', ( #7991, #3608, #6570, #7670 ) ) ;
#5067 = CARTESIAN_POINT ( 'NONE',  ( -1.699999999999999289, 3.316666664754835292, -0.9814954576223643423 ) ) ;
#5068 = CARTESIAN_POINT ( 'NONE',  ( 5.087985294887781507, 3.021034482758619522, -2.966664951328112476 ) ) ;
#5069 = CARTESIAN_POINT ( 'NONE',  ( 1.039443056250000330, -0.6645833342892488727, -1.800368184999674215 ) ) ;
#5070 = CARTESIAN_POINT ( 'NONE',  ( 0.1235085669722137403, 5.466524052275712364, -1.695542393772365264 ) ) ;
#5071 = CARTESIAN_POINT ( 'NONE',  ( 2.078886112499988670, 5.460416665710745576, 1.200245456666444444 ) ) ;
#5072 = CARTESIAN_POINT ( 'NONE',  ( -1.106095550816663664, 0.5014736682297458170, 1.691531059198073672 ) ) ;
#5073 = CARTESIAN_POINT ( 'NONE',  ( -1.406751772091006325, 0.5018460531263451152, 1.394467021549401942 ) ) ;
#5074 = CARTESIAN_POINT ( 'NONE',  ( -2.078886112500000216, 5.256249999044083410, -2.545901223465009197E-16 ) ) ;
#5075 = CARTESIAN_POINT ( 'NONE',  ( -2.228676787222882718E-08, 6.875000001529484095, -1.699999999999999734 ) ) ;
#5076 = CARTESIAN_POINT ( 'NONE',  ( 1.449254116099385259, 8.038328995474888217, 0.8931330780755665222 ) ) ;
#5077 = CARTESIAN_POINT ( 'NONE',  ( 1.687232579020192746, 1.787180271201316950, 0.2082992601272463107 ) ) ;
#5078 = ADVANCED_FACE ( 'NONE', ( #4644 ), #2642, .T. ) ;
#5079 = EDGE_CURVE ( 'NONE', #8085, #4119, #1423, .T. ) ;
#5080 = EDGE_LOOP ( 'NONE', ( #7356, #1935, #7698, #7026 ) ) ;
#5081 = CARTESIAN_POINT ( 'NONE',  ( 1.555390367761184445, 4.554257976090307913, 0.6861468347417740699 ) ) ;
#5082 = CARTESIAN_POINT ( 'NONE',  ( 5.815630021768600940E-08, 7.050000852614773272, 1.699999999999997957 ) ) ;
#5083 = DIRECTION ( 'NONE',  ( 0.000000000000000000, 0.000000000000000000, -1.000000000000000000 ) ) ;
#5084 = CARTESIAN_POINT ( 'NONE',  ( 0.8500000000000001998, 8.216666666666666785, -1.472243186433545459 ) ) ;
#5085 = CARTESIAN_POINT ( 'NONE',  ( -1.039443056249999664, 6.539583332377417513, -1.800368184999674437 ) ) ;
#5086 = CARTESIAN_POINT ( 'NONE',  ( -0.4677704923192061992, 2.007099539274394218, -1.634432775261520421 ) ) ;
#5087 = CARTESIAN_POINT ( 'NONE',  ( -2.078886112499999772, 6.510416665710750728, -1.200245456666450439 ) ) ;
#5088 = CARTESIAN_POINT ( 'NONE',  ( -1.407101925393897224, 8.383116636093699725, -0.9568996708064941847 ) ) ;
#5089 = CARTESIAN_POINT ( 'NONE',  ( -1.647152185628457666, 1.478159062566572368, 0.4440495396844060805 ) ) ;
#5090 = CARTESIAN_POINT ( 'NONE',  ( 4.433344562587833160, 1.500000000000000888, 2.312024219028187666 ) ) ;
#5091 = CARTESIAN_POINT ( 'NONE',  ( 1.324518246717653502, 3.823753008944303922, 1.066143198271882975 ) ) ;
#5092 = CARTESIAN_POINT ( 'NONE',  ( -1.699999999999999289, 9.616666664754836447, -0.9814954576223643423 ) ) ;
#5093 = CARTESIAN_POINT ( 'NONE',  ( 1.269647454161241473, 2.418040361559999685, 1.130593947755817119 ) ) ;
#5094 = CARTESIAN_POINT ( 'NONE',  ( -2.078886112499999772, 10.01041666571075162, -1.200245456666450439 ) ) ;
#5095 = DIRECTION ( 'NONE',  ( 0.7071067811865474617, 0.000000000000000000, 0.7071067811865476838 ) ) ;
#5096 = CARTESIAN_POINT ( 'NONE',  ( 1.496564724679990022, 8.154932938941749754, -0.8077064737065099420 ) ) ;
#5097 = CARTESIAN_POINT ( 'NONE',  ( -4.409630270093162085E-16, 1.976358535790040394, 2.400490913332899545 ) ) ;
#5098 = VERTEX_POINT ( 'NONE', #4734 ) ;
#5099 = CARTESIAN_POINT ( 'NONE',  ( -4.934344465946485236, 3.200000000000000178, -4.751288740056038407 ) ) ;
#5100 = CARTESIAN_POINT ( 'NONE',  ( 1.561117331972025957, 1.618207017585799633E-17, -1.372836532352581740 ) ) ;
#5101 = CARTESIAN_POINT ( 'NONE',  ( 0.9267147999405137559, 0.2888481668923634782, 1.425263772009501162 ) ) ;
#5102 = CARTESIAN_POINT ( 'NONE',  ( 2.545165380528044974, 3.063075121266646494, -7.214304113546741171 ) ) ;
#5103 = AXIS2_PLACEMENT_3D ( 'NONE', #7266, #4628, #1312 ) ;
#5104 = CARTESIAN_POINT ( 'NONE',  ( 2.078886112500000216, 7.764583332377400282, -1.200245456666449329 ) ) ;
#5105 = CARTESIAN_POINT ( 'NONE',  ( -1.941927419487601281, 0.000000000000000000, 2.202977340409545182 ) ) ;
#5106 = VERTEX_POINT ( 'NONE', #2117 ) ;
#5107 = CARTESIAN_POINT ( 'NONE',  ( -3.605955811664682968E-16, 3.549999998088168685, 1.962990915244727130 ) ) ;
#5108 = CARTESIAN_POINT ( 'NONE',  ( 1.138921523207038377E-15, -5.000000000000000000, -9.299999999999998934 ) ) ;
#5109 = AXIS2_PLACEMENT_3D ( 'NONE', #4266, #4922, #1481 ) ;
#5110 = CARTESIAN_POINT ( 'NONE',  ( -4.409630270093162085E-16, 0.4437499990440844644, 2.400490913332899545 ) ) ;
#5111 = CARTESIAN_POINT ( 'NONE',  ( -0.1478283690026973851, 8.985145083330186466, -1.699999855790651493 ) ) ;
#5112 = CARTESIAN_POINT ( 'NONE',  ( 1.039443056249993225, 4.002083332377411651, 1.800368184999666221 ) ) ;
#5113 = CARTESIAN_POINT ( 'NONE',  ( -0.8506261973444733115, 0.5014941855112479141, 1.862913955668839661 ) ) ;
#5114 = CARTESIAN_POINT ( 'NONE',  ( -1.699606779605965956, 0.5023583802585157576, -0.5030694112714241273 ) ) ;
#5115 = CARTESIAN_POINT ( 'NONE',  ( 1.039443056249998776, 7.589583332377417335, 1.800368184999675325 ) ) ;
#5116 = CARTESIAN_POINT ( 'NONE',  ( -1.354374602316403164, 7.677151089848218923, -1.029451377230471198 ) ) ;
#5117 = CARTESIAN_POINT ( 'NONE',  ( 1.699999999999999956, 3.783333331421502521, -0.9814954576223635652 ) ) ;
#5118 = AXIS2_PLACEMENT_3D ( 'NONE', #5142, #4487, #969 ) ;
#5119 =( BOUNDED_SURFACE ( )  B_SPLINE_SURFACE ( 1, 2, ( 
 ( #4649, #8497, #5216, #2646, #1951, #5825, #1168, #7285, #4607, #6599, #7893, #5865, #1906, #7247, #5948, #1289, #7851, #4566, #3948, #8580, #5299, #2603, #6476, #596, #7929, #515, #1990, #3866, #7813, #682, #8457, #3174, #2521, #7206, #5258, #4523, #1209, #1330, #1868, #5175, #1250, #7165, #6518, #3908, #7652, #6559, #3988, #6641, #5665, #4207, #5342, #4822, #5435, #1379, #3427, #5992, #31, #1426, #8062, #4033, #7464, #1469, #7969, #2031, #127, #6774, #6686, #4690, #7326, #8150, #2685, #776, #729, #3381, #4078, #6081, #8104, #2780, #2120, #4166, #4867, #4782, #6037, #79, #2729, #819, #7419, #5387, #4123, #3471, #6127, #8014, #2160, #2074, #170, #2822, #7506, #4738, #7372, #6732, #5478, #1512, #6817, #6860, #861, #3514, #6170, #1555, #212, #2864, #5519, #3337, #2208, #8321, #7589, #4298, #3644, #2997, #6948, #5691, #992, #6990, #7550, #1687, #1073, #5646, #4906, #5042, #6302, #904, #8193, #7635, #4339, #8361, #340, #8276, #6386, #2384, #948, #2249, #2426, #7674, #1729, #3040, #1599, #5564, #4253, #5732, #6212, #2338, #6904, #3600, #1646, #4998, #4384, #1033, #3685, #7030, #5084, #6341, #6260, #300, #2956, #380, #3729, #5605, #423, #3081, #7716, #8237, #1770, #2914, #4427, #3556, #255, #2294, #4952, #3771, #6425, #463, #7071, #1116, #2468, #8403, #3123, #5772, #5124, #7759, #1815, #2372, #4659, #6608, #5719 ),
 ( #1341, #3148, #5069, #6453, #5028, #1713, #644, #3302, #5957, #5759, #3941, #8387, #2653, #4495, #7661, #3711, #5798, #6372, #3026, #1143, #7140, #5110, #3800, #409, #7057, #5306, #8346, #2411, #3956, #1298, #7936, #1997, #7702, #7293, #5676, #1103, #4369, #492, #7017, #6329, #8306, #368, #3758, #8431, #1059, #1755, #3068, #4410, #7746, #6412, #2454, #449, #3108, #1803, #1842, #4457, #7099, #2495, #5151, #7788, #7338, #3524, #4705, #4133, #4878, #3437, #2874, #6182, #88, #2741, #4043, #7475, #7383, #179, #4090, #1479, #2040, #4792, #4179, #6096, #7979, #8115, #1436, #3997, #2695, #2129, #7429, #5530, #6742, #785, #872, #2832, #6697, #5352, #8163, #5488, #4833, #6137, #139, #2790, #2172, #6829, #1522, #6785, #1390, #832, #223, #740, #2218, #2084, #6047, #7518, #3394, #5401, #8026, #5445, #3482, #4749, #8073, #6652, #693, #3348, #6003, #42, #267, #2927, #6871, #3568, #7686, #5657, #6224, #2437, #5575, #3051, #3653, #8205, #1657, #4219, #916, #8249, #6312, #2263, #5704, #8288, #4919, #7561, #6959, #5009, #1611, #4264, #6916, #6397, #960, #7601, #3612, #6272, #2306, #4309, #6352, #1004, #351, #2394, #3092, #3008, #311, #2966, #5615, #7646, #2350, #4964, #1697, #4350, #7001, #1045, #392, #3696, #8331, #5052, #5742, #1740, #4395, #7041, #1086, #3741, #433, #5094, #8372, #1568, #3782, #634, #3907, #6558, #1824 ) ),
 .UNSPECIFIED., .F., .F., .F. ) 
 B_SPLINE_SURFACE_WITH_KNOTS ( ( 2, 2 ),
 ( 3, 2, 2, 2, 2, 2, 2, 2, 2, 2, 2, 2, 2, 2, 2, 2, 2, 2, 2, 2, 2, 2, 2, 2, 2, 2, 2, 2, 2, 2, 2, 2, 2, 2, 2, 2, 2, 2, 2, 2, 2, 2, 2, 2, 2, 2, 2, 2, 2, 2, 2, 2, 2, 2, 2, 2, 2, 2, 2, 2, 2, 2, 2, 2, 2, 2, 2, 2, 2, 2, 2, 2, 2, 2, 2, 2, 2, 2, 2, 2, 2, 2, 2, 2, 2, 2, 2, 2, 2, 2, 2, 2, 2, 2, 2, 2, 3 ),
 ( 0.000000000000000000, 1.000000000000000000 ),
 ( 0.000000000000000000, 0.01041666666666666609, 0.02083333333333333218, 0.03125000000000000000, 0.04166666666666666435, 0.05208333333333333565, 0.06250000000000000000, 0.07291666666666667129, 0.08333333333333332871, 0.09375000000000000000, 0.1041666666666666713, 0.1145833333333333287, 0.1250000000000000000, 0.1354166666666666574, 0.1458333333333333426, 0.1562500000000000000, 0.1666666666666666574, 0.1770833333333333426, 0.1875000000000000000, 0.1979166666666666574, 0.2083333333333333426, 0.2187500000000000000, 0.2291666666666666574, 0.2395833333333333426, 0.2500000000000000000, 0.2604166666666666852, 0.2708333333333333148, 0.2812500000000000000, 0.2916666666666666852, 0.3020833333333333148, 0.3125000000000000000, 0.3229166666666666852, 0.3333333333333333148, 0.3437500000000000000, 0.3541666666666666852, 0.3645833333333333148, 0.3750000000000000000, 0.3854166666666666852, 0.3958333333333333148, 0.4062500000000000000, 0.4166666666666666852, 0.4270833333333333148, 0.4375000000000000000, 0.4479166666666666852, 0.4583333333333333148, 0.4687500000000000000, 0.4791666666666666852, 0.4895833333333333148, 0.5000000000000000000, 0.5104166666666666297, 0.5208333333333333703, 0.5312500000000000000, 0.5416666666666666297, 0.5520833333333333703, 0.5625000000000000000, 0.5729166666666666297, 0.5833333333333333703, 0.5937500000000000000, 0.6041666666666666297, 0.6145833333333333703, 0.6250000000000000000, 0.6354166666666666297, 0.6458333333333333703, 0.6562500000000000000, 0.6666666666666666297, 0.6770833333333333703, 0.6875000000000000000, 0.6979166666666666297, 0.7083333333333333703, 0.7187500000000000000, 0.7291666666666666297, 0.7395833333333333703, 0.7500000000000000000, 0.7604166666666666297, 0.7708333333333333703, 0.7812500000000000000, 0.7916666666666666297, 0.8020833333333333703, 0.8125000000000000000, 0.8229166666666666297, 0.8333333333333333703, 0.8437500000000000000, 0.8541666666666666297, 0.8645833333333333703, 0.8750000000000000000, 0.8854166666666666297, 0.8958333333333333703, 0.9062500000000000000, 0.9166666666666666297, 0.9270833333333333703, 0.9375000000000000000, 0.9479166666666666297, 0.9583333333333333703, 0.9687500000000000000, 0.9791666666666666297, 0.9821851680403789198, 0.9920070197207827567 ),
 .UNSPECIFIED. ) 
 GEOMETRIC_REPRESENTATION_ITEM ( )  RATIONAL_B_SPLINE_SURFACE ( (
 ( 1.000000000000000000, 0.8660254037844387076, 1.000000000000000000, 0.8660254037844387076, 1.000000000000000000, 0.8660254037844387076, 1.000000000000000000, 0.8660254037844387076, 1.000000000000000000, 0.8660254037844387076, 1.000000000000000000, 0.8660254037844387076, 1.000000000000000000, 0.8660254037844387076, 1.000000000000000000, 0.8660254037844387076, 1.000000000000000000, 0.8660254037844387076, 1.000000000000000000, 0.8660254037844387076, 1.000000000000000000, 0.8660254037844387076, 1.000000000000000000, 0.8660254037844387076, 1.000000000000000000, 0.8660254037844387076, 1.000000000000000000, 0.8660254037844387076, 1.000000000000000000, 0.8660254037844387076, 1.000000000000000000, 0.8660254037844387076, 1.000000000000000000, 0.8660254037844387076, 1.000000000000000000, 0.8660254037844387076, 1.000000000000000000, 0.8660254037844387076, 1.000000000000000000, 0.8660254037844387076, 1.000000000000000000, 0.8660254037844387076, 1.000000000000000000, 0.8660254037844387076, 1.000000000000000000, 0.8660254037844387076, 1.000000000000000000, 0.8660254037844387076, 1.000000000000000000, 0.8660254037844387076, 1.000000000000000000, 0.8660254037844387076, 1.000000000000000000, 0.8660254037844387076, 1.000000000000000000, 0.8660254037844387076, 1.000000000000000000, 0.8660254037844387076, 1.000000000000000000, 0.8660254037844387076, 1.000000000000000000, 0.8660254037844387076, 1.000000000000000000, 0.8660254037844387076, 1.000000000000000000, 0.8660254037844387076, 1.000000000000000000, 0.8660254037844387076, 1.000000000000000000, 0.8660254037844387076, 1.000000000000000000, 0.8660254037844387076, 1.000000000000000000, 0.8660254037844387076, 1.000000000000000000, 0.8660254037844387076, 1.000000000000000000, 0.8660254037844387076, 1.000000000000000000, 0.8660254037844387076, 1.000000000000000000, 0.8660254037844387076, 1.000000000000000000, 0.8660254037844387076, 1.000000000000000000, 0.8660254037844387076, 1.000000000000000000, 0.8660254037844387076, 1.000000000000000000, 0.8660254037844387076, 1.000000000000000000, 0.8660254037844387076, 1.000000000000000000, 0.8660254037844387076, 1.000000000000000000, 0.8660254037844387076, 1.000000000000000000, 0.8660254037844387076, 1.000000000000000000, 0.8660254037844387076, 1.000000000000000000, 0.8660254037844387076, 1.000000000000000000, 0.8660254037844387076, 1.000000000000000000, 0.8660254037844387076, 1.000000000000000000, 0.8660254037844387076, 1.000000000000000000, 0.8660254037844387076, 1.000000000000000000, 0.8660254037844387076, 1.000000000000000000, 0.8660254037844387076, 1.000000000000000000, 0.8660254037844387076, 1.000000000000000000, 0.8660254037844387076, 1.000000000000000000, 0.8660254037844387076, 1.000000000000000000, 0.8660254037844387076, 1.000000000000000000, 0.8660254037844387076, 1.000000000000000000, 0.8660254037844387076, 1.000000000000000000, 0.8660254037844387076, 1.000000000000000000, 0.8660254037844387076, 1.000000000000000000, 0.8660254037844387076, 1.000000000000000000, 0.8660254037844387076, 1.000000000000000000, 0.8660254037844387076, 1.000000000000000000, 0.8660254037844387076, 1.000000000000000000, 0.8660254037844387076, 1.000000000000000000, 0.8660254037844387076, 1.000000000000000000, 0.8660254037844387076, 1.000000000000000000, 0.8660254037844387076, 1.000000000000000000, 0.8660254037844387076, 1.000000000000000000, 0.8660254037844387076, 1.000000000000000000, 0.8660254037844387076, 1.000000000000000000, 0.8660254037844387076, 1.000000000000000000, 0.8660254037844387076, 1.000000000000000000, 0.8660254037844387076, 1.000000000000000000, 0.8660254037844387076, 1.000000000000000000, 0.8660254037844387076, 1.000000000000000000, 0.8660254037844387076, 1.000000000000000000, 0.8660254037844387076, 1.000000000000000000, 0.8660254037844387076, 1.000000000000000000, 0.8660254037844387076, 1.000000000000000000, 0.8660254037844387076, 1.000000000000000000, 0.8660254037844387076, 1.000000000000000000, 0.8660254037844387076, 1.000000000000000000, 0.8660254037844387076, 1.000000000000000000, 0.8660254037844387076, 1.000000000000000000, 0.8660254037844387076, 1.000000000000000000, 0.8660254037844387076, 1.000000000000000000, 0.8660254037844387076, 1.000000000000000000, 0.8660254037844387076, 1.000000000000000000, 0.9611773597389550172, 0.9448544685260574783, 0.9448544685260574783, 0.9448544685260574783),
 ( 1.000000000000000000, 0.8660254037844387076, 1.000000000000000000, 0.8660254037844387076, 1.000000000000000000, 0.8660254037844387076, 1.000000000000000000, 0.8660254037844387076, 1.000000000000000000, 0.8660254037844387076, 1.000000000000000000, 0.8660254037844387076, 1.000000000000000000, 0.8660254037844387076, 1.000000000000000000, 0.8660254037844387076, 1.000000000000000000, 0.8660254037844387076, 1.000000000000000000, 0.8660254037844387076, 1.000000000000000000, 0.8660254037844387076, 1.000000000000000000, 0.8660254037844387076, 1.000000000000000000, 0.8660254037844387076, 1.000000000000000000, 0.8660254037844387076, 1.000000000000000000, 0.8660254037844387076, 1.000000000000000000, 0.8660254037844387076, 1.000000000000000000, 0.8660254037844387076, 1.000000000000000000, 0.8660254037844387076, 1.000000000000000000, 0.8660254037844387076, 1.000000000000000000, 0.8660254037844387076, 1.000000000000000000, 0.8660254037844387076, 1.000000000000000000, 0.8660254037844387076, 1.000000000000000000, 0.8660254037844387076, 1.000000000000000000, 0.8660254037844387076, 1.000000000000000000, 0.8660254037844387076, 1.000000000000000000, 0.8660254037844387076, 1.000000000000000000, 0.8660254037844387076, 1.000000000000000000, 0.8660254037844387076, 1.000000000000000000, 0.8660254037844387076, 1.000000000000000000, 0.8660254037844387076, 1.000000000000000000, 0.8660254037844387076, 1.000000000000000000, 0.8660254037844387076, 1.000000000000000000, 0.8660254037844387076, 1.000000000000000000, 0.8660254037844387076, 1.000000000000000000, 0.8660254037844387076, 1.000000000000000000, 0.8660254037844387076, 1.000000000000000000, 0.8660254037844387076, 1.000000000000000000, 0.8660254037844387076, 1.000000000000000000, 0.8660254037844387076, 1.000000000000000000, 0.8660254037844387076, 1.000000000000000000, 0.8660254037844387076, 1.000000000000000000, 0.8660254037844387076, 1.000000000000000000, 0.8660254037844387076, 1.000000000000000000, 0.8660254037844387076, 1.000000000000000000, 0.8660254037844387076, 1.000000000000000000, 0.8660254037844387076, 1.000000000000000000, 0.8660254037844387076, 1.000000000000000000, 0.8660254037844387076, 1.000000000000000000, 0.8660254037844387076, 1.000000000000000000, 0.8660254037844387076, 1.000000000000000000, 0.8660254037844387076, 1.000000000000000000, 0.8660254037844387076, 1.000000000000000000, 0.8660254037844387076, 1.000000000000000000, 0.8660254037844387076, 1.000000000000000000, 0.8660254037844387076, 1.000000000000000000, 0.8660254037844387076, 1.000000000000000000, 0.8660254037844387076, 1.000000000000000000, 0.8660254037844387076, 1.000000000000000000, 0.8660254037844387076, 1.000000000000000000, 0.8660254037844387076, 1.000000000000000000, 0.8660254037844387076, 1.000000000000000000, 0.8660254037844387076, 1.000000000000000000, 0.8660254037844387076, 1.000000000000000000, 0.8660254037844387076, 1.000000000000000000, 0.8660254037844387076, 1.000000000000000000, 0.8660254037844387076, 1.000000000000000000, 0.8660254037844387076, 1.000000000000000000, 0.8660254037844387076, 1.000000000000000000, 0.8660254037844387076, 1.000000000000000000, 0.8660254037844387076, 1.000000000000000000, 0.8660254037844387076, 1.000000000000000000, 0.8660254037844387076, 1.000000000000000000, 0.8660254037844387076, 1.000000000000000000, 0.8660254037844387076, 1.000000000000000000, 0.8660254037844387076, 1.000000000000000000, 0.8660254037844387076, 1.000000000000000000, 0.8660254037844387076, 1.000000000000000000, 0.8660254037844387076, 1.000000000000000000, 0.8660254037844387076, 1.000000000000000000, 0.8660254037844387076, 1.000000000000000000, 0.8660254037844387076, 1.000000000000000000, 0.8660254037844387076, 1.000000000000000000, 0.8660254037844387076, 1.000000000000000000, 0.8660254037844387076, 1.000000000000000000, 0.8660254037844387076, 1.000000000000000000, 0.8660254037844387076, 1.000000000000000000, 0.8660254037844387076, 1.000000000000000000, 0.8660254037844387076, 1.000000000000000000, 0.8660254037844387076, 1.000000000000000000, 0.8660254037844387076, 1.000000000000000000, 0.8660254037844387076, 1.000000000000000000, 0.8660254037844387076, 1.000000000000000000, 0.8660254037844387076, 1.000000000000000000, 0.8660254037844387076, 1.000000000000000000, 0.9611773597389550172, 0.9448544685260574783, 0.9448544685260574783, 0.9448544685260574783) ) ) 
 REPRESENTATION_ITEM ( '' )  SURFACE ( )  );
#5120 = ORIENTED_EDGE ( 'NONE', *, *, #7385, .F. ) ;
#5121 = CARTESIAN_POINT ( 'NONE',  ( 1.673861235611697973, 4.618576433845088758, -0.2969856563321834342 ) ) ;
#5122 = DIRECTION ( 'NONE',  ( 0.7071067811865474617, 0.000000000000000000, 0.7071067811865474617 ) ) ;
#5123 = DIRECTION ( 'NONE',  ( 0.000000000000000000, 1.000000000000000000, -0.000000000000000000 ) ) ;
#5124 = CARTESIAN_POINT ( 'NONE',  ( -1.699999999999999956, 9.850000000000001421, -2.081899558550500280E-16 ) ) ;
#5125 = CARTESIAN_POINT ( 'NONE',  ( 1.469876756697720448E-16, 3.681249999044084120, -2.400490913332899545 ) ) ;
#5126 = CARTESIAN_POINT ( 'NONE',  ( -2.078886112500000216, 6.627083332377418756, 1.200245456666449106 ) ) ;
#5127 = ADVANCED_FACE ( 'NONE', ( #2027 ), #5295, .T. ) ;
#5128 = CARTESIAN_POINT ( 'NONE',  ( -1.689232763202364929, 8.437818466074544332, -0.1985712259291950443 ) ) ;
#5129 = DIRECTION ( 'NONE',  ( -1.000000000000000000, 0.000000000000000000, 0.000000000000000000 ) ) ;
#5130 = ORIENTED_EDGE ( 'NONE', *, *, #7915, .F. ) ;
#5131 = CARTESIAN_POINT ( 'NONE',  ( 0.7023331508963100989, 3.772974066847525787, 1.549572928727914078 ) ) ;
#5132 = CARTESIAN_POINT ( 'NONE',  ( -0.6280807958626312137, 10.50689641405838159, 1.600368298680603152 ) ) ;
#5133 = CARTESIAN_POINT ( 'NONE',  ( 1.124743319919304430, 2.595915335600281093, -1.279323914379668192 ) ) ;
#5134 = VECTOR ( 'NONE', #4543, 1000.000000000000114 ) ;
#5135 = DIRECTION ( 'NONE',  ( -0.7071067811865474617, -0.000000000000000000, -0.7071067811865476838 ) ) ;
#5137 = CARTESIAN_POINT ( 'NONE',  ( 1.475354232830089707, 8.157883679861210879, -0.8455820489157080955 ) ) ;
#5136 = APPLICATION_PROTOCOL_DEFINITION ( 'draft international standard', 'automotive_design', 1998, #2967 ) ;
#5138 = CARTESIAN_POINT ( 'NONE',  ( -2.078886112500000216, 6.001358535790038751, -2.545901223465009197E-16 ) ) ;
#5139 = EDGE_LOOP ( 'NONE', ( #4057, #8452, #5349, #7650 ) ) ;
#5140 = CARTESIAN_POINT ( 'NONE',  ( 1.493992958397361903, 5.944659847184667889, 0.8119647534003808786 ) ) ;
#5141 = CARTESIAN_POINT ( 'NONE',  ( 2.211985698155365491E-06, 8.799999846285231797, -1.699999999998560662 ) ) ;
#5142 = CARTESIAN_POINT ( 'NONE',  ( 0.000000000000000000, 1.890482217611112459, 0.000000000000000000 ) ) ;
#5143 = CARTESIAN_POINT ( 'NONE',  ( 0.5209553657579463204, 0.2607168196903624779, 1.622321782888227926 ) ) ;
#5144 = CARTESIAN_POINT ( 'NONE',  ( -0.5743017253584203896, 0.5016322123534741051, 1.993175788354705880 ) ) ;
#5145 = CARTESIAN_POINT ( 'NONE',  ( 2.078886112499999772, 9.747916665710734563, 1.200245456666450883 ) ) ;
#5146 = ORIENTED_EDGE ( 'NONE', *, *, #8448, .F. ) ;
#5147 = AXIS2_PLACEMENT_3D ( 'NONE', #8092, #3543, #241 ) ;
#5148 = ORIENTED_EDGE ( 'NONE', *, *, #6266, .F. ) ;
#5149 = CARTESIAN_POINT ( 'NONE',  ( 0.8500000000000001998, 0.3416666647548355362, -1.472243186433545459 ) ) ;
#5150 = CARTESIAN_POINT ( 'NONE',  ( 5.087985294887773513, 3.021034482758621298, 2.966664951328128907 ) ) ;
#5151 = CARTESIAN_POINT ( 'NONE',  ( 1.039443056249998776, 2.602083332377417957, 1.800368184999675325 ) ) ;
#5152 = CARTESIAN_POINT ( 'NONE',  ( -0.7090357382140451969, 9.023658126535588409, -1.545086146470430855 ) ) ;
#5153 = CARTESIAN_POINT ( 'NONE',  ( -2.078886112499990002, 2.427083332377411917, 1.200245456666443111 ) ) ;
#5154 = CARTESIAN_POINT ( 'NONE',  ( -0.4636608144491313199, 0.1931800987628643496, 1.635549442496766259 ) ) ;
#5155 = LINE ( 'NONE', #6537, #7623 ) ;
#5156 = CARTESIAN_POINT ( 'NONE',  ( 1.039443056249998776, 5.489583332377417690, 1.800368184999675325 ) ) ;
#5157 = CARTESIAN_POINT ( 'NONE',  ( 0.07114395854706825895, 6.870117563292743590, -1.698580210120727241 ) ) ;
#5158 = CARTESIAN_POINT ( 'NONE',  ( 3.520244468532278611E-08, 3.899999995672315034, -1.699999999999999289 ) ) ;
#5159 = CARTESIAN_POINT ( 'NONE',  ( -0.8499999999999996447, 3.958333331421502788, -1.472243186433545681 ) ) ;
#5160 = ORIENTED_EDGE ( 'NONE', *, *, #4592, .F. ) ;
#5161 = CARTESIAN_POINT ( 'NONE',  ( 0.9563127175164025662, 4.490874879946188614, 1.406745455403646927 ) ) ;
#5162 = DIRECTION ( 'NONE',  ( -0.7071067811865476838, 0.000000000000000000, 0.7071067811865474617 ) ) ;
#5163 = CARTESIAN_POINT ( 'NONE',  ( -0.5968188289121458823, 6.915920181132214850, -1.593942645656548640 ) ) ;
#5164 = CARTESIAN_POINT ( 'NONE',  ( -0.6130792738810568743, 0.5184110529293667335, 0.2354110267368179910 ) ) ;
#5165 = CARTESIAN_POINT ( 'NONE',  ( -1.039443056249999664, 6.452083332377417157, -1.800368184999674437 ) ) ;
#5166 = CARTESIAN_POINT ( 'NONE',  ( -1.532266305830599196, 8.400459863956136530, -0.7366766358007098559 ) ) ;
#5167 = CARTESIAN_POINT ( 'NONE',  ( 0.000000000000000000, 1.500000000000000444, -4.500000000000000000 ) ) ;
#5168 = AXIS2_PLACEMENT_3D ( 'NONE', #7611, #2179, #2271 ) ;
#5169 = CARTESIAN_POINT ( 'NONE',  ( 0.000000000000000000, 8.000000000000000000, 0.000000000000000000 ) ) ;
#5170 = VERTEX_POINT ( 'NONE', #124 ) ;
#5171 = CARTESIAN_POINT ( 'NONE',  ( 1.598218132577826633, 3.861894933519553152, 0.5806098622692431599 ) ) ;
#5172 = CARTESIAN_POINT ( 'NONE',  ( -2.586524759049135813, 3.046453914618040937, 7.199611372740288395 ) ) ;
#5173 = CARTESIAN_POINT ( 'NONE',  ( 0.000000000000000000, 10.19999999999999929, 0.000000000000000000 ) ) ;
#5174 = DIRECTION ( 'NONE',  ( 0.6936187941687647074, 0.000000000000000000, -0.7203422578024066825 ) ) ;
#5175 = CARTESIAN_POINT ( 'NONE',  ( 1.201985270554894323E-16, 1.274999999999999911, -1.962990915244727130 ) ) ;
#5176 = DIRECTION ( 'NONE',  ( 0.000000000000000000, 1.000000000000000000, -0.000000000000000000 ) ) ;
#5177 = DIRECTION ( 'NONE',  ( 0.000000000000000000, 1.000000000000000000, -0.000000000000000000 ) ) ;
#5178 = CARTESIAN_POINT ( 'NONE',  ( 1.039443056249998776, 6.234691869123373031, 1.800368184999675325 ) ) ;
#5179 = ADVANCED_FACE ( 'NONE', ( #7369 ), #1285, .T. ) ;
#5180 = ORIENTED_EDGE ( 'NONE', *, *, #4696, .F. ) ;
#5181 = CARTESIAN_POINT ( 'NONE',  ( 1.311294109522604723, 6.078067968377951047, -1.090266893442407570 ) ) ;
#5182 = EDGE_CURVE ( 'NONE', #772, #4619, #4075, .T. ) ;
#5183 = CARTESIAN_POINT ( 'NONE',  ( 0.9571482322522522068, 7.291005540977303134, 1.405018460476377351 ) ) ;
#5184 = CARTESIAN_POINT ( 'NONE',  ( 1.692437015068767536, 0.3901973639016329543, 0.1605649392156676958 ) ) ;
#5185 = DIRECTION ( 'NONE',  ( 0.7203422578024066825, 0.000000000000000000, 0.6936187941687647074 ) ) ;
#5186 = CARTESIAN_POINT ( 'NONE',  ( 1.469876756697720941E-16, 9.981249999044067067, -2.400490913332899545 ) ) ;
#5187 = ORIENTED_EDGE ( 'NONE', *, *, #2568, .F. ) ;
#5188 = VERTEX_POINT ( 'NONE', #6729 ) ;
#5189 = CARTESIAN_POINT ( 'NONE',  ( 1.699999999999999067, 2.266666664754835470, 0.9814954576223646754 ) ) ;
#5190 = DIRECTION ( 'NONE',  ( 1.000000000000000000, 0.000000000000000000, -0.000000000000000000 ) ) ;
#5191 = CARTESIAN_POINT ( 'NONE',  ( -0.5482212491990663406, 0.4428035060893101837, -1.609261640947081240 ) ) ;
#5192 = CARTESIAN_POINT ( 'NONE',  ( 1.469876756697713053E-16, 4.293749999044077725, -2.400490913332886667 ) ) ;
#5193 = CARTESIAN_POINT ( 'NONE',  ( 0.000000000000000000, -5.000000000000000000, 0.000000000000000000 ) ) ;
#5194 = LINE ( 'NONE', #1886, #8307 ) ;
#5195 = CARTESIAN_POINT ( 'NONE',  ( 1.039443056249998776, 8.289583332377416625, 1.800368184999675325 ) ) ;
#5196 = PRODUCT_DEFINITION_FORMATION_WITH_SPECIFIED_SOURCE ( 'ANY', '', #4474, .NOT_KNOWN. ) ;
#5197 = CARTESIAN_POINT ( 'NONE',  ( -1.018929590382901207, 7.854251022007707306, 1.360868768085753633 ) ) ;
#5198 = CARTESIAN_POINT ( 'NONE',  ( -9.697109103468235543E-07, 9.324985815129583244, 1.699999999999449729 ) ) ;
#5199 = VECTOR ( 'NONE', #3799, 1000.000000000000000 ) ;
#5200 = CARTESIAN_POINT ( 'NONE',  ( 0.03727498251799169632, -2.324529457808921507E-12, -1.289528201553541198 ) ) ;
#5201 = VECTOR ( 'NONE', #902, 1000.000000000000000 ) ;
#5202 = ORIENTED_EDGE ( 'NONE', *, *, #5758, .F. ) ;
#5203 = FACE_OUTER_BOUND ( 'NONE', #6489, .T. ) ;
#5204 = CARTESIAN_POINT ( 'NONE',  ( -0.5916100495603916487, 2.715600959994153296, -1.594140523176212021 ) ) ;
#5205 = CARTESIAN_POINT ( 'NONE',  ( -4.843681451127849868, 3.000000000000000000, 4.843681451127852533 ) ) ;
#5206 = CARTESIAN_POINT ( 'NONE',  ( 0.3556021199269728816, 0.5072824851429378334, 0.9161863170644914955 ) ) ;
#5207 = CARTESIAN_POINT ( 'NONE',  ( -2.078886112500000216, 8.027083332377417335, 1.200245456666449106 ) ) ;
#5208 = CARTESIAN_POINT ( 'NONE',  ( -1.682382531208541865, 8.465357288786787393, 0.2498898153884554219 ) ) ;
#5209 = CARTESIAN_POINT ( 'NONE',  ( -0.07779236968700212196, 1.619665389559289626, 1.698464871481680349 ) ) ;
#5210 = CARTESIAN_POINT ( 'NONE',  ( 0.000000000000000000, 10.19999999999999929, -1.699999999999999956 ) ) ;
#5211 = CARTESIAN_POINT ( 'NONE',  ( -1.679445846597523495, 6.366419105656600408, 0.2644304839996290402 ) ) ;
#5212 = CARTESIAN_POINT ( 'NONE',  ( 1.009461059308506270, 3.794821728603023470, 1.371079099871428175 ) ) ;
#5213 = CARTESIAN_POINT ( 'NONE',  ( 1.529132983985614258, 3.149309053260979319, 0.7514300484422958837 ) ) ;
#5214 = CARTESIAN_POINT ( 'NONE',  ( 2.915460667173242815, 4.909999999999999254, 5.036781010732885200 ) ) ;
#5215 = CARTESIAN_POINT ( 'NONE',  ( 0.4555136441949261816, 3.168739257800281539, -1.699999990149239526 ) ) ;
#5216 = CARTESIAN_POINT ( 'NONE',  ( 0.8500000000000001998, -0.8833333333333334147, -1.472243186433545459 ) ) ;
#5217 = CARTESIAN_POINT ( 'NONE',  ( 0.000000000000000000, 1.890482217611112459, -7.650000000000000355 ) ) ;
#5218 = CARTESIAN_POINT ( 'NONE',  ( -1.370287329591673986, 0.8211120551815308533, 1.006146343406193688 ) ) ;
#5219 = CARTESIAN_POINT ( 'NONE',  ( 1.243601773002311672, 8.715418753633580096, 1.160502023492173906 ) ) ;
#5220 = CARTESIAN_POINT ( 'NONE',  ( -4.409630270093162085E-16, 7.576358535790038928, 2.400490913332899545 ) ) ;
#5221 = EDGE_CURVE ( 'NONE', #6945, #6066, #2598, .T. ) ;
#5222 = EDGE_LOOP ( 'NONE', ( #4883, #315, #4745, #6480 ) ) ;
#5223 = CARTESIAN_POINT ( 'NONE',  ( 1.689851084794648184, 6.011603752959830516, -0.1863533288046677339 ) ) ;
#5224 = CARTESIAN_POINT ( 'NONE',  ( 1.613743689262588710, 7.365272361091045106, 0.5348224072837954868 ) ) ;
#5225 = CARTESIAN_POINT ( 'NONE',  ( 1.568526613534911185, 0.4440106106149181997, -0.6627255163267148363 ) ) ;
#5226 = EDGE_CURVE ( 'NONE', #5526, #7470, #6517, .T. ) ;
#5227 = CARTESIAN_POINT ( 'NONE',  ( -0.5275246274615006392, 0.5016454240265059150, 2.010841922222372347 ) ) ;
#5228 = VERTEX_POINT ( 'NONE', #5900 ) ;
#5229 = VERTEX_POINT ( 'NONE', #679 ) ;
#5230 = CARTESIAN_POINT ( 'NONE',  ( -3.605955811664682968E-16, 1.449999998088168818, 1.962990915244727130 ) ) ;
#5231 = DIRECTION ( 'NONE',  ( -0.000000000000000000, -1.000000000000000000, -0.000000000000000000 ) ) ;
#5232 = CARTESIAN_POINT ( 'NONE',  ( -1.272314809816613712, 0.4935068452125671579, -1.136835198546732650 ) ) ;
#5233 = CARTESIAN_POINT ( 'NONE',  ( -1.039443056249995445, 5.985416665710745043, 1.800368184999665111 ) ) ;
#5234 = CARTESIAN_POINT ( 'NONE',  ( -1.614142628740291130, 2.115274364769393234, -0.5337563569112263595 ) ) ;
#5235 = CARTESIAN_POINT ( 'NONE',  ( -0.2113223023555674818, 0.2105928277887577083, 1.700000000142384726 ) ) ;
#5236 = DIRECTION ( 'NONE',  ( 0.000000000000000000, 0.000000000000000000, 1.000000000000000000 ) ) ;
#5237 = CARTESIAN_POINT ( 'NONE',  ( -2.078886112500000216, 8.814583332377418756, 1.200245456666449106 ) ) ;
#5238 = CARTESIAN_POINT ( 'NONE',  ( -0.4723108413121756000, 7.892572656332160541, 1.633492184411237336 ) ) ;
#5239 = CARTESIAN_POINT ( 'NONE',  ( 0.4555136434704205040, 3.868739257850002389, -1.699999990567532926 ) ) ;
#5240 = CARTESIAN_POINT ( 'NONE',  ( -0.8983531875797904354, 6.463297472208530792, 1.443472556312485278 ) ) ;
#5241 = VERTEX_POINT ( 'NONE', #3334 ) ;
#5242 = CARTESIAN_POINT ( 'NONE',  ( 1.576509154725454831, 4.642116064149932164, -0.6374290122839624262 ) ) ;
#5243 = CARTESIAN_POINT ( 'NONE',  ( -1.583137349126949811, 2.809078386233035740, -0.6200669031470962267 ) ) ;
#5244 = EDGE_CURVE ( 'NONE', #6020, #756, #3943, .T. ) ;
#5245 = CARTESIAN_POINT ( 'NONE',  ( -0.7206853240305788333, 6.924458745551278938, -1.539693917260233302 ) ) ;
#5246 = CARTESIAN_POINT ( 'NONE',  ( 0.02858861243996628498, 0.5097755878269808472, 0.9112280293873439296 ) ) ;
#5247 = CARTESIAN_POINT ( 'NONE',  ( -1.039443056250000996, 8.085416665710752682, 1.800368184999674215 ) ) ;
#5248 = CARTESIAN_POINT ( 'NONE',  ( -0.3782709713414319497, 10.19999999999999929, 1.657534295414817338 ) ) ;
#5249 = CARTESIAN_POINT ( 'NONE',  ( 2.312024219028202765, 1.500000000000000888, -4.433344562587824278 ) ) ;
#5250 = VECTOR ( 'NONE', #8458, 1000.000000000000000 ) ;
#5251 = CARTESIAN_POINT ( 'NONE',  ( 0.000000000000000000, 8.000000000000000000, 0.000000000000000000 ) ) ;
#5252 = PRODUCT_DEFINITION ( 'UNKNOWN', '', #5196, #6046 ) ;
#5253 = CARTESIAN_POINT ( 'NONE',  ( 1.045004651996027434, -1.407485477710246791, 1.045004651996026768 ) ) ;
#5254 = CARTESIAN_POINT ( 'NONE',  ( -4.500000000000000000, 7.500000000000000000, 0.000000000000000000 ) ) ;
#5255 = DIRECTION ( 'NONE',  ( -0.7071067811865475727, 0.000000000000000000, 0.7071067811865475727 ) ) ;
#5256 = CARTESIAN_POINT ( 'NONE',  ( 0.3125479591757435727, 2.653550687605288783, -1.671097996152135057 ) ) ;
#5257 = CARTESIAN_POINT ( 'NONE',  ( -0.9551474098220594788, 0.02823791746393696650, 1.406345030736312340 ) ) ;
#5258 = CARTESIAN_POINT ( 'NONE',  ( 0.8499999999999988676, 0.9833333333333335036, 1.472243186433546347 ) ) ;
#5259 = CARTESIAN_POINT ( 'NONE',  ( -8.219773737830849033E-08, 2.499999968234339232, -1.699999999999997957 ) ) ;
#5260 = CARTESIAN_POINT ( 'NONE',  ( -7.261110302808396533, 3.063075121266647827, -2.408386976261427836 ) ) ;
#5261 = AXIS2_PLACEMENT_3D ( 'NONE', #4610, #4654, #1909 ) ;
#5262 = DIRECTION ( 'NONE',  ( 0.000000000000000000, 0.000000000000000000, 1.000000000000000000 ) ) ;
#5263 = CARTESIAN_POINT ( 'NONE',  ( -2.078886112499999772, 5.243025202456705003, -1.200245456666450439 ) ) ;
#5264 = ORIENTED_EDGE ( 'NONE', *, *, #3055, .F. ) ;
#5265 = CARTESIAN_POINT ( 'NONE',  ( 0.1603685536329908790, 5.135938456667602736, 1.699999999156648789 ) ) ;
#5266 = UNCERTAINTY_MEASURE_WITH_UNIT (LENGTH_MEASURE( 1.000000000000000082E-05 ), #3058, 'distance_accuracy_value', 'NONE');
#5267 = CARTESIAN_POINT ( 'NONE',  ( -0.4555131612293477072, 9.818739290944975551, 1.700000268989545926 ) ) ;
#5268 = CARTESIAN_POINT ( 'NONE',  ( 0.4426210086796324439, 0.5446245186924069115, -1.641368889514935203 ) ) ;
#5269 = FACE_OUTER_BOUND ( 'NONE', #6449, .T. ) ;
#5270 = EDGE_CURVE ( 'NONE', #2535, #6053, #8535, .T. ) ;
#5271 = VERTEX_POINT ( 'NONE', #2776 ) ;
#5272 = ORIENTED_EDGE ( 'NONE', *, *, #6827, .T. ) ;
#5273 = CARTESIAN_POINT ( 'NONE',  ( -1.700000000000000400, 6.933333331421502876, 0.9814954576223632321 ) ) ;
#5274 = CARTESIAN_POINT ( 'NONE',  ( 2.081899558550500280E-16, 10.19999999999999929, 1.699999999999999956 ) ) ;
#5275 = CARTESIAN_POINT ( 'NONE',  ( -0.8492749442442809604, 9.266716117748737602, 1.472810857717255173 ) ) ;
#5276 = CARTESIAN_POINT ( 'NONE',  ( 1.039443056249994779, 7.735416665710744155, -1.800368184999665111 ) ) ;
#5277 = AXIS2_PLACEMENT_3D ( 'NONE', #1380, #4524, #6642 ) ;
#5278 = CARTESIAN_POINT ( 'NONE',  ( -1.584393818045251034, 2.190602162418071597, 0.6164037264682691308 ) ) ;
#5279 = PLANE ( 'NONE',  #6802 ) ;
#5280 = CARTESIAN_POINT ( 'NONE',  ( 4.433344562587833160, 5.951057409446828039, 2.312024219028188554 ) ) ;
#5281 = EDGE_CURVE ( 'NONE', #2610, #3563, #2278, .T. ) ;
#5282 = DIRECTION ( 'NONE',  ( 0.000000000000000000, 0.000000000000000000, -1.000000000000000000 ) ) ;
#5283 = CARTESIAN_POINT ( 'NONE',  ( -1.096768052442740782, 6.447896136334705375, 1.298889050268930756 ) ) ;
#5284 = EDGE_LOOP ( 'NONE', ( #7297, #5357, #3352, #7523, #2214, #3310 ) ) ;
#5285 = ADVANCED_FACE ( 'NONE', ( #7889 ), #631, .T. ) ;
#5286 = CARTESIAN_POINT ( 'NONE',  ( 0.1441370295794194012, 4.765108245901839901, -1.693880400862650459 ) ) ;
#5287 = CARTESIAN_POINT ( 'NONE',  ( -1.266992794760533725, 2.932256503271328363, 1.133523430565029022 ) ) ;
#5288 = CARTESIAN_POINT ( 'NONE',  ( -1.628369655338101962, 7.018380698647458615, -0.4884773971886568478 ) ) ;
#5289 = CARTESIAN_POINT ( 'NONE',  ( -0.4058718213498797578, 0.5377235409760781071, -0.2156442102834656704 ) ) ;
#5290 = CARTESIAN_POINT ( 'NONE',  ( -4.409630270093162085E-16, 9.543749999044084831, 2.400490913332899545 ) ) ;
#5291 = CARTESIAN_POINT ( 'NONE',  ( -0.1570511403166279518, 8.614308271658954297, 1.700000000441037384 ) ) ;
#5292 = CARTESIAN_POINT ( 'NONE',  ( 2.081899558550500280E-16, 10.19999999999999929, 1.699999999999999956 ) ) ;
#5293 = CYLINDRICAL_SURFACE ( 'NONE', #4411, 7.799999999999999822 ) ;
#5294 = CARTESIAN_POINT ( 'NONE',  ( -0.5396129401091853683, 6.212029693568738686, -1.612115534404829686 ) ) ;
#5295 = CYLINDRICAL_SURFACE ( 'NONE', #4441, 0.5000000000000004441 ) ;
#5296 = CARTESIAN_POINT ( 'NONE',  ( 0.6813812242571767319, 3.071709578705516641, 1.558483494151531090 ) ) ;
#5297 = CARTESIAN_POINT ( 'NONE',  ( 0.3280721920119120671, 2.652485929677213861, -1.668116790399502003 ) ) ;
#5298 = CARTESIAN_POINT ( 'NONE',  ( 7.262487513574959513E-16, 2.675000000000000266, -1.699999999999999734 ) ) ;
#5299 = CARTESIAN_POINT ( 'NONE',  ( -0.8500000000000007550, 0.1666666666666665186, 1.472243186433545237 ) ) ;
#5300 = LINE ( 'NONE', #1290, #2282 ) ;
#5301 = CARTESIAN_POINT ( 'NONE',  ( -0.4106916439296725008, 0.8968118855527509314, 1.649711937637603265 ) ) ;
#5302 = SURFACE_STYLE_USAGE ( .BOTH. , #3296 ) ;
#5303 = CARTESIAN_POINT ( 'NONE',  ( 2.078886112500000216, 7.051358535790039461, 0.000000000000000000 ) ) ;
#5304 = EDGE_LOOP ( 'NONE', ( #5548, #3972, #2081, #2184, #1451, #5442, #6063, #3626, #6626, #7954, #8031, #3539, #149, #238, #3097, #3227 ) ) ;
#5305 = CARTESIAN_POINT ( 'NONE',  ( 0.09637209619088418777, 6.168387169100400413, -1.697301223194245257 ) ) ;
#5306 = CARTESIAN_POINT ( 'NONE',  ( 2.078886112499999772, 0.6770833323774179124, -1.200245456666449329 ) ) ;
#5307 = DIRECTION ( 'NONE',  ( 0.000000000000000000, -1.000000000000000000, 0.000000000000000000 ) ) ;
#5308 = CARTESIAN_POINT ( 'NONE',  ( 1.686421127638588535, 0.3866555945873659250, 0.2165853695986105221 ) ) ;
#5309 = LINE ( 'NONE', #5874, #1373 ) ;
#5310 = VERTEX_POINT ( 'NONE', #5382 ) ;
#5311 = VERTEX_POINT ( 'NONE', #4864 ) ;
#5312 = ADVANCED_FACE ( 'NONE', ( #6771 ), #6946, .F. ) ;
#5313 = CARTESIAN_POINT ( 'NONE',  ( 1.699999999999999956, 5.883333331421501278, -0.9814954576223635652 ) ) ;
#5314 = DIRECTION ( 'NONE',  ( 0.000000000000000000, 0.000000000000000000, 1.000000000000000000 ) ) ;
#5315 = CARTESIAN_POINT ( 'NONE',  ( -1.699974451574082890, 9.148835083994731221, -0.01984294342697538391 ) ) ;
#5316 = CARTESIAN_POINT ( 'NONE',  ( -4.409630270093139405E-16, 9.543749999044077725, 2.400490913332886667 ) ) ;
#5317 = CARTESIAN_POINT ( 'NONE',  ( -1.273782040283363282, 2.231509009897939766, 1.125913301824119639 ) ) ;
#5318 = LINE ( 'NONE', #6578, #7898 ) ;
#5319 = EDGE_LOOP ( 'NONE', ( #3449, #5504, #1873, #7149 ) ) ;
#5320 = CARTESIAN_POINT ( 'NONE',  ( 2.078886112500000216, 0.7645833323774005041, -1.200245456666449329 ) ) ;
#5321 = CARTESIAN_POINT ( 'NONE',  ( -1.700000000000000400, 4.133333331421502166, 0.9814954576223630101 ) ) ;
#5322 = VERTEX_POINT ( 'NONE', #990 ) ;
#5323 = CARTESIAN_POINT ( 'NONE',  ( -1.577748782124333005, 3.591826627095186630, 0.6331746716996173863 ) ) ;
#5324 = CARTESIAN_POINT ( 'NONE',  ( 0.5207291256086232778, 4.739207704816127631, -1.623510669245008087 ) ) ;
#5325 = ADVANCED_FACE ( 'NONE', ( #7503 ), #209, .T. ) ;
#5326 = CARTESIAN_POINT ( 'NONE',  ( -1.695848101406168373, 2.857365830392131656, 0.1214012385632385893 ) ) ;
#5327 = CARTESIAN_POINT ( 'NONE',  ( -0.9586284702722044360, 6.941302339068117888, -1.404188939538909109 ) ) ;
#5328 = TOROIDAL_SURFACE ( 'NONE', #6719, 5.500000000000000000, 0.5000000000000000000 ) ;
#5329 = CARTESIAN_POINT ( 'NONE',  ( 0.6002433079326426890, 0.5063232777601798240, 0.8357038264112564008 ) ) ;
#5330 = CARTESIAN_POINT ( 'NONE',  ( 2.078886112499999772, 0.06458333237741779864, -1.200245456666449329 ) ) ;
#5331 = CARTESIAN_POINT ( 'NONE',  ( -1.687382885059887316, 8.462748992708231555, 0.2087969567502633017 ) ) ;
#5332 = CARTESIAN_POINT ( 'NONE',  ( -1.675490023586960087, 4.931628614515600972, -0.2949340677875435524 ) ) ;
#5333 = AXIS2_PLACEMENT_3D ( 'NONE', #1882, #2703, #3355 ) ;
#5334 = B_SPLINE_CURVE_WITH_KNOTS ( 'NONE', 3,
 ( #5867, #8499, #1252, #3910, #2605, #5260, #7895, #6173, #4824, #7508 ),
 .UNSPECIFIED., .F., .F.,
 ( 4, 2, 2, 2, 4 ),
 ( 0.000000000000000000, 7.024607880191381085E-05, 0.0001404921576038276217, 0.0002809843152076559481, 0.0005619686304153131973 ),
 .UNSPECIFIED. ) ;
#5335 = EDGE_CURVE ( 'NONE', #5311, #2407, #3468, .T. ) ;
#5336 = DIRECTION ( 'NONE',  ( -0.000000000000000000, -1.000000000000000000, -0.000000000000000000 ) ) ;
#5337 = EDGE_CURVE ( 'NONE', #1956, #7690, #6657, .T. ) ;
#5338 = CARTESIAN_POINT ( 'NONE',  ( -1.545051495562827393, 6.302295488199836093, -0.7126630414702824767 ) ) ;
#5339 = CARTESIAN_POINT ( 'NONE',  ( 0.5812382520716602441, 4.035135119136146642, -1.600569530583993094 ) ) ;
#5340 = CARTESIAN_POINT ( 'NONE',  ( 1.346045452613412907, 3.126117777113865959, 1.038733635021447554 ) ) ;
#5341 = CARTESIAN_POINT ( 'NONE',  ( -0.4111973771720744408, 9.702818158251886871, -1.662287052540934562 ) ) ;
#5342 = CARTESIAN_POINT ( 'NONE',  ( 0.8500000000000001998, 1.916666666666666741, -1.472243186433545459 ) ) ;
#5343 = CARTESIAN_POINT ( 'NONE',  ( 2.078886112500000216, -0.6937500009559155467, 0.000000000000000000 ) ) ;
#5344 = CARTESIAN_POINT ( 'NONE',  ( 0.4555144172644120526, 1.481260791429844792, 1.699999543817363623 ) ) ;
#5345 = CARTESIAN_POINT ( 'NONE',  ( 0.8499999999999988676, 9.908333331421500745, 1.472243186433546347 ) ) ;
#5346 = CARTESIAN_POINT ( 'NONE',  ( 1.390808743731493990, 8.731285941576475196, 0.9776364563473354252 ) ) ;
#5347 = CARTESIAN_POINT ( 'NONE',  ( 1.039443056250000330, 9.268025202456707135, -1.800368184999674215 ) ) ;
#5348 = CARTESIAN_POINT ( 'NONE',  ( 2.078886112500000216, 8.464583332377399572, -1.200245456666449329 ) ) ;
#5349 = ORIENTED_EDGE ( 'NONE', *, *, #5182, .T. ) ;
#5350 = CARTESIAN_POINT ( 'NONE',  ( 1.767198530632746387E-15, 6.174999999999999822, -1.699999999999999734 ) ) ;
#5351 = CARTESIAN_POINT ( 'NONE',  ( -0.9256136018710103830, 4.361095333480979441, 1.427970130991648379 ) ) ;
#5352 = CARTESIAN_POINT ( 'NONE',  ( -4.409630270093162085E-16, 4.643749999044085364, 2.400490913332899545 ) ) ;
#5353 = CARTESIAN_POINT ( 'NONE',  ( -1.699999999999999512, 9.616666664754836447, -0.9814954576223642313 ) ) ;
#5354 = EDGE_CURVE ( 'NONE', #1811, #4003, #5010, .T. ) ;
#5355 = CARTESIAN_POINT ( 'NONE',  ( 0.9492957531845573893, 0.5095799502879185816, -1.410272977013311335 ) ) ;
#5356 = CARTESIAN_POINT ( 'NONE',  ( -0.7883236885032965935, 0.5015306075922877360, 1.895832861418514703 ) ) ;
#5357 = ORIENTED_EDGE ( 'NONE', *, *, #8293, .T. ) ;
#5358 = CARTESIAN_POINT ( 'NONE',  ( -0.8500000000000007550, 4.191666664754835736, 1.472243186433545237 ) ) ;
#5359 = PLANE ( 'NONE',  #339 ) ;
#5360 = CARTESIAN_POINT ( 'NONE',  ( -0.5248334975917452461, 0.4414153082767169334, -1.616977795636008741 ) ) ;
#5361 = CARTESIAN_POINT ( 'NONE',  ( 2.078886112499989114, 6.918749999044078614, 0.000000000000000000 ) ) ;
#5362 = CARTESIAN_POINT ( 'NONE',  ( -1.700100476848369846, 2.150906338921135585, 0.01591322232296631112 ) ) ;
#5363 = CARTESIAN_POINT ( 'NONE',  ( -1.611793081815092288, 5.614622808727272485, -0.5434804142303520935 ) ) ;
#5364 = EDGE_LOOP ( 'NONE', ( #2574, #7934, #347, #4040 ) ) ;
#5365 = CARTESIAN_POINT ( 'NONE',  ( -2.078886112500000216, 1.756249999044067200, -2.545901223465009197E-16 ) ) ;
#5366 = B_SPLINE_CURVE_WITH_KNOTS ( 'NONE', 3,
 ( #7047, #3017, #7008, #3703, #6319, #7091, #5664, #3660, #5789, #3140 ),
 .UNSPECIFIED., .F., .F.,
 ( 4, 2, 2, 2, 4 ),
 ( 4.336808689942017736E-19, 0.0002774483335560877159, 0.0004161725003341313570, 0.0004855345837231531776, 0.0005548966671121749981 ),
 .UNSPECIFIED. ) ;
#5367 = CARTESIAN_POINT ( 'NONE',  ( -1.520477435677657363, -8.673617379884035472E-16, 0.6402232147364316228 ) ) ;
#5368 = VERTEX_POINT ( 'NONE', #3509 ) ;
#5369 = ORIENTED_EDGE ( 'NONE', *, *, #6244, .F. ) ;
#5370 = CARTESIAN_POINT ( 'NONE',  ( -0.7811513779951684278, 3.671391568112149617, 1.509908787989188150 ) ) ;
#5371 = CARTESIAN_POINT ( 'NONE',  ( 0.000000000000000000, 0.6907299841604572777, -8.160295526135247002 ) ) ;
#5372 = CARTESIAN_POINT ( 'NONE',  ( -1.292233042422069822, 2.929623569567745278, 1.104687875994441182 ) ) ;
#5373 = CARTESIAN_POINT ( 'NONE',  ( -1.438684316215535830, 7.112827065147184769, 0.9058775504187154270 ) ) ;
#5374 = CARTESIAN_POINT ( 'NONE',  ( 0.9977859736078720232, 0.5064013385881316331, 0.5148593033716036826 ) ) ;
#5375 = CARTESIAN_POINT ( 'NONE',  ( -1.039443056249999664, 0.9395833323774179791, -1.800368184999674437 ) ) ;
#5376 = CARTESIAN_POINT ( 'NONE',  ( -1.226597817569715865, 8.536180717864446876, 1.177141227081774932 ) ) ;
#5377 = CARTESIAN_POINT ( 'NONE',  ( -1.519782563206716564, 5.001526108191233000, 0.7629038872726086051 ) ) ;
#5378 = CARTESIAN_POINT ( 'NONE',  ( 0.8611405193500509814, 1.684190332885961094, 1.466187239695203370 ) ) ;
#5379 = ADVANCED_FACE ( 'NONE', ( #3683 ), #3038, .T. ) ;
#5380 = CARTESIAN_POINT ( 'NONE',  ( -1.671082826054430370, 6.330446538284258295, -0.3123040193220756877 ) ) ;
#5381 = ORIENTED_EDGE ( 'NONE', *, *, #1723, .T. ) ;
#5382 = CARTESIAN_POINT ( 'NONE',  ( -1.916177807571212144, 10.20000000000000107, 0.8062444285183907322 ) ) ;
#5383 = DIRECTION ( 'NONE',  ( -0.000000000000000000, 1.000000000000000000, -0.000000000000000000 ) ) ;
#5384 = CARTESIAN_POINT ( 'NONE',  ( -1.507207530634764314, 9.796649048478215605, -0.7863573961109933119 ) ) ;
#5385 = EDGE_CURVE ( 'NONE', #6360, #5170, #3078, .T. ) ;
#5386 = VECTOR ( 'NONE', #5950, 1000.000000000000000 ) ;
#5387 = CARTESIAN_POINT ( 'NONE',  ( 1.201985270554894323E-16, 4.074999999999999289, -1.962990915244727130 ) ) ;
#5388 = CARTESIAN_POINT ( 'NONE',  ( -2.078886112500000216, -0.3437500009559155134, -2.545901223465009197E-16 ) ) ;
#5389 = DIRECTION ( 'NONE',  ( 0.7071067811865477948, 0.000000000000000000, 0.7071067811865473507 ) ) ;
#5390 = CARTESIAN_POINT ( 'NONE',  ( 1.699999999999999956, 10.02499999808816966, 0.000000000000000000 ) ) ;
#5391 = CARTESIAN_POINT ( 'NONE',  ( 0.8484132152066165000, 8.683224676180184787, 1.473306802204918275 ) ) ;
#5392 = CARTESIAN_POINT ( 'NONE',  ( 1.414318836391971790E-06, 4.599999901027072902, -1.699999999999411537 ) ) ;
#5393 = VECTOR ( 'NONE', #7007, 1000.000000000000000 ) ;
#5394 = CARTESIAN_POINT ( 'NONE',  ( 1.039443056250000330, 9.222916665710734208, -1.800368184999674437 ) ) ;
#5395 = VECTOR ( 'NONE', #6483, 1000.000000000000000 ) ;
#5396 = ORIENTED_EDGE ( 'NONE', *, *, #441, .F. ) ;
#5397 =( BOUNDED_CURVE ( )  B_SPLINE_CURVE ( 2, ( #877, #2796, #3400, #5453, #3531, #6055, #6188, #7090, #438 ),
 .UNSPECIFIED., .F., .F. ) 
 B_SPLINE_CURVE_WITH_KNOTS ( ( 3, 2, 2, 2, 3 ),
 ( 0.3340765480405574195, 0.3393793506077931177, 0.3499849553142866943, 0.3605905600207802708, 0.3658933627039588909 ),
 .UNSPECIFIED. ) 
 CURVE ( )  GEOMETRIC_REPRESENTATION_ITEM ( )  RATIONAL_B_SPLINE_CURVE ( ( 0.9330127018922194093, 0.9330126991890179688, 1.000000000000000000, 0.8660254037844387076, 1.000000000000000000, 0.8660254037844387076, 1.000000000000000000, 0.9330126977243767827, 0.9330127018922196314 ) ) 
 REPRESENTATION_ITEM ( '' )  );
#5398 = CARTESIAN_POINT ( 'NONE',  ( 0.5827397671861846984, 6.134894829491151391, -1.597112803478249798 ) ) ;
#5399 = CARTESIAN_POINT ( 'NONE',  ( -0.3410007691197643465, 4.401641758922687941, 1.666476320148652768 ) ) ;
#5400 = AXIS2_PLACEMENT_3D ( 'NONE', #8339, #3752, #4277 ) ;
#5401 = CARTESIAN_POINT ( 'NONE',  ( -2.078886112499999772, 5.810416665710751438, -1.200245456666450439 ) ) ;
#5402 = CARTESIAN_POINT ( 'NONE',  ( 1.671817295971782968, 7.419658585811266249, -0.3160499088385880229 ) ) ;
#5404 = DIRECTION ( 'NONE',  ( 0.000000000000000000, 0.000000000000000000, 1.000000000000000000 ) ) ;
#5403 = FACE_OUTER_BOUND ( 'NONE', #842, .T. ) ;
#5405 = CARTESIAN_POINT ( 'NONE',  ( -0.4625956793418781188, 10.30528922341587261, 2.026764097323511926 ) ) ;
#5406 = ORIENTED_EDGE ( 'NONE', *, *, #5354, .F. ) ;
#5407 = CARTESIAN_POINT ( 'NONE',  ( 1.699999999999999956, 6.524999998088168773, 0.000000000000000000 ) ) ;
#5408 = CARTESIAN_POINT ( 'NONE',  ( 9.368548013477252244E-16, 12.00000000000000000, 7.650000000000000355 ) ) ;
#5409 = CARTESIAN_POINT ( 'NONE',  ( 1.859289970458966934, 1.016439536705160407E-17, 0.9299506839053650609 ) ) ;
#5410 = CARTESIAN_POINT ( 'NONE',  ( -1.039443056249995445, 6.685416665710744333, 1.800368184999665111 ) ) ;
#5411 = CARTESIAN_POINT ( 'NONE',  ( -0.8322362603607830200, 2.267875427532958454, 1.482381386385761779 ) ) ;
#5412 = AXIS2_PLACEMENT_3D ( 'NONE', #4587, #2131, #5236 ) ;
#5413 = CARTESIAN_POINT ( 'NONE',  ( -1.450453403476876790, 5.588726544838054977, -0.8868848582336923414 ) ) ;
#5414 = ORIENTED_EDGE ( 'NONE', *, *, #4098, .T. ) ;
#5415 = CARTESIAN_POINT ( 'NONE',  ( -1.039443056250000996, 1.172916665710733941, 1.800368184999674215 ) ) ;
#5416 = CARTESIAN_POINT ( 'NONE',  ( 2.175919199559392059, 0.000000000000000000, -0.1698567527170468661 ) ) ;
#5417 = CARTESIAN_POINT ( 'NONE',  ( 2.581372568141801604, 3.153668633940835520, 7.201334804540089785 ) ) ;
#5418 = ORIENTED_EDGE ( 'NONE', *, *, #7784, .F. ) ;
#5419 = ORIENTED_EDGE ( 'NONE', *, *, #4453, .F. ) ;
#5420 = CARTESIAN_POINT ( 'NONE',  ( -1.228021277756153884, 3.636095741235260803, 1.175605008276308538 ) ) ;
#5421 = DIRECTION ( 'NONE',  ( -0.7071067811865473507, 2.775557561562891351E-17, 0.7071067811865477948 ) ) ;
#5422 = CARTESIAN_POINT ( 'NONE',  ( -1.242622643910658020, 2.934724162594645858, 1.160376405870342298 ) ) ;
#5423 = CARTESIAN_POINT ( 'NONE',  ( -1.678837538931206241, 7.066639698273348813, 0.2675651949106656602 ) ) ;
#5424 = CARTESIAN_POINT ( 'NONE',  ( 1.224944936623001190, 0.5046623870127114886, -0.3071043523330050928 ) ) ;
#5425 = CARTESIAN_POINT ( 'NONE',  ( 2.078886112499999772, 9.077083332377419822, -1.200245456666449329 ) ) ;
#5426 = CARTESIAN_POINT ( 'NONE',  ( 1.656740727613609243, 6.724659795952538488, -0.3896835605247940815 ) ) ;
#5427 = CARTESIAN_POINT ( 'NONE',  ( -0.1669813218139603317, 5.113540542775426800, 1.692305967976903247 ) ) ;
#5428 = CARTESIAN_POINT ( 'NONE',  ( 0.4932981399896853025, 1.658807568825965806, 1.627528967132313431 ) ) ;
#5429 = CARTESIAN_POINT ( 'NONE',  ( -1.143040575036992523, 6.443901883167382216, 1.258502514872457345 ) ) ;
#5430 = ORIENTED_EDGE ( 'NONE', *, *, #645, .T. ) ;
#5431 = CARTESIAN_POINT ( 'NONE',  ( 0.7211881112899293234, 4.025508910571281795, -1.539668226765581016 ) ) ;
#5432 = VECTOR ( 'NONE', #7157, 1000.000000000000000 ) ;
#5433 = CARTESIAN_POINT ( 'NONE',  ( 1.475522044863395887, 3.258223275918813222, -0.8518966099725836516 ) ) ;
#5434 = CARTESIAN_POINT ( 'NONE',  ( -0.7923454371535502139, 9.729318557156616976, -1.507567275526815687 ) ) ;
#5435 = CARTESIAN_POINT ( 'NONE',  ( -0.8499999999999996447, 2.033333333333333215, -1.472243186433545681 ) ) ;
#5436 = CARTESIAN_POINT ( 'NONE',  ( -1.039443056250000996, 1.872916665710751438, 1.800368184999674215 ) ) ;
#5437 = DIRECTION ( 'NONE',  ( 0.4876598490941711495, 0.7241379310344820963, 0.4876598490941711495 ) ) ;
#5438 = CARTESIAN_POINT ( 'NONE',  ( -1.699999999999999512, 5.416666664754836269, -0.9814954576223642313 ) ) ;
#5439 = CARTESIAN_POINT ( 'NONE',  ( 1.700129712996362841, 8.795937286241681363, 0.06616411959222048833 ) ) ;
#5440 = CARTESIAN_POINT ( 'NONE',  ( -1.039443056250000996, 8.918025202456705713, 1.800368184999674215 ) ) ;
#5441 = B_SPLINE_CURVE_WITH_KNOTS ( 'NONE', 3,
 ( #7622, #200, #4894, #2809, #6976, #157 ),
 .UNSPECIFIED., .F., .F.,
 ( 4, 2, 4 ),
 ( 0.000000000000000000, 0.0003953464452561771219, 0.0007906928905123542439 ),
 .UNSPECIFIED. ) ;
#5442 = ORIENTED_EDGE ( 'NONE', *, *, #7343, .T. ) ;
#5443 = DIRECTION ( 'NONE',  ( 0.000000000000000000, 0.000000000000000000, -1.000000000000000000 ) ) ;
#5444 = CARTESIAN_POINT ( 'NONE',  ( -1.452147640319311872, 4.311239866391269437, 0.8878529267126888946 ) ) ;
#5445 = CARTESIAN_POINT ( 'NONE',  ( -2.078886112500000216, 5.927083332377417690, 1.200245456666449106 ) ) ;
#5446 = CARTESIAN_POINT ( 'NONE',  ( 1.698211998630936970, 7.394870044497442230, 0.08580109466605782831 ) ) ;
#5448 = CARTESIAN_POINT ( 'NONE',  ( 7.248827492908197279, 3.153668633940834187, -2.444832771519089842 ) ) ;
#5447 = DIRECTION ( 'NONE',  ( 0.000000000000000000, 0.000000000000000000, -1.000000000000000000 ) ) ;
#5449 = CARTESIAN_POINT ( 'NONE',  ( -1.039443056250000996, -0.1819747975432931819, 1.800368184999674215 ) ) ;
#5450 = ADVANCED_FACE ( 'NONE', ( #8484 ), #3938, .T. ) ;
#5451 =( BOUNDED_CURVE ( )  B_SPLINE_CURVE ( 2, ( #1731, #4386, #8363, #1772, #6304, #2958, #342, #2251, #2999 ),
 .UNSPECIFIED., .F., .F. ) 
 B_SPLINE_CURVE_WITH_KNOTS ( ( 3, 2, 2, 2, 3 ),
 ( 0.8749623850338509312, 0.8802651906389634684, 0.8908707953454569894, 0.9014764000519505105, 0.9067792026553387341 ),
 .UNSPECIFIED. ) 
 CURVE ( )  GEOMETRIC_REPRESENTATION_ITEM ( )  RATIONAL_B_SPLINE_CURVE ( ( 0.9330127018922445004, 0.9330126608132415233, 1.000000000000000000, 0.8660254037844387076, 1.000000000000000000, 0.8660254037844387076, 1.000000000000000000, 0.9330126987323248411, 0.9330127018922194093 ) ) 
 REPRESENTATION_ITEM ( '' )  );
#5452 = EDGE_CURVE ( 'NONE', #2099, #2994, #6422, .T. ) ;
#5453 = CARTESIAN_POINT ( 'NONE',  ( -1.699999999999999512, 3.316666664754835292, -0.9814954576223642313 ) ) ;
#5454 = CARTESIAN_POINT ( 'NONE',  ( -1.916177807571212144, 10.20000000000000107, 0.8062444285183907322 ) ) ;
#5455 = CARTESIAN_POINT ( 'NONE',  ( -2.078886112499989114, 8.610416665710745932, -1.200245456666443999 ) ) ;
#5456 = CARTESIAN_POINT ( 'NONE',  ( 1.042482610445173652, 0.3416692180653362332, -1.343230976892685780 ) ) ;
#5457 = CARTESIAN_POINT ( 'NONE',  ( -1.698081446210814249, 5.656178473526769501, 0.09717820342625704821 ) ) ;
#5458 = ORIENTED_EDGE ( 'NONE', *, *, #2303, .F. ) ;
#5459 = CARTESIAN_POINT ( 'NONE',  ( 0.6104713650093953614, -0.000000000000000000, 1.832034474476227359 ) ) ;
#5460 = CARTESIAN_POINT ( 'NONE',  ( 2.153055763121505262, 1.301042606982605321E-15, -0.5064196105668360426 ) ) ;
#5461 = CARTESIAN_POINT ( 'NONE',  ( -1.962286857920089021E-06, 5.300000132754909998, -1.699999999998867306 ) ) ;
#5462 = ORIENTED_EDGE ( 'NONE', *, *, #2509, .T. ) ;
#5463 = CARTESIAN_POINT ( 'NONE',  ( -1.680418039029509369, 3.532918533730200039, -0.2748814172667287115 ) ) ;
#5464 = CARTESIAN_POINT ( 'NONE',  ( 0.1918487055491510385, 0.9381657545215558169, 1.689190092048001413 ) ) ;
#5465 = CARTESIAN_POINT ( 'NONE',  ( 1.045004651996030542, -1.407485477710246791, -1.045004651996023881 ) ) ;
#5466 = CARTESIAN_POINT ( 'NONE',  ( 1.651473206627418033, 5.274361892588267153, 0.4033520087143745991 ) ) ;
#5467 = CARTESIAN_POINT ( 'NONE',  ( -1.700111484360214309, 7.054113172980975399, 0.06695521453043884463 ) ) ;
#5468 = CARTESIAN_POINT ( 'NONE',  ( 0.6313117400131202928, 0.5031089408761199033, -1.287655888989811093 ) ) ;
#5469 = CARTESIAN_POINT ( 'NONE',  ( 1.039443056250000330, 0.1229166657107512162, -1.800368184999674215 ) ) ;
#5470 = CARTESIAN_POINT ( 'NONE',  ( 0.5563175962786574003, 6.563177886417609130, 1.606403596773940512 ) ) ;
#5471 = CARTESIAN_POINT ( 'NONE',  ( -1.077735255584661767, 5.049602430204004122, 1.316658049289212595 ) ) ;
#5472 = CARTESIAN_POINT ( 'NONE',  ( 0.6502857435476653292, 1.669627434925910148, 1.570723949991519319 ) ) ;
#5473 = ORIENTED_EDGE ( 'NONE', *, *, #1067, .T. ) ;
#5474 = CARTESIAN_POINT ( 'NONE',  ( 2.072130388120928313, 0.05637847074968776323, -0.2212620038982344994 ) ) ;
#5475 = CARTESIAN_POINT ( 'NONE',  ( 0.7199189372795494757, 3.325602207374564134, -1.540887419029269401 ) ) ;
#5476 = CARTESIAN_POINT ( 'NONE',  ( -1.426551279128674521, 9.785634369481222450, -0.9255550295941341599 ) ) ;
#5477 = CIRCLE ( 'NONE', #1722, 7.857222055634679236 ) ;
#5478 = CARTESIAN_POINT ( 'NONE',  ( -0.8499999999999996447, 4.833333333333333925, -1.472243186433545681 ) ) ;
#5479 = CARTESIAN_POINT ( 'NONE',  ( 2.078886112499999328, -0.05208333428924881436, 1.200245456666450661 ) ) ;
#5480 = CARTESIAN_POINT ( 'NONE',  ( -5.087985294887772625, 4.978965517241379146, -2.966664951328128907 ) ) ;
#5481 = CARTESIAN_POINT ( 'NONE',  ( -1.039443056250000996, 1.085416665710751127, 1.800368184999674215 ) ) ;
#5482 = CARTESIAN_POINT ( 'NONE',  ( 1.299110649896593417, 8.878941150440237351, -1.096522230619250360 ) ) ;
#5483 = CARTESIAN_POINT ( 'NONE',  ( -2.078886112499999772, 10.14302520245670536, -1.200245456666450439 ) ) ;
#5484 = ORIENTED_EDGE ( 'NONE', *, *, #6523, .T. ) ;
#5485 = ORIENTED_EDGE ( 'NONE', *, *, #3530, .T. ) ;
#5486 = CARTESIAN_POINT ( 'NONE',  ( 1.565223021927626856, 9.544381599379725856, -0.6682171376345382718 ) ) ;
#5487 = CARTESIAN_POINT ( 'NONE',  ( -1.643619362023479802, 4.222214853670385182, -0.4347145215545953900 ) ) ;
#5488 = CARTESIAN_POINT ( 'NONE',  ( 2.078886112499999328, 4.760416665710750728, 1.200245456666450661 ) ) ;
#5489 = CARTESIAN_POINT ( 'NONE',  ( 1.087266410156871865, 7.498907639513490153, -1.311514138042355615 ) ) ;
#5491 = CARTESIAN_POINT ( 'NONE',  ( 0.5614380409779782255, 9.363510288012342642, 1.604702014127352028 ) ) ;
#5490 = CARTESIAN_POINT ( 'NONE',  ( -4.999999999999999112, 8.000000000000000000, 0.000000000000000000 ) ) ;
#5492 = CARTESIAN_POINT ( 'NONE',  ( -1.039443056249999664, 0.9846918691233734755, -1.800368184999674437 ) ) ;
#5493 = VECTOR ( 'NONE', #2674, 1000.000000000000000 ) ;
#5494 = DIRECTION ( 'NONE',  ( -0.000000000000000000, -1.000000000000000000, -0.000000000000000000 ) ) ;
#5495 = CARTESIAN_POINT ( 'NONE',  ( -1.962972332225682237, 10.20000000000003126, 0.6561030637179086078 ) ) ;
#5496 = CARTESIAN_POINT ( 'NONE',  ( -2.078886112499989114, 10.01041666571074451, -1.200245456666443999 ) ) ;
#5497 = EDGE_CURVE ( 'NONE', #5919, #1314, #7484, .T. ) ;
#5498 = CARTESIAN_POINT ( 'NONE',  ( 1.695675856884444332, 0.2551521531946012722, -0.1321862917449235231 ) ) ;
#5499 = CARTESIAN_POINT ( 'NONE',  ( -0.5572966179057392555, 5.513245589512545841, -1.606088065898556128 ) ) ;
#5500 = ORIENTED_EDGE ( 'NONE', *, *, #5221, .F. ) ;
#5501 = CARTESIAN_POINT ( 'NONE',  ( -1.039443056250000996, 1.872916665710734119, 1.800368184999674215 ) ) ;
#5502 = CARTESIAN_POINT ( 'NONE',  ( -1.580313079212960492, 0.000000000000000000, 0.3050472464076789958 ) ) ;
#5503 = CARTESIAN_POINT ( 'NONE',  ( 4.500000000000000000, 1.500000000000000444, 0.000000000000000000 ) ) ;
#5504 = ORIENTED_EDGE ( 'NONE', *, *, #3842, .T. ) ;
#5505 = CARTESIAN_POINT ( 'NONE',  ( -0.7285561045398982749, 3.675004812123102482, 1.536287054455784507 ) ) ;
#5506 = CARTESIAN_POINT ( 'NONE',  ( 4.500000000000000000, 7.499999999999998224, 2.179449471770337432 ) ) ;
#5507 = CARTESIAN_POINT ( 'NONE',  ( 5.036781010732894082, 4.910000000000000142, -2.915460667173225939 ) ) ;
#5508 = CARTESIAN_POINT ( 'NONE',  ( 1.437681840073757211, 5.237023002624416890, 0.9081477062868480443 ) ) ;
#5509 = CARTESIAN_POINT ( 'NONE',  ( 2.078886112499989558, 2.077083332377411384, -1.200245456666443111 ) ) ;
#5510 = CARTESIAN_POINT ( 'NONE',  ( -0.1527741268797304930, 0.5033040390460520319, -1.535100933986751182 ) ) ;
#5511 = CARTESIAN_POINT ( 'NONE',  ( 1.039443056249998776, 4.789583332377417513, 1.800368184999675325 ) ) ;
#5512 = CARTESIAN_POINT ( 'NONE',  ( 0.5428298573479296563, 6.562250528304273800, 1.611054977897049989 ) ) ;
#5513 = CARTESIAN_POINT ( 'NONE',  ( -0.03951802814168534767, 5.122278445339881081, 1.700000000207818607 ) ) ;
#5514 = LINE ( 'NONE', #7456, #56 ) ;
#5515 = ORIENTED_EDGE ( 'NONE', *, *, #133, .T. ) ;
#5516 = CARTESIAN_POINT ( 'NONE',  ( 7.247201726393520893, 3.046453914618040049, 2.450016609050683858 ) ) ;
#5517 = FACE_BOUND ( 'NONE', #1671, .T. ) ;
#5518 = CARTESIAN_POINT ( 'NONE',  ( -0.3782413650744686495, 9.999043239276860007, 1.657387543576087863 ) ) ;
#5519 = CARTESIAN_POINT ( 'NONE',  ( 0.8500000000000001998, 5.416666666666666963, -1.472243186433545459 ) ) ;
#5520 = CARTESIAN_POINT ( 'NONE',  ( -4.409630270093162085E-16, -0.1687500009559155523, 2.400490913332899545 ) ) ;
#5521 = FACE_OUTER_BOUND ( 'NONE', #6369, .T. ) ;
#5522 = CARTESIAN_POINT ( 'NONE',  ( -2.078886112500000216, 0.3270833323774178791, 1.200245456666449106 ) ) ;
#5523 = CARTESIAN_POINT ( 'NONE',  ( 1.536051890999310165, 8.749880517940974656, 0.7469282148598561655 ) ) ;
#5524 = CARTESIAN_POINT ( 'NONE',  ( -1.052576016744579013, 1.348444560418166738, -1.334962713054320460 ) ) ;
#5525 = AXIS2_PLACEMENT_3D ( 'NONE', #7835, #7190, #8481 ) ;
#5526 = VERTEX_POINT ( 'NONE', #5371 ) ;
#5527 = ORIENTED_EDGE ( 'NONE', *, *, #2830, .F. ) ;
#5528 = CARTESIAN_POINT ( 'NONE',  ( 0.4338824536055948533, 9.645231409032458458, -1.643949279216188941 ) ) ;
#5529 = CARTESIAN_POINT ( 'NONE',  ( -0.7474566495070370520, 4.373704013047388095, 1.526871785247008839 ) ) ;
#5530 = CARTESIAN_POINT ( 'NONE',  ( 1.469876756697720448E-16, 4.293749999044084831, -2.400490913332899545 ) ) ;
#5531 = EDGE_CURVE ( 'NONE', #4847, #4949, #1584, .T. ) ;
#5532 = B_SPLINE_CURVE_WITH_KNOTS ( 'NONE', 3,
 ( #4238, #4893, #6154, #8048, #2851, #5506 ),
 .UNSPECIFIED., .F., .F.,
 ( 4, 2, 4 ),
 ( -6.928927488287607953E-06, 0.0003913249075196675105, 0.0007895787425276227026 ),
 .UNSPECIFIED. ) ;
#5533 = DIRECTION ( 'NONE',  ( 0.000000000000000000, 1.000000000000000000, -0.000000000000000000 ) ) ;
#5535 = CARTESIAN_POINT ( 'NONE',  ( 1.633050160323717082, 9.469619406990146260, 0.4744684896421887954 ) ) ;
#5534 = DIRECTION ( 'NONE',  ( -0.000000000000000000, -1.000000000000000000, -0.000000000000000000 ) ) ;
#5536 = CARTESIAN_POINT ( 'NONE',  ( -2.078886112500000216, 1.101358535790039950, -2.545901223465009197E-16 ) ) ;
#5537 = VECTOR ( 'NONE', #5135, 1000.000000000000000 ) ;
#5538 = ORIENTED_EDGE ( 'NONE', *, *, #8187, .F. ) ;
#5539 = FACE_OUTER_BOUND ( 'NONE', #4249, .T. ) ;
#5540 = CARTESIAN_POINT ( 'NONE',  ( -0.005673265239959957539, 0.4088033466451473918, -1.700000026313364998 ) ) ;
#5541 = DIRECTION ( 'NONE',  ( 0.7071067811865474617, 0.000000000000000000, 0.7071067811865474617 ) ) ;
#5542 = EDGE_CURVE ( 'NONE', #2291, #7976, #4064, .T. ) ;
#5543 = CARTESIAN_POINT ( 'NONE',  ( 1.300100590653597399, 0.3203686740897017105, -1.097379096397867793 ) ) ;
#5544 = CARTESIAN_POINT ( 'NONE',  ( -1.439923631469756327, 5.587351387120919277, -0.9039453834622138695 ) ) ;
#5545 = CARTESIAN_POINT ( 'NONE',  ( 1.039443056249998776, 6.889583332377400282, 1.800368184999675547 ) ) ;
#5546 = CARTESIAN_POINT ( 'NONE',  ( 1.008705522223902751, 5.204170427930421283E-15, 1.690548073177854160 ) ) ;
#5547 = CYLINDRICAL_SURFACE ( 'NONE', #4139, 7.650000000000000355 ) ;
#5548 = ORIENTED_EDGE ( 'NONE', *, *, #4747, .F. ) ;
#5549 = CARTESIAN_POINT ( 'NONE',  ( -2.078886112500000216, 8.114583332377415914, 1.200245456666449106 ) ) ;
#5550 = CARTESIAN_POINT ( 'NONE',  ( -4.999999999999999112, 8.000000000000000000, 2.291287847478249429 ) ) ;
#5551 = DIRECTION ( 'NONE',  ( 0.000000000000000000, 0.000000000000000000, 1.000000000000000000 ) ) ;
#5552 = CARTESIAN_POINT ( 'NONE',  ( 0.5202370506864039124, 5.160702307778841202, 1.618499501451063249 ) ) ;
#5553 = EDGE_CURVE ( 'NONE', #306, #6878, #2981, .T. ) ;
#5554 = CARTESIAN_POINT ( 'NONE',  ( -0.01472736557476617483, 0.5034216330705780784, -1.524351263487928376 ) ) ;
#5555 = CARTESIAN_POINT ( 'NONE',  ( -4.409630270093162085E-16, 1.931249999044084786, 2.400490913332899545 ) ) ;
#5556 = CARTESIAN_POINT ( 'NONE',  ( 1.673436532263801180, 6.718714098232252852, -0.2995229059195317900 ) ) ;
#5557 = CYLINDRICAL_SURFACE ( 'NONE', #4288, 1.699999999999999956 ) ;
#5558 = CARTESIAN_POINT ( 'NONE',  ( 1.004338033318868506, 1.694463562475850393, 1.372716947145446120 ) ) ;
#5559 = EDGE_CURVE ( 'NONE', #2056, #3520, #3414, .T. ) ;
#5560 = ORIENTED_EDGE ( 'NONE', *, *, #8313, .T. ) ;
#5561 = CARTESIAN_POINT ( 'NONE',  ( -2.083865639087432609, 0.3671746386010968366, -0.01727749328712927662 ) ) ;
#5562 = CARTESIAN_POINT ( 'NONE',  ( 0.01873202886119872471, 3.373714614369962117, -1.699920943618919100 ) ) ;
#5563 = DIRECTION ( 'NONE',  ( 0.000000000000000000, 0.000000000000000000, -1.000000000000000000 ) ) ;
#5564 = CARTESIAN_POINT ( 'NONE',  ( 1.699999999999999956, 7.458333333333333037, -0.9814954576223635652 ) ) ;
#5565 = CARTESIAN_POINT ( 'NONE',  ( 2.078886112499999772, 0.06458333237741779864, -1.200245456666449329 ) ) ;
#5566 = CARTESIAN_POINT ( 'NONE',  ( -0.4915527706360889315, 2.008733857845454551, -1.627390518950378784 ) ) ;
#5567 = CARTESIAN_POINT ( 'NONE',  ( -2.078886112500000216, 3.127083332377416980, 1.200245456666449106 ) ) ;
#5568 = CARTESIAN_POINT ( 'NONE',  ( 1.698734197558313896, 8.803980502498456318, -0.06623859070008497607 ) ) ;
#5569 = CARTESIAN_POINT ( 'NONE',  ( -1.544446940665699541, 1.402201747986380864, -0.7139705949642520810 ) ) ;
#5570 = EDGE_LOOP ( 'NONE', ( #6308, #1962, #653, #3995 ) ) ;
#5571 = ORIENTED_EDGE ( 'NONE', *, *, #4629, .F. ) ;
#5572 = CARTESIAN_POINT ( 'NONE',  ( 0.06489560312879448511, 9.670549923081807719, -1.698931562536148743 ) ) ;
#5573 = CARTESIAN_POINT ( 'NONE',  ( -0.8500000000000007550, 6.291666664754835381, 1.472243186433545237 ) ) ;
#5574 = CARTESIAN_POINT ( 'NONE',  ( 1.648288899989722944, 2.526777773405961547, -0.4204614962370762377 ) ) ;
#5575 = CARTESIAN_POINT ( 'NONE',  ( 2.078886112500000216, 6.918749999044084831, 0.000000000000000000 ) ) ;
#5576 = CARTESIAN_POINT ( 'NONE',  ( 0.003470321125914837754, 7.574761198957336461, -1.700000017793456442 ) ) ;
#5577 = CARTESIAN_POINT ( 'NONE',  ( 0.8182873400039178957, 9.380909059002476624, 1.493296193097204183 ) ) ;
#5578 = CARTESIAN_POINT ( 'NONE',  ( -2.078886112500000216, 10.15624999904408376, -2.545901223465009197E-16 ) ) ;
#5579 = ORIENTED_EDGE ( 'NONE', *, *, #7513, .T. ) ;
#5580 = LINE ( 'NONE', #5408, #4559 ) ;
#5581 = CARTESIAN_POINT ( 'NONE',  ( -0.2437685070761803907, 0.4237775017873366412, -1.682872053027133719 ) ) ;
#5582 = CARTESIAN_POINT ( 'NONE',  ( -0.6733658816510330603, 10.20000000000000107, 1.959400119251761385 ) ) ;
#5583 = CARTESIAN_POINT ( 'NONE',  ( 1.497781228858266589, 0.1981350865066861255, 0.8079066115473231280 ) ) ;
#5584 = AXIS2_PLACEMENT_3D ( 'NONE', #1532, #2314, #7437 ) ;
#5585 = FACE_OUTER_BOUND ( 'NONE', #4969, .T. ) ;
#5586 = CARTESIAN_POINT ( 'NONE',  ( -1.039443056250000996, 4.672916665710733497, 1.800368184999674215 ) ) ;
#5587 = CARTESIAN_POINT ( 'NONE',  ( -1.598312305570050551, 0.000000000000000000, 2.496860517808108693 ) ) ;
#5588 = DIRECTION ( 'NONE',  ( 0.000000000000000000, 0.000000000000000000, -1.000000000000000000 ) ) ;
#5589 = ORIENTED_EDGE ( 'NONE', *, *, #7701, .T. ) ;
#5590 = CARTESIAN_POINT ( 'NONE',  ( 1.201985270554894323E-16, -0.3000000019118310712, -1.962990915244727130 ) ) ;
#5591 = CARTESIAN_POINT ( 'NONE',  ( 1.185339738432197532, 1.009941467911113833, 1.218721764228408277 ) ) ;
#5592 = CARTESIAN_POINT ( 'NONE',  ( -1.700000000000000400, 7.633333331421503054, 0.9814954576223630101 ) ) ;
#5593 = CARTESIAN_POINT ( 'NONE',  ( 1.700533969927353617, 5.302323492850786302, -0.03432053606506690890 ) ) ;
#5594 = CARTESIAN_POINT ( 'NONE',  ( 2.078886112499988670, 0.5604166657107448879, 1.200245456666444444 ) ) ;
#5595 = CARTESIAN_POINT ( 'NONE',  ( -0.4213680531495720971, 0.5016855573456270312, 2.052449455801531375 ) ) ;
#5596 = CARTESIAN_POINT ( 'NONE',  ( -1.831552235048165889, 0.5016982487332812823, 0.05614157933795990707 ) ) ;
#5597 = CARTESIAN_POINT ( 'NONE',  ( 2.078886112500000216, 2.106249999044084387, 0.000000000000000000 ) ) ;
#5598 = ADVANCED_FACE ( 'NONE', ( #5203 ), #7194, .F. ) ;
#5599 = CARTESIAN_POINT ( 'NONE',  ( 1.317605835229733735, 6.622565159660181777, 1.082804351287144140 ) ) ;
#5600 = CARTESIAN_POINT ( 'NONE',  ( 0.8500000000000001998, 1.041666664754835603, -1.472243186433545459 ) ) ;
#5601 = CARTESIAN_POINT ( 'NONE',  ( 1.567593020039784291, 1.756361722150689531, 0.6577998279877497190 ) ) ;
#5602 = EDGE_CURVE ( 'NONE', #1274, #4818, #1164, .T. ) ;
#5603 = VERTEX_POINT ( 'NONE', #7492 ) ;
#5604 = CARTESIAN_POINT ( 'NONE',  ( 7.203334277753511650, 3.008500636646443294, 2.577311054879312557 ) ) ;
#5605 = CARTESIAN_POINT ( 'NONE',  ( -3.605955811664682968E-16, 8.625000000000000000, 1.962990915244727130 ) ) ;
#5606 = CARTESIAN_POINT ( 'NONE',  ( 2.078886112499999328, 2.047916665710751261, 1.200245456666450661 ) ) ;
#5607 = CARTESIAN_POINT ( 'NONE',  ( -1.508114740629591766E-07, 8.100000008437975296, -1.699999999999993072 ) ) ;
#5608 = CARTESIAN_POINT ( 'NONE',  ( 1.469876756697720448E-16, 2.893749999044084475, -2.400490913332899545 ) ) ;
#5609 = CARTESIAN_POINT ( 'NONE',  ( 1.227409801431703196, 8.886245369267925298, -1.176514399805653754 ) ) ;
#5610 = CARTESIAN_POINT ( 'NONE',  ( -0.6788163414775255644, 1.578505993211735126, 1.558617597101090269 ) ) ;
#5611 = ORIENTED_EDGE ( 'NONE', *, *, #3676, .T. ) ;
#5612 = CARTESIAN_POINT ( 'NONE',  ( 0.009438195534853173821, 9.674352356041326928, -1.699980260100026674 ) ) ;
#5613 = CARTESIAN_POINT ( 'NONE',  ( 1.201985270554894323E-16, 8.099999998088167175, -1.962990915244727130 ) ) ;
#5614 = CARTESIAN_POINT ( 'NONE',  ( 0.8471827555595257131, 2.383128822182152273, 1.473944146081343387 ) ) ;
#5615 = CARTESIAN_POINT ( 'NONE',  ( 1.039443056249998776, 8.902083332377419111, 1.800368184999675325 ) ) ;
#5616 = CARTESIAN_POINT ( 'NONE',  ( -0.9819745558188224255, 0.6431942616660070167, -1.388988389359915088 ) ) ;
#5617 = AXIS2_PLACEMENT_3D ( 'NONE', #6547, #5123, #6424 ) ;
#5618 = CARTESIAN_POINT ( 'NONE',  ( 0.9358495488105761373, 9.389430427928806111, 1.419220942734551683 ) ) ;
#5619 = CARTESIAN_POINT ( 'NONE',  ( 2.078886112500000216, 2.151358535790040438, 0.000000000000000000 ) ) ;
#5620 = VECTOR ( 'NONE', #5421, 1000.000000000000000 ) ;
#5621 = ORIENTED_EDGE ( 'NONE', *, *, #6604, .F. ) ;
#5622 = EDGE_CURVE ( 'NONE', #6066, #5241, #1159, .T. ) ;
#5623 = CARTESIAN_POINT ( 'NONE',  ( -4.297456257299410368E-08, 9.500000001037401276, -1.699999999999999289 ) ) ;
#5624 = DIRECTION ( 'NONE',  ( 0.000000000000000000, 1.000000000000000000, 0.000000000000000000 ) ) ;
#5625 = CARTESIAN_POINT ( 'NONE',  ( 1.072278135726075332, 0.3394544075898854318, -1.319436335154446915 ) ) ;
#5626 = CARTESIAN_POINT ( 'NONE',  ( 2.081899558550500280E-16, 10.19999999999999929, 1.699999999999999956 ) ) ;
#5627 = CARTESIAN_POINT ( 'NONE',  ( -1.039443056249999664, 5.839583332377400460, -1.800368184999674659 ) ) ;
#5628 = CARTESIAN_POINT ( 'NONE',  ( -0.1241176116801527424, -8.673617379884035472E-16, -2.477545282814376471 ) ) ;
#5629 = CARTESIAN_POINT ( 'NONE',  ( 0.4660433272468820221, 5.856972086427600921, 1.635256903515178273 ) ) ;
#5630 = ORIENTED_EDGE ( 'NONE', *, *, #725, .F. ) ;
#5631 = CARTESIAN_POINT ( 'NONE',  ( -2.078886112500000216, 7.414583332377417513, 1.200245456666449106 ) ) ;
#5632 = CARTESIAN_POINT ( 'NONE',  ( 1.700640158238981625, 1.099897193878712542, 0.003334602880955489859 ) ) ;
#5633 = CARTESIAN_POINT ( 'NONE',  ( 1.699999999999999289, 6.466666664754835203, 0.9814954576223646754 ) ) ;
#5634 = CARTESIAN_POINT ( 'NONE',  ( 1.691399290697591429, 5.310497332192260167, -0.1708219350618949695 ) ) ;
#5635 = CARTESIAN_POINT ( 'NONE',  ( 1.039443056249994779, 0.03541666571074505304, -1.800368184999665111 ) ) ;
#5636 = CARTESIAN_POINT ( 'NONE',  ( -1.723495761897630318, 0.5021180077520986940, 0.8451286263008805921 ) ) ;
#5637 = CARTESIAN_POINT ( 'NONE',  ( -1.807912497811608787, 0.5020645781168877608, 0.5144414986257305200 ) ) ;
#5638 = CARTESIAN_POINT ( 'NONE',  ( 1.469876756697720448E-16, 2.281249999044084653, -2.400490913332899545 ) ) ;
#5639 = CARTESIAN_POINT ( 'NONE',  ( 0.2824829906780227939, 6.855613361977367148, -1.677456054598453372 ) ) ;
#5640 = CARTESIAN_POINT ( 'NONE',  ( 1.138921523207038377E-15, -0.3000000000000027645, 9.299999999999998934 ) ) ;
#5641 = B_SPLINE_CURVE_WITH_KNOTS ( 'NONE', 3,
 ( #8536, #1286, #3944, #7927, #3249, #3213, #5172, #2643, #1987, #5862 ),
 .UNSPECIFIED., .F., .F.,
 ( 4, 2, 2, 2, 4 ),
 ( 0.000000000000000000, 7.024607880191202191E-05, 0.0001404921576038240438, 0.0002809843152076488466, 0.0005619686304152986690 ),
 .UNSPECIFIED. ) ;
#5642 = CARTESIAN_POINT ( 'NONE',  ( 1.669339373123604142, 1.820156946635909323, -0.3214153877037450036 ) ) ;
#5643 = ORIENTED_EDGE ( 'NONE', *, *, #332, .T. ) ;
#5644 = CARTESIAN_POINT ( 'NONE',  ( -2.003223818693319114, 0.3955117383190510649, 0.5783283828647589608 ) ) ;
#5645 = DIRECTION ( 'NONE',  ( -0.000000000000000000, -1.000000000000000000, -0.000000000000000000 ) ) ;
#5646 = CARTESIAN_POINT ( 'NONE',  ( -1.699999999999999289, 6.291666666666666963, -0.9814954576223643423 ) ) ;
#5647 = CARTESIAN_POINT ( 'NONE',  ( -1.039443056250000996, 6.772916665710750905, 1.800368184999674215 ) ) ;
#5648 = CARTESIAN_POINT ( 'NONE',  ( -0.3978390290336632495, 2.002286884955565505, -1.652983336120975810 ) ) ;
#5649 = CARTESIAN_POINT ( 'NONE',  ( 1.039443056250000330, 2.835416665710750905, -1.800368184999674215 ) ) ;
#5650 = CARTESIAN_POINT ( 'NONE',  ( 0.04225777752281144328, 8.972101838651159511, -1.699507068667485132 ) ) ;
#5651 = CARTESIAN_POINT ( 'NONE',  ( -1.681177393725203695, 1.465604547503075228, 0.2524996628800769694 ) ) ;
#5652 = EDGE_CURVE ( 'NONE', #3767, #8069, #7576, .T. ) ;
#5653 = EDGE_LOOP ( 'NONE', ( #6230, #4754, #571, #1214, #7515, #1574 ) ) ;
#5654 = CARTESIAN_POINT ( 'NONE',  ( 0.09149260460100064329, 9.668728104332133810, -1.697624870720216839 ) ) ;
#5655 = CARTESIAN_POINT ( 'NONE',  ( -0.8500000000000007550, 7.691666664754834848, 1.472243186433545237 ) ) ;
#5656 = CARTESIAN_POINT ( 'NONE',  ( 1.238418593047733607, 2.414908000686678768, 1.165328848734982214 ) ) ;
#5657 = CARTESIAN_POINT ( 'NONE',  ( -4.409630270093162085E-16, 6.743749999044084120, 2.400490913332899545 ) ) ;
#5658 = CARTESIAN_POINT ( 'NONE',  ( 0.000000000000000000, 1.500000000000000444, 4.500000000000000000 ) ) ;
#5659 = EDGE_CURVE ( 'NONE', #712, #4365, #749, .T. ) ;
#5660 = CARTESIAN_POINT ( 'NONE',  ( 1.684542656612372458, 9.514081424908146900, -0.2293953165245290471 ) ) ;
#5661 = CARTESIAN_POINT ( 'NONE',  ( 1.039443056250000330, 2.268025202456707135, -1.800368184999674215 ) ) ;
#5662 = EDGE_CURVE ( 'NONE', #5311, #8089, #1586, .T. ) ;
#5663 = ORIENTED_EDGE ( 'NONE', *, *, #7764, .T. ) ;
#5664 = CARTESIAN_POINT ( 'NONE',  ( -7.239573367979930119, 3.116536647565487872, 2.472101282769620934 ) ) ;
#5665 = CARTESIAN_POINT ( 'NONE',  ( 1.699999999999999956, 1.800000000000000044, 0.000000000000000000 ) ) ;
#5666 = AXIS2_PLACEMENT_3D ( 'NONE', #3175, #5176, #6520 ) ;
#5667 = CARTESIAN_POINT ( 'NONE',  ( 1.194756381300041248, 0.3107864726959685964, 1.209372778851817820 ) ) ;
#5668 = CARTESIAN_POINT ( 'NONE',  ( -1.111637993740978159, 5.746639273395688363, 1.286305049119731869 ) ) ;
#5669 = CARTESIAN_POINT ( 'NONE',  ( -1.039443056249999664, 3.739583332377400815, -1.800368184999674659 ) ) ;
#5670 = VECTOR ( 'NONE', #6879, 1000.000000000000000 ) ;
#5671 = CARTESIAN_POINT ( 'NONE',  ( 0.4306546166799678499, 8.673617379884035472E-16, -2.396569411608722611 ) ) ;
#5672 = ORIENTED_EDGE ( 'NONE', *, *, #7915, .T. ) ;
#5673 = CIRCLE ( 'NONE', #3994, 0.1000000000000001443 ) ;
#5674 = CARTESIAN_POINT ( 'NONE',  ( 2.078886112499999328, 9.047916665710751261, 1.200245456666450661 ) ) ;
#5675 = CARTESIAN_POINT ( 'NONE',  ( 9.368548013477252244E-16, 0.000000000000000000, 7.650000000000000355 ) ) ;
#5676 = CARTESIAN_POINT ( 'NONE',  ( 1.039443056249998776, 1.202083332377418046, 1.800368184999675325 ) ) ;
#5677 = CARTESIAN_POINT ( 'NONE',  ( -1.115403708959489038, 9.053531574216885147, -1.284256255299975447 ) ) ;
#5678 = CARTESIAN_POINT ( 'NONE',  ( -0.6237612394554741257, 7.182247404339287655, 1.584319712530946278 ) ) ;
#5679 = TOROIDAL_SURFACE ( 'NONE', #2344, 9.099999999999997868, 0.2000000000000000111 ) ;
#5680 = CARTESIAN_POINT ( 'NONE',  ( -0.7123042963995394050, 0.5015755400721507717, 1.934970748806955188 ) ) ;
#5681 = CARTESIAN_POINT ( 'NONE',  ( -1.826985948301381057, 0.5017269714123847590, 0.0007254817721930227831 ) ) ;
#5682 = CARTESIAN_POINT ( 'NONE',  ( 2.078886112499999328, 4.147916665710750905, 1.200245456666450661 ) ) ;
#5683 = B_SPLINE_CURVE_WITH_KNOTS ( 'NONE', 3,
 ( #4412, #5111, #7624, #3801, #450, #7747, #4496, #5152, #3028, #4370, #1060, #8308, #5799, #1843, #1185, #7789, #7100, #1804, #7058, #410, #6454, #5677, #6493, #5029, #493, #2373, #1104, #4458, #4985, #6373, #8432, #1714, #8347, #2412, #7662, #7141, #7703, #3671, #3843, #533, #3759, #8265, #1675, #2324, #4327, #6977, #7301, #575, #6616, #5315, #612, #1226, #4582, #8556, #3230, #4538, #8515, #3269, #3882, #7222, #1351, #1265, #657, #2704, #6575, #7182, #2622, #2577, #5922, #6662, #7347, #7, #6534, #8473, #3922, #1400, #5275, #4008, #2007, #6704, #1966, #5880, #750, #702, #3356, #7987, #4053, #7908, #4623, #3313 ),
 .UNSPECIFIED., .F., .F.,
 ( 4, 2, 2, 1, 2, 2, 1, 2, 1, 2, 2, 2, 2, 2, 1, 2, 2, 2, 2, 2, 1, 2, 2, 2, 2, 2, 2, 2, 2, 2, 2, 2, 2, 2, 1, 2, 2, 2, 2, 2, 2, 2, 2, 2, 2, 2, 2, 4 ),
 ( 0.8974631504071193255, 0.8996349511178565184, 0.9018067518285936002, 0.9020782269174357770, 0.9022139644618568655, 0.9023497020062779539, 0.9028926521839621966, 0.9039785525393307930, 0.9045215027170150357, 0.9046572402614361241, 0.9047929778058572126, 0.9050644528946993894, 0.9061503532500678748, 0.9066933034277522285, 0.9069647785165942944, 0.9071005160610153828, 0.9072362536054364712, 0.9083221539608050676, 0.9104939546715422605, 0.9115798550269108569, 0.9118513301157529227, 0.9119870676601740112, 0.9121228052045950996, 0.9126657553822794533, 0.9137516557376479387, 0.9142946059153322924, 0.9145660810041744693, 0.9148375560930165351, 0.9159234564483851315, 0.9164664066260694852, 0.9167378817149115511, 0.9170093568037537279, 0.9191811575144909208, 0.9213529582252281136, 0.9216244333140701794, 0.9217601708584912679, 0.9218959084029123563, 0.9224388585805965990, 0.9235247589359651954, 0.9256965596467023882, 0.9262395098243867420, 0.9267824600020709847, 0.9278683603574395811, 0.9300401610681767739, 0.9311260614235453703, 0.9313975365123875472, 0.9316690116012296130, 0.9322119617789139667 ),
 .UNSPECIFIED. ) ;
#5684 = CARTESIAN_POINT ( 'NONE',  ( -1.399598328442655637, 7.682275047378482213, -0.9688471285760830165 ) ) ;
#5685 = CARTESIAN_POINT ( 'NONE',  ( 1.018914053830438204, 7.995800601564342358, 1.360880397602265424 ) ) ;
#5686 = CARTESIAN_POINT ( 'NONE',  ( 0.2031097648528980559, 1.961061834077975519, -1.687843404786006696 ) ) ;
#5687 = EDGE_CURVE ( 'NONE', #2381, #2407, #6287, .T. ) ;
#5688 = ORIENTED_EDGE ( 'NONE', *, *, #2509, .F. ) ;
#5689 = CARTESIAN_POINT ( 'NONE',  ( 0.6651080232380143231, 4.470616525237019800, 1.565064485910862668 ) ) ;
#5690 = CARTESIAN_POINT ( 'NONE',  ( 4.400384907664991907, 2.000000000000000444, 2.279064564105347301 ) ) ;
#5691 = CARTESIAN_POINT ( 'NONE',  ( 1.699999999999999067, 5.941666666666666430, 0.9814954576223646754 ) ) ;
#5692 = CARTESIAN_POINT ( 'NONE',  ( -2.078886112500000216, 4.556249999044084120, -2.545901223465009197E-16 ) ) ;
#5693 = CARTESIAN_POINT ( 'NONE',  ( 4.500000000000000000, 7.499999999999998224, -2.179449471770337432 ) ) ;
#5694 = CARTESIAN_POINT ( 'NONE',  ( 2.078886112499999328, 3.360416665710751261, 1.200245456666450661 ) ) ;
#5695 = CARTESIAN_POINT ( 'NONE',  ( -1.658391212177752582E-06, 8.975000113811159252, -1.699999999999190825 ) ) ;
#5696 = CARTESIAN_POINT ( 'NONE',  ( -1.652105304931194896, 1.424495712185556373, -0.4012244826481243254 ) ) ;
#5697 = AXIS2_PLACEMENT_3D ( 'NONE', #4499, #3195, #5844 ) ;
#5698 = EDGE_CURVE ( 'NONE', #3105, #1766, #5532, .T. ) ;
#5699 = VERTEX_POINT ( 'NONE', #2943 ) ;
#5700 = CARTESIAN_POINT ( 'NONE',  ( 1.620662873960005079, 3.866734518269530074, 0.5133246120078158725 ) ) ;
#5701 = CARTESIAN_POINT ( 'NONE',  ( -1.700000000000000400, 10.43333333142149932, 0.9814954576223632321 ) ) ;
#5702 = AXIS2_PLACEMENT_3D ( 'NONE', #80, #1210, #3253 ) ;
#5703 = CARTESIAN_POINT ( 'NONE',  ( 1.661585074908943138, 2.522957269836773264, -0.3637018101337139986 ) ) ;
#5704 = CARTESIAN_POINT ( 'NONE',  ( 1.039443056249998776, 7.502083332377417868, 1.800368184999675325 ) ) ;
#5705 = CARTESIAN_POINT ( 'NONE',  ( -1.636877436617226511, 0.7794443030715723086, 0.4589894439677267290 ) ) ;
#5706 = CARTESIAN_POINT ( 'NONE',  ( 1.564899069400821574, 8.144109875834301349, -0.6641754311199170591 ) ) ;
#5707 = CARTESIAN_POINT ( 'NONE',  ( 1.039443056249998776, 2.734691869123373476, 1.800368184999675325 ) ) ;
#5708 = ORIENTED_EDGE ( 'NONE', *, *, #7219, .F. ) ;
#5709 = LINE ( 'NONE', #401, #8423 ) ;
#5710 = CARTESIAN_POINT ( 'NONE',  ( 0.9945867758553769145, 0.2937479509443507442, 1.379077008207781452 ) ) ;
#5711 = EDGE_CURVE ( 'NONE', #4379, #6450, #6029, .T. ) ;
#5712 = FACE_OUTER_BOUND ( 'NONE', #4014, .T. ) ;
#5713 = EDGE_CURVE ( 'NONE', #365, #1161, #1475, .T. ) ;
#5714 = CARTESIAN_POINT ( 'NONE',  ( -2.078886112500001104, 3.914583332377400193, 1.200245456666448884 ) ) ;
#5715 = CARTESIAN_POINT ( 'NONE',  ( 2.003350524504931673, 8.673617379884035472E-16, -1.050116522965187427 ) ) ;
#5716 = ORIENTED_EDGE ( 'NONE', *, *, #2951, .T. ) ;
#5717 = CARTESIAN_POINT ( 'NONE',  ( 1.699999999999999956, 3.083333331421502788, -0.9814954576223635652 ) ) ;
#5718 = CARTESIAN_POINT ( 'NONE',  ( 1.696306788992123948, 1.093208317717988765, 0.1121376673127340573 ) ) ;
#5719 = CARTESIAN_POINT ( 'NONE',  ( 1.275717087617790568, 10.11254921189533640, 2.034843594754698781 ) ) ;
#5720 = CARTESIAN_POINT ( 'NONE',  ( -0.4556817372763290463, 10.20000000000000462, 1.996732225763055979 ) ) ;
#5721 = CARTESIAN_POINT ( 'NONE',  ( 1.039443056249993225, 5.402083332377411118, 1.800368184999666221 ) ) ;
#5722 = CARTESIAN_POINT ( 'NONE',  ( -1.701236550301841621, 0.05172614481700336941, 0.02673498479069547074 ) ) ;
#5723 = CARTESIAN_POINT ( 'NONE',  ( -1.753708307018748469, 0.5021918943244432221, -0.3607490855842878652 ) ) ;
#5724 = CARTESIAN_POINT ( 'NONE',  ( 1.039443056249998776, 6.889583332377417157, 1.800368184999675325 ) ) ;
#5725 = CARTESIAN_POINT ( 'NONE',  ( 0.01756499680609576938, 6.873794570569982554, -1.699922247714116041 ) ) ;
#5726 = CARTESIAN_POINT ( 'NONE',  ( 0.4205558482283205946, 7.953945571112590152, 1.647421747532319847 ) ) ;
#5727 = CARTESIAN_POINT ( 'NONE',  ( 1.538981946571922332, 1.848465809509726610, -0.7224931045615688996 ) ) ;
#5728 = ORIENTED_EDGE ( 'NONE', *, *, #5662, .T. ) ;
#5729 = DIRECTION ( 'NONE',  ( -1.000000000000000000, 0.000000000000000000, -0.000000000000000000 ) ) ;
#5730 = CARTESIAN_POINT ( 'NONE',  ( -1.196545232106959400, 2.760823873644950410, -1.209004108666889676 ) ) ;
#5731 = CARTESIAN_POINT ( 'NONE',  ( 1.699999999999999289, 5.766666664754835026, 0.9814954576223646754 ) ) ;
#5732 = CARTESIAN_POINT ( 'NONE',  ( 1.201985270554894323E-16, 7.574999999999999289, -1.962990915244727130 ) ) ;
#5733 = CARTESIAN_POINT ( 'NONE',  ( -4.409630270093162085E-16, 6.831249999044084475, 2.400490913332899545 ) ) ;
#5734 = DIRECTION ( 'NONE',  ( 0.000000000000000000, 1.000000000000000000, 0.000000000000000000 ) ) ;
#5735 = CARTESIAN_POINT ( 'NONE',  ( -2.078886112499999772, 3.710416665710750017, -1.200245456666450439 ) ) ;
#5736 = CARTESIAN_POINT ( 'NONE',  ( -0.7537256685985631588, 8.326578221804465940, -1.527838403455380467 ) ) ;
#5737 = CARTESIAN_POINT ( 'NONE',  ( -1.700026629139681500, 1.453589268793420208, 0.05336455192671534647 ) ) ;
#5738 = ORIENTED_EDGE ( 'NONE', *, *, #7812, .T. ) ;
#5739 = CARTESIAN_POINT ( 'NONE',  ( 1.274153417205412309, 3.981443077738048952, -1.125760980359924224 ) ) ;
#5740 = CARTESIAN_POINT ( 'NONE',  ( 0.8499999999999988676, 8.508333331421500390, 1.472243186433546347 ) ) ;
#5741 = CARTESIAN_POINT ( 'NONE',  ( 0.2405846878798997834, 2.341411129523895962, 1.683309263964383184 ) ) ;
#5742 = CARTESIAN_POINT ( 'NONE',  ( 1.039443056249998776, 9.602083332377418401, 1.800368184999675325 ) ) ;
#5743 = CARTESIAN_POINT ( 'NONE',  ( -0.8216086705794291012, 0.6314585364567445458, -1.488804930148762695 ) ) ;
#5745 = CARTESIAN_POINT ( 'NONE',  ( 0.8498730938557007564, 8.216674844499699759, -1.473195078838238192 ) ) ;
#5744 = APPLICATION_PROTOCOL_DEFINITION ( 'draft international standard', 'automotive_design', 1998, #6353 ) ;
#5746 = CARTESIAN_POINT ( 'NONE',  ( 1.039443056250000330, 2.968025202456706868, -1.800368184999674215 ) ) ;
#5747 = ORIENTED_EDGE ( 'NONE', *, *, #6562, .T. ) ;
#5748 = DIRECTION ( 'NONE',  ( 0.7071067811865403563, -1.082467449009526616E-16, 0.7071067811865547892 ) ) ;
#5749 = DIRECTION ( 'NONE',  ( -1.000000000000000000, -0.000000000000000000, -0.000000000000000000 ) ) ;
#5750 = CARTESIAN_POINT ( 'NONE',  ( 1.099800047498207034, 0.3023108850071503650, 1.296650120895641800 ) ) ;
#5751 = VECTOR ( 'NONE', #5921, 1000.000000000000000 ) ;
#5752 = CARTESIAN_POINT ( 'NONE',  ( -0.5975383700896559347, 5.783871905111764633, 1.591644343636092085 ) ) ;
#5753 = CARTESIAN_POINT ( 'NONE',  ( -1.039443056250000996, 8.872916665710732786, 1.800368184999674215 ) ) ;
#5754 = CARTESIAN_POINT ( 'NONE',  ( -2.608682923894159345, 1.734723475976807094E-15, 1.169506014350319090 ) ) ;
#5755 = ORIENTED_EDGE ( 'NONE', *, *, #1031, .T. ) ;
#5756 = CARTESIAN_POINT ( 'NONE',  ( 1.699999999999999956, 3.724999998088168507, 0.000000000000000000 ) ) ;
#5757 = CARTESIAN_POINT ( 'NONE',  ( 1.692803878311579968, 1.090086728169441299, 0.1625917386718766233 ) ) ;
#5758 = EDGE_CURVE ( 'NONE', #4818, #6450, #3067, .T. ) ;
#5759 = CARTESIAN_POINT ( 'NONE',  ( -4.409630270093162085E-16, -0.2562500009559154912, 2.400490913332899545 ) ) ;
#5760 = CARTESIAN_POINT ( 'NONE',  ( -4.500000000000000000, 7.499999999999998224, -2.179449471770337432 ) ) ;
#5761 = CARTESIAN_POINT ( 'NONE',  ( 2.078886112499989114, 4.818749999044078081, 0.000000000000000000 ) ) ;
#5762 = CARTESIAN_POINT ( 'NONE',  ( -1.558610671248710666, 0.09733411828777925601, 0.7138831461733112782 ) ) ;
#5763 = CARTESIAN_POINT ( 'NONE',  ( -1.361398398639439344, 0.5017796214855836379, 1.447447399975412274 ) ) ;
#5764 = CARTESIAN_POINT ( 'NONE',  ( 2.078886112500000216, 5.606249999044083943, 0.000000000000000000 ) ) ;
#5765 = CARTESIAN_POINT ( 'NONE',  ( -1.697742568834924359, 7.755472145071801826, 0.09074743702135643075 ) ) ;
#5766 = CARTESIAN_POINT ( 'NONE',  ( 1.528917095906872525, 8.049942557070105309, 0.7434499721949533457 ) ) ;
#5767 = CARTESIAN_POINT ( 'NONE',  ( 1.691056141956328807, 1.789311151451739024, 0.1746777033933502865 ) ) ;
#5768 = VERTEX_POINT ( 'NONE', #5675 ) ;
#5769 = CARTESIAN_POINT ( 'NONE',  ( 1.686286672141326548, 4.613808263440101420, -0.2185685426993111413 ) ) ;
#5770 = CARTESIAN_POINT ( 'NONE',  ( 7.262487513574959513E-16, 2.675000000000000266, -1.699999999999999734 ) ) ;
#5771 = DIRECTION ( 'NONE',  ( -0.000000000000000000, 1.000000000000000000, -0.000000000000000000 ) ) ;
#5772 = CARTESIAN_POINT ( 'NONE',  ( -1.699999999999999289, 9.791666666666666075, -0.9814954576223643423 ) ) ;
#5773 = CARTESIAN_POINT ( 'NONE',  ( -2.078886112500000216, 3.914583332377417069, 1.200245456666449106 ) ) ;
#5774 = CARTESIAN_POINT ( 'NONE',  ( 2.078886112499999328, 6.860416665710750372, 1.200245456666450661 ) ) ;
#5775 = CARTESIAN_POINT ( 'NONE',  ( -1.130524789577900036, 8.354990307327957666, -1.269611972584099302 ) ) ;
#5776 = CARTESIAN_POINT ( 'NONE',  ( -4.500000000000000000, 1.500000000000000444, -2.179449471770337432 ) ) ;
#5777 = ORIENTED_EDGE ( 'NONE', *, *, #1292, .T. ) ;
#5778 = CARTESIAN_POINT ( 'NONE',  ( 1.224173035347445815, 3.986448208339501864, -1.179596536234171378 ) ) ;
#5779 = CARTESIAN_POINT ( 'NONE',  ( 1.699999999999999956, 9.324999998088168596, 0.000000000000000000 ) ) ;
#5780 = FACE_OUTER_BOUND ( 'NONE', #1494, .T. ) ;
#5781 = CARTESIAN_POINT ( 'NONE',  ( 0.000000000000000000, 10.19999999999999929, -1.699999999999999956 ) ) ;
#5782 = CARTESIAN_POINT ( 'NONE',  ( -1.507106838572232821, 0.6965770403607430827, -0.7877833518325471074 ) ) ;
#5783 = CARTESIAN_POINT ( 'NONE',  ( 0.9001713057910554205, 8.213179324880496068, -1.443165732547446956 ) ) ;
#5784 = CARTESIAN_POINT ( 'NONE',  ( -1.039443056250000996, 1.918025202456707046, 1.800368184999674215 ) ) ;
#5785 = ORIENTED_EDGE ( 'NONE', *, *, #1456, .T. ) ;
#5786 = CARTESIAN_POINT ( 'NONE',  ( 1.288670795238789912, 5.919251436817176248, 1.121208491240025973 ) ) ;
#5787 = EDGE_CURVE ( 'NONE', #4593, #5974, #2494, .T. ) ;
#5788 = LINE ( 'NONE', #3702, #4424 ) ;
#5789 = CARTESIAN_POINT ( 'NONE',  ( -7.252000366886311333, 3.176175380897988454, 2.435362535369395509 ) ) ;
#5790 = CARTESIAN_POINT ( 'NONE',  ( 0.9466346122339526215, 0.1475002767236198720, 1.414092896886381068 ) ) ;
#5791 = CARTESIAN_POINT ( 'NONE',  ( -3.956290731841337838, 2.373921791567575657, -3.226782805549678557 ) ) ;
#5792 = CARTESIAN_POINT ( 'NONE',  ( -1.039443056249999664, 9.339583332377399572, -1.800368184999674659 ) ) ;
#5793 = VERTEX_POINT ( 'NONE', #5068 ) ;
#5794 = ORIENTED_EDGE ( 'NONE', *, *, #5988, .F. ) ;
#5795 = CARTESIAN_POINT ( 'NONE',  ( 0.8500000000000001998, 1.041666664754835603, -1.472243186433545459 ) ) ;
#5796 = CARTESIAN_POINT ( 'NONE',  ( 1.564978958051284952, 1.055902790780403500, 0.6640080560248614594 ) ) ;
#5797 = VECTOR ( 'NONE', #2529, 1000.000000000000000 ) ;
#5798 = CARTESIAN_POINT ( 'NONE',  ( -1.039443056249999664, 0.1520833323774178070, -1.800368184999674437 ) ) ;
#5799 = CARTESIAN_POINT ( 'NONE',  ( -0.8915622562440705945, 9.036406941053265029, -1.448439374871805185 ) ) ;
#5800 = CARTESIAN_POINT ( 'NONE',  ( -2.078886112499989114, 5.868749999044077903, -2.545901223464995885E-16 ) ) ;
#5801 = CARTESIAN_POINT ( 'NONE',  ( -0.6919387145729701816, 0.1774421558057451553, 1.553010954830190471 ) ) ;
#5802 = CARTESIAN_POINT ( 'NONE',  ( -0.4556817372763290463, 10.20000000000000462, 1.996732225763055979 ) ) ;
#5803 = CARTESIAN_POINT ( 'NONE',  ( -2.078886112500000216, 8.056249999044084120, -2.545901223465009197E-16 ) ) ;
#5804 = AXIS2_PLACEMENT_3D ( 'NONE', #522, #5831, #3181 ) ;
#5805 = CARTESIAN_POINT ( 'NONE',  ( -1.630044188900749536, 7.782167203107747788, 0.4998236137139855928 ) ) ;
#5806 = CARTESIAN_POINT ( 'NONE',  ( -5.107491688851539813, 3.090000000000000746, -2.986171345291896095 ) ) ;
#5807 = AXIS2_PLACEMENT_3D ( 'NONE', #1996, #6695, #136 ) ;
#5808 = VERTEX_POINT ( 'NONE', #5150 ) ;
#5809 = CARTESIAN_POINT ( 'NONE',  ( -3.842231991226749805E-07, 4.424994367994465883, 1.699999999999913358 ) ) ;
#5810 = ADVANCED_FACE ( 'NONE', ( #7700 ), #6411, .T. ) ;
#5811 = CARTESIAN_POINT ( 'NONE',  ( 0.000000000000000000, 3.000000000000000000, 0.000000000000000000 ) ) ;
#5812 = CARTESIAN_POINT ( 'NONE',  ( 0.000000000000000000, 7.500000000000000000, 0.000000000000000000 ) ) ;
#5813 = CARTESIAN_POINT ( 'NONE',  ( -0.1496284027916634229, 0.5638774087785226596, -0.2639200794144465623 ) ) ;
#5814 = CARTESIAN_POINT ( 'NONE',  ( -2.078886112500000216, 6.568749999044084298, -2.545901223465009197E-16 ) ) ;
#5815 = CARTESIAN_POINT ( 'NONE',  ( -0.9911750138808380628, 8.344014247957790786, -1.382269957173761332 ) ) ;
#5816 = DIRECTION ( 'NONE',  ( 0.000000000000000000, 0.000000000000000000, -1.000000000000000000 ) ) ;
#5817 = EDGE_CURVE ( 'NONE', #1800, #6708, #7098, .T. ) ;
#5818 = CARTESIAN_POINT ( 'NONE',  ( -0.6027469601015984502, 4.116366187249749231, -1.589787298791891512 ) ) ;
#5819 = ORIENTED_EDGE ( 'NONE', *, *, #3987, .F. ) ;
#5820 = CARTESIAN_POINT ( 'NONE',  ( 1.614195336348264620, 3.865282518031287307, 0.5335968497229782725 ) ) ;
#5821 = CARTESIAN_POINT ( 'NONE',  ( 0.4266730845701949826, 3.054413756268860691, 1.648090060473275775 ) ) ;
#5822 = CARTESIAN_POINT ( 'NONE',  ( 1.039364339325430153, 2.602954643378641908, -1.349938480634206961 ) ) ;
#5823 = CARTESIAN_POINT ( 'NONE',  ( -1.235951617878529474, 0.007887336674246162374, 1.174380721611055334 ) ) ;
#5824 = VECTOR ( 'NONE', #7516, 1000.000000000000000 ) ;
#5825 = CARTESIAN_POINT ( 'NONE',  ( -1.699999999999999289, -0.7083333333333333703, -0.9814954576223643423 ) ) ;
#5826 = LINE ( 'NONE', #8582, #5250 ) ;
#5827 = CARTESIAN_POINT ( 'NONE',  ( 0.5577026388406575164, 8.236726435541545044, -1.607002967192377119 ) ) ;
#5828 = CARTESIAN_POINT ( 'NONE',  ( -2.078886112500000216, 7.401358535790039106, -2.545901223465009197E-16 ) ) ;
#5829 = ORIENTED_EDGE ( 'NONE', *, *, #6246, .T. ) ;
#5830 = CARTESIAN_POINT ( 'NONE',  ( 0.5260523840224667902, 5.861101644034192759, 1.616562061646422688 ) ) ;
#5831 = DIRECTION ( 'NONE',  ( -0.000000000000000000, 1.000000000000000000, -0.000000000000000000 ) ) ;
#5832 = CARTESIAN_POINT ( 'NONE',  ( 0.8170819520112001522, 7.280820801894431149, 1.494003986614603763 ) ) ;
#5833 = CARTESIAN_POINT ( 'NONE',  ( 0.8931531546367660335, 0.2864576560677398187, 1.446899345898535971 ) ) ;
#5834 = PLANE ( 'NONE',  #6649 ) ;
#5835 = CARTESIAN_POINT ( 'NONE',  ( -1.916177807571212144, 10.20000000000000107, 0.8062444285183907322 ) ) ;
#5836 = ORIENTED_EDGE ( 'NONE', *, *, #6448, .T. ) ;
#5837 = VECTOR ( 'NONE', #3776, 1000.000000000000000 ) ;
#5838 = EDGE_LOOP ( 'NONE', ( #7776, #1256, #3047, #6987 ) ) ;
#5839 = CARTESIAN_POINT ( 'NONE',  ( -1.699999999999999956, 3.374999998088168862, -2.081899558550500280E-16 ) ) ;
#5840 = CARTESIAN_POINT ( 'NONE',  ( -3.842231991226749805E-07, 4.424994367994465883, 1.699999999999913358 ) ) ;
#5841 = CARTESIAN_POINT ( 'NONE',  ( -1.176632124944712698, 0.4852565666408723555, -1.233275018596561079 ) ) ;
#5842 = CARTESIAN_POINT ( 'NONE',  ( 1.039443056249994779, 4.935416665710745221, -1.800368184999665111 ) ) ;
#5843 = CARTESIAN_POINT ( 'NONE',  ( -1.173760467002805230, 0.1412237621269575305, 1.231617144804030506 ) ) ;
#5844 = DIRECTION ( 'NONE',  ( 0.000000000000000000, 0.000000000000000000, 1.000000000000000000 ) ) ;
#5845 = CARTESIAN_POINT ( 'NONE',  ( 1.039443056250000330, 7.822916665710751616, -1.800368184999674215 ) ) ;
#5846 = CARTESIAN_POINT ( 'NONE',  ( -0.6432618819713424863, 7.880749838726978318, 1.574132921423711196 ) ) ;
#5847 = FACE_OUTER_BOUND ( 'NONE', #6739, .T. ) ;
#5848 = CARTESIAN_POINT ( 'NONE',  ( -0.6430979980804149010, 6.480869535756536237, 1.573713339261474609 ) ) ;
#5849 = ORIENTED_EDGE ( 'NONE', *, *, #899, .F. ) ;
#5850 = CARTESIAN_POINT ( 'NONE',  ( 1.525374244293736137, 4.549393853273368649, 0.7508310164667800768 ) ) ;
#5851 = DIRECTION ( 'NONE',  ( 0.000000000000000000, -1.000000000000000000, 0.000000000000000000 ) ) ;
#5852 = LINE ( 'NONE', #7758, #3639 ) ;
#5853 = ADVANCED_FACE ( 'NONE', ( #3881 ), #50, .T. ) ;
#5854 = CARTESIAN_POINT ( 'NONE',  ( -0.1541616334117459908, 0.5611430075088019720, -0.2680341812490383280 ) ) ;
#5855 = CARTESIAN_POINT ( 'NONE',  ( -2.078886112499999772, 8.610416665710751261, -1.200245456666450439 ) ) ;
#5856 = CARTESIAN_POINT ( 'NONE',  ( -0.9104532482076110878, 8.562427006388084294, 1.435697806909244312 ) ) ;
#5857 = DIRECTION ( 'NONE',  ( 1.000000000000000000, -0.000000000000000000, 0.000000000000000000 ) ) ;
#5858 = TOROIDAL_SURFACE ( 'NONE', #4048, 8.299999999999998934, 1.000000000000000000 ) ;
#5859 = CARTESIAN_POINT ( 'NONE',  ( -1.449793055938108699, 4.188639754434138496, -0.8879642908059368622 ) ) ;
#5860 = ORIENTED_EDGE ( 'NONE', *, *, #8341, .T. ) ;
#5861 = CARTESIAN_POINT ( 'NONE',  ( 0.3970625667914418622, 3.752266705493930932, 1.652984748826007433 ) ) ;
#5862 = CARTESIAN_POINT ( 'NONE',  ( -2.885102807365160338, 3.000000000000000000, 7.085102807365162292 ) ) ;
#5863 = FACE_OUTER_BOUND ( 'NONE', #5304, .T. ) ;
#5864 = CARTESIAN_POINT ( 'NONE',  ( 1.699999999999999956, 3.024999998088168773, 0.000000000000000000 ) ) ;
#5865 = CARTESIAN_POINT ( 'NONE',  ( 1.699999999999999067, -0.3583333333333333370, 0.9814954576223646754 ) ) ;
#5866 = CARTESIAN_POINT ( 'NONE',  ( 6.240959541580471603E-08, 2.150000914801208918, 1.699999999999997513 ) ) ;
#5867 = CARTESIAN_POINT ( 'NONE',  ( -7.296724953260062208, 3.200000000000000178, -2.297891415291845707 ) ) ;
#5868 = CARTESIAN_POINT ( 'NONE',  ( 1.115948190009793839, 8.196264188072252210, -1.282509130794934338 ) ) ;
#5869 = CARTESIAN_POINT ( 'NONE',  ( -2.078886112499999772, 6.643025202456706246, -1.200245456666450439 ) ) ;
#5870 = ORIENTED_EDGE ( 'NONE', *, *, #2268, .T. ) ;
#5871 = CARTESIAN_POINT ( 'NONE',  ( 1.543649170947172466, 5.952053065478818183, 0.7157891582413621334 ) ) ;
#5872 = CARTESIAN_POINT ( 'NONE',  ( 1.332810511530404307, 7.324251421747351998, 1.061439148653405384 ) ) ;
#5873 = CARTESIAN_POINT ( 'NONE',  ( 1.563093094027651953, 0.3555115755983601078, 0.6694759561907505097 ) ) ;
#5874 = CARTESIAN_POINT ( 'NONE',  ( 0.000000000000000000, 10.19999999999999929, -1.699999999999999956 ) ) ;
#5875 = VERTEX_POINT ( 'NONE', #532 ) ;
#5876 = EDGE_CURVE ( 'NONE', #6409, #5106, #6533, .T. ) ;
#5877 = VERTEX_POINT ( 'NONE', #1225 ) ;
#5878 = CARTESIAN_POINT ( 'NONE',  ( 1.699999999999999956, 3.024999998088168773, 0.000000000000000000 ) ) ;
#5879 = CARTESIAN_POINT ( 'NONE',  ( 0.000000000000000000, 0.000000000000000000, 0.000000000000000000 ) ) ;
#5880 = CARTESIAN_POINT ( 'NONE',  ( -0.3489674593199976194, 9.301090743216764878, 1.664867663183706492 ) ) ;
#5881 = CARTESIAN_POINT ( 'NONE',  ( -1.039443056249994113, 4.352083332377411296, -1.800368184999665333 ) ) ;
#5882 = CARTESIAN_POINT ( 'NONE',  ( -0.2686218941668694349, 2.306565395020748532, 1.678703021152800678 ) ) ;
#5883 = CARTESIAN_POINT ( 'NONE',  ( -1.226594757945033809, 0.1363297947083536021, 1.179769662307931455 ) ) ;
#5884 = CARTESIAN_POINT ( 'NONE',  ( 7.233617738330956115, 3.101480656498026178, -2.489507632570827411 ) ) ;
#5885 = CARTESIAN_POINT ( 'NONE',  ( 2.078886112499999772, 5.664583332377417513, -1.200245456666449329 ) ) ;
#5886 = DIRECTION ( 'NONE',  ( 0.000000000000000000, 0.000000000000000000, 1.000000000000000000 ) ) ;
#5887 = CARTESIAN_POINT ( 'NONE',  ( 2.179449471770337432, 7.499999999999998224, 4.500000000000000000 ) ) ;
#5888 = CARTESIAN_POINT ( 'NONE',  ( -1.114476222331275634, 6.446388939510141469, 1.283753043982927222 ) ) ;
#5889 = ORIENTED_EDGE ( 'NONE', *, *, #3676, .F. ) ;
#5890 = CARTESIAN_POINT ( 'NONE',  ( 1.030391840921121238, 4.703404215227218188, -1.353261305365937028 ) ) ;
#5891 = CARTESIAN_POINT ( 'NONE',  ( -1.358666375964754147, 2.777558746439767745, -1.021800423631741284 ) ) ;
#5892 = CARTESIAN_POINT ( 'NONE',  ( -0.6823010318625455373, 6.921816815362950237, -1.557103807930679595 ) ) ;
#5893 = CARTESIAN_POINT ( 'NONE',  ( -0.2259389111113434823, 0.5104733271140371453, 0.8199263053423788694 ) ) ;
#5894 = CARTESIAN_POINT ( 'NONE',  ( -2.078886112500000216, 8.668749999044084831, -2.545901223465009197E-16 ) ) ;
#5895 = FACE_OUTER_BOUND ( 'NONE', #7212, .T. ) ;
#5896 = CARTESIAN_POINT ( 'NONE',  ( 0.000000000000000000, -5.000000000000000000, 0.000000000000000000 ) ) ;
#5897 = AXIS2_PLACEMENT_3D ( 'NONE', #2520, #8579, #5174 ) ;
#5898 = DIRECTION ( 'NONE',  ( 0.000000000000000000, 1.000000000000000000, 0.000000000000000000 ) ) ;
#5899 = CARTESIAN_POINT ( 'NONE',  ( -1.059695401385213342, 6.249001368155838954, -1.329305851391535676 ) ) ;
#5900 = CARTESIAN_POINT ( 'NONE',  ( -2.966664951328182198, 3.021034482758621742, 5.087985294887741539 ) ) ;
#5901 = FACE_OUTER_BOUND ( 'NONE', #1519, .T. ) ;
#5902 = FACE_OUTER_BOUND ( 'NONE', #16, .T. ) ;
#5903 = CARTESIAN_POINT ( 'NONE',  ( -1.033925638146054427, 0.02292549744270568415, 1.352118579356399453 ) ) ;
#5904 = ADVANCED_FACE ( 'NONE', ( #3191 ), #5359, .T. ) ;
#5905 = FACE_OUTER_BOUND ( 'NONE', #2463, .T. ) ;
#5906 = LINE ( 'NONE', #6519, #4171 ) ;
#5907 = CARTESIAN_POINT ( 'NONE',  ( -0.1794029361131202760, 0.9128220430350071357, 1.700000001223823887 ) ) ;
#5908 = B_SPLINE_CURVE_WITH_KNOTS ( 'NONE', 3,
 ( #288, #1062, #3030, #4329, #6376, #2457, #4943, #8267, #8350, #2326, #3071, #5722, #6979, #1806, #8310, #938, #2285, #4988, #3673, #2414, #2375, #7061, #1106, #1633, #3761, #3592, #452, #6939, #5762, #8391, #6251, #6293, #2947, #329, #5883, #5843, #3884, #4586, #2010, #3272, #2627, #8559, #1845, #3845, #4498, #6619, #7871, #8435, #5801, #1228, #7143, #5972, #10, #7911, #1188, #5154, #6536, #661, #8519, #3233, #5235, #5925 ),
 .UNSPECIFIED., .F., .F.,
 ( 4, 2, 2, 2, 2, 1, 2, 2, 1, 2, 2, 2, 2, 2, 2, 2, 2, 1, 2, 2, 2, 2, 2, 2, 2, 2, 2, 2, 2, 2, 1, 2, 4 ),
 ( 0.000000000000000000, 0.002856563038396584420, 0.003570703797995729550, 0.003749238987895516483, 0.003927774177795302982, 0.004284844557594875980, 0.005713126076793168841, 0.005891661266692955340, 0.006070196456592741839, 0.006427266836392314837, 0.007141407595991461701, 0.007498477975791034700, 0.007677013165690822066, 0.007855548355590607698, 0.008569689115189755430, 0.01142625215358634289, 0.01178332253338591588, 0.01214039291318548888, 0.01285453367278464008, 0.01428281519198293902, 0.01499695595158208848, 0.01535402633138166668, 0.01571109671118124315, 0.01713937823037956637, 0.01749644861017914804, 0.01785351898997872624, 0.01856765974957788959, 0.01928180050917704946, 0.01946033569907684030, 0.01954960329402673919, 0.01963887088897663460, 0.01999594126877621628, 0.02285250430717285230 ),
 .UNSPECIFIED. ) ;
#5909 = CARTESIAN_POINT ( 'NONE',  ( 0.9122494681176654963, 8.687757876757087772, 1.434709213377824977 ) ) ;
#5910 = CARTESIAN_POINT ( 'NONE',  ( -1.039443056249999664, 6.584691869123372676, -1.800368184999674437 ) ) ;
#5911 = VERTEX_POINT ( 'NONE', #7945 ) ;
#5912 = CARTESIAN_POINT ( 'NONE',  ( 1.688107776246029257, 5.986022751376355977, 0.2283632179346261892 ) ) ;
#5913 = EDGE_CURVE ( 'NONE', #2003, #4062, #4639, .T. ) ;
#5914 = CARTESIAN_POINT ( 'NONE',  ( 0.4425051630941695957, 7.255263977817439702, 1.642251820415192354 ) ) ;
#5915 = CARTESIAN_POINT ( 'NONE',  ( 1.681373699842906966, 0.3843601692259978608, 0.2521861256164185106 ) ) ;
#5916 = CARTESIAN_POINT ( 'NONE',  ( -0.5334065547223542092, 0.5016444718082705423, 2.008685121662200146 ) ) ;
#5917 = EDGE_CURVE ( 'NONE', #6770, #885, #3921, .T. ) ;
#5918 = ORIENTED_EDGE ( 'NONE', *, *, #5030, .F. ) ;
#5919 = VERTEX_POINT ( 'NONE', #5840 ) ;
#5920 = CARTESIAN_POINT ( 'NONE',  ( 0.8500000000000001998, 4.541666664754835381, -1.472243186433545459 ) ) ;
#5921 = DIRECTION ( 'NONE',  ( -0.000000000000000000, -0.000000000000000000, 1.000000000000000000 ) ) ;
#5922 = CARTESIAN_POINT ( 'NONE',  ( -1.341086253439408571, 9.224429202467812061, 1.045194679516763481 ) ) ;
#5923 = CARTESIAN_POINT ( 'NONE',  ( 2.078886112499988670, 9.660416665710746642, 1.200245456666444444 ) ) ;
#5924 = CARTESIAN_POINT ( 'NONE',  ( -1.598158628402246428, 2.111888367317400483, -0.5807739493343337944 ) ) ;
#5925 = CARTESIAN_POINT ( 'NONE',  ( 9.268116026981444736E-07, 0.2250136154093740348, 1.699999999999495248 ) ) ;
#5926 = CARTESIAN_POINT ( 'NONE',  ( -2.078886112499999772, -0.3569747975432931986, -1.200245456666450439 ) ) ;
#5927 = CARTESIAN_POINT ( 'NONE',  ( -2.680182346543768190, 3.063623187575866158, -7.165236767684207919 ) ) ;
#5928 = CARTESIAN_POINT ( 'NONE',  ( -2.645961513681670722E-06, 3.375000181585584791, -1.699999999997940714 ) ) ;
#5929 = CARTESIAN_POINT ( 'NONE',  ( -0.1399138740950666981, -8.673617379884035472E-16, -1.302861625984607974 ) ) ;
#5930 = AXIS2_PLACEMENT_3D ( 'NONE', #8537, #557, #6597 ) ;
#5931 = ORIENTED_EDGE ( 'NONE', *, *, #5967, .F. ) ;
#5932 = CARTESIAN_POINT ( 'NONE',  ( 0.7036907908884930674, 4.726662640322017772, -1.547558632728274208 ) ) ;
#5933 = CARTESIAN_POINT ( 'NONE',  ( -1.689308800589676807, 2.862089534743055719, 0.1969567244869858680 ) ) ;
#5934 = B_SPLINE_CURVE_WITH_KNOTS ( 'NONE', 3,
 ( #787, #4751, #4794, #3154, #2088, #5884, #2794, #5448, #2499, #2541 ),
 .UNSPECIFIED., .F., .F.,
 ( 4, 2, 2, 2, 4 ),
 ( 3.186890520727777483E-18, 0.0002774483335560889085, 0.0004161725003341317907, 0.0004855345837231526897, 0.0005548966671121734803 ),
 .UNSPECIFIED. ) ;
#5935 = CARTESIAN_POINT ( 'NONE',  ( -1.202918018918889054, 6.961490707451456927, -1.201762459498198599 ) ) ;
#5936 = CARTESIAN_POINT ( 'NONE',  ( 0.5160885507030356090, 0.5057939255210119889, 0.8723070405085940893 ) ) ;
#5937 = CARTESIAN_POINT ( 'NONE',  ( 2.078886112499999328, 1.347916665710751083, 1.200245456666450661 ) ) ;
#5938 = CARTESIAN_POINT ( 'NONE',  ( -0.5447379983472232512, 8.587648630849155751, 1.610485946752684416 ) ) ;
#5939 = DIRECTION ( 'NONE',  ( 0.000000000000000000, -1.000000000000000000, 0.000000000000000000 ) ) ;
#5940 = AXIS2_PLACEMENT_3D ( 'NONE', #6688, #3083, #6906 ) ;
#5941 = PLANE ( 'NONE',  #4831 ) ;
#5942 = CLOSED_SHELL ( 'NONE', ( #3946, #2203, #1340, #385, #7458, #6164, #7084, #2333, #6715, #6768, #1222, #826, #6872, #3006, #2230, #8505, #3998, #5015, #4345, #594, #4642, #6896, #1186, #4390, #2443, #1982, #1698, #6180, #6135, #1984, #8502, #3899, #4216, #3743, #3096, #5598, #6692, #6238, #3529, #6787, #7772, #5450, #395, #461, #1388, #1357, #5179, #231, #705, #2572, #3306, #185, #4381, #1605, #789, #973, #6607 ) ) ;
#5943 = CARTESIAN_POINT ( 'NONE',  ( -1.496282567200277303, 6.294995938012721837, -0.8077169446948598841 ) ) ;
#5944 = DIRECTION ( 'NONE',  ( 0.7071067811865453523, -2.775557561562891043E-17, 0.7071067811865497932 ) ) ;
#5945 = CARTESIAN_POINT ( 'NONE',  ( 0.8854558090001598547, 3.085798665657766282, 1.451284054029514881 ) ) ;
#5946 = CARTESIAN_POINT ( 'NONE',  ( 2.081899558550500280E-16, 10.19999999999999929, 1.699999999999999956 ) ) ;
#5947 = DIRECTION ( 'NONE',  ( -1.000000000000000000, -0.000000000000000000, 0.000000000000000000 ) ) ;
#5948 = CARTESIAN_POINT ( 'NONE',  ( 0.8500000000000001998, -0.1833333333333333204, -1.472243186433545459 ) ) ;
#5949 = LINE ( 'NONE', #7207, #1243 ) ;
#5950 = DIRECTION ( 'NONE',  ( -0.000000000000000000, -1.000000000000000000, -0.000000000000000000 ) ) ;
#5951 = VECTOR ( 'NONE', #6446, 1000.000000000000000 ) ;
#5952 = DIRECTION ( 'NONE',  ( 0.7071067811865403563, 1.360023205165816614E-16, 0.7071067811865549002 ) ) ;
#5953 = CARTESIAN_POINT ( 'NONE',  ( 2.078886112499999772, 7.109691869123372143, -1.200245456666449329 ) ) ;
#5954 = EDGE_CURVE ( 'NONE', #2711, #8111, #5477, .T. ) ;
#5955 = VERTEX_POINT ( 'NONE', #3268 ) ;
#5956 = CARTESIAN_POINT ( 'NONE',  ( 0.3727924541550747262, 6.149384705657754857, -1.659618704729195038 ) ) ;
#5957 = CARTESIAN_POINT ( 'NONE',  ( -1.039443056250000996, -0.3145833342892488393, 1.800368184999674215 ) ) ;
#5958 = DIRECTION ( 'NONE',  ( 0.000000000000000000, 0.000000000000000000, 1.000000000000000000 ) ) ;
#5959 = CARTESIAN_POINT ( 'NONE',  ( 0.9649424544896605394, 0.5084054436102757313, -1.399604746224286878 ) ) ;
#5960 = FACE_OUTER_BOUND ( 'NONE', #7797, .T. ) ;
#5961 = EDGE_CURVE ( 'NONE', #4119, #5793, #1295, .T. ) ;
#5962 = ORIENTED_EDGE ( 'NONE', *, *, #5553, .T. ) ;
#5963 = EDGE_LOOP ( 'NONE', ( #3119, #3057, #1606, #867 ) ) ;
#5964 = CARTESIAN_POINT ( 'NONE',  ( 1.699999999999999067, 6.466666664754835203, 0.9814954576223646754 ) ) ;
#5965 = FACE_OUTER_BOUND ( 'NONE', #955, .T. ) ;
#5966 = CARTESIAN_POINT ( 'NONE',  ( -0.9581943728732487120, 0.4689843669947239002, -1.404326568462983760 ) ) ;
#5967 = EDGE_CURVE ( 'NONE', #4282, #6800, #574, .T. ) ;
#5968 = CARTESIAN_POINT ( 'NONE',  ( 2.078886112499989558, 9.777083332377412006, -1.200245456666443111 ) ) ;
#5969 = CIRCLE ( 'NONE', #5277, 0.5000000000000004441 ) ;
#5970 = EDGE_CURVE ( 'NONE', #2504, #5768, #7260, .T. ) ;
#5971 = CARTESIAN_POINT ( 'NONE',  ( -1.529254024131466716, 2.200502111765076041, 0.7511823277660105713 ) ) ;
#5972 = CARTESIAN_POINT ( 'NONE',  ( -0.5576376801574706166, 0.1867145006662293272, 1.606637175684355157 ) ) ;
#5973 = CARTESIAN_POINT ( 'NONE',  ( -0.7796229155863085847, 7.871632819752504062, 1.510931290936110560 ) ) ;
#5974 = VERTEX_POINT ( 'NONE', #7865 ) ;
#5975 = CARTESIAN_POINT ( 'NONE',  ( 2.179449471770337432, 7.633692192606185145, 4.500000000000000000 ) ) ;
#5976 = CARTESIAN_POINT ( 'NONE',  ( -1.088536965057940176, 6.448590712054846463, 1.305824303203535930 ) ) ;
#5977 = ORIENTED_EDGE ( 'NONE', *, *, #1963, .T. ) ;
#5978 = CARTESIAN_POINT ( 'NONE',  ( -1.595730484495187840, 3.588433913612745663, 0.5864315854076052048 ) ) ;
#5979 = CARTESIAN_POINT ( 'NONE',  ( 0.000000000000000000, -4.800000000000000711, 0.000000000000000000 ) ) ;
#5980 = CARTESIAN_POINT ( 'NONE',  ( -0.3158115121566348327, 3.003327790697973398, 1.670699201615229113 ) ) ;
#5981 = CARTESIAN_POINT ( 'NONE',  ( -1.684942753728154052, 7.064033458507271490, 0.2267293375771323727 ) ) ;
#5982 = CARTESIAN_POINT ( 'NONE',  ( -0.6005952193054701072, 0.5184901393421245119, 0.05321917841635325636 ) ) ;
#5983 = CARTESIAN_POINT ( 'NONE',  ( 1.039443056249998776, 9.602083332377418401, 1.800368184999675325 ) ) ;
#5984 = DIRECTION ( 'NONE',  ( -0.000000000000000000, -1.000000000000000000, -0.000000000000000000 ) ) ;
#5985 = CARTESIAN_POINT ( 'NONE',  ( -1.509385188524064336, 4.895762199191344699, -0.8022956431614437500 ) ) ;
#5986 = DIRECTION ( 'NONE',  ( 0.000000000000000000, 1.000000000000000000, 0.000000000000000000 ) ) ;
#5987 = DIRECTION ( 'NONE',  ( -0.7071067811865547892, -0.000000000000000000, 0.7071067811865403563 ) ) ;
#5988 = EDGE_CURVE ( 'NONE', #4709, #3105, #4537, .T. ) ;
#5989 = DIRECTION ( 'NONE',  ( 0.000000000000000000, -1.000000000000000000, 0.000000000000000000 ) ) ;
#5990 = CARTESIAN_POINT ( 'NONE',  ( -2.915460667173242815, 3.090000000000000746, -5.036781010732885200 ) ) ;
#5991 = CARTESIAN_POINT ( 'NONE',  ( -4.400384907664991907, 2.000000000000000444, -2.279064564105347301 ) ) ;
#5992 = CARTESIAN_POINT ( 'NONE',  ( -1.700000000000000400, 2.208333333333333481, 0.9814954576223632321 ) ) ;
#5993 = CYLINDRICAL_SURFACE ( 'NONE', #5702, 1.699999999999999956 ) ;
#5994 = CARTESIAN_POINT ( 'NONE',  ( -2.312024219028235184, 5.951057409446828039, 4.433344562587808291 ) ) ;
#5995 = CARTESIAN_POINT ( 'NONE',  ( 1.699999999999999956, 10.08333333142150501, -0.9814954576223635652 ) ) ;
#5996 = CARTESIAN_POINT ( 'NONE',  ( 1.341113460120418432, 8.725573863643530714, 1.045154877394703030 ) ) ;
#5997 = CARTESIAN_POINT ( 'NONE',  ( 2.078886112499999772, 7.809691869123372321, -1.200245456666449329 ) ) ;
#5998 = CARTESIAN_POINT ( 'NONE',  ( 2.078886112499999772, 7.647916665710733142, 1.200245456666450883 ) ) ;
#5999 = ORIENTED_EDGE ( 'NONE', *, *, #1337, .F. ) ;
#6000 =( BOUNDED_CURVE ( )  B_SPLINE_CURVE ( 2, ( #1066, #4201, #7630, #2330, #1720, #2379, #5600, #416, #2907 ),
 .UNSPECIFIED., .F., .F. ) 
 B_SPLINE_CURVE_WITH_KNOTS ( ( 3, 2, 2, 2, 3 ),
 ( 0.1113588581166422425, 0.1166616517714288842, 0.1272672564779224191, 0.1378728611844159679, 0.1431756119694657936 ),
 .UNSPECIFIED. ) 
 CURVE ( )  GEOMETRIC_REPRESENTATION_ITEM ( )  RATIONAL_B_SPLINE_CURVE ( ( 0.9330127018923995985, 0.9330128117749383332, 1.000000000000000000, 0.8660254037844387076, 1.000000000000000000, 0.8660254037844387076, 1.000000000000000000, 0.9330133533240381194, 0.9330127018985543419 ) ) 
 REPRESENTATION_ITEM ( '' )  );
#6001 = CARTESIAN_POINT ( 'NONE',  ( 0.6174954965626644476, 6.132562173781853865, -1.583902609400873240 ) ) ;
#6002 = CARTESIAN_POINT ( 'NONE',  ( -1.648513581241050518, 4.223525432747739394, -0.4156031202186225015 ) ) ;
#6003 = CARTESIAN_POINT ( 'NONE',  ( 1.039443056250000330, 6.335416665710750905, -1.800368184999674215 ) ) ;
#6004 = CARTESIAN_POINT ( 'NONE',  ( 1.604536601447732469, 7.363287764655496836, 0.5618416116506699254 ) ) ;
#6005 = CARTESIAN_POINT ( 'NONE',  ( 1.661188399836458718, 0.3763747047414071067, 0.3745649047606272597 ) ) ;
#6006 = CARTESIAN_POINT ( 'NONE',  ( -0.7143895839564402550, 0.5015748599106673034, 1.932497906742626448 ) ) ;
#6007 = ORIENTED_EDGE ( 'NONE', *, *, #5281, .F. ) ;
#6008 = VERTEX_POINT ( 'NONE', #1922 ) ;
#6009 = CARTESIAN_POINT ( 'NONE',  ( -0.8500000000000007550, 4.891666664754835914, 1.472243186433545237 ) ) ;
#6010 = CARTESIAN_POINT ( 'NONE',  ( 0.000000000000000000, 7.500000000000000000, -4.999999999999999112 ) ) ;
#6011 = CARTESIAN_POINT ( 'NONE',  ( -1.359783013097971560, 0.5027080678141099268, -1.020289251775277295 ) ) ;
#6012 = CARTESIAN_POINT ( 'NONE',  ( -2.078886112499990002, 8.027083332377412006, 1.200245456666443111 ) ) ;
#6013 = CARTESIAN_POINT ( 'NONE',  ( -0.7631582315788065785, 2.272626724001105991, 1.519772155969071337 ) ) ;
#6014 = CARTESIAN_POINT ( 'NONE',  ( 2.312024219028190775, 5.951057409446828039, 4.433344562587832272 ) ) ;
#6015 = ORIENTED_EDGE ( 'NONE', *, *, #8313, .F. ) ;
#6016 = CARTESIAN_POINT ( 'NONE',  ( -1.039443056249999664, 3.039583332377400637, -1.800368184999674659 ) ) ;
#6017 = CARTESIAN_POINT ( 'NONE',  ( -2.331218669170723198E-08, 6.524999657399159325, 1.699999999999999734 ) ) ;
#6018 = EDGE_CURVE ( 'NONE', #7690, #3872, #655, .T. ) ;
#6019 = ORIENTED_EDGE ( 'NONE', *, *, #2837, .T. ) ;
#6020 = VERTEX_POINT ( 'NONE', #8472 ) ;
#6021 = CARTESIAN_POINT ( 'NONE',  ( -1.700082024362051136, 3.549704709269221770, -0.003978585008263134729 ) ) ;
#6022 = CARTESIAN_POINT ( 'NONE',  ( 1.350818618922645937E-15, 4.774999999999999467, -1.699999999999999734 ) ) ;
#6023 = CARTESIAN_POINT ( 'NONE',  ( -1.475372977136233832, 2.791593457651564414, -0.8521642257240338303 ) ) ;
#6024 = CARTESIAN_POINT ( 'NONE',  ( -1.586147662008277504, 7.090973649367378506, 0.6206390619846771095 ) ) ;
#6025 = CARTESIAN_POINT ( 'NONE',  ( -1.826162453097798455, 0.5017046627710782802, -0.01176996992007271238 ) ) ;
#6026 = CARTESIAN_POINT ( 'NONE',  ( -4.409630270093162085E-16, 0.5312499990440844311, 2.400490913332899545 ) ) ;
#6027 = CARTESIAN_POINT ( 'NONE',  ( -1.590296836355559185, 8.489534259869730093, 0.6019817952464935340 ) ) ;
#6028 = CARTESIAN_POINT ( 'NONE',  ( -1.361264557374993522, 4.877813048087268122, -1.019032361418259036 ) ) ;
#6029 = CIRCLE ( 'NONE', #5061, 9.299999999999998934 ) ;
#6030 = DIRECTION ( 'NONE',  ( -1.000000000000000000, -0.000000000000000000, -0.000000000000000000 ) ) ;
#6031 = CIRCLE ( 'NONE', #6317, 7.650000000000000355 ) ;
#6032 = CARTESIAN_POINT ( 'NONE',  ( -0.2775640449646933905, 6.193999831511712628, -1.680568312503569750 ) ) ;
#6033 = VERTEX_POINT ( 'NONE', #7180 ) ;
#6034 = CARTESIAN_POINT ( 'NONE',  ( 2.571963978632909598, 3.000000000000000000, 7.204686064820227109 ) ) ;
#6035 = CARTESIAN_POINT ( 'NONE',  ( 1.624917667928589493, 3.232334850944734939, -0.5005541677964410185 ) ) ;
#6036 = CARTESIAN_POINT ( 'NONE',  ( -0.2056318551756200763, 9.689111980689494530, -1.699999137680114680 ) ) ;
#6037 = CARTESIAN_POINT ( 'NONE',  ( 0.8499999999999988676, 3.783333333333333215, 1.472243186433546347 ) ) ;
#6038 = PLANE ( 'NONE',  #6113 ) ;
#6039 = CARTESIAN_POINT ( 'NONE',  ( -1.699999999999999512, 6.816666664754835736, -0.9814954576223642313 ) ) ;
#6040 = CARTESIAN_POINT ( 'NONE',  ( 1.039443056249998776, 0.5020833323774178680, 1.800368184999675325 ) ) ;
#6041 = CARTESIAN_POINT ( 'NONE',  ( 2.986171345291913415, 4.910000000000001030, -5.107491688851530043 ) ) ;
#6042 = CARTESIAN_POINT ( 'NONE',  ( -2.078886112500000216, 10.09791666571073065, -1.200245456666450217 ) ) ;
#6043 = ORIENTED_EDGE ( 'NONE', *, *, #6350, .F. ) ;
#6044 = CARTESIAN_POINT ( 'NONE',  ( -1.226531509938175279, 4.773123336071967834E-16, -1.288132950145712385 ) ) ;
#6045 = CARTESIAN_POINT ( 'NONE',  ( -1.298568200291780661, 4.329336846261582217, 1.104558442399577789 ) ) ;
#6046 = PRODUCT_DEFINITION_CONTEXT ( 'detailed design', #6353, 'design' ) ;
#6047 = CARTESIAN_POINT ( 'NONE',  ( 1.039443056250000330, 5.635416665710750728, -1.800368184999674215 ) ) ;
#6048 = CYLINDRICAL_SURFACE ( 'NONE', #7310, 0.2000000000000002887 ) ;
#6050 = CARTESIAN_POINT ( 'NONE',  ( 1.138921523207038377E-15, -4.800000000000000711, -9.299999999999998934 ) ) ;
#6049 = CARTESIAN_POINT ( 'NONE',  ( 0.3157460235086830269, 0.5533465513755561060, -1.671067103980259150 ) ) ;
#6051 = B_SPLINE_CURVE_WITH_KNOTS ( 'NONE', 3,
 ( #4604, #29, #6556, #1247, #680, #2599, #7244, #632, #5821, #3289, #5296, #4520, #3171, #592, #5945, #4646, #3822, #7161, #7281, #1327, #3905, #3985, #2683, #5340, #7967, #1863, #7117, #5213, #2028, #7809, #1163, #1206, #6473, #7848, #512, #556, #2518, #4563, #3864, #1903, #7203, #1424, #7504, #859, #2778, #7370, #4164, #4820, #6035, #4688, #252, #6125, #168, #77, #5433, #6815, #4865, #4031, #3469, #4076, #7324, #3510, #2727, #8060, #3554, #2118, #4780, #4121, #1553, #727, #2820, #5475, #1510, #125, #6167, #6730, #210, #2912, #7417, #1467, #6856, #774, #3425, #4205, #6078, #5562, #8102, #8191 ),
 .UNSPECIFIED., .F., .F.,
 ( 4, 2, 1, 2, 2, 2, 2, 2, 2, 2, 2, 2, 2, 2, 2, 2, 2, 1, 2, 2, 2, 2, 1, 2, 2, 2, 1, 2, 2, 2, 2, 2, 2, 2, 2, 1, 2, 2, 2, 2, 2, 2, 2, 2, 1, 2, 4 ),
 ( 0.3025249829351006059, 0.3036185964216541744, 0.3041654031649309586, 0.3044388065365693508, 0.3047122099082077429, 0.3068994368813148244, 0.3079930503678683928, 0.3085398571111451771, 0.3088132604827835692, 0.3090866638544219613, 0.3112738908275290428, 0.3123675043140825558, 0.3129143110573593400, 0.3134611178006361243, 0.3156483447737432058, 0.3161951515170199900, 0.3164685548886583821, 0.3167419582602967743, 0.3178355717468503427, 0.3200227987199574242, 0.3202962020915958163, 0.3204329037774150124, 0.3205696054632342085, 0.3211164122065109927, 0.3222100256930645057, 0.3233036391796180742, 0.3238504459228948584, 0.3241238492945332506, 0.3243972526661716427, 0.3265844796392787242, 0.3276780931258322926, 0.3282248998691090214, 0.3287717066123858056, 0.3309589335854928871, 0.3315057403287696713, 0.3317791437004080635, 0.3319158453862272595, 0.3320525470720464556, 0.3331461605586000241, 0.3353333875317071611, 0.3358801942749838898, 0.3361535976466222819, 0.3364270010182606740, 0.3369738077615374583, 0.3372472111331758504, 0.3373839128189950465, 0.3375206145048142425 ),
 .UNSPECIFIED. ) ;
#6052 = EDGE_CURVE ( 'NONE', #3820, #6242, #3014, .T. ) ;
#6053 = VERTEX_POINT ( 'NONE', #7221 ) ;
#6054 = CARTESIAN_POINT ( 'NONE',  ( 0.8499999999999988676, 5.008333331421501278, 1.472243186433546347 ) ) ;
#6055 = CARTESIAN_POINT ( 'NONE',  ( -1.700000000000000400, 3.433333331421501988, 0.9814954576223630101 ) ) ;
#6056 = DIRECTION ( 'NONE',  ( -0.7071067811865563435, 0.000000000000000000, 0.7071067811865388020 ) ) ;
#6057 = CARTESIAN_POINT ( 'NONE',  ( 1.039443056249994779, 9.135416665710746287, -1.800368184999665111 ) ) ;
#6058 = CARTESIAN_POINT ( 'NONE',  ( -1.620612991541847681, 2.116725564215560684, -0.5134820865316083172 ) ) ;
#6059 = CARTESIAN_POINT ( 'NONE',  ( -1.136929546631554988, 5.744438446639593465, 1.263897494205130201 ) ) ;
#6060 = ORIENTED_EDGE ( 'NONE', *, *, #4112, .F. ) ;
#6061 = CARTESIAN_POINT ( 'NONE',  ( 1.039443056249998776, 1.289583332377400637, 1.800368184999675547 ) ) ;
#6062 = CARTESIAN_POINT ( 'NONE',  ( -0.1484601698645703349, 2.255140518769849223E-14, 1.849373411547280410 ) ) ;
#6063 = ORIENTED_EDGE ( 'NONE', *, *, #1566, .T. ) ;
#6064 = CARTESIAN_POINT ( 'NONE',  ( 3.018470195263254219, 3.000000000000000000, 7.029319859012494121 ) ) ;
#6065 = ORIENTED_EDGE ( 'NONE', *, *, #8247, .T. ) ;
#6066 = VERTEX_POINT ( 'NONE', #3963 ) ;
#6067 = CARTESIAN_POINT ( 'NONE',  ( -1.240580242206337447, 3.634862105675687349, 1.162344207519209194 ) ) ;
#6068 = CARTESIAN_POINT ( 'NONE',  ( 0.9895612752104729903, 4.706584723222899669, -1.383357120812124474 ) ) ;
#6069 = CARTESIAN_POINT ( 'NONE',  ( -1.383089943176290415, 7.119623833850798000, 0.9884960678468368567 ) ) ;
#6070 = CARTESIAN_POINT ( 'NONE',  ( 1.192089280575571841, 0.5047352633440136405, -0.4999732606704282989 ) ) ;
#6071 = CARTESIAN_POINT ( 'NONE',  ( 2.078886112499999772, 0.7645833323774179346, -1.200245456666449329 ) ) ;
#6072 = CARTESIAN_POINT ( 'NONE',  ( 1.138680857365055532, 6.794283695834043790, -1.262471723596475304 ) ) ;
#6073 = CARTESIAN_POINT ( 'NONE',  ( -0.6427265577822317555, 5.080698648489487823, 1.574801991214276997 ) ) ;
#6074 = CARTESIAN_POINT ( 'NONE',  ( 0.9295831883669730678, 1.688999138311714887, 1.423348295830595855 ) ) ;
#6075 = CARTESIAN_POINT ( 'NONE',  ( -1.688513576762993740, 6.362227032091353429, 0.1988564061510057213 ) ) ;
#6076 = ORIENTED_EDGE ( 'NONE', *, *, #1562, .T. ) ;
#6077 = DIRECTION ( 'NONE',  ( -0.000000000000000000, -0.000000000000000000, 1.000000000000000000 ) ) ;
#6078 = CARTESIAN_POINT ( 'NONE',  ( 0.03685179886692045714, 3.372471525242917600, -1.699624678680492051 ) ) ;
#6079 = CARTESIAN_POINT ( 'NONE',  ( -1.654426110391503002, 9.874810084610912142, 0.3911634823866355082 ) ) ;
#6080 = AXIS2_PLACEMENT_3D ( 'NONE', #8075, #141, #225 ) ;
#6081 = CARTESIAN_POINT ( 'NONE',  ( 1.201985270554894323E-16, 3.374999999999999556, -1.962990915244727130 ) ) ;
#6082 = CARTESIAN_POINT ( 'NONE',  ( -2.078886112499999772, 3.097916665710751083, -1.200245456666450439 ) ) ;
#6083 = DIRECTION ( 'NONE',  ( -0.7071067811865474617, 0.000000000000000000, -0.7071067811865474617 ) ) ;
#6084 = CARTESIAN_POINT ( 'NONE',  ( 1.469876756697720448E-16, 0.7937499990440844977, -2.400490913332899545 ) ) ;
#6085 = ADVANCED_FACE ( 'NONE', ( #2047 ), #3312, .T. ) ;
#6086 = CARTESIAN_POINT ( 'NONE',  ( 0.6234858569176986443, 8.667733613583855856, 1.584425011979684772 ) ) ;
#6087 = CARTESIAN_POINT ( 'NONE',  ( -0.6333492342404551945, 1.318464798446509878, -1.577860570382396466 ) ) ;
#6088 = EDGE_CURVE ( 'NONE', #2450, #4086, #4711, .T. ) ;
#6089 = AXIS2_PLACEMENT_3D ( 'NONE', #6924, #3748, #358 ) ;
#6090 = CARTESIAN_POINT ( 'NONE',  ( 0.000000000000000000, -0.3000000000000027645, 0.000000000000000000 ) ) ;
#6091 = AXIS2_PLACEMENT_3D ( 'NONE', #2752, #2934, #8213 ) ;
#6092 = ORIENTED_EDGE ( 'NONE', *, *, #3813, .T. ) ;
#6093 = CARTESIAN_POINT ( 'NONE',  ( 0.6524564612382242057, 6.130309058221076413, -1.569823834210606117 ) ) ;
#6094 = CARTESIAN_POINT ( 'NONE',  ( -1.699137884102148943, 4.242814059658036818, -0.1208611627388119919 ) ) ;
#6095 = MECHANICAL_DESIGN_GEOMETRIC_PRESENTATION_REPRESENTATION (  '', ( #2204 ), #7749 ) ;
#6096 = CARTESIAN_POINT ( 'NONE',  ( -2.078886112500000216, 3.827083332377417602, 1.200245456666449106 ) ) ;
#6097 = CARTESIAN_POINT ( 'NONE',  ( 0.8504298119466081607, 7.516768726822332880, -1.472638558539898890 ) ) ;
#6099 = CARTESIAN_POINT ( 'NONE',  ( -2.179449471770337432, 1.500000000000000444, -4.500000000000000000 ) ) ;
#6098 = CARTESIAN_POINT ( 'NONE',  ( 0.000000000000000000, 10.19999999999999929, 0.000000000000000000 ) ) ;
#6100 = CARTESIAN_POINT ( 'NONE',  ( 2.078886112499999772, 0.1096918691233734477, -1.200245456666449329 ) ) ;
#6101 = CARTESIAN_POINT ( 'NONE',  ( -1.699999999999999512, 6.116666664754836447, -0.9814954576223642313 ) ) ;
#6102 = DIRECTION ( 'NONE',  ( 0.000000000000000000, 0.000000000000000000, -1.000000000000000000 ) ) ;
#6103 = CARTESIAN_POINT ( 'NONE',  ( -4.409630270093139405E-16, 8.143749999044080923, 2.400490913332886667 ) ) ;
#6104 = CARTESIAN_POINT ( 'NONE',  ( 0.4794735564210721446, 0.3781954229805505885, -1.631393423740523430 ) ) ;
#6105 = AXIS2_PLACEMENT_3D ( 'NONE', #7903, #7216, #3142 ) ;
#6106 = CARTESIAN_POINT ( 'NONE',  ( -1.688431083781040565, 5.662211999072316537, 0.1981064510951829616 ) ) ;
#6107 = ORIENTED_EDGE ( 'NONE', *, *, #5652, .T. ) ;
#6108 = CARTESIAN_POINT ( 'NONE',  ( 2.078886112499999772, 2.747916665710733231, 1.200245456666450883 ) ) ;
#6109 = CARTESIAN_POINT ( 'NONE',  ( -1.484432286384984812, -8.673617379884035472E-16, -0.3620744473377335848 ) ) ;
#6110 = CARTESIAN_POINT ( 'NONE',  ( -0.4555138864144489541, 9.118739241177374666, 1.699999850303732574 ) ) ;
#6111 = VERTEX_POINT ( 'NONE', #1399 ) ;
#6112 = CARTESIAN_POINT ( 'NONE',  ( -1.648881527754305187, 3.523530420013867293, -0.4165703449529439828 ) ) ;
#6113 = AXIS2_PLACEMENT_3D ( 'NONE', #2604, #1952, #3949 ) ;
#6114 = CARTESIAN_POINT ( 'NONE',  ( -4.499999999999998224, 7.633700821002010528, 2.179449471770337432 ) ) ;
#6115 = CARTESIAN_POINT ( 'NONE',  ( -1.649435579148506914, 2.876474239712836223, 0.4159977470897628926 ) ) ;
#6116 = CARTESIAN_POINT ( 'NONE',  ( 1.479552580439553955, 5.242597853076349068, 0.8382037290698395315 ) ) ;
#6117 = CARTESIAN_POINT ( 'NONE',  ( -1.680371992638066692, 7.066013156977400733, 0.2577974695810032468 ) ) ;
#6118 = CARTESIAN_POINT ( 'NONE',  ( 0.2559096340232107081, 0.5034917794417739234, -1.465432660748043237 ) ) ;
#6119 = CARTESIAN_POINT ( 'NONE',  ( -2.078886112499999772, -0.4020833342892488060, -1.200245456666450439 ) ) ;
#6120 = CARTESIAN_POINT ( 'NONE',  ( 0.8515518375975530407, 6.816561039838669345, -1.472287301650766045 ) ) ;
#6121 = CARTESIAN_POINT ( 'NONE',  ( -1.175239533656191604, 5.041010653351248649, 1.228341733881786801 ) ) ;
#6122 = DIRECTION ( 'NONE',  ( 0.000000000000000000, 1.000000000000000000, 0.000000000000000000 ) ) ;
#6123 = ORIENTED_EDGE ( 'NONE', *, *, #4316, .T. ) ;
#6124 = CARTESIAN_POINT ( 'NONE',  ( 5.107491688851539813, 4.950000000000000178, 2.986171345291895651 ) ) ;
#6125 = CARTESIAN_POINT ( 'NONE',  ( 1.583092476087584410, 3.240844414409565388, -0.6197399331613310247 ) ) ;
#6126 = CARTESIAN_POINT ( 'NONE',  ( -1.698422697573216400, 9.854603248734585819, 0.07505673103990359585 ) ) ;
#6127 = CARTESIAN_POINT ( 'NONE',  ( -1.699999999999999956, 4.250000000000000000, -2.081899558550500280E-16 ) ) ;
#6128 = CARTESIAN_POINT ( 'NONE',  ( -1.039443056249999664, 0.9395833323774179791, -1.800368184999674437 ) ) ;
#6129 = CARTESIAN_POINT ( 'NONE',  ( 8.555111043638012300E-07, 1.450012519159632696, 1.699999999999573852 ) ) ;
#6130 = CARTESIAN_POINT ( 'NONE',  ( -2.078886112499999772, 0.9104166657107510829, -1.200245456666450439 ) ) ;
#6131 = CARTESIAN_POINT ( 'NONE',  ( 1.680397369261942497, 8.783997201996220028, 0.2576361577844711870 ) ) ;
#6132 = CARTESIAN_POINT ( 'NONE',  ( -1.039443056249999664, 9.384691869123372499, -1.800368184999674437 ) ) ;
#6133 = ORIENTED_EDGE ( 'NONE', *, *, #2699, .F. ) ;
#6134 = CARTESIAN_POINT ( 'NONE',  ( 0.6461675263922179724, 6.130712942347193106, -1.572422917698466982 ) ) ;
#6135 = ADVANCED_FACE ( 'NONE', ( #5965 ), #6491, .F. ) ;
#6136 = CARTESIAN_POINT ( 'NONE',  ( -1.661192486048938433, 4.227199518811312728, -0.3612272656624297973 ) ) ;
#6137 = CARTESIAN_POINT ( 'NONE',  ( 2.078886112499999772, 4.877083332377416980, -1.200245456666449329 ) ) ;
#6138 = CARTESIAN_POINT ( 'NONE',  ( 1.429959370936976004, 7.463915033484945560, -0.9195329613804332780 ) ) ;
#6140 = CARTESIAN_POINT ( 'NONE',  ( 0.4870243960328981547, 9.358350189204228897, 1.629234727277662831 ) ) ;
#6139 = CARTESIAN_POINT ( 'NONE',  ( 0.000000000000000000, 10.19999999999999929, -1.699999999999999956 ) ) ;
#6141 = CARTESIAN_POINT ( 'NONE',  ( 1.469876756697720448E-16, 0.9263585357900400163, -2.400490913332899545 ) ) ;
#6142 = DIRECTION ( 'NONE',  ( 0.000000000000000000, 0.000000000000000000, 1.000000000000000000 ) ) ;
#6143 = CARTESIAN_POINT ( 'NONE',  ( 4.400384907664998124, 2.000000000000000444, -2.279064564105333979 ) ) ;
#6144 = CARTESIAN_POINT ( 'NONE',  ( -0.4556817372763290463, 10.20000000000000462, 1.996732225763055979 ) ) ;
#6145 = CARTESIAN_POINT ( 'NONE',  ( 1.504178191445788793, 0.2979585923750528442, -0.8004166566606029098 ) ) ;
#6146 = CARTESIAN_POINT ( 'NONE',  ( -1.648823239735274893, 5.623609150516538868, -0.4143746577389910146 ) ) ;
#6147 = EDGE_CURVE ( 'NONE', #3585, #2828, #2133, .T. ) ;
#6148 = ORIENTED_EDGE ( 'NONE', *, *, #7812, .F. ) ;
#6149 = CARTESIAN_POINT ( 'NONE',  ( 2.078886112499999772, 1.347916665710733541, 1.200245456666450883 ) ) ;
#6150 = CARTESIAN_POINT ( 'NONE',  ( -0.9155283388728872040, 0.000000000000000000, 1.506588095796786764 ) ) ;
#6151 = CARTESIAN_POINT ( 'NONE',  ( -1.699999999999999512, 2.616666664754835558, -0.9814954576223642313 ) ) ;
#6152 = ORIENTED_EDGE ( 'NONE', *, *, #6246, .F. ) ;
#6153 = CARTESIAN_POINT ( 'NONE',  ( -1.695597915800407085, 3.557563433880726045, 0.1246588652797431113 ) ) ;
#6154 = CARTESIAN_POINT ( 'NONE',  ( 4.741006527942212223, 7.947084575471273560, 2.234154015110207947 ) ) ;
#6155 = CARTESIAN_POINT ( 'NONE',  ( 0.4555136238248078118, 6.668739259198232183, -1.700000001909932834 ) ) ;
#6156 = CARTESIAN_POINT ( 'NONE',  ( 0.7251248503021532343, 5.174789923827463944, 1.541485114476031759 ) ) ;
#6157 = CARTESIAN_POINT ( 'NONE',  ( 1.469876756697713053E-16, 0.09374999904407836648, -2.400490913332886667 ) ) ;
#6158 = CARTESIAN_POINT ( 'NONE',  ( 1.230857872406769582, 0.5044773509478600593, -0.1766669627349078675 ) ) ;
#6159 = CARTESIAN_POINT ( 'NONE',  ( 1.469876756697720448E-16, 1.581249999044084698, -2.400490913332899545 ) ) ;
#6160 = CARTESIAN_POINT ( 'NONE',  ( 1.699339903590689316, 6.696755313719902958, 0.05420760894266525576 ) ) ;
#6161 = CARTESIAN_POINT ( 'NONE',  ( -0.6967260850783157933, 5.077172438899327567, 1.550672391842664144 ) ) ;
#6162 = CARTESIAN_POINT ( 'NONE',  ( -0.05675766501009493759, 3.721057095614331178, 1.699999999400081618 ) ) ;
#6163 = PRODUCT_DEFINITION_SHAPE ( 'NONE', 'NONE',  #8590 ) ;
#6164 = ADVANCED_FACE ( 'NONE', ( #228 ), #790, .F. ) ;
#6165 = ORIENTED_EDGE ( 'NONE', *, *, #2156, .T. ) ;
#6166 = CARTESIAN_POINT ( 'NONE',  ( -2.049998581364836259, 0.3470423296136004865, -0.4509783413206318592 ) ) ;
#6167 = CARTESIAN_POINT ( 'NONE',  ( 0.3192735374900245171, 3.353092576177792772, -1.670038286620368018 ) ) ;
#6168 = CARTESIAN_POINT ( 'NONE',  ( -1.653677822747065651, 9.824743891115305772, -0.3975698813993631675 ) ) ;
#6169 = VECTOR ( 'NONE', #5231, 1000.000000000000000 ) ;
#6170 = CARTESIAN_POINT ( 'NONE',  ( 0.8499999999999988676, 5.183333333333333570, 1.472243186433546347 ) ) ;
#6171 = CARTESIAN_POINT ( 'NONE',  ( 2.078886112499999772, 2.164583332377417957, -1.200245456666449329 ) ) ;
#6172 = ADVANCED_BREP_SHAPE_REPRESENTATION ( '', ( #3827, #5109 ), #800 ) ;
#6173 = CARTESIAN_POINT ( 'NONE',  ( -7.203334277753509873, 3.008500636646442405, -2.577311054879313446 ) ) ;
#6174 = CARTESIAN_POINT ( 'NONE',  ( 1.469876756697720448E-16, 0.09374999904408451434, -2.400490913332899545 ) ) ;
#6175 = CARTESIAN_POINT ( 'NONE',  ( 1.639821269820813443, 8.828767974215132597, -0.4492957963932857623 ) ) ;
#6176 = CARTESIAN_POINT ( 'NONE',  ( -0.9677600120968578024, 1.341808973224423163, -1.397920955741920324 ) ) ;
#6177 = VERTEX_POINT ( 'NONE', #7479 ) ;
#6178 = ORIENTED_EDGE ( 'NONE', *, *, #2880, .T. ) ;
#6179 = CARTESIAN_POINT ( 'NONE',  ( 1.010769437900408851, 9.605022793424744521, -1.369241247571354458 ) ) ;
#6180 = ADVANCED_FACE ( 'NONE', ( #5539 ), #8169, .F. ) ;
#6181 = CARTESIAN_POINT ( 'NONE',  ( -0.7382208315048226499, 4.374337842500174212, 1.531351244275116485 ) ) ;
#6182 = CARTESIAN_POINT ( 'NONE',  ( -2.078886112500000216, 3.127083332377416980, 1.200245456666449106 ) ) ;
#6183 = CARTESIAN_POINT ( 'NONE',  ( 1.247942242735621043, 7.484351306317673647, -1.159680016097708766 ) ) ;
#6184 = CARTESIAN_POINT ( 'NONE',  ( 0.9219740128157243308, 9.388412589861699686, 1.428331231082388353 ) ) ;
#6185 = CARTESIAN_POINT ( 'NONE',  ( 2.078886112499999328, 1.393025202456706690, 1.200245456666450661 ) ) ;
#6186 = VECTOR ( 'NONE', #6598, 1000.000000000000114 ) ;
#6187 = EDGE_CURVE ( 'NONE', #4086, #272, #2177, .T. ) ;
#6188 = CARTESIAN_POINT ( 'NONE',  ( -0.8500000000000007550, 3.491666664754836003, 1.472243186433545237 ) ) ;
#6189 = DIRECTION ( 'NONE',  ( 0.000000000000000000, 0.000000000000000000, 1.000000000000000000 ) ) ;
#6190 = DIRECTION ( 'NONE',  ( -0.7071067811865473507, -2.775557561562891351E-17, 0.7071067811865477948 ) ) ;
#6191 = CARTESIAN_POINT ( 'NONE',  ( 0.9945657951212947268, 0.3450743298193373332, -1.378712232583202635 ) ) ;
#6192 = EDGE_CURVE ( 'NONE', #2223, #2586, #7163, .T. ) ;
#6193 = CARTESIAN_POINT ( 'NONE',  ( -0.5385163305247151477, 5.511954340257765317, -1.612482110756313203 ) ) ;
#6194 = CARTESIAN_POINT ( 'NONE',  ( 0.6887554371750954640, 0.000000000000000000, 1.812012465622834689 ) ) ;
#6195 = CARTESIAN_POINT ( 'NONE',  ( -1.502825427590694929, -8.673617379884035472E-16, -0.3088046847057949740 ) ) ;
#6196 = DIRECTION ( 'NONE',  ( 0.000000000000000000, 0.000000000000000000, -1.000000000000000000 ) ) ;
#6197 = ORIENTED_EDGE ( 'NONE', *, *, #1931, .F. ) ;
#6198 = CARTESIAN_POINT ( 'NONE',  ( 1.039443056250000330, 8.522916665710750905, -1.800368184999674215 ) ) ;
#6199 = CARTESIAN_POINT ( 'NONE',  ( 0.7852771881495096418, 0.9789013460695001889, 1.507789833706089100 ) ) ;
#6200 = DIRECTION ( 'NONE',  ( -0.000000000000000000, -1.000000000000000000, -0.000000000000000000 ) ) ;
#6201 = CARTESIAN_POINT ( 'NONE',  ( 1.693348046369199222, 5.309282859382390640, -0.1503967092061332389 ) ) ;
#6202 = CARTESIAN_POINT ( 'NONE',  ( -0.8488070515303330899, 7.166748280037489316, 1.473080189221502634 ) ) ;
#6203 = CARTESIAN_POINT ( 'NONE',  ( 1.174525635202398277, 0.5047071405971211844, -0.5639168286017722798 ) ) ;
#6204 = CARTESIAN_POINT ( 'NONE',  ( 2.078886112499999328, 2.047916665710751261, 1.200245456666450661 ) ) ;
#6205 = CARTESIAN_POINT ( 'NONE',  ( 1.678822117102755307, 6.716630165233727467, -0.2675837578103406056 ) ) ;
#6206 = CARTESIAN_POINT ( 'NONE',  ( -6.892064611473609260E-06, 8.449899451264085926, 1.699999999972512166 ) ) ;
#6207 = CARTESIAN_POINT ( 'NONE',  ( 0.9680056171018985856, 1.691719230670700513, 1.397877388535348153 ) ) ;
#6208 = ORIENTED_EDGE ( 'NONE', *, *, #5531, .F. ) ;
#6209 = CARTESIAN_POINT ( 'NONE',  ( -0.1624122734016280878, 0.2152298446717413882, -2.085877705518724756 ) ) ;
#6210 = DIRECTION ( 'NONE',  ( 0.000000000000000000, 0.000000000000000000, 1.000000000000000000 ) ) ;
#6211 = CARTESIAN_POINT ( 'NONE',  ( 4.433344562587834048, 2.048942590553171961, 2.312024219028189886 ) ) ;
#6212 = CARTESIAN_POINT ( 'NONE',  ( -0.8499999999999996447, 7.633333333333332860, -1.472243186433545681 ) ) ;
#6213 = CARTESIAN_POINT ( 'NONE',  ( -2.078886112500000216, 1.114583332377417912, 1.200245456666449106 ) ) ;
#6214 = CARTESIAN_POINT ( 'NONE',  ( -0.4206693656246029422, 2.003858489673772780, -1.647276389153226717 ) ) ;
#6215 = CARTESIAN_POINT ( 'NONE',  ( -1.039443056249999664, 2.952083332377417602, -1.800368184999674437 ) ) ;
#6216 = CARTESIAN_POINT ( 'NONE',  ( 0.7687873346109039829, 8.922351646879418396, -1.516337360984383986 ) ) ;
#6217 = CARTESIAN_POINT ( 'NONE',  ( -0.6632352864564321493, 1.579508887060238953, 1.565289253132734482 ) ) ;
#6218 = ORIENTED_EDGE ( 'NONE', *, *, #3689, .F. ) ;
#6219 = VERTEX_POINT ( 'NONE', #4797 ) ;
#6220 = CARTESIAN_POINT ( 'NONE',  ( 0.1764148884330503098, 9.662912302652705065, -1.691115354874256571 ) ) ;
#6221 =( GEOMETRIC_REPRESENTATION_CONTEXT ( 3 ) GLOBAL_UNCERTAINTY_ASSIGNED_CONTEXT ( ( #4658 ) ) GLOBAL_UNIT_ASSIGNED_CONTEXT ( ( #1614, #2174, #4092 ) ) REPRESENTATION_CONTEXT ( 'NONE', 'WORKASPACE' ) );
#6222 = CARTESIAN_POINT ( 'NONE',  ( -1.699999999999999956, 4.074999998088169484, -2.081899558550500280E-16 ) ) ;
#6223 = CARTESIAN_POINT ( 'NONE',  ( -7.439383783895881781E-06, 7.924891466139217577, 1.699999999967709119 ) ) ;
#6224 = CARTESIAN_POINT ( 'NONE',  ( 1.039443056249998776, 6.802083332377417690, 1.800368184999675325 ) ) ;
#6225 = CARTESIAN_POINT ( 'NONE',  ( 0.5103221993237179177, 7.540237706393533301, -1.625604894544284029 ) ) ;
#6227 = CARTESIAN_POINT ( 'NONE',  ( 1.671500022568528587, 9.480549061781333720, 0.3116218594785131746 ) ) ;
#6226 = DIRECTION ( 'NONE',  ( -0.7071067811865563435, 0.000000000000000000, 0.7071067811865388020 ) ) ;
#6228 = CARTESIAN_POINT ( 'NONE',  ( -2.078886112499999772, 10.09791666571075019, -1.200245456666450439 ) ) ;
#6229 = AXIS2_PLACEMENT_3D ( 'NONE', #4141, #8170, #2178 ) ;
#6230 = ORIENTED_EDGE ( 'NONE', *, *, #5787, .T. ) ;
#6231 = AXIS2_PLACEMENT_3D ( 'NONE', #5253, #7888, #8008 ) ;
#6232 = CARTESIAN_POINT ( 'NONE',  ( -2.729945736131028586E-06, 6.349960133096244519, 1.699999999995678968 ) ) ;
#6233 = FACE_OUTER_BOUND ( 'NONE', #3345, .T. ) ;
#6234 = LINE ( 'NONE', #8255, #1411 ) ;
#6235 =( BOUNDED_CURVE ( )  B_SPLINE_CURVE ( 3, ( #1175, #3832, #6482, #7129 ),
 .UNSPECIFIED., .F., .F. ) 
 B_SPLINE_CURVE_WITH_KNOTS ( ( 4, 4 ),
 ( 2.836899999574395981, 3.446285307605190251 ),
 .UNSPECIFIED. ) 
 CURVE ( )  GEOMETRIC_REPRESENTATION_ITEM ( )  RATIONAL_B_SPLINE_CURVE ( ( 1.000000000000000000, 0.9692928009446305504, 0.9692928009446305504, 1.000000000000000000 ) ) 
 REPRESENTATION_ITEM ( '' )  );
#6236 = CARTESIAN_POINT ( 'NONE',  ( 1.698760520571810151, 0.2513981147693909457, -0.06623486963618109569 ) ) ;
#6237 = CARTESIAN_POINT ( 'NONE',  ( -1.105103511364309066, 5.552642790232606096, -1.292540599826081715 ) ) ;
#6238 = ADVANCED_FACE ( 'NONE', ( #1484 ), #923, .F. ) ;
#6239 = CARTESIAN_POINT ( 'NONE',  ( 1.469876756697720941E-16, 7.181249999044068133, -2.400490913332899545 ) ) ;
#6240 = CARTESIAN_POINT ( 'NONE',  ( -1.116271862031855244, 1.301042606982605321E-15, 2.783238479664850828 ) ) ;
#6241 = CARTESIAN_POINT ( 'NONE',  ( 2.625752043686317538, 3.101480656498022626, 7.185283574223202407 ) ) ;
#6242 = VERTEX_POINT ( 'NONE', #7435 ) ;
#6243 = CARTESIAN_POINT ( 'NONE',  ( -2.078886112499999772, 9.397916665710750905, -1.200245456666450439 ) ) ;
#6244 = EDGE_CURVE ( 'NONE', #3682, #470, #4756, .T. ) ;
#6245 = CARTESIAN_POINT ( 'NONE',  ( 1.125360507130028775, 1.004651974389781932, 1.274880027842602237 ) ) ;
#6246 = EDGE_CURVE ( 'NONE', #4365, #4062, #5580, .T. ) ;
#6247 = CARTESIAN_POINT ( 'NONE',  ( 2.183578442342846443E-15, 7.399999998088168773, -1.699999999999999956 ) ) ;
#6248 = CIRCLE ( 'NONE', #5697, 5.000000000000000000 ) ;
#6249 = CARTESIAN_POINT ( 'NONE',  ( 1.547809186968743589, 5.252702717896032603, 0.7068295999459698331 ) ) ;
#6250 = CARTESIAN_POINT ( 'NONE',  ( -0.8710352246682689925, 7.165197420519567650, 1.460096755541377744 ) ) ;
#6251 = CARTESIAN_POINT ( 'NONE',  ( -1.408918704000020394, 0.1165419367994628558, 0.9515481538947794249 ) ) ;
#6252 = CARTESIAN_POINT ( 'NONE',  ( -1.830188474043741298, 0.5016980764822027705, 0.03638862903467919574 ) ) ;
#6253 = CARTESIAN_POINT ( 'NONE',  ( 1.469876756697720448E-16, 4.381249999044084298, -2.400490913332899545 ) ) ;
#6254 = CARTESIAN_POINT ( 'NONE',  ( 0.8466229462966071706, 6.583101838170311915, 1.475103397601020383 ) ) ;
#6255 = CARTESIAN_POINT ( 'NONE',  ( 0.5288976834993353027, 7.961402204096901691, 1.616440049635328835 ) ) ;
#6256 = CARTESIAN_POINT ( 'NONE',  ( 1.684696860542256314, 1.814487869300732026, -0.2303888642123866071 ) ) ;
#6257 = ORIENTED_EDGE ( 'NONE', *, *, #1872, .F. ) ;
#6258 = CARTESIAN_POINT ( 'NONE',  ( 7.296724953260061319, 3.176207172489686315, 2.297891415291850148 ) ) ;
#6259 = CARTESIAN_POINT ( 'NONE',  ( -1.078705644975954669, 9.949433790165903346, 1.314738595788079500 ) ) ;
#6260 = CARTESIAN_POINT ( 'NONE',  ( -0.8499999999999996447, 8.333333333333332149, -1.472243186433545681 ) ) ;
#6261 = CARTESIAN_POINT ( 'NONE',  ( 1.039443056249998776, -0.1104166676225822319, 1.800368184999675325 ) ) ;
#6262 = CARTESIAN_POINT ( 'NONE',  ( -0.4555128370011928274, 1.418739313195930052, 1.700000456182758857 ) ) ;
#6263 = CARTESIAN_POINT ( 'NONE',  ( 2.078886112500000216, 3.418749999044083943, 0.000000000000000000 ) ) ;
#6264 = CARTESIAN_POINT ( 'NONE',  ( 1.696428630588431519, 8.806890487619154939, -0.1138639008188442880 ) ) ;
#6265 = CARTESIAN_POINT ( 'NONE',  ( -0.7436216522485277203, 1.574264593025737069, 1.529154722587138693 ) ) ;
#6266 = EDGE_CURVE ( 'NONE', #1132, #6911, #8033, .T. ) ;
#6267 = ORIENTED_EDGE ( 'NONE', *, *, #6985, .T. ) ;
#6268 = ORIENTED_EDGE ( 'NONE', *, *, #3477, .T. ) ;
#6269 = CARTESIAN_POINT ( 'NONE',  ( 0.9396614428408270880, 9.610288965930196881, -1.416701292127727996 ) ) ;
#6270 = CARTESIAN_POINT ( 'NONE',  ( 0.000000000000000000, 12.00000000000000000, -7.650000000000000355 ) ) ;
#6271 = CARTESIAN_POINT ( 'NONE',  ( 1.699147689796617122, 2.496670933126647451, 0.05560985688356669815 ) ) ;
#6272 = CARTESIAN_POINT ( 'NONE',  ( 2.078886112499999328, 8.260416665710751616, 1.200245456666450661 ) ) ;
#6273 = CARTESIAN_POINT ( 'NONE',  ( -0.7083020537698331287, 0.6236061049870255113, -1.545471149256335774 ) ) ;
#6274 = CARTESIAN_POINT ( 'NONE',  ( 9.268116026981444736E-07, 0.2250136154093740348, 1.699999999999495248 ) ) ;
#6275 = CARTESIAN_POINT ( 'NONE',  ( 1.469876756697720448E-16, 2.326358535790039817, -2.400490913332899545 ) ) ;
#6276 = ORIENTED_EDGE ( 'NONE', *, *, #2568, .T. ) ;
#6277 = DIRECTION ( 'NONE',  ( -0.7071067811865474617, 0.000000000000000000, -0.7071067811865474617 ) ) ;
#6278 = CARTESIAN_POINT ( 'NONE',  ( -9.505903190829839070E-07, 4.949986082340666727, 1.699999999999473488 ) ) ;
#6279 = CARTESIAN_POINT ( 'NONE',  ( 2.986171345291913415, 4.950000000000000178, -5.107491688851529155 ) ) ;
#6280 = CARTESIAN_POINT ( 'NONE',  ( 1.151278615377555603, 0.1629963766857442931, 1.253730801506745429 ) ) ;
#6281 = CARTESIAN_POINT ( 'NONE',  ( 3.539756076648450507E-07, 7.750005188256396949, 1.699999999999926459 ) ) ;
#6282 = CARTESIAN_POINT ( 'NONE',  ( -1.039443056250000996, 5.372916665710733675, 1.800368184999674215 ) ) ;
#6283 = CARTESIAN_POINT ( 'NONE',  ( -2.268186541913591814, 8.673617379884035472E-16, -1.412618621330394619 ) ) ;
#6284 = CARTESIAN_POINT ( 'NONE',  ( 1.409436012163483465, 5.933484299273657392, 0.9514338830548494386 ) ) ;
#6285 = ORIENTED_EDGE ( 'NONE', *, *, #1963, .F. ) ;
#6286 = CARTESIAN_POINT ( 'NONE',  ( -2.078886112500000216, 9.456249999044082699, -2.545901223465009197E-16 ) ) ;
#6287 = LINE ( 'NONE', #3628, #4085 ) ;
#6288 =( BOUNDED_CURVE ( )  B_SPLINE_CURVE ( 2, ( #6822, #2735, #2166, #4827, #8068, #2125, #866, #8155, #5392 ),
 .UNSPECIFIED., .F., .F. ) 
 B_SPLINE_CURVE_WITH_KNOTS ( ( 3, 2, 2, 2, 3 ),
 ( 0.4295269354591968458, 0.4348297929662349737, 0.4454353976727284947, 0.4560410023792220158, 0.4613437964068697328 ),
 .UNSPECIFIED. ) 
 CURVE ( )  GEOMETRIC_REPRESENTATION_ITEM ( )  RATIONAL_B_SPLINE_CURVE ( ( 0.9330127018994659460, 0.9330120051656174418, 1.000000000000000000, 0.8660254037844387076, 1.000000000000000000, 0.8660254037844387076, 1.000000000000000000, 0.9330128070647956129, 0.9330127018923843885 ) ) 
 REPRESENTATION_ITEM ( '' )  );
#6289 = EDGE_CURVE ( 'NONE', #5170, #6111, #8157, .T. ) ;
#6290 = CARTESIAN_POINT ( 'NONE',  ( -0.4555132996080015761, 7.718739281448401712, 1.700000189096592784 ) ) ;
#6291 = CARTESIAN_POINT ( 'NONE',  ( 1.292582770392610270, 5.219641301257659904, 1.116877872195582544 ) ) ;
#6292 = CARTESIAN_POINT ( 'NONE',  ( -0.2057999500717272723, 7.210883352773412192, 1.687576804148720022 ) ) ;
#6293 = CARTESIAN_POINT ( 'NONE',  ( -1.383512828631459524, 0.1195864422938827665, 0.9881235027433750151 ) ) ;
#6294 = CARTESIAN_POINT ( 'NONE',  ( -1.274954189985121111, 0.5016876445488182013, 1.538966367333070684 ) ) ;
#6295 = CARTESIAN_POINT ( 'NONE',  ( -1.039443056250000996, 3.972916665710750195, 1.800368184999674215 ) ) ;
#6296 = CARTESIAN_POINT ( 'NONE',  ( 0.1419224771716295352, 6.865260151136745037, -1.694343292769860065 ) ) ;
#6297 = CARTESIAN_POINT ( 'NONE',  ( 0.7555756737640964005, 7.976855582254565036, 1.523099019729398096 ) ) ;
#6298 = CARTESIAN_POINT ( 'NONE',  ( 1.509060931820994433, 1.853090220288003742, -0.7830355790322518494 ) ) ;
#6299 = ORIENTED_EDGE ( 'NONE', *, *, #7768, .F. ) ;
#6300 = CARTESIAN_POINT ( 'NONE',  ( 1.979288760094044530, 0.07808863577769847852, -0.6570078144771565043 ) ) ;
#6301 = CARTESIAN_POINT ( 'NONE',  ( -0.9508779418376113179, 9.959458535856743566, 1.409211897865357610 ) ) ;
#6302 = CARTESIAN_POINT ( 'NONE',  ( -0.8500000000000007550, 6.466666666666666785, 1.472243186433545237 ) ) ;
#6303 = CARTESIAN_POINT ( 'NONE',  ( 2.078886112499999328, 4.147916665710750905, 1.200245456666450661 ) ) ;
#6304 = CARTESIAN_POINT ( 'NONE',  ( 1.699999999999999956, 9.324999998088168596, 0.000000000000000000 ) ) ;
#6305 = CARTESIAN_POINT ( 'NONE',  ( 1.469876756697720448E-16, 4.293749999044084831, -2.400490913332899545 ) ) ;
#6306 = CARTESIAN_POINT ( 'NONE',  ( 1.675771660698007759, 8.782159872026488401, 0.2861440619551464670 ) ) ;
#6307 = CARTESIAN_POINT ( 'NONE',  ( -1.548097242813975871, 1.496978677988214823, 0.7027140711398339734 ) ) ;
#6308 = ORIENTED_EDGE ( 'NONE', *, *, #551, .F. ) ;
#6309 = CYLINDRICAL_SURFACE ( 'NONE', #964, 0.1000000000000001443 ) ;
#6310 = CARTESIAN_POINT ( 'NONE',  ( 1.699999999999999067, 7.866666664754836447, 0.9814954576223646754 ) ) ;
#6311 = CARTESIAN_POINT ( 'NONE',  ( 0.5333817764071890899, 2.361676533577635961, 1.618029603278030581 ) ) ;
#6312 = CARTESIAN_POINT ( 'NONE',  ( -1.039443056250000996, 7.385416665710749839, 1.800368184999674215 ) ) ;
#6313 = CARTESIAN_POINT ( 'NONE',  ( -0.7239163033833058147, 0.6246800258283085050, -1.538176301514183830 ) ) ;
#6315 = CARTESIAN_POINT ( 'NONE',  ( 2.966664951328146227, 4.978965517241379146, -5.087985294887762855 ) ) ;
#6314 = PRODUCT_CONTEXT ( 'NONE', #3681, 'mechanical' ) ;
#6316 = CARTESIAN_POINT ( 'NONE',  ( 1.469876756697720448E-16, 5.126358535790038751, -2.400490913332899545 ) ) ;
#6317 = AXIS2_PLACEMENT_3D ( 'NONE', #3379, #817, #7461 ) ;
#6318 = ORIENTED_EDGE ( 'NONE', *, *, #5970, .F. ) ;
#6319 = CARTESIAN_POINT ( 'NONE',  ( -7.214603044822823108, 3.063623187575865270, 2.544307028118206748 ) ) ;
#6320 = DIRECTION ( 'NONE',  ( 3.552713678800500929E-15, 0.000000000000000000, 1.000000000000000000 ) ) ;
#6321 = CARTESIAN_POINT ( 'NONE',  ( 0.2859357922163578425, 0.1063473569871465074, 1.678531515102526406 ) ) ;
#6322 = CARTESIAN_POINT ( 'NONE',  ( -2.408346736891405305E-07, 5.824996424652506555, 1.699999999999965539 ) ) ;
#6323 = ADVANCED_FACE ( 'NONE', ( #8212, #3487 ), #3574, .F. ) ;
#6324 = CARTESIAN_POINT ( 'NONE',  ( -2.078886112500000216, 6.597916665710733319, -1.200245456666450217 ) ) ;
#6325 = CARTESIAN_POINT ( 'NONE',  ( 1.053598548738664098, 2.602085213965210642E-14, -2.134897661130943813 ) ) ;
#6326 = ORIENTED_EDGE ( 'NONE', *, *, #4912, .T. ) ;
#6327 = CARTESIAN_POINT ( 'NONE',  ( -2.078886112500000216, 8.814583332377418756, 1.200245456666449106 ) ) ;
#6328 = DIRECTION ( 'NONE',  ( -0.000000000000000000, 1.000000000000000000, -0.000000000000000000 ) ) ;
#6329 = CARTESIAN_POINT ( 'NONE',  ( 1.469876756697720448E-16, 1.493749999044084342, -2.400490913332899545 ) ) ;
#6330 = CARTESIAN_POINT ( 'NONE',  ( 0.6209848111773574875, 5.432184956823896016, -1.583427802677900509 ) ) ;
#6331 = CARTESIAN_POINT ( 'NONE',  ( -2.496867884684820808E-08, 0.5750003217616866946, -1.699999999999999512 ) ) ;
#6332 = FACE_OUTER_BOUND ( 'NONE', #1049, .T. ) ;
#6333 = CARTESIAN_POINT ( 'NONE',  ( -1.834242958640012855, 0.5019233541383442132, 0.2489549640799548214 ) ) ;
#6334 = CARTESIAN_POINT ( 'NONE',  ( -1.039443056249999664, 3.039583332377417957, -1.800368184999674437 ) ) ;
#6335 = CARTESIAN_POINT ( 'NONE',  ( 0.03085686286889931587, 6.872882376915761427, -1.699732929433356743 ) ) ;
#6336 = CARTESIAN_POINT ( 'NONE',  ( 0.6564612603151985804, 7.970069990436678964, 1.568218480379162116 ) ) ;
#6337 = CARTESIAN_POINT ( 'NONE',  ( 0.7654245480506367549, 1.922461135690341827, -1.518006005895988997 ) ) ;
#6338 = VERTEX_POINT ( 'NONE', #6703 ) ;
#6339 = CARTESIAN_POINT ( 'NONE',  ( 0.1544022602780167341, 4.435548156283134702, 1.700000000120427845 ) ) ;
#6340 = CARTESIAN_POINT ( 'NONE',  ( 3.956290731841337838, 2.373921791567575657, 3.226782805549678557 ) ) ;
#6341 = CARTESIAN_POINT ( 'NONE',  ( 1.201985270554894323E-16, 8.275000000000002132, -1.962990915244727130 ) ) ;
#6342 = CARTESIAN_POINT ( 'NONE',  ( 1.039443056250000330, 5.022916665710750905, -1.800368184999674215 ) ) ;
#6343 = CARTESIAN_POINT ( 'NONE',  ( 2.081899558550500280E-16, 10.19999999999999929, 1.699999999999999956 ) ) ;
#6344 = CARTESIAN_POINT ( 'NONE',  ( -4.409630270093162085E-16, 4.643749999044085364, 2.400490913332899545 ) ) ;
#6345 = CARTESIAN_POINT ( 'NONE',  ( -1.690670808221504506, 8.460895190083212114, 0.1778638989444649154 ) ) ;
#6346 = CARTESIAN_POINT ( 'NONE',  ( -1.477659585286461352, 1.392361649494687992, -0.8414328144071245852 ) ) ;
#6347 = ORIENTED_EDGE ( 'NONE', *, *, #2465, .F. ) ;
#6348 = CARTESIAN_POINT ( 'NONE',  ( 0.7917630156333631541, 3.779159956901403383, 1.504733649570164422 ) ) ;
#6349 = CARTESIAN_POINT ( 'NONE',  ( -0.8500000000000007550, 8.391666664754835026, 1.472243186433545237 ) ) ;
#6350 = EDGE_CURVE ( 'NONE', #1347, #2421, #5397, .T. ) ;
#6351 = CARTESIAN_POINT ( 'NONE',  ( 0.6889633649275896943, 2.372263609659151840, 1.555139370252547337 ) ) ;
#6352 = CARTESIAN_POINT ( 'NONE',  ( 1.039443056250000330, 8.435416665710752326, -1.800368184999674215 ) ) ;
#6353 = APPLICATION_CONTEXT ( 'automotive_design' ) ;
#6354 = EDGE_CURVE ( 'NONE', #6111, #1961, #5788, .T. ) ;
#6355 = CARTESIAN_POINT ( 'NONE',  ( -1.645663494812849237, 0.7772422279832592595, 0.4267059293340227932 ) ) ;
#6357 = CARTESIAN_POINT ( 'NONE',  ( 0.4910047742295519657, 8.241303685084691466, -1.627555891236965646 ) ) ;
#6356 = ITEM_DEFINED_TRANSFORMATION ( 'NONE', 'NONE', #3726,  #5109 ) ;
#6358 = CARTESIAN_POINT ( 'NONE',  ( -2.078886112500000216, 1.801358535790040349, -2.545901223465009197E-16 ) ) ;
#6359 = VECTOR ( 'NONE', #8574, 1000.000000000000114 ) ;
#6360 = VERTEX_POINT ( 'NONE', #4271 ) ;
#6361 = B_SPLINE_CURVE_WITH_KNOTS ( 'NONE', 3,
 ( #570, #8509, #3185, #6611, #7296, #1344 ),
 .UNSPECIFIED., .F., .F.,
 ( 4, 2, 4 ),
 ( 0.000000000000000000, 0.0003953464452561773388, 0.0007906928905123546776 ),
 .UNSPECIFIED. ) ;
#6362 = CARTESIAN_POINT ( 'NONE',  ( 1.699999999999999289, 7.166666664754834493, 0.9814954576223646754 ) ) ;
#6363 = VECTOR ( 'NONE', #4180, 1000.000000000000000 ) ;
#6364 = CARTESIAN_POINT ( 'NONE',  ( 0.6166571638671124456, 0.2673135693916878219, 1.586654237558590586 ) ) ;
#6365 = CARTESIAN_POINT ( 'NONE',  ( -0.1681996800710275353, 5.813462301986539238, 1.693377840634509246 ) ) ;
#6366 = CARTESIAN_POINT ( 'NONE',  ( 2.078886112500000216, 4.964583332377400460, -1.200245456666449329 ) ) ;
#6367 = VECTOR ( 'NONE', #6443, 1000.000000000000000 ) ;
#6368 = CARTESIAN_POINT ( 'NONE',  ( -1.064137085336133604, 0.000000000000000000, -2.319186444889958398 ) ) ;
#6369 = EDGE_LOOP ( 'NONE', ( #487, #4572, #2555, #667, #2631, #3189 ) ) ;
#6370 = CARTESIAN_POINT ( 'NONE',  ( 1.039443056249998776, 7.589583332377417335, 1.800368184999675325 ) ) ;
#6371 = CARTESIAN_POINT ( 'NONE',  ( 1.461893022342946269, 1.159991795986773155, -0.8748599864109886104 ) ) ;
#6372 = CARTESIAN_POINT ( 'NONE',  ( -2.078886112499999772, 0.2104166657107512384, -1.200245456666450439 ) ) ;
#6373 = CARTESIAN_POINT ( 'NONE',  ( -1.339618232865856573, 9.075339199507977739, -1.048135987579462025 ) ) ;
#6374 = CARTESIAN_POINT ( 'NONE',  ( 2.078886112499989114, 5.518749999044078258, 0.000000000000000000 ) ) ;
#6375 = AXIS2_PLACEMENT_3D ( 'NONE', #7762, #1857, #6994 ) ;
#6376 = CARTESIAN_POINT ( 'NONE',  ( -1.683424123760001612, 0.03524147354016064770, -0.2386466464904422047 ) ) ;
#6377 = CARTESIAN_POINT ( 'NONE',  ( -1.792097785075386307, 0.5020986983673316750, 0.5965497310345437842 ) ) ;
#6378 = CARTESIAN_POINT ( 'NONE',  ( -1.039443056250000996, 5.372916665710750550, 1.800368184999674215 ) ) ;
#6379 = CARTESIAN_POINT ( 'NONE',  ( -1.541231794410184097, 7.701874767649902864, -0.7181886176973053537 ) ) ;
#6380 = DIRECTION ( 'NONE',  ( 0.000000000000000000, 0.000000000000000000, -1.000000000000000000 ) ) ;
#6381 = CARTESIAN_POINT ( 'NONE',  ( 0.5811065976202562933, 1.935138609538697763, -1.600439998578531364 ) ) ;
#6382 = ORIENTED_EDGE ( 'NONE', *, *, #1774, .F. ) ;
#6383 = CARTESIAN_POINT ( 'NONE',  ( 0.4822183408864520460, 4.458050238805708609, 1.630673814229435026 ) ) ;
#6384 = CARTESIAN_POINT ( 'NONE',  ( -0.9522838696914158740, 2.740735746534860517, -1.408310749172326126 ) ) ;
#6385 = CARTESIAN_POINT ( 'NONE',  ( -0.7102455081994794028, 9.976587893745321622, 1.547861718410970866 ) ) ;
#6386 = CARTESIAN_POINT ( 'NONE',  ( -0.8499999999999996447, 6.933333333333333570, -1.472243186433545681 ) ) ;
#6387 = CARTESIAN_POINT ( 'NONE',  ( -1.039443056249999664, 4.439583332377417868, -1.800368184999674437 ) ) ;
#6388 = CARTESIAN_POINT ( 'NONE',  ( -0.5532894408054628288, 2.012914763873949298, -1.608040349293262006 ) ) ;
#6389 = CARTESIAN_POINT ( 'NONE',  ( -1.039443056249999664, 5.052083332377417690, -1.800368184999674437 ) ) ;
#6390 = CARTESIAN_POINT ( 'NONE',  ( 0.02128562535791433258, 8.973539647462750679, -1.699899090641864285 ) ) ;
#6391 = CARTESIAN_POINT ( 'NONE',  ( -0.7005340597233276068, 1.577097462703301201, 1.549055778134610373 ) ) ;
#6392 = DIRECTION ( 'NONE',  ( -0.7071067811865540120, 0.000000000000000000, 0.7071067811865410224 ) ) ;
#6393 = CARTESIAN_POINT ( 'NONE',  ( 1.221750345753266576, 3.813270661069253276, 1.183492668062478659 ) ) ;
#6394 = CARTESIAN_POINT ( 'NONE',  ( 0.000000000000000000, -5.000000000000000000, 7.799999999999999822 ) ) ;
#6395 = CIRCLE ( 'NONE', #3061, 7.799999999999999822 ) ;
#6396 = CARTESIAN_POINT ( 'NONE',  ( -3.870068605369154202, 5.212479532407042093, -3.870068605369151538 ) ) ;
#6397 = CARTESIAN_POINT ( 'NONE',  ( -2.078886112500000216, 8.027083332377417335, 1.200245456666449106 ) ) ;
#6398 = CARTESIAN_POINT ( 'NONE',  ( -0.7304552319969551677, 0.6251291787237126529, -1.535070323546009474 ) ) ;
#6399 = CARTESIAN_POINT ( 'NONE',  ( 0.000000000000000000, 3.000000000000000000, 0.000000000000000000 ) ) ;
#6400 = CARTESIAN_POINT ( 'NONE',  ( 1.039443056250000330, 1.568025202456706957, -1.800368184999674215 ) ) ;
#6401 = ADVANCED_FACE ( 'NONE', ( #8377 ), #1618, .T. ) ;
#6402 = ORIENTED_EDGE ( 'NONE', *, *, #2699, .T. ) ;
#6403 = DIRECTION ( 'NONE',  ( 0.7071067811865475727, 0.000000000000000000, -0.7071067811865475727 ) ) ;
#6404 = FACE_OUTER_BOUND ( 'NONE', #2103, .T. ) ;
#6405 = CARTESIAN_POINT ( 'NONE',  ( 1.198779193025042433, 0.3111625963193294098, 1.205391212125612510 ) ) ;
#6406 = CARTESIAN_POINT ( 'NONE',  ( 2.489362245493009329, 3.101558808504984110, -7.233668728588426688 ) ) ;
#6407 = CARTESIAN_POINT ( 'NONE',  ( 2.078886112499999772, 9.047916665710733497, 1.200245456666450883 ) ) ;
#6408 = CARTESIAN_POINT ( 'NONE',  ( 0.7525889637425400291, 0.000000000000000000, -2.286738266795334429 ) ) ;
#6409 = VERTEX_POINT ( 'NONE', #3098 ) ;
#6410 = CARTESIAN_POINT ( 'NONE',  ( 1.699999999999999067, 3.666666664754835825, 0.9814954576223646754 ) ) ;
#6411 = PLANE ( 'NONE',  #1864 ) ;
#6412 = CARTESIAN_POINT ( 'NONE',  ( 2.078886112499999772, 2.077083332377417602, -1.200245456666449329 ) ) ;
#6413 = CARTESIAN_POINT ( 'NONE',  ( 0.1072243839309387631, 5.467641484724551582, -1.696623860874691525 ) ) ;
#6414 = CARTESIAN_POINT ( 'NONE',  ( 2.078886112499989114, 4.118749999044077903, 0.000000000000000000 ) ) ;
#6415 = CARTESIAN_POINT ( 'NONE',  ( -1.276468147693327726, 0.5016798648125431193, 1.539336862281250884 ) ) ;
#6416 = CARTESIAN_POINT ( 'NONE',  ( -1.789303968760615149, 0.5020151920544541069, -0.2267722776023800291 ) ) ;
#6417 = CARTESIAN_POINT ( 'NONE',  ( -1.039443056249999664, 7.239583332377417690, -1.800368184999674437 ) ) ;
#6418 = CARTESIAN_POINT ( 'NONE',  ( 0.4561709086075954045, 6.843696320609560679, -1.638532330081334587 ) ) ;
#6419 = CARTESIAN_POINT ( 'NONE',  ( 1.497537597464329240, 8.045229762334784596, 0.8046778996102328385 ) ) ;
#6420 = CARTESIAN_POINT ( 'NONE',  ( 0.7402349619107571055, 1.924199330718663337, -1.530386876018015263 ) ) ;
#6421 = ORIENTED_EDGE ( 'NONE', *, *, #3640, .F. ) ;
#6422 = LINE ( 'NONE', #420, #3528 ) ;
#6423 = DIRECTION ( 'NONE',  ( 0.000000000000000000, 0.000000000000000000, 1.000000000000000000 ) ) ;
#6424 = DIRECTION ( 'NONE',  ( 0.000000000000000000, 0.000000000000000000, 1.000000000000000000 ) ) ;
#6425 = CARTESIAN_POINT ( 'NONE',  ( 0.8499999999999988676, 9.383333333333334636, 1.472243186433546347 ) ) ;
#6426 = CARTESIAN_POINT ( 'NONE',  ( -1.039443056250000996, 4.672916665710750372, 1.800368184999674215 ) ) ;
#6427 = CARTESIAN_POINT ( 'NONE',  ( -1.323163009981934257, 2.073628650600809920, -1.067474849272449511 ) ) ;
#6428 = CARTESIAN_POINT ( 'NONE',  ( 1.039443056250000330, 7.735416665710751261, -1.800368184999674215 ) ) ;
#6429 = CARTESIAN_POINT ( 'NONE',  ( -1.121376352781380703, 8.354246323334578506, -1.277718076847006223 ) ) ;
#6430 = CARTESIAN_POINT ( 'NONE',  ( -0.2102672653506335587, 1.610586378014898346, 1.687350470687113857 ) ) ;
#6431 = EDGE_CURVE ( 'NONE', #6450, #4379, #2612, .T. ) ;
#6432 = ORIENTED_EDGE ( 'NONE', *, *, #3465, .F. ) ;
#6433 = CARTESIAN_POINT ( 'NONE',  ( 1.550183175915327283, 3.946646435575156708, -0.6983815837966017570 ) ) ;
#6434 = CARTESIAN_POINT ( 'NONE',  ( 0.8500000000000001998, 8.741666664754834670, -1.472243186433545459 ) ) ;
#6435 = CARTESIAN_POINT ( 'NONE',  ( 7.262487513574959513E-16, 2.675000000000000266, -1.699999999999999734 ) ) ;
#6436 = CARTESIAN_POINT ( 'NONE',  ( -0.1620243309341761750, 0.07898626759851173906, 1.694766732860800929 ) ) ;
#6437 = CARTESIAN_POINT ( 'NONE',  ( -1.228346150678472526, 0.6639501287900129167, -1.175559719332105235 ) ) ;
#6438 = CARTESIAN_POINT ( 'NONE',  ( 0.1425505396012937132, 8.265231587733376628, -1.694363977933823762 ) ) ;
#6439 = CARTESIAN_POINT ( 'NONE',  ( -1.039443056250000996, 2.618025202456707223, 1.800368184999674215 ) ) ;
#6440 = EDGE_LOOP ( 'NONE', ( #2882, #5180, #4391, #446 ) ) ;
#6441 = CARTESIAN_POINT ( 'NONE',  ( 1.039124786480737139, 5.897342574179313957, 1.345512920963370496 ) ) ;
#6442 = AXIS2_PLACEMENT_3D ( 'NONE', #5214, #3945, #633 ) ;
#6443 = DIRECTION ( 'NONE',  ( -0.7071067811865452413, 1.531342102931251612E-17, -0.7071067811865497932 ) ) ;
#6444 = CARTESIAN_POINT ( 'NONE',  ( 2.034747684884790520, 7.190554247572068840E-16, -0.4726388433940020839 ) ) ;
#6445 = CARTESIAN_POINT ( 'NONE',  ( 1.508493345714612799, 0.3468319975098633767, 0.7841576294417764714 ) ) ;
#6446 = DIRECTION ( 'NONE',  ( -0.000000000000000000, -1.000000000000000000, -0.000000000000000000 ) ) ;
#6447 = CARTESIAN_POINT ( 'NONE',  ( 1.469876756697720941E-16, 9.281249999044064225, -2.400490913332899545 ) ) ;
#6448 = EDGE_CURVE ( 'NONE', #6878, #2775, #316, .T. ) ;
#6449 = EDGE_LOOP ( 'NONE', ( #6887, #6178, #7357, #48 ) ) ;
#6450 = VERTEX_POINT ( 'NONE', #4357 ) ;
#6451 = CARTESIAN_POINT ( 'NONE',  ( 0.8499999999999988676, 0.1083333314215021714, 1.472243186433546347 ) ) ;
#6452 = CARTESIAN_POINT ( 'NONE',  ( 1.334661475951029352, 1.175488743695057847, -1.058862573335296764 ) ) ;
#6453 = CARTESIAN_POINT ( 'NONE',  ( 1.469876756697720448E-16, -0.6062500009559155245, -2.400490913332899545 ) ) ;
#6454 = CARTESIAN_POINT ( 'NONE',  ( -1.079344442890204148, 9.050517333272480869, -1.313852905446146524 ) ) ;
#6455 = EDGE_CURVE ( 'NONE', #4062, #2003, #4279, .T. ) ;
#6456 = CARTESIAN_POINT ( 'NONE',  ( 1.039443056249994779, 2.835416665710744244, -1.800368184999665111 ) ) ;
#6457 = CARTESIAN_POINT ( 'NONE',  ( -1.700000000000000400, 2.033333331421502077, 0.9814954576223630101 ) ) ;
#6458 = DIRECTION ( 'NONE',  ( -0.000000000000000000, -1.000000000000000000, -0.000000000000000000 ) ) ;
#6459 = CARTESIAN_POINT ( 'NONE',  ( -2.078886112499999772, 5.897916665710750905, -1.200245456666450439 ) ) ;
#6460 = CARTESIAN_POINT ( 'NONE',  ( -1.696061443946272007, 7.757145582495020619, 0.1178268057003193786 ) ) ;
#6461 = FACE_OUTER_BOUND ( 'NONE', #7441, .T. ) ;
#6462 = ORIENTED_EDGE ( 'NONE', *, *, #3901, .T. ) ;
#6463 = CARTESIAN_POINT ( 'NONE',  ( 1.494532255622586181, 4.544757195537415306, 0.8114360964836180301 ) ) ;
#6464 = CARTESIAN_POINT ( 'NONE',  ( -1.342204918439327210, 2.775712734313978913, -1.043355470530050511 ) ) ;
#6465 = CARTESIAN_POINT ( 'NONE',  ( 2.312024219028203653, 5.951057409446828039, -4.433344562587824278 ) ) ;
#6466 = CARTESIAN_POINT ( 'NONE',  ( -4.409630270093162085E-16, 4.031249999044084653, 2.400490913332899545 ) ) ;
#6467 = CARTESIAN_POINT ( 'NONE',  ( -2.078886112499999772, 7.210416665710750017, -1.200245456666450439 ) ) ;
#6468 = CARTESIAN_POINT ( 'NONE',  ( -1.512593442397460519, 8.397452145092801246, -0.7759509382667247879 ) ) ;
#6469 = CARTESIAN_POINT ( 'NONE',  ( -0.04474857134489152594, 1.621930549093631768, 1.699447565573521723 ) ) ;
#6470 = DIRECTION ( 'NONE',  ( 0.7071067811865473507, 5.551115123125781470E-17, -0.7071067811865477948 ) ) ;
#6471 = DIRECTION ( 'NONE',  ( 0.000000000000000000, 0.000000000000000000, 1.000000000000000000 ) ) ;
#6472 = CARTESIAN_POINT ( 'NONE',  ( 1.414820197466280183, 3.965975450378124822, -0.9476056844014136837 ) ) ;
#6473 = CARTESIAN_POINT ( 'NONE',  ( 1.619081005217509306, 3.166440352539480863, 0.5183583441850398987 ) ) ;
#6474 = CARTESIAN_POINT ( 'NONE',  ( 1.346577062959625870, 2.573791113292136501, -1.039208730619872068 ) ) ;
#6475 = CARTESIAN_POINT ( 'NONE',  ( -0.9279451731673507009, 0.03005169784026671606, 1.424442880447001958 ) ) ;
#6476 = CARTESIAN_POINT ( 'NONE',  ( 0.8499999999999988676, 0.2833333333333333259, 1.472243186433546347 ) ) ;
#6477 = CARTESIAN_POINT ( 'NONE',  ( -4.230320976016780396E-06, 1.800000486524679033, -1.699999999994736388 ) ) ;
#6478 = CARTESIAN_POINT ( 'NONE',  ( 1.658810737048826311, 8.075565910627362953, 0.3860246009040688708 ) ) ;
#6479 = CARTESIAN_POINT ( 'NONE',  ( -4.409630270093162085E-16, 6.876358535790039639, 2.400490913332899545 ) ) ;
#6480 = ORIENTED_EDGE ( 'NONE', *, *, #6877, .F. ) ;
#6481 = CARTESIAN_POINT ( 'NONE',  ( 1.147209205307017754, 6.093535421310136257, -1.254678249252427547 ) ) ;
#6482 = CARTESIAN_POINT ( 'NONE',  ( 3.226782805549693212, 5.626078208432424788, -3.956290731841324959 ) ) ;
#6483 = DIRECTION ( 'NONE',  ( 0.7071067811865473507, -2.775557561562890735E-17, -0.7071067811865477948 ) ) ;
#6484 = CARTESIAN_POINT ( 'NONE',  ( 0.5692634774846894175, 0.1239261827936950361, 1.601860195960529643 ) ) ;
#6485 = CARTESIAN_POINT ( 'NONE',  ( -0.5646199775660660780, 0.5016357169470284649, 1.996934314406289657 ) ) ;
#6486 = CARTESIAN_POINT ( 'NONE',  ( 1.699999999999999289, 7.866666664754835558, 0.9814954576223646754 ) ) ;
#6487 = EDGE_LOOP ( 'NONE', ( #2844, #8112, #6276, #3179, #5860, #4236, #1433, #857, #8545, #4534, #7006, #4630, #4129, #8130, #2369, #4323, #7544, #1016, #1173, #6671, #3265, #8168, #7556, #699, #5611, #4422, #6996, #1422, #1140, #2258, #4902 ) ) ;
#6488 = EDGE_CURVE ( 'NONE', #5106, #1583, #4506, .T. ) ;
#6489 = EDGE_LOOP ( 'NONE', ( #6712, #3259, #5738, #4579 ) ) ;
#6490 = CARTESIAN_POINT ( 'NONE',  ( -1.699999999999999956, 0.5749999980881688177, -2.081899558550500280E-16 ) ) ;
#6491 = CYLINDRICAL_SURFACE ( 'NONE', #2196, 1.699999999999999956 ) ;
#6492 = CIRCLE ( 'NONE', #388, 5.500000000000000000 ) ;
#6493 = CARTESIAN_POINT ( 'NONE',  ( -1.179793567486288053, 9.059342391920941040, -1.224314922284051033 ) ) ;
#6494 = CARTESIAN_POINT ( 'NONE',  ( 1.039443056249994779, 3.535416665710744866, -1.800368184999665111 ) ) ;
#6495 = CARTESIAN_POINT ( 'NONE',  ( -4.046831517071719730, 0.000000000000000000, -4.046831517071717066 ) ) ;
#6496 = DIRECTION ( 'NONE',  ( 0.4876598490941726483, -0.7241379310344822073, -0.4876598490941694841 ) ) ;
#6497 = CARTESIAN_POINT ( 'NONE',  ( -2.078886112500000216, 7.356249999044083943, -2.545901223465009197E-16 ) ) ;
#6498 = CARTESIAN_POINT ( 'NONE',  ( -0.9864025063693823148, 7.856795833713946742, 1.384823220438122116 ) ) ;
#6499 = DIRECTION ( 'NONE',  ( 0.000000000000000000, -1.000000000000000000, 0.000000000000000000 ) ) ;
#6500 = AXIS2_PLACEMENT_3D ( 'NONE', #1619, #3488, #6189 ) ;
#6501 = CARTESIAN_POINT ( 'NONE',  ( -0.7388653243508381818, -4.336808689942017736E-14, -1.178491456831436635 ) ) ;
#6502 = VERTEX_POINT ( 'NONE', #8254 ) ;
#6503 = CARTESIAN_POINT ( 'NONE',  ( 1.011199201928155933, 4.495080128669077801, 1.367700955409412167 ) ) ;
#6504 = AXIS2_PLACEMENT_3D ( 'NONE', #3431, #5952, #1253 ) ;
#6505 = CARTESIAN_POINT ( 'NONE',  ( -2.262975846493129772, 8.000000000000000000, 4.870299948342232454 ) ) ;
#6506 = DIRECTION ( 'NONE',  ( 0.000000000000000000, 0.000000000000000000, 1.000000000000000000 ) ) ;
#6507 = CARTESIAN_POINT ( 'NONE',  ( -0.2205852095036034688, 0.5574324837531346999, -0.2682584837454060622 ) ) ;
#6508 = CARTESIAN_POINT ( 'NONE',  ( -2.078886112499999772, 7.910416665710751971, -1.200245456666450439 ) ) ;
#6509 = DIRECTION ( 'NONE',  ( 0.000000000000000000, 0.000000000000000000, -1.000000000000000000 ) ) ;
#6510 = CARTESIAN_POINT ( 'NONE',  ( -0.1492604612316041357, 4.785243364982966874, -1.700000000000000844 ) ) ;
#6511 = CARTESIAN_POINT ( 'NONE',  ( -0.4780042260722544012, 4.107788473170115751, -1.631963792718843065 ) ) ;
#6512 = PLANE ( 'NONE',  #3301 ) ;
#6513 = CARTESIAN_POINT ( 'NONE',  ( 1.097173492755867841, 3.801863845808155062, 1.303658520325539527 ) ) ;
#6514 = DIRECTION ( 'NONE',  ( -0.000000000000000000, -1.000000000000000000, -0.000000000000000000 ) ) ;
#6515 = DIRECTION ( 'NONE',  ( 0.000000000000000000, 1.000000000000000000, -0.000000000000000000 ) ) ;
#6516 = LINE ( 'NONE', #1288, #6186 ) ;
#6517 = CIRCLE ( 'NONE', #2773, 8.160295526135243449 ) ;
#6518 = CARTESIAN_POINT ( 'NONE',  ( -1.699999999999999956, 1.449999999999999956, -2.081899558550500280E-16 ) ) ;
#6519 = CARTESIAN_POINT ( 'NONE',  ( -2.986171345291948942, 4.950000000000000178, 5.107491688851508727 ) ) ;
#6520 = DIRECTION ( 'NONE',  ( 0.000000000000000000, 0.000000000000000000, 1.000000000000000000 ) ) ;
#6521 = CARTESIAN_POINT ( 'NONE',  ( 1.699526756806720051, 8.114071979747611962, -0.2290523765373027043 ) ) ;
#6522 = CARTESIAN_POINT ( 'NONE',  ( 1.039443056250000330, 7.168025202456705713, -1.800368184999674215 ) ) ;
#6523 = EDGE_CURVE ( 'NONE', #4005, #2399, #7651, .T. ) ;
#6524 = ORIENTED_EDGE ( 'NONE', *, *, #7239, .F. ) ;
#6525 = CARTESIAN_POINT ( 'NONE',  ( 0.5084770856588121113, 5.859894244411171016, 1.622199093382269641 ) ) ;
#6526 = CARTESIAN_POINT ( 'NONE',  ( 0.000000000000000000, 8.000000000000000000, 0.000000000000000000 ) ) ;
#6527 = CARTESIAN_POINT ( 'NONE',  ( 1.407044786622663857, 0.4667607425682417377, -0.9541250286787898993 ) ) ;
#6528 = PLANE ( 'NONE',  #6105 ) ;
#6529 = VERTEX_POINT ( 'NONE', #1746 ) ;
#6530 = CIRCLE ( 'NONE', #985, 1.000000000000000888 ) ;
#6531 = VERTEX_POINT ( 'NONE', #1009 ) ;
#6532 = CARTESIAN_POINT ( 'NONE',  ( 1.699999999999999956, 2.324999998088169040, 0.000000000000000000 ) ) ;
#6533 = LINE ( 'NONE', #5274, #6724 ) ;
#6534 = CARTESIAN_POINT ( 'NONE',  ( -1.036458489709695119, 9.252961570359321541, 1.351212987188201931 ) ) ;
#6535 = CARTESIAN_POINT ( 'NONE',  ( 2.078886112499988670, 4.060416665710745221, 1.200245456666444444 ) ) ;
#6536 = CARTESIAN_POINT ( 'NONE',  ( -0.4601486131383455414, 0.1934212512464908162, 1.636541042422698489 ) ) ;
#6537 = CARTESIAN_POINT ( 'NONE',  ( 2.279064564105362400, 6.000000000000000000, -4.400384907664983025 ) ) ;
#6538 = CARTESIAN_POINT ( 'NONE',  ( -1.039443056249999664, 7.939583332377416980, -1.800368184999674437 ) ) ;
#6539 = MANIFOLD_SOLID_BREP ( 'CirPattern1', #1355 ) ;
#6540 = CARTESIAN_POINT ( 'NONE',  ( -1.044292685948443822, 7.852226304408800317, 1.341461812015620980 ) ) ;
#6541 = CARTESIAN_POINT ( 'NONE',  ( 2.234154015110208835, 7.947084575471273560, 4.741006527942210447 ) ) ;
#6542 = CARTESIAN_POINT ( 'NONE',  ( -0.6993733841531305506, 6.477023283914302709, 1.550243922229916249 ) ) ;
#6543 = EDGE_CURVE ( 'NONE', #4721, #5875, #1793, .T. ) ;
#6544 = ORIENTED_EDGE ( 'NONE', *, *, #5337, .F. ) ;
#6545 = CARTESIAN_POINT ( 'NONE',  ( 0.7583612373980153087, 4.723049779750029487, -1.521714606582704299 ) ) ;
#6546 = CARTESIAN_POINT ( 'NONE',  ( -1.354666006689635438, 2.777105145597484004, -1.027124477016908788 ) ) ;
#6547 = CARTESIAN_POINT ( 'NONE',  ( 0.000000000000000000, 1.500000000000000444, 0.000000000000000000 ) ) ;
#6548 = CARTESIAN_POINT ( 'NONE',  ( -0.1534291212143828742, 0.5616675488508442449, -0.2672476802958786979 ) ) ;
#6549 = CARTESIAN_POINT ( 'NONE',  ( 2.078886112499999772, 5.577083332377417157, -1.200245456666449329 ) ) ;
#6550 = CARTESIAN_POINT ( 'NONE',  ( -0.8159122797624090984, 8.569264878486448467, 1.494690264778725242 ) ) ;
#6551 = CARTESIAN_POINT ( 'NONE',  ( -0.5876720272945572532, 4.815330642208274448, -1.595590620362839385 ) ) ;
#6552 = CARTESIAN_POINT ( 'NONE',  ( -4.934344465946485236, 8.000000000000000000, -4.751288740056038407 ) ) ;
#6553 = EDGE_CURVE ( 'NONE', #5793, #7471, #6965, .T. ) ;
#6554 = CARTESIAN_POINT ( 'NONE',  ( -1.538517851216228749, 6.398737029437251422, 0.7266739173484280112 ) ) ;
#6555 = CARTESIAN_POINT ( 'NONE',  ( 0.2316659176292063804, 4.059102196532372808, -1.684221509831887120 ) ) ;
#6556 = CARTESIAN_POINT ( 'NONE',  ( 0.1135611328803716596, 3.032654175350656178, 1.697152883044700911 ) ) ;
#6557 = CARTESIAN_POINT ( 'NONE',  ( 0.7213179263057026835, 2.625510935420741987, -1.540286294881773932 ) ) ;
#6558 = CARTESIAN_POINT ( 'NONE',  ( 0.5487515430576866970, 10.27454582425633767, 2.257567434419183616 ) ) ;
#6559 = CARTESIAN_POINT ( 'NONE',  ( -3.605955811664682968E-16, 1.625000000000000222, 1.962990915244727130 ) ) ;
#6560 = CARTESIAN_POINT ( 'NONE',  ( 1.699999999999999956, 2.324999998088169040, 0.000000000000000000 ) ) ;
#6561 = CARTESIAN_POINT ( 'NONE',  ( -0.6180842190676475445, 0.8828547096583930776, 1.586229825810659744 ) ) ;
#6562 = EDGE_CURVE ( 'NONE', #6713, #2169, #6235, .T. ) ;
#6563 = CARTESIAN_POINT ( 'NONE',  ( 2.312024219028204541, 2.048942590553171517, -4.433344562587826054 ) ) ;
#6564 = CARTESIAN_POINT ( 'NONE',  ( 2.078886112499999772, 8.509691869123372499, -1.200245456666449329 ) ) ;
#6565 = ORIENTED_EDGE ( 'NONE', *, *, #4002, .F. ) ;
#6566 = CARTESIAN_POINT ( 'NONE',  ( 1.569605375425873639, 5.956506052962402542, 0.6555831793913881045 ) ) ;
#6567 = CARTESIAN_POINT ( 'NONE',  ( 1.691805155513508740, 7.389802485747895666, 0.1668569047781193193 ) ) ;
#6568 = CARTESIAN_POINT ( 'NONE',  ( 1.514587582565567692, 0.4535375691502070983, -0.7932228845338848977 ) ) ;
#6569 = CARTESIAN_POINT ( 'NONE',  ( -1.060660171779822525, 4.585121964646132860E-16, 1.060660171779822525 ) ) ;
#6570 = ORIENTED_EDGE ( 'NONE', *, *, #6812, .F. ) ;
#6571 = VERTEX_POINT ( 'NONE', #5017 ) ;
#6572 = CARTESIAN_POINT ( 'NONE',  ( 1.201985270554894323E-16, 1.799999998088169129, -1.962990915244727130 ) ) ;
#6573 = CARTESIAN_POINT ( 'NONE',  ( 2.312024219028204541, 2.048942590553171517, -4.433344562587826054 ) ) ;
#6574 = B_SPLINE_CURVE_WITH_KNOTS ( 'NONE', 3,
 ( #2386, #8195, #7032, #5648, #6214, #2428, #5086, #4908, #5566, #8278, #1075, #6388, #2340, #5000, #4429, #1601, #7637, #4255, #3731, #425, #7073, #2916, #7989, #1267, #3315, #4669, #6427, #7910, #7303, #3271, #4625, #1308, #6577, #2050, #5924, #5234, #6058, #6706, #4585, #465, #753, #2706, #4714, #1925, #5362, #7224, #2009, #706, #7263, #7870, #8558, #3966, #3924, #8518, #615, #6618, #2626, #5278, #660, #5971, #9, #3403, #1968, #2579, #2663, #5317, #3232, #7349, #7949, #4010, #1353, #3773, #1402, #4055, #99, #5411, #6664, #3358, #6013, #55, #2754, #8037, #2097, #4759, #1118, #5882, #7528, #4886, #1578, #4844 ),
 .UNSPECIFIED., .F., .F.,
 ( 4, 2, 2, 1, 2, 2, 2, 2, 2, 1, 2, 2, 2, 2, 2, 2, 2, 2, 1, 1, 2, 2, 2, 2, 1, 2, 2, 2, 2, 2, 1, 2, 2, 2, 2, 2, 2, 2, 2, 2, 1, 2, 2, 2, 2, 2, 2, 1, 4 ),
 ( 0.1975345578373392808, 0.1997219157752151142, 0.2002687552596840725, 0.2005421750019185656, 0.2006788848730357844, 0.2008155947441530309, 0.2019092737130909476, 0.2030029526820288643, 0.2035497921664978227, 0.2038232119087323158, 0.2039599217798495623, 0.2040966316509668088, 0.2062839895888426422, 0.2073776685577805590, 0.2076510883000150520, 0.2079245080422495173, 0.2084713475267185034, 0.2106587054645943369, 0.2112055449490632952, 0.2114789646912977883, 0.2116156745624150348, 0.2117523844335322813, 0.2128460634024702258, 0.2150334213403460870, 0.2153068410825805801, 0.2154435509536978266, 0.2155802608248150731, 0.2161271003092840592, 0.2172207792782219760, 0.2183144582471599204, 0.2188612977316288788, 0.2191347174738633719, 0.2194081372160978649, 0.2215954951539737539, 0.2226891741229116983, 0.2229625938651461914, 0.2232360136073806844, 0.2237828530918496428, 0.2259702110297255595, 0.2265170505141945179, 0.2267904702564290109, 0.2269271801275462574, 0.2270638899986635040, 0.2281575689676014485, 0.2303449269054773652, 0.2306183466477118582, 0.2308917663899463513, 0.2314386058744153374, 0.2325322848433532819 ),
 .UNSPECIFIED. ) ;
#6575 = CARTESIAN_POINT ( 'NONE',  ( -1.403130219154870906, 9.217237695956926657, 0.9598682145677157607 ) ) ;
#6576 = CARTESIAN_POINT ( 'NONE',  ( 1.469876756697713053E-16, 7.093749999044077548, -2.400490913332886667 ) ) ;
#6577 = CARTESIAN_POINT ( 'NONE',  ( -1.528973014842838207, 2.099313317877550933, -0.7517471881614193885 ) ) ;
#6578 = CARTESIAN_POINT ( 'NONE',  ( -7.393421723123622336, 3.000000000000000000, 2.576783891606700738 ) ) ;
#6579 = CARTESIAN_POINT ( 'NONE',  ( 1.039443056250000330, 0.1680252024567068792, -1.800368184999674215 ) ) ;
#6580 = CARTESIAN_POINT ( 'NONE',  ( -0.9202100704366295014, 7.861846194926531695, 1.431186618495221774 ) ) ;
#6581 = CARTESIAN_POINT ( 'NONE',  ( 0.1317804089143827517, 1.965956346121374265, -1.695347182376703010 ) ) ;
#6582 = CARTESIAN_POINT ( 'NONE',  ( 0.008972260479466696512, 8.673617379884035472E-16, -1.293238949567156348 ) ) ;
#6583 = EDGE_LOOP ( 'NONE', ( #2188, #4518, #6544, #3597 ) ) ;
#6584 = CARTESIAN_POINT ( 'NONE',  ( 1.244164736087914003, 4.684594055764912390, -1.160204067679121653 ) ) ;
#6585 = CARTESIAN_POINT ( 'NONE',  ( -1.682484892897469608, 2.865462190981253432, 0.2496849617591615222 ) ) ;
#6586 = CARTESIAN_POINT ( 'NONE',  ( 0.000000000000000000, 1.500000000000000444, 0.000000000000000000 ) ) ;
#6587 = EDGE_CURVE ( 'NONE', #4818, #1274, #6780, .T. ) ;
#6588 = CARTESIAN_POINT ( 'NONE',  ( -0.4200728507149350532, 0.5098878587941497731, 0.6772426193996061716 ) ) ;
#6589 = CARTESIAN_POINT ( 'NONE',  ( -1.039443056250000996, 5.285416665710751083, 1.800368184999674215 ) ) ;
#6590 = CARTESIAN_POINT ( 'NONE',  ( -1.194103892704783787, 8.539340512382613824, 1.210062474248131625 ) ) ;
#6591 = CARTESIAN_POINT ( 'NONE',  ( -0.9999053491053543352, 4.844185465959144565, -1.374946891602899735 ) ) ;
#6592 = CIRCLE ( 'NONE', #3953, 0.1000000000000001443 ) ;
#6593 = FACE_BOUND ( 'NONE', #2618, .T. ) ;
#6594 = CARTESIAN_POINT ( 'NONE',  ( -1.080052443274381213, 6.250582309342988196, -1.313020828648434613 ) ) ;
#6595 = DIRECTION ( 'NONE',  ( -0.000000000000000000, -1.000000000000000000, -0.000000000000000000 ) ) ;
#6596 = DIRECTION ( 'NONE',  ( 0.000000000000000000, 0.000000000000000000, -1.000000000000000000 ) ) ;
#6597 = DIRECTION ( 'NONE',  ( 0.7071067811865474617, 0.000000000000000000, 0.7071067811865474617 ) ) ;
#6598 = DIRECTION ( 'NONE',  ( 0.6936187941687647074, -0.000000000000000000, -0.7203422578024065714 ) ) ;
#6599 = CARTESIAN_POINT ( 'NONE',  ( -3.605955811664682968E-16, -0.4750000000000000888, 1.962990915244727130 ) ) ;
#6600 = LINE ( 'NONE', #8581, #4584 ) ;
#6601 = CARTESIAN_POINT ( 'NONE',  ( 2.081899558550500280E-16, 10.19999999999999929, 1.699999999999999956 ) ) ;
#6602 = CARTESIAN_POINT ( 'NONE',  ( 0.1890770520320306514, 8.637971459481239123, 1.689535825321366147 ) ) ;
#6603 = CARTESIAN_POINT ( 'NONE',  ( 2.078886112499999328, 5.593025202456705536, 1.200245456666450661 ) ) ;
#6604 = EDGE_CURVE ( 'NONE', #6242, #6713, #8464, .T. ) ;
#6605 = ORIENTED_EDGE ( 'NONE', *, *, #6192, .F. ) ;
#6606 = CARTESIAN_POINT ( 'NONE',  ( 0.03381404491614641711, 6.172679443066083849, -1.699695731931157638 ) ) ;
#6607 = ADVANCED_FACE ( 'NONE', ( #7778 ), #8001, .T. ) ;
#6608 = CARTESIAN_POINT ( 'NONE',  ( 0.4487391673785436907, 10.05579582521225213, 1.846115867259953802 ) ) ;
#6609 = FACE_OUTER_BOUND ( 'NONE', #2016, .T. ) ;
#6610 = CARTESIAN_POINT ( 'NONE',  ( 1.308652276865350572, 0.4779335281292407811, -1.085531257887684564 ) ) ;
#6611 = CARTESIAN_POINT ( 'NONE',  ( 2.234160359978237143, 7.947103280109118373, -4.741034782807846071 ) ) ;
#6612 = ORIENTED_EDGE ( 'NONE', *, *, #7343, .F. ) ;
#6613 = VERTEX_POINT ( 'NONE', #1407 ) ;
#6614 = CARTESIAN_POINT ( 'NONE',  ( 1.201985270554894323E-16, 5.299999998088168240, -1.962990915244727130 ) ) ;
#6615 = CARTESIAN_POINT ( 'NONE',  ( 4.999999999999999112, 8.000000000000000000, 2.179449471770337432 ) ) ;
#6616 = CARTESIAN_POINT ( 'NONE',  ( -1.699679187960802862, 9.147734931866866148, -0.03795765374522312025 ) ) ;
#6617 = CARTESIAN_POINT ( 'NONE',  ( -2.078886112499989114, 6.510416665710744510, -1.200245456666443999 ) ) ;
#6618 = CARTESIAN_POINT ( 'NONE',  ( -1.611941165783228103, 2.185219874162079190, 0.5416443543577096342 ) ) ;
#6619 = CARTESIAN_POINT ( 'NONE',  ( -0.7649601157448046029, 0.1725706598019998705, 1.518269890520526300 ) ) ;
#6620 = CARTESIAN_POINT ( 'NONE',  ( -1.558910653202805419, 7.795337689134670178, 0.6811860986394296935 ) ) ;
#6621 = ORIENTED_EDGE ( 'NONE', *, *, #3777, .T. ) ;
#6622 = CARTESIAN_POINT ( 'NONE',  ( -3.956290731841368036, 5.626078208432424788, 3.226782805549640365 ) ) ;
#6623 = CARTESIAN_POINT ( 'NONE',  ( -0.5729729677854021874, 6.485681664475109187, 1.600660717751072548 ) ) ;
#6624 = VECTOR ( 'NONE', #5389, 1000.000000000000000 ) ;
#6625 = VECTOR ( 'NONE', #6470, 1000.000000000000000 ) ;
#6626 = ORIENTED_EDGE ( 'NONE', *, *, #2253, .F. ) ;
#6627 = CARTESIAN_POINT ( 'NONE',  ( -1.265559345821899440, 3.467532474592289304, -1.136852626734140781 ) ) ;
#6628 = DIRECTION ( 'NONE',  ( -0.000000000000000000, -1.000000000000000000, -0.000000000000000000 ) ) ;
#6629 = CARTESIAN_POINT ( 'NONE',  ( -1.380607550458449850, 2.919874819546055100, 0.9935529278109792584 ) ) ;
#6630 = CARTESIAN_POINT ( 'NONE',  ( -1.694667255451628218, 7.041614034680140577, -0.1383309533411631598 ) ) ;
#6631 = CARTESIAN_POINT ( 'NONE',  ( -0.1557641945789161042, 0.5604991959227620946, -0.2689900790528199637 ) ) ;
#6632 = CARTESIAN_POINT ( 'NONE',  ( -2.078886112500000216, 0.4145833323774178458, 1.200245456666449106 ) ) ;
#6633 = CARTESIAN_POINT ( 'NONE',  ( -0.6078981557899026944, 8.583281923240908995, 1.587599766753908348 ) ) ;
#6634 = CARTESIAN_POINT ( 'NONE',  ( -1.177744067302276765, 4.859085366976283460, -1.227103392624834477 ) ) ;
#6635 = CARTESIAN_POINT ( 'NONE',  ( -1.076889026793125259, 4.150318665376177663, -1.315620050582175349 ) ) ;
#6636 = AXIS2_PLACEMENT_3D ( 'NONE', #4475, #4346, #6471 ) ;
#6637 = CARTESIAN_POINT ( 'NONE',  ( -0.8506295000758716807, 6.233601635849792544, -1.475855142722560798 ) ) ;
#6638 = CARTESIAN_POINT ( 'NONE',  ( 0.000000000000000000, 8.000000000000000000, 0.000000000000000000 ) ) ;
#6639 = CARTESIAN_POINT ( 'NONE',  ( 0.000000000000000000, 10.19999999999999929, 0.000000000000000000 ) ) ;
#6640 = CARTESIAN_POINT ( 'NONE',  ( -1.666096716596560334, 9.871247456636186968, 0.3381736347315967284 ) ) ;
#6641 = CARTESIAN_POINT ( 'NONE',  ( 1.699999999999999067, 1.741666666666666474, 0.9814954576223646754 ) ) ;
#6642 = DIRECTION ( 'NONE',  ( -1.224646799147353454E-16, 0.000000000000000000, -1.000000000000000000 ) ) ;
#6643 = DIRECTION ( 'NONE',  ( 0.5120428415488840201, -0.6896551724137937045, -0.5120428415488735840 ) ) ;
#6644 = CIRCLE ( 'NONE', #5261, 7.650000000000000355 ) ;
#6645 = CARTESIAN_POINT ( 'NONE',  ( -2.078886112500000216, 8.859691869123373920, 1.200245456666449106 ) ) ;
#6646 = CARTESIAN_POINT ( 'NONE',  ( 0.4555139546577788301, 7.781260759682329109, 1.699999810903427555 ) ) ;
#6647 = ORIENTED_EDGE ( 'NONE', *, *, #6289, .T. ) ;
#6648 = CARTESIAN_POINT ( 'NONE',  ( 0.7590992152170058516, 6.123431062344288911, -1.524999106182846287 ) ) ;
#6649 = AXIS2_PLACEMENT_3D ( 'NONE', #1301, #526, #8467 ) ;
#6650 = CARTESIAN_POINT ( 'NONE',  ( -1.683087808888707571, 4.264727985017527701, 0.2400066382196906489 ) ) ;
#6651 = UNCERTAINTY_MEASURE_WITH_UNIT (LENGTH_MEASURE( 1.000000000000000082E-05 ), #3011, 'distance_accuracy_value', 'NONE');
#6652 = CARTESIAN_POINT ( 'NONE',  ( 2.078886112499999328, 6.160416665710750195, 1.200245456666450661 ) ) ;
#6653 = CARTESIAN_POINT ( 'NONE',  ( -9.515818185547249795E-07, 7.224986079689193375, 1.699999999999470157 ) ) ;
#6654 = CARTESIAN_POINT ( 'NONE',  ( 1.699510906759889473, 0.4030468706795677925, -0.04869476690478598269 ) ) ;
#6655 = EDGE_CURVE ( 'NONE', #1583, #3, #7493, .T. ) ;
#6656 = CARTESIAN_POINT ( 'NONE',  ( -0.9273488153492417396, 0.5014354260582465361, 1.815576954604888993 ) ) ;
#6657 = B_SPLINE_CURVE_WITH_KNOTS ( 'NONE', 3,
 ( #6855, #6258, #2246, #4120, #251, #3642, #5516, #5604, #8234, #2335 ),
 .UNSPECIFIED., .F., .F.,
 ( 4, 2, 2, 2, 4 ),
 ( 0.000000000000000000, 7.024607880191284862E-05, 0.0001404921576038256972, 0.0002809843152076510692, 0.0005619686304153021384 ),
 .UNSPECIFIED. ) ;
#6658 = EDGE_LOOP ( 'NONE', ( #5527, #3616, #2245, #5728 ) ) ;
#6659 = ORIENTED_EDGE ( 'NONE', *, *, #443, .F. ) ;
#6660 = CARTESIAN_POINT ( 'NONE',  ( -1.699999999999999956, 6.174999998088169129, -2.081899558550500280E-16 ) ) ;
#6661 = CARTESIAN_POINT ( 'NONE',  ( 4.999999999999999112, 7.500000000000000000, 0.000000000000000000 ) ) ;
#6662 = CARTESIAN_POINT ( 'NONE',  ( -1.283112643037828793, 9.230656212685170559, 1.116870168951466180 ) ) ;
#6663 = CARTESIAN_POINT ( 'NONE',  ( -2.078886112499989114, 7.910416665710744866, -1.200245456666443999 ) ) ;
#6664 = CARTESIAN_POINT ( 'NONE',  ( -0.8174210344560095542, 2.268901420905627742, 1.490602099888210352 ) ) ;
#6665 = DIRECTION ( 'NONE',  ( -0.000000000000000000, -1.000000000000000000, -0.000000000000000000 ) ) ;
#6666 = CARTESIAN_POINT ( 'NONE',  ( -1.116980525681693148, 7.846177005624874745, 1.282377129018973605 ) ) ;
#6667 = ORIENTED_EDGE ( 'NONE', *, *, #4074, .T. ) ;
#6668 = CARTESIAN_POINT ( 'NONE',  ( 1.469876756697720941E-16, 2.281249999044066890, -2.400490913332899545 ) ) ;
#6669 = CARTESIAN_POINT ( 'NONE',  ( -0.1683299593999480759, 0.000000000000000000, -1.302807363891204551 ) ) ;
#6670 = ORIENTED_EDGE ( 'NONE', *, *, #4629, .T. ) ;
#6671 = ORIENTED_EDGE ( 'NONE', *, *, #3074, .T. ) ;
#6672 = CARTESIAN_POINT ( 'NONE',  ( -1.316614508290066210, 3.472922927888665079, -1.075537485913182323 ) ) ;
#6673 = CARTESIAN_POINT ( 'NONE',  ( 0.1709988567141023097, 4.763264867359595200, -1.691406974741147762 ) ) ;
#6674 = CARTESIAN_POINT ( 'NONE',  ( -0.7207364064425042516, 2.975548658374910449, 1.540533457752632618 ) ) ;
#6675 = CARTESIAN_POINT ( 'NONE',  ( -1.672373554750563596, 7.030811726149611474, -0.3089328915140475140 ) ) ;
#6676 = CARTESIAN_POINT ( 'NONE',  ( -0.6079876067230035597, 0.5187998264391900927, 0.09897207470638567928 ) ) ;
#6677 = CARTESIAN_POINT ( 'NONE',  ( 2.078886112500000216, 0.7062499990440844755, 0.000000000000000000 ) ) ;
#6678 = CARTESIAN_POINT ( 'NONE',  ( 0.1510707666996913556, 6.535358027120386382, 1.700000000001764766 ) ) ;
#6679 = CARTESIAN_POINT ( 'NONE',  ( -1.667936356755892691, 4.971170987786654116, 0.3394182321874205099 ) ) ;
#6680 = CARTESIAN_POINT ( 'NONE',  ( 0.6105008047938706994, 1.666890179127355376, 1.586631647434991521 ) ) ;
#6681 = CARTESIAN_POINT ( 'NONE',  ( -0.5584103485788121102, 6.213322071061042173, -1.605701249922518947 ) ) ;
#6682 = ORIENTED_EDGE ( 'NONE', *, *, #5817, .F. ) ;
#6683 = CARTESIAN_POINT ( 'NONE',  ( 0.4762228872116248124, 4.042347163773257535, -1.636535136915224564 ) ) ;
#6684 = CYLINDRICAL_SURFACE ( 'NONE', #4926, 5.000000000000000000 ) ;
#6685 = CARTESIAN_POINT ( 'NONE',  ( -1.696277948436029526, 9.856828210617983643, 0.1124761188097032211 ) ) ;
#6686 = CARTESIAN_POINT ( 'NONE',  ( -1.699999999999999956, 2.850000000000000089, -2.081899558550500280E-16 ) ) ;
#6687 = DIRECTION ( 'NONE',  ( 0.000000000000000000, -0.9712108440981064295, -0.2382215277976434398 ) ) ;
#6688 = CARTESIAN_POINT ( 'NONE',  ( 0.000000000000000000, 8.000000000000000000, 0.000000000000000000 ) ) ;
#6689 = CARTESIAN_POINT ( 'NONE',  ( -1.039443056249999664, 0.1520833323774178070, -1.800368184999674437 ) ) ;
#6690 = CIRCLE ( 'NONE', #2105, 5.000000000000000000 ) ;
#6691 = CARTESIAN_POINT ( 'NONE',  ( 1.559964162803579635, 10.46390340796915552, 2.488400182856330911 ) ) ;
#6692 = ADVANCED_FACE ( 'NONE', ( #153 ), #8088, .F. ) ;
#6693 = CARTESIAN_POINT ( 'NONE',  ( -2.078886112500000216, 9.456249999044066712, -2.545901223465009197E-16 ) ) ;
#6694 = ORIENTED_EDGE ( 'NONE', *, *, #8440, .T. ) ;
#6695 = DIRECTION ( 'NONE',  ( -0.000000000000000000, -1.000000000000000000, -0.000000000000000000 ) ) ;
#6696 = CARTESIAN_POINT ( 'NONE',  ( -1.646168068400580609, 4.278542661339722386, 0.4497049836739405726 ) ) ;
#6697 = CARTESIAN_POINT ( 'NONE',  ( -1.039443056250000996, 4.585416665710750905, 1.800368184999674215 ) ) ;
#6698 = DIRECTION ( 'NONE',  ( 0.4876598490941711495, -0.7241379310344820963, 0.4876598490941711495 ) ) ;
#6700 = CARTESIAN_POINT ( 'NONE',  ( -1.645786329036851736, 0.5024605864437413638, -0.6173825892737181409 ) ) ;
#6699 = CARTESIAN_POINT ( 'NONE',  ( 1.698737213060033557, 0.3949432685236498597, 0.08441499299585229765 ) ) ;
#6701 = ORIENTED_EDGE ( 'NONE', *, *, #8011, .F. ) ;
#6702 = CARTESIAN_POINT ( 'NONE',  ( 1.699999999999999956, 7.283333331421500745, -0.9814954576223635652 ) ) ;
#6703 = CARTESIAN_POINT ( 'NONE',  ( -2.584982137832007985E-06, 3.724962241378532823, 1.699999999996096411 ) ) ;
#6704 = CARTESIAN_POINT ( 'NONE',  ( -0.6240500910973697524, 9.282227621962615416, 1.584210335903683653 ) ) ;
#6705 = CARTESIAN_POINT ( 'NONE',  ( -4.409630270093139405E-16, 6.743749999044077903, 2.400490913332886667 ) ) ;
#6706 = CARTESIAN_POINT ( 'NONE',  ( -1.624841801589691492, 2.117693043331011715, -0.4999394376820406882 ) ) ;
#6707 = CARTESIAN_POINT ( 'NONE',  ( -0.6031583621538448847, 5.516394443249560631, -1.589631554068359209 ) ) ;
#6708 = VERTEX_POINT ( 'NONE', #3452 ) ;
#6709 = CARTESIAN_POINT ( 'NONE',  ( 2.078886112500000216, 0.7062499990440670450, 0.000000000000000000 ) ) ;
#6710 = CARTESIAN_POINT ( 'NONE',  ( 2.156976284032401381, 9.107298248878237246E-15, 0.08473648978120243425 ) ) ;
#6711 = CARTESIAN_POINT ( 'NONE',  ( -2.802105099545100852E-07, 9.149995889346708822, 1.699999999999953992 ) ) ;
#6712 = ORIENTED_EDGE ( 'NONE', *, *, #4248, .F. ) ;
#6713 = VERTEX_POINT ( 'NONE', #2101 ) ;
#6714 = CARTESIAN_POINT ( 'NONE',  ( -1.620799866080901319, 3.516800665918212498, -0.5128636821740796270 ) ) ;
#6715 = ADVANCED_FACE ( 'NONE', ( #237 ), #5547, .T. ) ;
#6716 = CARTESIAN_POINT ( 'NONE',  ( 1.524024974074107197, 4.650824490464318117, -0.7535503994718664167 ) ) ;
#6717 = DIRECTION ( 'NONE',  ( 0.7071067811865474617, 0.000000000000000000, -0.7071067811865474617 ) ) ;
#6718 = CARTESIAN_POINT ( 'NONE',  ( -1.403249080248882841, 7.117223541156993072, 0.9596946064970190982 ) ) ;
#6719 = AXIS2_PLACEMENT_3D ( 'NONE', #8235, #7029, #7673 ) ;
#6720 = CARTESIAN_POINT ( 'NONE',  ( -1.804755497722946966, 0.5020884857227487785, 0.5548544550457255031 ) ) ;
#6721 = CARTESIAN_POINT ( 'NONE',  ( 2.078886112499999328, -0.05208333428924881436, 1.200245456666450661 ) ) ;
#6722 = CARTESIAN_POINT ( 'NONE',  ( 1.239651449483010870, 6.785110533838832225, -1.167050785411513969 ) ) ;
#6723 = CARTESIAN_POINT ( 'NONE',  ( -1.700477221081694079, 4.952226998866671615, 0.03492483089880434738 ) ) ;
#6724 = VECTOR ( 'NONE', #2576, 1000.000000000000000 ) ;
#6725 = CARTESIAN_POINT ( 'NONE',  ( 0.000000000000000000, 1.164764600845456632, -8.342827477683734116 ) ) ;
#6726 = VECTOR ( 'NONE', #4393, 1000.000000000000000 ) ;
#6727 = CARTESIAN_POINT ( 'NONE',  ( -1.696173530886116332, 6.357572623661164712, 0.1244316271786480854 ) ) ;
#6728 = EDGE_LOOP ( 'NONE', ( #6107, #5785, #1710, #6933 ) ) ;
#6729 = CARTESIAN_POINT ( 'NONE',  ( 7.252000366886311333, 3.200000000000000178, -2.435362535369390180 ) ) ;
#6730 = CARTESIAN_POINT ( 'NONE',  ( 0.2880535817441401414, 3.355232245302705252, -1.675731245182690454 ) ) ;
#6731 = CARTESIAN_POINT ( 'NONE',  ( -1.689316505248481537, 9.838319988154669460, -0.1903525238147925347 ) ) ;
#6732 = CARTESIAN_POINT ( 'NONE',  ( 1.201985270554894323E-16, 4.774999999999999467, -1.962990915244727130 ) ) ;
#6733 = CARTESIAN_POINT ( 'NONE',  ( 2.078886112500000216, 0.7062499990440844755, 0.000000000000000000 ) ) ;
#6734 = CARTESIAN_POINT ( 'NONE',  ( 9.622321840622996388E-16, 1.045653836946637494, 7.857222055634678348 ) ) ;
#6735 = CARTESIAN_POINT ( 'NONE',  ( -4.409630270093162085E-16, 0.4437499990440844644, 2.400490913332899545 ) ) ;
#6736 = CARTESIAN_POINT ( 'NONE',  ( 0.07900384831455131707, 8.630422834486983774, 1.698678316845467107 ) ) ;
#6737 = CARTESIAN_POINT ( 'NONE',  ( 1.039443056249998776, 9.034691869123372854, 1.800368184999675325 ) ) ;
#6738 = FACE_OUTER_BOUND ( 'NONE', #4535, .T. ) ;
#6739 = EDGE_LOOP ( 'NONE', ( #6267, #5515, #7046, #5146 ) ) ;
#6740 = CARTESIAN_POINT ( 'NONE',  ( -0.8804985327536730688, 1.018115159604307123E-15, -1.599866764295738486 ) ) ;
#6741 = CARTESIAN_POINT ( 'NONE',  ( -7.252000366886311333, 3.000000000000000000, 2.435362535369389292 ) ) ;
#6742 = CARTESIAN_POINT ( 'NONE',  ( -1.039443056249999664, 4.352083332377417513, -1.800368184999674437 ) ) ;
#6743 = CARTESIAN_POINT ( 'NONE',  ( 0.009428770783267701946, 7.574352324253615265, -1.699980201855156636 ) ) ;
#6745 = DIRECTION ( 'NONE',  ( -0.000000000000000000, -1.000000000000000000, -0.000000000000000000 ) ) ;
#6744 = DIRECTION ( 'NONE',  ( -0.7071067811865475727, -3.056747976430751296E-16, 0.7071067811865475727 ) ) ;
#6746 = CARTESIAN_POINT ( 'NONE',  ( 2.078886112500000216, 0.05135853579004014124, 0.000000000000000000 ) ) ;
#6747 = DIRECTION ( 'NONE',  ( -0.000000000000000000, 1.000000000000000000, -0.000000000000000000 ) ) ;
#6748 = CARTESIAN_POINT ( 'NONE',  ( -0.1564803789867267592, 10.19999999999999929, -1.718600227103300071 ) ) ;
#6749 = CARTESIAN_POINT ( 'NONE',  ( -2.078886112499990002, 9.427083332377410585, 1.200245456666443111 ) ) ;
#6750 = CARTESIAN_POINT ( 'NONE',  ( 1.594453105014288719, 0.2128011856222787046, 0.5910887307320225048 ) ) ;
#6751 = CARTESIAN_POINT ( 'NONE',  ( -0.9943620728745076187, 5.544091575905182978, -1.379318393664858089 ) ) ;
#6752 = VERTEX_POINT ( 'NONE', #3410 ) ;
#6753 = EDGE_CURVE ( 'NONE', #3872, #6020, #5065, .T. ) ;
#6754 = CARTESIAN_POINT ( 'NONE',  ( -1.039443056249999664, 2.339583332377400016, -1.800368184999674659 ) ) ;
#6755 = CARTESIAN_POINT ( 'NONE',  ( -1.107210705992802247, 0.000000000000000000, 1.338194798691094034 ) ) ;
#6756 = CARTESIAN_POINT ( 'NONE',  ( 0.000000000000000000, -4.800000000000000711, 0.000000000000000000 ) ) ;
#6757 = EDGE_LOOP ( 'NONE', ( #746, #1820, #6605, #4891 ) ) ;
#6758 = CARTESIAN_POINT ( 'NONE',  ( -1.475355588057287504, 3.491566792196931335, -0.8521837027899978878 ) ) ;
#6759 = CARTESIAN_POINT ( 'NONE',  ( 0.9521253236142440679, 0.9908543868219737982, 1.409990631075376921 ) ) ;
#6760 = CARTESIAN_POINT ( 'NONE',  ( -1.053377704347634669, 2.951774228326577099, 1.339512426692782698 ) ) ;
#6761 = CARTESIAN_POINT ( 'NONE',  ( 1.178799881583999731, 5.390683428685742129, -1.224949374840084815 ) ) ;
#6762 = CARTESIAN_POINT ( 'NONE',  ( -0.9860942369823028075, 6.943332929857533031, -1.385119806286458033 ) ) ;
#6763 = B_SPLINE_CURVE_WITH_KNOTS ( 'NONE', 3,
 ( #2684, #6036, #5341, #7418, #5434, #775, #2073, #2159, #4122, #78, #2029, #1468, #8061, #681, #7928, #860, #7968, #7462, #4689, #6773, #5476, #3512, #1328, #2728, #6816, #5384, #818, #3336, #8013, #6168, #4737, #7371, #1425, #4165, #3986, #6731, #126, #4781, #4077, #3470, #7325, #6126, #211, #30, #6685, #169, #4032, #1378, #2863, #728, #6640, #2821, #6079, #2779, #8103, #1988, #4647, #3599, #2293, #3728, #1686, #946, #3684, #7548, #253, #4997, #991, #6858, #4951, #7634, #4905, #2337, #6259, #6903, #8148, #3643, #6301, #4383, #7588, #8192, #2955, #6385, #2913, #1072, #5518 ),
 .UNSPECIFIED., .F., .F.,
 ( 4, 2, 2, 2, 1, 1, 1, 1, 2, 2, 2, 2, 2, 1, 1, 2, 2, 2, 2, 1, 1, 2, 2, 2, 1, 1, 1, 2, 2, 2, 2, 1, 1, 1, 2, 2, 2, 2, 2, 1, 1, 2, 2, 2, 2, 1, 1, 1, 2, 2, 2, 4 ),
 ( 0.9674561287439348289, 0.9715241126509441827, 0.9735581046044488041, 0.9745751005812011147, 0.9750835985695772701, 0.9753378475637654033, 0.9754649720608594698, 0.9755285343094064476, 0.9755603154336799365, 0.9755920965579534254, 0.9776260885114573806, 0.9786430844882093583, 0.9791515824765854026, 0.9794058314707733137, 0.9795329559678673803, 0.9795965182164143581, 0.9796600804649613359, 0.9816940724184652911, 0.9827110683952172687, 0.9832195663835932020, 0.9834738153777812242, 0.9836009398748751797, 0.9837280643719692463, 0.9847450603487211129, 0.9852535583370971572, 0.9855078073312850684, 0.9856349318283791350, 0.9856984940769261128, 0.9857620563254730905, 0.9867790523022249571, 0.9872875502906010015, 0.9875417992847889126, 0.9876689237818828682, 0.9877324860304299570, 0.9877642671547034459, 0.9877960482789769348, 0.9898300402324808900, 0.9908470362092328676, 0.9913555341976088009, 0.9916097831917968231, 0.9917369076888907786, 0.9918004699374377564, 0.9918640321859847342, 0.9938980241394885784, 0.9949150201162405560, 0.9954235181046164893, 0.9956777670988045115, 0.9958048915958984670, 0.9958684538444454448, 0.9959320160929924226, 0.9979660080464962668, 1.000000000000000000 ),
 .UNSPECIFIED. ) ;
#6764 = CARTESIAN_POINT ( 'NONE',  ( 0.5722951116131698157, 0.5032149006435844285, -1.324294800185613630 ) ) ;
#6765 = CARTESIAN_POINT ( 'NONE',  ( 2.078886112500000216, -0.6937500009559155467, 0.000000000000000000 ) ) ;
#6766 = CARTESIAN_POINT ( 'NONE',  ( 1.540613899691051669, 6.651584362819254359, 0.7222527741749160679 ) ) ;
#6767 = CARTESIAN_POINT ( 'NONE',  ( -1.653966063311936852, 4.925063061650988061, -0.3930005581693487016 ) ) ;
#6768 = ADVANCED_FACE ( 'NONE', ( #7399 ), #1538, .F. ) ;
#6769 = CARTESIAN_POINT ( 'NONE',  ( 4.500000000000000000, 7.633692192606185145, -2.179449471770337432 ) ) ;
#6770 = VERTEX_POINT ( 'NONE', #2232 ) ;
#6771 = FACE_OUTER_BOUND ( 'NONE', #7096, .T. ) ;
#6772 = LINE ( 'NONE', #2158, #5201 ) ;
#6773 = CARTESIAN_POINT ( 'NONE',  ( -1.404986434297032405, 9.782987883324894440, -0.9577720409219325770 ) ) ;
#6774 = CARTESIAN_POINT ( 'NONE',  ( -1.699999999999999289, 2.791666666666666519, -0.9814954576223643423 ) ) ;
#6775 = CARTESIAN_POINT ( 'NONE',  ( 2.078886112500000216, 1.406249999044084431, 0.000000000000000000 ) ) ;
#6776 = CARTESIAN_POINT ( 'NONE',  ( -0.8500000000000007550, 6.991666664754835558, 1.472243186433545237 ) ) ;
#6777 = CARTESIAN_POINT ( 'NONE',  ( -1.962286857920089021E-06, 5.300000132754909998, -1.699999999998867306 ) ) ;
#6778 = CARTESIAN_POINT ( 'NONE',  ( 1.586313359631260189, 8.759057798488562696, 0.6201871761216638523 ) ) ;
#6779 = CARTESIAN_POINT ( 'NONE',  ( -0.8998136315380494965, 1.336782875564293205, -1.443365922613792263 ) ) ;
#6780 = CIRCLE ( 'NONE', #5804, 9.299999999999998934 ) ;
#6781 = ORIENTED_EDGE ( 'NONE', *, *, #5244, .F. ) ;
#6782 = CARTESIAN_POINT ( 'NONE',  ( -1.121505117230892301, 1.018115159604307123E-15, -1.401634109401373118 ) ) ;
#6783 = CARTESIAN_POINT ( 'NONE',  ( -1.687293238249893079, 4.235564203245369974, -0.2355864590973606176 ) ) ;
#6784 = AXIS2_PLACEMENT_3D ( 'NONE', #4404, #2975, #7050 ) ;
#6785 = CARTESIAN_POINT ( 'NONE',  ( -2.078886112500000216, 5.227083332377417513, 1.200245456666449106 ) ) ;
#6786 = CARTESIAN_POINT ( 'NONE',  ( 1.684483029437647383, 7.414109785427332788, -0.2298275702255315467 ) ) ;
#6787 = ADVANCED_FACE ( 'NONE', ( #1449 ), #4104, .T. ) ;
#6789 = CARTESIAN_POINT ( 'NONE',  ( -9.697109103468235543E-07, 9.324985815129583244, 1.699999999999449729 ) ) ;
#6788 = CARTESIAN_POINT ( 'NONE',  ( 0.07374316283576562436, 0.5699398348044985019, -1.700000000134799683 ) ) ;
#6790 = CARTESIAN_POINT ( 'NONE',  ( 1.039443056249998776, 9.689583332377416980, 1.800368184999675325 ) ) ;
#6791 = DIRECTION ( 'NONE',  ( -0.000000000000000000, 1.000000000000000000, -0.000000000000000000 ) ) ;
#6792 = CARTESIAN_POINT ( 'NONE',  ( -0.3576400140602096211, 0.4309665130789367415, -1.663736562064635605 ) ) ;
#6793 = FACE_OUTER_BOUND ( 'NONE', #5364, .T. ) ;
#6794 = CARTESIAN_POINT ( 'NONE',  ( 0.9779838070166609887, 0.3462297887195128210, -1.390574190327610982 ) ) ;
#6795 = AXIS2_PLACEMENT_3D ( 'NONE', #1137, #2273, #3793 ) ;
#6796 = CARTESIAN_POINT ( 'NONE',  ( -1.626694671482932009, 5.617988609390779153, -0.4956960231964829267 ) ) ;
#6797 = ORIENTED_EDGE ( 'NONE', *, *, #6088, .F. ) ;
#6798 = CARTESIAN_POINT ( 'NONE',  ( 0.2992270394707310932, 0.5480425597628472145, 2.227732101545658150 ) ) ;
#6799 = CARTESIAN_POINT ( 'NONE',  ( -1.549688408442600807, 1.301042606982605321E-15, -0.1461828173623252458 ) ) ;
#6800 = VERTEX_POINT ( 'NONE', #5461 ) ;
#6801 = CARTESIAN_POINT ( 'NONE',  ( -1.245147048745448570, 3.634408226965680111, 1.157501711176792458 ) ) ;
#6802 = AXIS2_PLACEMENT_3D ( 'NONE', #5193, #7184, #3925 ) ;
#6803 = CARTESIAN_POINT ( 'NONE',  ( 0.7583842885946168177, 0.9770460232478456186, 1.521474162866103930 ) ) ;
#6804 = CARTESIAN_POINT ( 'NONE',  ( 0.4555140930363955065, 9.881260769178902947, 1.699999731010495951 ) ) ;
#6805 = CARTESIAN_POINT ( 'NONE',  ( 1.418838893459666739, 5.365393846795296184, -0.9387730928658493124 ) ) ;
#6806 = CARTESIAN_POINT ( 'NONE',  ( -2.078886112499989114, 1.668749999044078391, -2.545901223464995885E-16 ) ) ;
#6807 = CARTESIAN_POINT ( 'NONE',  ( 0.7329179203759788042, 0.5067020023792681016, 0.7612660219455015254 ) ) ;
#6808 = CARTESIAN_POINT ( 'NONE',  ( 1.039443056249998776, 1.289583332377418179, 1.800368184999675325 ) ) ;
#6809 = CARTESIAN_POINT ( 'NONE',  ( 0.8976247696336667747, 6.586632399630824253, 1.444742140121347607 ) ) ;
#6810 = CARTESIAN_POINT ( 'NONE',  ( -0.7117254916345456817, 5.076200928354596797, 1.543856318189691379 ) ) ;
#6811 = CARTESIAN_POINT ( 'NONE',  ( 4.500000000000000000, 7.499999999999998224, -2.179449471770337432 ) ) ;
#6812 = EDGE_CURVE ( 'NONE', #690, #2311, #2721, .T. ) ;
#6813 = ORIENTED_EDGE ( 'NONE', *, *, #2090, .T. ) ;
#6814 = CARTESIAN_POINT ( 'NONE',  ( -0.5275246274615006392, 0.5016454240265059150, 2.010841922222372347 ) ) ;
#6815 = CARTESIAN_POINT ( 'NONE',  ( 1.380719889881283580, 3.269858481221483704, -0.9933961296614635117 ) ) ;
#6816 = CARTESIAN_POINT ( 'NONE',  ( -1.501900085211992364, 9.795867786889077777, -0.7964475054018402833 ) ) ;
#6817 = CARTESIAN_POINT ( 'NONE',  ( -1.699999999999999956, 4.949999999999999289, -2.081899558550500280E-16 ) ) ;
#6818 = CARTESIAN_POINT ( 'NONE',  ( 2.078886112500000216, 0.006249999044084493874, 0.000000000000000000 ) ) ;
#6819 = CARTESIAN_POINT ( 'NONE',  ( 8.115610506523145818E-06, 0.4084494468852245541, -1.699993574324215162 ) ) ;
#6820 = CARTESIAN_POINT ( 'NONE',  ( -1.039443056250000996, -0.3145833342892488393, 1.800368184999674215 ) ) ;
#6821 = CARTESIAN_POINT ( 'NONE',  ( 1.698011212428462757, 8.804968328090259533, -0.08244440993434522247 ) ) ;
#6822 = CARTESIAN_POINT ( 'NONE',  ( -4.740911452948445911E-06, 4.249930311939633221, 1.699999999986796295 ) ) ;
#6823 = EDGE_CURVE ( 'NONE', #5016, #500, #6886, .T. ) ;
#6824 = ORIENTED_EDGE ( 'NONE', *, *, #1319, .T. ) ;
#6825 = EDGE_LOOP ( 'NONE', ( #8158, #6813 ) ) ;
#6826 = CARTESIAN_POINT ( 'NONE',  ( 0.7841743164793830712, 9.621407577840468406, -1.508697818122753498 ) ) ;
#6827 = EDGE_CURVE ( 'NONE', #6770, #520, #2368, .T. ) ;
#6828 = CARTESIAN_POINT ( 'NONE',  ( -1.164931730203640381, 4.341910106872918895, 1.238203622480925858 ) ) ;
#6829 = CARTESIAN_POINT ( 'NONE',  ( -2.078886112499999772, 5.110416665710751261, -1.200245456666450439 ) ) ;
#6830 = CARTESIAN_POINT ( 'NONE',  ( 0.2768348461713682762, 7.556002250796748143, -1.677444512752405803 ) ) ;
#6832 = CARTESIAN_POINT ( 'NONE',  ( 2.179449471770337432, 1.500000000000000444, -4.500000000000000000 ) ) ;
#6831 = LINE ( 'NONE', #5490, #4556 ) ;
#6833 = CARTESIAN_POINT ( 'NONE',  ( 1.039443056249998776, 1.334691869123373786, 1.800368184999675325 ) ) ;
#6834 = DIRECTION ( 'NONE',  ( -0.000000000000000000, 1.000000000000000000, -0.000000000000000000 ) ) ;
#6835 = DIRECTION ( 'NONE',  ( 0.000000000000000000, 1.000000000000000000, 0.000000000000000000 ) ) ;
#6836 = CARTESIAN_POINT ( 'NONE',  ( -0.9139328870145284611, 10.19246027093251605, 1.872831514993797297 ) ) ;
#6837 =( BOUNDED_CURVE ( )  B_SPLINE_CURVE ( 1, ( #5720, #2496 ),
 .UNSPECIFIED., .F., .F. ) 
 B_SPLINE_CURVE_WITH_KNOTS ( ( 2, 2 ),
 ( 0.08133685813956260946, 1.000000000000000000 ),
 .UNSPECIFIED. ) 
 CURVE ( )  GEOMETRIC_REPRESENTATION_ITEM ( )  RATIONAL_B_SPLINE_CURVE ( ( 0.9448544685260573672, 0.9448544685260574783 ) ) 
 REPRESENTATION_ITEM ( '' )  );
#6838 = CARTESIAN_POINT ( 'NONE',  ( 1.697594297648035599, 0.2421794377228933537, 0.09754959972114514433 ) ) ;
#6839 = CARTESIAN_POINT ( 'NONE',  ( -1.643934476788041499, 5.622296603585204444, -0.4335227346271151028 ) ) ;
#6840 = CARTESIAN_POINT ( 'NONE',  ( -1.039443056249999664, 0.9395833323774004375, -1.800368184999674659 ) ) ;
#6841 = CARTESIAN_POINT ( 'NONE',  ( -0.3666272541068091861, 2.255140518769849223E-14, 1.794187140999173202 ) ) ;
#6842 = CARTESIAN_POINT ( 'NONE',  ( 0.1545173091618599892, 5.835569398763476023, 1.699999999795203554 ) ) ;
#6843 = ORIENTED_EDGE ( 'NONE', *, *, #5954, .F. ) ;
#6844 = CARTESIAN_POINT ( 'NONE',  ( -0.4625573210168071880, 10.30529137607729062, 2.026772851979006251 ) ) ;
#6845 = CARTESIAN_POINT ( 'NONE',  ( 0.3173432432677119608, 0.9467691214456900317, 1.671330609091650210 ) ) ;
#6846 = DIRECTION ( 'NONE',  ( -0.2225024825725308575, 0.000000000000000000, 0.9749321234060660535 ) ) ;
#6847 = CARTESIAN_POINT ( 'NONE',  ( 1.658633970006770264, 5.276412698021932357, 0.3729885503186800011 ) ) ;
#6848 = CARTESIAN_POINT ( 'NONE',  ( -1.039443056249995445, 0.3854166657107448435, 1.800368184999665111 ) ) ;
#6849 = CARTESIAN_POINT ( 'NONE',  ( 0.8858640006165552361, 0.5036153554443379976, -1.071966940547787628 ) ) ;
#6850 = CARTESIAN_POINT ( 'NONE',  ( 2.078886112499999772, 4.264583332377417157, -1.200245456666449329 ) ) ;
#6851 = CARTESIAN_POINT ( 'NONE',  ( 1.655495153310104994, 6.675037122953201063, 0.3941365449141230881 ) ) ;
#6852 = CARTESIAN_POINT ( 'NONE',  ( -0.8500000000000007550, 8.391666664754835026, 1.472243186433545237 ) ) ;
#6853 = LINE ( 'NONE', #165, #3809 ) ;
#6854 = ORIENTED_EDGE ( 'NONE', *, *, #332, .F. ) ;
#6855 = CARTESIAN_POINT ( 'NONE',  ( 7.296724953260060431, 3.200000000000000178, 2.297891415291850148 ) ) ;
#6856 = CARTESIAN_POINT ( 'NONE',  ( 0.1630054969097725071, 3.363816355793243229, -1.692348759402389380 ) ) ;
#6857 = EDGE_CURVE ( 'NONE', #4005, #3423, #8070, .T. ) ;
#6858 = CARTESIAN_POINT ( 'NONE',  ( -1.387655124096933035, 9.919084877735661721, 0.9820612063525849811 ) ) ;
#6859 = VECTOR ( 'NONE', #8190, 1000.000000000000000 ) ;
#6860 = CARTESIAN_POINT ( 'NONE',  ( -1.700000000000000400, 5.008333333333333748, 0.9814954576223632321 ) ) ;
#6861 = CARTESIAN_POINT ( 'NONE',  ( -2.078886112500000216, 2.514583332377417602, 1.200245456666449106 ) ) ;
#6862 = CARTESIAN_POINT ( 'NONE',  ( 0.000000000000000000, -5.000000000000000000, 0.000000000000000000 ) ) ;
#6863 = CARTESIAN_POINT ( 'NONE',  ( -2.078886112499999772, 2.310416665710751438, -1.200245456666450439 ) ) ;
#6864 = CARTESIAN_POINT ( 'NONE',  ( 1.678845592545442633, 8.783363163109081384, 0.2675192691779254561 ) ) ;
#6865 = CARTESIAN_POINT ( 'NONE',  ( -0.7103465856517269250, 1.323748208247478741, -1.545480073172947444 ) ) ;
#6866 = EDGE_LOOP ( 'NONE', ( #7115, #4313, #5264, #7400 ) ) ;
#6867 = ORIENTED_EDGE ( 'NONE', *, *, #1273, .T. ) ;
#6868 = CARTESIAN_POINT ( 'NONE',  ( 1.465748285324329325, 9.559224058061889906, -0.8612214220382168328 ) ) ;
#6869 = CARTESIAN_POINT ( 'NONE',  ( -0.8499999999999996447, 6.058333331421501988, -1.472243186433545681 ) ) ;
#6870 = CARTESIAN_POINT ( 'NONE',  ( 0.3105693018984511111, 2.346281445521055886, 1.671450937349061583 ) ) ;
#6871 = CARTESIAN_POINT ( 'NONE',  ( -2.078886112500000216, 6.568749999044084298, -2.545901223465009197E-16 ) ) ;
#6872 = ADVANCED_FACE ( 'NONE', ( #2611 ), #2038, .F. ) ;
#6873 = CARTESIAN_POINT ( 'NONE',  ( 0.6698227350999982344, 7.529377846924682594, -1.563519270305099074 ) ) ;
#6874 = DIRECTION ( 'NONE',  ( -0.000000000000000000, 1.000000000000000000, -0.000000000000000000 ) ) ;
#6875 = CARTESIAN_POINT ( 'NONE',  ( 2.078886112500000216, 9.806249999044084120, 0.000000000000000000 ) ) ;
#6876 = EDGE_CURVE ( 'NONE', #5368, #2277, #181, .T. ) ;
#6877 = EDGE_CURVE ( 'NONE', #4874, #5229, #4041, .T. ) ;
#6878 = VERTEX_POINT ( 'NONE', #86 ) ;
#6879 = DIRECTION ( 'NONE',  ( -0.7071067811865473507, 5.551115123125781470E-17, 0.7071067811865477948 ) ) ;
#6880 = CARTESIAN_POINT ( 'NONE',  ( -1.188538746602438190, 10.20000000000004725, -1.404787461124691106 ) ) ;
#6881 = CARTESIAN_POINT ( 'NONE',  ( 4.433344562587833160, 5.951057409446828039, 2.312024219028188554 ) ) ;
#6882 = CARTESIAN_POINT ( 'NONE',  ( 1.257983894887154452, 0.3242476398443217556, -1.145015597414945407 ) ) ;
#6883 = CARTESIAN_POINT ( 'NONE',  ( -0.9611394424647831114, 5.541649857455773542, -1.402476188626884612 ) ) ;
#6884 = CARTESIAN_POINT ( 'NONE',  ( -2.078886112500000216, 5.197916665710733852, -1.200245456666450217 ) ) ;
#6885 = CARTESIAN_POINT ( 'NONE',  ( 0.8003627802341525266, 0.000000000000000000, 1.775718546558470834 ) ) ;
#6886 = LINE ( 'NONE', #5503, #7737 ) ;
#6887 = ORIENTED_EDGE ( 'NONE', *, *, #5023, .T. ) ;
#6888 = CARTESIAN_POINT ( 'NONE',  ( -2.078886112499999772, 8.697916665710751616, -1.200245456666450439 ) ) ;
#6889 = CARTESIAN_POINT ( 'NONE',  ( 0.7334726566164695427, 0.9753355208286557110, 1.533671325116080730 ) ) ;
#6890 =( BOUNDED_CURVE ( )  B_SPLINE_CURVE ( 2, ( #5044, #3602, #3687, #3042, #994, #7552, #4300, #6262, #3558 ),
 .UNSPECIFIED., .F., .F. ) 
 B_SPLINE_CURVE_WITH_KNOTS ( ( 3, 2, 2, 2, 3 ),
 ( 0.1431756119694657936, 0.1484784658909095167, 0.1590840705974030378, 0.1696896753038965588, 0.1749924875668415203 ),
 .UNSPECIFIED. ) 
 CURVE ( )  GEOMETRIC_REPRESENTATION_ITEM ( )  RATIONAL_B_SPLINE_CURVE ( ( 0.9330127018985543419, 0.9330120504604005882, 1.000000000000000000, 0.8660254037844387076, 1.000000000000000000, 0.8660254037844387076, 1.000000000000000000, 0.9330125767086159261, 0.9330127018924532223 ) ) 
 REPRESENTATION_ITEM ( '' )  );
#6891 = LINE ( 'NONE', #2944, #2792 ) ;
#6892 = CARTESIAN_POINT ( 'NONE',  ( 0.5978229382024193850, 5.166029129413512777, 1.591652171479790434 ) ) ;
#6893 = CARTESIAN_POINT ( 'NONE',  ( 2.078886112499989114, 0.6187499990440783471, 0.000000000000000000 ) ) ;
#6894 = CARTESIAN_POINT ( 'NONE',  ( 0.8162521187152207425, 0.5033363570125661823, -1.140985670834860466 ) ) ;
#6895 = CARTESIAN_POINT ( 'NONE',  ( -1.039443056249999664, 2.339583332377417779, -1.800368184999674437 ) ) ;
#6896 = ADVANCED_FACE ( 'NONE', ( #2738 ), #8023, .F. ) ;
#6897 = CARTESIAN_POINT ( 'NONE',  ( 1.434171935305442735, 6.636588867013182735, 0.9135021099860801685 ) ) ;
#6898 = CARTESIAN_POINT ( 'NONE',  ( -1.699999999999999512, 8.216666664754836091, -0.9814954576223642313 ) ) ;
#6899 = CARTESIAN_POINT ( 'NONE',  ( 0.3297559682367877665, 1.952383855521104161, -1.667987606803644995 ) ) ;
#6900 = ORIENTED_EDGE ( 'NONE', *, *, #2253, .T. ) ;
#6901 = CARTESIAN_POINT ( 'NONE',  ( -1.689138067295049783, 0.3019325760908022627, -1.245496464584696650 ) ) ;
#6902 = CARTESIAN_POINT ( 'NONE',  ( -0.8560916919216589038, 3.433700137782423223, -1.469535835916023991 ) ) ;
#6903 = CARTESIAN_POINT ( 'NONE',  ( -1.023838409908437663, 9.953858168758666025, 1.357310123492642795 ) ) ;
#6904 = CARTESIAN_POINT ( 'NONE',  ( -1.699999999999999956, 7.749999999999999112, -2.081899558550500280E-16 ) ) ;
#6905 = CARTESIAN_POINT ( 'NONE',  ( -2.078886112499999772, 1.697916665710750950, -1.200245456666450439 ) ) ;
#6906 = DIRECTION ( 'NONE',  ( 0.000000000000000000, 0.000000000000000000, 1.000000000000000000 ) ) ;
#6907 = CARTESIAN_POINT ( 'NONE',  ( -1.039443056250000996, 3.885416665710750284, 1.800368184999674215 ) ) ;
#6908 = CARTESIAN_POINT ( 'NONE',  ( 1.696064313626674647, 8.792234970242713388, 0.1264909389095454362 ) ) ;
#6909 = CARTESIAN_POINT ( 'NONE',  ( -1.666284615424212578, 1.471354559076905488, 0.3426544350549783347 ) ) ;
#6910 = ORIENTED_EDGE ( 'NONE', *, *, #7559, .T. ) ;
#6911 = VERTEX_POINT ( 'NONE', #2127 ) ;
#6912 = CARTESIAN_POINT ( 'NONE',  ( 0.1134993737202442815, 3.732659234081440847, 1.700000001199667432 ) ) ;
#6913 = AXIS2_PLACEMENT_3D ( 'NONE', #7208, #638, #684 ) ;
#6914 = CARTESIAN_POINT ( 'NONE',  ( -3.605955811664682968E-16, 7.049999998088169129, 1.962990915244727130 ) ) ;
#6915 = CARTESIAN_POINT ( 'NONE',  ( 1.206774853184036767, 2.411901068868865572, 1.197734384294624421 ) ) ;
#6916 = CARTESIAN_POINT ( 'NONE',  ( -2.078886112500000216, 7.968749999044084653, -2.545901223465009197E-16 ) ) ;
#6917 = CARTESIAN_POINT ( 'NONE',  ( -1.697848130464905569, 0.7448165365870269561, -0.08616144082459471776 ) ) ;
#6918 = AXIS2_PLACEMENT_3D ( 'NONE', #2224, #6747, #6142 ) ;
#6919 = CARTESIAN_POINT ( 'NONE',  ( 1.130631407161514668, 9.404931838090229590, 1.270895528412508524 ) ) ;
#6920 = CARTESIAN_POINT ( 'NONE',  ( 2.078886112500000216, 3.551358535790039905, 0.000000000000000000 ) ) ;
#6921 = CIRCLE ( 'NONE', #4981, 7.799999999999999822 ) ;
#6922 = EDGE_CURVE ( 'NONE', #3585, #4282, #1530, .T. ) ;
#6923 = EDGE_LOOP ( 'NONE', ( #4664, #6007, #8100 ) ) ;
#6924 = CARTESIAN_POINT ( 'NONE',  ( 0.000000000000000000, -0.7557262555325837683, 0.000000000000000000 ) ) ;
#6925 = CARTESIAN_POINT ( 'NONE',  ( -1.054629085620549134, 10.20000000000001528, -1.488377480770867844 ) ) ;
#6926 = DIRECTION ( 'NONE',  ( 0.000000000000000000, 1.000000000000000000, 0.000000000000000000 ) ) ;
#6927 = EDGE_CURVE ( 'NONE', #4675, #5098, #6837, .T. ) ;
#6928 = CARTESIAN_POINT ( 'NONE',  ( 1.011171535745100103, 0.3439073928674387104, -1.366643312053665626 ) ) ;
#6929 = CARTESIAN_POINT ( 'NONE',  ( 0.000000000000000000, 10.19999999999999929, 0.000000000000000000 ) ) ;
#6930 = CARTESIAN_POINT ( 'NONE',  ( 2.078886112499999772, 4.147916665710734030, 1.200245456666450883 ) ) ;
#6931 = CARTESIAN_POINT ( 'NONE',  ( 1.078872495238606399, 0.000000000000000000, 2.949923053328034506 ) ) ;
#6932 = CARTESIAN_POINT ( 'NONE',  ( 1.485830596396052083, 6.056454457939770109, -0.8262440274781511773 ) ) ;
#6933 = ORIENTED_EDGE ( 'NONE', *, *, #2733, .T. ) ;
#6934 = CARTESIAN_POINT ( 'NONE',  ( -1.039443056250000996, 8.172916665710751261, 1.800368184999674215 ) ) ;
#6935 = CARTESIAN_POINT ( 'NONE',  ( 0.1984503424077856404, 0.9386190894449738531, 1.688396818856334747 ) ) ;
#6936 = CARTESIAN_POINT ( 'NONE',  ( -7.127969451919535866E-09, 6.699999998577343518, -1.699999999999999956 ) ) ;
#6937 = CARTESIAN_POINT ( 'NONE',  ( 1.647929805660141467, 5.328059318109611198, -0.4426303497783852237 ) ) ;
#6938 = CARTESIAN_POINT ( 'NONE',  ( 1.039443056249993225, 0.5020833323774116508, 1.800368184999666221 ) ) ;
#6939 = CARTESIAN_POINT ( 'NONE',  ( -1.607635758921881486, 0.08657802589025366535, 0.5608713372905274053 ) ) ;
#6940 = CARTESIAN_POINT ( 'NONE',  ( -1.583848367644649091, 0.5020176593782536001, 1.132454578750456964 ) ) ;
#6941 = CARTESIAN_POINT ( 'NONE',  ( 2.078886112499999772, 2.164583332377417957, -1.200245456666449329 ) ) ;
#6942 = CARTESIAN_POINT ( 'NONE',  ( 0.1171899663874977487, 6.866957595509034284, -1.696234442517949859 ) ) ;
#6943 = CARTESIAN_POINT ( 'NONE',  ( 0.1134047836407365284, 7.932502239485545559, 1.700000004053908942 ) ) ;
#6944 = CARTESIAN_POINT ( 'NONE',  ( 1.461387089974878428, 1.860030373760884537, -0.8722967367334910627 ) ) ;
#6945 = VERTEX_POINT ( 'NONE', #5760 ) ;
#6946 = CYLINDRICAL_SURFACE ( 'NONE', #8236, 0.2000000000000002887 ) ;
#6947 = DIRECTION ( 'NONE',  ( -0.000000000000000000, -1.000000000000000000, -0.000000000000000000 ) ) ;
#6948 = CARTESIAN_POINT ( 'NONE',  ( 0.8499999999999988676, 5.883333333333332860, 1.472243186433546347 ) ) ;
#6949 = CARTESIAN_POINT ( 'NONE',  ( -2.078886112500000216, 6.656249999044083765, -2.545901223465009197E-16 ) ) ;
#6950 = LINE ( 'NONE', #7718, #1495 ) ;
#6951 = CARTESIAN_POINT ( 'NONE',  ( -1.039443056250000996, 1.785416665710751305, 1.800368184999674215 ) ) ;
#6952 = CARTESIAN_POINT ( 'NONE',  ( 0.3718446491243476149, 8.949509221367911493, -1.659881998859429109 ) ) ;
#6953 = CARTESIAN_POINT ( 'NONE',  ( -1.136631476582018463, 1.355493146536960403, -1.265098159486981011 ) ) ;
#6954 = AXIS2_PLACEMENT_3D ( 'NONE', #1472, #4126, #7422 ) ;
#6955 = ORIENTED_EDGE ( 'NONE', *, *, #697, .T. ) ;
#6956 = CARTESIAN_POINT ( 'NONE',  ( 0.2702592308446565839, 9.656481452607820870, -1.679563447313785707 ) ) ;
#6957 = CARTESIAN_POINT ( 'NONE',  ( 1.699999999999999067, 9.966666664754836091, 0.9814954576223646754 ) ) ;
#6958 = DIRECTION ( 'NONE',  ( 0.000000000000000000, -1.000000000000000000, 0.000000000000000000 ) ) ;
#6959 = CARTESIAN_POINT ( 'NONE',  ( 1.039443056250000330, 7.735416665710751261, -1.800368184999674215 ) ) ;
#6960 = CARTESIAN_POINT ( 'NONE',  ( -1.662159029623890616, 0.7265995827157413212, -0.3713420315094076996 ) ) ;
#6962 = CARTESIAN_POINT ( 'NONE',  ( 1.690629005982443589, 9.510917701323219120, -0.1782759951923030550 ) ) ;
#6961 = SHAPE_DEFINITION_REPRESENTATION ( #508, #1835 ) ;
#6963 = CARTESIAN_POINT ( 'NONE',  ( 1.039443056250000330, 5.068025202456706069, -1.800368184999674215 ) ) ;
#6964 = ORIENTED_EDGE ( 'NONE', *, *, #5385, .F. ) ;
#6965 = LINE ( 'NONE', #3789, #6367 ) ;
#6966 = CARTESIAN_POINT ( 'NONE',  ( 1.699999999999999956, 7.224999998088168951, 0.000000000000000000 ) ) ;
#6967 = DIRECTION ( 'NONE',  ( 0.6936187941687647074, 0.000000000000000000, -0.7203422578024065714 ) ) ;
#6968 = CARTESIAN_POINT ( 'NONE',  ( 0.5743905674713813969, 0.1242350025238997263, 1.600028630542570163 ) ) ;
#6969 = VECTOR ( 'NONE', #937, 1000.000000000000227 ) ;
#6970 = CARTESIAN_POINT ( 'NONE',  ( 2.435362535369389736, 3.176207172489684982, -7.252000366886310445 ) ) ;
#6971 = CARTESIAN_POINT ( 'NONE',  ( 1.039443056249998776, 6.189583332377400993, 1.800368184999675547 ) ) ;
#6972 = CARTESIAN_POINT ( 'NONE',  ( 0.1923335868818884797, 0.000000000000000000, 3.080749671303048220 ) ) ;
#6973 = ORIENTED_EDGE ( 'NONE', *, *, #3087, .T. ) ;
#6974 = CARTESIAN_POINT ( 'NONE',  ( 1.469876756697720448E-16, 7.881249999044083410, -2.400490913332899545 ) ) ;
#6975 = CARTESIAN_POINT ( 'NONE',  ( 1.699137850225066027, 1.096588699912551368, 0.05714247715279620332 ) ) ;
#6976 = CARTESIAN_POINT ( 'NONE',  ( -2.263182533822390319, 8.000000000000001776, -4.871246803256979341 ) ) ;
#6977 = CARTESIAN_POINT ( 'NONE',  ( -1.694659878090886362, 9.141607387748804214, -0.1384297933894989563 ) ) ;
#6978 = CARTESIAN_POINT ( 'NONE',  ( 2.078886112499989558, 0.6770833323774118062, -1.200245456666443111 ) ) ;
#6979 = CARTESIAN_POINT ( 'NONE',  ( -1.696744523043256958, 0.05641420821647525480, 0.1055220700366248515 ) ) ;
#6980 = CARTESIAN_POINT ( 'NONE',  ( -1.768172251387542859, 0.5021019944333028340, 0.6853109940608657080 ) ) ;
#6981 = CARTESIAN_POINT ( 'NONE',  ( 2.078886112500000216, 4.206249999044083587, 0.000000000000000000 ) ) ;
#6982 = CARTESIAN_POINT ( 'NONE',  ( -1.524679379362645415, 7.699294382006585558, -0.7523004077819246405 ) ) ;
#6983 = DIRECTION ( 'NONE',  ( 9.242526717056567753E-17, -0.6560590289905107175, 0.7547095802227690164 ) ) ;
#6984 = CARTESIAN_POINT ( 'NONE',  ( 0.9148927674085538531, 1.911859967585752162, -1.435107481063510715 ) ) ;
#6985 = EDGE_CURVE ( 'NONE', #6008, #1181, #5683, .T. ) ;
#6986 = EDGE_CURVE ( 'NONE', #1551, #7976, #2257, .T. ) ;
#6987 = ORIENTED_EDGE ( 'NONE', *, *, #7438, .F. ) ;
#6988 = CARTESIAN_POINT ( 'NONE',  ( 1.697899292512216274, 4.585587003061188938, 0.2365302204810677267 ) ) ;
#6989 = LINE ( 'NONE', #5690, #2274 ) ;
#6990 = CARTESIAN_POINT ( 'NONE',  ( 1.699999999999999956, 6.058333333333333570, -0.9814954576223635652 ) ) ;
#6991 = CARTESIAN_POINT ( 'NONE',  ( 2.078886112499999772, 6.364583332377416802, -1.200245456666449329 ) ) ;
#6992 = LINE ( 'NONE', #6343, #4274 ) ;
#6993 = CARTESIAN_POINT ( 'NONE',  ( -1.039443056250000996, 4.585416665710750905, 1.800368184999674215 ) ) ;
#6994 = DIRECTION ( 'NONE',  ( 0.000000000000000000, 0.000000000000000000, -1.000000000000000000 ) ) ;
#6995 = CARTESIAN_POINT ( 'NONE',  ( -1.570327531843991542, 1.406643584133086877, -0.6539085492547342948 ) ) ;
#6996 = ORIENTED_EDGE ( 'NONE', *, *, #6655, .T. ) ;
#6997 = CARTESIAN_POINT ( 'NONE',  ( 1.448493152359082492, 9.561521907807824405, -0.8899399905324045790 ) ) ;
#6998 = LINE ( 'NONE', #1042, #754 ) ;
#6999 = B_SPLINE_CURVE_WITH_KNOTS ( 'NONE', 3,
 ( #7049, #8380, #1666, #3060, #2446, #3704, #8338, #5060, #4359, #5143, #6364, #361, #3834, #4488, #8299, #4319, #5833, #5101, #7693, #1136, #5710, #5020, #5750, #4449, #1748, #3019, #4403, #1096, #3750, #5667, #6405, #440, #3100, #7738, #7092, #6445, #7780, #4974, #7612, #1012, #5873, #3958, #1876, #6005, #5915, #5308, #569, #5184, #3916, #6699, #7902, #6654, #7295, #3396, #7254, #7820, #695, #1218, #3350, #1300, #648, #8548, #8508, #7215, #3875, #7859, #7341, #4531, #4046, #5225, #6568, #6527, #7981, #44, #3224, #1916, #605, #6610, #3305, #2042, #2570, #742, #2614, #7938, #8589, #5959, #4575, #5355, #1259, #4661, #1343, #2655, #2000, #3263, #4000, #2697, #5268, #1959, #4707, #1393, #4616, #6049, #2530, #7173, #6788, #2793 ),
 .UNSPECIFIED., .F., .F.,
 ( 4, 2, 2, 2, 2, 2, 2, 1, 1, 1, 2, 2, 2, 2, 1, 2, 2, 2, 2, 2, 2, 2, 1, 2, 2, 1, 2, 2, 2, 1, 2, 2, 1, 2, 2, 2, 2, 2, 2, 2, 2, 2, 1, 2, 2, 2, 1, 2, 2, 1, 2, 2, 2, 2, 2, 1, 2, 2, 4 ),
 ( 0.02285250430717285230, 0.02339463704927340071, 0.02366570342032367491, 0.02393676979137394911, 0.02502103527557503898, 0.02718956624397722219, 0.02746063261502749639, 0.02773169898607776712, 0.02827383172817831206, 0.02881596447027885699, 0.02908703084132913119, 0.02935809721237940539, 0.03044236269658050567, 0.03098449543868105407, 0.03112002862420619118, 0.03118779521696875973, 0.03125556180973132481, 0.03152662818078159901, 0.03369515914918371630, 0.03477942463338477841, 0.03505049100443503873, 0.03518602418996016890, 0.03532155737548530600, 0.03586369011758583358, 0.03803222108598795781, 0.03857435382808849234, 0.03884542019913875266, 0.03911648657018901992, 0.04020075205439008204, 0.04074288479649061656, 0.04101395116754087689, 0.04108171776030344891, 0.04114948435306600705, 0.04128501753859113721, 0.04236928302279220626, 0.04291141576489272691, 0.04318248213594299417, 0.04345354850699326144, 0.04453781399119431661, 0.04670634495959643390, 0.04684187814512157100, 0.04697741133064670116, 0.04724847770169696148, 0.04779061044379749601, 0.04887487592799856506, 0.04995914141219963411, 0.05050127415430017558, 0.05077234052535044284, 0.05084010711811300792, 0.05090787371087557300, 0.05104340689640071704, 0.05321193786480294535, 0.05429620334900405604, 0.05456726972005433718, 0.05470280290557947428, 0.05483833609110461138, 0.05538046883320515978, 0.05646473431740624965, 0.05754899980160734646 ),
 .UNSPECIFIED. ) ;
#7000 = DIRECTION ( 'NONE',  ( 0.000000000000000000, -0.5183017160933445222, -0.8551978315540177400 ) ) ;
#7001 = CARTESIAN_POINT ( 'NONE',  ( -1.039443056249999664, 9.252083332377418756, -1.800368184999674437 ) ) ;
#7002 = CARTESIAN_POINT ( 'NONE',  ( -1.114701016326873573, 0.6537936526976347862, -1.284145692842606268 ) ) ;
#7004 = CARTESIAN_POINT ( 'NONE',  ( 0.3242151561309094543, 8.252776611565352027, -1.669549265790321924 ) ) ;
#7003 = CONTEXT_DEPENDENT_SHAPE_REPRESENTATION ( #2059, #6163 ) ;
#7005 = CARTESIAN_POINT ( 'NONE',  ( -2.078886112500000216, 3.901358535790040438, -2.545901223465009197E-16 ) ) ;
#7006 = ORIENTED_EDGE ( 'NONE', *, *, #6350, .T. ) ;
#7007 = DIRECTION ( 'NONE',  ( 1.000000000000000000, 0.000000000000000000, 0.000000000000000000 ) ) ;
#7008 = CARTESIAN_POINT ( 'NONE',  ( -7.153438812664350444, 3.008506057664686484, 2.712730372333567175 ) ) ;
#7009 = CARTESIAN_POINT ( 'NONE',  ( -4.046831517071759698, 3.090000000000000746, 4.046831517071677098 ) ) ;
#7010 = AXIS2_PLACEMENT_3D ( 'NONE', #544, #5162, #7151 ) ;
#7011 = DIRECTION ( 'NONE',  ( 0.000000000000000000, 0.000000000000000000, -1.000000000000000000 ) ) ;
#7012 = CARTESIAN_POINT ( 'NONE',  ( 1.469876756697720941E-16, 5.081249999044065824, -2.400490913332899545 ) ) ;
#7013 = CARTESIAN_POINT ( 'NONE',  ( 1.331855044300071400, -1.301042606982605321E-15, -1.940105163950358369 ) ) ;
#7014 = ORIENTED_EDGE ( 'NONE', *, *, #7034, .T. ) ;
#7015 = CARTESIAN_POINT ( 'NONE',  ( -1.039443056249999664, 7.239583332377417690, -1.800368184999674437 ) ) ;
#7016 = CARTESIAN_POINT ( 'NONE',  ( 1.022487894222324112, 1.204236829635065620, -1.362663680675263000 ) ) ;
#7017 = CARTESIAN_POINT ( 'NONE',  ( 1.039443056250000330, 1.435416665710751216, -1.800368184999674215 ) ) ;
#7018 = CARTESIAN_POINT ( 'NONE',  ( 0.3562585634274335056, 5.450530401561664462, -1.663425415986745648 ) ) ;
#7019 = CARTESIAN_POINT ( 'NONE',  ( -4.409630270093139405E-16, 6.043749999044078614, 2.400490913332886667 ) ) ;
#7020 = DIRECTION ( 'NONE',  ( 0.7071067811865474617, 0.000000000000000000, 0.7071067811865474617 ) ) ;
#7021 = CARTESIAN_POINT ( 'NONE',  ( -1.791744407557152252, 0.5020024109458515182, -0.2162500348830621588 ) ) ;
#7022 = CARTESIAN_POINT ( 'NONE',  ( -4.409630270093162085E-16, 4.031249999044084653, 2.400490913332899545 ) ) ;
#7023 = DIRECTION ( 'NONE',  ( 0.7071067811865451302, -3.056747976430751789E-16, 0.7071067811865500152 ) ) ;
#7024 = LINE ( 'NONE', #4947, #121 ) ;
#7025 = CARTESIAN_POINT ( 'NONE',  ( 1.570927279181941527, 1.756953047000909374, 0.6497723318812929083 ) ) ;
#7026 = ORIENTED_EDGE ( 'NONE', *, *, #2777, .T. ) ;
#7027 = CARTESIAN_POINT ( 'NONE',  ( 1.076998244092492563, 4.500432477110388518, 1.315620467526131820 ) ) ;
#7028 = CARTESIAN_POINT ( 'NONE',  ( 0.000000000000000000, 1.500000000000000444, 0.000000000000000000 ) ) ;
#7029 = DIRECTION ( 'NONE',  ( 0.000000000000000000, 1.000000000000000000, 0.000000000000000000 ) ) ;
#7030 = CARTESIAN_POINT ( 'NONE',  ( 1.699999999999999956, 8.158333333333333215, -0.9814954576223635652 ) ) ;
#7031 = CARTESIAN_POINT ( 'NONE',  ( -1.039443056249999664, 5.839583332377418223, -1.800368184999674437 ) ) ;
#7032 = CARTESIAN_POINT ( 'NONE',  ( -0.2754232435190543393, 1.993866840382925165, -1.680541245309595810 ) ) ;
#7033 = CARTESIAN_POINT ( 'NONE',  ( -2.078886112499999772, 5.110416665710751261, -1.200245456666450439 ) ) ;
#7034 = EDGE_CURVE ( 'NONE', #520, #2223, #838, .T. ) ;
#7035 = FACE_OUTER_BOUND ( 'NONE', #5570, .T. ) ;
#7036 = CARTESIAN_POINT ( 'NONE',  ( -1.688847095930578135, 1.462172238137003033, 0.1952354590835360670 ) ) ;
#7037 = VERTEX_POINT ( 'NONE', #1485 ) ;
#7038 = CARTESIAN_POINT ( 'NONE',  ( 1.646941157866332883, 3.873025102905574890, 0.4236713616810148242 ) ) ;
#7039 = DIRECTION ( 'NONE',  ( -0.000000000000000000, -1.000000000000000000, -0.000000000000000000 ) ) ;
#7040 = DIRECTION ( 'NONE',  ( 0.000000000000000000, 0.000000000000000000, -1.000000000000000000 ) ) ;
#7041 = CARTESIAN_POINT ( 'NONE',  ( 2.078886112499999772, 9.777083332377419111, -1.200245456666449329 ) ) ;
#7042 = CARTESIAN_POINT ( 'NONE',  ( -1.442302698196451738, 0.6874825418819728862, -0.9042441351527112925 ) ) ;
#7043 = CARTESIAN_POINT ( 'NONE',  ( 7.296724953260060431, 3.000000000000000000, 2.297891415291850148 ) ) ;
#7044 = CARTESIAN_POINT ( 'NONE',  ( -1.039443056250000996, 3.318025202456707401, 1.800368184999674215 ) ) ;
#7045 = AXIS2_PLACEMENT_3D ( 'NONE', #6090, #781, #3433 ) ;
#7046 = ORIENTED_EDGE ( 'NONE', *, *, #6655, .F. ) ;
#7047 = CARTESIAN_POINT ( 'NONE',  ( -7.085102807365159627, 3.000000000000000000, 2.885102807365165223 ) ) ;
#7048 = AXIS2_PLACEMENT_3D ( 'NONE', #4740, #7374, #81 ) ;
#7049 = CARTESIAN_POINT ( 'NONE',  ( 9.268116026981444736E-07, 0.2250136154093740348, 1.699999999999495248 ) ) ;
#7050 = DIRECTION ( 'NONE',  ( 0.000000000000000000, 0.000000000000000000, -1.000000000000000000 ) ) ;
#7051 = CARTESIAN_POINT ( 'NONE',  ( -1.039443056250000996, 6.072916665710732964, 1.800368184999674215 ) ) ;
#7052 = AXIS2_PLACEMENT_3D ( 'NONE', #482, #6403, #6277 ) ;
#7053 = CARTESIAN_POINT ( 'NONE',  ( -1.220898028349723496, 0.000000000000000000, -2.253918961526675702 ) ) ;
#7054 = ORIENTED_EDGE ( 'NONE', *, *, #1453, .T. ) ;
#7055 = CARTESIAN_POINT ( 'NONE',  ( -3.605955811664682968E-16, 0.04999999808816887187, 1.962990915244727130 ) ) ;
#7056 = CARTESIAN_POINT ( 'NONE',  ( 1.687711884464716539, 1.087068732370912283, 0.2102766025464661293 ) ) ;
#7057 = CARTESIAN_POINT ( 'NONE',  ( 2.078886112500000216, 0.6187499990440844533, 0.000000000000000000 ) ) ;
#7058 = CARTESIAN_POINT ( 'NONE',  ( -1.039187228485088488, 9.047339155488602458, -1.345414721388369150 ) ) ;
#7059 = CARTESIAN_POINT ( 'NONE',  ( -4.409630270093139405E-16, 3.943749999044078081, 2.400490913332886667 ) ) ;
#7060 = CIRCLE ( 'NONE', #7474, 7.650000000000000355 ) ;
#7061 = CARTESIAN_POINT ( 'NONE',  ( -1.661948523227843477, 0.07256834637231535101, 0.3578548454040633708 ) ) ;
#7062 = CARTESIAN_POINT ( 'NONE',  ( -1.834576725160608213, 0.5017374225803149512, 0.1160299326328309150 ) ) ;
#7063 = CARTESIAN_POINT ( 'NONE',  ( 2.078886112500000216, 6.306249999044084120, 0.000000000000000000 ) ) ;
#7064 = CARTESIAN_POINT ( 'NONE',  ( -1.136533584614280556, 7.655511196511821659, -1.264269128454486912 ) ) ;
#7065 = CARTESIAN_POINT ( 'NONE',  ( 1.502865465766040520, 8.046005407245843344, 0.7946863864343233219 ) ) ;
#7066 = CARTESIAN_POINT ( 'NONE',  ( 0.7995246204403597678, 1.920087191295606788, -1.500526909105712070 ) ) ;
#7067 = VERTEX_POINT ( 'NONE', #8122 ) ;
#7068 = CARTESIAN_POINT ( 'NONE',  ( 0.8769227603199005738, 4.485197259565851802, 1.456393241462582422 ) ) ;
#7069 = CARTESIAN_POINT ( 'NONE',  ( -0.6295143545494354953, 2.718205350752347815, -1.579381719613793589 ) ) ;
#7070 = CARTESIAN_POINT ( 'NONE',  ( -5.422857600129052806E-07, 6.000000035303857615, -1.699999999999913358 ) ) ;
#7071 = CARTESIAN_POINT ( 'NONE',  ( 1.699999999999999956, 9.500000000000001776, 0.000000000000000000 ) ) ;
#7072 = CARTESIAN_POINT ( 'NONE',  ( 2.078886112500000216, 3.506249999044084298, 0.000000000000000000 ) ) ;
#7073 = CARTESIAN_POINT ( 'NONE',  ( -0.9359704755931141928, 2.039438678229911872, -1.419151491903035023 ) ) ;
#7074 = CARTESIAN_POINT ( 'NONE',  ( 2.078886112500000216, 6.218749999044084653, 0.000000000000000000 ) ) ;
#7075 = CARTESIAN_POINT ( 'NONE',  ( 2.885102807365163891, 3.000000000000000000, -7.085102807365160515 ) ) ;
#7076 = CARTESIAN_POINT ( 'NONE',  ( -1.169090602941155410, 1.541564456229863378, 1.234231049090660060 ) ) ;
#7077 = EDGE_CURVE ( 'NONE', #3159, #4619, #6921, .T. ) ;
#7078 = ORIENTED_EDGE ( 'NONE', *, *, #4368, .F. ) ;
#7079 = CARTESIAN_POINT ( 'NONE',  ( 1.529059961594603223, 3.849317152305573586, 0.7515680708487448847 ) ) ;
#7080 = CARTESIAN_POINT ( 'NONE',  ( 1.699999999999999956, 9.383333331421502166, -0.9814954576223635652 ) ) ;
#7081 = CARTESIAN_POINT ( 'NONE',  ( 0.07516993356990514519, 2.669841279069616213, -1.699999999999999734 ) ) ;
#7082 = DIRECTION ( 'NONE',  ( -0.000000000000000000, -1.000000000000000000, -0.000000000000000000 ) ) ;
#7083 = DIRECTION ( 'NONE',  ( 1.000000000000000000, 0.000000000000000000, -0.000000000000000000 ) ) ;
#7084 = ADVANCED_FACE ( 'NONE', ( #4798 ), #97, .T. ) ;
#7085 = CARTESIAN_POINT ( 'NONE',  ( 0.9917305110869892859, 8.206394526072109841, -1.381848871891538488 ) ) ;
#7086 = CARTESIAN_POINT ( 'NONE',  ( 1.039443056249998776, 2.034691869123373298, 1.800368184999675325 ) ) ;
#7087 = EDGE_CURVE ( 'NONE', #6242, #5793, #4884, .T. ) ;
#7088 = ORIENTED_EDGE ( 'NONE', *, *, #3261, .F. ) ;
#7089 = CARTESIAN_POINT ( 'NONE',  ( 1.494879579639935452, 6.055169668828825458, -0.8098414515239774625 ) ) ;
#7090 = CARTESIAN_POINT ( 'NONE',  ( -0.4555136008263953595, 3.518739260776553746, 1.700000015188072311 ) ) ;
#7091 = CARTESIAN_POINT ( 'NONE',  ( -7.233617738330952562, 3.101480656498024846, 2.489507632570832296 ) ) ;
#7092 = CARTESIAN_POINT ( 'NONE',  ( 1.458097259508796206, 0.3395422944986120628, 0.8782016692338469044 ) ) ;
#7093 = CARTESIAN_POINT ( 'NONE',  ( 0.000000000000000000, -0.7557262555325837683, 9.299999999999998934 ) ) ;
#7094 = CARTESIAN_POINT ( 'NONE',  ( 1.039443056249998776, 8.989583332377399927, 1.800368184999675547 ) ) ;
#7095 = CARTESIAN_POINT ( 'NONE',  ( -1.860304678613494023, 0.000000000000000000, 2.281703363825918540 ) ) ;
#7096 = EDGE_LOOP ( 'NONE', ( #6612, #3961, #7994, #3797 ) ) ;
#7097 = CARTESIAN_POINT ( 'NONE',  ( 1.699999999999999956, 1.683333331421502210, -0.9814954576223635652 ) ) ;
#7098 = LINE ( 'NONE', #1142, #5199 ) ;
#7099 = CARTESIAN_POINT ( 'NONE',  ( -1.039443056250000996, 2.485416665710751261, 1.800368184999674215 ) ) ;
#7100 = CARTESIAN_POINT ( 'NONE',  ( -1.023572730491435046, 9.046152765814017727, -1.357329566100486717 ) ) ;
#7101 = CARTESIAN_POINT ( 'NONE',  ( 2.078886112499988670, 3.360416665710745043, 1.200245456666444444 ) ) ;
#7102 = DIRECTION ( 'NONE',  ( 0.000000000000000000, 0.000000000000000000, -1.000000000000000000 ) ) ;
#7103 = CARTESIAN_POINT ( 'NONE',  ( -1.697693911412587964, 0.5020481438049554379, 0.9004508382237438324 ) ) ;
#7104 = CARTESIAN_POINT ( 'NONE',  ( -1.039443056250000996, 6.072916665710750728, 1.800368184999674215 ) ) ;
#7105 = CARTESIAN_POINT ( 'NONE',  ( 0.03569228340457406001, 6.872550528886611332, -1.699642524197542803 ) ) ;
#7106 = CYLINDRICAL_SURFACE ( 'NONE', #5103, 1.699999999999999956 ) ;
#7107 = ORIENTED_EDGE ( 'NONE', *, *, #5244, .T. ) ;
#7108 = CARTESIAN_POINT ( 'NONE',  ( 1.672535659411187092, 4.619023381337083123, -0.3043449903111884458 ) ) ;
#7109 = CARTESIAN_POINT ( 'NONE',  ( -0.5124736767455123632, 2.710169468888361521, -1.620924119741959046 ) ) ;
#7110 = CARTESIAN_POINT ( 'NONE',  ( 1.039443056250000330, 5.722916665710751083, -1.800368184999674215 ) ) ;
#7111 = CARTESIAN_POINT ( 'NONE',  ( -1.039443056250000996, 6.685416665710750550, 1.800368184999674215 ) ) ;
#7112 =( BOUNDED_CURVE ( )  B_SPLINE_CURVE ( 2, ( #3669, #6804, #5345, #1515, #5390, #5995, #7375, #7329, #2783 ),
 .UNSPECIFIED., .F., .F. ) 
 B_SPLINE_CURVE_WITH_KNOTS ( ( 3, 2, 2, 2, 3 ),
 ( 0.9385960223679618020, 0.9438988188779247057, 0.9545044235844182268, 0.9651100282909117478, 0.9704128308063117991 ),
 .UNSPECIFIED. ) 
 CURVE ( )  GEOMETRIC_REPRESENTATION_ITEM ( )  RATIONAL_B_SPLINE_CURVE ( ( 0.9330127018923006776, 0.9330127757071146055, 1.000000000000000000, 0.8660254037844387076, 1.000000000000000000, 0.8660254037844387076, 1.000000000000000000, 0.9330126998438292851, 0.9330127018922194093 ) ) 
 REPRESENTATION_ITEM ( '' )  );
#7113 = CARTESIAN_POINT ( 'NONE',  ( -1.700475735849598768, 8.447929303129960488, -0.03633361847637384817 ) ) ;
#7114 = CARTESIAN_POINT ( 'NONE',  ( -4.297456257299410368E-08, 9.500000001037401276, -1.699999999999999289 ) ) ;
#7115 = ORIENTED_EDGE ( 'NONE', *, *, #4592, .T. ) ;
#7116 = CARTESIAN_POINT ( 'NONE',  ( 0.9496257313498770447, 4.009365831830860039, -1.411426084768957034 ) ) ;
#7117 = CARTESIAN_POINT ( 'NONE',  ( 1.475397907615312976, 3.141557227892771920, 0.8521125598309090554 ) ) ;
#7118 = DIRECTION ( 'NONE',  ( 0.000000000000000000, 0.000000000000000000, -1.000000000000000000 ) ) ;
#7119 = CARTESIAN_POINT ( 'NONE',  ( -0.8786344414285381932, 0.03331652413414423752, 1.455699208161519431 ) ) ;
#7120 = CARTESIAN_POINT ( 'NONE',  ( -0.8500000000000007550, 0.6916666647548354030, 1.472243186433545237 ) ) ;
#7121 = CARTESIAN_POINT ( 'NONE',  ( -0.3922858958126837492, 0.8980973203122308846, 1.654144938055353897 ) ) ;
#7122 = DIRECTION ( 'NONE',  ( -0.000000000000000000, 1.000000000000000000, -0.000000000000000000 ) ) ;
#7123 = CARTESIAN_POINT ( 'NONE',  ( 2.078886112499999772, 6.409691869123372854, -1.200245456666449329 ) ) ;
#7124 = ADVANCED_FACE ( 'NONE', ( #4272 ), #2797, .T. ) ;
#7125 = EDGE_LOOP ( 'NONE', ( #6060, #782, #6285, #2233 ) ) ;
#7126 = CARTESIAN_POINT ( 'NONE',  ( 1.658618602838451084, 5.976413736666041920, 0.3729102001456139348 ) ) ;
#7127 = EDGE_CURVE ( 'NONE', #5911, #1346, #811, .T. ) ;
#7128 = AXIS2_PLACEMENT_3D ( 'NONE', #4551, #2425, #7234 ) ;
#7129 = CARTESIAN_POINT ( 'NONE',  ( 2.312024219028203653, 5.951057409446828039, -4.433344562587824278 ) ) ;
#7130 = CARTESIAN_POINT ( 'NONE',  ( -2.435362535369392845, 3.000000000000000000, 7.252000366886310445 ) ) ;
#7131 = CARTESIAN_POINT ( 'NONE',  ( 0.8245639623924966299, 0.1392490954604270192, 1.489967015445779142 ) ) ;
#7132 = VECTOR ( 'NONE', #5989, 1000.000000000000000 ) ;
#7133 = FACE_OUTER_BOUND ( 'NONE', #7445, .T. ) ;
#7134 = AXIS2_PLACEMENT_3D ( 'NONE', #8099, #6122, #3507 ) ;
#7135 = CARTESIAN_POINT ( 'NONE',  ( -2.078886112500000216, 10.17664014880170953, 0.4195403075546986216 ) ) ;
#7136 = ORIENTED_EDGE ( 'NONE', *, *, #1612, .T. ) ;
#7137 = ORIENTED_EDGE ( 'NONE', *, *, #2890, .F. ) ;
#7138 = CARTESIAN_POINT ( 'NONE',  ( -0.8499999999999996447, 1.158333331421502299, -1.472243186433545681 ) ) ;
#7139 = CARTESIAN_POINT ( 'NONE',  ( 1.580432496987245861, 1.058651813842387268, 0.6266458543658572911 ) ) ;
#7140 = CARTESIAN_POINT ( 'NONE',  ( -1.039443056250000996, 0.3854166657107510607, 1.800368184999674215 ) ) ;
#7141 = CARTESIAN_POINT ( 'NONE',  ( -1.628313201029499391, 9.118368998384555724, -0.4886655277343329162 ) ) ;
#7142 = CARTESIAN_POINT ( 'NONE',  ( -2.078886112499989114, 3.710416665710744688, -1.200245456666443999 ) ) ;
#7143 = CARTESIAN_POINT ( 'NONE',  ( -0.5968470323818284573, 0.1840008012884175315, 1.592193620886130478 ) ) ;
#7144 = CARTESIAN_POINT ( 'NONE',  ( -1.359783013097971560, 0.5027080678141099268, -1.020289251775277295 ) ) ;
#7145 = CARTESIAN_POINT ( 'NONE',  ( 1.039443056249998776, 6.189583332377417868, 1.800368184999675325 ) ) ;
#7146 = DIRECTION ( 'NONE',  ( -0.000000000000000000, 1.000000000000000000, -0.000000000000000000 ) ) ;
#7147 = CARTESIAN_POINT ( 'NONE',  ( 2.435362535369395953, 8.000000000000000000, -7.252000366886309557 ) ) ;
#7148 = CARTESIAN_POINT ( 'NONE',  ( -0.2751008408674213701, -1.704365815147212970E-13, -1.297702199490267994 ) ) ;
#7149 = ORIENTED_EDGE ( 'NONE', *, *, #6488, .F. ) ;
#7150 = DIRECTION ( 'NONE',  ( 0.7071067811865550112, 0.000000000000000000, -0.7071067811865401342 ) ) ;
#7151 = DIRECTION ( 'NONE',  ( 0.7071067811865474617, 0.000000000000000000, 0.7071067811865476838 ) ) ;
#7152 = EDGE_CURVE ( 'NONE', #1274, #4379, #2839, .T. ) ;
#7153 = CARTESIAN_POINT ( 'NONE',  ( 1.699999999999999956, 5.824999998088168596, 0.000000000000000000 ) ) ;
#7154 = CARTESIAN_POINT ( 'NONE',  ( -0.5747801539768547796, 0.5192741941856725552, -0.02823208641264635110 ) ) ;
#7155 = CARTESIAN_POINT ( 'NONE',  ( 2.078886112499999328, 5.460416665710750017, 1.200245456666450661 ) ) ;
#7156 = CARTESIAN_POINT ( 'NONE',  ( -8.268479663619644553E-06, 8.275000788451020384, -1.699999999979891374 ) ) ;
#7157 = DIRECTION ( 'NONE',  ( -0.000000000000000000, 1.000000000000000000, -0.000000000000000000 ) ) ;
#7158 = CARTESIAN_POINT ( 'NONE',  ( 0.000000000000000000, -5.000000000000000000, 0.000000000000000000 ) ) ;
#7159 = DIRECTION ( 'NONE',  ( 0.000000000000000000, -1.000000000000000000, 0.000000000000000000 ) ) ;
#7160 = CARTESIAN_POINT ( 'NONE',  ( 1.219039912369768830, 3.986944757631038616, -1.184906595996583434 ) ) ;
#7161 = CARTESIAN_POINT ( 'NONE',  ( 0.9235373736061763816, 3.088529613894965831, 1.427313565061992140 ) ) ;
#7162 = CARTESIAN_POINT ( 'NONE',  ( 0.5760219904737937657, 2.635494314507899727, -1.602911211057225893 ) ) ;
#7163 =( BOUNDED_CURVE ( )  B_SPLINE_CURVE ( 2, ( #4140, #2883, #8079, #6101, #8121, #7525, #1575, #2750, #6232 ),
 .UNSPECIFIED., .F., .F. ) 
 B_SPLINE_CURVE_WITH_KNOTS ( ( 3, 2, 2, 2, 3 ),
 ( 0.5886110644013966553, 0.5939138635636379560, 0.6045194682701314770, 0.6151250729766249981, 0.6204278437792954959 ),
 .UNSPECIFIED. ) 
 CURVE ( )  GEOMETRIC_REPRESENTATION_ITEM ( )  RATIONAL_B_SPLINE_CURVE ( ( 0.9330127018922436122, 0.9330127422023835049, 1.000000000000000000, 0.8660254037844387076, 1.000000000000000000, 0.8660254037844387076, 1.000000000000000000, 0.9330131004527766336, 0.9330127018945906237 ) ) 
 REPRESENTATION_ITEM ( '' )  );
#7164 = CARTESIAN_POINT ( 'NONE',  ( 0.000000000000000000, 7.500000000000000000, -4.500000000000000000 ) ) ;
#7165 = CARTESIAN_POINT ( 'NONE',  ( -1.699999999999999289, 1.391666666666666385, -0.9814954576223643423 ) ) ;
#7166 = CARTESIAN_POINT ( 'NONE',  ( 1.767198530632746387E-15, 6.174999999999999822, -1.699999999999999734 ) ) ;
#7167 = CARTESIAN_POINT ( 'NONE',  ( -1.505690094443186133, 0.8051527902342585641, 0.8154659452918889828 ) ) ;
#7168 = CARTESIAN_POINT ( 'NONE',  ( 1.411673639044167983, 8.166242009760011911, -0.9507333968786386702 ) ) ;
#7169 = CARTESIAN_POINT ( 'NONE',  ( -1.039443056249999664, 7.984691869123372143, -1.800368184999674437 ) ) ;
#7170 = ORIENTED_EDGE ( 'NONE', *, *, #5876, .T. ) ;
#7171 = CARTESIAN_POINT ( 'NONE',  ( 1.578282376159408473, 6.041958338607063439, -0.6356233572635505702 ) ) ;
#7172 = DIRECTION ( 'NONE',  ( 0.000000000000000000, 0.000000000000000000, 1.000000000000000000 ) ) ;
#7173 = CARTESIAN_POINT ( 'NONE',  ( 0.1425224528973539906, 0.5652327357312947331, -1.695100777147573456 ) ) ;
#7174 = FACE_OUTER_BOUND ( 'NONE', #5057, .T. ) ;
#7175 = EDGE_CURVE ( 'NONE', #5310, #2610, #4645, .T. ) ;
#7176 = CARTESIAN_POINT ( 'NONE',  ( 0.8500000000000001998, 8.041666664754835381, -1.472243186433545459 ) ) ;
#7177 = ORIENTED_EDGE ( 'NONE', *, *, #7510, .F. ) ;
#7178 = ORIENTED_EDGE ( 'NONE', *, *, #1131, .F. ) ;
#7179 = CARTESIAN_POINT ( 'NONE',  ( -0.8499999999999996447, 1.858333331421502033, -1.472243186433545681 ) ) ;
#7180 = CARTESIAN_POINT ( 'NONE',  ( -9.515818185547249795E-07, 7.224986079689193375, 1.699999999999470157 ) ) ;
#7181 = VECTOR ( 'NONE', #5437, 1000.000000000000114 ) ;
#7182 = CARTESIAN_POINT ( 'NONE',  ( -1.390570460539911624, 9.218742137804312620, 0.9779750485144438343 ) ) ;
#7183 = CARTESIAN_POINT ( 'NONE',  ( -2.078886112499990002, 4.527083332377411118, 1.200245456666443111 ) ) ;
#7184 = DIRECTION ( 'NONE',  ( 0.000000000000000000, -1.000000000000000000, 0.000000000000000000 ) ) ;
#7185 = CARTESIAN_POINT ( 'NONE',  ( -1.674122772654844438, 0.5024115966714801651, -0.5595701001588325729 ) ) ;
#7186 = CARTESIAN_POINT ( 'NONE',  ( 1.039443056250000330, 8.522916665710750905, -1.800368184999674215 ) ) ;
#7187 = STYLED_ITEM ( 'NONE', ( #3617 ), #6539 ) ;
#7188 = CARTESIAN_POINT ( 'NONE',  ( -0.3999090400052749406, 7.897555021076998472, 1.652413215215531972 ) ) ;
#7189 = ADVANCED_FACE ( 'NONE', ( #6233 ), #3444, .T. ) ;
#7190 = DIRECTION ( 'NONE',  ( 0.000000000000000000, 1.000000000000000000, -0.000000000000000000 ) ) ;
#7191 = VECTOR ( 'NONE', #4185, 1000.000000000000114 ) ;
#7192 = CARTESIAN_POINT ( 'NONE',  ( -0.8655482217530038325, 6.465596420260528276, 1.463211927041236926 ) ) ;
#7193 = ORIENTED_EDGE ( 'NONE', *, *, #5988, .T. ) ;
#7194 = CYLINDRICAL_SURFACE ( 'NONE', #2691, 1.699999999999999956 ) ;
#7195 = CARTESIAN_POINT ( 'NONE',  ( -0.9634830588362995885, 2.741537948162462435, -1.400672741950900857 ) ) ;
#7196 = CARTESIAN_POINT ( 'NONE',  ( -0.3450705581415904888, 0.5440620862099954103, -0.2444262966853481822 ) ) ;
#7197 = CARTESIAN_POINT ( 'NONE',  ( -1.039443056250000996, 7.385416665710749839, 1.800368184999674215 ) ) ;
#7198 = CARTESIAN_POINT ( 'NONE',  ( -0.4873598078256937693, 8.591626919554363084, 1.629140357317629739 ) ) ;
#7199 = CARTESIAN_POINT ( 'NONE',  ( -0.5147982723470490019, 4.810329110168407141, -1.620186794839583388 ) ) ;
#7200 = CARTESIAN_POINT ( 'NONE',  ( -1.479782415302957732, 4.192648980393057556, -0.8377147190610586547 ) ) ;
#7201 = CARTESIAN_POINT ( 'NONE',  ( -1.292308408666114961, 6.269639156431599858, -1.116847242904356330 ) ) ;
#7202 = CARTESIAN_POINT ( 'NONE',  ( 1.697418167174094439, 3.905781162292568887, -0.09571740982195853231 ) ) ;
#7203 = CARTESIAN_POINT ( 'NONE',  ( 1.699218564767717599, 3.203109264908906351, -0.05186306069678243980 ) ) ;
#7204 = CARTESIAN_POINT ( 'NONE',  ( 1.529142114082738813, 2.550474833926921203, -0.7514137901895284744 ) ) ;
#7205 = CARTESIAN_POINT ( 'NONE',  ( -1.091948103175459206, 0.01875340970579227745, 1.304544349659519709 ) ) ;
#7206 = CARTESIAN_POINT ( 'NONE',  ( -3.605955811664682968E-16, 0.9250000000000000444, 1.962990915244727130 ) ) ;
#7207 = CARTESIAN_POINT ( 'NONE',  ( 2.081899558550500280E-16, 10.19999999999999929, 1.699999999999999956 ) ) ;
#7208 = CARTESIAN_POINT ( 'NONE',  ( 0.000000000000000000, 12.00000000000000000, 0.000000000000000000 ) ) ;
#7209 = CARTESIAN_POINT ( 'NONE',  ( 1.359971646068597106, 8.727679789735706350, 1.020522803669155820 ) ) ;
#7210 = CARTESIAN_POINT ( 'NONE',  ( 1.469876756697720448E-16, 5.826358535790038928, -2.400490913332899545 ) ) ;
#7211 = CIRCLE ( 'NONE', #8317, 7.650000000000000355 ) ;
#7212 = EDGE_LOOP ( 'NONE', ( #2390, #3919, #943, #5419 ) ) ;
#7213 = CARTESIAN_POINT ( 'NONE',  ( 1.687410021124811754, 6.012817033117315191, -0.2066246341788966490 ) ) ;
#7214 = CARTESIAN_POINT ( 'NONE',  ( 0.9387967599563941112, 7.289647169600788956, 1.417275745843203039 ) ) ;
#7215 = CARTESIAN_POINT ( 'NONE',  ( 1.642326815949805452, 0.4280987983885166659, -0.4394707136436628025 ) ) ;
#7216 = DIRECTION ( 'NONE',  ( 1.000000000000000000, 0.000000000000000000, 0.000000000000000000 ) ) ;
#7217 = VERTEX_POINT ( 'NONE', #8080 ) ;
#7218 = ORIENTED_EDGE ( 'NONE', *, *, #6985, .F. ) ;
#7219 = EDGE_CURVE ( 'NONE', #1961, #6360, #2895, .T. ) ;
#7220 = CARTESIAN_POINT ( 'NONE',  ( -1.699999999999999289, 1.216666664754835647, -0.9814954576223643423 ) ) ;
#7221 = CARTESIAN_POINT ( 'NONE',  ( -2.986171345291897872, 3.090000000000000746, -5.107491688851538925 ) ) ;
#7222 = CARTESIAN_POINT ( 'NONE',  ( -1.650526441296873648, 9.176802673658865928, 0.4205440334071224862 ) ) ;
#7223 = CARTESIAN_POINT ( 'NONE',  ( 2.078886112499989558, 6.977083332377411296, -1.200245456666443111 ) ) ;
#7224 = CARTESIAN_POINT ( 'NONE',  ( -1.699462257422205802, 2.152608460461611362, 0.04377367175160506302 ) ) ;
#7225 = FACE_OUTER_BOUND ( 'NONE', #3238, .T. ) ;
#7226 = FACE_OUTER_BOUND ( 'NONE', #7905, .T. ) ;
#7227 = CARTESIAN_POINT ( 'NONE',  ( 2.078886112499999772, 9.864583332377415914, -1.200245456666449329 ) ) ;
#7228 = CARTESIAN_POINT ( 'NONE',  ( -0.5949815265150488752, 7.884095677618358167, 1.593730697462973023 ) ) ;
#7229 = CARTESIAN_POINT ( 'NONE',  ( 0.4555136534394213510, 3.581260739010482030, 1.699999984811927378 ) ) ;
#7230 = CARTESIAN_POINT ( 'NONE',  ( -0.6320570273540971895, 6.481624892539804783, 1.578175836721863456 ) ) ;
#7231 = ORIENTED_EDGE ( 'NONE', *, *, #7219, .T. ) ;
#7232 = CARTESIAN_POINT ( 'NONE',  ( 0.000000000000000000, 0.7371656850684469298, 0.000000000000000000 ) ) ;
#7233 = CARTESIAN_POINT ( 'NONE',  ( -1.301413390416164440, 2.928647314598153528, 1.093857726828319832 ) ) ;
#7234 = DIRECTION ( 'NONE',  ( 0.000000000000000000, 0.000000000000000000, -1.000000000000000000 ) ) ;
#7235 = CARTESIAN_POINT ( 'NONE',  ( -0.4283330858874225266, 0.5101197570741747844, 0.6684556738892534211 ) ) ;
#7236 = CARTESIAN_POINT ( 'NONE',  ( 1.039443056249998776, 6.802083332377417690, 1.800368184999675325 ) ) ;
#7237 = CARTESIAN_POINT ( 'NONE',  ( -2.571963978632912706, 3.200000000000000178, -7.204686064820227998 ) ) ;
#7238 = CARTESIAN_POINT ( 'NONE',  ( -0.9740913126247299214, 4.842304409337015336, -1.393266443903851126 ) ) ;
#7239 = EDGE_CURVE ( 'NONE', #1811, #5368, #8353, .T. ) ;
#7240 = CARTESIAN_POINT ( 'NONE',  ( -0.1493937075092287015, 4.085252616048885344, -1.699999999785146931 ) ) ;
#7241 = EDGE_CURVE ( 'NONE', #4818, #6752, #8006, .T. ) ;
#7242 = PLANE ( 'NONE',  #6231 ) ;
#7243 = CARTESIAN_POINT ( 'NONE',  ( 0.1353065217669199016, 4.065715659205772603, -1.695149833494237201 ) ) ;
#7244 = CARTESIAN_POINT ( 'NONE',  ( 0.3105504125418576677, 3.046278381587751216, 1.671454439620795096 ) ) ;
#7245 = CARTESIAN_POINT ( 'NONE',  ( 2.179449471770337432, 1.500000000000000444, 4.500000000000000000 ) ) ;
#7246 = CARTESIAN_POINT ( 'NONE',  ( -0.4778007116959219203, 0.05925184327499238846, 1.631551650866525982 ) ) ;
#7247 = CARTESIAN_POINT ( 'NONE',  ( 1.699999999999999956, -0.2416666666666667240, -0.9814954576223635652 ) ) ;
#7248 = CARTESIAN_POINT ( 'NONE',  ( 1.699999999999999289, 2.266666664754835470, 0.9814954576223646754 ) ) ;
#7249 = CARTESIAN_POINT ( 'NONE',  ( -0.9483776430592634199, 0.8596451262334512400, 1.410916686053342417 ) ) ;
#7250 = CARTESIAN_POINT ( 'NONE',  ( -4.409630270093162085E-16, 5.476358535790039284, 2.400490913332899545 ) ) ;
#7251 = ORIENTED_EDGE ( 'NONE', *, *, #4717, .T. ) ;
#7252 = DIRECTION ( 'NONE',  ( -0.000000000000000000, -1.000000000000000000, -0.000000000000000000 ) ) ;
#7253 = CARTESIAN_POINT ( 'NONE',  ( 1.646985328228250278, 7.373026071743894683, 0.4251172491088484606 ) ) ;
#7254 = CARTESIAN_POINT ( 'NONE',  ( 1.693807242284665060, 0.4088228975664952580, -0.1450106766272533931 ) ) ;
#7255 = FACE_OUTER_BOUND ( 'NONE', #6658, .T. ) ;
#7256 = EDGE_LOOP ( 'NONE', ( #1008, #1838, #6133, #2762 ) ) ;
#7257 = ORIENTED_EDGE ( 'NONE', *, *, #5687, .F. ) ;
#7258 = CARTESIAN_POINT ( 'NONE',  ( 1.699999999999999956, 7.224999998088168951, 0.000000000000000000 ) ) ;
#7259 = CARTESIAN_POINT ( 'NONE',  ( 0.000000000000000000, 10.19999999999999929, -1.699999999999999956 ) ) ;
#7260 = CIRCLE ( 'NONE', #886, 7.650000000000000355 ) ;
#7261 = CARTESIAN_POINT ( 'NONE',  ( -1.032777143381385487, 0.4742930023110210058, -1.350649776771396748 ) ) ;
#7262 = CARTESIAN_POINT ( 'NONE',  ( 1.039443056249993225, 8.202083332377410940, 1.800368184999666221 ) ) ;
#7263 = CARTESIAN_POINT ( 'NONE',  ( -1.697059654819478069, 2.156193316672475824, 0.1025062915942505093 ) ) ;
#7264 = CARTESIAN_POINT ( 'NONE',  ( -0.8499999999999996447, 1.858333331421502033, -1.472243186433545681 ) ) ;
#7265 = CYLINDRICAL_SURFACE ( 'NONE', #1094, 5.000000000000000000 ) ;
#7266 = CARTESIAN_POINT ( 'NONE',  ( 0.000000000000000000, 10.19999999999999929, 0.000000000000000000 ) ) ;
#7267 = CARTESIAN_POINT ( 'NONE',  ( -0.9864637050837505861, 6.456829285322704060, 1.385530521557665207 ) ) ;
#7268 = ORIENTED_EDGE ( 'NONE', *, *, #1535, .T. ) ;
#7269 = CARTESIAN_POINT ( 'NONE',  ( -0.4733910302820687477, 3.692537023564754772, 1.637422162158561401 ) ) ;
#7270 = CARTESIAN_POINT ( 'NONE',  ( -4.027325123107952543, 3.021034482758621298, -4.027325123107949878 ) ) ;
#7271 = CARTESIAN_POINT ( 'NONE',  ( -0.7707101041634316640, 2.972110044982280819, 1.516073063412165300 ) ) ;
#7272 = CARTESIAN_POINT ( 'NONE',  ( -1.645707330002177393, 7.022795944558189341, -0.4262336624787682604 ) ) ;
#7273 = CARTESIAN_POINT ( 'NONE',  ( 0.08300515564923688361, 0.5094378363897530404, 0.9203655466605177304 ) ) ;
#7274 = CARTESIAN_POINT ( 'NONE',  ( 2.078886112500000216, 0.006249999044084493874, 0.000000000000000000 ) ) ;
#7275 = CARTESIAN_POINT ( 'NONE',  ( -0.3782517559801116813, 10.13301450206425258, 1.657385172220978253 ) ) ;
#7276 = CARTESIAN_POINT ( 'NONE',  ( 3.520244468532278611E-08, 3.899999995672315034, -1.699999999999999289 ) ) ;
#7277 = VECTOR ( 'NONE', #1114, 1000.000000000000000 ) ;
#7278 = CARTESIAN_POINT ( 'NONE',  ( -1.055423720107616870, 4.148667807506078553, -1.332701068902819141 ) ) ;
#7279 = CARTESIAN_POINT ( 'NONE',  ( -1.677381644435598451, 6.332758756900577879, -0.2770322739964841130 ) ) ;
#7280 = DIRECTION ( 'NONE',  ( 0.000000000000000000, 0.000000000000000000, -1.000000000000000000 ) ) ;
#7281 = CARTESIAN_POINT ( 'NONE',  ( 1.014197665838554085, 3.095192734596622142, 1.367736040279423637 ) ) ;
#7282 = DIRECTION ( 'NONE',  ( -0.4876598490941707609, 0.7241379310344824294, -0.4876598490941710939 ) ) ;
#7283 = ADVANCED_FACE ( 'NONE', ( #1664 ), #2751, .T. ) ;
#7284 = CARTESIAN_POINT ( 'NONE',  ( -3.956290731841335173, 5.626078208432425676, -3.226782805549678113 ) ) ;
#7285 = CARTESIAN_POINT ( 'NONE',  ( -1.700000000000000400, -0.5916666666666667851, 0.9814954576223632321 ) ) ;
#7286 = CARTESIAN_POINT ( 'NONE',  ( -8.219773737830849033E-08, 2.499999968234339232, -1.699999999999997957 ) ) ;
#7287 = PLANE ( 'NONE',  #7995 ) ;
#7288 = CARTESIAN_POINT ( 'NONE',  ( 2.183578442342846443E-15, 7.399999998088168773, -1.699999999999999734 ) ) ;
#7289 = CARTESIAN_POINT ( 'NONE',  ( -9.505903190829839070E-07, 4.949986082340666727, 1.699999999999473488 ) ) ;
#7290 = CARTESIAN_POINT ( 'NONE',  ( -2.078886112499999772, 8.743025202456705003, -1.200245456666450439 ) ) ;
#7291 = VERTEX_POINT ( 'NONE', #5018 ) ;
#7292 = CARTESIAN_POINT ( 'NONE',  ( 0.9096923460027244168, 8.254898650915748726E-15, -1.796928597318072196 ) ) ;
#7293 = CARTESIAN_POINT ( 'NONE',  ( -4.409630270093162085E-16, 1.143749999044084475, 2.400490913332899545 ) ) ;
#7294 = CARTESIAN_POINT ( 'NONE',  ( 1.023432915819608491, 7.296095022705864963, 1.357689968301504235 ) ) ;
#7295 = CARTESIAN_POINT ( 'NONE',  ( 1.698054530382675731, 0.4054512651791585265, -0.08860578077656583451 ) ) ;
#7296 = CARTESIAN_POINT ( 'NONE',  ( 2.263182533822364562, 8.000000000000001776, -4.871246803256983782 ) ) ;
#7297 = ORIENTED_EDGE ( 'NONE', *, *, #4045, .F. ) ;
#7298 = ORIENTED_EDGE ( 'NONE', *, *, #2830, .T. ) ;
#7299 = CARTESIAN_POINT ( 'NONE',  ( -1.699999999999999289, 5.416666664754836269, -0.9814954576223643423 ) ) ;
#7300 = DIRECTION ( 'NONE',  ( 0.000000000000000000, 0.000000000000000000, 1.000000000000000000 ) ) ;
#7301 = CARTESIAN_POINT ( 'NONE',  ( -1.697677882508436875, 9.144557877808585644, -0.09026923489700108827 ) ) ;
#7302 = CARTESIAN_POINT ( 'NONE',  ( -4.409630270093139405E-16, 7.443749999044078081, 2.400490913332886667 ) ) ;
#7303 = CARTESIAN_POINT ( 'NONE',  ( -1.354409930846494969, 2.077073629143879163, -1.027509136405453161 ) ) ;
#7304 = LINE ( 'NONE', #1354, #3474 ) ;
#7305 = FACE_OUTER_BOUND ( 'NONE', #8419, .T. ) ;
#7306 = ORIENTED_EDGE ( 'NONE', *, *, #3439, .F. ) ;
#7307 = CARTESIAN_POINT ( 'NONE',  ( -2.078886112500000216, 0.9979166657107334526, -1.200245456666450217 ) ) ;
#7308 = CARTESIAN_POINT ( 'NONE',  ( 3.520244468532278611E-08, 3.899999995672315034, -1.699999999999999289 ) ) ;
#7309 = ORIENTED_EDGE ( 'NONE', *, *, #7972, .T. ) ;
#7310 = AXIS2_PLACEMENT_3D ( 'NONE', #8289, #5095, #3093 ) ;
#7311 = ORIENTED_EDGE ( 'NONE', *, *, #120, .F. ) ;
#7312 = CARTESIAN_POINT ( 'NONE',  ( -0.7752270171371461460, 3.671798304407914326, 1.512954452930504123 ) ) ;
#7313 = DIRECTION ( 'NONE',  ( 0.000000000000000000, 0.000000000000000000, -1.000000000000000000 ) ) ;
#7314 = CARTESIAN_POINT ( 'NONE',  ( -1.583152231812502198, 2.890859852021109067, 0.6200283607170361533 ) ) ;
#7315 = CARTESIAN_POINT ( 'NONE',  ( -1.657417029661801378, 7.026099966303287481, -0.3788627710782864200 ) ) ;
#7316 = CARTESIAN_POINT ( 'NONE',  ( -0.2731873483953508042, 0.5103701906613469230, 0.7927330707302656654 ) ) ;
#7317 = CARTESIAN_POINT ( 'NONE',  ( -1.039443056250000996, 0.4729166657107510274, 1.800368184999674215 ) ) ;
#7318 = CARTESIAN_POINT ( 'NONE',  ( -1.462909034776585182, 8.509812868419636800, 0.8734599750210892966 ) ) ;
#7319 = CARTESIAN_POINT ( 'NONE',  ( -1.641390961778217861, 4.921664460274645769, -0.4428173942013370334 ) ) ;
#7320 = AXIS2_PLACEMENT_3D ( 'NONE', #7392, #6835, #4096 ) ;
#7321 = CARTESIAN_POINT ( 'NONE',  ( -1.415014008462335271, 4.184208132315061057, -0.9424601646079207029 ) ) ;
#7322 = CARTESIAN_POINT ( 'NONE',  ( -1.478345525471306710, 6.292455228593461847, -0.8402294021763773157 ) ) ;
#7323 = CARTESIAN_POINT ( 'NONE',  ( 0.000000000000000000, -5.000000000000000000, 7.799999999999999822 ) ) ;
#7324 = CARTESIAN_POINT ( 'NONE',  ( 1.228536297145271350, 3.286079789356531666, -1.175252553345260020 ) ) ;
#7325 = CARTESIAN_POINT ( 'NONE',  ( -1.700032252359417573, 9.851989000382674888, 0.03135604717975257194 ) ) ;
#7326 = CARTESIAN_POINT ( 'NONE',  ( -0.8500000000000007550, 2.966666666666666785, 1.472243186433545237 ) ) ;
#7327 = FACE_OUTER_BOUND ( 'NONE', #4995, .T. ) ;
#7328 = DIRECTION ( 'NONE',  ( 0.000000000000000000, -1.000000000000000000, 0.000000000000000000 ) ) ;
#7329 = CARTESIAN_POINT ( 'NONE',  ( 0.4555136142039176161, 10.16873925985848715, -1.700000007464556040 ) ) ;
#7330 = CARTESIAN_POINT ( 'NONE',  ( -0.8499999999999996447, 4.658333331421501633, -1.472243186433545681 ) ) ;
#7331 = CARTESIAN_POINT ( 'NONE',  ( -0.7680812144389108642, 10.33325397393883094, 1.957039017417099735 ) ) ;
#7332 = CARTESIAN_POINT ( 'NONE',  ( -2.078886112500000216, 7.997916665710732786, -1.200245456666450217 ) ) ;
#7333 = ORIENTED_EDGE ( 'NONE', *, *, #4787, .F. ) ;
#7334 = CARTESIAN_POINT ( 'NONE',  ( 1.561117331972025957, 1.618207017585799633E-17, -1.372836532352581740 ) ) ;
#7335 = AXIS2_PLACEMENT_3D ( 'NONE', #3959, #3264, #3876 ) ;
#7336 = CARTESIAN_POINT ( 'NONE',  ( -1.359783013097971560, 0.5027080678141099268, -1.020289251775277295 ) ) ;
#7337 = PRODUCT_DEFINITION_CONTEXT ( 'detailed design', #733, 'design' ) ;
#7338 = CARTESIAN_POINT ( 'NONE',  ( 2.078886112500000216, 2.718749999044084653, 0.000000000000000000 ) ) ;
#7339 = EDGE_CURVE ( 'NONE', #2818, #3221, #952, .T. ) ;
#7340 = CARTESIAN_POINT ( 'NONE',  ( 2.279064564105349078, 6.000000000000000000, 4.400384907664990131 ) ) ;
#7341 = CARTESIAN_POINT ( 'NONE',  ( 1.637835724821745220, 0.4292166784927368695, -0.4555670862668945165 ) ) ;
#7342 = CARTESIAN_POINT ( 'NONE',  ( -0.8940085083699236268, 0.5014596767630424834, 1.836018104428027042 ) ) ;
#7343 = EDGE_CURVE ( 'NONE', #2320, #2725, #5366, .T. ) ;
#7344 = EDGE_LOOP ( 'NONE', ( #7951, #458, #8551, #4913 ) ) ;
#7345 = CARTESIAN_POINT ( 'NONE',  ( 1.201985270554894323E-16, 4.599999998088168063, -1.962990915244727130 ) ) ;
#7346 = DIRECTION ( 'NONE',  ( 0.4876598490941712050, -0.7241379310344822073, 0.4876598490941709274 ) ) ;
#7347 = CARTESIAN_POINT ( 'NONE',  ( -1.243074525936608055, 9.234634040617052619, 1.161072817168512517 ) ) ;
#7348 = CARTESIAN_POINT ( 'NONE',  ( 1.469876756697713053E-16, 8.493749999044080568, -2.400490913332886667 ) ) ;
#7349 = CARTESIAN_POINT ( 'NONE',  ( -1.241590366368220621, 2.234787240296724153, 1.161411194760914700 ) ) ;
#7350 = CARTESIAN_POINT ( 'NONE',  ( -1.294814852196692012, 5.569868638982562459, -1.114352644816297699 ) ) ;
#7351 = ORIENTED_EDGE ( 'NONE', *, *, #4612, .F. ) ;
#7352 = AXIS2_PLACEMENT_3D ( 'NONE', #5465, #284, #3589 ) ;
#7353 = CARTESIAN_POINT ( 'NONE',  ( -4.409630270093162085E-16, 3.331249999044066712, 2.400490913332899545 ) ) ;
#7354 = CARTESIAN_POINT ( 'NONE',  ( -0.7776197947167047264, 0.000000000000000000, 1.604485981462395738 ) ) ;
#7355 = DIRECTION ( 'NONE',  ( 0.000000000000000000, -1.000000000000000000, 0.000000000000000000 ) ) ;
#7356 = ORIENTED_EDGE ( 'NONE', *, *, #287, .T. ) ;
#7357 = ORIENTED_EDGE ( 'NONE', *, *, #2897, .F. ) ;
#7358 = CARTESIAN_POINT ( 'NONE',  ( -1.379943160776450739, 3.479976789911467083, -0.9932585622250479362 ) ) ;
#7359 = CARTESIAN_POINT ( 'NONE',  ( 1.543135295736422830, 4.647793958899108624, -0.7135991768480784980 ) ) ;
#7360 = CARTESIAN_POINT ( 'NONE',  ( -0.5774726944944894580, 2.985395741954479654, 1.602292886840924524 ) ) ;
#7361 = CARTESIAN_POINT ( 'NONE',  ( -1.301340909471414786, 6.971309184144167226, -1.093857488985880533 ) ) ;
#7362 = CARTESIAN_POINT ( 'NONE',  ( -1.828495924098658243, 0.5020285514474224220, 0.4028744516685424659 ) ) ;
#7363 = CARTESIAN_POINT ( 'NONE',  ( -2.078886112500000216, 1.114583332377417912, 1.200245456666449106 ) ) ;
#7364 = CARTESIAN_POINT ( 'NONE',  ( -0.6146752138835888113, 8.582816280877485937, 1.584988191958222492 ) ) ;
#7365 = CARTESIAN_POINT ( 'NONE',  ( -1.628569957581487371, 4.918475659703090308, -0.4886369094951573122 ) ) ;
#7366 = CARTESIAN_POINT ( 'NONE',  ( 1.348183985777107852, 1.726480302657870114, 1.037131157099199452 ) ) ;
#7367 = CARTESIAN_POINT ( 'NONE',  ( -0.6298498210153780086, 6.218232160936560504, -1.579247174213026739 ) ) ;
#7368 = ORIENTED_EDGE ( 'NONE', *, *, #5337, .T. ) ;
#7369 = FACE_OUTER_BOUND ( 'NONE', #3037, .T. ) ;
#7370 = CARTESIAN_POINT ( 'NONE',  ( 1.682581267419232862, 3.215411602209895303, -0.2488945189855526485 ) ) ;
#7371 = CARTESIAN_POINT ( 'NONE',  ( -1.676426037704318528, 9.832353931161318172, -0.2830370080680536526 ) ) ;
#7372 = CARTESIAN_POINT ( 'NONE',  ( 0.8500000000000001998, 4.716666666666666785, -1.472243186433545459 ) ) ;
#7373 = CARTESIAN_POINT ( 'NONE',  ( 1.039443056249998776, 1.989583332377417690, 1.800368184999675325 ) ) ;
#7374 = DIRECTION ( 'NONE',  ( -0.7071067811865451302, 0.000000000000000000, -0.7071067811865500152 ) ) ;
#7375 = CARTESIAN_POINT ( 'NONE',  ( 0.8500000000000001998, 10.14166666475483503, -1.472243186433545459 ) ) ;
#7376 = CIRCLE ( 'NONE', #8066, 7.650000000000000355 ) ;
#7377 = CARTESIAN_POINT ( 'NONE',  ( 0.1415883415044846272, 8.634716435875249729, 1.694222579707983067 ) ) ;
#7378 = CARTESIAN_POINT ( 'NONE',  ( -0.5328348634920169191, 1.311560946967960994, -1.614373824321327477 ) ) ;
#7379 = CARTESIAN_POINT ( 'NONE',  ( -1.039443056250000996, 9.572916665710733852, 1.800368184999674215 ) ) ;
#7380 = ORIENTED_EDGE ( 'NONE', *, *, #5452, .F. ) ;
#7381 = CARTESIAN_POINT ( 'NONE',  ( 0.5294324710440080350, 6.138544106892980246, -1.615896355519652383 ) ) ;
#7382 = CARTESIAN_POINT ( 'NONE',  ( -0.7145768729370671757, 4.375962376882528204, 1.542587594433500353 ) ) ;
#7383 = CARTESIAN_POINT ( 'NONE',  ( 2.078886112500000216, 3.418749999044083943, 0.000000000000000000 ) ) ;
#7384 = CARTESIAN_POINT ( 'NONE',  ( 0.9212535498504096365, 7.511639771385883790, -1.428762970126824072 ) ) ;
#7385 = EDGE_CURVE ( 'NONE', #1161, #7941, #5709, .T. ) ;
#7387 = CARTESIAN_POINT ( 'NONE',  ( 4.999999999999848121, 8.000000000000000000, -2.291287847478249429 ) ) ;
#7386 = CARTESIAN_POINT ( 'NONE',  ( 0.000000000000000000, 0.000000000000000000, 0.000000000000000000 ) ) ;
#7388 = CARTESIAN_POINT ( 'NONE',  ( 2.078886112499999328, 9.747916665710750550, 1.200245456666450661 ) ) ;
#7389 = CARTESIAN_POINT ( 'NONE',  ( 1.699999999999999956, 5.124999998088168418, 0.000000000000000000 ) ) ;
#7390 = DIRECTION ( 'NONE',  ( 0.7071067811865563435, 0.000000000000000000, -0.7071067811865388020 ) ) ;
#7391 = B_SPLINE_CURVE_WITH_KNOTS ( 'NONE', 3,
 ( #7804, #6510, #550, #3818, #2553, #4555, #7199, #1242, #3898, #8573, #6551, #3245, #8532, #7886, #1943, #4600, #7238, #1281, #3937, #6591, #7923, #810, #8055, #6634, #4684, #2815, #2679, #6028, #4070, #5985, #3330, #2720, #7365, #7319, #855, #2024, #1463, #6767, #25, #5332, #2113, #7962, #1371, #6723, #4775, #8005, #675, #4026, #3506, #6679, #4116, #7410, #4159, #4817, #5377, #2858, #721, #3463, #3374, #2201, #72, #4860, #769, #6121, #3420, #164, #5471, #8098, #2153, #7455, #2066, #1505, #6810, #4730, #6161, #6073, #1418, #117, #3980, #2771, #5427, #206, #5513, #8142 ),
 .UNSPECIFIED., .F., .F.,
 ( 4, 2, 2, 2, 2, 1, 2, 2, 2, 2, 1, 2, 2, 2, 2, 2, 2, 2, 2, 2, 1, 1, 2, 2, 2, 2, 2, 2, 2, 2, 2, 2, 1, 2, 2, 1, 1, 1, 2, 1, 1, 2, 2, 2, 2, 2, 4 ),
 ( 0.4775061607315239098, 0.4796776692613287096, 0.4807634235262311373, 0.4808991428093439269, 0.4810348620924567165, 0.4813063006586823511, 0.4818491777911335650, 0.4840206863209383648, 0.4842921248871639994, 0.4844278441702767890, 0.4845635634533896341, 0.4851064405858407924, 0.4861921948507432756, 0.4872779491156457032, 0.4878208262480969171, 0.4883637033805481309, 0.4905352119103529862, 0.4916209661752554139, 0.4921638433077066277, 0.4922995625908194728, 0.4924352818739322624, 0.4927067204401578970, 0.4937924747050603802, 0.4948782289699628079, 0.4959639832348652910, 0.4965068603673165049, 0.4970497374997677742, 0.4992212460295726850, 0.4997641231620239544, 0.5003070002944751682, 0.5013927545593775958, 0.5035642630891825622, 0.5038357016554081413, 0.5039035612969645639, 0.5039714209385209864, 0.5041071402216337205, 0.5046500173540849898, 0.5057357716189873065, 0.5068215258838897341, 0.5073644030163408924, 0.5076358415825664716, 0.5077715608656792057, 0.5079072801487920508, 0.5100787886785967951, 0.5111645429434992227, 0.5117074200759503810, 0.5122502972084015394 ),
 .UNSPECIFIED. ) ;
#7392 = CARTESIAN_POINT ( 'NONE',  ( 0.000000000000000000, 8.000000000000000000, 0.000000000000000000 ) ) ;
#7393 = CARTESIAN_POINT ( 'NONE',  ( -1.039443056249994113, 8.552083332377412361, -1.800368184999665333 ) ) ;
#7394 = CARTESIAN_POINT ( 'NONE',  ( 1.065492294026906928, 0.1562918941372183623, 1.324723144218067583 ) ) ;
#7395 = CARTESIAN_POINT ( 'NONE',  ( -1.699265452513919028, 5.642938214432880351, -0.1191374274999557892 ) ) ;
#7396 = ORIENTED_EDGE ( 'NONE', *, *, #752, .F. ) ;
#7397 = CARTESIAN_POINT ( 'NONE',  ( -4.409630270093162085E-16, 1.231249999044067289, 2.400490913332899545 ) ) ;
#7398 = CARTESIAN_POINT ( 'NONE',  ( 1.678481035838431001, 0.000000000000000000, 1.180903299805050155 ) ) ;
#7399 = FACE_OUTER_BOUND ( 'NONE', #5284, .T. ) ;
#7400 = ORIENTED_EDGE ( 'NONE', *, *, #2596, .F. ) ;
#7401 = ORIENTED_EDGE ( 'NONE', *, *, #913, .T. ) ;
#7402 = CARTESIAN_POINT ( 'NONE',  ( -0.7936378900879742515, 3.670534662577417784, 1.503405132683679479 ) ) ;
#7403 = CARTESIAN_POINT ( 'NONE',  ( 0.7435670906972174921, 0.9760289621781994551, 1.528799990664956976 ) ) ;
#7404 = CARTESIAN_POINT ( 'NONE',  ( 0.000000000000000000, 7.500000000000000000, 0.000000000000000000 ) ) ;
#7405 = CARTESIAN_POINT ( 'NONE',  ( 1.669074745506397672, 5.320633184474596433, -0.3318591410894845550 ) ) ;
#7406 = CARTESIAN_POINT ( 'NONE',  ( -1.015667116769874978, 6.945558030373146785, -1.363267591319109018 ) ) ;
#7407 = CARTESIAN_POINT ( 'NONE',  ( 1.211182396929360250, 0.5042022800666684512, 0.03344047345934281906 ) ) ;
#7408 = CARTESIAN_POINT ( 'NONE',  ( -2.078886112499999772, 10.01041666571075162, -1.200245456666450439 ) ) ;
#7409 = CARTESIAN_POINT ( 'NONE',  ( 1.125378120292555018, 6.604544679780629757, 1.274490072016692954 ) ) ;
#7410 = CARTESIAN_POINT ( 'NONE',  ( -1.584357984957478482, 4.990656571958828280, 0.6173027565941774375 ) ) ;
#7411 = CARTESIAN_POINT ( 'NONE',  ( 1.173005925691228191, 1.708780878910183043, 1.230532298803834301 ) ) ;
#7412 = TOROIDAL_SURFACE ( 'NONE', #7134, 8.299999999999998934, 1.000000000000000000 ) ;
#7413 = CARTESIAN_POINT ( 'NONE',  ( -1.238385957314375396, 6.435212572752918803, 1.168011441625920410 ) ) ;
#7414 = ORIENTED_EDGE ( 'NONE', *, *, #1395, .F. ) ;
#7415 = EDGE_CURVE ( 'NONE', #4017, #6708, #8379, .T. ) ;
#7416 = DIRECTION ( 'NONE',  ( 0.000000000000000000, -0.000000000000000000, -1.000000000000000000 ) ) ;
#7417 = CARTESIAN_POINT ( 'NONE',  ( 0.2114779727454470515, 3.360487813062373430, -1.686829266768008928 ) ) ;
#7418 = CARTESIAN_POINT ( 'NONE',  ( -0.6995494941227951013, 9.722769453782103000, -1.552804201205723711 ) ) ;
#7419 = CARTESIAN_POINT ( 'NONE',  ( 0.8500000000000001998, 4.016666666666666607, -1.472243186433545459 ) ) ;
#7420 = CARTESIAN_POINT ( 'NONE',  ( 1.039443056249998776, 3.389583332377417602, 1.800368184999675325 ) ) ;
#7421 = CARTESIAN_POINT ( 'NONE',  ( -1.699999999999999956, 6.874999998088169306, -2.081899558550500280E-16 ) ) ;
#7422 = DIRECTION ( 'NONE',  ( 0.7071067811865563435, 0.000000000000000000, -0.7071067811865388020 ) ) ;
#7423 = CIRCLE ( 'NONE', #3046, 0.2000000000000005107 ) ;
#7424 = CARTESIAN_POINT ( 'NONE',  ( 1.664885448130692502, 8.778193534638988993, 0.3466168358717716114 ) ) ;
#7425 = CARTESIAN_POINT ( 'NONE',  ( -0.6069865240862771794, 1.316655956127733340, -1.588205140713835339 ) ) ;
#7426 = ORIENTED_EDGE ( 'NONE', *, *, #3257, .T. ) ;
#7427 = CARTESIAN_POINT ( 'NONE',  ( 4.027325123107964089, 4.978965517241379146, -4.027325123107939220 ) ) ;
#7428 = CARTESIAN_POINT ( 'NONE',  ( -0.2799225651649129842, 4.405818798193352315, 1.678079466608316084 ) ) ;
#7429 = CARTESIAN_POINT ( 'NONE',  ( 1.039443056250000330, 4.235416665710751261, -1.800368184999674215 ) ) ;
#7430 = FACE_OUTER_BOUND ( 'NONE', #2070, .T. ) ;
#7432 = LINE ( 'NONE', #3885, #5134 ) ;
#7431 =( NAMED_UNIT ( * ) PLANE_ANGLE_UNIT ( ) SI_UNIT ( $, .RADIAN. ) );
#7433 = CARTESIAN_POINT ( 'NONE',  ( 2.078886112499999328, 9.047916665710751261, 1.200245456666450661 ) ) ;
#7434 = B_SPLINE_CURVE_WITH_KNOTS ( 'NONE', 3,
 ( #3131, #2478, #7891, #3865, #1949, #3823 ),
 .UNSPECIFIED., .F., .F.,
 ( 4, 2, 4 ),
 ( 0.000000000000000000, 0.0003953464452561770677, 0.0007906928905123541355 ),
 .UNSPECIFIED. ) ;
#7435 = CARTESIAN_POINT ( 'NONE',  ( 4.433344562587840265, 2.048942590553171961, -2.312024219028176120 ) ) ;
#7436 = CARTESIAN_POINT ( 'NONE',  ( 0.000000000000000000, -5.000000000000000000, 9.299999999999998934 ) ) ;
#7437 = DIRECTION ( 'NONE',  ( 0.000000000000000000, 0.000000000000000000, -1.000000000000000000 ) ) ;
#7438 = EDGE_CURVE ( 'NONE', #2828, #6800, #659, .T. ) ;
#7439 = CARTESIAN_POINT ( 'NONE',  ( 1.382549761256270937, 0.3120816653686448450, -0.9914931087400765675 ) ) ;
#7440 = CARTESIAN_POINT ( 'NONE',  ( -1.311179999660393225, 5.728060967989831553, 1.090237986871879894 ) ) ;
#7441 = EDGE_LOOP ( 'NONE', ( #2092, #7231, #8261, #6867, #8462, #1112 ) ) ;
#7442 = CARTESIAN_POINT ( 'NONE',  ( 2.078886112500000216, 2.864583332377401703, -1.200245456666449329 ) ) ;
#7443 = CARTESIAN_POINT ( 'NONE',  ( 0.9575333990070042933, 0.000000000000000000, 1.714131051130586059 ) ) ;
#7444 = CARTESIAN_POINT ( 'NONE',  ( 2.847419838194332531, 3.008506057664685596, 7.100900871338162723 ) ) ;
#7445 = EDGE_LOOP ( 'NONE', ( #8442, #3226, #1235, #2712 ) ) ;
#7446 = CARTESIAN_POINT ( 'NONE',  ( -0.9321373431492455675, 3.660733708849386758, 1.423022491753386465 ) ) ;
#7447 = CARTESIAN_POINT ( 'NONE',  ( 0.2227071355955979881, 0.9402829772452958590, 1.685427826119718198 ) ) ;
#7448 = CARTESIAN_POINT ( 'NONE',  ( 0.8500000000000001998, 6.641666664754835026, -1.472243186433545459 ) ) ;
#7449 = CARTESIAN_POINT ( 'NONE',  ( 0.8230756617473643511, 5.181584174638482310, 1.491485454750723472 ) ) ;
#7450 = CARTESIAN_POINT ( 'NONE',  ( -1.036850819638232224, 7.152927754429754259, 1.350935308568074866 ) ) ;
#7451 = EDGE_CURVE ( 'NONE', #3520, #1132, #5673, .T. ) ;
#7452 = CARTESIAN_POINT ( 'NONE',  ( 0.05354453224747000167, 0.5034614338020487745, -1.514310706735693346 ) ) ;
#7453 = CARTESIAN_POINT ( 'NONE',  ( -2.078886112499999772, 0.9979166657107509941, -1.200245456666450439 ) ) ;
#7454 = CARTESIAN_POINT ( 'NONE',  ( 1.150791506184472901, 6.606792166480807360, 1.251502710799221818 ) ) ;
#7455 = CARTESIAN_POINT ( 'NONE',  ( -0.8083432645356408708, 5.069758889573804161, 1.495763775863699019 ) ) ;
#7456 = CARTESIAN_POINT ( 'NONE',  ( 2.081899558550500280E-16, 10.19999999999999929, 1.699999999999999956 ) ) ;
#7457 = AXIS2_PLACEMENT_3D ( 'NONE', #959, #3652, #2305 ) ;
#7458 = ADVANCED_FACE ( 'NONE', ( #6404 ), #524, .T. ) ;
#7459 = ORIENTED_EDGE ( 'NONE', *, *, #5622, .T. ) ;
#7460 = CARTESIAN_POINT ( 'NONE',  ( -1.196734499562407406, 0.2686575965355549322, -1.704882881278978246 ) ) ;
#7461 = DIRECTION ( 'NONE',  ( 0.000000000000000000, 0.000000000000000000, 1.000000000000000000 ) ) ;
#7462 = CARTESIAN_POINT ( 'NONE',  ( -1.301843762937012983, 9.771321649562219491, -1.094515652258372995 ) ) ;
#7463 = VECTOR ( 'NONE', #4080, 1000.000000000000227 ) ;
#7464 = CARTESIAN_POINT ( 'NONE',  ( 1.699999999999999956, 2.500000000000000000, 0.000000000000000000 ) ) ;
#7465 = CARTESIAN_POINT ( 'NONE',  ( 2.078886112499999772, 1.464583332377418001, -1.200245456666449329 ) ) ;
#7466 = CARTESIAN_POINT ( 'NONE',  ( -0.4555135732097291834, 7.018739262671814139, 1.700000031132562039 ) ) ;
#7467 = CARTESIAN_POINT ( 'NONE',  ( 2.078886112500000216, -0.08125000095591551619, 0.000000000000000000 ) ) ;
#7468 = CARTESIAN_POINT ( 'NONE',  ( 1.685007649340063640, 8.785996498695183732, 0.2262654532779768690 ) ) ;
#7469 = CARTESIAN_POINT ( 'NONE',  ( -0.2781229534513984247, 1.294036047727968652, -1.680530144358582723 ) ) ;
#7470 = VERTEX_POINT ( 'NONE', #3619 ) ;
#7471 = VERTEX_POINT ( 'NONE', #317 ) ;
#7472 = CARTESIAN_POINT ( 'NONE',  ( 0.8910776801235044120, 9.613837488212931603, -1.448005214782033256 ) ) ;
#7473 = CARTESIAN_POINT ( 'NONE',  ( -1.571353338815097977, 4.206828286644285875, -0.6512264121036092090 ) ) ;
#7474 = AXIS2_PLACEMENT_3D ( 'NONE', #2011, #2583, #4502 ) ;
#7475 = CARTESIAN_POINT ( 'NONE',  ( 2.078886112499999328, 3.360416665710751261, 1.200245456666450661 ) ) ;
#7476 = CARTESIAN_POINT ( 'NONE',  ( 1.565372493445053470, 7.444356006304269080, -0.6678621663075446913 ) ) ;
#7477 = CARTESIAN_POINT ( 'NONE',  ( 1.332626228084156095, 9.424230592499236892, 1.061671517395946340 ) ) ;
#7478 = CARTESIAN_POINT ( 'NONE',  ( -4.409630270093162085E-16, 1.276358535790040438, 2.400490913332899545 ) ) ;
#7479 = CARTESIAN_POINT ( 'NONE',  ( -3.018470195263256439, 3.000000000000000000, -7.029319859012494121 ) ) ;
#7480 = CARTESIAN_POINT ( 'NONE',  ( -2.016783930111425427, 10.19999999999999574, 0.1940572898694180037 ) ) ;
#7481 = CARTESIAN_POINT ( 'NONE',  ( -3.976120838953064673, 3.090000000000000746, -3.976120838953062009 ) ) ;
#7482 = CARTESIAN_POINT ( 'NONE',  ( 0.1590514446013901184, 0.3984435923313801031, -1.699999262828255642 ) ) ;
#7483 = CARTESIAN_POINT ( 'NONE',  ( -1.648695968889068109, 5.677774178895401924, 0.4384125538125662747 ) ) ;
#7484 = B_SPLINE_CURVE_WITH_KNOTS ( 'NONE', 3,
 ( #5809, #6339, #2464, #378, #6383, #1767, #1726, #5689, #3768, #3811, #8443, #8319, #2505, #7068, #4380, #2382, #5161, #6503, #7027, #543, #3724, #501, #1685, #1812, #1070, #4337, #8358, #2547, #3202, #1030, #6463, #5850, #7798, #2423, #5081, #7712, #1852, #7633, #6988, #1113, #459, #3120, #5769, #8400, #4466, #5121, #7756, #7108, #1152, #3239, #1275, #3931, #5242, #65, #7359, #6716, #4724, #4020, #4678, #1892, #6584, #7879, #2714, #622, #763, #582, #19, #5890, #6068, #4549, #7917, #8526, #6545, #2673, #110, #7838, #5932, #3891, #1316, #5324, #2587, #2058, #6673, #3368, #1937, #5286, #1364, #3279, #4594, #669, #715, #6022 ),
 .UNSPECIFIED., .F., .F.,
 ( 4, 2, 2, 2, 2, 2, 2, 2, 1, 2, 1, 2, 2, 2, 2, 2, 2, 1, 2, 2, 1, 2, 2, 1, 1, 2, 2, 2, 2, 2, 2, 2, 2, 2, 2, 1, 1, 2, 2, 2, 2, 2, 1, 2, 2, 2, 2, 2, 1, 2, 4 ),
 ( 0.4423569589466143093, 0.4445537840581710309, 0.4456521966139494473, 0.4467506091697278081, 0.4478490217255061689, 0.4483982280033953494, 0.4485355295728676306, 0.4486728311423399673, 0.4489474342812845298, 0.4500458468370629461, 0.4505950531149521265, 0.4508696562538966890, 0.4510069578233690257, 0.4511442593928413070, 0.4533410845043981396, 0.4544394970601765005, 0.4549887033380657364, 0.4552633064770102989, 0.4553319572617464672, 0.4554006080464826356, 0.4555379096159549168, 0.4599315598390686377, 0.4610299723948470541, 0.4615791786727362345, 0.4618537818116808524, 0.4619910833811531892, 0.4620597341658893020, 0.4621283849506254704, 0.4643252100621824141, 0.4648744163400716500, 0.4651490194790162680, 0.4654236226179608860, 0.4665220351737393023, 0.4687188602852962460, 0.4688561618547685272, 0.4689934634242408640, 0.4692680665631854819, 0.4698172728410747179, 0.4709156853968531342, 0.4720140979526316061, 0.4725633042305207865, 0.4727006057999931232, 0.4728379073694654045, 0.4731125105084100224, 0.4753093356199669661, 0.4764077481757454380, 0.4765450497452177747, 0.4766137005299538876, 0.4766823513146900559, 0.4769569544536346739, 0.4775061607315239098 ),
 .UNSPECIFIED. ) ;
#7485 = CARTESIAN_POINT ( 'NONE',  ( 2.078886112500000216, 2.806249999044067245, 0.000000000000000000 ) ) ;
#7486 = EDGE_CURVE ( 'NONE', #3478, #6502, #4789, .T. ) ;
#7487 = CARTESIAN_POINT ( 'NONE',  ( -1.087095873872460983, 0.000000000000000000, 1.358242536911952403 ) ) ;
#7488 = CARTESIAN_POINT ( 'NONE',  ( -0.4555126005465944816, 8.831260666753131261, -1.700000592699884461 ) ) ;
#7489 = ORIENTED_EDGE ( 'NONE', *, *, #4316, .F. ) ;
#7490 = CARTESIAN_POINT ( 'NONE',  ( -4.409630270093162085E-16, 9.631249999044083410, 2.400490913332899545 ) ) ;
#7491 = AXIS2_PLACEMENT_3D ( 'NONE', #6495, #1146, #2498 ) ;
#7492 = CARTESIAN_POINT ( 'NONE',  ( 7.296724953260060431, 8.000000000000000000, 2.297891415291850148 ) ) ;
#7493 =( BOUNDED_CURVE ( )  B_SPLINE_CURVE ( 2, ( #4850, #7488, #4805, #1582, #2893, #4060, #884, #6110, #6711 ),
 .UNSPECIFIED., .F., .F. ) 
 B_SPLINE_CURVE_WITH_KNOTS ( ( 3, 2, 2, 2, 3 ),
 ( 0.8431455612909648512, 0.8484483765194829052, 0.8590539812259763153, 0.8696595859324698363, 0.8749623850338509312 ),
 .UNSPECIFIED. ) 
 CURVE ( )  GEOMETRIC_REPRESENTATION_ITEM ( )  RATIONAL_B_SPLINE_CURVE ( ( 0.9330127018926142046, 0.9330125392462121914, 1.000000000000000000, 0.8660254037844387076, 1.000000000000000000, 0.8660254037844387076, 1.000000000000000000, 0.9330127429711971843, 0.9330127018922445004 ) ) 
 REPRESENTATION_ITEM ( '' )  );
#7494 = LINE ( 'NONE', #2236, #4315 ) ;
#7495 = CARTESIAN_POINT ( 'NONE',  ( 1.572884545380095478, 5.257083469966033817, 0.6474167477259090697 ) ) ;
#7496 = CARTESIAN_POINT ( 'NONE',  ( -0.3487162263393123185, 7.201108288457098716, 1.664920165630078719 ) ) ;
#7497 = CARTESIAN_POINT ( 'NONE',  ( -0.7656144126132786720, 0.5023065631970083933, -1.426276920788596803 ) ) ;
#7498 = CARTESIAN_POINT ( 'NONE',  ( 2.078886112499999328, 2.747916665710751438, 1.200245456666450661 ) ) ;
#7499 = CARTESIAN_POINT ( 'NONE',  ( 1.678242282300234312, 6.683117642717274265, 0.2714934391744246445 ) ) ;
#7500 = CARTESIAN_POINT ( 'NONE',  ( 1.040181480729736263, 7.997419424859177894, 1.344637828240046185 ) ) ;
#7501 = FACE_OUTER_BOUND ( 'NONE', #565, .T. ) ;
#7502 = ORIENTED_EDGE ( 'NONE', *, *, #7869, .F. ) ;
#7503 = FACE_OUTER_BOUND ( 'NONE', #760, .T. ) ;
#7504 = CARTESIAN_POINT ( 'NONE',  ( 1.697689579979390295, 3.205582736125884402, -0.09256432578229176200 ) ) ;
#7505 = CARTESIAN_POINT ( 'NONE',  ( 0.000000000000000000, 10.19999999999999929, 0.000000000000000000 ) ) ;
#7506 = CARTESIAN_POINT ( 'NONE',  ( 1.699999999999999956, 4.599999999999999645, 0.000000000000000000 ) ) ;
#7507 = CARTESIAN_POINT ( 'NONE',  ( 1.469876756697720448E-16, 0.8812499990440845199, -2.400490913332899545 ) ) ;
#7508 = CARTESIAN_POINT ( 'NONE',  ( -7.138355639750679771, 3.000000000000000000, -2.750705138767092883 ) ) ;
#7509 = CARTESIAN_POINT ( 'NONE',  ( -4.409630270093162085E-16, 1.843749999044084875, 2.400490913332899545 ) ) ;
#7510 = EDGE_CURVE ( 'NONE', #3364, #5808, #604, .T. ) ;
#7511 = CARTESIAN_POINT ( 'NONE',  ( 1.279669218975900913, 8.881007243910147508, -1.119220184034078525 ) ) ;
#7512 = CARTESIAN_POINT ( 'NONE',  ( -0.5754450947523751525, 1.314491271804188788, -1.599646429922358948 ) ) ;
#7513 = EDGE_CURVE ( 'NONE', #4949, #4847, #254, .T. ) ;
#7514 = ORIENTED_EDGE ( 'NONE', *, *, #4747, .T. ) ;
#7515 = ORIENTED_EDGE ( 'NONE', *, *, #4653, .F. ) ;
#7516 = DIRECTION ( 'NONE',  ( -0.000000000000000000, 1.000000000000000000, -0.000000000000000000 ) ) ;
#7517 = CARTESIAN_POINT ( 'NONE',  ( -3.842231991226749805E-07, 4.424994367994465883, 1.699999999999913358 ) ) ;
#7518 = CARTESIAN_POINT ( 'NONE',  ( 1.469876756697720448E-16, 5.693749999044084298, -2.400490913332899545 ) ) ;
#7519 = CARTESIAN_POINT ( 'NONE',  ( 0.9354433823584774599, 7.510600058786531363, -1.419513087759087133 ) ) ;
#7521 = CARTESIAN_POINT ( 'NONE',  ( 1.023164193542273726, 9.396073763397406964, 1.357892731649990914 ) ) ;
#7520 = DIRECTION ( 'NONE',  ( -0.7071067811865403563, 1.082467449009526863E-16, -0.7071067811865547892 ) ) ;
#7522 = CARTESIAN_POINT ( 'NONE',  ( -1.039443056249999664, -0.4153081308766264912, -1.800368184999674437 ) ) ;
#7523 = ORIENTED_EDGE ( 'NONE', *, *, #1911, .F. ) ;
#7524 = ADVANCED_FACE ( 'NONE', ( #6609 ), #2654, .T. ) ;
#7525 = CARTESIAN_POINT ( 'NONE',  ( -1.700000000000000400, 6.233333331421502699, 0.9814954576223630101 ) ) ;
#7526 = CARTESIAN_POINT ( 'NONE',  ( -0.6234175525340145407, 10.19999999999999751, -1.665226387871763913 ) ) ;
#7527 = CARTESIAN_POINT ( 'NONE',  ( -2.078886112499990002, 10.12708333237740987, 1.200245456666443111 ) ) ;
#7528 = CARTESIAN_POINT ( 'NONE',  ( -0.2265111462667079856, 2.309454538695046466, 1.685081280422486172 ) ) ;
#7529 = CARTESIAN_POINT ( 'NONE',  ( -1.542511641805835332, 5.697943956229437390, 0.7157365505641228864 ) ) ;
#7530 = CARTESIAN_POINT ( 'NONE',  ( -2.078886112500001104, 6.714583332377400460, 1.200245456666448884 ) ) ;
#7531 = CARTESIAN_POINT ( 'NONE',  ( -0.6792429701131370567, 0.000000000000000000, 1.661538217855941912 ) ) ;
#7532 = DIRECTION ( 'NONE',  ( -0.000000000000000000, -1.000000000000000000, -0.000000000000000000 ) ) ;
#7533 = ORIENTED_EDGE ( 'NONE', *, *, #1031, .F. ) ;
#7534 = CARTESIAN_POINT ( 'NONE',  ( -1.039443056250000996, 9.572916665710751616, 1.800368184999674215 ) ) ;
#7535 = CARTESIAN_POINT ( 'NONE',  ( 0.000000000000000000, 12.00000000000000000, 0.000000000000000000 ) ) ;
#7536 = FACE_OUTER_BOUND ( 'NONE', #3322, .T. ) ;
#7537 = CARTESIAN_POINT ( 'NONE',  ( 0.6737479382369626624, 5.428743369804545083, -1.560804428555556900 ) ) ;
#7538 = CARTESIAN_POINT ( 'NONE',  ( 2.078886112499989114, 2.018749999044078702, 0.000000000000000000 ) ) ;
#7539 = CARTESIAN_POINT ( 'NONE',  ( -0.2231020099620322217, 0.5032254257296933098, -1.535754116253392532 ) ) ;
#7540 = CARTESIAN_POINT ( 'NONE',  ( 1.469876756697720448E-16, 2.981249999044084387, -2.400490913332899545 ) ) ;
#7541 = CARTESIAN_POINT ( 'NONE',  ( 1.693077376323782746, 6.690229029696821428, 0.1603861425618549330 ) ) ;
#7542 = CARTESIAN_POINT ( 'NONE',  ( -0.4555199719713658446, 8.418738823541113803, 1.699996336805808861 ) ) ;
#7543 = CARTESIAN_POINT ( 'NONE',  ( 1.547672156468903326, 1.847047003502897411, -0.7036417750191760190 ) ) ;
#7544 = ORIENTED_EDGE ( 'NONE', *, *, #3261, .T. ) ;
#7545 = AXIS2_PLACEMENT_3D ( 'NONE', #903, #5645, #5563 ) ;
#7546 = CARTESIAN_POINT ( 'NONE',  ( -2.080514687121988171, 0.3733346427965187897, 0.1264569491243575650 ) ) ;
#7547 = CARTESIAN_POINT ( 'NONE',  ( -0.8960353118420741891, 3.436502916624125437, -1.445456560944429869 ) ) ;
#7548 = CARTESIAN_POINT ( 'NONE',  ( -1.441399232742763603, 9.912475098573956700, 0.9015411712785336151 ) ) ;
#7549 = AXIS2_PLACEMENT_3D ( 'NONE', #3852, #4509, #7150 ) ;
#7550 = CARTESIAN_POINT ( 'NONE',  ( 0.8500000000000001998, 6.116666666666667140, -1.472243186433545459 ) ) ;
#7551 = CARTESIAN_POINT ( 'NONE',  ( 2.078886112499999328, 0.6479166657107510163, 1.200245456666450661 ) ) ;
#7552 = CARTESIAN_POINT ( 'NONE',  ( -1.700000000000000400, 1.333333331421502121, 0.9814954576223630101 ) ) ;
#7553 = CARTESIAN_POINT ( 'NONE',  ( 1.039443056250000330, 3.535416665710750639, -1.800368184999674215 ) ) ;
#7554 = CARTESIAN_POINT ( 'NONE',  ( 1.438858181650741086, 8.737194672655217431, 0.9056017827267760500 ) ) ;
#7555 = CARTESIAN_POINT ( 'NONE',  ( -1.243178541333958442, 1.365208020521183174, -1.163668759202650005 ) ) ;
#7556 = ORIENTED_EDGE ( 'NONE', *, *, #3158, .T. ) ;
#7557 = ORIENTED_EDGE ( 'NONE', *, *, #1669, .T. ) ;
#7558 = CYLINDRICAL_SURFACE ( 'NONE', #4161, 1.699999999999999956 ) ;
#7559 = EDGE_CURVE ( 'NONE', #2775, #4709, #6492, .T. ) ;
#7560 = CARTESIAN_POINT ( 'NONE',  ( 1.201985270554894323E-16, 6.699999998088168596, -1.962990915244727130 ) ) ;
#7561 = CARTESIAN_POINT ( 'NONE',  ( 2.078886112499999772, 7.677083332377417690, -1.200245456666449329 ) ) ;
#7562 = CARTESIAN_POINT ( 'NONE',  ( -1.552161329306546600, 0.7037147790777914524, -0.6934229042382336061 ) ) ;
#7563 = DIRECTION ( 'NONE',  ( 0.6936187941687647074, -0.000000000000000000, -0.7203422578024066825 ) ) ;
#7564 = CARTESIAN_POINT ( 'NONE',  ( 1.039443056250000330, 4.368025202456705891, -1.800368184999674215 ) ) ;
#7565 = ORIENTED_EDGE ( 'NONE', *, *, #8039, .F. ) ;
#7566 = DIRECTION ( 'NONE',  ( -0.000000000000000000, -1.000000000000000000, -0.000000000000000000 ) ) ;
#7567 = CARTESIAN_POINT ( 'NONE',  ( -0.01388688045967204597, 0.4093198174236628017, -1.699957066913587944 ) ) ;
#7568 = DIRECTION ( 'NONE',  ( 1.000000000000000000, -0.000000000000000000, 1.224646799147353207E-16 ) ) ;
#7569 = CARTESIAN_POINT ( 'NONE',  ( 1.235368801409480133, 0.1699638410829145407, 1.176412041035748812 ) ) ;
#7570 = LINE ( 'NONE', #5626, #5951 ) ;
#7571 = CARTESIAN_POINT ( 'NONE',  ( -1.039443056250000996, 6.772916665710733142, 1.800368184999674215 ) ) ;
#7572 = CARTESIAN_POINT ( 'NONE',  ( 0.6396153904337009699, -8.673617379884035472E-16, 3.055252426459898807 ) ) ;
#7573 = CARTESIAN_POINT ( 'NONE',  ( 1.644759716044939202, 5.972499986582159970, 0.4304404284089919930 ) ) ;
#7574 = ORIENTED_EDGE ( 'NONE', *, *, #5270, .F. ) ;
#7575 = CARTESIAN_POINT ( 'NONE',  ( 2.078886112499999328, 9.747916665710750550, 1.200245456666450661 ) ) ;
#7576 = LINE ( 'NONE', #2235, #601 ) ;
#7577 = CARTESIAN_POINT ( 'NONE',  ( 3.539756076648450507E-07, 7.750005188256396949, 1.699999999999926459 ) ) ;
#7578 = CARTESIAN_POINT ( 'NONE',  ( 0.4941172604403524238, 5.158909951761022405, 1.626663873711820862 ) ) ;
#7579 = CARTESIAN_POINT ( 'NONE',  ( -4.409630270093139405E-16, 0.4437499990440783026, 2.400490913332886667 ) ) ;
#7580 = CARTESIAN_POINT ( 'NONE',  ( -1.221701642560882650, 0.5016136275194515992, 1.592320611594830737 ) ) ;
#7581 = CARTESIAN_POINT ( 'NONE',  ( -1.535746290768383204, 0.5019788097358789392, 1.212642648796058431 ) ) ;
#7582 = CARTESIAN_POINT ( 'NONE',  ( -2.078886112500000216, 3.914583332377417069, 1.200245456666449106 ) ) ;
#7583 = CARTESIAN_POINT ( 'NONE',  ( 1.685822190457953118, 6.713638247678339610, -0.2212386265936169827 ) ) ;
#7584 = DIRECTION ( 'NONE',  ( -0.7071067811865453523, 5.273559366969486541E-17, -0.7071067811865497932 ) ) ;
#7585 = CARTESIAN_POINT ( 'NONE',  ( 0.1866137135414779047, 1.962193294302834845, -1.689746802801081804 ) ) ;
#7586 = EDGE_LOOP ( 'NONE', ( #2761, #3796 ) ) ;
#7587 = CARTESIAN_POINT ( 'NONE',  ( 0.9279288329039155903, 0.1589009533640884653, -1.872270860140931914 ) ) ;
#7588 = CARTESIAN_POINT ( 'NONE',  ( -0.9401494686960739644, 9.960252999031942167, 1.416377633775822042 ) ) ;
#7589 = CARTESIAN_POINT ( 'NONE',  ( -1.699999999999999956, 5.649999999999999467, -2.081899558550500280E-16 ) ) ;
#7590 = CARTESIAN_POINT ( 'NONE',  ( 1.469876756697720448E-16, 5.781249999044083765, -2.400490913332899545 ) ) ;
#7591 = DIRECTION ( 'NONE',  ( -0.000000000000000000, 1.000000000000000000, -0.000000000000000000 ) ) ;
#7592 = CARTESIAN_POINT ( 'NONE',  ( 2.078886112499999772, 2.777083332377417779, -1.200245456666449329 ) ) ;
#7593 = CARTESIAN_POINT ( 'NONE',  ( 1.688024593497556625, 8.787458936544529919, 0.2030554115098736900 ) ) ;
#7594 = CARTESIAN_POINT ( 'NONE',  ( -0.3835218669188974472, 1.598667771063776000, 1.657129482855934199 ) ) ;
#7595 = ORIENTED_EDGE ( 'NONE', *, *, #1918, .F. ) ;
#7596 = B_SPLINE_CURVE_WITH_KNOTS ( 'NONE', 3,
 ( #8012, #2207, #2072, #4736, #4904, #6902, #7547, #2247, #1597, #4251, #6627, #6672, #4723, #1452, #2713, #7358, #198, #6758, #668, #4063, #155, #4767, #2807, #6714, #714, #17, #6112, #5463, #3366, #6021, #8090, #1496, #4152, #801, #2144, #6153, #3454, #4677, #2849, #4807, #64, #3323, #5978, #1410, #5323, #847, #109, #2763, #3497, #762, #3413, #6801, #6067, #5420, #8047, #2672, #2104, #7446, #7955, #2017, #7402, #5370, #7997, #7312, #4107, #5505, #1974, #4631, #7269, #1315, #3973, #1363, #4019, #2057, #2202, #6162, #4901 ),
 .UNSPECIFIED., .F., .F.,
 ( 4, 2, 2, 2, 2, 2, 2, 2, 2, 2, 1, 2, 2, 1, 2, 2, 1, 2, 2, 2, 2, 2, 1, 2, 2, 2, 2, 2, 2, 2, 2, 2, 2, 2, 1, 1, 2, 2, 2, 2, 1, 4 ),
 ( 0.3375206145048142425, 0.3418954538873353877, 0.3429891637329657295, 0.3440828735785960157, 0.3462702932698565883, 0.3473640031154868746, 0.3476374305768944462, 0.3479108580383020177, 0.3484577129611171609, 0.3506451326523777334, 0.3511919875751929321, 0.3514654150366005037, 0.3516021287673042894, 0.3517388424980080752, 0.3528325523436383060, 0.3550199720348988786, 0.3552933994963064501, 0.3554301132270102359, 0.3555668269577139662, 0.3561136818805291093, 0.3572073917261593956, 0.3583011015717896264, 0.3588479564946047695, 0.3591213839560123411, 0.3593948114174199127, 0.3615822311086804297, 0.3626759409543107160, 0.3632227958771258591, 0.3634962233385334307, 0.3637696507999410023, 0.3659570704912015748, 0.3670507803368318611, 0.3671874940675356469, 0.3672558509328875398, 0.3673242077982394327, 0.3675976352596470043, 0.3681444901824621474, 0.3703319098737227200, 0.3708787647965378631, 0.3711521922579454347, 0.3714256197193530062, 0.3725193295649832925 ),
 .UNSPECIFIED. ) ;
#7597 = CARTESIAN_POINT ( 'NONE',  ( 0.4839947987842223021, 9.641785049725195123, -1.629678712132707874 ) ) ;
#7598 = CIRCLE ( 'NONE', #2189, 8.160295526135243449 ) ;
#7599 = CARTESIAN_POINT ( 'NONE',  ( -0.8500000000000007550, 9.791666664754835381, 1.472243186433545237 ) ) ;
#7600 = CARTESIAN_POINT ( 'NONE',  ( 1.694528475411853918, 2.491578885542587329, 0.1390789247636858850 ) ) ;
#7601 = CARTESIAN_POINT ( 'NONE',  ( -4.409630270093162085E-16, 8.143749999044086252, 2.400490913332899545 ) ) ;
#7602 = CARTESIAN_POINT ( 'NONE',  ( -1.686706824712276065, 0.7365547796044122908, -0.2183734725200700832 ) ) ;
#7603 = VECTOR ( 'NONE', #7346, 1000.000000000000114 ) ;
#7605 = CARTESIAN_POINT ( 'NONE',  ( 1.693298852543676958, 9.509280387115884636, -0.1509467299096186876 ) ) ;
#7604 = SHAPE_DEFINITION_REPRESENTATION ( #1758, #4839 ) ;
#7606 = CARTESIAN_POINT ( 'NONE',  ( -2.078886112499999772, 2.443025202456706957, -1.200245456666450439 ) ) ;
#7607 = AXIS2_PLACEMENT_3D ( 'NONE', #2805, #8176, #4150 ) ;
#7608 = ORIENTED_EDGE ( 'NONE', *, *, #8417, .T. ) ;
#7609 = CARTESIAN_POINT ( 'NONE',  ( 1.699999999999999956, 8.683333331421501100, -0.9814954576223635652 ) ) ;
#7610 = CARTESIAN_POINT ( 'NONE',  ( 5.815630021768600940E-08, 7.050000852614773272, 1.699999999999997957 ) ) ;
#7611 = CARTESIAN_POINT ( 'NONE',  ( -5.078412917506967439, 3.200000000000000178, -4.890012498889791281 ) ) ;
#7612 = CARTESIAN_POINT ( 'NONE',  ( 1.538726630301070264, 0.3515099196380067625, 0.7227662535671034449 ) ) ;
#7613 = EDGE_CURVE ( 'NONE', #4465, #5877, #2569, .T. ) ;
#7614 = CARTESIAN_POINT ( 'NONE',  ( -1.126845121532719762, 5.745319675598656417, 1.272896595148148791 ) ) ;
#7615 = EDGE_CURVE ( 'NONE', #6033, #1223, #2876, .T. ) ;
#7616 = CARTESIAN_POINT ( 'NONE',  ( 2.078886112500000216, 5.664583332377400637, -1.200245456666449329 ) ) ;
#7617 = CARTESIAN_POINT ( 'NONE',  ( -0.6966810719825180520, 0.000000000000000000, 2.952962990011074318 ) ) ;
#7618 = CARTESIAN_POINT ( 'NONE',  ( 0.9509399276064137707, 5.890852488672558174, 1.409416412390471773 ) ) ;
#7619 = EDGE_LOOP ( 'NONE', ( #4548, #5621, #7765, #219 ) ) ;
#7620 = CARTESIAN_POINT ( 'NONE',  ( 1.699999999999999956, -0.4166666685784978230, -0.9814954576223635652 ) ) ;
#7621 = CARTESIAN_POINT ( 'NONE',  ( 0.9152670167738168328, 1.212072708948262800, -1.432607348232773692 ) ) ;
#7622 = CARTESIAN_POINT ( 'NONE',  ( -2.179449471770337432, 7.499999999999998224, -4.500000000000000000 ) ) ;
#7623 = VECTOR ( 'NONE', #6496, 1000.000000000000114 ) ;
#7624 = CARTESIAN_POINT ( 'NONE',  ( -0.2789152173576391891, 8.994062652565661509, -1.680917940791515353 ) ) ;
#7625 = CARTESIAN_POINT ( 'NONE',  ( 2.078886112499988670, 1.260416665710744955, 1.200245456666444444 ) ) ;
#7626 = CARTESIAN_POINT ( 'NONE',  ( -1.046840543372420385, 0.5013375325656893589, 1.736698077214925640 ) ) ;
#7627 = CARTESIAN_POINT ( 'NONE',  ( -1.834995738195276394, 0.5019036216609902290, 0.2210863022725177152 ) ) ;
#7628 = CARTESIAN_POINT ( 'NONE',  ( -2.078886112499999772, 3.097916665710751083, -1.200245456666450439 ) ) ;
#7629 = DIRECTION ( 'NONE',  ( 0.7071067811865474617, 0.000000000000000000, -0.7071067811865474617 ) ) ;
#7630 = CARTESIAN_POINT ( 'NONE',  ( 0.8499999999999988676, 0.8083333314215023213, 1.472243186433546347 ) ) ;
#7631 = CARTESIAN_POINT ( 'NONE',  ( 1.482784625030645786, 1.743118987672453546, 0.8329499314640051999 ) ) ;
#7632 = EDGE_LOOP ( 'NONE', ( #5999, #7863, #7136, #2116 ) ) ;
#7633 = CARTESIAN_POINT ( 'NONE',  ( 1.650843339173145408, 4.570729574819921481, 0.4638510786756131488 ) ) ;
#7634 = CARTESIAN_POINT ( 'NONE',  ( -1.308050705304593553, 9.928411348710270090, 1.093028404626653405 ) ) ;
#7635 = CARTESIAN_POINT ( 'NONE',  ( 1.699999999999999067, 6.641666666666665719, 0.9814954576223646754 ) ) ;
#7636 = CARTESIAN_POINT ( 'NONE',  ( 1.039443056250000330, 3.622916665710750994, -1.800368184999674215 ) ) ;
#7637 = CARTESIAN_POINT ( 'NONE',  ( -0.8550243136516406661, 2.033577153302877694, -1.469453778491891738 ) ) ;
#7638 = CARTESIAN_POINT ( 'NONE',  ( 1.039443056249998776, 4.002083332377416980, 1.800368184999675325 ) ) ;
#7639 = CARTESIAN_POINT ( 'NONE',  ( -1.692801227384174378, 8.459617431493906992, 0.1565386147494623459 ) ) ;
#7640 = CARTESIAN_POINT ( 'NONE',  ( -1.572606625791191703, 1.492822561461747188, 0.6469597796326008732 ) ) ;
#7641 = VECTOR ( 'NONE', #3209, 1000.000000000000114 ) ;
#7642 = ORIENTED_EDGE ( 'NONE', *, *, #1872, .T. ) ;
#7643 = CARTESIAN_POINT ( 'NONE',  ( 0.3659983248338056216, 3.750092746754284612, 1.660194720271536806 ) ) ;
#7644 = CARTESIAN_POINT ( 'NONE',  ( 0.8500000000000001998, 10.14166666475483503, -1.472243186433545459 ) ) ;
#7645 = CARTESIAN_POINT ( 'NONE',  ( 1.380644176960156511, 2.429970145479009247, 0.9935023237364207782 ) ) ;
#7646 = CARTESIAN_POINT ( 'NONE',  ( 2.078886112499999328, 8.960416665710750905, 1.200245456666450661 ) ) ;
#7647 = CARTESIAN_POINT ( 'NONE',  ( -0.7347806809112608084, 0.6254261475664875114, -1.533004597234776334 ) ) ;
#7648 = CARTESIAN_POINT ( 'NONE',  ( 0.4816422606521419403, 8.241946824466143795, -1.630351066540657978 ) ) ;
#7649 = CARTESIAN_POINT ( 'NONE',  ( -1.039443056249999664, 2.384691869123373387, -1.800368184999674437 ) ) ;
#7650 = ORIENTED_EDGE ( 'NONE', *, *, #7077, .F. ) ;
#7651 = LINE ( 'NONE', #5099, #662 ) ;
#7652 = CARTESIAN_POINT ( 'NONE',  ( -0.8500000000000007550, 1.566666666666666652, 1.472243186433545237 ) ) ;
#7653 = CARTESIAN_POINT ( 'NONE',  ( 0.5342737858572021992, 0.1217982980507710394, 1.614199228902236882 ) ) ;
#7654 = CARTESIAN_POINT ( 'NONE',  ( -0.7716285249579859506, 5.772528674360026812, 1.518644429788332362 ) ) ;
#7655 = CARTESIAN_POINT ( 'NONE',  ( 1.469876756697720941E-16, 5.781249999044066890, -2.400490913332899545 ) ) ;
#7656 = CARTESIAN_POINT ( 'NONE',  ( -1.271848109780092662, 1.301042606982605321E-15, -2.229976465188618917 ) ) ;
#7657 = ORIENTED_EDGE ( 'NONE', *, *, #2244, .F. ) ;
#7658 = CARTESIAN_POINT ( 'NONE',  ( -1.039443056250000996, 8.872916665710750550, 1.800368184999674215 ) ) ;
#7659 = CARTESIAN_POINT ( 'NONE',  ( 1.623749716712659996, 1.132538171674668526, -0.5034736630336928975 ) ) ;
#7660 = ADVANCED_FACE ( 'NONE', ( #7430 ), #4134, .T. ) ;
#7661 = CARTESIAN_POINT ( 'NONE',  ( 1.039443056250000330, 0.03541666571075120090, -1.800368184999674215 ) ) ;
#7662 = CARTESIAN_POINT ( 'NONE',  ( -1.607539446151240226, 9.113565876845585834, -0.5558623816671697249 ) ) ;
#7663 = CARTESIAN_POINT ( 'NONE',  ( -0.07904609699592639316, 7.219574057798407551, 1.698677094056728842 ) ) ;
#7664 = DIRECTION ( 'NONE',  ( -0.7071067811865475727, -3.056747976430751789E-16, 0.7071067811865475727 ) ) ;
#7665 = CARTESIAN_POINT ( 'NONE',  ( -1.795298868168168527, 0.5019828218588875401, -0.2005915124218546619 ) ) ;
#7666 = CARTESIAN_POINT ( 'NONE',  ( 2.078886112499999328, 3.447916665710751616, 1.200245456666450661 ) ) ;
#7667 = CARTESIAN_POINT ( 'NONE',  ( -1.700023594257657367, 7.750611249244051315, 0.01081518216693839671 ) ) ;
#7668 = LINE ( 'NONE', #3550, #1652 ) ;
#7669 = CARTESIAN_POINT ( 'NONE',  ( 1.677345316114047025, 1.817398993099803572, -0.2771881435001407046 ) ) ;
#7670 = ORIENTED_EDGE ( 'NONE', *, *, #4703, .F. ) ;
#7671 = DIRECTION ( 'NONE',  ( 0.000000000000000000, 0.000000000000000000, -1.000000000000000000 ) ) ;
#7672 = CARTESIAN_POINT ( 'NONE',  ( -2.179449471770337432, 7.499999999999998224, 4.500000000000000000 ) ) ;
#7673 = DIRECTION ( 'NONE',  ( 0.000000000000000000, 0.000000000000000000, 1.000000000000000000 ) ) ;
#7674 = CARTESIAN_POINT ( 'NONE',  ( -3.605955811664682968E-16, 7.225000000000001421, 1.962990915244727130 ) ) ;
#7675 = CARTESIAN_POINT ( 'NONE',  ( -1.039443056249999664, 3.739583332377418134, -1.800368184999674437 ) ) ;
#7676 = FACE_OUTER_BOUND ( 'NONE', #2573, .T. ) ;
#7677 = CARTESIAN_POINT ( 'NONE',  ( 1.039443056250000330, 4.935416665710751438, -1.800368184999674215 ) ) ;
#7678 = FACE_OUTER_BOUND ( 'NONE', #5005, .T. ) ;
#7679 = CARTESIAN_POINT ( 'NONE',  ( -1.142386511616596767, 1.543957276736333650, 1.258956718010936449 ) ) ;
#7680 = EDGE_CURVE ( 'NONE', #712, #2003, #3395, .T. ) ;
#7681 = EDGE_LOOP ( 'NONE', ( #1262, #6524, #4305, #6824, #4722 ) ) ;
#7682 = CARTESIAN_POINT ( 'NONE',  ( 1.682625860841795218, 3.915369739646017422, -0.2482588444207331491 ) ) ;
#7683 = CARTESIAN_POINT ( 'NONE',  ( -0.8499999999999996447, 10.25833333142150039, -1.472243186433545681 ) ) ;
#7684 = VECTOR ( 'NONE', #1195, 1000.000000000000114 ) ;
#7685 = DIRECTION ( 'NONE',  ( 0.8028956459037006610, 0.5961196035938418625, 0.000000000000000000 ) ) ;
#7686 = CARTESIAN_POINT ( 'NONE',  ( -1.039443056250000996, 6.685416665710750550, 1.800368184999674215 ) ) ;
#7687 = CARTESIAN_POINT ( 'NONE',  ( -1.632991121660206435, 0.7803976635279119556, 0.4726224544624924584 ) ) ;
#7688 = CARTESIAN_POINT ( 'NONE',  ( -4.433344562587833160, 5.951057409446828039, -2.312024219028188554 ) ) ;
#7689 = CARTESIAN_POINT ( 'NONE',  ( -2.078886112500000216, 1.859691869123373920, 1.200245456666449106 ) ) ;
#7690 = VERTEX_POINT ( 'NONE', #2928 ) ;
#7691 = CARTESIAN_POINT ( 'NONE',  ( 0.4555146537188646261, 8.768739188519226957, -1.699999407300321730 ) ) ;
#7692 = CARTESIAN_POINT ( 'NONE',  ( -5.036781010732885200, 3.090000000000000746, -2.915460667173241038 ) ) ;
#7693 = CARTESIAN_POINT ( 'NONE',  ( 0.9489167889266283407, 0.2904364195903281209, 1.410579337692394519 ) ) ;
#7694 = TOROIDAL_SURFACE ( 'NONE', #216, 5.500000000000000000, 0.5000000000000000000 ) ;
#7695 = CYLINDRICAL_SURFACE ( 'NONE', #5400, 1.699999999999999956 ) ;
#7696 = CARTESIAN_POINT ( 'NONE',  ( -2.078886112500001104, 5.314583332377400993, 1.200245456666448884 ) ) ;
#7697 = CARTESIAN_POINT ( 'NONE',  ( -1.412055078009602616, 0.000000000000000000, 2.621848059957936350 ) ) ;
#7698 = ORIENTED_EDGE ( 'NONE', *, *, #2670, .T. ) ;
#7699 = CARTESIAN_POINT ( 'NONE',  ( -0.8500000000000007550, 3.491666664754836003, 1.472243186433545237 ) ) ;
#7700 = FACE_OUTER_BOUND ( 'NONE', #5653, .T. ) ;
#7701 = EDGE_CURVE ( 'NONE', #6613, #272, #4706, .T. ) ;
#7702 = CARTESIAN_POINT ( 'NONE',  ( -1.039443056250000996, 1.085416665710751127, 1.800368184999674215 ) ) ;
#7703 = CARTESIAN_POINT ( 'NONE',  ( -1.634295100381261356, 9.119810399600087436, -0.4684291145506820353 ) ) ;
#7704 = CARTESIAN_POINT ( 'NONE',  ( -1.039443056249994113, 5.752083332377411651, -1.800368184999665333 ) ) ;
#7705 = CARTESIAN_POINT ( 'NONE',  ( -0.2713126862516900828, 0.5017042575542195459, 2.092301676619588324 ) ) ;
#7706 = CARTESIAN_POINT ( 'NONE',  ( -1.831417173744088966, 0.5019594716085927777, 0.3062046476830367348 ) ) ;
#7707 = CARTESIAN_POINT ( 'NONE',  ( -2.078886112500000216, 5.314583332377417868, 1.200245456666449106 ) ) ;
#7708 = CARTESIAN_POINT ( 'NONE',  ( -1.117645046284450938, 7.653944450674143418, -1.280996918551543073 ) ) ;
#7709 = CARTESIAN_POINT ( 'NONE',  ( 1.188630594146904862, 8.010062221780140490, 1.218199968936012567 ) ) ;
#7710 = CARTESIAN_POINT ( 'NONE',  ( 1.585555109440711874, 1.840419973253486940, -0.6141523204312996365 ) ) ;
#7711 = ORIENTED_EDGE ( 'NONE', *, *, #1894, .T. ) ;
#7712 = CARTESIAN_POINT ( 'NONE',  ( 1.556885310267372757, 4.554512444157155393, 0.6827298490795655761 ) ) ;
#7713 = ADVANCED_FACE ( 'NONE', ( #741 ), #6048, .F. ) ;
#7714 = CARTESIAN_POINT ( 'NONE',  ( -2.915460667173242815, 4.909999999999999254, -5.036781010732885200 ) ) ;
#7715 = DIRECTION ( 'NONE',  ( -0.000000000000000000, 1.000000000000000000, -0.000000000000000000 ) ) ;
#7716 = CARTESIAN_POINT ( 'NONE',  ( 1.699999999999999956, 8.799999999999998934, 0.000000000000000000 ) ) ;
#7717 = CARTESIAN_POINT ( 'NONE',  ( -1.039443056249999664, 5.139583332377418046, -1.800368184999674437 ) ) ;
#7718 = CARTESIAN_POINT ( 'NONE',  ( -4.433344562587833160, 1.500000000000000888, -2.312024219028187666 ) ) ;
#7719 = CARTESIAN_POINT ( 'NONE',  ( -4.409630270093162085E-16, 6.743749999044084120, 2.400490913332899545 ) ) ;
#7720 = CARTESIAN_POINT ( 'NONE',  ( -0.4452079503389985149, 8.305084713147280695, -1.655705337088907880 ) ) ;
#7721 = CARTESIAN_POINT ( 'NONE',  ( -1.495609902600387064, 1.394901376300803131, -0.8089614391273369787 ) ) ;
#7722 = ADVANCED_FACE ( 'NONE', ( #8332 ), #7729, .F. ) ;
#7723 = ORIENTED_EDGE ( 'NONE', *, *, #3777, .F. ) ;
#7724 = CARTESIAN_POINT ( 'NONE',  ( 1.263361121021439715, 3.817317099945653158, 1.139279727867164471 ) ) ;
#7725 = CARTESIAN_POINT ( 'NONE',  ( 1.699999999999999956, 8.683333331421501100, -0.9814954576223635652 ) ) ;
#7726 = CARTESIAN_POINT ( 'NONE',  ( 1.686367545026973280, 2.486413335798222324, 0.2219083330113593155 ) ) ;
#7727 = CARTESIAN_POINT ( 'NONE',  ( -2.312024219028192551, 2.048942590553173293, -4.433344562587834048 ) ) ;
#7728 = VECTOR ( 'NONE', #5624, 1000.000000000000000 ) ;
#7729 = PLANE ( 'NONE',  #4421 ) ;
#7731 = CARTESIAN_POINT ( 'NONE',  ( 1.684710540639891452, 8.085566635695004223, 0.2332753903002811047 ) ) ;
#7730 = PRODUCT_CONTEXT ( 'NONE', #8434, 'mechanical' ) ;
#7732 = CARTESIAN_POINT ( 'NONE',  ( -2.078886112500000216, 3.259691869123373831, 1.200245456666449106 ) ) ;
#7733 = AXIS2_PLACEMENT_3D ( 'NONE', #8287, #6958, #7040 ) ;
#7734 = ORIENTED_EDGE ( 'NONE', *, *, #3480, .F. ) ;
#7735 =( NAMED_UNIT ( * ) PLANE_ANGLE_UNIT ( ) SI_UNIT ( $, .RADIAN. ) );
#7736 = CARTESIAN_POINT ( 'NONE',  ( 0.8499999999999988676, 7.108333331421502699, 1.472243186433546347 ) ) ;
#7737 = VECTOR ( 'NONE', #4191, 1000.000000000000000 ) ;
#7738 = CARTESIAN_POINT ( 'NONE',  ( 1.416971075350333065, 0.3344028949561007047, 0.9415176125405582130 ) ) ;
#7739 = CARTESIAN_POINT ( 'NONE',  ( -0.6136628336399085892, 5.782776278309100348, 1.585446791631955898 ) ) ;
#7740 = B_SPLINE_CURVE_WITH_KNOTS ( 'NONE', 3,
 ( #2722, #2114, #2816, #812, #6769, #6811 ),
 .UNSPECIFIED., .F., .F.,
 ( 4, 2, 4 ),
 ( -6.928927488288763306E-06, 0.0003913249075196664263, 0.0007895787425276216184 ),
 .UNSPECIFIED. ) ;
#7741 = CARTESIAN_POINT ( 'NONE',  ( 1.039443056250000330, 7.822916665710733852, -1.800368184999674437 ) ) ;
#7742 = CARTESIAN_POINT ( 'NONE',  ( -2.727988952578095816, 0.000000000000000000, -0.3314283200662681561 ) ) ;
#7743 = ORIENTED_EDGE ( 'NONE', *, *, #5602, .F. ) ;
#7744 = CARTESIAN_POINT ( 'NONE',  ( -1.699999999999999956, 1.974999998088168729, -2.081899558550500280E-16 ) ) ;
#7745 = CARTESIAN_POINT ( 'NONE',  ( 1.643407133773701956, 1.127835280666157569, -0.4353653045167751312 ) ) ;
#7746 = CARTESIAN_POINT ( 'NONE',  ( 2.078886112500000216, 2.018749999044084475, 0.000000000000000000 ) ) ;
#7747 = CARTESIAN_POINT ( 'NONE',  ( -0.6819877085854464394, 9.021795548570795020, -1.557240982118452965 ) ) ;
#7748 = CARTESIAN_POINT ( 'NONE',  ( -2.078886112499990002, 5.227083332377410407, 1.200245456666443111 ) ) ;
#7749 =( GEOMETRIC_REPRESENTATION_CONTEXT ( 3 ) GLOBAL_UNCERTAINTY_ASSIGNED_CONTEXT ( ( #567 ) ) GLOBAL_UNIT_ASSIGNED_CONTEXT ( ( #1954, #2606, #4694 ) ) REPRESENTATION_CONTEXT ( 'NONE', 'WORKASPACE' ) );
#7750 = CARTESIAN_POINT ( 'NONE',  ( 0.03832745818249154446, 0.5016753577442647494, 2.134844953905246090 ) ) ;
#7751 = CARTESIAN_POINT ( 'NONE',  ( -1.314575478553716703, 0.5017250750121118319, 1.497772082476910294 ) ) ;
#7752 = CARTESIAN_POINT ( 'NONE',  ( 2.078886112499999328, 7.647916665710751793, 1.200245456666450661 ) ) ;
#7753 = CARTESIAN_POINT ( 'NONE',  ( -1.684714414866066434, 7.764432176771983940, 0.2332567413808484535 ) ) ;
#7754 = CARTESIAN_POINT ( 'NONE',  ( -0.01865902387862081180, -0.000000000000000000, 1.892850561470250881 ) ) ;
#7755 = ORIENTED_EDGE ( 'NONE', *, *, #2801, .T. ) ;
#7756 = CARTESIAN_POINT ( 'NONE',  ( 1.672958462172311700, 4.618881554772778841, -0.3020122331555205042 ) ) ;
#7757 = CARTESIAN_POINT ( 'NONE',  ( -0.9882690264572677741, 2.743329812928621880, -1.383234997788135967 ) ) ;
#7758 = CARTESIAN_POINT ( 'NONE',  ( -7.296724953260062208, 3.000000000000000000, -2.297891415291845707 ) ) ;
#7759 = CARTESIAN_POINT ( 'NONE',  ( -1.700000000000000400, 9.908333333333329662, 0.9814954576223632321 ) ) ;
#7760 = CARTESIAN_POINT ( 'NONE',  ( -2.078886112500000216, 3.856249999044084831, -2.545901223465009197E-16 ) ) ;
#7761 = CARTESIAN_POINT ( 'NONE',  ( -1.039443056250000996, 8.785416665710751971, 1.800368184999674215 ) ) ;
#7762 = CARTESIAN_POINT ( 'NONE',  ( 0.000000000000000000, 10.19999999999999929, 0.000000000000000000 ) ) ;
#7763 = DIRECTION ( 'NONE',  ( -0.000000000000000000, -1.000000000000000000, -0.000000000000000000 ) ) ;
#7764 = EDGE_CURVE ( 'NONE', #2291, #365, #2460, .T. ) ;
#7765 = ORIENTED_EDGE ( 'NONE', *, *, #6052, .F. ) ;
#7766 = CARTESIAN_POINT ( 'NONE',  ( 1.487846199981871731, 3.956310255579217561, -0.8258043021764384095 ) ) ;
#7767 = CARTESIAN_POINT ( 'NONE',  ( -3.605955811664682968E-16, 8.449999998088170372, 1.962990915244727130 ) ) ;
#7768 = EDGE_CURVE ( 'NONE', #6531, #910, #516, .T. ) ;
#7769 = CARTESIAN_POINT ( 'NONE',  ( 0.9227306231836820416, 2.611551046985429725, -1.428060382213915291 ) ) ;
#7770 =( BOUNDED_CURVE ( )  B_SPLINE_CURVE ( 2, ( #1674, #849, #890, #5633, #4940, #2852, #7448, #6155, #6936 ),
 .UNSPECIFIED., .F., .F. ) 
 B_SPLINE_CURVE_WITH_KNOTS ( ( 3, 2, 2, 2, 3 ),
 ( 0.6204278437792954959, 0.6257306776831186301, 0.6363362823896121512, 0.6469418870961056722, 0.6522446894908421333 ),
 .UNSPECIFIED. ) 
 CURVE ( )  GEOMETRIC_REPRESENTATION_ITEM ( )  RATIONAL_B_SPLINE_CURVE ( ( 0.9330127018945906237, 0.9330123033316619630, 1.000000000000000000, 0.8660254037844387076, 1.000000000000000000, 0.8660254037844387076, 1.000000000000000000, 0.9330127013681041026, 0.9330127018922194093 ) ) 
 REPRESENTATION_ITEM ( '' )  );
#7771 = CARTESIAN_POINT ( 'NONE',  ( -0.4471093300118705316, 0.06120395939639031169, 1.640227897750417219 ) ) ;
#7772 = ADVANCED_FACE ( 'NONE', ( #1992 ), #1332, .T. ) ;
#7773 = CARTESIAN_POINT ( 'NONE',  ( -0.8805275303709036994, 0.8646125348841723346, 1.454316704649758263 ) ) ;
#7774 = CARTESIAN_POINT ( 'NONE',  ( 0.06447819295572287945, 8.270578961452182298, -1.698945311528821334 ) ) ;
#7775 = CARTESIAN_POINT ( 'NONE',  ( -2.078886112500000216, 6.059691869123374097, 1.200245456666449106 ) ) ;
#7776 = ORIENTED_EDGE ( 'NONE', *, *, #6147, .F. ) ;
#7777 = CARTESIAN_POINT ( 'NONE',  ( 0.6137440507022746683, 5.867129279706209566, 1.585578635595962904 ) ) ;
#7778 = FACE_OUTER_BOUND ( 'NONE', #530, .T. ) ;
#7779 = CARTESIAN_POINT ( 'NONE',  ( 2.015898638030256595, -2.215840409940475027E-16, 0.5475629060472467780 ) ) ;
#7780 = CARTESIAN_POINT ( 'NONE',  ( 1.518515126363408907, 0.3483332107912701647, 0.7646059635727252557 ) ) ;
#7781 = CYLINDRICAL_SURFACE ( 'NONE', #2357, 0.09999999999999983902 ) ;
#7782 = CARTESIAN_POINT ( 'NONE',  ( 2.078886112500000216, 9.806249999044069909, 0.000000000000000000 ) ) ;
#7783 = ORIENTED_EDGE ( 'NONE', *, *, #2596, .T. ) ;
#7784 = EDGE_CURVE ( 'NONE', #500, #709, #8555, .T. ) ;
#7785 = ORIENTED_EDGE ( 'NONE', *, *, #1453, .F. ) ;
#7786 = CARTESIAN_POINT ( 'NONE',  ( -1.699999999999999289, 1.916666664754835381, -0.9814954576223643423 ) ) ;
#7787 = CARTESIAN_POINT ( 'NONE',  ( 1.672802405635638312, 1.119767340102527431, -0.3143049714991150712 ) ) ;
#7788 = CARTESIAN_POINT ( 'NONE',  ( 2.078886112499999328, 2.660416665710750639, 1.200245456666450661 ) ) ;
#7789 = CARTESIAN_POINT ( 'NONE',  ( -1.012866675960988339, 9.045344739848601989, -1.365337241249927835 ) ) ;
#7790 = CARTESIAN_POINT ( 'NONE',  ( 2.078886112499989114, 2.718749999044078880, 0.000000000000000000 ) ) ;
#7791 = CARTESIAN_POINT ( 'NONE',  ( 0.000000000000000000, 0.000000000000000000, 0.000000000000000000 ) ) ;
#7792 = CARTESIAN_POINT ( 'NONE',  ( 0.000000000000000000, -0.001016675309814529804, -8.956059028990509319 ) ) ;
#7793 = CARTESIAN_POINT ( 'NONE',  ( 2.078886112499999328, 6.247916665710749662, 1.200245456666450661 ) ) ;
#7794 = CARTESIAN_POINT ( 'NONE',  ( 7.252000366886311333, 3.000000000000000000, -2.435362535369390180 ) ) ;
#7795 = DIRECTION ( 'NONE',  ( -0.7071067811865401342, -3.056747976430752282E-16, -0.7071067811865550112 ) ) ;
#7796 = CARTESIAN_POINT ( 'NONE',  ( -1.699999999999999512, 4.016666664754835914, -0.9814954576223642313 ) ) ;
#7797 = EDGE_LOOP ( 'NONE', ( #8046, #4295, #1409, #5560, #2658, #4960 ) ) ;
#7798 = CARTESIAN_POINT ( 'NONE',  ( 1.538073650973248219, 4.551379315192209063, 0.7246277224823437502 ) ) ;
#7799 = CARTESIAN_POINT ( 'NONE',  ( 2.986171345291897428, 4.950000000000000178, 5.107491688851538925 ) ) ;
#7800 = CARTESIAN_POINT ( 'NONE',  ( -0.6961417204949571502, 6.922770851569982398, -1.550985046475731322 ) ) ;
#7801 = CARTESIAN_POINT ( 'NONE',  ( -0.4959720181211061951, 0.5122212814449732532, 0.5853119431247523208 ) ) ;
#7802 = CARTESIAN_POINT ( 'NONE',  ( -2.078886112499999772, 5.810416665710751438, -1.200245456666450439 ) ) ;
#7803 = CARTESIAN_POINT ( 'NONE',  ( 1.414318836391971790E-06, 4.599999901027072902, -1.699999999999411537 ) ) ;
#7804 = CARTESIAN_POINT ( 'NONE',  ( 1.350818618922645937E-15, 4.774999999999999467, -1.699999999999999734 ) ) ;
#7805 = LINE ( 'NONE', #5210, #7861 ) ;
#7806 = CARTESIAN_POINT ( 'NONE',  ( -2.802105099545100852E-07, 9.149995889346708822, 1.699999999999953992 ) ) ;
#7807 = CARTESIAN_POINT ( 'NONE',  ( 1.245451260303355179, 3.984343606621139067, -1.157174289844912218 ) ) ;
#7808 = B_SPLINE_CURVE_WITH_KNOTS ( 'NONE', 3,
 ( #583, #6505, #4467, #8444, #1768, #7672 ),
 .UNSPECIFIED., .F., .F.,
 ( 4, 2, 4 ),
 ( -6.928927488288393153E-06, 0.0003913249075196667515, 0.0007895787425276218352 ),
 .UNSPECIFIED. ) ;
#7809 = CARTESIAN_POINT ( 'NONE',  ( 1.593242137615354714, 3.160980169662953809, 0.5936205993332256403 ) ) ;
#7810 = DIRECTION ( 'NONE',  ( 0.000000000000000000, 0.000000000000000000, -1.000000000000000000 ) ) ;
#7811 = CARTESIAN_POINT ( 'NONE',  ( -0.4184068507713703533, 0.06302457621873006066, 1.647894151735898705 ) ) ;
#7812 = EDGE_CURVE ( 'NONE', #7217, #7878, #5826, .T. ) ;
#7813 = CARTESIAN_POINT ( 'NONE',  ( -0.8499999999999996447, 0.6333333333333334147, -1.472243186433545681 ) ) ;
#7814 = CARTESIAN_POINT ( 'NONE',  ( -0.9758510405565721246, 0.8575902068497112118, 1.392205028884678564 ) ) ;
#7815 = CARTESIAN_POINT ( 'NONE',  ( 1.570864332651593864, 8.143058246463089844, -0.6499203644420599169 ) ) ;
#7816 = CARTESIAN_POINT ( 'NONE',  ( 1.039443056249998776, 5.534691869123372854, 1.800368184999675325 ) ) ;
#7817 = ORIENTED_EDGE ( 'NONE', *, *, #1456, .F. ) ;
#7818 = CARTESIAN_POINT ( 'NONE',  ( 1.611112290466919950, 5.964460378504544913, 0.5456807923806337168 ) ) ;
#7819 = CARTESIAN_POINT ( 'NONE',  ( 1.462781161560040788, 7.339700055564589043, 0.8736751108536050525 ) ) ;
#7820 = CARTESIAN_POINT ( 'NONE',  ( 1.693747559846271677, 0.4088635053653497109, -0.1456822212338811096 ) ) ;
#7821 = AXIS2_PLACEMENT_3D ( 'NONE', #7998, #1975, #4632 ) ;
#7822 = DIRECTION ( 'NONE',  ( -0.7071067811865496822, 0.000000000000000000, 0.7071067811865453523 ) ) ;
#7823 = AXIS2_PLACEMENT_3D ( 'NONE', #6639, #6514, #1948 ) ;
#7824 =( GEOMETRIC_REPRESENTATION_CONTEXT ( 3 ) GLOBAL_UNCERTAINTY_ASSIGNED_CONTEXT ( ( #6651 ) ) GLOBAL_UNIT_ASSIGNED_CONTEXT ( ( #3011, #2396, #2308 ) ) REPRESENTATION_CONTEXT ( 'NONE', 'WORKASPACE' ) );
#7825 = ORIENTED_EDGE ( 'NONE', *, *, #1774, .T. ) ;
#7826 = ORIENTED_EDGE ( 'NONE', *, *, #357, .T. ) ;
#7827 = CARTESIAN_POINT ( 'NONE',  ( -1.700000000000000400, 3.433333331421501988, 0.9814954576223632321 ) ) ;
#7828 = DIRECTION ( 'NONE',  ( -0.6936187941687647074, 0.000000000000000000, 0.7203422578024065714 ) ) ;
#7829 = CARTESIAN_POINT ( 'NONE',  ( -0.4765482621966038446, 0.4384816948094482636, -1.631976670891480907 ) ) ;
#7830 = CARTESIAN_POINT ( 'NONE',  ( -2.078886112499989114, 5.110416665710745932, -1.200245456666443999 ) ) ;
#7831 = DIRECTION ( 'NONE',  ( 0.000000000000000000, -1.000000000000000000, 0.000000000000000000 ) ) ;
#7832 = CARTESIAN_POINT ( 'NONE',  ( 0.000000000000000000, 1.045653836946637494, 0.000000000000000000 ) ) ;
#7833 = CARTESIAN_POINT ( 'NONE',  ( 2.078886112499999328, 8.347916665710750195, 1.200245456666450661 ) ) ;
#7834 = CARTESIAN_POINT ( 'NONE',  ( -1.085682646589613221, 7.848839332747648889, 1.308644002549240959 ) ) ;
#7835 = CARTESIAN_POINT ( 'NONE',  ( 0.000000000000000000, 3.000000000000000000, 0.000000000000000000 ) ) ;
#7836 = CARTESIAN_POINT ( 'NONE',  ( -0.8411395798130425483, 8.673617379884035472E-16, -1.126253347355506529 ) ) ;
#7837 = EDGE_LOOP ( 'NONE', ( #1564, #5777, #3492, #3188 ) ) ;
#7838 = CARTESIAN_POINT ( 'NONE',  ( 0.7146899155882699972, 4.725933653332724305, -1.542476500400382422 ) ) ;
#7839 = CARTESIAN_POINT ( 'NONE',  ( -0.7546134303350031658, 2.726817254726903617, -1.527192716097837799 ) ) ;
#7840 = CARTESIAN_POINT ( 'NONE',  ( 0.000000000000000000, 10.19999999999999929, 0.000000000000000000 ) ) ;
#7841 = CARTESIAN_POINT ( 'NONE',  ( -0.1250250134593794138, 0.5850004888266542302, -0.2315363299748058323 ) ) ;
#7842 = CARTESIAN_POINT ( 'NONE',  ( 1.469876756697720448E-16, 5.693749999044084298, -2.400490913332899545 ) ) ;
#7843 = CARTESIAN_POINT ( 'NONE',  ( -0.9818971910856364449, 8.557135829078907463, 1.387853213661019103 ) ) ;
#7844 = LINE ( 'NONE', #2472, #291 ) ;
#7845 = DIRECTION ( 'NONE',  ( 0.000000000000000000, 0.000000000000000000, 1.000000000000000000 ) ) ;
#7846 = CARTESIAN_POINT ( 'NONE',  ( -1.676363906475108356, 6.367650926968259739, 0.2833185556337500244 ) ) ;
#7847 = CARTESIAN_POINT ( 'NONE',  ( 0.4407371112213465669, 3.755278974998462527, 1.642003420835654648 ) ) ;
#7848 = CARTESIAN_POINT ( 'NONE',  ( 1.635837538746847120, 3.170215462045514521, 0.4654634414167809764 ) ) ;
#7849 = CARTESIAN_POINT ( 'NONE',  ( 0.8624723307515147486, 2.615808702565589616, -1.465039971948495667 ) ) ;
#7850 = CARTESIAN_POINT ( 'NONE',  ( -0.6270866649301755080, 0.04973352560037923309, 1.585047893928451135 ) ) ;
#7851 = CARTESIAN_POINT ( 'NONE',  ( -0.8499999999999996447, -0.06666666666666669350, -1.472243186433545681 ) ) ;
#7852 = CARTESIAN_POINT ( 'NONE',  ( 4.500000000000000000, 1.500000000000000444, -2.179449471770337432 ) ) ;
#7853 = CARTESIAN_POINT ( 'NONE',  ( -0.3003535412804664295, 0.9044926945193971779, 1.674524751467730166 ) ) ;
#7854 = CARTESIAN_POINT ( 'NONE',  ( 1.283463652683805245, 8.719380925517310033, 1.116448464942262575 ) ) ;
#7855 = CARTESIAN_POINT ( 'NONE',  ( 1.469876756697720448E-16, 6.526358535790039994, -2.400490913332899545 ) ) ;
#7856 = ORIENTED_EDGE ( 'NONE', *, *, #5542, .T. ) ;
#7857 = CARTESIAN_POINT ( 'NONE',  ( 1.161278224741671306, 6.092276795971944381, -1.241717868384594636 ) ) ;
#7858 = CARTESIAN_POINT ( 'NONE',  ( 1.616316116039273831, 7.365847101497880800, 0.5269204704351084789 ) ) ;
#7859 = CARTESIAN_POINT ( 'NONE',  ( 1.639484351679713958, 0.4288010036694004379, -0.4495796250761119883 ) ) ;
#7860 = CARTESIAN_POINT ( 'NONE',  ( -3.226782805549681665, 2.373921791567575657, -3.956290731841335173 ) ) ;
#7861 = VECTOR ( 'NONE', #5336, 1000.000000000000000 ) ;
#7862 = ORIENTED_EDGE ( 'NONE', *, *, #5622, .F. ) ;
#7863 = ORIENTED_EDGE ( 'NONE', *, *, #5531, .T. ) ;
#7864 = CARTESIAN_POINT ( 'NONE',  ( 1.201985270554894323E-16, 1.099999998088168951, -1.962990915244727130 ) ) ;
#7865 = CARTESIAN_POINT ( 'NONE',  ( -2.966664951328131128, 4.978965517241379146, -5.087985294887771737 ) ) ;
#7866 = CARTESIAN_POINT ( 'NONE',  ( -0.9968923547725903056, 0.4717074151166039120, -1.377108018581647331 ) ) ;
#7867 = ADVANCED_FACE ( 'NONE', ( #3826 ), #7287, .T. ) ;
#7868 = CARTESIAN_POINT ( 'NONE',  ( -4.409630270093139405E-16, 4.643749999044078258, 2.400490913332886667 ) ) ;
#7869 = EDGE_CURVE ( 'NONE', #5188, #488, #2480, .T. ) ;
#7870 = CARTESIAN_POINT ( 'NONE',  ( -1.695500258925349168, 2.157642765278903418, 0.1259568511901911492 ) ) ;
#7871 = CARTESIAN_POINT ( 'NONE',  ( -0.7334815850954027328, 0.1746528572140106927, 1.533724943876004110 ) ) ;
#7872 = CARTESIAN_POINT ( 'NONE',  ( -6.089365759938950521E-09, 4.075000053773378816, -1.699999999999999956 ) ) ;
#7873 = CARTESIAN_POINT ( 'NONE',  ( -2.078886112500000216, 6.014583332377418046, 1.200245456666449106 ) ) ;
#7874 = AXIS2_PLACEMENT_3D ( 'NONE', #6010, #2620, #7907 ) ;
#7875 = CARTESIAN_POINT ( 'NONE',  ( 3.226782805549681221, 5.626078208432424788, 3.956290731841334285 ) ) ;
#7876 = CARTESIAN_POINT ( 'NONE',  ( 2.291287847478249429, 8.000000000000000000, 4.999999999999848121 ) ) ;
#7877 = CARTESIAN_POINT ( 'NONE',  ( -0.1044115456680708293, -8.673617379884035472E-16, -1.302339005561002461 ) ) ;
#7878 = VERTEX_POINT ( 'NONE', #6477 ) ;
#7879 = CARTESIAN_POINT ( 'NONE',  ( 1.196420629180315665, 4.689058464779392033, -1.207722393074109224 ) ) ;
#7880 = AXIS2_PLACEMENT_3D ( 'NONE', #6399, #4570, #5262 ) ;
#7881 = CARTESIAN_POINT ( 'NONE',  ( -1.624004829222465807, 2.882539064089248981, 0.5035188958701484196 ) ) ;
#7882 = CARTESIAN_POINT ( 'NONE',  ( -0.7509042246498065509, 6.926532860318287632, -1.525404198021830027 ) ) ;
#7883 = CARTESIAN_POINT ( 'NONE',  ( 0.4105887366169850283, 0.5067828688311710739, 0.9052451655334514680 ) ) ;
#7884 = CARTESIAN_POINT ( 'NONE',  ( -1.039443056250000996, 5.985416665710750372, 1.800368184999674215 ) ) ;
#7885 = CARTESIAN_POINT ( 'NONE',  ( -1.217392006081583267, 8.537092349348405662, 1.186623485558718993 ) ) ;
#7886 = CARTESIAN_POINT ( 'NONE',  ( -0.8452134295599390557, 4.833104272805369028, -1.478919582867577409 ) ) ;
#7887 = DIRECTION ( 'NONE',  ( 0.000000000000000000, 0.000000000000000000, 1.000000000000000000 ) ) ;
#7888 = DIRECTION ( 'NONE',  ( -0.5120428415488792462, 0.6896551724137933714, -0.5120428415488789131 ) ) ;
#7889 = FACE_OUTER_BOUND ( 'NONE', #94, .T. ) ;
#7890 = DIRECTION ( 'NONE',  ( 0.7071067811865474617, 0.000000000000000000, 0.7071067811865474617 ) ) ;
#7891 = CARTESIAN_POINT ( 'NONE',  ( -4.555813038156334649, 7.763936109177590694, -2.192316302326503763 ) ) ;
#7892 = CARTESIAN_POINT ( 'NONE',  ( 0.000000000000000000, 1.045653836946637494, -7.857222055634678348 ) ) ;
#7893 = CARTESIAN_POINT ( 'NONE',  ( 0.8499999999999988676, -0.4166666666666667407, 1.472243186433546347 ) ) ;
#7894 = LINE ( 'NONE', #5217, #3392 ) ;
#7895 = CARTESIAN_POINT ( 'NONE',  ( -7.247201726393521781, 3.046453914618040937, -2.450016609050683414 ) ) ;
#7896 = CYLINDRICAL_SURFACE ( 'NONE', #6504, 0.1000000000000001305 ) ;
#7897 = CARTESIAN_POINT ( 'NONE',  ( -2.078886112500000216, 5.301358535790038573, -2.545901223465009197E-16 ) ) ;
#7898 = VECTOR ( 'NONE', #616, 1000.000000000000000 ) ;
#7899 = ORIENTED_EDGE ( 'NONE', *, *, #2899, .T. ) ;
#7900 = CARTESIAN_POINT ( 'NONE',  ( 0.2839939729970685778, 5.144405313581365213, 1.678451760982877294 ) ) ;
#7901 = CARTESIAN_POINT ( 'NONE',  ( 1.087676747430534663, 7.301275671097969600, 1.307634209531546965 ) ) ;
#7902 = CARTESIAN_POINT ( 'NONE',  ( 1.700548025208705738, 0.3982084304057348367, 0.03115162977620322682 ) ) ;
#7903 = CARTESIAN_POINT ( 'NONE',  ( 4.500000000000000000, 1.500000000000000444, 0.000000000000000000 ) ) ;
#7904 = ORIENTED_EDGE ( 'NONE', *, *, #4049, .F. ) ;
#7905 = EDGE_LOOP ( 'NONE', ( #1338, #8126, #5396, #6148 ) ) ;
#7906 = CARTESIAN_POINT ( 'NONE',  ( 0.8499999999999988676, 7.108333331421502699, 1.472243186433546347 ) ) ;
#7907 = DIRECTION ( 'NONE',  ( 0.000000000000000000, 0.000000000000000000, -1.000000000000000000 ) ) ;
#7908 = CARTESIAN_POINT ( 'NONE',  ( -0.07909997212888553175, 9.319570137322640946, 1.698675515019252069 ) ) ;
#7909 = CARTESIAN_POINT ( 'NONE',  ( 1.469876756697713053E-16, 7.793749999044076837, -2.400490913332886667 ) ) ;
#7910 = CARTESIAN_POINT ( 'NONE',  ( -1.343283265363087731, 2.075828428179580687, -1.042042692891790967 ) ) ;
#7911 = CARTESIAN_POINT ( 'NONE',  ( -0.4895339067455236060, 0.1914031952996521624, 1.628039866000899671 ) ) ;
#7912 = CARTESIAN_POINT ( 'NONE',  ( -2.571963978632910930, 3.176175380897987566, -7.204686064820229774 ) ) ;
#7913 = DIRECTION ( 'NONE',  ( -0.7071067811865550112, 0.000000000000000000, 0.7071067811865401342 ) ) ;
#7914 = CARTESIAN_POINT ( 'NONE',  ( 2.081899558550500280E-16, 10.19999999999999929, 1.699999999999999956 ) ) ;
#7915 = EDGE_CURVE ( 'NONE', #2407, #4086, #1781, .T. ) ;
#7916 = ORIENTED_EDGE ( 'NONE', *, *, #5659, .F. ) ;
#7917 = CARTESIAN_POINT ( 'NONE',  ( 0.8536270437191901816, 4.716547982909806258, -1.471131982974507979 ) ) ;
#7918 = CARTESIAN_POINT ( 'NONE',  ( -1.529140010984859188, 2.799355326480215123, -0.7514253895573509423 ) ) ;
#7919 = CARTESIAN_POINT ( 'NONE',  ( -1.522731361577394305, 6.998243534259670717, -0.7641694366029594399 ) ) ;
#7920 = CARTESIAN_POINT ( 'NONE',  ( -0.3928506440020107515, 0.5094916417339330206, 0.7033512673329429532 ) ) ;
#7921 = CARTESIAN_POINT ( 'NONE',  ( 1.039443056250000330, -0.5770833342892487394, -1.800368184999674215 ) ) ;
#7922 = CARTESIAN_POINT ( 'NONE',  ( -1.152428761342024544, 8.543240035725933268, 1.250628929991352445 ) ) ;
#7923 = CARTESIAN_POINT ( 'NONE',  ( -1.017152714406415415, 4.845504085867213817, -1.362264037485797052 ) ) ;
#7924 = CARTESIAN_POINT ( 'NONE',  ( -0.5646921840180325614, 4.113753052296273971, -1.603528804118241613 ) ) ;
#7925 = CARTESIAN_POINT ( 'NONE',  ( -1.057550107690648833, 6.248836775899722085, -1.331012568648046290 ) ) ;
#7926 = CARTESIAN_POINT ( 'NONE',  ( 0.2071630348855470205, 4.060782977137959548, -1.687350371105496682 ) ) ;
#7927 = CARTESIAN_POINT ( 'NONE',  ( -2.472118714102114367, 3.116491533522731672, 7.239567554180997178 ) ) ;
#7928 = CARTESIAN_POINT ( 'NONE',  ( -1.127970962812895328, 9.754781413912718691, -1.271881151414149924 ) ) ;
#7929 = CARTESIAN_POINT ( 'NONE',  ( 1.699999999999999956, 0.3999999999999999667, 0.000000000000000000 ) ) ;
#7930 = DIRECTION ( 'NONE',  ( -0.5120428415488804674, -0.6896551724137937045, 0.5120428415488771368 ) ) ;
#7931 = CARTESIAN_POINT ( 'NONE',  ( 1.873810884940545013E-06, 0.9250273915134427094, 1.699999999997947375 ) ) ;
#7932 = CARTESIAN_POINT ( 'NONE',  ( 2.078886112500000216, 8.451358535790040705, 0.000000000000000000 ) ) ;
#7933 =( BOUNDED_CURVE ( )  B_SPLINE_CURVE ( 2, ( #2845, #6798, #843, #2053, #6709, #5320, #8086, #7952, #6840, #7307, #3493, #4848, #5415, #7397, #6061, #6149, #882, #3407, #8042, #193, #2140, #1446, #5365, #102, #5501, #1359, #4147, #4015, #3536, #4102, #60, #6668, #6754, #796, #2758, #3450, #710, #3362, #4803, #6108, #7485, #7442, #1491, #8127, #6016, #2185, #2709, #7992, #4719, #7353, #1405, #4058, #1623, #4278, #363, #1054, #5669, #3021, #4233, #5714, #1750, #3063, #5022, #6930, #2938, #8301, #2366, #1580, #234, #4405, #278, #8340, #5586, #321, #1668, #3706, #8258, #6366, #974, #7012, #2317, #6884, #3623, #7696, #6282, #2977, #4976, #2405, #4888, #7616, #1014, #7655, #5627, #1708, #8217, #4363, #7051, #4321, #6971, #5063, #3664, #2275, #1098, #4934, #3753, #6324, #2891, #7530, #7571, #404, #5545, #8174, #2229, #929, #3581, #6239, #2036, #8382, #37, #444, #8468, #1432, #2448, #5998, #84, #5104, #7741, #2736, #4039, #7332, #4744, #486, #7975, #1138, #3143, #3102, #2080, #5348, #528, #8426, #1798, #4698, #4451, #2690, #5753, #2532, #7094, #6407, #3795, #1384, #5394, #6447, #5792, #8021, #6693, #736, #7379, #2490, #3388, #5145, #7782, #1837, #3187, #5186, #1179, #6042, #4490, #7135, #5835 ),
 .UNSPECIFIED., .F., .F. ) 
 B_SPLINE_CURVE_WITH_KNOTS ( ( 3, 2, 2, 2, 2, 2, 2, 2, 2, 2, 2, 2, 2, 2, 2, 2, 2, 2, 2, 2, 2, 2, 2, 2, 2, 2, 2, 2, 2, 2, 2, 2, 2, 2, 2, 2, 2, 2, 2, 2, 2, 2, 2, 2, 2, 2, 2, 2, 2, 2, 2, 2, 2, 2, 2, 2, 2, 2, 2, 2, 2, 2, 2, 2, 2, 2, 2, 2, 2, 2, 2, 2, 2, 2, 2, 2, 2, 2, 2, 2, 2, 2, 2, 2, 3 ),
 ( 0.1088061611168386206, 0.1166616738965152306, 0.1272672806143802515, 0.1378728873322452864, 0.1484784940501103212, 0.1590841007679753560, 0.1696897074858403631, 0.1802953142037054257, 0.1909009209215704328, 0.2015065276394354399, 0.2121121343573004747, 0.2227177410751655096, 0.2333233477930305444, 0.2439289545108955792, 0.2545345612287605586, 0.2651401679466256489, 0.2757457746644906282, 0.2863513813823556631, 0.2969569881002207534, 0.3075625948180856772, 0.3181682015359507676, 0.3287738082538158024, 0.3393794149716807818, 0.3499850216895458721, 0.3605906284074108514, 0.3711962351252758863, 0.3818018418431409211, 0.3924074485610059559, 0.4030130552788709353, 0.4136186619967360256, 0.4242242687146010605, 0.4348298754324659843, 0.4454354821503310746, 0.4560410888681961095, 0.4666466955860611443, 0.4772523023039261791, 0.4878579090217912140, 0.4984635157396562488, 0.5090691224575212281, 0.5196747291753862630, 0.5302803358932514088, 0.5408859426111163327, 0.5514915493289813675, 0.5620971560468465134, 0.5727027627647114372, 0.5833083694825764720, 0.5939139762004415068, 0.6045195829183065417, 0.6151251896361714655, 0.6257307963540366114, 0.6363364030719016462, 0.6469420097897665700, 0.6575476165076317159, 0.6681532232254966397, 0.6787588299433616745, 0.6893644366612267094, 0.6999700433790918552, 0.7105756500969567790, 0.7211812568148218139, 0.7317868635326868487, 0.7423924702505518836, 0.7529980769684170294, 0.7636036836862819532, 0.7742092904041468771, 0.7848148971220120229, 0.7954205038398769467, 0.8060261105577420926, 0.8166317172756071274, 0.8272373239934721623, 0.8378429307113370861, 0.8484485374292021209, 0.8590541441470672668, 0.8696597508649321906, 0.8802653575827973365, 0.8908709643006622603, 0.9014765710185271841, 0.9120821777363924410, 0.9226877844542573648, 0.9332933911721223996, 0.9438989978899874345, 0.9545046046078523583, 0.9651102113257175041, 0.9757158180435825390, 0.9863214247614475738, 0.9903824627363584376 ),
 .UNSPECIFIED. ) 
 CURVE ( )  GEOMETRIC_REPRESENTATION_ITEM ( )  RATIONAL_B_SPLINE_CURVE ( ( 0.9485360064444996464, 0.9007657759974698752, 1.000000000000000000, 0.8660254037844387076, 1.000000000000000000, 0.8660254037844387076, 1.000000000000000000, 0.8660254037844387076, 1.000000000000000000, 0.8660254037844387076, 1.000000000000000000, 0.8660254037844387076, 1.000000000000000000, 0.8660254037844387076, 1.000000000000000000, 0.8660254037844387076, 1.000000000000000000, 0.8660254037844387076, 1.000000000000000000, 0.8660254037844387076, 1.000000000000000000, 0.8660254037844387076, 1.000000000000000000, 0.8660254037844387076, 1.000000000000000000, 0.8660254037844387076, 1.000000000000000000, 0.8660254037844387076, 1.000000000000000000, 0.8660254037844387076, 1.000000000000000000, 0.8660254037844387076, 1.000000000000000000, 0.8660254037844387076, 1.000000000000000000, 0.8660254037844387076, 1.000000000000000000, 0.8660254037844387076, 1.000000000000000000, 0.8660254037844387076, 1.000000000000000000, 0.8660254037844387076, 1.000000000000000000, 0.8660254037844387076, 1.000000000000000000, 0.8660254037844387076, 1.000000000000000000, 0.8660254037844387076, 1.000000000000000000, 0.8660254037844387076, 1.000000000000000000, 0.8660254037844387076, 1.000000000000000000, 0.8660254037844387076, 1.000000000000000000, 0.8660254037844387076, 1.000000000000000000, 0.8660254037844387076, 1.000000000000000000, 0.8660254037844387076, 1.000000000000000000, 0.8660254037844387076, 1.000000000000000000, 0.8660254037844387076, 1.000000000000000000, 0.8660254037844387076, 1.000000000000000000, 0.8660254037844387076, 1.000000000000000000, 0.8660254037844387076, 1.000000000000000000, 0.8660254037844387076, 1.000000000000000000, 0.8660254037844387076, 1.000000000000000000, 0.8660254037844387076, 1.000000000000000000, 0.8660254037844387076, 1.000000000000000000, 0.8660254037844387076, 1.000000000000000000, 0.8660254037844387076, 1.000000000000000000, 0.8660254037844387076, 1.000000000000000000, 0.8660254037844387076, 1.000000000000000000, 0.8660254037844387076, 1.000000000000000000, 0.8660254037844387076, 1.000000000000000000, 0.8660254037844387076, 1.000000000000000000, 0.8660254037844387076, 1.000000000000000000, 0.8660254037844387076, 1.000000000000000000, 0.8660254037844387076, 1.000000000000000000, 0.8660254037844387076, 1.000000000000000000, 0.8660254037844387076, 1.000000000000000000, 0.8660254037844387076, 1.000000000000000000, 0.8660254037844387076, 1.000000000000000000, 0.8660254037844387076, 1.000000000000000000, 0.8660254037844387076, 1.000000000000000000, 0.8660254037844387076, 1.000000000000000000, 0.8660254037844387076, 1.000000000000000000, 0.8660254037844387076, 1.000000000000000000, 0.8660254037844387076, 1.000000000000000000, 0.8660254037844387076, 1.000000000000000000, 0.8660254037844387076, 1.000000000000000000, 0.8660254037844387076, 1.000000000000000000, 0.8660254037844387076, 1.000000000000000000, 0.8660254037844387076, 1.000000000000000000, 0.8660254037844387076, 1.000000000000000000, 0.8660254037844387076, 1.000000000000000000, 0.8660254037844387076, 1.000000000000000000, 0.8660254037844387076, 1.000000000000000000, 0.8660254037844387076, 1.000000000000000000, 0.8660254037844387076, 1.000000000000000000, 0.8660254037844387076, 1.000000000000000000, 0.8660254037844387076, 1.000000000000000000, 0.8660254037844387076, 1.000000000000000000, 0.8660254037844387076, 1.000000000000000000, 0.8660254037844387076, 1.000000000000000000, 0.8660254037844387076, 1.000000000000000000, 0.8660254037844387076, 1.000000000000000000, 0.8660254037844387076, 1.000000000000000000, 0.8660254037844387076, 1.000000000000000000, 0.8660254037844387076, 1.000000000000000000, 0.8660254037844387076, 1.000000000000000000, 0.8660254037844387076, 1.000000000000000000, 0.8660254037844387076, 1.000000000000000000, 0.9486992175574209263, 0.9366860366984495201 ) ) 
 REPRESENTATION_ITEM ( '' )  );
#7934 = ORIENTED_EDGE ( 'NONE', *, *, #4959, .T. ) ;
#7935 = CARTESIAN_POINT ( 'NONE',  ( -2.571963978632912706, 3.000000000000000000, -7.204686064820227998 ) ) ;
#7936 = CARTESIAN_POINT ( 'NONE',  ( -2.078886112500000216, 0.9687499990440845421, -2.545901223465009197E-16 ) ) ;
#7937 = CARTESIAN_POINT ( 'NONE',  ( 0.6229866441932592203, 7.267742402075393571, 1.581756283701874821 ) ) ;
#7938 = CARTESIAN_POINT ( 'NONE',  ( 1.003268080938611195, 0.5054898548324868734, -1.372710572265012363 ) ) ;
#7939 = DIRECTION ( 'NONE',  ( -0.000000000000000000, -1.000000000000000000, -0.000000000000000000 ) ) ;
#7940 = EDGE_CURVE ( 'NONE', #2399, #8058, #5334, .T. ) ;
#7941 = VERTEX_POINT ( 'NONE', #778 ) ;
#7942 = AXIS2_PLACEMENT_3D ( 'NONE', #1554, #4206, #2248 ) ;
#7943 = VERTEX_POINT ( 'NONE', #5994 ) ;
#7944 = CARTESIAN_POINT ( 'NONE',  ( 1.201985270554894323E-16, 7.399999998088168773, -1.962990915244727130 ) ) ;
#7945 = CARTESIAN_POINT ( 'NONE',  ( -7.296724953260060431, 8.000000000000000000, -2.297891415291851924 ) ) ;
#7946 = VECTOR ( 'NONE', #6328, 1000.000000000000000 ) ;
#7947 = CARTESIAN_POINT ( 'NONE',  ( -0.5101622282888591542, 0.4405468994860988752, -1.621647645958282702 ) ) ;
#7948 = CARTESIAN_POINT ( 'NONE',  ( 1.039443056249994779, 7.035416665710743978, -1.800368184999665111 ) ) ;
#7949 = CARTESIAN_POINT ( 'NONE',  ( -1.226788594710680913, 2.236240590722916810, 1.177071549387185723 ) ) ;
#7950 = CARTESIAN_POINT ( 'NONE',  ( -0.3656868666163875514, 7.899903575947780254, 1.660217862843939240 ) ) ;
#7951 = ORIENTED_EDGE ( 'NONE', *, *, #4170, .F. ) ;
#7952 = CARTESIAN_POINT ( 'NONE',  ( 1.469876756697720941E-16, 0.8812499990440670894, -2.400490913332899545 ) ) ;
#7953 = CARTESIAN_POINT ( 'NONE',  ( -0.4555180247160264262, 4.218738957176284998, 1.699997461054203463 ) ) ;
#7954 = ORIENTED_EDGE ( 'NONE', *, *, #7940, .T. ) ;
#7955 = CARTESIAN_POINT ( 'NONE',  ( -0.8747034558671968885, 3.664914447306338197, 1.459561383200060680 ) ) ;
#7956 = CARTESIAN_POINT ( 'NONE',  ( 0.000000000000000000, 10.19999999999999929, -1.699999999999999956 ) ) ;
#7957 = CARTESIAN_POINT ( 'NONE',  ( -0.2826362990833500288, 3.005604893359362428, 1.676580691126415834 ) ) ;
#7958 = CARTESIAN_POINT ( 'NONE',  ( -1.032591649361693564, 6.946840241702920693, -1.350465710043985412 ) ) ;
#7959 = CARTESIAN_POINT ( 'NONE',  ( -0.1613371253885114986, 0.5607868306085812549, -0.2684647173549521426 ) ) ;
#7960 = CARTESIAN_POINT ( 'NONE',  ( -0.7680812144389108642, 10.20064543719287720, 1.957039017417099735 ) ) ;
#7961 = CARTESIAN_POINT ( 'NONE',  ( -0.5709847792772970720, 8.585828691428652348, 1.601393375923297224 ) ) ;
#7962 = CARTESIAN_POINT ( 'NONE',  ( -1.696244932953328233, 4.942482699203099017, -0.1243195622622168400 ) ) ;
#7963 = CARTESIAN_POINT ( 'NONE',  ( -0.2766736960506898657, 4.093939092763939414, -1.680697758815454357 ) ) ;
#7964 = EDGE_CURVE ( 'NONE', #8045, #2818, #8036, .T. ) ;
#7965 = CARTESIAN_POINT ( 'NONE',  ( -1.054509209061734287, 6.248606489329227465, -1.333421163791803643 ) ) ;
#7966 = CARTESIAN_POINT ( 'NONE',  ( -1.045004651996037648, -1.407485477710246791, 1.045004651996016554 ) ) ;
#7967 = CARTESIAN_POINT ( 'NONE',  ( 1.379977515127519982, 3.129972868190129098, 0.9932109457555277077 ) ) ;
#7968 = CARTESIAN_POINT ( 'NONE',  ( -1.196708299262175368, 9.760663389354103714, -1.211996712463905279 ) ) ;
#7969 = CARTESIAN_POINT ( 'NONE',  ( 0.8500000000000001998, 2.616666666666666252, -1.472243186433545459 ) ) ;
#7970 = CARTESIAN_POINT ( 'NONE',  ( 0.000000000000000000, -0.3000000000000027645, -9.299999999999998934 ) ) ;
#7971 = LINE ( 'NONE', #1429, #3618 ) ;
#7972 = EDGE_CURVE ( 'NONE', #8089, #3364, #2886, .T. ) ;
#7973 = FACE_OUTER_BOUND ( 'NONE', #2259, .T. ) ;
#7974 = CARTESIAN_POINT ( 'NONE',  ( 2.078886112499999328, 9.093025202456706424, 1.200245456666450661 ) ) ;
#7975 = CARTESIAN_POINT ( 'NONE',  ( -1.039443056250000996, 8.172916665710735273, 1.800368184999674215 ) ) ;
#7976 = VERTEX_POINT ( 'NONE', #6819 ) ;
#7977 = CARTESIAN_POINT ( 'NONE',  ( 0.6367110567513679653, 6.131317712736411352, -1.576264764015663733 ) ) ;
#7978 = CARTESIAN_POINT ( 'NONE',  ( -0.7908380881108471039, 4.370717488675071039, 1.505464769709437878 ) ) ;
#7979 = CARTESIAN_POINT ( 'NONE',  ( -1.039443056250000996, 3.885416665710750284, 1.800368184999674215 ) ) ;
#7980 = CARTESIAN_POINT ( 'NONE',  ( 4.027325123107952543, 3.021034482758621298, 4.027325123107949878 ) ) ;
#7981 = CARTESIAN_POINT ( 'NONE',  ( 1.400531651415357626, 0.4675499762250895919, -0.9636640209013981329 ) ) ;
#7982 =( BOUNDED_CURVE ( )  B_SPLINE_CURVE ( 2, ( #1676, #2987, #5635, #6157, #1632, #8266, #3502, #981, #6848, #7579, #6938, #5594, #6893, #6978, #2325, #8182, #3029, #3591, #370, #8225, #4856, #4986, #243, #7625, #1022, #8309, #1544, #5031, #202, #1715, #6806, #2854, #8138, #2194, #3545, #2238, #7538, #5509, #892, #2902, #4896, #1589, #534, #5153, #1187, #3844, #1844, #2413, #7790, #4540, #6456, #8349, #8474, #1805, #4371, #3070, #2497, #4497, #3231, #7101, #1145, #1757, #6494, #4413, #1061, #7142, #2539, #3150, #3193, #7059, #5112, #6535, #6414, #451, #1884, #5192, #5881, #3883, #3111, #7183, #3714, #7868, #1105, #3760, #5761, #3802, #5842, #8389, #2455, #7830, #1227, #7748, #4459, #8433, #5721, #5071, #6374, #411, #576, #8516, #7704, #494, #5800, #2578, #5233, #7019, #1442, #2624, #2049, #2798, #1352, #792, #4097, #6617, #658, #1967, #5410, #6705, #1401, #1266, #5361, #7223, #7948, #6576, #613, #8, #2008, #751, #4668, #7302, #2753, #3445, #4009, #4624, #5276, #7909, #7988, #6663, #1306, #6012, #53, #6103, #7262, #3965, #704, #4054, #146, #7348, #7393, #5455, #4583, #8035, #4713, #3357, #1924, #2705, #3314, #3402, #6057, #98, #2096, #3923, #4758, #6749, #2662, #5316, #3270, #5923, #8557, #5968, #8171, #3018, #8123, #5496, #4843, #7527, #8214, #6836, #3533 ),
 .UNSPECIFIED., .F., .F. ) 
 B_SPLINE_CURVE_WITH_KNOTS ( ( 3, 2, 2, 2, 2, 2, 2, 2, 2, 2, 2, 2, 2, 2, 2, 2, 2, 2, 2, 2, 2, 2, 2, 2, 2, 2, 2, 2, 2, 2, 2, 2, 2, 2, 2, 2, 2, 2, 2, 2, 2, 2, 2, 2, 2, 2, 2, 2, 2, 2, 2, 2, 2, 2, 2, 2, 2, 2, 2, 2, 2, 2, 2, 2, 2, 2, 2, 2, 2, 2, 2, 2, 2, 2, 2, 2, 2, 2, 2, 2, 2, 2, 2, 2, 2, 2, 2, 2, 2, 3 ),
 ( 0.07089923658418928465, 0.07423922600271741501, 0.08484482971739132351, 0.09545043343206524589, 0.1060560371467391544, 0.1166616408614130629, 0.1272672445760869853, 0.1378728482907609076, 0.1484784520054348300, 0.1590840557201087246, 0.1696896594347826470, 0.1802952631494565694, 0.1909008668641304918, 0.2015064705788043864, 0.2121120742934783365, 0.2227176780081522034, 0.2333232817228261258, 0.2439288854375000759, 0.2545344891521739705, 0.2651400928668479207, 0.2757456965815217598, 0.2863513002961957099, 0.2969569040108696600, 0.3075625077255434991, 0.3181681114402174493, 0.3287737151548913994, 0.3393793188695652940, 0.3499849225842391887, 0.3605905262989131943, 0.3711961300135870889, 0.3818017337282609280, 0.3924073374429348782, 0.4030129411576087728, 0.4136185448722826674, 0.4242241485869566731, 0.4348297523016305122, 0.4454353560163044068, 0.4560409597309784124, 0.4666465634456523071, 0.4772521671603262017, 0.4878577708750000963, 0.4984633745896739909, 0.5090689783043478300, 0.5196745820190218357, 0.5302801857336958413, 0.5408857894483696249, 0.5514913931630435195, 0.5620969968777175252, 0.5727026005923914198, 0.5833082043070653144, 0.5939138080217393201, 0.6045194117364131037, 0.6151250154510869983, 0.6257306191657610039, 0.6363362228804348986, 0.6469418265951087932, 0.6575474303097826878, 0.6681530340244566935, 0.6787586377391304771, 0.6893642414538044827, 0.6999698451684783773, 0.7105754488831522719, 0.7211810525978262776, 0.7317866563125001722, 0.7423922600271739558, 0.7529978637418479614, 0.7636034674565218561, 0.7742090711711957507, 0.7848146748858697563, 0.7954202786005435399, 0.8060258823152175456, 0.8166314860298914402, 0.8272370897445654458, 0.8378426934592392294, 0.8484482971739133461, 0.8590539008885871297, 0.8696595046032609133, 0.8802651083179350300, 0.8908707120326088136, 0.9014763157472828192, 0.9120819194619567138, 0.9226875231766306085, 0.9332931268913045031, 0.9438987306059785087, 0.9545043343206524034, 0.9651099380353261870, 0.9757155417500001926, 0.9863211454646740872, 0.9969267491793479818, 0.9983783437065707478 ),
 .UNSPECIFIED. ) 
 CURVE ( )  GEOMETRIC_REPRESENTATION_ITEM ( )  RATIONAL_B_SPLINE_CURVE ( ( 0.9421905161639663184, 0.9578078018234428281, 1.000000000000000000, 0.8660254037844387076, 1.000000000000000000, 0.8660254037844387076, 1.000000000000000000, 0.8660254037844387076, 1.000000000000000000, 0.8660254037844387076, 1.000000000000000000, 0.8660254037844387076, 1.000000000000000000, 0.8660254037844387076, 1.000000000000000000, 0.8660254037844387076, 1.000000000000000000, 0.8660254037844387076, 1.000000000000000000, 0.8660254037844387076, 1.000000000000000000, 0.8660254037844387076, 1.000000000000000000, 0.8660254037844387076, 1.000000000000000000, 0.8660254037844387076, 1.000000000000000000, 0.8660254037844387076, 1.000000000000000000, 0.8660254037844387076, 1.000000000000000000, 0.8660254037844387076, 1.000000000000000000, 0.8660254037844387076, 1.000000000000000000, 0.8660254037844387076, 1.000000000000000000, 0.8660254037844387076, 1.000000000000000000, 0.8660254037844387076, 1.000000000000000000, 0.8660254037844387076, 1.000000000000000000, 0.8660254037844387076, 1.000000000000000000, 0.8660254037844387076, 1.000000000000000000, 0.8660254037844387076, 1.000000000000000000, 0.8660254037844387076, 1.000000000000000000, 0.8660254037844387076, 1.000000000000000000, 0.8660254037844387076, 1.000000000000000000, 0.8660254037844387076, 1.000000000000000000, 0.8660254037844387076, 1.000000000000000000, 0.8660254037844387076, 1.000000000000000000, 0.8660254037844387076, 1.000000000000000000, 0.8660254037844387076, 1.000000000000000000, 0.8660254037844387076, 1.000000000000000000, 0.8660254037844387076, 1.000000000000000000, 0.8660254037844387076, 1.000000000000000000, 0.8660254037844387076, 1.000000000000000000, 0.8660254037844387076, 1.000000000000000000, 0.8660254037844387076, 1.000000000000000000, 0.8660254037844387076, 1.000000000000000000, 0.8660254037844387076, 1.000000000000000000, 0.8660254037844387076, 1.000000000000000000, 0.8660254037844387076, 1.000000000000000000, 0.8660254037844387076, 1.000000000000000000, 0.8660254037844387076, 1.000000000000000000, 0.8660254037844387076, 1.000000000000000000, 0.8660254037844387076, 1.000000000000000000, 0.8660254037844387076, 1.000000000000000000, 0.8660254037844387076, 1.000000000000000000, 0.8660254037844387076, 1.000000000000000000, 0.8660254037844387076, 1.000000000000000000, 0.8660254037844387076, 1.000000000000000000, 0.8660254037844387076, 1.000000000000000000, 0.8660254037844387076, 1.000000000000000000, 0.8660254037844387076, 1.000000000000000000, 0.8660254037844387076, 1.000000000000000000, 0.8660254037844387076, 1.000000000000000000, 0.8660254037844387076, 1.000000000000000000, 0.8660254037844387076, 1.000000000000000000, 0.8660254037844387076, 1.000000000000000000, 0.8660254037844387076, 1.000000000000000000, 0.8660254037844387076, 1.000000000000000000, 0.8660254037844387076, 1.000000000000000000, 0.8660254037844387076, 1.000000000000000000, 0.8660254037844387076, 1.000000000000000000, 0.8660254037844387076, 1.000000000000000000, 0.8660254037844387076, 1.000000000000000000, 0.8660254037844387076, 1.000000000000000000, 0.8660254037844387076, 1.000000000000000000, 0.8660254037844387076, 1.000000000000000000, 0.8660254037844387076, 1.000000000000000000, 0.8660254037844387076, 1.000000000000000000, 0.8660254037844387076, 1.000000000000000000, 0.8660254037844387076, 1.000000000000000000, 0.8660254037844387076, 1.000000000000000000, 0.8660254037844387076, 1.000000000000000000, 0.8660254037844387076, 1.000000000000000000, 0.8660254037844387076, 1.000000000000000000, 0.8660254037844387076, 1.000000000000000000, 0.8660254037844387076, 1.000000000000000000, 0.8660254037844387076, 1.000000000000000000, 0.8660254037844387076, 1.000000000000000000, 0.8660254037844387076, 1.000000000000000000, 0.8660254037844387076, 1.000000000000000000, 0.8660254037844387076, 1.000000000000000000, 0.8660254037844387076, 1.000000000000000000, 0.8660254037844387076, 1.000000000000000000, 0.8660254037844387076, 1.000000000000000000, 0.8660254037844387076, 1.000000000000000000, 0.9816628269464462431, 0.9683452908254785996 ) ) 
 REPRESENTATION_ITEM ( '' )  );
#7983 = CARTESIAN_POINT ( 'NONE',  ( -0.8769652071437686880, 0.5014716096717410920, 1.846151665375678874 ) ) ;
#7984 = ORIENTED_EDGE ( 'NONE', *, *, #8390, .F. ) ;
#7985 = CARTESIAN_POINT ( 'NONE',  ( -1.699999999999999956, 5.474999998088168951, -2.081899558550500280E-16 ) ) ;
#7986 = DIRECTION ( 'NONE',  ( 1.000000000000000000, 0.000000000000000000, 0.000000000000000000 ) ) ;
#7987 = CARTESIAN_POINT ( 'NONE',  ( -0.1562325179810875320, 9.314278871927136549, 1.692888848364351828 ) ) ;
#7988 = CARTESIAN_POINT ( 'NONE',  ( -1.039443056249994113, 7.852083332377413072, -1.800368184999665333 ) ) ;
#7989 = CARTESIAN_POINT ( 'NONE',  ( -1.097121835699146342, 2.051862136913499057, -1.303620382003999323 ) ) ;
#7990 = CARTESIAN_POINT ( 'NONE',  ( -1.032124092937826587, 5.546912743017060166, -1.350939891126966774 ) ) ;
#7991 = ORIENTED_EDGE ( 'NONE', *, *, #2890, .T. ) ;
#7992 = CARTESIAN_POINT ( 'NONE',  ( -2.078886112500001104, 3.214583332377400904, 1.200245456666448884 ) ) ;
#7993 = CARTESIAN_POINT ( 'NONE',  ( 1.932943794371716484, 0.000000000000000000, 0.8087303649797770166 ) ) ;
#7994 = ORIENTED_EDGE ( 'NONE', *, *, #870, .F. ) ;
#7995 = AXIS2_PLACEMENT_3D ( 'NONE', #3990, #6643, #8413 ) ;
#7996 = ORIENTED_EDGE ( 'NONE', *, *, #6753, .T. ) ;
#7997 = CARTESIAN_POINT ( 'NONE',  ( -0.7802899536413336889, 3.671450719445023214, 1.510349526761273653 ) ) ;
#7998 = CARTESIAN_POINT ( 'NONE',  ( 0.000000000000000000, 8.000000000000000000, 0.000000000000000000 ) ) ;
#7999 = CARTESIAN_POINT ( 'NONE',  ( -1.273603932458567067, 2.931577183480868598, 1.126114808766220721 ) ) ;
#8000 = CARTESIAN_POINT ( 'NONE',  ( -1.239536597070385771, 6.965034215775182780, -1.163554990899825725 ) ) ;
#8001 = TOROIDAL_SURFACE ( 'NONE', #2747, 9.099999999999997868, 0.2000000000000000111 ) ;
#8002 = CARTESIAN_POINT ( 'NONE',  ( -1.835279391231369406, 0.5018124101701934014, 0.1015322280455804166 ) ) ;
#8003 = CARTESIAN_POINT ( 'NONE',  ( 1.039443056249998776, 8.902083332377419111, 1.800368184999675325 ) ) ;
#8004 = CARTESIAN_POINT ( 'NONE',  ( -1.275049577388017275, 8.531276886757536815, 1.124750316048945376 ) ) ;
#8005 = CARTESIAN_POINT ( 'NONE',  ( -1.691892453114101968, 4.960249000772686934, 0.1679599889961367609 ) ) ;
#8006 = CIRCLE ( 'NONE', #3586, 0.2000000000000005107 ) ;
#8007 = CARTESIAN_POINT ( 'NONE',  ( 1.189941938959404588, 1.710339655391071911, 1.214109010272712119 ) ) ;
#8008 = DIRECTION ( 'NONE',  ( 0.8028956459037004390, 0.5961196035938423066, 0.000000000000000000 ) ) ;
#8009 = ORIENTED_EDGE ( 'NONE', *, *, #7415, .T. ) ;
#8010 = CARTESIAN_POINT ( 'NONE',  ( 0.000000000000000000, 0.6907299841604572777, 0.000000000000000000 ) ) ;
#8011 = EDGE_CURVE ( 'NONE', #3682, #6066, #2076, .T. ) ;
#8012 = CARTESIAN_POINT ( 'NONE',  ( -2.645961513681670722E-06, 3.375000181585584791, -1.699999999997940714 ) ) ;
#8013 = CARTESIAN_POINT ( 'NONE',  ( -1.612522872761162906, 9.814370986868125257, -0.5482869622630084372 ) ) ;
#8014 = CARTESIAN_POINT ( 'NONE',  ( -1.700000000000000400, 4.308333333333333570, 0.9814954576223632321 ) ) ;
#8015 = CARTESIAN_POINT ( 'NONE',  ( 2.078886112499999772, -0.6354166676225821986, -1.200245456666449329 ) ) ;
#8016 = LINE ( 'NONE', #2782, #7181 ) ;
#8017 = CARTESIAN_POINT ( 'NONE',  ( 2.078886112500000216, -0.7812500009559154579, 0.000000000000000000 ) ) ;
#8018 = CARTESIAN_POINT ( 'NONE',  ( 1.414318836391971790E-06, 4.599999901027072902, -1.699999999999411537 ) ) ;
#8019 = CARTESIAN_POINT ( 'NONE',  ( -0.7795822751540372186, 10.19999999999999751, 1.927179012186210461 ) ) ;
#8020 = ADVANCED_FACE ( 'NONE', ( #5521 ), #172, .T. ) ;
#8021 = CARTESIAN_POINT ( 'NONE',  ( -2.078886112500000216, 9.397916665710734918, -1.200245456666450217 ) ) ;
#8022 = EDGE_LOOP ( 'NONE', ( #3607, #989, #2922, #1725 ) ) ;
#8023 = CYLINDRICAL_SURFACE ( 'NONE', #118, 1.699999999999999956 ) ;
#8024 = AXIS2_PLACEMENT_3D ( 'NONE', #591, #1326, #7416 ) ;
#8025 = CARTESIAN_POINT ( 'NONE',  ( -1.689047430023024043, 4.261798585247129623, 0.1927742965884311765 ) ) ;
#8026 = CARTESIAN_POINT ( 'NONE',  ( -2.078886112500000216, 5.868749999044084120, -2.545901223465009197E-16 ) ) ;
#8027 = CARTESIAN_POINT ( 'NONE',  ( 1.448745204804447351, 7.461488845462916686, -0.8895295817225883361 ) ) ;
#8029 = CARTESIAN_POINT ( 'NONE',  ( -1.551743430058139861, 0.5025977578281697333, -0.7911132847902924148 ) ) ;
#8028 = FACE_OUTER_BOUND ( 'NONE', #5838, .T. ) ;
#8030 = CARTESIAN_POINT ( 'NONE',  ( -1.039443056249999664, 0.2846918691233734644, -1.800368184999674437 ) ) ;
#8031 = ORIENTED_EDGE ( 'NONE', *, *, #3813, .F. ) ;
#8032 = CARTESIAN_POINT ( 'NONE',  ( 1.699999999999999067, 4.366666664754835558, 0.9814954576223646754 ) ) ;
#8033 = LINE ( 'NONE', #144, #3582 ) ;
#8034 = CARTESIAN_POINT ( 'NONE',  ( 1.951905971867616829, 1.016439536705159174E-17, 0.7447795716051356374 ) ) ;
#8035 = CARTESIAN_POINT ( 'NONE',  ( -2.078886112499990002, 8.727083332377413072, 1.200245456666443111 ) ) ;
#8036 =( BOUNDED_CURVE ( )  B_SPLINE_CURVE ( 2, ( #2731, #1428, #731, #6039, #7421, #906, #6776, #7466, #2033 ),
 .UNSPECIFIED., .F., .F. ) 
 B_SPLINE_CURVE_WITH_KNOTS ( ( 3, 2, 2, 2, 3 ),
 ( 0.6522446894908421333, 0.6575474918025993043, 0.6681530965090928254, 0.6787587012155862354, 0.6840615042451285710 ),
 .UNSPECIFIED. ) 
 CURVE ( )  GEOMETRIC_REPRESENTATION_ITEM ( )  RATIONAL_B_SPLINE_CURVE ( ( 0.9330127018922194093, 0.9330127024163346050, 1.000000000000000000, 0.8660254037844387076, 1.000000000000000000, 0.8660254037844387076, 1.000000000000000000, 0.9330126933489617524, 0.9330127018922205195 ) ) 
 REPRESENTATION_ITEM ( '' )  );
#8037 = CARTESIAN_POINT ( 'NONE',  ( -0.4695048301121159118, 2.292795575448753898, 1.638605435835455815 ) ) ;
#8038 = CARTESIAN_POINT ( 'NONE',  ( -1.659729589337810118, 5.626755712827191225, -0.3678508180175884545 ) ) ;
#8039 = EDGE_CURVE ( 'NONE', #1346, #5877, #3429, .T. ) ;
#8040 = ORIENTED_EDGE ( 'NONE', *, *, #1723, .F. ) ;
#8041 = AXIS2_PLACEMENT_3D ( 'NONE', #2900, #2281, #8180 ) ;
#8042 = CARTESIAN_POINT ( 'NONE',  ( 1.039443056250000330, 1.522916665710734030, -1.800368184999674437 ) ) ;
#8043 = CARTESIAN_POINT ( 'NONE',  ( 2.109779020257023685, 1.301042606982605321E-15, -0.7277389394079375462 ) ) ;
#8044 = CARTESIAN_POINT ( 'NONE',  ( 2.571963978632909154, 3.176175380897986233, 7.204686064820229774 ) ) ;
#8045 = VERTEX_POINT ( 'NONE', #214 ) ;
#8046 = ORIENTED_EDGE ( 'NONE', *, *, #6266, .T. ) ;
#8047 = CARTESIAN_POINT ( 'NONE',  ( -1.221442915715134969, 3.636732030234793633, 1.182444142009041022 ) ) ;
#8048 = CARTESIAN_POINT ( 'NONE',  ( 4.555805433952622607, 7.763919350724530766, 2.192314546146025389 ) ) ;
#8049 = PRODUCT_RELATED_PRODUCT_CATEGORY ( 'part', '', ( #4474 ) ) ;
#8050 = CARTESIAN_POINT ( 'NONE',  ( -0.05678351918592596664, 3.021029458707549686, 1.699999999299466547 ) ) ;
#8051 = CARTESIAN_POINT ( 'NONE',  ( -1.390674987760588621, 7.118729832470603647, 0.9778265681478952587 ) ) ;
#8052 = CARTESIAN_POINT ( 'NONE',  ( -0.7328108159559870716, 0.5023748341480254176, -1.438936309611408282 ) ) ;
#8053 = CARTESIAN_POINT ( 'NONE',  ( 1.039443056250000330, 9.135416665710753392, -1.800368184999674215 ) ) ;
#8054 = CARTESIAN_POINT ( 'NONE',  ( 1.095142597279555208, 6.798051845058315834, -1.300568486424725334 ) ) ;
#8055 = CARTESIAN_POINT ( 'NONE',  ( -1.098232137168520639, 4.852047012393929215, -1.298749397361689484 ) ) ;
#8056 = DIRECTION ( 'NONE',  ( -0.000000000000000000, -1.000000000000000000, -0.000000000000000000 ) ) ;
#8057 = CARTESIAN_POINT ( 'NONE',  ( -1.121454125553766445, 6.445786773425295380, 1.277667103868897147 ) ) ;
#8058 = VERTEX_POINT ( 'NONE', #129 ) ;
#8059 = CARTESIAN_POINT ( 'NONE',  ( 0.07501840319354999287, 4.069851784923645077, -1.700000000107888765 ) ) ;
#8060 = CARTESIAN_POINT ( 'NONE',  ( 0.9433120262995653427, 3.309925027235664174, -1.414599597912171047 ) ) ;
#8061 = CARTESIAN_POINT ( 'NONE',  ( -1.123455590444272012, 9.754415227807415434, -1.275872296493338665 ) ) ;
#8062 = CARTESIAN_POINT ( 'NONE',  ( 0.8499999999999988676, 2.383333333333333304, 1.472243186433546347 ) ) ;
#8063 = CARTESIAN_POINT ( 'NONE',  ( -1.039443056249999664, 2.339583332377417779, -1.800368184999674437 ) ) ;
#8064 = CARTESIAN_POINT ( 'NONE',  ( 4.046831517071730389, 0.000000000000000000, -4.046831517071705520 ) ) ;
#8065 = CARTESIAN_POINT ( 'NONE',  ( -1.039443056249999664, -0.5479166676225821764, -1.800368184999674437 ) ) ;
#8066 = AXIS2_PLACEMENT_3D ( 'NONE', #189, #6926, #1486 ) ;
#8067 = CARTESIAN_POINT ( 'NONE',  ( 1.673815869547667923, 8.781433761245864389, 0.2972734067931940838 ) ) ;
#8068 = CARTESIAN_POINT ( 'NONE',  ( 1.699999999999999956, 4.424999998088168240, 0.000000000000000000 ) ) ;
#8069 = VERTEX_POINT ( 'NONE', #5480 ) ;
#8070 = LINE ( 'NONE', #7935, #8292 ) ;
#8071 = EDGE_CURVE ( 'NONE', #6529, #5228, #4035, .T. ) ;
#8072 = CARTESIAN_POINT ( 'NONE',  ( -1.236481258893254997, 4.335294783169183930, 1.167667957233039289 ) ) ;
#8073 = CARTESIAN_POINT ( 'NONE',  ( 1.039443056249998776, 6.102083332377417513, 1.800368184999675325 ) ) ;
#8074 = CARTESIAN_POINT ( 'NONE',  ( 1.694874977638577862, 7.391920014694592034, 0.1331172645712099811 ) ) ;
#8076 = LINE ( 'NONE', #4093, #8441 ) ;
#8075 = CARTESIAN_POINT ( 'NONE',  ( 0.000000000000000000, -0.001016675309814529804, 0.000000000000000000 ) ) ;
#8077 = CARTESIAN_POINT ( 'NONE',  ( -2.078886112499999772, 0.3430252024567069236, -1.200245456666450439 ) ) ;
#8078 = EDGE_CURVE ( 'NONE', #38, #3364, #8016, .T. ) ;
#8079 = CARTESIAN_POINT ( 'NONE',  ( -0.8499999999999996447, 6.058333331421501988, -1.472243186433545681 ) ) ;
#8080 = CARTESIAN_POINT ( 'NONE',  ( 9.639578968089462183E-08, 1.974999679798601804, -1.699999999999996625 ) ) ;
#8081 = CYLINDRICAL_SURFACE ( 'NONE', #2525, 0.1000000000000001443 ) ;
#8082 = CARTESIAN_POINT ( 'NONE',  ( 0.9681454689801833879, 0.3469097556946135752, -1.397438124537555559 ) ) ;
#8083 = ADVANCED_FACE ( 'NONE', ( #4692 ), #2687, .F. ) ;
#8084 = CARTESIAN_POINT ( 'NONE',  ( -1.588523650245617702, 5.689868659661347472, 0.6065211129330609907 ) ) ;
#8085 = VERTEX_POINT ( 'NONE', #8106 ) ;
#8086 = CARTESIAN_POINT ( 'NONE',  ( 1.039443056250000330, 0.8229166657107336302, -1.800368184999674437 ) ) ;
#8087 = CARTESIAN_POINT ( 'NONE',  ( -0.03529794816644490907, 8.673617379884035472E-16, 1.867141991091026743 ) ) ;
#8088 = CYLINDRICAL_SURFACE ( 'NONE', #1501, 1.699999999999999956 ) ;
#8089 = VERTEX_POINT ( 'NONE', #1514 ) ;
#8090 = CARTESIAN_POINT ( 'NONE',  ( -1.700018292278424825, 3.551305636311849590, 0.02225093105972717616 ) ) ;
#8091 = CARTESIAN_POINT ( 'NONE',  ( 1.286178705825938628, 1.019418524889219801, 1.119051489955555923 ) ) ;
#8092 = CARTESIAN_POINT ( 'NONE',  ( 0.000000000000000000, 8.000000000000000000, 0.000000000000000000 ) ) ;
#8093 = CARTESIAN_POINT ( 'NONE',  ( 1.611957676409644380, 5.264650875724111501, 0.5428689416383691846 ) ) ;
#8094 = CARTESIAN_POINT ( 'NONE',  ( -1.023679298636671842, 6.946164176475820184, -1.357236850119773797 ) ) ;
#8095 = CARTESIAN_POINT ( 'NONE',  ( 0.8747708214784568614, 0.5067348589085772792, 0.6494451057189796206 ) ) ;
#8096 = CARTESIAN_POINT ( 'NONE',  ( 2.078886112499999328, 0.6479166657107510163, 1.200245456666450661 ) ) ;
#8097 = CARTESIAN_POINT ( 'NONE',  ( 1.085892225762853380, 6.601187841019981128, 1.308029662098934454 ) ) ;
#8098 = CARTESIAN_POINT ( 'NONE',  ( -0.9705510852885760320, 5.058187857708269064, 1.398849913507401954 ) ) ;
#8099 = CARTESIAN_POINT ( 'NONE',  ( 0.000000000000000000, -0.7557262555325835462, 0.000000000000000000 ) ) ;
#8100 = ORIENTED_EDGE ( 'NONE', *, *, #3178, .F. ) ;
#8101 = CARTESIAN_POINT ( 'NONE',  ( -0.7609748357760522941, 0.2461796939549480978, -1.938531885160974966 ) ) ;
#8102 = CARTESIAN_POINT ( 'NONE',  ( 0.007961187691860271975, 3.374453644097586746, -1.700000012393233284 ) ) ;
#8103 = CARTESIAN_POINT ( 'NONE',  ( -1.649146370421091135, 9.876272865196160211, 0.4127000256707498149 ) ) ;
#8104 = CARTESIAN_POINT ( 'NONE',  ( -0.8499999999999996447, 3.433333333333333570, -1.472243186433545681 ) ) ;
#8105 = CARTESIAN_POINT ( 'NONE',  ( -4.409630270093162085E-16, 0.5312499990440844311, 2.400490913332899545 ) ) ;
#8106 = CARTESIAN_POINT ( 'NONE',  ( 2.986171345291913415, 3.090000000000001190, -5.107491688851530043 ) ) ;
#8107 = CARTESIAN_POINT ( 'NONE',  ( 2.078886112499999772, -0.02291666762258221662, -1.200245456666449329 ) ) ;
#8108 = AXIS2_PLACEMENT_3D ( 'NONE', #7028, #3161, #3769 ) ;
#8109 = CARTESIAN_POINT ( 'NONE',  ( 1.522764287283743245, 8.851283495983643945, -0.7641050661586825665 ) ) ;
#8110 = CARTESIAN_POINT ( 'NONE',  ( 0.5486842417308508413, 10.40715058406549076, 2.257582140089921641 ) ) ;
#8111 = VERTEX_POINT ( 'NONE', #6734 ) ;
#8112 = ORIENTED_EDGE ( 'NONE', *, *, #4612, .T. ) ;
#8113 = CARTESIAN_POINT ( 'NONE',  ( 1.247829599930026623, 9.584361492484857692, -1.159793503645802915 ) ) ;
#8114 = CARTESIAN_POINT ( 'NONE',  ( -0.8265540410593594789, 4.368205171505509021, 1.486025984278766199 ) ) ;
#8115 = CARTESIAN_POINT ( 'NONE',  ( -4.409630270093162085E-16, 3.943749999044084298, 2.400490913332899545 ) ) ;
#8116 = CARTESIAN_POINT ( 'NONE',  ( 1.010668708760344758, 7.505030848461639259, -1.369325970972705031 ) ) ;
#8117 = CARTESIAN_POINT ( 'NONE',  ( 0.6234169554320105888, 9.367771276311428252, 1.581593315694273194 ) ) ;
#8118 = CARTESIAN_POINT ( 'NONE',  ( -2.078886112499999772, 1.043025202456706380, -1.200245456666450439 ) ) ;
#8119 = EDGE_CURVE ( 'NONE', #5322, #7878, #4557, .T. ) ;
#8120 = ADVANCED_BREP_SHAPE_REPRESENTATION ( '', ( #6539, #5109 ), #6221 ) ;
#8121 = CARTESIAN_POINT ( 'NONE',  ( -1.699999999999999956, 6.174999998088169129, -2.081899558550500280E-16 ) ) ;
#8122 = CARTESIAN_POINT ( 'NONE',  ( -1.322793207534794346, 0.000000000000000000, 1.067809969095536271 ) ) ;
#8123 = CARTESIAN_POINT ( 'NONE',  ( -1.039443056249994113, 9.952083332377412717, -1.800368184999665333 ) ) ;
#8124 = CARTESIAN_POINT ( 'NONE',  ( 1.700122220388625038, 0.2478630766200802527, -0.003433001870243834654 ) ) ;
#8125 = CARTESIAN_POINT ( 'NONE',  ( -1.692075832996797979, 5.660208981809272011, 0.1645057383872990386 ) ) ;
#8126 = ORIENTED_EDGE ( 'NONE', *, *, #7768, .T. ) ;
#8127 = CARTESIAN_POINT ( 'NONE',  ( 1.469876756697720941E-16, 2.981249999044066623, -2.400490913332899545 ) ) ;
#8128 = CARTESIAN_POINT ( 'NONE',  ( -1.204870743087472773, 0.000000000000000000, 1.235754562914533450 ) ) ;
#8129 = DIRECTION ( 'NONE',  ( 0.000000000000000000, 0.000000000000000000, -1.000000000000000000 ) ) ;
#8130 = ORIENTED_EDGE ( 'NONE', *, *, #3343, .T. ) ;
#8131 = CARTESIAN_POINT ( 'NONE',  ( 1.039443056250000330, 9.922916665710751261, -1.800368184999674215 ) ) ;
#8132 = EDGE_CURVE ( 'NONE', #5526, #4701, #4869, .T. ) ;
#8133 = CARTESIAN_POINT ( 'NONE',  ( 0.000000000000000000, -0.7557262555325837683, 0.000000000000000000 ) ) ;
#8134 = EDGE_CURVE ( 'NONE', #104, #772, #3722, .T. ) ;
#8135 = DIRECTION ( 'NONE',  ( -0.7071067811865496822, 0.000000000000000000, 0.7071067811865453523 ) ) ;
#8136 = VECTOR ( 'NONE', #4084, 1000.000000000000114 ) ;
#8137 = CARTESIAN_POINT ( 'NONE',  ( 0.9508360239298189187, 5.409703692753146775, -1.412409468187042494 ) ) ;
#8138 = CARTESIAN_POINT ( 'NONE',  ( -1.039443056249995445, 1.785416665710745088, 1.800368184999665111 ) ) ;
#8139 = CARTESIAN_POINT ( 'NONE',  ( -1.022931116720774414, 0.5024821275089669248, -1.296341409666217359 ) ) ;
#8140 = CARTESIAN_POINT ( 'NONE',  ( 1.469876756697720448E-16, 5.081249999044083587, -2.400490913332899545 ) ) ;
#8141 = CARTESIAN_POINT ( 'NONE',  ( 1.673440809138031726, 6.681296705094780464, 0.2993621444542438614 ) ) ;
#8142 = CARTESIAN_POINT ( 'NONE',  ( -7.062077725444666771E-07, 5.124989481730990448, 1.699999999999702860 ) ) ;
#8143 = CARTESIAN_POINT ( 'NONE',  ( -1.032968463779037505, 10.19999999999999751, 1.824679254679623552 ) ) ;
#8144 = CIRCLE ( 'NONE', #1079, 7.650000000000000355 ) ;
#8145 = ORIENTED_EDGE ( 'NONE', *, *, #8398, .F. ) ;
#8146 = CARTESIAN_POINT ( 'NONE',  ( 2.063423506384122419, 0.03402647429225932885, 0.2764478378981087836 ) ) ;
#8147 = CARTESIAN_POINT ( 'NONE',  ( 0.000000000000000000, 1.500000000000000444, 0.000000000000000000 ) ) ;
#8148 = CARTESIAN_POINT ( 'NONE',  ( -0.9967792289754626722, 9.955987234877934355, 1.377408366939801398 ) ) ;
#8149 = AXIS2_PLACEMENT_3D ( 'NONE', #1035, #4341, #950 ) ;
#8150 = CARTESIAN_POINT ( 'NONE',  ( -3.605955811664682968E-16, 3.025000000000000355, 1.962990915244727130 ) ) ;
#8151 = CARTESIAN_POINT ( 'NONE',  ( -1.039443056249999664, 1.639583332377417602, -1.800368184999674437 ) ) ;
#8152 = CARTESIAN_POINT ( 'NONE',  ( 0.8499999999999988676, 1.508333331421502388, 1.472243186433546347 ) ) ;
#8153 = CARTESIAN_POINT ( 'NONE',  ( 2.078886112499999772, 0.6770833323774179124, -1.200245456666449329 ) ) ;
#8154 = CARTESIAN_POINT ( 'NONE',  ( 1.685888982115778534, 8.813851923786938158, -0.2248674392110722453 ) ) ;
#8155 = CARTESIAN_POINT ( 'NONE',  ( 0.4555142909592043154, 4.568739213414498401, -1.699999616739709341 ) ) ;
#8156 = B_SPLINE_CURVE_WITH_KNOTS ( 'NONE', 3,
 ( #4601, #7240, #7963, #1282, #6511, #1244, #3981, #3168, #7924, #5818, #2025, #3940, #1202, #2514, #629, #3286, #4640, #7278, #1859, #4516, #6635, #1900, #2554, #26, #4685, #7321, #3860, #5859, #7200, #4877, #3481, #7473, #830, #2739, #5487, #6002, #1389, #2083, #4042, #6136, #4132, #6783, #6094, #2789, #138, #3436, #178, #1567, #1521, #8025, #40, #6650, #2831, #6696, #692, #3347, #2694, #4832, #5444, #4178, #6045, #8072, #2128, #3523, #6828, #2171, #871, #87, #4748, #5351, #8114, #7978, #5529, #2039, #6181, #4791, #7382, #222, #8161, #4704, #5399, #7428, #2217, #1478, #784, #2873, #7517 ),
 .UNSPECIFIED., .F., .F.,
 ( 4, 2, 2, 2, 2, 2, 2, 1, 1, 2, 2, 1, 2, 2, 2, 2, 2, 2, 2, 2, 2, 2, 1, 2, 2, 2, 2, 1, 2, 2, 2, 2, 2, 2, 2, 2, 2, 2, 2, 2, 1, 1, 2, 2, 2, 2, 4 ),
 ( 0.4075131416439599086, 0.4096908802253758641, 0.4107797495160838142, 0.4110519668387608294, 0.4113241841614378447, 0.4118686188067918197, 0.4140463573882077752, 0.4145907920335617503, 0.4148630093562387655, 0.4149991180175772731, 0.4150671723482465270, 0.4151352266789157808, 0.4162240959696237308, 0.4184018345510396308, 0.4186740518737166461, 0.4189462691963936614, 0.4194907038417476364, 0.4205795731324555864, 0.4216684424231635364, 0.4222128770685175114, 0.4224850943911944712, 0.4226212030525329788, 0.4227573117138714864, 0.4249350502952873865, 0.4260239195859953365, 0.4261600282473338441, 0.4262961369086722963, 0.4265683542313493115, 0.4271127888767032865, 0.4292905274581191311, 0.4298349621034731061, 0.4303793967488270811, 0.4314682660395350311, 0.4336460046209509311, 0.4341904392663049062, 0.4347348739116588812, 0.4358237432023667757, 0.4369126124930747257, 0.4374570471384287007, 0.4375251014690979545, 0.4375931557997672083, 0.4377292644611056605, 0.4380014817837826757, 0.4401792203651984647, 0.4412680896559064148, 0.4418125243012603343, 0.4423569589466143093 ),
 .UNSPECIFIED. ) ;
#8157 = CIRCLE ( 'NONE', #1643, 0.1000000000000001305 ) ;
#8158 = ORIENTED_EDGE ( 'NONE', *, *, #4276, .T. ) ;
#8159 = EDGE_LOOP ( 'NONE', ( #7459, #7078, #7755, #4484 ) ) ;
#8160 = CARTESIAN_POINT ( 'NONE',  ( 3.976120838953064673, 3.090000000000000746, 3.976120838953062009 ) ) ;
#8161 = CARTESIAN_POINT ( 'NONE',  ( -0.6086437591059923324, 4.383256022781483630, 1.589781390100265757 ) ) ;
#8162 = CIRCLE ( 'NONE', #1792, 0.1000000000000001443 ) ;
#8163 = CARTESIAN_POINT ( 'NONE',  ( 1.039443056249998776, 4.702083332377417157, 1.800368184999675325 ) ) ;
#8164 = CARTESIAN_POINT ( 'NONE',  ( 1.691353665688698937, 7.410508310662531350, -0.1713729513536796645 ) ) ;
#8166 = CARTESIAN_POINT ( 'NONE',  ( 0.5440652601518950471, 9.362305562624928967, 1.610711840280729001 ) ) ;
#8165 = CARTESIAN_POINT ( 'NONE',  ( -8.268479663619644553E-06, 8.275000788451020384, -1.699999999979891374 ) ) ;
#8167 = CARTESIAN_POINT ( 'NONE',  ( 2.078886112499999772, 9.164583332377416625, -1.200245456666449329 ) ) ;
#8168 = ORIENTED_EDGE ( 'NONE', *, *, #7339, .T. ) ;
#8169 = CYLINDRICAL_SURFACE ( 'NONE', #4977, 1.699999999999999956 ) ;
#8170 = DIRECTION ( 'NONE',  ( 0.7071067811865451302, -3.056747976430751789E-16, 0.7071067811865500152 ) ) ;
#8171 = CARTESIAN_POINT ( 'NONE',  ( 1.039443056249994779, 9.835416665710747353, -1.800368184999665111 ) ) ;
#8172 = CARTESIAN_POINT ( 'NONE',  ( 1.619891919552942428, 0.2176324020901772849, 0.5159450228478096312 ) ) ;
#8173 = CARTESIAN_POINT ( 'NONE',  ( -1.655130524478059639, 5.625392794213333936, -0.3881031501519155436 ) ) ;
#8174 = CARTESIAN_POINT ( 'NONE',  ( 2.078886112499999772, 6.947916665710732076, 1.200245456666450883 ) ) ;
#8175 = CARTESIAN_POINT ( 'NONE',  ( 1.256794758689729008, 3.382710778154773834E-14, 1.552735653354556877 ) ) ;
#8176 = DIRECTION ( 'NONE',  ( -0.000000000000000000, -1.000000000000000000, -0.000000000000000000 ) ) ;
#8177 = EDGE_LOOP ( 'NONE', ( #1204, #4788, #3508, #7177 ) ) ;
#8178 = CARTESIAN_POINT ( 'NONE',  ( -1.700000000000000400, -0.06666666857849767869, 0.9814954576223632321 ) ) ;
#8179 = CARTESIAN_POINT ( 'NONE',  ( 1.535650635041242218, 1.050903779491648482, 0.7312222209194988443 ) ) ;
#8180 = DIRECTION ( 'NONE',  ( 0.000000000000000000, 0.000000000000000000, -1.000000000000000000 ) ) ;
#8181 = CARTESIAN_POINT ( 'NONE',  ( 0.7484243068915150676, 5.423880713677935006, -1.526817062034362849 ) ) ;
#8182 = CARTESIAN_POINT ( 'NONE',  ( 1.469876756697713053E-16, 0.7937499990440782804, -2.400490913332886667 ) ) ;
#8183 = CARTESIAN_POINT ( 'NONE',  ( 0.9287417400588343641, 0.5037917221182783845, -1.022652672032713372 ) ) ;
#8184 = CARTESIAN_POINT ( 'NONE',  ( -1.039443056250000996, 2.572916665710751616, 1.800368184999674215 ) ) ;
#8185 = CARTESIAN_POINT ( 'NONE',  ( 1.474705877166950785, 6.758169008416103907, -0.8487359985285438668 ) ) ;
#8186 = CARTESIAN_POINT ( 'NONE',  ( 0.3888431002165623207, 7.951713978294500329, 1.654965543799273631 ) ) ;
#8187 = EDGE_CURVE ( 'NONE', #1261, #1476, #4838, .T. ) ;
#8188 = DIRECTION ( 'NONE',  ( 0.000000000000000000, -1.000000000000000000, 0.000000000000000000 ) ) ;
#8189 = EDGE_LOOP ( 'NONE', ( #5202, #1056, #3266, #1790 ) ) ;
#8190 = DIRECTION ( 'NONE',  ( 0.000000000000000000, 1.000000000000000000, 0.000000000000000000 ) ) ;
#8191 = CARTESIAN_POINT ( 'NONE',  ( -2.645961513681670722E-06, 3.375000181585584791, -1.699999999997940714 ) ) ;
#8192 = CARTESIAN_POINT ( 'NONE',  ( -0.9395132216957262639, 9.960300212537507747, 1.416804090986250930 ) ) ;
#8193 = CARTESIAN_POINT ( 'NONE',  ( 0.8499999999999988676, 6.583333333333333037, 1.472243186433546347 ) ) ;
#8194 = CARTESIAN_POINT ( 'NONE',  ( 2.078886112500000216, 2.806249999044084564, 0.000000000000000000 ) ) ;
#8195 = CARTESIAN_POINT ( 'NONE',  ( -0.1494237733793081779, 1.985253945501568751, -1.700000006590121959 ) ) ;
#8196 = CARTESIAN_POINT ( 'NONE',  ( 1.039443056250000330, 1.435416665710751216, -1.800368184999674215 ) ) ;
#8197 = CARTESIAN_POINT ( 'NONE',  ( 1.607631623344683014, 8.836148636550410274, -0.5555964995500043413 ) ) ;
#8198 = CARTESIAN_POINT ( 'NONE',  ( -1.662333335875807228, 1.427540074362447342, -0.3561030702188190400 ) ) ;
#8199 = ORIENTED_EDGE ( 'NONE', *, *, #1084, .F. ) ;
#8200 = ORIENTED_EDGE ( 'NONE', *, *, #5030, .T. ) ;
#8201 = CARTESIAN_POINT ( 'NONE',  ( 0.01881108163259212832, 9.673709398751700661, -1.699902381747999902 ) ) ;
#8202 = CARTESIAN_POINT ( 'NONE',  ( -3.605955811664682968E-16, 6.349999998088168951, 1.962990915244727130 ) ) ;
#8203 = VECTOR ( 'NONE', #3576, 1000.000000000000000 ) ;
#8204 = FACE_OUTER_BOUND ( 'NONE', #6728, .T. ) ;
#8205 = CARTESIAN_POINT ( 'NONE',  ( 1.469876756697720448E-16, 7.093749999044083765, -2.400490913332899545 ) ) ;
#8206 = B_SPLINE_CURVE_WITH_KNOTS ( 'NONE', 3,
 ( #3622, #6970, #1013, #8257, #6406, #5102, #4450, #1796, #1097, #3705 ),
 .UNSPECIFIED., .F., .F.,
 ( 4, 2, 2, 2, 4 ),
 ( 0.000000000000000000, 7.024607880191473242E-05, 0.0001404921576038294648, 0.0002809843152076581707, 0.0005619686304153155825 ),
 .UNSPECIFIED. ) ;
#8207 = CARTESIAN_POINT ( 'NONE',  ( 1.690553030579261762, 7.410964283315412793, -0.1789946884615531975 ) ) ;
#8209 = CARTESIAN_POINT ( 'NONE',  ( 1.259101332599673162, 9.416620094286882292, 1.148335807262611530 ) ) ;
#8208 = CYLINDRICAL_SURFACE ( 'NONE', #4973, 1.699999999999999956 ) ;
#8210 = CARTESIAN_POINT ( 'NONE',  ( -2.078886112500000216, -0.2986414642099598504, -2.545901223465009197E-16 ) ) ;
#8211 = EDGE_LOOP ( 'NONE', ( #5643, #1362 ) ) ;
#8212 = FACE_OUTER_BOUND ( 'NONE', #3851, .T. ) ;
#8213 = DIRECTION ( 'NONE',  ( -0.8028956459037006610, 0.5961196035938418625, 0.000000000000000000 ) ) ;
#8214 = CARTESIAN_POINT ( 'NONE',  ( -1.039443056249995445, 10.18541666571074522, 1.800368184999665111 ) ) ;
#8215 = CARTESIAN_POINT ( 'NONE',  ( 1.368907720372513515, 0.1832692066526539765, 1.008765959215438546 ) ) ;
#8216 = CARTESIAN_POINT ( 'NONE',  ( 0.000000000000000000, 10.19999999999999929, 0.000000000000000000 ) ) ;
#8217 = CARTESIAN_POINT ( 'NONE',  ( -2.078886112500000216, 5.956249999044066712, -2.545901223465009197E-16 ) ) ;
#8218 = CARTESIAN_POINT ( 'NONE',  ( 1.957665288632147282, 0.000000000000000000, -1.152563033380713087 ) ) ;
#8219 = DIRECTION ( 'NONE',  ( -0.000000000000000000, -1.000000000000000000, -0.000000000000000000 ) ) ;
#8220 = ORIENTED_EDGE ( 'NONE', *, *, #8282, .T. ) ;
#8221 = CARTESIAN_POINT ( 'NONE',  ( -4.409630270093162085E-16, 7.531249999044083765, 2.400490913332899545 ) ) ;
#8222 = CARTESIAN_POINT ( 'NONE',  ( 1.562689367054831635, 1.055499614870427871, 0.6694652662185560654 ) ) ;
#8223 = CARTESIAN_POINT ( 'NONE',  ( -0.8500000000000007550, 7.691666664754834848, 1.472243186433545237 ) ) ;
#8224 = CARTESIAN_POINT ( 'NONE',  ( 1.690153269605040309, 5.311202853640018873, -0.1827141289829361248 ) ) ;
#8225 = CARTESIAN_POINT ( 'NONE',  ( -2.078886112499990002, 1.027083332377411562, 1.200245456666443111 ) ) ;
#8226 = DIRECTION ( 'NONE',  ( -0.9749321234060660535, 0.000000000000000000, -0.2225024825725308575 ) ) ;
#8227 = CARTESIAN_POINT ( 'NONE',  ( -1.822156158914161272, 0.5017636810787724500, -0.04563496428655821474 ) ) ;
#8228 = CARTESIAN_POINT ( 'NONE',  ( -1.039443056249999664, 3.739583332377418134, -1.800368184999674437 ) ) ;
#8229 = CARTESIAN_POINT ( 'NONE',  ( 0.5651298044818137134, 6.563783359124016670, 1.603324698164368733 ) ) ;
#8230 = DIRECTION ( 'NONE',  ( -1.224646799147353207E-16, 0.000000000000000000, -1.000000000000000000 ) ) ;
#8231 = CARTESIAN_POINT ( 'NONE',  ( 1.347095482536532662, 1.873821823267764586, -1.038994165562540983 ) ) ;
#8232 = ORIENTED_EDGE ( 'NONE', *, *, #6052, .T. ) ;
#8233 = VECTOR ( 'NONE', #5771, 1000.000000000000000 ) ;
#8234 = CARTESIAN_POINT ( 'NONE',  ( 7.171856393899841642, 3.000000000000000000, 2.663767322733572751 ) ) ;
#8235 = CARTESIAN_POINT ( 'NONE',  ( 0.000000000000000000, 7.500000000000000000, 0.000000000000000000 ) ) ;
#8236 = AXIS2_PLACEMENT_3D ( 'NONE', #2206, #2819, #4204 ) ;
#8237 = CARTESIAN_POINT ( 'NONE',  ( 1.699999999999999956, 8.858333333333332504, -0.9814954576223635652 ) ) ;
#8238 = CARTESIAN_POINT ( 'NONE',  ( -2.078886112500000216, 5.314583332377417868, 1.200245456666449106 ) ) ;
#8239 = DIRECTION ( 'NONE',  ( 0.000000000000000000, 0.000000000000000000, 1.000000000000000000 ) ) ;
#8240 = CARTESIAN_POINT ( 'NONE',  ( 2.078886112499999772, 4.177083332377417690, -1.200245456666449329 ) ) ;
#8241 = CARTESIAN_POINT ( 'NONE',  ( 0.9916043058738253091, 8.906405090236816591, -1.381293943140457392 ) ) ;
#8242 = CARTESIAN_POINT ( 'NONE',  ( -0.6586604506592323993, 1.579802023106991360, 1.567216689190178203 ) ) ;
#8243 = CIRCLE ( 'NONE', #2985, 0.5000000000000004441 ) ;
#8244 = ORIENTED_EDGE ( 'NONE', *, *, #8132, .F. ) ;
#8245 = CARTESIAN_POINT ( 'NONE',  ( 1.591786451968552285, 9.539448593174455482, -0.6003839382073334896 ) ) ;
#8246 = CARTESIAN_POINT ( 'NONE',  ( 1.699999999999999067, 8.566666664754835736, 0.9814954576223646754 ) ) ;
#8247 = EDGE_CURVE ( 'NONE', #7470, #5526, #7598, .T. ) ;
#8248 = LINE ( 'NONE', #1085, #4131 ) ;
#8249 = CARTESIAN_POINT ( 'NONE',  ( -2.078886112500000216, 7.327083332377418046, 1.200245456666449106 ) ) ;
#8250 = CARTESIAN_POINT ( 'NONE',  ( -0.2845867438288917084, 0.5944482520510386836, -1.680120489271363038 ) ) ;
#8251 = CARTESIAN_POINT ( 'NONE',  ( 1.590126231454618067, 9.460298817134161098, 0.6024326556983345959 ) ) ;
#8252 = CARTESIAN_POINT ( 'NONE',  ( -2.078886112499999772, 3.143025202456706690, -1.200245456666450439 ) ) ;
#8253 = VERTEX_POINT ( 'NONE', #5607 ) ;
#8254 = CARTESIAN_POINT ( 'NONE',  ( 1.003882571056365618E-06, 9.850000066982101288, 1.699999999999703526 ) ) ;
#8255 = CARTESIAN_POINT ( 'NONE',  ( 4.934344465946484348, 8.000000000000000000, 4.751288740056039295 ) ) ;
#8256 = CARTESIAN_POINT ( 'NONE',  ( 1.346446225851467782, 0.1809565067585632014, 1.038430376217972073 ) ) ;
#8257 = CARTESIAN_POINT ( 'NONE',  ( 2.472118714102116588, 3.116491533522731672, -7.239567554180995401 ) ) ;
#8258 = CARTESIAN_POINT ( 'NONE',  ( 2.078886112500000216, 4.906249999044066890, 0.000000000000000000 ) ) ;
#8259 = CARTESIAN_POINT ( 'NONE',  ( 1.417937247398314504, -1.301042606982605321E-15, -1.867369556815013043 ) ) ;
#8260 = CARTESIAN_POINT ( 'NONE',  ( 0.5165278103595296599, 5.860447941302288299, 1.619649091429760102 ) ) ;
#8261 = ORIENTED_EDGE ( 'NONE', *, *, #645, .F. ) ;
#8262 = CARTESIAN_POINT ( 'NONE',  ( 2.078886112499999772, 9.864583332377415914, -1.200245456666449329 ) ) ;
#8263 = CARTESIAN_POINT ( 'NONE',  ( 0.8268544486813671490, 1.218414251097480472, -1.486029024207029314 ) ) ;
#8264 = CARTESIAN_POINT ( 'NONE',  ( 0.000000000000000000, 10.19999999999999929, 0.000000000000000000 ) ) ;
#8265 = CARTESIAN_POINT ( 'NONE',  ( -1.657331859734842094, 9.126075575683081809, -0.3792369642997433510 ) ) ;
#8266 = CARTESIAN_POINT ( 'NONE',  ( -2.078886112499989114, 0.2104166657107451044, -1.200245456666443999 ) ) ;
#8267 = CARTESIAN_POINT ( 'NONE',  ( -1.690395804340923736, 0.03893711118608798177, -0.1805921195403225044 ) ) ;
#8268 = CARTESIAN_POINT ( 'NONE',  ( -1.827345210843871470, 0.5019905308144311240, 0.3607173673529867064 ) ) ;
#8269 = CARTESIAN_POINT ( 'NONE',  ( 1.039443056250000330, 2.222916665710751527, -1.800368184999674215 ) ) ;
#8270 = CARTESIAN_POINT ( 'NONE',  ( -1.125420296829760636, 7.654574408134969588, -1.274143277538560826 ) ) ;
#8271 = CARTESIAN_POINT ( 'NONE',  ( 1.031730474409986664, 7.996771323629556782, 1.351133091209359316 ) ) ;
#8272 = CARTESIAN_POINT ( 'NONE',  ( 1.203039912191474770, 1.888439286398426731, -1.201129887773573879 ) ) ;
#8273 = VERTEX_POINT ( 'NONE', #1648 ) ;
#8274 = DIRECTION ( 'NONE',  ( 0.000000000000000000, 1.000000000000000000, -0.000000000000000000 ) ) ;
#8275 = PLANE ( 'NONE',  #7942 ) ;
#8276 = CARTESIAN_POINT ( 'NONE',  ( 1.201985270554894323E-16, 6.875000000000000000, -1.962990915244727130 ) ) ;
#8277 = CARTESIAN_POINT ( 'NONE',  ( 2.078886112499999328, 6.947916665710749839, 1.200245456666450661 ) ) ;
#8278 = CARTESIAN_POINT ( 'NONE',  ( -0.4975977300263667580, 2.009148959313564298, -1.625547401183545126 ) ) ;
#8279 = CARTESIAN_POINT ( 'NONE',  ( -4.409630270093162085E-16, 3.243749999044084564, 2.400490913332899545 ) ) ;
#8280 = CARTESIAN_POINT ( 'NONE',  ( -1.576579562687606906, 8.407904670547269532, -0.6367197157294429699 ) ) ;
#8281 = CARTESIAN_POINT ( 'NONE',  ( -1.504538884488607842, 1.503747955409140635, 0.7914935846871308245 ) ) ;
#8282 = EDGE_CURVE ( 'NONE', #1476, #3423, #2332, .T. ) ;
#8283 = ORIENTED_EDGE ( 'NONE', *, *, #6827, .F. ) ;
#8284 = LINE ( 'NONE', #2963, #5824 ) ;
#8285 = AXIS2_PLACEMENT_3D ( 'NONE', #8064, #4125, #2122 ) ;
#8286 = CARTESIAN_POINT ( 'NONE',  ( -1.699999999999999956, 7.574999998088169484, -2.081899558550500280E-16 ) ) ;
#8287 = CARTESIAN_POINT ( 'NONE',  ( 0.000000000000000000, 1.164764600845456632, 0.000000000000000000 ) ) ;
#8288 = CARTESIAN_POINT ( 'NONE',  ( 2.078886112499999328, 7.560416665710751438, 1.200245456666450661 ) ) ;
#8289 = CARTESIAN_POINT ( 'NONE',  ( 4.985102807365161759, 3.200000000000000178, -4.985102807365159983 ) ) ;
#8290 = CARTESIAN_POINT ( 'NONE',  ( 1.671846049140237822, 9.519652092588044567, -0.3159581602287088176 ) ) ;
#8291 = CARTESIAN_POINT ( 'NONE',  ( -2.078886112500000216, 3.201358535790040261, -2.545901223465009197E-16 ) ) ;
#8292 = VECTOR ( 'NONE', #4746, 1000.000000000000000 ) ;
#8293 = EDGE_CURVE ( 'NONE', #3563, #6502, #6992, .T. ) ;
#8294 = ORIENTED_EDGE ( 'NONE', *, *, #5553, .F. ) ;
#8295 = VECTOR ( 'NONE', #7146, 1000.000000000000000 ) ;
#8296 = FILL_AREA_STYLE ('',( #2359 ) ) ;
#8297 = CARTESIAN_POINT ( 'NONE',  ( 0.4555136810560866389, 7.081260740905742423, 1.699999968867437872 ) ) ;
#8298 = PLANE ( 'NONE',  #3258 ) ;
#8299 = CARTESIAN_POINT ( 'NONE',  ( 0.7772495139355763971, 0.2783537570243366233, 1.512323863425215409 ) ) ;
#8300 = CARTESIAN_POINT ( 'NONE',  ( -0.6661094784384762324, 5.779331954194227627, 1.564079228362922791 ) ) ;
#8301 = CARTESIAN_POINT ( 'NONE',  ( 2.078886112500000216, 4.264583332377400282, -1.200245456666449329 ) ) ;
#8302 = CARTESIAN_POINT ( 'NONE',  ( -2.523499095007057047, 8.673617379884035472E-16, 1.377030292974798398 ) ) ;
#8303 = ORIENTED_EDGE ( 'NONE', *, *, #4098, .F. ) ;
#8304 = CARTESIAN_POINT ( 'NONE',  ( -1.039443056249999664, 9.339583332377417335, -1.800368184999674437 ) ) ;
#8305 = CARTESIAN_POINT ( 'NONE',  ( 1.571246083447713326, 1.057006960933943196, 0.6490389686755508869 ) ) ;
#8306 = CARTESIAN_POINT ( 'NONE',  ( -1.039443056249999664, 1.552083332377417690, -1.800368184999674437 ) ) ;
#8307 = VECTOR ( 'NONE', #7563, 1000.000000000000114 ) ;
#8308 = CARTESIAN_POINT ( 'NONE',  ( -0.8225194286697781187, 9.031489786254509156, -1.489453374778892947 ) ) ;
#8309 = CARTESIAN_POINT ( 'NONE',  ( 2.078886112499989558, 1.377083332377411651, -1.200245456666443111 ) ) ;
#8310 = CARTESIAN_POINT ( 'NONE',  ( -1.695298589691261792, 0.05765778219472297156, 0.1264563750150874966 ) ) ;
#8311 = CARTESIAN_POINT ( 'NONE',  ( -1.808226051074031782, 0.5018921648610070729, -0.1359300189919927515 ) ) ;
#8312 = CARTESIAN_POINT ( 'NONE',  ( 2.078886112500000216, 2.806249999044084564, 0.000000000000000000 ) ) ;
#8313 = EDGE_CURVE ( 'NONE', #3767, #4260, #6950, .T. ) ;
#8314 = CARTESIAN_POINT ( 'NONE',  ( -1.699570417742293005, 7.736004833417326587, -0.2279053089129666199 ) ) ;
#8315 = CARTESIAN_POINT ( 'NONE',  ( 0.3518407387307738166, 7.949091951799153399, 1.663252549182489437 ) ) ;
#8316 = CARTESIAN_POINT ( 'NONE',  ( 0.7503698638192375370, 1.923501051263053041, -1.525443167277988232 ) ) ;
#8317 = AXIS2_PLACEMENT_3D ( 'NONE', #560, #3294, #3909 ) ;
#8318 = ORIENTED_EDGE ( 'NONE', *, *, #7087, .T. ) ;
#8319 = CARTESIAN_POINT ( 'NONE',  ( 0.8547040227827054082, 4.483635477683213466, 1.469541234900239690 ) ) ;
#8320 = DIRECTION ( 'NONE',  ( 0.4876598490941707609, 0.7241379310344824294, 0.4876598490941710939 ) ) ;
#8321 = CARTESIAN_POINT ( 'NONE',  ( -1.699999999999999289, 5.591666666666666785, -0.9814954576223643423 ) ) ;
#8322 = CARTESIAN_POINT ( 'NONE',  ( 1.039443056250000330, 7.122916665710750550, -1.800368184999674215 ) ) ;
#8323 = CARTESIAN_POINT ( 'NONE',  ( 0.000000000000000000, 0.6907299841604572777, 0.000000000000000000 ) ) ;
#8324 = CARTESIAN_POINT ( 'NONE',  ( 2.078886112500000216, 4.818749999044084298, 0.000000000000000000 ) ) ;
#8325 = CARTESIAN_POINT ( 'NONE',  ( -2.885102807365160338, 3.000000000000000000, 7.085102807365162292 ) ) ;
#8326 = CARTESIAN_POINT ( 'NONE',  ( -1.689490403903213700, 1.436703435480408242, -0.2176589898230926745 ) ) ;
#8327 = CARTESIAN_POINT ( 'NONE',  ( -2.915460667173294329, 3.090000000000000746, 5.036781010732854114 ) ) ;
#8328 = CARTESIAN_POINT ( 'NONE',  ( 1.696836157273793333, 3.906307887168617654, -0.1043049164626625863 ) ) ;
#8329 = CARTESIAN_POINT ( 'NONE',  ( 1.699999999999999956, 7.983333331421500922, -0.9814954576223635652 ) ) ;
#8330 = CARTESIAN_POINT ( 'NONE',  ( 0.4326575336791376736, 2.354827903236095921, 1.646867068699820580 ) ) ;
#8331 = CARTESIAN_POINT ( 'NONE',  ( -1.039443056250000996, 9.485416665710751261, 1.800368184999674215 ) ) ;
#8332 = FACE_OUTER_BOUND ( 'NONE', #3641, .T. ) ;
#8333 = CARTESIAN_POINT ( 'NONE',  ( 0.09091191271181729705, 8.268768305310256750, -1.697655003421533193 ) ) ;
#8334 = CARTESIAN_POINT ( 'NONE',  ( 2.078886112499999772, 2.909691869123373742, -1.200245456666449329 ) ) ;
#8335 = ADVANCED_FACE ( 'NONE', ( #7676 ), #382, .F. ) ;
#8336 = ORIENTED_EDGE ( 'NONE', *, *, #6543, .F. ) ;
#8337 = CARTESIAN_POINT ( 'NONE',  ( 0.8500000000000001998, 5.241666664754835558, -1.472243186433545459 ) ) ;
#8338 = CARTESIAN_POINT ( 'NONE',  ( 0.2128457698445462010, 0.2396025258061156016, 1.686700123933365436 ) ) ;
#8339 = CARTESIAN_POINT ( 'NONE',  ( 0.000000000000000000, 10.19999999999999929, 0.000000000000000000 ) ) ;
#8340 = CARTESIAN_POINT ( 'NONE',  ( -2.078886112500001104, 4.614583332377399039, 1.200245456666448884 ) ) ;
#8341 = EDGE_CURVE ( 'NONE', #7941, #5322, #6890, .T. ) ;
#8342 = CARTESIAN_POINT ( 'NONE',  ( 1.459462511790684980, -8.673617379884035472E-16, -1.829526047965734703 ) ) ;
#8343 = ORIENTED_EDGE ( 'NONE', *, *, #6455, .F. ) ;
#8344 = CARTESIAN_POINT ( 'NONE',  ( -0.8499999999999996447, 3.258333331421502166, -1.472243186433545681 ) ) ;
#8345 = CARTESIAN_POINT ( 'NONE',  ( -2.279064564105349078, 6.000000000000000000, -4.400384907664990131 ) ) ;
#8346 = CARTESIAN_POINT ( 'NONE',  ( 1.039443056250000330, 0.7354166657107510385, -1.800368184999674215 ) ) ;
#8347 = CARTESIAN_POINT ( 'NONE',  ( -1.522650492360493546, 9.098230589541365987, -0.7643295828731015984 ) ) ;
#8348 = EDGE_CURVE ( 'NONE', #3, #3478, #5451, .T. ) ;
#8349 = CARTESIAN_POINT ( 'NONE',  ( 1.469876756697713053E-16, 2.893749999044078702, -2.400490913332886667 ) ) ;
#8350 = CARTESIAN_POINT ( 'NONE',  ( -1.691023286555154659, 0.03930939966050742834, -0.1746915226054865100 ) ) ;
#8351 = CARTESIAN_POINT ( 'NONE',  ( -1.817623909198089915, 0.5018113956737135783, -0.08004369661950622161 ) ) ;
#8352 = CARTESIAN_POINT ( 'NONE',  ( 2.078886112499999328, 6.947916665710749839, 1.200245456666450661 ) ) ;
#8353 = B_SPLINE_CURVE_WITH_KNOTS ( 'NONE', 3,
 ( #5409, #8034, #7779, #3790, #359, #6444, #1051, #2313, #1833, #5100 ),
 .UNSPECIFIED., .F., .F.,
 ( 4, 2, 2, 2, 4 ),
 ( -0.0008427070113487308139, -0.0002221347678442184628, 0.0003984374756602938883, 0.001019009719164806239, 0.001639581962669318591 ),
 .UNSPECIFIED. ) ;
#8354 = CARTESIAN_POINT ( 'NONE',  ( -1.699392448418678203, 7.752752275310797359, 0.04598755477480472725 ) ) ;
#8355 = CARTESIAN_POINT ( 'NONE',  ( 0.4553651105133253441, 7.956352976514537545, 1.638076742569221755 ) ) ;
#8356 = CARTESIAN_POINT ( 'NONE',  ( 1.534431652250408451, 1.750793350842202889, 0.7326409148964014850 ) ) ;
#8357 = ORIENTED_EDGE ( 'NONE', *, *, #5182, .F. ) ;
#8358 = CARTESIAN_POINT ( 'NONE',  ( 1.255643202386030000, 4.516398592759654385, 1.152447969273460160 ) ) ;
#8359 = DIRECTION ( 'NONE',  ( 0.000000000000000000, 1.000000000000000000, -0.000000000000000000 ) ) ;
#8360 = DIRECTION ( 'NONE',  ( 0.000000000000000000, 1.000000000000000000, 0.000000000000000000 ) ) ;
#8361 = CARTESIAN_POINT ( 'NONE',  ( 1.699999999999999956, 6.758333333333332860, -0.9814954576223635652 ) ) ;
#8362 = CARTESIAN_POINT ( 'NONE',  ( -2.078886112499999772, 5.197916665710750728, -1.200245456666450439 ) ) ;
#8363 = CARTESIAN_POINT ( 'NONE',  ( 0.8499999999999988676, 9.208333331421501455, 1.472243186433546347 ) ) ;
#8364 = CARTESIAN_POINT ( 'NONE',  ( -4.409630270093162085E-16, 5.343749999044084653, 2.400490913332899545 ) ) ;
#8365 = CARTESIAN_POINT ( 'NONE',  ( -1.137065908973492689, 8.355532039312688397, -1.263783469109908797 ) ) ;
#8366 = CARTESIAN_POINT ( 'NONE',  ( -1.659099858313216824, 1.426551854364544791, -0.3708044176645924894 ) ) ;
#8367 = ORIENTED_EDGE ( 'NONE', *, *, #4618, .F. ) ;
#8368 = CARTESIAN_POINT ( 'NONE',  ( 1.233707969547435113, 3.985511398491486279, -1.169620560114509988 ) ) ;
#8369 = CARTESIAN_POINT ( 'NONE',  ( -1.700000000000000400, 7.633333331421503054, 0.9814954576223632321 ) ) ;
#8370 = AXIS2_PLACEMENT_3D ( 'NONE', #6661, #5314, #7986 ) ;
#8371 = CARTESIAN_POINT ( 'NONE',  ( 1.301446149302230237, 2.421315323653647766, 1.093818767498369926 ) ) ;
#8372 = CARTESIAN_POINT ( 'NONE',  ( -2.078886112500000216, 10.06874999904408519, -2.545901223465009197E-16 ) ) ;
#8373 = CARTESIAN_POINT ( 'NONE',  ( -1.187724168886988840, 0.6601564118946443571, -1.216292449672208287 ) ) ;
#8374 = CARTESIAN_POINT ( 'NONE',  ( 1.188229215166045405, 8.189797472163602876, -1.216749337471601633 ) ) ;
#8375 = CARTESIAN_POINT ( 'NONE',  ( 2.078886112500000216, 2.851358535790040172, 0.000000000000000000 ) ) ;
#8376 = VERTEX_POINT ( 'NONE', #5693 ) ;
#8377 = FACE_OUTER_BOUND ( 'NONE', #2657, .T. ) ;
#8378 = EDGE_CURVE ( 'NONE', #7217, #6531, #6574, .T. ) ;
#8379 = LINE ( 'NONE', #2360, #947 ) ;
#8380 = CARTESIAN_POINT ( 'NONE',  ( 0.04010579903053412831, 0.2277665123648038858, 1.699999999972977349 ) ) ;
#8381 = CARTESIAN_POINT ( 'NONE',  ( -0.07668598050422381629, 5.819743822983727277, 1.700000000101638653 ) ) ;
#8382 = CARTESIAN_POINT ( 'NONE',  ( -2.078886112500000216, 7.297916665710734385, -1.200245456666450217 ) ) ;
#8383 = CARTESIAN_POINT ( 'NONE',  ( -2.170212883796768910, 0.000000000000000000, 1.955366535891896795 ) ) ;
#8384 = ORIENTED_EDGE ( 'NONE', *, *, #4861, .T. ) ;
#8385 = CARTESIAN_POINT ( 'NONE',  ( 0.8499999999999988676, 0.8083333314215023213, 1.472243186433546347 ) ) ;
#8386 = CARTESIAN_POINT ( 'NONE',  ( 0.9236891990896286542, 1.211459872627060896, -1.427181292756185105 ) ) ;
#8387 = CARTESIAN_POINT ( 'NONE',  ( 2.078886112499999328, -0.1395833342892488504, 1.200245456666450661 ) ) ;
#8388 = CARTESIAN_POINT ( 'NONE',  ( 0.5379889141982013845, 5.437974593346895702, -1.617462532012430954 ) ) ;
#8389 = CARTESIAN_POINT ( 'NONE',  ( 1.469876756697713053E-16, 4.993749999044077903, -2.400490913332886667 ) ) ;
#8390 = EDGE_CURVE ( 'NONE', #7976, #5699, #1385, .T. ) ;
#8391 = CARTESIAN_POINT ( 'NONE',  ( -1.426711046256723403, 0.1143436029731261794, 0.9248024633859277532 ) ) ;
#8392 = CARTESIAN_POINT ( 'NONE',  ( -1.307208169942438936, 0.5017171835848740491, 1.505592466408368857 ) ) ;
#8393 = CARTESIAN_POINT ( 'NONE',  ( -1.039443056250000996, 6.772916665710750905, 1.800368184999674215 ) ) ;
#8394 = CARTESIAN_POINT ( 'NONE',  ( -1.491128409065530347, 7.694280033290936238, -0.8178927321401894268 ) ) ;
#8395 = CARTESIAN_POINT ( 'NONE',  ( 1.404053135976058186, 8.032764134903290554, 0.9612697204113820337 ) ) ;
#8396 = CARTESIAN_POINT ( 'NONE',  ( 1.517287002596656720, 1.748175444106900622, 0.7671076260144605863 ) ) ;
#8397 = EDGE_CURVE ( 'NONE', #1261, #2052, #3184, .T. ) ;
#8398 = EDGE_CURVE ( 'NONE', #7291, #3137, #8424, .T. ) ;
#8399 = ORIENTED_EDGE ( 'NONE', *, *, #3715, .F. ) ;
#8400 = CARTESIAN_POINT ( 'NONE',  ( 1.679102289522246272, 4.616716109216844721, -0.2663628629580165330 ) ) ;
#8401 = CARTESIAN_POINT ( 'NONE',  ( -1.304999423405611036, 2.771681495762907232, -1.089647818089622300 ) ) ;
#8402 = DIRECTION ( 'NONE',  ( 0.000000000000000000, 0.000000000000000000, -1.000000000000000000 ) ) ;
#8403 = CARTESIAN_POINT ( 'NONE',  ( 1.201985270554894323E-16, 9.675000000000000711, -1.962990915244727130 ) ) ;
#8404 = CARTESIAN_POINT ( 'NONE',  ( -4.409630270093162085E-16, 4.731249999044084831, 2.400490913332899545 ) ) ;
#8405 = CARTESIAN_POINT ( 'NONE',  ( -2.078886112500000216, 8.727083332377420177, 1.200245456666449106 ) ) ;
#8406 = CARTESIAN_POINT ( 'NONE',  ( -1.455036283945519981, 8.389027485103099480, -0.8845948464820517776 ) ) ;
#8407 = CARTESIAN_POINT ( 'NONE',  ( -8.362463940696826062E-11, 1.624999998770182641, 1.699999999999999956 ) ) ;
#8408 = ORIENTED_EDGE ( 'NONE', *, *, #6431, .T. ) ;
#8409 = CARTESIAN_POINT ( 'NONE',  ( 1.169432115597898614, 3.991667000562607370, -1.235472895274281946 ) ) ;
#8410 = CARTESIAN_POINT ( 'NONE',  ( 1.201985270554894323E-16, 10.19999999808816860, -1.962990915244727130 ) ) ;
#8411 = CARTESIAN_POINT ( 'NONE',  ( 0.000000000000000000, 8.000000000000000000, 0.000000000000000000 ) ) ;
#8412 = CARTESIAN_POINT ( 'NONE',  ( -2.081899558550500280E-16, 10.19999999999999929, -1.699999999999999956 ) ) ;
#8413 = DIRECTION ( 'NONE',  ( 8.409885494133524543E-15, 0.5961196035938418625, -0.8028956459037006610 ) ) ;
#8415 = CARTESIAN_POINT ( 'NONE',  ( 0.03258147124750989526, 8.272765413986371996, -1.699731587625924245 ) ) ;
#8414 = SHAPE_REPRESENTATION_RELATIONSHIP ( 'NONE' , 'NONE' ,  #3564, #8120 ) ;
#8416 = CARTESIAN_POINT ( 'NONE',  ( -4.409630270093162085E-16, 3.376358535790039639, 2.400490913332899545 ) ) ;
#8417 = EDGE_CURVE ( 'NONE', #4875, #2291, #6999, .T. ) ;
#8418 = VECTOR ( 'NONE', #1570, 1000.000000000000000 ) ;
#8419 = EDGE_LOOP ( 'NONE', ( #1663, #1397, #2848, #5038 ) ) ;
#8420 = CARTESIAN_POINT ( 'NONE',  ( 0.5368086177514274082, 5.861839959550452228, 1.613024516802256114 ) ) ;
#8421 = COLOUR_RGB ( '',0.7921568627450980005, 0.8196078431372548767, 0.9333333333333333481 ) ;
#8422 = DIRECTION ( 'NONE',  ( 1.000000000000000000, -0.000000000000000000, 0.000000000000000000 ) ) ;
#8423 = VECTOR ( 'NONE', #1135, 1000.000000000000000 ) ;
#8424 = LINE ( 'NONE', #7009, #3859 ) ;
#8425 = FACE_OUTER_BOUND ( 'NONE', #6583, .T. ) ;
#8426 = CARTESIAN_POINT ( 'NONE',  ( 1.469876756697720941E-16, 8.581249999044066712, -2.400490913332899545 ) ) ;
#8427 = ORIENTED_EDGE ( 'NONE', *, *, #2515, .T. ) ;
#8428 = ORIENTED_EDGE ( 'NONE', *, *, #5817, .T. ) ;
#8429 = CARTESIAN_POINT ( 'NONE',  ( -1.700000000000000400, 1.333333331421502121, 0.9814954576223632321 ) ) ;
#8430 = CARTESIAN_POINT ( 'NONE',  ( 0.5508171230960219322, 1.237338901948812797, -1.609137268813492394 ) ) ;
#8431 = CARTESIAN_POINT ( 'NONE',  ( -2.078886112500000216, 1.727083332377417735, 1.200245456666449106 ) ) ;
#8432 = CARTESIAN_POINT ( 'NONE',  ( -1.373594316917631897, 9.079146995118680508, -1.003197244223277718 ) ) ;
#8433 = CARTESIAN_POINT ( 'NONE',  ( -4.409630270093139405E-16, 5.343749999044078436, 2.400490913332886667 ) ) ;
#8434 = APPLICATION_CONTEXT ( 'automotive_design' ) ;
#8435 = CARTESIAN_POINT ( 'NONE',  ( -0.7258890070150673113, 0.1751518659711359116, 1.537283546432325565 ) ) ;
#8436 = LINE ( 'NONE', #3234, #271 ) ;
#8437 = CARTESIAN_POINT ( 'NONE',  ( -1.039443056250000996, 8.172916665710751261, 1.800368184999674215 ) ) ;
#8438 = CARTESIAN_POINT ( 'NONE',  ( 0.7100289714953312847, 6.826275371736564068, -1.545621633681235174 ) ) ;
#8439 = FACE_OUTER_BOUND ( 'NONE', #5222, .T. ) ;
#8440 = EDGE_CURVE ( 'NONE', #5241, #306, #6831, .T. ) ;
#8441 = VECTOR ( 'NONE', #3440, 1000.000000000000114 ) ;
#8442 = ORIENTED_EDGE ( 'NONE', *, *, #5961, .F. ) ;
#8443 = CARTESIAN_POINT ( 'NONE',  ( 0.8183337033740066824, 4.481092573555675251, 1.490455122454600989 ) ) ;
#8444 = CARTESIAN_POINT ( 'NONE',  ( -2.192314546146025389, 7.763919350724530766, 4.555805433952621719 ) ) ;
#8445 = DIRECTION ( 'NONE',  ( -0.000000000000000000, 1.000000000000000000, -0.000000000000000000 ) ) ;
#8446 = CARTESIAN_POINT ( 'NONE',  ( -0.1834239501534712380, 0.5600008642712046569, -0.2684248511247418478 ) ) ;
#8447 = CARTESIAN_POINT ( 'NONE',  ( -2.078886112500000216, 7.968749999044084653, -2.545901223465009197E-16 ) ) ;
#8448 = EDGE_CURVE ( 'NONE', #6008, #1583, #4835, .T. ) ;
#8449 = CARTESIAN_POINT ( 'NONE',  ( 0.000000000000000000, -4.800000000000000711, 0.000000000000000000 ) ) ;
#8450 = CARTESIAN_POINT ( 'NONE',  ( 2.966664951328131128, 3.021034482758621298, 5.087985294887771737 ) ) ;
#8451 = DIRECTION ( 'NONE',  ( -0.000000000000000000, 1.000000000000000000, -0.000000000000000000 ) ) ;
#8452 = ORIENTED_EDGE ( 'NONE', *, *, #8134, .T. ) ;
#8453 = CARTESIAN_POINT ( 'NONE',  ( 0.7468799587863462763, 4.023744018997373217, -1.527155018921531049 ) ) ;
#8454 = DIRECTION ( 'NONE',  ( -0.000000000000000000, -1.000000000000000000, -0.000000000000000000 ) ) ;
#8455 = CARTESIAN_POINT ( 'NONE',  ( -4.046831517071719730, 4.909999999999999254, -4.046831517071717066 ) ) ;
#8456 = CARTESIAN_POINT ( 'NONE',  ( -1.322793207534794346, 0.000000000000000000, 1.067809969095536271 ) ) ;
#8457 = CARTESIAN_POINT ( 'NONE',  ( -1.699999999999999956, 0.7500000000000000000, -2.081899558550500280E-16 ) ) ;
#8458 = DIRECTION ( 'NONE',  ( -0.000000000000000000, -1.000000000000000000, -0.000000000000000000 ) ) ;
#8459 = CARTESIAN_POINT ( 'NONE',  ( 0.7125578038590567598, 8.226101727944140407, -1.544436440032958213 ) ) ;
#8460 = CARTESIAN_POINT ( 'NONE',  ( -1.039443056250000996, 7.518025202456705358, 1.800368184999674215 ) ) ;
#8461 = CIRCLE ( 'NONE', #1680, 0.09999999999999983902 ) ;
#8462 = ORIENTED_EDGE ( 'NONE', *, *, #8071, .T. ) ;
#8463 = CARTESIAN_POINT ( 'NONE',  ( 1.095024458096633957, 5.901780609236683794, 1.301132344212907244 ) ) ;
#8464 = LINE ( 'NONE', #4486, #2044 ) ;
#8465 = CARTESIAN_POINT ( 'NONE',  ( 0.9440356203547808356, 7.290034043657749763, 1.413791584273083490 ) ) ;
#8466 = DIRECTION ( 'NONE',  ( -0.7071067811865403563, -1.360023205165816121E-16, -0.7071067811865547892 ) ) ;
#8467 = DIRECTION ( 'NONE',  ( 0.7071067811865473507, 0.000000000000000000, -0.7071067811865477948 ) ) ;
#8468 = CARTESIAN_POINT ( 'NONE',  ( -1.039443056250000996, 7.472916665710732431, 1.800368184999674215 ) ) ;
#8469 = EDGE_LOOP ( 'NONE', ( #2941, #7514, #3692, #4336, #5538, #7414, #6123, #602, #62, #4491, #1296, #7723, #7368, #7178, #7996, #7107 ) ) ;
#8470 = ORIENTED_EDGE ( 'NONE', *, *, #1669, .F. ) ;
#8471 = CARTESIAN_POINT ( 'NONE',  ( 0.8499999999999988676, 2.208333331421501899, 1.472243186433546347 ) ) ;
#8472 = CARTESIAN_POINT ( 'NONE',  ( 2.571963978632909598, 3.200000000000000178, 7.204686064820227109 ) ) ;
#8473 = CARTESIAN_POINT ( 'NONE',  ( -0.9328578537730678466, 9.260737237526313947, 1.421408683579863830 ) ) ;
#8474 = CARTESIAN_POINT ( 'NONE',  ( -1.039443056249994113, 2.952083332377411384, -1.800368184999665333 ) ) ;
#8475 = CIRCLE ( 'NONE', #1002, 1.000000000000000888 ) ;
#8476 = ADVANCED_FACE ( 'NONE', ( #5403 ), #3484, .T. ) ;
#8477 = DIRECTION ( 'NONE',  ( -0.4876598490941762565, -0.7241379310344820963, 0.4876598490941660424 ) ) ;
#8478 = CARTESIAN_POINT ( 'NONE',  ( 9.946564246879407539E-16, 0.7371656850684469298, 8.083676619637062188 ) ) ;
#8479 = CARTESIAN_POINT ( 'NONE',  ( -2.078886112499999772, 7.997916665710751438, -1.200245456666450439 ) ) ;
#8480 = CARTESIAN_POINT ( 'NONE',  ( -1.457138110013194598, 7.810570896278060005, 0.8791602157104216886 ) ) ;
#8481 = DIRECTION ( 'NONE',  ( 0.000000000000000000, 0.000000000000000000, 1.000000000000000000 ) ) ;
#8482 = LINE ( 'NONE', #7914, #836 ) ;
#8483 = EDGE_LOOP ( 'NONE', ( #4176, #2491, #6955, #1358 ) ) ;
#8484 = FACE_OUTER_BOUND ( 'NONE', #7632, .T. ) ;
#8485 = CARTESIAN_POINT ( 'NONE',  ( -0.1503489199162514611, 2.685318063129741084, -1.700000000000000844 ) ) ;
#8486 = CARTESIAN_POINT ( 'NONE',  ( 0.000000000000000000, -0.7557262555325835462, 0.000000000000000000 ) ) ;
#8487 = CARTESIAN_POINT ( 'NONE',  ( -0.2509619886657573073, 0.5540398916494871928, -0.2665547377184027122 ) ) ;
#8488 = CARTESIAN_POINT ( 'NONE',  ( 2.078886112499999328, 8.260416665710751616, 1.200245456666450661 ) ) ;
#8489 = CARTESIAN_POINT ( 'NONE',  ( -0.9211916117456195874, 8.561645194258682423, 1.428837872061125003 ) ) ;
#8490 = LINE ( 'NONE', #2593, #7641 ) ;
#8491 = FACE_OUTER_BOUND ( 'NONE', #5139, .T. ) ;
#8492 = FACE_OUTER_BOUND ( 'NONE', #868, .T. ) ;
#8493 = CARTESIAN_POINT ( 'NONE',  ( 0.9188803016743825047, 3.788191038190785953, 1.430276535551704864 ) ) ;
#8494 = FACE_OUTER_BOUND ( 'NONE', #4146, .T. ) ;
#8495 = DIRECTION ( 'NONE',  ( 0.000000000000000000, 0.000000000000000000, 1.000000000000000000 ) ) ;
#8496 = CARTESIAN_POINT ( 'NONE',  ( -8.935751463362463047E-06, 0.08902073592286227632, 1.699992858970812426 ) ) ;
#8497 = CARTESIAN_POINT ( 'NONE',  ( 1.699999999999999956, -0.9416666666666666519, -0.9814954576223635652 ) ) ;
#8498 = CARTESIAN_POINT ( 'NONE',  ( 1.699999999999999956, 2.383333331421502166, -0.9814954576223635652 ) ) ;
#8499 = CARTESIAN_POINT ( 'NONE',  ( -7.296724953260063984, 3.176207172489685870, -2.297891415291847039 ) ) ;
#8500 = CARTESIAN_POINT ( 'NONE',  ( 1.527540305117337516, 8.150259881132768669, -0.7464211592311711385 ) ) ;
#8501 = CARTESIAN_POINT ( 'NONE',  ( 1.469876756697720448E-16, 7.926358535790038573, -2.400490913332899545 ) ) ;
#8502 = ADVANCED_FACE ( 'NONE', ( #8028 ), #8208, .F. ) ;
#8503 = ORIENTED_EDGE ( 'NONE', *, *, #4483, .T. ) ;
#8504 = CARTESIAN_POINT ( 'NONE',  ( 0.4251133952201390231, 5.854142604751208623, 1.646730723237087579 ) ) ;
#8505 = ADVANCED_FACE ( 'NONE', ( #4222 ), #182, .F. ) ;
#8506 = B_SPLINE_CURVE_WITH_KNOTS ( 'NONE', 3,
 ( #6789, #2221, #1615, #183, #6140, #8166, #5491, #875, #3526, #8117, #834, #5013, #5577, #4836, #6184, #354, #5618, #4135, #3614, #226, #3485, #7521, #4267, #6919, #8209, #7477, #4311, #2878, #2969, #8251, #4923, #2309, #2175, #5535, #3571, #1571, #6227, #4967, #269, #1526, #2265, #962, #2930, #1482, #3012, #7605, #4182, #1659, #6962, #1006, #3656, #5660, #8290, #2355, #8245, #5486, #1565, #4961, #6868, #869, #6997, #4177, #3609, #3522, #1041, #8113, #2924, #6179, #1520, #6269, #3693, #2829, #912, #7472, #4915, #307, #6826, #4215, #221, #1654, #4347, #263, #7597, #3565, #5528, #4261, #4306, #6956, #6220, #957, #5654, #5572, #2872, #8201, #5612, #2260, #1000 ),
 .UNSPECIFIED., .F., .F.,
 ( 4, 2, 2, 2, 2, 2, 2, 2, 2, 1, 1, 1, 2, 2, 2, 2, 1, 2, 2, 2, 2, 1, 2, 2, 1, 2, 2, 2, 1, 2, 2, 2, 2, 2, 2, 2, 2, 2, 2, 2, 1, 2, 2, 2, 2, 2, 1, 2, 2, 2, 1, 1, 2, 4 ),
 ( 0.9322119617789139667, 0.9344147222142277220, 0.9355161024318846552, 0.9360667925407131218, 0.9366174826495414774, 0.9377188628671984105, 0.9388202430848552327, 0.9389579156120623216, 0.9389923337438641493, 0.9390267518756658660, 0.9390955881392694105, 0.9393709331936836993, 0.9399216233025121658, 0.9410230035201689880, 0.9432257639554828543, 0.9454285243907966096, 0.9459792144996250762, 0.9462545595540392540, 0.9465299046084535428, 0.9476312848261104760, 0.9481819749349389426, 0.9484573199893531203, 0.9485949925165602092, 0.9487326650437672981, 0.9498340452614242313, 0.9509354254790811645, 0.9510730980062882534, 0.9512107705334953422, 0.9514861155879096311, 0.9520368056967380976, 0.9542395661320518530, 0.9553409463497087861, 0.9558916364585372527, 0.9560293089857443416, 0.9561669815129515415, 0.9564423265673657193, 0.9586450870026795856, 0.9608478474379933409, 0.9609166837015968854, 0.9609855199652004298, 0.9611231924924076298, 0.9613985375468218075, 0.9619492276556502741, 0.9630506078733072073, 0.9641519880909640294, 0.9644273331453783182, 0.9647026781997924960, 0.9652533683086209626, 0.9663547485262778958, 0.9669054386351063624, 0.9671807836895205401, 0.9673184562167277400, 0.9673872924803312845, 0.9674561287439348289 ),
 .UNSPECIFIED. ) ;
#8507 = CARTESIAN_POINT ( 'NONE',  ( 1.574376764263704542, 7.357352219851714281, 0.6419911307933791056 ) ) ;
#8508 = CARTESIAN_POINT ( 'NONE',  ( 1.656646546012975785, 0.4242729863906671839, -0.3834184864302457307 ) ) ;
#8509 = CARTESIAN_POINT ( 'NONE',  ( 2.179449471770337876, 7.633700821002010528, -4.499999999999998224 ) ) ;
#8510 = AXIS2_PLACEMENT_3D ( 'NONE', #5990, #5255, #7890 ) ;
#8511 = ORIENTED_EDGE ( 'NONE', *, *, #2, .F. ) ;
#8512 = ORIENTED_EDGE ( 'NONE', *, *, #5079, .T. ) ;
#8513 = CARTESIAN_POINT ( 'NONE',  ( 0.8500000000000001998, 3.141666664754835470, -1.472243186433545459 ) ) ;
#8514 = DIRECTION ( 'NONE',  ( 0.000000000000000000, 0.000000000000000000, 1.000000000000000000 ) ) ;
#8515 = CARTESIAN_POINT ( 'NONE',  ( -1.675859463376053737, 9.167805686041992530, 0.2856203823138598330 ) ) ;
#8516 = CARTESIAN_POINT ( 'NONE',  ( 1.469876756697713053E-16, 5.693749999044078081, -2.400490913332886667 ) ) ;
#8517 = VECTOR ( 'NONE', #7082, 1000.000000000000000 ) ;
#8518 = CARTESIAN_POINT ( 'NONE',  ( -1.650542675729119946, 2.176172090370700030, 0.4114530494957548412 ) ) ;
#8519 = CARTESIAN_POINT ( 'NONE',  ( -0.4403803650849676399, 0.1947833288105866589, 1.641999632596224945 ) ) ;
#8520 = CARTESIAN_POINT ( 'NONE',  ( 0.000000000000000000, 0.000000000000000000, 7.799999999999999822 ) ) ;
#8521 = CARTESIAN_POINT ( 'NONE',  ( -2.078886112499999772, 8.697916665710751616, -1.200245456666450439 ) ) ;
#8522 = CARTESIAN_POINT ( 'NONE',  ( -0.6902127173081387124, 7.877559373963340050, 1.553612378880368627 ) ) ;
#8523 = CARTESIAN_POINT ( 'NONE',  ( -2.312024219028234295, 1.500000000000000888, 4.433344562587807403 ) ) ;
#8524 = CARTESIAN_POINT ( 'NONE',  ( -1.036319544271007365, 6.452946730569778744, 1.348979544096649885 ) ) ;
#8525 = VERTEX_POINT ( 'NONE', #8165 ) ;
#8526 = CARTESIAN_POINT ( 'NONE',  ( 0.7824059059030996632, 4.721431675810668693, -1.509492665991712279 ) ) ;
#8527 = PLANE ( 'NONE',  #4378 ) ;
#8528 = CARTESIAN_POINT ( 'NONE',  ( -0.7093819465806564528, 6.923681783529882949, -1.544927246201534876 ) ) ;
#8529 = CARTESIAN_POINT ( 'NONE',  ( -0.4682867073845168315, 0.5112818596464430154, 0.6237027688401594050 ) ) ;
#8530 = CARTESIAN_POINT ( 'NONE',  ( 2.078886112499999328, 6.160416665710750195, 1.200245456666450661 ) ) ;
#8531 = CARTESIAN_POINT ( 'NONE',  ( -1.518384127679308193, 8.502061760570692073, 0.7730102281405474285 ) ) ;
#8532 = CARTESIAN_POINT ( 'NONE',  ( -0.7496717918850795970, 4.826476333626333215, -1.529568919183645015 ) ) ;
#8533 = DIRECTION ( 'NONE',  ( 0.000000000000000000, -0.000000000000000000, 1.000000000000000000 ) ) ;
#8534 = CARTESIAN_POINT ( 'NONE',  ( -1.050406978996308416, 6.248296301135023434, -1.336658753295579594 ) ) ;
#8535 = LINE ( 'NONE', #1376, #7132 ) ;
#8536 = CARTESIAN_POINT ( 'NONE',  ( -2.435362535369392845, 3.200000000000000178, 7.252000366886310445 ) ) ;
#8537 = CARTESIAN_POINT ( 'NONE',  ( 3.976120838953064673, 4.909999999999999254, 3.976120838953062009 ) ) ;
#8538 = CARTESIAN_POINT ( 'NONE',  ( -2.179449471770337432, 1.500000000000000444, 4.500000000000000000 ) ) ;
#8539 = CARTESIAN_POINT ( 'NONE',  ( -1.700000000000000400, 0.6333333314215022769, 0.9814954576223630101 ) ) ;
#8540 = CARTESIAN_POINT ( 'NONE',  ( 1.469876756697720448E-16, -0.5187500009559155023, -2.400490913332899545 ) ) ;
#8541 = CARTESIAN_POINT ( 'NONE',  ( -0.9056219924391163412, 0.8627959190728196059, 1.438944391562236635 ) ) ;
#8542 = CARTESIAN_POINT ( 'NONE',  ( 0.03872376394809457639, 8.627670160824902013, 1.699999999891254721 ) ) ;
#8543 = CARTESIAN_POINT ( 'NONE',  ( 2.078886112499999328, 6.993025202456705003, 1.200245456666450661 ) ) ;
#8544 =( BOUNDED_CURVE ( )  B_SPLINE_CURVE ( 2, ( #1969, #4626, #7264, #3967, #3803, #6457, #495, #3153, #707 ),
 .UNSPECIFIED., .F., .F. ) 
 B_SPLINE_CURVE_WITH_KNOTS ( ( 3, 2, 2, 2, 3 ),
 ( 0.2068093164787585536, 0.2121120941298707263, 0.2227176988363642474, 0.2333233035428577962, 0.2386261066216376625 ),
 .UNSPECIFIED. ) 
 CURVE ( )  GEOMETRIC_REPRESENTATION_ITEM ( )  RATIONAL_B_SPLINE_CURVE ( ( 0.9330127018936729133, 0.9330130139402922351, 1.000000000000000000, 0.8660254037844387076, 1.000000000000000000, 0.8660254037844387076, 1.000000000000000000, 0.9330126927269708492, 0.9330127018922206306 ) ) 
 REPRESENTATION_ITEM ( '' )  );
#8545 = ORIENTED_EDGE ( 'NONE', *, *, #6812, .T. ) ;
#8546 = CARTESIAN_POINT ( 'NONE',  ( 1.698031225296482649, 6.006303515117350500, -0.09825662219668152009 ) ) ;
#8547 = CARTESIAN_POINT ( 'NONE',  ( 0.7487003554777619252, 7.276169732733451134, 1.527180128813988791 ) ) ;
#8548 = CARTESIAN_POINT ( 'NONE',  ( 1.664109090728284501, 0.4219561414812853517, -0.3489431806716536411 ) ) ;
#8549 = ADVANCED_FACE ( 'NONE', ( #3570 ), #4880, .F. ) ;
#8550 = CARTESIAN_POINT ( 'NONE',  ( -0.5369516302752138648, 0.5016436184116102037, 2.007377143762200777 ) ) ;
#8551 = ORIENTED_EDGE ( 'NONE', *, *, #1395, .T. ) ;
#8552 = ORIENTED_EDGE ( 'NONE', *, *, #4433, .T. ) ;
#8553 = CARTESIAN_POINT ( 'NONE',  ( -0.8499999999999996447, 5.358333331421502699, -1.472243186433545681 ) ) ;
#8554 = CARTESIAN_POINT ( 'NONE',  ( 4.433344562587840265, 2.048942590553171961, -2.312024219028176120 ) ) ;
#8555 = CIRCLE ( 'NONE', #5666, 5.000000000000000000 ) ;
#8556 = CARTESIAN_POINT ( 'NONE',  ( -1.684881519119386883, 9.164061460460523278, 0.2271634546081431616 ) ) ;
#8557 = CARTESIAN_POINT ( 'NONE',  ( 2.078886112499989114, 9.718749999044080212, 0.000000000000000000 ) ) ;
#8558 = CARTESIAN_POINT ( 'NONE',  ( -1.689087799632932319, 2.162171487174079587, 0.1983114485900284718 ) ) ;
#8559 = CARTESIAN_POINT ( 'NONE',  ( -0.9897809960251603423, 0.1565214010382492971, 1.382259389206180966 ) ) ;
#8560 = AXIS2_PLACEMENT_3D ( 'NONE', #2439, #1090, #5054 ) ;
#8561 = AXIS2_PLACEMENT_3D ( 'NONE', #4929, #6834, #2269 ) ;
#8562 = CARTESIAN_POINT ( 'NONE',  ( -2.625752043686317094, 3.101480656498023958, -7.185283574223201519 ) ) ;
#8563 = CARTESIAN_POINT ( 'NONE',  ( 0.07471324795878676872, 1.969871993070781535, -1.699999996704881111 ) ) ;
#8564 = CARTESIAN_POINT ( 'NONE',  ( -0.1507562155469183984, 6.514662177203994098, 1.699999999998239586 ) ) ;
#8565 = ORIENTED_EDGE ( 'NONE', *, *, #5917, .F. ) ;
#8566 = DIRECTION ( 'NONE',  ( 0.000000000000000000, -1.000000000000000000, 0.000000000000000000 ) ) ;
#8567 = CIRCLE ( 'NONE', #1365, 1.699999999999999956 ) ;
#8568 = CARTESIAN_POINT ( 'NONE',  ( -0.8166248303320190471, 2.968957229908072204, 1.491025549708566489 ) ) ;
#8569 = CARTESIAN_POINT ( 'NONE',  ( -1.045838401582174448, 6.947858969936688389, -1.340259698576414138 ) ) ;
#8570 = CARTESIAN_POINT ( 'NONE',  ( 0.5310482562218279412, 0.5060200075170154799, 0.8661093736423958189 ) ) ;
#8571 = CARTESIAN_POINT ( 'NONE',  ( 2.078886112500000216, 1.406249999044084431, 0.000000000000000000 ) ) ;
#8572 = CARTESIAN_POINT ( 'NONE',  ( 9.342137235670203765E-07, 8.625013671162019335, 1.699999999999489253 ) ) ;
#8573 = CARTESIAN_POINT ( 'NONE',  ( -0.5495190023986407102, 4.812712107563103636, -1.608791453905762392 ) ) ;
#8574 = DIRECTION ( 'NONE',  ( 0.6936187941687647074, 0.000000000000000000, -0.7203422578024066825 ) ) ;
#8575 = CARTESIAN_POINT ( 'NONE',  ( -1.565508853119799149, 6.394198212115750124, 0.6655977460179234306 ) ) ;
#8576 = CARTESIAN_POINT ( 'NONE',  ( -6.089365759938950521E-09, 4.075000053773378816, -1.699999999999999956 ) ) ;
#8577 = CARTESIAN_POINT ( 'NONE',  ( 8.135233440653460528E-07, 5.650011910845017304, 1.699999999999614042 ) ) ;
#8578 = CARTESIAN_POINT ( 'NONE',  ( 1.583119290798167045, 2.540861769096992795, -0.6201124528458414886 ) ) ;
#8579 = DIRECTION ( 'NONE',  ( 0.7203422578024066825, 0.000000000000000000, 0.6936187941687647074 ) ) ;
#8580 = CARTESIAN_POINT ( 'NONE',  ( -1.700000000000000400, 0.1083333333333333232, 0.9814954576223632321 ) ) ;
#8581 = CARTESIAN_POINT ( 'NONE',  ( -2.279064564105393487, 6.000000000000000000, 4.400384907664967038 ) ) ;
#8582 = CARTESIAN_POINT ( 'NONE',  ( 0.000000000000000000, 10.19999999999999929, -1.699999999999999956 ) ) ;
#8583 = CARTESIAN_POINT ( 'NONE',  ( 0.7936279974683336791, 8.679464144326500374, 1.503963520261196951 ) ) ;
#8584 = CARTESIAN_POINT ( 'NONE',  ( 2.078886112500000216, 5.651358535790039106, 0.000000000000000000 ) ) ;
#8585 = EDGE_CURVE ( 'NONE', #4701, #3128, #1640, .T. ) ;
#8586 = CIRCLE ( 'NONE', #3751, 0.1000000000000001443 ) ;
#8587 = ORIENTED_EDGE ( 'NONE', *, *, #6244, .T. ) ;
#8588 = CARTESIAN_POINT ( 'NONE',  ( 0.5980666492132949985, 6.133855505888599957, -1.591385855305697428 ) ) ;
#8589 = CARTESIAN_POINT ( 'NONE',  ( 0.9761176445358743514, 0.5075624410809367326, -1.391873745031146248 ) ) ;
#8590 = NEXT_ASSEMBLY_USAGE_OCCURRENCE ( 'NAUO1', ' ', ' ', #2167, #4351, $ ) ;
#8591 = NEXT_ASSEMBLY_USAGE_OCCURRENCE ( 'NAUO2', ' ', ' ', #2167, #5252, $ ) ;
ENDSEC;
END-ISO-10303-21;
