ISO-10303-21;
HEADER;
FILE_DESCRIPTION (( 'STEP AP214' ),
    '1' );
FILE_NAME ('End_Link_KitV2.STEP',
    '2026-10-05T20:24:14',
    ( '' ),
    ( '' ),
    'SwSTEP 2.0',
    'SolidWorks 2023',
    '' );
FILE_SCHEMA (( 'AUTOMOTIVE_DESIGN' ));
ENDSEC;

DATA;
#1 = DIRECTION ( 'NONE',  ( 0.000000000000000000, -1.000000000000000000, 0.000000000000000000 ) ) ;
#2 = EDGE_CURVE ( 'NONE', #1275, #1523, #4235, .T. ) ;
#3 = ORIENTED_EDGE ( 'NONE', *, *, #2765, .F. ) ;
#4 = ORIENTED_EDGE ( 'NONE', *, *, #108, .F. ) ;
#5 = CARTESIAN_POINT ( 'NONE',  ( 1.000000000000000000, 4.750000000000000000, -0.9999999999999997780 ) ) ;
#6 = VECTOR ( 'NONE', #4270, 1000.000000000000000 ) ;
#7 = DIRECTION ( 'NONE',  ( 0.000000000000000000, 0.000000000000000000, -1.000000000000000000 ) ) ;
#8 = LINE ( 'NONE', #1364, #2865 ) ;
#9 = AXIS2_PLACEMENT_3D ( 'NONE', #1866, #3830, #2818 ) ;
#10 = ORIENTED_EDGE ( 'NONE', *, *, #2540, .F. ) ;
#11 = CARTESIAN_POINT ( 'NONE',  ( -1.380000000000000338, 9.655153745424975398, -5.498426807238719682 ) ) ;
#12 = DIRECTION ( 'NONE',  ( -0.000000000000000000, -1.000000000000000000, -0.000000000000000000 ) ) ;
#13 = DIRECTION ( 'NONE',  ( -5.122298795473439605E-17, -0.6561787149247869655, 0.7546055221635044052 ) ) ;
#14 = CARTESIAN_POINT ( 'NONE',  ( 1.379999999999999671, 12.48000000000000220, 2.027069063257455728 ) ) ;
#15 = FACE_OUTER_BOUND ( 'NONE', #175, .T. ) ;
#16 = ORIENTED_EDGE ( 'NONE', *, *, #2832, .T. ) ;
#17 = ADVANCED_FACE ( 'NONE', ( #2801 ), #1130, .F. ) ;
#18 = DIRECTION ( 'NONE',  ( -0.000000000000000000, -1.000000000000000000, -0.000000000000000000 ) ) ;
#19 = DIRECTION ( 'NONE',  ( -1.000000000000000000, -0.000000000000000000, -0.000000000000000000 ) ) ;
#20 = ADVANCED_FACE ( 'NONE', ( #3514 ), #3220, .F. ) ;
#21 = CARTESIAN_POINT ( 'NONE',  ( -3.405877273185284881, 1.499999999999999556, -6.849999999999998757 ) ) ;
#22 = ORIENTED_EDGE ( 'NONE', *, *, #2391, .F. ) ;
#23 = DIRECTION ( 'NONE',  ( -0.000000000000000000, -1.000000000000000000, -0.000000000000000000 ) ) ;
#24 = EDGE_CURVE ( 'NONE', #248, #2958, #543, .T. ) ;
#25 = VECTOR ( 'NONE', #3049, 1000.000000000000000 ) ;
#26 = VERTEX_POINT ( 'NONE', #2819 ) ;
#27 = EDGE_CURVE ( 'NONE', #59, #2996, #783, .T. ) ;
#28 = VERTEX_POINT ( 'NONE', #3123 ) ;
#29 = AXIS2_PLACEMENT_3D ( 'NONE', #3031, #452, #2706 ) ;
#30 = DIRECTION ( 'NONE',  ( 0.000000000000000000, 0.000000000000000000, -1.000000000000000000 ) ) ;
#31 = LINE ( 'NONE', #2459, #2930 ) ;
#32 = DIRECTION ( 'NONE',  ( -1.000000000000000000, -2.168404344971008252E-17, 8.673617379884035472E-17 ) ) ;
#33 = VECTOR ( 'NONE', #4217, 1000.000000000000000 ) ;
#34 = ORIENTED_EDGE ( 'NONE', *, *, #714, .F. ) ;
#35 = LINE ( 'NONE', #2073, #527 ) ;
#36 = B_SPLINE_CURVE_WITH_KNOTS ( 'NONE', 3,
 ( #1262, #1562, #2897, #4248 ),
 .UNSPECIFIED., .F., .F.,
 ( 4, 4 ),
 ( 1.355252715606880543E-19, 0.0002211138402831710830 ),
 .UNSPECIFIED. ) ;
#37 = DIRECTION ( 'NONE',  ( 0.000000000000000000, 0.000000000000000000, -1.000000000000000000 ) ) ;
#38 = AXIS2_PLACEMENT_3D ( 'NONE', #3276, #2601, #3611 ) ;
#39 = VECTOR ( 'NONE', #3436, 1000.000000000000000 ) ;
#40 = DIRECTION ( 'NONE',  ( 0.000000000000000000, -0.000000000000000000, 1.000000000000000000 ) ) ;
#41 = DIRECTION ( 'NONE',  ( 0.000000000000000000, 0.000000000000000000, 1.000000000000000000 ) ) ;
#42 = CIRCLE ( 'NONE', #1038, 0.1499999999999999667 ) ;
#43 = CARTESIAN_POINT ( 'NONE',  ( -1.000000000000000000, 4.750000000000000000, 0.9999999999999997780 ) ) ;
#44 = CARTESIAN_POINT ( 'NONE',  ( 0.000000000000000000, 9.296555435952635449, -8.083961248654471632 ) ) ;
#45 = ORIENTED_EDGE ( 'NONE', *, *, #844, .F. ) ;
#46 = EDGE_CURVE ( 'NONE', #1924, #726, #131, .T. ) ;
#47 = PLANE ( 'NONE',  #3195 ) ;
#48 = DIRECTION ( 'NONE',  ( 0.000000000000000000, 0.000000000000000000, 1.000000000000000000 ) ) ;
#49 = FACE_OUTER_BOUND ( 'NONE', #4285, .T. ) ;
#50 = ORIENTED_EDGE ( 'NONE', *, *, #2421, .T. ) ;
#51 = DIRECTION ( 'NONE',  ( 1.239088197126290817E-16, 0.000000000000000000, 1.000000000000000000 ) ) ;
#52 = ORIENTED_EDGE ( 'NONE', *, *, #3094, .F. ) ;
#53 = ADVANCED_FACE ( 'NONE', ( #4181 ), #4108, .T. ) ;
#54 = EDGE_LOOP ( 'NONE', ( #1261, #2528, #834, #3874 ) ) ;
#55 = CARTESIAN_POINT ( 'NONE',  ( 1.379999999999999671, 2.790441948979335951, 2.426471259982029505 ) ) ;
#56 = CARTESIAN_POINT ( 'NONE',  ( 1.379999999999999671, 12.34999999999999964, -4.343903740188082452 ) ) ;
#57 = DIRECTION ( 'NONE',  ( 0.000000000000000000, 0.7546055221635005195, 0.6561787149247915174 ) ) ;
#58 = ORIENTED_EDGE ( 'NONE', *, *, #167, .F. ) ;
#59 = VERTEX_POINT ( 'NONE', #3438 ) ;
#60 = EDGE_CURVE ( 'NONE', #2537, #1360, #828, .T. ) ;
#61 = DIRECTION ( 'NONE',  ( -1.000000000000000000, -2.168404344971008252E-17, -8.673617379884035472E-17 ) ) ;
#62 = DIRECTION ( 'NONE',  ( -1.000000000000000000, -2.255140518769847329E-14, 0.000000000000000000 ) ) ;
#63 = CARTESIAN_POINT ( 'NONE',  ( -1.399999999999999689, 6.500000000000000000, -0.8529309367425446098 ) ) ;
#64 = CARTESIAN_POINT ( 'NONE',  ( -1.400000000000000133, 9.768344573749500270, -5.530000000000000249 ) ) ;
#65 = VERTEX_POINT ( 'NONE', #3461 ) ;
#66 = CARTESIAN_POINT ( 'NONE',  ( 1.399999999999999689, 8.759938365018300033, 4.438449618462785295 ) ) ;
#67 = PLANE ( 'NONE',  #1355 ) ;
#68 = VERTEX_POINT ( 'NONE', #1847 ) ;
#69 = DIRECTION ( 'NONE',  ( 0.000000000000000000, 0.7546055221634990762, -0.6561787149247930717 ) ) ;
#70 = ORIENTED_EDGE ( 'NONE', *, *, #970, .T. ) ;
#71 = ORIENTED_EDGE ( 'NONE', *, *, #684, .F. ) ;
#72 = LINE ( 'NONE', #3448, #4155 ) ;
#73 = CARTESIAN_POINT ( 'NONE',  ( -6.361538942939636954, 7.517540966287275417, 2.000000000000000000 ) ) ;
#74 = DIRECTION ( 'NONE',  ( 0.000000000000000000, 1.000000000000000000, 0.000000000000000000 ) ) ;
#75 = ORIENTED_EDGE ( 'NONE', *, *, #1801, .F. ) ;
#76 = AXIS2_PLACEMENT_3D ( 'NONE', #3043, #4051, #2411 ) ;
#77 = ORIENTED_EDGE ( 'NONE', *, *, #952, .F. ) ;
#78 = EDGE_CURVE ( 'NONE', #2414, #3346, #1729, .T. ) ;
#79 = CARTESIAN_POINT ( 'NONE',  ( 3.750000000000000000, 0.000000000000000000, -1.000000000000000444 ) ) ;
#80 = ADVANCED_FACE ( 'NONE', ( #1176 ), #1463, .F. ) ;
#81 = AXIS2_PLACEMENT_3D ( 'NONE', #2146, #3188, #535 ) ;
#82 = EDGE_CURVE ( 'NONE', #1523, #710, #847, .T. ) ;
#83 = ORIENTED_EDGE ( 'NONE', *, *, #108, .T. ) ;
#84 = VECTOR ( 'NONE', #1152, 1000.000000000000000 ) ;
#85 = PLANE ( 'NONE',  #3964 ) ;
#86 = CARTESIAN_POINT ( 'NONE',  ( 0.000000000000000000, 1.499999999999999556, 6.850000000000000533 ) ) ;
#87 = DIRECTION ( 'NONE',  ( 1.000000000000000000, 2.168404344971005170E-17, 0.000000000000000000 ) ) ;
#88 = CARTESIAN_POINT ( 'NONE',  ( -1.399999999999999911, 6.500000000000000000, 4.483107698211994396 ) ) ;
#89 = EDGE_LOOP ( 'NONE', ( #2846, #1960, #2205, #1044 ) ) ;
#90 = CARTESIAN_POINT ( 'NONE',  ( -4.119234455801907835, 0.09981797772296638338, 2.040479469620747111 ) ) ;
#91 = DIRECTION ( 'NONE',  ( 0.000000000000000000, 0.000000000000000000, 1.000000000000000000 ) ) ;
#92 = LINE ( 'NONE', #21, #860 ) ;
#93 = ORIENTED_EDGE ( 'NONE', *, *, #576, .T. ) ;
#94 = ORIENTED_EDGE ( 'NONE', *, *, #4144, .F. ) ;
#95 = ORIENTED_EDGE ( 'NONE', *, *, #1000, .T. ) ;
#96 = DIRECTION ( 'NONE',  ( 1.000000000000000000, 2.168404344971008252E-17, 8.673617379884035472E-17 ) ) ;
#97 = DIRECTION ( 'NONE',  ( -0.000000000000000000, 0.6561787149247869655, -0.7546055221635044052 ) ) ;
#98 = SHAPE_DEFINITION_REPRESENTATION ( #2956, #3875 ) ;
#99 = VECTOR ( 'NONE', #485, 1000.000000000000000 ) ;
#100 = CARTESIAN_POINT ( 'NONE',  ( 1.393823247546297939, 6.500000000000000000, -4.508834952051935296 ) ) ;
#101 = DIRECTION ( 'NONE',  ( -1.000000000000000000, 0.000000000000000000, 0.000000000000000000 ) ) ;
#102 =( GEOMETRIC_REPRESENTATION_CONTEXT ( 3 ) GLOBAL_UNCERTAINTY_ASSIGNED_CONTEXT ( ( #3780 ) ) GLOBAL_UNIT_ASSIGNED_CONTEXT ( ( #3516, #138, #2829 ) ) REPRESENTATION_CONTEXT ( 'NONE', 'WORKASPACE' ) );
#103 = ORIENTED_EDGE ( 'NONE', *, *, #2859, .F. ) ;
#104 = CARTESIAN_POINT ( 'NONE',  ( -3.354731286224077902, 1.601558808504983666, -6.875221135459822719 ) ) ;
#105 = VECTOR ( 'NONE', #898, 1000.000000000000000 ) ;
#106 = EDGE_CURVE ( 'NONE', #4071, #2453, #2515, .T. ) ;
#107 = VECTOR ( 'NONE', #91, 1000.000000000000000 ) ;
#108 = EDGE_CURVE ( 'NONE', #1089, #1969, #3080, .T. ) ;
#109 = CARTESIAN_POINT ( 'NONE',  ( 0.000000000000000000, 0.000000000000000000, -4.400000000000000355 ) ) ;
#110 = CARTESIAN_POINT ( 'NONE',  ( -1.379999999999999893, 12.34999999999999964, 2.027069063257455728 ) ) ;
#111 = CARTESIAN_POINT ( 'NONE',  ( 1.000000000000000000, 4.750000000000000000, -0.9999999999999997780 ) ) ;
#112 = DIRECTION ( 'NONE',  ( 0.000000000000000000, 0.000000000000000000, 1.000000000000000000 ) ) ;
#113 = AXIS2_PLACEMENT_3D ( 'NONE', #929, #888, #1926 ) ;
#114 = ORIENTED_EDGE ( 'NONE', *, *, #1825, .T. ) ;
#115 = CARTESIAN_POINT ( 'NONE',  ( 1.379999999999999671, 11.54484625457503277, -5.498426807238717018 ) ) ;
#116 = CIRCLE ( 'NONE', #3426, 7.650000000000000355 ) ;
#117 = CARTESIAN_POINT ( 'NONE',  ( 7.404589173006709935, 0.1499825201826831267, 1.774897943480918672 ) ) ;
#118 = ORIENTED_EDGE ( 'NONE', *, *, #474, .F. ) ;
#119 = AXIS2_PLACEMENT_3D ( 'NONE', #1481, #1452, #3092 ) ;
#120 = VERTEX_POINT ( 'NONE', #1124 ) ;
#121 = ORIENTED_EDGE ( 'NONE', *, *, #1850, .T. ) ;
#122 = CARTESIAN_POINT ( 'NONE',  ( -3.807362913467408738, 0.5000000000000004441, 2.000000000000000000 ) ) ;
#123 = DIRECTION ( 'NONE',  ( 0.000000000000000000, 0.000000000000000000, -1.000000000000000000 ) ) ;
#124 = FACE_OUTER_BOUND ( 'NONE', #1211, .T. ) ;
#125 = DIRECTION ( 'NONE',  ( 1.000000000000000000, 0.000000000000000000, 0.000000000000000000 ) ) ;
#126 = VERTEX_POINT ( 'NONE', #63 ) ;
#127 = FACE_OUTER_BOUND ( 'NONE', #4070, .T. ) ;
#128 = B_SPLINE_CURVE_WITH_KNOTS ( 'NONE', 3,
 ( #2149, #1470, #500, #2522, #518, #3491, #3192, #763, #1087, #2104 ),
 .UNSPECIFIED., .F., .F.,
 ( 4, 2, 2, 2, 4 ),
 ( 0.000000000000000000, 0.0002774483335560879328, 0.0004161725003341318449, 0.0004855345837231531234, 0.0005548966671121744560 ),
 .UNSPECIFIED. ) ;
#129 = LINE ( 'NONE', #3413, #39 ) ;
#130 = DIRECTION ( 'NONE',  ( 0.000000000000000000, 0.000000000000000000, -1.000000000000000000 ) ) ;
#131 = LINE ( 'NONE', #1153, #458 ) ;
#132 = ORIENTED_EDGE ( 'NONE', *, *, #1831, .T. ) ;
#133 = DIRECTION ( 'NONE',  ( 1.000000000000000000, 0.000000000000000000, 0.000000000000000000 ) ) ;
#134 = DIRECTION ( 'NONE',  ( 0.000000000000000000, 0.000000000000000000, -1.000000000000000000 ) ) ;
#135 = VERTEX_POINT ( 'NONE', #2466 ) ;
#136 = EDGE_CURVE ( 'NONE', #1540, #1281, #3809, .T. ) ;
#137 = VERTEX_POINT ( 'NONE', #4076 ) ;
#138 =( NAMED_UNIT ( * ) PLANE_ANGLE_UNIT ( ) SI_UNIT ( $, .RADIAN. ) );
#139 = CARTESIAN_POINT ( 'NONE',  ( -1.379999999999999671, 6.500000000000000000, -0.7729309367425445387 ) ) ;
#140 = FACE_BOUND ( 'NONE', #2900, .T. ) ;
#141 = FACE_OUTER_BOUND ( 'NONE', #697, .T. ) ;
#142 = CARTESIAN_POINT ( 'NONE',  ( -6.893627829177591870, 7.517540966287275417, -2.000000000000000000 ) ) ;
#143 = EDGE_CURVE ( 'NONE', #1089, #68, #2759, .T. ) ;
#144 = VECTOR ( 'NONE', #441, 1000.000000000000114 ) ;
#145 = ORIENTED_EDGE ( 'NONE', *, *, #2373, .T. ) ;
#146 = AXIS2_PLACEMENT_3D ( 'NONE', #2020, #335, #1695 ) ;
#147 = ORIENTED_EDGE ( 'NONE', *, *, #4144, .T. ) ;
#148 = FACE_OUTER_BOUND ( 'NONE', #2735, .T. ) ;
#149 = VECTOR ( 'NONE', #2624, 1000.000000000000000 ) ;
#150 = VECTOR ( 'NONE', #4308, 1000.000000000000000 ) ;
#151 = ORIENTED_EDGE ( 'NONE', *, *, #3013, .T. ) ;
#152 = DIRECTION ( 'NONE',  ( 1.000000000000000000, 0.000000000000000000, 0.000000000000000000 ) ) ;
#153 = VECTOR ( 'NONE', #3988, 1000.000000000000000 ) ;
#154 = CARTESIAN_POINT ( 'NONE',  ( -7.428804460876121674, 0.2165134768094424123, 2.000000000000000000 ) ) ;
#155 = CARTESIAN_POINT ( 'NONE',  ( -1.379999999999999893, -2.992397996059991005E-17, -5.530000000000000249 ) ) ;
#156 = VERTEX_POINT ( 'NONE', #3093 ) ;
#157 = DIRECTION ( 'NONE',  ( 1.000000000000000000, 0.000000000000000000, -0.000000000000000000 ) ) ;
#158 = CARTESIAN_POINT ( 'NONE',  ( 1.379999999999999671, 9.768344573749500270, -5.400000000000000355 ) ) ;
#159 = ORIENTED_EDGE ( 'NONE', *, *, #1290, .T. ) ;
#160 = EDGE_CURVE ( 'NONE', #3708, #1590, #3703, .T. ) ;
#161 = EDGE_CURVE ( 'NONE', #4273, #1252, #616, .T. ) ;
#162 = DIRECTION ( 'NONE',  ( -0.000000000000000000, 1.000000000000000000, -0.000000000000000000 ) ) ;
#163 = EDGE_CURVE ( 'NONE', #3578, #235, #3406, .T. ) ;
#164 = FACE_OUTER_BOUND ( 'NONE', #1859, .T. ) ;
#165 = DIRECTION ( 'NONE',  ( 0.000000000000000000, 0.000000000000000000, -1.000000000000000000 ) ) ;
#166 = CARTESIAN_POINT ( 'NONE',  ( -7.456883231256280276, 0.2936592643949817449, -1.836461359096883683 ) ) ;
#167 = EDGE_CURVE ( 'NONE', #4347, #984, #4191, .T. ) ;
#168 = VERTEX_POINT ( 'NONE', #369 ) ;
#169 = ORIENTED_EDGE ( 'NONE', *, *, #78, .F. ) ;
#170 = PRODUCT_DEFINITION_CONTEXT ( 'detailed design', #372, 'design' ) ;
#171 = AXIS2_PLACEMENT_3D ( 'NONE', #2305, #1703, #3000 ) ;
#172 = DIRECTION ( 'NONE',  ( 1.000000000000000000, 0.000000000000000000, 0.000000000000000000 ) ) ;
#173 = ORIENTED_EDGE ( 'NONE', *, *, #768, .F. ) ;
#174 = AXIS2_PLACEMENT_3D ( 'NONE', #1036, #4297, #1636 ) ;
#175 = EDGE_LOOP ( 'NONE', ( #1248, #1750, #705, #2597 ) ) ;
#176 = CARTESIAN_POINT ( 'NONE',  ( 1.379999999999999671, 0.000000000000000000, 5.530000000000000249 ) ) ;
#177 = DIRECTION ( 'NONE',  ( 0.000000000000000000, -0.000000000000000000, -1.000000000000000000 ) ) ;
#178 = CARTESIAN_POINT ( 'NONE',  ( -7.471550747212843291, -1.229316681729478424E-10, -1.644839852745282105 ) ) ;
#179 = VERTEX_POINT ( 'NONE', #394 ) ;
#180 = CIRCLE ( 'NONE', #3555, 7.649999999999999467 ) ;
#181 = CARTESIAN_POINT ( 'NONE',  ( -1.380000000000000115, 11.52975414413175947, 5.485303232940222706 ) ) ;
#182 = CARTESIAN_POINT ( 'NONE',  ( 7.387304489493806692, 0.1024932425285162985, 2.147281921172480956 ) ) ;
#183 = B_SPLINE_CURVE_WITH_KNOTS ( 'NONE', 3,
 ( #2438, #1724, #3687, #2393, #4098, #1794, #100, #2739, #1453, #1699 ),
 .UNSPECIFIED., .F., .F.,
 ( 4, 3, 3, 4 ),
 ( -2.449489749372115115E-06, 0.000000000000000000, 4.097538642259614431E-05, 8.049306843309046939E-05 ),
 .UNSPECIFIED. ) ;
#184 = VECTOR ( 'NONE', #662, 1000.000000000000114 ) ;
#185 = ORIENTED_EDGE ( 'NONE', *, *, #3656, .T. ) ;
#186 = EDGE_CURVE ( 'NONE', #3775, #3984, #2096, .T. ) ;
#187 = AXIS2_PLACEMENT_3D ( 'NONE', #1417, #61, #2743 ) ;
#188 = FACE_OUTER_BOUND ( 'NONE', #490, .T. ) ;
#189 = FACE_OUTER_BOUND ( 'NONE', #3165, .T. ) ;
#190 = DIRECTION ( 'NONE',  ( 1.000000000000000000, 0.000000000000000000, 0.000000000000000000 ) ) ;
#191 = CIRCLE ( 'NONE', #1757, 0.02000000000000005246 ) ;
#192 = AXIS2_PLACEMENT_3D ( 'NONE', #2443, #3804, #4103 ) ;
#193 = ORIENTED_EDGE ( 'NONE', *, *, #502, .T. ) ;
#194 = DIRECTION ( 'NONE',  ( -8.673617379884035472E-17, -1.880790961315659329E-33, -1.000000000000000000 ) ) ;
#195 = ORIENTED_EDGE ( 'NONE', *, *, #3067, .F. ) ;
#196 = B_SPLINE_CURVE_WITH_KNOTS ( 'NONE', 3,
 ( #3304, #628, #2234, #3283, #3575, #2951, #289, #249, #1627, #2211, #3891, #2565, #4226, #3616, #2276, #1647, #583, #3912 ),
 .UNSPECIFIED., .F., .F.,
 ( 4, 2, 2, 2, 2, 2, 2, 2, 4 ),
 ( 1.870596454562343039E-15, 0.0002572149329873854497, 0.0005144298659729003255, 0.001028859731943930619, 0.002057719463885990772, 0.003086579195828051143, 0.003601009061799081111, 0.003858223994784596312, 0.004115438927770112380 ),
 .UNSPECIFIED. ) ;
#197 = EDGE_LOOP ( 'NONE', ( #3242, #2375, #331, #1909 ) ) ;
#198 = EDGE_CURVE ( 'NONE', #1392, #3086, #2714, .T. ) ;
#199 = FACE_OUTER_BOUND ( 'NONE', #1965, .T. ) ;
#200 = DIRECTION ( 'NONE',  ( 1.000000000000000000, -8.673617379884035472E-16, 0.000000000000000000 ) ) ;
#201 = CARTESIAN_POINT ( 'NONE',  ( -7.522587109751444956, 4.088921395586852271E-10, 1.400532038240247523 ) ) ;
#202 = VERTEX_POINT ( 'NONE', #1074 ) ;
#203 = ORIENTED_EDGE ( 'NONE', *, *, #246, .F. ) ;
#204 = DIRECTION ( 'NONE',  ( 1.000000000000000000, 2.168404344971008252E-17, 8.673617379884035472E-17 ) ) ;
#205 = DIRECTION ( 'NONE',  ( 7.968020348514244863E-17, -0.6561787149247862994, -0.7546055221635049604 ) ) ;
#206 = CIRCLE ( 'NONE', #1488, 0.1499999999999999667 ) ;
#207 = DIRECTION ( 'NONE',  ( -0.3420201433256687129, 0.9396926207859083169, 0.000000000000000000 ) ) ;
#208 = SURFACE_STYLE_FILL_AREA ( #1478 ) ;
#209 = CARTESIAN_POINT ( 'NONE',  ( 3.140055051430242106, 1.508506057664685152, -6.976435135045774061 ) ) ;
#210 = CYLINDRICAL_SURFACE ( 'NONE', #1772, 0.02000000000000005246 ) ;
#211 = CARTESIAN_POINT ( 'NONE',  ( 1.379999999999999671, 8.744846254575030287, -4.451573192761281383 ) ) ;
#212 = EDGE_LOOP ( 'NONE', ( #296, #556, #317, #70 ) ) ;
#213 = B_SPLINE_CURVE_WITH_KNOTS ( 'NONE', 3,
 ( #2400, #2727, #429, #4344, #3342, #1345, #736, #2080, #402, #1783, #1418, #2745, #3101, #1439, #2769, #328, #2677, #154 ),
 .UNSPECIFIED., .F., .F.,
 ( 4, 2, 2, 2, 2, 2, 2, 2, 4 ),
 ( 1.869984896774425434E-15, 0.0002572149329873851787, 0.0005144298659729004339, 0.001028859731943931486, 0.002057719463885992507, 0.003086579195828054178, 0.003601009061799084580, 0.003858223994784599781, 0.004115438927770114982 ),
 .UNSPECIFIED. ) ;
#214 = ORIENTED_EDGE ( 'NONE', *, *, #1549, .T. ) ;
#215 = ADVANCED_FACE ( 'NONE', ( #1433 ), #341, .T. ) ;
#216 = DIRECTION ( 'NONE',  ( -0.9396926207859094271, -0.3420201433256660484, 0.000000000000000000 ) ) ;
#217 = EDGE_LOOP ( 'NONE', ( #1881, #3970, #3237, #563 ) ) ;
#218 = EDGE_CURVE ( 'NONE', #3927, #1485, #191, .T. ) ;
#219 = VERTEX_POINT ( 'NONE', #1777 ) ;
#220 = EDGE_CURVE ( 'NONE', #1590, #1468, #3777, .T. ) ;
#221 = FACE_OUTER_BOUND ( 'NONE', #3083, .T. ) ;
#222 = EDGE_CURVE ( 'NONE', #3978, #274, #183, .T. ) ;
#223 = ORIENTED_EDGE ( 'NONE', *, *, #4006, .T. ) ;
#224 = VECTOR ( 'NONE', #230, 1000.000000000000000 ) ;
#225 = CARTESIAN_POINT ( 'NONE',  ( 4.240375615359629258, 0.2500000000000000000, 2.000000000000000000 ) ) ;
#226 = FACE_OUTER_BOUND ( 'NONE', #1267, .T. ) ;
#227 = CIRCLE ( 'NONE', #1282, 0.02000000000000003511 ) ;
#228 = ORIENTED_EDGE ( 'NONE', *, *, #1599, .T. ) ;
#229 = CARTESIAN_POINT ( 'NONE',  ( 0.000000000000000000, 6.625340151904196340, 0.9208900253173660788 ) ) ;
#230 = DIRECTION ( 'NONE',  ( -1.000000000000000000, -0.000000000000000000, -0.000000000000000000 ) ) ;
#231 = DIRECTION ( 'NONE',  ( 0.000000000000000000, 0.000000000000000000, -1.000000000000000000 ) ) ;
#232 = ORIENTED_EDGE ( 'NONE', *, *, #222, .T. ) ;
#233 = CARTESIAN_POINT ( 'NONE',  ( 1.399999999999999689, 12.34999999999999964, 2.027069063257455728 ) ) ;
#234 = ORIENTED_EDGE ( 'NONE', *, *, #3281, .F. ) ;
#235 = VERTEX_POINT ( 'NONE', #1388 ) ;
#236 = CARTESIAN_POINT ( 'NONE',  ( 6.831385253332593166, 7.346530894624442531, 2.000000000000000000 ) ) ;
#237 = VECTOR ( 'NONE', #162, 1000.000000000000000 ) ;
#238 = EDGE_CURVE ( 'NONE', #867, #1870, #771, .T. ) ;
#239 = CARTESIAN_POINT ( 'NONE',  ( -7.431829883315094420, 0.2248257566444501476, 0.3605885910177044629 ) ) ;
#240 = EDGE_CURVE ( 'NONE', #948, #1089, #8, .T. ) ;
#241 = CIRCLE ( 'NONE', #3191, 0.02000000000000005246 ) ;
#242 = DIRECTION ( 'NONE',  ( 0.000000000000000000, 0.7546055221635206145, 0.6561787149247685358 ) ) ;
#243 = CARTESIAN_POINT ( 'NONE',  ( 7.538979505814538129, 0.5192169249651417129, -0.3721985533366034549 ) ) ;
#244 = DIRECTION ( 'NONE',  ( 0.000000000000000000, 0.000000000000000000, -1.000000000000000000 ) ) ;
#245 = CARTESIAN_POINT ( 'NONE',  ( 1.399999999999999689, 0.000000000000000000, 4.379999999999999893 ) ) ;
#246 = EDGE_CURVE ( 'NONE', #2693, #3898, #2371, .T. ) ;
#247 = VECTOR ( 'NONE', #1353, 1000.000000000000000 ) ;
#248 = VERTEX_POINT ( 'NONE', #4053 ) ;
#249 = CARTESIAN_POINT ( 'NONE',  ( 7.533687255868612986, 0.5046765877405969825, 0.6823178045688390592 ) ) ;
#250 = VECTOR ( 'NONE', #2290, 1000.000000000000000 ) ;
#251 = CARTESIAN_POINT ( 'NONE',  ( 1.379999999999999671, 12.48000000000000220, 0.000000000000000000 ) ) ;
#252 = DIRECTION ( 'NONE',  ( 0.000000000000000000, 0.000000000000000000, -1.000000000000000000 ) ) ;
#253 = CIRCLE ( 'NONE', #2711, 0.1499999999999999667 ) ;
#254 = ORIENTED_EDGE ( 'NONE', *, *, #551, .T. ) ;
#255 = ORIENTED_EDGE ( 'NONE', *, *, #3559, .T. ) ;
#256 = CARTESIAN_POINT ( 'NONE',  ( -1.380000000000000115, 6.649999999999999467, 4.549999999999999822 ) ) ;
#257 = CARTESIAN_POINT ( 'NONE',  ( -7.390737137977223092, 0.1119243667256465680, 1.939606546659022435 ) ) ;
#258 = VECTOR ( 'NONE', #842, 1000.000000000000000 ) ;
#259 = VERTEX_POINT ( 'NONE', #1054 ) ;
#260 = DIRECTION ( 'NONE',  ( -0.3420201433256687684, 0.9396926207859084279, 0.000000000000000000 ) ) ;
#261 = FACE_OUTER_BOUND ( 'NONE', #2246, .T. ) ;
#262 = CARTESIAN_POINT ( 'NONE',  ( -1.380000000000000115, 11.43165542625050435, 5.549999999999999822 ) ) ;
#263 = CARTESIAN_POINT ( 'NONE',  ( -7.506291330883620105, 0.4294069024592640504, 1.298632614928846740 ) ) ;
#264 = VERTEX_POINT ( 'NONE', #1503 ) ;
#265 = DIRECTION ( 'NONE',  ( 2.418863320084447144E-14, 0.6561787149247684248, -0.7546055221635205035 ) ) ;
#266 = FACE_OUTER_BOUND ( 'NONE', #2872, .T. ) ;
#267 = CARTESIAN_POINT ( 'NONE',  ( -10.02391857076032800, 7.346530894624444308, 2.000000000000000000 ) ) ;
#268 = ORIENTED_EDGE ( 'NONE', *, *, #478, .F. ) ;
#269 = EDGE_CURVE ( 'NONE', #526, #26, #1537, .T. ) ;
#270 = CARTESIAN_POINT ( 'NONE',  ( 1.379999999999999671, 9.670245855868246920, -5.485303232940222706 ) ) ;
#271 = CARTESIAN_POINT ( 'NONE',  ( -1.379999999999999893, 8.744846254575030287, -4.451573192761281383 ) ) ;
#272 = DIRECTION ( 'NONE',  ( 0.000000000000000000, 0.000000000000000000, -1.000000000000000000 ) ) ;
#273 = ADVANCED_FACE ( 'NONE', ( #3223 ), #210, .T. ) ;
#274 = VERTEX_POINT ( 'NONE', #4169 ) ;
#275 = EDGE_CURVE ( 'NONE', #4233, #4071, #814, .T. ) ;
#276 = VERTEX_POINT ( 'NONE', #4148 ) ;
#277 = CARTESIAN_POINT ( 'NONE',  ( 8.503317654544932935, 3.094954518764654328, 2.000000000000000000 ) ) ;
#278 = CARTESIAN_POINT ( 'NONE',  ( -7.428353925934101376, 0.2152756422295643846, 2.005120827532492989 ) ) ;
#279 = ORIENTED_EDGE ( 'NONE', *, *, #27, .T. ) ;
#280 = DIRECTION ( 'NONE',  ( 0.000000000000000000, 0.7546055221635206145, -0.6561787149247685358 ) ) ;
#281 = DIRECTION ( 'NONE',  ( -0.000000000000000000, -0.000000000000000000, -1.000000000000000000 ) ) ;
#282 = B_SPLINE_CURVE_WITH_KNOTS ( 'NONE', 3,
 ( #3485, #758, #1151, #2487, #826, #2166, #3508, #1509, #2843, #4178 ),
 .UNSPECIFIED., .F., .F.,
 ( 4, 3, 3, 4 ),
 ( 0.000000000000000000, 3.932309463598233521E-05, 8.009671586239441431E-05, 8.254620561176652350E-05 ),
 .UNSPECIFIED. ) ;
#283 = EDGE_LOOP ( 'NONE', ( #3464, #3521, #268, #1807 ) ) ;
#284 = LINE ( 'NONE', #2398, #2636 ) ;
#285 = CARTESIAN_POINT ( 'NONE',  ( 7.376482640499705035, 0.07276045678023040919, -2.051245772470545070 ) ) ;
#286 = VECTOR ( 'NONE', #3085, 1000.000000000000000 ) ;
#287 = ORIENTED_EDGE ( 'NONE', *, *, #3722, .F. ) ;
#288 = DIRECTION ( 'NONE',  ( 0.000000000000000000, 0.000000000000000000, -1.000000000000000000 ) ) ;
#289 = CARTESIAN_POINT ( 'NONE',  ( 7.512301704661952684, 0.4459202686977054020, 1.188178583561495971 ) ) ;
#290 = DIRECTION ( 'NONE',  ( 0.000000000000000000, 0.1643989873053572914, -0.9863939238321437486 ) ) ;
#291 = AXIS2_PLACEMENT_3D ( 'NONE', #3531, #3573, #3193 ) ;
#292 = EDGE_CURVE ( 'NONE', #3725, #2388, #2501, .T. ) ;
#293 = ORIENTED_EDGE ( 'NONE', *, *, #2262, .T. ) ;
#294 = AXIS2_PLACEMENT_3D ( 'NONE', #3628, #3297, #4262 ) ;
#295 = EDGE_CURVE ( 'NONE', #3927, #383, #3858, .T. ) ;
#296 = ORIENTED_EDGE ( 'NONE', *, *, #2240, .T. ) ;
#297 = CARTESIAN_POINT ( 'NONE',  ( 1.379999999999999671, 8.759938365018300033, 4.438449618462787072 ) ) ;
#298 = EDGE_LOOP ( 'NONE', ( #4334, #3256, #2586, #373 ) ) ;
#299 = DIRECTION ( 'NONE',  ( -1.000000000000000000, 0.000000000000000000, 0.000000000000000000 ) ) ;
#300 = CARTESIAN_POINT ( 'NONE',  ( -1.380000000000000115, 12.46319082832452629, -4.442330547426800003 ) ) ;
#301 = CARTESIAN_POINT ( 'NONE',  ( 4.277209223860364951, 0.3289899283371673366, 2.000000000000000000 ) ) ;
#302 = DIRECTION ( 'NONE',  ( 1.000000000000000000, 0.000000000000000000, 0.000000000000000000 ) ) ;
#303 = AXIS2_PLACEMENT_3D ( 'NONE', #3738, #3384, #1726 ) ;
#304 = CARTESIAN_POINT ( 'NONE',  ( 7.400095700806934573, 0.1376368067788099891, -2.118818320469408878 ) ) ;
#305 = LINE ( 'NONE', #1733, #3785 ) ;
#306 = CARTESIAN_POINT ( 'NONE',  ( 0.000000000000000000, 0.000000000000000000, 3.750000000000000000 ) ) ;
#307 = DIRECTION ( 'NONE',  ( 0.3420201433256686019, -0.9396926207859084279, 0.000000000000000000 ) ) ;
#308 = ORIENTED_EDGE ( 'NONE', *, *, #2021, .F. ) ;
#309 = AXIS2_PLACEMENT_3D ( 'NONE', #14, #2057, #1784 ) ;
#310 = DIRECTION ( 'NONE',  ( 1.000000000000000000, 0.000000000000000000, 0.000000000000000000 ) ) ;
#311 = DIRECTION ( 'NONE',  ( -0.000000000000000000, -0.000000000000000000, 1.000000000000000000 ) ) ;
#312 = AXIS2_PLACEMENT_3D ( 'NONE', #1735, #1372, #3724 ) ;
#313 = DIRECTION ( 'NONE',  ( 1.000000000000000000, 0.000000000000000000, 0.000000000000000000 ) ) ;
#314 = EDGE_CURVE ( 'NONE', #259, #3564, #3200, .T. ) ;
#315 = ORIENTED_EDGE ( 'NONE', *, *, #3636, .T. ) ;
#316 = AXIS2_PLACEMENT_3D ( 'NONE', #2726, #40, #302 ) ;
#317 = ORIENTED_EDGE ( 'NONE', *, *, #2853, .F. ) ;
#318 = PLANE ( 'NONE',  #2297 ) ;
#319 = AXIS2_PLACEMENT_3D ( 'NONE', #1039, #660, #37 ) ;
#320 = CARTESIAN_POINT ( 'NONE',  ( -7.381810823819904499, 0.08739952013937998809, -2.014475878667572495 ) ) ;
#321 = ORIENTED_EDGE ( 'NONE', *, *, #3886, .T. ) ;
#322 = DIRECTION ( 'NONE',  ( -0.000000000000000000, 0.6561787149247931827, 0.7546055221634992982 ) ) ;
#323 = AXIS2_PLACEMENT_3D ( 'NONE', #3960, #3310, #968 ) ;
#324 = CARTESIAN_POINT ( 'NONE',  ( -1.400000000000000133, 8.631655426250503638, -4.379999999999998117 ) ) ;
#325 = AXIS2_PLACEMENT_3D ( 'NONE', #2392, #2738, #2412 ) ;
#326 = EDGE_CURVE ( 'NONE', #65, #4092, #3854, .T. ) ;
#327 = DIRECTION ( 'NONE',  ( 1.000000000000000000, 0.000000000000000000, 0.000000000000000000 ) ) ;
#328 = CARTESIAN_POINT ( 'NONE',  ( -7.454892465695118098, 0.2881896809682633620, 1.847607302768655924 ) ) ;
#329 = LINE ( 'NONE', #267, #1737 ) ;
#330 = CARTESIAN_POINT ( 'NONE',  ( 1.379999999999999671, 9.768344573749498494, 5.530000000000000249 ) ) ;
#331 = ORIENTED_EDGE ( 'NONE', *, *, #715, .F. ) ;
#332 = DIRECTION ( 'NONE',  ( 0.000000000000000000, 0.000000000000000000, -1.000000000000000000 ) ) ;
#333 = CARTESIAN_POINT ( 'NONE',  ( -1.399999999999999911, 6.649999999999999467, 4.379999999999999893 ) ) ;
#334 = ORIENTED_EDGE ( 'NONE', *, *, #3390, .F. ) ;
#335 = DIRECTION ( 'NONE',  ( -3.272579785996980772E-14, 0.6561787149247684248, -0.7546055221635205035 ) ) ;
#336 = DIRECTION ( 'NONE',  ( 0.000000000000000000, -0.7546055221635044052, 0.6561787149247869655 ) ) ;
#337 = ORIENTED_EDGE ( 'NONE', *, *, #240, .F. ) ;
#338 = ORIENTED_EDGE ( 'NONE', *, *, #1328, .T. ) ;
#339 = CARTESIAN_POINT ( 'NONE',  ( 1.379999999999999671, 6.500000000000000000, 4.549999999999999822 ) ) ;
#340 = DIRECTION ( 'NONE',  ( -1.000000000000000000, 0.000000000000000000, -8.673617379884020681E-17 ) ) ;
#341 = CYLINDRICAL_SURFACE ( 'NONE', #1179, 0.01999999999999992062 ) ;
#342 = VECTOR ( 'NONE', #3537, 1000.000000000000000 ) ;
#343 = CARTESIAN_POINT ( 'NONE',  ( -7.415177398743314718, 5.139964757811843781E-11, -1.881234508587585674 ) ) ;
#344 = EDGE_CURVE ( 'NONE', #2883, #3539, #3055, .T. ) ;
#345 = VERTEX_POINT ( 'NONE', #2355 ) ;
#346 = LINE ( 'NONE', #3625, #1164 ) ;
#347 = CARTESIAN_POINT ( 'NONE',  ( 7.383935265155024297, 0.2500000000000000000, 2.000000000000000000 ) ) ;
#348 = CARTESIAN_POINT ( 'NONE',  ( 0.000000000000000000, 12.37465984809580277, 1.879109974682634077 ) ) ;
#349 = EDGE_CURVE ( 'NONE', #1861, #868, #206, .T. ) ;
#350 = ADVANCED_FACE ( 'NONE', ( #2381 ), #2034, .F. ) ;
#351 = ADVANCED_FACE ( 'NONE', ( #3649 ), #3292, .T. ) ;
#352 = LINE ( 'NONE', #1685, #1667 ) ;
#353 = DIRECTION ( 'NONE',  ( 1.000000000000000000, -0.000000000000000000, 0.000000000000000000 ) ) ;
#354 = EDGE_CURVE ( 'NONE', #3855, #4113, #1325, .T. ) ;
#355 = CARTESIAN_POINT ( 'NONE',  ( -1.385521695682326637, 6.500000000000000000, 4.534868014339770603 ) ) ;
#356 = EDGE_CURVE ( 'NONE', #1007, #710, #305, .T. ) ;
#357 = LINE ( 'NONE', #1710, #3760 ) ;
#358 = ORIENTED_EDGE ( 'NONE', *, *, #571, .T. ) ;
#359 = CARTESIAN_POINT ( 'NONE',  ( -7.349999999999996980, 15.03508193257455083, -2.000000000000000000 ) ) ;
#360 = CYLINDRICAL_SURFACE ( 'NONE', #2352, 0.2500000000000002220 ) ;
#361 = CARTESIAN_POINT ( 'NONE',  ( -1.390180519077590882, 6.500000000000000000, 0.8009322421621057897 ) ) ;
#362 = ORIENTED_EDGE ( 'NONE', *, *, #2827, .F. ) ;
#363 = DIRECTION ( 'NONE',  ( 0.000000000000000000, 0.000000000000000000, -1.000000000000000000 ) ) ;
#364 = ORIENTED_EDGE ( 'NONE', *, *, #4112, .T. ) ;
#365 = ORIENTED_EDGE ( 'NONE', *, *, #2886, .F. ) ;
#366 = AXIS2_PLACEMENT_3D ( 'NONE', #2477, #1877, #1221 ) ;
#367 = DIRECTION ( 'NONE',  ( -0.000000000000000000, 0.000000000000000000, 1.000000000000000000 ) ) ;
#368 = DIRECTION ( 'NONE',  ( 2.168404344971008252E-17, -1.000000000000000000, 0.000000000000000000 ) ) ;
#369 = CARTESIAN_POINT ( 'NONE',  ( -3.807362913467408738, 0.000000000000000000, 2.250000000000000444 ) ) ;
#370 = AXIS2_PLACEMENT_3D ( 'NONE', #2207, #134, #1869 ) ;
#371 = CARTESIAN_POINT ( 'NONE',  ( -7.436247218215979338, 0.2369622845391814447, -1.962867038236998818 ) ) ;
#372 = APPLICATION_CONTEXT ( 'automotive_design' ) ;
#373 = ORIENTED_EDGE ( 'NONE', *, *, #1657, .F. ) ;
#374 = CARTESIAN_POINT ( 'NONE',  ( 0.000000000000000000, 6.500000000000000000, 0.000000000000000000 ) ) ;
#375 = CARTESIAN_POINT ( 'NONE',  ( 4.240375615359629258, 0.2500000000000000000, -2.000000000000000000 ) ) ;
#376 = EDGE_CURVE ( 'NONE', #219, #3383, #4337, .T. ) ;
#377 = PLANE ( 'NONE',  #539 ) ;
#378 = CARTESIAN_POINT ( 'NONE',  ( 7.349999999999980105, 15.03508193257454195, 2.000000000000000000 ) ) ;
#379 = CARTESIAN_POINT ( 'NONE',  ( 6.490213328462258069, -2.362244465598015708, 2.000000000000000000 ) ) ;
#380 = FACE_OUTER_BOUND ( 'NONE', #3210, .T. ) ;
#381 = DIRECTION ( 'NONE',  ( -0.000000000000000000, -1.000000000000000000, -0.000000000000000000 ) ) ;
#382 = ADVANCED_FACE ( 'NONE', ( #993 ), #2330, .T. ) ;
#383 = VERTEX_POINT ( 'NONE', #262 ) ;
#384 = CARTESIAN_POINT ( 'NONE',  ( -7.331456930341399669, 1.905824131322174993E-18, 2.185584934388800527 ) ) ;
#385 = CARTESIAN_POINT ( 'NONE',  ( -1.379999999999999671, 6.649999999999999467, 0.7729309367425446498 ) ) ;
#386 = EDGE_LOOP ( 'NONE', ( #3182, #2867, #4198, #3570 ) ) ;
#387 = CARTESIAN_POINT ( 'NONE',  ( -1.400000000000000133, 11.43165542625050435, 5.530000000000000249 ) ) ;
#388 = ORIENTED_EDGE ( 'NONE', *, *, #1034, .F. ) ;
#389 = ORIENTED_EDGE ( 'NONE', *, *, #1876, .T. ) ;
#390 = DIRECTION ( 'NONE',  ( -0.9396926207859084279, -0.3420201433256686019, 0.000000000000000000 ) ) ;
#391 = VECTOR ( 'NONE', #1466, 1000.000000000000000 ) ;
#392 = CARTESIAN_POINT ( 'NONE',  ( 1.379999999999999671, 12.34999999999999964, -2.027069063257456172 ) ) ;
#393 = DIRECTION ( 'NONE',  ( 0.000000000000000000, 0.000000000000000000, 1.000000000000000000 ) ) ;
#394 = CARTESIAN_POINT ( 'NONE',  ( -1.380000000000000115, 12.46319082832452629, 4.442330547426800003 ) ) ;
#395 = VECTOR ( 'NONE', #3706, 1000.000000000000000 ) ;
#396 = DIRECTION ( 'NONE',  ( 0.000000000000000000, 0.000000000000000000, -1.000000000000000000 ) ) ;
#397 = UNCERTAINTY_MEASURE_WITH_UNIT (LENGTH_MEASURE( 1.000000000000000082E-05 ), #545, 'distance_accuracy_value', 'NONE');
#398 = DIRECTION ( 'NONE',  ( 0.000000000000000000, 0.000000000000000000, 1.000000000000000000 ) ) ;
#399 = VECTOR ( 'NONE', #477, 1000.000000000000000 ) ;
#400 = AXIS2_PLACEMENT_3D ( 'NONE', #1277, #2617, #4199 ) ;
#401 = CARTESIAN_POINT ( 'NONE',  ( 1.379999999999999671, 6.649999999999999467, -4.549999999999999822 ) ) ;
#402 = CARTESIAN_POINT ( 'NONE',  ( -7.538971712762291055, 0.5191955137300549028, -0.3410266831823865474 ) ) ;
#403 = DIRECTION ( 'NONE',  ( 0.000000000000000000, 1.000000000000000000, 0.000000000000000000 ) ) ;
#404 = VECTOR ( 'NONE', #1410, 1000.000000000000000 ) ;
#405 = CIRCLE ( 'NONE', #323, 0.02000000000000005246 ) ;
#406 = CARTESIAN_POINT ( 'NONE',  ( -1.380000000000000115, 11.43165542625050612, -5.549999999999999822 ) ) ;
#407 = ORIENTED_EDGE ( 'NONE', *, *, #4269, .T. ) ;
#408 = CARTESIAN_POINT ( 'NONE',  ( -7.403329681514172478, 0.1465220957464806184, -2.000000000000000000 ) ) ;
#409 = DIRECTION ( 'NONE',  ( 0.000000000000000000, 0.000000000000000000, -1.000000000000000000 ) ) ;
#410 = EDGE_LOOP ( 'NONE', ( #1405, #3934, #986, #2341 ) ) ;
#411 = DIRECTION ( 'NONE',  ( 0.000000000000000000, -3.469446951953614820E-14, -1.000000000000000000 ) ) ;
#412 = B_SPLINE_CURVE_WITH_KNOTS ( 'NONE', 3,
 ( #976, #3992, #1399, #1016, #4346, #1688 ),
 .UNSPECIFIED., .F., .F.,
 ( 4, 2, 4 ),
 ( 0.000000000000000000, 0.0001993764809892386420, 0.0003987529619784772840 ),
 .UNSPECIFIED. ) ;
#413 = EDGE_CURVE ( 'NONE', #652, #2938, #2760, .T. ) ;
#414 = ORIENTED_EDGE ( 'NONE', *, *, #2238, .F. ) ;
#415 = EDGE_CURVE ( 'NONE', #4164, #520, #3629, .T. ) ;
#416 = EDGE_LOOP ( 'NONE', ( #3186, #223, #3126, #4002 ) ) ;
#417 = CARTESIAN_POINT ( 'NONE',  ( 1.399999999999999689, 6.500000000000000000, 4.469999999999999751 ) ) ;
#418 = LINE ( 'NONE', #1095, #3328 ) ;
#419 = CARTESIAN_POINT ( 'NONE',  ( -3.405877273185280885, 1.499999999999999556, 6.850000000000000533 ) ) ;
#420 = PRODUCT_CONTEXT ( 'NONE', #517, 'mechanical' ) ;
#421 = CARTESIAN_POINT ( 'NONE',  ( -1.399999999999999911, 12.34999999999999964, -2.027069063257456172 ) ) ;
#422 = EDGE_CURVE ( 'NONE', #1252, #4092, #1706, .T. ) ;
#423 = VERTEX_POINT ( 'NONE', #3339 ) ;
#424 = ORIENTED_EDGE ( 'NONE', *, *, #3150, .F. ) ;
#425 = CARTESIAN_POINT ( 'NONE',  ( -3.301579660418292317, 1.563075121266647161, -6.900987060043524579 ) ) ;
#426 = AXIS2_PLACEMENT_3D ( 'NONE', #4326, #3989, #3368 ) ;
#427 = ORIENTED_EDGE ( 'NONE', *, *, #2237, .F. ) ;
#428 = DIRECTION ( 'NONE',  ( -1.000000000000000000, 0.000000000000000000, 0.000000000000000000 ) ) ;
#429 = CARTESIAN_POINT ( 'NONE',  ( -7.455090054096228158, 0.2887325506386549945, -1.846222793007266549 ) ) ;
#430 = DIRECTION ( 'NONE',  ( 0.000000000000000000, 0.000000000000000000, 1.000000000000000000 ) ) ;
#431 = ORIENTED_EDGE ( 'NONE', *, *, #524, .T. ) ;
#432 = LINE ( 'NONE', #3512, #4250 ) ;
#433 = FACE_OUTER_BOUND ( 'NONE', #816, .T. ) ;
#434 = ORIENTED_EDGE ( 'NONE', *, *, #376, .T. ) ;
#435 = ORIENTED_EDGE ( 'NONE', *, *, #2832, .F. ) ;
#436 = VERTEX_POINT ( 'NONE', #4280 ) ;
#437 = LINE ( 'NONE', #3403, #2284 ) ;
#438 = CARTESIAN_POINT ( 'NONE',  ( -1.380000000000000115, 6.649999999999999467, -4.549999999999999822 ) ) ;
#439 = CARTESIAN_POINT ( 'NONE',  ( -1.380000000000000115, 8.631655426250503638, -4.379999999999998117 ) ) ;
#440 = DIRECTION ( 'NONE',  ( 0.000000000000000000, 0.000000000000000000, 1.000000000000000000 ) ) ;
#441 = DIRECTION ( 'NONE',  ( -0.9396926207859084279, -0.3420201433256686019, 0.000000000000000000 ) ) ;
#442 = ADVANCED_FACE ( 'NONE', ( #622 ), #4099, .F. ) ;
#443 = EDGE_CURVE ( 'NONE', #2388, #1035, #1278, .T. ) ;
#444 = ORIENTED_EDGE ( 'NONE', *, *, #4195, .F. ) ;
#445 = VECTOR ( 'NONE', #1310, 1000.000000000000000 ) ;
#446 = ORIENTED_EDGE ( 'NONE', *, *, #349, .T. ) ;
#447 = CARTESIAN_POINT ( 'NONE',  ( -7.349999999999996980, 15.03508193257455083, 2.000000000000000000 ) ) ;
#448 = AXIS2_PLACEMENT_3D ( 'NONE', #2380, #3437, #41 ) ;
#449 = DIRECTION ( 'NONE',  ( 0.000000000000000000, 0.000000000000000000, -1.000000000000000000 ) ) ;
#450 = DIRECTION ( 'NONE',  ( -0.000000000000000000, 0.000000000000000000, 1.000000000000000000 ) ) ;
#451 = CARTESIAN_POINT ( 'NONE',  ( -3.807362913467408738, 0.5000000000000004441, -2.000000000000000000 ) ) ;
#452 = DIRECTION ( 'NONE',  ( -0.000000000000000000, -1.000000000000000000, -0.000000000000000000 ) ) ;
#453 = ORIENTED_EDGE ( 'NONE', *, *, #3870, .F. ) ;
#454 = CARTESIAN_POINT ( 'NONE',  ( 2.969848480983500405, 1.499999999999999556, 7.049999999999999822 ) ) ;
#455 = CARTESIAN_POINT ( 'NONE',  ( 1.379999999999999671, 12.48000000000000220, 0.000000000000000000 ) ) ;
#456 = ORIENTED_EDGE ( 'NONE', *, *, #2811, .T. ) ;
#457 = ORIENTED_EDGE ( 'NONE', *, *, #3722, .T. ) ;
#458 = VECTOR ( 'NONE', #2845, 1000.000000000000000 ) ;
#459 = EDGE_LOOP ( 'NONE', ( #484, #2088, #2066, #1830 ) ) ;
#460 = AXIS2_PLACEMENT_3D ( 'NONE', #3561, #1243, #3914 ) ;
#461 = DIRECTION ( 'NONE',  ( -1.000000000000000000, -0.000000000000000000, -0.000000000000000000 ) ) ;
#462 = ADVANCED_FACE ( 'NONE', ( #3002 ), #4342, .F. ) ;
#463 = DIRECTION ( 'NONE',  ( -0.000000000000000000, 0.6561787149247862994, 0.7546055221635049604 ) ) ;
#464 = CIRCLE ( 'NONE', #813, 0.02000000000000053471 ) ;
#465 = DIRECTION ( 'NONE',  ( 0.000000000000000000, 1.000000000000000000, 0.000000000000000000 ) ) ;
#466 = VERTEX_POINT ( 'NONE', #2835 ) ;
#467 = VECTOR ( 'NONE', #2660, 1000.000000000000000 ) ;
#468 = ORIENTED_EDGE ( 'NONE', *, *, #2722, .F. ) ;
#469 = CARTESIAN_POINT ( 'NONE',  ( -3.371095403779724275, 1.616491533522732116, -6.867199217059261507 ) ) ;
#470 = AXIS2_PLACEMENT_3D ( 'NONE', #1375, #1739, #3061 ) ;
#471 = CIRCLE ( 'NONE', #4105, 0.1299999999999998934 ) ;
#472 = CARTESIAN_POINT ( 'NONE',  ( 1.000000000000000000, 4.750000000000000000, -0.9999999999999997780 ) ) ;
#473 = DIRECTION ( 'NONE',  ( 0.000000000000000000, 0.000000000000000000, -1.000000000000000000 ) ) ;
#474 = EDGE_CURVE ( 'NONE', #2777, #4134, #1483, .T. ) ;
#475 = VECTOR ( 'NONE', #2050, 1000.000000000000000 ) ;
#476 = ORIENTED_EDGE ( 'NONE', *, *, #764, .F. ) ;
#477 = DIRECTION ( 'NONE',  ( 0.000000000000000000, 1.000000000000000000, 0.000000000000000000 ) ) ;
#478 = EDGE_CURVE ( 'NONE', #1535, #466, #3801, .T. ) ;
#479 = TOROIDAL_SURFACE ( 'NONE', #3843, 0.1299999999999999767, 0.02000000000000000042 ) ;
#480 = CARTESIAN_POINT ( 'NONE',  ( 7.387074278570850083, 1.105171206293788969E-09, 1.988588378154294345 ) ) ;
#481 = B_SPLINE_CURVE_WITH_KNOTS ( 'NONE', 3,
 ( #694, #3670, #3079, #717 ),
 .UNSPECIFIED., .F., .F.,
 ( 4, 4 ),
 ( 2.710505431213760784E-20, 0.0002211138402831697820 ),
 .UNSPECIFIED. ) ;
#482 = ORIENTED_EDGE ( 'NONE', *, *, #3680, .F. ) ;
#483 = VECTOR ( 'NONE', #463, 1000.000000000000114 ) ;
#484 = ORIENTED_EDGE ( 'NONE', *, *, #2886, .T. ) ;
#485 = DIRECTION ( 'NONE',  ( -0.3420201433256660484, 0.9396926207859094271, 0.000000000000000000 ) ) ;
#486 = DIRECTION ( 'NONE',  ( 0.000000000000000000, 0.000000000000000000, -1.000000000000000000 ) ) ;
#487 = DIRECTION ( 'NONE',  ( 0.000000000000000000, 0.000000000000000000, 1.000000000000000000 ) ) ;
#488 = DIRECTION ( 'NONE',  ( -0.000000000000000000, -0.6561787149247436668, -0.7546055221635421528 ) ) ;
#489 = VERTEX_POINT ( 'NONE', #876 ) ;
#490 = EDGE_LOOP ( 'NONE', ( #3076, #2005, #839, #1084 ) ) ;
#491 = CYLINDRICAL_SURFACE ( 'NONE', #1240, 0.02000000000000005246 ) ;
#492 = ORIENTED_EDGE ( 'NONE', *, *, #1621, .F. ) ;
#493 = DIRECTION ( 'NONE',  ( -0.000000000000000000, -0.000000000000000000, -1.000000000000000000 ) ) ;
#494 = DIRECTION ( 'NONE',  ( 0.000000000000000000, 0.9863939238321437486, 0.1643989873053572637 ) ) ;
#495 = CARTESIAN_POINT ( 'NONE',  ( -1.379999999999999893, 12.37465984809580277, 1.879109974682634077 ) ) ;
#496 = ADVANCED_FACE ( 'NONE', ( #1840 ), #4127, .T. ) ;
#497 = ADVANCED_FACE ( 'NONE', ( #815 ), #3799, .T. ) ;
#498 = ORIENTED_EDGE ( 'NONE', *, *, #3915, .T. ) ;
#499 = EDGE_CURVE ( 'NONE', #3527, #1327, #574, .T. ) ;
#500 = CARTESIAN_POINT ( 'NONE',  ( -3.140055051430238109, 1.508506057664685152, 6.976435135045778502 ) ) ;
#501 = DIRECTION ( 'NONE',  ( -0.000000000000000000, -1.000000000000000000, -0.000000000000000000 ) ) ;
#502 = EDGE_CURVE ( 'NONE', #489, #2414, #3114, .T. ) ;
#503 = ORIENTED_EDGE ( 'NONE', *, *, #3149, .F. ) ;
#504 = CARTESIAN_POINT ( 'NONE',  ( 3.807362913467409626, 0.5000000000000000000, -2.000000000000000000 ) ) ;
#505 = LINE ( 'NONE', #4167, #1571 ) ;
#506 = CARTESIAN_POINT ( 'NONE',  ( -1.000000000000000222, 2.000000000000000000, 0.000000000000000000 ) ) ;
#507 = ORIENTED_EDGE ( 'NONE', *, *, #956, .T. ) ;
#508 = CARTESIAN_POINT ( 'NONE',  ( 6.831385253332593166, 7.346530894624442531, -2.000000000000000000 ) ) ;
#509 = TOROIDAL_SURFACE ( 'NONE', #76, 0.1299999999999999767, 0.02000000000000000042 ) ;
#510 = ORIENTED_EDGE ( 'NONE', *, *, #3636, .F. ) ;
#511 = ORIENTED_EDGE ( 'NONE', *, *, #2237, .T. ) ;
#512 = LINE ( 'NONE', #3906, #3134 ) ;
#513 = AXIS2_PLACEMENT_3D ( 'NONE', #4161, #501, #1494 ) ;
#514 = CARTESIAN_POINT ( 'NONE',  ( 3.807362913467409626, 0.5000000000000000000, 2.000000000000000000 ) ) ;
#515 = ADVANCED_FACE ( 'NONE', ( #1817 ), #1504, .T. ) ;
#516 = ORIENTED_EDGE ( 'NONE', *, *, #1025, .F. ) ;
#517 = APPLICATION_CONTEXT ( 'automotive_design' ) ;
#518 = CARTESIAN_POINT ( 'NONE',  ( -3.302397983560361183, 1.563623187575864382, 6.900591489566306969 ) ) ;
#519 = DIRECTION ( 'NONE',  ( 0.000000000000000000, 0.000000000000000000, -1.000000000000000000 ) ) ;
#520 = VERTEX_POINT ( 'NONE', #2479 ) ;
#521 = DIRECTION ( 'NONE',  ( 1.000000000000000000, 2.168404344971008252E-17, -8.673617379884035472E-17 ) ) ;
#522 = CARTESIAN_POINT ( 'NONE',  ( 1.399999999999999689, 6.622052172158090499, -0.9406179037940094467 ) ) ;
#523 = DIRECTION ( 'NONE',  ( -1.000000000000000000, -0.000000000000000000, -0.000000000000000000 ) ) ;
#524 = EDGE_CURVE ( 'NONE', #276, #3427, #3591, .T. ) ;
#525 = ORIENTED_EDGE ( 'NONE', *, *, #2053, .T. ) ;
#526 = VERTEX_POINT ( 'NONE', #2159 ) ;
#527 = VECTOR ( 'NONE', #810, 1000.000000000000114 ) ;
#528 = CARTESIAN_POINT ( 'NONE',  ( -1.380000000000000115, 8.631655426250503638, -4.400000000000000355 ) ) ;
#529 = CARTESIAN_POINT ( 'NONE',  ( -1.399999999999999911, 6.649999999999999467, -4.549999999999999822 ) ) ;
#530 = EDGE_LOOP ( 'NONE', ( #2729, #2024, #3245, #2885 ) ) ;
#531 = CIRCLE ( 'NONE', #309, 0.02000000000000005246 ) ;
#532 = VERTEX_POINT ( 'NONE', #2527 ) ;
#533 = LINE ( 'NONE', #1574, #682 ) ;
#534 = AXIS2_PLACEMENT_3D ( 'NONE', #2085, #2386, #1330 ) ;
#535 = DIRECTION ( 'NONE',  ( 0.000000000000000000, 0.000000000000000000, 1.000000000000000000 ) ) ;
#536 = CARTESIAN_POINT ( 'NONE',  ( -7.420866862804149200, 0.1947051053426526734, 1.430026388301072204 ) ) ;
#537 = ORIENTED_EDGE ( 'NONE', *, *, #2689, .T. ) ;
#538 = EDGE_LOOP ( 'NONE', ( #1157, #2068, #52, #1224 ) ) ;
#539 = AXIS2_PLACEMENT_3D ( 'NONE', #3972, #2328, #3053 ) ;
#540 = DIRECTION ( 'NONE',  ( 2.168404344971008252E-17, -1.000000000000000000, -0.000000000000000000 ) ) ;
#541 = DIRECTION ( 'NONE',  ( 1.000000000000000000, 0.000000000000000000, -0.000000000000000000 ) ) ;
#542 = AXIS2_PLACEMENT_3D ( 'NONE', #1554, #1890, #2599 ) ;
#543 = LINE ( 'NONE', #1561, #2208 ) ;
#544 = AXIS2_PLACEMENT_3D ( 'NONE', #3357, #1677, #3983 ) ;
#545 =( LENGTH_UNIT ( ) NAMED_UNIT ( * ) SI_UNIT ( .MILLI., .METRE. ) );
#546 = CARTESIAN_POINT ( 'NONE',  ( 3.055708360304935756, 1.499999999999999334, -7.013831087634015304 ) ) ;
#547 = CARTESIAN_POINT ( 'NONE',  ( -1.380000000000000115, 6.649999999999999467, -4.400000000000000355 ) ) ;
#548 = CARTESIAN_POINT ( 'NONE',  ( 7.428804460875682913, 0.2165134768082350170, 2.000000000000000000 ) ) ;
#549 = AXIS2_PLACEMENT_3D ( 'NONE', #1363, #2696, #2651 ) ;
#550 = EDGE_CURVE ( 'NONE', #1474, #2993, #1158, .T. ) ;
#551 = EDGE_CURVE ( 'NONE', #1590, #1035, #2816, .T. ) ;
#552 = ORIENTED_EDGE ( 'NONE', *, *, #354, .T. ) ;
#553 = VERTEX_POINT ( 'NONE', #838 ) ;
#554 = DIRECTION ( 'NONE',  ( 0.000000000000000000, 0.000000000000000000, 1.000000000000000000 ) ) ;
#555 = ADVANCED_FACE ( 'NONE', ( #2176 ), #3519, .F. ) ;
#556 = ORIENTED_EDGE ( 'NONE', *, *, #46, .T. ) ;
#557 = ADVANCED_FACE ( 'NONE', ( #4208 ), #1186, .F. ) ;
#558 = ORIENTED_EDGE ( 'NONE', *, *, #2689, .F. ) ;
#559 = CARTESIAN_POINT ( 'NONE',  ( 0.000000000000000000, 0.02972972972972967240, 0.1783783783783780552 ) ) ;
#560 = CIRCLE ( 'NONE', #2308, 7.650000000000000355 ) ;
#561 = CARTESIAN_POINT ( 'NONE',  ( -1.379999999999999893, 12.50000000000000000, -2.027069063257456172 ) ) ;
#562 = DIRECTION ( 'NONE',  ( 1.000000000000000000, 0.000000000000000000, 0.000000000000000000 ) ) ;
#563 = ORIENTED_EDGE ( 'NONE', *, *, #3311, .T. ) ;
#564 = CARTESIAN_POINT ( 'NONE',  ( 1.000000000000000000, 2.000000000000000000, -0.9999999999999997780 ) ) ;
#565 = DIRECTION ( 'NONE',  ( 0.000000000000000000, -1.000000000000000000, 0.000000000000000000 ) ) ;
#566 = CARTESIAN_POINT ( 'NONE',  ( 10.02391857076032800, 7.688551037950110967, 2.000000000000000000 ) ) ;
#567 = ORIENTED_EDGE ( 'NONE', *, *, #4294, .F. ) ;
#568 = EDGE_LOOP ( 'NONE', ( #4197, #2917, #2491, #2591 ) ) ;
#569 = DIRECTION ( 'NONE',  ( 1.000000000000000000, 2.168404344971008252E-17, -8.673617379884035472E-17 ) ) ;
#570 = EDGE_CURVE ( 'NONE', #3945, #2467, #3879, .T. ) ;
#571 = EDGE_CURVE ( 'NONE', #2911, #3860, #3474, .T. ) ;
#572 = VERTEX_POINT ( 'NONE', #211 ) ;
#573 = EDGE_LOOP ( 'NONE', ( #95, #321, #4090, #3542, #2650, #3792, #3729, #2974 ) ) ;
#574 = CIRCLE ( 'NONE', #639, 0.1299999999999998934 ) ;
#575 = PLANE ( 'NONE',  #400 ) ;
#576 = EDGE_CURVE ( 'NONE', #572, #3725, #1565, .T. ) ;
#577 = ORIENTED_EDGE ( 'NONE', *, *, #681, .T. ) ;
#578 = AXIS2_PLACEMENT_3D ( 'NONE', #3260, #4251, #3657 ) ;
#579 = FACE_OUTER_BOUND ( 'NONE', #530, .T. ) ;
#580 = CARTESIAN_POINT ( 'NONE',  ( 7.420866862804395225, 0.1947051053426776812, -1.430026388301015583 ) ) ;
#581 = VECTOR ( 'NONE', #4200, 1000.000000000000000 ) ;
#582 = ORIENTED_EDGE ( 'NONE', *, *, #1159, .T. ) ;
#583 = CARTESIAN_POINT ( 'NONE',  ( 7.443611321952215754, 0.2571949932690056895, -1.926377024980345132 ) ) ;
#584 = AXIS2_PLACEMENT_3D ( 'NONE', #3250, #2227, #2927 ) ;
#585 = CARTESIAN_POINT ( 'NONE',  ( 4.530922137642255265, 14.00902150259753576, 2.000000000000000000 ) ) ;
#586 = EDGE_CURVE ( 'NONE', #3681, #1275, #2916, .T. ) ;
#587 = EDGE_LOOP ( 'NONE', ( #2718, #1198, #2627, #2028 ) ) ;
#588 = ORIENTED_EDGE ( 'NONE', *, *, #1928, .T. ) ;
#589 = DIRECTION ( 'NONE',  ( 1.000000000000000000, 2.168404344971008252E-17, 8.673617379884035472E-17 ) ) ;
#590 = DIRECTION ( 'NONE',  ( 0.000000000000000000, 0.000000000000000000, -1.000000000000000000 ) ) ;
#591 = ORIENTED_EDGE ( 'NONE', *, *, #1568, .T. ) ;
#592 = CARTESIAN_POINT ( 'NONE',  ( 1.399999999999999689, 8.631655426250503638, -4.379999999999998117 ) ) ;
#593 = CARTESIAN_POINT ( 'NONE',  ( -7.369955726232936044, 0.05482790721380723098, 2.079857160449389397 ) ) ;
#594 = DIRECTION ( 'NONE',  ( 0.000000000000000000, 0.000000000000000000, 1.000000000000000000 ) ) ;
#595 = VECTOR ( 'NONE', #1297, 1000.000000000000000 ) ;
#596 = EDGE_CURVE ( 'NONE', #1888, #1007, #2576, .T. ) ;
#597 = VERTEX_POINT ( 'NONE', #964 ) ;
#598 = VECTOR ( 'NONE', #1109, 1000.000000000000000 ) ;
#599 = DIRECTION ( 'NONE',  ( 0.000000000000000000, 0.000000000000000000, 1.000000000000000000 ) ) ;
#600 = CARTESIAN_POINT ( 'NONE',  ( -7.349999999999996980, 15.03508193257455083, 2.000000000000000000 ) ) ;
#601 = EDGE_CURVE ( 'NONE', #520, #4201, #3597, .T. ) ;
#602 = CIRCLE ( 'NONE', #3263, 0.1499999999999999667 ) ;
#603 = ORIENTED_EDGE ( 'NONE', *, *, #952, .T. ) ;
#604 = EDGE_CURVE ( 'NONE', #1655, #2778, #4271, .T. ) ;
#605 = CARTESIAN_POINT ( 'NONE',  ( 0.000000000000000000, 2.000000000000000000, 3.750000000000000000 ) ) ;
#606 = CARTESIAN_POINT ( 'NONE',  ( 2.969848480983505290, 1.499999999999999556, -7.049999999999998046 ) ) ;
#607 = AXIS2_PLACEMENT_3D ( 'NONE', #2538, #1536, #3872 ) ;
#608 = CARTESIAN_POINT ( 'NONE',  ( -4.530922137642268588, 14.00902150259755174, 2.000000000000000000 ) ) ;
#609 = FACE_OUTER_BOUND ( 'NONE', #1982, .T. ) ;
#610 = CARTESIAN_POINT ( 'NONE',  ( -1.379999999999999671, 6.625340151904196340, -0.9208900253173660788 ) ) ;
#611 = VECTOR ( 'NONE', #1593, 1000.000000000000000 ) ;
#612 = ORIENTED_EDGE ( 'NONE', *, *, #198, .T. ) ;
#613 = ORIENTED_EDGE ( 'NONE', *, *, #2766, .F. ) ;
#614 = DIRECTION ( 'NONE',  ( -0.000000000000000000, 0.000000000000000000, 1.000000000000000000 ) ) ;
#615 = CARTESIAN_POINT ( 'NONE',  ( -7.376482640499498089, 0.07276045678023991548, 2.051245772470537521 ) ) ;
#616 = CIRCLE ( 'NONE', #4259, 0.02000000000000003511 ) ;
#617 = CIRCLE ( 'NONE', #1824, 0.1299999999999998934 ) ;
#618 = FACE_OUTER_BOUND ( 'NONE', #4291, .T. ) ;
#619 = ORIENTED_EDGE ( 'NONE', *, *, #823, .F. ) ;
#620 = FACE_OUTER_BOUND ( 'NONE', #4102, .T. ) ;
#621 = CARTESIAN_POINT ( 'NONE',  ( -1.380000000000000115, 8.631655426250501861, -4.400000000000000355 ) ) ;
#622 = FACE_OUTER_BOUND ( 'NONE', #1848, .T. ) ;
#623 = CARTESIAN_POINT ( 'NONE',  ( -3.807362913467408738, 0.000000000000000000, -2.250000000000000444 ) ) ;
#624 = CARTESIAN_POINT ( 'NONE',  ( 7.387068570081781971, 1.175996063962918811E-09, -1.988605104382372257 ) ) ;
#625 = ADVANCED_FACE ( 'NONE', ( #2300 ), #3456, .T. ) ;
#626 = ADVANCED_FACE ( 'NONE', ( #3638 ), #3937, .F. ) ;
#627 = ORIENTED_EDGE ( 'NONE', *, *, #2568, .T. ) ;
#628 = CARTESIAN_POINT ( 'NONE',  ( 7.443734455109400905, 0.2575332988379556154, 1.925764779798732063 ) ) ;
#629 = FACE_OUTER_BOUND ( 'NONE', #538, .T. ) ;
#630 = DIRECTION ( 'NONE',  ( 1.000000000000000000, 0.000000000000000000, 0.000000000000000000 ) ) ;
#631 = VERTEX_POINT ( 'NONE', #1918 ) ;
#632 = EDGE_LOOP ( 'NONE', ( #3640, #1380, #4159, #77 ) ) ;
#633 = CARTESIAN_POINT ( 'NONE',  ( -2.969848480983500405, 1.499999999999999556, 7.049999999999999822 ) ) ;
#634 = EDGE_LOOP ( 'NONE', ( #2415, #800, #3038, #2083 ) ) ;
#635 = CARTESIAN_POINT ( 'NONE',  ( 3.405877273185284881, 1.499999999999999556, -6.849999999999998757 ) ) ;
#636 = FACE_OUTER_BOUND ( 'NONE', #1048, .T. ) ;
#637 =( LENGTH_UNIT ( ) NAMED_UNIT ( * ) SI_UNIT ( .MILLI., .METRE. ) );
#638 = CARTESIAN_POINT ( 'NONE',  ( 6.361538942939637842, 7.517540966287275417, 2.000000000000000000 ) ) ;
#639 = AXIS2_PLACEMENT_3D ( 'NONE', #1454, #1795, #165 ) ;
#640 = ADVANCED_FACE ( 'NONE', ( #609 ), #3241, .F. ) ;
#641 = DIRECTION ( 'NONE',  ( 0.000000000000000000, 0.000000000000000000, -1.000000000000000000 ) ) ;
#642 = CARTESIAN_POINT ( 'NONE',  ( 7.428353925934105817, 0.2152756422295781791, -2.005120827532516969 ) ) ;
#643 = DIRECTION ( 'NONE',  ( 1.000000000000000000, 2.168404344971008252E-17, -8.673617379884035472E-17 ) ) ;
#644 = DIRECTION ( 'NONE',  ( 0.000000000000000000, -0.7546055221635206145, 0.6561787149247685358 ) ) ;
#645 = FACE_OUTER_BOUND ( 'NONE', #3207, .T. ) ;
#646 = VECTOR ( 'NONE', #2878, 1000.000000000000000 ) ;
#647 = ORIENTED_EDGE ( 'NONE', *, *, #3175, .F. ) ;
#648 = DIRECTION ( 'NONE',  ( -0.000000000000000000, -1.000000000000000000, -0.000000000000000000 ) ) ;
#649 = FACE_OUTER_BOUND ( 'NONE', #1247, .T. ) ;
#650 = AXIS2_PLACEMENT_3D ( 'NONE', #385, #2452, #4017 ) ;
#651 = CARTESIAN_POINT ( 'NONE',  ( -1.379999999999999671, 6.500000000000000000, -0.7729309367425445387 ) ) ;
#652 = VERTEX_POINT ( 'NONE', #2648 ) ;
#653 = PRODUCT_DEFINITION_FORMATION_WITH_SPECIFIED_SOURCE ( 'ANY', '', #2191, .NOT_KNOWN. ) ;
#654 = ORIENTED_EDGE ( 'NONE', *, *, #2141, .F. ) ;
#655 = DIRECTION ( 'NONE',  ( -1.000000000000000000, 0.000000000000000000, 2.168404344971008868E-16 ) ) ;
#656 = ADVANCED_FACE ( 'NONE', ( #2214 ), #2953, .T. ) ;
#657 = CARTESIAN_POINT ( 'NONE',  ( -7.376509867821384070, 0.07283526323189237761, -2.051222566282405957 ) ) ;
#658 = ORIENTED_EDGE ( 'NONE', *, *, #220, .T. ) ;
#659 = CARTESIAN_POINT ( 'NONE',  ( 1.379999999999999671, 9.768344573749498494, 5.400000000000000355 ) ) ;
#660 = DIRECTION ( 'NONE',  ( 1.000000000000000000, 0.000000000000000000, 0.000000000000000000 ) ) ;
#661 = DIRECTION ( 'NONE',  ( 1.000000000000000000, -0.000000000000000000, -0.000000000000000000 ) ) ;
#662 = DIRECTION ( 'NONE',  ( -3.564834783817703950E-17, 0.9863939238321437486, 0.1643989873053572637 ) ) ;
#663 = AXIS2_PLACEMENT_3D ( 'NONE', #3856, #1479, #2854 ) ;
#664 = DIRECTION ( 'NONE',  ( 0.000000000000000000, 0.7546055221635050714, 0.6561787149247864104 ) ) ;
#665 = DIRECTION ( 'NONE',  ( 1.000000000000000000, 2.168404344971008252E-17, -8.673617379884035472E-17 ) ) ;
#666 = CARTESIAN_POINT ( 'NONE',  ( 1.380560112054757704, 6.500000000000000000, -0.7744648667341185178 ) ) ;
#667 = CARTESIAN_POINT ( 'NONE',  ( 1.000000000000000000, 4.750000000000000000, 0.9999999999999997780 ) ) ;
#668 = VERTEX_POINT ( 'NONE', #1904 ) ;
#669 = CARTESIAN_POINT ( 'NONE',  ( -1.379999999999999449, 0.02972972972972962383, 0.1783783783783780552 ) ) ;
#670 = CARTESIAN_POINT ( 'NONE',  ( -7.428804460875682913, 0.2165134768082363215, -2.000000000000000000 ) ) ;
#671 = DIRECTION ( 'NONE',  ( 0.000000000000000000, 0.000000000000000000, -1.000000000000000000 ) ) ;
#672 = VECTOR ( 'NONE', #1712, 1000.000000000000000 ) ;
#673 = EDGE_LOOP ( 'NONE', ( #3846, #3660, #654, #2536 ) ) ;
#674 = CARTESIAN_POINT ( 'NONE',  ( 0.000000000000000000, -0.9999999999999997780, 0.000000000000000000 ) ) ;
#675 = ORIENTED_EDGE ( 'NONE', *, *, #2052, .T. ) ;
#676 = CIRCLE ( 'NONE', #2858, 0.01999999999999996225 ) ;
#677 = ORIENTED_EDGE ( 'NONE', *, *, #4242, .F. ) ;
#678 = CARTESIAN_POINT ( 'NONE',  ( 1.380839982702823265, 6.500000000000000000, 4.547699037355532603 ) ) ;
#679 = CARTESIAN_POINT ( 'NONE',  ( 7.383935265155257888, 0.1825194685362763747, -1.999999999999814815 ) ) ;
#680 = CARTESIAN_POINT ( 'NONE',  ( 3.967481043639130789, 0.01857418051917995166, 2.136443145288918988 ) ) ;
#681 = EDGE_CURVE ( 'NONE', #726, #553, #3480, .T. ) ;
#682 = VECTOR ( 'NONE', #864, 1000.000000000000114 ) ;
#683 = ADVANCED_FACE ( 'NONE', ( #942 ), #2278, .T. ) ;
#684 = EDGE_CURVE ( 'NONE', #1029, #264, #2713, .T. ) ;
#685 = CARTESIAN_POINT ( 'NONE',  ( 3.671135466104528788, -1.336184035621017063, 2.000000000000000000 ) ) ;
#686 = PRODUCT_RELATED_PRODUCT_CATEGORY ( 'part', '', ( #2226 ) ) ;
#687 = VECTOR ( 'NONE', #1487, 1000.000000000000114 ) ;
#688 = CARTESIAN_POINT ( 'NONE',  ( 3.887019605475891648, 8.470329472543003391E-19, -2.193674588424972427 ) ) ;
#689 = CARTESIAN_POINT ( 'NONE',  ( -7.387432575048064720, 0.1028451546965986341, 2.146997405502454992 ) ) ;
#690 = EDGE_CURVE ( 'NONE', #274, #2064, #4019, .T. ) ;
#691 = CARTESIAN_POINT ( 'NONE',  ( 0.000000000000000000, 6.500000000000000000, -6.849999999999998757 ) ) ;
#692 = TOROIDAL_SURFACE ( 'NONE', #119, 0.1299999999999999767, 0.02000000000000000042 ) ;
#693 = DIRECTION ( 'NONE',  ( 1.000000000000000000, 0.000000000000000000, 0.000000000000000000 ) ) ;
#694 = CARTESIAN_POINT ( 'NONE',  ( -7.428804460876121674, 0.2165134768094424123, 2.000000000000000000 ) ) ;
#695 = CYLINDRICAL_SURFACE ( 'NONE', #3261, 0.1499999999999999667 ) ;
#696 = DIRECTION ( 'NONE',  ( 0.000000000000000000, 0.000000000000000000, 1.000000000000000000 ) ) ;
#697 = EDGE_LOOP ( 'NONE', ( #3862, #792 ) ) ;
#698 = DIRECTION ( 'NONE',  ( 0.000000000000000000, -1.000000000000000000, 0.000000000000000000 ) ) ;
#699 = CARTESIAN_POINT ( 'NONE',  ( -1.379999999999999893, -2.992397996059990389E-17, 4.379999999999999893 ) ) ;
#700 = CARTESIAN_POINT ( 'NONE',  ( 0.000000000000000000, 0.000000000000000000, 0.000000000000000000 ) ) ;
#701 = CYLINDRICAL_SURFACE ( 'NONE', #2744, 0.02000000000000005246 ) ;
#702 = VERTEX_POINT ( 'NONE', #4068 ) ;
#703 = FACE_OUTER_BOUND ( 'NONE', #283, .T. ) ;
#704 = ORIENTED_EDGE ( 'NONE', *, *, #1935, .T. ) ;
#705 = ORIENTED_EDGE ( 'NONE', *, *, #275, .T. ) ;
#706 = CYLINDRICAL_SURFACE ( 'NONE', #2325, 0.01999999999999992062 ) ;
#707 = DIRECTION ( 'NONE',  ( 1.000000000000000000, 2.168404344971008252E-17, 8.673617379884035472E-17 ) ) ;
#708 = CARTESIAN_POINT ( 'NONE',  ( -1.000000000000000000, 4.750000000000000000, -0.9999999999999997780 ) ) ;
#709 = VECTOR ( 'NONE', #2946, 1000.000000000000000 ) ;
#710 = VERTEX_POINT ( 'NONE', #1717 ) ;
#711 = CARTESIAN_POINT ( 'NONE',  ( 1.379999999999999671, 12.44809871788125477, -4.429206973128303026 ) ) ;
#712 = EDGE_CURVE ( 'NONE', #2112, #1655, #2504, .T. ) ;
#713 = LINE ( 'NONE', #347, #4253 ) ;
#714 = EDGE_CURVE ( 'NONE', #2661, #1360, #1541, .T. ) ;
#715 = EDGE_CURVE ( 'NONE', #4233, #3751, #3834, .T. ) ;
#716 = CARTESIAN_POINT ( 'NONE',  ( 1.000000000000000000, 2.000000000000000000, -1.000000000000000222 ) ) ;
#717 = CARTESIAN_POINT ( 'NONE',  ( -7.383935265155024297, 0.000000000000000000, 2.000000000000000000 ) ) ;
#718 = FACE_OUTER_BOUND ( 'NONE', #3815, .T. ) ;
#719 = FACE_OUTER_BOUND ( 'NONE', #386, .T. ) ;
#720 = EDGE_LOOP ( 'NONE', ( #2668, #1076, #1373, #50 ) ) ;
#721 = DIRECTION ( 'NONE',  ( -1.000000000000000000, 0.000000000000000000, -0.000000000000000000 ) ) ;
#722 = FACE_OUTER_BOUND ( 'NONE', #863, .T. ) ;
#723 = ORIENTED_EDGE ( 'NONE', *, *, #354, .F. ) ;
#724 = DIRECTION ( 'NONE',  ( -0.000000000000000000, -0.000000000000000000, 1.000000000000000000 ) ) ;
#725 = AXIS2_PLACEMENT_3D ( 'NONE', #1047, #2405, #3016 ) ;
#726 = VERTEX_POINT ( 'NONE', #1770 ) ;
#727 = ORIENTED_EDGE ( 'NONE', *, *, #82, .T. ) ;
#728 = CIRCLE ( 'NONE', #9, 0.1299999999999998934 ) ;
#729 = DIRECTION ( 'NONE',  ( -1.000000000000000000, -2.168404344971008252E-17, 8.673617379884035472E-17 ) ) ;
#730 = DIRECTION ( 'NONE',  ( 0.000000000000000000, 0.000000000000000000, -1.000000000000000000 ) ) ;
#731 = CARTESIAN_POINT ( 'NONE',  ( -10.08616114660532759, 7.517540966287275417, 2.000000000000000000 ) ) ;
#732 = CARTESIAN_POINT ( 'NONE',  ( -7.400151882891433885, 0.1377911657873511497, -2.118794110671752495 ) ) ;
#733 = DIRECTION ( 'NONE',  ( 0.000000000000000000, 0.000000000000000000, -1.000000000000000000 ) ) ;
#734 = CARTESIAN_POINT ( 'NONE',  ( -1.379999999999999671, 12.48000000000000220, 1.196959198423996649E-16 ) ) ;
#735 = CARTESIAN_POINT ( 'NONE',  ( 1.399999999999999689, 9.768344573749500270, -5.400000000000000355 ) ) ;
#736 = CARTESIAN_POINT ( 'NONE',  ( -7.512301704661950019, 0.4459202686977058461, -1.188178583561495527 ) ) ;
#737 = ADVANCED_FACE ( 'NONE', ( #3750 ), #1333, .T. ) ;
#738 = CARTESIAN_POINT ( 'NONE',  ( 0.000000000000000000, 2.775349838536065761, -2.413347685683533417 ) ) ;
#739 = VERTEX_POINT ( 'NONE', #387 ) ;
#740 = AXIS2_PLACEMENT_3D ( 'NONE', #1836, #2830, #3877 ) ;
#741 = CARTESIAN_POINT ( 'NONE',  ( -7.391473627839403093, 0.07370843647224363526, -1.999999999999992228 ) ) ;
#742 = ADVANCED_FACE ( 'NONE', ( #982 ), #4117, .T. ) ;
#743 = PLANE ( 'NONE',  #725 ) ;
#744 = ORIENTED_EDGE ( 'NONE', *, *, #1984, .F. ) ;
#745 = LINE ( 'NONE', #2318, #1872 ) ;
#746 = VECTOR ( 'NONE', #1665, 1000.000000000000000 ) ;
#747 = ORIENTED_EDGE ( 'NONE', *, *, #3823, .F. ) ;
#748 = ORIENTED_EDGE ( 'NONE', *, *, #2421, .F. ) ;
#749 = CIRCLE ( 'NONE', #2351, 7.650000000000000355 ) ;
#750 = CARTESIAN_POINT ( 'NONE',  ( 1.399999999999999689, 9.670245855868245144, 5.485303232940223594 ) ) ;
#751 = CARTESIAN_POINT ( 'NONE',  ( -7.383935265155024297, 0.2500000000000000000, -2.000000000000000000 ) ) ;
#752 = CARTESIAN_POINT ( 'NONE',  ( 1.399999999999999689, 12.37137186834970137, 1.898837853159277556 ) ) ;
#753 = EDGE_LOOP ( 'NONE', ( #1064, #446, #173, #2788 ) ) ;
#754 = ORIENTED_EDGE ( 'NONE', *, *, #2240, .F. ) ;
#755 = DIRECTION ( 'NONE',  ( -0.9396926207859093161, 0.3420201433256662704, 0.000000000000000000 ) ) ;
#756 = VECTOR ( 'NONE', #1559, 1000.000000000000000 ) ;
#757 = VECTOR ( 'NONE', #3187, 1000.000000000000000 ) ;
#758 = CARTESIAN_POINT ( 'NONE',  ( -1.399999999999999911, 6.500000000000000000, -4.483107698211994396 ) ) ;
#759 = CARTESIAN_POINT ( 'NONE',  ( 1.379999999999999671, 6.649999999999999467, 4.400000000000000355 ) ) ;
#760 = AXIS2_PLACEMENT_3D ( 'NONE', #1588, #216, #3246 ) ;
#761 = FACE_OUTER_BOUND ( 'NONE', #1527, .T. ) ;
#762 = VERTEX_POINT ( 'NONE', #2339 ) ;
#763 = CARTESIAN_POINT ( 'NONE',  ( -3.396937244278616319, 1.653668633940834631, 6.854452907495114822 ) ) ;
#764 = EDGE_CURVE ( 'NONE', #2780, #4329, #745, .T. ) ;
#765 = CARTESIAN_POINT ( 'NONE',  ( -1.380279994234274055, 6.500000000000000000, 0.7736979242907003895 ) ) ;
#766 = ORIENTED_EDGE ( 'NONE', *, *, #4338, .F. ) ;
#767 = DIRECTION ( 'NONE',  ( -0.000000000000000000, -0.000000000000000000, -1.000000000000000000 ) ) ;
#768 = EDGE_CURVE ( 'NONE', #156, #868, #3423, .T. ) ;
#769 = SHAPE_REPRESENTATION ( 'Snap Fit Male', ( #2550 ), #1645 ) ;
#770 = VERTEX_POINT ( 'NONE', #3087 ) ;
#771 = B_SPLINE_CURVE_WITH_KNOTS ( 'NONE', 3,
 ( #4126, #2343, #680, #3045, #2027, #3023 ),
 .UNSPECIFIED., .F., .F.,
 ( 4, 2, 4 ),
 ( -4.472155831845328409E-06, 0.0002910693660293017858, 0.0005866108878904488771 ),
 .UNSPECIFIED. ) ;
#772 = ORIENTED_EDGE ( 'NONE', *, *, #2245, .T. ) ;
#773 = DIRECTION ( 'NONE',  ( -0.000000000000000000, 1.000000000000000000, -0.000000000000000000 ) ) ;
#774 = DIRECTION ( 'NONE',  ( 0.000000000000000000, 0.7546055221634990762, 0.6561787149247930717 ) ) ;
#775 = DIRECTION ( 'NONE',  ( 0.000000000000000000, 0.000000000000000000, 1.000000000000000000 ) ) ;
#776 = DIRECTION ( 'NONE',  ( 0.000000000000000000, 0.000000000000000000, 1.000000000000000000 ) ) ;
#777 = ORIENTED_EDGE ( 'NONE', *, *, #160, .F. ) ;
#778 = ORIENTED_EDGE ( 'NONE', *, *, #1683, .T. ) ;
#779 = AXIS2_PLACEMENT_3D ( 'NONE', #674, #23, #2688 ) ;
#780 = LINE ( 'NONE', #2074, #2645 ) ;
#781 = CYLINDRICAL_SURFACE ( 'NONE', #2017, 0.5000000000000000000 ) ;
#782 = CARTESIAN_POINT ( 'NONE',  ( 9.554072260367373559, 7.517540966287275417, 2.000000000000000000 ) ) ;
#783 = LINE ( 'NONE', #1762, #878 ) ;
#784 = CARTESIAN_POINT ( 'NONE',  ( -10.05407226036737356, 7.517540966287277193, 2.000000000000000000 ) ) ;
#785 = EDGE_LOOP ( 'NONE', ( #2023, #2295, #3097, #1339 ) ) ;
#786 = ADVANCED_FACE ( 'NONE', ( #703 ), #1425, .T. ) ;
#787 = CARTESIAN_POINT ( 'NONE',  ( -1.380000000000000115, 9.655153745424975398, 5.498426807238718794 ) ) ;
#788 = CARTESIAN_POINT ( 'NONE',  ( 1.379999999999999671, 12.46319082832452629, 4.442330547426800003 ) ) ;
#789 = ORIENTED_EDGE ( 'NONE', *, *, #1469, .T. ) ;
#790 = AXIS2_PLACEMENT_3D ( 'NONE', #506, #190, #1118 ) ;
#791 = VERTEX_POINT ( 'NONE', #3353 ) ;
#792 = ORIENTED_EDGE ( 'NONE', *, *, #821, .T. ) ;
#793 = CARTESIAN_POINT ( 'NONE',  ( -1.380000000000000115, 9.768344573749500270, -5.530000000000000249 ) ) ;
#794 = LINE ( 'NONE', #419, #3901 ) ;
#795 = CARTESIAN_POINT ( 'NONE',  ( 0.000000000000000000, 8.631655426250503638, -4.549999999999998934 ) ) ;
#796 = AXIS2_PLACEMENT_3D ( 'NONE', #1518, #2856, #4189 ) ;
#797 = PLANE ( 'NONE',  #3566 ) ;
#798 = EDGE_CURVE ( 'NONE', #2596, #4202, #560, .T. ) ;
#799 = CIRCLE ( 'NONE', #3387, 0.02000000000000005246 ) ;
#800 = ORIENTED_EDGE ( 'NONE', *, *, #1062, .F. ) ;
#801 = FACE_OUTER_BOUND ( 'NONE', #1764, .T. ) ;
#802 = DIRECTION ( 'NONE',  ( 2.168404344971008252E-17, -1.000000000000000000, 0.000000000000000000 ) ) ;
#803 = CARTESIAN_POINT ( 'NONE',  ( -1.400000000000000133, 6.500000000000000000, 4.549999999999999822 ) ) ;
#804 = ORIENTED_EDGE ( 'NONE', *, *, #3653, .F. ) ;
#805 = CARTESIAN_POINT ( 'NONE',  ( -3.887019605475404038, 2.159934015498465865E-16, 2.193674588424284977 ) ) ;
#806 = DIRECTION ( 'NONE',  ( 0.000000000000000000, 0.000000000000000000, -1.000000000000000000 ) ) ;
#807 = CARTESIAN_POINT ( 'NONE',  ( 7.420939355754168076, 0.1949042780847371759, 1.427321807584946090 ) ) ;
#808 = ORIENTED_EDGE ( 'NONE', *, *, #2765, .T. ) ;
#809 = EDGE_LOOP ( 'NONE', ( #627, #2473, #2181 ) ) ;
#810 = DIRECTION ( 'NONE',  ( -0.3420201433256660484, -0.9396926207859094271, 0.000000000000000000 ) ) ;
#811 = LINE ( 'NONE', #1162, #1987 ) ;
#812 = CARTESIAN_POINT ( 'NONE',  ( 6.361538942939637842, 7.517540966287275417, -2.000000000000000000 ) ) ;
#813 = AXIS2_PLACEMENT_3D ( 'NONE', #711, #322, #3692 ) ;
#814 = LINE ( 'NONE', #1165, #2110 ) ;
#815 = FACE_OUTER_BOUND ( 'NONE', #3457, .T. ) ;
#816 = EDGE_LOOP ( 'NONE', ( #971, #3580, #911, #1721, #145, #766, #1887, #2922, #3012, #2804, #3677, #3940 ) ) ;
#817 = AXIS2_PLACEMENT_3D ( 'NONE', #4328, #2707, #2680 ) ;
#818 = ORIENTED_EDGE ( 'NONE', *, *, #2312, .T. ) ;
#819 = EDGE_CURVE ( 'NONE', #3232, #126, #4289, .T. ) ;
#820 = DIRECTION ( 'NONE',  ( 0.000000000000000000, 1.000000000000000000, -0.000000000000000000 ) ) ;
#821 = EDGE_CURVE ( 'NONE', #3262, #3184, #978, .T. ) ;
#822 = AXIS2_PLACEMENT_3D ( 'NONE', #1402, #2731, #3105 ) ;
#823 = EDGE_CURVE ( 'NONE', #3860, #2581, #3865, .T. ) ;
#824 = ADVANCED_FACE ( 'NONE', ( #1381 ), #3018, .T. ) ;
#825 = AXIS2_PLACEMENT_3D ( 'NONE', #991, #12, #1060 ) ;
#826 = CARTESIAN_POINT ( 'NONE',  ( -1.390180519077591548, 6.500000000000000000, -4.521998694580438460 ) ) ;
#827 = CARTESIAN_POINT ( 'NONE',  ( -1.379999999999999227, 2.790441948979335951, -2.426471259982029505 ) ) ;
#828 = LINE ( 'NONE', #2125, #4016 ) ;
#829 = AXIS2_PLACEMENT_3D ( 'NONE', #559, #3213, #3271 ) ;
#830 = ORIENTED_EDGE ( 'NONE', *, *, #1602, .T. ) ;
#831 = APPLICATION_CONTEXT ( 'automotive_design' ) ;
#832 = DIRECTION ( 'NONE',  ( 0.000000000000000000, 0.000000000000000000, 1.000000000000000000 ) ) ;
#833 = DIRECTION ( 'NONE',  ( 0.000000000000000000, 0.000000000000000000, 1.000000000000000000 ) ) ;
#834 = ORIENTED_EDGE ( 'NONE', *, *, #3334, .F. ) ;
#835 = DIRECTION ( 'NONE',  ( 1.000000000000000000, 2.168404344971008252E-17, -8.673617379884035472E-17 ) ) ;
#836 = CARTESIAN_POINT ( 'NONE',  ( 1.379999999999999671, 0.000000000000000000, 5.549999999999999822 ) ) ;
#837 = DIRECTION ( 'NONE',  ( -1.000000000000000000, 0.000000000000000000, 0.000000000000000000 ) ) ;
#838 = CARTESIAN_POINT ( 'NONE',  ( 6.861538942939637842, 7.517540966287275417, 2.000000000000000000 ) ) ;
#839 = ORIENTED_EDGE ( 'NONE', *, *, #186, .T. ) ;
#840 = EDGE_CURVE ( 'NONE', #3984, #532, #3772, .T. ) ;
#841 = ORIENTED_EDGE ( 'NONE', *, *, #1920, .F. ) ;
#842 = DIRECTION ( 'NONE',  ( -0.000000000000000000, -1.000000000000000000, -0.000000000000000000 ) ) ;
#843 = ORIENTED_EDGE ( 'NONE', *, *, #2327, .T. ) ;
#844 = EDGE_CURVE ( 'NONE', #2839, #3059, #3369, .T. ) ;
#845 = CARTESIAN_POINT ( 'NONE',  ( -3.807362913467408738, 0.5000000000000004441, 2.000000000000000000 ) ) ;
#846 = CARTESIAN_POINT ( 'NONE',  ( 3.750000000000000000, 2.000000000000000000, -1.000000000000000444 ) ) ;
#847 = LINE ( 'NONE', #1440, #4119 ) ;
#848 = CARTESIAN_POINT ( 'NONE',  ( -7.409233932320590910, 0.1627438915160150656, 1.691478712282276531 ) ) ;
#849 = ORIENTED_EDGE ( 'NONE', *, *, #2238, .T. ) ;
#850 = CARTESIAN_POINT ( 'NONE',  ( 1.399999999999999689, 6.500000000000000000, 4.469999999999999751 ) ) ;
#851 = CYLINDRICAL_SURFACE ( 'NONE', #2135, 0.1999999999999996503 ) ;
#852 = EDGE_CURVE ( 'NONE', #1895, #2173, #4110, .T. ) ;
#853 = ORIENTED_EDGE ( 'NONE', *, *, #684, .T. ) ;
#854 = DIRECTION ( 'NONE',  ( -1.000000000000000000, 0.000000000000000000, 0.000000000000000000 ) ) ;
#855 = DIRECTION ( 'NONE',  ( -0.000000000000000000, 0.000000000000000000, 1.000000000000000000 ) ) ;
#856 = CARTESIAN_POINT ( 'NONE',  ( -1.400000000000000133, 11.43165542625050435, 5.549999999999999822 ) ) ;
#857 = EDGE_LOOP ( 'NONE', ( #4067, #3794, #1844, #2266 ) ) ;
#858 = ORIENTED_EDGE ( 'NONE', *, *, #4210, .F. ) ;
#859 = DIRECTION ( 'NONE',  ( 1.000000000000000000, 0.000000000000000000, 0.000000000000000000 ) ) ;
#860 = VECTOR ( 'NONE', #2686, 1000.000000000000000 ) ;
#861 = EDGE_LOOP ( 'NONE', ( #2524, #2850, #1026, #3520 ) ) ;
#862 = FACE_OUTER_BOUND ( 'NONE', #3982, .T. ) ;
#863 = EDGE_LOOP ( 'NONE', ( #2322, #4313, #3470, #3778 ) ) ;
#864 = DIRECTION ( 'NONE',  ( 0.9396926207859093161, -0.3420201433256662704, 0.000000000000000000 ) ) ;
#865 = AXIS2_PLACEMENT_3D ( 'NONE', #2100, #3367, #62 ) ;
#866 = CARTESIAN_POINT ( 'NONE',  ( -10.05407226036737356, 7.517540966287277193, 2.000000000000000000 ) ) ;
#867 = VERTEX_POINT ( 'NONE', #3745 ) ;
#868 = VERTEX_POINT ( 'NONE', #2746 ) ;
#869 = LINE ( 'NONE', #892, #756 ) ;
#870 = EDGE_CURVE ( 'NONE', #631, #1755, #2036, .T. ) ;
#871 = CARTESIAN_POINT ( 'NONE',  ( 7.396426555878514719, -5.140003830405738976E-11, 1.953656401390272856 ) ) ;
#872 = VERTEX_POINT ( 'NONE', #3723 ) ;
#873 = EDGE_CURVE ( 'NONE', #597, #3814, #3081, .T. ) ;
#874 = LINE ( 'NONE', #1241, #1526 ) ;
#875 = DIRECTION ( 'NONE',  ( -0.000000000000000000, 0.6561787149247869655, 0.7546055221635044052 ) ) ;
#876 = CARTESIAN_POINT ( 'NONE',  ( -6.831385253332591390, 7.346530894624442531, -2.000000000000000000 ) ) ;
#877 = CARTESIAN_POINT ( 'NONE',  ( -7.452996289106382122, 2.684849045043724223E-10, -1.726772715322985041 ) ) ;
#878 = VECTOR ( 'NONE', #4157, 1000.000000000000000 ) ;
#879 = ORIENTED_EDGE ( 'NONE', *, *, #2884, .T. ) ;
#880 = ORIENTED_EDGE ( 'NONE', *, *, #1608, .F. ) ;
#881 = B_SPLINE_CURVE_WITH_KNOTS ( 'NONE', 3,
 ( #606, #546, #209, #1901, #3238, #1581, #1962, #2913, #2588, #3995 ),
 .UNSPECIFIED., .F., .F.,
 ( 4, 2, 2, 2, 4 ),
 ( 0.000000000000000000, 0.0002774483335560877159, 0.0004161725003341309233, 0.0004855345837231522560, 0.0005548966671121735887 ),
 .UNSPECIFIED. ) ;
#882 = CIRCLE ( 'NONE', #3547, 0.1499999999999999667 ) ;
#883 = DIRECTION ( 'NONE',  ( 0.000000000000000000, -0.9863939238321488556, 0.1643989873053274264 ) ) ;
#884 = ADVANCED_FACE ( 'NONE', ( #3784 ), #2422, .F. ) ;
#885 = ORIENTED_EDGE ( 'NONE', *, *, #1925, .F. ) ;
#886 = AXIS2_PLACEMENT_3D ( 'NONE', #3701, #696, #1993 ) ;
#887 = ORIENTED_EDGE ( 'NONE', *, *, #3667, .F. ) ;
#888 = DIRECTION ( 'NONE',  ( -1.000000000000000000, 0.000000000000000000, 0.000000000000000000 ) ) ;
#889 = VECTOR ( 'NONE', #2604, 1000.000000000000000 ) ;
#890 = VERTEX_POINT ( 'NONE', #784 ) ;
#891 = CIRCLE ( 'NONE', #3836, 0.02000000000000005246 ) ;
#892 = CARTESIAN_POINT ( 'NONE',  ( 1.000000000000000000, 0.000000000000000000, 0.000000000000000000 ) ) ;
#893 = CARTESIAN_POINT ( 'NONE',  ( -1.379999999999999227, 2.775349838536065761, -2.413347685683533417 ) ) ;
#894 = TOROIDAL_SURFACE ( 'NONE', #3696, 0.1299999999999999767, 0.02000000000000000042 ) ;
#895 = VECTOR ( 'NONE', #614, 1000.000000000000000 ) ;
#896 = ADVANCED_FACE ( 'NONE', ( #718 ), #1806, .T. ) ;
#897 = DIRECTION ( 'NONE',  ( -1.000000000000000000, 0.000000000000000000, 0.000000000000000000 ) ) ;
#898 = DIRECTION ( 'NONE',  ( -0.000000000000000000, -0.000000000000000000, -1.000000000000000000 ) ) ;
#899 = ADVANCED_FACE ( 'NONE', ( #761 ), #695, .F. ) ;
#900 = LINE ( 'NONE', #1138, #3100 ) ;
#901 = CARTESIAN_POINT ( 'NONE',  ( 1.379999999999999671, 6.649999999999999467, -0.7729309367425445387 ) ) ;
#902 = CARTESIAN_POINT ( 'NONE',  ( -7.424695481573579947, -1.342427775128379568E-10, -1.843365517304079715 ) ) ;
#903 = VECTOR ( 'NONE', #2048, 1000.000000000000000 ) ;
#904 = CIRCLE ( 'NONE', #1108, 0.1499999999999999667 ) ;
#905 = ORIENTED_EDGE ( 'NONE', *, *, #1389, .F. ) ;
#906 = EDGE_CURVE ( 'NONE', #1281, #2038, #1200, .T. ) ;
#907 = VERTEX_POINT ( 'NONE', #3056 ) ;
#908 = CARTESIAN_POINT ( 'NONE',  ( 0.000000000000000000, 0.000000000000000000, -7.649999999999999467 ) ) ;
#909 = FACE_OUTER_BOUND ( 'NONE', #2119, .T. ) ;
#910 = VERTEX_POINT ( 'NONE', #4133 ) ;
#911 = ORIENTED_EDGE ( 'NONE', *, *, #3175, .T. ) ;
#912 = DIRECTION ( 'NONE',  ( 0.000000000000000000, 0.000000000000000000, 1.000000000000000000 ) ) ;
#913 =( REPRESENTATION_RELATIONSHIP ('NONE','NONE', #2694, #3875 ) REPRESENTATION_RELATIONSHIP_WITH_TRANSFORMATION ( #1409 )SHAPE_REPRESENTATION_RELATIONSHIP( ) );
#914 =( NAMED_UNIT ( * ) PLANE_ANGLE_UNIT ( ) SI_UNIT ( $, .RADIAN. ) );
#915 = CARTESIAN_POINT ( 'NONE',  ( -7.506359895903274904, 0.4295952833025271644, -1.297369001487248763 ) ) ;
#916 = DIRECTION ( 'NONE',  ( 0.000000000000000000, -0.7546055221635206145, -0.6561787149247685358 ) ) ;
#917 = CARTESIAN_POINT ( 'NONE',  ( 7.394499028794747630, 0.1222600768013017980, -1.899683860010756398 ) ) ;
#918 = AXIS2_PLACEMENT_3D ( 'NONE', #2639, #1370, #3301 ) ;
#919 = EDGE_CURVE ( 'NONE', #1421, #2581, #2797, .T. ) ;
#920 = EDGE_LOOP ( 'NONE', ( #1612, #613, #1994, #3962 ) ) ;
#921 = LINE ( 'NONE', #229, #889 ) ;
#922 = CARTESIAN_POINT ( 'NONE',  ( -1.379999999999999671, 6.649999999999999467, -0.7729309367425445387 ) ) ;
#923 = CARTESIAN_POINT ( 'NONE',  ( 6.361538942939637842, 7.517540966287275417, 2.000000000000000000 ) ) ;
#924 = VERTEX_POINT ( 'NONE', #3391 ) ;
#925 = DIRECTION ( 'NONE',  ( -8.673617379884035472E-17, -1.880790961315659671E-33, -1.000000000000000000 ) ) ;
#926 = ORIENTED_EDGE ( 'NONE', *, *, #198, .F. ) ;
#927 = ORIENTED_EDGE ( 'NONE', *, *, #690, .T. ) ;
#928 = EDGE_CURVE ( 'NONE', #3831, #179, #1763, .T. ) ;
#929 = CARTESIAN_POINT ( 'NONE',  ( 0.000000000000000000, 6.649999999999999467, 4.549999999999999822 ) ) ;
#930 =( NAMED_UNIT ( * ) PLANE_ANGLE_UNIT ( ) SI_UNIT ( $, .RADIAN. ) );
#931 = VECTOR ( 'NONE', #2623, 1000.000000000000000 ) ;
#932 = EDGE_CURVE ( 'NONE', #2495, #1334, #531, .T. ) ;
#933 = CARTESIAN_POINT ( 'NONE',  ( -7.624809226758776148, 3.828197628021167630E-10, 0.7116974013221277762 ) ) ;
#934 = CIRCLE ( 'NONE', #366, 0.02000000000000005246 ) ;
#935 = DIRECTION ( 'NONE',  ( 1.000000000000000000, 2.168404344971008252E-17, 8.673617379884035472E-17 ) ) ;
#936 = CARTESIAN_POINT ( 'NONE',  ( 7.532847614291645399, 0.5023696914674480318, 0.7459926950344896168 ) ) ;
#937 = AXIS2_PLACEMENT_3D ( 'NONE', #3707, #2041, #3374 ) ;
#938 = VERTEX_POINT ( 'NONE', #406 ) ;
#939 = FACE_OUTER_BOUND ( 'NONE', #2709, .T. ) ;
#940 = DIRECTION ( 'NONE',  ( 0.000000000000000000, -0.9863939238321438596, 0.1643989873053572914 ) ) ;
#941 = CARTESIAN_POINT ( 'NONE',  ( 1.000000000000000000, 2.000000000000000000, 0.9999999999999997780 ) ) ;
#942 = FACE_OUTER_BOUND ( 'NONE', #1953, .T. ) ;
#943 = ORIENTED_EDGE ( 'NONE', *, *, #3556, .F. ) ;
#944 = ORIENTED_EDGE ( 'NONE', *, *, #2139, .F. ) ;
#945 = CARTESIAN_POINT ( 'NONE',  ( 3.139821971399054057, 1.508500636646441517, 6.976537463425645846 ) ) ;
#946 = CARTESIAN_POINT ( 'NONE',  ( -7.400095700806968324, 0.1376368067789005001, 2.118818320469527450 ) ) ;
#947 = ADVANCED_FACE ( 'NONE', ( #1371 ), #4063, .T. ) ;
#948 = VERTEX_POINT ( 'NONE', #3415 ) ;
#949 = CARTESIAN_POINT ( 'NONE',  ( 1.393823247546297717, 6.500000000000000000, 0.8140959846906092867 ) ) ;
#950 = ADVANCED_FACE ( 'NONE', ( #380 ), #2382, .F. ) ;
#951 = CARTESIAN_POINT ( 'NONE',  ( 1.379999999999999671, 8.631655426250503638, -4.400000000000000355 ) ) ;
#952 = EDGE_CURVE ( 'NONE', #2607, #4134, #329, .T. ) ;
#953 = DIRECTION ( 'NONE',  ( -0.000000000000000000, -0.000000000000000000, 1.000000000000000000 ) ) ;
#954 = TOROIDAL_SURFACE ( 'NONE', #3614, 0.1299999999999999767, 0.02000000000000000042 ) ;
#955 = ORIENTED_EDGE ( 'NONE', *, *, #2616, .F. ) ;
#956 = EDGE_CURVE ( 'NONE', #202, #1689, #3009, .T. ) ;
#957 = AXIS2_PLACEMENT_3D ( 'NONE', #1285, #4345, #2641 ) ;
#958 = DIRECTION ( 'NONE',  ( 0.000000000000000000, 0.000000000000000000, -1.000000000000000000 ) ) ;
#959 = CARTESIAN_POINT ( 'NONE',  ( 7.369955726232933380, 0.05482790721380664117, -2.079857160449390285 ) ) ;
#960 = ORIENTED_EDGE ( 'NONE', *, *, #928, .T. ) ;
#961 = CARTESIAN_POINT ( 'NONE',  ( 1.379999999999999893, 9.655153745424975398, 5.498426807238718794 ) ) ;
#962 = CIRCLE ( 'NONE', #2921, 0.1499999999999999667 ) ;
#963 = CYLINDRICAL_SURFACE ( 'NONE', #3596, 0.02000000000000005246 ) ;
#964 = CARTESIAN_POINT ( 'NONE',  ( -1.400000000000000133, 11.43165542625050612, -5.530000000000000249 ) ) ;
#965 = AXIS2_PLACEMENT_3D ( 'NONE', #401, #1438, #449 ) ;
#966 = VERTEX_POINT ( 'NONE', #1260 ) ;
#967 = EDGE_LOOP ( 'NONE', ( #279, #2593, #3289, #2975 ) ) ;
#968 = DIRECTION ( 'NONE',  ( 1.000000000000000000, 0.000000000000000000, 0.000000000000000000 ) ) ;
#969 = AXIS2_PLACEMENT_3D ( 'NONE', #2549, #3183, #1548 ) ;
#970 = EDGE_CURVE ( 'NONE', #3758, #2467, #4327, .T. ) ;
#971 = ORIENTED_EDGE ( 'NONE', *, *, #4322, .T. ) ;
#972 = CARTESIAN_POINT ( 'NONE',  ( 0.000000000000000000, 1.499999999999999556, 0.000000000000000000 ) ) ;
#973 = CARTESIAN_POINT ( 'NONE',  ( 0.000000000000000000, 0.000000000000000000, -7.650000000000000355 ) ) ;
#974 = CARTESIAN_POINT ( 'NONE',  ( -1.000000000000000000, 0.000000000000000000, 3.750000000000000000 ) ) ;
#975 = CARTESIAN_POINT ( 'NONE',  ( 7.424622468832003719, 0.2050235480997879556, -1.253561691396997135 ) ) ;
#976 = CARTESIAN_POINT ( 'NONE',  ( -7.383935265155024297, 0.2500000000000000000, -2.000000000000000000 ) ) ;
#977 = ORIENTED_EDGE ( 'NONE', *, *, #1467, .T. ) ;
#978 = CIRCLE ( 'NONE', #779, 7.649999999999999467 ) ;
#979 = DIRECTION ( 'NONE',  ( 1.000000000000000000, -0.000000000000000000, 0.000000000000000000 ) ) ;
#980 = EDGE_CURVE ( 'NONE', #2064, #2513, #1147, .T. ) ;
#981 = LINE ( 'NONE', #1242, #6 ) ;
#982 = FACE_OUTER_BOUND ( 'NONE', #2860, .T. ) ;
#983 = ORIENTED_EDGE ( 'NONE', *, *, #275, .F. ) ;
#984 = VERTEX_POINT ( 'NONE', #4304 ) ;
#985 = CARTESIAN_POINT ( 'NONE',  ( 3.261944826741900894, 1.546453914618039605, 6.919843220402990269 ) ) ;
#986 = ORIENTED_EDGE ( 'NONE', *, *, #2, .F. ) ;
#987 = CARTESIAN_POINT ( 'NONE',  ( -3.887799663764422320, 2.210755992333723392E-16, -2.193123007595675134 ) ) ;
#988 = DIRECTION ( 'NONE',  ( -5.122298795473439605E-17, -0.6561787149247870765, 0.7546055221635045163 ) ) ;
#989 = DIRECTION ( 'NONE',  ( 0.000000000000000000, 0.000000000000000000, 1.000000000000000000 ) ) ;
#990 = CARTESIAN_POINT ( 'NONE',  ( -7.467622691955350334, 0.3231656901627916745, -1.747304722769207785 ) ) ;
#991 = CARTESIAN_POINT ( 'NONE',  ( -1.380000000000000115, 11.43165542625050612, -5.530000000000000249 ) ) ;
#992 = CARTESIAN_POINT ( 'NONE',  ( 7.552660848796764803, -2.433553265578975251E-10, 1.228840042184903725 ) ) ;
#993 = FACE_OUTER_BOUND ( 'NONE', #298, .T. ) ;
#994 = CARTESIAN_POINT ( 'NONE',  ( 4.530922137642255265, 14.00902150259753576, 2.000000000000000000 ) ) ;
#995 = DIRECTION ( 'NONE',  ( 1.000000000000000000, -0.000000000000000000, -0.000000000000000000 ) ) ;
#996 = CIRCLE ( 'NONE', #3871, 0.1499999999999999667 ) ;
#997 = ORIENTED_EDGE ( 'NONE', *, *, #3074, .T. ) ;
#998 = EDGE_CURVE ( 'NONE', #2513, #4092, #3051, .T. ) ;
#999 = CARTESIAN_POINT ( 'NONE',  ( -1.400000000000000133, 11.52975414413175947, -5.485303232940223594 ) ) ;
#1000 = EDGE_CURVE ( 'NONE', #2038, #3981, #3976, .T. ) ;
#1001 = CARTESIAN_POINT ( 'NONE',  ( -1.380000000000000115, 12.34999999999999964, -4.343903740188082452 ) ) ;
#1002 = CIRCLE ( 'NONE', #81, 0.02000000000000005246 ) ;
#1003 = ORIENTED_EDGE ( 'NONE', *, *, #2853, .T. ) ;
#1004 = CARTESIAN_POINT ( 'NONE',  ( -1.380000000000000115, 8.631655426250503638, 4.549999999999999822 ) ) ;
#1005 = EDGE_CURVE ( 'NONE', #1448, #3427, #1168, .T. ) ;
#1006 = ORIENTED_EDGE ( 'NONE', *, *, #2312, .F. ) ;
#1007 = VERTEX_POINT ( 'NONE', #1992 ) ;
#1008 = CARTESIAN_POINT ( 'NONE',  ( 7.349960982113143082, 0.02549723022507590850, -2.122012434776380907 ) ) ;
#1009 = CARTESIAN_POINT ( 'NONE',  ( -7.410581979285638887, 0.1664476201131641908, -2.081493212411694493 ) ) ;
#1010 = CARTESIAN_POINT ( 'NONE',  ( 1.385521695682327525, 6.500000000000000000, 0.7880629224027729807 ) ) ;
#1011 = CARTESIAN_POINT ( 'NONE',  ( 0.000000000000000000, 0.2500000000000000000, -2.000000000000000000 ) ) ;
#1012 = CARTESIAN_POINT ( 'NONE',  ( -1.380000000000000115, 6.649999999999999467, 4.400000000000000355 ) ) ;
#1013 = VECTOR ( 'NONE', #4166, 1000.000000000000000 ) ;
#1014 = DIRECTION ( 'NONE',  ( 0.000000000000000000, 0.7546055221634990762, -0.6561787149247930717 ) ) ;
#1015 = DIRECTION ( 'NONE',  ( 0.3420201433256660484, 0.9396926207859094271, 0.000000000000000000 ) ) ;
#1016 = CARTESIAN_POINT ( 'NONE',  ( -7.350057115453719092, 0.02575826158188516957, -2.121674630245066862 ) ) ;
#1017 = ORIENTED_EDGE ( 'NONE', *, *, #1955, .F. ) ;
#1018 = CARTESIAN_POINT ( 'NONE',  ( 1.399999999999999689, 12.48000000000000220, 2.027069063257455728 ) ) ;
#1019 = DIRECTION ( 'NONE',  ( 8.673617379884035472E-17, 0.000000000000000000, 1.000000000000000000 ) ) ;
#1020 = FACE_OUTER_BOUND ( 'NONE', #3752, .T. ) ;
#1021 = CARTESIAN_POINT ( 'NONE',  ( 1.379999999999999671, 11.54484625457503100, 5.498426807238718794 ) ) ;
#1022 = CIRCLE ( 'NONE', #3490, 0.5000000000000004441 ) ;
#1023 = ORIENTED_EDGE ( 'NONE', *, *, #3826, .F. ) ;
#1024 = CARTESIAN_POINT ( 'NONE',  ( 1.399999999999999689, 6.500000000000000000, -4.400000000000000355 ) ) ;
#1025 = EDGE_CURVE ( 'NONE', #2019, #872, #3321, .T. ) ;
#1026 = ORIENTED_EDGE ( 'NONE', *, *, #1412, .F. ) ;
#1027 = AXIS2_PLACEMENT_3D ( 'NONE', #3234, #2907, #916 ) ;
#1028 = EDGE_CURVE ( 'NONE', #907, #2453, #4010, .T. ) ;
#1029 = VERTEX_POINT ( 'NONE', #3255 ) ;
#1030 = CARTESIAN_POINT ( 'NONE',  ( -1.399999999999999911, 12.37137186834969604, -1.898837853159277334 ) ) ;
#1031 = CARTESIAN_POINT ( 'NONE',  ( 3.371095403779720723, 1.616491533522731894, 6.867199217059265060 ) ) ;
#1032 = DIRECTION ( 'NONE',  ( -0.000000000000000000, -0.000000000000000000, -1.000000000000000000 ) ) ;
#1033 = VECTOR ( 'NONE', #2981, 1000.000000000000000 ) ;
#1034 = EDGE_CURVE ( 'NONE', #868, #1252, #4266, .T. ) ;
#1035 = VERTEX_POINT ( 'NONE', #1376 ) ;
#1036 = CARTESIAN_POINT ( 'NONE',  ( 0.000000000000000000, 12.34999999999999964, -2.027069063257456172 ) ) ;
#1037 = VECTOR ( 'NONE', #1097, 1000.000000000000114 ) ;
#1038 = AXIS2_PLACEMENT_3D ( 'NONE', #1634, #2960, #3686 ) ;
#1039 = CARTESIAN_POINT ( 'NONE',  ( 1.379999999999999671, 8.631655426250503638, -4.549999999999998934 ) ) ;
#1040 = CARTESIAN_POINT ( 'NONE',  ( 0.000000000000000000, 0.000000000000000000, -2.250000000000000444 ) ) ;
#1041 = DIRECTION ( 'NONE',  ( 0.000000000000000000, 0.000000000000000000, 1.000000000000000000 ) ) ;
#1042 = DIRECTION ( 'NONE',  ( -1.000000000000000000, 0.000000000000000000, 0.000000000000000000 ) ) ;
#1043 = CARTESIAN_POINT ( 'NONE',  ( 1.379999999999999671, 6.649999999999999467, -4.549999999999999822 ) ) ;
#1044 = ORIENTED_EDGE ( 'NONE', *, *, #601, .F. ) ;
#1045 = CYLINDRICAL_SURFACE ( 'NONE', #3618, 0.02000000000000005246 ) ;
#1046 = CARTESIAN_POINT ( 'NONE',  ( -7.383935265155024297, 0.2500000000000000000, -2.000000000000000000 ) ) ;
#1047 = CARTESIAN_POINT ( 'NONE',  ( -1.399999999999999467, -3.035766082959410566E-17, 1.214306433183764720E-16 ) ) ;
#1048 = EDGE_LOOP ( 'NONE', ( #2864, #4122, #4239, #1314 ) ) ;
#1049 = DIRECTION ( 'NONE',  ( 0.000000000000000000, 1.000000000000000000, -0.000000000000000000 ) ) ;
#1050 = ORIENTED_EDGE ( 'NONE', *, *, #870, .F. ) ;
#1051 = VERTEX_POINT ( 'NONE', #2335 ) ;
#1052 = CARTESIAN_POINT ( 'NONE',  ( 1.399999999999999689, 0.000000000000000000, -5.530000000000000249 ) ) ;
#1053 = FACE_OUTER_BOUND ( 'NONE', #3673, .T. ) ;
#1054 = CARTESIAN_POINT ( 'NONE',  ( 1.379999999999999671, 6.649999999999999467, -4.400000000000000355 ) ) ;
#1055 = ORIENTED_EDGE ( 'NONE', *, *, #4249, .F. ) ;
#1056 = CARTESIAN_POINT ( 'NONE',  ( -1.399999999999999911, 6.649999999999999467, -4.379999999999999893 ) ) ;
#1057 = EDGE_CURVE ( 'NONE', #68, #1428, #2683, .T. ) ;
#1058 = LINE ( 'NONE', #3098, #687 ) ;
#1059 = ADVANCED_FACE ( 'NONE', ( #3349 ), #1045, .T. ) ;
#1060 = DIRECTION ( 'NONE',  ( 0.000000000000000000, 0.000000000000000000, -1.000000000000000000 ) ) ;
#1061 = CARTESIAN_POINT ( 'NONE',  ( -10.02391857076032800, 7.346530894624444308, -2.000000000000000000 ) ) ;
#1062 = EDGE_CURVE ( 'NONE', #2996, #1861, #2385, .T. ) ;
#1063 = DIRECTION ( 'NONE',  ( 0.000000000000000000, 0.000000000000000000, -1.000000000000000000 ) ) ;
#1064 = ORIENTED_EDGE ( 'NONE', *, *, #3719, .F. ) ;
#1065 = CARTESIAN_POINT ( 'NONE',  ( 1.379999999999999671, 6.500000000000000000, 4.549999999999999822 ) ) ;
#1066 = DIRECTION ( 'NONE',  ( 0.000000000000000000, 0.000000000000000000, -1.000000000000000000 ) ) ;
#1067 = VERTEX_POINT ( 'NONE', #3447 ) ;
#1068 = DIRECTION ( 'NONE',  ( 0.000000000000000000, 0.000000000000000000, 1.000000000000000000 ) ) ;
#1069 = VECTOR ( 'NONE', #875, 1000.000000000000114 ) ;
#1070 = ORIENTED_EDGE ( 'NONE', *, *, #3311, .F. ) ;
#1071 = ORIENTED_EDGE ( 'NONE', *, *, #1713, .F. ) ;
#1072 = CIRCLE ( 'NONE', #3027, 0.02000000000000005246 ) ;
#1073 = CARTESIAN_POINT ( 'NONE',  ( 1.379999999999999671, 9.281463325509363926, -8.070837674355974656 ) ) ;
#1074 = CARTESIAN_POINT ( 'NONE',  ( 3.750000000000000444, 0.000000000000000000, 0.9999999999999995559 ) ) ;
#1075 = ORIENTED_EDGE ( 'NONE', *, *, #919, .F. ) ;
#1076 = ORIENTED_EDGE ( 'NONE', *, *, #3971, .T. ) ;
#1077 = CARTESIAN_POINT ( 'NONE',  ( 1.399999999999999689, 11.52975414413175947, 5.485303232940221818 ) ) ;
#1078 = EDGE_CURVE ( 'NONE', #4050, #3758, #437, .T. ) ;
#1079 = EDGE_CURVE ( 'NONE', #1711, #1540, #1085, .T. ) ;
#1080 = CARTESIAN_POINT ( 'NONE',  ( -1.000000000000000000, 4.750000000000000000, 0.9999999999999997780 ) ) ;
#1081 = CARTESIAN_POINT ( 'NONE',  ( -1.380000000000000115, 9.670245855868245144, 5.485303232940222706 ) ) ;
#1082 = CARTESIAN_POINT ( 'NONE',  ( -1.390180519077591548, 6.500000000000000000, 4.521998694580438460 ) ) ;
#1083 = CLOSED_SHELL ( 'NONE', ( #3258, #1933, #2263, #4244, #3624, #2972, #1191, #20, #80, #350, #3481, #1998, #2512, #3003, #2511, #3298, #2592, #824, #3742, #3867, #1738, #3975, #1294, #2117, #442, #1269, #2091, #2937, #3030, #640, #462, #1114, #2612, #515, #2742, #2233, #2075, #950, #496, #1628, #3688, #626, #1521 ) ) ;
#1084 = ORIENTED_EDGE ( 'NONE', *, *, #840, .T. ) ;
#1085 = B_SPLINE_CURVE_WITH_KNOTS ( 'NONE', 3,
 ( #417, #3070, #3090, #1450, #3684, #2755, #678, #2025, #3356, #339 ),
 .UNSPECIFIED., .F., .F.,
 ( 4, 3, 3, 4 ),
 ( 0.000000000000000000, 3.932309463598236910E-05, 8.009671586239446852E-05, 8.254620561176657771E-05 ),
 .UNSPECIFIED. ) ;
#1086 = AXIS2_PLACEMENT_3D ( 'NONE', #793, #1751, #123 ) ;
#1087 = CARTESIAN_POINT ( 'NONE',  ( -3.405877273185281773, 1.676175380897986456, 6.850000000000000533 ) ) ;
#1088 = CARTESIAN_POINT ( 'NONE',  ( -1.400000000000000133, 9.768344573749500270, -5.530000000000000249 ) ) ;
#1089 = VERTEX_POINT ( 'NONE', #5 ) ;
#1090 = DIRECTION ( 'NONE',  ( 0.9396926207859094271, 0.3420201433256659374, -0.000000000000000000 ) ) ;
#1091 = MANIFOLD_SOLID_BREP ( 'Fillet3', #2909 ) ;
#1092 = VECTOR ( 'NONE', #2102, 1000.000000000000114 ) ;
#1093 = ORIENTED_EDGE ( 'NONE', *, *, #1137, .T. ) ;
#1094 = ORIENTED_EDGE ( 'NONE', *, *, #269, .F. ) ;
#1095 = CARTESIAN_POINT ( 'NONE',  ( 0.000000000000000000, 12.50000000000000000, 2.027069063257455728 ) ) ;
#1096 = CARTESIAN_POINT ( 'NONE',  ( 1.379999999999999671, 9.655153745424977174, 5.498426807238720571 ) ) ;
#1097 = DIRECTION ( 'NONE',  ( -0.000000000000000000, 0.9863939238321437486, 0.1643989873053572637 ) ) ;
#1098 = CIRCLE ( 'NONE', #1235, 0.1700000000000000122 ) ;
#1099 = MANIFOLD_SOLID_BREP ( 'Fillet2', #1083 ) ;
#1100 = VERTEX_POINT ( 'NONE', #2695 ) ;
#1101 = CARTESIAN_POINT ( 'NONE',  ( 1.379999999999999671, 12.50000000000000000, 2.027069063257455728 ) ) ;
#1102 = CIRCLE ( 'NONE', #2362, 0.1499999999999999667 ) ;
#1103 = EDGE_CURVE ( 'NONE', #2569, #2996, #2701, .T. ) ;
#1104 = CIRCLE ( 'NONE', #544, 0.1700000000000000122 ) ;
#1105 = AXIS2_PLACEMENT_3D ( 'NONE', #4048, #313, #1404 ) ;
#1106 = DIRECTION ( 'NONE',  ( 0.000000000000000000, 0.000000000000000000, -1.000000000000000000 ) ) ;
#1107 = DIRECTION ( 'NONE',  ( -1.000000000000000000, 0.000000000000000000, 0.000000000000000000 ) ) ;
#1108 = AXIS2_PLACEMENT_3D ( 'NONE', #1793, #1752, #3820 ) ;
#1109 = DIRECTION ( 'NONE',  ( 0.3420201433256659374, -0.9396926207859094271, 0.000000000000000000 ) ) ;
#1110 = ORIENTED_EDGE ( 'NONE', *, *, #768, .T. ) ;
#1111 = CARTESIAN_POINT ( 'NONE',  ( -6.831385253332591390, 7.688551037950109190, -2.000000000000000000 ) ) ;
#1112 = ORIENTED_EDGE ( 'NONE', *, *, #2374, .T. ) ;
#1113 = ORIENTED_EDGE ( 'NONE', *, *, #1025, .T. ) ;
#1114 = ADVANCED_FACE ( 'NONE', ( #939 ), #3615, .F. ) ;
#1115 = ORIENTED_EDGE ( 'NONE', *, *, #4246, .F. ) ;
#1116 = DIRECTION ( 'NONE',  ( 0.000000000000000000, 0.000000000000000000, -1.000000000000000000 ) ) ;
#1117 = DIRECTION ( 'NONE',  ( -0.9396926207859084279, -0.3420201433256687684, 0.000000000000000000 ) ) ;
#1118 = DIRECTION ( 'NONE',  ( 0.000000000000000000, 0.000000000000000000, -1.000000000000000000 ) ) ;
#1119 = EDGE_LOOP ( 'NONE', ( #2222, #1512, #2873, #3868 ) ) ;
#1120 = ORIENTED_EDGE ( 'NONE', *, *, #2345, .T. ) ;
#1121 = LINE ( 'NONE', #1437, #4115 ) ;
#1122 = CARTESIAN_POINT ( 'NONE',  ( 1.400000000000000133, 6.500000000000000000, -0.8529309367425446098 ) ) ;
#1123 = CARTESIAN_POINT ( 'NONE',  ( -1.379999999999999893, -2.992397996059991005E-17, -4.379999999999999893 ) ) ;
#1124 = CARTESIAN_POINT ( 'NONE',  ( -7.311634564172364570, 0.000000000000000000, 2.250000000000000444 ) ) ;
#1125 = DIRECTION ( 'NONE',  ( 0.000000000000000000, 0.000000000000000000, -1.000000000000000000 ) ) ;
#1126 = ORIENTED_EDGE ( 'NONE', *, *, #4322, .F. ) ;
#1127 = EDGE_CURVE ( 'NONE', #4092, #156, #2585, .T. ) ;
#1128 = CARTESIAN_POINT ( 'NONE',  ( 1.379999999999999671, 11.43165542625050435, 5.400000000000000355 ) ) ;
#1129 = CARTESIAN_POINT ( 'NONE',  ( 7.409383886196519775, 0.1631558864046419033, 1.688618591207778907 ) ) ;
#1130 = CYLINDRICAL_SURFACE ( 'NONE', #2344, 0.1499999999999999667 ) ;
#1131 = AXIS2_PLACEMENT_3D ( 'NONE', #4170, #3139, #3821 ) ;
#1132 = ORIENTED_EDGE ( 'NONE', *, *, #570, .T. ) ;
#1133 = EDGE_CURVE ( 'NONE', #1937, #2938, #749, .T. ) ;
#1134 = EDGE_CURVE ( 'NONE', #1577, #3335, #412, .T. ) ;
#1135 = ORIENTED_EDGE ( 'NONE', *, *, #4224, .F. ) ;
#1136 = DIRECTION ( 'NONE',  ( 0.000000000000000000, 0.000000000000000000, -1.000000000000000000 ) ) ;
#1137 = EDGE_CURVE ( 'NONE', #4254, #276, #241, .T. ) ;
#1138 = CARTESIAN_POINT ( 'NONE',  ( -1.380000000000000338, 9.296555435952635449, -8.083961248654471632 ) ) ;
#1139 = DIRECTION ( 'NONE',  ( 0.3420201433256687129, -0.9396926207859083169, 0.000000000000000000 ) ) ;
#1140 = VECTOR ( 'NONE', #231, 1000.000000000000000 ) ;
#1141 = CARTESIAN_POINT ( 'NONE',  ( 0.000000000000000000, 4.750000000000000000, 0.000000000000000000 ) ) ;
#1142 = EDGE_CURVE ( 'NONE', #2630, #2368, #2357, .T. ) ;
#1143 = ADVANCED_FACE ( 'NONE', ( #15 ), #3651, .T. ) ;
#1144 = ORIENTED_EDGE ( 'NONE', *, *, #1137, .F. ) ;
#1145 = AXIS2_PLACEMENT_3D ( 'NONE', #608, #1996, #2018 ) ;
#1146 = ORIENTED_EDGE ( 'NONE', *, *, #1935, .F. ) ;
#1147 = B_SPLINE_CURVE_WITH_KNOTS ( 'NONE', 3,
 ( #2294, #3671, #1644, #4283, #2331, #1624, #2968, #666, #3991, #1305 ),
 .UNSPECIFIED., .F., .F.,
 ( 4, 3, 3, 4 ),
 ( 3.252606517456513302E-19, 3.932309463598215903E-05, 8.009671586239488865E-05, 8.254620561176626600E-05 ),
 .UNSPECIFIED. ) ;
#1148 = DIRECTION ( 'NONE',  ( 0.000000000000000000, 0.000000000000000000, 1.000000000000000000 ) ) ;
#1149 = AXIS2_PLACEMENT_3D ( 'NONE', #4062, #3721, #1106 ) ;
#1150 = PRODUCT_DEFINITION_FORMATION_WITH_SPECIFIED_SOURCE ( 'ANY', '', #2226, .NOT_KNOWN. ) ;
#1151 = CARTESIAN_POINT ( 'NONE',  ( -1.397319086605161909, 6.500000000000000000, -4.496202024374977846 ) ) ;
#1152 = DIRECTION ( 'NONE',  ( -0.000000000000000000, -1.000000000000000000, -0.000000000000000000 ) ) ;
#1153 = CARTESIAN_POINT ( 'NONE',  ( 6.831385253332591390, 7.688551037950110079, 2.000000000000000000 ) ) ;
#1154 = EDGE_LOOP ( 'NONE', ( #983, #4214, #1679, #1120 ) ) ;
#1155 = CARTESIAN_POINT ( 'NONE',  ( 1.379999999999999671, 0.000000000000000000, -4.400000000000000355 ) ) ;
#1156 = LINE ( 'NONE', #893, #2060 ) ;
#1157 = ORIENTED_EDGE ( 'NONE', *, *, #1134, .F. ) ;
#1158 = B_SPLINE_CURVE_WITH_KNOTS ( 'NONE', 3,
 ( #3502, #1880, #2785, #3161, #4190, #1166 ),
 .UNSPECIFIED., .F., .F.,
 ( 4, 2, 4 ),
 ( 0.000000000000000000, 0.0001993764809892386420, 0.0003987529619784772840 ),
 .UNSPECIFIED. ) ;
#1159 = EDGE_CURVE ( 'NONE', #3645, #126, #3011, .T. ) ;
#1160 = SURFACE_SIDE_STYLE ('',( #208 ) ) ;
#1161 = FACE_OUTER_BOUND ( 'NONE', #3445, .T. ) ;
#1162 = CARTESIAN_POINT ( 'NONE',  ( -0.000000000000000000, 12.46319082832452629, -4.442330547426800003 ) ) ;
#1163 = LINE ( 'NONE', #3336, #595 ) ;
#1164 = VECTOR ( 'NONE', #299, 1000.000000000000000 ) ;
#1165 = CARTESIAN_POINT ( 'NONE',  ( 1.399999999999999689, 6.649999999999999467, 4.400000000000000355 ) ) ;
#1166 = CARTESIAN_POINT ( 'NONE',  ( 7.311634564172364570, 0.000000000000000000, 2.250000000000000444 ) ) ;
#1167 = EDGE_CURVE ( 'NONE', #948, #3059, #2333, .T. ) ;
#1168 = CIRCLE ( 'NONE', #2976, 0.01999999999999996225 ) ;
#1169 = ORIENTED_EDGE ( 'NONE', *, *, #2314, .T. ) ;
#1170 = DIRECTION ( 'NONE',  ( 8.673617379884035472E-17, 1.880790961315659329E-33, -1.000000000000000000 ) ) ;
#1171 = AXIS2_PLACEMENT_3D ( 'NONE', #270, #3635, #1977 ) ;
#1172 = ORIENTED_EDGE ( 'NONE', *, *, #2292, .T. ) ;
#1173 = VECTOR ( 'NONE', #2426, 1000.000000000000114 ) ;
#1174 = PLANE ( 'NONE',  #1533 ) ;
#1175 = LINE ( 'NONE', #846, #84 ) ;
#1176 = FACE_OUTER_BOUND ( 'NONE', #587, .T. ) ;
#1177 = ORIENTED_EDGE ( 'NONE', *, *, #1057, .T. ) ;
#1178 = DIRECTION ( 'NONE',  ( -1.000000000000000000, 0.000000000000000000, -0.000000000000000000 ) ) ;
#1179 = AXIS2_PLACEMENT_3D ( 'NONE', #1753, #3073, #57 ) ;
#1180 = AXIS2_PLACEMENT_3D ( 'NONE', #2862, #859, #1524 ) ;
#1181 = DIRECTION ( 'NONE',  ( 0.000000000000000000, 0.000000000000000000, -1.000000000000000000 ) ) ;
#1182 = EDGE_LOOP ( 'NONE', ( #1841, #2575, #2919, #3132 ) ) ;
#1183 = LINE ( 'NONE', #1543, #2698 ) ;
#1184 = CARTESIAN_POINT ( 'NONE',  ( 1.399999999999999689, 12.48000000000000220, -2.027069063257456172 ) ) ;
#1185 = CARTESIAN_POINT ( 'NONE',  ( 1.379999999999999671, 0.000000000000000000, -5.530000000000000249 ) ) ;
#1186 = CYLINDRICAL_SURFACE ( 'NONE', #2257, 0.1499999999999999667 ) ;
#1187 = ORIENTED_EDGE ( 'NONE', *, *, #1196, .T. ) ;
#1188 = ORIENTED_EDGE ( 'NONE', *, *, #3774, .T. ) ;
#1189 = PLANE ( 'NONE',  #760 ) ;
#1190 = EDGE_LOOP ( 'NONE', ( #2825, #3104, #4128, #4029 ) ) ;
#1191 = ADVANCED_FACE ( 'NONE', ( #645 ), #3672, .F. ) ;
#1192 = ORIENTED_EDGE ( 'NONE', *, *, #1078, .F. ) ;
#1193 = EDGE_CURVE ( 'NONE', #2388, #1468, #1878, .T. ) ;
#1194 = CARTESIAN_POINT ( 'NONE',  ( -3.405877273185280885, 1.699999999999999734, 6.850000000000000533 ) ) ;
#1195 = DIRECTION ( 'NONE',  ( -7.968020348514244863E-17, 0.6561787149247864104, 0.7546055221635050714 ) ) ;
#1196 = EDGE_CURVE ( 'NONE', #1029, #2388, #4024, .T. ) ;
#1197 = ORIENTED_EDGE ( 'NONE', *, *, #1681, .T. ) ;
#1198 = ORIENTED_EDGE ( 'NONE', *, *, #1920, .T. ) ;
#1199 = CYLINDRICAL_SURFACE ( 'NONE', #607, 0.01999999999999992062 ) ;
#1200 = B_SPLINE_CURVE_WITH_KNOTS ( 'NONE', 3,
 ( #4085, #1420, #3462, #2401, #355, #1082, #3765, #1709, #88, #3124 ),
 .UNSPECIFIED., .F., .F.,
 ( 4, 3, 3, 4 ),
 ( -2.449489749372115115E-06, 0.000000000000000000, 4.097538642259614431E-05, 8.049306843309046939E-05 ),
 .UNSPECIFIED. ) ;
#1201 = PLANE ( 'NONE',  #370 ) ;
#1202 = VERTEX_POINT ( 'NONE', #1326 ) ;
#1203 = DIRECTION ( 'NONE',  ( -0.3420201433256663259, -0.9396926207859093161, 0.000000000000000000 ) ) ;
#1204 = CARTESIAN_POINT ( 'NONE',  ( 1.379999999999999671, 12.34999999999999964, 4.343903740188081564 ) ) ;
#1205 = DIRECTION ( 'NONE',  ( 0.000000000000000000, 0.000000000000000000, 1.000000000000000000 ) ) ;
#1206 = ORIENTED_EDGE ( 'NONE', *, *, #798, .F. ) ;
#1207 = ORIENTED_EDGE ( 'NONE', *, *, #1493, .F. ) ;
#1208 = LINE ( 'NONE', #908, #258 ) ;
#1209 = VECTOR ( 'NONE', #1671, 1000.000000000000000 ) ;
#1210 = DIRECTION ( 'NONE',  ( 1.000000000000000000, 2.168404344971008252E-17, -8.673617379884035472E-17 ) ) ;
#1211 = EDGE_LOOP ( 'NONE', ( #195, #3852, #3925, #2142 ) ) ;
#1212 = ORIENTED_EDGE ( 'NONE', *, *, #870, .T. ) ;
#1213 = CYLINDRICAL_SURFACE ( 'NONE', #113, 0.1499999999999999667 ) ;
#1214 = LINE ( 'NONE', #1625, #2217 ) ;
#1215 = EDGE_CURVE ( 'NONE', #259, #3978, #602, .T. ) ;
#1216 = ORIENTED_EDGE ( 'NONE', *, *, #3791, .F. ) ;
#1217 = EDGE_CURVE ( 'NONE', #2581, #1485, #2855, .T. ) ;
#1218 = CARTESIAN_POINT ( 'NONE',  ( -1.399999999999999689, 6.649999999999999467, 0.7729309367425446498 ) ) ;
#1219 = CARTESIAN_POINT ( 'NONE',  ( 7.428616708962063164, 0.2159976326651080192, 2.003839276623642363 ) ) ;
#1220 = CARTESIAN_POINT ( 'NONE',  ( 1.379999999999999671, 12.50000000000000000, 4.343903740188081564 ) ) ;
#1221 = DIRECTION ( 'NONE',  ( 0.000000000000000000, 0.000000000000000000, -1.000000000000000000 ) ) ;
#1222 = CARTESIAN_POINT ( 'NONE',  ( 1.379999999999999671, 6.625340151904198116, 0.9208900253173666339 ) ) ;
#1223 = ORIENTED_EDGE ( 'NONE', *, *, #1826, .T. ) ;
#1224 = ORIENTED_EDGE ( 'NONE', *, *, #1826, .F. ) ;
#1225 = DIRECTION ( 'NONE',  ( -1.000000000000000000, -0.000000000000000000, -0.000000000000000000 ) ) ;
#1226 = ORIENTED_EDGE ( 'NONE', *, *, #3534, .T. ) ;
#1227 = COLOUR_RGB ( '',0.7921568627450980005, 0.8196078431372548767, 0.9333333333333333481 ) ;
#1228 = ORIENTED_EDGE ( 'NONE', *, *, #3209, .F. ) ;
#1229 = CARTESIAN_POINT ( 'NONE',  ( -1.000000000000000222, 0.000000000000000000, 0.000000000000000000 ) ) ;
#1230 = CIRCLE ( 'NONE', #822, 0.1700000000000000122 ) ;
#1231 = CARTESIAN_POINT ( 'NONE',  ( -7.383935265155024297, 0.000000000000000000, 2.000000000000000000 ) ) ;
#1232 = EDGE_CURVE ( 'NONE', #3751, #2118, #357, .T. ) ;
#1233 = CARTESIAN_POINT ( 'NONE',  ( -7.420939355754083699, 0.1949042780847981549, -1.427321807585189228 ) ) ;
#1234 = ORIENTED_EDGE ( 'NONE', *, *, #1078, .T. ) ;
#1235 = AXIS2_PLACEMENT_3D ( 'NONE', #1218, #204, #2874 ) ;
#1236 = CARTESIAN_POINT ( 'NONE',  ( 1.379999999999999671, 12.44809871788125477, 4.429206973128303915 ) ) ;
#1237 = CARTESIAN_POINT ( 'NONE',  ( -1.379999999999999671, 6.649999999999999467, -0.7729309367425445387 ) ) ;
#1238 = CIRCLE ( 'NONE', #187, 0.1299999999999998934 ) ;
#1239 = ORIENTED_EDGE ( 'NONE', *, *, #2935, .F. ) ;
#1240 = AXIS2_PLACEMENT_3D ( 'NONE', #734, #3077, #3164 ) ;
#1241 = CARTESIAN_POINT ( 'NONE',  ( 0.000000000000000000, 8.744846254575030287, 4.451573192761281383 ) ) ;
#1242 = CARTESIAN_POINT ( 'NONE',  ( -6.831385253332591390, 7.688551037950108302, -2.000000000000000000 ) ) ;
#1243 = DIRECTION ( 'NONE',  ( -0.000000000000000000, 1.000000000000000000, 0.000000000000000000 ) ) ;
#1244 = VECTOR ( 'NONE', #2795, 1000.000000000000000 ) ;
#1245 = AXIS2_PLACEMENT_3D ( 'NONE', #812, #3472, #1408 ) ;
#1246 = EDGE_CURVE ( 'NONE', #3335, #2621, #1379, .T. ) ;
#1247 = EDGE_LOOP ( 'NONE', ( #2541, #457, #1650, #723 ) ) ;
#1248 = ORIENTED_EDGE ( 'NONE', *, *, #60, .T. ) ;
#1249 = CARTESIAN_POINT ( 'NONE',  ( -1.380000000000000115, 6.649999999999999467, -4.549999999999999822 ) ) ;
#1250 = CARTESIAN_POINT ( 'NONE',  ( -7.452558272403779327, 2.504185137870442719E-10, 1.728641713832860916 ) ) ;
#1251 = ADVANCED_FACE ( 'NONE', ( #719 ), #3057, .F. ) ;
#1252 = VERTEX_POINT ( 'NONE', #610 ) ;
#1253 = ORIENTED_EDGE ( 'NONE', *, *, #3125, .T. ) ;
#1254 = FACE_OUTER_BOUND ( 'NONE', #2169, .T. ) ;
#1255 = CARTESIAN_POINT ( 'NONE',  ( -1.379999999999999893, 9.768344573749498494, 5.549999999999999822 ) ) ;
#1256 = ORIENTED_EDGE ( 'NONE', *, *, #167, .T. ) ;
#1257 = DIRECTION ( 'NONE',  ( 0.000000000000000000, 0.000000000000000000, 1.000000000000000000 ) ) ;
#1258 = CARTESIAN_POINT ( 'NONE',  ( 7.649994702126528878, -3.487468425137726159E-11, 0.3557505965532618553 ) ) ;
#1259 = VECTOR ( 'NONE', #1125, 1000.000000000000000 ) ;
#1260 = CARTESIAN_POINT ( 'NONE',  ( -1.400000000000000133, 11.52975414413175947, 5.485303232940221818 ) ) ;
#1261 = ORIENTED_EDGE ( 'NONE', *, *, #1930, .T. ) ;
#1262 = CARTESIAN_POINT ( 'NONE',  ( 7.428804460876122562, 0.2165134768094436890, -2.000000000000000000 ) ) ;
#1263 = CARTESIAN_POINT ( 'NONE',  ( 1.399999999999999689, 9.768344573749500270, -5.530000000000000249 ) ) ;
#1264 = DIRECTION ( 'NONE',  ( 1.000000000000000000, 0.000000000000000000, -1.156482317317871971E-16 ) ) ;
#1265 = EDGE_CURVE ( 'NONE', #526, #466, #3288, .T. ) ;
#1266 = EDGE_CURVE ( 'NONE', #3264, #3645, #4309, .T. ) ;
#1267 = EDGE_LOOP ( 'NONE', ( #1649, #3711, #2424, #2548 ) ) ;
#1268 = APPLICATION_CONTEXT ( 'automotive_design' ) ;
#1269 = ADVANCED_FACE ( 'NONE', ( #618 ), #3293, .F. ) ;
#1270 = EDGE_LOOP ( 'NONE', ( #364, #1676, #2239, #1791 ) ) ;
#1271 = UNCERTAINTY_MEASURE_WITH_UNIT (LENGTH_MEASURE( 1.000000000000000082E-05 ), #637, 'distance_accuracy_value', 'NONE');
#1272 = CARTESIAN_POINT ( 'NONE',  ( 1.000000000000000000, 2.000000000000000000, 3.750000000000000000 ) ) ;
#1273 = CARTESIAN_POINT ( 'NONE',  ( -7.381698231562596746, 0.08709017545485499279, 2.015264524893131348 ) ) ;
#1274 = ADVANCED_FACE ( 'NONE', ( #909 ), #1882, .T. ) ;
#1275 = VERTEX_POINT ( 'NONE', #2962 ) ;
#1276 = CARTESIAN_POINT ( 'NONE',  ( 9.368548013477250272E-16, 0.000000000000000000, 7.649999999999999467 ) ) ;
#1277 = CARTESIAN_POINT ( 'NONE',  ( 0.000000000000000000, 1.499999999999999556, -6.849999999999998757 ) ) ;
#1278 = LINE ( 'NONE', #3668, #4069 ) ;
#1279 = CIRCLE ( 'NONE', #3737, 0.1299999999999998934 ) ;
#1280 = CARTESIAN_POINT ( 'NONE',  ( -7.538979505814589643, 0.5192169249652810459, 0.3721985533366062859 ) ) ;
#1281 = VERTEX_POINT ( 'NONE', #2551 ) ;
#1282 = AXIS2_PLACEMENT_3D ( 'NONE', #1714, #1378, #2130 ) ;
#1283 = LINE ( 'NONE', #2619, #250 ) ;
#1284 = CARTESIAN_POINT ( 'NONE',  ( 7.432188809747455771, 0.2258118989131918386, 0.7119717907706683002 ) ) ;
#1285 = CARTESIAN_POINT ( 'NONE',  ( 1.379999999999999671, 6.649999999999999467, -0.7729309367425445387 ) ) ;
#1286 = DIRECTION ( 'NONE',  ( 0.000000000000000000, 0.000000000000000000, -1.000000000000000000 ) ) ;
#1287 = EDGE_LOOP ( 'NONE', ( #1592, #159, #3393, #1436, #3275, #1771, #3888, #2691, #3475, #431, #1580, #537, #3549, #808 ) ) ;
#1288 = CARTESIAN_POINT ( 'NONE',  ( -1.000000000000000000, 0.000000000000000000, -1.000000000000000222 ) ) ;
#1289 = CARTESIAN_POINT ( 'NONE',  ( 0.000000000000000000, 6.500000000000000000, -7.650000000000000355 ) ) ;
#1290 = EDGE_CURVE ( 'NONE', #762, #3578, #2772, .T. ) ;
#1291 = ORIENTED_EDGE ( 'NONE', *, *, #2451, .T. ) ;
#1292 = ORIENTED_EDGE ( 'NONE', *, *, #1471, .F. ) ;
#1293 = CARTESIAN_POINT ( 'NONE',  ( -7.428804460875682913, 0.2165134768082363215, -2.000000000000000000 ) ) ;
#1294 = ADVANCED_FACE ( 'NONE', ( #1946 ), #3894, .F. ) ;
#1295 = DIRECTION ( 'NONE',  ( -1.000000000000000000, -0.000000000000000000, -0.000000000000000000 ) ) ;
#1296 = AXIS2_PLACEMENT_3D ( 'NONE', #504, #3178, #4188 ) ;
#1297 = DIRECTION ( 'NONE',  ( 1.000000000000000000, 0.000000000000000000, 0.000000000000000000 ) ) ;
#1298 = DIRECTION ( 'NONE',  ( 0.000000000000000000, -0.000000000000000000, -1.000000000000000000 ) ) ;
#1299 = VECTOR ( 'NONE', #381, 1000.000000000000000 ) ;
#1300 = EDGE_CURVE ( 'NONE', #3539, #2019, #4044, .T. ) ;
#1301 = ORIENTED_EDGE ( 'NONE', *, *, #1411, .F. ) ;
#1302 = AXIS2_PLACEMENT_3D ( 'NONE', #1967, #2572, #3574 ) ;
#1303 = CARTESIAN_POINT ( 'NONE',  ( 1.379999999999999671, 6.649999999999999467, -4.379999999999999893 ) ) ;
#1304 = CARTESIAN_POINT ( 'NONE',  ( 7.506291330883620105, 0.4294069024592578332, -1.298632614928846962 ) ) ;
#1305 = CARTESIAN_POINT ( 'NONE',  ( 1.379999999999999671, 6.500000000000000000, -0.7729309367425445387 ) ) ;
#1306 = VECTOR ( 'NONE', #18, 1000.000000000000000 ) ;
#1307 = ORIENTED_EDGE ( 'NONE', *, *, #1496, .T. ) ;
#1308 = LINE ( 'NONE', #564, #105 ) ;
#1309 = VECTOR ( 'NONE', #2379, 1000.000000000000000 ) ;
#1310 = DIRECTION ( 'NONE',  ( 1.000000000000000000, 0.000000000000000000, 0.000000000000000000 ) ) ;
#1311 = CARTESIAN_POINT ( 'NONE',  ( -1.156482317317871971E-16, 2.000000000000000000, -1.000000000000000000 ) ) ;
#1312 = CIRCLE ( 'NONE', #1754, 0.1299999999999998934 ) ;
#1313 = ORIENTED_EDGE ( 'NONE', *, *, #2884, .F. ) ;
#1314 = ORIENTED_EDGE ( 'NONE', *, *, #1133, .T. ) ;
#1315 = DIRECTION ( 'NONE',  ( 0.000000000000000000, -0.7546055221635206145, 0.6561787149247685358 ) ) ;
#1316 = AXIS2_PLACEMENT_3D ( 'NONE', #2763, #3478, #1799 ) ;
#1317 = ORIENTED_EDGE ( 'NONE', *, *, #1005, .F. ) ;
#1318 = DIRECTION ( 'NONE',  ( -1.000000000000000000, 0.000000000000000000, 0.000000000000000000 ) ) ;
#1319 = FACE_OUTER_BOUND ( 'NONE', #1719, .T. ) ;
#1320 = ITEM_DEFINED_TRANSFORMATION ( 'NONE', 'NONE', #294,  #2550 ) ;
#1321 = EDGE_CURVE ( 'NONE', #1413, #120, #4104, .T. ) ;
#1322 = ADVANCED_FACE ( 'NONE', ( #3726 ), #47, .F. ) ;
#1323 = B_SPLINE_CURVE_WITH_KNOTS ( 'NONE', 3,
 ( #2047, #4025, #1651, #1031, #2977, #1613, #985, #945, #2002, #2997 ),
 .UNSPECIFIED., .F., .F.,
 ( 4, 2, 2, 2, 4 ),
 ( 0.000000000000000000, 7.024607880191202191E-05, 0.0001404921576038240438, 0.0002809843152076474913, 0.0005619686304152965006 ),
 .UNSPECIFIED. ) ;
#1324 = LINE ( 'NONE', #2657, #153 ) ;
#1325 = LINE ( 'NONE', #2658, #3225 ) ;
#1326 = CARTESIAN_POINT ( 'NONE',  ( 1.379999999999999671, 8.744846254575030287, 4.451573192761281383 ) ) ;
#1327 = VERTEX_POINT ( 'NONE', #1401 ) ;
#1328 = EDGE_CURVE ( 'NONE', #532, #4113, #3394, .T. ) ;
#1329 = DIRECTION ( 'NONE',  ( 3.564834783817703950E-17, -0.9863939238321437486, 0.1643989873053572637 ) ) ;
#1330 = DIRECTION ( 'NONE',  ( 0.000000000000000000, 0.000000000000000000, -1.000000000000000000 ) ) ;
#1331 = LINE ( 'NONE', #2299, #150 ) ;
#1332 = ORIENTED_EDGE ( 'NONE', *, *, #1802, .F. ) ;
#1333 = CYLINDRICAL_SURFACE ( 'NONE', #1105, 0.1499999999999999667 ) ;
#1334 = VERTEX_POINT ( 'NONE', #1018 ) ;
#1335 = ORIENTED_EDGE ( 'NONE', *, *, #4109, .F. ) ;
#1336 = DIRECTION ( 'NONE',  ( 8.964022892078409004E-14, 0.6561787149247684248, 0.7546055221635205035 ) ) ;
#1337 = CARTESIAN_POINT ( 'NONE',  ( -7.428616708962062276, 0.2159976326651078804, -2.003839276623641030 ) ) ;
#1338 = B_SPLINE_CURVE_WITH_KNOTS ( 'NONE', 3,
 ( #2016, #384, #1669, #3350, #1691, #2684 ),
 .UNSPECIFIED., .F., .F.,
 ( 4, 2, 4 ),
 ( 0.000000000000000000, 0.0001993785321696272953, 0.0003987570643392545906 ),
 .UNSPECIFIED. ) ;
#1339 = ORIENTED_EDGE ( 'NONE', *, *, #2484, .F. ) ;
#1340 = LINE ( 'NONE', #2029, #2347 ) ;
#1341 = FACE_BOUND ( 'NONE', #573, .T. ) ;
#1342 = DIRECTION ( 'NONE',  ( 1.000000000000000000, 0.000000000000000000, 0.000000000000000000 ) ) ;
#1343 = DIRECTION ( 'NONE',  ( 0.000000000000000000, 0.000000000000000000, -1.000000000000000000 ) ) ;
#1344 = VECTOR ( 'NONE', #1940, 1000.000000000000000 ) ;
#1345 = CARTESIAN_POINT ( 'NONE',  ( -7.502913518991714881, 0.4201264405590944273, -1.355504595281812774 ) ) ;
#1346 = CARTESIAN_POINT ( 'NONE',  ( -1.400000000000000133, 6.649999999999999467, -4.400000000000000355 ) ) ;
#1347 = EDGE_CURVE ( 'NONE', #770, #59, #2360, .T. ) ;
#1348 = CARTESIAN_POINT ( 'NONE',  ( 1.379999999999999893, 9.670245855868245144, 5.485303232940222706 ) ) ;
#1349 = DIRECTION ( 'NONE',  ( 0.000000000000000000, 0.000000000000000000, -1.000000000000000000 ) ) ;
#1350 = ADVANCED_FACE ( 'NONE', ( #862 ), #4183, .T. ) ;
#1351 = VECTOR ( 'NONE', #3954, 1000.000000000000000 ) ;
#1352 = ORIENTED_EDGE ( 'NONE', *, *, #2792, .F. ) ;
#1353 = DIRECTION ( 'NONE',  ( -2.168404344971008252E-17, 1.000000000000000000, 0.000000000000000000 ) ) ;
#1354 = CARTESIAN_POINT ( 'NONE',  ( 3.671135466104528788, -1.336184035621017063, -2.000000000000000000 ) ) ;
#1355 = AXIS2_PLACEMENT_3D ( 'NONE', #3770, #1066, #2712 ) ;
#1356 =( REPRESENTATION_RELATIONSHIP ('NONE','NONE', #2694, #769 ) REPRESENTATION_RELATIONSHIP_WITH_TRANSFORMATION ( #1320 )SHAPE_REPRESENTATION_RELATIONSHIP( ) );
#1357 = EDGE_CURVE ( 'NONE', #1100, #168, #3287, .T. ) ;
#1358 = ORIENTED_EDGE ( 'NONE', *, *, #1411, .T. ) ;
#1359 = CARTESIAN_POINT ( 'NONE',  ( -1.397319086605161687, 6.500000000000000000, -0.8267289123675667373 ) ) ;
#1360 = VERTEX_POINT ( 'NONE', #2773 ) ;
#1361 = VECTOR ( 'NONE', #3317, 1000.000000000000000 ) ;
#1362 = ORIENTED_EDGE ( 'NONE', *, *, #1876, .F. ) ;
#1363 = CARTESIAN_POINT ( 'NONE',  ( -1.380000000000000115, 11.43165542625050612, -5.400000000000000355 ) ) ;
#1364 = CARTESIAN_POINT ( 'NONE',  ( 1.000000000000000000, 4.750000000000000000, -0.9999999999999997780 ) ) ;
#1365 = ORIENTED_EDGE ( 'NONE', *, *, #3424, .T. ) ;
#1366 = CARTESIAN_POINT ( 'NONE',  ( 1.000000000000000000, 2.000000000000000000, 0.9999999999999997780 ) ) ;
#1367 = LINE ( 'NONE', #1637, #475 ) ;
#1368 = DIRECTION ( 'NONE',  ( 1.000000000000000000, -0.000000000000000000, -0.000000000000000000 ) ) ;
#1369 = FACE_OUTER_BOUND ( 'NONE', #4047, .T. ) ;
#1370 = DIRECTION ( 'NONE',  ( 0.000000000000000000, -0.9863939238321414171, 0.1643989873053713635 ) ) ;
#1371 = FACE_OUTER_BOUND ( 'NONE', #3504, .T. ) ;
#1372 = DIRECTION ( 'NONE',  ( -0.000000000000000000, -1.000000000000000000, -0.000000000000000000 ) ) ;
#1373 = ORIENTED_EDGE ( 'NONE', *, *, #576, .F. ) ;
#1374 = AXIS2_PLACEMENT_3D ( 'NONE', #738, #2728, #2447 ) ;
#1375 = CARTESIAN_POINT ( 'NONE',  ( 0.000000000000000000, 0.000000000000000000, 0.000000000000000000 ) ) ;
#1376 = CARTESIAN_POINT ( 'NONE',  ( 1.379999999999999671, 9.655153745424975398, -5.498426807238719682 ) ) ;
#1377 = DIRECTION ( 'NONE',  ( 0.000000000000000000, 0.000000000000000000, -1.000000000000000000 ) ) ;
#1378 = DIRECTION ( 'NONE',  ( -3.564834783817980988E-15, -0.9863939238321415282, -0.1643989873053704753 ) ) ;
#1379 = CIRCLE ( 'NONE', #312, 7.649999999999999467 ) ;
#1380 = ORIENTED_EDGE ( 'NONE', *, *, #4224, .T. ) ;
#1381 = FACE_OUTER_BOUND ( 'NONE', #416, .T. ) ;
#1382 = EDGE_CURVE ( 'NONE', #1456, #2495, #3128, .T. ) ;
#1383 = ORIENTED_EDGE ( 'NONE', *, *, #326, .F. ) ;
#1384 = AXIS2_PLACEMENT_3D ( 'NONE', #2078, #1642, #3006 ) ;
#1385 = EDGE_LOOP ( 'NONE', ( #4263, #389, #1476, #4220 ) ) ;
#1386 = DIRECTION ( 'NONE',  ( 0.000000000000000000, 0.000000000000000000, -1.000000000000000000 ) ) ;
#1387 = CARTESIAN_POINT ( 'NONE',  ( 7.311634564172364570, 0.000000000000000000, 2.250000000000000444 ) ) ;
#1388 = CARTESIAN_POINT ( 'NONE',  ( 1.399999999999999689, 12.37137186834969604, 1.898837853159276889 ) ) ;
#1389 = EDGE_CURVE ( 'NONE', #1275, #3945, #1214, .T. ) ;
#1390 = AXIS2_PLACEMENT_3D ( 'NONE', #2965, #3718, #4299 ) ;
#1391 = CARTESIAN_POINT ( 'NONE',  ( -7.369890201176988676, 0.05464787860219043336, -2.080143912187204069 ) ) ;
#1392 = VERTEX_POINT ( 'NONE', #1030 ) ;
#1393 = LINE ( 'NONE', #2475, #1013 ) ;
#1394 = EDGE_CURVE ( 'NONE', #2643, #984, #2570, .T. ) ;
#1395 = FACE_BOUND ( 'NONE', #4231, .T. ) ;
#1396 = CARTESIAN_POINT ( 'NONE',  ( -1.399999999999999689, 12.48000000000000220, 1.214306433183764720E-16 ) ) ;
#1397 = DIRECTION ( 'NONE',  ( 1.000000000000000000, 0.000000000000000000, -0.000000000000000000 ) ) ;
#1398 = DIRECTION ( 'NONE',  ( -1.000000000000000000, -0.000000000000000000, -0.000000000000000000 ) ) ;
#1399 = CARTESIAN_POINT ( 'NONE',  ( -7.376315971659660242, 0.1170008524356311586, -2.028498341950518480 ) ) ;
#1400 = ORIENTED_EDGE ( 'NONE', *, *, #1900, .T. ) ;
#1401 = CARTESIAN_POINT ( 'NONE',  ( 1.399999999999999689, 12.37137186834969604, -1.898837853159277334 ) ) ;
#1402 = CARTESIAN_POINT ( 'NONE',  ( -1.399999999999999911, 6.649999999999999467, 4.549999999999999822 ) ) ;
#1403 = ORIENTED_EDGE ( 'NONE', *, *, #1300, .F. ) ;
#1404 = DIRECTION ( 'NONE',  ( 0.000000000000000000, 0.000000000000000000, -1.000000000000000000 ) ) ;
#1405 = ORIENTED_EDGE ( 'NONE', *, *, #4174, .F. ) ;
#1406 = ORIENTED_EDGE ( 'NONE', *, *, #4298, .F. ) ;
#1407 = CARTESIAN_POINT ( 'NONE',  ( -6.361538942939636954, 7.517540966287275417, -2.000000000000000000 ) ) ;
#1408 = DIRECTION ( 'NONE',  ( 1.000000000000000000, 0.000000000000000000, 0.000000000000000000 ) ) ;
#1409 = ITEM_DEFINED_TRANSFORMATION ( 'NONE', 'NONE', #584,  #2550 ) ;
#1410 = DIRECTION ( 'NONE',  ( -1.000000000000000000, -0.000000000000000000, 0.000000000000000000 ) ) ;
#1411 = EDGE_CURVE ( 'NONE', #1456, #3837, #2918, .T. ) ;
#1412 = EDGE_CURVE ( 'NONE', #924, #631, #36, .T. ) ;
#1413 = VERTEX_POINT ( 'NONE', #2254 ) ;
#1414 = ORIENTED_EDGE ( 'NONE', *, *, #3653, .T. ) ;
#1415 = CARTESIAN_POINT ( 'NONE',  ( -3.405877273185284881, 1.676207172489686537, -6.849999999999997868 ) ) ;
#1416 = ORIENTED_EDGE ( 'NONE', *, *, #161, .T. ) ;
#1417 = CARTESIAN_POINT ( 'NONE',  ( -1.400000000000000133, 12.34999999999999964, 4.343903740188081564 ) ) ;
#1418 = CARTESIAN_POINT ( 'NONE',  ( -7.533730740244021007, 0.5047960600801331132, 0.6810832639800571409 ) ) ;
#1419 = DIRECTION ( 'NONE',  ( -0.000000000000000000, -0.000000000000000000, 1.000000000000000000 ) ) ;
#1420 = CARTESIAN_POINT ( 'NONE',  ( -1.380279994234274721, 6.500000000000000000, 4.549233012451844083 ) ) ;
#1421 = VERTEX_POINT ( 'NONE', #2298 ) ;
#1422 = CARTESIAN_POINT ( 'NONE',  ( -7.383935265155024297, 0.000000000000000000, -2.000000000000000000 ) ) ;
#1423 = DIRECTION ( 'NONE',  ( 0.000000000000000000, 0.000000000000000000, 1.000000000000000000 ) ) ;
#1424 = ORIENTED_EDGE ( 'NONE', *, *, #1621, .T. ) ;
#1425 = CYLINDRICAL_SURFACE ( 'NONE', #2534, 0.02000000000000053471 ) ;
#1426 = AXIS2_PLACEMENT_3D ( 'NONE', #1073, #3753, #1774 ) ;
#1427 = ORIENTED_EDGE ( 'NONE', *, *, #1459, .F. ) ;
#1428 = VERTEX_POINT ( 'NONE', #1288 ) ;
#1429 = CIRCLE ( 'NONE', #3876, 0.1700000000000000122 ) ;
#1430 = FACE_OUTER_BOUND ( 'NONE', #2969, .T. ) ;
#1431 = EDGE_CURVE ( 'NONE', #890, #2607, #1022, .T. ) ;
#1432 = FACE_OUTER_BOUND ( 'NONE', #2681, .T. ) ;
#1433 = FACE_OUTER_BOUND ( 'NONE', #1915, .T. ) ;
#1434 = DIRECTION ( 'NONE',  ( 1.000000000000000000, -0.000000000000000000, 0.000000000000000000 ) ) ;
#1435 =( GEOMETRIC_REPRESENTATION_CONTEXT ( 3 ) GLOBAL_UNCERTAINTY_ASSIGNED_CONTEXT ( ( #1271 ) ) GLOBAL_UNIT_ASSIGNED_CONTEXT ( ( #637, #1618, #3233 ) ) REPRESENTATION_CONTEXT ( 'NONE', 'WORKASPACE' ) );
#1436 = ORIENTED_EDGE ( 'NONE', *, *, #2616, .T. ) ;
#1437 = CARTESIAN_POINT ( 'NONE',  ( 6.861538942939637842, 7.517540966287275417, 2.000000000000000000 ) ) ;
#1438 = DIRECTION ( 'NONE',  ( 1.000000000000000000, 0.000000000000000000, 0.000000000000000000 ) ) ;
#1439 = CARTESIAN_POINT ( 'NONE',  ( -7.482246335626152600, 0.3633438209384808881, 1.604849254276476955 ) ) ;
#1440 = CARTESIAN_POINT ( 'NONE',  ( 10.02391857076032800, 7.346530894624442531, 2.000000000000000000 ) ) ;
#1441 = CARTESIAN_POINT ( 'NONE',  ( 0.000000000000000000, 6.649999999999999467, -4.549999999999999822 ) ) ;
#1442 = ADVANCED_FACE ( 'NONE', ( #3953 ), #1607, .T. ) ;
#1443 = ORIENTED_EDGE ( 'NONE', *, *, #1731, .F. ) ;
#1444 = CIRCLE ( 'NONE', #3887, 0.1299999999999998934 ) ;
#1445 = PLANE ( 'NONE',  #2574 ) ;
#1446 = DIRECTION ( 'NONE',  ( 1.000000000000000000, 0.000000000000000000, 0.000000000000000000 ) ) ;
#1447 = EDGE_LOOP ( 'NONE', ( #3710, #94, #4182, #2687 ) ) ;
#1448 = VERTEX_POINT ( 'NONE', #961 ) ;
#1449 = EDGE_LOOP ( 'NONE', ( #3190, #1515, #3859, #3642 ) ) ;
#1450 = CARTESIAN_POINT ( 'NONE',  ( 1.393823247546297939, 6.500000000000000000, 4.508834952051935296 ) ) ;
#1451 = AXIS2_PLACEMENT_3D ( 'NONE', #4295, #1295, #590 ) ;
#1452 = DIRECTION ( 'NONE',  ( 1.000000000000000000, 2.168404344971008252E-17, 8.673617379884035472E-17 ) ) ;
#1453 = CARTESIAN_POINT ( 'NONE',  ( 1.399999999999999689, 6.500000000000000000, -4.483107698211994396 ) ) ;
#1454 = CARTESIAN_POINT ( 'NONE',  ( 1.399999999999999689, 12.34999999999999964, -2.027069063257456172 ) ) ;
#1455 = AXIS2_PLACEMENT_3D ( 'NONE', #181, #1809, #2188 ) ;
#1456 = VERTEX_POINT ( 'NONE', #1220 ) ;
#1457 = DIRECTION ( 'NONE',  ( -0.000000000000000000, -0.000000000000000000, 1.000000000000000000 ) ) ;
#1458 = TOROIDAL_SURFACE ( 'NONE', #3769, 0.1699999999999999845, 0.02000000000000000042 ) ;
#1459 = EDGE_CURVE ( 'NONE', #2958, #1035, #4245, .T. ) ;
#1460 = VECTOR ( 'NONE', #2720, 999.9999999999998863 ) ;
#1461 = CYLINDRICAL_SURFACE ( 'NONE', #3419, 0.5000000000000004441 ) ;
#1462 = DIRECTION ( 'NONE',  ( 1.000000000000000000, 2.168404344971008252E-17, 8.673617379884035472E-17 ) ) ;
#1463 = PLANE ( 'NONE',  #3119 ) ;
#1464 = VECTOR ( 'NONE', #2095, 1000.000000000000000 ) ;
#1465 = EDGE_CURVE ( 'NONE', #2661, #1202, #874, .T. ) ;
#1466 = DIRECTION ( 'NONE',  ( 0.000000000000000000, 1.000000000000000000, 0.000000000000000000 ) ) ;
#1467 = EDGE_CURVE ( 'NONE', #1007, #924, #196, .T. ) ;
#1468 = VERTEX_POINT ( 'NONE', #4307 ) ;
#1469 = EDGE_CURVE ( 'NONE', #3059, #1969, #1308, .T. ) ;
#1470 = CARTESIAN_POINT ( 'NONE',  ( -3.055708360304932203, 1.499999999999999556, 7.013831087634018857 ) ) ;
#1471 = EDGE_CURVE ( 'NONE', #4201, #219, #921, .T. ) ;
#1472 = CARTESIAN_POINT ( 'NONE',  ( 7.452996289106397221, 2.684889987237036508E-10, 1.726772715322915985 ) ) ;
#1473 = ADVANCED_FACE ( 'NONE', ( #2933 ), #4286, .T. ) ;
#1474 = VERTEX_POINT ( 'NONE', #3557 ) ;
#1475 = ORIENTED_EDGE ( 'NONE', *, *, #1608, .T. ) ;
#1476 = ORIENTED_EDGE ( 'NONE', *, *, #2423, .T. ) ;
#1477 = EDGE_LOOP ( 'NONE', ( #3064, #2301, #1144, #3844 ) ) ;
#1478 = FILL_AREA_STYLE ('',( #4142 ) ) ;
#1479 = DIRECTION ( 'NONE',  ( 1.000000000000000000, 2.168404344971008252E-17, -8.673617379884035472E-17 ) ) ;
#1480 = CARTESIAN_POINT ( 'NONE',  ( 1.399999999999999689, 12.34999999999999964, -4.343903740188082452 ) ) ;
#1481 = CARTESIAN_POINT ( 'NONE',  ( -1.380000000000000115, 11.43165542625050435, 5.400000000000000355 ) ) ;
#1482 = DIRECTION ( 'NONE',  ( 0.000000000000000000, 0.000000000000000000, -1.000000000000000000 ) ) ;
#1483 = LINE ( 'NONE', #2194, #3019 ) ;
#1484 = B_SPLINE_CURVE_WITH_KNOTS ( 'NONE', 3,
 ( #2750, #3467, #3036, #2387, #361, #3421, #4089, #3728, #765, #4046 ),
 .UNSPECIFIED., .F., .F.,
 ( 4, 3, 3, 4 ),
 ( 1.084202172485504434E-19, 3.932309463598251140E-05, 8.009671586239517325E-05, 8.254620561176634732E-05 ),
 .UNSPECIFIED. ) ;
#1485 = VERTEX_POINT ( 'NONE', #3935 ) ;
#1486 = EDGE_LOOP ( 'NONE', ( #647, #3716, #482, #1632, #169, #3041 ) ) ;
#1487 = DIRECTION ( 'NONE',  ( 3.564834783817703950E-17, -0.9863939238321437486, -0.1643989873053572637 ) ) ;
#1488 = AXIS2_PLACEMENT_3D ( 'NONE', #3974, #665, #4038 ) ;
#1489 = DIRECTION ( 'NONE',  ( -1.000000000000000000, -0.000000000000000000, -0.000000000000000000 ) ) ;
#1490 = LINE ( 'NONE', #1231, #1361 ) ;
#1491 = ORIENTED_EDGE ( 'NONE', *, *, #2168, .T. ) ;
#1492 = CARTESIAN_POINT ( 'NONE',  ( 1.399999999999999689, 0.000000000000000000, 0.000000000000000000 ) ) ;
#1493 = EDGE_CURVE ( 'NONE', #1894, #1551, #881, .T. ) ;
#1494 = DIRECTION ( 'NONE',  ( 0.000000000000000000, 0.000000000000000000, -1.000000000000000000 ) ) ;
#1495 = ORIENTED_EDGE ( 'NONE', *, *, #3400, .F. ) ;
#1496 = EDGE_CURVE ( 'NONE', #345, #2771, #4015, .T. ) ;
#1497 = ORIENTED_EDGE ( 'NONE', *, *, #1978, .F. ) ;
#1498 = DIRECTION ( 'NONE',  ( 0.000000000000000000, -0.000000000000000000, -1.000000000000000000 ) ) ;
#1499 = EDGE_CURVE ( 'NONE', #3927, #3860, #3198, .T. ) ;
#1500 = CARTESIAN_POINT ( 'NONE',  ( 0.000000000000000000, 0.000000000000000000, 2.000000000000000000 ) ) ;
#1501 = CARTESIAN_POINT ( 'NONE',  ( -7.228014483236737971E-16, -1.000000000000000000, 0.000000000000000000 ) ) ;
#1502 = CIRCLE ( 'NONE', #2472, 0.5000000000000004441 ) ;
#1503 = CARTESIAN_POINT ( 'NONE',  ( -1.400000000000000133, 8.759938365018300033, -4.438449618462786184 ) ) ;
#1504 = PLANE ( 'NONE',  #3587 ) ;
#1505 = CIRCLE ( 'NONE', #513, 7.649999999999999467 ) ;
#1506 = PLANE ( 'NONE',  #3066 ) ;
#1507 = AXIS2_PLACEMENT_3D ( 'NONE', #2732, #1787, #409 ) ;
#1508 = ORIENTED_EDGE ( 'NONE', *, *, #932, .T. ) ;
#1509 = CARTESIAN_POINT ( 'NONE',  ( -1.380560112054759037, 6.500000000000000000, -4.548466070008426065 ) ) ;
#1510 = DIRECTION ( 'NONE',  ( -1.000000000000000000, -2.168404344971008252E-17, -8.673617379884035472E-17 ) ) ;
#1511 = DIRECTION ( 'NONE',  ( -1.000000000000000000, 1.734723475976807094E-15, 0.000000000000000000 ) ) ;
#1512 = ORIENTED_EDGE ( 'NONE', *, *, #1746, .F. ) ;
#1513 = CARTESIAN_POINT ( 'NONE',  ( -10.05407226036737356, 7.517540966287277193, -2.000000000000000000 ) ) ;
#1514 = DIRECTION ( 'NONE',  ( 1.000000000000000000, 0.000000000000000000, 0.000000000000000000 ) ) ;
#1515 = ORIENTED_EDGE ( 'NONE', *, *, #2828, .T. ) ;
#1516 =( NAMED_UNIT ( * ) SI_UNIT ( $, .STERADIAN. ) SOLID_ANGLE_UNIT ( ) );
#1517 = CARTESIAN_POINT ( 'NONE',  ( 1.399999999999999689, 12.34999999999999964, 4.343903740188081564 ) ) ;
#1518 = CARTESIAN_POINT ( 'NONE',  ( 0.000000000000000000, 0.000000000000000000, 0.000000000000000000 ) ) ;
#1519 = AXIS2_PLACEMENT_3D ( 'NONE', #392, #3796, #3137 ) ;
#1520 = DIRECTION ( 'NONE',  ( 0.000000000000000000, -0.000000000000000000, 1.000000000000000000 ) ) ;
#1521 = ADVANCED_FACE ( 'NONE', ( #1020 ), #2361, .F. ) ;
#1522 = ORIENTED_EDGE ( 'NONE', *, *, #4196, .F. ) ;
#1523 = VERTEX_POINT ( 'NONE', #4065 ) ;
#1524 = DIRECTION ( 'NONE',  ( 0.000000000000000000, 0.000000000000000000, -1.000000000000000000 ) ) ;
#1525 = EDGE_CURVE ( 'NONE', #520, #235, #1594, .T. ) ;
#1526 = VECTOR ( 'NONE', #3594, 1000.000000000000000 ) ;
#1527 = EDGE_LOOP ( 'NONE', ( #3401, #3550, #3816, #3811 ) ) ;
#1528 = DIRECTION ( 'NONE',  ( -8.673617379884035472E-17, -1.880790961315659671E-33, -1.000000000000000000 ) ) ;
#1529 = ORIENTED_EDGE ( 'NONE', *, *, #1683, .F. ) ;
#1530 = TOROIDAL_SURFACE ( 'NONE', #3131, 0.1299999999999999767, 0.02000000000000000042 ) ;
#1531 = CARTESIAN_POINT ( 'NONE',  ( 0.000000000000000000, 0.000000000000000000, 0.000000000000000000 ) ) ;
#1532 = DIRECTION ( 'NONE',  ( 0.000000000000000000, -0.000000000000000000, -1.000000000000000000 ) ) ;
#1533 = AXIS2_PLACEMENT_3D ( 'NONE', #1760, #2518, #3078 ) ;
#1534 = CARTESIAN_POINT ( 'NONE',  ( -7.494715117726482134, 0.3976015182072279996, -1.479548475490227943 ) ) ;
#1535 = VERTEX_POINT ( 'NONE', #999 ) ;
#1536 = DIRECTION ( 'NONE',  ( 0.000000000000000000, -0.6561787149247864104, -0.7546055221635050714 ) ) ;
#1537 = CIRCLE ( 'NONE', #2644, 0.1499999999999999667 ) ;
#1538 = AXIS2_PLACEMENT_3D ( 'NONE', #2840, #883, #3861 ) ;
#1539 = CARTESIAN_POINT ( 'NONE',  ( 7.379387821592866104, 9.486769009248163798E-17, 2.016714005139765842 ) ) ;
#1540 = VERTEX_POINT ( 'NONE', #1065 ) ;
#1541 = CIRCLE ( 'NONE', #2503, 0.1499999999999999667 ) ;
#1542 = SURFACE_STYLE_FILL_AREA ( #2457 ) ;
#1543 = CARTESIAN_POINT ( 'NONE',  ( 7.383935265155024297, 0.2500000000000000000, 2.000000000000000000 ) ) ;
#1544 = DIRECTION ( 'NONE',  ( -0.000000000000000000, -0.9863939238321437486, 0.1643989873053572637 ) ) ;
#1545 = CARTESIAN_POINT ( 'NONE',  ( -1.380000000000000115, 11.52975414413175947, -5.485303232940222706 ) ) ;
#1546 = ORIENTED_EDGE ( 'NONE', *, *, #1765, .T. ) ;
#1547 = EDGE_LOOP ( 'NONE', ( #1552, #75, #2334, #2936 ) ) ;
#1548 = DIRECTION ( 'NONE',  ( 0.000000000000000000, 0.000000000000000000, 1.000000000000000000 ) ) ;
#1549 = EDGE_CURVE ( 'NONE', #2112, #2842, #2404, .T. ) ;
#1550 = ADVANCED_FACE ( 'NONE', ( #3395 ), #1740, .F. ) ;
#1551 = VERTEX_POINT ( 'NONE', #3418 ) ;
#1552 = ORIENTED_EDGE ( 'NONE', *, *, #3886, .F. ) ;
#1553 = VECTOR ( 'NONE', #1342, 1000.000000000000000 ) ;
#1554 = CARTESIAN_POINT ( 'NONE',  ( 0.000000000000000000, 2.000000000000000000, 0.000000000000000000 ) ) ;
#1555 = CARTESIAN_POINT ( 'NONE',  ( 1.379999999999999671, 6.625340151904196340, 0.9208900253173660788 ) ) ;
#1556 = CARTESIAN_POINT ( 'NONE',  ( -7.532847614291509508, 0.5023696914670756630, -0.7459926950343651608 ) ) ;
#1557 = EDGE_LOOP ( 'NONE', ( #3115, #1863, #2761 ) ) ;
#1558 = ORIENTED_EDGE ( 'NONE', *, *, #3400, .T. ) ;
#1559 = DIRECTION ( 'NONE',  ( 0.000000000000000000, 0.000000000000000000, -1.000000000000000000 ) ) ;
#1560 = CARTESIAN_POINT ( 'NONE',  ( 7.369890201176988676, 0.05464787860219016274, 2.080143912187205402 ) ) ;
#1561 = CARTESIAN_POINT ( 'NONE',  ( 1.399999999999999689, 9.670245855868246920, -5.485303232940223594 ) ) ;
#1562 = CARTESIAN_POINT ( 'NONE',  ( 7.403329681514314586, 0.1465220957473257202, -1.999999999999999556 ) ) ;
#1563 = PLANE ( 'NONE',  #3528 ) ;
#1564 = DIRECTION ( 'NONE',  ( 0.000000000000000000, -1.000000000000000000, 0.000000000000000000 ) ) ;
#1565 = LINE ( 'NONE', #4290, #2606 ) ;
#1566 = ORIENTED_EDGE ( 'NONE', *, *, #3793, .T. ) ;
#1567 = PRODUCT ( 'EndEffector', 'EndEffector', '', ( #4096 ) ) ;
#1568 = EDGE_CURVE ( 'NONE', #65, #2064, #3689, .T. ) ;
#1569 = ORIENTED_EDGE ( 'NONE', *, *, #3125, .F. ) ;
#1570 = DIRECTION ( 'NONE',  ( 0.000000000000000000, 0.000000000000000000, -1.000000000000000000 ) ) ;
#1571 = VECTOR ( 'NONE', #2543, 1000.000000000000000 ) ;
#1572 = ORIENTED_EDGE ( 'NONE', *, *, #1525, .F. ) ;
#1573 = ORIENTED_EDGE ( 'NONE', *, *, #1357, .F. ) ;
#1574 = CARTESIAN_POINT ( 'NONE',  ( -7.349999999999996980, 15.03508193257455083, 2.000000000000000000 ) ) ;
#1575 = VECTOR ( 'NONE', #2800, 1000.000000000000000 ) ;
#1576 =( NAMED_UNIT ( * ) SI_UNIT ( $, .STERADIAN. ) SOLID_ANGLE_UNIT ( ) );
#1577 = VERTEX_POINT ( 'NONE', #1046 ) ;
#1578 = LINE ( 'NONE', #3552, #2776 ) ;
#1579 = EDGE_CURVE ( 'NONE', #436, #2777, #3647, .T. ) ;
#1580 = ORIENTED_EDGE ( 'NONE', *, *, #3800, .T. ) ;
#1581 = CARTESIAN_POINT ( 'NONE',  ( 3.354592426478618439, 1.601480656498023070, -6.875287884091610735 ) ) ;
#1582 = PLANE ( 'NONE',  #796 ) ;
#1583 = CARTESIAN_POINT ( 'NONE',  ( -3.405877273185280885, 1.499999999999999556, 7.049999999999999822 ) ) ;
#1584 = AXIS2_PLACEMENT_3D ( 'NONE', #2896, #1899, #207 ) ;
#1585 = ORIENTED_EDGE ( 'NONE', *, *, #1103, .T. ) ;
#1586 = VERTEX_POINT ( 'NONE', #66 ) ;
#1587 = AXIS2_PLACEMENT_3D ( 'NONE', #2724, #733, #854 ) ;
#1588 = CARTESIAN_POINT ( 'NONE',  ( -7.349999999999999645, 0.000000000000000000, 2.000000000000000000 ) ) ;
#1589 = CARTESIAN_POINT ( 'NONE',  ( -7.436007011109963649, 0.2363023209394108926, 1.964184266446189708 ) ) ;
#1590 = VERTEX_POINT ( 'NONE', #3979 ) ;
#1591 = PRESENTATION_LAYER_ASSIGNMENT (  '', '', ( #2768 ) ) ;
#1592 = ORIENTED_EDGE ( 'NONE', *, *, #2378, .T. ) ;
#1593 = DIRECTION ( 'NONE',  ( -0.000000000000000000, -1.000000000000000000, -0.000000000000000000 ) ) ;
#1594 = CIRCLE ( 'NONE', #4028, 0.01999999999999999695 ) ;
#1595 = SHAPE_REPRESENTATION_RELATIONSHIP ( 'NONE' , 'NONE' ,  #769, #3217 ) ;
#1596 = CARTESIAN_POINT ( 'NONE',  ( -7.552660848796761250, -2.433427031213392529E-10, -1.228840042184875969 ) ) ;
#1597 = AXIS2_PLACEMENT_3D ( 'NONE', #3252, #935, #1972 ) ;
#1598 = CARTESIAN_POINT ( 'NONE',  ( -1.380000000000000115, 6.649999999999999467, 4.549999999999999822 ) ) ;
#1599 = EDGE_CURVE ( 'NONE', #120, #2903, #1338, .T. ) ;
#1600 = CARTESIAN_POINT ( 'NONE',  ( 7.409233932320471894, 0.1627438915160022981, -1.691478712282308061 ) ) ;
#1601 = AXIS2_PLACEMENT_3D ( 'NONE', #4341, #1298, #3296 ) ;
#1602 = EDGE_CURVE ( 'NONE', #2993, #1413, #180, .T. ) ;
#1603 = DIRECTION ( 'NONE',  ( -0.000000000000000000, 0.000000000000000000, -1.000000000000000000 ) ) ;
#1604 = ADVANCED_FACE ( 'NONE', ( #1995 ), #3324, .T. ) ;
#1605 = ORIENTED_EDGE ( 'NONE', *, *, #1748, .F. ) ;
#1606 = AXIS2_PLACEMENT_3D ( 'NONE', #2573, #3921, #1570 ) ;
#1607 = CYLINDRICAL_SURFACE ( 'NONE', #2498, 0.01999999999999999001 ) ;
#1608 = EDGE_CURVE ( 'NONE', #1694, #4153, #2040, .T. ) ;
#1609 = DIRECTION ( 'NONE',  ( 0.000000000000000000, -0.9863939238321438596, -0.1643989873053572914 ) ) ;
#1610 = DIRECTION ( 'NONE',  ( -1.000000000000000000, 0.000000000000000000, 0.000000000000000000 ) ) ;
#1611 = EDGE_LOOP ( 'NONE', ( #93, #2258, #2106, #3157 ) ) ;
#1612 = ORIENTED_EDGE ( 'NONE', *, *, #3870, .T. ) ;
#1613 = CARTESIAN_POINT ( 'NONE',  ( 3.301579660418290096, 1.563075121266647605, 6.900987060043524579 ) ) ;
#1614 = CARTESIAN_POINT ( 'NONE',  ( -7.414874592711878876, 6.789967045038068551E-11, 1.882423207858460845 ) ) ;
#1615 = ORIENTED_EDGE ( 'NONE', *, *, #1910, .T. ) ;
#1616 = CARTESIAN_POINT ( 'NONE',  ( -1.399999999999999911, 12.48000000000000220, -2.027069063257456172 ) ) ;
#1617 = CARTESIAN_POINT ( 'NONE',  ( 1.379999999999999671, 12.34999999999999964, 2.027069063257455728 ) ) ;
#1618 =( NAMED_UNIT ( * ) PLANE_ANGLE_UNIT ( ) SI_UNIT ( $, .RADIAN. ) );
#1619 = CARTESIAN_POINT ( 'NONE',  ( -7.552481826758180361, -1.914116703346431635E-10, 1.230020525592215419 ) ) ;
#1620 = ORIENTED_EDGE ( 'NONE', *, *, #4060, .F. ) ;
#1621 = EDGE_CURVE ( 'NONE', #984, #739, #3727, .T. ) ;
#1622 = LINE ( 'NONE', #3588, #2092 ) ;
#1623 = CYLINDRICAL_SURFACE ( 'NONE', #4081, 0.01999999999999999001 ) ;
#1624 = CARTESIAN_POINT ( 'NONE',  ( 1.385521695682327969, 6.500000000000000000, -0.7880629224027728696 ) ) ;
#1625 = CARTESIAN_POINT ( 'NONE',  ( 11.32239551690265777, 4.121014948741660966, -2.000000000000000000 ) ) ;
#1626 = EDGE_LOOP ( 'NONE', ( #3330, #4049, #2891, #3452 ) ) ;
#1627 = CARTESIAN_POINT ( 'NONE',  ( 7.538971712762288391, 0.5191955137300544587, 0.3410266831823867695 ) ) ;
#1628 = ADVANCED_FACE ( 'NONE', ( #3373 ), #360, .F. ) ;
#1629 = CARTESIAN_POINT ( 'NONE',  ( -10.02391857076032800, 7.688551037950110079, 2.000000000000000000 ) ) ;
#1630 = DIRECTION ( 'NONE',  ( -0.000000000000000000, -0.9863939238321437486, -0.1643989873053572637 ) ) ;
#1631 = CARTESIAN_POINT ( 'NONE',  ( -1.400000000000000577, 11.54484625457503100, -5.498426807238717906 ) ) ;
#1632 = ORIENTED_EDGE ( 'NONE', *, *, #3094, .T. ) ;
#1633 = ORIENTED_EDGE ( 'NONE', *, *, #218, .F. ) ;
#1634 = CARTESIAN_POINT ( 'NONE',  ( 1.379999999999999671, 12.34999999999999964, -2.027069063257456172 ) ) ;
#1635 = DIRECTION ( 'NONE',  ( -8.673617379884035472E-17, -1.880790961315659329E-33, -1.000000000000000000 ) ) ;
#1636 = DIRECTION ( 'NONE',  ( 0.000000000000000000, 0.000000000000000000, -1.000000000000000000 ) ) ;
#1637 = CARTESIAN_POINT ( 'NONE',  ( -1.380000000000000115, 11.43165542625050612, -5.549999999999999822 ) ) ;
#1638 = DIRECTION ( 'NONE',  ( -0.3420201433256660484, -0.9396926207859094271, 0.000000000000000000 ) ) ;
#1639 = CIRCLE ( 'NONE', #2609, 0.1499999999999999667 ) ;
#1640 = ORIENTED_EDGE ( 'NONE', *, *, #3361, .F. ) ;
#1641 = CIRCLE ( 'NONE', #650, 0.1499999999999999667 ) ;
#1642 = DIRECTION ( 'NONE',  ( 0.000000000000000000, 0.000000000000000000, 1.000000000000000000 ) ) ;
#1643 = CARTESIAN_POINT ( 'NONE',  ( 7.379464128293512282, 8.131516293641283255E-17, -2.016434769396036497 ) ) ;
#1644 = CARTESIAN_POINT ( 'NONE',  ( 1.397319086605161687, 6.500000000000000000, -0.8267289123675667373 ) ) ;
#1645 =( GEOMETRIC_REPRESENTATION_CONTEXT ( 3 ) GLOBAL_UNCERTAINTY_ASSIGNED_CONTEXT ( ( #3117 ) ) GLOBAL_UNIT_ASSIGNED_CONTEXT ( ( #3609, #914, #1951 ) ) REPRESENTATION_CONTEXT ( 'NONE', 'WORKASPACE' ) );
#1646 = ORIENTED_EDGE ( 'NONE', *, *, #2983, .T. ) ;
#1647 = CARTESIAN_POINT ( 'NONE',  ( 7.454892465695121651, 0.2881896809682626959, -1.847607302768657034 ) ) ;
#1648 = DIRECTION ( 'NONE',  ( -1.000000000000000000, 0.000000000000000000, 0.000000000000000000 ) ) ;
#1649 = ORIENTED_EDGE ( 'NONE', *, *, #819, .F. ) ;
#1650 = ORIENTED_EDGE ( 'NONE', *, *, #3230, .F. ) ;
#1651 = CARTESIAN_POINT ( 'NONE',  ( 3.397045344066838890, 1.653845617810561608, 6.854399480517453291 ) ) ;
#1652 = EDGE_CURVE ( 'NONE', #2038, #3751, #1230, .T. ) ;
#1653 = ADVANCED_FACE ( 'NONE', ( #2469 ), #1530, .T. ) ;
#1654 = CIRCLE ( 'NONE', #2764, 0.1299999999999998934 ) ;
#1655 = VERTEX_POINT ( 'NONE', #454 ) ;
#1656 = CYLINDRICAL_SURFACE ( 'NONE', #174, 0.1499999999999999667 ) ;
#1657 = EDGE_CURVE ( 'NONE', #4071, #2537, #1868, .T. ) ;
#1658 = CARTESIAN_POINT ( 'NONE',  ( 3.967458001469042816, 0.01856560917443259712, -2.136458751068953443 ) ) ;
#1659 = CARTESIAN_POINT ( 'NONE',  ( 1.379999999999999671, 6.500000000000000000, 0.7729309367425446498 ) ) ;
#1660 = VECTOR ( 'NONE', #3674, 1000.000000000000000 ) ;
#1661 = AXIS2_PLACEMENT_3D ( 'NONE', #2265, #1886, #1635 ) ;
#1662 = DIRECTION ( 'NONE',  ( 1.000000000000000000, 0.000000000000000000, 0.000000000000000000 ) ) ;
#1663 = FACE_OUTER_BOUND ( 'NONE', #2941, .T. ) ;
#1664 = CARTESIAN_POINT ( 'NONE',  ( -1.000000000000000222, 2.000000000000000000, 0.000000000000000000 ) ) ;
#1665 = DIRECTION ( 'NONE',  ( 1.000000000000000000, -0.000000000000000000, 0.000000000000000000 ) ) ;
#1666 = DIRECTION ( 'NONE',  ( 1.000000000000000000, 2.168404344971008252E-17, -8.673617379884035472E-17 ) ) ;
#1667 = VECTOR ( 'NONE', #4343, 1000.000000000000000 ) ;
#1668 = ORIENTED_EDGE ( 'NONE', *, *, #1321, .F. ) ;
#1669 = CARTESIAN_POINT ( 'NONE',  ( -7.349960982113143082, 0.02549723022507590850, 2.122012434776380907 ) ) ;
#1670 = CIRCLE ( 'NONE', #1601, 0.4999999999999995559 ) ;
#1671 = DIRECTION ( 'NONE',  ( -0.000000000000000000, -1.000000000000000000, -0.000000000000000000 ) ) ;
#1672 = CARTESIAN_POINT ( 'NONE',  ( -1.380000000000000338, 9.281463325509363926, -8.070837674355974656 ) ) ;
#1673 = CIRCLE ( 'NONE', #4040, 0.1499999999999999667 ) ;
#1674 = EDGE_LOOP ( 'NONE', ( #456, #3489, #453, #3408 ) ) ;
#1675 = PRODUCT_DEFINITION_SHAPE ( 'NONE', 'NONE',  #2889 ) ;
#1676 = ORIENTED_EDGE ( 'NONE', *, *, #2168, .F. ) ;
#1677 = DIRECTION ( 'NONE',  ( -1.000000000000000000, -0.000000000000000000, -0.000000000000000000 ) ) ;
#1678 = AXIS2_PLACEMENT_3D ( 'NONE', #439, #2137, #730 ) ;
#1679 = ORIENTED_EDGE ( 'NONE', *, *, #136, .F. ) ;
#1680 = CARTESIAN_POINT ( 'NONE',  ( -4.190529417857099759, 0.1636638533615086821, -2.000000000000000000 ) ) ;
#1681 = EDGE_CURVE ( 'NONE', #135, #1535, #4114, .T. ) ;
#1682 = LINE ( 'NONE', #2377, #3270 ) ;
#1683 = EDGE_CURVE ( 'NONE', #2883, #3059, #3788, .T. ) ;
#1684 = DIRECTION ( 'NONE',  ( 1.000000000000000000, 0.000000000000000000, 0.000000000000000000 ) ) ;
#1685 = CARTESIAN_POINT ( 'NONE',  ( 0.000000000000000000, 6.500000000000000000, 0.7729309367425446498 ) ) ;
#1686 = CARTESIAN_POINT ( 'NONE',  ( 1.379999999999999671, 6.625340151904196340, -0.9208900253173660788 ) ) ;
#1687 = CARTESIAN_POINT ( 'NONE',  ( 1.156482317317871725E-16, 0.000000000000000000, 1.000000000000000000 ) ) ;
#1688 = CARTESIAN_POINT ( 'NONE',  ( -7.311634564172364570, 0.000000000000000000, -2.250000000000000444 ) ) ;
#1689 = VERTEX_POINT ( 'NONE', #3853 ) ;
#1690 = CARTESIAN_POINT ( 'NONE',  ( -1.379999999999999671, 12.50000000000000000, 1.196959198423996649E-16 ) ) ;
#1691 = CARTESIAN_POINT ( 'NONE',  ( -7.383935265155257888, 0.1825194685362763747, 1.999999999999814815 ) ) ;
#1692 = VECTOR ( 'NONE', #1879, 1000.000000000000114 ) ;
#1693 = CARTESIAN_POINT ( 'NONE',  ( 3.807362913467409626, 0.000000000000000000, 0.000000000000000000 ) ) ;
#1694 = VERTEX_POINT ( 'NONE', #2493 ) ;
#1695 = DIRECTION ( 'NONE',  ( 0.000000000000000000, 0.7546055221635206145, 0.6561787149247685358 ) ) ;
#1696 = ORIENTED_EDGE ( 'NONE', *, *, #2792, .T. ) ;
#1697 = ORIENTED_EDGE ( 'NONE', *, *, #2245, .F. ) ;
#1698 = LINE ( 'NONE', #1983, #2516 ) ;
#1699 = CARTESIAN_POINT ( 'NONE',  ( 1.399999999999999689, 6.500000000000000000, -4.469999999999999751 ) ) ;
#1700 = AXIS2_PLACEMENT_3D ( 'NONE', #1141, #465, #1520 ) ;
#1701 = EDGE_CURVE ( 'NONE', #3184, #3262, #3694, .T. ) ;
#1702 = EDGE_LOOP ( 'NONE', ( #3621, #3144, #4276, #3881, #3398, #1835, #1424, #2001, #4121, #1491, #2571, #3170, #3354, #2614 ) ) ;
#1703 = DIRECTION ( 'NONE',  ( 0.000000000000000000, -0.000000000000000000, -1.000000000000000000 ) ) ;
#1704 = CARTESIAN_POINT ( 'NONE',  ( 4.190525696202573869, 0.1636574072667806856, -1.999999999999999112 ) ) ;
#1705 = AXIS2_PLACEMENT_3D ( 'NONE', #2502, #523, #3841 ) ;
#1706 = LINE ( 'NONE', #4300, #709 ) ;
#1707 = CARTESIAN_POINT ( 'NONE',  ( -1.379999999999999893, 12.37137186834969604, -1.898837853159276667 ) ) ;
#1708 = DIRECTION ( 'NONE',  ( 0.000000000000000000, -0.000000000000000000, 1.000000000000000000 ) ) ;
#1709 = CARTESIAN_POINT ( 'NONE',  ( -1.397319086605161909, 6.500000000000000000, 4.496202024374977846 ) ) ;
#1710 = CARTESIAN_POINT ( 'NONE',  ( -1.400000000000000133, 8.631655426250501861, 4.379999999999999893 ) ) ;
#1711 = VERTEX_POINT ( 'NONE', #850 ) ;
#1712 = DIRECTION ( 'NONE',  ( -2.168404344971008868E-16, 0.000000000000000000, -1.000000000000000000 ) ) ;
#1713 = EDGE_CURVE ( 'NONE', #2911, #966, #1819, .T. ) ;
#1714 = CARTESIAN_POINT ( 'NONE',  ( 1.379999999999999671, 6.622052172158088723, 0.9406179037940093357 ) ) ;
#1715 = AXIS2_PLACEMENT_3D ( 'NONE', #3173, #541, #519 ) ;
#1716 = VERTEX_POINT ( 'NONE', #787 ) ;
#1717 = CARTESIAN_POINT ( 'NONE',  ( 10.02391857076032800, 7.346530894624442531, 2.000000000000000000 ) ) ;
#1718 = EDGE_CURVE ( 'NONE', #2368, #259, #4088, .T. ) ;
#1719 = EDGE_LOOP ( 'NONE', ( #1400, #3593, #1071, #1620 ) ) ;
#1720 =( GEOMETRIC_REPRESENTATION_CONTEXT ( 3 ) GLOBAL_UNCERTAINTY_ASSIGNED_CONTEXT ( ( #4255 ) ) GLOBAL_UNIT_ASSIGNED_CONTEXT ( ( #2600, #930, #1576 ) ) REPRESENTATION_CONTEXT ( 'NONE', 'WORKASPACE' ) );
#1721 = ORIENTED_EDGE ( 'NONE', *, *, #852, .F. ) ;
#1722 = DIRECTION ( 'NONE',  ( -1.000000000000000000, -0.000000000000000000, -0.000000000000000000 ) ) ;
#1723 = DIRECTION ( 'NONE',  ( 1.000000000000000000, 0.000000000000000000, 0.000000000000000000 ) ) ;
#1724 = CARTESIAN_POINT ( 'NONE',  ( 1.380279994234274277, 6.500000000000000000, -4.549233012451844083 ) ) ;
#1725 = EDGE_LOOP ( 'NONE', ( #2014, #3156, #1317, #2127 ) ) ;
#1726 = DIRECTION ( 'NONE',  ( 0.000000000000000000, 0.000000000000000000, -1.000000000000000000 ) ) ;
#1727 = CARTESIAN_POINT ( 'NONE',  ( 3.807362913467409626, 0.000000000000000000, -2.250000000000000444 ) ) ;
#1728 = CARTESIAN_POINT ( 'NONE',  ( -7.404456952025153527, 0.1496192460214738618, 1.776876271480214209 ) ) ;
#1729 = CIRCLE ( 'NONE', #2003, 0.5000000000000000000 ) ;
#1730 = DIRECTION ( 'NONE',  ( 0.000000000000000000, 0.000000000000000000, 1.000000000000000000 ) ) ;
#1731 = EDGE_CURVE ( 'NONE', #924, #1523, #432, .T. ) ;
#1732 = VECTOR ( 'NONE', #2654, 1000.000000000000000 ) ;
#1733 = CARTESIAN_POINT ( 'NONE',  ( 6.490213328462258069, -2.362244465598015708, 2.000000000000000000 ) ) ;
#1734 = CARTESIAN_POINT ( 'NONE',  ( 1.399999999999999689, 11.52975414413175947, 5.485303232940220930 ) ) ;
#1735 = CARTESIAN_POINT ( 'NONE',  ( 0.000000000000000000, 0.000000000000000000, 0.000000000000000000 ) ) ;
#1736 = ORIENTED_EDGE ( 'NONE', *, *, #1321, .T. ) ;
#1737 = VECTOR ( 'NONE', #1974, 1000.000000000000000 ) ;
#1738 = ADVANCED_FACE ( 'NONE', ( #3529 ), #2774, .T. ) ;
#1739 = DIRECTION ( 'NONE',  ( -0.000000000000000000, -1.000000000000000000, -0.000000000000000000 ) ) ;
#1740 = CYLINDRICAL_SURFACE ( 'NONE', #2087, 0.1999999999999996503 ) ;
#1741 = EDGE_CURVE ( 'NONE', #68, #3524, #2823, .T. ) ;
#1742 = FACE_OUTER_BOUND ( 'NONE', #3444, .T. ) ;
#1743 = AXIS2_PLACEMENT_3D ( 'NONE', #3084, #979, #3035 ) ;
#1744 = ORIENTED_EDGE ( 'NONE', *, *, #2740, .T. ) ;
#1745 = CARTESIAN_POINT ( 'NONE',  ( -1.399999999999999689, 6.500000000000000000, -0.8529309367425446098 ) ) ;
#1746 = EDGE_CURVE ( 'NONE', #3378, #526, #2749, .T. ) ;
#1747 = EDGE_LOOP ( 'NONE', ( #3024, #2531, #1292, #772 ) ) ;
#1748 = EDGE_CURVE ( 'NONE', #2778, #2289, #128, .T. ) ;
#1749 = VECTOR ( 'NONE', #1368, 1000.000000000000000 ) ;
#1750 = ORIENTED_EDGE ( 'NONE', *, *, #2035, .T. ) ;
#1751 = DIRECTION ( 'NONE',  ( -0.000000000000000000, -1.000000000000000000, -0.000000000000000000 ) ) ;
#1752 = DIRECTION ( 'NONE',  ( 1.000000000000000000, 2.168404344971008252E-17, 8.673617379884035472E-17 ) ) ;
#1753 = CARTESIAN_POINT ( 'NONE',  ( -1.379999999999999227, 2.790441948979335951, 2.426471259982029505 ) ) ;
#1754 = AXIS2_PLACEMENT_3D ( 'NONE', #735, #1662, #2656 ) ;
#1755 = VERTEX_POINT ( 'NONE', #2799 ) ;
#1756 = LINE ( 'NONE', #3136, #25 ) ;
#1757 = AXIS2_PLACEMENT_3D ( 'NONE', #2697, #74, #440 ) ;
#1758 = AXIS2_PLACEMENT_3D ( 'NONE', #1921, #2219, #554 ) ;
#1759 = CARTESIAN_POINT ( 'NONE',  ( -1.379999999999999893, 12.37137186834969604, 1.898837853159277334 ) ) ;
#1760 = CARTESIAN_POINT ( 'NONE',  ( 0.000000000000000000, 0.000000000000000000, 5.549999999999999822 ) ) ;
#1761 = PLANE ( 'NONE',  #1927 ) ;
#1762 = CARTESIAN_POINT ( 'NONE',  ( 0.000000000000000000, 12.50000000000000000, -4.343903740188082452 ) ) ;
#1763 = LINE ( 'NONE', #3439, #2496 ) ;
#1764 = EDGE_LOOP ( 'NONE', ( #3088, #843, #2902, #2963 ) ) ;
#1765 = EDGE_CURVE ( 'NONE', #3814, #1029, #471, .T. ) ;
#1766 = B_SPLINE_CURVE_WITH_KNOTS ( 'NONE', 3,
 ( #3739, #1415, #4151, #469, #104, #425, #2791, #1822, #4129, #3825 ),
 .UNSPECIFIED., .F., .F.,
 ( 4, 2, 2, 2, 4 ),
 ( 0.000000000000000000, 7.024607880191234717E-05, 0.0001404921576038246943, 0.0002809843152076487924, 0.0005619686304152991026 ),
 .UNSPECIFIED. ) ;
#1767 = DIRECTION ( 'NONE',  ( 0.000000000000000000, 0.1643989873053274264, -0.9863939238321487446 ) ) ;
#1768 = CARTESIAN_POINT ( 'NONE',  ( 1.399999999999999689, 12.48000000000000043, 4.343903740188081564 ) ) ;
#1769 = ORIENTED_EDGE ( 'NONE', *, *, #1196, .F. ) ;
#1770 = CARTESIAN_POINT ( 'NONE',  ( 6.831385253332590501, 7.688551037950111855, 2.000000000000000000 ) ) ;
#1771 = ORIENTED_EDGE ( 'NONE', *, *, #3155, .T. ) ;
#1772 = AXIS2_PLACEMENT_3D ( 'NONE', #1185, #1564, #1482 ) ;
#1773 = ORIENTED_EDGE ( 'NONE', *, *, #1079, .F. ) ;
#1774 = DIRECTION ( 'NONE',  ( 0.000000000000000000, -0.7546055221634990762, 0.6561787149247930717 ) ) ;
#1775 = CARTESIAN_POINT ( 'NONE',  ( 1.379999999999999671, 12.46319082832452629, 4.442330547426799114 ) ) ;
#1776 = SHAPE_DEFINITION_REPRESENTATION ( #1675, #2694 ) ;
#1777 = CARTESIAN_POINT ( 'NONE',  ( -1.379999999999999671, 6.625340151904196340, 0.9208900253173660788 ) ) ;
#1778 = ORIENTED_EDGE ( 'NONE', *, *, #2120, .F. ) ;
#1779 = ORIENTED_EDGE ( 'NONE', *, *, #4140, .T. ) ;
#1780 = DIRECTION ( 'NONE',  ( 0.000000000000000000, -0.1643989873053274264, 0.9863939238321487446 ) ) ;
#1781 = ADVANCED_FACE ( 'NONE', ( #3153 ), #1445, .T. ) ;
#1782 = DIRECTION ( 'NONE',  ( -1.000000000000000000, 0.000000000000000000, 0.000000000000000000 ) ) ;
#1783 = CARTESIAN_POINT ( 'NONE',  ( -7.538984264160772497, 0.5192299984139777669, 0.3399443216605125828 ) ) ;
#1784 = DIRECTION ( 'NONE',  ( -1.000000000000000000, 0.000000000000000000, 0.000000000000000000 ) ) ;
#1785 = ORIENTED_EDGE ( 'NONE', *, *, #4195, .T. ) ;
#1786 = DIRECTION ( 'NONE',  ( 0.000000000000000000, 0.000000000000000000, -1.000000000000000000 ) ) ;
#1787 = DIRECTION ( 'NONE',  ( 1.000000000000000000, 0.000000000000000000, 0.000000000000000000 ) ) ;
#1788 = VERTEX_POINT ( 'NONE', #1513 ) ;
#1789 = VECTOR ( 'NONE', #1544, 1000.000000000000114 ) ;
#1790 = ORIENTED_EDGE ( 'NONE', *, *, #3396, .F. ) ;
#1791 = ORIENTED_EDGE ( 'NONE', *, *, #2868, .F. ) ;
#1792 = CARTESIAN_POINT ( 'NONE',  ( 1.379999999999999671, 12.46319082832452629, -4.442330547426800003 ) ) ;
#1793 = CARTESIAN_POINT ( 'NONE',  ( -1.380000000000000115, 12.34999999999999964, 4.343903740188081564 ) ) ;
#1794 = CARTESIAN_POINT ( 'NONE',  ( 1.390180519077591104, 6.500000000000000000, -4.521998694580438460 ) ) ;
#1795 = DIRECTION ( 'NONE',  ( 1.000000000000000000, 0.000000000000000000, 0.000000000000000000 ) ) ;
#1796 = ORIENTED_EDGE ( 'NONE', *, *, #604, .F. ) ;
#1797 = ORIENTED_EDGE ( 'NONE', *, *, #2983, .F. ) ;
#1798 = EDGE_CURVE ( 'NONE', #135, #2394, #676, .T. ) ;
#1799 = DIRECTION ( 'NONE',  ( 0.000000000000000000, 0.000000000000000000, -1.000000000000000000 ) ) ;
#1800 = EDGE_CURVE ( 'NONE', #2842, #2367, #3493, .T. ) ;
#1801 = EDGE_CURVE ( 'NONE', #3383, #3981, #1098, .T. ) ;
#1802 = EDGE_CURVE ( 'NONE', #4347, #1716, #2358, .T. ) ;
#1803 = PLANE ( 'NONE',  #3897 ) ;
#1804 = DIRECTION ( 'NONE',  ( 0.000000000000000000, 0.000000000000000000, -1.000000000000000000 ) ) ;
#1805 = ADVANCED_FACE ( 'NONE', ( #3299 ), #1199, .T. ) ;
#1806 = CYLINDRICAL_SURFACE ( 'NONE', #29, 7.650000000000000355 ) ;
#1807 = ORIENTED_EDGE ( 'NONE', *, *, #1681, .F. ) ;
#1808 = AXIS2_PLACEMENT_3D ( 'NONE', #3499, #837, #487 ) ;
#1809 = DIRECTION ( 'NONE',  ( -3.272579785996980772E-14, -0.6561787149247684248, 0.7546055221635205035 ) ) ;
#1810 = CARTESIAN_POINT ( 'NONE',  ( 7.394616776026707861, 0.1225835846622237019, 1.898398363770440689 ) ) ;
#1811 = ORIENTED_EDGE ( 'NONE', *, *, #2108, .T. ) ;
#1812 = ORIENTED_EDGE ( 'NONE', *, *, #292, .F. ) ;
#1813 = ORIENTED_EDGE ( 'NONE', *, *, #1246, .T. ) ;
#1814 = VECTOR ( 'NONE', #2283, 1000.000000000000000 ) ;
#1815 = DIRECTION ( 'NONE',  ( 0.000000000000000000, -0.7546055221635005195, -0.6561787149247915174 ) ) ;
#1816 = FACE_OUTER_BOUND ( 'NONE', #4175, .T. ) ;
#1817 = FACE_OUTER_BOUND ( 'NONE', #3042, .T. ) ;
#1818 = AXIS2_PLACEMENT_3D ( 'NONE', #3730, #1049, #1068 ) ;
#1819 = CIRCLE ( 'NONE', #1455, 0.01999999999999996225 ) ;
#1820 = ORIENTED_EDGE ( 'NONE', *, *, #3254, .F. ) ;
#1821 = EDGE_LOOP ( 'NONE', ( #789, #4, #337, #3702 ) ) ;
#1822 = CARTESIAN_POINT ( 'NONE',  ( -3.139821971399057610, 1.508500636646441739, -6.976537463425643182 ) ) ;
#1823 = CIRCLE ( 'NONE', #2439, 0.02000000000000005246 ) ;
#1824 = AXIS2_PLACEMENT_3D ( 'NONE', #233, #172, #3882 ) ;
#1825 = EDGE_CURVE ( 'NONE', #2495, #520, #962, .T. ) ;
#1826 = EDGE_CURVE ( 'NONE', #3335, #3162, #2556, .T. ) ;
#1827 = DIRECTION ( 'NONE',  ( -0.000000000000000000, -1.000000000000000000, -0.000000000000000000 ) ) ;
#1828 = CARTESIAN_POINT ( 'NONE',  ( 1.379999999999999671, 8.759938365018300033, -4.438449618462786184 ) ) ;
#1829 = AXIS2_PLACEMENT_3D ( 'NONE', #73, #393, #1723 ) ;
#1830 = ORIENTED_EDGE ( 'NONE', *, *, #3923, .F. ) ;
#1831 = EDGE_CURVE ( 'NONE', #872, #1689, #869, .T. ) ;
#1832 = DIRECTION ( 'NONE',  ( 0.000000000000000000, 0.000000000000000000, -1.000000000000000000 ) ) ;
#1833 = FACE_OUTER_BOUND ( 'NONE', #2304, .T. ) ;
#1834 = DIRECTION ( 'NONE',  ( 1.000000000000000000, 0.000000000000000000, 0.000000000000000000 ) ) ;
#1835 = ORIENTED_EDGE ( 'NONE', *, *, #1394, .T. ) ;
#1836 = CARTESIAN_POINT ( 'NONE',  ( 0.000000000000000000, 0.000000000000000000, 0.000000000000000000 ) ) ;
#1837 = DIRECTION ( 'NONE',  ( 8.673617379884035472E-17, 1.880790961315659329E-33, -1.000000000000000000 ) ) ;
#1838 = PLANE ( 'NONE',  #2912 ) ;
#1839 = DIRECTION ( 'NONE',  ( 0.000000000000000000, -2.312964634635743213E-14, -1.000000000000000000 ) ) ;
#1840 = FACE_OUTER_BOUND ( 'NONE', #3905, .T. ) ;
#1841 = ORIENTED_EDGE ( 'NONE', *, *, #4056, .T. ) ;
#1842 = ORIENTED_EDGE ( 'NONE', *, *, #3033, .T. ) ;
#1843 = DIRECTION ( 'NONE',  ( 0.3420201433256662704, 0.9396926207859093161, -0.000000000000000000 ) ) ;
#1844 = ORIENTED_EDGE ( 'NONE', *, *, #2508, .F. ) ;
#1845 = CARTESIAN_POINT ( 'NONE',  ( 9.368548013477250272E-16, 1.499999999999999556, 7.650000000000000355 ) ) ;
#1846 = CARTESIAN_POINT ( 'NONE',  ( 1.399999999999999689, 6.649999999999999467, -4.549999999999999822 ) ) ;
#1847 = CARTESIAN_POINT ( 'NONE',  ( -1.000000000000000000, 4.750000000000000000, -0.9999999999999997780 ) ) ;
#1848 = EDGE_LOOP ( 'NONE', ( #2279, #1864, #841, #1522 ) ) ;
#1849 = DIRECTION ( 'NONE',  ( 0.000000000000000000, -0.6561787149247869655, -0.7546055221635044052 ) ) ;
#1850 = EDGE_CURVE ( 'NONE', #383, #739, #1954, .T. ) ;
#1851 = DIRECTION ( 'NONE',  ( -1.000000000000000000, 0.000000000000000000, 0.000000000000000000 ) ) ;
#1852 = DIRECTION ( 'NONE',  ( 1.000000000000000000, -6.938893903907222067E-15, 0.000000000000000000 ) ) ;
#1853 = VECTOR ( 'NONE', #2461, 1000.000000000000000 ) ;
#1854 = ADVANCED_FACE ( 'NONE', ( #3889 ), #2230, .T. ) ;
#1855 = SURFACE_STYLE_USAGE ( .BOTH. , #4205 ) ;
#1856 = DIRECTION ( 'NONE',  ( 0.000000000000000000, 0.000000000000000000, 1.000000000000000000 ) ) ;
#1857 = DIRECTION ( 'NONE',  ( 1.000000000000000000, 2.168404344971008252E-17, 8.673617379884035472E-17 ) ) ;
#1858 = DIRECTION ( 'NONE',  ( 0.000000000000000000, 1.000000000000000000, 0.000000000000000000 ) ) ;
#1859 = EDGE_LOOP ( 'NONE', ( #1414, #2179, #1017, #3749, #1223, #3226, #1811, #1668, #2044, #511 ) ) ;
#1860 = AXIS2_PLACEMENT_3D ( 'NONE', #1081, #3698, #1014 ) ;
#1861 = VERTEX_POINT ( 'NONE', #561 ) ;
#1862 = AXIS2_PLACEMENT_3D ( 'NONE', #1123, #802, #2446 ) ;
#1863 = ORIENTED_EDGE ( 'NONE', *, *, #712, .T. ) ;
#1864 = ORIENTED_EDGE ( 'NONE', *, *, #2906, .F. ) ;
#1865 = LINE ( 'NONE', #3885, #757 ) ;
#1866 = CARTESIAN_POINT ( 'NONE',  ( -1.400000000000000133, 11.43165542625050435, 5.400000000000000355 ) ) ;
#1867 = ORIENTED_EDGE ( 'NONE', *, *, #1382, .T. ) ;
#1868 = LINE ( 'NONE', #4160, #399 ) ;
#1869 = DIRECTION ( 'NONE',  ( -1.000000000000000000, 0.000000000000000000, 0.000000000000000000 ) ) ;
#1870 = VERTEX_POINT ( 'NONE', #225 ) ;
#1871 = AXIS2_PLACEMENT_3D ( 'NONE', #2395, #4206, #1203 ) ;
#1872 = VECTOR ( 'NONE', #724, 1000.000000000000000 ) ;
#1873 = EDGE_CURVE ( 'NONE', #3831, #1421, #3961, .T. ) ;
#1874 = CARTESIAN_POINT ( 'NONE',  ( 0.000000000000000000, -0.9999999999999997780, -7.649999999999999467 ) ) ;
#1875 = APPLICATION_CONTEXT ( 'automotive_design' ) ;
#1876 = EDGE_CURVE ( 'NONE', #383, #4347, #1578, .T. ) ;
#1877 = DIRECTION ( 'NONE',  ( -0.000000000000000000, -1.000000000000000000, 0.000000000000000000 ) ) ;
#1878 = CIRCLE ( 'NONE', #3486, 0.1499999999999999667 ) ;
#1879 = DIRECTION ( 'NONE',  ( -7.968020348514244863E-17, 0.6561787149247862994, -0.7546055221635049604 ) ) ;
#1880 = CARTESIAN_POINT ( 'NONE',  ( 7.383935265155023409, 0.1825712258226768470, 2.000000000000000000 ) ) ;
#1881 = ORIENTED_EDGE ( 'NONE', *, *, #3004, .F. ) ;
#1882 = TOROIDAL_SURFACE ( 'NONE', #1661, 0.1299999999999999767, 0.02000000000000000042 ) ;
#1883 = VERTEX_POINT ( 'NONE', #1912 ) ;
#1884 = CARTESIAN_POINT ( 'NONE',  ( -1.379999999999999893, 8.744846254575030287, 4.451573192761281383 ) ) ;
#1885 = CIRCLE ( 'NONE', #3762, 0.01999999999999996225 ) ;
#1886 = DIRECTION ( 'NONE',  ( 1.000000000000000000, 2.168404344971008252E-17, -8.673617379884035472E-17 ) ) ;
#1887 = ORIENTED_EDGE ( 'NONE', *, *, #2215, .F. ) ;
#1888 = VERTEX_POINT ( 'NONE', #1896 ) ;
#1889 = AXIS2_PLACEMENT_3D ( 'NONE', #1236, #265, #242 ) ;
#1890 = DIRECTION ( 'NONE',  ( 0.000000000000000000, 1.000000000000000000, -0.000000000000000000 ) ) ;
#1891 = FACE_OUTER_BOUND ( 'NONE', #3659, .T. ) ;
#1892 = CIRCLE ( 'NONE', #3340, 0.01999999999999999695 ) ;
#1893 = CARTESIAN_POINT ( 'NONE',  ( -7.532889636731924021, 0.5024851471732273422, 0.7454443804671284646 ) ) ;
#1894 = VERTEX_POINT ( 'NONE', #3218 ) ;
#1895 = VERTEX_POINT ( 'NONE', #4281 ) ;
#1896 = CARTESIAN_POINT ( 'NONE',  ( 7.383935265155024297, 0.000000000000000000, 2.000000000000000000 ) ) ;
#1897 = CIRCLE ( 'NONE', #1180, 0.1299999999999998934 ) ;
#1898 = FACE_OUTER_BOUND ( 'NONE', #861, .T. ) ;
#1899 = DIRECTION ( 'NONE',  ( 0.9396926207859084279, 0.3420201433256687684, -0.000000000000000000 ) ) ;
#1900 = EDGE_CURVE ( 'NONE', #179, #3613, #3766, .T. ) ;
#1901 = CARTESIAN_POINT ( 'NONE',  ( 3.262446522120524772, 1.546643593403177031, -6.919607353035441832 ) ) ;
#1902 = DIRECTION ( 'NONE',  ( 0.000000000000000000, 0.000000000000000000, -1.000000000000000000 ) ) ;
#1903 = DIRECTION ( 'NONE',  ( -1.000000000000000000, -0.000000000000000000, -0.000000000000000000 ) ) ;
#1904 = CARTESIAN_POINT ( 'NONE',  ( 7.311634564172364570, 0.000000000000000000, -2.250000000000000444 ) ) ;
#1905 = ORIENTED_EDGE ( 'NONE', *, *, #344, .F. ) ;
#1906 = DIRECTION ( 'NONE',  ( 1.000000000000000000, 2.168404344971008252E-17, -8.673617379884035472E-17 ) ) ;
#1907 = DIRECTION ( 'NONE',  ( -1.000000000000000000, 0.000000000000000000, 0.000000000000000000 ) ) ;
#1908 = EDGE_LOOP ( 'NONE', ( #1110, #3231, #2798, #2440 ) ) ;
#1909 = ORIENTED_EDGE ( 'NONE', *, *, #2035, .F. ) ;
#1910 = EDGE_CURVE ( 'NONE', #202, #2546, #2582, .T. ) ;
#1911 = DIRECTION ( 'NONE',  ( 0.000000000000000000, -1.000000000000000000, 0.000000000000000000 ) ) ;
#1912 = CARTESIAN_POINT ( 'NONE',  ( -3.405877273185280885, 6.500000000000000000, 6.850000000000000533 ) ) ;
#1913 = CARTESIAN_POINT ( 'NONE',  ( 7.467282459431268116, 0.3222309089855147635, -1.750262582681724410 ) ) ;
#1914 = DIRECTION ( 'NONE',  ( -1.000000000000000000, 0.000000000000000000, -0.000000000000000000 ) ) ;
#1915 = EDGE_LOOP ( 'NONE', ( #1187, #1812, #1495, #71 ) ) ;
#1916 = DIRECTION ( 'NONE',  ( -3.564834783817704567E-17, 0.9863939238321438596, 0.1643989873053572914 ) ) ;
#1917 = CARTESIAN_POINT ( 'NONE',  ( -1.400000000000000355, 9.281463325509362150, 8.070837674355974656 ) ) ;
#1918 = CARTESIAN_POINT ( 'NONE',  ( 7.383935265155024297, 0.000000000000000000, -2.000000000000000444 ) ) ;
#1919 = ORIENTED_EDGE ( 'NONE', *, *, #1300, .T. ) ;
#1920 = EDGE_CURVE ( 'NONE', #2204, #2649, #1622, .T. ) ;
#1921 = CARTESIAN_POINT ( 'NONE',  ( 0.000000000000000000, 1.499999999999999556, 0.000000000000000000 ) ) ;
#1922 = ORIENTED_EDGE ( 'NONE', *, *, #1798, .F. ) ;
#1923 = ADVANCED_FACE ( 'NONE', ( #579 ), #2160, .T. ) ;
#1924 = VERTEX_POINT ( 'NONE', #4264 ) ;
#1925 = EDGE_CURVE ( 'NONE', #345, #3059, #1283, .T. ) ;
#1926 = DIRECTION ( 'NONE',  ( 0.000000000000000000, 0.000000000000000000, 1.000000000000000000 ) ) ;
#1927 = AXIS2_PLACEMENT_3D ( 'NONE', #2033, #664, #2354 ) ;
#1928 = EDGE_CURVE ( 'NONE', #3375, #532, #3632, .T. ) ;
#1929 = CARTESIAN_POINT ( 'NONE',  ( 0.000000000000000000, 0.000000000000000000, 0.000000000000000000 ) ) ;
#1930 = EDGE_CURVE ( 'NONE', #597, #938, #4312, .T. ) ;
#1931 = FACE_OUTER_BOUND ( 'NONE', #4057, .T. ) ;
#1932 = CARTESIAN_POINT ( 'NONE',  ( -7.624709843976412493, 4.866828041574645406E-10, -0.7122041594529976427 ) ) ;
#1933 = ADVANCED_FACE ( 'NONE', ( #3646 ), #4301, .F. ) ;
#1934 = CARTESIAN_POINT ( 'NONE',  ( 7.522587109751483148, 4.088778744565363749E-10, -1.400532038240084320 ) ) ;
#1935 = EDGE_CURVE ( 'NONE', #3109, #259, #891, .T. ) ;
#1936 = DIRECTION ( 'NONE',  ( 0.000000000000000000, 0.9863939238321437486, -0.1643989873053572637 ) ) ;
#1937 = VERTEX_POINT ( 'NONE', #1989 ) ;
#1938 = DIRECTION ( 'NONE',  ( -0.000000000000000000, 0.000000000000000000, 1.000000000000000000 ) ) ;
#1939 = DIRECTION ( 'NONE',  ( 0.000000000000000000, 0.000000000000000000, -1.000000000000000000 ) ) ;
#1940 = DIRECTION ( 'NONE',  ( -1.000000000000000000, 0.000000000000000000, -0.000000000000000000 ) ) ;
#1941 = EDGE_LOOP ( 'NONE', ( #2090, #748, #3863, #1352 ) ) ;
#1942 = ORIENTED_EDGE ( 'NONE', *, *, #2485, .T. ) ;
#1943 = CIRCLE ( 'NONE', #740, 7.649999999999999467 ) ;
#1944 = CARTESIAN_POINT ( 'NONE',  ( -1.400000000000000133, 12.48000000000000043, 4.343903740188081564 ) ) ;
#1945 = CARTESIAN_POINT ( 'NONE',  ( -7.424391937543266096, -1.252090739344055290E-10, 1.844582907550493145 ) ) ;
#1946 = FACE_OUTER_BOUND ( 'NONE', #1447, .T. ) ;
#1947 = AXIS2_PLACEMENT_3D ( 'NONE', #43, #1063, #3280 ) ;
#1948 = ORIENTED_EDGE ( 'NONE', *, *, #1748, .T. ) ;
#1949 = DIRECTION ( 'NONE',  ( 0.000000000000000000, 0.000000000000000000, -1.000000000000000000 ) ) ;
#1950 = AXIS2_PLACEMENT_3D ( 'NONE', #44, #336, #3040 ) ;
#1951 =( NAMED_UNIT ( * ) SI_UNIT ( $, .STERADIAN. ) SOLID_ANGLE_UNIT ( ) );
#1952 = VECTOR ( 'NONE', #51, 1000.000000000000000 ) ;
#1953 = EDGE_LOOP ( 'NONE', ( #3215, #4087, #334, #114 ) ) ;
#1954 = CIRCLE ( 'NONE', #38, 0.02000000000000005246 ) ;
#1955 = EDGE_CURVE ( 'NONE', #2621, #668, #3058, .T. ) ;
#1956 = DIRECTION ( 'NONE',  ( 8.673617379884035472E-17, 1.880790961315659671E-33, -1.000000000000000000 ) ) ;
#1957 = CARTESIAN_POINT ( 'NONE',  ( 7.532889636731930239, 0.5024851471732386665, -0.7454443804671333496 ) ) ;
#1958 = VECTOR ( 'NONE', #2349, 1000.000000000000000 ) ;
#1959 = EDGE_CURVE ( 'NONE', #2892, #668, #4036, .T. ) ;
#1960 = ORIENTED_EDGE ( 'NONE', *, *, #163, .F. ) ;
#1961 = AXIS2_PLACEMENT_3D ( 'NONE', #4274, #3641, #3380 ) ;
#1962 = CARTESIAN_POINT ( 'NONE',  ( 3.371111840569788853, 1.616536647565485652, -6.867191002222497787 ) ) ;
#1963 = DIRECTION ( 'NONE',  ( -1.000000000000000000, -2.168404344971008252E-17, 8.673617379884035472E-17 ) ) ;
#1964 = DIRECTION ( 'NONE',  ( 1.000000000000000000, 8.673617379884027583E-15, 0.000000000000000000 ) ) ;
#1965 = EDGE_LOOP ( 'NONE', ( #1529, #3515, #3880, #3918 ) ) ;
#1966 = ORIENTED_EDGE ( 'NONE', *, *, #1701, .F. ) ;
#1967 = CARTESIAN_POINT ( 'NONE',  ( -1.400000000000000133, 9.768344573749498494, 5.400000000000000355 ) ) ;
#1968 = PLANE ( 'NONE',  #2786 ) ;
#1969 = VERTEX_POINT ( 'NONE', #716 ) ;
#1970 = DIRECTION ( 'NONE',  ( 9.817739357990838818E-14, -0.6561787149247684248, -0.7546055221635207255 ) ) ;
#1971 = DIRECTION ( 'NONE',  ( -1.000000000000000000, 0.000000000000000000, 1.156482317317871725E-16 ) ) ;
#1972 = DIRECTION ( 'NONE',  ( 0.000000000000000000, 0.000000000000000000, -1.000000000000000000 ) ) ;
#1973 = CARTESIAN_POINT ( 'NONE',  ( 7.424642961196789237, 0.2050798504093119812, 1.252359421303393061 ) ) ;
#1974 = DIRECTION ( 'NONE',  ( 0.000000000000000000, 0.000000000000000000, -1.000000000000000000 ) ) ;
#1975 = ORIENTED_EDGE ( 'NONE', *, *, #1159, .F. ) ;
#1976 = EDGE_CURVE ( 'NONE', #219, #4164, #3388, .T. ) ;
#1977 = DIRECTION ( 'NONE',  ( 0.000000000000000000, 0.7546055221635206145, 0.6561787149247685358 ) ) ;
#1978 = EDGE_CURVE ( 'NONE', #2546, #1428, #284, .T. ) ;
#1979 = CARTESIAN_POINT ( 'NONE',  ( 0.000000000000000000, 0.2500000000000000000, 2.000000000000000000 ) ) ;
#1980 = EDGE_CURVE ( 'NONE', #3086, #2569, #3318, .T. ) ;
#1981 = EDGE_LOOP ( 'NONE', ( #3021, #2198, #4230, #525 ) ) ;
#1982 = EDGE_LOOP ( 'NONE', ( #2482, #3151, #2061, #83, #22, #3883 ) ) ;
#1983 = CARTESIAN_POINT ( 'NONE',  ( 7.349999999999980105, 15.03508193257454195, 2.000000000000000000 ) ) ;
#1984 = EDGE_CURVE ( 'NONE', #2653, #526, #1885, .T. ) ;
#1985 = FACE_OUTER_BOUND ( 'NONE', #753, .T. ) ;
#1986 = PLANE ( 'NONE',  #1390 ) ;
#1987 = VECTOR ( 'NONE', #2193, 1000.000000000000000 ) ;
#1988 = VECTOR ( 'NONE', #1804, 1000.000000000000000 ) ;
#1989 = CARTESIAN_POINT ( 'NONE',  ( 3.405877273185280885, 6.500000000000000000, 6.850000000000000533 ) ) ;
#1990 = CARTESIAN_POINT ( 'NONE',  ( 7.650005296176328073, 3.487381688963927319E-11, -0.3555227094723077963 ) ) ;
#1991 = DIRECTION ( 'NONE',  ( -1.000000000000000000, -0.000000000000000000, -0.000000000000000000 ) ) ;
#1992 = CARTESIAN_POINT ( 'NONE',  ( 7.428804460875682913, 0.2165134768082350170, 2.000000000000000000 ) ) ;
#1993 = DIRECTION ( 'NONE',  ( -1.000000000000000000, 0.000000000000000000, 0.000000000000000000 ) ) ;
#1994 = ORIENTED_EDGE ( 'NONE', *, *, #2632, .F. ) ;
#1995 = FACE_OUTER_BOUND ( 'NONE', #2716, .T. ) ;
#1996 = DIRECTION ( 'NONE',  ( 0.9396926207859094271, -0.3420201433256660484, 0.000000000000000000 ) ) ;
#1997 = CARTESIAN_POINT ( 'NONE',  ( -1.385521695682327969, 6.500000000000000000, -0.7880629224027729807 ) ) ;
#1998 = ADVANCED_FACE ( 'NONE', ( #2967 ), #377, .F. ) ;
#1999 = ORIENTED_EDGE ( 'NONE', *, *, #2910, .F. ) ;
#2000 = EDGE_CURVE ( 'NONE', #1051, #4335, #352, .T. ) ;
#2001 = ORIENTED_EDGE ( 'NONE', *, *, #4171, .T. ) ;
#2002 = CARTESIAN_POINT ( 'NONE',  ( 3.055710216370180365, 1.499999999999999334, 7.013830305757053907 ) ) ;
#2003 = AXIS2_PLACEMENT_3D ( 'NONE', #451, #3169, #1511 ) ;
#2004 = CIRCLE ( 'NONE', #171, 0.5000000000000004441 ) ;
#2005 = ORIENTED_EDGE ( 'NONE', *, *, #2529, .T. ) ;
#2006 = CARTESIAN_POINT ( 'NONE',  ( -9.554072260367373559, 7.517540966287277193, 2.000000000000000000 ) ) ;
#2007 = DIRECTION ( 'NONE',  ( -0.000000000000000000, -0.6561787149247862994, 0.7546055221635049604 ) ) ;
#2008 = VECTOR ( 'NONE', #4013, 1000.000000000000114 ) ;
#2009 = CARTESIAN_POINT ( 'NONE',  ( 1.379999999999999671, 6.649999999999999467, 0.7729309367425446498 ) ) ;
#2010 = CARTESIAN_POINT ( 'NONE',  ( -1.380000000000000115, 12.48000000000000220, 4.343903740188081564 ) ) ;
#2011 = CARTESIAN_POINT ( 'NONE',  ( -1.380000000000000115, 9.768344573749500270, -5.400000000000000355 ) ) ;
#2012 = DIRECTION ( 'NONE',  ( 0.000000000000000000, 0.000000000000000000, -1.000000000000000000 ) ) ;
#2013 = AXIS2_PLACEMENT_3D ( 'NONE', #3768, #1786, #1178 ) ;
#2014 = ORIENTED_EDGE ( 'NONE', *, *, #2722, .T. ) ;
#2015 = CARTESIAN_POINT ( 'NONE',  ( -1.000000000000000000, 2.000000000000000000, -1.000000000000000222 ) ) ;
#2016 = CARTESIAN_POINT ( 'NONE',  ( -7.311634564172364570, 0.000000000000000000, 2.250000000000000444 ) ) ;
#2017 = AXIS2_PLACEMENT_3D ( 'NONE', #845, #2123, #152 ) ;
#2018 = DIRECTION ( 'NONE',  ( 0.3420201433256660484, 0.9396926207859094271, 0.000000000000000000 ) ) ;
#2019 = VERTEX_POINT ( 'NONE', #974 ) ;
#2020 = CARTESIAN_POINT ( 'NONE',  ( 1.379999999999999671, 11.52975414413175947, 5.485303232940222706 ) ) ;
#2021 = EDGE_CURVE ( 'NONE', #1694, #3898, #2220, .T. ) ;
#2022 = AXIS2_PLACEMENT_3D ( 'NONE', #3986, #988, #2672 ) ;
#2023 = ORIENTED_EDGE ( 'NONE', *, *, #2740, .F. ) ;
#2024 = ORIENTED_EDGE ( 'NONE', *, *, #2692, .F. ) ;
#2025 = CARTESIAN_POINT ( 'NONE',  ( 1.380560112054758592, 6.500000000000000000, 4.548466070008426065 ) ) ;
#2026 = DIRECTION ( 'NONE',  ( 2.168404344971008868E-16, 0.000000000000000000, 1.000000000000000000 ) ) ;
#2027 = CARTESIAN_POINT ( 'NONE',  ( 4.190529417857101535, 0.1636638533615086544, 2.000000000000000000 ) ) ;
#2028 = ORIENTED_EDGE ( 'NONE', *, *, #764, .T. ) ;
#2029 = CARTESIAN_POINT ( 'NONE',  ( 11.32239551690265777, 4.121014948741660966, 2.000000000000000000 ) ) ;
#2030 = LINE ( 'NONE', #621, #4315 ) ;
#2031 = EDGE_CURVE ( 'NONE', #2958, #3708, #1312, .T. ) ;
#2032 = DIRECTION ( 'NONE',  ( 0.000000000000000000, 0.000000000000000000, -1.000000000000000000 ) ) ;
#2033 = CARTESIAN_POINT ( 'NONE',  ( 0.000000000000000000, 2.775349838536065761, 2.413347685683533417 ) ) ;
#2034 = PLANE ( 'NONE',  #3916 ) ;
#2035 = EDGE_CURVE ( 'NONE', #1360, #4233, #3987, .T. ) ;
#2036 = LINE ( 'NONE', #3102, #391 ) ;
#2037 = DIRECTION ( 'NONE',  ( 0.9396926207859084279, 0.3420201433256686019, 0.000000000000000000 ) ) ;
#2038 = VERTEX_POINT ( 'NONE', #4061 ) ;
#2039 = CARTESIAN_POINT ( 'NONE',  ( 0.000000000000000000, 12.50000000000000000, 0.000000000000000000 ) ) ;
#2040 = LINE ( 'NONE', #2062, #2155 ) ;
#2041 = DIRECTION ( 'NONE',  ( -0.000000000000000000, 0.000000000000000000, 1.000000000000000000 ) ) ;
#2042 = ORIENTED_EDGE ( 'NONE', *, *, #3923, .T. ) ;
#2043 = DIRECTION ( 'NONE',  ( 0.000000000000000000, 1.000000000000000000, -0.000000000000000000 ) ) ;
#2044 = ORIENTED_EDGE ( 'NONE', *, *, #1602, .F. ) ;
#2045 = EDGE_LOOP ( 'NONE', ( #2462, #2471, #777, #3068 ) ) ;
#2046 = FACE_OUTER_BOUND ( 'NONE', #1547, .T. ) ;
#2047 = CARTESIAN_POINT ( 'NONE',  ( 3.405877273185280885, 1.699999999999999734, 6.850000000000000533 ) ) ;
#2048 = DIRECTION ( 'NONE',  ( -1.000000000000000000, -0.000000000000000000, -0.000000000000000000 ) ) ;
#2049 = DIRECTION ( 'NONE',  ( -1.000000000000000000, 0.000000000000000000, 0.000000000000000000 ) ) ;
#2050 = DIRECTION ( 'NONE',  ( -2.168404344971008252E-17, 1.000000000000000000, 0.000000000000000000 ) ) ;
#2051 = ADVANCED_FACE ( 'NONE', ( #4324 ), #1458, .T. ) ;
#2052 = EDGE_CURVE ( 'NONE', #1392, #868, #1892, .T. ) ;
#2053 = EDGE_CURVE ( 'NONE', #2537, #1202, #2984, .T. ) ;
#2054 = DIRECTION ( 'NONE',  ( -1.000000000000000000, 0.000000000000000000, 1.156482317317871725E-16 ) ) ;
#2055 = AXIS2_PLACEMENT_3D ( 'NONE', #3576, #3239, #1837 ) ;
#2056 = FACE_OUTER_BOUND ( 'NONE', #1611, .T. ) ;
#2057 = DIRECTION ( 'NONE',  ( 0.000000000000000000, 0.000000000000000000, -1.000000000000000000 ) ) ;
#2058 = ADVANCED_FACE ( 'NONE', ( #3028 ), #1803, .F. ) ;
#2059 = DIRECTION ( 'NONE',  ( 0.000000000000000000, 0.000000000000000000, -1.000000000000000000 ) ) ;
#2060 = VECTOR ( 'NONE', #205, 1000.000000000000114 ) ;
#2061 = ORIENTED_EDGE ( 'NONE', *, *, #143, .F. ) ;
#2062 = CARTESIAN_POINT ( 'NONE',  ( -1.379999999999999671, 12.50000000000000000, -1.196959198423996649E-16 ) ) ;
#2063 = DIRECTION ( 'NONE',  ( 0.000000000000000000, 0.000000000000000000, -1.000000000000000000 ) ) ;
#2064 = VERTEX_POINT ( 'NONE', #1122 ) ;
#2065 = CARTESIAN_POINT ( 'NONE',  ( 0.000000000000000000, 12.37465984809580277, -1.879109974682634077 ) ) ;
#2066 = ORIENTED_EDGE ( 'NONE', *, *, #3530, .F. ) ;
#2067 = AXIS2_PLACEMENT_3D ( 'NONE', #514, #177, #200 ) ;
#2068 = ORIENTED_EDGE ( 'NONE', *, *, #3610, .F. ) ;
#2069 = DIRECTION ( 'NONE',  ( -1.000000000000000000, 0.000000000000000000, 0.000000000000000000 ) ) ;
#2070 = CYLINDRICAL_SURFACE ( 'NONE', #2583, 0.02000000000000053471 ) ;
#2071 = DIRECTION ( 'NONE',  ( 0.3420201433256663259, 0.9396926207859093161, 0.000000000000000000 ) ) ;
#2072 = ORIENTED_EDGE ( 'NONE', *, *, #3926, .T. ) ;
#2073 = CARTESIAN_POINT ( 'NONE',  ( -4.530922137642268588, 14.00902150259755174, -2.000000000000000000 ) ) ;
#2074 = CARTESIAN_POINT ( 'NONE',  ( 0.000000000000000000, 6.500000000000000000, -0.7729309367425445387 ) ) ;
#2075 = ADVANCED_FACE ( 'NONE', ( #3121 ), #2767, .F. ) ;
#2076 = EDGE_CURVE ( 'NONE', #2839, #872, #4106, .T. ) ;
#2077 = AXIS2_PLACEMENT_3D ( 'NONE', #3295, #1970, #280 ) ;
#2078 = CARTESIAN_POINT ( 'NONE',  ( 6.361538942939637842, 7.517540966287275417, 2.000000000000000000 ) ) ;
#2079 = CIRCLE ( 'NONE', #663, 0.1700000000000000122 ) ;
#2080 = CARTESIAN_POINT ( 'NONE',  ( -7.533687255868610322, 0.5046765877405975376, -0.6823178045688377269 ) ) ;
#2081 = CARTESIAN_POINT ( 'NONE',  ( 0.000000000000000000, 11.43165542625050435, 5.400000000000000355 ) ) ;
#2082 = ADVANCED_FACE ( 'NONE', ( #801 ), #85, .T. ) ;
#2083 = ORIENTED_EDGE ( 'NONE', *, *, #1980, .F. ) ;
#2084 =( GEOMETRIC_REPRESENTATION_CONTEXT ( 3 ) GLOBAL_UNCERTAINTY_ASSIGNED_CONTEXT ( ( #397 ) ) GLOBAL_UNIT_ASSIGNED_CONTEXT ( ( #545, #3196, #1516 ) ) REPRESENTATION_CONTEXT ( 'NONE', 'WORKASPACE' ) );
#2085 = CARTESIAN_POINT ( 'NONE',  ( 1.379999999999999671, 11.43165542625050435, 5.400000000000000355 ) ) ;
#2086 = LINE ( 'NONE', #1354, #286 ) ;
#2087 = AXIS2_PLACEMENT_3D ( 'NONE', #2336, #3747, #3675 ) ;
#2088 = ORIENTED_EDGE ( 'NONE', *, *, #2327, .F. ) ;
#2089 = CARTESIAN_POINT ( 'NONE',  ( -1.380000000000000115, 8.631655426250503638, 4.549999999999999822 ) ) ;
#2090 = ORIENTED_EDGE ( 'NONE', *, *, #4242, .T. ) ;
#2091 = ADVANCED_FACE ( 'NONE', ( #3782 ), #781, .F. ) ;
#2092 = VECTOR ( 'NONE', #958, 1000.000000000000000 ) ;
#2093 = ORIENTED_EDGE ( 'NONE', *, *, #3281, .T. ) ;
#2094 = CARTESIAN_POINT ( 'NONE',  ( -10.02391857076032800, 7.688551037950110079, -2.000000000000000000 ) ) ;
#2095 = DIRECTION ( 'NONE',  ( -0.000000000000000000, -1.000000000000000000, -0.000000000000000000 ) ) ;
#2096 = LINE ( 'NONE', #731, #2296 ) ;
#2097 = AXIS2_PLACEMENT_3D ( 'NONE', #2669, #7, #2303 ) ;
#2098 = DIRECTION ( 'NONE',  ( -3.564834783817047766E-15, 0.9863939238321488556, 0.1643989873053274264 ) ) ;
#2099 = CARTESIAN_POINT ( 'NONE',  ( 1.000000000000000000, 2.000000000000000000, 3.750000000000000000 ) ) ;
#2100 = CARTESIAN_POINT ( 'NONE',  ( -9.554072260367373559, 7.517540966287277193, 2.000000000000000000 ) ) ;
#2101 = CARTESIAN_POINT ( 'NONE',  ( 3.671135466104528788, -1.336184035621017063, 2.000000000000000000 ) ) ;
#2102 = DIRECTION ( 'NONE',  ( 0.000000000000000000, -0.6561787149247869655, 0.7546055221635044052 ) ) ;
#2103 = ORIENTED_EDGE ( 'NONE', *, *, #2517, .T. ) ;
#2104 = CARTESIAN_POINT ( 'NONE',  ( -3.405877273185280885, 1.699999999999999734, 6.850000000000000533 ) ) ;
#2105 = CARTESIAN_POINT ( 'NONE',  ( 0.000000000000000000, 9.768344573749498494, 5.400000000000000355 ) ) ;
#2106 = ORIENTED_EDGE ( 'NONE', *, *, #443, .T. ) ;
#2107 = CARTESIAN_POINT ( 'NONE',  ( -7.349999999999996980, 15.03508193257455083, 2.000000000000000000 ) ) ;
#2108 = EDGE_CURVE ( 'NONE', #168, #120, #129, .T. ) ;
#2109 = ORIENTED_EDGE ( 'NONE', *, *, #1266, .T. ) ;
#2110 = VECTOR ( 'NONE', #2809, 1000.000000000000000 ) ;
#2111 = ADVANCED_FACE ( 'NONE', ( #2418 ), #2779, .T. ) ;
#2112 = VERTEX_POINT ( 'NONE', #1845 ) ;
#2113 = DIRECTION ( 'NONE',  ( 0.000000000000000000, -0.7546055221635206145, -0.6561787149247685358 ) ) ;
#2114 = DIRECTION ( 'NONE',  ( 0.000000000000000000, 0.000000000000000000, -1.000000000000000000 ) ) ;
#2115 = DIRECTION ( 'NONE',  ( -1.000000000000000000, 0.000000000000000000, -0.000000000000000000 ) ) ;
#2116 = DIRECTION ( 'NONE',  ( 0.000000000000000000, 0.000000000000000000, 1.000000000000000000 ) ) ;
#2117 = ADVANCED_FACE ( 'NONE', ( #3763 ), #1461, .T. ) ;
#2118 = VERTEX_POINT ( 'NONE', #2793 ) ;
#2119 = EDGE_LOOP ( 'NONE', ( #1585, #4258, #1922, #1790 ) ) ;
#2120 = EDGE_CURVE ( 'NONE', #2289, #702, #4130, .T. ) ;
#2121 = CARTESIAN_POINT ( 'NONE',  ( -1.399999999999999467, 0.02644174998362248258, 0.1586504999017351869 ) ) ;
#2122 = CARTESIAN_POINT ( 'NONE',  ( -7.470951362803387674, -2.044475741098566528E-10, 1.647562575405404850 ) ) ;
#2123 = DIRECTION ( 'NONE',  ( 0.000000000000000000, -0.000000000000000000, 1.000000000000000000 ) ) ;
#2124 = CARTESIAN_POINT ( 'NONE',  ( 1.399999999999999689, 0.000000000000000000, 5.530000000000000249 ) ) ;
#2125 = CARTESIAN_POINT ( 'NONE',  ( 0.000000000000000000, 8.631655426250503638, 4.400000000000000355 ) ) ;
#2126 = DIRECTION ( 'NONE',  ( -1.000000000000000000, 0.000000000000000000, 0.000000000000000000 ) ) ;
#2127 = ORIENTED_EDGE ( 'NONE', *, *, #2954, .F. ) ;
#2128 = AXIS2_PLACEMENT_3D ( 'NONE', #901, #2236, #4310 ) ;
#2129 = DIRECTION ( 'NONE',  ( -0.000000000000000000, -1.000000000000000000, -0.000000000000000000 ) ) ;
#2130 = DIRECTION ( 'NONE',  ( 0.000000000000000000, 0.1643989873053704753, -0.9863939238321415282 ) ) ;
#2131 = CARTESIAN_POINT ( 'NONE',  ( 9.554072260367373559, 7.517540966287275417, -2.000000000000000000 ) ) ;
#2132 = TOROIDAL_SURFACE ( 'NONE', #2055, 0.1299999999999999767, 0.02000000000000000042 ) ;
#2133 = ORIENTED_EDGE ( 'NONE', *, *, #220, .F. ) ;
#2134 = ORIENTED_EDGE ( 'NONE', *, *, #3365, .F. ) ;
#2135 = AXIS2_PLACEMENT_3D ( 'NONE', #2824, #1851, #833 ) ;
#2136 = CARTESIAN_POINT ( 'NONE',  ( -4.240375615359628370, 0.2500000000000000000, -2.000000000000000000 ) ) ;
#2137 = DIRECTION ( 'NONE',  ( -0.000000000000000000, -1.000000000000000000, -0.000000000000000000 ) ) ;
#2138 = CARTESIAN_POINT ( 'NONE',  ( -3.972395516902678558, 10.91406698383288720, -2.000000000000000000 ) ) ;
#2139 = EDGE_CURVE ( 'NONE', #1551, #791, #3806, .T. ) ;
#2140 = AXIS2_PLACEMENT_3D ( 'NONE', #1828, #4156, #3147 ) ;
#2141 = EDGE_CURVE ( 'NONE', #3645, #3282, #282, .T. ) ;
#2142 = ORIENTED_EDGE ( 'NONE', *, *, #2803, .F. ) ;
#2143 = FACE_OUTER_BOUND ( 'NONE', #3290, .T. ) ;
#2144 = ADVANCED_FACE ( 'NONE', ( #3848 ), #1174, .T. ) ;
#2145 = CARTESIAN_POINT ( 'NONE',  ( 0.000000000000000000, 1.699999999999999734, -6.849999999999998757 ) ) ;
#2146 = CARTESIAN_POINT ( 'NONE',  ( 1.379999999999999671, 8.631655426250503638, -4.379999999999999893 ) ) ;
#2147 = EDGE_LOOP ( 'NONE', ( #1615, #1115, #4093, #849 ) ) ;
#2148 = CIRCLE ( 'NONE', #1296, 0.5000000000000000000 ) ;
#2149 = CARTESIAN_POINT ( 'NONE',  ( -2.969848480983500405, 1.499999999999999556, 7.049999999999999822 ) ) ;
#2150 = CARTESIAN_POINT ( 'NONE',  ( 7.456883231256263400, 0.2936592643949319514, 1.836461359096885015 ) ) ;
#2151 = ORIENTED_EDGE ( 'NONE', *, *, #1394, .F. ) ;
#2152 = AXIS2_PLACEMENT_3D ( 'NONE', #4165, #288, #897 ) ;
#2153 = ORIENTED_EDGE ( 'NONE', *, *, #932, .F. ) ;
#2154 = CYLINDRICAL_SURFACE ( 'NONE', #1587, 0.5000000000000004441 ) ;
#2155 = VECTOR ( 'NONE', #4348, 1000.000000000000000 ) ;
#2156 = PLANE ( 'NONE',  #3459 ) ;
#2157 = CARTESIAN_POINT ( 'NONE',  ( -1.380000000000000115, 11.54484625457503100, 5.498426807238718794 ) ) ;
#2158 = PRODUCT_CONTEXT ( 'NONE', #1875, 'mechanical' ) ;
#2159 = CARTESIAN_POINT ( 'NONE',  ( 1.379999999999999671, 11.54484625457503100, -5.498426807238717906 ) ) ;
#2160 = TOROIDAL_SURFACE ( 'NONE', #3558, 0.1699999999999999845, 0.02000000000000000042 ) ;
#2161 = ORIENTED_EDGE ( 'NONE', *, *, #3390, .T. ) ;
#2162 = EDGE_LOOP ( 'NONE', ( #704, #3313, #677, #3069 ) ) ;
#2163 = CARTESIAN_POINT ( 'NONE',  ( -1.400000000000000133, 12.48000000000000043, -4.343903740188082452 ) ) ;
#2164 = AXIS2_PLACEMENT_3D ( 'NONE', #472, #1782, #2445 ) ;
#2165 = CIRCLE ( 'NONE', #1961, 0.1700000000000000122 ) ;
#2166 = CARTESIAN_POINT ( 'NONE',  ( -1.385521695682326637, 6.500000000000000000, -4.534868014339770603 ) ) ;
#2167 = DIRECTION ( 'NONE',  ( 1.000000000000000000, 0.000000000000000000, 0.000000000000000000 ) ) ;
#2168 = EDGE_CURVE ( 'NONE', #3613, #2693, #1238, .T. ) ;
#2169 = EDGE_LOOP ( 'NONE', ( #424, #3116, #3939, #2199 ) ) ;
#2170 = CARTESIAN_POINT ( 'NONE',  ( 0.000000000000000000, -0.9999999999999997780, 0.000000000000000000 ) ) ;
#2171 = EDGE_CURVE ( 'NONE', #3524, #2883, #4083, .T. ) ;
#2172 = DIRECTION ( 'NONE',  ( 0.000000000000000000, 0.000000000000000000, -1.000000000000000000 ) ) ;
#2173 = VERTEX_POINT ( 'NONE', #4215 ) ;
#2174 = LINE ( 'NONE', #3497, #99 ) ;
#2175 = DIRECTION ( 'NONE',  ( 5.122298795473438989E-17, 0.6561787149247869655, -0.7546055221635044052 ) ) ;
#2176 = FACE_OUTER_BOUND ( 'NONE', #3307, .T. ) ;
#2177 = EDGE_LOOP ( 'NONE', ( #434, #4305, #2670, #4150 ) ) ;
#2178 = FACE_OUTER_BOUND ( 'NONE', #2338, .T. ) ;
#2179 = ORIENTED_EDGE ( 'NONE', *, *, #1959, .T. ) ;
#2180 = CARTESIAN_POINT ( 'NONE',  ( -1.380000000000000115, 8.631655426250503638, -4.549999999999998934 ) ) ;
#2181 = ORIENTED_EDGE ( 'NONE', *, *, #3205, .T. ) ;
#2182 = PLANE ( 'NONE',  #829 ) ;
#2183 = DIRECTION ( 'NONE',  ( 0.000000000000000000, 0.000000000000000000, -1.000000000000000000 ) ) ;
#2184 = CARTESIAN_POINT ( 'NONE',  ( 1.379999999999999671, 6.649999999999999467, 4.379999999999999893 ) ) ;
#2185 = ADVANCED_FACE ( 'NONE', ( #3544 ), #2182, .F. ) ;
#2186 = ORIENTED_EDGE ( 'NONE', *, *, #4056, .F. ) ;
#2187 = ADVANCED_FACE ( 'NONE', ( #3249 ), #1213, .F. ) ;
#2188 = DIRECTION ( 'NONE',  ( 0.000000000000000000, -0.7546055221635206145, -0.6561787149247685358 ) ) ;
#2189 = CARTESIAN_POINT ( 'NONE',  ( 1.379999999999999671, 11.43165542625050435, 5.549999999999999822 ) ) ;
#2190 = ORIENTED_EDGE ( 'NONE', *, *, #218, .T. ) ;
#2191 = PRODUCT ( 'Snap Fit Male', 'Snap Fit Male', '', ( #2158 ) ) ;
#2192 = DIRECTION ( 'NONE',  ( 1.000000000000000000, -0.000000000000000000, 0.000000000000000000 ) ) ;
#2193 = DIRECTION ( 'NONE',  ( 1.000000000000000000, 0.000000000000000000, 0.000000000000000000 ) ) ;
#2194 = CARTESIAN_POINT ( 'NONE',  ( -7.349999999999999645, 0.000000000000000000, -2.000000000000000000 ) ) ;
#2195 = ORIENTED_EDGE ( 'NONE', *, *, #3037, .T. ) ;
#2196 = VECTOR ( 'NONE', #353, 1000.000000000000000 ) ;
#2197 = VECTOR ( 'NONE', #953, 1000.000000000000000 ) ;
#2198 = ORIENTED_EDGE ( 'NONE', *, *, #714, .T. ) ;
#2199 = ORIENTED_EDGE ( 'NONE', *, *, #413, .T. ) ;
#2200 = LINE ( 'NONE', #1229, #4319 ) ;
#2201 = CARTESIAN_POINT ( 'NONE',  ( -1.380000000000000115, 12.50000000000000000, 4.343903740188081564 ) ) ;
#2202 = ADVANCED_FACE ( 'NONE', ( #261 ), #2887, .T. ) ;
#2203 = CARTESIAN_POINT ( 'NONE',  ( 1.379999999999999671, 12.50000000000000000, 2.027069063257455728 ) ) ;
#2204 = VERTEX_POINT ( 'NONE', #236 ) ;
#2205 = ORIENTED_EDGE ( 'NONE', *, *, #3851, .F. ) ;
#2206 = DIRECTION ( 'NONE',  ( -1.000000000000000000, 0.000000000000000000, 0.000000000000000000 ) ) ;
#2207 = CARTESIAN_POINT ( 'NONE',  ( 0.000000000000000000, 0.000000000000000000, -5.549999999999999822 ) ) ;
#2208 = VECTOR ( 'NONE', #3148, 1000.000000000000114 ) ;
#2209 = EDGE_LOOP ( 'NONE', ( #3732, #4018, #1769, #3247 ) ) ;
#2210 = VECTOR ( 'NONE', #2942, 1000.000000000000000 ) ;
#2211 = CARTESIAN_POINT ( 'NONE',  ( 7.538984264160775162, 0.5192299984139775448, -0.3399443216605124718 ) ) ;
#2212 = FACE_OUTER_BOUND ( 'NONE', #3089, .T. ) ;
#2213 = VECTOR ( 'NONE', #3950, 1000.000000000000000 ) ;
#2214 = FACE_OUTER_BOUND ( 'NONE', #2162, .T. ) ;
#2215 = EDGE_CURVE ( 'NONE', #3984, #3855, #533, .T. ) ;
#2216 = ORIENTED_EDGE ( 'NONE', *, *, #3229, .T. ) ;
#2217 = VECTOR ( 'NONE', #2836, 999.9999999999998863 ) ;
#2218 = ORIENTED_EDGE ( 'NONE', *, *, #238, .T. ) ;
#2219 = DIRECTION ( 'NONE',  ( 0.000000000000000000, 1.000000000000000000, -0.000000000000000000 ) ) ;
#2220 = CIRCLE ( 'NONE', #316, 0.02000000000000005246 ) ;
#2221 = CARTESIAN_POINT ( 'NONE',  ( -7.387304489493806692, 0.1024932425285172144, -2.147281921172478736 ) ) ;
#2222 = ORIENTED_EDGE ( 'NONE', *, *, #1984, .T. ) ;
#2223 = VERTEX_POINT ( 'NONE', #3607 ) ;
#2224 = CIRCLE ( 'NONE', #319, 0.1499999999999999667 ) ;
#2225 = DIRECTION ( 'NONE',  ( 0.000000000000000000, 0.000000000000000000, -1.000000000000000000 ) ) ;
#2226 = PRODUCT ( 'End_Link_KitV2', 'End_Link_KitV2', '', ( #420 ) ) ;
#2227 = DIRECTION ( 'NONE',  ( 0.000000000000000000, 0.000000000000000000, 1.000000000000000000 ) ) ;
#2228 = CIRCLE ( 'NONE', #2366, 0.1700000000000000122 ) ;
#2229 = ORIENTED_EDGE ( 'NONE', *, *, #2652, .F. ) ;
#2230 = CYLINDRICAL_SURFACE ( 'NONE', #3204, 0.1499999999999999667 ) ;
#2231 = CIRCLE ( 'NONE', #325, 7.650000000000000355 ) ;
#2232 = CARTESIAN_POINT ( 'NONE',  ( 7.436247218215989108, 0.2369622845392059252, 1.962867038236999262 ) ) ;
#2233 = ADVANCED_FACE ( 'NONE', ( #199 ), #4278, .T. ) ;
#2234 = CARTESIAN_POINT ( 'NONE',  ( 7.455090054096229046, 0.2887325506386541618, 1.846222793007267660 ) ) ;
#2235 = CARTESIAN_POINT ( 'NONE',  ( -7.383935265155024297, 0.2500000000000000000, -2.000000000000000000 ) ) ;
#2236 = DIRECTION ( 'NONE',  ( 1.000000000000000000, 0.000000000000000000, 0.000000000000000000 ) ) ;
#2237 = EDGE_CURVE ( 'NONE', #2993, #867, #2925, .T. ) ;
#2238 = EDGE_CURVE ( 'NONE', #345, #202, #512, .T. ) ;
#2239 = ORIENTED_EDGE ( 'NONE', *, *, #1900, .F. ) ;
#2240 = EDGE_CURVE ( 'NONE', #2467, #1924, #3571, .T. ) ;
#2241 = ORIENTED_EDGE ( 'NONE', *, *, #106, .F. ) ;
#2242 = PRODUCT_DEFINITION_CONTEXT ( 'detailed design', #831, 'design' ) ;
#2243 = FACE_OUTER_BOUND ( 'NONE', #3771, .T. ) ;
#2244 = PRODUCT_RELATED_PRODUCT_CATEGORY ( 'part', '', ( #2191 ) ) ;
#2245 = EDGE_CURVE ( 'NONE', #4201, #4335, #253, .T. ) ;
#2246 = EDGE_LOOP ( 'NONE', ( #1093, #567, #1633, #943 ) ) ;
#2247 = EDGE_LOOP ( 'NONE', ( #2340, #3469, #3216, #4012 ) ) ;
#2248 = DIRECTION ( 'NONE',  ( -0.000000000000000000, -1.000000000000000000, -0.000000000000000000 ) ) ;
#2249 = LINE ( 'NONE', #3929, #2480 ) ;
#2250 = DIRECTION ( 'NONE',  ( -2.168404344971008868E-16, 0.000000000000000000, -1.000000000000000000 ) ) ;
#2251 = CARTESIAN_POINT ( 'NONE',  ( 7.390737137977263949, 0.1119243667256775432, -1.939606546659004671 ) ) ;
#2252 = CARTESIAN_POINT ( 'NONE',  ( 0.000000000000000000, 6.500000000000000000, 0.000000000000000000 ) ) ;
#2253 = ORIENTED_EDGE ( 'NONE', *, *, #3230, .T. ) ;
#2254 = CARTESIAN_POINT ( 'NONE',  ( 9.368548013477250272E-16, 0.000000000000000000, 7.649999999999999467 ) ) ;
#2255 = LINE ( 'NONE', #3617, #2826 ) ;
#2256 = DIRECTION ( 'NONE',  ( 0.000000000000000000, -0.000000000000000000, -1.000000000000000000 ) ) ;
#2257 = AXIS2_PLACEMENT_3D ( 'NONE', #795, #101, #1205 ) ;
#2258 = ORIENTED_EDGE ( 'NONE', *, *, #292, .T. ) ;
#2259 = VERTEX_POINT ( 'NONE', #592 ) ;
#2260 = AXIS2_PLACEMENT_3D ( 'NONE', #1311, #4252, #1264 ) ;
#2261 = FACE_OUTER_BOUND ( 'NONE', #1270, .T. ) ;
#2262 = EDGE_CURVE ( 'NONE', #3282, #3978, #1865, .T. ) ;
#2263 = ADVANCED_FACE ( 'NONE', ( #221 ), #2904, .T. ) ;
#2264 = AXIS2_PLACEMENT_3D ( 'NONE', #2781, #2458, #2113 ) ;
#2265 = CARTESIAN_POINT ( 'NONE',  ( -1.380000000000000115, 12.34999999999999964, -4.343903740188082452 ) ) ;
#2266 = ORIENTED_EDGE ( 'NONE', *, *, #998, .T. ) ;
#2267 = ORIENTED_EDGE ( 'NONE', *, *, #4112, .F. ) ;
#2268 = CARTESIAN_POINT ( 'NONE',  ( 1.379999999999999671, 6.649999999999999467, 0.7729309367425446498 ) ) ;
#2269 = CIRCLE ( 'NONE', #3312, 0.5000000000000004441 ) ;
#2270 = ADVANCED_FACE ( 'NONE', ( #3583 ), #894, .T. ) ;
#2271 = AXIS2_PLACEMENT_3D ( 'NONE', #1929, #2307, #2945 ) ;
#2272 = CARTESIAN_POINT ( 'NONE',  ( -7.650005296176309422, 3.489064837764161950E-11, 0.3555227094729402904 ) ) ;
#2273 = DIRECTION ( 'NONE',  ( 0.000000000000000000, 0.000000000000000000, -1.000000000000000000 ) ) ;
#2274 = CARTESIAN_POINT ( 'NONE',  ( 1.379999999999999671, 6.500000000000000000, -4.549999999999999822 ) ) ;
#2275 = ORIENTED_EDGE ( 'NONE', *, *, #3152, .F. ) ;
#2276 = CARTESIAN_POINT ( 'NONE',  ( 7.474283120926278556, 0.3414650683642961870, -1.686956171272487870 ) ) ;
#2277 = DIRECTION ( 'NONE',  ( 0.000000000000000000, 0.000000000000000000, -1.000000000000000000 ) ) ;
#2278 = CYLINDRICAL_SURFACE ( 'NONE', #3266, 0.1499999999999999667 ) ;
#2279 = ORIENTED_EDGE ( 'NONE', *, *, #2560, .F. ) ;
#2280 = ORIENTED_EDGE ( 'NONE', *, *, #143, .T. ) ;
#2281 = CIRCLE ( 'NONE', #3120, 0.1299999999999998934 ) ;
#2282 = LINE ( 'NONE', #3622, #895 ) ;
#2283 = DIRECTION ( 'NONE',  ( -1.000000000000000000, -0.000000000000000000, 0.000000000000000000 ) ) ;
#2284 = VECTOR ( 'NONE', #390, 1000.000000000000114 ) ;
#2285 = ORIENTED_EDGE ( 'NONE', *, *, #2485, .F. ) ;
#2286 = CARTESIAN_POINT ( 'NONE',  ( 1.399999999999999689, 6.500000000000000000, 0.8398232385305505199 ) ) ;
#2287 = DIRECTION ( 'NONE',  ( -0.000000000000000000, -1.000000000000000000, -0.000000000000000000 ) ) ;
#2288 = ADVANCED_FACE ( 'NONE', ( #1254 ), #575, .F. ) ;
#2289 = VERTEX_POINT ( 'NONE', #1194 ) ;
#2290 = DIRECTION ( 'NONE',  ( -1.000000000000000000, 0.000000000000000000, 1.156482317317871478E-16 ) ) ;
#2291 = CARTESIAN_POINT ( 'NONE',  ( -1.379999999999999449, 0.02644174998362247564, 0.1586504999017351591 ) ) ;
#2292 = EDGE_CURVE ( 'NONE', #1428, #2019, #2200, .T. ) ;
#2293 = VECTOR ( 'NONE', #2869, 999.9999999999998863 ) ;
#2294 = CARTESIAN_POINT ( 'NONE',  ( 1.400000000000000133, 6.500000000000000000, -0.8529309367425446098 ) ) ;
#2295 = ORIENTED_EDGE ( 'NONE', *, *, #1959, .F. ) ;
#2296 = VECTOR ( 'NONE', #2071, 1000.000000000000114 ) ;
#2297 = AXIS2_PLACEMENT_3D ( 'NONE', #2342, #655, #2026 ) ;
#2298 = CARTESIAN_POINT ( 'NONE',  ( 1.399999999999999689, 12.44809871788125477, 4.429206973128303026 ) ) ;
#2299 = CARTESIAN_POINT ( 'NONE',  ( 0.000000000000000000, 6.500000000000000000, 6.850000000000000533 ) ) ;
#2300 = FACE_OUTER_BOUND ( 'NONE', #568, .T. ) ;
#2301 = ORIENTED_EDGE ( 'NONE', *, *, #524, .F. ) ;
#2302 = ORIENTED_EDGE ( 'NONE', *, *, #2895, .T. ) ;
#2303 = DIRECTION ( 'NONE',  ( -1.000000000000000000, 0.000000000000000000, 0.000000000000000000 ) ) ;
#2304 = EDGE_LOOP ( 'NONE', ( #1605, #1796, #435, #1778 ) ) ;
#2305 = CARTESIAN_POINT ( 'NONE',  ( -9.554072260367373559, 7.517540966287277193, -2.000000000000000000 ) ) ;
#2306 = CARTESIAN_POINT ( 'NONE',  ( 1.379999999999999671, 6.649999999999999467, 4.549999999999999822 ) ) ;
#2307 = DIRECTION ( 'NONE',  ( 0.000000000000000000, 0.000000000000000000, 1.000000000000000000 ) ) ;
#2308 = AXIS2_PLACEMENT_3D ( 'NONE', #2752, #2043, #3376 ) ;
#2309 = DIRECTION ( 'NONE',  ( -0.000000000000000000, 1.000000000000000000, 0.000000000000000000 ) ) ;
#2310 = CARTESIAN_POINT ( 'NONE',  ( 7.506359895903207402, 0.4295952833023403694, 1.297369001487187701 ) ) ;
#2311 = DIRECTION ( 'NONE',  ( -0.3420201433256660484, -0.9396926207859094271, 0.000000000000000000 ) ) ;
#2312 = EDGE_CURVE ( 'NONE', #423, #26, #1823, .T. ) ;
#2313 = CARTESIAN_POINT ( 'NONE',  ( -1.400000000000000133, 6.500000000000000000, -4.400000000000000355 ) ) ;
#2314 = EDGE_CURVE ( 'NONE', #1474, #1888, #713, .T. ) ;
#2315 = ORIENTED_EDGE ( 'NONE', *, *, #4174, .T. ) ;
#2316 = CARTESIAN_POINT ( 'NONE',  ( 3.750000000000000000, 2.000000000000000000, -8.131516293641283255E-16 ) ) ;
#2317 = FACE_OUTER_BOUND ( 'NONE', #1674, .T. ) ;
#2318 = CARTESIAN_POINT ( 'NONE',  ( 4.277209223860364951, 0.3289899283371673366, 2.000000000000000000 ) ) ;
#2319 = ORIENTED_EDGE ( 'NONE', *, *, #3037, .F. ) ;
#2320 = ORIENTED_EDGE ( 'NONE', *, *, #3396, .T. ) ;
#2321 = CARTESIAN_POINT ( 'NONE',  ( 7.376335500664995770, 0.1169959157788279386, -2.028432348775886851 ) ) ;
#2322 = ORIENTED_EDGE ( 'NONE', *, *, #2423, .F. ) ;
#2323 = CYLINDRICAL_SURFACE ( 'NONE', #3483, 0.5000000000000004441 ) ;
#2324 = CARTESIAN_POINT ( 'NONE',  ( 1.379999999999999671, 8.744846254575030287, -4.451573192761283160 ) ) ;
#2325 = AXIS2_PLACEMENT_3D ( 'NONE', #55, #3712, #1815 ) ;
#2326 = CIRCLE ( 'NONE', #448, 0.02000000000000005246 ) ;
#2327 = EDGE_CURVE ( 'NONE', #3564, #2630, #2030, .T. ) ;
#2328 = DIRECTION ( 'NONE',  ( -0.000000000000000000, 0.000000000000000000, 1.000000000000000000 ) ) ;
#2329 = CARTESIAN_POINT ( 'NONE',  ( 7.470951362803367246, -2.044406041891086941E-10, -1.647562575405490337 ) ) ;
#2330 = CYLINDRICAL_SURFACE ( 'NONE', #2598, 0.02000000000000005246 ) ;
#2331 = CARTESIAN_POINT ( 'NONE',  ( 1.390180519077591104, 6.500000000000000000, -0.8009322421621059007 ) ) ;
#2332 = CIRCLE ( 'NONE', #2067, 0.5000000000000000000 ) ;
#2333 = LINE ( 'NONE', #667, #1299 ) ;
#2334 = ORIENTED_EDGE ( 'NONE', *, *, #376, .F. ) ;
#2335 = CARTESIAN_POINT ( 'NONE',  ( -1.379999999999999671, 6.500000000000000000, 0.7729309367425446498 ) ) ;
#2336 = CARTESIAN_POINT ( 'NONE',  ( 0.000000000000000000, 1.699999999999999734, -7.049999999999998046 ) ) ;
#2337 = DIRECTION ( 'NONE',  ( 0.000000000000000000, 0.000000000000000000, -1.000000000000000000 ) ) ;
#2338 = EDGE_LOOP ( 'NONE', ( #3620, #203, #2267, #880 ) ) ;
#2339 = CARTESIAN_POINT ( 'NONE',  ( 1.399999999999999689, 6.500000000000000000, 0.8529309367425446098 ) ) ;
#2340 = ORIENTED_EDGE ( 'NONE', *, *, #3915, .F. ) ;
#2341 = ORIENTED_EDGE ( 'NONE', *, *, #586, .F. ) ;
#2342 = CARTESIAN_POINT ( 'NONE',  ( 3.750000000000000000, 2.000000000000000000, -8.131516293641283255E-16 ) ) ;
#2343 = CARTESIAN_POINT ( 'NONE',  ( 3.887799663764916147, 7.623296525288699970E-18, 2.193123007596369689 ) ) ;
#2344 = AXIS2_PLACEMENT_3D ( 'NONE', #3494, #1834, #2172 ) ;
#2345 = EDGE_CURVE ( 'NONE', #1540, #4071, #1102, .T. ) ;
#2346 = AXIS2_PLACEMENT_3D ( 'NONE', #923, #2256, #1964 ) ;
#2347 = VECTOR ( 'NONE', #260, 999.9999999999998863 ) ;
#2348 = LINE ( 'NONE', #635, #237 ) ;
#2349 = DIRECTION ( 'NONE',  ( -1.000000000000000000, 0.000000000000000000, -0.000000000000000000 ) ) ;
#2350 = CARTESIAN_POINT ( 'NONE',  ( 1.379999999999999671, 0.000000000000000000, 4.379999999999999893 ) ) ;
#2351 = AXIS2_PLACEMENT_3D ( 'NONE', #2252, #3592, #3977 ) ;
#2352 = AXIS2_PLACEMENT_3D ( 'NONE', #2710, #721, #48 ) ;
#2353 = DIRECTION ( 'NONE',  ( 0.000000000000000000, 0.1643989873053274264, 0.9863939238321487446 ) ) ;
#2354 = DIRECTION ( 'NONE',  ( 0.000000000000000000, -0.6561787149247862994, 0.7546055221635049604 ) ) ;
#2355 = CARTESIAN_POINT ( 'NONE',  ( 3.750000000000000000, 2.000000000000000000, 0.9999999999999995559 ) ) ;
#2356 = DIRECTION ( 'NONE',  ( 0.000000000000000000, -1.000000000000000000, -0.000000000000000000 ) ) ;
#2357 = LINE ( 'NONE', #2988, #2419 ) ;
#2358 = CIRCLE ( 'NONE', #1597, 0.1499999999999999667 ) ;
#2359 = ORIENTED_EDGE ( 'NONE', *, *, #2397, .T. ) ;
#2360 = LINE ( 'NONE', #3705, #3412 ) ;
#2361 = CYLINDRICAL_SURFACE ( 'NONE', #1743, 0.2500000000000002220 ) ;
#2362 = AXIS2_PLACEMENT_3D ( 'NONE', #2306, #3385, #3362 ) ;
#2363 = CYLINDRICAL_SURFACE ( 'NONE', #2547, 0.1499999999999999667 ) ;
#2364 = ORIENTED_EDGE ( 'NONE', *, *, #1910, .F. ) ;
#2365 = CARTESIAN_POINT ( 'NONE',  ( -1.380000000000000115, 6.649999999999999467, 4.379999999999999893 ) ) ;
#2366 = AXIS2_PLACEMENT_3D ( 'NONE', #2901, #1225, #4173 ) ;
#2367 = VERTEX_POINT ( 'NONE', #973 ) ;
#2368 = VERTEX_POINT ( 'NONE', #951 ) ;
#2369 = CARTESIAN_POINT ( 'NONE',  ( -1.399999999999999689, 6.622052172158088723, 0.9406179037940091137 ) ) ;
#2370 = CARTESIAN_POINT ( 'NONE',  ( -1.399999999999999467, -3.035766082959410566E-17, -1.214306433183764720E-16 ) ) ;
#2371 = LINE ( 'NONE', #3714, #3425 ) ;
#2372 = EDGE_CURVE ( 'NONE', #1035, #572, #4032, .T. ) ;
#2373 = EDGE_CURVE ( 'NONE', #1895, #2881, #1670, .T. ) ;
#2374 = EDGE_CURVE ( 'NONE', #3731, #2892, #3224, .T. ) ;
#2375 = ORIENTED_EDGE ( 'NONE', *, *, #1232, .F. ) ;
#2376 = CARTESIAN_POINT ( 'NONE',  ( -4.119245407154226157, 0.09982760539467686045, -2.040473579058044606 ) ) ;
#2377 = CARTESIAN_POINT ( 'NONE',  ( 1.399999999999999467, 9.768344573749498494, 5.549999999999999822 ) ) ;
#2378 = EDGE_CURVE ( 'NONE', #1711, #762, #3666, .T. ) ;
#2379 = DIRECTION ( 'NONE',  ( -8.673617379884035472E-17, -0.000000000000000000, -1.000000000000000000 ) ) ;
#2380 = CARTESIAN_POINT ( 'NONE',  ( 1.379999999999999671, 8.631655426250503638, 4.379999999999999893 ) ) ;
#2381 = FACE_OUTER_BOUND ( 'NONE', #3402, .T. ) ;
#2382 = PLANE ( 'NONE',  #1947 ) ;
#2383 = DIRECTION ( 'NONE',  ( 0.000000000000000000, 0.000000000000000000, 1.000000000000000000 ) ) ;
#2384 = ORIENTED_EDGE ( 'NONE', *, *, #550, .T. ) ;
#2385 = LINE ( 'NONE', #1690, #3331 ) ;
#2386 = DIRECTION ( 'NONE',  ( -1.000000000000000000, -0.000000000000000000, -0.000000000000000000 ) ) ;
#2387 = CARTESIAN_POINT ( 'NONE',  ( -1.393823247546297717, 6.500000000000000000, 0.8140959846906092867 ) ) ;
#2388 = VERTEX_POINT ( 'NONE', #11 ) ;
#2389 = ORIENTED_EDGE ( 'NONE', *, *, #823, .T. ) ;
#2390 = ORIENTED_EDGE ( 'NONE', *, *, #873, .T. ) ;
#2391 = EDGE_CURVE ( 'NONE', #2771, #1969, #3315, .T. ) ;
#2392 = CARTESIAN_POINT ( 'NONE',  ( 0.000000000000000000, 0.000000000000000000, 0.000000000000000000 ) ) ;
#2393 = CARTESIAN_POINT ( 'NONE',  ( 1.380839982702823265, 6.500000000000000000, -4.547699037355532603 ) ) ;
#2394 = VERTEX_POINT ( 'NONE', #300 ) ;
#2395 = CARTESIAN_POINT ( 'NONE',  ( -10.08616114660532759, 7.517540966287275417, 2.000000000000000000 ) ) ;
#2396 = DIRECTION ( 'NONE',  ( 0.000000000000000000, -0.7546055221635044052, -0.6561787149247869655 ) ) ;
#2397 = EDGE_CURVE ( 'NONE', #1468, #938, #1367, .T. ) ;
#2398 = CARTESIAN_POINT ( 'NONE',  ( -1.156482317317871971E-16, 0.000000000000000000, -1.000000000000000000 ) ) ;
#2399 = AXIS2_PLACEMENT_3D ( 'NONE', #2719, #96, #4123 ) ;
#2400 = CARTESIAN_POINT ( 'NONE',  ( -7.428804460875682913, 0.2165134768082363215, -2.000000000000000000 ) ) ;
#2401 = CARTESIAN_POINT ( 'NONE',  ( -1.380839982702823709, 6.500000000000000000, 4.547699037355532603 ) ) ;
#2402 = CIRCLE ( 'NONE', #937, 0.5000000000000004441 ) ;
#2403 = VERTEX_POINT ( 'NONE', #324 ) ;
#2404 = LINE ( 'NONE', #4330, #395 ) ;
#2405 = DIRECTION ( 'NONE',  ( 1.000000000000000000, 2.168404344971008252E-17, -8.673617379884035472E-17 ) ) ;
#2406 = VECTOR ( 'NONE', #3122, 1000.000000000000000 ) ;
#2407 = ORIENTED_EDGE ( 'NONE', *, *, #1850, .F. ) ;
#2408 = DIRECTION ( 'NONE',  ( 1.000000000000000000, 2.168404344971008252E-17, 8.673617379884035472E-17 ) ) ;
#2409 = EDGE_LOOP ( 'NONE', ( #1508, #955, #1572, #3355 ) ) ;
#2410 = ORIENTED_EDGE ( 'NONE', *, *, #4269, .F. ) ;
#2411 = DIRECTION ( 'NONE',  ( 0.000000000000000000, 0.000000000000000000, -1.000000000000000000 ) ) ;
#2412 = DIRECTION ( 'NONE',  ( 0.000000000000000000, 0.000000000000000000, 1.000000000000000000 ) ) ;
#2413 = DIRECTION ( 'NONE',  ( 0.000000000000000000, -1.000000000000000000, 0.000000000000000000 ) ) ;
#2414 = VERTEX_POINT ( 'NONE', #2700 ) ;
#2415 = ORIENTED_EDGE ( 'NONE', *, *, #2827, .T. ) ;
#2416 = LINE ( 'NONE', #3759, #2715 ) ;
#2417 = CIRCLE ( 'NONE', #3407, 0.1499999999999999667 ) ;
#2418 = FACE_OUTER_BOUND ( 'NONE', #4043, .T. ) ;
#2419 = VECTOR ( 'NONE', #995, 1000.000000000000000 ) ;
#2420 = LINE ( 'NONE', #3764, #3243 ) ;
#2421 = EDGE_CURVE ( 'NONE', #572, #2368, #2224, .T. ) ;
#2422 = PLANE ( 'NONE',  #1374 ) ;
#2423 = EDGE_CURVE ( 'NONE', #4347, #4254, #1682, .T. ) ;
#2424 = ORIENTED_EDGE ( 'NONE', *, *, #161, .F. ) ;
#2425 = AXIS2_PLACEMENT_3D ( 'NONE', #3590, #244, #3267 ) ;
#2426 = DIRECTION ( 'NONE',  ( -5.122298795473438989E-17, -0.6561787149247869655, -0.7546055221635044052 ) ) ;
#2427 = PRODUCT_DEFINITION ( 'UNKNOWN', '', #4005, #2594 ) ;
#2428 = DIRECTION ( 'NONE',  ( -0.000000000000000000, 0.000000000000000000, 1.000000000000000000 ) ) ;
#2429 = VECTOR ( 'NONE', #2947, 1000.000000000000000 ) ;
#2430 = ORIENTED_EDGE ( 'NONE', *, *, #1579, .T. ) ;
#2431 = DIRECTION ( 'NONE',  ( -0.3420201433256659374, 0.9396926207859094271, 0.000000000000000000 ) ) ;
#2432 = ADVANCED_BREP_SHAPE_REPRESENTATION ( '', ( #1099, #2550 ), #1720 ) ;
#2433 = ORIENTED_EDGE ( 'NONE', *, *, #474, .T. ) ;
#2434 = VECTOR ( 'NONE', #1489, 1000.000000000000000 ) ;
#2435 = ORIENTED_EDGE ( 'NONE', *, *, #295, .F. ) ;
#2436 = DIRECTION ( 'NONE',  ( 0.000000000000000000, 0.000000000000000000, -1.000000000000000000 ) ) ;
#2437 = DIRECTION ( 'NONE',  ( -1.000000000000000000, -0.000000000000000000, -0.000000000000000000 ) ) ;
#2438 = CARTESIAN_POINT ( 'NONE',  ( 1.379999999999999671, 6.500000000000000000, -4.549999999999999822 ) ) ;
#2439 = AXIS2_PLACEMENT_3D ( 'NONE', #2532, #3864, #2725 ) ;
#2440 = ORIENTED_EDGE ( 'NONE', *, *, #1127, .T. ) ;
#2441 = ORIENTED_EDGE ( 'NONE', *, *, #2171, .T. ) ;
#2442 = AXIS2_PLACEMENT_3D ( 'NONE', #297, #1336, #1315 ) ;
#2443 = CARTESIAN_POINT ( 'NONE',  ( 1.379999999999999671, 8.631655426250503638, -4.549999999999998934 ) ) ;
#2444 = EDGE_LOOP ( 'NONE', ( #1172, #1403, #1905, #2995, #2455, #1177 ) ) ;
#2445 = DIRECTION ( 'NONE',  ( 0.000000000000000000, 0.000000000000000000, 1.000000000000000000 ) ) ;
#2446 = DIRECTION ( 'NONE',  ( 1.000000000000000000, 2.168404344971005170E-17, 0.000000000000000000 ) ) ;
#2447 = DIRECTION ( 'NONE',  ( 0.000000000000000000, -0.6561787149247862994, -0.7546055221635049604 ) ) ;
#2448 = ORIENTED_EDGE ( 'NONE', *, *, #4196, .T. ) ;
#2449 = CARTESIAN_POINT ( 'NONE',  ( -3.807362913467408738, 0.000000000000000000, 2.250000000000000444 ) ) ;
#2450 = CARTESIAN_POINT ( 'NONE',  ( -1.400000000000000355, 9.281463325509363926, -8.070837674355974656 ) ) ;
#2451 = EDGE_CURVE ( 'NONE', #938, #26, #2633, .T. ) ;
#2452 = DIRECTION ( 'NONE',  ( -1.000000000000000000, -2.168404344971008252E-17, -8.673617379884035472E-17 ) ) ;
#2453 = VERTEX_POINT ( 'NONE', #3644 ) ;
#2454 = ADVANCED_FACE ( 'NONE', ( #636, #1395, #1341 ), #1986, .T. ) ;
#2455 = ORIENTED_EDGE ( 'NONE', *, *, #1741, .F. ) ;
#2456 = ORIENTED_EDGE ( 'NONE', *, *, #3004, .T. ) ;
#2457 = FILL_AREA_STYLE ('',( #4023 ) ) ;
#2458 = DIRECTION ( 'NONE',  ( 0.000000000000000000, -0.6561787149247684248, 0.7546055221635205035 ) ) ;
#2459 = CARTESIAN_POINT ( 'NONE',  ( 3.405877273185280885, 1.499999999999999556, 6.850000000000000533 ) ) ;
#2460 = APPLICATION_PROTOCOL_DEFINITION ( 'draft international standard', 'automotive_design', 1998, #1268 ) ;
#2461 = DIRECTION ( 'NONE',  ( 0.3420201433256659374, -0.9396926207859094271, 0.000000000000000000 ) ) ;
#2462 = ORIENTED_EDGE ( 'NONE', *, *, #1459, .T. ) ;
#2463 = DIRECTION ( 'NONE',  ( 0.000000000000000000, 0.000000000000000000, 1.000000000000000000 ) ) ;
#2464 = DIRECTION ( 'NONE',  ( 1.000000000000000000, -0.000000000000000000, 0.000000000000000000 ) ) ;
#2465 = DIRECTION ( 'NONE',  ( -1.000000000000000000, -0.000000000000000000, -0.000000000000000000 ) ) ;
#2466 = CARTESIAN_POINT ( 'NONE',  ( -1.400000000000000133, 12.44809871788125477, -4.429206973128303915 ) ) ;
#2467 = VERTEX_POINT ( 'NONE', #4321 ) ;
#2468 = ADVANCED_FACE ( 'NONE', ( #1319 ), #2655, .T. ) ;
#2469 = FACE_OUTER_BOUND ( 'NONE', #3920, .T. ) ;
#2470 = CARTESIAN_POINT ( 'NONE',  ( 7.471550747212807764, -1.229237960738393318E-10, 1.644839852745446196 ) ) ;
#2471 = ORIENTED_EDGE ( 'NONE', *, *, #551, .F. ) ;
#2472 = AXIS2_PLACEMENT_3D ( 'NONE', #2833, #4228, #3560 ) ;
#2473 = ORIENTED_EDGE ( 'NONE', *, *, #798, .T. ) ;
#2474 = ORIENTED_EDGE ( 'NONE', *, *, #1549, .F. ) ;
#2475 = CARTESIAN_POINT ( 'NONE',  ( -1.000000000000000000, 4.750000000000000000, 0.9999999999999997780 ) ) ;
#2476 = AXIS2_PLACEMENT_3D ( 'NONE', #782, #450, #2167 ) ;
#2477 = CARTESIAN_POINT ( 'NONE',  ( -1.379999999999999893, 6.649999999999999467, -4.379999999999999893 ) ) ;
#2478 = CARTESIAN_POINT ( 'NONE',  ( 3.405877273185284881, 6.500000000000000000, -6.849999999999998757 ) ) ;
#2479 = CARTESIAN_POINT ( 'NONE',  ( 1.379999999999999671, 12.37465984809580277, 1.879109974682634077 ) ) ;
#2480 = VECTOR ( 'NONE', #1638, 1000.000000000000114 ) ;
#2481 = ORIENTED_EDGE ( 'NONE', *, *, #3279, .T. ) ;
#2482 = ORIENTED_EDGE ( 'NONE', *, *, #1978, .T. ) ;
#2483 = CARTESIAN_POINT ( 'NONE',  ( 0.000000000000000000, 1.499999999999999556, 0.000000000000000000 ) ) ;
#2484 = EDGE_CURVE ( 'NONE', #1755, #3731, #4004, .T. ) ;
#2485 = EDGE_CURVE ( 'NONE', #4273, #1392, #3693, .T. ) ;
#2486 = ADVANCED_FACE ( 'NONE', ( #3781 ), #2580, .T. ) ;
#2487 = CARTESIAN_POINT ( 'NONE',  ( -1.393823247546298383, 6.500000000000000000, -4.508834952051935296 ) ) ;
#2488 = DIRECTION ( 'NONE',  ( 0.000000000000000000, 1.000000000000000000, -0.000000000000000000 ) ) ;
#2489 = DIRECTION ( 'NONE',  ( 2.168404344971008252E-17, -1.000000000000000000, 0.000000000000000000 ) ) ;
#2490 = VECTOR ( 'NONE', #3709, 1000.000000000000000 ) ;
#2491 = ORIENTED_EDGE ( 'NONE', *, *, #980, .F. ) ;
#2492 = AXIS2_PLACEMENT_3D ( 'NONE', #3535, #521, #3197 ) ;
#2493 = CARTESIAN_POINT ( 'NONE',  ( -1.379999999999999893, 12.50000000000000000, 2.027069063257455728 ) ) ;
#2494 = CARTESIAN_POINT ( 'NONE',  ( 7.349999999999980105, 15.03508193257454195, -2.000000000000000000 ) ) ;
#2495 = VERTEX_POINT ( 'NONE', #1101 ) ;
#2496 = VECTOR ( 'NONE', #1398, 1000.000000000000000 ) ;
#2497 = SURFACE_STYLE_USAGE ( .BOTH. , #1160 ) ;
#2498 = AXIS2_PLACEMENT_3D ( 'NONE', #2646, #940, #2622 ) ;
#2499 = DIRECTION ( 'NONE',  ( 5.122298795473439605E-17, 0.6561787149247869655, 0.7546055221635044052 ) ) ;
#2500 = DIRECTION ( 'NONE',  ( 0.000000000000000000, -1.000000000000000000, -0.000000000000000000 ) ) ;
#2501 = LINE ( 'NONE', #2526, #1692 ) ;
#2502 = CARTESIAN_POINT ( 'NONE',  ( 1.379999999999999671, 9.768344573749500270, -5.400000000000000355 ) ) ;
#2503 = AXIS2_PLACEMENT_3D ( 'NONE', #2089, #2994, #411 ) ;
#2504 = CIRCLE ( 'NONE', #1818, 7.650000000000000355 ) ;
#2505 = AXIS2_PLACEMENT_3D ( 'NONE', #2170, #3812, #3129 ) ;
#2506 = EDGE_LOOP ( 'NONE', ( #3779, #1566, #3505, #879 ) ) ;
#2507 = AXIS2_PLACEMENT_3D ( 'NONE', #2365, #1, #363 ) ;
#2508 = EDGE_CURVE ( 'NONE', #2513, #3232, #780, .T. ) ;
#2509 = DIRECTION ( 'NONE',  ( -1.000000000000000000, -2.168404344971008252E-17, -8.673617379884035472E-17 ) ) ;
#2510 = VECTOR ( 'NONE', #1827, 1000.000000000000000 ) ;
#2511 = ADVANCED_FACE ( 'NONE', ( #127 ), #797, .T. ) ;
#2512 = ADVANCED_FACE ( 'NONE', ( #2143 ), #2814, .T. ) ;
#2513 = VERTEX_POINT ( 'NONE', #3435 ) ;
#2514 = CARTESIAN_POINT ( 'NONE',  ( -4.240375615359628370, 0.2500000000000000000, 2.000000000000000000 ) ) ;
#2515 = CIRCLE ( 'NONE', #2789, 0.02000000000000005246 ) ;
#2516 = VECTOR ( 'NONE', #3022, 1000.000000000000000 ) ;
#2517 = EDGE_CURVE ( 'NONE', #4164, #28, #4323, .T. ) ;
#2518 = DIRECTION ( 'NONE',  ( 0.000000000000000000, 0.000000000000000000, 1.000000000000000000 ) ) ;
#2519 = PLANE ( 'NONE',  #3603 ) ;
#2520 = DIRECTION ( 'NONE',  ( 0.9396926207859094271, -0.3420201433256659374, 0.000000000000000000 ) ) ;
#2521 = ORIENTED_EDGE ( 'NONE', *, *, #2052, .F. ) ;
#2522 = CARTESIAN_POINT ( 'NONE',  ( -3.262446522120520331, 1.546643593403175920, 6.919607353035441832 ) ) ;
#2523 = FACE_OUTER_BOUND ( 'NONE', #2861, .T. ) ;
#2524 = ORIENTED_EDGE ( 'NONE', *, *, #596, .F. ) ;
#2525 = CARTESIAN_POINT ( 'NONE',  ( -1.380000000000000115, 6.500000000000000000, -4.549999999999999822 ) ) ;
#2526 = CARTESIAN_POINT ( 'NONE',  ( -1.379999999999999227, 2.775349838536065761, 2.413347685683533417 ) ) ;
#2527 = CARTESIAN_POINT ( 'NONE',  ( -7.349999999999996980, 15.03508193257455083, -2.000000000000000000 ) ) ;
#2528 = ORIENTED_EDGE ( 'NONE', *, *, #2397, .F. ) ;
#2529 = EDGE_CURVE ( 'NONE', #3375, #3775, #2416, .T. ) ;
#2530 = FACE_OUTER_BOUND ( 'NONE', #809, .T. ) ;
#2531 = ORIENTED_EDGE ( 'NONE', *, *, #3911, .T. ) ;
#2532 = CARTESIAN_POINT ( 'NONE',  ( 1.379999999999999671, 11.43165542625050612, -5.530000000000000249 ) ) ;
#2533 = CARTESIAN_POINT ( 'NONE',  ( -2.969848480983505290, 1.499999999999999556, -7.049999999999998046 ) ) ;
#2534 = AXIS2_PLACEMENT_3D ( 'NONE', #1672, #3997, #69 ) ;
#2535 = CARTESIAN_POINT ( 'NONE',  ( -7.424642961196868285, 0.2050798504094180630, -1.252359421303429476 ) ) ;
#2536 = ORIENTED_EDGE ( 'NONE', *, *, #1266, .F. ) ;
#2537 = VERTEX_POINT ( 'NONE', #3118 ) ;
#2538 = CARTESIAN_POINT ( 'NONE',  ( 1.379999999999999671, 2.790441948979335951, -2.426471259982029505 ) ) ;
#2539 = CARTESIAN_POINT ( 'NONE',  ( -1.380000000000000115, 8.631655426250503638, -4.549999999999998934 ) ) ;
#2540 = EDGE_CURVE ( 'NONE', #791, #4202, #1766, .T. ) ;
#2541 = ORIENTED_EDGE ( 'NONE', *, *, #4338, .T. ) ;
#2542 = DIRECTION ( 'NONE',  ( 0.000000000000000000, -1.000000000000000000, 0.000000000000000000 ) ) ;
#2543 = DIRECTION ( 'NONE',  ( -0.000000000000000000, 0.000000000000000000, 1.000000000000000000 ) ) ;
#2544 = CIRCLE ( 'NONE', #3382, 0.1700000000000000122 ) ;
#2545 = CARTESIAN_POINT ( 'NONE',  ( 1.156482317317871725E-16, 2.000000000000000000, 1.000000000000000000 ) ) ;
#2546 = VERTEX_POINT ( 'NONE', #79 ) ;
#2547 = AXIS2_PLACEMENT_3D ( 'NONE', #2105, #3397, #2063 ) ;
#2548 = ORIENTED_EDGE ( 'NONE', *, *, #3284, .F. ) ;
#2549 = CARTESIAN_POINT ( 'NONE',  ( 1.000000000000000000, 2.000000000000000000, 0.000000000000000000 ) ) ;
#2550 = AXIS2_PLACEMENT_3D ( 'NONE', #2579, #594, #3584 ) ;
#2551 = CARTESIAN_POINT ( 'NONE',  ( -1.380000000000000115, 6.500000000000000000, 4.549999999999999822 ) ) ;
#2552 = ORIENTED_EDGE ( 'NONE', *, *, #78, .T. ) ;
#2553 = ORIENTED_EDGE ( 'NONE', *, *, #2373, .F. ) ;
#2554 = CARTESIAN_POINT ( 'NONE',  ( 3.807362913467409626, 0.000000000000000000, 2.250000000000000444 ) ) ;
#2555 = CARTESIAN_POINT ( 'NONE',  ( -7.538976480598592822, 0.5192086132526445574, -0.3724371294925040710 ) ) ;
#2556 = LINE ( 'NONE', #623, #2429 ) ;
#2557 = EDGE_CURVE ( 'NONE', #28, #3383, #1058, .T. ) ;
#2558 = CARTESIAN_POINT ( 'NONE',  ( 7.390867921507785709, 0.1122836915227296700, 1.938352412770697253 ) ) ;
#2559 = AXIS2_PLACEMENT_3D ( 'NONE', #2131, #3468, #1852 ) ;
#2560 = EDGE_CURVE ( 'NONE', #4260, #553, #1121, .T. ) ;
#2561 = APPLICATION_CONTEXT ( 'automotive_design' ) ;
#2562 = EDGE_CURVE ( 'NONE', #2778, #2112, #116, .T. ) ;
#2563 = CIRCLE ( 'NONE', #2264, 0.01999999999999996225 ) ;
#2564 = PRODUCT_RELATED_PRODUCT_CATEGORY ( 'part', '', ( #1567 ) ) ;
#2565 = CARTESIAN_POINT ( 'NONE',  ( 7.512307950397953960, 0.4459374287163356820, -1.188133616803962234 ) ) ;
#2566 = LINE ( 'NONE', #3199, #1069 ) ;
#2567 = VECTOR ( 'NONE', #1603, 1000.000000000000000 ) ;
#2568 = EDGE_CURVE ( 'NONE', #1894, #2596, #3630, .T. ) ;
#2569 = VERTEX_POINT ( 'NONE', #2163 ) ;
#2570 = CIRCLE ( 'NONE', #1302, 0.1299999999999998934 ) ;
#2571 = ORIENTED_EDGE ( 'NONE', *, *, #246, .T. ) ;
#2572 = DIRECTION ( 'NONE',  ( -1.000000000000000000, -2.168404344971008252E-17, -8.673617379884035472E-17 ) ) ;
#2573 = CARTESIAN_POINT ( 'NONE',  ( 0.000000000000000000, 6.500000000000000000, 0.000000000000000000 ) ) ;
#2574 = AXIS2_PLACEMENT_3D ( 'NONE', #1492, #157, #832 ) ;
#2575 = ORIENTED_EDGE ( 'NONE', *, *, #3441, .F. ) ;
#2576 = B_SPLINE_CURVE_WITH_KNOTS ( 'NONE', 3,
 ( #3956, #3306, #4229, #548 ),
 .UNSPECIFIED., .F., .F.,
 ( 4, 4 ),
 ( 6.893846602956993406E-19, 0.0002211138402818977689 ),
 .UNSPECIFIED. ) ;
#2577 = ORIENTED_EDGE ( 'NONE', *, *, #2292, .F. ) ;
#2578 = DIRECTION ( 'NONE',  ( 1.000000000000000000, 0.000000000000000000, 0.000000000000000000 ) ) ;
#2579 = CARTESIAN_POINT ( 'NONE',  ( 0.000000000000000000, 0.000000000000000000, 0.000000000000000000 ) ) ;
#2580 = TOROIDAL_SURFACE ( 'NONE', #192, 0.1699999999999999845, 0.02000000000000000042 ) ;
#2581 = VERTEX_POINT ( 'NONE', #1077 ) ;
#2582 = LINE ( 'NONE', #3908, #4034 ) ;
#2583 = AXIS2_PLACEMENT_3D ( 'NONE', #3734, #3776, #774 ) ;
#2584 = CARTESIAN_POINT ( 'NONE',  ( 7.624809226758781477, 3.827534035429997434E-10, -0.7116974013224371953 ) ) ;
#2585 = LINE ( 'NONE', #2642, #3955 ) ;
#2586 = ORIENTED_EDGE ( 'NONE', *, *, #4140, .F. ) ;
#2587 = ADVANCED_FACE ( 'NONE', ( #3506 ), #491, .T. ) ;
#2588 = CARTESIAN_POINT ( 'NONE',  ( 3.405877273185284881, 1.676175380897986900, -6.849999999999997868 ) ) ;
#2589 = ADVANCED_FACE ( 'NONE', ( #148 ), #1506, .F. ) ;
#2590 = PLANE ( 'NONE',  #1145 ) ;
#2591 = ORIENTED_EDGE ( 'NONE', *, *, #1568, .F. ) ;
#2592 = ADVANCED_FACE ( 'NONE', ( #2243 ), #1189, .T. ) ;
#2593 = ORIENTED_EDGE ( 'NONE', *, *, #1062, .T. ) ;
#2594 = PRODUCT_DEFINITION_CONTEXT ( 'detailed design', #1268, 'design' ) ;
#2595 = FACE_OUTER_BOUND ( 'NONE', #673, .T. ) ;
#2596 = VERTEX_POINT ( 'NONE', #3541 ) ;
#2597 = ORIENTED_EDGE ( 'NONE', *, *, #1657, .T. ) ;
#2598 = AXIS2_PLACEMENT_3D ( 'NONE', #2350, #3695, #2116 ) ;
#2599 = DIRECTION ( 'NONE',  ( 0.000000000000000000, 0.000000000000000000, 1.000000000000000000 ) ) ;
#2600 =( LENGTH_UNIT ( ) NAMED_UNIT ( * ) SI_UNIT ( .MILLI., .METRE. ) );
#2601 = DIRECTION ( 'NONE',  ( 0.000000000000000000, -1.000000000000000000, 0.000000000000000000 ) ) ;
#2602 = CARTESIAN_POINT ( 'NONE',  ( 7.436007011109982301, 0.2363023209394641833, -1.964184266446205251 ) ) ;
#2603 = EDGE_LOOP ( 'NONE', ( #3767, #444, #1006, #1640 ) ) ;
#2604 = DIRECTION ( 'NONE',  ( -1.000000000000000000, -0.000000000000000000, -0.000000000000000000 ) ) ;
#2605 = LINE ( 'NONE', #1979, #445 ) ;
#2606 = VECTOR ( 'NONE', #1610, 1000.000000000000000 ) ;
#2607 = VERTEX_POINT ( 'NONE', #4212 ) ;
#2608 = ORIENTED_EDGE ( 'NONE', *, *, #2484, .T. ) ;
#2609 = AXIS2_PLACEMENT_3D ( 'NONE', #1001, #2647, #2337 ) ;
#2610 = CARTESIAN_POINT ( 'NONE',  ( 9.368548013477250272E-16, 0.000000000000000000, 7.650000000000000355 ) ) ;
#2611 = CARTESIAN_POINT ( 'NONE',  ( -7.396227049372564366, -6.789962301653563927E-11, 1.954407274172709652 ) ) ;
#2612 = ADVANCED_FACE ( 'NONE', ( #3845 ), #4256, .F. ) ;
#2613 = TOROIDAL_SURFACE ( 'NONE', #2831, 0.1699999999999999845, 0.02000000000000000042 ) ;
#2614 = ORIENTED_EDGE ( 'NONE', *, *, #1801, .T. ) ;
#2615 = FACE_OUTER_BOUND ( 'NONE', #1557, .T. ) ;
#2616 = EDGE_CURVE ( 'NONE', #235, #1334, #617, .T. ) ;
#2617 = DIRECTION ( 'NONE',  ( 0.000000000000000000, 0.000000000000000000, 1.000000000000000000 ) ) ;
#2618 = EDGE_CURVE ( 'NONE', #2621, #3184, #1208, .T. ) ;
#2619 = CARTESIAN_POINT ( 'NONE',  ( 1.156482317317871725E-16, 2.000000000000000000, 1.000000000000000000 ) ) ;
#2620 = CARTESIAN_POINT ( 'NONE',  ( 7.414874592711908186, 6.789954628576835038E-11, -1.882423207858349823 ) ) ;
#2621 = VERTEX_POINT ( 'NONE', #2920 ) ;
#2622 = DIRECTION ( 'NONE',  ( 0.000000000000000000, -0.1643989873053572914, -0.9863939238321437486 ) ) ;
#2623 = DIRECTION ( 'NONE',  ( -0.000000000000000000, -1.000000000000000000, -0.000000000000000000 ) ) ;
#2624 = DIRECTION ( 'NONE',  ( 1.000000000000000000, 0.000000000000000000, 0.000000000000000000 ) ) ;
#2625 = CIRCLE ( 'NONE', #303, 0.1499999999999999667 ) ;
#2626 = EDGE_LOOP ( 'NONE', ( #132, #510, #45, #2733 ) ) ;
#2627 = ORIENTED_EDGE ( 'NONE', *, *, #3823, .T. ) ;
#2628 = VECTOR ( 'NONE', #2770, 1000.000000000000000 ) ;
#2629 = CARTESIAN_POINT ( 'NONE',  ( 4.277209223860364951, 0.3289899283371673366, -2.000000000000000000 ) ) ;
#2630 = VERTEX_POINT ( 'NONE', #528 ) ;
#2631 = CARTESIAN_POINT ( 'NONE',  ( -3.967481043639127236, 0.01857418051918011126, -2.136443145288918988 ) ) ;
#2632 = EDGE_CURVE ( 'NONE', #1327, #156, #3273, .T. ) ;
#2633 = LINE ( 'NONE', #3965, #1033 ) ;
#2634 = AXIS2_PLACEMENT_3D ( 'NONE', #529, #1210, #3924 ) ;
#2635 = ADVANCED_FACE ( 'NONE', ( #2530 ), #3565, .T. ) ;
#2636 = VECTOR ( 'NONE', #2054, 1000.000000000000000 ) ;
#2637 = DIRECTION ( 'NONE',  ( -0.000000000000000000, -1.000000000000000000, -0.000000000000000000 ) ) ;
#2638 = CARTESIAN_POINT ( 'NONE',  ( 7.494510619417281028, 0.3970396637203837398, -1.482359477507205980 ) ) ;
#2639 = CARTESIAN_POINT ( 'NONE',  ( 1.379999999999999671, 6.622052172158088723, -0.9406179037940091137 ) ) ;
#2640 = AXIS2_PLACEMENT_3D ( 'NONE', #176, #1911, #2225 ) ;
#2641 = DIRECTION ( 'NONE',  ( 0.000000000000000000, 0.000000000000000000, -1.000000000000000000 ) ) ;
#2642 = CARTESIAN_POINT ( 'NONE',  ( 1.379999999999999671, 12.37465984809580810, -1.879109974682634965 ) ) ;
#2643 = VERTEX_POINT ( 'NONE', #3265 ) ;
#2644 = AXIS2_PLACEMENT_3D ( 'NONE', #3501, #1903, #1839 ) ;
#2645 = VECTOR ( 'NONE', #3454, 1000.000000000000000 ) ;
#2646 = CARTESIAN_POINT ( 'NONE',  ( 1.379999999999999671, 0.02644174998362252768, 0.1586504999017351591 ) ) ;
#2647 = DIRECTION ( 'NONE',  ( 1.000000000000000000, 2.168404344971008252E-17, -8.673617379884035472E-17 ) ) ;
#2648 = CARTESIAN_POINT ( 'NONE',  ( -3.405877273185284881, 6.500000000000000000, -6.849999999999998757 ) ) ;
#2649 = VERTEX_POINT ( 'NONE', #508 ) ;
#2650 = ORIENTED_EDGE ( 'NONE', *, *, #2378, .F. ) ;
#2651 = DIRECTION ( 'NONE',  ( 0.000000000000000000, 0.000000000000000000, -1.000000000000000000 ) ) ;
#2652 = EDGE_CURVE ( 'NONE', #423, #2653, #1897, .T. ) ;
#2653 = VERTEX_POINT ( 'NONE', #3579 ) ;
#2654 = DIRECTION ( 'NONE',  ( -0.000000000000000000, -1.000000000000000000, -0.000000000000000000 ) ) ;
#2655 = CYLINDRICAL_SURFACE ( 'NONE', #2022, 0.02000000000000053471 ) ;
#2656 = DIRECTION ( 'NONE',  ( 0.000000000000000000, 0.000000000000000000, -1.000000000000000000 ) ) ;
#2657 = CARTESIAN_POINT ( 'NONE',  ( -4.277209223860364062, 0.3289899283371675032, -2.000000000000000000 ) ) ;
#2658 = CARTESIAN_POINT ( 'NONE',  ( -4.530922137642268588, 14.00902150259755174, 2.000000000000000000 ) ) ;
#2659 = DIRECTION ( 'NONE',  ( -0.000000000000000000, -0.000000000000000000, -1.000000000000000000 ) ) ;
#2660 = DIRECTION ( 'NONE',  ( 1.239088197126290817E-16, 0.000000000000000000, 1.000000000000000000 ) ) ;
#2661 = VERTEX_POINT ( 'NONE', #1884 ) ;
#2662 = DIRECTION ( 'NONE',  ( 0.000000000000000000, -0.9863939238321488556, -0.1643989873053274264 ) ) ;
#2663 = ADVANCED_FACE ( 'NONE', ( #4232 ), #4257, .T. ) ;
#2664 = CARTESIAN_POINT ( 'NONE',  ( -1.400000000000000133, 11.43165542625050612, -5.400000000000000355 ) ) ;
#2665 = EDGE_LOOP ( 'NONE', ( #3598, #3790, #1573, #3496 ) ) ;
#2666 = DIRECTION ( 'NONE',  ( 8.673617379884035472E-17, 1.880790961315659671E-33, -1.000000000000000000 ) ) ;
#2667 = ORIENTED_EDGE ( 'NONE', *, *, #4210, .T. ) ;
#2668 = ORIENTED_EDGE ( 'NONE', *, *, #1142, .F. ) ;
#2669 = CARTESIAN_POINT ( 'NONE',  ( -1.379999999999999893, 12.48000000000000043, -2.027069063257456172 ) ) ;
#2670 = ORIENTED_EDGE ( 'NONE', *, *, #2517, .F. ) ;
#2671 = DIRECTION ( 'NONE',  ( 0.000000000000000000, 0.000000000000000000, 1.000000000000000000 ) ) ;
#2672 = DIRECTION ( 'NONE',  ( 0.000000000000000000, -0.7546055221634990762, -0.6561787149247930717 ) ) ;
#2673 = PRODUCT_DEFINITION_SHAPE ( 'NONE', 'NONE',  #4350 ) ;
#2674 = AXIS2_PLACEMENT_3D ( 'NONE', #1407, #367, #2069 ) ;
#2675 = TOROIDAL_SURFACE ( 'NONE', #3599, 0.1699999999999999845, 0.02000000000000000042 ) ;
#2676 = DIRECTION ( 'NONE',  ( 0.3420201433256663259, 0.9396926207859093161, 0.000000000000000000 ) ) ;
#2677 = CARTESIAN_POINT ( 'NONE',  ( -7.443611321952213977, 0.2571949932690044682, 1.926377024980346020 ) ) ;
#2678 = DIRECTION ( 'NONE',  ( -0.000000000000000000, 0.6561787149247685358, 0.7546055221635206145 ) ) ;
#2679 = AXIS2_PLACEMENT_3D ( 'NONE', #3214, #1510, #2183 ) ;
#2680 = DIRECTION ( 'NONE',  ( 0.000000000000000000, -0.7546055221635206145, -0.6561787149247685358 ) ) ;
#2681 = EDGE_LOOP ( 'NONE', ( #121, #492, #58, #1362 ) ) ;
#2682 = ADVANCED_FACE ( 'NONE', ( #2595 ), #4192, .T. ) ;
#2683 = LINE ( 'NONE', #2015, #1660 ) ;
#2684 = CARTESIAN_POINT ( 'NONE',  ( -7.383935265155024297, 0.2500000000000000000, 2.000000000000000000 ) ) ;
#2685 = ADVANCED_FACE ( 'NONE', ( #2882 ), #3228, .T. ) ;
#2686 = DIRECTION ( 'NONE',  ( -0.000000000000000000, 1.000000000000000000, -0.000000000000000000 ) ) ;
#2687 = ORIENTED_EDGE ( 'NONE', *, *, #3203, .F. ) ;
#2688 = DIRECTION ( 'NONE',  ( 0.000000000000000000, 0.000000000000000000, -1.000000000000000000 ) ) ;
#2689 = EDGE_CURVE ( 'NONE', #1586, #907, #2228, .T. ) ;
#2690 = ADVANCED_FACE ( 'NONE', ( #2261 ), #479, .T. ) ;
#2691 = ORIENTED_EDGE ( 'NONE', *, *, #1217, .T. ) ;
#2692 = EDGE_CURVE ( 'NONE', #4233, #1281, #1673, .T. ) ;
#2693 = VERTEX_POINT ( 'NONE', #1944 ) ;
#2694 = SHAPE_REPRESENTATION ( 'End_Link_KitV2', ( #3316, #584, #294 ), #1435 ) ;
#2695 = CARTESIAN_POINT ( 'NONE',  ( -4.240375615359628370, 0.2500000000000000000, 2.000000000000000000 ) ) ;
#2696 = DIRECTION ( 'NONE',  ( 1.000000000000000000, 2.168404344971008252E-17, -8.673617379884035472E-17 ) ) ;
#2697 = CARTESIAN_POINT ( 'NONE',  ( 1.379999999999999671, 11.43165542625050435, 5.530000000000000249 ) ) ;
#2698 = VECTOR ( 'NONE', #2192, 1000.000000000000000 ) ;
#2699 = CARTESIAN_POINT ( 'NONE',  ( 1.380839982702822599, 6.500000000000000000, 0.7752318993870117581 ) ) ;
#2700 = CARTESIAN_POINT ( 'NONE',  ( -4.277209223860363174, 0.3289899283371667260, -2.000000000000000000 ) ) ;
#2701 = CIRCLE ( 'NONE', #2152, 0.02000000000000005246 ) ;
#2702 = AXIS2_PLACEMENT_3D ( 'NONE', #3015, #310, #2991 ) ;
#2703 = CARTESIAN_POINT ( 'NONE',  ( -1.379999999999999449, 0.02972972972972962383, -0.1783783783783780552 ) ) ;
#2704 = PLANE ( 'NONE',  #3810 ) ;
#2705 = DIRECTION ( 'NONE',  ( 0.000000000000000000, 0.000000000000000000, 1.000000000000000000 ) ) ;
#2706 = DIRECTION ( 'NONE',  ( 0.000000000000000000, 0.000000000000000000, -1.000000000000000000 ) ) ;
#2707 = DIRECTION ( 'NONE',  ( 0.000000000000000000, -0.6561787149247684248, 0.7546055221635205035 ) ) ;
#2708 = VECTOR ( 'NONE', #2676, 1000.000000000000114 ) ;
#2709 = EDGE_LOOP ( 'NONE', ( #1113, #4219, #2751, #1919 ) ) ;
#2710 = CARTESIAN_POINT ( 'NONE',  ( 0.000000000000000000, 0.2500000000000000000, -2.250000000000000444 ) ) ;
#2711 = AXIS2_PLACEMENT_3D ( 'NONE', #2268, #4236, #3525 ) ;
#2712 = DIRECTION ( 'NONE',  ( -1.000000000000000000, 0.000000000000000000, -0.000000000000000000 ) ) ;
#2713 = LINE ( 'NONE', #2734, #3691 ) ;
#2714 = CIRCLE ( 'NONE', #3842, 0.1299999999999998934 ) ;
#2715 = VECTOR ( 'NONE', #1457, 1000.000000000000000 ) ;
#2716 = EDGE_LOOP ( 'NONE', ( #2950, #3523, #2133, #254 ) ) ;
#2717 = ADVANCED_FACE ( 'NONE', ( #2178 ), #3522, .T. ) ;
#2718 = ORIENTED_EDGE ( 'NONE', *, *, #3013, .F. ) ;
#2719 = CARTESIAN_POINT ( 'NONE',  ( -1.379999999999999671, 6.649999999999999467, 0.7729309367425446498 ) ) ;
#2720 = DIRECTION ( 'NONE',  ( 0.3420201433256687684, -0.9396926207859084279, 0.000000000000000000 ) ) ;
#2721 = DIRECTION ( 'NONE',  ( 8.673617379884035472E-17, 0.000000000000000000, -1.000000000000000000 ) ) ;
#2722 = EDGE_CURVE ( 'NONE', #1202, #1586, #3968, .T. ) ;
#2723 = ORIENTED_EDGE ( 'NONE', *, *, #2141, .T. ) ;
#2724 = CARTESIAN_POINT ( 'NONE',  ( -9.554072260367373559, 7.517540966287277193, 2.000000000000000000 ) ) ;
#2725 = DIRECTION ( 'NONE',  ( 0.000000000000000000, 0.000000000000000000, 1.000000000000000000 ) ) ;
#2726 = CARTESIAN_POINT ( 'NONE',  ( -1.379999999999999893, 12.48000000000000220, 2.027069063257455728 ) ) ;
#2727 = CARTESIAN_POINT ( 'NONE',  ( -7.443734455109400017, 0.2575332988379566701, -1.925764779798731618 ) ) ;
#2728 = DIRECTION ( 'NONE',  ( 0.000000000000000000, 0.7546055221635050714, -0.6561787149247864104 ) ) ;
#2729 = ORIENTED_EDGE ( 'NONE', *, *, #906, .F. ) ;
#2730 = CARTESIAN_POINT ( 'NONE',  ( -1.000000000000000000, 2.000000000000000000, 3.750000000000000000 ) ) ;
#2731 = DIRECTION ( 'NONE',  ( 1.000000000000000000, 2.168404344971008252E-17, 8.673617379884035472E-17 ) ) ;
#2732 = CARTESIAN_POINT ( 'NONE',  ( 1.379999999999999671, 6.649999999999999467, 4.549999999999999822 ) ) ;
#2733 = ORIENTED_EDGE ( 'NONE', *, *, #2076, .T. ) ;
#2734 = CARTESIAN_POINT ( 'NONE',  ( -1.399999999999999245, 2.790441948979335507, 2.426471259982028617 ) ) ;
#2735 = EDGE_LOOP ( 'NONE', ( #960, #3453, #358, #3163 ) ) ;
#2736 = ORIENTED_EDGE ( 'NONE', *, *, #3610, .T. ) ;
#2737 = DIRECTION ( 'NONE',  ( 0.000000000000000000, 1.156482317317871607E-14, -1.000000000000000000 ) ) ;
#2738 = DIRECTION ( 'NONE',  ( 0.000000000000000000, 1.000000000000000000, 0.000000000000000000 ) ) ;
#2739 = CARTESIAN_POINT ( 'NONE',  ( 1.397319086605161687, 6.500000000000000000, -4.496202024374977846 ) ) ;
#2740 = EDGE_CURVE ( 'NONE', #668, #1755, #3482, .T. ) ;
#2741 = DIRECTION ( 'NONE',  ( -3.564834783817703950E-17, 0.9863939238321437486, -0.1643989873053572637 ) ) ;
#2742 = ADVANCED_FACE ( 'NONE', ( #4314 ), #318, .F. ) ;
#2743 = DIRECTION ( 'NONE',  ( 0.000000000000000000, 0.000000000000000000, -1.000000000000000000 ) ) ;
#2744 = AXIS2_PLACEMENT_3D ( 'NONE', #455, #2428, #3443 ) ;
#2745 = CARTESIAN_POINT ( 'NONE',  ( -7.512307950397951295, 0.4459374287163360706, 1.188133616803961567 ) ) ;
#2746 = CARTESIAN_POINT ( 'NONE',  ( -1.379999999999999893, 12.37465984809580277, -1.879109974682634077 ) ) ;
#2747 = CIRCLE ( 'NONE', #1860, 0.02000000000000053471 ) ;
#2748 = ORIENTED_EDGE ( 'NONE', *, *, #970, .F. ) ;
#2749 = LINE ( 'NONE', #115, #3416 ) ;
#2750 = CARTESIAN_POINT ( 'NONE',  ( -1.400000000000000133, 6.500000000000000000, 0.8529309367425446098 ) ) ;
#2751 = ORIENTED_EDGE ( 'NONE', *, *, #4055, .F. ) ;
#2752 = CARTESIAN_POINT ( 'NONE',  ( 0.000000000000000000, 1.499999999999999556, 0.000000000000000000 ) ) ;
#2753 = ORIENTED_EDGE ( 'NONE', *, *, #1800, .F. ) ;
#2754 = ORIENTED_EDGE ( 'NONE', *, *, #2391, .T. ) ;
#2755 = CARTESIAN_POINT ( 'NONE',  ( 1.385521695682326193, 6.500000000000000000, 4.534868014339770603 ) ) ;
#2756 = FACE_OUTER_BOUND ( 'NONE', #3017, .T. ) ;
#2757 = CYLINDRICAL_SURFACE ( 'NONE', #3904, 0.02000000000000005246 ) ;
#2758 = SHAPE_DEFINITION_REPRESENTATION ( #2926, #769 ) ;
#2759 = LINE ( 'NONE', #708, #903 ) ;
#2760 = LINE ( 'NONE', #691, #2880 ) ;
#2761 = ORIENTED_EDGE ( 'NONE', *, *, #604, .T. ) ;
#2762 = EDGE_LOOP ( 'NONE', ( #3434, #3600, #2955, #4193 ) ) ;
#2763 = CARTESIAN_POINT ( 'NONE',  ( 0.000000000000000000, 0.000000000000000000, 0.000000000000000000 ) ) ;
#2764 = AXIS2_PLACEMENT_3D ( 'NONE', #1480, #2806, #1386 ) ;
#2765 = EDGE_CURVE ( 'NONE', #2453, #1711, #2165, .T. ) ;
#2766 = EDGE_CURVE ( 'NONE', #156, #770, #42, .T. ) ;
#2767 = PLANE ( 'NONE',  #2164 ) ;
#2768 = STYLED_ITEM ( 'NONE', ( #3817 ), #1091 ) ;
#2769 = CARTESIAN_POINT ( 'NONE',  ( -7.474283120926276780, 0.3414650683642969642, 1.686956171272486316 ) ) ;
#2770 = DIRECTION ( 'NONE',  ( 2.168404344971008252E-17, -1.000000000000000000, -0.000000000000000000 ) ) ;
#2771 = VERTEX_POINT ( 'NONE', #3713 ) ;
#2772 = CIRCLE ( 'NONE', #1451, 0.1700000000000000122 ) ;
#2773 = CARTESIAN_POINT ( 'NONE',  ( -1.380000000000000115, 8.631655426250503638, 4.400000000000000355 ) ) ;
#2774 = PLANE ( 'NONE',  #2013 ) ;
#2775 = CARTESIAN_POINT ( 'NONE',  ( -1.399999999999999911, 12.48000000000000220, 2.027069063257455728 ) ) ;
#2776 = VECTOR ( 'NONE', #540, 1000.000000000000000 ) ;
#2777 = VERTEX_POINT ( 'NONE', #1293 ) ;
#2778 = VERTEX_POINT ( 'NONE', #633 ) ;
#2779 = TOROIDAL_SURFACE ( 'NONE', #965, 0.1699999999999999845, 0.02000000000000000042 ) ;
#2780 = VERTEX_POINT ( 'NONE', #2629 ) ;
#2781 = CARTESIAN_POINT ( 'NONE',  ( -1.380000000000000115, 8.759938365018300033, -4.438449618462786184 ) ) ;
#2782 = DIRECTION ( 'NONE',  ( 1.000000000000000000, 2.168404344971005170E-17, 0.000000000000000000 ) ) ;
#2783 = DIRECTION ( 'NONE',  ( 1.000000000000000000, 0.000000000000000000, 0.000000000000000000 ) ) ;
#2784 = DIRECTION ( 'NONE',  ( 0.000000000000000000, 0.000000000000000000, -1.000000000000000000 ) ) ;
#2785 = CARTESIAN_POINT ( 'NONE',  ( 7.376315971659660242, 0.1170008524356311586, 2.028498341950518480 ) ) ;
#2786 = AXIS2_PLACEMENT_3D ( 'NONE', #2370, #707, #2939 ) ;
#2787 = AXIS2_PLACEMENT_3D ( 'NONE', #1004, #2408, #2666 ) ;
#2788 = ORIENTED_EDGE ( 'NONE', *, *, #2766, .T. ) ;
#2789 = AXIS2_PLACEMENT_3D ( 'NONE', #2184, #403, #4132 ) ;
#2790 = CIRCLE ( 'NONE', #4120, 0.1499999999999999667 ) ;
#2791 = CARTESIAN_POINT ( 'NONE',  ( -3.261944826741905334, 1.546453914618039827, -6.919843220402987605 ) ) ;
#2792 = EDGE_CURVE ( 'NONE', #2259, #248, #1104, .T. ) ;
#2793 = CARTESIAN_POINT ( 'NONE',  ( -1.400000000000000133, 8.631655426250503638, 4.379999999999999893 ) ) ;
#2794 = LINE ( 'NONE', #866, #1988 ) ;
#2795 = DIRECTION ( 'NONE',  ( -0.000000000000000000, -1.000000000000000000, -0.000000000000000000 ) ) ;
#2796 = B_SPLINE_CURVE_WITH_KNOTS ( 'NONE', 3,
 ( #3643, #4003, #3025, #2699, #1010, #4030, #949, #3717, #2286, #3269 ),
 .UNSPECIFIED., .F., .F.,
 ( 4, 3, 3, 4 ),
 ( -2.449489749371179143E-06, 0.000000000000000000, 4.097538642259669319E-05, 8.049306843309114701E-05 ),
 .UNSPECIFIED. ) ;
#2797 = LINE ( 'NONE', #1734, #1092 ) ;
#2798 = ORIENTED_EDGE ( 'NONE', *, *, #422, .T. ) ;
#2799 = CARTESIAN_POINT ( 'NONE',  ( 7.383935265155024297, 0.2500000000000000000, -2.000000000000000000 ) ) ;
#2800 = DIRECTION ( 'NONE',  ( 2.168404344971008252E-17, -1.000000000000000000, -0.000000000000000000 ) ) ;
#2801 = FACE_OUTER_BOUND ( 'NONE', #857, .T. ) ;
#2802 = VECTOR ( 'NONE', #1991, 1000.000000000000000 ) ;
#2803 = EDGE_CURVE ( 'NONE', #4050, #3945, #1698, .T. ) ;
#2804 = ORIENTED_EDGE ( 'NONE', *, *, #1431, .T. ) ;
#2805 = DIRECTION ( 'NONE',  ( 0.000000000000000000, 1.000000000000000000, 0.000000000000000000 ) ) ;
#2806 = DIRECTION ( 'NONE',  ( 1.000000000000000000, 0.000000000000000000, 0.000000000000000000 ) ) ;
#2807 = LINE ( 'NONE', #751, #1464 ) ;
#2808 = APPLICATION_PROTOCOL_DEFINITION ( 'draft international standard', 'automotive_design', 1998, #372 ) ;
#2809 = DIRECTION ( 'NONE',  ( 1.000000000000000000, -0.000000000000000000, 0.000000000000000000 ) ) ;
#2810 = DIRECTION ( 'NONE',  ( 0.000000000000000000, 0.000000000000000000, -1.000000000000000000 ) ) ;
#2811 = EDGE_CURVE ( 'NONE', #910, #59, #405, .T. ) ;
#2812 = ORIENTED_EDGE ( 'NONE', *, *, #2803, .T. ) ;
#2813 = ORIENTED_EDGE ( 'NONE', *, *, #1955, .T. ) ;
#2814 = CYLINDRICAL_SURFACE ( 'NONE', #1316, 7.649999999999999467 ) ;
#2815 = ORIENTED_EDGE ( 'NONE', *, *, #1831, .F. ) ;
#2816 = CIRCLE ( 'NONE', #1705, 0.1499999999999999667 ) ;
#2817 = DIRECTION ( 'NONE',  ( 0.000000000000000000, -0.1643989873053572637, 0.9863939238321437486 ) ) ;
#2818 = DIRECTION ( 'NONE',  ( 0.000000000000000000, 0.000000000000000000, -1.000000000000000000 ) ) ;
#2819 = CARTESIAN_POINT ( 'NONE',  ( 1.379999999999999671, 11.43165542625050612, -5.549999999999999822 ) ) ;
#2820 = ORIENTED_EDGE ( 'NONE', *, *, #2314, .F. ) ;
#2821 = AXIS2_PLACEMENT_3D ( 'NONE', #4331, #1609, #290 ) ;
#2822 = AXIS2_PLACEMENT_3D ( 'NONE', #3895, #630, #252 ) ;
#2823 = LINE ( 'NONE', #3466, #107 ) ;
#2824 = CARTESIAN_POINT ( 'NONE',  ( 0.000000000000000000, 1.699999999999999734, 7.049999999999999822 ) ) ;
#2825 = ORIENTED_EDGE ( 'NONE', *, *, #1471, .T. ) ;
#2826 = VECTOR ( 'NONE', #311, 1000.000000000000000 ) ;
#2827 = EDGE_CURVE ( 'NONE', #3086, #1861, #2866, .T. ) ;
#2828 = EDGE_CURVE ( 'NONE', #938, #466, #3344, .T. ) ;
#2829 =( NAMED_UNIT ( * ) SI_UNIT ( $, .STERADIAN. ) SOLID_ANGLE_UNIT ( ) );
#2830 = DIRECTION ( 'NONE',  ( -0.000000000000000000, -1.000000000000000000, -0.000000000000000000 ) ) ;
#2831 = AXIS2_PLACEMENT_3D ( 'NONE', #1237, #3909, #3414 ) ;
#2832 = EDGE_CURVE ( 'NONE', #702, #1655, #1323, .T. ) ;
#2833 = CARTESIAN_POINT ( 'NONE',  ( -9.554072260367373559, 7.517540966287277193, -2.000000000000000000 ) ) ;
#2834 = DIRECTION ( 'NONE',  ( 0.000000000000000000, 0.000000000000000000, -1.000000000000000000 ) ) ;
#2835 = CARTESIAN_POINT ( 'NONE',  ( -1.380000000000000115, 11.54484625457503100, -5.498426807238717906 ) ) ;
#2836 = DIRECTION ( 'NONE',  ( -0.3420201433256687684, 0.9396926207859084279, 0.000000000000000000 ) ) ;
#2837 = ADVANCED_FACE ( 'NONE', ( #4336 ), #1968, .F. ) ;
#2838 = ORIENTED_EDGE ( 'NONE', *, *, #356, .T. ) ;
#2839 = VERTEX_POINT ( 'NONE', #1272 ) ;
#2840 = CARTESIAN_POINT ( 'NONE',  ( 1.379999999999999671, 12.37137186834969604, -1.898837853159277334 ) ) ;
#2841 = ORIENTED_EDGE ( 'NONE', *, *, #2859, .T. ) ;
#2842 = VERTEX_POINT ( 'NONE', #2610 ) ;
#2843 = CARTESIAN_POINT ( 'NONE',  ( -1.380279994234274721, 6.500000000000000000, -4.549233012451844083 ) ) ;
#2844 = CARTESIAN_POINT ( 'NONE',  ( 0.000000000000000000, 2.000000000000000000, 0.000000000000000000 ) ) ;
#2845 = DIRECTION ( 'NONE',  ( -0.000000000000000000, -0.000000000000000000, 1.000000000000000000 ) ) ;
#2846 = ORIENTED_EDGE ( 'NONE', *, *, #1525, .T. ) ;
#2847 = AXIS2_PLACEMENT_3D ( 'NONE', #3838, #835, #3517 ) ;
#2848 = CARTESIAN_POINT ( 'NONE',  ( -1.380000000000000115, 12.44809871788125477, -4.429206973128303915 ) ) ;
#2849 = FACE_OUTER_BOUND ( 'NONE', #1747, .T. ) ;
#2850 = ORIENTED_EDGE ( 'NONE', *, *, #3926, .F. ) ;
#2851 = EDGE_CURVE ( 'NONE', #1334, #3837, #2282, .T. ) ;
#2852 = PRESENTATION_LAYER_ASSIGNMENT (  '', '', ( #4179 ) ) ;
#2853 = EDGE_CURVE ( 'NONE', #3758, #726, #3291, .T. ) ;
#2854 = DIRECTION ( 'NONE',  ( 0.000000000000000000, 0.000000000000000000, -1.000000000000000000 ) ) ;
#2855 = CIRCLE ( 'NONE', #3832, 0.1299999999999998934 ) ;
#2856 = DIRECTION ( 'NONE',  ( 0.000000000000000000, 1.000000000000000000, 0.000000000000000000 ) ) ;
#2857 = DIRECTION ( 'NONE',  ( 1.156482317317871725E-16, -0.000000000000000000, 1.000000000000000000 ) ) ;
#2858 = AXIS2_PLACEMENT_3D ( 'NONE', #2848, #3931, #4203 ) ;
#2859 = EDGE_CURVE ( 'NONE', #2289, #1883, #794, .T. ) ;
#2860 = EDGE_LOOP ( 'NONE', ( #997, #4186, #3248, #34 ) ) ;
#2861 = EDGE_LOOP ( 'NONE', ( #1256, #2151, #2186, #1332 ) ) ;
#2862 = CARTESIAN_POINT ( 'NONE',  ( 1.399999999999999689, 11.43165542625050612, -5.400000000000000355 ) ) ;
#2863 = VECTOR ( 'NONE', #2985, 1000.000000000000000 ) ;
#2864 = ORIENTED_EDGE ( 'NONE', *, *, #413, .F. ) ;
#2865 = VECTOR ( 'NONE', #1032, 1000.000000000000000 ) ;
#2866 = CIRCLE ( 'NONE', #2097, 0.02000000000000005246 ) ;
#2867 = ORIENTED_EDGE ( 'NONE', *, *, #3604, .T. ) ;
#2868 = EDGE_CURVE ( 'NONE', #4153, #179, #904, .T. ) ;
#2869 = DIRECTION ( 'NONE',  ( 0.3420201433256687684, -0.9396926207859084279, 0.000000000000000000 ) ) ;
#2870 = FACE_OUTER_BOUND ( 'NONE', #459, .T. ) ;
#2871 = CARTESIAN_POINT ( 'NONE',  ( -7.431829587062319220, 0.2248249426974022191, -0.3608172242291313170 ) ) ;
#2872 = EDGE_LOOP ( 'NONE', ( #1416, #388, #2521, #2285 ) ) ;
#2873 = ORIENTED_EDGE ( 'NONE', *, *, #3033, .F. ) ;
#2874 = DIRECTION ( 'NONE',  ( 0.000000000000000000, 0.000000000000000000, -1.000000000000000000 ) ) ;
#2875 = CARTESIAN_POINT ( 'NONE',  ( 7.400151882891349508, 0.1377911657871163653, 2.118794110671415432 ) ) ;
#2876 = ORIENTED_EDGE ( 'NONE', *, *, #356, .F. ) ;
#2877 = PLANE ( 'NONE',  #1871 ) ;
#2878 = DIRECTION ( 'NONE',  ( -0.000000000000000000, 1.000000000000000000, -0.000000000000000000 ) ) ;
#2879 = DIRECTION ( 'NONE',  ( 0.000000000000000000, 0.7546055221635421528, -0.6561787149247437778 ) ) ;
#2880 = VECTOR ( 'NONE', #1434, 1000.000000000000000 ) ;
#2881 = VERTEX_POINT ( 'NONE', #3072 ) ;
#2882 = FACE_OUTER_BOUND ( 'NONE', #4209, .T. ) ;
#2883 = VERTEX_POINT ( 'NONE', #4074 ) ;
#2884 = EDGE_CURVE ( 'NONE', #59, #3378, #2790, .T. ) ;
#2885 = ORIENTED_EDGE ( 'NONE', *, *, #1652, .F. ) ;
#2886 = EDGE_CURVE ( 'NONE', #2403, #2630, #3569, .T. ) ;
#2887 = CYLINDRICAL_SURFACE ( 'NONE', #2640, 0.02000000000000005246 ) ;
#2888 = CYLINDRICAL_SURFACE ( 'NONE', #1862, 0.02000000000000005246 ) ;
#2889 = PRODUCT_DEFINITION ( 'UNKNOWN', '', #1150, #170 ) ;
#2890 = CARTESIAN_POINT ( 'NONE',  ( -7.424622468831841182, 0.2050235480997993631, 1.253561691397093059 ) ) ;
#2891 = ORIENTED_EDGE ( 'NONE', *, *, #1465, .T. ) ;
#2892 = VERTEX_POINT ( 'NONE', #3112 ) ;
#2893 = CARTESIAN_POINT ( 'NONE',  ( 1.379999999999999671, 12.34999999999999964, 2.027069063257455728 ) ) ;
#2894 = CARTESIAN_POINT ( 'NONE',  ( 7.376509867821138045, 0.07283526323174084605, 2.051222566282231430 ) ) ;
#2895 = EDGE_CURVE ( 'NONE', #2367, #2842, #2231, .T. ) ;
#2896 = CARTESIAN_POINT ( 'NONE',  ( 8.503317654544932935, 3.094954518764654328, 2.000000000000000000 ) ) ;
#2897 = CARTESIAN_POINT ( 'NONE',  ( 7.391473627839483029, 0.07370843647266642207, -2.000000000000000000 ) ) ;
#2898 = CARTESIAN_POINT ( 'NONE',  ( 0.000000000000000000, 12.50000000000000000, 0.000000000000000000 ) ) ;
#2899 = ORIENTED_EDGE ( 'NONE', *, *, #2618, .F. ) ;
#2900 = EDGE_LOOP ( 'NONE', ( #2577, #1497, #2364, #507, #2815, #516 ) ) ;
#2901 = CARTESIAN_POINT ( 'NONE',  ( 1.399999999999999689, 8.631655426250503638, 4.549999999999999822 ) ) ;
#2902 = ORIENTED_EDGE ( 'NONE', *, *, #1142, .T. ) ;
#2903 = VERTEX_POINT ( 'NONE', #3754 ) ;
#2904 = CYLINDRICAL_SURFACE ( 'NONE', #3626, 7.649999999999999467 ) ;
#2905 = ADVANCED_FACE ( 'NONE', ( #3430 ), #692, .T. ) ;
#2906 = EDGE_CURVE ( 'NONE', #2649, #4260, #3348, .T. ) ;
#2907 = DIRECTION ( 'NONE',  ( 0.000000000000000000, -0.6561787149247684248, 0.7546055221635205035 ) ) ;
#2908 = CARTESIAN_POINT ( 'NONE',  ( 7.410360859002111944, 0.1658400971271896396, -2.082291166195529897 ) ) ;
#2909 = CLOSED_SHELL ( 'NONE', ( #2685, #2454, #896, #1143, #2082, #555, #3511, #3795, #2185, #497, #3917, #4073, #1251, #3010, #17, #899, #557, #737, #1604, #1854, #1322, #2837, #2058, #1781, #2144, #884, #2589, #683, #3969, #2187, #2998, #4031, #3896, #947, #4137, #3111, #2288, #2635, #4027, #3990, #3277, #2587, #1274, #786, #2663, #53, #351, #215, #1350, #4272, #2682, #2111, #656, #2486, #3420, #3919, #273, #3477, #3479, #3993, #3741, #3333, #1442, #625, #3455, #1473, #3608, #2717, #2690, #2468, #2905, #2940, #3938, #4177, #742, #1059, #1923, #3847, #382, #4086, #1805, #3096, #2202, #1653, #2957, #3606, #3822, #2270, #3761, #2051, #1550, #3922 ) ) ;
#2910 = EDGE_CURVE ( 'NONE', #1577, #436, #2807, .T. ) ;
#2911 = VERTEX_POINT ( 'NONE', #2157 ) ;
#2912 = AXIS2_PLACEMENT_3D ( 'NONE', #1501, #2500, #2834 ) ;
#2913 = CARTESIAN_POINT ( 'NONE',  ( 3.396937244278622980, 1.653668633940834187, -6.854452907495114822 ) ) ;
#2914 = CARTESIAN_POINT ( 'NONE',  ( 1.399999999999999689, 6.622052172158088723, 0.9406179037940088916 ) ) ;
#2915 = AXIS2_PLACEMENT_3D ( 'NONE', #3322, #307, #2037 ) ;
#2916 = LINE ( 'NONE', #566, #1140 ) ;
#2917 = ORIENTED_EDGE ( 'NONE', *, *, #998, .F. ) ;
#2918 = CIRCLE ( 'NONE', #2425, 0.02000000000000005246 ) ;
#2919 = ORIENTED_EDGE ( 'NONE', *, *, #3074, .F. ) ;
#2920 = CARTESIAN_POINT ( 'NONE',  ( 0.000000000000000000, 0.000000000000000000, -7.649999999999999467 ) ) ;
#2921 = AXIS2_PLACEMENT_3D ( 'NONE', #2893, #3948, #2273 ) ;
#2922 = ORIENTED_EDGE ( 'NONE', *, *, #186, .F. ) ;
#2923 = ORIENTED_EDGE ( 'NONE', *, *, #3155, .F. ) ;
#2924 = VECTOR ( 'NONE', #3928, 1000.000000000000000 ) ;
#2925 = LINE ( 'NONE', #2554, #2924 ) ;
#2926 = PRODUCT_DEFINITION_SHAPE ( 'NONE', 'NONE',  #3008 ) ;
#2927 = DIRECTION ( 'NONE',  ( 1.000000000000000000, 0.000000000000000000, 0.000000000000000000 ) ) ;
#2928 = ORIENTED_EDGE ( 'NONE', *, *, #1328, .F. ) ;
#2929 = DIRECTION ( 'NONE',  ( 1.000000000000000000, 2.168404344971008252E-17, 8.673617379884035472E-17 ) ) ;
#2930 = VECTOR ( 'NONE', #3797, 1000.000000000000000 ) ;
#2931 = CARTESIAN_POINT ( 'NONE',  ( 7.456600560399105682, 0.2928826325977547107, -1.838492760902639578 ) ) ;
#2932 = ORIENTED_EDGE ( 'NONE', *, *, #3279, .F. ) ;
#2933 = FACE_OUTER_BOUND ( 'NONE', #2177, .T. ) ;
#2934 = LINE ( 'NONE', #1693, #3240 ) ;
#2935 = EDGE_CURVE ( 'NONE', #3860, #3831, #3405, .T. ) ;
#2936 = ORIENTED_EDGE ( 'NONE', *, *, #3911, .F. ) ;
#2937 = ADVANCED_FACE ( 'NONE', ( #1816 ), #4052, .F. ) ;
#2938 = VERTEX_POINT ( 'NONE', #2478 ) ;
#2939 = DIRECTION ( 'NONE',  ( -8.673617379884035472E-17, 0.000000000000000000, 1.000000000000000000 ) ) ;
#2940 = ADVANCED_FACE ( 'NONE', ( #1432 ), #2757, .T. ) ;
#2941 = EDGE_LOOP ( 'NONE', ( #1842, #1313, #2999, #2134 ) ) ;
#2942 = DIRECTION ( 'NONE',  ( -0.3420201433256659374, -0.9396926207859094271, 0.000000000000000000 ) ) ;
#2943 = DIRECTION ( 'NONE',  ( 0.000000000000000000, 0.000000000000000000, -1.000000000000000000 ) ) ;
#2944 = CARTESIAN_POINT ( 'NONE',  ( -7.379464128293514058, -4.065758146820641628E-17, 2.016434769396036053 ) ) ;
#2945 = DIRECTION ( 'NONE',  ( 1.000000000000000000, 0.000000000000000000, 0.000000000000000000 ) ) ;
#2946 = DIRECTION ( 'NONE',  ( 1.000000000000000000, 0.000000000000000000, 0.000000000000000000 ) ) ;
#2947 = DIRECTION ( 'NONE',  ( 1.000000000000000000, -0.000000000000000000, 0.000000000000000000 ) ) ;
#2948 = CARTESIAN_POINT ( 'NONE',  ( 7.396227049372535056, -6.789949885192330414E-11, -1.954407274172826448 ) ) ;
#2949 = AXIS2_PLACEMENT_3D ( 'NONE', #638, #989, #1684 ) ;
#2950 = ORIENTED_EDGE ( 'NONE', *, *, #443, .F. ) ;
#2951 = CARTESIAN_POINT ( 'NONE',  ( 7.502913518991720210, 0.4201264405590940942, 1.355504595281813884 ) ) ;
#2952 = LINE ( 'NONE', #1289, #931 ) ;
#2953 = CYLINDRICAL_SURFACE ( 'NONE', #460, 0.02000000000000005246 ) ;
#2954 = EDGE_CURVE ( 'NONE', #1202, #1448, #3044, .T. ) ;
#2955 = ORIENTED_EDGE ( 'NONE', *, *, #1930, .F. ) ;
#2956 = PRODUCT_DEFINITION_SHAPE ( 'NONE', 'NONE',  #2427 ) ;
#2957 = ADVANCED_FACE ( 'NONE', ( #1053 ), #2070, .T. ) ;
#2958 = VERTEX_POINT ( 'NONE', #3449 ) ;
#2959 = AXIS2_PLACEMENT_3D ( 'NONE', #922, #3595, #1939 ) ;
#2960 = DIRECTION ( 'NONE',  ( -1.000000000000000000, -0.000000000000000000, -0.000000000000000000 ) ) ;
#2961 = CARTESIAN_POINT ( 'NONE',  ( -7.387068570081759766, 1.175991542465741886E-09, 1.988605104382456190 ) ) ;
#2962 = CARTESIAN_POINT ( 'NONE',  ( 10.02391857076032800, 7.688551037950111855, -2.000000000000000000 ) ) ;
#2963 = ORIENTED_EDGE ( 'NONE', *, *, #1718, .T. ) ;
#2964 = DIRECTION ( 'NONE',  ( 1.000000000000000000, 0.000000000000000000, 0.000000000000000000 ) ) ;
#2965 = CARTESIAN_POINT ( 'NONE',  ( 0.000000000000000000, 6.500000000000000000, 0.000000000000000000 ) ) ;
#2966 = LINE ( 'NONE', #3272, #2197 ) ;
#2967 = FACE_OUTER_BOUND ( 'NONE', #3824, .T. ) ;
#2968 = CARTESIAN_POINT ( 'NONE',  ( 1.380839982702822599, 6.500000000000000000, -0.7752318993870118691 ) ) ;
#2969 = EDGE_LOOP ( 'NONE', ( #407, #2093, #1169, #3639, #2838, #2315, #3194, #1234, #1003, #577, #2448, #151 ) ) ;
#2970 = CARTESIAN_POINT ( 'NONE',  ( -9.554072260367373559, 7.517540966287277193, 2.000000000000000000 ) ) ;
#2971 = DIRECTION ( 'NONE',  ( 1.000000000000000000, 0.000000000000000000, 0.000000000000000000 ) ) ;
#2972 = ADVANCED_FACE ( 'NONE', ( #124 ), #4124, .F. ) ;
#2973 = CIRCLE ( 'NONE', #1086, 0.02000000000000005246 ) ;
#2974 = ORIENTED_EDGE ( 'NONE', *, *, #906, .T. ) ;
#2975 = ORIENTED_EDGE ( 'NONE', *, *, #1347, .T. ) ;
#2976 = AXIS2_PLACEMENT_3D ( 'NONE', #1348, #2678, #644 ) ;
#2977 = CARTESIAN_POINT ( 'NONE',  ( 3.354731286224073905, 1.601558808504983666, 6.875221135459824495 ) ) ;
#2978 = AXIS2_PLACEMENT_3D ( 'NONE', #3902, #3567, #1907 ) ;
#2979 = EDGE_LOOP ( 'NONE', ( #2552, #2736, #3048, #2430, #2433, #3510, #1253, #588, #338, #2253, #1365, #193 ) ) ;
#2980 = DIRECTION ( 'NONE',  ( 0.000000000000000000, 0.000000000000000000, -1.000000000000000000 ) ) ;
#2981 = DIRECTION ( 'NONE',  ( 1.000000000000000000, 0.000000000000000000, 0.000000000000000000 ) ) ;
#2982 = AXIS2_PLACEMENT_3D ( 'NONE', #4222, #4241, #1257 ) ;
#2983 = EDGE_CURVE ( 'NONE', #702, #1937, #31, .T. ) ;
#2984 = CIRCLE ( 'NONE', #4187, 0.1499999999999999667 ) ;
#2985 = DIRECTION ( 'NONE',  ( 2.168404344971008252E-17, -1.000000000000000000, -0.000000000000000000 ) ) ;
#2986 = DIRECTION ( 'NONE',  ( 0.000000000000000000, 0.000000000000000000, -1.000000000000000000 ) ) ;
#2987 = AXIS2_PLACEMENT_3D ( 'NONE', #1759, #2098, #1780 ) ;
#2988 = CARTESIAN_POINT ( 'NONE',  ( 0.000000000000000000, 8.631655426250503638, -4.400000000000000355 ) ) ;
#2989 = ORIENTED_EDGE ( 'NONE', *, *, #2568, .F. ) ;
#2990 = AXIS2_PLACEMENT_3D ( 'NONE', #4001, #4293, #340 ) ;
#2991 = DIRECTION ( 'NONE',  ( 0.000000000000000000, 0.000000000000000000, -1.000000000000000000 ) ) ;
#2992 = CYLINDRICAL_SURFACE ( 'NONE', #2821, 0.01999999999999999001 ) ;
#2993 = VERTEX_POINT ( 'NONE', #1387 ) ;
#2994 = DIRECTION ( 'NONE',  ( -1.000000000000000000, -2.168404344971008252E-17, -8.673617379884035472E-17 ) ) ;
#2995 = ORIENTED_EDGE ( 'NONE', *, *, #2171, .F. ) ;
#2996 = VERTEX_POINT ( 'NONE', #3160 ) ;
#2997 = CARTESIAN_POINT ( 'NONE',  ( 2.969848480983500405, 1.499999999999999556, 7.049999999999999822 ) ) ;
#2998 = ADVANCED_FACE ( 'NONE', ( #4168 ), #3840, .F. ) ;
#2999 = ORIENTED_EDGE ( 'NONE', *, *, #2811, .F. ) ;
#3000 = DIRECTION ( 'NONE',  ( -1.000000000000000000, 0.000000000000000000, 0.000000000000000000 ) ) ;
#3001 = DIRECTION ( 'NONE',  ( 1.000000000000000000, -0.000000000000000000, -0.000000000000000000 ) ) ;
#3002 = FACE_OUTER_BOUND ( 'NONE', #2444, .T. ) ;
#3003 = ADVANCED_FACE ( 'NONE', ( #141 ), #1838, .T. ) ;
#3004 = EDGE_CURVE ( 'NONE', #4153, #1456, #1163, .T. ) ;
#3005 = EDGE_CURVE ( 'NONE', #1448, #1716, #346, .T. ) ;
#3006 = DIRECTION ( 'NONE',  ( 1.000000000000000000, 0.000000000000000000, 0.000000000000000000 ) ) ;
#3007 = CARTESIAN_POINT ( 'NONE',  ( -4.530922137642268588, 14.00902150259755174, -2.000000000000000000 ) ) ;
#3008 = PRODUCT_DEFINITION ( 'UNKNOWN', '', #653, #2242 ) ;
#3009 = LINE ( 'NONE', #1687, #2213 ) ;
#3010 = ADVANCED_FACE ( 'NONE', ( #1985 ), #1656, .T. ) ;
#3011 = LINE ( 'NONE', #2313, #467 ) ;
#3012 = ORIENTED_EDGE ( 'NONE', *, *, #4109, .T. ) ;
#3013 = EDGE_CURVE ( 'NONE', #2204, #4329, #3314, .T. ) ;
#3014 = DIRECTION ( 'NONE',  ( 2.168404344971008252E-17, -1.000000000000000000, 0.000000000000000000 ) ) ;
#3015 = CARTESIAN_POINT ( 'NONE',  ( 0.000000000000000000, 9.768344573749500270, -5.400000000000000355 ) ) ;
#3016 = DIRECTION ( 'NONE',  ( -8.673617379884035472E-17, 0.000000000000000000, -1.000000000000000000 ) ) ;
#3017 = EDGE_LOOP ( 'NONE', ( #3303, #3371, #1427, #3476 ) ) ;
#3018 = PLANE ( 'NONE',  #3060 ) ;
#3019 = VECTOR ( 'NONE', #4149, 1000.000000000000000 ) ;
#3020 = ORIENTED_EDGE ( 'NONE', *, *, #2652, .T. ) ;
#3021 = ORIENTED_EDGE ( 'NONE', *, *, #1465, .F. ) ;
#3022 = DIRECTION ( 'NONE',  ( -0.000000000000000000, -0.000000000000000000, -1.000000000000000000 ) ) ;
#3023 = CARTESIAN_POINT ( 'NONE',  ( 4.240375615359629258, 0.2500000000000000000, 2.000000000000000000 ) ) ;
#3024 = ORIENTED_EDGE ( 'NONE', *, *, #2000, .F. ) ;
#3025 = CARTESIAN_POINT ( 'NONE',  ( 1.380560112054757926, 6.500000000000000000, 0.7744648667341184067 ) ) ;
#3026 = CARTESIAN_POINT ( 'NONE',  ( 1.399999999999999689, 6.500000000000000000, 0.000000000000000000 ) ) ;
#3027 = AXIS2_PLACEMENT_3D ( 'NONE', #3106, #1423, #1446 ) ;
#3028 = FACE_OUTER_BOUND ( 'NONE', #1190, .T. ) ;
#3029 = FACE_OUTER_BOUND ( 'NONE', #3034, .T. ) ;
#3030 = ADVANCED_FACE ( 'NONE', ( #620 ), #2323, .T. ) ;
#3031 = CARTESIAN_POINT ( 'NONE',  ( 0.000000000000000000, 6.500000000000000000, 0.000000000000000000 ) ) ;
#3032 = DIRECTION ( 'NONE',  ( 1.000000000000000000, 0.000000000000000000, 0.000000000000000000 ) ) ;
#3033 = EDGE_CURVE ( 'NONE', #2223, #3378, #464, .T. ) ;
#3034 = EDGE_LOOP ( 'NONE', ( #103, #3563, #1646, #1216 ) ) ;
#3035 = DIRECTION ( 'NONE',  ( 0.000000000000000000, 0.000000000000000000, -1.000000000000000000 ) ) ;
#3036 = CARTESIAN_POINT ( 'NONE',  ( -1.397319086605161464, 6.500000000000000000, 0.8267289123675667373 ) ) ;
#3037 = EDGE_CURVE ( 'NONE', #1413, #3262, #4318, .T. ) ;
#3038 = ORIENTED_EDGE ( 'NONE', *, *, #1103, .F. ) ;
#3039 = CARTESIAN_POINT ( 'NONE',  ( -1.399999999999999689, 6.500000000000000000, -0.8398232385305504089 ) ) ;
#3040 = DIRECTION ( 'NONE',  ( 0.000000000000000000, -0.6561787149247869655, -0.7546055221635044052 ) ) ;
#3041 = ORIENTED_EDGE ( 'NONE', *, *, #4006, .F. ) ;
#3042 = EDGE_LOOP ( 'NONE', ( #3206, #414, #3543, #315 ) ) ;
#3043 = CARTESIAN_POINT ( 'NONE',  ( 1.379999999999999671, 11.43165542625050612, -5.400000000000000355 ) ) ;
#3044 = LINE ( 'NONE', #1096, #483 ) ;
#3045 = CARTESIAN_POINT ( 'NONE',  ( 4.119245407154228822, 0.09982760539467705474, 2.040473579058044606 ) ) ;
#3046 = B_SPLINE_CURVE_WITH_KNOTS ( 'NONE', 3,
 ( #3985, #987, #2631, #2376, #1680, #3665 ),
 .UNSPECIFIED., .F., .F.,
 ( 4, 2, 4 ),
 ( -4.472155831845547790E-06, 0.0002910693660293016773, 0.0005866108878904488771 ),
 .UNSPECIFIED. ) ;
#3047 = CIRCLE ( 'NONE', #2077, 0.01999999999999996225 ) ;
#3048 = ORIENTED_EDGE ( 'NONE', *, *, #2910, .T. ) ;
#3049 = DIRECTION ( 'NONE',  ( 1.000000000000000000, -0.000000000000000000, 0.000000000000000000 ) ) ;
#3050 = DIRECTION ( 'NONE',  ( -2.168404344971008252E-17, 1.000000000000000000, 0.000000000000000000 ) ) ;
#3051 = CIRCLE ( 'NONE', #957, 0.1499999999999999667 ) ;
#3052 = AXIS2_PLACEMENT_3D ( 'NONE', #2180, #3185, #1528 ) ;
#3053 = DIRECTION ( 'NONE',  ( 1.000000000000000000, 0.000000000000000000, 0.000000000000000000 ) ) ;
#3054 = DIRECTION ( 'NONE',  ( 0.000000000000000000, 0.000000000000000000, -1.000000000000000000 ) ) ;
#3055 = LINE ( 'NONE', #1664, #3364 ) ;
#3056 = CARTESIAN_POINT ( 'NONE',  ( 1.399999999999999689, 8.631655426250503638, 4.379999999999999893 ) ) ;
#3057 = PLANE ( 'NONE',  #1950 ) ;
#3058 = CIRCLE ( 'NONE', #3623, 7.649999999999999467 ) ;
#3059 = VERTEX_POINT ( 'NONE', #1366 ) ;
#3060 = AXIS2_PLACEMENT_3D ( 'NONE', #4091, #1090, #2431 ) ;
#3061 = DIRECTION ( 'NONE',  ( 0.000000000000000000, 0.000000000000000000, -1.000000000000000000 ) ) ;
#3062 = CARTESIAN_POINT ( 'NONE',  ( -1.400000000000000133, 11.43165542625050790, 5.530000000000000249 ) ) ;
#3063 = LINE ( 'NONE', #3748, #3171 ) ;
#3064 = ORIENTED_EDGE ( 'NONE', *, *, #1005, .T. ) ;
#3065 = DIRECTION ( 'NONE',  ( 7.968020348514244863E-17, -0.6561787149247862994, 0.7546055221635049604 ) ) ;
#3066 = AXIS2_PLACEMENT_3D ( 'NONE', #4059, #2396, #3410 ) ;
#3067 = EDGE_CURVE ( 'NONE', #3681, #4050, #1340, .T. ) ;
#3068 = ORIENTED_EDGE ( 'NONE', *, *, #2031, .F. ) ;
#3069 = ORIENTED_EDGE ( 'NONE', *, *, #3656, .F. ) ;
#3070 = CARTESIAN_POINT ( 'NONE',  ( 1.399999999999999689, 6.500000000000000000, 4.483107698211994396 ) ) ;
#3071 = LINE ( 'NONE', #1052, #3952 ) ;
#3072 = CARTESIAN_POINT ( 'NONE',  ( -6.831385253332591390, 7.688551037950109190, 2.000000000000000000 ) ) ;
#3073 = DIRECTION ( 'NONE',  ( -7.968020348514244863E-17, 0.6561787149247864104, -0.7546055221635050714 ) ) ;
#3074 = EDGE_CURVE ( 'NONE', #2661, #1067, #3047, .T. ) ;
#3075 = CARTESIAN_POINT ( 'NONE',  ( -7.390867921507786598, 0.1122836915227452548, -1.938352412770741218 ) ) ;
#3076 = ORIENTED_EDGE ( 'NONE', *, *, #1928, .F. ) ;
#3077 = DIRECTION ( 'NONE',  ( 8.673617379884035472E-17, 0.000000000000000000, 1.000000000000000000 ) ) ;
#3078 = DIRECTION ( 'NONE',  ( -1.000000000000000000, 0.000000000000000000, 0.000000000000000000 ) ) ;
#3079 = CARTESIAN_POINT ( 'NONE',  ( -7.391473627839482141, 0.07370843647266603349, 2.000000000000000000 ) ) ;
#3080 = LINE ( 'NONE', #111, #1244 ) ;
#3081 = LINE ( 'NONE', #64, #2628 ) ;
#3082 = AXIS2_PLACEMENT_3D ( 'NONE', #2011, #643, #3320 ) ;
#3083 = EDGE_LOOP ( 'NONE', ( #830, #2195, #1966, #2899, #2813, #1744, #1050, #2072, #2820, #2384 ) ) ;
#3084 = CARTESIAN_POINT ( 'NONE',  ( 0.000000000000000000, 0.2500000000000000000, 2.250000000000000444 ) ) ;
#3085 = DIRECTION ( 'NONE',  ( -0.3420201433256659374, -0.9396926207859094271, 0.000000000000000000 ) ) ;
#3086 = VERTEX_POINT ( 'NONE', #1616 ) ;
#3087 = CARTESIAN_POINT ( 'NONE',  ( 1.379999999999999671, 12.50000000000000000, -2.027069063257456172 ) ) ;
#3088 = ORIENTED_EDGE ( 'NONE', *, *, #314, .T. ) ;
#3089 = EDGE_LOOP ( 'NONE', ( #2103, #1055, #308, #1406 ) ) ;
#3090 = CARTESIAN_POINT ( 'NONE',  ( 1.397319086605161687, 6.500000000000000000, 4.496202024374977846 ) ) ;
#3091 = CARTESIAN_POINT ( 'NONE',  ( -1.400000000000000133, 12.34999999999999964, -4.343903740188082452 ) ) ;
#3092 = DIRECTION ( 'NONE',  ( 8.673617379884035472E-17, 1.880790961315659329E-33, -1.000000000000000000 ) ) ;
#3093 = CARTESIAN_POINT ( 'NONE',  ( 1.379999999999999671, 12.37465984809580277, -1.879109974682634077 ) ) ;
#3094 = EDGE_CURVE ( 'NONE', #3162, #3346, #3046, .T. ) ;
#3095 = CARTESIAN_POINT ( 'NONE',  ( -7.394616776026688321, 0.1225835846621960573, -1.898398363770422259 ) ) ;
#3096 = ADVANCED_FACE ( 'NONE', ( #3963 ), #954, .T. ) ;
#3097 = ORIENTED_EDGE ( 'NONE', *, *, #2374, .F. ) ;
#3098 = CARTESIAN_POINT ( 'NONE',  ( -1.399999999999999467, 0.02644174998362248258, -0.1586504999017351869 ) ) ;
#3099 = CARTESIAN_POINT ( 'NONE',  ( 0.000000000000000000, 0.02972972972972967240, -0.1783783783783780552 ) ) ;
#3100 = VECTOR ( 'NONE', #2499, 1000.000000000000114 ) ;
#3101 = CARTESIAN_POINT ( 'NONE',  ( -7.502858119218816846, 0.4199742309340071533, 1.356565527679172600 ) ) ;
#3102 = CARTESIAN_POINT ( 'NONE',  ( 7.383935265155024297, 0.000000000000000000, -2.000000000000000444 ) ) ;
#3103 = TOROIDAL_SURFACE ( 'NONE', #291, 0.1299999999999999767, 0.02000000000000000042 ) ;
#3104 = ORIENTED_EDGE ( 'NONE', *, *, #1976, .T. ) ;
#3105 = DIRECTION ( 'NONE',  ( 0.000000000000000000, 0.000000000000000000, -1.000000000000000000 ) ) ;
#3106 = CARTESIAN_POINT ( 'NONE',  ( 1.379999999999999671, 12.48000000000000220, -2.027069063257456172 ) ) ;
#3107 = EDGE_LOOP ( 'NONE', ( #503, #1697, #3884, #3440 ) ) ;
#3108 = ORIENTED_EDGE ( 'NONE', *, *, #3168, .F. ) ;
#3109 = VERTEX_POINT ( 'NONE', #4277 ) ;
#3110 = DIRECTION ( 'NONE',  ( -7.968020348514244863E-17, 0.6561787149247862994, 0.7546055221635049604 ) ) ;
#3111 = ADVANCED_FACE ( 'NONE', ( #2615 ), #3946, .T. ) ;
#3112 = CARTESIAN_POINT ( 'NONE',  ( 3.807362913467409626, 0.000000000000000000, -2.250000000000000444 ) ) ;
#3113 = CARTESIAN_POINT ( 'NONE',  ( 1.379999999999999671, 9.768344573749500270, -5.530000000000000249 ) ) ;
#3114 = LINE ( 'NONE', #142, #1853 ) ;
#3115 = ORIENTED_EDGE ( 'NONE', *, *, #2562, .T. ) ;
#3116 = ORIENTED_EDGE ( 'NONE', *, *, #2139, .T. ) ;
#3117 = UNCERTAINTY_MEASURE_WITH_UNIT (LENGTH_MEASURE( 1.000000000000000082E-05 ), #3609, 'distance_accuracy_value', 'NONE');
#3118 = CARTESIAN_POINT ( 'NONE',  ( 1.379999999999999671, 8.631655426250503638, 4.400000000000000355 ) ) ;
#3119 = AXIS2_PLACEMENT_3D ( 'NONE', #2101, #2520, #3850 ) ;
#3120 = AXIS2_PLACEMENT_3D ( 'NONE', #1517, #3158, #396 ) ;
#3121 = FACE_OUTER_BOUND ( 'NONE', #1821, .T. ) ;
#3122 = DIRECTION ( 'NONE',  ( 0.000000000000000000, -1.000000000000000000, 0.000000000000000000 ) ) ;
#3123 = CARTESIAN_POINT ( 'NONE',  ( -1.399999999999999911, 12.37137186834969604, 1.898837853159276889 ) ) ;
#3124 = CARTESIAN_POINT ( 'NONE',  ( -1.400000000000000133, 6.500000000000000000, 4.469999999999999751 ) ) ;
#3125 = EDGE_CURVE ( 'NONE', #1788, #3375, #2004, .T. ) ;
#3126 = ORIENTED_EDGE ( 'NONE', *, *, #502, .F. ) ;
#3127 = AXIS2_PLACEMENT_3D ( 'NONE', #3654, #19, #1377 ) ;
#3128 = LINE ( 'NONE', #2203, #33 ) ;
#3129 = DIRECTION ( 'NONE',  ( 0.000000000000000000, 0.000000000000000000, -1.000000000000000000 ) ) ;
#3130 = CARTESIAN_POINT ( 'NONE',  ( 7.424695481573571954, -1.342448652800850393E-10, 1.843365517304110357 ) ) ;
#3131 = AXIS2_PLACEMENT_3D ( 'NONE', #1128, #4136, #806 ) ;
#3132 = ORIENTED_EDGE ( 'NONE', *, *, #3943, .F. ) ;
#3133 = ORIENTED_EDGE ( 'NONE', *, *, #2618, .T. ) ;
#3134 = VECTOR ( 'NONE', #3947, 1000.000000000000000 ) ;
#3135 = ORIENTED_EDGE ( 'NONE', *, *, #2851, .F. ) ;
#3136 = CARTESIAN_POINT ( 'NONE',  ( 0.000000000000000000, 1.499999999999999556, -7.049999999999998046 ) ) ;
#3137 = DIRECTION ( 'NONE',  ( 0.000000000000000000, 0.000000000000000000, -1.000000000000000000 ) ) ;
#3138 = DIRECTION ( 'NONE',  ( -0.000000000000000000, 1.000000000000000000, -0.000000000000000000 ) ) ;
#3139 = DIRECTION ( 'NONE',  ( 1.000000000000000000, 0.000000000000000000, 0.000000000000000000 ) ) ;
#3140 = AXIS2_PLACEMENT_3D ( 'NONE', #2483, #820, #398 ) ;
#3141 = ORIENTED_EDGE ( 'NONE', *, *, #2345, .F. ) ;
#3142 = AXIS2_PLACEMENT_3D ( 'NONE', #4146, #1117, #1139 ) ;
#3143 = CARTESIAN_POINT ( 'NONE',  ( 0.000000000000000000, 1.499999999999999556, 0.000000000000000000 ) ) ;
#3144 = ORIENTED_EDGE ( 'NONE', *, *, #1652, .T. ) ;
#3145 =( BOUNDED_SURFACE ( )  B_SPLINE_SURFACE ( 3, 2, ( 
 ( #182, #1560, #1539 ),
 ( #2875, #2894, #480 ),
 ( #4223, #3873, #871 ),
 ( #1219, #2558, #3890 ),
 ( #2232, #1810, #3130 ),
 ( #2150, #117, #1472 ),
 ( #4138, #1129, #2470 ),
 ( #3813, #807, #3492 ),
 ( #2310, #1973, #992 ),
 ( #936, #1284, #3300 ),
 ( #3648, #3278, #1258 ),
 ( #243, #4303, #1990 ),
 ( #1957, #4325, #2584 ),
 ( #1304, #975, #3253 ),
 ( #2638, #580, #1934 ),
 ( #1913, #1600, #2329 ),
 ( #2931, #4282, #4265 ),
 ( #2602, #917, #3589 ),
 ( #642, #2251, #2620 ),
 ( #2908, #3932, #2948 ),
 ( #304, #285, #624 ),
 ( #3949, #959, #1643 ) ),
 .UNSPECIFIED., .F., .F., .F. ) 
 B_SPLINE_SURFACE_WITH_KNOTS ( ( 4, 2, 2, 2, 2, 2, 2, 2, 2, 2, 4 ),
 ( 3, 3 ),
 ( 0.0001237613847724102596, 0.0002650914739667021083, 0.0004064215631609939842, 0.0006890817415495777360, 0.001254402098326745131, 0.002385042811881080138, 0.003515683525435415145, 0.004081003882212582215, 0.004363664060601166184, 0.004504994149795458168, 0.004646324238989750152 ),
 ( 0.000000000000000000, 1.000000000000000000 ),
 .UNSPECIFIED. ) 
 GEOMETRIC_REPRESENTATION_ITEM ( )  RATIONAL_B_SPLINE_SURFACE ( (
 ( 1.000000000000000000, 0.9860955739218237870, 1.000000000000000000),
 ( 1.000000000000000000, 0.9824304600219905259, 1.000000000000000000),
 ( 1.000000000000000000, 0.9779538766759272583, 1.000000000000000000),
 ( 1.000000000000000000, 0.9689033792066541473, 1.000000000000000000),
 ( 1.000000000000000000, 0.9642772104170813652, 1.000000000000000000),
 ( 1.000000000000000000, 0.9504212102594281619, 1.000000000000000000),
 ( 1.000000000000000000, 0.9411984482283495268, 1.000000000000000000),
 ( 1.000000000000000000, 0.9152419863710263837, 1.000000000000000000),
 ( 1.000000000000000000, 0.8998460344683875123, 1.000000000000000000),
 ( 1.000000000000000000, 0.8616869223861807203, 1.000000000000000000),
 ( 1.000000000000000000, 0.8474061553420251247, 1.000000000000000000),
 ( 1.000000000000000000, 0.8474002814661705241, 1.000000000000000000),
 ( 1.000000000000000000, 0.8616355997596838456, 1.000000000000000000),
 ( 1.000000000000000000, 0.8999401910585187458, 1.000000000000000000),
 ( 1.000000000000000000, 0.9154899201966641975, 1.000000000000000000),
 ( 1.000000000000000000, 0.9414977708966640879, 1.000000000000000000),
 ( 1.000000000000000000, 0.9506372804165288404, 1.000000000000000000),
 ( 1.000000000000000000, 0.9644249928851958975, 1.000000000000000000),
 ( 1.000000000000000000, 0.9690500880232237879, 1.000000000000000000),
 ( 1.000000000000000000, 0.9780496047383211433, 1.000000000000000000),
 ( 1.000000000000000000, 0.9824337765410211532, 1.000000000000000000),
 ( 1.000000000000000000, 0.9860592152932278198, 1.000000000000000000) ) ) 
 REPRESENTATION_ITEM ( '' )  SURFACE ( )  );
#3146 = DIRECTION ( 'NONE',  ( 0.000000000000000000, 0.000000000000000000, -1.000000000000000000 ) ) ;
#3147 = DIRECTION ( 'NONE',  ( 0.000000000000000000, 0.7546055221635206145, 0.6561787149247685358 ) ) ;
#3148 = DIRECTION ( 'NONE',  ( 0.000000000000000000, 0.6561787149247862994, -0.7546055221635049604 ) ) ;
#3149 = EDGE_CURVE ( 'NONE', #4335, #762, #2796, .T. ) ;
#3150 = EDGE_CURVE ( 'NONE', #1551, #2938, #2348, .T. ) ;
#3151 = ORIENTED_EDGE ( 'NONE', *, *, #1057, .F. ) ;
#3152 = EDGE_CURVE ( 'NONE', #652, #1883, #3827, .T. ) ;
#3153 = FACE_OUTER_BOUND ( 'NONE', #1287, .T. ) ;
#3154 = FACE_OUTER_BOUND ( 'NONE', #2045, .T. ) ;
#3155 = EDGE_CURVE ( 'NONE', #3837, #1421, #2281, .T. ) ;
#3156 = ORIENTED_EDGE ( 'NONE', *, *, #3800, .F. ) ;
#3157 = ORIENTED_EDGE ( 'NONE', *, *, #2372, .T. ) ;
#3158 = DIRECTION ( 'NONE',  ( 1.000000000000000000, 0.000000000000000000, 0.000000000000000000 ) ) ;
#3159 = LINE ( 'NONE', #2235, #224 ) ;
#3160 = CARTESIAN_POINT ( 'NONE',  ( -1.380000000000000115, 12.50000000000000000, -4.343903740188082452 ) ) ;
#3161 = CARTESIAN_POINT ( 'NONE',  ( 7.350057115453719092, 0.02575826158188516957, 2.121674630245066862 ) ) ;
#3162 = VERTEX_POINT ( 'NONE', #3409 ) ;
#3163 = ORIENTED_EDGE ( 'NONE', *, *, #2935, .T. ) ;
#3164 = DIRECTION ( 'NONE',  ( 1.000000000000000000, 0.000000000000000000, -8.673617379884020681E-17 ) ) ;
#3165 = EDGE_LOOP ( 'NONE', ( #3446, #2923, #1301, #1070 ) ) ;
#3166 = CARTESIAN_POINT ( 'NONE',  ( 3.405877273185280885, 1.699999999999999734, 6.850000000000000533 ) ) ;
#3167 = CARTESIAN_POINT ( 'NONE',  ( 6.361538942939637842, 7.517540966287275417, 2.000000000000000000 ) ) ;
#3168 = EDGE_CURVE ( 'NONE', #2911, #383, #2625, .T. ) ;
#3169 = DIRECTION ( 'NONE',  ( -0.000000000000000000, 0.000000000000000000, 1.000000000000000000 ) ) ;
#3170 = ORIENTED_EDGE ( 'NONE', *, *, #4249, .T. ) ;
#3171 = VECTOR ( 'NONE', #4116, 1000.000000000000114 ) ;
#3172 = DIRECTION ( 'NONE',  ( -1.000000000000000000, -2.168404344971008252E-17, 8.673617379884035472E-17 ) ) ;
#3173 = CARTESIAN_POINT ( 'NONE',  ( 0.000000000000000000, 6.649999999999999467, 0.7729309367425446498 ) ) ;
#3174 = ORIENTED_EDGE ( 'NONE', *, *, #24, .T. ) ;
#3175 = EDGE_CURVE ( 'NONE', #1100, #2173, #4237, .T. ) ;
#3176 = CIRCLE ( 'NONE', #2476, 0.5000000000000004441 ) ;
#3177 = PRESENTATION_STYLE_ASSIGNMENT (( #2497 ) ) ;
#3178 = DIRECTION ( 'NONE',  ( -0.000000000000000000, 0.000000000000000000, 1.000000000000000000 ) ) ;
#3179 = FACE_OUTER_BOUND ( 'NONE', #967, .T. ) ;
#3180 = DIRECTION ( 'NONE',  ( 0.000000000000000000, -0.000000000000000000, 1.000000000000000000 ) ) ;
#3181 = ORIENTED_EDGE ( 'NONE', *, *, #3787, .F. ) ;
#3182 = ORIENTED_EDGE ( 'NONE', *, *, #1265, .T. ) ;
#3183 = DIRECTION ( 'NONE',  ( -1.000000000000000000, 0.000000000000000000, 0.000000000000000000 ) ) ;
#3184 = VERTEX_POINT ( 'NONE', #1874 ) ;
#3185 = DIRECTION ( 'NONE',  ( 1.000000000000000000, 2.168404344971008252E-17, -8.673617379884035472E-17 ) ) ;
#3186 = ORIENTED_EDGE ( 'NONE', *, *, #852, .T. ) ;
#3187 = DIRECTION ( 'NONE',  ( 1.000000000000000000, -0.000000000000000000, 0.000000000000000000 ) ) ;
#3188 = DIRECTION ( 'NONE',  ( -0.000000000000000000, 1.000000000000000000, 0.000000000000000000 ) ) ;
#3189 = CIRCLE ( 'NONE', #4302, 0.02000000000000005246 ) ;
#3190 = ORIENTED_EDGE ( 'NONE', *, *, #2451, .F. ) ;
#3191 = AXIS2_PLACEMENT_3D ( 'NONE', #330, #4042, #2383 ) ;
#3192 = CARTESIAN_POINT ( 'NONE',  ( -3.371111840569784412, 1.616536647565486318, 6.867191002222499563 ) ) ;
#3193 = DIRECTION ( 'NONE',  ( 8.673617379884035472E-17, 1.880790961315659329E-33, -1.000000000000000000 ) ) ;
#3194 = ORIENTED_EDGE ( 'NONE', *, *, #3067, .T. ) ;
#3195 = AXIS2_PLACEMENT_3D ( 'NONE', #2039, #698, #3372 ) ;
#3196 =( NAMED_UNIT ( * ) PLANE_ANGLE_UNIT ( ) SI_UNIT ( $, .RADIAN. ) );
#3197 = DIRECTION ( 'NONE',  ( 0.000000000000000000, 0.000000000000000000, -1.000000000000000000 ) ) ;
#3198 = CIRCLE ( 'NONE', #534, 0.1499999999999999667 ) ;
#3199 = CARTESIAN_POINT ( 'NONE',  ( 1.399999999999999689, 12.44809871788125477, -4.429206973128302138 ) ) ;
#3200 = LINE ( 'NONE', #1346, #2802 ) ;
#3201 = CARTESIAN_POINT ( 'NONE',  ( 0.000000000000000000, 0.000000000000000000, 0.000000000000000000 ) ) ;
#3202 = CARTESIAN_POINT ( 'NONE',  ( -7.404589173006751679, 0.1499825201827435506, -1.774897943480959972 ) ) ;
#3203 = EDGE_CURVE ( 'NONE', #137, #436, #1943, .T. ) ;
#3204 = AXIS2_PLACEMENT_3D ( 'NONE', #3572, #2206, #599 ) ;
#3205 = EDGE_CURVE ( 'NONE', #4202, #1894, #1756, .T. ) ;
#3206 = ORIENTED_EDGE ( 'NONE', *, *, #956, .F. ) ;
#3207 = EDGE_LOOP ( 'NONE', ( #1132, #2748, #1192, #2812 ) ) ;
#3208 = CARTESIAN_POINT ( 'NONE',  ( -1.380000000000000115, 11.43165542625050612, -5.400000000000000355 ) ) ;
#3209 = EDGE_CURVE ( 'NONE', #264, #2403, #2079, .T. ) ;
#3210 = EDGE_LOOP ( 'NONE', ( #778, #4247, #1820, #2441 ) ) ;
#3211 = AXIS2_PLACEMENT_3D ( 'NONE', #3208, #569, #194 ) ;
#3212 = ORIENTED_EDGE ( 'NONE', *, *, #3203, .T. ) ;
#3213 = DIRECTION ( 'NONE',  ( 0.000000000000000000, -0.1643989873053572637, -0.9863939238321437486 ) ) ;
#3214 = CARTESIAN_POINT ( 'NONE',  ( -1.399999999999999911, 12.34999999999999964, 2.027069063257455728 ) ) ;
#3215 = ORIENTED_EDGE ( 'NONE', *, *, #415, .F. ) ;
#3216 = ORIENTED_EDGE ( 'NONE', *, *, #681, .F. ) ;
#3217 = ADVANCED_BREP_SHAPE_REPRESENTATION ( '', ( #1091, #2550 ), #1645 ) ;
#3218 = CARTESIAN_POINT ( 'NONE',  ( 2.969848480983505290, 1.499999999999999556, -7.049999999999998046 ) ) ;
#3219 = DIRECTION ( 'NONE',  ( 0.000000000000000000, 0.000000000000000000, -1.000000000000000000 ) ) ;
#3220 = PLANE ( 'NONE',  #1584 ) ;
#3221 = DIRECTION ( 'NONE',  ( -1.000000000000000000, 0.000000000000000000, 0.000000000000000000 ) ) ;
#3222 = LINE ( 'NONE', #1917, #4284 ) ;
#3223 = FACE_OUTER_BOUND ( 'NONE', #2603, .T. ) ;
#3224 = B_SPLINE_CURVE_WITH_KNOTS ( 'NONE', 3,
 ( #375, #1704, #3627, #1658, #688, #1727 ),
 .UNSPECIFIED., .F., .F.,
 ( 4, 2, 4 ),
 ( 0.000000000000000000, 0.0002926754238024136261, 0.0005853508476048272522 ),
 .UNSPECIFIED. ) ;
#3225 = VECTOR ( 'NONE', #4009, 1000.000000000000000 ) ;
#3226 = ORIENTED_EDGE ( 'NONE', *, *, #3680, .T. ) ;
#3227 = ORIENTED_EDGE ( 'NONE', *, *, #222, .F. ) ;
#3228 = CYLINDRICAL_SURFACE ( 'NONE', #1606, 7.650000000000000355 ) ;
#3229 = EDGE_CURVE ( 'NONE', #4022, #2607, #2174, .T. ) ;
#3230 = EDGE_CURVE ( 'NONE', #4113, #3899, #35, .T. ) ;
#3231 = ORIENTED_EDGE ( 'NONE', *, *, #1034, .T. ) ;
#3232 = VERTEX_POINT ( 'NONE', #139 ) ;
#3233 =( NAMED_UNIT ( * ) SI_UNIT ( $, .STERADIAN. ) SOLID_ANGLE_UNIT ( ) );
#3234 = CARTESIAN_POINT ( 'NONE',  ( -1.380000000000000115, 12.44809871788125477, 4.429206973128303915 ) ) ;
#3235 = CARTESIAN_POINT ( 'NONE',  ( -7.428804460876121674, 0.2165134768094424123, 2.000000000000000000 ) ) ;
#3236 = PRODUCT_DEFINITION_SHAPE ( 'NONE', 'NONE',  #4351 ) ;
#3237 = ORIENTED_EDGE ( 'NONE', *, *, #928, .F. ) ;
#3238 = CARTESIAN_POINT ( 'NONE',  ( 3.302397983560366068, 1.563623187575865048, -6.900591489566306080 ) ) ;
#3239 = DIRECTION ( 'NONE',  ( 1.000000000000000000, 2.168404344971008252E-17, 8.673617379884035472E-17 ) ) ;
#3240 = VECTOR ( 'NONE', #671, 1000.000000000000000 ) ;
#3241 = PLANE ( 'NONE',  #2260 ) ;
#3242 = ORIENTED_EDGE ( 'NONE', *, *, #3244, .T. ) ;
#3243 = VECTOR ( 'NONE', #13, 1000.000000000000114 ) ;
#3244 = EDGE_CURVE ( 'NONE', #1360, #2118, #3189, .T. ) ;
#3245 = ORIENTED_EDGE ( 'NONE', *, *, #715, .T. ) ;
#3246 = DIRECTION ( 'NONE',  ( 0.3420201433256660484, -0.9396926207859094271, 0.000000000000000000 ) ) ;
#3247 = ORIENTED_EDGE ( 'NONE', *, *, #1765, .F. ) ;
#3248 = ORIENTED_EDGE ( 'NONE', *, *, #3244, .F. ) ;
#3249 = FACE_OUTER_BOUND ( 'NONE', #1154, .T. ) ;
#3250 = CARTESIAN_POINT ( 'NONE',  ( -182.9573360680569749, 6.596776730746308992, 87.29472617346800689 ) ) ;
#3251 = CARTESIAN_POINT ( 'NONE',  ( -7.649994702126549306, -3.489108205851061370E-11, -0.3557505965538996229 ) ) ;
#3252 = CARTESIAN_POINT ( 'NONE',  ( -1.380000000000000115, 9.768344573749498494, 5.400000000000000355 ) ) ;
#3253 = CARTESIAN_POINT ( 'NONE',  ( 7.552481826758179473, -1.913775962382920171E-10, -1.230020525592061764 ) ) ;
#3254 = EDGE_CURVE ( 'NONE', #3524, #948, #1393, .T. ) ;
#3255 = CARTESIAN_POINT ( 'NONE',  ( -1.400000000000000133, 9.670245855868245144, -5.485303232940222706 ) ) ;
#3256 = ORIENTED_EDGE ( 'NONE', *, *, #1028, .F. ) ;
#3257 = AXIS2_PLACEMENT_3D ( 'NONE', #374, #2805, #1856 ) ;
#3258 = ADVANCED_FACE ( 'NONE', ( #3818 ), #2154, .T. ) ;
#3259 = CARTESIAN_POINT ( 'NONE',  ( -1.379999999999999449, 0.02644174998362247911, -0.1586504999017351591 ) ) ;
#3260 = CARTESIAN_POINT ( 'NONE',  ( 0.000000000000000000, 0.2500000000000000000, -2.250000000000000444 ) ) ;
#3261 = AXIS2_PLACEMENT_3D ( 'NONE', #1441, #2126, #112 ) ;
#3262 = VERTEX_POINT ( 'NONE', #4058 ) ;
#3263 = AXIS2_PLACEMENT_3D ( 'NONE', #1043, #3032, #2012 ) ;
#3264 = VERTEX_POINT ( 'NONE', #1056 ) ;
#3265 = CARTESIAN_POINT ( 'NONE',  ( -1.400000000000000133, 9.670245855868243368, 5.485303232940222706 ) ) ;
#3266 = AXIS2_PLACEMENT_3D ( 'NONE', #3619, #3286, #272 ) ;
#3267 = DIRECTION ( 'NONE',  ( -1.000000000000000000, 0.000000000000000000, 0.000000000000000000 ) ) ;
#3268 = ORIENTED_EDGE ( 'NONE', *, *, #3971, .F. ) ;
#3269 = CARTESIAN_POINT ( 'NONE',  ( 1.399999999999999689, 6.500000000000000000, 0.8529309367425446098 ) ) ;
#3270 = VECTOR ( 'NONE', #3001, 1000.000000000000000 ) ;
#3271 = DIRECTION ( 'NONE',  ( 0.000000000000000000, 0.9863939238321437486, -0.1643989873053572637 ) ) ;
#3272 = CARTESIAN_POINT ( 'NONE',  ( -6.831385253332591390, 7.346530894624442531, 2.000000000000000000 ) ) ;
#3273 = CIRCLE ( 'NONE', #1538, 0.01999999999999999695 ) ;
#3274 = CARTESIAN_POINT ( 'NONE',  ( -7.523068877083393780, 2.458626045094292570E-10, -1.397930435970375029 ) ) ;
#3275 = ORIENTED_EDGE ( 'NONE', *, *, #2851, .T. ) ;
#3276 = CARTESIAN_POINT ( 'NONE',  ( -1.380000000000000115, 11.43165542625050435, 5.530000000000000249 ) ) ;
#3277 = ADVANCED_FACE ( 'NONE', ( #1161 ), #3679, .T. ) ;
#3278 = CARTESIAN_POINT ( 'NONE',  ( 7.431829587062480869, 0.2248249426975081067, 0.3608172242286419862 ) ) ;
#3279 = EDGE_CURVE ( 'NONE', #3731, #2780, #2148, .T. ) ;
#3280 = DIRECTION ( 'NONE',  ( -1.000000000000000000, 0.000000000000000000, -0.000000000000000000 ) ) ;
#3281 = EDGE_CURVE ( 'NONE', #1870, #1474, #1183, .T. ) ;
#3282 = VERTEX_POINT ( 'NONE', #2525 ) ;
#3283 = CARTESIAN_POINT ( 'NONE',  ( 7.474529821200690094, 0.3421428717976218725, 1.684653925762237048 ) ) ;
#3284 = EDGE_CURVE ( 'NONE', #126, #4273, #3755, .T. ) ;
#3285 = LINE ( 'NONE', #4287, #1351 ) ;
#3286 = DIRECTION ( 'NONE',  ( 1.000000000000000000, 0.000000000000000000, 0.000000000000000000 ) ) ;
#3287 = B_SPLINE_CURVE_WITH_KNOTS ( 'NONE', 3,
 ( #2514, #3465, #90, #4135, #805, #2449 ),
 .UNSPECIFIED., .F., .F.,
 ( 4, 2, 4 ),
 ( 0.000000000000000000, 0.0002926754238024136261, 0.0005853508476048272522 ),
 .UNSPECIFIED. ) ;
#3288 = LINE ( 'NONE', #1631, #1814 ) ;
#3289 = ORIENTED_EDGE ( 'NONE', *, *, #3719, .T. ) ;
#3290 = EDGE_LOOP ( 'NONE', ( #2319, #1736, #228, #1126, #3212, #1999, #4172, #1813, #3133, #3359 ) ) ;
#3291 = LINE ( 'NONE', #277, #1460 ) ;
#3292 = TOROIDAL_SURFACE ( 'NONE', #3082, 0.1299999999999999767, 0.02000000000000000042 ) ;
#3293 = CYLINDRICAL_SURFACE ( 'NONE', #2978, 0.5000000000000000000 ) ;
#3294 = ORIENTED_EDGE ( 'NONE', *, *, #570, .F. ) ;
#3295 = CARTESIAN_POINT ( 'NONE',  ( -1.379999999999999893, 8.759938365018300033, 4.438449618462787072 ) ) ;
#3296 = DIRECTION ( 'NONE',  ( -1.000000000000000000, 0.000000000000000000, 0.000000000000000000 ) ) ;
#3297 = DIRECTION ( 'NONE',  ( 1.000000000000000000, -2.438088387897967896E-29, 3.491481338843133355E-15 ) ) ;
#3298 = ADVANCED_FACE ( 'NONE', ( #188 ), #2877, .T. ) ;
#3299 = FACE_OUTER_BOUND ( 'NONE', #1725, .T. ) ;
#3300 = CARTESIAN_POINT ( 'NONE',  ( 7.624709843976406276, 4.867082136609070613E-10, 0.7122041594529342490 ) ) ;
#3301 = DIRECTION ( 'NONE',  ( 0.000000000000000000, -0.1643989873053704753, -0.9863939238321415282 ) ) ;
#3302 = AXIS2_PLACEMENT_3D ( 'NONE', #1545, #488, #2879 ) ;
#3303 = ORIENTED_EDGE ( 'NONE', *, *, #4320, .T. ) ;
#3304 = CARTESIAN_POINT ( 'NONE',  ( 7.428804460875682913, 0.2165134768082350170, 2.000000000000000000 ) ) ;
#3305 = DIRECTION ( 'NONE',  ( 0.000000000000000000, 0.000000000000000000, -1.000000000000000000 ) ) ;
#3306 = CARTESIAN_POINT ( 'NONE',  ( 7.391473627839403093, 0.07370843647224319117, 1.999999999999992228 ) ) ;
#3307 = EDGE_LOOP ( 'NONE', ( #3786, #2753 ) ) ;
#3308 = ORIENTED_EDGE ( 'NONE', *, *, #238, .F. ) ;
#3309 = TOROIDAL_SURFACE ( 'NONE', #1507, 0.1699999999999999845, 0.02000000000000000042 ) ;
#3310 = DIRECTION ( 'NONE',  ( 0.000000000000000000, 0.000000000000000000, 1.000000000000000000 ) ) ;
#3311 = EDGE_CURVE ( 'NONE', #3831, #1456, #2417, .T. ) ;
#3312 = AXIS2_PLACEMENT_3D ( 'NONE', #3167, #1532, #3546 ) ;
#3313 = ORIENTED_EDGE ( 'NONE', *, *, #1718, .F. ) ;
#3314 = LINE ( 'NONE', #685, #2210 ) ;
#3315 = LINE ( 'NONE', #3337, #4111 ) ;
#3316 = AXIS2_PLACEMENT_3D ( 'NONE', #3966, #775, #2783 ) ;
#3317 = DIRECTION ( 'NONE',  ( 0.000000000000000000, 1.000000000000000000, 0.000000000000000000 ) ) ;
#3318 = LINE ( 'NONE', #1396, #1309 ) ;
#3319 = DIRECTION ( 'NONE',  ( 0.000000000000000000, 0.1643989873053574580, 0.9863939238321437486 ) ) ;
#3320 = DIRECTION ( 'NONE',  ( -8.673617379884035472E-17, -1.880790961315659329E-33, -1.000000000000000000 ) ) ;
#3321 = LINE ( 'NONE', #306, #746 ) ;
#3322 = CARTESIAN_POINT ( 'NONE',  ( -3.972395516902678558, 10.91406698383288720, 2.000000000000000000 ) ) ;
#3323 = ORIENTED_EDGE ( 'NONE', *, *, #2562, .F. ) ;
#3324 = CYLINDRICAL_SURFACE ( 'NONE', #2702, 0.1499999999999999667 ) ;
#3325 = AXIS2_PLACEMENT_3D ( 'NONE', #155, #2489, #87 ) ;
#3326 = FACE_OUTER_BOUND ( 'NONE', #89, .T. ) ;
#3327 = CARTESIAN_POINT ( 'NONE',  ( -1.390180519077591104, 6.500000000000000000, -0.8009322421621059007 ) ) ;
#3328 = VECTOR ( 'NONE', #461, 1000.000000000000000 ) ;
#3329 = ORIENTED_EDGE ( 'NONE', *, *, #3365, .T. ) ;
#3330 = ORIENTED_EDGE ( 'NONE', *, *, #3005, .T. ) ;
#3331 = VECTOR ( 'NONE', #1019, 1000.000000000000000 ) ;
#3332 = CARTESIAN_POINT ( 'NONE',  ( 7.331456930341399669, 1.905824131322174993E-18, -2.185584934388800527 ) ) ;
#3333 = ADVANCED_FACE ( 'NONE', ( #3471 ), #4097, .T. ) ;
#3334 = EDGE_CURVE ( 'NONE', #3814, #1468, #2973, .T. ) ;
#3335 = VERTEX_POINT ( 'NONE', #4094 ) ;
#3336 = CARTESIAN_POINT ( 'NONE',  ( 0.000000000000000000, 12.50000000000000000, 4.343903740188081564 ) ) ;
#3337 = CARTESIAN_POINT ( 'NONE',  ( -1.156482317317871971E-16, 2.000000000000000000, -1.000000000000000000 ) ) ;
#3338 = VECTOR ( 'NONE', #133, 1000.000000000000000 ) ;
#3339 = CARTESIAN_POINT ( 'NONE',  ( 1.399999999999999689, 11.43165542625050612, -5.530000000000000249 ) ) ;
#3340 = AXIS2_PLACEMENT_3D ( 'NONE', #1707, #3669, #2353 ) ;
#3341 = CARTESIAN_POINT ( 'NONE',  ( -10.08616114660532759, 7.517540966287275417, -2.000000000000000000 ) ) ;
#3342 = CARTESIAN_POINT ( 'NONE',  ( -7.482430270709835796, 0.3638491784275422747, -1.602827392971760467 ) ) ;
#3343 = DIRECTION ( 'NONE',  ( -0.9396926207859094271, 0.3420201433256660484, 0.000000000000000000 ) ) ;
#3344 = CIRCLE ( 'NONE', #549, 0.1499999999999999667 ) ;
#3345 = CARTESIAN_POINT ( 'NONE',  ( 1.399999999999999689, 11.43165542625050435, 5.400000000000000355 ) ) ;
#3346 = VERTEX_POINT ( 'NONE', #2136 ) ;
#3347 = AXIS2_PLACEMENT_3D ( 'NONE', #3113, #3735, #776 ) ;
#3348 = CIRCLE ( 'NONE', #1245, 0.5000000000000004441 ) ;
#3349 = FACE_OUTER_BOUND ( 'NONE', #197, .T. ) ;
#3350 = CARTESIAN_POINT ( 'NONE',  ( -7.376335500664995770, 0.1169959157788279386, 2.028432348775886851 ) ) ;
#3351 = CARTESIAN_POINT ( 'NONE',  ( 4.240375615359629258, 0.2500000000000000000, -2.000000000000000000 ) ) ;
#3352 = ORIENTED_EDGE ( 'NONE', *, *, #550, .F. ) ;
#3353 = CARTESIAN_POINT ( 'NONE',  ( -3.405877273185284881, 1.699999999999999734, -6.849999999999998757 ) ) ;
#3354 = ORIENTED_EDGE ( 'NONE', *, *, #2557, .T. ) ;
#3355 = ORIENTED_EDGE ( 'NONE', *, *, #1825, .F. ) ;
#3356 = CARTESIAN_POINT ( 'NONE',  ( 1.380279994234274277, 6.500000000000000000, 4.549233012451844083 ) ) ;
#3357 = CARTESIAN_POINT ( 'NONE',  ( 1.399999999999999689, 8.631655426250503638, -4.549999999999998934 ) ) ;
#3358 = DIRECTION ( 'NONE',  ( 0.000000000000000000, 0.000000000000000000, -1.000000000000000000 ) ) ;
#3359 = ORIENTED_EDGE ( 'NONE', *, *, #821, .F. ) ;
#3360 = DIRECTION ( 'NONE',  ( 0.000000000000000000, 1.000000000000000000, -0.000000000000000000 ) ) ;
#3361 = EDGE_CURVE ( 'NONE', #3708, #423, #3071, .T. ) ;
#3362 = DIRECTION ( 'NONE',  ( 0.000000000000000000, 0.000000000000000000, -1.000000000000000000 ) ) ;
#3363 = EDGE_CURVE ( 'NONE', #3282, #3564, #882, .T. ) ;
#3364 = VECTOR ( 'NONE', #2705, 1000.000000000000000 ) ;
#3365 = EDGE_CURVE ( 'NONE', #2223, #910, #1654, .T. ) ;
#3366 = DIRECTION ( 'NONE',  ( -0.000000000000000000, 0.6561787149247684248, 0.7546055221635205035 ) ) ;
#3367 = DIRECTION ( 'NONE',  ( -0.000000000000000000, 0.000000000000000000, 1.000000000000000000 ) ) ;
#3368 = DIRECTION ( 'NONE',  ( 0.000000000000000000, -0.1643989873053704753, 0.9863939238321415282 ) ) ;
#3369 = LINE ( 'NONE', #4041, #1259 ) ;
#3370 = CARTESIAN_POINT ( 'NONE',  ( -1.380000000000000115, 9.768344573749500270, -5.400000000000000355 ) ) ;
#3371 = ORIENTED_EDGE ( 'NONE', *, *, #2372, .F. ) ;
#3372 = DIRECTION ( 'NONE',  ( 0.000000000000000000, 0.000000000000000000, 1.000000000000000000 ) ) ;
#3373 = FACE_OUTER_BOUND ( 'NONE', #785, .T. ) ;
#3374 = DIRECTION ( 'NONE',  ( 1.000000000000000000, 0.000000000000000000, 0.000000000000000000 ) ) ;
#3375 = VERTEX_POINT ( 'NONE', #2094 ) ;
#3376 = DIRECTION ( 'NONE',  ( 0.000000000000000000, 0.000000000000000000, 1.000000000000000000 ) ) ;
#3377 = ORIENTED_EDGE ( 'NONE', *, *, #2031, .T. ) ;
#3378 = VERTEX_POINT ( 'NONE', #1792 ) ;
#3379 = CARTESIAN_POINT ( 'NONE',  ( 1.379999999999999671, 9.768344573749498494, 5.400000000000000355 ) ) ;
#3380 = DIRECTION ( 'NONE',  ( 0.000000000000000000, 0.000000000000000000, -1.000000000000000000 ) ) ;
#3381 = DIRECTION ( 'NONE',  ( 0.000000000000000000, 0.9863939238321415282, -0.1643989873053704753 ) ) ;
#3382 = AXIS2_PLACEMENT_3D ( 'NONE', #4207, #1857, #1902 ) ;
#3383 = VERTEX_POINT ( 'NONE', #2369 ) ;
#3384 = DIRECTION ( 'NONE',  ( 1.000000000000000000, 2.168404344971008252E-17, 8.673617379884035472E-17 ) ) ;
#3385 = DIRECTION ( 'NONE',  ( 1.000000000000000000, 0.000000000000000000, 0.000000000000000000 ) ) ;
#3386 = TOROIDAL_SURFACE ( 'NONE', #4225, 0.1299999999999999767, 0.02000000000000000042 ) ;
#3387 = AXIS2_PLACEMENT_3D ( 'NONE', #2010, #1708, #4107 ) ;
#3388 = LINE ( 'NONE', #2703, #184 ) ;
#3389 = DIRECTION ( 'NONE',  ( 1.000000000000000000, 0.000000000000000000, 0.000000000000000000 ) ) ;
#3390 = EDGE_CURVE ( 'NONE', #2495, #1694, #418, .T. ) ;
#3391 = CARTESIAN_POINT ( 'NONE',  ( 7.428804460876122562, 0.2165134768094436890, -2.000000000000000000 ) ) ;
#3392 = DIRECTION ( 'NONE',  ( 1.000000000000000000, 0.000000000000000000, 0.000000000000000000 ) ) ;
#3393 = ORIENTED_EDGE ( 'NONE', *, *, #163, .T. ) ;
#3394 = LINE ( 'NONE', #359, #2008 ) ;
#3395 = FACE_OUTER_BOUND ( 'NONE', #4021, .T. ) ;
#3396 = EDGE_CURVE ( 'NONE', #2569, #135, #1444, .T. ) ;
#3397 = DIRECTION ( 'NONE',  ( 1.000000000000000000, -0.000000000000000000, 0.000000000000000000 ) ) ;
#3398 = ORIENTED_EDGE ( 'NONE', *, *, #3441, .T. ) ;
#3399 = CARTESIAN_POINT ( 'NONE',  ( -1.380279994234274055, 6.500000000000000000, -0.7736979242907003895 ) ) ;
#3400 = EDGE_CURVE ( 'NONE', #264, #3725, #2563, .T. ) ;
#3401 = ORIENTED_EDGE ( 'NONE', *, *, #2262, .F. ) ;
#3402 = EDGE_LOOP ( 'NONE', ( #2876, #977, #3746, #727 ) ) ;
#3403 = CARTESIAN_POINT ( 'NONE',  ( -3.972395516902678558, 10.91406698383288720, 2.000000000000000000 ) ) ;
#3404 = FACE_OUTER_BOUND ( 'NONE', #1119, .T. ) ;
#3405 = LINE ( 'NONE', #1775, #3704 ) ;
#3406 = LINE ( 'NONE', #752, #1037 ) ;
#3407 = AXIS2_PLACEMENT_3D ( 'NONE', #3944, #1722, #30 ) ;
#3408 = ORIENTED_EDGE ( 'NONE', *, *, #3559, .F. ) ;
#3409 = CARTESIAN_POINT ( 'NONE',  ( -3.807362913467408738, 0.000000000000000000, -2.250000000000000444 ) ) ;
#3410 = DIRECTION ( 'NONE',  ( 0.000000000000000000, -0.6561787149247869655, 0.7546055221635044052 ) ) ;
#3411 = MECHANICAL_DESIGN_GEOMETRIC_PRESENTATION_REPRESENTATION (  '', ( #4179 ), #2084 ) ;
#3412 = VECTOR ( 'NONE', #493, 1000.000000000000000 ) ;
#3413 = CARTESIAN_POINT ( 'NONE',  ( 0.000000000000000000, 0.000000000000000000, 2.250000000000000444 ) ) ;
#3414 = DIRECTION ( 'NONE',  ( -8.673617379884035472E-17, -1.880790961315659329E-33, -1.000000000000000000 ) ) ;
#3415 = CARTESIAN_POINT ( 'NONE',  ( 1.000000000000000000, 4.750000000000000000, 0.9999999999999997780 ) ) ;
#3416 = VECTOR ( 'NONE', #1849, 1000.000000000000114 ) ;
#3417 = ORIENTED_EDGE ( 'NONE', *, *, #1800, .T. ) ;
#3418 = CARTESIAN_POINT ( 'NONE',  ( 3.405877273185284881, 1.699999999999999734, -6.849999999999998757 ) ) ;
#3419 = AXIS2_PLACEMENT_3D ( 'NONE', #3828, #4154, #428 ) ;
#3420 = ADVANCED_FACE ( 'NONE', ( #2756 ), #706, .T. ) ;
#3421 = CARTESIAN_POINT ( 'NONE',  ( -1.385521695682327525, 6.500000000000000000, 0.7880629224027729807 ) ) ;
#3422 = ORIENTED_EDGE ( 'NONE', *, *, #2540, .T. ) ;
#3423 = LINE ( 'NONE', #2065, #2490 ) ;
#3424 = EDGE_CURVE ( 'NONE', #3899, #489, #4078, .T. ) ;
#3425 = VECTOR ( 'NONE', #2721, 1000.000000000000000 ) ;
#3426 = AXIS2_PLACEMENT_3D ( 'NONE', #3143, #4080, #1148 ) ;
#3427 = VERTEX_POINT ( 'NONE', #750 ) ;
#3428 = ORIENTED_EDGE ( 'NONE', *, *, #712, .F. ) ;
#3429 = DIRECTION ( 'NONE',  ( -1.000000000000000000, -0.000000000000000000, -0.000000000000000000 ) ) ;
#3430 = FACE_OUTER_BOUND ( 'NONE', #4296, .T. ) ;
#3431 = APPLICATION_PROTOCOL_DEFINITION ( 'draft international standard', 'automotive_design', 1998, #517 ) ;
#3432 = CARTESIAN_POINT ( 'NONE',  ( -1.380000000000000115, 9.768344573749498494, 5.530000000000000249 ) ) ;
#3433 = EDGE_LOOP ( 'NONE', ( #4204, #3683, #1383, #3568 ) ) ;
#3434 = ORIENTED_EDGE ( 'NONE', *, *, #478, .T. ) ;
#3435 = CARTESIAN_POINT ( 'NONE',  ( 1.379999999999999671, 6.500000000000000000, -0.7729309367425445387 ) ) ;
#3436 = DIRECTION ( 'NONE',  ( -1.000000000000000000, -0.000000000000000000, -0.000000000000000000 ) ) ;
#3437 = DIRECTION ( 'NONE',  ( 0.000000000000000000, 1.000000000000000000, 0.000000000000000000 ) ) ;
#3438 = CARTESIAN_POINT ( 'NONE',  ( 1.379999999999999671, 12.50000000000000000, -4.343903740188082452 ) ) ;
#3439 = CARTESIAN_POINT ( 'NONE',  ( 0.000000000000000000, 12.46319082832452629, 4.442330547426800003 ) ) ;
#3440 = ORIENTED_EDGE ( 'NONE', *, *, #1290, .F. ) ;
#3441 = EDGE_CURVE ( 'NONE', #1067, #2643, #72, .T. ) ;
#3442 = CARTESIAN_POINT ( 'NONE',  ( -1.400000000000000133, 9.768344573749500270, -5.400000000000000355 ) ) ;
#3443 = DIRECTION ( 'NONE',  ( 1.000000000000000000, 0.000000000000000000, 0.000000000000000000 ) ) ;
#3444 = EDGE_LOOP ( 'NONE', ( #658, #2359, #1291, #1785 ) ) ;
#3445 = EDGE_LOOP ( 'NONE', ( #675, #4339, #362, #926 ) ) ;
#3446 = ORIENTED_EDGE ( 'NONE', *, *, #1873, .T. ) ;
#3447 = CARTESIAN_POINT ( 'NONE',  ( -1.400000000000000133, 8.759938365018300033, 4.438449618462784407 ) ) ;
#3448 = CARTESIAN_POINT ( 'NONE',  ( -1.399999999999999245, 2.790441948979337283, -2.426471259982029949 ) ) ;
#3449 = CARTESIAN_POINT ( 'NONE',  ( 1.399999999999999689, 9.670245855868246920, -5.485303232940223594 ) ) ;
#3450 = DIRECTION ( 'NONE',  ( 0.000000000000000000, 0.1643989873053704753, 0.9863939238321415282 ) ) ;
#3451 = CARTESIAN_POINT ( 'NONE',  ( 1.399999999999999689, 0.000000000000000000, 0.000000000000000000 ) ) ;
#3452 = ORIENTED_EDGE ( 'NONE', *, *, #2954, .T. ) ;
#3453 = ORIENTED_EDGE ( 'NONE', *, *, #4060, .T. ) ;
#3454 = DIRECTION ( 'NONE',  ( -1.000000000000000000, -0.000000000000000000, -0.000000000000000000 ) ) ;
#3455 = ADVANCED_FACE ( 'NONE', ( #2046 ), #3807, .T. ) ;
#3456 = TOROIDAL_SURFACE ( 'NONE', #2128, 0.1699999999999999845, 0.02000000000000000042 ) ;
#3457 = EDGE_LOOP ( 'NONE', ( #3540, #591, #3773, #2667, #185, #1696, #3174, #3377, #3652, #3020, #1226, #3329, #255, #3634 ) ) ;
#3458 = DIRECTION ( 'NONE',  ( -1.000000000000000000, 0.000000000000000000, -0.000000000000000000 ) ) ;
#3459 = AXIS2_PLACEMENT_3D ( 'NONE', #2898, #565, #3536 ) ;
#3460 = CARTESIAN_POINT ( 'NONE',  ( 1.379999999999999671, 0.000000000000000000, -5.549999999999999822 ) ) ;
#3461 = CARTESIAN_POINT ( 'NONE',  ( 1.399999999999999689, 6.622052172158088723, -0.9406179037940091137 ) ) ;
#3462 = CARTESIAN_POINT ( 'NONE',  ( -1.380560112054759037, 6.500000000000000000, 4.548466070008426065 ) ) ;
#3463 = CIRCLE ( 'NONE', #3533, 0.1499999999999999667 ) ;
#3464 = ORIENTED_EDGE ( 'NONE', *, *, #1798, .T. ) ;
#3465 = CARTESIAN_POINT ( 'NONE',  ( -4.190525696202573869, 0.1636574072667807411, 1.999999999999999556 ) ) ;
#3466 = CARTESIAN_POINT ( 'NONE',  ( -1.000000000000000000, 4.750000000000000000, -0.9999999999999997780 ) ) ;
#3467 = CARTESIAN_POINT ( 'NONE',  ( -1.399999999999999689, 6.500000000000000000, 0.8398232385305505199 ) ) ;
#3468 = DIRECTION ( 'NONE',  ( 0.000000000000000000, -0.000000000000000000, -1.000000000000000000 ) ) ;
#3469 = ORIENTED_EDGE ( 'NONE', *, *, #2560, .T. ) ;
#3470 = ORIENTED_EDGE ( 'NONE', *, *, #3005, .F. ) ;
#3471 = FACE_OUTER_BOUND ( 'NONE', #920, .T. ) ;
#3472 = DIRECTION ( 'NONE',  ( -0.000000000000000000, 0.000000000000000000, 1.000000000000000000 ) ) ;
#3473 = EDGE_CURVE ( 'NONE', #1448, #4254, #996, .T. ) ;
#3474 = LINE ( 'NONE', #3577, #149 ) ;
#3475 = ORIENTED_EDGE ( 'NONE', *, *, #4294, .T. ) ;
#3476 = ORIENTED_EDGE ( 'NONE', *, *, #24, .F. ) ;
#3477 = ADVANCED_FACE ( 'NONE', ( #3733 ), #509, .T. ) ;
#3478 = DIRECTION ( 'NONE',  ( -0.000000000000000000, -1.000000000000000000, -0.000000000000000000 ) ) ;
#3479 = ADVANCED_FACE ( 'NONE', ( #3404 ), #4072, .T. ) ;
#3480 = CIRCLE ( 'NONE', #2346, 0.5000000000000004441 ) ;
#3481 = ADVANCED_FACE ( 'NONE', ( #1430 ), #1563, .T. ) ;
#3482 = B_SPLINE_CURVE_WITH_KNOTS ( 'NONE', 3,
 ( #3662, #3332, #1008, #2321, #679, #3941 ),
 .UNSPECIFIED., .F., .F.,
 ( 4, 2, 4 ),
 ( 0.000000000000000000, 0.0001993785321696272953, 0.0003987570643392545906 ),
 .UNSPECIFIED. ) ;
#3483 = AXIS2_PLACEMENT_3D ( 'NONE', #2006, #2980, #1318 ) ;
#3484 = EDGE_CURVE ( 'NONE', #4134, #1788, #1502, .T. ) ;
#3485 = CARTESIAN_POINT ( 'NONE',  ( -1.400000000000000133, 6.500000000000000000, -4.469999999999999751 ) ) ;
#3486 = AXIS2_PLACEMENT_3D ( 'NONE', #3370, #1666, #2059 ) ;
#3487 = CARTESIAN_POINT ( 'NONE',  ( -1.399999999999999689, 6.622052172158088723, -0.9406179037940088916 ) ) ;
#3488 = EDGE_CURVE ( 'NONE', #2394, #3378, #811, .T. ) ;
#3489 = ORIENTED_EDGE ( 'NONE', *, *, #1347, .F. ) ;
#3490 = AXIS2_PLACEMENT_3D ( 'NONE', #2970, #1938, #3221 ) ;
#3491 = CARTESIAN_POINT ( 'NONE',  ( -3.354592426478614886, 1.601480656498023070, 6.875287884091614288 ) ) ;
#3492 = CARTESIAN_POINT ( 'NONE',  ( 7.523068877083466610, 2.458471042567009417E-10, 1.397930435970054175 ) ) ;
#3493 = CIRCLE ( 'NONE', #2982, 7.650000000000000355 ) ;
#3494 = CARTESIAN_POINT ( 'NONE',  ( 0.000000000000000000, 6.649999999999999467, -0.7729309367425445387 ) ) ;
#3495 = VECTOR ( 'NONE', #2464, 1000.000000000000000 ) ;
#3496 = ORIENTED_EDGE ( 'NONE', *, *, #3631, .F. ) ;
#3497 = CARTESIAN_POINT ( 'NONE',  ( -7.349999999999999645, 0.000000000000000000, 2.000000000000000000 ) ) ;
#3498 = CARTESIAN_POINT ( 'NONE',  ( -1.000000000000000000, 4.750000000000000000, 0.9999999999999997780 ) ) ;
#3499 = CARTESIAN_POINT ( 'NONE',  ( 0.000000000000000000, 8.631655426250503638, 4.549999999999999822 ) ) ;
#3500 = CONTEXT_DEPENDENT_SHAPE_REPRESENTATION ( #913, #2673 ) ;
#3501 = CARTESIAN_POINT ( 'NONE',  ( 1.379999999999999671, 11.43165542625050612, -5.400000000000000355 ) ) ;
#3502 = CARTESIAN_POINT ( 'NONE',  ( 7.383935265155024297, 0.2500000000000000000, 2.000000000000000000 ) ) ;
#3503 = AXIS2_PLACEMENT_3D ( 'NONE', #1249, #1906, #925 ) ;
#3504 = EDGE_LOOP ( 'NONE', ( #3690, #3959, #2435, #4139 ) ) ;
#3505 = ORIENTED_EDGE ( 'NONE', *, *, #27, .F. ) ;
#3506 = FACE_OUTER_BOUND ( 'NONE', #634, .T. ) ;
#3507 = EDGE_CURVE ( 'NONE', #1327, #65, #3857, .T. ) ;
#3508 = CARTESIAN_POINT ( 'NONE',  ( -1.380839982702823709, 6.500000000000000000, -4.547699037355532603 ) ) ;
#3509 = CARTESIAN_POINT ( 'NONE',  ( 6.861538942939637842, 7.517540966287275417, -2.000000000000000000 ) ) ;
#3510 = ORIENTED_EDGE ( 'NONE', *, *, #3484, .T. ) ;
#3511 = ADVANCED_FACE ( 'NONE', ( #3179 ), #2156, .F. ) ;
#3512 = CARTESIAN_POINT ( 'NONE',  ( 6.490213328462258069, -2.362244465598015708, -2.000000000000000000 ) ) ;
#3513 = CYLINDRICAL_SURFACE ( 'NONE', #1715, 0.1499999999999999667 ) ;
#3514 = FACE_OUTER_BOUND ( 'NONE', #212, .T. ) ;
#3515 = ORIENTED_EDGE ( 'NONE', *, *, #344, .T. ) ;
#3516 =( LENGTH_UNIT ( ) NAMED_UNIT ( * ) SI_UNIT ( .MILLI., .METRE. ) );
#3517 = DIRECTION ( 'NONE',  ( -8.673617379884035472E-17, -1.880790961315659329E-33, -1.000000000000000000 ) ) ;
#3518 = CARTESIAN_POINT ( 'NONE',  ( -1.400000000000000133, 12.44809871788125477, 4.429206973128303026 ) ) ;
#3519 = PLANE ( 'NONE',  #3655 ) ;
#3520 = ORIENTED_EDGE ( 'NONE', *, *, #1467, .F. ) ;
#3521 = ORIENTED_EDGE ( 'NONE', *, *, #3604, .F. ) ;
#3522 = CYLINDRICAL_SURFACE ( 'NONE', #2990, 0.02000000000000005246 ) ;
#3523 = ORIENTED_EDGE ( 'NONE', *, *, #1193, .T. ) ;
#3524 = VERTEX_POINT ( 'NONE', #3498 ) ;
#3525 = DIRECTION ( 'NONE',  ( 0.000000000000000000, 0.000000000000000000, -1.000000000000000000 ) ) ;
#3526 = CARTESIAN_POINT ( 'NONE',  ( 1.379999999999999671, 9.768344573749498494, 5.549999999999999822 ) ) ;
#3527 = VERTEX_POINT ( 'NONE', #1184 ) ;
#3528 = AXIS2_PLACEMENT_3D ( 'NONE', #1500, #855, #3819 ) ;
#3529 = FACE_OUTER_BOUND ( 'NONE', #2979, .T. ) ;
#3530 = EDGE_CURVE ( 'NONE', #3264, #3564, #934, .T. ) ;
#3531 = CARTESIAN_POINT ( 'NONE',  ( -1.380000000000000115, 9.768344573749498494, 5.400000000000000355 ) ) ;
#3532 = ORIENTED_EDGE ( 'NONE', *, *, #840, .F. ) ;
#3533 = AXIS2_PLACEMENT_3D ( 'NONE', #2539, #4185, #1181 ) ;
#3534 = EDGE_CURVE ( 'NONE', #2653, #2223, #2566, .T. ) ;
#3535 = CARTESIAN_POINT ( 'NONE',  ( -1.399999999999999689, 6.649999999999999467, -0.7729309367425445387 ) ) ;
#3536 = DIRECTION ( 'NONE',  ( 0.000000000000000000, -0.000000000000000000, -1.000000000000000000 ) ) ;
#3537 = DIRECTION ( 'NONE',  ( -1.000000000000000000, 0.000000000000000000, -0.000000000000000000 ) ) ;
#3538 = DIRECTION ( 'NONE',  ( 1.000000000000000000, 0.000000000000000000, -1.156482317317871725E-16 ) ) ;
#3539 = VERTEX_POINT ( 'NONE', #3893 ) ;
#3540 = ORIENTED_EDGE ( 'NONE', *, *, #3507, .T. ) ;
#3541 = CARTESIAN_POINT ( 'NONE',  ( 0.000000000000000000, 1.499999999999999556, -7.650000000000000355 ) ) ;
#3542 = ORIENTED_EDGE ( 'NONE', *, *, #3149, .T. ) ;
#3543 = ORIENTED_EDGE ( 'NONE', *, *, #1925, .T. ) ;
#3544 = FACE_OUTER_BOUND ( 'NONE', #1908, .T. ) ;
#3545 = VECTOR ( 'NONE', #767, 1000.000000000000000 ) ;
#3546 = DIRECTION ( 'NONE',  ( 1.000000000000000000, 0.000000000000000000, 0.000000000000000000 ) ) ;
#3547 = AXIS2_PLACEMENT_3D ( 'NONE', #438, #729, #1116 ) ;
#3548 = CARTESIAN_POINT ( 'NONE',  ( -7.494510619417268593, 0.3970396637203516543, 1.482359477507223966 ) ) ;
#3549 = ORIENTED_EDGE ( 'NONE', *, *, #1028, .T. ) ;
#3550 = ORIENTED_EDGE ( 'NONE', *, *, #3363, .T. ) ;
#3551 = VECTOR ( 'NONE', #2356, 1000.000000000000000 ) ;
#3552 = CARTESIAN_POINT ( 'NONE',  ( -1.380000000000000115, 9.768344573749503823, 5.549999999999999822 ) ) ;
#3553 = CARTESIAN_POINT ( 'NONE',  ( -1.399999999999999911, 6.649999999999999467, -4.379999999999999893 ) ) ;
#3554 = ORIENTED_EDGE ( 'NONE', *, *, #1217, .F. ) ;
#3555 = AXIS2_PLACEMENT_3D ( 'NONE', #700, #648, #332 ) ;
#3556 = EDGE_CURVE ( 'NONE', #4254, #3927, #3839, .T. ) ;
#3557 = CARTESIAN_POINT ( 'NONE',  ( 7.383935265155024297, 0.2500000000000000000, 2.000000000000000000 ) ) ;
#3558 = AXIS2_PLACEMENT_3D ( 'NONE', #1598, #2929, #1956 ) ;
#3559 = EDGE_CURVE ( 'NONE', #910, #3527, #505, .T. ) ;
#3560 = DIRECTION ( 'NONE',  ( -1.000000000000000000, 0.000000000000000000, 0.000000000000000000 ) ) ;
#3561 = CARTESIAN_POINT ( 'NONE',  ( 1.379999999999999671, 0.000000000000000000, -4.379999999999999893 ) ) ;
#3562 = VECTOR ( 'NONE', #2007, 1000.000000000000114 ) ;
#3563 = ORIENTED_EDGE ( 'NONE', *, *, #2120, .T. ) ;
#3564 = VERTEX_POINT ( 'NONE', #547 ) ;
#3565 = PLANE ( 'NONE',  #1758 ) ;
#3566 = AXIS2_PLACEMENT_3D ( 'NONE', #447, #1843, #755 ) ;
#3567 = DIRECTION ( 'NONE',  ( 0.000000000000000000, 0.000000000000000000, -1.000000000000000000 ) ) ;
#3568 = ORIENTED_EDGE ( 'NONE', *, *, #3507, .F. ) ;
#3569 = CIRCLE ( 'NONE', #1678, 0.02000000000000005246 ) ;
#3570 = ORIENTED_EDGE ( 'NONE', *, *, #1746, .T. ) ;
#3571 = LINE ( 'NONE', #4261, #2293 ) ;
#3572 = CARTESIAN_POINT ( 'NONE',  ( 0.000000000000000000, 11.43165542625050612, -5.400000000000000355 ) ) ;
#3573 = DIRECTION ( 'NONE',  ( 1.000000000000000000, 2.168404344971008252E-17, 8.673617379884035472E-17 ) ) ;
#3574 = DIRECTION ( 'NONE',  ( 0.000000000000000000, 0.000000000000000000, -1.000000000000000000 ) ) ;
#3575 = CARTESIAN_POINT ( 'NONE',  ( 7.482430270709837572, 0.3638491784275414420, 1.602827392971761356 ) ) ;
#3576 = CARTESIAN_POINT ( 'NONE',  ( -1.379999999999999893, 12.34999999999999964, 2.027069063257455728 ) ) ;
#3577 = CARTESIAN_POINT ( 'NONE',  ( 1.400000000000000133, 11.54484625457503100, 5.498426807238718794 ) ) ;
#3578 = VERTEX_POINT ( 'NONE', #2914 ) ;
#3579 = CARTESIAN_POINT ( 'NONE',  ( 1.399999999999999689, 11.52975414413176125, -5.485303232940222706 ) ) ;
#3580 = ORIENTED_EDGE ( 'NONE', *, *, #3631, .T. ) ;
#3581 = ORIENTED_EDGE ( 'NONE', *, *, #1741, .T. ) ;
#3582 = EDGE_CURVE ( 'NONE', #2118, #1067, #2544, .T. ) ;
#3583 = FACE_OUTER_BOUND ( 'NONE', #2409, .T. ) ;
#3584 = DIRECTION ( 'NONE',  ( 1.000000000000000000, 0.000000000000000000, 0.000000000000000000 ) ) ;
#3585 = EDGE_CURVE ( 'NONE', #966, #3613, #3222, .T. ) ;
#3586 = CARTESIAN_POINT ( 'NONE',  ( -7.432188809747289682, 0.2258118989129668519, -0.7119717907706860638 ) ) ;
#3587 = AXIS2_PLACEMENT_3D ( 'NONE', #2545, #2857, #3538 ) ;
#3588 = CARTESIAN_POINT ( 'NONE',  ( 6.831385253332592278, 7.346530894624442531, -2.000000000000000000 ) ) ;
#3589 = CARTESIAN_POINT ( 'NONE',  ( 7.424391937543246556, -1.252091699495266270E-10, -1.844582907550559980 ) ) ;
#3590 = CARTESIAN_POINT ( 'NONE',  ( 1.379999999999999671, 12.48000000000000220, 4.343903740188081564 ) ) ;
#3591 = CIRCLE ( 'NONE', #1131, 0.1299999999999998934 ) ;
#3592 = DIRECTION ( 'NONE',  ( 0.000000000000000000, 1.000000000000000000, 0.000000000000000000 ) ) ;
#3593 = ORIENTED_EDGE ( 'NONE', *, *, #3585, .F. ) ;
#3594 = DIRECTION ( 'NONE',  ( 1.000000000000000000, -0.000000000000000000, -0.000000000000000000 ) ) ;
#3595 = DIRECTION ( 'NONE',  ( -1.000000000000000000, -2.168404344971008252E-17, 8.673617379884035472E-17 ) ) ;
#3596 = AXIS2_PLACEMENT_3D ( 'NONE', #251, #3305, #1648 ) ;
#3597 = LINE ( 'NONE', #1222, #4152 ) ;
#3598 = ORIENTED_EDGE ( 'NONE', *, *, #1599, .F. ) ;
#3599 = AXIS2_PLACEMENT_3D ( 'NONE', #4037, #3389, #3054 ) ;
#3600 = ORIENTED_EDGE ( 'NONE', *, *, #2828, .F. ) ;
#3601 = CARTESIAN_POINT ( 'NONE',  ( -1.380000000000000115, 12.34999999999999964, 4.343903740188081564 ) ) ;
#3602 = CARTESIAN_POINT ( 'NONE',  ( -7.394499028794768059, 0.1222600768012700040, 1.899683860010720204 ) ) ;
#3603 = AXIS2_PLACEMENT_3D ( 'NONE', #2844, #2488, #4216 ) ;
#3604 = EDGE_CURVE ( 'NONE', #466, #2394, #900, .T. ) ;
#3605 = ORIENTED_EDGE ( 'NONE', *, *, #4171, .F. ) ;
#3606 = ADVANCED_FACE ( 'NONE', ( #189 ), #4000, .T. ) ;
#3607 = CARTESIAN_POINT ( 'NONE',  ( 1.399999999999999689, 12.44809871788125477, -4.429206973128303026 ) ) ;
#3608 = ADVANCED_FACE ( 'NONE', ( #2212 ), #2132, .T. ) ;
#3609 =( LENGTH_UNIT ( ) NAMED_UNIT ( * ) SI_UNIT ( .MILLI., .METRE. ) );
#3610 = EDGE_CURVE ( 'NONE', #3346, #1577, #3159, .T. ) ;
#3611 = DIRECTION ( 'NONE',  ( 0.000000000000000000, 0.000000000000000000, -1.000000000000000000 ) ) ;
#3612 = CARTESIAN_POINT ( 'NONE',  ( -1.400000000000000133, 6.500000000000000000, 0.8529309367425446098 ) ) ;
#3613 = VERTEX_POINT ( 'NONE', #3518 ) ;
#3614 = AXIS2_PLACEMENT_3D ( 'NONE', #659, #2964, #4340 ) ;
#3615 = PLANE ( 'NONE',  #4240 ) ;
#3616 = CARTESIAN_POINT ( 'NONE',  ( 7.482246335626154377, 0.3633438209384826090, -1.604849254276476289 ) ) ;
#3617 = CARTESIAN_POINT ( 'NONE',  ( -3.807362913467408738, 0.000000000000000000, 2.000000000000000000 ) ) ;
#3618 = AXIS2_PLACEMENT_3D ( 'NONE', #699, #3014, #4014 ) ;
#3619 = CARTESIAN_POINT ( 'NONE',  ( 0.000000000000000000, 12.34999999999999964, 2.027069063257455728 ) ) ;
#3620 = ORIENTED_EDGE ( 'NONE', *, *, #2021, .T. ) ;
#3621 = ORIENTED_EDGE ( 'NONE', *, *, #1000, .F. ) ;
#3622 = CARTESIAN_POINT ( 'NONE',  ( 1.399999999999999689, 12.48000000000000220, 4.343903740188081564 ) ) ;
#3623 = AXIS2_PLACEMENT_3D ( 'NONE', #3743, #2637, #641 ) ;
#3624 = ADVANCED_FACE ( 'NONE', ( #164, #140 ), #1582, .T. ) ;
#3625 = CARTESIAN_POINT ( 'NONE',  ( -1.400000000000000355, 9.655153745424975398, 5.498426807238718794 ) ) ;
#3626 = AXIS2_PLACEMENT_3D ( 'NONE', #1531, #2248, #1949 ) ;
#3627 = CARTESIAN_POINT ( 'NONE',  ( 4.119234455801910499, 0.09981797772296614746, -2.040479469620746222 ) ) ;
#3628 = CARTESIAN_POINT ( 'NONE',  ( -182.9573360680569749, 5.596776730745698814, 87.29472617346804952 ) ) ;
#3629 = LINE ( 'NONE', #348, #1553 ) ;
#3630 = CIRCLE ( 'NONE', #3140, 7.650000000000000355 ) ;
#3631 = EDGE_CURVE ( 'NONE', #2903, #1100, #2605, .T. ) ;
#3632 = LINE ( 'NONE', #3341, #2708 ) ;
#3633 = DIRECTION ( 'NONE',  ( -3.564834783817704567E-17, 0.9863939238321438596, -0.1643989873053572914 ) ) ;
#3634 = ORIENTED_EDGE ( 'NONE', *, *, #499, .T. ) ;
#3635 = DIRECTION ( 'NONE',  ( 0.000000000000000000, 0.6561787149247501061, -0.7546055221635364907 ) ) ;
#3636 = EDGE_CURVE ( 'NONE', #3059, #1689, #3980, .T. ) ;
#3637 = LINE ( 'NONE', #3996, #4221 ) ;
#3638 = FACE_OUTER_BOUND ( 'NONE', #2665, .T. ) ;
#3639 = ORIENTED_EDGE ( 'NONE', *, *, #596, .T. ) ;
#3640 = ORIENTED_EDGE ( 'NONE', *, *, #1431, .F. ) ;
#3641 = DIRECTION ( 'NONE',  ( -1.000000000000000000, -0.000000000000000000, -0.000000000000000000 ) ) ;
#3642 = ORIENTED_EDGE ( 'NONE', *, *, #269, .T. ) ;
#3643 = CARTESIAN_POINT ( 'NONE',  ( 1.379999999999999671, 6.500000000000000000, 0.7729309367425446498 ) ) ;
#3644 = CARTESIAN_POINT ( 'NONE',  ( 1.399999999999999689, 6.649999999999999467, 4.379999999999999893 ) ) ;
#3645 = VERTEX_POINT ( 'NONE', #3913 ) ;
#3646 = FACE_OUTER_BOUND ( 'NONE', #2247, .T. ) ;
#3647 = B_SPLINE_CURVE_WITH_KNOTS ( 'NONE', 3,
 ( #1422, #741, #408, #670 ),
 .UNSPECIFIED., .F., .F.,
 ( 4, 4 ),
 ( 6.893846602956951998E-19, 0.0002211138402818990428 ),
 .UNSPECIFIED. ) ;
#3648 = CARTESIAN_POINT ( 'NONE',  ( 7.538976480598644336, 0.5192086132527840014, 0.3724371294925012399 ) ) ;
#3649 = FACE_OUTER_BOUND ( 'NONE', #2209, .T. ) ;
#3650 = CARTESIAN_POINT ( 'NONE',  ( -1.400000000000000133, 6.500000000000000000, 0.000000000000000000 ) ) ;
#3651 = PLANE ( 'NONE',  #886 ) ;
#3652 = ORIENTED_EDGE ( 'NONE', *, *, #3361, .T. ) ;
#3653 = EDGE_CURVE ( 'NONE', #867, #2892, #2934, .T. ) ;
#3654 = CARTESIAN_POINT ( 'NONE',  ( 1.399999999999999689, 6.649999999999999467, -0.7729309367425445387 ) ) ;
#3655 = AXIS2_PLACEMENT_3D ( 'NONE', #3201, #1858, #3180 ) ;
#3656 = EDGE_CURVE ( 'NONE', #3109, #2259, #3285, .T. ) ;
#3657 = DIRECTION ( 'NONE',  ( 0.000000000000000000, 0.000000000000000000, 1.000000000000000000 ) ) ;
#3658 = CARTESIAN_POINT ( 'NONE',  ( -1.380560112054757704, 6.500000000000000000, -0.7744648667341185178 ) ) ;
#3659 = EDGE_LOOP ( 'NONE', ( #4194, #885, #1307, #2754 ) ) ;
#3660 = ORIENTED_EDGE ( 'NONE', *, *, #3363, .F. ) ;
#3661 = CIRCLE ( 'NONE', #2959, 0.1499999999999999667 ) ;
#3662 = CARTESIAN_POINT ( 'NONE',  ( 7.311634564172364570, 0.000000000000000000, -2.250000000000000444 ) ) ;
#3663 = TOROIDAL_SURFACE ( 'NONE', #3740, 0.1299999999999999767, 0.02000000000000000042 ) ;
#3664 = ORIENTED_EDGE ( 'NONE', *, *, #980, .T. ) ;
#3665 = CARTESIAN_POINT ( 'NONE',  ( -4.240375615359628370, 0.2500000000000000000, -2.000000000000000000 ) ) ;
#3666 = LINE ( 'NONE', #3026, #4035 ) ;
#3667 = EDGE_CURVE ( 'NONE', #489, #1895, #2966, .T. ) ;
#3668 = CARTESIAN_POINT ( 'NONE',  ( 1.399999999999999911, 9.655153745424975398, -5.498426807238719682 ) ) ;
#3669 = DIRECTION ( 'NONE',  ( 0.000000000000000000, 0.9863939238321478564, -0.1643989873053327000 ) ) ;
#3670 = CARTESIAN_POINT ( 'NONE',  ( -7.403329681514313698, 0.1465220957473248320, 1.999999999999996225 ) ) ;
#3671 = CARTESIAN_POINT ( 'NONE',  ( 1.399999999999999689, 6.500000000000000000, -0.8398232385305504089 ) ) ;
#3672 = PLANE ( 'NONE',  #2915 ) ;
#3673 = EDGE_LOOP ( 'NONE', ( #2389, #1075, #4064, #1239 ) ) ;
#3674 = DIRECTION ( 'NONE',  ( -0.000000000000000000, -1.000000000000000000, -0.000000000000000000 ) ) ;
#3675 = DIRECTION ( 'NONE',  ( 0.000000000000000000, 0.000000000000000000, -1.000000000000000000 ) ) ;
#3676 = CYLINDRICAL_SURFACE ( 'NONE', #578, 0.2500000000000002220 ) ;
#3677 = ORIENTED_EDGE ( 'NONE', *, *, #3229, .F. ) ;
#3678 = CARTESIAN_POINT ( 'NONE',  ( -1.393823247546297939, 6.500000000000000000, -0.8140959846906093977 ) ) ;
#3679 = TOROIDAL_SURFACE ( 'NONE', #2847, 0.1299999999999999767, 0.02000000000000000042 ) ;
#3680 = EDGE_CURVE ( 'NONE', #3162, #168, #2255, .T. ) ;
#3681 = VERTEX_POINT ( 'NONE', #3936 ) ;
#3682 = EDGE_CURVE ( 'NONE', #1252, #3232, #3661, .T. ) ;
#3683 = ORIENTED_EDGE ( 'NONE', *, *, #1127, .F. ) ;
#3684 = CARTESIAN_POINT ( 'NONE',  ( 1.390180519077591104, 6.500000000000000000, 4.521998694580438460 ) ) ;
#3685 = MECHANICAL_DESIGN_GEOMETRIC_PRESENTATION_REPRESENTATION (  '', ( #2768 ), #102 ) ;
#3686 = DIRECTION ( 'NONE',  ( 0.000000000000000000, 0.000000000000000000, -1.000000000000000000 ) ) ;
#3687 = CARTESIAN_POINT ( 'NONE',  ( 1.380560112054758592, 6.500000000000000000, -4.548466070008426065 ) ) ;
#3688 = ADVANCED_FACE ( 'NONE', ( #629 ), #3676, .F. ) ;
#3689 = CIRCLE ( 'NONE', #3127, 0.1700000000000000122 ) ;
#3690 = ORIENTED_EDGE ( 'NONE', *, *, #571, .F. ) ;
#3691 = VECTOR ( 'NONE', #3065, 1000.000000000000114 ) ;
#3692 = DIRECTION ( 'NONE',  ( 0.000000000000000000, -0.7546055221634990762, 0.6561787149247930717 ) ) ;
#3693 = LINE ( 'NONE', #2121, #3699 ) ;
#3694 = CIRCLE ( 'NONE', #2505, 7.649999999999999467 ) ;
#3695 = DIRECTION ( 'NONE',  ( 0.000000000000000000, 1.000000000000000000, 0.000000000000000000 ) ) ;
#3696 = AXIS2_PLACEMENT_3D ( 'NONE', #1617, #2578, #2943 ) ;
#3697 = CARTESIAN_POINT ( 'NONE',  ( 1.379999999999999671, 8.631655426250503638, 4.549999999999999822 ) ) ;
#3698 = DIRECTION ( 'NONE',  ( 5.691443106081644064E-14, -0.6561787149247931827, -0.7546055221634992982 ) ) ;
#3699 = VECTOR ( 'NONE', #2741, 1000.000000000000114 ) ;
#3700 = CARTESIAN_POINT ( 'NONE',  ( -6.893627829177591870, 7.517540966287275417, 2.000000000000000000 ) ) ;
#3701 = CARTESIAN_POINT ( 'NONE',  ( 0.000000000000000000, 0.000000000000000000, 4.400000000000000355 ) ) ;
#3702 = ORIENTED_EDGE ( 'NONE', *, *, #1167, .T. ) ;
#3703 = CIRCLE ( 'NONE', #3347, 0.02000000000000005246 ) ;
#3704 = VECTOR ( 'NONE', #97, 1000.000000000000114 ) ;
#3705 = CARTESIAN_POINT ( 'NONE',  ( 1.379999999999999671, 12.50000000000000000, -4.343903740188081564 ) ) ;
#3706 = DIRECTION ( 'NONE',  ( -0.000000000000000000, -1.000000000000000000, -0.000000000000000000 ) ) ;
#3707 = CARTESIAN_POINT ( 'NONE',  ( 6.361538942939637842, 7.517540966287275417, -2.000000000000000000 ) ) ;
#3708 = VERTEX_POINT ( 'NONE', #1263 ) ;
#3709 = DIRECTION ( 'NONE',  ( -1.000000000000000000, -0.000000000000000000, -0.000000000000000000 ) ) ;
#3710 = ORIENTED_EDGE ( 'NONE', *, *, #4054, .F. ) ;
#3711 = ORIENTED_EDGE ( 'NONE', *, *, #3682, .F. ) ;
#3712 = DIRECTION ( 'NONE',  ( 0.000000000000000000, -0.6561787149247864104, 0.7546055221635050714 ) ) ;
#3713 = CARTESIAN_POINT ( 'NONE',  ( 3.750000000000000000, 2.000000000000000000, -1.000000000000000444 ) ) ;
#3714 = CARTESIAN_POINT ( 'NONE',  ( -1.399999999999999689, 12.48000000000000220, -1.214306433183764720E-16 ) ) ;
#3715 = CARTESIAN_POINT ( 'NONE',  ( -7.396426555878524489, -5.139986441855295429E-11, -1.953656401390236441 ) ) ;
#3716 = ORIENTED_EDGE ( 'NONE', *, *, #1357, .T. ) ;
#3717 = CARTESIAN_POINT ( 'NONE',  ( 1.397319086605161464, 6.500000000000000000, 0.8267289123675667373 ) ) ;
#3718 = DIRECTION ( 'NONE',  ( 0.000000000000000000, 1.000000000000000000, 0.000000000000000000 ) ) ;
#3719 = EDGE_CURVE ( 'NONE', #1861, #770, #3637, .T. ) ;
#3720 = CARTESIAN_POINT ( 'NONE',  ( 1.379999999999999671, 11.52975414413176125, -5.485303232940222706 ) ) ;
#3721 = DIRECTION ( 'NONE',  ( 1.000000000000000000, 0.000000000000000000, 0.000000000000000000 ) ) ;
#3722 = EDGE_CURVE ( 'NONE', #2881, #3899, #981, .T. ) ;
#3723 = CARTESIAN_POINT ( 'NONE',  ( 1.000000000000000000, 0.000000000000000000, 3.750000000000000000 ) ) ;
#3724 = DIRECTION ( 'NONE',  ( 0.000000000000000000, 0.000000000000000000, -1.000000000000000000 ) ) ;
#3725 = VERTEX_POINT ( 'NONE', #271 ) ;
#3726 = FACE_OUTER_BOUND ( 'NONE', #4077, .T. ) ;
#3727 = LINE ( 'NONE', #3062, #247 ) ;
#3728 = CARTESIAN_POINT ( 'NONE',  ( -1.380560112054757926, 6.500000000000000000, 0.7744648667341184067 ) ) ;
#3729 = ORIENTED_EDGE ( 'NONE', *, *, #136, .T. ) ;
#3730 = CARTESIAN_POINT ( 'NONE',  ( 0.000000000000000000, 1.499999999999999556, 0.000000000000000000 ) ) ;
#3731 = VERTEX_POINT ( 'NONE', #3351 ) ;
#3732 = ORIENTED_EDGE ( 'NONE', *, *, #3334, .T. ) ;
#3733 = FACE_OUTER_BOUND ( 'NONE', #3910, .T. ) ;
#3734 = CARTESIAN_POINT ( 'NONE',  ( 1.379999999999999671, 9.281463325509363926, 8.070837674355974656 ) ) ;
#3735 = DIRECTION ( 'NONE',  ( -0.000000000000000000, 1.000000000000000000, 0.000000000000000000 ) ) ;
#3736 = CARTESIAN_POINT ( 'NONE',  ( -7.379387821592865215, 2.168404344971008868E-16, -2.016714005139766286 ) ) ;
#3737 = AXIS2_PLACEMENT_3D ( 'NONE', #2664, #1963, #2277 ) ;
#3738 = CARTESIAN_POINT ( 'NONE',  ( -1.380000000000000115, 11.43165542625050435, 5.400000000000000355 ) ) ;
#3739 = CARTESIAN_POINT ( 'NONE',  ( -3.405877273185284881, 1.699999999999999734, -6.849999999999998757 ) ) ;
#3740 = AXIS2_PLACEMENT_3D ( 'NONE', #3973, #562, #2986 ) ;
#3741 = ADVANCED_FACE ( 'NONE', ( #2317 ), #963, .T. ) ;
#3742 = ADVANCED_FACE ( 'NONE', ( #649 ), #2590, .T. ) ;
#3743 = CARTESIAN_POINT ( 'NONE',  ( 0.000000000000000000, 0.000000000000000000, 0.000000000000000000 ) ) ;
#3744 = CYLINDRICAL_SURFACE ( 'NONE', #1149, 0.1499999999999999667 ) ;
#3745 = CARTESIAN_POINT ( 'NONE',  ( 3.807362913467409626, 0.000000000000000000, 2.250000000000000444 ) ) ;
#3746 = ORIENTED_EDGE ( 'NONE', *, *, #1731, .T. ) ;
#3747 = DIRECTION ( 'NONE',  ( 1.000000000000000000, -0.000000000000000000, 0.000000000000000000 ) ) ;
#3748 = CARTESIAN_POINT ( 'NONE',  ( 1.399999999999999689, 8.759938365018303585, 4.438449618462789736 ) ) ;
#3749 = ORIENTED_EDGE ( 'NONE', *, *, #1246, .F. ) ;
#3750 = FACE_OUTER_BOUND ( 'NONE', #2506, .T. ) ;
#3751 = VERTEX_POINT ( 'NONE', #333 ) ;
#3752 = EDGE_LOOP ( 'NONE', ( #3352, #234, #3308, #427 ) ) ;
#3753 = DIRECTION ( 'NONE',  ( -0.000000000000000000, 0.6561787149247870765, 0.7546055221635045163 ) ) ;
#3754 = CARTESIAN_POINT ( 'NONE',  ( -7.383935265155024297, 0.2500000000000000000, 2.000000000000000000 ) ) ;
#3755 = CIRCLE ( 'NONE', #2492, 0.1700000000000000122 ) ;
#3756 = CARTESIAN_POINT ( 'NONE',  ( -1.379999999999999671, 6.622052172158088723, -0.9406179037940090026 ) ) ;
#3757 = AXIS2_PLACEMENT_3D ( 'NONE', #2081, #1042, #430 ) ;
#3758 = VERTEX_POINT ( 'NONE', #585 ) ;
#3759 = CARTESIAN_POINT ( 'NONE',  ( -10.02391857076032800, 7.688551037950110079, 2.000000000000000000 ) ) ;
#3760 = VECTOR ( 'NONE', #4011, 1000.000000000000000 ) ;
#3761 = ADVANCED_FACE ( 'NONE', ( #3326 ), #2992, .T. ) ;
#3762 = AXIS2_PLACEMENT_3D ( 'NONE', #3720, #3366, #4007 ) ;
#3763 = FACE_OUTER_BOUND ( 'NONE', #410, .T. ) ;
#3764 = CARTESIAN_POINT ( 'NONE',  ( -1.380000000000000115, 9.296555435952635449, 8.083961248654471632 ) ) ;
#3765 = CARTESIAN_POINT ( 'NONE',  ( -1.393823247546298383, 6.500000000000000000, 4.508834952051935296 ) ) ;
#3766 = CIRCLE ( 'NONE', #1027, 0.01999999999999996225 ) ;
#3767 = ORIENTED_EDGE ( 'NONE', *, *, #160, .T. ) ;
#3768 = CARTESIAN_POINT ( 'NONE',  ( 0.000000000000000000, 0.000000000000000000, -2.000000000000000000 ) ) ;
#3769 = AXIS2_PLACEMENT_3D ( 'NONE', #2009, #327, #1343 ) ;
#3770 = CARTESIAN_POINT ( 'NONE',  ( 0.000000000000000000, 0.000000000000000000, 2.000000000000000000 ) ) ;
#3771 = EDGE_LOOP ( 'NONE', ( #118, #147, #2216, #603 ) ) ;
#3772 = LINE ( 'NONE', #2107, #3545 ) ;
#3773 = ORIENTED_EDGE ( 'NONE', *, *, #690, .F. ) ;
#3774 = EDGE_CURVE ( 'NONE', #1535, #597, #1279, .T. ) ;
#3775 = VERTEX_POINT ( 'NONE', #1629 ) ;
#3776 = DIRECTION ( 'NONE',  ( 0.000000000000000000, 0.6561787149247870765, -0.7546055221635045163 ) ) ;
#3777 = LINE ( 'NONE', #4026, #404 ) ;
#3778 = ORIENTED_EDGE ( 'NONE', *, *, #3473, .T. ) ;
#3779 = ORIENTED_EDGE ( 'NONE', *, *, #3488, .F. ) ;
#3780 = UNCERTAINTY_MEASURE_WITH_UNIT (LENGTH_MEASURE( 1.000000000000000082E-05 ), #3516, 'distance_accuracy_value', 'NONE');
#3781 = FACE_OUTER_BOUND ( 'NONE', #1941, .T. ) ;
#3782 = FACE_OUTER_BOUND ( 'NONE', #1486, .T. ) ;
#3783 = LINE ( 'NONE', #2124, #2406 ) ;
#3784 = FACE_OUTER_BOUND ( 'NONE', #1626, .T. ) ;
#3785 = VECTOR ( 'NONE', #1015, 1000.000000000000000 ) ;
#3786 = ORIENTED_EDGE ( 'NONE', *, *, #2895, .F. ) ;
#3787 = EDGE_CURVE ( 'NONE', #2596, #2367, #2952, .T. ) ;
#3788 = LINE ( 'NONE', #4184, #3338 ) ;
#3789 = FACE_OUTER_BOUND ( 'NONE', #3999, .T. ) ;
#3790 = ORIENTED_EDGE ( 'NONE', *, *, #2108, .F. ) ;
#3791 = EDGE_CURVE ( 'NONE', #1883, #1937, #1331, .T. ) ;
#3792 = ORIENTED_EDGE ( 'NONE', *, *, #1079, .T. ) ;
#3793 = EDGE_CURVE ( 'NONE', #2394, #2996, #1639, .T. ) ;
#3794 = ORIENTED_EDGE ( 'NONE', *, *, #3682, .T. ) ;
#3795 = ADVANCED_FACE ( 'NONE', ( #1931 ), #743, .F. ) ;
#3796 = DIRECTION ( 'NONE',  ( 1.000000000000000000, 0.000000000000000000, 0.000000000000000000 ) ) ;
#3797 = DIRECTION ( 'NONE',  ( -0.000000000000000000, 1.000000000000000000, -0.000000000000000000 ) ) ;
#3798 = APPLICATION_PROTOCOL_DEFINITION ( 'draft international standard', 'automotive_design', 1998, #1875 ) ;
#3799 = PLANE ( 'NONE',  #3805 ) ;
#3800 = EDGE_CURVE ( 'NONE', #3427, #1586, #3063, .T. ) ;
#3801 = CIRCLE ( 'NONE', #3302, 0.01999999999999939326 ) ;
#3802 = ORIENTED_EDGE ( 'NONE', *, *, #1133, .F. ) ;
#3803 = ORIENTED_EDGE ( 'NONE', *, *, #2215, .T. ) ;
#3804 = DIRECTION ( 'NONE',  ( 1.000000000000000000, 0.000000000000000000, 0.000000000000000000 ) ) ;
#3805 = AXIS2_PLACEMENT_3D ( 'NONE', #3451, #125, #2810 ) ;
#3806 = LINE ( 'NONE', #2145, #2434 ) ;
#3807 = TOROIDAL_SURFACE ( 'NONE', #2399, 0.1699999999999999845, 0.02000000000000000042 ) ;
#3808 = FACE_OUTER_BOUND ( 'NONE', #1182, .T. ) ;
#3809 = LINE ( 'NONE', #803, #3967 ) ;
#3810 = AXIS2_PLACEMENT_3D ( 'NONE', #86, #1041, #1397 ) ;
#3811 = ORIENTED_EDGE ( 'NONE', *, *, #1215, .T. ) ;
#3812 = DIRECTION ( 'NONE',  ( -0.000000000000000000, -1.000000000000000000, -0.000000000000000000 ) ) ;
#3813 = CARTESIAN_POINT ( 'NONE',  ( 7.494715117726441278, 0.3976015182071160337, 1.479548475490189752 ) ) ;
#3814 = VERTEX_POINT ( 'NONE', #1088 ) ;
#3815 = EDGE_LOOP ( 'NONE', ( #2474, #3323, #1948, #2841, #2275, #1023, #3422, #1206, #4100, #2302 ) ) ;
#3816 = ORIENTED_EDGE ( 'NONE', *, *, #314, .F. ) ;
#3817 = PRESENTATION_STYLE_ASSIGNMENT (( #1855 ) ) ;
#3818 = FACE_OUTER_BOUND ( 'NONE', #632, .T. ) ;
#3819 = DIRECTION ( 'NONE',  ( 1.000000000000000000, 0.000000000000000000, 0.000000000000000000 ) ) ;
#3820 = DIRECTION ( 'NONE',  ( 0.000000000000000000, 0.000000000000000000, -1.000000000000000000 ) ) ;
#3821 = DIRECTION ( 'NONE',  ( 0.000000000000000000, 0.000000000000000000, -1.000000000000000000 ) ) ;
#3822 = ADVANCED_FACE ( 'NONE', ( #3789 ), #701, .T. ) ;
#3823 = EDGE_CURVE ( 'NONE', #2649, #2780, #2086, .T. ) ;
#3824 = EDGE_LOOP ( 'NONE', ( #1212, #2608, #2481, #747, #4292, #498, #754, #3294, #905, #4349, #1443, #4211 ) ) ;
#3825 = CARTESIAN_POINT ( 'NONE',  ( -2.969848480983505290, 1.499999999999999556, -7.049999999999998046 ) ) ;
#3826 = EDGE_CURVE ( 'NONE', #791, #652, #92, .T. ) ;
#3827 = CIRCLE ( 'NONE', #3257, 7.650000000000000355 ) ;
#3828 = CARTESIAN_POINT ( 'NONE',  ( 9.554072260367373559, 7.517540966287275417, 2.000000000000000000 ) ) ;
#3829 = VECTOR ( 'NONE', #1329, 1000.000000000000114 ) ;
#3830 = DIRECTION ( 'NONE',  ( -1.000000000000000000, -2.168404344971008252E-17, -8.673617379884035472E-17 ) ) ;
#3831 = VERTEX_POINT ( 'NONE', #788 ) ;
#3832 = AXIS2_PLACEMENT_3D ( 'NONE', #3345, #3392, #1349 ) ;
#3833 = DIRECTION ( 'NONE',  ( 0.3420201433256660484, 0.9396926207859094271, 0.000000000000000000 ) ) ;
#3834 = CIRCLE ( 'NONE', #2507, 0.02000000000000005246 ) ;
#3835 = LINE ( 'NONE', #3553, #1575 ) ;
#3836 = AXIS2_PLACEMENT_3D ( 'NONE', #1303, #2309, #1730 ) ;
#3837 = VERTEX_POINT ( 'NONE', #1768 ) ;
#3838 = CARTESIAN_POINT ( 'NONE',  ( -1.379999999999999893, 12.34999999999999964, -2.027069063257456172 ) ) ;
#3839 = LINE ( 'NONE', #836, #646 ) ;
#3840 = CYLINDRICAL_SURFACE ( 'NONE', #1808, 0.1499999999999999667 ) ;
#3841 = DIRECTION ( 'NONE',  ( 0.000000000000000000, 0.000000000000000000, -1.000000000000000000 ) ) ;
#3842 = AXIS2_PLACEMENT_3D ( 'NONE', #421, #32, #2784 ) ;
#3843 = AXIS2_PLACEMENT_3D ( 'NONE', #3601, #589, #1170 ) ;
#3844 = ORIENTED_EDGE ( 'NONE', *, *, #3473, .F. ) ;
#3845 = FACE_OUTER_BOUND ( 'NONE', #2626, .T. ) ;
#3846 = ORIENTED_EDGE ( 'NONE', *, *, #3530, .T. ) ;
#3847 = ADVANCED_FACE ( 'NONE', ( #49 ), #3309, .T. ) ;
#3848 = FACE_OUTER_BOUND ( 'NONE', #1385, .T. ) ;
#3849 = LINE ( 'NONE', #3460, #581 ) ;
#3850 = DIRECTION ( 'NONE',  ( 0.3420201433256659374, 0.9396926207859094271, 0.000000000000000000 ) ) ;
#3851 = EDGE_CURVE ( 'NONE', #4201, #3578, #227, .T. ) ;
#3852 = ORIENTED_EDGE ( 'NONE', *, *, #586, .T. ) ;
#3853 = CARTESIAN_POINT ( 'NONE',  ( 1.000000000000000000, 0.000000000000000000, 0.9999999999999997780 ) ) ;
#3854 = CIRCLE ( 'NONE', #918, 0.02000000000000003511 ) ;
#3855 = VERTEX_POINT ( 'NONE', #4066 ) ;
#3856 = CARTESIAN_POINT ( 'NONE',  ( -1.400000000000000133, 8.631655426250503638, -4.549999999999998934 ) ) ;
#3857 = LINE ( 'NONE', #522, #1789 ) ;
#3858 = LINE ( 'NONE', #856, #342 ) ;
#3859 = ORIENTED_EDGE ( 'NONE', *, *, #1265, .F. ) ;
#3860 = VERTEX_POINT ( 'NONE', #1021 ) ;
#3861 = DIRECTION ( 'NONE',  ( 0.000000000000000000, -0.1643989873053274264, -0.9863939238321487446 ) ) ;
#3862 = ORIENTED_EDGE ( 'NONE', *, *, #1701, .T. ) ;
#3863 = ORIENTED_EDGE ( 'NONE', *, *, #4320, .F. ) ;
#3864 = DIRECTION ( 'NONE',  ( -0.000000000000000000, 1.000000000000000000, 0.000000000000000000 ) ) ;
#3865 = CIRCLE ( 'NONE', #146, 0.01999999999999996225 ) ;
#3866 = CYLINDRICAL_SURFACE ( 'NONE', #4288, 0.01999999999999992062 ) ;
#3867 = ADVANCED_FACE ( 'NONE', ( #433 ), #67, .F. ) ;
#3868 = ORIENTED_EDGE ( 'NONE', *, *, #3534, .F. ) ;
#3869 = ORIENTED_EDGE ( 'NONE', *, *, #2529, .F. ) ;
#3870 = EDGE_CURVE ( 'NONE', #3527, #770, #1072, .T. ) ;
#3871 = AXIS2_PLACEMENT_3D ( 'NONE', #3379, #3429, #2737 ) ;
#3872 = DIRECTION ( 'NONE',  ( 0.000000000000000000, 0.7546055221635005195, -0.6561787149247915174 ) ) ;
#3873 = CARTESIAN_POINT ( 'NONE',  ( 7.381810823819902723, 0.08739952013939576714, 2.014475878667609354 ) ) ;
#3874 = ORIENTED_EDGE ( 'NONE', *, *, #873, .F. ) ;
#3875 = SHAPE_REPRESENTATION ( 'EndEffector', ( #2550 ), #1720 ) ;
#3876 = AXIS2_PLACEMENT_3D ( 'NONE', #1846, #2465, #130 ) ;
#3877 = DIRECTION ( 'NONE',  ( 0.000000000000000000, 0.000000000000000000, -1.000000000000000000 ) ) ;
#3878 = DIRECTION ( 'NONE',  ( 1.000000000000000000, 0.000000000000000000, 0.000000000000000000 ) ) ;
#3879 = LINE ( 'NONE', #2138, #144 ) ;
#3880 = ORIENTED_EDGE ( 'NONE', *, *, #4055, .T. ) ;
#3881 = ORIENTED_EDGE ( 'NONE', *, *, #3582, .T. ) ;
#3882 = DIRECTION ( 'NONE',  ( 0.000000000000000000, 0.000000000000000000, -1.000000000000000000 ) ) ;
#3883 = ORIENTED_EDGE ( 'NONE', *, *, #4246, .T. ) ;
#3884 = ORIENTED_EDGE ( 'NONE', *, *, #3851, .T. ) ;
#3885 = CARTESIAN_POINT ( 'NONE',  ( 1.399999999999999689, 6.500000000000000000, -4.549999999999999822 ) ) ;
#3886 = EDGE_CURVE ( 'NONE', #3981, #1051, #1484, .T. ) ;
#3887 = AXIS2_PLACEMENT_3D ( 'NONE', #3091, #4145, #2436 ) ;
#3888 = ORIENTED_EDGE ( 'NONE', *, *, #919, .T. ) ;
#3889 = FACE_OUTER_BOUND ( 'NONE', #1449, .T. ) ;
#3890 = CARTESIAN_POINT ( 'NONE',  ( 7.415177398743328929, 5.139980791109574952E-11, 1.881234508587537491 ) ) ;
#3891 = CARTESIAN_POINT ( 'NONE',  ( 7.533730740244019231, 0.5047960600801327802, -0.6810832639800559196 ) ) ;
#3892 = VECTOR ( 'NONE', #2129, 1000.000000000000000 ) ;
#3893 = CARTESIAN_POINT ( 'NONE',  ( -1.000000000000000000, 2.000000000000000000, 3.750000000000000000 ) ) ;
#3894 =( BOUNDED_SURFACE ( )  B_SPLINE_SURFACE ( 3, 2, ( 
 ( #2221, #1391, #3736 ),
 ( #732, #657, #4316 ),
 ( #1009, #320, #3715 ),
 ( #1337, #3075, #343 ),
 ( #371, #3095, #902 ),
 ( #166, #3202, #877 ),
 ( #990, #4238, #178 ),
 ( #1534, #1233, #3274 ),
 ( #915, #2535, #1596 ),
 ( #1556, #3586, #1932 ),
 ( #2555, #2871, #3251 ),
 ( #1280, #239, #2272 ),
 ( #1893, #3930, #933 ),
 ( #263, #2890, #1619 ),
 ( #3548, #536, #201 ),
 ( #4218, #848, #2122 ),
 ( #4033, #1728, #1250 ),
 ( #1589, #3602, #1945 ),
 ( #278, #257, #1614 ),
 ( #4275, #1273, #2611 ),
 ( #946, #615, #2961 ),
 ( #689, #593, #2944 ) ),
 .UNSPECIFIED., .F., .F., .F. ) 
 B_SPLINE_SURFACE_WITH_KNOTS ( ( 4, 2, 2, 2, 2, 2, 2, 2, 2, 2, 4 ),
 ( 3, 3 ),
 ( 0.0001237613847724118045, 0.0002650914739667048188, 0.0004064215631609977789, 0.0006890817415495836991, 0.001254402098326755539, 0.002385042811881099220, 0.003515683525435442901, 0.004081003882212615175, 0.004363664060601200878, 0.004504994149795493730, 0.004646324238989786581 ),
 ( 0.000000000000000000, 1.000000000000000000 ),
 .UNSPECIFIED. ) 
 GEOMETRIC_REPRESENTATION_ITEM ( )  RATIONAL_B_SPLINE_SURFACE ( (
 ( 1.000000000000000000, 0.9860955739218240090, 1.000000000000000000),
 ( 1.000000000000000000, 0.9824304600219964101, 1.000000000000000000),
 ( 1.000000000000000000, 0.9779538766759201529, 1.000000000000000000),
 ( 1.000000000000000000, 0.9689033792066625850, 1.000000000000000000),
 ( 1.000000000000000000, 0.9642772104170868053, 1.000000000000000000),
 ( 1.000000000000000000, 0.9504212102594179479, 1.000000000000000000),
 ( 1.000000000000000000, 0.9411984482283494158, 1.000000000000000000),
 ( 1.000000000000000000, 0.9152419863710260506, 1.000000000000000000),
 ( 1.000000000000000000, 0.8998460344683154588, 1.000000000000000000),
 ( 1.000000000000000000, 0.8616869223863247162, 1.000000000000000000),
 ( 1.000000000000000000, 0.8474061553419008908, 1.000000000000000000),
 ( 1.000000000000000000, 0.8474002814662943139, 1.000000000000000000),
 ( 1.000000000000000000, 0.8616355997598483807, 1.000000000000000000),
 ( 1.000000000000000000, 0.8999401910584355901, 1.000000000000000000),
 ( 1.000000000000000000, 0.9154899201966529843, 1.000000000000000000),
 ( 1.000000000000000000, 0.9414977708966686398, 1.000000000000000000),
 ( 1.000000000000000000, 0.9506372804165074131, 1.000000000000000000),
 ( 1.000000000000000000, 0.9644249928852054454, 1.000000000000000000),
 ( 1.000000000000000000, 0.9690500880232476577, 1.000000000000000000),
 ( 1.000000000000000000, 0.9780496047382983837, 1.000000000000000000),
 ( 1.000000000000000000, 0.9824337765410365853, 1.000000000000000000),
 ( 1.000000000000000000, 0.9860592152932274868, 1.000000000000000000) ) ) 
 REPRESENTATION_ITEM ( '' )  SURFACE ( )  );
#3895 = CARTESIAN_POINT ( 'NONE',  ( 0.000000000000000000, 0.2500000000000000000, 2.250000000000000444 ) ) ;
#3896 = ADVANCED_FACE ( 'NONE', ( #722 ), #2363, .T. ) ;
#3897 = AXIS2_PLACEMENT_3D ( 'NONE', #3099, #2817, #494 ) ;
#3898 = VERTEX_POINT ( 'NONE', #2775 ) ;
#3899 = VERTEX_POINT ( 'NONE', #1111 ) ;
#3900 = DIRECTION ( 'NONE',  ( 0.000000000000000000, 0.000000000000000000, -1.000000000000000000 ) ) ;
#3901 = VECTOR ( 'NONE', #3138, 1000.000000000000000 ) ;
#3902 = CARTESIAN_POINT ( 'NONE',  ( 3.807362913467409626, 0.5000000000000000000, 0.000000000000000000 ) ) ;
#3903 = ORIENTED_EDGE ( 'NONE', *, *, #3424, .F. ) ;
#3904 = AXIS2_PLACEMENT_3D ( 'NONE', #4095, #368, #2782 ) ;
#3905 = EDGE_LOOP ( 'NONE', ( #4213, #2280, #3581, #4311 ) ) ;
#3906 = CARTESIAN_POINT ( 'NONE',  ( 3.750000000000000000, 2.000000000000000000, 0.9999999999999995559 ) ) ;
#3907 = ORIENTED_EDGE ( 'NONE', *, *, #1382, .F. ) ;
#3908 = CARTESIAN_POINT ( 'NONE',  ( 3.750000000000000000, 0.000000000000000000, -8.131516293641283255E-16 ) ) ;
#3909 = DIRECTION ( 'NONE',  ( 1.000000000000000000, 2.168404344971008252E-17, -8.673617379884035472E-17 ) ) ;
#3910 = EDGE_LOOP ( 'NONE', ( #818, #1094, #744, #2229 ) ) ;
#3911 = EDGE_CURVE ( 'NONE', #1051, #219, #1641, .T. ) ;
#3912 = CARTESIAN_POINT ( 'NONE',  ( 7.428804460876122562, 0.2165134768094436890, -2.000000000000000000 ) ) ;
#3913 = CARTESIAN_POINT ( 'NONE',  ( -1.400000000000000133, 6.500000000000000000, -4.469999999999999751 ) ) ;
#3914 = DIRECTION ( 'NONE',  ( 0.000000000000000000, 0.000000000000000000, 1.000000000000000000 ) ) ;
#3915 = EDGE_CURVE ( 'NONE', #4260, #1924, #2402, .T. ) ;
#3916 = AXIS2_PLACEMENT_3D ( 'NONE', #379, #3343, #2311 ) ;
#3917 = ADVANCED_FACE ( 'NONE', ( #1742 ), #1201, .T. ) ;
#3918 = ORIENTED_EDGE ( 'NONE', *, *, #844, .T. ) ;
#3919 = ADVANCED_FACE ( 'NONE', ( #3154 ), #3386, .T. ) ;
#3920 = EDGE_LOOP ( 'NONE', ( #2190, #3554, #619, #3951 ) ) ;
#3921 = DIRECTION ( 'NONE',  ( -0.000000000000000000, -1.000000000000000000, -0.000000000000000000 ) ) ;
#3922 = ADVANCED_FACE ( 'NONE', ( #1833 ), #851, .F. ) ;
#3923 = EDGE_CURVE ( 'NONE', #2403, #3264, #3835, .T. ) ;
#3924 = DIRECTION ( 'NONE',  ( 0.000000000000000000, 0.000000000000000000, -1.000000000000000000 ) ) ;
#3925 = ORIENTED_EDGE ( 'NONE', *, *, #1389, .T. ) ;
#3926 = EDGE_CURVE ( 'NONE', #631, #1888, #1505, .T. ) ;
#3927 = VERTEX_POINT ( 'NONE', #2189 ) ;
#3928 = DIRECTION ( 'NONE',  ( -1.000000000000000000, 0.000000000000000000, -0.000000000000000000 ) ) ;
#3929 = CARTESIAN_POINT ( 'NONE',  ( -4.530922137642268588, 14.00902150259755174, 2.000000000000000000 ) ) ;
#3930 = CARTESIAN_POINT ( 'NONE',  ( -7.432204959981100423, 0.2258562713145083611, 0.7113678485900981618 ) ) ;
#3931 = DIRECTION ( 'NONE',  ( -0.000000000000000000, -0.6561787149247684248, -0.7546055221635205035 ) ) ;
#3932 = CARTESIAN_POINT ( 'NONE',  ( 7.381698231562553225, 0.08709017545482723721, -2.015264524893152664 ) ) ;
#3933 = AXIS2_PLACEMENT_3D ( 'NONE', #1204, #3878, #486 ) ;
#3934 = ORIENTED_EDGE ( 'NONE', *, *, #82, .F. ) ;
#3935 = CARTESIAN_POINT ( 'NONE',  ( 1.399999999999999689, 11.43165542625050435, 5.530000000000000249 ) ) ;
#3936 = CARTESIAN_POINT ( 'NONE',  ( 10.02391857076032800, 7.688551037950111855, 2.000000000000000000 ) ) ;
#3937 = CYLINDRICAL_SURFACE ( 'NONE', #2822, 0.2500000000000002220 ) ;
#3938 = ADVANCED_FACE ( 'NONE', ( #2523 ), #3103, .T. ) ;
#3939 = ORIENTED_EDGE ( 'NONE', *, *, #3826, .T. ) ;
#3940 = ORIENTED_EDGE ( 'NONE', *, *, #4054, .T. ) ;
#3941 = CARTESIAN_POINT ( 'NONE',  ( 7.383935265155024297, 0.2500000000000000000, -2.000000000000000000 ) ) ;
#3942 = CIRCLE ( 'NONE', #2140, 0.01999999999999996225 ) ;
#3943 = EDGE_CURVE ( 'NONE', #1716, #2661, #1156, .T. ) ;
#3944 = CARTESIAN_POINT ( 'NONE',  ( 1.379999999999999671, 12.34999999999999964, 4.343903740188081564 ) ) ;
#3945 = VERTEX_POINT ( 'NONE', #2494 ) ;
#3946 = PLANE ( 'NONE',  #4176 ) ;
#3947 = DIRECTION ( 'NONE',  ( -0.000000000000000000, -1.000000000000000000, -0.000000000000000000 ) ) ;
#3948 = DIRECTION ( 'NONE',  ( -1.000000000000000000, -0.000000000000000000, -0.000000000000000000 ) ) ;
#3949 = CARTESIAN_POINT ( 'NONE',  ( 7.387432575048062944, 0.1028451546965967467, -2.146997405502454104 ) ) ;
#3950 = DIRECTION ( 'NONE',  ( -1.000000000000000000, 0.000000000000000000, 1.156482317317871478E-16 ) ) ;
#3951 = ORIENTED_EDGE ( 'NONE', *, *, #1499, .F. ) ;
#3952 = VECTOR ( 'NONE', #773, 1000.000000000000000 ) ;
#3953 = FACE_OUTER_BOUND ( 'NONE', #3433, .T. ) ;
#3954 = DIRECTION ( 'NONE',  ( -0.000000000000000000, 1.000000000000000000, 0.000000000000000000 ) ) ;
#3955 = VECTOR ( 'NONE', #1936, 1000.000000000000114 ) ;
#3956 = CARTESIAN_POINT ( 'NONE',  ( 7.383935265155024297, 0.000000000000000000, 2.000000000000000000 ) ) ;
#3957 = ORIENTED_EDGE ( 'NONE', *, *, #1215, .F. ) ;
#3958 = AXIS2_PLACEMENT_3D ( 'NONE', #3259, #1916, #4268 ) ;
#3959 = ORIENTED_EDGE ( 'NONE', *, *, #3168, .T. ) ;
#3960 = CARTESIAN_POINT ( 'NONE',  ( 1.379999999999999671, 12.48000000000000043, -4.343903740188082452 ) ) ;
#3961 = CIRCLE ( 'NONE', #1889, 0.01999999999999996225 ) ;
#3962 = ORIENTED_EDGE ( 'NONE', *, *, #499, .F. ) ;
#3963 = FACE_OUTER_BOUND ( 'NONE', #1477, .T. ) ;
#3964 = AXIS2_PLACEMENT_3D ( 'NONE', #109, #3146, #3458 ) ;
#3965 = CARTESIAN_POINT ( 'NONE',  ( 1.399999999999999689, 11.43165542625050612, -5.549999999999999822 ) ) ;
#3966 = CARTESIAN_POINT ( 'NONE',  ( 0.000000000000000000, 0.000000000000000000, 0.000000000000000000 ) ) ;
#3967 = VECTOR ( 'NONE', #2115, 1000.000000000000000 ) ;
#3968 = CIRCLE ( 'NONE', #2442, 0.01999999999999996225 ) ;
#3969 = ADVANCED_FACE ( 'NONE', ( #2849 ), #3513, .F. ) ;
#3970 = ORIENTED_EDGE ( 'NONE', *, *, #2868, .T. ) ;
#3971 = EDGE_CURVE ( 'NONE', #2630, #3725, #3463, .T. ) ;
#3972 = CARTESIAN_POINT ( 'NONE',  ( 0.000000000000000000, 0.000000000000000000, -2.000000000000000000 ) ) ;
#3973 = CARTESIAN_POINT ( 'NONE',  ( 1.379999999999999671, 12.34999999999999964, -4.343903740188082452 ) ) ;
#3974 = CARTESIAN_POINT ( 'NONE',  ( -1.379999999999999893, 12.34999999999999964, -2.027069063257456172 ) ) ;
#3975 = ADVANCED_FACE ( 'NONE', ( #1898 ), #3145, .F. ) ;
#3976 = LINE ( 'NONE', #3650, #2567 ) ;
#3977 = DIRECTION ( 'NONE',  ( 0.000000000000000000, 0.000000000000000000, 1.000000000000000000 ) ) ;
#3978 = VERTEX_POINT ( 'NONE', #2274 ) ;
#3979 = CARTESIAN_POINT ( 'NONE',  ( 1.379999999999999449, 9.768344573749500270, -5.549999999999999822 ) ) ;
#3980 = LINE ( 'NONE', #941, #1209 ) ;
#3981 = VERTEX_POINT ( 'NONE', #3612 ) ;
#3982 = EDGE_LOOP ( 'NONE', ( #1558, #3268, #365, #1228 ) ) ;
#3983 = DIRECTION ( 'NONE',  ( 0.000000000000000000, 0.000000000000000000, -1.000000000000000000 ) ) ;
#3984 = VERTEX_POINT ( 'NONE', #600 ) ;
#3985 = CARTESIAN_POINT ( 'NONE',  ( -3.807362913467408738, 0.000000000000000000, -2.250000000000000444 ) ) ;
#3986 = CARTESIAN_POINT ( 'NONE',  ( -1.380000000000000338, 9.281463325509363926, 8.070837674355974656 ) ) ;
#3987 = LINE ( 'NONE', #1012, #2863 ) ;
#3988 = DIRECTION ( 'NONE',  ( 0.000000000000000000, 0.000000000000000000, -1.000000000000000000 ) ) ;
#3989 = DIRECTION ( 'NONE',  ( 0.000000000000000000, 0.9863939238321415282, 0.1643989873053704753 ) ) ;
#3990 = ADVANCED_FACE ( 'NONE', ( #266 ), #1623, .T. ) ;
#3991 = CARTESIAN_POINT ( 'NONE',  ( 1.380279994234274055, 6.500000000000000000, -0.7736979242907003895 ) ) ;
#3992 = CARTESIAN_POINT ( 'NONE',  ( -7.383935265155023409, 0.1825712258226768470, -2.000000000000000000 ) ) ;
#3993 = ADVANCED_FACE ( 'NONE', ( #1663 ), #3663, .T. ) ;
#3994 = ORIENTED_EDGE ( 'NONE', *, *, #1713, .T. ) ;
#3995 = CARTESIAN_POINT ( 'NONE',  ( 3.405877273185284881, 1.699999999999999734, -6.849999999999998757 ) ) ;
#3996 = CARTESIAN_POINT ( 'NONE',  ( 0.000000000000000000, 12.50000000000000000, -2.027069063257456172 ) ) ;
#3997 = DIRECTION ( 'NONE',  ( -5.122298795473439605E-17, -0.6561787149247870765, -0.7546055221635045163 ) ) ;
#3998 = ORIENTED_EDGE ( 'NONE', *, *, #3205, .F. ) ;
#3999 = EDGE_LOOP ( 'NONE', ( #1358, #3135, #2153, #3907 ) ) ;
#4000 = TOROIDAL_SURFACE ( 'NONE', #3933, 0.1299999999999999767, 0.02000000000000000042 ) ;
#4001 = CARTESIAN_POINT ( 'NONE',  ( -1.379999999999999671, 12.48000000000000220, -1.196959198423996649E-16 ) ) ;
#4002 = ORIENTED_EDGE ( 'NONE', *, *, #3667, .T. ) ;
#4003 = CARTESIAN_POINT ( 'NONE',  ( 1.380279994234274055, 6.500000000000000000, 0.7736979242907003895 ) ) ;
#4004 = LINE ( 'NONE', #1011, #1958 ) ;
#4005 = PRODUCT_DEFINITION_FORMATION_WITH_SPECIFIED_SOURCE ( 'ANY', '', #1567, .NOT_KNOWN. ) ;
#4006 = EDGE_CURVE ( 'NONE', #2173, #2414, #1324, .T. ) ;
#4007 = DIRECTION ( 'NONE',  ( 0.000000000000000000, -0.7546055221635206145, 0.6561787149247685358 ) ) ;
#4008 = LINE ( 'NONE', #4084, #2196 ) ;
#4009 = DIRECTION ( 'NONE',  ( -0.000000000000000000, -0.000000000000000000, -1.000000000000000000 ) ) ;
#4010 = LINE ( 'NONE', #245, #3551 ) ;
#4011 = DIRECTION ( 'NONE',  ( -2.168404344971008252E-17, 1.000000000000000000, 0.000000000000000000 ) ) ;
#4012 = ORIENTED_EDGE ( 'NONE', *, *, #46, .F. ) ;
#4013 = DIRECTION ( 'NONE',  ( 0.9396926207859093161, -0.3420201433256662704, 0.000000000000000000 ) ) ;
#4014 = DIRECTION ( 'NONE',  ( 1.000000000000000000, 2.168404344971005170E-17, 0.000000000000000000 ) ) ;
#4015 = LINE ( 'NONE', #2316, #672 ) ;
#4016 = VECTOR ( 'NONE', #1107, 1000.000000000000000 ) ;
#4017 = DIRECTION ( 'NONE',  ( 0.000000000000000000, 0.000000000000000000, -1.000000000000000000 ) ) ;
#4018 = ORIENTED_EDGE ( 'NONE', *, *, #1193, .F. ) ;
#4019 = LINE ( 'NONE', #1024, #1952 ) ;
#4020 = AXIS2_PLACEMENT_3D ( 'NONE', #122, #1498, #2049 ) ;
#4021 = EDGE_LOOP ( 'NONE', ( #10, #944, #1207, #3998 ) ) ;
#4022 = VERTEX_POINT ( 'NONE', #3235 ) ;
#4023 = FILL_AREA_STYLE_COLOUR ( '', #1227 ) ;
#4024 = CIRCLE ( 'NONE', #817, 0.01999999999999996225 ) ;
#4025 = CARTESIAN_POINT ( 'NONE',  ( 3.405877273185280441, 1.676207172489686315, 6.849999999999999645 ) ) ;
#4026 = CARTESIAN_POINT ( 'NONE',  ( -1.399999999999999911, 9.768344573749500270, -5.549999999999999822 ) ) ;
#4027 = ADVANCED_FACE ( 'NONE', ( #226 ), #2613, .T. ) ;
#4028 = AXIS2_PLACEMENT_3D ( 'NONE', #4045, #2662, #1767 ) ;
#4029 = ORIENTED_EDGE ( 'NONE', *, *, #601, .T. ) ;
#4030 = CARTESIAN_POINT ( 'NONE',  ( 1.390180519077590882, 6.500000000000000000, 0.8009322421621057897 ) ) ;
#4031 = ADVANCED_FACE ( 'NONE', ( #4243 ), #3744, .T. ) ;
#4032 = LINE ( 'NONE', #2324, #3562 ) ;
#4033 = CARTESIAN_POINT ( 'NONE',  ( -7.456600560399148314, 0.2928826325978718947, 1.838492760902668222 ) ) ;
#4034 = VECTOR ( 'NONE', #2250, 1000.000000000000000 ) ;
#4035 = VECTOR ( 'NONE', #281, 1000.000000000000000 ) ;
#4036 = LINE ( 'NONE', #1040, #1749 ) ;
#4037 = CARTESIAN_POINT ( 'NONE',  ( 1.379999999999999671, 8.631655426250503638, 4.549999999999999822 ) ) ;
#4038 = DIRECTION ( 'NONE',  ( 0.000000000000000000, 0.000000000000000000, -1.000000000000000000 ) ) ;
#4039 = AXIS2_PLACEMENT_3D ( 'NONE', #3432, #2413, #3358 ) ;
#4040 = AXIS2_PLACEMENT_3D ( 'NONE', #256, #2509, #3900 ) ;
#4041 = CARTESIAN_POINT ( 'NONE',  ( 1.000000000000000000, 2.000000000000000000, 0.000000000000000000 ) ) ;
#4042 = DIRECTION ( 'NONE',  ( 0.000000000000000000, 1.000000000000000000, 0.000000000000000000 ) ) ;
#4043 = EDGE_LOOP ( 'NONE', ( #3227, #3957, #1146, #858 ) ) ;
#4044 = LINE ( 'NONE', #2730, #1306 ) ;
#4045 = CARTESIAN_POINT ( 'NONE',  ( 1.379999999999999671, 12.37137186834969604, 1.898837853159276889 ) ) ;
#4046 = CARTESIAN_POINT ( 'NONE',  ( -1.379999999999999671, 6.500000000000000000, 0.7729309367425446498 ) ) ;
#4047 = EDGE_LOOP ( 'NONE', ( #1779, #558, #468, #4079 ) ) ;
#4048 = CARTESIAN_POINT ( 'NONE',  ( 0.000000000000000000, 12.34999999999999964, -4.343903740188082452 ) ) ;
#4049 = ORIENTED_EDGE ( 'NONE', *, *, #3943, .T. ) ;
#4050 = VERTEX_POINT ( 'NONE', #378 ) ;
#4051 = DIRECTION ( 'NONE',  ( 1.000000000000000000, 0.000000000000000000, 0.000000000000000000 ) ) ;
#4052 = CYLINDRICAL_SURFACE ( 'NONE', #1829, 0.4999999999999995559 ) ;
#4053 = CARTESIAN_POINT ( 'NONE',  ( 1.399999999999999689, 8.759938365018300033, -4.438449618462785295 ) ) ;
#4054 = EDGE_CURVE ( 'NONE', #4022, #137, #481, .T. ) ;
#4055 = EDGE_CURVE ( 'NONE', #3539, #2839, #4008, .T. ) ;
#4056 = EDGE_CURVE ( 'NONE', #1716, #2643, #2747, .T. ) ;
#4057 = EDGE_LOOP ( 'NONE', ( #2042, #2109, #582, #4163, #1942, #612, #4141, #2320, #1197, #1188, #2390, #1546, #853, #4118 ) ) ;
#4058 = CARTESIAN_POINT ( 'NONE',  ( 9.368548013477250272E-16, -0.9999999999999997780, 7.649999999999999467 ) ) ;
#4059 = CARTESIAN_POINT ( 'NONE',  ( 0.000000000000000000, 9.296555435952635449, 8.083961248654471632 ) ) ;
#4060 = EDGE_CURVE ( 'NONE', #179, #2911, #2420, .T. ) ;
#4061 = CARTESIAN_POINT ( 'NONE',  ( -1.400000000000000133, 6.500000000000000000, 4.469999999999999751 ) ) ;
#4062 = CARTESIAN_POINT ( 'NONE',  ( 0.000000000000000000, 12.34999999999999964, 4.343903740188081564 ) ) ;
#4063 = CYLINDRICAL_SURFACE ( 'NONE', #3757, 0.1499999999999999667 ) ;
#4064 = ORIENTED_EDGE ( 'NONE', *, *, #1873, .F. ) ;
#4065 = CARTESIAN_POINT ( 'NONE',  ( 10.02391857076032800, 7.346530894624442531, -2.000000000000000000 ) ) ;
#4066 = CARTESIAN_POINT ( 'NONE',  ( -4.530922137642268588, 14.00902150259755174, 2.000000000000000000 ) ) ;
#4067 = ORIENTED_EDGE ( 'NONE', *, *, #422, .F. ) ;
#4068 = CARTESIAN_POINT ( 'NONE',  ( 3.405877273185280885, 1.699999999999999734, 6.850000000000000533 ) ) ;
#4069 = VECTOR ( 'NONE', #661, 1000.000000000000000 ) ;
#4070 = EDGE_LOOP ( 'NONE', ( #2928, #3532, #3803, #552 ) ) ;
#4071 = VERTEX_POINT ( 'NONE', #759 ) ;
#4072 = CYLINDRICAL_SURFACE ( 'NONE', #1426, 0.02000000000000053471 ) ;
#4073 = ADVANCED_FACE ( 'NONE', ( #2056 ), #1761, .F. ) ;
#4074 = CARTESIAN_POINT ( 'NONE',  ( -1.000000000000000222, 2.000000000000000000, 0.9999999999999997780 ) ) ;
#4075 = CONTEXT_DEPENDENT_SHAPE_REPRESENTATION ( #1356, #3236 ) ;
#4076 = CARTESIAN_POINT ( 'NONE',  ( -7.383935265155024297, 0.000000000000000000, 2.000000000000000000 ) ) ;
#4077 = EDGE_LOOP ( 'NONE', ( #2161, #1475, #2456, #1867 ) ) ;
#4078 = CIRCLE ( 'NONE', #2674, 0.4999999999999995559 ) ;
#4079 = ORIENTED_EDGE ( 'NONE', *, *, #2053, .F. ) ;
#4080 = DIRECTION ( 'NONE',  ( 0.000000000000000000, 1.000000000000000000, -0.000000000000000000 ) ) ;
#4081 = AXIS2_PLACEMENT_3D ( 'NONE', #2291, #3633, #3319 ) ;
#4082 = CIRCLE ( 'NONE', #2679, 0.1299999999999998934 ) ;
#4083 = LINE ( 'NONE', #1080, #611 ) ;
#4084 = CARTESIAN_POINT ( 'NONE',  ( 0.000000000000000000, 2.000000000000000000, 3.750000000000000000 ) ) ;
#4085 = CARTESIAN_POINT ( 'NONE',  ( -1.380000000000000115, 6.500000000000000000, 4.549999999999999822 ) ) ;
#4086 = ADVANCED_FACE ( 'NONE', ( #1369 ), #2675, .T. ) ;
#4087 = ORIENTED_EDGE ( 'NONE', *, *, #4298, .T. ) ;
#4088 = LINE ( 'NONE', #1155, #3892 ) ;
#4089 = CARTESIAN_POINT ( 'NONE',  ( -1.380839982702822599, 6.500000000000000000, 0.7752318993870117581 ) ) ;
#4090 = ORIENTED_EDGE ( 'NONE', *, *, #2000, .T. ) ;
#4091 = CARTESIAN_POINT ( 'NONE',  ( -6.893627829177591870, 7.517540966287275417, 2.000000000000000000 ) ) ;
#4092 = VERTEX_POINT ( 'NONE', #1686 ) ;
#4093 = ORIENTED_EDGE ( 'NONE', *, *, #1496, .F. ) ;
#4094 = CARTESIAN_POINT ( 'NONE',  ( -7.311634564172364570, 0.000000000000000000, -2.250000000000000444 ) ) ;
#4095 = CARTESIAN_POINT ( 'NONE',  ( -1.379999999999999893, -2.992397996059991005E-17, 5.530000000000000249 ) ) ;
#4096 = PRODUCT_CONTEXT ( 'NONE', #2561, 'mechanical' ) ;
#4097 = TOROIDAL_SURFACE ( 'NONE', #1519, 0.1299999999999999767, 0.02000000000000000042 ) ;
#4098 = CARTESIAN_POINT ( 'NONE',  ( 1.385521695682326193, 6.500000000000000000, -4.534868014339770603 ) ) ;
#4099 = CYLINDRICAL_SURFACE ( 'NONE', #2949, 0.5000000000000004441 ) ;
#4100 = ORIENTED_EDGE ( 'NONE', *, *, #3787, .T. ) ;
#4101 = VECTOR ( 'NONE', #2659, 1000.000000000000000 ) ;
#4102 = EDGE_LOOP ( 'NONE', ( #1135, #1335, #3869, #1569 ) ) ;
#4103 = DIRECTION ( 'NONE',  ( 0.000000000000000000, 0.000000000000000000, -1.000000000000000000 ) ) ;
#4104 = CIRCLE ( 'NONE', #470, 7.649999999999999467 ) ;
#4105 = AXIS2_PLACEMENT_3D ( 'NONE', #3442, #3172, #1832 ) ;
#4106 = LINE ( 'NONE', #2099, #2510 ) ;
#4107 = DIRECTION ( 'NONE',  ( 1.000000000000000000, 0.000000000000000000, 0.000000000000000000 ) ) ;
#4108 = CYLINDRICAL_SURFACE ( 'NONE', #3325, 0.02000000000000005246 ) ;
#4109 = EDGE_CURVE ( 'NONE', #3775, #890, #4158, .T. ) ;
#4110 = LINE ( 'NONE', #3700, #598 ) ;
#4111 = VECTOR ( 'NONE', #1971, 1000.000000000000000 ) ;
#4112 = EDGE_CURVE ( 'NONE', #4153, #2693, #799, .T. ) ;
#4113 = VERTEX_POINT ( 'NONE', #3007 ) ;
#4114 = LINE ( 'NONE', #2450, #1173 ) ;
#4115 = VECTOR ( 'NONE', #2463, 1000.000000000000000 ) ;
#4116 = DIRECTION ( 'NONE',  ( 0.000000000000000000, -0.6561787149247862994, -0.7546055221635049604 ) ) ;
#4117 = TOROIDAL_SURFACE ( 'NONE', #2787, 0.1699999999999999845, 0.02000000000000000042 ) ;
#4118 = ORIENTED_EDGE ( 'NONE', *, *, #3209, .T. ) ;
#4119 = VECTOR ( 'NONE', #1419, 1000.000000000000000 ) ;
#4120 = AXIS2_PLACEMENT_3D ( 'NONE', #56, #2437, #2114 ) ;
#4121 = ORIENTED_EDGE ( 'NONE', *, *, #3585, .T. ) ;
#4122 = ORIENTED_EDGE ( 'NONE', *, *, #3152, .T. ) ;
#4123 = DIRECTION ( 'NONE',  ( 8.673617379884035472E-17, 1.880790961315659329E-33, -1.000000000000000000 ) ) ;
#4124 = PLANE ( 'NONE',  #3142 ) ;
#4125 = APPLICATION_PROTOCOL_DEFINITION ( 'draft international standard', 'automotive_design', 1998, #2561 ) ;
#4126 = CARTESIAN_POINT ( 'NONE',  ( 3.807362913467409626, 0.000000000000000000, 2.250000000000000444 ) ) ;
#4127 = PLANE ( 'NONE',  #1700 ) ;
#4128 = ORIENTED_EDGE ( 'NONE', *, *, #415, .T. ) ;
#4129 = CARTESIAN_POINT ( 'NONE',  ( -3.055710216370185250, 1.499999999999999112, -7.013830305757052130 ) ) ;
#4130 = LINE ( 'NONE', #3166, #3495 ) ;
#4131 = CARTESIAN_POINT ( 'NONE',  ( -1.380000000000000115, 6.649999999999999467, 4.400000000000000355 ) ) ;
#4132 = DIRECTION ( 'NONE',  ( 0.000000000000000000, 0.000000000000000000, 1.000000000000000000 ) ) ;
#4133 = CARTESIAN_POINT ( 'NONE',  ( 1.399999999999999689, 12.48000000000000043, -4.343903740188082452 ) ) ;
#4134 = VERTEX_POINT ( 'NONE', #1061 ) ;
#4135 = CARTESIAN_POINT ( 'NONE',  ( -3.967458001469041040, 0.01856560917443300998, 2.136458751068952111 ) ) ;
#4136 = DIRECTION ( 'NONE',  ( 1.000000000000000000, 0.000000000000000000, 0.000000000000000000 ) ) ;
#4137 = ADVANCED_FACE ( 'NONE', ( #3029 ), #2704, .T. ) ;
#4138 = CARTESIAN_POINT ( 'NONE',  ( 7.467622691955369874, 0.3231656901628472967, 1.747304722769227991 ) ) ;
#4139 = ORIENTED_EDGE ( 'NONE', *, *, #1499, .T. ) ;
#4140 = EDGE_CURVE ( 'NONE', #2537, #907, #2326, .T. ) ;
#4141 = ORIENTED_EDGE ( 'NONE', *, *, #1980, .T. ) ;
#4142 = FILL_AREA_STYLE_COLOUR ( '', #4306 ) ;
#4143 = CARTESIAN_POINT ( 'NONE',  ( -1.380000000000000115, 8.631655426250503638, 4.379999999999999893 ) ) ;
#4144 = EDGE_CURVE ( 'NONE', #2777, #4022, #213, .T. ) ;
#4145 = DIRECTION ( 'NONE',  ( -1.000000000000000000, -2.168404344971008252E-17, 8.673617379884035472E-17 ) ) ;
#4146 = CARTESIAN_POINT ( 'NONE',  ( 11.32239551690265777, 4.121014948741660966, 2.000000000000000000 ) ) ;
#4147 = APPLICATION_PROTOCOL_DEFINITION ( 'draft international standard', 'automotive_design', 1998, #831 ) ;
#4148 = CARTESIAN_POINT ( 'NONE',  ( 1.399999999999999689, 9.768344573749498494, 5.530000000000000249 ) ) ;
#4149 = DIRECTION ( 'NONE',  ( -0.3420201433256660484, 0.9396926207859094271, 0.000000000000000000 ) ) ;
#4150 = ORIENTED_EDGE ( 'NONE', *, *, #1976, .F. ) ;
#4151 = CARTESIAN_POINT ( 'NONE',  ( -3.397045344066844663, 1.653845617810561608, -6.854399480517451515 ) ) ;
#4152 = VECTOR ( 'NONE', #1630, 1000.000000000000114 ) ;
#4153 = VERTEX_POINT ( 'NONE', #2201 ) ;
#4154 = DIRECTION ( 'NONE',  ( 0.000000000000000000, 0.000000000000000000, -1.000000000000000000 ) ) ;
#4155 = VECTOR ( 'NONE', #3110, 1000.000000000000114 ) ;
#4156 = DIRECTION ( 'NONE',  ( 0.000000000000000000, 0.6561787149247684248, -0.7546055221635205035 ) ) ;
#4157 = DIRECTION ( 'NONE',  ( -1.000000000000000000, -0.000000000000000000, -0.000000000000000000 ) ) ;
#4158 = CIRCLE ( 'NONE', #865, 0.5000000000000004441 ) ;
#4159 = ORIENTED_EDGE ( 'NONE', *, *, #3484, .F. ) ;
#4160 = CARTESIAN_POINT ( 'NONE',  ( 1.379999999999999671, 0.000000000000000000, 4.400000000000000355 ) ) ;
#4161 = CARTESIAN_POINT ( 'NONE',  ( 0.000000000000000000, 0.000000000000000000, 0.000000000000000000 ) ) ;
#4162 = AXIS2_PLACEMENT_3D ( 'NONE', #110, #1462, #473 ) ;
#4163 = ORIENTED_EDGE ( 'NONE', *, *, #3284, .T. ) ;
#4164 = VERTEX_POINT ( 'NONE', #495 ) ;
#4165 = CARTESIAN_POINT ( 'NONE',  ( -1.380000000000000115, 12.48000000000000220, -4.343903740188082452 ) ) ;
#4166 = DIRECTION ( 'NONE',  ( 1.000000000000000000, 0.000000000000000000, 0.000000000000000000 ) ) ;
#4167 = CARTESIAN_POINT ( 'NONE',  ( 1.399999999999999689, 12.48000000000000220, -2.027069063257456172 ) ) ;
#4168 = FACE_OUTER_BOUND ( 'NONE', #1981, .T. ) ;
#4169 = CARTESIAN_POINT ( 'NONE',  ( 1.399999999999999689, 6.500000000000000000, -4.469999999999999751 ) ) ;
#4170 = CARTESIAN_POINT ( 'NONE',  ( 1.399999999999999689, 9.768344573749498494, 5.400000000000000355 ) ) ;
#4171 = EDGE_CURVE ( 'NONE', #739, #966, #728, .T. ) ;
#4172 = ORIENTED_EDGE ( 'NONE', *, *, #1134, .T. ) ;
#4173 = DIRECTION ( 'NONE',  ( 0.000000000000000000, 2.040851148208008235E-14, -1.000000000000000000 ) ) ;
#4174 = EDGE_CURVE ( 'NONE', #710, #3681, #3176, .T. ) ;
#4175 = EDGE_LOOP ( 'NONE', ( #2553, #887, #3903, #287 ) ) ;
#4176 = AXIS2_PLACEMENT_3D ( 'NONE', #972, #3360, #2671 ) ;
#4177 = ADVANCED_FACE ( 'NONE', ( #3808 ), #3866, .T. ) ;
#4178 = CARTESIAN_POINT ( 'NONE',  ( -1.380000000000000115, 6.500000000000000000, -4.549999999999999822 ) ) ;
#4179 = STYLED_ITEM ( 'NONE', ( #3177 ), #1099 ) ;
#4180 = DIRECTION ( 'NONE',  ( 0.000000000000000000, -0.7546055221635005195, 0.6561787149247915174 ) ) ;
#4181 = FACE_OUTER_BOUND ( 'NONE', #54, .T. ) ;
#4182 = ORIENTED_EDGE ( 'NONE', *, *, #1579, .F. ) ;
#4183 = TOROIDAL_SURFACE ( 'NONE', #3052, 0.1699999999999999845, 0.02000000000000000042 ) ;
#4184 = CARTESIAN_POINT ( 'NONE',  ( -1.000000000000000000, 2.000000000000000000, 0.9999999999999997780 ) ) ;
#4185 = DIRECTION ( 'NONE',  ( -1.000000000000000000, -2.168404344971008252E-17, 8.673617379884035472E-17 ) ) ;
#4186 = ORIENTED_EDGE ( 'NONE', *, *, #3582, .F. ) ;
#4187 = AXIS2_PLACEMENT_3D ( 'NONE', #3697, #693, #2032 ) ;
#4188 = DIRECTION ( 'NONE',  ( 1.000000000000000000, 0.000000000000000000, 0.000000000000000000 ) ) ;
#4189 = DIRECTION ( 'NONE',  ( 0.000000000000000000, -0.000000000000000000, 1.000000000000000000 ) ) ;
#4190 = CARTESIAN_POINT ( 'NONE',  ( 7.331445089654464731, 1.058791184067874931E-16, 2.185623412066960203 ) ) ;
#4191 = CIRCLE ( 'NONE', #4039, 0.02000000000000005246 ) ;
#4192 = TOROIDAL_SURFACE ( 'NONE', #3503, 0.1699999999999999845, 0.02000000000000000042 ) ;
#4193 = ORIENTED_EDGE ( 'NONE', *, *, #3774, .F. ) ;
#4194 = ORIENTED_EDGE ( 'NONE', *, *, #1469, .F. ) ;
#4195 = EDGE_CURVE ( 'NONE', #26, #1590, #3849, .T. ) ;
#4196 = EDGE_CURVE ( 'NONE', #553, #2204, #2269, .T. ) ;
#4197 = ORIENTED_EDGE ( 'NONE', *, *, #326, .T. ) ;
#4198 = ORIENTED_EDGE ( 'NONE', *, *, #3488, .T. ) ;
#4199 = DIRECTION ( 'NONE',  ( 1.000000000000000000, 0.000000000000000000, -0.000000000000000000 ) ) ;
#4200 = DIRECTION ( 'NONE',  ( 0.000000000000000000, -1.000000000000000000, 0.000000000000000000 ) ) ;
#4201 = VERTEX_POINT ( 'NONE', #1555 ) ;
#4202 = VERTEX_POINT ( 'NONE', #2533 ) ;
#4203 = DIRECTION ( 'NONE',  ( 0.000000000000000000, 0.7546055221635206145, -0.6561787149247685358 ) ) ;
#4204 = ORIENTED_EDGE ( 'NONE', *, *, #2632, .T. ) ;
#4205 = SURFACE_SIDE_STYLE ('',( #1542 ) ) ;
#4206 = DIRECTION ( 'NONE',  ( -0.9396926207859093161, 0.3420201433256663259, 0.000000000000000000 ) ) ;
#4207 = CARTESIAN_POINT ( 'NONE',  ( -1.400000000000000133, 8.631655426250503638, 4.549999999999999822 ) ) ;
#4208 = FACE_OUTER_BOUND ( 'NONE', #720, .T. ) ;
#4209 = EDGE_LOOP ( 'NONE', ( #3428, #214, #3417, #3181, #2989, #4332, #4317, #3802, #1797, #16 ) ) ;
#4210 = EDGE_CURVE ( 'NONE', #274, #3109, #1429, .T. ) ;
#4211 = ORIENTED_EDGE ( 'NONE', *, *, #1412, .T. ) ;
#4212 = CARTESIAN_POINT ( 'NONE',  ( -10.02391857076032800, 7.346530894624444308, 2.000000000000000000 ) ) ;
#4213 = ORIENTED_EDGE ( 'NONE', *, *, #240, .T. ) ;
#4214 = ORIENTED_EDGE ( 'NONE', *, *, #2692, .T. ) ;
#4215 = CARTESIAN_POINT ( 'NONE',  ( -4.277209223860363174, 0.3289899283371667260, 2.000000000000000000 ) ) ;
#4216 = DIRECTION ( 'NONE',  ( 0.000000000000000000, 0.000000000000000000, 1.000000000000000000 ) ) ;
#4217 = DIRECTION ( 'NONE',  ( 0.000000000000000000, 0.000000000000000000, -1.000000000000000000 ) ) ;
#4218 = CARTESIAN_POINT ( 'NONE',  ( -7.467282459431273445, 0.3222309089855331932, 1.750262582681714418 ) ) ;
#4219 = ORIENTED_EDGE ( 'NONE', *, *, #2076, .F. ) ;
#4220 = ORIENTED_EDGE ( 'NONE', *, *, #3556, .T. ) ;
#4221 = VECTOR ( 'NONE', #2971, 1000.000000000000000 ) ;
#4222 = CARTESIAN_POINT ( 'NONE',  ( 0.000000000000000000, 0.000000000000000000, 0.000000000000000000 ) ) ;
#4223 = CARTESIAN_POINT ( 'NONE',  ( 7.410581979285637999, 0.1664476201131624977, 2.081493212411694937 ) ) ;
#4224 = EDGE_CURVE ( 'NONE', #890, #1788, #2794, .T. ) ;
#4225 = AXIS2_PLACEMENT_3D ( 'NONE', #158, #1514, #3219 ) ;
#4226 = CARTESIAN_POINT ( 'NONE',  ( 7.502858119218816846, 0.4199742309340087076, -1.356565527679170824 ) ) ;
#4227 = CIRCLE ( 'NONE', #4162, 0.1499999999999999667 ) ;
#4228 = DIRECTION ( 'NONE',  ( 0.000000000000000000, -0.000000000000000000, -1.000000000000000000 ) ) ;
#4229 = CARTESIAN_POINT ( 'NONE',  ( 7.403329681514172478, 0.1465220957464796470, 2.000000000000000000 ) ) ;
#4230 = ORIENTED_EDGE ( 'NONE', *, *, #60, .F. ) ;
#4231 = EDGE_LOOP ( 'NONE', ( #293, #232, #927, #3664, #4234, #4267, #1975, #2723 ) ) ;
#4232 = FACE_OUTER_BOUND ( 'NONE', #2762, .T. ) ;
#4233 = VERTEX_POINT ( 'NONE', #4131 ) ;
#4234 = ORIENTED_EDGE ( 'NONE', *, *, #2508, .T. ) ;
#4235 = CIRCLE ( 'NONE', #2559, 0.5000000000000004441 ) ;
#4236 = DIRECTION ( 'NONE',  ( 1.000000000000000000, 0.000000000000000000, 0.000000000000000000 ) ) ;
#4237 = CIRCLE ( 'NONE', #4020, 0.5000000000000000000 ) ;
#4238 = CARTESIAN_POINT ( 'NONE',  ( -7.409383886196558855, 0.1631558864046109558, -1.688618591207657449 ) ) ;
#4239 = ORIENTED_EDGE ( 'NONE', *, *, #3791, .T. ) ;
#4240 = AXIS2_PLACEMENT_3D ( 'NONE', #605, #1286, #1914 ) ;
#4241 = DIRECTION ( 'NONE',  ( 0.000000000000000000, 1.000000000000000000, 0.000000000000000000 ) ) ;
#4242 = EDGE_CURVE ( 'NONE', #2259, #2368, #1002, .T. ) ;
#4243 = FACE_OUTER_BOUND ( 'NONE', #217, .T. ) ;
#4244 = ADVANCED_FACE ( 'NONE', ( #1891 ), #2519, .T. ) ;
#4245 = CIRCLE ( 'NONE', #1171, 0.01999999999999996225 ) ;
#4246 = EDGE_CURVE ( 'NONE', #2771, #2546, #1175, .T. ) ;
#4247 = ORIENTED_EDGE ( 'NONE', *, *, #1167, .F. ) ;
#4248 = CARTESIAN_POINT ( 'NONE',  ( 7.383935265155024297, 0.000000000000000000, -2.000000000000000444 ) ) ;
#4249 = EDGE_CURVE ( 'NONE', #3898, #28, #4082, .T. ) ;
#4250 = VECTOR ( 'NONE', #3833, 1000.000000000000000 ) ;
#4251 = DIRECTION ( 'NONE',  ( -1.000000000000000000, 0.000000000000000000, 0.000000000000000000 ) ) ;
#4252 = DIRECTION ( 'NONE',  ( 1.156482317317871971E-16, -0.000000000000000000, 1.000000000000000000 ) ) ;
#4253 = VECTOR ( 'NONE', #2287, 1000.000000000000000 ) ;
#4254 = VERTEX_POINT ( 'NONE', #3526 ) ;
#4255 = UNCERTAINTY_MEASURE_WITH_UNIT (LENGTH_MEASURE( 1.000000000000000082E-05 ), #2600, 'distance_accuracy_value', 'NONE');
#4256 = PLANE ( 'NONE',  #969 ) ;
#4257 = TOROIDAL_SURFACE ( 'NONE', #3211, 0.1299999999999999767, 0.02000000000000000042 ) ;
#4258 = ORIENTED_EDGE ( 'NONE', *, *, #3793, .F. ) ;
#4259 = AXIS2_PLACEMENT_3D ( 'NONE', #3756, #3381, #3450 ) ;
#4260 = VERTEX_POINT ( 'NONE', #3509 ) ;
#4261 = CARTESIAN_POINT ( 'NONE',  ( 8.503317654544932935, 3.094954518764654328, -2.000000000000000000 ) ) ;
#4262 = DIRECTION ( 'NONE',  ( -3.491481338843133355E-15, -6.982962677686266711E-15, 1.000000000000000000 ) ) ;
#4263 = ORIENTED_EDGE ( 'NONE', *, *, #295, .T. ) ;
#4264 = CARTESIAN_POINT ( 'NONE',  ( 6.831385253332590501, 7.688551037950111855, -2.000000000000000000 ) ) ;
#4265 = CARTESIAN_POINT ( 'NONE',  ( 7.452558272403808637, 2.504175267474238899E-10, -1.728641713832728577 ) ) ;
#4266 = LINE ( 'NONE', #669, #3829 ) ;
#4267 = ORIENTED_EDGE ( 'NONE', *, *, #819, .T. ) ;
#4268 = DIRECTION ( 'NONE',  ( 0.000000000000000000, -0.1643989873053572914, 0.9863939238321437486 ) ) ;
#4269 = EDGE_CURVE ( 'NONE', #4329, #1870, #2332, .T. ) ;
#4270 = DIRECTION ( 'NONE',  ( 0.000000000000000000, 0.000000000000000000, -1.000000000000000000 ) ) ;
#4271 = LINE ( 'NONE', #1583, #1344 ) ;
#4272 = ADVANCED_FACE ( 'NONE', ( #2870 ), #2888, .T. ) ;
#4273 = VERTEX_POINT ( 'NONE', #3487 ) ;
#4274 = CARTESIAN_POINT ( 'NONE',  ( 1.399999999999999689, 6.649999999999999467, 4.549999999999999822 ) ) ;
#4275 = CARTESIAN_POINT ( 'NONE',  ( -7.410360859002116385, 0.1658400971271989932, 2.082291166195546772 ) ) ;
#4276 = ORIENTED_EDGE ( 'NONE', *, *, #1232, .T. ) ;
#4277 = CARTESIAN_POINT ( 'NONE',  ( 1.399999999999999689, 6.649999999999999467, -4.379999999999999893 ) ) ;
#4278 = PLANE ( 'NONE',  #542 ) ;
#4279 = SHAPE_REPRESENTATION_RELATIONSHIP ( 'NONE' , 'NONE' ,  #3875, #2432 ) ;
#4280 = CARTESIAN_POINT ( 'NONE',  ( -7.383935265155024297, 0.000000000000000000, -2.000000000000000000 ) ) ;
#4281 = CARTESIAN_POINT ( 'NONE',  ( -6.831385253332591390, 7.346530894624442531, 2.000000000000000000 ) ) ;
#4282 = CARTESIAN_POINT ( 'NONE',  ( 7.404456952025193495, 0.1496192460214026965, -1.776876271480146263 ) ) ;
#4283 = CARTESIAN_POINT ( 'NONE',  ( 1.393823247546297939, 6.500000000000000000, -0.8140959846906093977 ) ) ;
#4284 = VECTOR ( 'NONE', #2175, 1000.000000000000114 ) ;
#4285 = EDGE_LOOP ( 'NONE', ( #1773, #3, #2241, #3141 ) ) ;
#4286 = CYLINDRICAL_SURFACE ( 'NONE', #3958, 0.01999999999999999001 ) ;
#4287 = CARTESIAN_POINT ( 'NONE',  ( 1.399999999999999689, 0.000000000000000000, -4.379999999999999893 ) ) ;
#4288 = AXIS2_PLACEMENT_3D ( 'NONE', #827, #1195, #4180 ) ;
#4289 = B_SPLINE_CURVE_WITH_KNOTS ( 'NONE', 3,
 ( #651, #3399, #3658, #4333, #1997, #3327, #3678, #1359, #3039, #1745 ),
 .UNSPECIFIED., .F., .F.,
 ( 4, 3, 3, 4 ),
 ( -2.449489749371383278E-06, 0.000000000000000000, 4.097538642259676095E-05, 8.049306843309084886E-05 ),
 .UNSPECIFIED. ) ;
#4290 = CARTESIAN_POINT ( 'NONE',  ( 0.000000000000000000, 8.744846254575030287, -4.451573192761281383 ) ) ;
#4291 = EDGE_LOOP ( 'NONE', ( #2410, #476, #2932, #1112, #804, #2218 ) ) ;
#4292 = ORIENTED_EDGE ( 'NONE', *, *, #2906, .T. ) ;
#4293 = DIRECTION ( 'NONE',  ( 8.673617379884035472E-17, 0.000000000000000000, -1.000000000000000000 ) ) ;
#4294 = EDGE_CURVE ( 'NONE', #1485, #276, #3783, .T. ) ;
#4295 = CARTESIAN_POINT ( 'NONE',  ( 1.399999999999999689, 6.649999999999999467, 0.7729309367425446498 ) ) ;
#4296 = EDGE_LOOP ( 'NONE', ( #3994, #3605, #2407, #3108 ) ) ;
#4297 = DIRECTION ( 'NONE',  ( 1.000000000000000000, 0.000000000000000000, 0.000000000000000000 ) ) ;
#4298 = EDGE_CURVE ( 'NONE', #4164, #1694, #4227, .T. ) ;
#4299 = DIRECTION ( 'NONE',  ( 0.000000000000000000, -0.000000000000000000, 1.000000000000000000 ) ) ;
#4300 = CARTESIAN_POINT ( 'NONE',  ( 0.000000000000000000, 6.625340151904196340, -0.9208900253173660788 ) ) ;
#4301 = CYLINDRICAL_SURFACE ( 'NONE', #1384, 0.5000000000000004441 ) ;
#4302 = AXIS2_PLACEMENT_3D ( 'NONE', #4143, #2542, #1136 ) ;
#4303 = CARTESIAN_POINT ( 'NONE',  ( 7.431829883314932772, 0.2248257566443440381, -0.3605885910173246556 ) ) ;
#4304 = CARTESIAN_POINT ( 'NONE',  ( -1.400000000000000133, 9.768344573749498494, 5.530000000000000249 ) ) ;
#4305 = ORIENTED_EDGE ( 'NONE', *, *, #2557, .F. ) ;
#4306 = COLOUR_RGB ( '',0.7921568627450980005, 0.8196078431372548767, 0.9333333333333333481 ) ;
#4307 = CARTESIAN_POINT ( 'NONE',  ( -1.380000000000000115, 9.768344573749500270, -5.549999999999999822 ) ) ;
#4308 = DIRECTION ( 'NONE',  ( 1.000000000000000000, -0.000000000000000000, 0.000000000000000000 ) ) ;
#4309 = CIRCLE ( 'NONE', #2634, 0.1700000000000000122 ) ;
#4310 = DIRECTION ( 'NONE',  ( 0.000000000000000000, 0.000000000000000000, -1.000000000000000000 ) ) ;
#4311 = ORIENTED_EDGE ( 'NONE', *, *, #3254, .T. ) ;
#4312 = CIRCLE ( 'NONE', #825, 0.02000000000000005246 ) ;
#4313 = ORIENTED_EDGE ( 'NONE', *, *, #1802, .T. ) ;
#4314 = FACE_OUTER_BOUND ( 'NONE', #2147, .T. ) ;
#4315 = VECTOR ( 'NONE', #3050, 1000.000000000000000 ) ;
#4316 = CARTESIAN_POINT ( 'NONE',  ( -7.387074278570840313, 1.105164201071124687E-09, -1.988588378154321656 ) ) ;
#4317 = ORIENTED_EDGE ( 'NONE', *, *, #3150, .T. ) ;
#4318 = LINE ( 'NONE', #1276, #1732 ) ;
#4319 = VECTOR ( 'NONE', #912, 1000.000000000000000 ) ;
#4320 = EDGE_CURVE ( 'NONE', #248, #572, #3942, .T. ) ;
#4321 = CARTESIAN_POINT ( 'NONE',  ( 4.530922137642255265, 14.00902150259753576, -2.000000000000000000 ) ) ;
#4322 = EDGE_CURVE ( 'NONE', #137, #2903, #1490, .T. ) ;
#4323 = CIRCLE ( 'NONE', #2987, 0.01999999999999999695 ) ;
#4324 = FACE_OUTER_BOUND ( 'NONE', #3107, .T. ) ;
#4325 = CARTESIAN_POINT ( 'NONE',  ( 7.432204959980769132, 0.2258562713145372269, -0.7113678485901986370 ) ) ;
#4326 = CARTESIAN_POINT ( 'NONE',  ( -1.379999999999999671, 6.622052172158088723, 0.9406179037940091137 ) ) ;
#4327 = LINE ( 'NONE', #994, #4101 ) ;
#4328 = CARTESIAN_POINT ( 'NONE',  ( -1.380000000000000115, 9.670245855868245144, -5.485303232940222706 ) ) ;
#4329 = VERTEX_POINT ( 'NONE', #301 ) ;
#4330 = CARTESIAN_POINT ( 'NONE',  ( 9.368548013477250272E-16, 6.500000000000000000, 7.650000000000000355 ) ) ;
#4331 = CARTESIAN_POINT ( 'NONE',  ( 1.379999999999999671, 0.02644174998362252768, -0.1586504999017351591 ) ) ;
#4332 = ORIENTED_EDGE ( 'NONE', *, *, #1493, .T. ) ;
#4333 = CARTESIAN_POINT ( 'NONE',  ( -1.380839982702822599, 6.500000000000000000, -0.7752318993870118691 ) ) ;
#4334 = ORIENTED_EDGE ( 'NONE', *, *, #106, .T. ) ;
#4335 = VERTEX_POINT ( 'NONE', #1659 ) ;
#4336 = FACE_OUTER_BOUND ( 'NONE', #1702, .T. ) ;
#4337 = CIRCLE ( 'NONE', #426, 0.02000000000000003511 ) ;
#4338 = EDGE_CURVE ( 'NONE', #3855, #2881, #2249, .T. ) ;
#4339 = ORIENTED_EDGE ( 'NONE', *, *, #349, .F. ) ;
#4340 = DIRECTION ( 'NONE',  ( 0.000000000000000000, 0.000000000000000000, -1.000000000000000000 ) ) ;
#4341 = CARTESIAN_POINT ( 'NONE',  ( -6.361538942939636954, 7.517540966287275417, 2.000000000000000000 ) ) ;
#4342 = PLANE ( 'NONE',  #790 ) ;
#4343 = DIRECTION ( 'NONE',  ( 1.000000000000000000, 0.000000000000000000, -0.000000000000000000 ) ) ;
#4344 = CARTESIAN_POINT ( 'NONE',  ( -7.474529821200690094, 0.3421428717976224831, -1.684653925762235493 ) ) ;
#4345 = DIRECTION ( 'NONE',  ( 1.000000000000000000, 0.000000000000000000, 0.000000000000000000 ) ) ;
#4346 = CARTESIAN_POINT ( 'NONE',  ( -7.331445089654464731, 1.058791184067874931E-16, -2.185623412066960203 ) ) ;
#4347 = VERTEX_POINT ( 'NONE', #1255 ) ;
#4348 = DIRECTION ( 'NONE',  ( -8.673617379884035472E-17, -0.000000000000000000, 1.000000000000000000 ) ) ;
#4349 = ORIENTED_EDGE ( 'NONE', *, *, #2, .T. ) ;
#4350 = NEXT_ASSEMBLY_USAGE_OCCURRENCE ( 'NAUO1', ' ', ' ', #2889, #2427, $ ) ;
#4351 = NEXT_ASSEMBLY_USAGE_OCCURRENCE ( 'NAUO2', ' ', ' ', #2889, #3008, $ ) ;
ENDSEC;
END-ISO-10303-21;
