ISO-10303-21;
HEADER;
FILE_DESCRIPTION (( 'STEP AP214' ),
    '1' );
FILE_NAME ('Straight_Link_KitV2.STEP',
    '2026-10-05T20:22:38',
    ( '' ),
    ( '' ),
    'SwSTEP 2.0',
    'SolidWorks 2023',
    '' );
FILE_SCHEMA (( 'AUTOMOTIVE_DESIGN' ));
ENDSEC;

DATA;
#1 = DIRECTION ( 'NONE',  ( 0.000000000000000000, 1.000000000000000000, 0.000000000000000000 ) ) ;
#2 = LINE ( 'NONE', #4134, #740 ) ;
#3 = EDGE_CURVE ( 'NONE', #1253, #3572, #1456, .T. ) ;
#4 = CARTESIAN_POINT ( 'NONE',  ( 1.399999999999999689, 11.43165542625050612, -5.530000000000000249 ) ) ;
#5 = B_SPLINE_CURVE_WITH_KNOTS ( 'NONE', 3,
 ( #759, #2607, #3404, #456, #2250, #1514, #3845, #4217, #3751, #13 ),
 .UNSPECIFIED., .F., .F.,
 ( 4, 2, 2, 2, 4 ),
 ( 0.000000000000000000, 0.0002774483335560877159, 0.0004161725003341309233, 0.0004855345837231522560, 0.0005548966671121735887 ),
 .UNSPECIFIED. ) ;
#6 = ORIENTED_EDGE ( 'NONE', *, *, #4297, .F. ) ;
#7 = ORIENTED_EDGE ( 'NONE', *, *, #863, .T. ) ;
#8 = CARTESIAN_POINT ( 'NONE',  ( -1.385521695682326637, 6.500000000000000000, 4.534868014339770603 ) ) ;
#9 = FACE_OUTER_BOUND ( 'NONE', #3491, .T. ) ;
#10 = AXIS2_PLACEMENT_3D ( 'NONE', #1200, #4573, #2699 ) ;
#11 = VECTOR ( 'NONE', #3561, 1000.000000000000000 ) ;
#12 = CARTESIAN_POINT ( 'NONE',  ( -4.500000000000000000, 1.500000000000000444, 0.000000000000000000 ) ) ;
#13 = CARTESIAN_POINT ( 'NONE',  ( 3.405877273185284881, 1.699999999999999734, -6.849999999999998757 ) ) ;
#14 = VERTEX_POINT ( 'NONE', #4535 ) ;
#15 = DIRECTION ( 'NONE',  ( 1.000000000000000000, 2.168404344971008252E-17, 8.673617379884035472E-17 ) ) ;
#16 = DIRECTION ( 'NONE',  ( 7.968020348514244863E-17, -0.6561787149247862994, 0.7546055221635049604 ) ) ;
#17 = CARTESIAN_POINT ( 'NONE',  ( -4.934344465946485236, 8.000000000000000000, -4.751288740056038407 ) ) ;
#18 = CIRCLE ( 'NONE', #3474, 5.000000000000000000 ) ;
#19 = EDGE_CURVE ( 'NONE', #1802, #885, #2603, .T. ) ;
#20 = LINE ( 'NONE', #767, #887 ) ;
#21 = PLANE ( 'NONE',  #560 ) ;
#22 = CIRCLE ( 'NONE', #2372, 0.01999999999999996225 ) ;
#23 = EDGE_CURVE ( 'NONE', #3846, #733, #1536, .T. ) ;
#24 = ORIENTED_EDGE ( 'NONE', *, *, #487, .F. ) ;
#25 = ORIENTED_EDGE ( 'NONE', *, *, #3472, .T. ) ;
#26 = DIRECTION ( 'NONE',  ( 0.000000000000000000, 0.7546055221635206145, 0.6561787149247685358 ) ) ;
#27 = FACE_OUTER_BOUND ( 'NONE', #2722, .T. ) ;
#28 = CARTESIAN_POINT ( 'NONE',  ( 1.379999999999999671, 12.48000000000000220, 2.027069063257455728 ) ) ;
#29 = CARTESIAN_POINT ( 'NONE',  ( 1.399999999999999689, 6.500000000000000000, 0.8529309367425446098 ) ) ;
#30 = ORIENTED_EDGE ( 'NONE', *, *, #3508, .T. ) ;
#31 = AXIS2_PLACEMENT_3D ( 'NONE', #643, #3216, #4792 ) ;
#32 = EDGE_CURVE ( 'NONE', #3469, #1083, #3337, .T. ) ;
#33 = CARTESIAN_POINT ( 'NONE',  ( -1.400000000000000133, 9.768344573749500270, -5.530000000000000249 ) ) ;
#34 = DIRECTION ( 'NONE',  ( 0.000000000000000000, 1.000000000000000000, 0.000000000000000000 ) ) ;
#35 = LINE ( 'NONE', #1950, #2620 ) ;
#36 = CARTESIAN_POINT ( 'NONE',  ( 5.087985294887773513, 3.021034482758621298, 2.966664951328128907 ) ) ;
#37 = CIRCLE ( 'NONE', #1997, 0.1700000000000000122 ) ;
#38 = CARTESIAN_POINT ( 'NONE',  ( 0.000000000000000000, 26.63746750430835775, 0.000000000000000000 ) ) ;
#39 = VERTEX_POINT ( 'NONE', #53 ) ;
#40 = AXIS2_PLACEMENT_3D ( 'NONE', #3841, #1632, #823 ) ;
#41 = CARTESIAN_POINT ( 'NONE',  ( -1.379999999999999671, 12.50000000000000000, -1.196959198423996649E-16 ) ) ;
#42 = CARTESIAN_POINT ( 'NONE',  ( 4.046831517071719730, 0.000000000000000000, 4.046831517071717066 ) ) ;
#43 = PLANE ( 'NONE',  #1341 ) ;
#44 = VERTEX_POINT ( 'NONE', #1557 ) ;
#45 = VERTEX_POINT ( 'NONE', #3045 ) ;
#46 = DIRECTION ( 'NONE',  ( -2.803295164711175242E-15, 0.5961196035938418625, 0.8028956459037006610 ) ) ;
#47 = CARTESIAN_POINT ( 'NONE',  ( -1.379999999999999227, 2.790441948979335951, 2.426471259982029505 ) ) ;
#48 = EDGE_CURVE ( 'NONE', #4780, #3846, #4555, .T. ) ;
#49 = DIRECTION ( 'NONE',  ( 0.7071067811865474617, 0.000000000000000000, 0.7071067811865476838 ) ) ;
#50 = CARTESIAN_POINT ( 'NONE',  ( 1.379999999999999671, 12.48000000000000220, -2.027069063257456172 ) ) ;
#51 = ORIENTED_EDGE ( 'NONE', *, *, #3776, .F. ) ;
#52 = B_SPLINE_CURVE_WITH_KNOTS ( 'NONE', 3,
 ( #4556, #1465, #2955, #4463, #8, #3000, #1095, #2583, #4510, #131 ),
 .UNSPECIFIED., .F., .F.,
 ( 4, 3, 3, 4 ),
 ( -2.449489749372115115E-06, 0.000000000000000000, 4.097538642259614431E-05, 8.049306843309046939E-05 ),
 .UNSPECIFIED. ) ;
#53 = CARTESIAN_POINT ( 'NONE',  ( -2.966664951328131128, 3.021034482758621298, -5.087985294887771737 ) ) ;
#54 = CARTESIAN_POINT ( 'NONE',  ( -1.380000000000000115, 12.48000000000000220, 4.343903740188081564 ) ) ;
#55 = DIRECTION ( 'NONE',  ( 0.000000000000000000, 0.000000000000000000, -1.000000000000000000 ) ) ;
#56 = CYLINDRICAL_SURFACE ( 'NONE', #651, 0.02000000000000053471 ) ;
#57 = CARTESIAN_POINT ( 'NONE',  ( 1.379999999999999671, 6.649999999999999467, -0.7729309367425445387 ) ) ;
#58 = ORIENTED_EDGE ( 'NONE', *, *, #32, .F. ) ;
#59 = CARTESIAN_POINT ( 'NONE',  ( -1.379999999999999893, -2.992397996059991005E-17, -5.530000000000000249 ) ) ;
#60 = VECTOR ( 'NONE', #4506, 1000.000000000000000 ) ;
#61 = EDGE_CURVE ( 'NONE', #517, #1223, #1206, .T. ) ;
#62 = EDGE_LOOP ( 'NONE', ( #2750, #4709, #4807, #3938 ) ) ;
#63 = AXIS2_PLACEMENT_3D ( 'NONE', #918, #3067, #3495 ) ;
#64 = LINE ( 'NONE', #2300, #3571 ) ;
#65 = CARTESIAN_POINT ( 'NONE',  ( 4.433344562587834048, 2.048942590553171961, 2.312024219028189886 ) ) ;
#66 = DIRECTION ( 'NONE',  ( 0.7071067811865473507, 2.775557561562891351E-17, -0.7071067811865477948 ) ) ;
#67 = ORIENTED_EDGE ( 'NONE', *, *, #2328, .T. ) ;
#68 = VERTEX_POINT ( 'NONE', #2676 ) ;
#69 = LINE ( 'NONE', #1574, #1687 ) ;
#70 = DIRECTION ( 'NONE',  ( 0.000000000000000000, 1.000000000000000000, -0.000000000000000000 ) ) ;
#71 = EDGE_CURVE ( 'NONE', #2937, #360, #4161, .T. ) ;
#72 = LINE ( 'NONE', #4574, #342 ) ;
#73 = DIRECTION ( 'NONE',  ( -5.122298795473438989E-17, -0.6561787149247869655, -0.7546055221635044052 ) ) ;
#74 = VERTEX_POINT ( 'NONE', #1925 ) ;
#75 = DIRECTION ( 'NONE',  ( 0.000000000000000000, -1.000000000000000000, 0.000000000000000000 ) ) ;
#76 = DIRECTION ( 'NONE',  ( 0.000000000000000000, -1.000000000000000000, 0.000000000000000000 ) ) ;
#77 = EDGE_CURVE ( 'NONE', #3588, #1904, #1537, .T. ) ;
#78 = EDGE_CURVE ( 'NONE', #4209, #1083, #1161, .T. ) ;
#79 = LINE ( 'NONE', #4538, #2238 ) ;
#80 = DIRECTION ( 'NONE',  ( 0.000000000000000000, 0.000000000000000000, 1.000000000000000000 ) ) ;
#81 = DIRECTION ( 'NONE',  ( -7.968020348514244863E-17, 0.6561787149247862994, 0.7546055221635049604 ) ) ;
#82 = ORIENTED_EDGE ( 'NONE', *, *, #128, .F. ) ;
#83 = EDGE_CURVE ( 'NONE', #3253, #4259, #3427, .T. ) ;
#84 = AXIS2_PLACEMENT_3D ( 'NONE', #4044, #2563, #4071 ) ;
#85 = DIRECTION ( 'NONE',  ( -8.673617379884035472E-17, -0.000000000000000000, 1.000000000000000000 ) ) ;
#86 = ORIENTED_EDGE ( 'NONE', *, *, #4485, .F. ) ;
#87 = AXIS2_PLACEMENT_3D ( 'NONE', #3599, #2166, #3696 ) ;
#88 = EDGE_CURVE ( 'NONE', #1617, #1709, #2545, .T. ) ;
#89 = DIRECTION ( 'NONE',  ( -0.7071067811865403563, 1.406920557068085481E-16, -0.7071067811865547892 ) ) ;
#90 = CARTESIAN_POINT ( 'NONE',  ( 0.000000000000000000, 8.000000000000000000, 0.000000000000000000 ) ) ;
#91 = CARTESIAN_POINT ( 'NONE',  ( 3.139821971399054057, 1.508500636646441517, 6.976537463425645846 ) ) ;
#92 = EDGE_LOOP ( 'NONE', ( #2903, #2586, #4246, #4461 ) ) ;
#93 = AXIS2_PLACEMENT_3D ( 'NONE', #2659, #1214, #1908 ) ;
#94 = AXIS2_PLACEMENT_3D ( 'NONE', #1622, #2719, #4223 ) ;
#95 = EDGE_LOOP ( 'NONE', ( #4235, #1779, #3169, #2370 ) ) ;
#96 = DIRECTION ( 'NONE',  ( 1.000000000000000000, 0.000000000000000000, 0.000000000000000000 ) ) ;
#97 = DIRECTION ( 'NONE',  ( 8.409885494133524543E-15, 0.5961196035938418625, -0.8028956459037006610 ) ) ;
#98 = TOROIDAL_SURFACE ( 'NONE', #4730, 0.1299999999999999767, 0.02000000000000000042 ) ;
#99 = FACE_OUTER_BOUND ( 'NONE', #3923, .T. ) ;
#100 = AXIS2_PLACEMENT_3D ( 'NONE', #1869, #1506, #372 ) ;
#101 = ORIENTED_EDGE ( 'NONE', *, *, #1091, .F. ) ;
#102 = ORIENTED_EDGE ( 'NONE', *, *, #3139, .F. ) ;
#103 = CARTESIAN_POINT ( 'NONE',  ( 0.000000000000000000, 1.500000000000000444, 0.000000000000000000 ) ) ;
#104 = CARTESIAN_POINT ( 'NONE',  ( -4.500000000000000000, 1.500000000000000444, -2.179449471770337432 ) ) ;
#105 = CARTESIAN_POINT ( 'NONE',  ( 0.000000000000000000, 8.000000000000000000, 0.000000000000000000 ) ) ;
#106 = FACE_OUTER_BOUND ( 'NONE', #3234, .T. ) ;
#107 = CARTESIAN_POINT ( 'NONE',  ( 1.379999999999999671, 6.649999999999999467, 4.549999999999999822 ) ) ;
#108 = ORIENTED_EDGE ( 'NONE', *, *, #1881, .T. ) ;
#109 = AXIS2_PLACEMENT_3D ( 'NONE', #3293, #3193, #1329 ) ;
#110 = EDGE_CURVE ( 'NONE', #140, #4684, #874, .T. ) ;
#111 = VECTOR ( 'NONE', #4275, 1000.000000000000114 ) ;
#112 = CARTESIAN_POINT ( 'NONE',  ( -3.226782805549681221, 5.626078208432424788, -3.956290731841334285 ) ) ;
#113 = EDGE_CURVE ( 'NONE', #4731, #1808, #3515, .T. ) ;
#114 = ORIENTED_EDGE ( 'NONE', *, *, #4803, .F. ) ;
#115 = VERTEX_POINT ( 'NONE', #730 ) ;
#116 = VECTOR ( 'NONE', #3770, 1000.000000000000000 ) ;
#117 = CARTESIAN_POINT ( 'NONE',  ( 1.379999999999999671, 12.46319082832452629, 4.442330547426800003 ) ) ;
#118 = CIRCLE ( 'NONE', #2862, 0.1000000000000001443 ) ;
#119 = CARTESIAN_POINT ( 'NONE',  ( -1.379999999999999671, 6.649999999999999467, -0.7729309367425445387 ) ) ;
#120 = VECTOR ( 'NONE', #2732, 1000.000000000000114 ) ;
#121 = LINE ( 'NONE', #858, #4169 ) ;
#122 = EDGE_CURVE ( 'NONE', #217, #3372, #4517, .T. ) ;
#123 = ORIENTED_EDGE ( 'NONE', *, *, #4648, .F. ) ;
#124 = ORIENTED_EDGE ( 'NONE', *, *, #1469, .T. ) ;
#125 = CARTESIAN_POINT ( 'NONE',  ( 1.379999999999999671, 6.649999999999999467, 4.549999999999999822 ) ) ;
#126 = TOROIDAL_SURFACE ( 'NONE', #2866, 0.1299999999999999767, 0.02000000000000000042 ) ;
#127 = DIRECTION ( 'NONE',  ( -1.000000000000000000, 0.000000000000000000, 0.000000000000000000 ) ) ;
#128 = EDGE_CURVE ( 'NONE', #68, #1464, #2461, .T. ) ;
#129 = ORIENTED_EDGE ( 'NONE', *, *, #896, .T. ) ;
#130 = ORIENTED_EDGE ( 'NONE', *, *, #1788, .T. ) ;
#131 = CARTESIAN_POINT ( 'NONE',  ( -1.400000000000000133, 6.500000000000000000, 4.469999999999999751 ) ) ;
#132 = DIRECTION ( 'NONE',  ( -0.7071067811865496822, 0.000000000000000000, 0.7071067811865453523 ) ) ;
#133 = DIRECTION ( 'NONE',  ( -0.4876598490941760344, -0.7241379310344822073, 0.4876598490941660979 ) ) ;
#134 = CARTESIAN_POINT ( 'NONE',  ( 1.379999999999999671, 9.281463325509363926, -8.070837674355974656 ) ) ;
#135 = PLANE ( 'NONE',  #3225 ) ;
#136 = ORIENTED_EDGE ( 'NONE', *, *, #292, .F. ) ;
#137 = CARTESIAN_POINT ( 'NONE',  ( -1.399999999999999467, 0.02644174998362248258, -0.1586504999017351869 ) ) ;
#138 = EDGE_CURVE ( 'NONE', #3499, #1328, #273, .T. ) ;
#139 = ORIENTED_EDGE ( 'NONE', *, *, #2048, .F. ) ;
#140 = VERTEX_POINT ( 'NONE', #1181 ) ;
#141 = EDGE_CURVE ( 'NONE', #4312, #4395, #1610, .T. ) ;
#142 = CARTESIAN_POINT ( 'NONE',  ( 1.379999999999999671, 12.46319082832452629, -4.442330547426800003 ) ) ;
#143 = CARTESIAN_POINT ( 'NONE',  ( -1.380000000000000115, 9.768344573749498494, 5.400000000000000355 ) ) ;
#144 = DIRECTION ( 'NONE',  ( -1.000000000000000000, -0.000000000000000000, -0.000000000000000000 ) ) ;
#145 = AXIS2_PLACEMENT_3D ( 'NONE', #1555, #1533, #396 ) ;
#146 = ORIENTED_EDGE ( 'NONE', *, *, #3, .T. ) ;
#147 = EDGE_CURVE ( 'NONE', #3095, #642, #1899, .T. ) ;
#148 = VERTEX_POINT ( 'NONE', #3046 ) ;
#149 = CARTESIAN_POINT ( 'NONE',  ( -1.379999999999999671, 6.649999999999999467, 0.7729309367425446498 ) ) ;
#150 = DIRECTION ( 'NONE',  ( 0.000000000000000000, 0.000000000000000000, -1.000000000000000000 ) ) ;
#151 = CARTESIAN_POINT ( 'NONE',  ( -4.500000000000000000, 7.500000000000000000, 0.000000000000000000 ) ) ;
#152 = ORIENTED_EDGE ( 'NONE', *, *, #2879, .F. ) ;
#153 = ORIENTED_EDGE ( 'NONE', *, *, #3164, .F. ) ;
#154 = LINE ( 'NONE', #3096, #1291 ) ;
#155 = DIRECTION ( 'NONE',  ( 0.000000000000000000, 0.000000000000000000, -1.000000000000000000 ) ) ;
#156 = EDGE_CURVE ( 'NONE', #4409, #3432, #1535, .T. ) ;
#157 = CARTESIAN_POINT ( 'NONE',  ( -1.399999999999999911, 6.649999999999999467, 4.549999999999999822 ) ) ;
#158 =( NAMED_UNIT ( * ) PLANE_ANGLE_UNIT ( ) SI_UNIT ( $, .RADIAN. ) );
#159 = VERTEX_POINT ( 'NONE', #3374 ) ;
#160 = B_SPLINE_CURVE_WITH_KNOTS ( 'NONE', 3,
 ( #2106, #3613, #2846, #3162, #612, #2131, #244, #1325, #3933, #4669 ),
 .UNSPECIFIED., .F., .F.,
 ( 4, 2, 2, 2, 4 ),
 ( 0.000000000000000000, 7.024607880191234717E-05, 0.0001404921576038246943, 0.0002809843152076487924, 0.0005619686304152991026 ),
 .UNSPECIFIED. ) ;
#161 = LINE ( 'NONE', #3628, #3989 ) ;
#162 = ORIENTED_EDGE ( 'NONE', *, *, #3980, .F. ) ;
#163 = ORIENTED_EDGE ( 'NONE', *, *, #3848, .F. ) ;
#164 = CARTESIAN_POINT ( 'NONE',  ( -1.393823247546297717, 6.500000000000000000, 0.8140959846906092867 ) ) ;
#165 = FACE_OUTER_BOUND ( 'NONE', #4083, .T. ) ;
#166 = VECTOR ( 'NONE', #2874, 1000.000000000000114 ) ;
#167 = VECTOR ( 'NONE', #3537, 1000.000000000000000 ) ;
#168 = CARTESIAN_POINT ( 'NONE',  ( 2.969848480983500405, 1.499999999999999556, 7.049999999999999822 ) ) ;
#169 = ORIENTED_EDGE ( 'NONE', *, *, #1103, .F. ) ;
#170 = EDGE_CURVE ( 'NONE', #998, #1624, #52, .T. ) ;
#171 = ORIENTED_EDGE ( 'NONE', *, *, #4531, .T. ) ;
#172 = DIRECTION ( 'NONE',  ( 0.000000000000000000, 0.7546055221635206145, -0.6561787149247685358 ) ) ;
#173 = PRODUCT_DEFINITION_FORMATION_WITH_SPECIFIED_SOURCE ( 'ANY', '', #4724, .NOT_KNOWN. ) ;
#174 = CYLINDRICAL_SURFACE ( 'NONE', #1667, 0.02000000000000005246 ) ;
#175 = LINE ( 'NONE', #1629, #618 ) ;
#176 = AXIS2_PLACEMENT_3D ( 'NONE', #2919, #1767, #613 ) ;
#177 = ORIENTED_EDGE ( 'NONE', *, *, #4652, .T. ) ;
#178 = CARTESIAN_POINT ( 'NONE',  ( -7.138355639750679771, 3.000000000000000000, -2.750705138767092883 ) ) ;
#179 = DIRECTION ( 'NONE',  ( 0.000000000000000000, 0.9863939238321478564, -0.1643989873053327000 ) ) ;
#180 = AXIS2_PLACEMENT_3D ( 'NONE', #763, #4122, #4098 ) ;
#181 = CARTESIAN_POINT ( 'NONE',  ( -4.499999999999998224, 7.633700821002010528, -2.179449471770337432 ) ) ;
#182 = CIRCLE ( 'NONE', #2684, 0.1000000000000001443 ) ;
#183 =( LENGTH_UNIT ( ) NAMED_UNIT ( * ) SI_UNIT ( .MILLI., .METRE. ) );
#184 = ORIENTED_EDGE ( 'NONE', *, *, #436, .F. ) ;
#185 = EDGE_CURVE ( 'NONE', #1304, #3522, #4186, .T. ) ;
#186 = FACE_OUTER_BOUND ( 'NONE', #2245, .T. ) ;
#187 = EDGE_LOOP ( 'NONE', ( #3703, #223, #2880, #1044 ) ) ;
#188 = ORIENTED_EDGE ( 'NONE', *, *, #1306, .T. ) ;
#189 = CIRCLE ( 'NONE', #2693, 0.1299999999999998934 ) ;
#190 = CARTESIAN_POINT ( 'NONE',  ( -1.380279994234274055, 6.500000000000000000, 0.7736979242907003895 ) ) ;
#191 = CARTESIAN_POINT ( 'NONE',  ( -2.179449471770337432, 7.499999999999998224, 4.500000000000000000 ) ) ;
#192 = AXIS2_PLACEMENT_3D ( 'NONE', #2207, #3010, #4149 ) ;
#193 = DIRECTION ( 'NONE',  ( -1.000000000000000000, 0.000000000000000000, 0.000000000000000000 ) ) ;
#194 = ORIENTED_EDGE ( 'NONE', *, *, #4276, .F. ) ;
#195 = ORIENTED_EDGE ( 'NONE', *, *, #170, .F. ) ;
#196 = CARTESIAN_POINT ( 'NONE',  ( -1.380000000000000115, 11.43165542625050612, -5.400000000000000355 ) ) ;
#197 = DIRECTION ( 'NONE',  ( 0.000000000000000000, 0.000000000000000000, 1.000000000000000000 ) ) ;
#198 = EDGE_CURVE ( 'NONE', #444, #2818, #3652, .T. ) ;
#199 = FACE_OUTER_BOUND ( 'NONE', #1568, .T. ) ;
#200 = AXIS2_PLACEMENT_3D ( 'NONE', #4440, #1074, #3700 ) ;
#201 = ORIENTED_EDGE ( 'NONE', *, *, #1943, .F. ) ;
#202 = CARTESIAN_POINT ( 'NONE',  ( 0.000000000000000000, 7.500000000000000000, 0.000000000000000000 ) ) ;
#203 = ADVANCED_FACE ( 'NONE', ( #2384 ), #474, .T. ) ;
#204 = FACE_OUTER_BOUND ( 'NONE', #3327, .T. ) ;
#205 = LINE ( 'NONE', #3195, #284 ) ;
#206 = DIRECTION ( 'NONE',  ( 0.000000000000000000, 0.000000000000000000, -1.000000000000000000 ) ) ;
#207 = VERTEX_POINT ( 'NONE', #3864 ) ;
#208 = DIRECTION ( 'NONE',  ( 0.000000000000000000, 0.7546055221635050714, 0.6561787149247864104 ) ) ;
#209 = CARTESIAN_POINT ( 'NONE',  ( 1.379999999999999671, 6.500000000000000000, 4.549999999999999822 ) ) ;
#210 = VECTOR ( 'NONE', #1837, 1000.000000000000000 ) ;
#211 =( BOUNDED_CURVE ( )  B_SPLINE_CURVE ( 3, ( #4311, #2702, #1279, #3521 ),
 .UNSPECIFIED., .F., .F. ) 
 B_SPLINE_CURVE_WITH_KNOTS ( ( 4, 4 ),
 ( 2.836899999574395981, 3.446285307605190251 ),
 .UNSPECIFIED. ) 
 CURVE ( )  GEOMETRIC_REPRESENTATION_ITEM ( )  RATIONAL_B_SPLINE_CURVE ( ( 1.000000000000000000, 0.9692928009446305504, 0.9692928009446305504, 1.000000000000000000 ) ) 
 REPRESENTATION_ITEM ( '' )  );
#212 = ORIENTED_EDGE ( 'NONE', *, *, #4233, .T. ) ;
#213 = ORIENTED_EDGE ( 'NONE', *, *, #4531, .F. ) ;
#214 = CARTESIAN_POINT ( 'NONE',  ( 4.934344465946484348, 8.000000000000000000, 4.751288740056039295 ) ) ;
#215 = EDGE_CURVE ( 'NONE', #466, #4791, #2153, .T. ) ;
#216 = FACE_OUTER_BOUND ( 'NONE', #3180, .T. ) ;
#217 = VERTEX_POINT ( 'NONE', #4237 ) ;
#218 = EDGE_LOOP ( 'NONE', ( #3960, #4229, #3857, #3920 ) ) ;
#219 = DIRECTION ( 'NONE',  ( 0.000000000000000000, 0.7546055221635050714, -0.6561787149247864104 ) ) ;
#220 = B_SPLINE_CURVE_WITH_KNOTS ( 'NONE', 3,
 ( #2479, #181, #3527, #529, #3145, #1283 ),
 .UNSPECIFIED., .F., .F.,
 ( 4, 2, 4 ),
 ( 0.000000000000000000, 0.0003953464452561770677, 0.0007906928905123541355 ),
 .UNSPECIFIED. ) ;
#221 = AXIS2_PLACEMENT_3D ( 'NONE', #4298, #3554, #3969 ) ;
#222 = CARTESIAN_POINT ( 'NONE',  ( -4.046831517071759698, 3.090000000000000746, 4.046831517071677098 ) ) ;
#223 = ORIENTED_EDGE ( 'NONE', *, *, #2962, .F. ) ;
#224 = CARTESIAN_POINT ( 'NONE',  ( -2.435362535369392845, 8.000000000000000000, 7.252000366886310445 ) ) ;
#225 = AXIS2_PLACEMENT_3D ( 'NONE', #1718, #1768, #3958 ) ;
#226 = CARTESIAN_POINT ( 'NONE',  ( 5.078412917506966551, 3.200000000000000178, 4.890012498889792170 ) ) ;
#227 = B_SPLINE_CURVE_WITH_KNOTS ( 'NONE', 3,
 ( #4651, #2361, #3144, #1681, #3172, #1282, #2386, #2731, #1655, #2781 ),
 .UNSPECIFIED., .F., .F.,
 ( 4, 2, 2, 2, 4 ),
 ( 0.000000000000000000, 7.024607880191202191E-05, 0.0001404921576038240438, 0.0002809843152076488466, 0.0005619686304152986690 ),
 .UNSPECIFIED. ) ;
#228 = DIRECTION ( 'NONE',  ( 0.000000000000000000, 1.000000000000000000, -0.000000000000000000 ) ) ;
#229 = DIRECTION ( 'NONE',  ( 0.000000000000000000, 0.000000000000000000, -1.000000000000000000 ) ) ;
#230 = DIRECTION ( 'NONE',  ( 0.7071067811865487940, 0.000000000000000000, 0.7071067811865463515 ) ) ;
#231 = ORIENTED_EDGE ( 'NONE', *, *, #1293, .F. ) ;
#232 = EDGE_CURVE ( 'NONE', #115, #2045, #2409, .T. ) ;
#233 = CARTESIAN_POINT ( 'NONE',  ( -1.400000000000000133, 11.43165542625050612, -5.530000000000000249 ) ) ;
#234 = EDGE_CURVE ( 'NONE', #4731, #913, #2313, .T. ) ;
#235 = DIRECTION ( 'NONE',  ( 0.7071067811865453523, 0.000000000000000000, 0.7071067811865497932 ) ) ;
#236 = EDGE_CURVE ( 'NONE', #282, #2142, #3979, .T. ) ;
#237 = ORIENTED_EDGE ( 'NONE', *, *, #4587, .T. ) ;
#238 = VERTEX_POINT ( 'NONE', #3143 ) ;
#239 = FACE_OUTER_BOUND ( 'NONE', #2194, .T. ) ;
#240 = LINE ( 'NONE', #1734, #2221 ) ;
#241 = ORIENTED_EDGE ( 'NONE', *, *, #2008, .T. ) ;
#242 = ADVANCED_FACE ( 'NONE', ( #4260 ), #2023, .F. ) ;
#243 = VERTEX_POINT ( 'NONE', #3450 ) ;
#244 = CARTESIAN_POINT ( 'NONE',  ( -3.261944826741905334, 1.546453914618039827, -6.919843220402987605 ) ) ;
#245 = TOROIDAL_SURFACE ( 'NONE', #1500, 5.500000000000000000, 0.5000000000000000000 ) ;
#246 = CIRCLE ( 'NONE', #3461, 7.650000000000000355 ) ;
#247 = CARTESIAN_POINT ( 'NONE',  ( 4.433344562587834048, 2.048942590553171961, 2.312024219028189886 ) ) ;
#248 = DIRECTION ( 'NONE',  ( 0.7071067811865474617, 0.000000000000000000, 0.7071067811865474617 ) ) ;
#249 = ORIENTED_EDGE ( 'NONE', *, *, #4454, .T. ) ;
#250 = CYLINDRICAL_SURFACE ( 'NONE', #267, 0.01999999999999992062 ) ;
#251 = CARTESIAN_POINT ( 'NONE',  ( 1.379999999999999671, 12.48000000000000220, 0.000000000000000000 ) ) ;
#252 = LINE ( 'NONE', #3123, #1766 ) ;
#253 = DIRECTION ( 'NONE',  ( 0.000000000000000000, 0.000000000000000000, 1.000000000000000000 ) ) ;
#254 = APPLICATION_PROTOCOL_DEFINITION ( 'draft international standard', 'automotive_design', 1998, #1523 ) ;
#255 = ORIENTED_EDGE ( 'NONE', *, *, #3880, .T. ) ;
#256 = VERTEX_POINT ( 'NONE', #4674 ) ;
#257 = DIRECTION ( 'NONE',  ( 1.000000000000000000, 0.000000000000000000, 0.000000000000000000 ) ) ;
#258 = CIRCLE ( 'NONE', #886, 0.02000000000000005246 ) ;
#259 = AXIS2_PLACEMENT_3D ( 'NONE', #2324, #3828, #464 ) ;
#260 = CYLINDRICAL_SURFACE ( 'NONE', #852, 0.1499999999999999667 ) ;
#261 = VECTOR ( 'NONE', #3852, 1000.000000000000000 ) ;
#262 = ORIENTED_EDGE ( 'NONE', *, *, #3984, .F. ) ;
#263 = VERTEX_POINT ( 'NONE', #4650 ) ;
#264 = CARTESIAN_POINT ( 'NONE',  ( 1.060660171779816974, 0.000000000000000000, 1.060660171779824301 ) ) ;
#265 = EDGE_CURVE ( 'NONE', #207, #3343, #154, .T. ) ;
#266 = DIRECTION ( 'NONE',  ( 1.000000000000000000, 0.000000000000000000, 0.000000000000000000 ) ) ;
#267 = AXIS2_PLACEMENT_3D ( 'NONE', #1014, #1382, #595 ) ;
#268 = VERTEX_POINT ( 'NONE', #920 ) ;
#269 = DIRECTION ( 'NONE',  ( 1.000000000000000000, 2.168404344971008252E-17, -8.673617379884035472E-17 ) ) ;
#270 = DIRECTION ( 'NONE',  ( 1.000000000000000000, 2.168404344971008252E-17, -8.673617379884035472E-17 ) ) ;
#271 = EDGE_CURVE ( 'NONE', #3674, #3588, #1375, .T. ) ;
#272 = DIRECTION ( 'NONE',  ( -0.7071067811865475727, 0.000000000000000000, 0.7071067811865475727 ) ) ;
#273 = CIRCLE ( 'NONE', #3732, 0.02000000000000005246 ) ;
#274 = EDGE_LOOP ( 'NONE', ( #2787, #519, #1690, #1770 ) ) ;
#275 = CARTESIAN_POINT ( 'NONE',  ( -1.380000000000000115, 12.34999999999999964, -4.343903740188082452 ) ) ;
#276 = CARTESIAN_POINT ( 'NONE',  ( -4.741034782807846071, 7.947103280109118373, 2.234160359978236254 ) ) ;
#277 = CARTESIAN_POINT ( 'NONE',  ( -4.433344562587833160, 5.951057409446828039, -2.312024219028188554 ) ) ;
#278 = EDGE_CURVE ( 'NONE', #837, #4815, #986, .T. ) ;
#279 = DIRECTION ( 'NONE',  ( 1.000000000000000000, 0.000000000000000000, 0.000000000000000000 ) ) ;
#280 = CIRCLE ( 'NONE', #3016, 5.000000000000000000 ) ;
#281 = EDGE_LOOP ( 'NONE', ( #635, #1204, #4398, #2909 ) ) ;
#282 = VERTEX_POINT ( 'NONE', #547 ) ;
#283 = DIRECTION ( 'NONE',  ( 0.000000000000000000, -0.000000000000000000, 1.000000000000000000 ) ) ;
#284 = VECTOR ( 'NONE', #1356, 1000.000000000000114 ) ;
#285 = LINE ( 'NONE', #312, #1295 ) ;
#286 = UNCERTAINTY_MEASURE_WITH_UNIT (LENGTH_MEASURE( 1.000000000000000082E-05 ), #183, 'distance_accuracy_value', 'NONE');
#287 = LINE ( 'NONE', #1782, #3701 ) ;
#288 = ORIENTED_EDGE ( 'NONE', *, *, #4079, .F. ) ;
#289 = ORIENTED_EDGE ( 'NONE', *, *, #487, .T. ) ;
#290 = AXIS2_PLACEMENT_3D ( 'NONE', #340, #362, #4121 ) ;
#291 = DIRECTION ( 'NONE',  ( 0.000000000000000000, 0.000000000000000000, -1.000000000000000000 ) ) ;
#292 = EDGE_CURVE ( 'NONE', #1897, #684, #4363, .T. ) ;
#293 = CARTESIAN_POINT ( 'NONE',  ( 2.581372568141801604, 3.153668633940835520, 7.201334804540089785 ) ) ;
#294 = EDGE_CURVE ( 'NONE', #4776, #397, #1520, .T. ) ;
#295 = ORIENTED_EDGE ( 'NONE', *, *, #4516, .F. ) ;
#296 = DIRECTION ( 'NONE',  ( 0.000000000000000000, 1.000000000000000000, 0.000000000000000000 ) ) ;
#297 = EDGE_CURVE ( 'NONE', #369, #375, #118, .T. ) ;
#298 = LINE ( 'NONE', #1454, #3233 ) ;
#299 = DIRECTION ( 'NONE',  ( 0.000000000000000000, 0.000000000000000000, 1.000000000000000000 ) ) ;
#300 = EDGE_CURVE ( 'NONE', #3022, #4013, #756, .T. ) ;
#301 = ORIENTED_EDGE ( 'NONE', *, *, #2721, .F. ) ;
#302 = CARTESIAN_POINT ( 'NONE',  ( -5.087985294887772625, 4.978965517241379146, -2.966664951328128907 ) ) ;
#303 = CARTESIAN_POINT ( 'NONE',  ( 7.248827492908197279, 3.153668633940834187, -2.444832771519089842 ) ) ;
#304 = AXIS2_PLACEMENT_3D ( 'NONE', #927, #627, #1392 ) ;
#305 = DIRECTION ( 'NONE',  ( 0.000000000000000000, 0.000000000000000000, 1.000000000000000000 ) ) ;
#306 = FACE_OUTER_BOUND ( 'NONE', #2094, .T. ) ;
#307 = ORIENTED_EDGE ( 'NONE', *, *, #1218, .F. ) ;
#308 = CIRCLE ( 'NONE', #3035, 0.1299999999999998934 ) ;
#309 = ADVANCED_FACE ( 'NONE', ( #2895 ), #357, .T. ) ;
#310 = ORIENTED_EDGE ( 'NONE', *, *, #3275, .F. ) ;
#311 = DIRECTION ( 'NONE',  ( 0.000000000000000000, 0.000000000000000000, -1.000000000000000000 ) ) ;
#312 = CARTESIAN_POINT ( 'NONE',  ( 4.046831517071730389, 3.089999999999999858, -4.046831517071705520 ) ) ;
#313 = DIRECTION ( 'NONE',  ( 0.000000000000000000, -0.1643989873053572914, -0.9863939238321437486 ) ) ;
#314 = ORIENTED_EDGE ( 'NONE', *, *, #1323, .T. ) ;
#315 = VERTEX_POINT ( 'NONE', #671 ) ;
#316 = DIRECTION ( 'NONE',  ( 0.000000000000000000, 0.000000000000000000, -1.000000000000000000 ) ) ;
#317 = CARTESIAN_POINT ( 'NONE',  ( 2.179449471770337432, 7.499999999999998224, -4.500000000000000000 ) ) ;
#318 = B_SPLINE_CURVE_WITH_KNOTS ( 'NONE', 3,
 ( #2525, #992, #1746, #1016, #2138, #1040, #4383, #303, #965, #2897 ),
 .UNSPECIFIED., .F., .F.,
 ( 4, 2, 2, 2, 4 ),
 ( 3.186890520727777483E-18, 0.0002774483335560889085, 0.0004161725003341317907, 0.0004855345837231526897, 0.0005548966671121734803 ),
 .UNSPECIFIED. ) ;
#319 = ORIENTED_EDGE ( 'NONE', *, *, #3201, .F. ) ;
#320 = FACE_OUTER_BOUND ( 'NONE', #3999, .T. ) ;
#321 = CARTESIAN_POINT ( 'NONE',  ( -1.380000000000000115, 12.44809871788125477, 4.429206973128303915 ) ) ;
#322 = DIRECTION ( 'NONE',  ( 0.000000000000000000, 0.000000000000000000, 1.000000000000000000 ) ) ;
#323 = ORIENTED_EDGE ( 'NONE', *, *, #2366, .F. ) ;
#324 = DIRECTION ( 'NONE',  ( 1.000000000000000000, 2.168404344971008252E-17, 8.673617379884035472E-17 ) ) ;
#325 = AXIS2_PLACEMENT_3D ( 'NONE', #935, #3929, #193 ) ;
#326 = CARTESIAN_POINT ( 'NONE',  ( -1.379999999999999893, 12.37465984809580277, 1.879109974682634077 ) ) ;
#327 = EDGE_CURVE ( 'NONE', #4252, #1904, #1364, .T. ) ;
#328 = CARTESIAN_POINT ( 'NONE',  ( -2.192316302326503763, 7.763936109177590694, -4.555813038156334649 ) ) ;
#329 = AXIS2_PLACEMENT_3D ( 'NONE', #1491, #430, #3074 ) ;
#330 =( NAMED_UNIT ( * ) PLANE_ANGLE_UNIT ( ) SI_UNIT ( $, .RADIAN. ) );
#331 = EDGE_LOOP ( 'NONE', ( #820, #4688, #2975, #2148 ) ) ;
#332 = ORIENTED_EDGE ( 'NONE', *, *, #3596, .F. ) ;
#333 = CARTESIAN_POINT ( 'NONE',  ( 2.545165380528044974, 3.063075121266646494, -7.214304113546741171 ) ) ;
#334 = EDGE_CURVE ( 'NONE', #4209, #3988, #4191, .T. ) ;
#335 = PRODUCT_DEFINITION_CONTEXT ( 'detailed design', #2109, 'design' ) ;
#336 = CARTESIAN_POINT ( 'NONE',  ( 1.399999999999999689, 9.768344573749498494, 5.530000000000000249 ) ) ;
#337 = ORIENTED_EDGE ( 'NONE', *, *, #3433, .T. ) ;
#338 = ORIENTED_EDGE ( 'NONE', *, *, #3756, .T. ) ;
#339 = VECTOR ( 'NONE', #388, 1000.000000000000000 ) ;
#340 = CARTESIAN_POINT ( 'NONE',  ( 4.046831517071730389, 0.000000000000000000, -4.046831517071705520 ) ) ;
#341 = CARTESIAN_POINT ( 'NONE',  ( 2.680182346543767746, 3.063623187575865714, 7.165236767684211472 ) ) ;
#342 = VECTOR ( 'NONE', #3467, 1000.000000000000000 ) ;
#343 = DIRECTION ( 'NONE',  ( 0.7071067811865474617, 0.000000000000000000, 0.7071067811865474617 ) ) ;
#344 = PLANE ( 'NONE',  #1191 ) ;
#345 = CIRCLE ( 'NONE', #3082, 5.500000000000000000 ) ;
#346 = CARTESIAN_POINT ( 'NONE',  ( 2.179449471770337432, 1.500000000000000444, 4.500000000000000000 ) ) ;
#347 = ORIENTED_EDGE ( 'NONE', *, *, #390, .F. ) ;
#348 = CARTESIAN_POINT ( 'NONE',  ( 0.000000000000000000, 8.000000000000000000, 0.000000000000000000 ) ) ;
#349 = DIRECTION ( 'NONE',  ( 1.000000000000000000, 2.168404344971008252E-17, -8.673617379884035472E-17 ) ) ;
#350 = ADVANCED_FACE ( 'NONE', ( #991 ), #4821, .T. ) ;
#351 = CARTESIAN_POINT ( 'NONE',  ( 1.399999999999999467, 9.768344573749498494, 5.549999999999999822 ) ) ;
#352 = DIRECTION ( 'NONE',  ( -1.000000000000000000, -0.000000000000000000, 0.000000000000000000 ) ) ;
#353 = ORIENTED_EDGE ( 'NONE', *, *, #3513, .F. ) ;
#354 = EDGE_CURVE ( 'NONE', #2883, #3588, #4745, .T. ) ;
#355 = EDGE_LOOP ( 'NONE', ( #4467, #2902, #3378, #442 ) ) ;
#356 = CARTESIAN_POINT ( 'NONE',  ( 2.712967541895487944, 3.008500636646441961, -7.153346357285052193 ) ) ;
#357 = TOROIDAL_SURFACE ( 'NONE', #3736, 0.1699999999999999845, 0.02000000000000000042 ) ;
#358 = DIRECTION ( 'NONE',  ( -3.564834783817980988E-15, -0.9863939238321415282, -0.1643989873053704753 ) ) ;
#359 = CARTESIAN_POINT ( 'NONE',  ( 1.399999999999999689, 6.649999999999999467, 4.549999999999999822 ) ) ;
#360 = VERTEX_POINT ( 'NONE', #4005 ) ;
#361 = CIRCLE ( 'NONE', #3968, 0.02000000000000003511 ) ;
#362 = DIRECTION ( 'NONE',  ( 0.7071067811865497932, 0.000000000000000000, -0.7071067811865453523 ) ) ;
#363 = LINE ( 'NONE', #4519, #2683 ) ;
#364 = ADVANCED_FACE ( 'NONE', ( #4313 ), #250, .T. ) ;
#365 = FACE_OUTER_BOUND ( 'NONE', #4673, .T. ) ;
#366 = CARTESIAN_POINT ( 'NONE',  ( -1.380000000000000115, 6.649999999999999467, -4.400000000000000355 ) ) ;
#367 = DIRECTION ( 'NONE',  ( 0.000000000000000000, 0.000000000000000000, 1.000000000000000000 ) ) ;
#368 = SHAPE_REPRESENTATION ( 'Snap Fit Male', ( #3783 ), #1975 ) ;
#369 = VERTEX_POINT ( 'NONE', #3594 ) ;
#370 = DIRECTION ( 'NONE',  ( 0.000000000000000000, -0.7546055221635044052, -0.6561787149247869655 ) ) ;
#371 = DIRECTION ( 'NONE',  ( 0.000000000000000000, -0.000000000000000000, 1.000000000000000000 ) ) ;
#372 = DIRECTION ( 'NONE',  ( 8.673617379884035472E-17, 1.880790961315659671E-33, -1.000000000000000000 ) ) ;
#373 = DIRECTION ( 'NONE',  ( 0.000000000000000000, 0.000000000000000000, -1.000000000000000000 ) ) ;
#374 = VERTEX_POINT ( 'NONE', #224 ) ;
#375 = VERTEX_POINT ( 'NONE', #302 ) ;
#376 = DIRECTION ( 'NONE',  ( 0.000000000000000000, -1.000000000000000000, -0.000000000000000000 ) ) ;
#377 = DIRECTION ( 'NONE',  ( 0.7071067811865474617, 0.000000000000000000, 0.7071067811865474617 ) ) ;
#378 = CARTESIAN_POINT ( 'NONE',  ( -1.399999999999999467, -3.035766082959410566E-17, -1.214306433183764720E-16 ) ) ;
#379 = VECTOR ( 'NONE', #2480, 1000.000000000000000 ) ;
#380 = CARTESIAN_POINT ( 'NONE',  ( -3.976120838953064673, 3.090000000000000746, -3.976120838953062009 ) ) ;
#381 = ORIENTED_EDGE ( 'NONE', *, *, #170, .T. ) ;
#382 = EDGE_CURVE ( 'NONE', #2711, #3510, #2873, .T. ) ;
#383 = EDGE_CURVE ( 'NONE', #4138, #1617, #1039, .T. ) ;
#384 = CARTESIAN_POINT ( 'NONE',  ( -7.120239627063072341, 3.000000000000000000, 2.798815421262993652 ) ) ;
#385 = FACE_OUTER_BOUND ( 'NONE', #4305, .T. ) ;
#386 = EDGE_CURVE ( 'NONE', #4549, #2130, #189, .T. ) ;
#387 = DIRECTION ( 'NONE',  ( 0.000000000000000000, 0.000000000000000000, 1.000000000000000000 ) ) ;
#388 = DIRECTION ( 'NONE',  ( 0.000000000000000000, 0.000000000000000000, -1.000000000000000000 ) ) ;
#389 = DIRECTION ( 'NONE',  ( 0.000000000000000000, -0.7546055221635044052, 0.6561787149247869655 ) ) ;
#390 = EDGE_CURVE ( 'NONE', #4106, #217, #1353, .T. ) ;
#391 = ORIENTED_EDGE ( 'NONE', *, *, #2721, .T. ) ;
#392 = VERTEX_POINT ( 'NONE', #2070 ) ;
#393 = DIRECTION ( 'NONE',  ( 0.7203422578024066825, 0.000000000000000000, 0.6936187941687647074 ) ) ;
#394 = DIRECTION ( 'NONE',  ( 0.000000000000000000, 0.000000000000000000, 1.000000000000000000 ) ) ;
#395 = DIRECTION ( 'NONE',  ( -0.7071067811865474617, -0.000000000000000000, -0.7071067811865476838 ) ) ;
#396 = DIRECTION ( 'NONE',  ( 0.000000000000000000, 0.000000000000000000, -1.000000000000000000 ) ) ;
#397 = VERTEX_POINT ( 'NONE', #617 ) ;
#398 = ORIENTED_EDGE ( 'NONE', *, *, #3257, .F. ) ;
#399 = DIRECTION ( 'NONE',  ( 0.000000000000000000, -0.000000000000000000, 1.000000000000000000 ) ) ;
#400 = DIRECTION ( 'NONE',  ( 0.000000000000000000, 0.000000000000000000, -1.000000000000000000 ) ) ;
#401 = VECTOR ( 'NONE', #2561, 1000.000000000000000 ) ;
#402 = CIRCLE ( 'NONE', #4714, 0.1000000000000001305 ) ;
#403 = LINE ( 'NONE', #12, #4343 ) ;
#404 = DIRECTION ( 'NONE',  ( -0.000000000000000000, -1.000000000000000000, -0.000000000000000000 ) ) ;
#405 = ORIENTED_EDGE ( 'NONE', *, *, #748, .T. ) ;
#406 = VECTOR ( 'NONE', #1541, 1000.000000000000000 ) ;
#407 = DIRECTION ( 'NONE',  ( -0.000000000000000000, 1.000000000000000000, -0.000000000000000000 ) ) ;
#408 = CIRCLE ( 'NONE', #4418, 0.01999999999999996225 ) ;
#409 = EDGE_CURVE ( 'NONE', #4476, #1239, #1796, .T. ) ;
#410 = PLANE ( 'NONE',  #4038 ) ;
#411 = CIRCLE ( 'NONE', #3867, 7.650000000000000355 ) ;
#412 = AXIS2_PLACEMENT_3D ( 'NONE', #4552, #2671, #817 ) ;
#413 = FACE_OUTER_BOUND ( 'NONE', #696, .T. ) ;
#414 = PLANE ( 'NONE',  #3854 ) ;
#415 = VECTOR ( 'NONE', #1370, 1000.000000000000000 ) ;
#416 = ORIENTED_EDGE ( 'NONE', *, *, #3624, .T. ) ;
#417 = ORIENTED_EDGE ( 'NONE', *, *, #2543, .F. ) ;
#418 = PLANE ( 'NONE',  #1838 ) ;
#419 = DIRECTION ( 'NONE',  ( -8.673617379884035472E-17, -1.880790961315659671E-33, -1.000000000000000000 ) ) ;
#420 = DIRECTION ( 'NONE',  ( 0.7071067811865474617, 0.000000000000000000, -0.7071067811865474617 ) ) ;
#421 = LINE ( 'NONE', #1920, #933 ) ;
#422 = ORIENTED_EDGE ( 'NONE', *, *, #3056, .F. ) ;
#423 = AXIS2_PLACEMENT_3D ( 'NONE', #202, #4697, #1702 ) ;
#424 = EDGE_LOOP ( 'NONE', ( #2868, #184, #4177, #3631 ) ) ;
#425 = DIRECTION ( 'NONE',  ( 0.000000000000000000, 1.000000000000000000, -0.000000000000000000 ) ) ;
#426 = ADVANCED_FACE ( 'NONE', ( #3617 ), #4662, .T. ) ;
#427 = CARTESIAN_POINT ( 'NONE',  ( 1.397319086605161687, 6.500000000000000000, -4.496202024374977846 ) ) ;
#428 = DIRECTION ( 'NONE',  ( 0.000000000000000000, 1.000000000000000000, -0.000000000000000000 ) ) ;
#429 = CIRCLE ( 'NONE', #3408, 7.650000000000000355 ) ;
#430 = DIRECTION ( 'NONE',  ( -0.7071067811865401342, -3.056747976430751789E-16, -0.7071067811865550112 ) ) ;
#431 = ORIENTED_EDGE ( 'NONE', *, *, #1218, .T. ) ;
#432 = CARTESIAN_POINT ( 'NONE',  ( -2.312024219028190775, 5.951057409446828039, -4.433344562587832272 ) ) ;
#433 = ORIENTED_EDGE ( 'NONE', *, *, #278, .T. ) ;
#434 = B_SPLINE_CURVE_WITH_KNOTS ( 'NONE', 3,
 ( #1092, #3395, #4158, #2266, #4532, #751, #1849, #3767, #2579, #29 ),
 .UNSPECIFIED., .F., .F.,
 ( 4, 3, 3, 4 ),
 ( -2.449489749371179143E-06, 0.000000000000000000, 4.097538642259669319E-05, 8.049306843309114701E-05 ),
 .UNSPECIFIED. ) ;
#435 = CIRCLE ( 'NONE', #3498, 0.02000000000000003511 ) ;
#436 = EDGE_CURVE ( 'NONE', #3485, #2045, #3406, .T. ) ;
#437 = DIRECTION ( 'NONE',  ( 0.7071067811865477948, -0.000000000000000000, 0.7071067811865473507 ) ) ;
#438 = AXIS2_PLACEMENT_3D ( 'NONE', #3670, #1822, #3322 ) ;
#439 = LINE ( 'NONE', #1498, #2442 ) ;
#440 = DIRECTION ( 'NONE',  ( 0.000000000000000000, 0.000000000000000000, -1.000000000000000000 ) ) ;
#441 = ADVANCED_FACE ( 'NONE', ( #2825 ), #964, .T. ) ;
#442 = ORIENTED_EDGE ( 'NONE', *, *, #2680, .T. ) ;
#443 = EDGE_CURVE ( 'NONE', #315, #4791, #1088, .T. ) ;
#444 = VERTEX_POINT ( 'NONE', #1480 ) ;
#445 = CARTESIAN_POINT ( 'NONE',  ( 2.966664951328145339, 3.021034482758619522, -5.087985294887761079 ) ) ;
#446 = AXIS2_PLACEMENT_3D ( 'NONE', #3707, #15, #4097 ) ;
#447 = CARTESIAN_POINT ( 'NONE',  ( -1.379999999999999893, 12.50000000000000000, 2.027069063257455728 ) ) ;
#448 = DIRECTION ( 'NONE',  ( -0.4876598490941762565, -0.7241379310344820963, 0.4876598490941660424 ) ) ;
#449 = EDGE_CURVE ( 'NONE', #4136, #685, #2775, .T. ) ;
#450 = DIRECTION ( 'NONE',  ( 1.000000000000000000, 0.000000000000000000, 0.000000000000000000 ) ) ;
#451 = VERTEX_POINT ( 'NONE', #2211 ) ;
#452 = ORIENTED_EDGE ( 'NONE', *, *, #3776, .T. ) ;
#453 = DIRECTION ( 'NONE',  ( -0.000000000000000000, 1.000000000000000000, -0.000000000000000000 ) ) ;
#454 = DIRECTION ( 'NONE',  ( 0.000000000000000000, 0.000000000000000000, -1.000000000000000000 ) ) ;
#455 = CARTESIAN_POINT ( 'NONE',  ( 1.379999999999999671, 9.655153745424975398, -5.498426807238719682 ) ) ;
#456 = CARTESIAN_POINT ( 'NONE',  ( 3.262446522120524772, 1.546643593403177031, -6.919607353035441832 ) ) ;
#457 = ORIENTED_EDGE ( 'NONE', *, *, #4645, .F. ) ;
#458 = ADVANCED_FACE ( 'NONE', ( #4477 ), #4584, .T. ) ;
#459 = DIRECTION ( 'NONE',  ( -0.7071067811865473507, 0.000000000000000000, 0.7071067811865477948 ) ) ;
#460 = AXIS2_PLACEMENT_3D ( 'NONE', #3092, #892, #2333 ) ;
#461 = ORIENTED_EDGE ( 'NONE', *, *, #1659, .T. ) ;
#462 = VECTOR ( 'NONE', #2521, 1000.000000000000000 ) ;
#463 = CARTESIAN_POINT ( 'NONE',  ( 1.399999999999999689, 8.631655426250503638, -4.549999999999998934 ) ) ;
#464 = DIRECTION ( 'NONE',  ( -8.673617379884035472E-17, -1.880790961315659671E-33, -1.000000000000000000 ) ) ;
#465 = CARTESIAN_POINT ( 'NONE',  ( -1.400000000000000133, 9.768344573749498494, 5.400000000000000355 ) ) ;
#466 = VERTEX_POINT ( 'NONE', #2597 ) ;
#467 = ORIENTED_EDGE ( 'NONE', *, *, #234, .F. ) ;
#468 = CARTESIAN_POINT ( 'NONE',  ( -3.976120838953064673, 4.909999999999999254, -3.976120838953062009 ) ) ;
#469 = CARTESIAN_POINT ( 'NONE',  ( 5.036781010732885200, 4.909999999999999254, 2.915460667173241482 ) ) ;
#470 = EDGE_CURVE ( 'NONE', #1730, #4450, #4274, .T. ) ;
#471 = CARTESIAN_POINT ( 'NONE',  ( -1.380000000000000115, 9.768344573749498494, 5.400000000000000355 ) ) ;
#472 = EDGE_LOOP ( 'NONE', ( #2054, #4301, #2695, #963 ) ) ;
#473 = ORIENTED_EDGE ( 'NONE', *, *, #1215, .T. ) ;
#474 = PLANE ( 'NONE',  #4283 ) ;
#475 = DIRECTION ( 'NONE',  ( -0.4876598490941762565, 0.7241379310344820963, 0.4876598490941660424 ) ) ;
#476 = CARTESIAN_POINT ( 'NONE',  ( -1.379999999999999893, -2.992397996059990389E-17, 4.379999999999999893 ) ) ;
#477 = DIRECTION ( 'NONE',  ( 0.000000000000000000, 0.6561787149247870765, -0.7546055221635045163 ) ) ;
#478 = CARTESIAN_POINT ( 'NONE',  ( 2.179449471770337432, 1.500000000000000444, 4.500000000000000000 ) ) ;
#479 = ORIENTED_EDGE ( 'NONE', *, *, #1134, .F. ) ;
#480 = AXIS2_PLACEMENT_3D ( 'NONE', #1820, #2993, #1089 ) ;
#481 = VECTOR ( 'NONE', #66, 1000.000000000000000 ) ;
#482 = CARTESIAN_POINT ( 'NONE',  ( -1.379999999999999671, 6.625340151904196340, -0.9208900253173660788 ) ) ;
#483 = ADVANCED_FACE ( 'NONE', ( #1131 ), #722, .T. ) ;
#484 = ORIENTED_EDGE ( 'NONE', *, *, #3941, .T. ) ;
#485 = ORIENTED_EDGE ( 'NONE', *, *, #3818, .T. ) ;
#486 = CARTESIAN_POINT ( 'NONE',  ( 4.843681451127850757, 3.000000000000000000, -4.843681451127848980 ) ) ;
#487 = EDGE_CURVE ( 'NONE', #1239, #263, #3330, .T. ) ;
#488 = LINE ( 'NONE', #1988, #2139 ) ;
#489 = DIRECTION ( 'NONE',  ( 0.000000000000000000, 0.000000000000000000, -1.000000000000000000 ) ) ;
#490 = ORIENTED_EDGE ( 'NONE', *, *, #3433, .F. ) ;
#491 = AXIS2_PLACEMENT_3D ( 'NONE', #2859, #1336, #602 ) ;
#492 = ORIENTED_EDGE ( 'NONE', *, *, #1058, .T. ) ;
#493 = DIRECTION ( 'NONE',  ( 0.000000000000000000, 0.000000000000000000, -1.000000000000000000 ) ) ;
#494 = AXIS2_PLACEMENT_3D ( 'NONE', #378, #3376, #2655 ) ;
#495 = DIRECTION ( 'NONE',  ( 8.673617379884035472E-17, 0.000000000000000000, -1.000000000000000000 ) ) ;
#496 = ORIENTED_EDGE ( 'NONE', *, *, #2183, .T. ) ;
#497 = ORIENTED_EDGE ( 'NONE', *, *, #4704, .F. ) ;
#498 = CARTESIAN_POINT ( 'NONE',  ( -7.279416985118926320, 3.101558808504983666, -2.352227884582228867 ) ) ;
#499 = EDGE_CURVE ( 'NONE', #4210, #3153, #3368, .T. ) ;
#500 = DIRECTION ( 'NONE',  ( -0.7071067811865453523, 2.775557561562891351E-17, -0.7071067811865499042 ) ) ;
#501 = PLANE ( 'NONE',  #1619 ) ;
#502 = CARTESIAN_POINT ( 'NONE',  ( 1.399999999999999689, 12.37137186834969604, -1.898837853159277334 ) ) ;
#503 = EDGE_CURVE ( 'NONE', #1304, #1551, #4084, .T. ) ;
#504 = FACE_OUTER_BOUND ( 'NONE', #2488, .T. ) ;
#505 = ORIENTED_EDGE ( 'NONE', *, *, #1029, .F. ) ;
#506 = AXIS2_PLACEMENT_3D ( 'NONE', #275, #4334, #3643 ) ;
#507 = STYLED_ITEM ( 'NONE', ( #608 ), #1129 ) ;
#508 = CARTESIAN_POINT ( 'NONE',  ( -1.399999999999999911, 6.649999999999999467, -4.379999999999999893 ) ) ;
#509 = EDGE_CURVE ( 'NONE', #984, #1166, #3163, .T. ) ;
#510 = ORIENTED_EDGE ( 'NONE', *, *, #748, .F. ) ;
#511 = ORIENTED_EDGE ( 'NONE', *, *, #3782, .F. ) ;
#512 = AXIS2_PLACEMENT_3D ( 'NONE', #3399, #3024, #3328 ) ;
#513 = DIRECTION ( 'NONE',  ( 0.000000000000000000, 0.000000000000000000, 1.000000000000000000 ) ) ;
#514 = DIRECTION ( 'NONE',  ( -1.000000000000000000, -2.168404344971008252E-17, 8.673617379884035472E-17 ) ) ;
#515 = CIRCLE ( 'NONE', #3255, 7.650000000000000355 ) ;
#516 = CARTESIAN_POINT ( 'NONE',  ( 1.379999999999999671, 8.744846254575030287, 4.451573192761281383 ) ) ;
#517 = VERTEX_POINT ( 'NONE', #2924 ) ;
#518 = ADVANCED_FACE ( 'NONE', ( #3344 ), #418, .F. ) ;
#519 = ORIENTED_EDGE ( 'NONE', *, *, #1971, .F. ) ;
#520 = CARTESIAN_POINT ( 'NONE',  ( -3.405877273185284881, 1.699999999999999734, -6.849999999999998757 ) ) ;
#521 = VECTOR ( 'NONE', #3720, 1000.000000000000000 ) ;
#522 = DIRECTION ( 'NONE',  ( 0.000000000000000000, -1.000000000000000000, 0.000000000000000000 ) ) ;
#523 = DIRECTION ( 'NONE',  ( 1.000000000000000000, -0.000000000000000000, 0.000000000000000000 ) ) ;
#524 = ORIENTED_EDGE ( 'NONE', *, *, #4472, .T. ) ;
#525 = AXIS2_PLACEMENT_3D ( 'NONE', #2430, #155, #3526 ) ;
#526 = ORIENTED_EDGE ( 'NONE', *, *, #4297, .T. ) ;
#527 = CARTESIAN_POINT ( 'NONE',  ( -7.284988917792943219, 3.116491533522731672, -2.334875965827334365 ) ) ;
#528 = CARTESIAN_POINT ( 'NONE',  ( 3.976120838953074887, 3.089999999999999858, -3.976120838953049130 ) ) ;
#529 = CARTESIAN_POINT ( 'NONE',  ( -4.741034782807846071, 7.947103280109118373, -2.234160359978236254 ) ) ;
#530 = CARTESIAN_POINT ( 'NONE',  ( 2.986171345291913415, 4.910000000000001030, -5.107491688851530043 ) ) ;
#531 = ORIENTED_EDGE ( 'NONE', *, *, #409, .T. ) ;
#532 = CARTESIAN_POINT ( 'NONE',  ( 1.380279994234274277, 6.500000000000000000, 4.549233012451844083 ) ) ;
#533 = ADVANCED_FACE ( 'NONE', ( #2619 ), #4130, .F. ) ;
#534 = ORIENTED_EDGE ( 'NONE', *, *, #4384, .F. ) ;
#535 = ORIENTED_EDGE ( 'NONE', *, *, #3611, .T. ) ;
#536 = LINE ( 'NONE', #2835, #3665 ) ;
#537 = CYLINDRICAL_SURFACE ( 'NONE', #2519, 0.01999999999999999001 ) ;
#538 = CARTESIAN_POINT ( 'NONE',  ( 3.261944826741900894, 1.546453914618039605, 6.919843220402990269 ) ) ;
#539 = CIRCLE ( 'NONE', #3284, 0.01999999999999999695 ) ;
#540 = VERTEX_POINT ( 'NONE', #3390 ) ;
#541 = EDGE_LOOP ( 'NONE', ( #2327, #3228, #4344, #2089 ) ) ;
#542 = CARTESIAN_POINT ( 'NONE',  ( -1.399999999999999689, 6.622052172158088723, -0.9406179037940088916 ) ) ;
#543 = DIRECTION ( 'NONE',  ( 0.000000000000000000, -1.000000000000000000, 0.000000000000000000 ) ) ;
#544 = EDGE_CURVE ( 'NONE', #4067, #238, #568, .T. ) ;
#545 = FACE_OUTER_BOUND ( 'NONE', #331, .T. ) ;
#546 = EDGE_LOOP ( 'NONE', ( #485, #1588, #1508, #124, #1160, #1812 ) ) ;
#547 = CARTESIAN_POINT ( 'NONE',  ( -7.296724953260062208, 3.200000000000000178, -2.297891415291845707 ) ) ;
#548 = LINE ( 'NONE', #2706, #4760 ) ;
#549 = FACE_OUTER_BOUND ( 'NONE', #95, .T. ) ;
#550 = CARTESIAN_POINT ( 'NONE',  ( -4.934344465946485236, 3.200000000000000178, -4.751288740056038407 ) ) ;
#551 = ORIENTED_EDGE ( 'NONE', *, *, #3077, .T. ) ;
#552 = DIRECTION ( 'NONE',  ( 0.000000000000000000, 0.000000000000000000, -1.000000000000000000 ) ) ;
#553 = ORIENTED_EDGE ( 'NONE', *, *, #2090, .F. ) ;
#554 = VERTEX_POINT ( 'NONE', #2645 ) ;
#555 = CIRCLE ( 'NONE', #1503, 0.1499999999999999667 ) ;
#556 = CARTESIAN_POINT ( 'NONE',  ( -1.390180519077590882, 6.500000000000000000, 0.8009322421621057897 ) ) ;
#557 = PRODUCT_DEFINITION ( 'UNKNOWN', '', #173, #2534 ) ;
#558 = FACE_OUTER_BOUND ( 'NONE', #678, .T. ) ;
#559 = CIRCLE ( 'NONE', #1888, 0.09999999999999983902 ) ;
#560 = AXIS2_PLACEMENT_3D ( 'NONE', #1526, #3012, #4524 ) ;
#561 = DIRECTION ( 'NONE',  ( 0.000000000000000000, 0.000000000000000000, -1.000000000000000000 ) ) ;
#562 = EDGE_CURVE ( 'NONE', #3095, #1714, #4155, .T. ) ;
#563 = EDGE_LOOP ( 'NONE', ( #2618, #1939, #950, #492 ) ) ;
#564 = VERTEX_POINT ( 'NONE', #3691 ) ;
#565 = CARTESIAN_POINT ( 'NONE',  ( -3.405877273185281773, 1.676175380897986456, 6.850000000000000533 ) ) ;
#566 = CIRCLE ( 'NONE', #2515, 0.01999999999999996225 ) ;
#567 = LINE ( 'NONE', #2550, #4469 ) ;
#568 = B_SPLINE_CURVE_WITH_KNOTS ( 'NONE', 3,
 ( #4527, #3319, #2554, #1916, #2189, #1153 ),
 .UNSPECIFIED., .F., .F.,
 ( 4, 2, 4 ),
 ( -6.928927488288963206E-06, 0.0003913249075196660468, 0.0007895787425276210763 ),
 .UNSPECIFIED. ) ;
#569 = ORIENTED_EDGE ( 'NONE', *, *, #110, .F. ) ;
#570 = DIRECTION ( 'NONE',  ( 0.000000000000000000, 0.000000000000000000, -1.000000000000000000 ) ) ;
#571 = PLANE ( 'NONE',  #3350 ) ;
#572 = AXIS2_PLACEMENT_3D ( 'NONE', #1145, #1786, #3336 ) ;
#573 = FACE_OUTER_BOUND ( 'NONE', #1652, .T. ) ;
#574 = AXIS2_PLACEMENT_3D ( 'NONE', #28, #493, #127 ) ;
#575 = DIRECTION ( 'NONE',  ( 1.000000000000000000, 0.000000000000000000, 0.000000000000000000 ) ) ;
#576 = ORIENTED_EDGE ( 'NONE', *, *, #1973, .F. ) ;
#577 = EDGE_CURVE ( 'NONE', #3499, #1998, #4820, .T. ) ;
#578 = CYLINDRICAL_SURFACE ( 'NONE', #3198, 0.02000000000000005246 ) ;
#579 = ORIENTED_EDGE ( 'NONE', *, *, #4063, .F. ) ;
#580 = ORIENTED_EDGE ( 'NONE', *, *, #2275, .T. ) ;
#581 = AXIS2_PLACEMENT_3D ( 'NONE', #348, #2969, #745 ) ;
#582 = DIRECTION ( 'NONE',  ( -0.000000000000000000, -1.000000000000000000, -0.000000000000000000 ) ) ;
#583 = DIRECTION ( 'NONE',  ( 0.4876598490941707609, 0.7241379310344824294, 0.4876598490941710939 ) ) ;
#584 = VECTOR ( 'NONE', #89, 1000.000000000000114 ) ;
#585 = EDGE_LOOP ( 'NONE', ( #4752, #3819, #2141, #123 ) ) ;
#586 = VERTEX_POINT ( 'NONE', #4456 ) ;
#587 = CARTESIAN_POINT ( 'NONE',  ( -3.302397983560361183, 1.563623187575864382, 6.900591489566306969 ) ) ;
#588 = VECTOR ( 'NONE', #3023, 1000.000000000000227 ) ;
#589 = FILL_AREA_STYLE ('',( #917 ) ) ;
#590 = EDGE_CURVE ( 'NONE', #4210, #3616, #915, .T. ) ;
#591 = DIRECTION ( 'NONE',  ( -0.8028956459037004390, 0.5961196035938423066, 0.000000000000000000 ) ) ;
#592 = ADVANCED_FACE ( 'NONE', ( #4230 ), #4430, .T. ) ;
#593 = AXIS2_PLACEMENT_3D ( 'NONE', #1803, #257, #3224 ) ;
#594 = ORIENTED_EDGE ( 'NONE', *, *, #1821, .T. ) ;
#595 = DIRECTION ( 'NONE',  ( 0.000000000000000000, -0.7546055221635005195, -0.6561787149247915174 ) ) ;
#596 = DIRECTION ( 'NONE',  ( -0.000000000000000000, -1.000000000000000000, -0.000000000000000000 ) ) ;
#597 = EDGE_CURVE ( 'NONE', #822, #2643, #2697, .T. ) ;
#598 = CYLINDRICAL_SURFACE ( 'NONE', #1698, 0.2000000000000002887 ) ;
#599 = CARTESIAN_POINT ( 'NONE',  ( -1.380000000000000115, 11.43165542625050612, -5.549999999999999822 ) ) ;
#600 = ORIENTED_EDGE ( 'NONE', *, *, #4226, .F. ) ;
#601 = DIRECTION ( 'NONE',  ( 1.000000000000000000, 2.168404344971008252E-17, 8.673617379884035472E-17 ) ) ;
#602 = DIRECTION ( 'NONE',  ( 0.000000000000000000, 0.000000000000000000, -1.000000000000000000 ) ) ;
#603 = VECTOR ( 'NONE', #3940, 1000.000000000000000 ) ;
#604 = EDGE_CURVE ( 'NONE', #268, #4819, #1963, .T. ) ;
#605 = EDGE_LOOP ( 'NONE', ( #2408, #3511, #1271 ) ) ;
#606 = ORIENTED_EDGE ( 'NONE', *, *, #2896, .T. ) ;
#607 = PRODUCT ( 'Straight_Link_KitV2', 'Straight_Link_KitV2', '', ( #3273 ) ) ;
#608 = PRESENTATION_STYLE_ASSIGNMENT (( #2864 ) ) ;
#609 = FACE_OUTER_BOUND ( 'NONE', #4227, .T. ) ;
#610 = ORIENTED_EDGE ( 'NONE', *, *, #2536, .T. ) ;
#611 = ORIENTED_EDGE ( 'NONE', *, *, #2472, .F. ) ;
#612 = CARTESIAN_POINT ( 'NONE',  ( -3.354731286224077902, 1.601558808504983666, -6.875221135459822719 ) ) ;
#613 = DIRECTION ( 'NONE',  ( 0.000000000000000000, 0.000000000000000000, 1.000000000000000000 ) ) ;
#614 = AXIS2_PLACEMENT_3D ( 'NONE', #2927, #4433, #1157 ) ;
#615 = DIRECTION ( 'NONE',  ( 0.000000000000000000, 0.000000000000000000, -1.000000000000000000 ) ) ;
#616 = ORIENTED_EDGE ( 'NONE', *, *, #4543, .T. ) ;
#617 = CARTESIAN_POINT ( 'NONE',  ( 7.138355639750680659, 3.000000000000000000, 2.750705138767090663 ) ) ;
#618 = VECTOR ( 'NONE', #2777, 1000.000000000000000 ) ;
#619 = DIRECTION ( 'NONE',  ( 0.000000000000000000, 0.000000000000000000, -1.000000000000000000 ) ) ;
#620 = EDGE_CURVE ( 'NONE', #4353, #4067, #345, .T. ) ;
#621 = FACE_OUTER_BOUND ( 'NONE', #3995, .T. ) ;
#622 = DIRECTION ( 'NONE',  ( -0.7071067811865550112, 0.000000000000000000, 0.7071067811865401342 ) ) ;
#623 = APPLICATION_PROTOCOL_DEFINITION ( 'draft international standard', 'automotive_design', 1998, #2542 ) ;
#624 = VERTEX_POINT ( 'NONE', #2378 ) ;
#625 = ORIENTED_EDGE ( 'NONE', *, *, #499, .F. ) ;
#626 = LINE ( 'NONE', #4705, #3099 ) ;
#627 = DIRECTION ( 'NONE',  ( 2.418863320084447144E-14, 0.6561787149247684248, -0.7546055221635205035 ) ) ;
#628 = ORIENTED_EDGE ( 'NONE', *, *, #1103, .T. ) ;
#629 = ORIENTED_EDGE ( 'NONE', *, *, #926, .F. ) ;
#630 = ADVANCED_FACE ( 'NONE', ( #1224 ), #3038, .F. ) ;
#631 = LINE ( 'NONE', #214, #111 ) ;
#632 = CARTESIAN_POINT ( 'NONE',  ( -1.393823247546298383, 6.500000000000000000, -4.508834952051935296 ) ) ;
#633 = ORIENTED_EDGE ( 'NONE', *, *, #3291, .F. ) ;
#634 = EDGE_CURVE ( 'NONE', #2401, #4138, #3644, .T. ) ;
#635 = ORIENTED_EDGE ( 'NONE', *, *, #1389, .T. ) ;
#636 = CARTESIAN_POINT ( 'NONE',  ( 1.379999999999999671, 11.43165542625050435, 5.400000000000000355 ) ) ;
#637 = AXIS2_PLACEMENT_3D ( 'NONE', #47, #1553, #3039 ) ;
#638 = CIRCLE ( 'NONE', #1425, 0.1299999999999998934 ) ;
#639 = DIRECTION ( 'NONE',  ( -1.000000000000000000, 0.000000000000000000, -0.000000000000000000 ) ) ;
#640 = CARTESIAN_POINT ( 'NONE',  ( 0.000000000000000000, 1.500000000000000444, 0.000000000000000000 ) ) ;
#641 = AXIS2_PLACEMENT_3D ( 'NONE', #2115, #4065, #4434 ) ;
#642 = VERTEX_POINT ( 'NONE', #520 ) ;
#643 = CARTESIAN_POINT ( 'NONE',  ( -1.380000000000000115, 8.631655426250503638, 4.549999999999999822 ) ) ;
#644 = CARTESIAN_POINT ( 'NONE',  ( -1.380000000000000115, 9.768344573749503823, 5.549999999999999822 ) ) ;
#645 = FACE_OUTER_BOUND ( 'NONE', #2504, .T. ) ;
#646 = CARTESIAN_POINT ( 'NONE',  ( -211.8366702977141642, 9.998824581537814282, 101.5933437015519871 ) ) ;
#647 = EDGE_LOOP ( 'NONE', ( #2288, #1422, #1756, #4442 ) ) ;
#648 = ADVANCED_FACE ( 'NONE', ( #4203 ), #3834, .T. ) ;
#649 = ORIENTED_EDGE ( 'NONE', *, *, #3360, .T. ) ;
#650 = DIRECTION ( 'NONE',  ( -1.000000000000000000, -0.000000000000000000, -0.000000000000000000 ) ) ;
#651 = AXIS2_PLACEMENT_3D ( 'NONE', #134, #2759, #2709 ) ;
#652 = AXIS2_PLACEMENT_3D ( 'NONE', #90, #3739, #1126 ) ;
#653 = DIRECTION ( 'NONE',  ( 0.000000000000000000, 0.000000000000000000, -1.000000000000000000 ) ) ;
#654 = EDGE_CURVE ( 'NONE', #2581, #148, #976, .T. ) ;
#655 = AXIS2_PLACEMENT_3D ( 'NONE', #4188, #428, #80 ) ;
#656 = CARTESIAN_POINT ( 'NONE',  ( 0.000000000000000000, 8.631655426250503638, 4.549999999999999822 ) ) ;
#657 = ORIENTED_EDGE ( 'NONE', *, *, #2689, .T. ) ;
#658 = ORIENTED_EDGE ( 'NONE', *, *, #2843, .F. ) ;
#659 = CARTESIAN_POINT ( 'NONE',  ( 1.379999999999999893, 9.655153745424975398, 5.498426807238718794 ) ) ;
#660 = EDGE_CURVE ( 'NONE', #2923, #2010, #2017, .T. ) ;
#661 = CARTESIAN_POINT ( 'NONE',  ( -1.380279994234274721, 6.500000000000000000, -4.549233012451844083 ) ) ;
#662 = AXIS2_PLACEMENT_3D ( 'NONE', #1846, #2992, #26 ) ;
#663 = ORIENTED_EDGE ( 'NONE', *, *, #654, .F. ) ;
#664 = DIRECTION ( 'NONE',  ( 0.7071067811865500152, 0.000000000000000000, -0.7071067811865451302 ) ) ;
#665 = VECTOR ( 'NONE', #2985, 1000.000000000000000 ) ;
#666 = LINE ( 'NONE', #2496, #4264 ) ;
#667 = LINE ( 'NONE', #2158, #3835 ) ;
#668 = ADVANCED_FACE ( 'NONE', ( #4282 ), #2668, .F. ) ;
#669 = VECTOR ( 'NONE', #4578, 1000.000000000000000 ) ;
#670 = ORIENTED_EDGE ( 'NONE', *, *, #2538, .T. ) ;
#671 = CARTESIAN_POINT ( 'NONE',  ( 1.379999999999999671, 8.631655426250503638, 4.400000000000000355 ) ) ;
#672 = FACE_OUTER_BOUND ( 'NONE', #1829, .T. ) ;
#673 = DIRECTION ( 'NONE',  ( 0.7071067811865475727, 0.000000000000000000, -0.7071067811865475727 ) ) ;
#674 = DIRECTION ( 'NONE',  ( -0.000000000000000000, -0.9863939238321437486, 0.1643989873053572637 ) ) ;
#675 = AXIS2_PLACEMENT_3D ( 'NONE', #3200, #999, #311 ) ;
#676 = DIRECTION ( 'NONE',  ( 0.000000000000000000, 0.000000000000000000, 1.000000000000000000 ) ) ;
#677 = ORIENTED_EDGE ( 'NONE', *, *, #2551, .T. ) ;
#678 = EDGE_LOOP ( 'NONE', ( #3556, #1631, #3769, #136 ) ) ;
#679 = LINE ( 'NONE', #2170, #401 ) ;
#680 =( REPRESENTATION_RELATIONSHIP ('NONE','NONE', #3218, #720 ) REPRESENTATION_RELATIONSHIP_WITH_TRANSFORMATION ( #2244 )SHAPE_REPRESENTATION_RELATIONSHIP( ) );
#681 = VECTOR ( 'NONE', #2599, 1000.000000000000000 ) ;
#682 = CARTESIAN_POINT ( 'NONE',  ( 0.000000000000000000, 1.500000000000000444, 0.000000000000000000 ) ) ;
#683 = DIRECTION ( 'NONE',  ( 0.7071067811865473507, 5.551115123125781470E-17, -0.7071067811865477948 ) ) ;
#684 = VERTEX_POINT ( 'NONE', #542 ) ;
#685 = VERTEX_POINT ( 'NONE', #4643 ) ;
#686 = AXIS2_PLACEMENT_3D ( 'NONE', #3753, #3658, #291 ) ;
#687 = FACE_OUTER_BOUND ( 'NONE', #2885, .T. ) ;
#688 = CARTESIAN_POINT ( 'NONE',  ( 3.976120838953064673, 4.909999999999999254, 3.976120838953062009 ) ) ;
#689 = ADVANCED_FACE ( 'NONE', ( #1199 ), #2353, .T. ) ;
#690 = CARTESIAN_POINT ( 'NONE',  ( -2.179449471770337432, 8.000000000000000000, 4.999999999999999112 ) ) ;
#691 = ORIENTED_EDGE ( 'NONE', *, *, #2591, .F. ) ;
#692 = CARTESIAN_POINT ( 'NONE',  ( 5.036781010732885200, 3.090000000000000746, 2.915460667173241038 ) ) ;
#693 = PRODUCT_DEFINITION_SHAPE ( 'NONE', 'NONE',  #4676 ) ;
#694 = CARTESIAN_POINT ( 'NONE',  ( -1.385521695682327969, 6.500000000000000000, -0.7880629224027729807 ) ) ;
#695 = PLANE ( 'NONE',  #2358 ) ;
#696 = EDGE_LOOP ( 'NONE', ( #323, #2419, #2936, #2530 ) ) ;
#697 = DIRECTION ( 'NONE',  ( 0.000000000000000000, -0.6561787149247869655, 0.7546055221635044052 ) ) ;
#698 = DIRECTION ( 'NONE',  ( 2.168404344971008252E-17, -1.000000000000000000, -0.000000000000000000 ) ) ;
#699 = EDGE_CURVE ( 'NONE', #1013, #1501, #4735, .T. ) ;
#700 = VECTOR ( 'NONE', #3447, 1000.000000000000000 ) ;
#701 = DIRECTION ( 'NONE',  ( 0.000000000000000000, 1.000000000000000000, 0.000000000000000000 ) ) ;
#702 = CARTESIAN_POINT ( 'NONE',  ( 1.045004651996030542, -1.407485477710246791, -1.045004651996023881 ) ) ;
#703 = ORIENTED_EDGE ( 'NONE', *, *, #1470, .F. ) ;
#704 = VECTOR ( 'NONE', #1651, 1000.000000000000000 ) ;
#705 = ORIENTED_EDGE ( 'NONE', *, *, #4384, .T. ) ;
#706 = CARTESIAN_POINT ( 'NONE',  ( 2.885102807365163891, 3.000000000000000000, -7.085102807365160515 ) ) ;
#707 = B_SPLINE_CURVE_WITH_KNOTS ( 'NONE', 3,
 ( #1292, #1758, #3256, #164, #556, #1665, #2420, #4663, #190, #2794 ),
 .UNSPECIFIED., .F., .F.,
 ( 4, 3, 3, 4 ),
 ( 1.084202172485504434E-19, 3.932309463598251140E-05, 8.009671586239517325E-05, 8.254620561176634732E-05 ),
 .UNSPECIFIED. ) ;
#708 = CARTESIAN_POINT ( 'NONE',  ( 2.915460667173257026, 3.089999999999999858, -5.036781010732873654 ) ) ;
#709 = CARTESIAN_POINT ( 'NONE',  ( -4.500000000000000000, 1.500000000000000444, 2.179449471770337432 ) ) ;
#710 = ORIENTED_EDGE ( 'NONE', *, *, #1877, .F. ) ;
#711 = ORIENTED_EDGE ( 'NONE', *, *, #3520, .T. ) ;
#712 = LINE ( 'NONE', #2203, #2797 ) ;
#713 = LINE ( 'NONE', #2912, #3231 ) ;
#714 = EDGE_CURVE ( 'NONE', #115, #3840, #3243, .T. ) ;
#715 = VERTEX_POINT ( 'NONE', #1175 ) ;
#716 = CARTESIAN_POINT ( 'NONE',  ( -1.400000000000000133, 9.768344573749500270, -5.530000000000000249 ) ) ;
#717 = LINE ( 'NONE', #2107, #1592 ) ;
#718 = EDGE_CURVE ( 'NONE', #4138, #4136, #4508, .T. ) ;
#719 = CARTESIAN_POINT ( 'NONE',  ( 1.399999999999999689, 0.000000000000000000, 0.000000000000000000 ) ) ;
#720 = SHAPE_REPRESENTATION ( 'straight', ( #3783 ), #1428 ) ;
#721 = ORIENTED_EDGE ( 'NONE', *, *, #3836, .F. ) ;
#722 = PLANE ( 'NONE',  #4351 ) ;
#723 = CIRCLE ( 'NONE', #4010, 5.500000000000000000 ) ;
#724 = CARTESIAN_POINT ( 'NONE',  ( 1.379999999999999671, 12.50000000000000000, -2.027069063257456172 ) ) ;
#725 = FACE_OUTER_BOUND ( 'NONE', #2688, .T. ) ;
#726 = DIRECTION ( 'NONE',  ( -0.000000000000000000, 0.9863939238321437486, 0.1643989873053572637 ) ) ;
#727 = ITEM_DEFINED_TRANSFORMATION ( 'NONE', 'NONE', #4718,  #3783 ) ;
#728 = ORIENTED_EDGE ( 'NONE', *, *, #3756, .F. ) ;
#729 = EDGE_LOOP ( 'NONE', ( #1445, #1990, #3464, #2714 ) ) ;
#730 = CARTESIAN_POINT ( 'NONE',  ( 1.379999999999999671, 11.54484625457503100, -5.498426807238717906 ) ) ;
#731 = CARTESIAN_POINT ( 'NONE',  ( 0.000000000000000000, 6.500000000000000000, 0.000000000000000000 ) ) ;
#732 = CARTESIAN_POINT ( 'NONE',  ( 1.379999999999999671, 0.02644174998362252768, 0.1586504999017351591 ) ) ;
#733 = VERTEX_POINT ( 'NONE', #445 ) ;
#734 = EDGE_CURVE ( 'NONE', #1239, #554, #69, .T. ) ;
#735 = AXIS2_PLACEMENT_3D ( 'NONE', #4192, #459, #4586 ) ;
#736 = AXIS2_PLACEMENT_3D ( 'NONE', #2018, #3519, #150 ) ;
#737 = CARTESIAN_POINT ( 'NONE',  ( 5.107491688851549583, 4.910000000000001030, -2.986171345291880108 ) ) ;
#738 = CARTESIAN_POINT ( 'NONE',  ( 2.571963978632909598, 3.200000000000000178, 7.204686064820227109 ) ) ;
#739 = AXIS2_PLACEMENT_3D ( 'NONE', #4349, #266, #3286 ) ;
#740 = VECTOR ( 'NONE', #3019, 1000.000000000000000 ) ;
#741 = PLANE ( 'NONE',  #2458 ) ;
#742 = CARTESIAN_POINT ( 'NONE',  ( -1.400000000000000133, 8.631655426250503638, -4.549999999999998934 ) ) ;
#743 = DIRECTION ( 'NONE',  ( 0.7071067811865402453, 1.263357234918281393E-16, 0.7071067811865547892 ) ) ;
#744 = ORIENTED_EDGE ( 'NONE', *, *, #2344, .T. ) ;
#745 = DIRECTION ( 'NONE',  ( 0.000000000000000000, 0.000000000000000000, -1.000000000000000000 ) ) ;
#746 = AXIS2_PLACEMENT_3D ( 'NONE', #3288, #4451, #4125 ) ;
#747 = DIRECTION ( 'NONE',  ( -0.7071067811865563435, 0.000000000000000000, 0.7071067811865388020 ) ) ;
#748 = EDGE_CURVE ( 'NONE', #642, #752, #160, .T. ) ;
#749 = CARTESIAN_POINT ( 'NONE',  ( 2.192316302326503763, 7.763936109177590694, -4.555813038156334649 ) ) ;
#750 = EDGE_CURVE ( 'NONE', #44, #2773, #4324, .T. ) ;
#751 = CARTESIAN_POINT ( 'NONE',  ( 1.390180519077590882, 6.500000000000000000, 0.8009322421621057897 ) ) ;
#752 = VERTEX_POINT ( 'NONE', #985 ) ;
#753 = ORIENTED_EDGE ( 'NONE', *, *, #503, .T. ) ;
#754 = DIRECTION ( 'NONE',  ( 1.000000000000000000, 0.000000000000000000, 0.000000000000000000 ) ) ;
#755 = EDGE_CURVE ( 'NONE', #1709, #3215, #3883, .T. ) ;
#756 = CIRCLE ( 'NONE', #3497, 0.02000000000000005246 ) ;
#757 = FACE_OUTER_BOUND ( 'NONE', #3539, .T. ) ;
#758 = AXIS2_PLACEMENT_3D ( 'NONE', #682, #3329, #3002 ) ;
#759 = CARTESIAN_POINT ( 'NONE',  ( 2.969848480983505290, 1.499999999999999556, -7.049999999999998046 ) ) ;
#760 = VERTEX_POINT ( 'NONE', #1008 ) ;
#761 = CIRCLE ( 'NONE', #438, 0.01999999999999999695 ) ;
#762 = CARTESIAN_POINT ( 'NONE',  ( 1.379999999999999671, 12.37465984809580277, -1.879109974682634077 ) ) ;
#763 = CARTESIAN_POINT ( 'NONE',  ( 1.379999999999999671, 9.768344573749500270, -5.530000000000000249 ) ) ;
#764 = ADVANCED_FACE ( 'NONE', ( #3262 ), #3237, .T. ) ;
#765 = AXIS2_PLACEMENT_3D ( 'NONE', #264, #2815, #2439 ) ;
#766 = CARTESIAN_POINT ( 'NONE',  ( 1.400000000000000133, 6.500000000000000000, -0.8529309367425446098 ) ) ;
#767 = CARTESIAN_POINT ( 'NONE',  ( 1.379999999999999671, 0.000000000000000000, -4.400000000000000355 ) ) ;
#768 = CARTESIAN_POINT ( 'NONE',  ( 1.399999999999999689, 12.48000000000000043, 4.343903740188081564 ) ) ;
#769 = ORIENTED_EDGE ( 'NONE', *, *, #4631, .F. ) ;
#770 = ORIENTED_EDGE ( 'NONE', *, *, #2008, .F. ) ;
#771 = DIRECTION ( 'NONE',  ( 0.000000000000000000, 1.156482317317871607E-14, -1.000000000000000000 ) ) ;
#772 = DIRECTION ( 'NONE',  ( -0.7071067811865451302, 0.000000000000000000, -0.7071067811865500152 ) ) ;
#773 = DIRECTION ( 'NONE',  ( 0.000000000000000000, 0.000000000000000000, -1.000000000000000000 ) ) ;
#774 = DIRECTION ( 'NONE',  ( 0.000000000000000000, 0.1643989873053274264, -0.9863939238321487446 ) ) ;
#775 = ORIENTED_EDGE ( 'NONE', *, *, #4306, .F. ) ;
#776 = ORIENTED_EDGE ( 'NONE', *, *, #156, .T. ) ;
#777 = CARTESIAN_POINT ( 'NONE',  ( -0.000000000000000000, 12.46319082832452629, -4.442330547426800003 ) ) ;
#778 = EDGE_CURVE ( 'NONE', #3022, #984, #1061, .T. ) ;
#779 = CARTESIAN_POINT ( 'NONE',  ( 4.500000000000000000, 7.633692192606185145, -2.179449471770337432 ) ) ;
#780 = CARTESIAN_POINT ( 'NONE',  ( -2.179449471770337432, 1.500000000000000444, 4.500000000000000000 ) ) ;
#781 = AXIS2_PLACEMENT_3D ( 'NONE', #3531, #2029, #2121 ) ;
#782 = ADVANCED_FACE ( 'NONE', ( #1399 ), #3638, .F. ) ;
#783 = FACE_OUTER_BOUND ( 'NONE', #4763, .T. ) ;
#784 = ORIENTED_EDGE ( 'NONE', *, *, #3659, .T. ) ;
#785 = CARTESIAN_POINT ( 'NONE',  ( 1.379999999999999671, 11.52975414413176125, -5.485303232940222706 ) ) ;
#786 = LINE ( 'NONE', #3459, #584 ) ;
#787 = DIRECTION ( 'NONE',  ( 0.000000000000000000, 0.000000000000000000, -1.000000000000000000 ) ) ;
#788 = ORIENTED_EDGE ( 'NONE', *, *, #4640, .F. ) ;
#789 = ADVANCED_FACE ( 'NONE', ( #2495 ), #4354, .F. ) ;
#790 = ORIENTED_EDGE ( 'NONE', *, *, #4645, .T. ) ;
#791 = CARTESIAN_POINT ( 'NONE',  ( 3.405877273185284881, 1.499999999999999556, -6.849999999999998757 ) ) ;
#792 = CARTESIAN_POINT ( 'NONE',  ( 0.000000000000000000, 0.000000000000000000, 0.000000000000000000 ) ) ;
#793 = CARTESIAN_POINT ( 'NONE',  ( -4.400384907665015000, 6.000000000000000000, 2.279064564105303337 ) ) ;
#794 = CARTESIAN_POINT ( 'NONE',  ( 0.000000000000000000, 0.000000000000000000, 0.000000000000000000 ) ) ;
#795 = ORIENTED_EDGE ( 'NONE', *, *, #3164, .T. ) ;
#796 = DIRECTION ( 'NONE',  ( 0.000000000000000000, 0.000000000000000000, -1.000000000000000000 ) ) ;
#797 = CARTESIAN_POINT ( 'NONE',  ( 2.571963978632909598, 3.000000000000000000, 7.204686064820227109 ) ) ;
#798 = CARTESIAN_POINT ( 'NONE',  ( 4.741006527942210447, 7.947084575471273560, -2.234154015110208835 ) ) ;
#799 = AXIS2_PLACEMENT_3D ( 'NONE', #732, #4304, #313 ) ;
#800 = CARTESIAN_POINT ( 'NONE',  ( -1.399999999999999911, 12.48000000000000220, 2.027069063257455728 ) ) ;
#801 = ADVANCED_FACE ( 'NONE', ( #1697 ), #3085, .T. ) ;
#802 = CARTESIAN_POINT ( 'NONE',  ( 4.433344562587839377, 5.951057409446828039, -2.312024219028175231 ) ) ;
#803 = VERTEX_POINT ( 'NONE', #4001 ) ;
#804 = CARTESIAN_POINT ( 'NONE',  ( -3.405877273185284881, 1.499999999999999556, -6.849999999999998757 ) ) ;
#805 = EDGE_CURVE ( 'NONE', #140, #1087, #4308, .T. ) ;
#806 = ADVANCED_FACE ( 'NONE', ( #2890 ), #939, .T. ) ;
#807 = AXIS2_PLACEMENT_3D ( 'NONE', #940, #1276, #2776 ) ;
#808 = DIRECTION ( 'NONE',  ( 0.000000000000000000, 1.000000000000000000, 0.000000000000000000 ) ) ;
#809 = VECTOR ( 'NONE', #2737, 1000.000000000000000 ) ;
#810 = EDGE_CURVE ( 'NONE', #1398, #4209, #904, .T. ) ;
#811 = AXIS2_PLACEMENT_3D ( 'NONE', #1627, #543, #1717 ) ;
#812 = CARTESIAN_POINT ( 'NONE',  ( -5.107491688851570011, 3.089999999999999858, 2.986171345291844581 ) ) ;
#813 = ORIENTED_EDGE ( 'NONE', *, *, #2543, .T. ) ;
#814 = ORIENTED_EDGE ( 'NONE', *, *, #327, .T. ) ;
#815 = DIRECTION ( 'NONE',  ( 0.000000000000000000, -0.1643989873053704753, 0.9863939238321415282 ) ) ;
#816 = FACE_OUTER_BOUND ( 'NONE', #218, .T. ) ;
#817 = DIRECTION ( 'NONE',  ( 0.000000000000000000, 0.000000000000000000, -1.000000000000000000 ) ) ;
#818 = ADVANCED_FACE ( 'NONE', ( #3189 ), #4691, .F. ) ;
#819 = CARTESIAN_POINT ( 'NONE',  ( 1.379999999999999671, 12.37137186834969604, 1.898837853159276889 ) ) ;
#820 = ORIENTED_EDGE ( 'NONE', *, *, #1616, .F. ) ;
#821 = VECTOR ( 'NONE', #4597, 1000.000000000000114 ) ;
#822 = VERTEX_POINT ( 'NONE', #2256 ) ;
#823 = DIRECTION ( 'NONE',  ( 0.000000000000000000, -3.469446951953614820E-14, -1.000000000000000000 ) ) ;
#824 = FACE_OUTER_BOUND ( 'NONE', #1647, .T. ) ;
#825 = LINE ( 'NONE', #900, #3711 ) ;
#826 = CIRCLE ( 'NONE', #1453, 7.650000000000000355 ) ;
#827 = LINE ( 'NONE', #478, #4644 ) ;
#828 = ORIENTED_EDGE ( 'NONE', *, *, #4704, .T. ) ;
#829 = AXIS2_PLACEMENT_3D ( 'NONE', #2629, #75, #796 ) ;
#830 = DIRECTION ( 'NONE',  ( -0.000000000000000000, 1.000000000000000000, -0.000000000000000000 ) ) ;
#831 = ORIENTED_EDGE ( 'NONE', *, *, #1532, .F. ) ;
#832 = AXIS2_PLACEMENT_3D ( 'NONE', #1046, #2533, #1489 ) ;
#833 = FACE_OUTER_BOUND ( 'NONE', #1280, .T. ) ;
#834 = FACE_OUTER_BOUND ( 'NONE', #3081, .T. ) ;
#835 = DIRECTION ( 'NONE',  ( -1.000000000000000000, 0.000000000000000000, 0.000000000000000000 ) ) ;
#836 = EDGE_CURVE ( 'NONE', #1087, #1158, #3249, .T. ) ;
#837 = VERTEX_POINT ( 'NONE', #1497 ) ;
#838 = EDGE_LOOP ( 'NONE', ( #4326, #3802, #6, #3589 ) ) ;
#839 = DIRECTION ( 'NONE',  ( 0.4876598490941711495, -0.7241379310344820963, 0.4876598490941711495 ) ) ;
#840 = AXIS2_PLACEMENT_3D ( 'NONE', #1733, #3230, #2126 ) ;
#841 = CARTESIAN_POINT ( 'NONE',  ( 2.291287847478249429, 8.000000000000000000, -4.999999999999999112 ) ) ;
#842 = DIRECTION ( 'NONE',  ( -1.000000000000000000, -2.168404344971008252E-17, 8.673617379884035472E-17 ) ) ;
#843 = ORIENTED_EDGE ( 'NONE', *, *, #2187, .T. ) ;
#844 = ADVANCED_FACE ( 'NONE', ( #3362 ), #3663, .T. ) ;
#845 = DIRECTION ( 'NONE',  ( 2.168404344971008252E-17, -1.000000000000000000, -0.000000000000000000 ) ) ;
#846 = CARTESIAN_POINT ( 'NONE',  ( 7.247201726393520893, 3.046453914618040049, 2.450016609050683858 ) ) ;
#847 = LINE ( 'NONE', #4675, #603 ) ;
#848 = CARTESIAN_POINT ( 'NONE',  ( -1.380000000000000115, 6.500000000000000000, -4.549999999999999822 ) ) ;
#849 = CARTESIAN_POINT ( 'NONE',  ( -1.379999999999999671, 6.500000000000000000, -0.7729309367425445387 ) ) ;
#850 = VERTEX_POINT ( 'NONE', #766 ) ;
#851 = CARTESIAN_POINT ( 'NONE',  ( -1.380000000000000115, 11.43165542625050612, -5.549999999999999822 ) ) ;
#852 = AXIS2_PLACEMENT_3D ( 'NONE', #975, #2096, #2415 ) ;
#853 = VERTEX_POINT ( 'NONE', #2570 ) ;
#854 = ORIENTED_EDGE ( 'NONE', *, *, #3139, .T. ) ;
#855 = CIRCLE ( 'NONE', #3444, 0.1499999999999999667 ) ;
#856 = DIRECTION ( 'NONE',  ( 0.000000000000000000, 0.000000000000000000, -1.000000000000000000 ) ) ;
#857 = CARTESIAN_POINT ( 'NONE',  ( -2.192314546146025389, 7.763919350724530766, 4.555805433952621719 ) ) ;
#858 = CARTESIAN_POINT ( 'NONE',  ( -2.986171345291897428, 4.950000000000000178, -5.107491688851538925 ) ) ;
#859 = ADVANCED_FACE ( 'NONE', ( #1813 ), #3758, .T. ) ;
#860 = ORIENTED_EDGE ( 'NONE', *, *, #3053, .F. ) ;
#861 = VERTEX_POINT ( 'NONE', #4787 ) ;
#862 = DIRECTION ( 'NONE',  ( -0.000000000000000000, -1.000000000000000000, -0.000000000000000000 ) ) ;
#863 = EDGE_CURVE ( 'NONE', #1404, #2437, #429, .T. ) ;
#864 = DIRECTION ( 'NONE',  ( 1.000000000000000000, 0.000000000000000000, 0.000000000000000000 ) ) ;
#865 = DIRECTION ( 'NONE',  ( -0.000000000000000000, -1.000000000000000000, 0.000000000000000000 ) ) ;
#866 = ORIENTED_EDGE ( 'NONE', *, *, #1261, .F. ) ;
#867 = ORIENTED_EDGE ( 'NONE', *, *, #354, .F. ) ;
#868 = CARTESIAN_POINT ( 'NONE',  ( 5.107491688851539813, 4.950000000000000178, 2.986171345291895651 ) ) ;
#869 = FACE_OUTER_BOUND ( 'NONE', #4618, .T. ) ;
#870 = DIRECTION ( 'NONE',  ( 0.000000000000000000, 0.000000000000000000, 1.000000000000000000 ) ) ;
#871 = CARTESIAN_POINT ( 'NONE',  ( -4.046831517071719730, 4.909999999999999254, -4.046831517071717066 ) ) ;
#872 = CARTESIAN_POINT ( 'NONE',  ( 0.000000000000000000, 1.500000000000000444, 4.500000000000000000 ) ) ;
#873 = ORIENTED_EDGE ( 'NONE', *, *, #1911, .T. ) ;
#874 =( BOUNDED_CURVE ( )  B_SPLINE_CURVE ( 3, ( #1854, #1138, #2269, #2630 ),
 .UNSPECIFIED., .F., .F. ) 
 B_SPLINE_CURVE_WITH_KNOTS ( ( 4, 4 ),
 ( 5.978492653164188653, 6.587877961194983811 ),
 .UNSPECIFIED. ) 
 CURVE ( )  GEOMETRIC_REPRESENTATION_ITEM ( )  RATIONAL_B_SPLINE_CURVE ( ( 1.000000000000000000, 0.9692928009446304394, 0.9692928009446304394, 1.000000000000000000 ) ) 
 REPRESENTATION_ITEM ( '' )  );
#875 = AXIS2_PLACEMENT_3D ( 'NONE', #2091, #4006, #3595 ) ;
#876 = AXIS2_PLACEMENT_3D ( 'NONE', #4639, #2771, #4615 ) ;
#877 = CARTESIAN_POINT ( 'NONE',  ( -2.721591361078370852, 3.046643593403176808, -7.149647802037665478 ) ) ;
#878 = EDGE_CURVE ( 'NONE', #2304, #2923, #2547, .T. ) ;
#879 = PRODUCT_DEFINITION_CONTEXT ( 'detailed design', #2542, 'design' ) ;
#880 = ORIENTED_EDGE ( 'NONE', *, *, #3836, .T. ) ;
#881 = ORIENTED_EDGE ( 'NONE', *, *, #4294, .F. ) ;
#882 = VECTOR ( 'NONE', #3331, 1000.000000000000000 ) ;
#883 = FACE_OUTER_BOUND ( 'NONE', #729, .T. ) ;
#884 = DIRECTION ( 'NONE',  ( 0.000000000000000000, 0.7546055221634990762, -0.6561787149247930717 ) ) ;
#885 = VERTEX_POINT ( 'NONE', #716 ) ;
#886 = AXIS2_PLACEMENT_3D ( 'NONE', #3456, #3847, #4168 ) ;
#887 = VECTOR ( 'NONE', #1936, 1000.000000000000000 ) ;
#888 = ORIENTED_EDGE ( 'NONE', *, *, #292, .T. ) ;
#889 = DIRECTION ( 'NONE',  ( 0.000000000000000000, 0.9863939238321415282, 0.1643989873053704753 ) ) ;
#890 = CARTESIAN_POINT ( 'NONE',  ( -3.405877273185280885, 6.500000000000000000, 6.850000000000000533 ) ) ;
#891 = AXIS2_PLACEMENT_3D ( 'NONE', #4785, #1421, #4421 ) ;
#892 = DIRECTION ( 'NONE',  ( 0.000000000000000000, 1.000000000000000000, -0.000000000000000000 ) ) ;
#893 = ORIENTED_EDGE ( 'NONE', *, *, #2793, .T. ) ;
#894 = ORIENTED_EDGE ( 'NONE', *, *, #2440, .F. ) ;
#895 = DIRECTION ( 'NONE',  ( -1.000000000000000000, -0.000000000000000000, 0.000000000000000000 ) ) ;
#896 = EDGE_CURVE ( 'NONE', #3223, #1304, #3959, .T. ) ;
#897 = CARTESIAN_POINT ( 'NONE',  ( -1.400000000000000133, 12.44809871788125477, -4.429206973128303915 ) ) ;
#898 = EDGE_CURVE ( 'NONE', #3055, #760, #1843, .T. ) ;
#899 = DIRECTION ( 'NONE',  ( 0.000000000000000000, 0.000000000000000000, 1.000000000000000000 ) ) ;
#900 = CARTESIAN_POINT ( 'NONE',  ( 0.000000000000000000, 6.500000000000000000, 6.850000000000000533 ) ) ;
#901 = ORIENTED_EDGE ( 'NONE', *, *, #909, .T. ) ;
#902 = AXIS2_PLACEMENT_3D ( 'NONE', #1992, #3494, #1552 ) ;
#903 = ADVANCED_FACE ( 'NONE', ( #365 ), #2592, .F. ) ;
#904 = CIRCLE ( 'NONE', #4665, 0.01999999999999996225 ) ;
#905 = DIRECTION ( 'NONE',  ( 2.168404344971008252E-17, -1.000000000000000000, 0.000000000000000000 ) ) ;
#906 = EDGE_LOOP ( 'NONE', ( #2867, #2022, #1297, #1190 ) ) ;
#907 = ORIENTED_EDGE ( 'NONE', *, *, #590, .T. ) ;
#908 = VECTOR ( 'NONE', #4484, 1000.000000000000000 ) ;
#909 = EDGE_CURVE ( 'NONE', #2696, #2833, #1148, .T. ) ;
#910 = CARTESIAN_POINT ( 'NONE',  ( 4.400384907664991907, 2.000000000000000444, 2.279064564105347301 ) ) ;
#911 = VECTOR ( 'NONE', #3653, 1000.000000000000000 ) ;
#912 = CARTESIAN_POINT ( 'NONE',  ( 0.000000000000000000, 5.000000000000000888, 0.000000000000000000 ) ) ;
#913 = VERTEX_POINT ( 'NONE', #2640 ) ;
#914 = ORIENTED_EDGE ( 'NONE', *, *, #4812, .F. ) ;
#915 = LINE ( 'NONE', #2404, #2453 ) ;
#916 = CIRCLE ( 'NONE', #3661, 0.1499999999999999667 ) ;
#917 = FILL_AREA_STYLE_COLOUR ( '', #2840 ) ;
#918 = CARTESIAN_POINT ( 'NONE',  ( -1.379999999999999671, 12.48000000000000220, 1.196959198423996649E-16 ) ) ;
#919 = ORIENTED_EDGE ( 'NONE', *, *, #2691, .F. ) ;
#920 = CARTESIAN_POINT ( 'NONE',  ( -5.107491688851570011, 4.909999999999999254, 2.986171345291844581 ) ) ;
#921 = DIRECTION ( 'NONE',  ( 0.000000000000000000, 1.000000000000000000, 0.000000000000000000 ) ) ;
#922 = DIRECTION ( 'NONE',  ( -0.7071067811865474617, 0.000000000000000000, 0.7071067811865474617 ) ) ;
#923 = CARTESIAN_POINT ( 'NONE',  ( 3.976120838953064673, 3.090000000000000746, 3.976120838953062009 ) ) ;
#924 = DIRECTION ( 'NONE',  ( 0.000000000000000000, 0.000000000000000000, 1.000000000000000000 ) ) ;
#925 = ORIENTED_EDGE ( 'NONE', *, *, #2122, .T. ) ;
#926 = EDGE_CURVE ( 'NONE', #466, #1573, #2698, .T. ) ;
#927 = CARTESIAN_POINT ( 'NONE',  ( 1.379999999999999671, 12.44809871788125477, 4.429206973128303915 ) ) ;
#928 = EDGE_CURVE ( 'NONE', #2346, #3886, #1842, .T. ) ;
#929 =( REPRESENTATION_RELATIONSHIP ('NONE','NONE', #3218, #368 ) REPRESENTATION_RELATIONSHIP_WITH_TRANSFORMATION ( #2650 )SHAPE_REPRESENTATION_RELATIONSHIP( ) );
#930 = VERTEX_POINT ( 'NONE', #1790 ) ;
#931 = ORIENTED_EDGE ( 'NONE', *, *, #2812, .F. ) ;
#932 = FACE_OUTER_BOUND ( 'NONE', #546, .T. ) ;
#933 = VECTOR ( 'NONE', #726, 1000.000000000000114 ) ;
#934 = DIRECTION ( 'NONE',  ( -3.564834783817704567E-17, 0.9863939238321438596, 0.1643989873053572914 ) ) ;
#935 = CARTESIAN_POINT ( 'NONE',  ( -4.999999999999999112, 7.500000000000000000, 0.000000000000000000 ) ) ;
#936 = CIRCLE ( 'NONE', #225, 0.02000000000000005246 ) ;
#937 = ORIENTED_EDGE ( 'NONE', *, *, #386, .F. ) ;
#938 = ORIENTED_EDGE ( 'NONE', *, *, #3415, .F. ) ;
#939 = PLANE ( 'NONE',  #3334 ) ;
#940 = CARTESIAN_POINT ( 'NONE',  ( -1.379999999999999893, -2.992397996059991005E-17, -4.379999999999999893 ) ) ;
#941 = CARTESIAN_POINT ( 'NONE',  ( -2.986171345291897872, 4.909999999999999254, -5.107491688851538925 ) ) ;
#942 = ADVANCED_FACE ( 'NONE', ( #1862 ), #741, .T. ) ;
#943 = ORIENTED_EDGE ( 'NONE', *, *, #2459, .T. ) ;
#944 = DIRECTION ( 'NONE',  ( 0.000000000000000000, 0.000000000000000000, 1.000000000000000000 ) ) ;
#945 = DIRECTION ( 'NONE',  ( 0.000000000000000000, 0.000000000000000000, 1.000000000000000000 ) ) ;
#946 = CARTESIAN_POINT ( 'NONE',  ( -7.138355639750679771, 3.000000000000000000, -2.750705138767092883 ) ) ;
#947 = ORIENTED_EDGE ( 'NONE', *, *, #327, .F. ) ;
#948 = CARTESIAN_POINT ( 'NONE',  ( 1.385521695682326193, 6.500000000000000000, 4.534868014339770603 ) ) ;
#949 = EDGE_CURVE ( 'NONE', #1624, #685, #2182, .T. ) ;
#950 = ORIENTED_EDGE ( 'NONE', *, *, #23, .F. ) ;
#951 = EDGE_LOOP ( 'NONE', ( #1334, #1411, #1019, #2032 ) ) ;
#952 = ADVANCED_FACE ( 'NONE', ( #320 ), #3339, .T. ) ;
#953 = EDGE_CURVE ( 'NONE', #1285, #4106, #4473, .T. ) ;
#954 = CARTESIAN_POINT ( 'NONE',  ( -2.291287847478249429, 8.000000000000000000, 4.999999999999999112 ) ) ;
#955 = ORIENTED_EDGE ( 'NONE', *, *, #4270, .T. ) ;
#956 = EDGE_CURVE ( 'NONE', #913, #760, #64, .T. ) ;
#957 = VERTEX_POINT ( 'NONE', #2716 ) ;
#958 = DIRECTION ( 'NONE',  ( -1.000000000000000000, -0.000000000000000000, -0.000000000000000000 ) ) ;
#959 = CARTESIAN_POINT ( 'NONE',  ( 3.976120838953075776, 4.910000000000000142, -3.976120838953050907 ) ) ;
#960 = CARTESIAN_POINT ( 'NONE',  ( -1.399999999999999689, 6.622052172158088723, 0.9406179037940091137 ) ) ;
#961 = CIRCLE ( 'NONE', #4727, 0.1700000000000000122 ) ;
#962 = VECTOR ( 'NONE', #2816, 1000.000000000000000 ) ;
#963 = ORIENTED_EDGE ( 'NONE', *, *, #409, .F. ) ;
#964 = CYLINDRICAL_SURFACE ( 'NONE', #581, 7.650000000000000355 ) ;
#965 = CARTESIAN_POINT ( 'NONE',  ( 7.252000366886313998, 3.176175380897988898, -2.435362535369390624 ) ) ;
#966 = ADVANCED_FACE ( 'NONE', ( #1170 ), #1935, .F. ) ;
#967 = AXIS2_PLACEMENT_3D ( 'NONE', #3403, #2002, #4629 ) ;
#968 = DIRECTION ( 'NONE',  ( 0.000000000000000000, 0.000000000000000000, -1.000000000000000000 ) ) ;
#969 = AXIS2_PLACEMENT_3D ( 'NONE', #3420, #49, #420 ) ;
#970 = DIRECTION ( 'NONE',  ( -8.673617379884035472E-17, -1.880790961315659329E-33, -1.000000000000000000 ) ) ;
#971 = B_SPLINE_CURVE_WITH_KNOTS ( 'NONE', 3,
 ( #4716, #3592, #1794, #2108, #3666, #1012, #2133, #2497, #4003, #3615 ),
 .UNSPECIFIED., .F., .F.,
 ( 4, 3, 3, 4 ),
 ( 3.252606517456513302E-19, 3.932309463598215903E-05, 8.009671586239488865E-05, 8.254620561176626600E-05 ),
 .UNSPECIFIED. ) ;
#972 = CARTESIAN_POINT ( 'NONE',  ( 1.379999999999999671, 11.43165542625050435, 5.400000000000000355 ) ) ;
#973 = VERTEX_POINT ( 'NONE', #3410 ) ;
#974 = FACE_OUTER_BOUND ( 'NONE', #3949, .T. ) ;
#975 = CARTESIAN_POINT ( 'NONE',  ( 0.000000000000000000, 12.34999999999999964, 2.027069063257455728 ) ) ;
#976 = CIRCLE ( 'NONE', #1600, 0.1499999999999999667 ) ;
#977 = ORIENTED_EDGE ( 'NONE', *, *, #4306, .T. ) ;
#978 = ORIENTED_EDGE ( 'NONE', *, *, #4331, .F. ) ;
#979 = SURFACE_SIDE_STYLE ('',( #1342 ) ) ;
#980 = B_SPLINE_CURVE_WITH_KNOTS ( 'NONE', 3,
 ( #4110, #2898, #749, #2241, #2528, #841 ),
 .UNSPECIFIED., .F., .F.,
 ( 4, 2, 4 ),
 ( 0.000000000000000000, 0.0003953464452561773388, 0.0007906928905123546776 ),
 .UNSPECIFIED. ) ;
#981 = DIRECTION ( 'NONE',  ( 0.000000000000000000, -0.6561787149247862994, -0.7546055221635049604 ) ) ;
#982 = CLOSED_SHELL ( 'NONE', ( #1840, #2782, #1474, #1628, #2067, #966, #2838, #2728, #4378, #4299, #203, #1793, #4348, #1159, #3204, #1682, #818, #3446, #4082, #3773, #3150, #3135, #630, #4213, #2743, #782, #518, #3629, #4289, #1490, #4588, #2972, #2486, #2905, #2624, #1689, #789, #3808, #2990, #859, #1856, #4049, #2686, #4392, #801, #3421, #3704, #1678, #2852, #2631, #1567, #3133, #3568, #3669, #364, #1022, #2594, #592, #3210, #1763, #4437, #3922, #4537, #4737, #1169, #2899, #2314, #4015, #2230, #2252, #4624, #1379, #3018, #764, #350, #2117, #2417, #4796, #2639, #309, #3171, #3246, #1729, #4852, #3183, #3727, #1496, #1985, #952, #1760, #1196, #242 ) ) ;
#983 = ORIENTED_EDGE ( 'NONE', *, *, #3735, .F. ) ;
#984 = VERTEX_POINT ( 'NONE', #2277 ) ;
#985 = CARTESIAN_POINT ( 'NONE',  ( -2.969848480983505290, 1.499999999999999556, -7.049999999999998046 ) ) ;
#986 = CIRCLE ( 'NONE', #1613, 0.02000000000000005246 ) ;
#987 = FACE_OUTER_BOUND ( 'NONE', #3533, .T. ) ;
#988 = CARTESIAN_POINT ( 'NONE',  ( -2.915460667173242815, 4.909999999999999254, -5.036781010732885200 ) ) ;
#989 = VECTOR ( 'NONE', #3651, 1000.000000000000114 ) ;
#990 = ORIENTED_EDGE ( 'NONE', *, *, #1246, .T. ) ;
#991 = FACE_OUTER_BOUND ( 'NONE', #4202, .T. ) ;
#992 = CARTESIAN_POINT ( 'NONE',  ( 7.120239627063077670, 2.999999999999999556, -2.798815421262988767 ) ) ;
#993 = DIRECTION ( 'NONE',  ( 0.000000000000000000, -0.7546055221634990762, -0.6561787149247930717 ) ) ;
#994 = CARTESIAN_POINT ( 'NONE',  ( 1.379999999999999671, 12.34999999999999964, 4.343903740188081564 ) ) ;
#995 = CARTESIAN_POINT ( 'NONE',  ( 0.000000000000000000, 0.000000000000000000, 0.000000000000000000 ) ) ;
#996 = ORIENTED_EDGE ( 'NONE', *, *, #4443, .F. ) ;
#997 = EDGE_CURVE ( 'NONE', #148, #1001, #3168, .T. ) ;
#998 = VERTEX_POINT ( 'NONE', #4222 ) ;
#999 = DIRECTION ( 'NONE',  ( 1.000000000000000000, 0.000000000000000000, 0.000000000000000000 ) ) ;
#1000 = LINE ( 'NONE', #3992, #1350 ) ;
#1001 = VERTEX_POINT ( 'NONE', #3130 ) ;
#1002 = EDGE_CURVE ( 'NONE', #885, #3113, #3649, .T. ) ;
#1003 = ORIENTED_EDGE ( 'NONE', *, *, #2164, .F. ) ;
#1004 = PRODUCT_DEFINITION_SHAPE ( 'NONE', 'NONE',  #4862 ) ;
#1005 = CARTESIAN_POINT ( 'NONE',  ( -1.399999999999999911, 6.500000000000000000, -4.483107698211994396 ) ) ;
#1006 = ORIENTED_EDGE ( 'NONE', *, *, #4443, .T. ) ;
#1007 = VERTEX_POINT ( 'NONE', #3781 ) ;
#1008 = CARTESIAN_POINT ( 'NONE',  ( 7.252000366886311333, 8.000000000000000000, -2.435362535369390180 ) ) ;
#1009 = DIRECTION ( 'NONE',  ( 1.000000000000000000, 2.168404344971008252E-17, -8.673617379884035472E-17 ) ) ;
#1010 = CIRCLE ( 'NONE', #781, 0.02000000000000005246 ) ;
#1011 = ADVANCED_FACE ( 'NONE', ( #833 ), #410, .F. ) ;
#1012 = CARTESIAN_POINT ( 'NONE',  ( 1.385521695682327969, 6.500000000000000000, -0.7880629224027728696 ) ) ;
#1013 = VERTEX_POINT ( 'NONE', #1192 ) ;
#1014 = CARTESIAN_POINT ( 'NONE',  ( 1.379999999999999671, 2.790441948979335951, 2.426471259982029505 ) ) ;
#1015 = EDGE_CURVE ( 'NONE', #715, #1714, #2231, .T. ) ;
#1016 = CARTESIAN_POINT ( 'NONE',  ( 7.199799341529545593, 3.046643593403177253, -2.586003223429768738 ) ) ;
#1017 = DIRECTION ( 'NONE',  ( 0.000000000000000000, 1.000000000000000000, 0.000000000000000000 ) ) ;
#1018 = DIRECTION ( 'NONE',  ( 0.000000000000000000, 1.000000000000000000, 0.000000000000000000 ) ) ;
#1019 = ORIENTED_EDGE ( 'NONE', *, *, #78, .T. ) ;
#1020 = ORIENTED_EDGE ( 'NONE', *, *, #215, .F. ) ;
#1021 = DIRECTION ( 'NONE',  ( 0.000000000000000000, 1.000000000000000000, 0.000000000000000000 ) ) ;
#1022 = ADVANCED_FACE ( 'NONE', ( #3436 ), #3489, .T. ) ;
#1023 = CARTESIAN_POINT ( 'NONE',  ( -1.379999999999999893, 12.34999999999999964, -2.027069063257456172 ) ) ;
#1024 = UNCERTAINTY_MEASURE_WITH_UNIT (LENGTH_MEASURE( 1.000000000000000082E-05 ), #1104, 'distance_accuracy_value', 'NONE');
#1025 = LINE ( 'NONE', #4393, #3141 ) ;
#1026 = ORIENTED_EDGE ( 'NONE', *, *, #1861, .F. ) ;
#1027 = ORIENTED_EDGE ( 'NONE', *, *, #1415, .T. ) ;
#1028 = DIRECTION ( 'NONE',  ( 0.000000000000000000, 0.000000000000000000, -1.000000000000000000 ) ) ;
#1029 = EDGE_CURVE ( 'NONE', #3909, #360, #826, .T. ) ;
#1030 = DIRECTION ( 'NONE',  ( 1.000000000000000000, -0.000000000000000000, 0.000000000000000000 ) ) ;
#1031 = VERTEX_POINT ( 'NONE', #117 ) ;
#1032 = DIRECTION ( 'NONE',  ( 0.7071067811865451302, -3.056747976430751789E-16, 0.7071067811865500152 ) ) ;
#1033 = CIRCLE ( 'NONE', #2281, 0.1700000000000000122 ) ;
#1034 = VECTOR ( 'NONE', #3086, 1000.000000000000000 ) ;
#1035 = DIRECTION ( 'NONE',  ( 0.6936187941687647074, -0.000000000000000000, -0.7203422578024065714 ) ) ;
#1036 = FACE_OUTER_BOUND ( 'NONE', #2814, .T. ) ;
#1037 = VECTOR ( 'NONE', #2635, 1000.000000000000000 ) ;
#1038 = ORIENTED_EDGE ( 'NONE', *, *, #1824, .F. ) ;
#1039 = LINE ( 'NONE', #2805, #3326 ) ;
#1040 = CARTESIAN_POINT ( 'NONE',  ( 7.233617738330956115, 3.101480656498026178, -2.489507632570827411 ) ) ;
#1041 = CARTESIAN_POINT ( 'NONE',  ( -1.045004651996037648, -1.407485477710246791, 1.045004651996016554 ) ) ;
#1042 = CARTESIAN_POINT ( 'NONE',  ( -2.291287847478249429, 8.000000000000000000, -4.999999999999848121 ) ) ;
#1043 = MECHANICAL_DESIGN_GEOMETRIC_PRESENTATION_REPRESENTATION (  '', ( #4496 ), #3476 ) ;
#1044 = ORIENTED_EDGE ( 'NONE', *, *, #470, .F. ) ;
#1045 = ORIENTED_EDGE ( 'NONE', *, *, #604, .F. ) ;
#1046 = CARTESIAN_POINT ( 'NONE',  ( 0.000000000000000000, 8.000000000000000000, 0.000000000000000000 ) ) ;
#1047 = CIRCLE ( 'NONE', #1441, 0.01999999999999996225 ) ;
#1048 = ADVANCED_FACE ( 'NONE', ( #883 ), #2660, .T. ) ;
#1049 = VECTOR ( 'NONE', #3370, 1000.000000000000000 ) ;
#1050 = CARTESIAN_POINT ( 'NONE',  ( 1.379999999999999671, 0.000000000000000000, -5.549999999999999822 ) ) ;
#1051 = CARTESIAN_POINT ( 'NONE',  ( 2.986171345291913415, 3.090000000000001190, -5.107491688851530043 ) ) ;
#1052 = ORIENTED_EDGE ( 'NONE', *, *, #1371, .T. ) ;
#1053 = ORIENTED_EDGE ( 'NONE', *, *, #4270, .F. ) ;
#1054 = DIRECTION ( 'NONE',  ( -0.000000000000000000, -1.000000000000000000, -0.000000000000000000 ) ) ;
#1055 = DIRECTION ( 'NONE',  ( -0.000000000000000000, 0.6561787149247684248, 0.7546055221635205035 ) ) ;
#1056 = CARTESIAN_POINT ( 'NONE',  ( -1.380000000000000115, 9.768344573749500270, -5.400000000000000355 ) ) ;
#1057 = VECTOR ( 'NONE', #3417, 1000.000000000000000 ) ;
#1058 = EDGE_CURVE ( 'NONE', #3846, #822, #2526, .T. ) ;
#1059 = ORIENTED_EDGE ( 'NONE', *, *, #1646, .T. ) ;
#1060 = DIRECTION ( 'NONE',  ( -0.000000000000000000, 0.000000000000000000, -1.000000000000000000 ) ) ;
#1061 = CIRCLE ( 'NONE', #1757, 0.1499999999999999667 ) ;
#1062 = CARTESIAN_POINT ( 'NONE',  ( -1.379999999999999893, 12.37465984809580277, -1.879109974682634077 ) ) ;
#1063 = FACE_OUTER_BOUND ( 'NONE', #2078, .T. ) ;
#1064 = AXIS2_PLACEMENT_3D ( 'NONE', #4288, #3524, #1948 ) ;
#1065 = ORIENTED_EDGE ( 'NONE', *, *, #4600, .T. ) ;
#1066 = DIRECTION ( 'NONE',  ( 0.6936187941687647074, 0.000000000000000000, -0.7203422578024066825 ) ) ;
#1067 = LINE ( 'NONE', #4699, #4092 ) ;
#1068 = LINE ( 'NONE', #351, #3816 ) ;
#1069 = LINE ( 'NONE', #2557, #3601 ) ;
#1070 = ORIENTED_EDGE ( 'NONE', *, *, #750, .T. ) ;
#1071 = ORIENTED_EDGE ( 'NONE', *, *, #83, .F. ) ;
#1072 = CARTESIAN_POINT ( 'NONE',  ( 0.000000000000000000, 8.000000000000000000, 0.000000000000000000 ) ) ;
#1073 = TOROIDAL_SURFACE ( 'NONE', #4292, 0.1299999999999999767, 0.02000000000000000042 ) ;
#1074 = DIRECTION ( 'NONE',  ( 1.000000000000000000, 0.000000000000000000, 0.000000000000000000 ) ) ;
#1075 = PRODUCT_RELATED_PRODUCT_CATEGORY ( 'part', '', ( #1739 ) ) ;
#1076 = LINE ( 'NONE', #709, #882 ) ;
#1077 = ORIENTED_EDGE ( 'NONE', *, *, #3366, .T. ) ;
#1078 = ORIENTED_EDGE ( 'NONE', *, *, #1560, .F. ) ;
#1079 = AXIS2_PLACEMENT_3D ( 'NONE', #2227, #1493, #1028 ) ;
#1080 = CARTESIAN_POINT ( 'NONE',  ( -7.239573367979930119, 3.116536647565487872, 2.472101282769620934 ) ) ;
#1081 = ADVANCED_FACE ( 'NONE', ( #3057 ), #3851, .F. ) ;
#1082 = CARTESIAN_POINT ( 'NONE',  ( 2.721591361078369520, 3.046643593403176808, 7.149647802037663702 ) ) ;
#1083 = VERTEX_POINT ( 'NONE', #142 ) ;
#1084 = CARTESIAN_POINT ( 'NONE',  ( 0.000000000000000000, 0.000000000000000000, 0.000000000000000000 ) ) ;
#1085 = CARTESIAN_POINT ( 'NONE',  ( 0.000000000000000000, 1.499999999999999556, -7.650000000000000355 ) ) ;
#1086 = DIRECTION ( 'NONE',  ( 5.691443106081644064E-14, -0.6561787149247931827, -0.7546055221634992982 ) ) ;
#1087 = VERTEX_POINT ( 'NONE', #2323 ) ;
#1088 = LINE ( 'NONE', #4859, #1057 ) ;
#1089 = DIRECTION ( 'NONE',  ( -1.000000000000000000, 0.000000000000000000, 0.000000000000000000 ) ) ;
#1090 = DIRECTION ( 'NONE',  ( 0.000000000000000000, 0.000000000000000000, 1.000000000000000000 ) ) ;
#1091 = EDGE_CURVE ( 'NONE', #3397, #4819, #4247, .T. ) ;
#1092 = CARTESIAN_POINT ( 'NONE',  ( 1.379999999999999671, 6.500000000000000000, 0.7729309367425446498 ) ) ;
#1093 = EDGE_LOOP ( 'NONE', ( #4719, #1731, #3945, #703 ) ) ;
#1094 = ORIENTED_EDGE ( 'NONE', *, *, #4019, .T. ) ;
#1095 = CARTESIAN_POINT ( 'NONE',  ( -1.393823247546298383, 6.500000000000000000, 4.508834952051935296 ) ) ;
#1096 = CARTESIAN_POINT ( 'NONE',  ( 4.999999999999999112, 8.000000000000000000, 2.291287847478249429 ) ) ;
#1097 = DIRECTION ( 'NONE',  ( -0.000000000000000000, 1.000000000000000000, -0.000000000000000000 ) ) ;
#1098 = ORIENTED_EDGE ( 'NONE', *, *, #2326, .T. ) ;
#1099 = CARTESIAN_POINT ( 'NONE',  ( -7.153438812664350444, 3.008506057664686484, 2.712730372333567175 ) ) ;
#1100 = CARTESIAN_POINT ( 'NONE',  ( -3.405877273185280885, 1.499999999999999556, 6.850000000000000533 ) ) ;
#1101 = EDGE_CURVE ( 'NONE', #1998, #1662, #37, .T. ) ;
#1102 = CARTESIAN_POINT ( 'NONE',  ( 4.500000000000000000, 1.500000000000000444, 2.179449471770337432 ) ) ;
#1103 = EDGE_CURVE ( 'NONE', #2097, #3690, #786, .T. ) ;
#1104 =( LENGTH_UNIT ( ) NAMED_UNIT ( * ) SI_UNIT ( .MILLI., .METRE. ) );
#1105 = DIRECTION ( 'NONE',  ( 0.000000000000000000, 0.7546055221635421528, -0.6561787149247437778 ) ) ;
#1106 = EDGE_CURVE ( 'NONE', #1617, #803, #1917, .T. ) ;
#1107 = AXIS2_PLACEMENT_3D ( 'NONE', #792, #1, #371 ) ;
#1108 = ORIENTED_EDGE ( 'NONE', *, *, #2395, .F. ) ;
#1109 = AXIS2_PLACEMENT_3D ( 'NONE', #4466, #3730, #2798 ) ;
#1110 = CARTESIAN_POINT ( 'NONE',  ( 2.915460667173259246, 4.910000000000000142, -5.036781010732874542 ) ) ;
#1111 = CARTESIAN_POINT ( 'NONE',  ( -1.379999999999999671, 6.500000000000000000, 0.7729309367425446498 ) ) ;
#1112 = LINE ( 'NONE', #3722, #2416 ) ;
#1113 = EDGE_LOOP ( 'NONE', ( #4300, #461, #691, #1719, #1858, #3089 ) ) ;
#1114 = EDGE_CURVE ( 'NONE', #360, #3055, #631, .T. ) ;
#1115 = ORIENTED_EDGE ( 'NONE', *, *, #4026, .T. ) ;
#1116 = CARTESIAN_POINT ( 'NONE',  ( -1.379999999999999893, 12.34999999999999964, 2.027069063257455728 ) ) ;
#1117 = DIRECTION ( 'NONE',  ( 1.000000000000000000, 0.000000000000000000, 0.000000000000000000 ) ) ;
#1118 = CARTESIAN_POINT ( 'NONE',  ( -4.500000000000000000, 7.499999999999998224, -2.179449471770337432 ) ) ;
#1119 = VERTEX_POINT ( 'NONE', #4302 ) ;
#1120 = VECTOR ( 'NONE', #2882, 1000.000000000000000 ) ;
#1121 = COLOUR_RGB ( '',0.7921568627450980005, 0.8196078431372548767, 0.9333333333333333481 ) ;
#1122 = CARTESIAN_POINT ( 'NONE',  ( 1.379999999999999671, 12.50000000000000000, 2.027069063257455728 ) ) ;
#1123 = CARTESIAN_POINT ( 'NONE',  ( 4.934344465946484348, 3.000000000000000000, 4.751288740056039295 ) ) ;
#1124 = AXIS2_PLACEMENT_3D ( 'NONE', #1056, #3232, #1513 ) ;
#1125 = CARTESIAN_POINT ( 'NONE',  ( -1.379999999999999449, 0.02644174998362247564, 0.1586504999017351591 ) ) ;
#1126 = DIRECTION ( 'NONE',  ( 0.000000000000000000, 0.000000000000000000, 1.000000000000000000 ) ) ;
#1127 = VECTOR ( 'NONE', #2948, 1000.000000000000000 ) ;
#1128 = FACE_OUTER_BOUND ( 'NONE', #2312, .T. ) ;
#1129 = MANIFOLD_SOLID_BREP ( 'CirPattern1', #4358 ) ;
#1130 = ORIENTED_EDGE ( 'NONE', *, *, #4685, .F. ) ;
#1131 = FACE_OUTER_BOUND ( 'NONE', #3211, .T. ) ;
#1132 = VECTOR ( 'NONE', #4521, 1000.000000000000114 ) ;
#1133 = DIRECTION ( 'NONE',  ( 0.7071067811865451302, -3.056747976430751789E-16, 0.7071067811865500152 ) ) ;
#1134 = EDGE_CURVE ( 'NONE', #14, #4333, #3027, .T. ) ;
#1135 = FACE_OUTER_BOUND ( 'NONE', #2735, .T. ) ;
#1136 = ORIENTED_EDGE ( 'NONE', *, *, #1884, .F. ) ;
#1137 = ORIENTED_EDGE ( 'NONE', *, *, #3227, .T. ) ;
#1138 = CARTESIAN_POINT ( 'NONE',  ( -3.956290731841337838, 2.373921791567575657, -3.226782805549678557 ) ) ;
#1139 = CARTESIAN_POINT ( 'NONE',  ( 4.555805433952621719, 7.763919350724530766, -2.192314546146025389 ) ) ;
#1140 = CARTESIAN_POINT ( 'NONE',  ( 1.379999999999999671, 12.34999999999999964, -4.343903740188082452 ) ) ;
#1141 = EDGE_CURVE ( 'NONE', #1322, #3593, #1934, .T. ) ;
#1142 = CARTESIAN_POINT ( 'NONE',  ( 0.000000000000000000, 6.625340151904196340, -0.9208900253173660788 ) ) ;
#1143 = ORIENTED_EDGE ( 'NONE', *, *, #1323, .F. ) ;
#1144 = VECTOR ( 'NONE', #4653, 1000.000000000000000 ) ;
#1145 = CARTESIAN_POINT ( 'NONE',  ( 1.379999999999999671, 8.631655426250503638, 4.379999999999999893 ) ) ;
#1146 = EDGE_CURVE ( 'NONE', #3610, #4045, #536, .T. ) ;
#1147 = AXIS2_PLACEMENT_3D ( 'NONE', #4396, #2150, #2886 ) ;
#1148 = LINE ( 'NONE', #4099, #4436 ) ;
#1149 = LINE ( 'NONE', #3411, #3553 ) ;
#1150 = DIRECTION ( 'NONE',  ( 0.000000000000000000, 0.000000000000000000, 1.000000000000000000 ) ) ;
#1151 = ORIENTED_EDGE ( 'NONE', *, *, #1861, .T. ) ;
#1152 = ORIENTED_EDGE ( 'NONE', *, *, #577, .F. ) ;
#1153 = CARTESIAN_POINT ( 'NONE',  ( 2.179449471770337432, 7.499999999999998224, 4.500000000000000000 ) ) ;
#1154 = CARTESIAN_POINT ( 'NONE',  ( -5.078412917506967439, 3.200000000000000178, -4.890012498889791281 ) ) ;
#1155 = ADVANCED_FACE ( 'NONE', ( #1711 ), #3559, .T. ) ;
#1156 = CARTESIAN_POINT ( 'NONE',  ( 5.107491688851549583, 3.089999999999999858, -2.986171345291879664 ) ) ;
#1157 = DIRECTION ( 'NONE',  ( 0.000000000000000000, 0.000000000000000000, 1.000000000000000000 ) ) ;
#1158 = VERTEX_POINT ( 'NONE', #3951 ) ;
#1159 = ADVANCED_FACE ( 'NONE', ( #239 ), #3534, .T. ) ;
#1160 = ORIENTED_EDGE ( 'NONE', *, *, #4781, .F. ) ;
#1161 = LINE ( 'NONE', #777, #1922 ) ;
#1162 = ADVANCED_FACE ( 'NONE', ( #932 ), #3632, .T. ) ;
#1163 = DIRECTION ( 'NONE',  ( 1.000000000000000000, -0.000000000000000000, 0.000000000000000000 ) ) ;
#1164 = CARTESIAN_POINT ( 'NONE',  ( -2.986171345291897872, 3.090000000000000746, -5.107491688851538925 ) ) ;
#1165 = CIRCLE ( 'NONE', #3677, 0.1299999999999998934 ) ;
#1166 = VERTEX_POINT ( 'NONE', #2056 ) ;
#1167 = EDGE_CURVE ( 'NONE', #685, #2401, #707, .T. ) ;
#1168 = LINE ( 'NONE', #804, #4813 ) ;
#1169 = ADVANCED_FACE ( 'NONE', ( #3925 ), #2399, .T. ) ;
#1170 = FACE_OUTER_BOUND ( 'NONE', #3416, .T. ) ;
#1171 =( NAMED_UNIT ( * ) SI_UNIT ( $, .STERADIAN. ) SOLID_ANGLE_UNIT ( ) );
#1172 = DIRECTION ( 'NONE',  ( 0.000000000000000000, 0.000000000000000000, -1.000000000000000000 ) ) ;
#1173 = VERTEX_POINT ( 'NONE', #1692 ) ;
#1174 = ORIENTED_EDGE ( 'NONE', *, *, #1371, .F. ) ;
#1175 = CARTESIAN_POINT ( 'NONE',  ( 3.405877273185280885, 6.500000000000000000, 6.850000000000000533 ) ) ;
#1176 = CARTESIAN_POINT ( 'NONE',  ( 0.000000000000000000, 1.500000000000000444, 0.000000000000000000 ) ) ;
#1177 = CARTESIAN_POINT ( 'NONE',  ( -3.870068605369191950, 5.212479532407042093, 3.870068605369113790 ) ) ;
#1178 = LINE ( 'NONE', #4824, #4310 ) ;
#1179 = ORIENTED_EDGE ( 'NONE', *, *, #1877, .T. ) ;
#1180 = EDGE_LOOP ( 'NONE', ( #3585, #1625, #82, #4359 ) ) ;
#1181 = CARTESIAN_POINT ( 'NONE',  ( -4.433344562587834048, 2.048942590553171961, -2.312024219028189886 ) ) ;
#1182 = DIRECTION ( 'NONE',  ( -3.272579785996980772E-14, -0.6561787149247684248, 0.7546055221635205035 ) ) ;
#1183 = AXIS2_PLACEMENT_3D ( 'NONE', #1176, #4108, #2970 ) ;
#1184 = AXIS2_PLACEMENT_3D ( 'NONE', #4295, #3872, #1309 ) ;
#1185 = DIRECTION ( 'NONE',  ( 0.000000000000000000, -1.000000000000000000, 0.000000000000000000 ) ) ;
#1186 = DIRECTION ( 'NONE',  ( -0.000000000000000000, 1.000000000000000000, -0.000000000000000000 ) ) ;
#1187 = ORIENTED_EDGE ( 'NONE', *, *, #2884, .T. ) ;
#1188 = VECTOR ( 'NONE', #2272, 1000.000000000000114 ) ;
#1189 = CARTESIAN_POINT ( 'NONE',  ( 4.500000000000000000, 1.500000000000000444, -2.179449471770337432 ) ) ;
#1190 = ORIENTED_EDGE ( 'NONE', *, *, #2183, .F. ) ;
#1191 = AXIS2_PLACEMENT_3D ( 'NONE', #3238, #1377, #2870 ) ;
#1192 = CARTESIAN_POINT ( 'NONE',  ( 1.379999999999999671, 6.500000000000000000, 4.549999999999999822 ) ) ;
#1193 = AXIS2_PLACEMENT_3D ( 'NONE', #2638, #1420, #3734 ) ;
#1194 = CARTESIAN_POINT ( 'NONE',  ( 3.226782805549681665, 2.373921791567575657, 3.956290731841335173 ) ) ;
#1195 = CARTESIAN_POINT ( 'NONE',  ( 3.405877273185280885, 1.699999999999999734, 6.850000000000000533 ) ) ;
#1196 = ADVANCED_FACE ( 'NONE', ( #2175 ), #3733, .F. ) ;
#1197 = EDGE_LOOP ( 'NONE', ( #3747, #152, #3804, #2174 ) ) ;
#1198 = ORIENTED_EDGE ( 'NONE', *, *, #3239, .T. ) ;
#1199 = FACE_OUTER_BOUND ( 'NONE', #3088, .T. ) ;
#1200 = CARTESIAN_POINT ( 'NONE',  ( 0.000000000000000000, 6.649999999999999467, -4.549999999999999822 ) ) ;
#1201 = VECTOR ( 'NONE', #2499, 1000.000000000000114 ) ;
#1202 = CARTESIAN_POINT ( 'NONE',  ( -1.400000000000000133, 12.34999999999999964, 4.343903740188081564 ) ) ;
#1203 = CARTESIAN_POINT ( 'NONE',  ( 4.500000000000000000, 7.499999999999998224, 2.179449471770337432 ) ) ;
#1204 = ORIENTED_EDGE ( 'NONE', *, *, #2512, .F. ) ;
#1205 = VECTOR ( 'NONE', #1430, 1000.000000000000000 ) ;
#1206 = LINE ( 'NONE', #2704, #4592 ) ;
#1207 = CARTESIAN_POINT ( 'NONE',  ( 7.293768092963841099, 3.153845617810560942, 2.307304989425264186 ) ) ;
#1208 = DIRECTION ( 'NONE',  ( 0.7071067811865550112, 0.000000000000000000, -0.7071067811865401342 ) ) ;
#1209 = DIRECTION ( 'NONE',  ( -1.000000000000000000, -2.168404344971008252E-17, 8.673617379884035472E-17 ) ) ;
#1210 = CARTESIAN_POINT ( 'NONE',  ( -2.279064564105393487, 2.000000000000000444, 4.400384907664967926 ) ) ;
#1211 = VECTOR ( 'NONE', #1060, 1000.000000000000000 ) ;
#1212 = CARTESIAN_POINT ( 'NONE',  ( 0.000000000000000000, 5.000000000000000888, 0.000000000000000000 ) ) ;
#1213 = ORIENTED_EDGE ( 'NONE', *, *, #2747, .T. ) ;
#1214 = DIRECTION ( 'NONE',  ( 0.000000000000000000, 1.000000000000000000, 0.000000000000000000 ) ) ;
#1215 = EDGE_CURVE ( 'NONE', #564, #4210, #4621, .T. ) ;
#1216 = ORIENTED_EDGE ( 'NONE', *, *, #4659, .F. ) ;
#1217 = VECTOR ( 'NONE', #1117, 1000.000000000000000 ) ;
#1218 = EDGE_CURVE ( 'NONE', #1806, #238, #1419, .T. ) ;
#1219 = CARTESIAN_POINT ( 'NONE',  ( 3.226782805549691879, 2.373921791567574324, -3.956290731841326735 ) ) ;
#1220 = CARTESIAN_POINT ( 'NONE',  ( 7.252000366886311333, 3.200000000000000178, -2.435362535369390180 ) ) ;
#1221 = CYLINDRICAL_SURFACE ( 'NONE', #1968, 0.02000000000000053471 ) ;
#1222 = ORIENTED_EDGE ( 'NONE', *, *, #509, .F. ) ;
#1223 = VERTEX_POINT ( 'NONE', #762 ) ;
#1224 = FACE_OUTER_BOUND ( 'NONE', #3932, .T. ) ;
#1225 = VECTOR ( 'NONE', #475, 1000.000000000000114 ) ;
#1226 = CARTESIAN_POINT ( 'NONE',  ( 1.399999999999999689, 6.500000000000000000, 0.000000000000000000 ) ) ;
#1227 = CARTESIAN_POINT ( 'NONE',  ( 1.399999999999999689, 11.43165542625050435, 5.530000000000000249 ) ) ;
#1228 = ORIENTED_EDGE ( 'NONE', *, *, #1450, .T. ) ;
#1229 = ORIENTED_EDGE ( 'NONE', *, *, #1403, .F. ) ;
#1230 = DIRECTION ( 'NONE',  ( 0.000000000000000000, 0.000000000000000000, -1.000000000000000000 ) ) ;
#1231 = DIRECTION ( 'NONE',  ( -0.7071067811865451302, 0.000000000000000000, -0.7071067811865500152 ) ) ;
#1232 = ADVANCED_FACE ( 'NONE', ( #2911 ), #3335, .F. ) ;
#1233 = CARTESIAN_POINT ( 'NONE',  ( 2.279064564105349078, 2.000000000000000444, 4.400384907664990131 ) ) ;
#1234 = LINE ( 'NONE', #1210, #2522 ) ;
#1235 = DIRECTION ( 'NONE',  ( 0.000000000000000000, -0.9863939238321414171, 0.1643989873053713635 ) ) ;
#1236 = ORIENTED_EDGE ( 'NONE', *, *, #4105, .T. ) ;
#1237 = FACE_OUTER_BOUND ( 'NONE', #4641, .T. ) ;
#1238 = CIRCLE ( 'NONE', #304, 0.01999999999999996225 ) ;
#1239 = VERTEX_POINT ( 'NONE', #659 ) ;
#1240 = VERTEX_POINT ( 'NONE', #737 ) ;
#1241 = CIRCLE ( 'NONE', #2572, 0.1499999999999999667 ) ;
#1242 = DIRECTION ( 'NONE',  ( 0.7071067811865474617, 0.000000000000000000, 0.7071067811865476838 ) ) ;
#1243 = CARTESIAN_POINT ( 'NONE',  ( 0.000000000000000000, 3.000000000000000000, 0.000000000000000000 ) ) ;
#1244 = DIRECTION ( 'NONE',  ( 0.000000000000000000, 0.000000000000000000, 1.000000000000000000 ) ) ;
#1245 = ORIENTED_EDGE ( 'NONE', *, *, #3357, .F. ) ;
#1246 = EDGE_CURVE ( 'NONE', #4819, #2097, #1546, .T. ) ;
#1247 = ADVANCED_FACE ( 'NONE', ( #687 ), #4074, .T. ) ;
#1248 = ORIENTED_EDGE ( 'NONE', *, *, #734, .F. ) ;
#1249 = DIRECTION ( 'NONE',  ( 0.000000000000000000, 0.000000000000000000, -1.000000000000000000 ) ) ;
#1250 = FACE_OUTER_BOUND ( 'NONE', #4603, .T. ) ;
#1251 = EDGE_CURVE ( 'NONE', #1866, #3522, #712, .T. ) ;
#1252 = DIRECTION ( 'NONE',  ( 0.000000000000000000, 0.000000000000000000, -1.000000000000000000 ) ) ;
#1253 = VERTEX_POINT ( 'NONE', #2253 ) ;
#1254 = ORIENTED_EDGE ( 'NONE', *, *, #2120, .F. ) ;
#1255 = DIRECTION ( 'NONE',  ( -1.000000000000000000, 0.000000000000000000, 0.000000000000000000 ) ) ;
#1256 = LINE ( 'NONE', #3573, #4057 ) ;
#1257 = FACE_OUTER_BOUND ( 'NONE', #1310, .T. ) ;
#1258 = CARTESIAN_POINT ( 'NONE',  ( 1.399999999999999689, 11.52975414413176125, -5.485303232940222706 ) ) ;
#1259 = CARTESIAN_POINT ( 'NONE',  ( -2.986171345291949830, 4.909999999999999254, 5.107491688851508727 ) ) ;
#1260 = ORIENTED_EDGE ( 'NONE', *, *, #1114, .T. ) ;
#1261 = EDGE_CURVE ( 'NONE', #3022, #148, #1785, .T. ) ;
#1262 = AXIS2_PLACEMENT_3D ( 'NONE', #1942, #70, #4205 ) ;
#1263 = AXIS2_PLACEMENT_3D ( 'NONE', #4499, #3689, #322 ) ;
#1264 = CARTESIAN_POINT ( 'NONE',  ( -2.571963978632912706, 3.200000000000000178, -7.204686064820227998 ) ) ;
#1265 = ORIENTED_EDGE ( 'NONE', *, *, #4226, .T. ) ;
#1266 = ORIENTED_EDGE ( 'NONE', *, *, #88, .T. ) ;
#1267 = PRODUCT_DEFINITION_FORMATION_WITH_SPECIFIED_SOURCE ( 'ANY', '', #1739, .NOT_KNOWN. ) ;
#1268 = DIRECTION ( 'NONE',  ( 0.000000000000000000, 0.000000000000000000, 1.000000000000000000 ) ) ;
#1269 = CYLINDRICAL_SURFACE ( 'NONE', #3400, 0.1000000000000001305 ) ;
#1270 = DIRECTION ( 'NONE',  ( 0.7071067811865563435, 0.000000000000000000, -0.7071067811865388020 ) ) ;
#1271 = ORIENTED_EDGE ( 'NONE', *, *, #3112, .T. ) ;
#1272 = AXIS2_PLACEMENT_3D ( 'NONE', #923, #2412, #4655 ) ;
#1273 = VECTOR ( 'NONE', #583, 1000.000000000000114 ) ;
#1274 = ORIENTED_EDGE ( 'NONE', *, *, #2812, .T. ) ;
#1275 = CARTESIAN_POINT ( 'NONE',  ( 3.870068605369164860, 5.212479532407042093, -3.870068605369140435 ) ) ;
#1276 = DIRECTION ( 'NONE',  ( 2.168404344971008252E-17, -1.000000000000000000, 0.000000000000000000 ) ) ;
#1277 = VECTOR ( 'NONE', #2271, 1000.000000000000000 ) ;
#1278 = PRODUCT_DEFINITION ( 'UNKNOWN', '', #4412, #879 ) ;
#1279 = CARTESIAN_POINT ( 'NONE',  ( -3.226782805549720301, 5.626078208432425676, 3.956290731841301422 ) ) ;
#1280 = EDGE_LOOP ( 'NONE', ( #398, #3899, #1670, #753 ) ) ;
#1281 = DIRECTION ( 'NONE',  ( -7.968020348514244863E-17, 0.6561787149247862994, -0.7546055221635049604 ) ) ;
#1282 = CARTESIAN_POINT ( 'NONE',  ( -2.545165380528041421, 3.063075121266646494, 7.214304113546739394 ) ) ;
#1283 = CARTESIAN_POINT ( 'NONE',  ( -4.999999999999999112, 8.000000000000000000, -2.291287847478249429 ) ) ;
#1284 = DIRECTION ( 'NONE',  ( 1.000000000000000000, 0.000000000000000000, 0.000000000000000000 ) ) ;
#1285 = VERTEX_POINT ( 'NONE', #3358 ) ;
#1286 = VECTOR ( 'NONE', #2111, 1000.000000000000114 ) ;
#1287 = AXIS2_PLACEMENT_3D ( 'NONE', #3512, #1642, #856 ) ;
#1288 = DIRECTION ( 'NONE',  ( 0.000000000000000000, 0.000000000000000000, 1.000000000000000000 ) ) ;
#1289 = ORIENTED_EDGE ( 'NONE', *, *, #734, .T. ) ;
#1290 = VERTEX_POINT ( 'NONE', #4783 ) ;
#1291 = VECTOR ( 'NONE', #1281, 1000.000000000000114 ) ;
#1292 = CARTESIAN_POINT ( 'NONE',  ( -1.400000000000000133, 6.500000000000000000, 0.8529309367425446098 ) ) ;
#1293 = EDGE_CURVE ( 'NONE', #4339, #3426, #2559, .T. ) ;
#1294 = FACE_OUTER_BOUND ( 'NONE', #2767, .T. ) ;
#1295 = VECTOR ( 'NONE', #2606, 1000.000000000000114 ) ;
#1296 = CARTESIAN_POINT ( 'NONE',  ( 4.500000000000000000, 1.500000000000000444, 0.000000000000000000 ) ) ;
#1297 = ORIENTED_EDGE ( 'NONE', *, *, #3366, .F. ) ;
#1298 = ORIENTED_EDGE ( 'NONE', *, *, #2656, .F. ) ;
#1299 = CARTESIAN_POINT ( 'NONE',  ( -3.140055051430238109, 1.508506057664685152, 6.976435135045778502 ) ) ;
#1300 = AXIS2_PLACEMENT_3D ( 'NONE', #4263, #3895, #2853 ) ;
#1301 = CARTESIAN_POINT ( 'NONE',  ( 4.433344562587839377, 5.951057409446828039, -2.312024219028175231 ) ) ;
#1302 = DIRECTION ( 'NONE',  ( -1.000000000000000000, 0.000000000000000000, -8.673617379884020681E-17 ) ) ;
#1303 = AXIS2_PLACEMENT_3D ( 'NONE', #3894, #2410, #2806 ) ;
#1304 = VERTEX_POINT ( 'NONE', #4855 ) ;
#1305 = DIRECTION ( 'NONE',  ( 0.000000000000000000, 1.000000000000000000, -0.000000000000000000 ) ) ;
#1306 = EDGE_CURVE ( 'NONE', #1509, #850, #2961, .T. ) ;
#1307 = CARTESIAN_POINT ( 'NONE',  ( 1.379999999999999671, 6.649999999999999467, -4.400000000000000355 ) ) ;
#1308 = CARTESIAN_POINT ( 'NONE',  ( 3.870068605369154202, 5.212479532407042093, 3.870068605369151538 ) ) ;
#1309 = DIRECTION ( 'NONE',  ( 0.000000000000000000, -0.7546055221635206145, -0.6561787149247685358 ) ) ;
#1310 = EDGE_LOOP ( 'NONE', ( #1451, #3106, #1229, #625 ) ) ;
#1311 = EDGE_CURVE ( 'NONE', #3496, #973, #4491, .T. ) ;
#1312 = ADVANCED_FACE ( 'NONE', ( #3283 ), #4419, .T. ) ;
#1313 = DIRECTION ( 'NONE',  ( 5.122298795473439605E-17, 0.6561787149247869655, 0.7546055221635044052 ) ) ;
#1314 = EDGE_CURVE ( 'NONE', #3616, #374, #1447, .T. ) ;
#1315 = ORIENTED_EDGE ( 'NONE', *, *, #4380, .T. ) ;
#1316 = ORIENTED_EDGE ( 'NONE', *, *, #1246, .F. ) ;
#1317 = DIRECTION ( 'NONE',  ( 0.000000000000000000, 0.000000000000000000, -1.000000000000000000 ) ) ;
#1318 = TOROIDAL_SURFACE ( 'NONE', #4070, 0.1299999999999999767, 0.02000000000000000042 ) ;
#1319 = CARTESIAN_POINT ( 'NONE',  ( 1.379999999999999671, 0.000000000000000000, 4.400000000000000355 ) ) ;
#1320 = CARTESIAN_POINT ( 'NONE',  ( -4.027325123107952543, 4.978965517241379146, -4.027325123107949878 ) ) ;
#1321 = AXIS2_PLACEMENT_3D ( 'NONE', #2019, #3544, #1252 ) ;
#1322 = VERTEX_POINT ( 'NONE', #4238 ) ;
#1323 = EDGE_CURVE ( 'NONE', #268, #4409, #3917, .T. ) ;
#1324 = ORIENTED_EDGE ( 'NONE', *, *, #3409, .F. ) ;
#1325 = CARTESIAN_POINT ( 'NONE',  ( -3.139821971399057610, 1.508500636646441739, -6.976537463425643182 ) ) ;
#1326 = PLANE ( 'NONE',  #4814 ) ;
#1327 = CARTESIAN_POINT ( 'NONE',  ( 2.969848480983505290, 1.499999999999999556, -7.049999999999998046 ) ) ;
#1328 = VERTEX_POINT ( 'NONE', #1307 ) ;
#1329 = DIRECTION ( 'NONE',  ( 0.000000000000000000, 0.000000000000000000, -1.000000000000000000 ) ) ;
#1330 = DIRECTION ( 'NONE',  ( -0.000000000000000000, -1.000000000000000000, -0.000000000000000000 ) ) ;
#1331 = CARTESIAN_POINT ( 'NONE',  ( 0.000000000000000000, 1.500000000000000444, 0.000000000000000000 ) ) ;
#1332 = CARTESIAN_POINT ( 'NONE',  ( -1.400000000000000133, 8.631655426250503638, -4.379999999999998117 ) ) ;
#1333 = DIRECTION ( 'NONE',  ( 1.000000000000000000, -0.000000000000000000, 0.000000000000000000 ) ) ;
#1334 = ORIENTED_EDGE ( 'NONE', *, *, #232, .T. ) ;
#1335 = CYLINDRICAL_SURFACE ( 'NONE', #3936, 0.02000000000000005246 ) ;
#1336 = DIRECTION ( 'NONE',  ( 1.000000000000000000, 2.168404344971008252E-17, 8.673617379884035472E-17 ) ) ;
#1337 = EDGE_CURVE ( 'NONE', #1240, #3282, #548, .T. ) ;
#1338 = ORIENTED_EDGE ( 'NONE', *, *, #2736, .T. ) ;
#1339 = ORIENTED_EDGE ( 'NONE', *, *, #2538, .F. ) ;
#1340 = AXIS2_PLACEMENT_3D ( 'NONE', #251, #1383, #2454 ) ;
#1341 = AXIS2_PLACEMENT_3D ( 'NONE', #3490, #4224, #1937 ) ;
#1342 = SURFACE_STYLE_FILL_AREA ( #3156 ) ;
#1343 = LINE ( 'NONE', #2839, #3001 ) ;
#1344 = EDGE_LOOP ( 'NONE', ( #1077, #788, #58, #1795 ) ) ;
#1345 = ORIENTED_EDGE ( 'NONE', *, *, #2984, .F. ) ;
#1346 = DIRECTION ( 'NONE',  ( -1.000000000000000000, 0.000000000000000000, 0.000000000000000000 ) ) ;
#1347 = LINE ( 'NONE', #3567, #2922 ) ;
#1348 = ADVANCED_FACE ( 'NONE', ( #3121 ), #2024, .F. ) ;
#1349 = DIRECTION ( 'NONE',  ( 0.5120428415488792462, 0.6896551724137933714, 0.5120428415488789131 ) ) ;
#1350 = VECTOR ( 'NONE', #1363, 1000.000000000000000 ) ;
#1351 = PRESENTATION_LAYER_ASSIGNMENT (  '', '', ( #4496 ) ) ;
#1352 = ORIENTED_EDGE ( 'NONE', *, *, #1543, .T. ) ;
#1353 = LINE ( 'NONE', #4032, #1912 ) ;
#1354 = CARTESIAN_POINT ( 'NONE',  ( -1.379999999999999893, 12.50000000000000000, -2.027069063257456172 ) ) ;
#1355 = CIRCLE ( 'NONE', #1987, 0.01999999999999996225 ) ;
#1356 = DIRECTION ( 'NONE',  ( 0.6936187941687647074, -0.000000000000000000, -0.7203422578024066825 ) ) ;
#1357 = VECTOR ( 'NONE', #395, 1000.000000000000000 ) ;
#1358 = EDGE_CURVE ( 'NONE', #3349, #1550, #2634, .T. ) ;
#1359 = CARTESIAN_POINT ( 'NONE',  ( 1.379999999999999671, 8.631655426250503638, -4.549999999999998934 ) ) ;
#1360 = CARTESIAN_POINT ( 'NONE',  ( -211.8366702977141358, 21.49882458153934195, 101.5933437015519303 ) ) ;
#1361 = EDGE_LOOP ( 'NONE', ( #3709, #2356, #2535, #1603 ) ) ;
#1362 = FACE_OUTER_BOUND ( 'NONE', #2509, .T. ) ;
#1363 = DIRECTION ( 'NONE',  ( -0.000000000000000000, 0.000000000000000000, 1.000000000000000000 ) ) ;
#1364 = CIRCLE ( 'NONE', #1993, 0.1499999999999999667 ) ;
#1365 = ORIENTED_EDGE ( 'NONE', *, *, #1311, .F. ) ;
#1366 = ORIENTED_EDGE ( 'NONE', *, *, #3257, .T. ) ;
#1367 = AXIS2_PLACEMENT_3D ( 'NONE', #1125, #4078, #2943 ) ;
#1368 =( NAMED_UNIT ( * ) PLANE_ANGLE_UNIT ( ) SI_UNIT ( $, .RADIAN. ) );
#1369 = EDGE_CURVE ( 'NONE', #1802, #3485, #2088, .T. ) ;
#1370 = DIRECTION ( 'NONE',  ( -1.000000000000000000, 0.000000000000000000, -0.000000000000000000 ) ) ;
#1371 = EDGE_CURVE ( 'NONE', #973, #1709, #1256, .T. ) ;
#1372 = EDGE_LOOP ( 'NONE', ( #1115, #2999, #188, #3281, #4534, #2116, #983, #4258 ) ) ;
#1373 = EDGE_LOOP ( 'NONE', ( #30, #3388, #4738, #1715 ) ) ;
#1374 = CARTESIAN_POINT ( 'NONE',  ( -3.262446522120520331, 1.546643593403175920, 6.919607353035441832 ) ) ;
#1375 = CIRCLE ( 'NONE', #3094, 0.02000000000000005246 ) ;
#1376 = CIRCLE ( 'NONE', #758, 5.000000000000000000 ) ;
#1377 = DIRECTION ( 'NONE',  ( 0.000000000000000000, 1.000000000000000000, 0.000000000000000000 ) ) ;
#1378 = DIRECTION ( 'NONE',  ( -0.000000000000000000, -0.9863939238321437486, -0.1643989873053572637 ) ) ;
#1379 = ADVANCED_FACE ( 'NONE', ( #1633 ), #4261, .T. ) ;
#1380 = CIRCLE ( 'NONE', #1931, 5.000000000000000000 ) ;
#1381 = EDGE_LOOP ( 'NONE', ( #4841, #4022, #931, #1479 ) ) ;
#1382 = DIRECTION ( 'NONE',  ( 0.000000000000000000, -0.6561787149247864104, 0.7546055221635050714 ) ) ;
#1383 = DIRECTION ( 'NONE',  ( -0.000000000000000000, 0.000000000000000000, 1.000000000000000000 ) ) ;
#1384 = LINE ( 'NONE', #2502, #521 ) ;
#1385 = CARTESIAN_POINT ( 'NONE',  ( -1.380000000000000115, 9.768344573749500270, -5.400000000000000355 ) ) ;
#1386 = APPLICATION_PROTOCOL_DEFINITION ( 'draft international standard', 'automotive_design', 1998, #3942 ) ;
#1387 = ORIENTED_EDGE ( 'NONE', *, *, #3087, .F. ) ;
#1388 = AXIS2_PLACEMENT_3D ( 'NONE', #2489, #582, #4322 ) ;
#1389 = EDGE_CURVE ( 'NONE', #256, #2711, #3902, .T. ) ;
#1390 = ORIENTED_EDGE ( 'NONE', *, *, #2656, .T. ) ;
#1391 = FACE_BOUND ( 'NONE', #4782, .T. ) ;
#1392 = DIRECTION ( 'NONE',  ( 0.000000000000000000, 0.7546055221635206145, 0.6561787149247685358 ) ) ;
#1393 = ORIENTED_EDGE ( 'NONE', *, *, #1816, .T. ) ;
#1394 = ORIENTED_EDGE ( 'NONE', *, *, #297, .T. ) ;
#1395 = PRODUCT_DEFINITION_SHAPE ( 'NONE', 'NONE',  #1938 ) ;
#1396 = CARTESIAN_POINT ( 'NONE',  ( 1.379999999999999671, 6.649999999999999467, 0.7729309367425446498 ) ) ;
#1397 = CARTESIAN_POINT ( 'NONE',  ( -1.380000000000000115, 9.768344573749500270, -5.549999999999999822 ) ) ;
#1398 = VERTEX_POINT ( 'NONE', #897 ) ;
#1399 = FACE_OUTER_BOUND ( 'NONE', #2894, .T. ) ;
#1400 = CARTESIAN_POINT ( 'NONE',  ( -1.380279994234274055, 6.500000000000000000, -0.7736979242907003895 ) ) ;
#1401 = CIRCLE ( 'NONE', #4775, 0.1499999999999999667 ) ;
#1402 = CARTESIAN_POINT ( 'NONE',  ( 1.379999999999999671, 12.50000000000000000, -4.343903740188081564 ) ) ;
#1403 = EDGE_CURVE ( 'NONE', #3153, #540, #227, .T. ) ;
#1404 = VERTEX_POINT ( 'NONE', #4290 ) ;
#1405 = CARTESIAN_POINT ( 'NONE',  ( 1.379999999999999671, 11.43165542625050435, 5.530000000000000249 ) ) ;
#1406 = CYLINDRICAL_SURFACE ( 'NONE', #1340, 0.02000000000000005246 ) ;
#1407 = EDGE_CURVE ( 'NONE', #374, #3909, #4839, .T. ) ;
#1408 = FACE_OUTER_BOUND ( 'NONE', #3862, .T. ) ;
#1409 = FACE_OUTER_BOUND ( 'NONE', #2498, .T. ) ;
#1410 = APPLICATION_PROTOCOL_DEFINITION ( 'draft international standard', 'automotive_design', 1998, #1615 ) ;
#1411 = ORIENTED_EDGE ( 'NONE', *, *, #3570, .T. ) ;
#1412 = ORIENTED_EDGE ( 'NONE', *, *, #4857, .T. ) ;
#1413 = CYLINDRICAL_SURFACE ( 'NONE', #832, 7.650000000000000355 ) ;
#1414 = DIRECTION ( 'NONE',  ( 0.7071067811865473507, -2.775557561562890735E-17, -0.7071067811865477948 ) ) ;
#1415 = EDGE_CURVE ( 'NONE', #3667, #1404, #847, .T. ) ;
#1416 = LINE ( 'NONE', #2907, #4329 ) ;
#1417 = ORIENTED_EDGE ( 'NONE', *, *, #1469, .F. ) ;
#1418 = ORIENTED_EDGE ( 'NONE', *, *, #2986, .T. ) ;
#1419 = LINE ( 'NONE', #4447, #210 ) ;
#1420 = DIRECTION ( 'NONE',  ( 0.000000000000000000, 1.000000000000000000, 0.000000000000000000 ) ) ;
#1421 = DIRECTION ( 'NONE',  ( 1.000000000000000000, 0.000000000000000000, 0.000000000000000000 ) ) ;
#1422 = ORIENTED_EDGE ( 'NONE', *, *, #122, .T. ) ;
#1423 = CARTESIAN_POINT ( 'NONE',  ( 0.000000000000000000, 1.500000000000000444, -4.500000000000000000 ) ) ;
#1424 = AXIS2_PLACEMENT_3D ( 'NONE', #4822, #1530, #747 ) ;
#1425 = AXIS2_PLACEMENT_3D ( 'NONE', #1467, #1857, #561 ) ;
#1426 = CARTESIAN_POINT ( 'NONE',  ( -1.390180519077591104, 6.500000000000000000, -0.8009322421621059007 ) ) ;
#1427 = DIRECTION ( 'NONE',  ( -0.000000000000000000, 1.000000000000000000, -0.000000000000000000 ) ) ;
#1428 =( GEOMETRIC_REPRESENTATION_CONTEXT ( 3 ) GLOBAL_UNCERTAINTY_ASSIGNED_CONTEXT ( ( #4018 ) ) GLOBAL_UNIT_ASSIGNED_CONTEXT ( ( #3898, #158, #2413 ) ) REPRESENTATION_CONTEXT ( 'NONE', 'WORKASPACE' ) );
#1429 = ORIENTED_EDGE ( 'NONE', *, *, #2689, .F. ) ;
#1430 = DIRECTION ( 'NONE',  ( -0.7071067811865473507, 2.775557561562891351E-17, 0.7071067811865477948 ) ) ;
#1431 = CARTESIAN_POINT ( 'NONE',  ( -4.555813038156334649, 7.763936109177590694, 2.192316302326503763 ) ) ;
#1432 = ADVANCED_FACE ( 'NONE', ( #869 ), #571, .T. ) ;
#1433 = DIRECTION ( 'NONE',  ( 1.000000000000000000, 2.168404344971008252E-17, 8.673617379884035472E-17 ) ) ;
#1434 = PLANE ( 'NONE',  #614 ) ;
#1435 = CIRCLE ( 'NONE', #3712, 7.650000000000000355 ) ;
#1436 = APPLICATION_PROTOCOL_DEFINITION ( 'draft international standard', 'automotive_design', 1998, #2109 ) ;
#1437 = EDGE_LOOP ( 'NONE', ( #1751, #3292, #1879, #3105 ) ) ;
#1438 = EDGE_CURVE ( 'NONE', #4703, #3432, #3006, .T. ) ;
#1439 = ORIENTED_EDGE ( 'NONE', *, *, #470, .T. ) ;
#1440 = FACE_OUTER_BOUND ( 'NONE', #2652, .T. ) ;
#1441 = AXIS2_PLACEMENT_3D ( 'NONE', #785, #1055, #2963 ) ;
#1442 = CIRCLE ( 'NONE', #4183, 0.1000000000000001443 ) ;
#1443 = CARTESIAN_POINT ( 'NONE',  ( -1.400000000000000133, 12.48000000000000043, -4.343903740188082452 ) ) ;
#1444 = DIRECTION ( 'NONE',  ( 0.000000000000000000, 0.000000000000000000, -1.000000000000000000 ) ) ;
#1445 = ORIENTED_EDGE ( 'NONE', *, *, #2402, .T. ) ;
#1446 = VERTEX_POINT ( 'NONE', #3866 ) ;
#1447 = LINE ( 'NONE', #1809, #3587 ) ;
#1448 = DIRECTION ( 'NONE',  ( 0.000000000000000000, 0.000000000000000000, 1.000000000000000000 ) ) ;
#1449 = AXIS2_PLACEMENT_3D ( 'NONE', #1275, #3090, #46 ) ;
#1450 = EDGE_CURVE ( 'NONE', #1485, #4708, #1972, .T. ) ;
#1451 = ORIENTED_EDGE ( 'NONE', *, *, #1215, .F. ) ;
#1452 = DIRECTION ( 'NONE',  ( 0.000000000000000000, 0.000000000000000000, 1.000000000000000000 ) ) ;
#1453 = AXIS2_PLACEMENT_3D ( 'NONE', #3032, #4545, #513 ) ;
#1454 = CARTESIAN_POINT ( 'NONE',  ( 0.000000000000000000, 1.500000000000000444, -4.500000000000000000 ) ) ;
#1455 = CARTESIAN_POINT ( 'NONE',  ( -1.380000000000000115, 11.52975414413175947, -5.485303232940222706 ) ) ;
#1456 = CIRCLE ( 'NONE', #829, 0.02000000000000005246 ) ;
#1457 = EDGE_LOOP ( 'NONE', ( #2457, #4327, #4114, #3540 ) ) ;
#1458 = CARTESIAN_POINT ( 'NONE',  ( 1.399999999999999689, 0.000000000000000000, -4.379999999999999893 ) ) ;
#1459 = CARTESIAN_POINT ( 'NONE',  ( -1.380000000000000115, 6.649999999999999467, -4.549999999999999822 ) ) ;
#1460 = DIRECTION ( 'NONE',  ( 8.673617379884035472E-17, 1.880790961315659329E-33, -1.000000000000000000 ) ) ;
#1461 = FACE_OUTER_BOUND ( 'NONE', #585, .T. ) ;
#1462 = VECTOR ( 'NONE', #4069, 1000.000000000000000 ) ;
#1463 = ORIENTED_EDGE ( 'NONE', *, *, #61, .T. ) ;
#1464 = VERTEX_POINT ( 'NONE', #3097 ) ;
#1465 = CARTESIAN_POINT ( 'NONE',  ( -1.380279994234274721, 6.500000000000000000, 4.549233012451844083 ) ) ;
#1466 = DIRECTION ( 'NONE',  ( -8.673617379884035472E-17, -1.880790961315659329E-33, -1.000000000000000000 ) ) ;
#1467 = CARTESIAN_POINT ( 'NONE',  ( 1.399999999999999689, 12.34999999999999964, 2.027069063257455728 ) ) ;
#1468 = EDGE_LOOP ( 'NONE', ( #3102, #4253, #914, #1324 ) ) ;
#1469 = EDGE_CURVE ( 'NONE', #2423, #1007, #559, .T. ) ;
#1470 = EDGE_CURVE ( 'NONE', #148, #1253, #3269, .T. ) ;
#1471 = VECTOR ( 'NONE', #1859, 1000.000000000000000 ) ;
#1472 = CARTESIAN_POINT ( 'NONE',  ( -1.400000000000000133, 11.43165542625050435, 5.549999999999999822 ) ) ;
#1473 = CARTESIAN_POINT ( 'NONE',  ( -2.312024219028236960, 2.048942590553174181, 4.433344562587810955 ) ) ;
#1474 = ADVANCED_FACE ( 'NONE', ( #2555 ), #4361, .T. ) ;
#1475 = DIRECTION ( 'NONE',  ( 0.000000000000000000, -0.9863939238321438596, -0.1643989873053572914 ) ) ;
#1476 = PLANE ( 'NONE',  #1983 ) ;
#1477 = DIRECTION ( 'NONE',  ( 0.000000000000000000, 0.000000000000000000, -1.000000000000000000 ) ) ;
#1478 = EDGE_CURVE ( 'NONE', #45, #2954, #318, .T. ) ;
#1479 = ORIENTED_EDGE ( 'NONE', *, *, #1134, .T. ) ;
#1480 = CARTESIAN_POINT ( 'NONE',  ( -4.500000000000000000, 1.500000000000000444, 2.179449471770337432 ) ) ;
#1481 = DIRECTION ( 'NONE',  ( -0.7203422578024066825, 0.000000000000000000, -0.6936187941687647074 ) ) ;
#1482 = AXIS2_PLACEMENT_3D ( 'NONE', #702, #3196, #2114 ) ;
#1483 = CARTESIAN_POINT ( 'NONE',  ( 2.915460667173242815, 4.909999999999999254, 5.036781010732885200 ) ) ;
#1484 = CARTESIAN_POINT ( 'NONE',  ( -2.571963978632912706, 8.000000000000000000, -7.204686064820227998 ) ) ;
#1485 = VERTEX_POINT ( 'NONE', #4770 ) ;
#1486 = AXIS2_PLACEMENT_3D ( 'NONE', #640, #4357, #3935 ) ;
#1487 = ORIENTED_EDGE ( 'NONE', *, *, #2823, .T. ) ;
#1488 = CARTESIAN_POINT ( 'NONE',  ( 0.000000000000000000, 1.699999999999999734, -6.849999999999998757 ) ) ;
#1489 = DIRECTION ( 'NONE',  ( 0.000000000000000000, 0.000000000000000000, -1.000000000000000000 ) ) ;
#1490 = ADVANCED_FACE ( 'NONE', ( #2162 ), #2826, .F. ) ;
#1491 = CARTESIAN_POINT ( 'NONE',  ( -2.915460667173294329, 3.090000000000000746, 5.036781010732854114 ) ) ;
#1492 = EDGE_LOOP ( 'NONE', ( #4562, #3885 ) ) ;
#1493 = DIRECTION ( 'NONE',  ( 1.000000000000000000, 0.000000000000000000, 0.000000000000000000 ) ) ;
#1494 = DIRECTION ( 'NONE',  ( 0.000000000000000000, 0.000000000000000000, 1.000000000000000000 ) ) ;
#1495 = EDGE_CURVE ( 'NONE', #3414, #3075, #4335, .T. ) ;
#1496 = ADVANCED_FACE ( 'NONE', ( #204 ), #1406, .T. ) ;
#1497 = CARTESIAN_POINT ( 'NONE',  ( -1.380000000000000115, 6.649999999999999467, 4.400000000000000355 ) ) ;
#1498 = CARTESIAN_POINT ( 'NONE',  ( 0.000000000000000000, 6.625340151904196340, 0.9208900253173660788 ) ) ;
#1499 = DIRECTION ( 'NONE',  ( 1.000000000000000000, 0.000000000000000000, -0.000000000000000000 ) ) ;
#1500 = AXIS2_PLACEMENT_3D ( 'NONE', #2262, #3790, #394 ) ;
#1501 = VERTEX_POINT ( 'NONE', #4721 ) ;
#1502 = CARTESIAN_POINT ( 'NONE',  ( 0.000000000000000000, 7.500000000000000000, 0.000000000000000000 ) ) ;
#1503 = AXIS2_PLACEMENT_3D ( 'NONE', #3159, #2013, #1172 ) ;
#1504 = CARTESIAN_POINT ( 'NONE',  ( -1.400000000000000133, 6.500000000000000000, 4.469999999999999751 ) ) ;
#1505 = EDGE_CURVE ( 'NONE', #466, #4476, #1797, .T. ) ;
#1506 = DIRECTION ( 'NONE',  ( 1.000000000000000000, 2.168404344971008252E-17, 8.673617379884035472E-17 ) ) ;
#1507 = CARTESIAN_POINT ( 'NONE',  ( 9.368548013477252244E-16, 8.000000000000000000, 7.650000000000000355 ) ) ;
#1508 = ORIENTED_EDGE ( 'NONE', *, *, #4079, .T. ) ;
#1509 = VERTEX_POINT ( 'NONE', #3244 ) ;
#1510 = CARTESIAN_POINT ( 'NONE',  ( 2.798813555956165544, 3.000000000000000000, -7.120240386628898577 ) ) ;
#1511 = EDGE_CURVE ( 'NONE', #44, #2696, #3545, .T. ) ;
#1512 = CARTESIAN_POINT ( 'NONE',  ( 4.500000000000000000, 7.499999999999998224, 2.179449471770337432 ) ) ;
#1513 = DIRECTION ( 'NONE',  ( 0.000000000000000000, 0.000000000000000000, -1.000000000000000000 ) ) ;
#1514 = CARTESIAN_POINT ( 'NONE',  ( 3.354592426478618439, 1.601480656498023070, -6.875287884091610735 ) ) ;
#1515 = ORIENTED_EDGE ( 'NONE', *, *, #4803, .T. ) ;
#1516 = AXIS2_PLACEMENT_3D ( 'NONE', #1896, #1086, #4151 ) ;
#1517 = DIRECTION ( 'NONE',  ( 0.7071067811865401342, 0.000000000000000000, 0.7071067811865550112 ) ) ;
#1518 = CARTESIAN_POINT ( 'NONE',  ( 2.847419838194332531, 3.008506057664685596, 7.100900871338162723 ) ) ;
#1519 = CIRCLE ( 'NONE', #655, 7.650000000000000355 ) ;
#1520 = B_SPLINE_CURVE_WITH_KNOTS ( 'NONE', 3,
 ( #3548, #3070, #1207, #1680, #2705, #4211, #846, #2336, #2524, #1720 ),
 .UNSPECIFIED., .F., .F.,
 ( 4, 2, 2, 2, 4 ),
 ( 0.000000000000000000, 7.024607880191284862E-05, 0.0001404921576038256972, 0.0002809843152076510692, 0.0005619686304153021384 ),
 .UNSPECIFIED. ) ;
#1521 = EDGE_CURVE ( 'NONE', #2651, #586, #4034, .T. ) ;
#1522 = DIRECTION ( 'NONE',  ( 1.000000000000000000, 0.000000000000000000, 0.000000000000000000 ) ) ;
#1523 = APPLICATION_CONTEXT ( 'automotive_design' ) ;
#1524 = ADVANCED_FACE ( 'NONE', ( #672 ), #3645, .F. ) ;
#1525 = AXIS2_PLACEMENT_3D ( 'NONE', #4178, #889, #815 ) ;
#1526 = CARTESIAN_POINT ( 'NONE',  ( 1.045004651996027434, -1.407485477710246791, 1.045004651996026768 ) ) ;
#1527 = ORIENTED_EDGE ( 'NONE', *, *, #2101, .T. ) ;
#1528 = ORIENTED_EDGE ( 'NONE', *, *, #1643, .F. ) ;
#1529 = CARTESIAN_POINT ( 'NONE',  ( -2.435362535369391956, 3.200000000000000178, 7.252000366886309557 ) ) ;
#1530 = DIRECTION ( 'NONE',  ( -0.7071067811865403563, 1.082467449009526863E-16, -0.7071067811865547892 ) ) ;
#1531 = CARTESIAN_POINT ( 'NONE',  ( 0.000000000000000000, 9.768344573749498494, 5.400000000000000355 ) ) ;
#1532 = EDGE_CURVE ( 'NONE', #3493, #3593, #2073, .T. ) ;
#1533 = DIRECTION ( 'NONE',  ( -1.000000000000000000, -2.168404344971008252E-17, 8.673617379884035472E-17 ) ) ;
#1534 = EDGE_LOOP ( 'NONE', ( #510, #4800, #2744, #422 ) ) ;
#1535 = CIRCLE ( 'NONE', #512, 0.1000000000000001305 ) ;
#1536 = LINE ( 'NONE', #3069, #588 ) ;
#1537 = LINE ( 'NONE', #4139, #4041 ) ;
#1538 = DIRECTION ( 'NONE',  ( -0.000000000000000000, 1.000000000000000000, -0.000000000000000000 ) ) ;
#1539 = AXIS2_PLACEMENT_3D ( 'NONE', #4116, #3728, #377 ) ;
#1540 = CARTESIAN_POINT ( 'NONE',  ( 1.399999999999999689, 8.631655426250503638, 4.379999999999999893 ) ) ;
#1541 = DIRECTION ( 'NONE',  ( 1.000000000000000000, 0.000000000000000000, 0.000000000000000000 ) ) ;
#1542 = EDGE_LOOP ( 'NONE', ( #337, #1439, #3600, #888, #3890, #2295, #1065, #2118, #1940, #2908, #2739, #3551, #2260, #4589 ) ) ;
#1543 = EDGE_CURVE ( 'NONE', #1001, #3414, #2051, .T. ) ;
#1544 = AXIS2_PLACEMENT_3D ( 'NONE', #4628, #4291, #968 ) ;
#1545 = LINE ( 'NONE', #137, #2367 ) ;
#1546 = CIRCLE ( 'NONE', #1147, 0.1000000000000001305 ) ;
#1547 = DIRECTION ( 'NONE',  ( 1.000000000000000000, 0.000000000000000000, 0.000000000000000000 ) ) ;
#1548 = FACE_BOUND ( 'NONE', #1372, .T. ) ;
#1549 = DIRECTION ( 'NONE',  ( 1.000000000000000000, 0.000000000000000000, 0.000000000000000000 ) ) ;
#1550 = VERTEX_POINT ( 'NONE', #1354 ) ;
#1551 = VERTEX_POINT ( 'NONE', #2925 ) ;
#1552 = DIRECTION ( 'NONE',  ( 0.8028956459037006610, 0.5961196035938418625, 0.000000000000000000 ) ) ;
#1553 = DIRECTION ( 'NONE',  ( -7.968020348514244863E-17, 0.6561787149247864104, -0.7546055221635050714 ) ) ;
#1554 = CYLINDRICAL_SURFACE ( 'NONE', #3317, 0.1499999999999999667 ) ;
#1555 = CARTESIAN_POINT ( 'NONE',  ( -1.400000000000000133, 9.768344573749500270, -5.400000000000000355 ) ) ;
#1556 = EDGE_LOOP ( 'NONE', ( #4321, #4152, #1679, #551 ) ) ;
#1557 = CARTESIAN_POINT ( 'NONE',  ( -2.969848480983500405, 1.499999999999999556, 7.049999999999999822 ) ) ;
#1558 = DIRECTION ( 'NONE',  ( 0.000000000000000000, 0.000000000000000000, 1.000000000000000000 ) ) ;
#1559 = AXIS2_PLACEMENT_3D ( 'NONE', #3921, #1728, #1288 ) ;
#1560 = EDGE_CURVE ( 'NONE', #2675, #1173, #1067, .T. ) ;
#1561 = CARTESIAN_POINT ( 'NONE',  ( 4.870299948342240448, 8.000000000000000000, -2.262975846493096022 ) ) ;
#1562 = CARTESIAN_POINT ( 'NONE',  ( 0.000000000000000000, 1.499999999999999556, 0.000000000000000000 ) ) ;
#1563 = CIRCLE ( 'NONE', #1321, 0.1299999999999998934 ) ;
#1564 = DIRECTION ( 'NONE',  ( 1.000000000000000000, 0.000000000000000000, 0.000000000000000000 ) ) ;
#1565 = ORIENTED_EDGE ( 'NONE', *, *, #1979, .F. ) ;
#1566 = DIRECTION ( 'NONE',  ( 1.000000000000000000, 0.000000000000000000, 0.000000000000000000 ) ) ;
#1567 = ADVANCED_FACE ( 'NONE', ( #3217 ), #3779, .T. ) ;
#1568 = EDGE_LOOP ( 'NONE', ( #2311, #307, #3679, #3873 ) ) ;
#1569 = B_SPLINE_CURVE_WITH_KNOTS ( 'NONE', 3,
 ( #1589, #3483, #3434, #877, #2007, #3506, #3127, #3079, #4632, #1264 ),
 .UNSPECIFIED., .F., .F.,
 ( 4, 2, 2, 2, 4 ),
 ( 8.673617379884035472E-19, 0.0002774483335560882580, 0.0004161725003341315739, 0.0004855345837231535571, 0.0005548966671121755402 ),
 .UNSPECIFIED. ) ;
#1570 = DIRECTION ( 'NONE',  ( 0.000000000000000000, 0.000000000000000000, -1.000000000000000000 ) ) ;
#1571 = CARTESIAN_POINT ( 'NONE',  ( 1.399999999999999689, 12.34999999999999964, -4.343903740188082452 ) ) ;
#1572 = ORIENTED_EDGE ( 'NONE', *, *, #953, .F. ) ;
#1573 = VERTEX_POINT ( 'NONE', #3743 ) ;
#1574 = CARTESIAN_POINT ( 'NONE',  ( -1.400000000000000355, 9.655153745424975398, 5.498426807238718794 ) ) ;
#1575 = PLANE ( 'NONE',  #4008 ) ;
#1576 = DIRECTION ( 'NONE',  ( 0.5120428415488840201, -0.6896551724137937045, -0.5120428415488735840 ) ) ;
#1577 = CYLINDRICAL_SURFACE ( 'NONE', #63, 0.02000000000000005246 ) ;
#1578 = ORIENTED_EDGE ( 'NONE', *, *, #4505, .T. ) ;
#1579 = AXIS2_PLACEMENT_3D ( 'NONE', #656, #2146, #3654 ) ;
#1580 = ORIENTED_EDGE ( 'NONE', *, *, #3356, .T. ) ;
#1581 = DIRECTION ( 'NONE',  ( 0.000000000000000000, 0.000000000000000000, -1.000000000000000000 ) ) ;
#1582 = ADVANCED_FACE ( 'NONE', ( #3765 ), #3369, .F. ) ;
#1583 = LINE ( 'NONE', #3049, #4520 ) ;
#1584 = AXIS2_PLACEMENT_3D ( 'NONE', #972, #575, #206 ) ;
#1585 = CARTESIAN_POINT ( 'NONE',  ( 0.000000000000000000, 12.50000000000000000, 0.000000000000000000 ) ) ;
#1586 = ADVANCED_FACE ( 'NONE', ( #2949 ), #2621, .F. ) ;
#1587 = DIRECTION ( 'NONE',  ( 0.000000000000000000, 0.000000000000000000, -1.000000000000000000 ) ) ;
#1588 = ORIENTED_EDGE ( 'NONE', *, *, #1597, .T. ) ;
#1589 = CARTESIAN_POINT ( 'NONE',  ( -3.018470195263256439, 3.000000000000000000, -7.029319859012494121 ) ) ;
#1590 = VECTOR ( 'NONE', #2345, 1000.000000000000000 ) ;
#1591 = EDGE_LOOP ( 'NONE', ( #1393, #2727, #4690, #201 ) ) ;
#1592 = VECTOR ( 'NONE', #3713, 1000.000000000000114 ) ;
#1593 = DIRECTION ( 'NONE',  ( 0.7071067811865474617, 0.000000000000000000, 0.7071067811865476838 ) ) ;
#1594 = CIRCLE ( 'NONE', #412, 0.1499999999999999667 ) ;
#1595 = FACE_OUTER_BOUND ( 'NONE', #3118, .T. ) ;
#1596 = EDGE_LOOP ( 'NONE', ( #4220, #2799, #4374, #2438 ) ) ;
#1597 = EDGE_CURVE ( 'NONE', #3832, #1240, #4637, .T. ) ;
#1598 = ORIENTED_EDGE ( 'NONE', *, *, #1029, .T. ) ;
#1599 = DIRECTION ( 'NONE',  ( 0.000000000000000000, 0.9863939238321437486, 0.1643989873053572637 ) ) ;
#1600 = AXIS2_PLACEMENT_3D ( 'NONE', #1649, #4619, #3442 ) ;
#1601 = DIRECTION ( 'NONE',  ( -1.000000000000000000, -2.168404344971008252E-17, -8.673617379884035472E-17 ) ) ;
#1602 = CYLINDRICAL_SURFACE ( 'NONE', #1952, 0.02000000000000005246 ) ;
#1603 = ORIENTED_EDGE ( 'NONE', *, *, #4498, .F. ) ;
#1604 = VECTOR ( 'NONE', #3881, 1000.000000000000000 ) ;
#1605 = VERTEX_POINT ( 'NONE', #2239 ) ;
#1606 = CARTESIAN_POINT ( 'NONE',  ( -7.261110302808396533, 3.063075121266647827, -2.408386976261427836 ) ) ;
#1607 = DIRECTION ( 'NONE',  ( -0.000000000000000000, 1.000000000000000000, -0.000000000000000000 ) ) ;
#1608 = DIRECTION ( 'NONE',  ( 2.168404344971008252E-17, -1.000000000000000000, 0.000000000000000000 ) ) ;
#1609 = CARTESIAN_POINT ( 'NONE',  ( 1.379999999999999671, 9.281463325509363926, 8.070837674355974656 ) ) ;
#1610 = CIRCLE ( 'NONE', #2858, 5.000000000000000000 ) ;
#1611 = CARTESIAN_POINT ( 'NONE',  ( -1.399999999999999911, 6.649999999999999467, 4.379999999999999893 ) ) ;
#1612 = VERTEX_POINT ( 'NONE', #724 ) ;
#1613 = AXIS2_PLACEMENT_3D ( 'NONE', #3170, #76, #3915 ) ;
#1614 = DIRECTION ( 'NONE',  ( 0.000000000000000000, 0.000000000000000000, -1.000000000000000000 ) ) ;
#1615 = APPLICATION_CONTEXT ( 'automotive_design' ) ;
#1616 = EDGE_CURVE ( 'NONE', #3343, #3179, #2212, .T. ) ;
#1617 = VERTEX_POINT ( 'NONE', #326 ) ;
#1618 = EDGE_LOOP ( 'NONE', ( #177, #2664, #2469, #1487 ) ) ;
#1619 = AXIS2_PLACEMENT_3D ( 'NONE', #4558, #454, #1634 ) ;
#1620 = CARTESIAN_POINT ( 'NONE',  ( 4.433344562587840265, 2.048942590553171961, -2.312024219028176120 ) ) ;
#1621 = ADVANCED_FACE ( 'NONE', ( #4457 ), #245, .T. ) ;
#1622 = CARTESIAN_POINT ( 'NONE',  ( 1.399999999999999689, 6.649999999999999467, -4.549999999999999822 ) ) ;
#1623 = DIRECTION ( 'NONE',  ( 0.000000000000000000, -1.000000000000000000, 0.000000000000000000 ) ) ;
#1624 = VERTEX_POINT ( 'NONE', #1504 ) ;
#1625 = ORIENTED_EDGE ( 'NONE', *, *, #3381, .F. ) ;
#1626 = DIRECTION ( 'NONE',  ( 0.000000000000000000, -0.1643989873053572637, 0.9863939238321437486 ) ) ;
#1627 = CARTESIAN_POINT ( 'NONE',  ( 1.379999999999999671, 0.000000000000000000, -5.530000000000000249 ) ) ;
#1628 = ADVANCED_FACE ( 'NONE', ( #4156 ), #2670, .T. ) ;
#1629 = CARTESIAN_POINT ( 'NONE',  ( 1.399999999999999689, 6.649999999999999467, 4.400000000000000355 ) ) ;
#1630 = ORIENTED_EDGE ( 'NONE', *, *, #4167, .F. ) ;
#1631 = ORIENTED_EDGE ( 'NONE', *, *, #4109, .F. ) ;
#1632 = DIRECTION ( 'NONE',  ( -1.000000000000000000, -2.168404344971008252E-17, -8.673617379884035472E-17 ) ) ;
#1633 = FACE_OUTER_BOUND ( 'NONE', #1093, .T. ) ;
#1634 = DIRECTION ( 'NONE',  ( -1.000000000000000000, 0.000000000000000000, -0.000000000000000000 ) ) ;
#1635 = CYLINDRICAL_SURFACE ( 'NONE', #4495, 0.02000000000000053471 ) ;
#1636 = LINE ( 'NONE', #4702, #3064 ) ;
#1637 = VERTEX_POINT ( 'NONE', #3719 ) ;
#1638 = CYLINDRICAL_SURFACE ( 'NONE', #3555, 0.1499999999999999667 ) ;
#1639 = VECTOR ( 'NONE', #3247, 1000.000000000000000 ) ;
#1640 = VERTEX_POINT ( 'NONE', #4132 ) ;
#1641 = ORIENTED_EDGE ( 'NONE', *, *, #3356, .F. ) ;
#1642 = DIRECTION ( 'NONE',  ( -0.000000000000000000, -1.000000000000000000, -0.000000000000000000 ) ) ;
#1643 = EDGE_CURVE ( 'NONE', #4684, #39, #2576, .T. ) ;
#1644 = DIRECTION ( 'NONE',  ( 1.000000000000000000, 2.168404344971008252E-17, 8.673617379884035472E-17 ) ) ;
#1645 = CARTESIAN_POINT ( 'NONE',  ( 3.405877273185280441, 1.676207172489686315, 6.849999999999999645 ) ) ;
#1646 = EDGE_CURVE ( 'NONE', #451, #3988, #3391, .T. ) ;
#1647 = EDGE_LOOP ( 'NONE', ( #2050, #3440, #4012, #3558 ) ) ;
#1648 = ORIENTED_EDGE ( 'NONE', *, *, #3492, .F. ) ;
#1649 = CARTESIAN_POINT ( 'NONE',  ( -1.380000000000000115, 11.43165542625050435, 5.400000000000000355 ) ) ;
#1650 = DIRECTION ( 'NONE',  ( 1.000000000000000000, 0.000000000000000000, -0.000000000000000000 ) ) ;
#1651 = DIRECTION ( 'NONE',  ( -2.168404344971008252E-17, 1.000000000000000000, 0.000000000000000000 ) ) ;
#1652 = EDGE_LOOP ( 'NONE', ( #1338, #4004, #2364, #4371 ) ) ;
#1653 = EDGE_LOOP ( 'NONE', ( #3373, #4375, #4424, #114 ) ) ;
#1654 = CARTESIAN_POINT ( 'NONE',  ( -7.293768092963841099, 3.153845617810560498, -2.307304989425262853 ) ) ;
#1655 = CARTESIAN_POINT ( 'NONE',  ( -2.798813555956164656, 3.000000000000000888, 7.120240386628901241 ) ) ;
#1656 = DIRECTION ( 'NONE',  ( -5.122298795473439605E-17, -0.6561787149247870765, 0.7546055221635045163 ) ) ;
#1657 = DIRECTION ( 'NONE',  ( 1.000000000000000000, 2.168404344971008252E-17, 8.673617379884035472E-17 ) ) ;
#1658 = ORIENTED_EDGE ( 'NONE', *, *, #1403, .T. ) ;
#1659 = EDGE_CURVE ( 'NONE', #3282, #159, #4249, .T. ) ;
#1660 = AXIS2_PLACEMENT_3D ( 'NONE', #4200, #144, #440 ) ;
#1661 = FACE_OUTER_BOUND ( 'NONE', #1685, .T. ) ;
#1662 = VERTEX_POINT ( 'NONE', #1847 ) ;
#1663 = VERTEX_POINT ( 'NONE', #1918 ) ;
#1664 = ORIENTED_EDGE ( 'NONE', *, *, #909, .F. ) ;
#1665 = CARTESIAN_POINT ( 'NONE',  ( -1.385521695682327525, 6.500000000000000000, 0.7880629224027729807 ) ) ;
#1666 = DIRECTION ( 'NONE',  ( 0.7071067811865563435, 0.000000000000000000, -0.7071067811865388020 ) ) ;
#1667 = AXIS2_PLACEMENT_3D ( 'NONE', #4620, #2748, #4256 ) ;
#1668 = CARTESIAN_POINT ( 'NONE',  ( 3.371095403779720723, 1.616491533522731894, 6.867199217059265060 ) ) ;
#1669 = ADVANCED_FACE ( 'NONE', ( #27, #4843 ), #3017, .F. ) ;
#1670 = ORIENTED_EDGE ( 'NONE', *, *, #185, .F. ) ;
#1671 = AXIS2_PLACEMENT_3D ( 'NONE', #2229, #3008, #2276 ) ;
#1672 = CIRCLE ( 'NONE', #574, 0.02000000000000005246 ) ;
#1673 = ORIENTED_EDGE ( 'NONE', *, *, #3792, .T. ) ;
#1674 = DIRECTION ( 'NONE',  ( 0.000000000000000000, -0.000000000000000000, 1.000000000000000000 ) ) ;
#1675 =( LENGTH_UNIT ( ) NAMED_UNIT ( * ) SI_UNIT ( .MILLI., .METRE. ) );
#1676 = ADVANCED_FACE ( 'NONE', ( #816 ), #4529, .F. ) ;
#1677 = LINE ( 'NONE', #2355, #704 ) ;
#1678 = ADVANCED_FACE ( 'NONE', ( #2598 ), #3419, .T. ) ;
#1679 = ORIENTED_EDGE ( 'NONE', *, *, #4652, .F. ) ;
#1680 = CARTESIAN_POINT ( 'NONE',  ( 7.284988917792942331, 3.116491533522732116, 2.334875965827334365 ) ) ;
#1681 = CARTESIAN_POINT ( 'NONE',  ( -2.472118714102114367, 3.116491533522731672, 7.239567554180997178 ) ) ;
#1682 = ADVANCED_FACE ( 'NONE', ( #4551 ), #3065, .F. ) ;
#1683 = CARTESIAN_POINT ( 'NONE',  ( -4.985102807365159983, 3.200000000000000178, 4.985102807365162647 ) ) ;
#1684 = DIRECTION ( 'NONE',  ( 0.000000000000000000, 0.000000000000000000, -1.000000000000000000 ) ) ;
#1685 = EDGE_LOOP ( 'NONE', ( #4541, #1266, #1174, #3398 ) ) ;
#1686 = AXIS2_PLACEMENT_3D ( 'NONE', #2330, #96, #3811 ) ;
#1687 = VECTOR ( 'NONE', #3063, 1000.000000000000000 ) ;
#1688 = DIRECTION ( 'NONE',  ( -0.000000000000000000, 1.000000000000000000, 0.000000000000000000 ) ) ;
#1689 = ADVANCED_FACE ( 'NONE', ( #2308 ), #3813, .T. ) ;
#1690 = ORIENTED_EDGE ( 'NONE', *, *, #4148, .F. ) ;
#1691 = ORIENTED_EDGE ( 'NONE', *, *, #2090, .T. ) ;
#1692 = CARTESIAN_POINT ( 'NONE',  ( 0.000000000000000000, -8.000000000000000000, -7.650000000000000355 ) ) ;
#1693 = DIRECTION ( 'NONE',  ( 0.000000000000000000, 0.000000000000000000, -1.000000000000000000 ) ) ;
#1694 = DIRECTION ( 'NONE',  ( 0.000000000000000000, 1.000000000000000000, 0.000000000000000000 ) ) ;
#1695 = EDGE_LOOP ( 'NONE', ( #579, #894, #4786, #4194 ) ) ;
#1696 = ORIENTED_EDGE ( 'NONE', *, *, #198, .F. ) ;
#1697 = FACE_OUTER_BOUND ( 'NONE', #424, .T. ) ;
#1698 = AXIS2_PLACEMENT_3D ( 'NONE', #1683, #4336, #922 ) ;
#1699 = DIRECTION ( 'NONE',  ( 0.4876598490941726483, -0.7241379310344822073, -0.4876598490941694841 ) ) ;
#1700 = CYLINDRICAL_SURFACE ( 'NONE', #4231, 0.5000000000000004441 ) ;
#1701 = ORIENTED_EDGE ( 'NONE', *, *, #4485, .T. ) ;
#1702 = DIRECTION ( 'NONE',  ( 0.000000000000000000, 0.000000000000000000, 1.000000000000000000 ) ) ;
#1703 = DIRECTION ( 'NONE',  ( 0.7203422578024066825, 0.000000000000000000, 0.6936187941687647074 ) ) ;
#1704 = FACE_BOUND ( 'NONE', #1437, .T. ) ;
#1705 = ORIENTED_EDGE ( 'NONE', *, *, #4137, .T. ) ;
#1706 = CARTESIAN_POINT ( 'NONE',  ( -1.399999999999999911, 6.649999999999999467, -4.379999999999999893 ) ) ;
#1707 = CARTESIAN_POINT ( 'NONE',  ( -7.252000366886311333, 8.000000000000000000, 2.435362535369389292 ) ) ;
#1708 = ORIENTED_EDGE ( 'NONE', *, *, #4196, .T. ) ;
#1709 = VERTEX_POINT ( 'NONE', #447 ) ;
#1710 = ADVANCED_FACE ( 'NONE', ( #3443 ), #1575, .T. ) ;
#1711 = FACE_OUTER_BOUND ( 'NONE', #4402, .T. ) ;
#1712 = CIRCLE ( 'NONE', #3525, 0.02000000000000005246 ) ;
#1713 = CARTESIAN_POINT ( 'NONE',  ( -1.379999999999999449, 0.02644174998362247911, -0.1586504999017351591 ) ) ;
#1714 = VERTEX_POINT ( 'NONE', #4390 ) ;
#1715 = ORIENTED_EDGE ( 'NONE', *, *, #2034, .F. ) ;
#1716 = DIRECTION ( 'NONE',  ( -0.000000000000000000, -0.6561787149247684248, -0.7546055221635205035 ) ) ;
#1717 = DIRECTION ( 'NONE',  ( 0.000000000000000000, 0.000000000000000000, -1.000000000000000000 ) ) ;
#1718 = CARTESIAN_POINT ( 'NONE',  ( 1.379999999999999671, 11.43165542625050612, -5.530000000000000249 ) ) ;
#1719 = ORIENTED_EDGE ( 'NONE', *, *, #48, .T. ) ;
#1720 = CARTESIAN_POINT ( 'NONE',  ( 7.138355639750680659, 3.000000000000000000, 2.750705138767090663 ) ) ;
#1721 = DIRECTION ( 'NONE',  ( 0.000000000000000000, 0.000000000000000000, -1.000000000000000000 ) ) ;
#1722 = DIRECTION ( 'NONE',  ( 0.000000000000000000, 1.000000000000000000, 0.000000000000000000 ) ) ;
#1723 = DIRECTION ( 'NONE',  ( 1.000000000000000000, 2.168404344971008252E-17, -8.673617379884035472E-17 ) ) ;
#1724 = DIRECTION ( 'NONE',  ( 1.000000000000000000, 0.000000000000000000, 0.000000000000000000 ) ) ;
#1725 = ORIENTED_EDGE ( 'NONE', *, *, #3047, .T. ) ;
#1726 = EDGE_CURVE ( 'NONE', #2401, #4333, #679, .T. ) ;
#1727 = CARTESIAN_POINT ( 'NONE',  ( 1.379999999999999671, 0.000000000000000000, 5.530000000000000249 ) ) ;
#1728 = DIRECTION ( 'NONE',  ( 0.000000000000000000, 1.000000000000000000, 0.000000000000000000 ) ) ;
#1729 = ADVANCED_FACE ( 'NONE', ( #3675 ), #1335, .T. ) ;
#1730 = VERTEX_POINT ( 'NONE', #1706 ) ;
#1731 = ORIENTED_EDGE ( 'NONE', *, *, #1894, .F. ) ;
#1732 = VECTOR ( 'NONE', #743, 1000.000000000000227 ) ;
#1733 = CARTESIAN_POINT ( 'NONE',  ( 0.000000000000000000, 12.34999999999999964, -2.027069063257456172 ) ) ;
#1734 = CARTESIAN_POINT ( 'NONE',  ( 1.399999999999999689, 8.759938365018303585, 4.438449618462789736 ) ) ;
#1735 = AXIS2_PLACEMENT_3D ( 'NONE', #2433, #1235, #4266 ) ;
#1736 = ORIENTED_EDGE ( 'NONE', *, *, #898, .F. ) ;
#1737 = ORIENTED_EDGE ( 'NONE', *, *, #2622, .T. ) ;
#1738 = CARTESIAN_POINT ( 'NONE',  ( -3.354592426478614886, 1.601480656498023070, 6.875287884091614288 ) ) ;
#1739 = PRODUCT ( 'Snap Fit Female V2', 'Snap Fit Female V2', '', ( #4751 ) ) ;
#1740 = FACE_OUTER_BOUND ( 'NONE', #1492, .T. ) ;
#1741 = CARTESIAN_POINT ( 'NONE',  ( 0.000000000000000000, 1.500000000000000444, 0.000000000000000000 ) ) ;
#1742 = EDGE_CURVE ( 'NONE', #3971, #1573, #1033, .T. ) ;
#1743 = AXIS2_PLACEMENT_3D ( 'NONE', #1123, #1860, #4448 ) ;
#1744 = EDGE_LOOP ( 'NONE', ( #2537, #51, #2267, #4825 ) ) ;
#1745 = DIRECTION ( 'NONE',  ( 0.000000000000000000, 1.000000000000000000, 0.000000000000000000 ) ) ;
#1746 = CARTESIAN_POINT ( 'NONE',  ( 7.153438812664353996, 3.008506057664686928, -2.712730372333560069 ) ) ;
#1747 = AXIS2_PLACEMENT_3D ( 'NONE', #119, #2741, #4248 ) ;
#1748 = CARTESIAN_POINT ( 'NONE',  ( -1.379999999999999893, 12.34999999999999964, 2.027069063257455728 ) ) ;
#1749 = CARTESIAN_POINT ( 'NONE',  ( -2.263182533822390319, 8.000000000000001776, -4.871246803256979341 ) ) ;
#1750 =( NAMED_UNIT ( * ) SI_UNIT ( $, .STERADIAN. ) SOLID_ANGLE_UNIT ( ) );
#1751 = ORIENTED_EDGE ( 'NONE', *, *, #3266, .F. ) ;
#1752 = EDGE_LOOP ( 'NONE', ( #2745, #2259, #881, #657 ) ) ;
#1753 = CARTESIAN_POINT ( 'NONE',  ( 1.399999999999999689, 11.52975414413175947, 5.485303232940220930 ) ) ;
#1754 = AXIS2_PLACEMENT_3D ( 'NONE', #1819, #324, #2261 ) ;
#1755 = ORIENTED_EDGE ( 'NONE', *, *, #4733, .T. ) ;
#1756 = ORIENTED_EDGE ( 'NONE', *, *, #3966, .F. ) ;
#1757 = AXIS2_PLACEMENT_3D ( 'NONE', #636, #958, #3590 ) ;
#1758 = CARTESIAN_POINT ( 'NONE',  ( -1.399999999999999689, 6.500000000000000000, 0.8398232385305505199 ) ) ;
#1759 = EDGE_CURVE ( 'NONE', #3426, #1166, #2095, .T. ) ;
#1760 = ADVANCED_FACE ( 'NONE', ( #974 ), #2863, .T. ) ;
#1761 = DIRECTION ( 'NONE',  ( 8.673617379884035472E-17, 1.880790961315659329E-33, -1.000000000000000000 ) ) ;
#1762 = AXIS2_PLACEMENT_3D ( 'NONE', #2289, #3797, #1924 ) ;
#1763 = ADVANCED_FACE ( 'NONE', ( #1362 ), #2548, .T. ) ;
#1764 = ORIENTED_EDGE ( 'NONE', *, *, #1106, .T. ) ;
#1765 = DIRECTION ( 'NONE',  ( -0.4876598490941707609, 0.7241379310344824294, -0.4876598490941710939 ) ) ;
#1766 = VECTOR ( 'NONE', #3918, 1000.000000000000000 ) ;
#1767 = DIRECTION ( 'NONE',  ( 0.000000000000000000, 1.000000000000000000, 0.000000000000000000 ) ) ;
#1768 = DIRECTION ( 'NONE',  ( -0.000000000000000000, 1.000000000000000000, 0.000000000000000000 ) ) ;
#1769 = VECTOR ( 'NONE', #4844, 1000.000000000000000 ) ;
#1770 = ORIENTED_EDGE ( 'NONE', *, *, #4233, .F. ) ;
#1771 = DIRECTION ( 'NONE',  ( 0.000000000000000000, 0.000000000000000000, -1.000000000000000000 ) ) ;
#1772 = CARTESIAN_POINT ( 'NONE',  ( -4.999999999999999112, 8.000000000000000000, 2.291287847478249429 ) ) ;
#1773 = ADVANCED_FACE ( 'NONE', ( #3579 ), #2506, .T. ) ;
#1774 = FACE_OUTER_BOUND ( 'NONE', #3333, .T. ) ;
#1775 = LINE ( 'NONE', #4772, #1639 ) ;
#1776 = DIRECTION ( 'NONE',  ( -0.7071067811865463515, -6.883382752675967395E-15, 0.7071067811865487940 ) ) ;
#1777 = ORIENTED_EDGE ( 'NONE', *, *, #3201, .T. ) ;
#1778 = AXIS2_PLACEMENT_3D ( 'NONE', #4518, #179, #2047 ) ;
#1779 = ORIENTED_EDGE ( 'NONE', *, *, #2516, .T. ) ;
#1780 = CARTESIAN_POINT ( 'NONE',  ( 1.399999999999999689, 8.631655426250503638, 4.549999999999999822 ) ) ;
#1781 = CARTESIAN_POINT ( 'NONE',  ( -1.399999999999999467, 0.02644174998362248258, 0.1586504999017351869 ) ) ;
#1782 = CARTESIAN_POINT ( 'NONE',  ( 0.000000000000000000, 6.500000000000000000, -7.650000000000000355 ) ) ;
#1783 = ORIENTED_EDGE ( 'NONE', *, *, #236, .T. ) ;
#1784 = ORIENTED_EDGE ( 'NONE', *, *, #1511, .F. ) ;
#1785 = LINE ( 'NONE', #1472, #1471 ) ;
#1786 = DIRECTION ( 'NONE',  ( 0.000000000000000000, 1.000000000000000000, 0.000000000000000000 ) ) ;
#1787 = FACE_OUTER_BOUND ( 'NONE', #3662, .T. ) ;
#1788 = EDGE_CURVE ( 'NONE', #1031, #1637, #3991, .T. ) ;
#1789 = ORIENTED_EDGE ( 'NONE', *, *, #4109, .T. ) ;
#1790 = CARTESIAN_POINT ( 'NONE',  ( -2.291287847478249429, 8.000000000000000000, -4.999999999999848121 ) ) ;
#1791 = CARTESIAN_POINT ( 'NONE',  ( -1.379999999999999671, 6.500000000000000000, -0.7729309367425445387 ) ) ;
#1792 = AXIS2_PLACEMENT_3D ( 'NONE', #4135, #1895, #3371 ) ;
#1793 = ADVANCED_FACE ( 'NONE', ( #1440 ), #4726, .F. ) ;
#1794 = CARTESIAN_POINT ( 'NONE',  ( 1.397319086605161687, 6.500000000000000000, -0.8267289123675667373 ) ) ;
#1795 = ORIENTED_EDGE ( 'NONE', *, *, #4766, .F. ) ;
#1796 = LINE ( 'NONE', #2452, #1201 ) ;
#1797 = LINE ( 'NONE', #3294, #3220 ) ;
#1798 = CARTESIAN_POINT ( 'NONE',  ( -1.060660171779820526, 0.000000000000000000, 1.060660171779820526 ) ) ;
#1799 = FACE_OUTER_BOUND ( 'NONE', #3274, .T. ) ;
#1800 = APPLICATION_PROTOCOL_DEFINITION ( 'draft international standard', 'automotive_design', 1998, #3876 ) ;
#1801 = ORIENTED_EDGE ( 'NONE', *, *, #3325, .F. ) ;
#1802 = VERTEX_POINT ( 'NONE', #233 ) ;
#1803 = CARTESIAN_POINT ( 'NONE',  ( 1.379999999999999671, 6.649999999999999467, 0.7729309367425446498 ) ) ;
#1804 = CARTESIAN_POINT ( 'NONE',  ( 4.555805433952622607, 7.763919350724530766, 2.192314546146025389 ) ) ;
#1805 = CYLINDRICAL_SURFACE ( 'NONE', #1579, 0.1499999999999999667 ) ;
#1806 = VERTEX_POINT ( 'NONE', #2904 ) ;
#1807 = ADVANCED_FACE ( 'NONE', ( #1391, #3251 ), #2857, .T. ) ;
#1808 = VERTEX_POINT ( 'NONE', #3277 ) ;
#1809 = CARTESIAN_POINT ( 'NONE',  ( -4.843681451127849868, 8.000000000000000000, 4.843681451127852533 ) ) ;
#1810 = DIRECTION ( 'NONE',  ( -0.7071067811865473507, 8.049116928532377276E-17, 0.7071067811865477948 ) ) ;
#1811 = VECTOR ( 'NONE', #1097, 1000.000000000000000 ) ;
#1812 = ORIENTED_EDGE ( 'NONE', *, *, #597, .T. ) ;
#1813 = FACE_OUTER_BOUND ( 'NONE', #1591, .T. ) ;
#1814 = VECTOR ( 'NONE', #4503, 1000.000000000000000 ) ;
#1815 = PLANE ( 'NONE',  #2216 ) ;
#1816 = EDGE_CURVE ( 'NONE', #684, #3510, #361, .T. ) ;
#1817 = CARTESIAN_POINT ( 'NONE',  ( 0.000000000000000000, 8.000000000000000000, 0.000000000000000000 ) ) ;
#1818 = ORIENTED_EDGE ( 'NONE', *, *, #390, .T. ) ;
#1819 = CARTESIAN_POINT ( 'NONE',  ( -1.399999999999999689, 6.649999999999999467, 0.7729309367425446498 ) ) ;
#1820 = CARTESIAN_POINT ( 'NONE',  ( 0.000000000000000000, 0.000000000000000000, 4.400000000000000355 ) ) ;
#1821 = EDGE_CURVE ( 'NONE', #263, #3022, #626, .T. ) ;
#1822 = DIRECTION ( 'NONE',  ( 0.000000000000000000, -0.9863939238321488556, 0.1643989873053274264 ) ) ;
#1823 = APPLICATION_CONTEXT ( 'automotive_design' ) ;
#1824 = EDGE_CURVE ( 'NONE', #4683, #3253, #3580, .T. ) ;
#1825 = CARTESIAN_POINT ( 'NONE',  ( 1.379999999999999671, 11.43165542625050612, -5.549999999999999822 ) ) ;
#1826 = PRODUCT ( 'straight', 'straight', '', ( #3297 ) ) ;
#1827 = PRODUCT_CONTEXT ( 'NONE', #3166, 'mechanical' ) ;
#1828 = ORIENTED_EDGE ( 'NONE', *, *, #1957, .F. ) ;
#1829 = EDGE_LOOP ( 'NONE', ( #633, #301, #1887, #2428 ) ) ;
#1830 = DIRECTION ( 'NONE',  ( 0.000000000000000000, 0.000000000000000000, 1.000000000000000000 ) ) ;
#1831 = ADVANCED_FACE ( 'NONE', ( #4777 ), #1413, .T. ) ;
#1832 = AXIS2_PLACEMENT_3D ( 'NONE', #959, #4284, #3190 ) ;
#1833 = DIRECTION ( 'NONE',  ( -0.000000000000000000, -1.000000000000000000, -0.000000000000000000 ) ) ;
#1834 = CARTESIAN_POINT ( 'NONE',  ( 1.399999999999999689, 9.670245855868246920, -5.485303232940223594 ) ) ;
#1835 = ORIENTED_EDGE ( 'NONE', *, *, #509, .T. ) ;
#1836 = ORIENTED_EDGE ( 'NONE', *, *, #113, .T. ) ;
#1837 = DIRECTION ( 'NONE',  ( 1.000000000000000000, -0.000000000000000000, 0.000000000000000000 ) ) ;
#1838 = AXIS2_PLACEMENT_3D ( 'NONE', #4429, #370, #697 ) ;
#1839 = CARTESIAN_POINT ( 'NONE',  ( 2.608461341437267933, 3.116536647565486984, 7.191567056828626292 ) ) ;
#1840 = ADVANCED_FACE ( 'NONE', ( #757 ), #4091, .T. ) ;
#1841 = AXIS2_PLACEMENT_3D ( 'NONE', #4399, #3565, #2470 ) ;
#1842 = LINE ( 'NONE', #17, #1132 ) ;
#1843 = CIRCLE ( 'NONE', #4513, 7.650000000000000355 ) ;
#1844 = CARTESIAN_POINT ( 'NONE',  ( 1.379999999999999671, 6.500000000000000000, 0.7729309367425446498 ) ) ;
#1845 = ORIENTED_EDGE ( 'NONE', *, *, #4228, .T. ) ;
#1846 = CARTESIAN_POINT ( 'NONE',  ( 1.379999999999999671, 11.52975414413175947, 5.485303232940222706 ) ) ;
#1847 = CARTESIAN_POINT ( 'NONE',  ( 1.399999999999999689, 8.759938365018300033, -4.438449618462785295 ) ) ;
#1848 = DIRECTION ( 'NONE',  ( 0.7071067811865475727, 0.000000000000000000, -0.7071067811865475727 ) ) ;
#1849 = CARTESIAN_POINT ( 'NONE',  ( 1.393823247546297717, 6.500000000000000000, 0.8140959846906092867 ) ) ;
#1850 = VECTOR ( 'NONE', #4805, 1000.000000000000000 ) ;
#1851 = CONTEXT_DEPENDENT_SHAPE_REPRESENTATION ( #680, #2405 ) ;
#1852 = ORIENTED_EDGE ( 'NONE', *, *, #383, .T. ) ;
#1853 = ORIENTED_EDGE ( 'NONE', *, *, #3401, .F. ) ;
#1854 = CARTESIAN_POINT ( 'NONE',  ( -4.433344562587834048, 2.048942590553171961, -2.312024219028189886 ) ) ;
#1855 = LINE ( 'NONE', #2584, #1217 ) ;
#1856 = ADVANCED_FACE ( 'NONE', ( #2144 ), #3418, .T. ) ;
#1857 = DIRECTION ( 'NONE',  ( 1.000000000000000000, 0.000000000000000000, 0.000000000000000000 ) ) ;
#1858 = ORIENTED_EDGE ( 'NONE', *, *, #23, .T. ) ;
#1859 = DIRECTION ( 'NONE',  ( -1.000000000000000000, 0.000000000000000000, -0.000000000000000000 ) ) ;
#1860 = DIRECTION ( 'NONE',  ( 0.7203422578024066825, 0.000000000000000000, 0.6936187941687648184 ) ) ;
#1861 = EDGE_CURVE ( 'NONE', #3117, #1485, #1376, .T. ) ;
#1862 = FACE_OUTER_BOUND ( 'NONE', #1752, .T. ) ;
#1863 = CARTESIAN_POINT ( 'NONE',  ( 3.956290731841337838, 2.373921791567575657, 3.226782805549678557 ) ) ;
#1864 = CARTESIAN_POINT ( 'NONE',  ( 4.999999999999999112, 8.000000000000000000, 2.291287847478249429 ) ) ;
#1865 = EDGE_CURVE ( 'NONE', #68, #3496, #1855, .T. ) ;
#1866 = VERTEX_POINT ( 'NONE', #4830 ) ;
#1867 = DIRECTION ( 'NONE',  ( 0.7071067811865477948, -0.000000000000000000, 0.7071067811865473507 ) ) ;
#1868 = TOROIDAL_SURFACE ( 'NONE', #1559, 5.500000000000000000, 0.5000000000000000000 ) ;
#1869 = CARTESIAN_POINT ( 'NONE',  ( -1.380000000000000115, 6.649999999999999467, 4.549999999999999822 ) ) ;
#1870 = DIRECTION ( 'NONE',  ( 1.000000000000000000, 0.000000000000000000, 0.000000000000000000 ) ) ;
#1871 = VERTEX_POINT ( 'NONE', #2977 ) ;
#1872 = CIRCLE ( 'NONE', #3682, 0.1000000000000001443 ) ;
#1873 = ORIENTED_EDGE ( 'NONE', *, *, #2180, .F. ) ;
#1874 = DIRECTION ( 'NONE',  ( 0.000000000000000000, 0.000000000000000000, 1.000000000000000000 ) ) ;
#1875 = LINE ( 'NONE', #4017, #2006 ) ;
#1876 = PLANE ( 'NONE',  #2769 ) ;
#1877 = EDGE_CURVE ( 'NONE', #14, #2872, #435, .T. ) ;
#1878 = CARTESIAN_POINT ( 'NONE',  ( -4.433344562587856252, 2.048942590553170628, 2.312024219028144145 ) ) ;
#1879 = ORIENTED_EDGE ( 'NONE', *, *, #2836, .F. ) ;
#1880 = CARTESIAN_POINT ( 'NONE',  ( 0.000000000000000000, 1.699999999999999734, -7.049999999999998046 ) ) ;
#1881 = EDGE_CURVE ( 'NONE', #1808, #45, #2507, .T. ) ;
#1882 = PLANE ( 'NONE',  #1743 ) ;
#1883 = CARTESIAN_POINT ( 'NONE',  ( 4.500000000000000000, 1.500000000000000444, 0.000000000000000000 ) ) ;
#1884 = EDGE_CURVE ( 'NONE', #4353, #4106, #3425, .T. ) ;
#1885 = PRESENTATION_STYLE_ASSIGNMENT (( #4546 ) ) ;
#1886 = DIRECTION ( 'NONE',  ( 0.000000000000000000, -0.6561787149247869655, -0.7546055221635044052 ) ) ;
#1887 = ORIENTED_EDGE ( 'NONE', *, *, #294, .F. ) ;
#1888 = AXIS2_PLACEMENT_3D ( 'NONE', #4605, #1231, #132 ) ;
#1889 = EDGE_LOOP ( 'NONE', ( #611, #2834, #2004, #3648 ) ) ;
#1890 = DIRECTION ( 'NONE',  ( -1.000000000000000000, -0.000000000000000000, -0.000000000000000000 ) ) ;
#1891 = CIRCLE ( 'NONE', #2590, 7.650000000000000355 ) ;
#1892 = CARTESIAN_POINT ( 'NONE',  ( -2.279064564105349078, 2.000000000000000444, -4.400384907664990131 ) ) ;
#1893 = PLANE ( 'NONE',  #4576 ) ;
#1894 = EDGE_CURVE ( 'NONE', #3572, #1001, #4464, .T. ) ;
#1895 = DIRECTION ( 'NONE',  ( 0.000000000000000000, 0.6561787149247684248, -0.7546055221635205035 ) ) ;
#1896 = CARTESIAN_POINT ( 'NONE',  ( -1.380000000000000115, 9.670245855868245144, 5.485303232940222706 ) ) ;
#1897 = VERTEX_POINT ( 'NONE', #4413 ) ;
#1898 = ORIENTED_EDGE ( 'NONE', *, *, #2298, .T. ) ;
#1899 = LINE ( 'NONE', #1488, #908 ) ;
#1900 = CARTESIAN_POINT ( 'NONE',  ( -1.399999999999999911, 12.34999999999999964, -2.027069063257456172 ) ) ;
#1901 = PRESENTATION_LAYER_ASSIGNMENT (  '', '', ( #2058 ) ) ;
#1902 = CYLINDRICAL_SURFACE ( 'NONE', #2921, 0.01999999999999992062 ) ;
#1903 = DIRECTION ( 'NONE',  ( 0.000000000000000000, 0.000000000000000000, -1.000000000000000000 ) ) ;
#1904 = VERTEX_POINT ( 'NONE', #4486 ) ;
#1905 = CIRCLE ( 'NONE', #3793, 7.650000000000000355 ) ;
#1906 = TOROIDAL_SURFACE ( 'NONE', #4025, 0.1299999999999999767, 0.02000000000000000042 ) ;
#1907 = B_SPLINE_CURVE_WITH_KNOTS ( 'NONE', 3,
 ( #4682, #2485, #2832, #4318, #3581, #948, #3901, #3252, #532, #209 ),
 .UNSPECIFIED., .F., .F.,
 ( 4, 3, 3, 4 ),
 ( 0.000000000000000000, 3.932309463598236910E-05, 8.009671586239446852E-05, 8.254620561176657771E-05 ),
 .UNSPECIFIED. ) ;
#1908 = DIRECTION ( 'NONE',  ( 0.000000000000000000, 0.000000000000000000, 1.000000000000000000 ) ) ;
#1909 = VECTOR ( 'NONE', #1185, 1000.000000000000000 ) ;
#1910 = CARTESIAN_POINT ( 'NONE',  ( 0.000000000000000000, 6.500000000000000000, 0.000000000000000000 ) ) ;
#1911 = EDGE_CURVE ( 'NONE', #1662, #4515, #1875, .T. ) ;
#1912 = VECTOR ( 'NONE', #570, 1000.000000000000000 ) ;
#1913 = PLANE ( 'NONE',  #4250 ) ;
#1914 = ORIENTED_EDGE ( 'NONE', *, *, #2246, .F. ) ;
#1915 = EDGE_LOOP ( 'NONE', ( #4112, #2147, #3187, #1390 ) ) ;
#1916 = CARTESIAN_POINT ( 'NONE',  ( 2.192314546146025389, 7.763919350724530766, 4.555805433952621719 ) ) ;
#1917 = CIRCLE ( 'NONE', #4356, 0.01999999999999999695 ) ;
#1918 = CARTESIAN_POINT ( 'NONE',  ( 2.966664951328131128, 3.021034482758621298, 5.087985294887771737 ) ) ;
#1919 = DIRECTION ( 'NONE',  ( 1.000000000000000000, -0.000000000000000000, 0.000000000000000000 ) ) ;
#1920 = CARTESIAN_POINT ( 'NONE',  ( 1.399999999999999689, 12.37137186834970137, 1.898837853159277556 ) ) ;
#1921 = ORIENTED_EDGE ( 'NONE', *, *, #2622, .F. ) ;
#1922 = VECTOR ( 'NONE', #754, 1000.000000000000000 ) ;
#1923 = EDGE_CURVE ( 'NONE', #4611, #2423, #285, .T. ) ;
#1924 = DIRECTION ( 'NONE',  ( 0.000000000000000000, -0.7546055221634990762, 0.6561787149247930717 ) ) ;
#1925 = CARTESIAN_POINT ( 'NONE',  ( 1.379999999999999671, 6.500000000000000000, -4.549999999999999822 ) ) ;
#1926 = DIRECTION ( 'NONE',  ( 0.000000000000000000, 1.000000000000000000, 0.000000000000000000 ) ) ;
#1927 = VECTOR ( 'NONE', #1414, 1000.000000000000000 ) ;
#1928 = DIRECTION ( 'NONE',  ( 0.000000000000000000, -1.000000000000000000, 0.000000000000000000 ) ) ;
#1929 = CARTESIAN_POINT ( 'NONE',  ( -1.399999999999999245, 2.790441948979337283, -2.426471259982029949 ) ) ;
#1930 = EDGE_LOOP ( 'NONE', ( #3833, #1038, #4175, #2009 ) ) ;
#1931 = AXIS2_PLACEMENT_3D ( 'NONE', #3619, #2411, #2387 ) ;
#1932 = DIRECTION ( 'NONE',  ( 1.000000000000000000, 2.168404344971005170E-17, 0.000000000000000000 ) ) ;
#1933 = ORIENTED_EDGE ( 'NONE', *, *, #2440, .T. ) ;
#1934 = CIRCLE ( 'NONE', #1388, 5.500000000000000000 ) ;
#1935 = PLANE ( 'NONE',  #3009 ) ;
#1936 = DIRECTION ( 'NONE',  ( -0.000000000000000000, -1.000000000000000000, -0.000000000000000000 ) ) ;
#1937 = DIRECTION ( 'NONE',  ( 0.000000000000000000, 0.9863939238321437486, -0.1643989873053572637 ) ) ;
#1938 = PRODUCT_DEFINITION ( 'UNKNOWN', '', #1267, #2199 ) ;
#1939 = ORIENTED_EDGE ( 'NONE', *, *, #4569, .T. ) ;
#1940 = ORIENTED_EDGE ( 'NONE', *, *, #3984, .T. ) ;
#1941 = DIRECTION ( 'NONE',  ( -0.000000000000000000, 1.000000000000000000, -0.000000000000000000 ) ) ;
#1942 = CARTESIAN_POINT ( 'NONE',  ( 0.000000000000000000, 1.499999999999999556, 0.000000000000000000 ) ) ;
#1943 = EDGE_CURVE ( 'NONE', #684, #256, #2223, .T. ) ;
#1944 = LINE ( 'NONE', #2623, #2222 ) ;
#1945 = DIRECTION ( 'NONE',  ( 1.000000000000000000, 0.000000000000000000, 0.000000000000000000 ) ) ;
#1946 = ORIENTED_EDGE ( 'NONE', *, *, #805, .F. ) ;
#1947 = EDGE_LOOP ( 'NONE', ( #3441, #3788, #4667, #2564 ) ) ;
#1948 = DIRECTION ( 'NONE',  ( 0.000000000000000000, 0.000000000000000000, 1.000000000000000000 ) ) ;
#1949 = CIRCLE ( 'NONE', #2337, 7.650000000000000355 ) ;
#1950 = CARTESIAN_POINT ( 'NONE',  ( 1.379999999999999671, 8.744846254575030287, -4.451573192761283160 ) ) ;
#1951 = FACE_OUTER_BOUND ( 'NONE', #4296, .T. ) ;
#1952 = AXIS2_PLACEMENT_3D ( 'NONE', #4671, #495, #1302 ) ;
#1953 = PRESENTATION_LAYER_ASSIGNMENT (  '', '', ( #507 ) ) ;
#1954 = DIRECTION ( 'NONE',  ( -0.000000000000000000, 0.6561787149247869655, 0.7546055221635044052 ) ) ;
#1955 = ORIENTED_EDGE ( 'NONE', *, *, #2474, .F. ) ;
#1956 = CARTESIAN_POINT ( 'NONE',  ( -4.500000000000000000, 7.499999999999998224, 2.179449471770337432 ) ) ;
#1957 = EDGE_CURVE ( 'NONE', #733, #4611, #4047, .T. ) ;
#1958 = VERTEX_POINT ( 'NONE', #1443 ) ;
#1959 = DIRECTION ( 'NONE',  ( -1.000000000000000000, -0.000000000000000000, -0.000000000000000000 ) ) ;
#1960 = CYLINDRICAL_SURFACE ( 'NONE', #4799, 0.02000000000000005246 ) ;
#1961 = ORIENTED_EDGE ( 'NONE', *, *, #4133, .T. ) ;
#1962 = EDGE_LOOP ( 'NONE', ( #3126, #2418, #2160, #4352 ) ) ;
#1963 = LINE ( 'NONE', #3518, #821 ) ;
#1964 = CARTESIAN_POINT ( 'NONE',  ( 4.843681451127850757, 3.200000000000000178, -4.843681451127848980 ) ) ;
#1965 = DIRECTION ( 'NONE',  ( 1.000000000000000000, 2.168404344971008252E-17, 8.673617379884035472E-17 ) ) ;
#1966 = ORIENTED_EDGE ( 'NONE', *, *, #2299, .T. ) ;
#1967 = VECTOR ( 'NONE', #1607, 1000.000000000000000 ) ;
#1968 = AXIS2_PLACEMENT_3D ( 'NONE', #4173, #3855, #884 ) ;
#1969 = ORIENTED_EDGE ( 'NONE', *, *, #3562, .F. ) ;
#1970 = DIRECTION ( 'NONE',  ( 0.000000000000000000, 0.000000000000000000, 1.000000000000000000 ) ) ;
#1971 = EDGE_CURVE ( 'NONE', #3840, #853, #2198, .T. ) ;
#1972 = LINE ( 'NONE', #104, #1967 ) ;
#1973 = EDGE_CURVE ( 'NONE', #1663, #3223, #2932, .T. ) ;
#1974 = LINE ( 'NONE', #1233, #120 ) ;
#1975 =( GEOMETRIC_REPRESENTATION_CONTEXT ( 3 ) GLOBAL_UNCERTAINTY_ASSIGNED_CONTEXT ( ( #3279 ) ) GLOBAL_UNIT_ASSIGNED_CONTEXT ( ( #3647, #2193, #1750 ) ) REPRESENTATION_CONTEXT ( 'NONE', 'WORKASPACE' ) );
#1976 = DIRECTION ( 'NONE',  ( 1.000000000000000000, -0.000000000000000000, 0.000000000000000000 ) ) ;
#1977 = CARTESIAN_POINT ( 'NONE',  ( -1.380000000000000115, 8.631655426250503638, 4.400000000000000355 ) ) ;
#1978 = ORIENTED_EDGE ( 'NONE', *, *, #4591, .T. ) ;
#1979 = EDGE_CURVE ( 'NONE', #3188, #39, #4446, .T. ) ;
#1980 = CARTESIAN_POINT ( 'NONE',  ( 1.379999999999999671, 9.670245855868246920, -5.485303232940222706 ) ) ;
#1981 = TOROIDAL_SURFACE ( 'NONE', #967, 0.1299999999999999767, 0.02000000000000000042 ) ;
#1982 = ORIENTED_EDGE ( 'NONE', *, *, #2501, .T. ) ;
#1983 = AXIS2_PLACEMENT_3D ( 'NONE', #4029, #1009, #2157 ) ;
#1984 = ORIENTED_EDGE ( 'NONE', *, *, #2763, .T. ) ;
#1985 = ADVANCED_FACE ( 'NONE', ( #9 ), #2316, .T. ) ;
#1986 = DIRECTION ( 'NONE',  ( 0.000000000000000000, -0.000000000000000000, 1.000000000000000000 ) ) ;
#1987 = AXIS2_PLACEMENT_3D ( 'NONE', #2514, #2914, #4734 ) ;
#1988 = CARTESIAN_POINT ( 'NONE',  ( -4.433344562587833160, 1.500000000000000888, -2.312024219028187666 ) ) ;
#1989 = CARTESIAN_POINT ( 'NONE',  ( 3.055710216370180365, 1.499999999999999334, 7.013830305757053907 ) ) ;
#1990 = ORIENTED_EDGE ( 'NONE', *, *, #2551, .F. ) ;
#1991 = ORIENTED_EDGE ( 'NONE', *, *, #2255, .F. ) ;
#1992 = CARTESIAN_POINT ( 'NONE',  ( -3.870068605369154202, 5.212479532407042093, -3.870068605369151538 ) ) ;
#1993 = AXIS2_PLACEMENT_3D ( 'NONE', #2850, #4360, #2476 ) ;
#1994 = SURFACE_SIDE_STYLE ('',( #2379 ) ) ;
#1995 = LINE ( 'NONE', #3912, #2103 ) ;
#1996 = ORIENTED_EDGE ( 'NONE', *, *, #2326, .F. ) ;
#1997 = AXIS2_PLACEMENT_3D ( 'NONE', #463, #1959, #2011 ) ;
#1998 = VERTEX_POINT ( 'NONE', #4042 ) ;
#1999 = CARTESIAN_POINT ( 'NONE',  ( -7.203334277753509873, 3.008500636646442405, -2.577311054879313446 ) ) ;
#2000 = DIRECTION ( 'NONE',  ( 2.168404344971008252E-17, -1.000000000000000000, 0.000000000000000000 ) ) ;
#2001 = CARTESIAN_POINT ( 'NONE',  ( 1.399999999999999689, 6.500000000000000000, -4.469999999999999751 ) ) ;
#2002 = DIRECTION ( 'NONE',  ( 1.000000000000000000, 0.000000000000000000, 0.000000000000000000 ) ) ;
#2003 = VECTOR ( 'NONE', #3471, 1000.000000000000000 ) ;
#2004 = ORIENTED_EDGE ( 'NONE', *, *, #232, .F. ) ;
#2005 = PRODUCT_RELATED_PRODUCT_CATEGORY ( 'part', '', ( #1826 ) ) ;
#2006 = VECTOR ( 'NONE', #2562, 1000.000000000000114 ) ;
#2007 = CARTESIAN_POINT ( 'NONE',  ( -2.680182346543768190, 3.063623187575866158, -7.165236767684207919 ) ) ;
#2008 = EDGE_CURVE ( 'NONE', #3667, #3886, #2944, .T. ) ;
#2009 = ORIENTED_EDGE ( 'NONE', *, *, #2680, .F. ) ;
#2010 = VERTEX_POINT ( 'NONE', #2362 ) ;
#2011 = DIRECTION ( 'NONE',  ( 0.000000000000000000, 0.000000000000000000, -1.000000000000000000 ) ) ;
#2012 = CYLINDRICAL_SURFACE ( 'NONE', #4268, 0.1499999999999999667 ) ;
#2013 = DIRECTION ( 'NONE',  ( -1.000000000000000000, -0.000000000000000000, -0.000000000000000000 ) ) ;
#2014 = EDGE_CURVE ( 'NONE', #1223, #2711, #2291, .T. ) ;
#2015 = ORIENTED_EDGE ( 'NONE', *, *, #3607, .T. ) ;
#2016 = ORIENTED_EDGE ( 'NONE', *, *, #3913, .F. ) ;
#2017 = LINE ( 'NONE', #2724, #2851 ) ;
#2018 = CARTESIAN_POINT ( 'NONE',  ( 1.379999999999999671, 12.34999999999999964, 4.343903740188081564 ) ) ;
#2019 = CARTESIAN_POINT ( 'NONE',  ( -1.400000000000000133, 11.43165542625050612, -5.400000000000000355 ) ) ;
#2020 = EDGE_CURVE ( 'NONE', #3013, #217, #4208, .T. ) ;
#2021 = ORIENTED_EDGE ( 'NONE', *, *, #3412, .T. ) ;
#2022 = ORIENTED_EDGE ( 'NONE', *, *, #714, .F. ) ;
#2023 = CYLINDRICAL_SURFACE ( 'NONE', #1064, 0.1999999999999996503 ) ;
#2024 = CYLINDRICAL_SURFACE ( 'NONE', #4131, 0.09999999999999983902 ) ;
#2025 = FACE_OUTER_BOUND ( 'NONE', #2849, .T. ) ;
#2026 = CARTESIAN_POINT ( 'NONE',  ( 4.433344562587833160, 5.951057409446828039, 2.312024219028188554 ) ) ;
#2027 = DIRECTION ( 'NONE',  ( 0.4876598490941728703, 0.7241379310344820963, -0.4876598490941694286 ) ) ;
#2028 = EDGE_LOOP ( 'NONE', ( #1143, #4725, #101, #3298 ) ) ;
#2029 = DIRECTION ( 'NONE',  ( 0.000000000000000000, 0.000000000000000000, 1.000000000000000000 ) ) ;
#2030 = AXIS2_PLACEMENT_3D ( 'NONE', #994, #279, #229 ) ;
#2031 = EDGE_CURVE ( 'NONE', #256, #3349, #2243, .T. ) ;
#2032 = ORIENTED_EDGE ( 'NONE', *, *, #4640, .T. ) ;
#2033 = ORIENTED_EDGE ( 'NONE', *, *, #156, .F. ) ;
#2034 = EDGE_CURVE ( 'NONE', #4515, #4307, #2082, .T. ) ;
#2035 = DIRECTION ( 'NONE',  ( 0.000000000000000000, 1.000000000000000000, -0.000000000000000000 ) ) ;
#2036 = EDGE_CURVE ( 'NONE', #2581, #3414, #4598, .T. ) ;
#2037 = DIRECTION ( 'NONE',  ( 1.000000000000000000, 0.000000000000000000, 0.000000000000000000 ) ) ;
#2038 = DIRECTION ( 'NONE',  ( 0.000000000000000000, 0.000000000000000000, -1.000000000000000000 ) ) ;
#2039 = EDGE_LOOP ( 'NONE', ( #2558, #4273 ) ) ;
#2040 = EDGE_CURVE ( 'NONE', #4776, #3055, #1583, .T. ) ;
#2041 = ORIENTED_EDGE ( 'NONE', *, *, #4380, .F. ) ;
#2042 = DIRECTION ( 'NONE',  ( 3.552713678800500929E-15, 0.000000000000000000, 1.000000000000000000 ) ) ;
#2043 = SURFACE_STYLE_USAGE ( .BOTH. , #1994 ) ;
#2044 = DIRECTION ( 'NONE',  ( 0.000000000000000000, 0.000000000000000000, -1.000000000000000000 ) ) ;
#2045 = VERTEX_POINT ( 'NONE', #2632 ) ;
#2046 = CARTESIAN_POINT ( 'NONE',  ( -1.399999999999999689, 6.649999999999999467, -0.7729309367425445387 ) ) ;
#2047 = DIRECTION ( 'NONE',  ( 0.000000000000000000, 0.1643989873053274264, 0.9863939238321487446 ) ) ;
#2048 = EDGE_CURVE ( 'NONE', #861, #2097, #3452, .T. ) ;
#2049 = CARTESIAN_POINT ( 'NONE',  ( 0.000000000000000000, 7.500000000000000000, 0.000000000000000000 ) ) ;
#2050 = ORIENTED_EDGE ( 'NONE', *, *, #2609, .T. ) ;
#2051 = CIRCLE ( 'NONE', #4797, 0.1299999999999998934 ) ;
#2052 = AXIS2_PLACEMENT_3D ( 'NONE', #359, #2059, #1444 ) ;
#2053 = CARTESIAN_POINT ( 'NONE',  ( 4.027325123107964089, 4.978965517241379146, -4.027325123107939220 ) ) ;
#2054 = ORIENTED_EDGE ( 'NONE', *, *, #3031, .T. ) ;
#2055 = ORIENTED_EDGE ( 'NONE', *, *, #2665, .F. ) ;
#2056 = CARTESIAN_POINT ( 'NONE',  ( 1.399999999999999689, 11.52975414413175947, 5.485303232940221818 ) ) ;
#2057 = DIRECTION ( 'NONE',  ( 0.000000000000000000, -0.1643989873053572914, 0.9863939238321437486 ) ) ;
#2058 = STYLED_ITEM ( 'NONE', ( #1885 ), #2795 ) ;
#2059 = DIRECTION ( 'NONE',  ( -1.000000000000000000, -0.000000000000000000, -0.000000000000000000 ) ) ;
#2060 = ORIENTED_EDGE ( 'NONE', *, *, #4648, .T. ) ;
#2061 =( BOUNDED_CURVE ( )  B_SPLINE_CURVE ( 3, ( #2784, #3147, #4293, #2026 ),
 .UNSPECIFIED., .F., .F. ) 
 B_SPLINE_CURVE_WITH_KNOTS ( ( 4, 4 ),
 ( 2.836899999574395981, 3.446285307605190251 ),
 .UNSPECIFIED. ) 
 CURVE ( )  GEOMETRIC_REPRESENTATION_ITEM ( )  RATIONAL_B_SPLINE_CURVE ( ( 1.000000000000000000, 0.9692928009446305504, 0.9692928009446305504, 1.000000000000000000 ) ) 
 REPRESENTATION_ITEM ( '' )  );
#2062 = VECTOR ( 'NONE', #407, 1000.000000000000000 ) ;
#2063 = CIRCLE ( 'NONE', #4422, 0.1700000000000000122 ) ;
#2064 = EDGE_LOOP ( 'NONE', ( #1764, #3236, #4272, #4346 ) ) ;
#2065 = CARTESIAN_POINT ( 'NONE',  ( -4.400384907664991907, 2.000000000000000444, -2.279064564105347301 ) ) ;
#2066 = DIRECTION ( 'NONE',  ( -0.7071067811865474617, 0.000000000000000000, -0.7071067811865474617 ) ) ;
#2067 = ADVANCED_FACE ( 'NONE', ( #3402 ), #501, .T. ) ;
#2068 = CARTESIAN_POINT ( 'NONE',  ( 1.379999999999999671, 6.625340151904198116, 0.9208900253173666339 ) ) ;
#2069 = ORIENTED_EDGE ( 'NONE', *, *, #2036, .T. ) ;
#2070 = CARTESIAN_POINT ( 'NONE',  ( 1.399999999999999689, 6.500000000000000000, 0.8529309367425446098 ) ) ;
#2071 = CARTESIAN_POINT ( 'NONE',  ( -1.060660171779809424, 0.000000000000000000, -1.060660171779831629 ) ) ;
#2072 = CARTESIAN_POINT ( 'NONE',  ( 0.000000000000000000, 3.000000000000000000, 0.000000000000000000 ) ) ;
#2073 = B_SPLINE_CURVE_WITH_KNOTS ( 'NONE', 3,
 ( #4793, #4746, #1431, #276, #2190, #1772 ),
 .UNSPECIFIED., .F., .F.,
 ( 4, 2, 4 ),
 ( 0.000000000000000000, 0.0003953464452561770677, 0.0007906928905123541355 ),
 .UNSPECIFIED. ) ;
#2074 = EDGE_LOOP ( 'NONE', ( #3448, #3746, #3564, #2201 ) ) ;
#2075 = EDGE_CURVE ( 'NONE', #74, #1509, #4146, .T. ) ;
#2076 = CARTESIAN_POINT ( 'NONE',  ( -1.379999999999999671, 6.622052172158088723, -0.9406179037940090026 ) ) ;
#2077 = CARTESIAN_POINT ( 'NONE',  ( -4.999999999999999112, 8.000000000000000000, 2.291287847478249429 ) ) ;
#2078 = EDGE_LOOP ( 'NONE', ( #1691, #2021, #4028, #3037, #1429, #1151, #3563, #3209 ) ) ;
#2079 = VERTEX_POINT ( 'NONE', #848 ) ;
#2080 = CARTESIAN_POINT ( 'NONE',  ( 0.000000000000000000, 3.000000000000000000, 0.000000000000000000 ) ) ;
#2081 = CARTESIAN_POINT ( 'NONE',  ( 0.000000000000000000, 11.43165542625050435, 5.400000000000000355 ) ) ;
#2082 = CIRCLE ( 'NONE', #4833, 0.1299999999999998934 ) ;
#2083 = ORIENTED_EDGE ( 'NONE', *, *, #956, .F. ) ;
#2084 = EDGE_LOOP ( 'NONE', ( #1873, #2251, #3584, #744 ) ) ;
#2085 = CARTESIAN_POINT ( 'NONE',  ( -1.060660171779818750, 4.585121964646132860E-16, -1.060660171779826300 ) ) ;
#2086 = EDGE_CURVE ( 'NONE', #3179, #4252, #35, .T. ) ;
#2087 = DIRECTION ( 'NONE',  ( -0.7071067811865403563, -1.360023205165816121E-16, -0.7071067811865547892 ) ) ;
#2088 = CIRCLE ( 'NONE', #1303, 0.02000000000000005246 ) ;
#2089 = ORIENTED_EDGE ( 'NONE', *, *, #1314, .F. ) ;
#2090 = EDGE_CURVE ( 'NONE', #2818, #4267, #79, .T. ) ;
#2091 = CARTESIAN_POINT ( 'NONE',  ( 0.000000000000000000, 1.499999999999999556, 0.000000000000000000 ) ) ;
#2092 = PLANE ( 'NONE',  #2393 ) ;
#2093 = LINE ( 'NONE', #3987, #2100 ) ;
#2094 = EDGE_LOOP ( 'NONE', ( #4416, #3930, #3128, #3630 ) ) ;
#2095 = LINE ( 'NONE', #1753, #989 ) ;
#2096 = DIRECTION ( 'NONE',  ( 1.000000000000000000, 0.000000000000000000, 0.000000000000000000 ) ) ;
#2097 = VERTEX_POINT ( 'NONE', #2654 ) ;
#2098 = VERTEX_POINT ( 'NONE', #3799 ) ;
#2099 = DIRECTION ( 'NONE',  ( 0.4876598490941712050, -0.7241379310344822073, 0.4876598490941709274 ) ) ;
#2100 = VECTOR ( 'NONE', #3695, 1000.000000000000000 ) ;
#2101 = EDGE_CURVE ( 'NONE', #564, #540, #515, .T. ) ;
#2102 = DIRECTION ( 'NONE',  ( -0.7071067811865475727, 0.000000000000000000, 0.7071067811865475727 ) ) ;
#2103 = VECTOR ( 'NONE', #523, 1000.000000000000000 ) ;
#2104 = EDGE_LOOP ( 'NONE', ( #3160, #452, #3642, #2729 ) ) ;
#2105 = ORIENTED_EDGE ( 'NONE', *, *, #3913, .T. ) ;
#2106 = CARTESIAN_POINT ( 'NONE',  ( -3.405877273185284881, 1.699999999999999734, -6.849999999999998757 ) ) ;
#2107 = CARTESIAN_POINT ( 'NONE',  ( 1.379999999999999671, 12.46319082832452629, 4.442330547426799114 ) ) ;
#2108 = CARTESIAN_POINT ( 'NONE',  ( 1.393823247546297939, 6.500000000000000000, -0.8140959846906093977 ) ) ;
#2109 = APPLICATION_CONTEXT ( 'automotive_design' ) ;
#2110 = ORIENTED_EDGE ( 'NONE', *, *, #3641, .F. ) ;
#2111 = DIRECTION ( 'NONE',  ( 3.564834783817703950E-17, -0.9863939238321437486, 0.1643989873053572637 ) ) ;
#2112 = DIRECTION ( 'NONE',  ( -1.000000000000000000, 0.000000000000000000, 0.000000000000000000 ) ) ;
#2113 = DIRECTION ( 'NONE',  ( 0.000000000000000000, 0.000000000000000000, 1.000000000000000000 ) ) ;
#2114 = DIRECTION ( 'NONE',  ( 2.803295164711174453E-15, 0.5961196035938423066, -0.8028956459037004390 ) ) ;
#2115 = CARTESIAN_POINT ( 'NONE',  ( 0.000000000000000000, 0.000000000000000000, 0.000000000000000000 ) ) ;
#2116 = ORIENTED_EDGE ( 'NONE', *, *, #2701, .T. ) ;
#2117 = ADVANCED_FACE ( 'NONE', ( #824 ), #3843, .T. ) ;
#2118 = ORIENTED_EDGE ( 'NONE', *, *, #3582, .T. ) ;
#2119 = DIRECTION ( 'NONE',  ( 0.7071067811865474617, 0.000000000000000000, 0.7071067811865474617 ) ) ;
#2120 = EDGE_CURVE ( 'NONE', #2304, #1663, #1974, .T. ) ;
#2121 = DIRECTION ( 'NONE',  ( 1.000000000000000000, 0.000000000000000000, 0.000000000000000000 ) ) ;
#2122 = EDGE_CURVE ( 'NONE', #540, #564, #252, .T. ) ;
#2123 = ORIENTED_EDGE ( 'NONE', *, *, #4766, .T. ) ;
#2124 = ORIENTED_EDGE ( 'NONE', *, *, #3412, .F. ) ;
#2125 = CIRCLE ( 'NONE', #4563, 0.1299999999999998934 ) ;
#2126 = DIRECTION ( 'NONE',  ( 0.000000000000000000, 0.000000000000000000, -1.000000000000000000 ) ) ;
#2127 = CARTESIAN_POINT ( 'NONE',  ( -1.390180519077591548, 6.500000000000000000, -4.521998694580438460 ) ) ;
#2128 = CIRCLE ( 'NONE', #329, 0.09999999999999982514 ) ;
#2129 = ADVANCED_FACE ( 'NONE', ( #2025 ), #2092, .T. ) ;
#2130 = VERTEX_POINT ( 'NONE', #4677 ) ;
#2131 = CARTESIAN_POINT ( 'NONE',  ( -3.301579660418292317, 1.563075121266647161, -6.900987060043524579 ) ) ;
#2132 = CARTESIAN_POINT ( 'NONE',  ( -3.405877273185280885, 1.699999999999999734, 6.850000000000000533 ) ) ;
#2133 = CARTESIAN_POINT ( 'NONE',  ( 1.380839982702822599, 6.500000000000000000, -0.7752318993870118691 ) ) ;
#2134 = CIRCLE ( 'NONE', #2837, 0.01999999999999996225 ) ;
#2135 = VECTOR ( 'NONE', #3664, 1000.000000000000000 ) ;
#2136 = ORIENTED_EDGE ( 'NONE', *, *, #4243, .F. ) ;
#2137 = DIRECTION ( 'NONE',  ( -3.564834783817703950E-17, 0.9863939238321437486, 0.1643989873053572637 ) ) ;
#2138 = CARTESIAN_POINT ( 'NONE',  ( 7.214603044822826661, 3.063623187575866158, -2.544307028118201419 ) ) ;
#2139 = VECTOR ( 'NONE', #3928, 1000.000000000000000 ) ;
#2140 = CARTESIAN_POINT ( 'NONE',  ( 4.999999999999999112, 7.500000000000000000, 0.000000000000000000 ) ) ;
#2141 = ORIENTED_EDGE ( 'NONE', *, *, #2328, .F. ) ;
#2142 = VERTEX_POINT ( 'NONE', #946 ) ;
#2143 = DIRECTION ( 'NONE',  ( 0.000000000000000000, 0.9863939238321415282, -0.1643989873053704753 ) ) ;
#2144 = FACE_OUTER_BOUND ( 'NONE', #281, .T. ) ;
#2145 = AXIS2_PLACEMENT_3D ( 'NONE', #3718, #1890, #771 ) ;
#2146 = DIRECTION ( 'NONE',  ( -1.000000000000000000, 0.000000000000000000, 0.000000000000000000 ) ) ;
#2147 = ORIENTED_EDGE ( 'NONE', *, *, #3552, .T. ) ;
#2148 = ORIENTED_EDGE ( 'NONE', *, *, #4423, .T. ) ;
#2149 = AXIS2_PLACEMENT_3D ( 'NONE', #486, #4613, #1242 ) ;
#2150 = DIRECTION ( 'NONE',  ( -0.7071067811865401342, -3.056747976430751789E-16, -0.7071067811865550112 ) ) ;
#2151 = EDGE_CURVE ( 'NONE', #238, #4106, #280, .T. ) ;
#2152 = CARTESIAN_POINT ( 'NONE',  ( -1.380000000000000115, 6.500000000000000000, -4.549999999999999822 ) ) ;
#2153 = CIRCLE ( 'NONE', #40, 0.1499999999999999667 ) ;
#2154 = ORIENTED_EDGE ( 'NONE', *, *, #1114, .F. ) ;
#2155 = DIRECTION ( 'NONE',  ( -0.7071067811865474617, 0.000000000000000000, -0.7071067811865474617 ) ) ;
#2156 = AXIS2_PLACEMENT_3D ( 'NONE', #4722, #3963, #2113 ) ;
#2157 = DIRECTION ( 'NONE',  ( -8.673617379884035472E-17, 0.000000000000000000, -1.000000000000000000 ) ) ;
#2158 = CARTESIAN_POINT ( 'NONE',  ( 1.399999999999999689, 0.000000000000000000, -5.530000000000000249 ) ) ;
#2159 = CIRCLE ( 'NONE', #3503, 5.000000000000000000 ) ;
#2160 = ORIENTED_EDGE ( 'NONE', *, *, #2934, .T. ) ;
#2161 = DIRECTION ( 'NONE',  ( -0.7071067811865474617, 0.000000000000000000, -0.7071067811865474617 ) ) ;
#2162 = FACE_OUTER_BOUND ( 'NONE', #3405, .T. ) ;
#2163 = CARTESIAN_POINT ( 'NONE',  ( -7.296724953260060431, 8.000000000000000000, -2.297891415291851924 ) ) ;
#2164 = EDGE_CURVE ( 'NONE', #2696, #624, #4286, .T. ) ;
#2165 = FACE_OUTER_BOUND ( 'NONE', #563, .T. ) ;
#2166 = DIRECTION ( 'NONE',  ( 0.000000000000000000, 0.000000000000000000, 1.000000000000000000 ) ) ;
#2167 = ORIENTED_EDGE ( 'NONE', *, *, #4479, .F. ) ;
#2168 = AXIS2_PLACEMENT_3D ( 'NONE', #1396, #4347, #1317 ) ;
#2169 = ORIENTED_EDGE ( 'NONE', *, *, #1884, .T. ) ;
#2170 = CARTESIAN_POINT ( 'NONE',  ( 0.000000000000000000, 6.500000000000000000, 0.7729309367425446498 ) ) ;
#2171 = CARTESIAN_POINT ( 'NONE',  ( -1.400000000000000133, 11.43165542625050790, 5.530000000000000249 ) ) ;
#2172 = FACE_OUTER_BOUND ( 'NONE', #3197, .T. ) ;
#2173 = ORIENTED_EDGE ( 'NONE', *, *, #3755, .F. ) ;
#2174 = ORIENTED_EDGE ( 'NONE', *, *, #122, .F. ) ;
#2175 = FACE_OUTER_BOUND ( 'NONE', #1534, .T. ) ;
#2176 = ADVANCED_FACE ( 'NONE', ( #1257 ), #598, .F. ) ;
#2177 = CYLINDRICAL_SURFACE ( 'NONE', #2600, 0.1000000000000001443 ) ;
#2178 = CARTESIAN_POINT ( 'NONE',  ( 1.060660171779820526, 0.000000000000000000, -1.060660171779820526 ) ) ;
#2179 = VECTOR ( 'NONE', #3598, 1000.000000000000000 ) ;
#2180 = EDGE_CURVE ( 'NONE', #2819, #4320, #3575, .T. ) ;
#2181 = ORIENTED_EDGE ( 'NONE', *, *, #71, .T. ) ;
#2182 = LINE ( 'NONE', #3686, #1211 ) ;
#2183 = EDGE_CURVE ( 'NONE', #3850, #3248, #3181, .T. ) ;
#2184 = DIRECTION ( 'NONE',  ( 1.000000000000000000, -0.000000000000000000, 0.000000000000000000 ) ) ;
#2185 = VECTOR ( 'NONE', #4767, 1000.000000000000114 ) ;
#2186 = DIRECTION ( 'NONE',  ( -0.7071067811865547892, -0.000000000000000000, 0.7071067811865403563 ) ) ;
#2187 = EDGE_CURVE ( 'NONE', #957, #4708, #1380, .T. ) ;
#2188 = ORIENTED_EDGE ( 'NONE', *, *, #2913, .F. ) ;
#2189 = CARTESIAN_POINT ( 'NONE',  ( 2.179449471770337432, 7.633692192606185145, 4.500000000000000000 ) ) ;
#2190 = CARTESIAN_POINT ( 'NONE',  ( -4.871246803257019309, 8.000000000000001776, 2.263182533822205134 ) ) ;
#2191 = DIRECTION ( 'NONE',  ( 1.000000000000000000, -0.000000000000000000, -0.000000000000000000 ) ) ;
#2192 = DIRECTION ( 'NONE',  ( 1.000000000000000000, 0.000000000000000000, 0.000000000000000000 ) ) ;
#2193 =( NAMED_UNIT ( * ) PLANE_ANGLE_UNIT ( ) SI_UNIT ( $, .RADIAN. ) );
#2194 = EDGE_LOOP ( 'NONE', ( #721, #2510, #2889, #2974 ) ) ;
#2195 = ADVANCED_FACE ( 'NONE', ( #549 ), #3173, .T. ) ;
#2196 = ORIENTED_EDGE ( 'NONE', *, *, #300, .F. ) ;
#2197 = DIRECTION ( 'NONE',  ( -0.000000000000000000, 1.000000000000000000, 0.000000000000000000 ) ) ;
#2198 = LINE ( 'NONE', #1050, #1850 ) ;
#2199 = PRODUCT_DEFINITION_CONTEXT ( 'detailed design', #3942, 'design' ) ;
#2200 = CARTESIAN_POINT ( 'NONE',  ( -1.400000000000000133, 9.670245855868245144, -5.485303232940222706 ) ) ;
#2201 = ORIENTED_EDGE ( 'NONE', *, *, #2984, .T. ) ;
#2202 = ORIENTED_EDGE ( 'NONE', *, *, #1091, .T. ) ;
#2203 = CARTESIAN_POINT ( 'NONE',  ( 4.046831517071719730, 4.909999999999999254, 4.046831517071717066 ) ) ;
#2204 = DIRECTION ( 'NONE',  ( 8.673617379884035472E-17, 0.000000000000000000, -1.000000000000000000 ) ) ;
#2205 = TOROIDAL_SURFACE ( 'NONE', #84, 0.1299999999999999767, 0.02000000000000000042 ) ;
#2206 = ORIENTED_EDGE ( 'NONE', *, *, #3865, .T. ) ;
#2207 = CARTESIAN_POINT ( 'NONE',  ( -1.379999999999999893, 8.759938365018300033, 4.438449618462787072 ) ) ;
#2208 = CARTESIAN_POINT ( 'NONE',  ( -1.380560112054757704, 6.500000000000000000, -0.7744648667341185178 ) ) ;
#2209 = CARTESIAN_POINT ( 'NONE',  ( -4.046831517071759698, 0.000000000000000000, 4.046831517071677098 ) ) ;
#2210 = ORIENTED_EDGE ( 'NONE', *, *, #2180, .T. ) ;
#2211 = CARTESIAN_POINT ( 'NONE',  ( 1.379999999999999671, 12.50000000000000000, -4.343903740188082452 ) ) ;
#2212 = LINE ( 'NONE', #4179, #2589 ) ;
#2213 = CARTESIAN_POINT ( 'NONE',  ( -1.380000000000000115, 9.296555435952635449, 8.083961248654471632 ) ) ;
#2214 = CIRCLE ( 'NONE', #180, 0.02000000000000005246 ) ;
#2215 = DIRECTION ( 'NONE',  ( -1.000000000000000000, -2.168404344971008252E-17, -8.673617379884035472E-17 ) ) ;
#2216 = AXIS2_PLACEMENT_3D ( 'NONE', #4817, #4452, #3289 ) ;
#2217 = PRODUCT_DEFINITION_SHAPE ( 'NONE', 'NONE',  #557 ) ;
#2218 = EDGE_LOOP ( 'NONE', ( #3950, #2532, #3849, #3267 ) ) ;
#2219 = ORIENTED_EDGE ( 'NONE', *, *, #128, .T. ) ;
#2220 = CARTESIAN_POINT ( 'NONE',  ( 1.399999999999999689, 0.000000000000000000, 4.379999999999999893 ) ) ;
#2221 = VECTOR ( 'NONE', #981, 1000.000000000000114 ) ;
#2222 = VECTOR ( 'NONE', #4180, 1000.000000000000000 ) ;
#2223 = LINE ( 'NONE', #1781, #4124 ) ;
#2224 = ADVANCED_FACE ( 'NONE', ( #621, #1704 ), #3219, .F. ) ;
#2225 = DIRECTION ( 'NONE',  ( -0.7071067811865452413, 1.531342102931251612E-17, -0.7071067811865497932 ) ) ;
#2226 = ORIENTED_EDGE ( 'NONE', *, *, #4294, .T. ) ;
#2227 = CARTESIAN_POINT ( 'NONE',  ( -4.500000000000000000, 1.500000000000000444, 0.000000000000000000 ) ) ;
#2228 = VECTOR ( 'NONE', #1941, 1000.000000000000000 ) ;
#2229 = CARTESIAN_POINT ( 'NONE',  ( -1.380000000000000115, 12.48000000000000220, -4.343903740188082452 ) ) ;
#2230 = ADVANCED_FACE ( 'NONE', ( #4700 ), #1073, .T. ) ;
#2231 = CIRCLE ( 'NONE', #4117, 7.650000000000000355 ) ;
#2232 = DIRECTION ( 'NONE',  ( -0.000000000000000000, 1.000000000000000000, -0.000000000000000000 ) ) ;
#2233 = CARTESIAN_POINT ( 'NONE',  ( 3.405877273185280885, 1.699999999999999734, 6.850000000000000533 ) ) ;
#2234 = DIRECTION ( 'NONE',  ( -0.000000000000000000, 1.000000000000000000, -0.000000000000000000 ) ) ;
#2235 = AXIS2_PLACEMENT_3D ( 'NONE', #2046, #2730, #1581 ) ;
#2236 = ORIENTED_EDGE ( 'NONE', *, *, #2941, .F. ) ;
#2237 = DIRECTION ( 'NONE',  ( 0.000000000000000000, 0.000000000000000000, 1.000000000000000000 ) ) ;
#2238 = VECTOR ( 'NONE', #1163, 1000.000000000000000 ) ;
#2239 = CARTESIAN_POINT ( 'NONE',  ( 0.000000000000000000, 0.000000000000000000, -7.650000000000000355 ) ) ;
#2240 = EDGE_CURVE ( 'NONE', #2142, #2636, #205, .T. ) ;
#2241 = CARTESIAN_POINT ( 'NONE',  ( 2.234160359978237143, 7.947103280109118373, -4.741034782807846071 ) ) ;
#2242 = DIRECTION ( 'NONE',  ( -1.000000000000000000, -2.168404344971008252E-17, -8.673617379884035472E-17 ) ) ;
#2243 = CIRCLE ( 'NONE', #4364, 0.1299999999999998934 ) ;
#2244 = ITEM_DEFINED_TRANSFORMATION ( 'NONE', 'NONE', #87,  #3783 ) ;
#2245 = EDGE_LOOP ( 'NONE', ( #3623, #775, #1991, #4417 ) ) ;
#2246 = EDGE_CURVE ( 'NONE', #3588, #207, #2792, .T. ) ;
#2247 = ORIENTED_EDGE ( 'NONE', *, *, #1101, .F. ) ;
#2248 = DIRECTION ( 'NONE',  ( 0.000000000000000000, 0.000000000000000000, -1.000000000000000000 ) ) ;
#2249 = CARTESIAN_POINT ( 'NONE',  ( 4.500000000000000000, 7.633692192606185145, 2.179449471770337432 ) ) ;
#2250 = CARTESIAN_POINT ( 'NONE',  ( 3.302397983560366068, 1.563623187575865048, -6.900591489566306080 ) ) ;
#2251 = ORIENTED_EDGE ( 'NONE', *, *, #3792, .F. ) ;
#2252 = ADVANCED_FACE ( 'NONE', ( #573 ), #2827, .T. ) ;
#2253 = CARTESIAN_POINT ( 'NONE',  ( -1.379999999999999893, 9.768344573749498494, 5.549999999999999822 ) ) ;
#2254 = CARTESIAN_POINT ( 'NONE',  ( -1.380000000000000338, 9.655153745424975398, -5.498426807238719682 ) ) ;
#2255 = EDGE_CURVE ( 'NONE', #4708, #2319, #220, .T. ) ;
#2256 = CARTESIAN_POINT ( 'NONE',  ( 4.433344562587840265, 2.048942590553171961, -2.312024219028176120 ) ) ;
#2257 = DIRECTION ( 'NONE',  ( 0.000000000000000000, -0.000000000000000000, 1.000000000000000000 ) ) ;
#2258 = CARTESIAN_POINT ( 'NONE',  ( 0.000000000000000000, 9.296555435952635449, -8.083961248654471632 ) ) ;
#2259 = ORIENTED_EDGE ( 'NONE', *, *, #2389, .T. ) ;
#2260 = ORIENTED_EDGE ( 'NONE', *, *, #3409, .T. ) ;
#2261 = DIRECTION ( 'NONE',  ( 0.000000000000000000, 0.000000000000000000, -1.000000000000000000 ) ) ;
#2262 = CARTESIAN_POINT ( 'NONE',  ( 0.000000000000000000, 7.500000000000000000, 0.000000000000000000 ) ) ;
#2263 = CIRCLE ( 'NONE', #3830, 7.650000000000000355 ) ;
#2264 = DIRECTION ( 'NONE',  ( 0.000000000000000000, 0.000000000000000000, -1.000000000000000000 ) ) ;
#2265 = B_SPLINE_CURVE_WITH_KNOTS ( 'NONE', 3,
 ( #1791, #1400, #2208, #4788, #694, #1426, #3687, #3978, #3614, #4426 ),
 .UNSPECIFIED., .F., .F.,
 ( 4, 3, 3, 4 ),
 ( -2.449489749371383278E-06, 0.000000000000000000, 4.097538642259676095E-05, 8.049306843309084886E-05 ),
 .UNSPECIFIED. ) ;
#2266 = CARTESIAN_POINT ( 'NONE',  ( 1.380839982702822599, 6.500000000000000000, 0.7752318993870117581 ) ) ;
#2267 = ORIENTED_EDGE ( 'NONE', *, *, #1002, .F. ) ;
#2268 = ORIENTED_EDGE ( 'NONE', *, *, #1101, .T. ) ;
#2269 = CARTESIAN_POINT ( 'NONE',  ( -3.226782805549681665, 2.373921791567575657, -3.956290731841335173 ) ) ;
#2270 = CARTESIAN_POINT ( 'NONE',  ( -1.380000000000000115, 11.52975414413175947, 5.485303232940222706 ) ) ;
#2271 = DIRECTION ( 'NONE',  ( -1.000000000000000000, 0.000000000000000000, -0.000000000000000000 ) ) ;
#2272 = DIRECTION ( 'NONE',  ( 0.000000000000000000, -0.6561787149247869655, -0.7546055221635044052 ) ) ;
#2273 = ORIENTED_EDGE ( 'NONE', *, *, #3291, .T. ) ;
#2274 = EDGE_CURVE ( 'NONE', #3493, #1806, #2159, .T. ) ;
#2275 = EDGE_CURVE ( 'NONE', #1253, #263, #1068, .T. ) ;
#2276 = DIRECTION ( 'NONE',  ( -1.000000000000000000, 0.000000000000000000, 0.000000000000000000 ) ) ;
#2277 = CARTESIAN_POINT ( 'NONE',  ( 1.379999999999999671, 11.54484625457503100, 5.498426807238718794 ) ) ;
#2278 = LINE ( 'NONE', #3740, #1732 ) ;
#2279 = EDGE_CURVE ( 'NONE', #243, #4339, #3295, .T. ) ;
#2280 = ORIENTED_EDGE ( 'NONE', *, *, #1894, .T. ) ;
#2281 = AXIS2_PLACEMENT_3D ( 'NONE', #2831, #601, #2484 ) ;
#2282 = ORIENTED_EDGE ( 'NONE', *, *, #1478, .T. ) ;
#2283 = CARTESIAN_POINT ( 'NONE',  ( 4.046831517071719730, 3.090000000000000746, 4.046831517071717066 ) ) ;
#2284 = DIRECTION ( 'NONE',  ( -0.7071067811865496822, 0.000000000000000000, 0.7071067811865453523 ) ) ;
#2285 = LINE ( 'NONE', #1964, #1357 ) ;
#2286 = CARTESIAN_POINT ( 'NONE',  ( -1.380000000000000115, 6.649999999999999467, 4.400000000000000355 ) ) ;
#2287 = CARTESIAN_POINT ( 'NONE',  ( 0.000000000000000000, 8.000000000000000000, 0.000000000000000000 ) ) ;
#2288 = ORIENTED_EDGE ( 'NONE', *, *, #3451, .T. ) ;
#2289 = CARTESIAN_POINT ( 'NONE',  ( 1.379999999999999671, 12.44809871788125477, -4.429206973128303026 ) ) ;
#2290 = CARTESIAN_POINT ( 'NONE',  ( 2.435362535369389736, 3.176207172489684982, -7.252000366886310445 ) ) ;
#2291 = LINE ( 'NONE', #2315, #4750 ) ;
#2292 = TOROIDAL_SURFACE ( 'NONE', #259, 0.1699999999999999845, 0.02000000000000000042 ) ;
#2293 = FACE_OUTER_BOUND ( 'NONE', #4661, .T. ) ;
#2294 = FACE_OUTER_BOUND ( 'NONE', #3305, .T. ) ;
#2295 = ORIENTED_EDGE ( 'NONE', *, *, #2031, .T. ) ;
#2296 = AXIS2_PLACEMENT_3D ( 'NONE', #59, #905, #1932 ) ;
#2297 = DIRECTION ( 'NONE',  ( 0.000000000000000000, 0.6561787149247501061, -0.7546055221635364907 ) ) ;
#2298 = EDGE_CURVE ( 'NONE', #3311, #4703, #2717, .T. ) ;
#2299 = EDGE_CURVE ( 'NONE', #1637, #2581, #4385, .T. ) ;
#2300 = CARTESIAN_POINT ( 'NONE',  ( 4.843681451127850757, 8.000000000000000000, -4.843681451127848980 ) ) ;
#2301 = CARTESIAN_POINT ( 'NONE',  ( 9.368548013477252244E-16, 5.000000000000000888, 7.650000000000000355 ) ) ;
#2302 = VECTOR ( 'NONE', #3268, 1000.000000000000000 ) ;
#2303 = CARTESIAN_POINT ( 'NONE',  ( 1.379999999999999671, 12.48000000000000220, 0.000000000000000000 ) ) ;
#2304 = VERTEX_POINT ( 'NONE', #4795 ) ;
#2305 = ORIENTED_EDGE ( 'NONE', *, *, #3538, .F. ) ;
#2306 = DIRECTION ( 'NONE',  ( -0.000000000000000000, 1.000000000000000000, -0.000000000000000000 ) ) ;
#2307 = AXIS2_PLACEMENT_3D ( 'NONE', #4837, #1475, #2965 ) ;
#2308 = FACE_OUTER_BOUND ( 'NONE', #605, .T. ) ;
#2309 = DIRECTION ( 'NONE',  ( 0.7071067811865474617, 0.000000000000000000, 0.7071067811865474617 ) ) ;
#2310 = CARTESIAN_POINT ( 'NONE',  ( 1.379999999999999671, 12.34999999999999964, -2.027069063257456172 ) ) ;
#2311 = ORIENTED_EDGE ( 'NONE', *, *, #544, .T. ) ;
#2312 = EDGE_LOOP ( 'NONE', ( #3332, #2475, #3877, #3975, #3516, #2268, #873, #4201, #212, #496, #2123, #1315, #2396, #2060 ) ) ;
#2313 = LINE ( 'NONE', #3119, #2785 ) ;
#2314 = ADVANCED_FACE ( 'NONE', ( #3694 ), #126, .T. ) ;
#2315 = CARTESIAN_POINT ( 'NONE',  ( 0.000000000000000000, 12.37465984809580277, -1.879109974682634077 ) ) ;
#2316 = TOROIDAL_SURFACE ( 'NONE', #200, 0.1299999999999999767, 0.02000000000000000042 ) ;
#2317 = DIRECTION ( 'NONE',  ( -0.4876598490941761455, 0.7241379310344824294, 0.4876598490941655983 ) ) ;
#2318 = CARTESIAN_POINT ( 'NONE',  ( 1.399999999999999689, 8.759938365018300033, 4.438449618462785295 ) ) ;
#2319 = VERTEX_POINT ( 'NONE', #2875 ) ;
#2320 = CARTESIAN_POINT ( 'NONE',  ( -5.087985294887802823, 3.021034482758620854, 2.966664951328077393 ) ) ;
#2321 = ORIENTED_EDGE ( 'NONE', *, *, #78, .F. ) ;
#2322 = MECHANICAL_DESIGN_GEOMETRIC_PRESENTATION_REPRESENTATION (  '', ( #507 ), #4528 ) ;
#2323 = CARTESIAN_POINT ( 'NONE',  ( -5.087985294887773513, 3.021034482758621298, -2.966664951328128907 ) ) ;
#2324 = CARTESIAN_POINT ( 'NONE',  ( -1.380000000000000115, 8.631655426250503638, -4.549999999999998934 ) ) ;
#2325 = DIRECTION ( 'NONE',  ( 0.000000000000000000, 0.000000000000000000, -1.000000000000000000 ) ) ;
#2326 = EDGE_CURVE ( 'NONE', #2010, #1866, #4052, .T. ) ;
#2327 = ORIENTED_EDGE ( 'NONE', *, *, #590, .F. ) ;
#2328 = EDGE_CURVE ( 'NONE', #3136, #1223, #761, .T. ) ;
#2329 = ORIENTED_EDGE ( 'NONE', *, *, #1450, .F. ) ;
#2330 = CARTESIAN_POINT ( 'NONE',  ( 1.379999999999999671, 11.43165542625050612, -5.400000000000000355 ) ) ;
#2331 = CARTESIAN_POINT ( 'NONE',  ( 1.399999999999999689, 6.649999999999999467, -0.7729309367425445387 ) ) ;
#2332 = ADVANCED_FACE ( 'NONE', ( #725 ), #4406, .T. ) ;
#2333 = DIRECTION ( 'NONE',  ( 0.000000000000000000, 0.000000000000000000, 1.000000000000000000 ) ) ;
#2334 = ORIENTED_EDGE ( 'NONE', *, *, #2151, .F. ) ;
#2335 = ORIENTED_EDGE ( 'NONE', *, *, #3056, .T. ) ;
#2336 = CARTESIAN_POINT ( 'NONE',  ( 7.203334277753511650, 3.008500636646443294, 2.577311054879312557 ) ) ;
#2337 = AXIS2_PLACEMENT_3D ( 'NONE', #794, #4111, #3815 ) ;
#2338 = CARTESIAN_POINT ( 'NONE',  ( -5.107491688851570011, 4.950000000000000178, 2.986171345291844137 ) ) ;
#2339 = CARTESIAN_POINT ( 'NONE',  ( 1.379999999999999671, 6.500000000000000000, -4.549999999999999822 ) ) ;
#2340 = DIRECTION ( 'NONE',  ( 0.000000000000000000, -0.6561787149247864104, -0.7546055221635050714 ) ) ;
#2341 = CIRCLE ( 'NONE', #1516, 0.02000000000000053471 ) ;
#2342 = CARTESIAN_POINT ( 'NONE',  ( 2.312024219028203653, 5.951057409446828039, -4.433344562587824278 ) ) ;
#2343 = ORIENTED_EDGE ( 'NONE', *, *, #3509, .T. ) ;
#2344 = EDGE_CURVE ( 'NONE', #1173, #4320, #4755, .T. ) ;
#2345 = DIRECTION ( 'NONE',  ( -0.000000000000000000, 1.000000000000000000, -0.000000000000000000 ) ) ;
#2346 = VERTEX_POINT ( 'NONE', #2163 ) ;
#2347 = ORIENTED_EDGE ( 'NONE', *, *, #4471, .F. ) ;
#2348 = CARTESIAN_POINT ( 'NONE',  ( 0.000000000000000000, 7.500000000000000000, -4.999999999999999112 ) ) ;
#2349 = DIRECTION ( 'NONE',  ( 0.000000000000000000, 0.000000000000000000, -1.000000000000000000 ) ) ;
#2350 = CARTESIAN_POINT ( 'NONE',  ( 9.368548013477252244E-16, 8.000000000000000000, 7.650000000000000355 ) ) ;
#2351 = ORIENTED_EDGE ( 'NONE', *, *, #185, .T. ) ;
#2352 = ORIENTED_EDGE ( 'NONE', *, *, #1881, .F. ) ;
#2353 = PLANE ( 'NONE',  #902 ) ;
#2354 = LINE ( 'NONE', #793, #4345 ) ;
#2355 = CARTESIAN_POINT ( 'NONE',  ( -1.400000000000000133, 8.631655426250501861, 4.379999999999999893 ) ) ;
#2356 = ORIENTED_EDGE ( 'NONE', *, *, #3239, .F. ) ;
#2357 = AXIS2_PLACEMENT_3D ( 'NONE', #226, #4061, #1703 ) ;
#2358 = AXIS2_PLACEMENT_3D ( 'NONE', #2209, #2186, #3785 ) ;
#2359 = VERTEX_POINT ( 'NONE', #277 ) ;
#2360 = CARTESIAN_POINT ( 'NONE',  ( -7.247201726393521781, 3.046453914618040937, -2.450016609050683414 ) ) ;
#2361 = CARTESIAN_POINT ( 'NONE',  ( -2.435362535369391956, 3.176207172489686759, 7.252000366886312221 ) ) ;
#2362 = CARTESIAN_POINT ( 'NONE',  ( 2.966664951328131128, 4.978965517241379146, 5.087985294887771737 ) ) ;
#2363 = AXIS2_PLACEMENT_3D ( 'NONE', #995, #676, #1724 ) ;
#2364 = ORIENTED_EDGE ( 'NONE', *, *, #2036, .F. ) ;
#2365 = LINE ( 'NONE', #508, #809 ) ;
#2366 = EDGE_CURVE ( 'NONE', #1871, #1714, #1384, .T. ) ;
#2367 = VECTOR ( 'NONE', #4542, 1000.000000000000114 ) ;
#2368 = ORIENTED_EDGE ( 'NONE', *, *, #2577, .T. ) ;
#2369 = AXIS2_PLACEMENT_3D ( 'NONE', #4497, #3084, #2593 ) ;
#2370 = ORIENTED_EDGE ( 'NONE', *, *, #3266, .T. ) ;
#2371 = CARTESIAN_POINT ( 'NONE',  ( 3.956290731841346719, 2.373921791567574324, -3.226782805549668343 ) ) ;
#2372 = AXIS2_PLACEMENT_3D ( 'NONE', #4397, #2491, #3003 ) ;
#2373 = ADVANCED_FACE ( 'NONE', ( #1774 ), #4007, .T. ) ;
#2374 = CARTESIAN_POINT ( 'NONE',  ( 1.379999999999999671, 11.43165542625050435, 5.549999999999999822 ) ) ;
#2375 = DIRECTION ( 'NONE',  ( 0.000000000000000000, 1.000000000000000000, 0.000000000000000000 ) ) ;
#2376 = ORIENTED_EDGE ( 'NONE', *, *, #2718, .T. ) ;
#2377 = ORIENTED_EDGE ( 'NONE', *, *, #1470, .T. ) ;
#2378 = CARTESIAN_POINT ( 'NONE',  ( 2.969848480983500405, 1.499999999999999556, 7.049999999999999822 ) ) ;
#2379 = SURFACE_STYLE_FILL_AREA ( #589 ) ;
#2380 = CARTESIAN_POINT ( 'NONE',  ( -4.433344562587855364, 5.951057409446828927, 2.312024219028143701 ) ) ;
#2381 = ORIENTED_EDGE ( 'NONE', *, *, #2040, .T. ) ;
#2382 = VECTOR ( 'NONE', #2232, 1000.000000000000000 ) ;
#2383 = EDGE_LOOP ( 'NONE', ( #353, #2136, #569, #4642 ) ) ;
#2384 = FACE_OUTER_BOUND ( 'NONE', #2104, .T. ) ;
#2385 = ADVANCED_FACE ( 'NONE', ( #1408 ), #2926, .T. ) ;
#2386 = CARTESIAN_POINT ( 'NONE',  ( -2.586524759049135813, 3.046453914618040937, 7.199611372740288395 ) ) ;
#2387 = DIRECTION ( 'NONE',  ( 0.000000000000000000, 0.000000000000000000, 1.000000000000000000 ) ) ;
#2388 = CARTESIAN_POINT ( 'NONE',  ( 0.000000000000000000, 6.649999999999999467, -0.7729309367425445387 ) ) ;
#2389 = EDGE_CURVE ( 'NONE', #3372, #957, #3346, .T. ) ;
#2390 = CARTESIAN_POINT ( 'NONE',  ( -1.380000000000000115, 9.670245855868245144, -5.485303232940222706 ) ) ;
#2391 = ORIENTED_EDGE ( 'NONE', *, *, #2736, .F. ) ;
#2392 = B_SPLINE_CURVE_WITH_KNOTS ( 'NONE', 3,
 ( #954, #4303, #3158, #857, #4664, #191 ),
 .UNSPECIFIED., .F., .F.,
 ( 4, 2, 4 ),
 ( -6.928927488288393153E-06, 0.0003913249075196667515, 0.0007895787425276218352 ),
 .UNSPECIFIED. ) ;
#2393 = AXIS2_PLACEMENT_3D ( 'NONE', #2072, #228, #4316 ) ;
#2394 = LINE ( 'NONE', #3178, #1120 ) ;
#2395 = EDGE_CURVE ( 'NONE', #973, #1446, #916, .T. ) ;
#2396 = ORIENTED_EDGE ( 'NONE', *, *, #3538, .T. ) ;
#2397 = ORIENTED_EDGE ( 'NONE', *, *, #3321, .F. ) ;
#2398 = CARTESIAN_POINT ( 'NONE',  ( -1.380000000000000115, 6.649999999999999467, -4.549999999999999822 ) ) ;
#2399 = TOROIDAL_SURFACE ( 'NONE', #446, 0.1699999999999999845, 0.02000000000000000042 ) ;
#2400 = CARTESIAN_POINT ( 'NONE',  ( 3.397045344066838890, 1.653845617810561608, 6.854399480517453291 ) ) ;
#2401 = VERTEX_POINT ( 'NONE', #1111 ) ;
#2402 = EDGE_CURVE ( 'NONE', #3372, #3826, #980, .T. ) ;
#2403 = ORIENTED_EDGE ( 'NONE', *, *, #1505, .T. ) ;
#2404 = CARTESIAN_POINT ( 'NONE',  ( -7.252000366886311333, 3.000000000000000000, 2.435362535369389292 ) ) ;
#2405 = PRODUCT_DEFINITION_SHAPE ( 'NONE', 'NONE',  #4860 ) ;
#2406 = CARTESIAN_POINT ( 'NONE',  ( 0.000000000000000000, 1.499999999999999556, 6.850000000000000533 ) ) ;
#2407 = LINE ( 'NONE', #3116, #4698 ) ;
#2408 = ORIENTED_EDGE ( 'NONE', *, *, #1511, .T. ) ;
#2409 = LINE ( 'NONE', #3820, #4670 ) ;
#2410 = DIRECTION ( 'NONE',  ( -0.000000000000000000, -1.000000000000000000, -0.000000000000000000 ) ) ;
#2411 = DIRECTION ( 'NONE',  ( 0.000000000000000000, 1.000000000000000000, 0.000000000000000000 ) ) ;
#2412 = DIRECTION ( 'NONE',  ( 0.7071067811865473507, -2.775557561562891351E-17, -0.7071067811865477948 ) ) ;
#2413 =( NAMED_UNIT ( * ) SI_UNIT ( $, .STERADIAN. ) SOLID_ANGLE_UNIT ( ) );
#2414 = VERTEX_POINT ( 'NONE', #2648 ) ;
#2415 = DIRECTION ( 'NONE',  ( 0.000000000000000000, 0.000000000000000000, -1.000000000000000000 ) ) ;
#2416 = VECTOR ( 'NONE', #4845, 1000.000000000000114 ) ;
#2417 = ADVANCED_FACE ( 'NONE', ( #3766 ), #2446, .T. ) ;
#2418 = ORIENTED_EDGE ( 'NONE', *, *, #1141, .F. ) ;
#2419 = ORIENTED_EDGE ( 'NONE', *, *, #2691, .T. ) ;
#2420 = CARTESIAN_POINT ( 'NONE',  ( -1.380839982702822599, 6.500000000000000000, 0.7752318993870117581 ) ) ;
#2421 = LINE ( 'NONE', #2770, #962 ) ;
#2422 = CYLINDRICAL_SURFACE ( 'NONE', #325, 0.5000000000000004441 ) ;
#2423 = VERTEX_POINT ( 'NONE', #1156 ) ;
#2424 = ORIENTED_EDGE ( 'NONE', *, *, #4137, .F. ) ;
#2425 = DIRECTION ( 'NONE',  ( 0.000000000000000000, -0.6561787149247862994, -0.7546055221635049604 ) ) ;
#2426 = ADVANCED_FACE ( 'NONE', ( #3837 ), #1893, .T. ) ;
#2427 = FACE_OUTER_BOUND ( 'NONE', #1180, .T. ) ;
#2428 = ORIENTED_EDGE ( 'NONE', *, *, #2718, .F. ) ;
#2429 = CARTESIAN_POINT ( 'NONE',  ( 1.379999999999999671, 8.631655426250503638, 4.549999999999999822 ) ) ;
#2430 = CARTESIAN_POINT ( 'NONE',  ( -1.379999999999999893, 12.48000000000000043, -2.027069063257456172 ) ) ;
#2431 = DIRECTION ( 'NONE',  ( -0.000000000000000000, 1.000000000000000000, -0.000000000000000000 ) ) ;
#2432 = CIRCLE ( 'NONE', #2829, 0.02000000000000005246 ) ;
#2433 = CARTESIAN_POINT ( 'NONE',  ( 1.379999999999999671, 6.622052172158088723, -0.9406179037940091137 ) ) ;
#2434 = ORIENTED_EDGE ( 'NONE', *, *, #1415, .F. ) ;
#2435 = AXIS2_PLACEMENT_3D ( 'NONE', #4853, #3801, #1587 ) ;
#2436 = DIRECTION ( 'NONE',  ( 0.000000000000000000, 0.000000000000000000, 1.000000000000000000 ) ) ;
#2437 = VERTEX_POINT ( 'NONE', #2994 ) ;
#2438 = ORIENTED_EDGE ( 'NONE', *, *, #2957, .F. ) ;
#2439 = DIRECTION ( 'NONE',  ( -0.7071067811865500152, 0.000000000000000000, 0.7071067811865451302 ) ) ;
#2440 = EDGE_CURVE ( 'NONE', #4703, #4053, #4504, .T. ) ;
#2441 = LINE ( 'NONE', #910, #1273 ) ;
#2442 = VECTOR ( 'NONE', #3759, 1000.000000000000000 ) ;
#2443 = EDGE_CURVE ( 'NONE', #4053, #3690, #2354, .T. ) ;
#2444 = ORIENTED_EDGE ( 'NONE', *, *, #4717, .T. ) ;
#2445 = CIRCLE ( 'NONE', #1193, 7.650000000000000355 ) ;
#2446 = TOROIDAL_SURFACE ( 'NONE', #100, 0.1699999999999999845, 0.02000000000000000042 ) ;
#2447 = ORIENTED_EDGE ( 'NONE', *, *, #2577, .F. ) ;
#2448 = DIRECTION ( 'NONE',  ( -7.968020348514244863E-17, 0.6561787149247864104, 0.7546055221635050714 ) ) ;
#2449 = DIRECTION ( 'NONE',  ( 0.000000000000000000, 0.000000000000000000, -1.000000000000000000 ) ) ;
#2450 = CARTESIAN_POINT ( 'NONE',  ( -1.379999999999999671, 6.625340151904196340, 0.9208900253173660788 ) ) ;
#2451 = ORIENTED_EDGE ( 'NONE', *, *, #1521, .T. ) ;
#2452 = CARTESIAN_POINT ( 'NONE',  ( 1.379999999999999671, 9.655153745424977174, 5.498426807238720571 ) ) ;
#2453 = VECTOR ( 'NONE', #2306, 1000.000000000000000 ) ;
#2454 = DIRECTION ( 'NONE',  ( 1.000000000000000000, 0.000000000000000000, 0.000000000000000000 ) ) ;
#2455 = DIRECTION ( 'NONE',  ( 8.673617379884035472E-17, 1.880790961315659329E-33, -1.000000000000000000 ) ) ;
#2456 = LINE ( 'NONE', #2854, #3120 ) ;
#2457 = ORIENTED_EDGE ( 'NONE', *, *, #2120, .T. ) ;
#2458 = AXIS2_PLACEMENT_3D ( 'NONE', #1423, #2917, #4425 ) ;
#2459 = EDGE_CURVE ( 'NONE', #3522, #4045, #182, .T. ) ;
#2460 = CARTESIAN_POINT ( 'NONE',  ( 0.000000000000000000, 2.775349838536065761, 2.413347685683533417 ) ) ;
#2461 = CIRCLE ( 'NONE', #3091, 0.02000000000000005246 ) ;
#2462 = DIRECTION ( 'NONE',  ( 0.000000000000000000, 0.000000000000000000, -1.000000000000000000 ) ) ;
#2463 = ORIENTED_EDGE ( 'NONE', *, *, #2763, .F. ) ;
#2464 = ORIENTED_EDGE ( 'NONE', *, *, #2879, .T. ) ;
#2465 =( LENGTH_UNIT ( ) NAMED_UNIT ( * ) SI_UNIT ( .MILLI., .METRE. ) );
#2466 = LINE ( 'NONE', #780, #3481 ) ;
#2467 = AXIS2_PLACEMENT_3D ( 'NONE', #2270, #1182, #3869 ) ;
#2468 = ORIENTED_EDGE ( 'NONE', *, *, #805, .T. ) ;
#2469 = ORIENTED_EDGE ( 'NONE', *, *, #77, .T. ) ;
#2470 = DIRECTION ( 'NONE',  ( 1.000000000000000000, 0.000000000000000000, -0.000000000000000000 ) ) ;
#2471 = DIRECTION ( 'NONE',  ( 0.000000000000000000, 0.000000000000000000, 1.000000000000000000 ) ) ;
#2472 = EDGE_CURVE ( 'NONE', #3485, #3840, #2725, .T. ) ;
#2473 = DIRECTION ( 'NONE',  ( 0.000000000000000000, 0.000000000000000000, 1.000000000000000000 ) ) ;
#2474 = EDGE_CURVE ( 'NONE', #2954, #4731, #2285, .T. ) ;
#2475 = ORIENTED_EDGE ( 'NONE', *, *, #2531, .T. ) ;
#2476 = DIRECTION ( 'NONE',  ( 0.000000000000000000, 0.000000000000000000, -1.000000000000000000 ) ) ;
#2477 = CARTESIAN_POINT ( 'NONE',  ( -1.400000000000000355, 9.281463325509362150, 8.070837674355974656 ) ) ;
#2478 = ADVANCED_FACE ( 'NONE', ( #1135 ), #3791, .F. ) ;
#2479 = CARTESIAN_POINT ( 'NONE',  ( -4.500000000000000000, 7.499999999999998224, -2.179449471770337432 ) ) ;
#2480 = DIRECTION ( 'NONE',  ( 1.239088197126290817E-16, 0.000000000000000000, 1.000000000000000000 ) ) ;
#2481 =( NAMED_UNIT ( * ) SI_UNIT ( $, .STERADIAN. ) SOLID_ANGLE_UNIT ( ) );
#2482 = ORIENTED_EDGE ( 'NONE', *, *, #956, .T. ) ;
#2483 = ORIENTED_EDGE ( 'NONE', *, *, #48, .F. ) ;
#2484 = DIRECTION ( 'NONE',  ( 0.000000000000000000, 0.000000000000000000, -1.000000000000000000 ) ) ;
#2485 = CARTESIAN_POINT ( 'NONE',  ( 1.399999999999999689, 6.500000000000000000, 4.483107698211994396 ) ) ;
#2486 = ADVANCED_FACE ( 'NONE', ( #3814 ), #1554, .T. ) ;
#2487 = EDGE_LOOP ( 'NONE', ( #4462, #2979, #4596, #1152 ) ) ;
#2488 = EDGE_LOOP ( 'NONE', ( #3796, #2236, #1222, #4711 ) ) ;
#2489 = CARTESIAN_POINT ( 'NONE',  ( 0.000000000000000000, 8.000000000000000000, 0.000000000000000000 ) ) ;
#2490 = TOROIDAL_SURFACE ( 'NONE', #2030, 0.1299999999999999767, 0.02000000000000000042 ) ;
#2491 = DIRECTION ( 'NONE',  ( 8.964022892078409004E-14, 0.6561787149247684248, 0.7546055221635205035 ) ) ;
#2492 = AXIS2_PLACEMENT_3D ( 'NONE', #1741, #4030, #2473 ) ;
#2493 = EDGE_LOOP ( 'NONE', ( #4753, #2210, #4428, #1078 ) ) ;
#2494 = ORIENTED_EDGE ( 'NONE', *, *, #1923, .T. ) ;
#2495 = FACE_OUTER_BOUND ( 'NONE', #2582, .T. ) ;
#2496 = CARTESIAN_POINT ( 'NONE',  ( 7.296724953260060431, 3.200000000000000178, 2.297891415291849704 ) ) ;
#2497 = CARTESIAN_POINT ( 'NONE',  ( 1.380560112054757704, 6.500000000000000000, -0.7744648667341185178 ) ) ;
#2498 = EDGE_LOOP ( 'NONE', ( #535, #231, #2596, #1298 ) ) ;
#2499 = DIRECTION ( 'NONE',  ( -0.000000000000000000, 0.6561787149247862994, 0.7546055221635049604 ) ) ;
#2500 = CARTESIAN_POINT ( 'NONE',  ( 0.000000000000000000, 6.500000000000000000, 0.000000000000000000 ) ) ;
#2501 = EDGE_CURVE ( 'NONE', #4774, #3886, #1944, .T. ) ;
#2502 = CARTESIAN_POINT ( 'NONE',  ( 0.000000000000000000, 6.500000000000000000, -6.849999999999998757 ) ) ;
#2503 = DIRECTION ( 'NONE',  ( 0.000000000000000000, 0.000000000000000000, 1.000000000000000000 ) ) ;
#2504 = EDGE_LOOP ( 'NONE', ( #1137, #854, #2335 ) ) ;
#2505 = ORIENTED_EDGE ( 'NONE', *, *, #4685, .T. ) ;
#2506 = PLANE ( 'NONE',  #3177 ) ;
#2507 = LINE ( 'NONE', #3676, #911 ) ;
#2508 = DIRECTION ( 'NONE',  ( 0.000000000000000000, 0.000000000000000000, 1.000000000000000000 ) ) ;
#2509 = EDGE_LOOP ( 'NONE', ( #4625, #860, #3809, #2041 ) ) ;
#2510 = ORIENTED_EDGE ( 'NONE', *, *, #2512, .T. ) ;
#2511 = AXIS2_PLACEMENT_3D ( 'NONE', #1154, #2646, #1481 ) ;
#2512 = EDGE_CURVE ( 'NONE', #1550, #2711, #1594, .T. ) ;
#2513 = CARTESIAN_POINT ( 'NONE',  ( -7.214603044822823108, 3.063623187575865270, 2.544307028118206748 ) ) ;
#2514 = CARTESIAN_POINT ( 'NONE',  ( 1.379999999999999893, 9.670245855868245144, 5.485303232940222706 ) ) ;
#2515 = AXIS2_PLACEMENT_3D ( 'NONE', #2390, #2760, #4608 ) ;
#2516 = EDGE_CURVE ( 'NONE', #4045, #2010, #2, .T. ) ;
#2517 = ORIENTED_EDGE ( 'NONE', *, *, #383, .F. ) ;
#2518 = CARTESIAN_POINT ( 'NONE',  ( -3.405877273185280885, 1.699999999999999734, 6.850000000000000533 ) ) ;
#2519 = AXIS2_PLACEMENT_3D ( 'NONE', #1713, #934, #2057 ) ;
#2520 = CARTESIAN_POINT ( 'NONE',  ( 2.716032430193390912, 3.000000000000000000, 7.343409823653981761 ) ) ;
#2521 = DIRECTION ( 'NONE',  ( -0.000000000000000000, -0.000000000000000000, -1.000000000000000000 ) ) ;
#2522 = VECTOR ( 'NONE', #2317, 1000.000000000000227 ) ;
#2523 = EDGE_LOOP ( 'NONE', ( #2226, #843, #2329, #1026 ) ) ;
#2524 = CARTESIAN_POINT ( 'NONE',  ( 7.171856393899841642, 3.000000000000000000, 2.663767322733572751 ) ) ;
#2525 = CARTESIAN_POINT ( 'NONE',  ( 7.085102807365161404, 3.000000000000000000, -2.885102807365161670 ) ) ;
#2526 =( BOUNDED_CURVE ( )  B_SPLINE_CURVE ( 3, ( #4197, #1219, #2371, #1620 ),
 .UNSPECIFIED., .F., .F. ) 
 B_SPLINE_CURVE_WITH_KNOTS ( ( 4, 4 ),
 ( 5.978492653164188653, 6.587877961194983811 ),
 .UNSPECIFIED. ) 
 CURVE ( )  GEOMETRIC_REPRESENTATION_ITEM ( )  RATIONAL_B_SPLINE_CURVE ( ( 1.000000000000000000, 0.9692928009446304394, 0.9692928009446304394, 1.000000000000000000 ) ) 
 REPRESENTATION_ITEM ( '' )  );
#2527 = CIRCLE ( 'NONE', #739, 0.1499999999999999667 ) ;
#2528 = CARTESIAN_POINT ( 'NONE',  ( 2.263182533822364562, 8.000000000000001776, -4.871246803256983782 ) ) ;
#2529 = PLANE ( 'NONE',  #1482 ) ;
#2530 = ORIENTED_EDGE ( 'NONE', *, *, #1015, .T. ) ;
#2531 = EDGE_CURVE ( 'NONE', #1640, #850, #2063, .T. ) ;
#2532 = ORIENTED_EDGE ( 'NONE', *, *, #2086, .F. ) ;
#2533 = DIRECTION ( 'NONE',  ( -0.000000000000000000, -1.000000000000000000, -0.000000000000000000 ) ) ;
#2534 = PRODUCT_DEFINITION_CONTEXT ( 'detailed design', #3876, 'design' ) ;
#2535 = ORIENTED_EDGE ( 'NONE', *, *, #4196, .F. ) ;
#2536 = EDGE_CURVE ( 'NONE', #861, #3311, #72, .T. ) ;
#2537 = ORIENTED_EDGE ( 'NONE', *, *, #1369, .T. ) ;
#2538 = EDGE_CURVE ( 'NONE', #3075, #1464, #3078, .T. ) ;
#2539 = AXIS2_PLACEMENT_3D ( 'NONE', #3384, #3710, #2155 ) ;
#2540 = DIRECTION ( 'NONE',  ( 0.000000000000000000, 0.000000000000000000, -1.000000000000000000 ) ) ;
#2541 = CARTESIAN_POINT ( 'NONE',  ( 3.018470195263254219, 3.000000000000000000, 7.029319859012494121 ) ) ;
#2542 = APPLICATION_CONTEXT ( 'automotive_design' ) ;
#2543 = EDGE_CURVE ( 'NONE', #1290, #392, #4599, .T. ) ;
#2544 = CARTESIAN_POINT ( 'NONE',  ( 3.405877273185284881, 1.699999999999999734, -6.849999999999998757 ) ) ;
#2545 = CIRCLE ( 'NONE', #3174, 0.1499999999999999667 ) ;
#2546 = ORIENTED_EDGE ( 'NONE', *, *, #1616, .T. ) ;
#2547 = LINE ( 'NONE', #3312, #665 ) ;
#2548 = TOROIDAL_SURFACE ( 'NONE', #675, 0.1299999999999999767, 0.02000000000000000042 ) ;
#2549 = DIRECTION ( 'NONE',  ( 1.000000000000000000, 0.000000000000000000, 0.000000000000000000 ) ) ;
#2550 = CARTESIAN_POINT ( 'NONE',  ( -2.312024219028189886, 1.500000000000000444, -4.433344562587831383 ) ) ;
#2551 = EDGE_CURVE ( 'NONE', #930, #3826, #3393, .T. ) ;
#2552 = AXIS2_PLACEMENT_3D ( 'NONE', #1308, #2807, #3986 ) ;
#2553 = ORIENTED_EDGE ( 'NONE', *, *, #997, .F. ) ;
#2554 = CARTESIAN_POINT ( 'NONE',  ( 2.234154015110208835, 7.947084575471273560, 4.741006527942210447 ) ) ;
#2555 = FACE_OUTER_BOUND ( 'NONE', #3775, .T. ) ;
#2556 = CARTESIAN_POINT ( 'NONE',  ( -2.312024219028236960, 2.048942590553174181, 4.433344562587810955 ) ) ;
#2557 = CARTESIAN_POINT ( 'NONE',  ( 4.999999999999999112, 8.000000000000000000, 2.179449471770337432 ) ) ;
#2558 = ORIENTED_EDGE ( 'NONE', *, *, #863, .F. ) ;
#2559 = CIRCLE ( 'NONE', #686, 0.1299999999999998934 ) ;
#2560 = ORIENTED_EDGE ( 'NONE', *, *, #3570, .F. ) ;
#2561 = DIRECTION ( 'NONE',  ( 1.000000000000000000, 0.000000000000000000, -0.000000000000000000 ) ) ;
#2562 = DIRECTION ( 'NONE',  ( 0.000000000000000000, 0.6561787149247862994, -0.7546055221635049604 ) ) ;
#2563 = DIRECTION ( 'NONE',  ( 1.000000000000000000, 2.168404344971008252E-17, 8.673617379884035472E-17 ) ) ;
#2564 = ORIENTED_EDGE ( 'NONE', *, *, #3582, .F. ) ;
#2565 = ORIENTED_EDGE ( 'NONE', *, *, #3338, .F. ) ;
#2566 = CARTESIAN_POINT ( 'NONE',  ( -7.252000366886311333, 3.176175380897988454, 2.435362535369395509 ) ) ;
#2567 = DIRECTION ( 'NONE',  ( -1.000000000000000000, 0.000000000000000000, 0.000000000000000000 ) ) ;
#2568 = CIRCLE ( 'NONE', #460, 7.650000000000000355 ) ;
#2569 = ORIENTED_EDGE ( 'NONE', *, *, #1726, .T. ) ;
#2570 = CARTESIAN_POINT ( 'NONE',  ( 1.379999999999999449, 9.768344573749500270, -5.549999999999999822 ) ) ;
#2571 = CARTESIAN_POINT ( 'NONE',  ( 0.000000000000000000, -8.000000000000000000, 0.000000000000000000 ) ) ;
#2572 = AXIS2_PLACEMENT_3D ( 'NONE', #471, #1965, #3468 ) ;
#2573 = LINE ( 'NONE', #4103, #2662 ) ;
#2574 = EDGE_LOOP ( 'NONE', ( #2016, #3517, #866, #4031 ) ) ;
#2575 = DIRECTION ( 'NONE',  ( 0.000000000000000000, 0.000000000000000000, -1.000000000000000000 ) ) ;
#2576 = LINE ( 'NONE', #1892, #2751 ) ;
#2577 = EDGE_CURVE ( 'NONE', #973, #243, #1672, .T. ) ;
#2578 = DIRECTION ( 'NONE',  ( -0.7071067811865474617, 0.000000000000000000, -0.7071067811865474617 ) ) ;
#2579 = CARTESIAN_POINT ( 'NONE',  ( 1.399999999999999689, 6.500000000000000000, 0.8398232385305505199 ) ) ;
#2580 = SHAPE_REPRESENTATION_RELATIONSHIP ( 'NONE' , 'NONE' ,  #368, #4695 ) ;
#2581 = VERTEX_POINT ( 'NONE', #3934 ) ;
#2582 = EDGE_LOOP ( 'NONE', ( #3470, #4159, #3990, #4120 ) ) ;
#2583 = CARTESIAN_POINT ( 'NONE',  ( -1.397319086605161909, 6.500000000000000000, 4.496202024374977846 ) ) ;
#2584 = CARTESIAN_POINT ( 'NONE',  ( 0.000000000000000000, 12.50000000000000000, 4.343903740188081564 ) ) ;
#2585 = CYLINDRICAL_SURFACE ( 'NONE', #799, 0.01999999999999999001 ) ;
#2586 = ORIENTED_EDGE ( 'NONE', *, *, #1337, .F. ) ;
#2587 = CARTESIAN_POINT ( 'NONE',  ( -7.252000366886311333, 3.200000000000000178, 2.435362535369389292 ) ) ;
#2588 = DIRECTION ( 'NONE',  ( 0.000000000000000000, 1.000000000000000000, -0.000000000000000000 ) ) ;
#2589 = VECTOR ( 'NONE', #3693, 1000.000000000000000 ) ;
#2590 = AXIS2_PLACEMENT_3D ( 'NONE', #912, #2375, #1244 ) ;
#2591 = EDGE_CURVE ( 'NONE', #4780, #159, #1347, .T. ) ;
#2592 = PLANE ( 'NONE',  #3956 ) ;
#2593 = DIRECTION ( 'NONE',  ( 0.000000000000000000, -0.000000000000000000, -1.000000000000000000 ) ) ;
#2594 = ADVANCED_FACE ( 'NONE', ( #2847 ), #2821, .T. ) ;
#2595 = DIRECTION ( 'NONE',  ( -0.000000000000000000, 1.000000000000000000, -0.000000000000000000 ) ) ;
#2596 = ORIENTED_EDGE ( 'NONE', *, *, #4449, .F. ) ;
#2597 = CARTESIAN_POINT ( 'NONE',  ( -1.379999999999999893, 8.744846254575030287, 4.451573192761281383 ) ) ;
#2598 = FACE_OUTER_BOUND ( 'NONE', #1468, .T. ) ;
#2599 = DIRECTION ( 'NONE',  ( -0.000000000000000000, 0.000000000000000000, 1.000000000000000000 ) ) ;
#2600 = AXIS2_PLACEMENT_3D ( 'NONE', #688, #1810, #3708 ) ;
#2601 = DIRECTION ( 'NONE',  ( 0.000000000000000000, 0.000000000000000000, 1.000000000000000000 ) ) ;
#2602 = ORIENTED_EDGE ( 'NONE', *, *, #1521, .F. ) ;
#2603 = LINE ( 'NONE', #33, #3576 ) ;
#2604 = DIRECTION ( 'NONE',  ( 0.000000000000000000, 0.9863939238321437486, -0.1643989873053572637 ) ) ;
#2605 = CIRCLE ( 'NONE', #1124, 0.1499999999999999667 ) ;
#2606 = DIRECTION ( 'NONE',  ( 0.7071067811865453523, -2.775557561562891043E-17, 0.7071067811865497932 ) ) ;
#2607 = CARTESIAN_POINT ( 'NONE',  ( 3.055708360304935756, 1.499999999999999334, -7.013831087634015304 ) ) ;
#2608 = ORIENTED_EDGE ( 'NONE', *, *, #2892, .T. ) ;
#2609 = EDGE_CURVE ( 'NONE', #4791, #3971, #3557, .T. ) ;
#2610 = CARTESIAN_POINT ( 'NONE',  ( -7.233617738330952562, 3.101480656498024846, 2.489507632570832296 ) ) ;
#2611 = AXIS2_PLACEMENT_3D ( 'NONE', #125, #2774, #1249 ) ;
#2612 = CARTESIAN_POINT ( 'NONE',  ( 2.571963978632909154, 3.176175380897986233, 7.204686064820229774 ) ) ;
#2613 = AXIS2_PLACEMENT_3D ( 'NONE', #196, #269, #2869 ) ;
#2614 = DIRECTION ( 'NONE',  ( 0.000000000000000000, 0.000000000000000000, -1.000000000000000000 ) ) ;
#2615 = AXIS2_PLACEMENT_3D ( 'NONE', #3798, #34, #1874 ) ;
#2616 = LINE ( 'NONE', #4127, #339 ) ;
#2617 = FACE_OUTER_BOUND ( 'NONE', #2028, .T. ) ;
#2618 = ORIENTED_EDGE ( 'NONE', *, *, #4781, .T. ) ;
#2619 = FACE_OUTER_BOUND ( 'NONE', #4190, .T. ) ;
#2620 = VECTOR ( 'NONE', #3025, 1000.000000000000114 ) ;
#2621 = PLANE ( 'NONE',  #1107 ) ;
#2622 = EDGE_CURVE ( 'NONE', #1551, #1663, #1442, .T. ) ;
#2623 = CARTESIAN_POINT ( 'NONE',  ( -2.571963978632912706, 3.000000000000000000, -7.204686064820227998 ) ) ;
#2624 = ADVANCED_FACE ( 'NONE', ( #2802 ), #1326, .T. ) ;
#2625 = DIRECTION ( 'NONE',  ( 0.000000000000000000, 0.000000000000000000, -1.000000000000000000 ) ) ;
#2626 = AXIS2_PLACEMENT_3D ( 'NONE', #2140, #305, #3245 ) ;
#2627 = EDGE_LOOP ( 'NONE', ( #1059, #338, #880, #1845 ) ) ;
#2628 = ADVANCED_FACE ( 'NONE', ( #4330 ), #3542, .F. ) ;
#2629 = CARTESIAN_POINT ( 'NONE',  ( -1.380000000000000115, 9.768344573749498494, 5.530000000000000249 ) ) ;
#2630 = CARTESIAN_POINT ( 'NONE',  ( -2.312024219028192551, 2.048942590553173293, -4.433344562587834048 ) ) ;
#2631 = ADVANCED_FACE ( 'NONE', ( #1250 ), #4692, .T. ) ;
#2632 = CARTESIAN_POINT ( 'NONE',  ( -1.380000000000000115, 11.54484625457503100, -5.498426807238717906 ) ) ;
#2633 = CARTESIAN_POINT ( 'NONE',  ( 7.296724953260060431, 8.000000000000000000, 2.297891415291850148 ) ) ;
#2634 = CIRCLE ( 'NONE', #525, 0.02000000000000005246 ) ;
#2635 = DIRECTION ( 'NONE',  ( -1.000000000000000000, -0.000000000000000000, -0.000000000000000000 ) ) ;
#2636 = VERTEX_POINT ( 'NONE', #3591 ) ;
#2637 = MANIFOLD_SOLID_BREP ( 'Fillet3', #982 ) ;
#2638 = CARTESIAN_POINT ( 'NONE',  ( 0.000000000000000000, 8.000000000000000000, 0.000000000000000000 ) ) ;
#2639 = ADVANCED_FACE ( 'NONE', ( #987 ), #174, .T. ) ;
#2640 = CARTESIAN_POINT ( 'NONE',  ( 2.435362535369395953, 8.000000000000000000, -7.252000366886309557 ) ) ;
#2641 = PLANE ( 'NONE',  #4728 ) ;
#2642 = FACE_OUTER_BOUND ( 'NONE', #3129, .T. ) ;
#2643 = VERTEX_POINT ( 'NONE', #1301 ) ;
#2644 = VERTEX_POINT ( 'NONE', #890 ) ;
#2645 = CARTESIAN_POINT ( 'NONE',  ( -1.380000000000000115, 9.655153745424975398, 5.498426807238718794 ) ) ;
#2646 = DIRECTION ( 'NONE',  ( 0.6936187941687648184, -0.000000000000000000, -0.7203422578024066825 ) ) ;
#2647 = CIRCLE ( 'NONE', #1792, 0.01999999999999996225 ) ;
#2648 = CARTESIAN_POINT ( 'NONE',  ( 3.018470195263254219, 3.000000000000000000, 7.029319859012494121 ) ) ;
#2649 = LINE ( 'NONE', #2286, #4544 ) ;
#2650 = ITEM_DEFINED_TRANSFORMATION ( 'NONE', 'NONE', #3627,  #3783 ) ;
#2651 = VERTEX_POINT ( 'NONE', #3888 ) ;
#2652 = EDGE_LOOP ( 'NONE', ( #649, #3523, #2546, #4037 ) ) ;
#2653 = DIRECTION ( 'NONE',  ( 1.000000000000000000, 2.168404344971008252E-17, 8.673617379884035472E-17 ) ) ;
#2654 = CARTESIAN_POINT ( 'NONE',  ( -2.966664951328182642, 4.978965517241378258, 5.087985294887742427 ) ) ;
#2655 = DIRECTION ( 'NONE',  ( -8.673617379884035472E-17, 0.000000000000000000, 1.000000000000000000 ) ) ;
#2656 = EDGE_CURVE ( 'NONE', #1031, #3496, #4101, .T. ) ;
#2657 = CARTESIAN_POINT ( 'NONE',  ( 1.399999999999999689, 12.44809871788125477, -4.429206973128302138 ) ) ;
#2658 = ORIENTED_EDGE ( 'NONE', *, *, #3926, .T. ) ;
#2659 = CARTESIAN_POINT ( 'NONE',  ( 0.000000000000000000, 8.000000000000000000, 0.000000000000000000 ) ) ;
#2660 = CYLINDRICAL_SURFACE ( 'NONE', #4278, 0.5000000000000004441 ) ;
#2661 = CARTESIAN_POINT ( 'NONE',  ( -2.179449471770337432, 1.500000000000000444, 4.500000000000000000 ) ) ;
#2662 = VECTOR ( 'NONE', #2234, 1000.000000000000000 ) ;
#2663 = DIRECTION ( 'NONE',  ( 0.000000000000000000, 0.000000000000000000, -1.000000000000000000 ) ) ;
#2664 = ORIENTED_EDGE ( 'NONE', *, *, #354, .T. ) ;
#2665 = EDGE_CURVE ( 'NONE', #2098, #3149, #3138, .T. ) ;
#2666 = AXIS2_PLACEMENT_3D ( 'NONE', #1459, #349, #419 ) ;
#2667 = ORIENTED_EDGE ( 'NONE', *, *, #3552, .F. ) ;
#2668 = CYLINDRICAL_SURFACE ( 'NONE', #4113, 0.1000000000000001443 ) ;
#2669 = CIRCLE ( 'NONE', #876, 0.1700000000000000122 ) ;
#2670 = PLANE ( 'NONE',  #480 ) ;
#2671 = DIRECTION ( 'NONE',  ( 1.000000000000000000, 2.168404344971008252E-17, -8.673617379884035472E-17 ) ) ;
#2672 = CARTESIAN_POINT ( 'NONE',  ( 1.400000000000000133, 11.54484625457503100, 5.498426807238718794 ) ) ;
#2673 = AXIS2_PLACEMENT_3D ( 'NONE', #38, #404, #3028 ) ;
#2674 = ORIENTED_EDGE ( 'NONE', *, *, #3721, .F. ) ;
#2675 = VERTEX_POINT ( 'NONE', #4765 ) ;
#2676 = CARTESIAN_POINT ( 'NONE',  ( -1.380000000000000115, 12.50000000000000000, 4.343903740188081564 ) ) ;
#2677 = CARTESIAN_POINT ( 'NONE',  ( 0.000000000000000000, 3.000000000000000000, 0.000000000000000000 ) ) ;
#2678 = CIRCLE ( 'NONE', #94, 0.1700000000000000122 ) ;
#2679 = CYLINDRICAL_SURFACE ( 'NONE', #2764, 0.1499999999999999667 ) ;
#2680 = EDGE_CURVE ( 'NONE', #315, #4476, #4654, .T. ) ;
#2681 = DIRECTION ( 'NONE',  ( -0.7071067811865473507, -2.775557561562891351E-17, 0.7071067811865477948 ) ) ;
#2682 = ORIENTED_EDGE ( 'NONE', *, *, #4043, .F. ) ;
#2683 = VECTOR ( 'NONE', #2940, 1000.000000000000000 ) ;
#2684 = AXIS2_PLACEMENT_3D ( 'NONE', #469, #4206, #2309 ) ;
#2685 = PLANE ( 'NONE',  #735 ) ;
#2686 = ADVANCED_FACE ( 'NONE', ( #4400 ), #1906, .T. ) ;
#2687 = EDGE_CURVE ( 'NONE', #4320, #1173, #1435, .T. ) ;
#2688 = EDGE_LOOP ( 'NONE', ( #3458, #347, #1136, #2674 ) ) ;
#2689 = EDGE_CURVE ( 'NONE', #3117, #4395, #298, .T. ) ;
#2690 = DIRECTION ( 'NONE',  ( 1.000000000000000000, 0.000000000000000000, 0.000000000000000000 ) ) ;
#2691 = EDGE_CURVE ( 'NONE', #1871, #2644, #3870, .T. ) ;
#2692 = PLANE ( 'NONE',  #2369 ) ;
#2693 = AXIS2_PLACEMENT_3D ( 'NONE', #4382, #3939, #3983 ) ;
#2694 = FACE_OUTER_BOUND ( 'NONE', #3761, .T. ) ;
#2695 = ORIENTED_EDGE ( 'NONE', *, *, #3107, .F. ) ;
#2696 = VERTEX_POINT ( 'NONE', #4838 ) ;
#2697 = LINE ( 'NONE', #3114, #2228 ) ;
#2698 = CIRCLE ( 'NONE', #192, 0.01999999999999996225 ) ;
#2699 = DIRECTION ( 'NONE',  ( 0.000000000000000000, 0.000000000000000000, 1.000000000000000000 ) ) ;
#2700 = DIRECTION ( 'NONE',  ( -0.000000000000000000, 1.000000000000000000, -0.000000000000000000 ) ) ;
#2701 = EDGE_CURVE ( 'NONE', #3149, #1897, #2265, .T. ) ;
#2702 = CARTESIAN_POINT ( 'NONE',  ( -3.956290731841368036, 5.626078208432424788, 3.226782805549640365 ) ) ;
#2703 = ORIENTED_EDGE ( 'NONE', *, *, #562, .T. ) ;
#2704 = CARTESIAN_POINT ( 'NONE',  ( 1.379999999999999671, 12.37465984809580810, -1.879109974682634965 ) ) ;
#2705 = CARTESIAN_POINT ( 'NONE',  ( 7.279416985118927208, 3.101558808504984110, 2.352227884582229311 ) ) ;
#2706 = CARTESIAN_POINT ( 'NONE',  ( 4.046831517071730389, 4.910000000000000142, -4.046831517071705520 ) ) ;
#2707 = CARTESIAN_POINT ( 'NONE',  ( 1.380279994234274277, 6.500000000000000000, -4.549233012451844083 ) ) ;
#2708 = AXIS2_PLACEMENT_3D ( 'NONE', #1780, #3967, #4754 ) ;
#2709 = DIRECTION ( 'NONE',  ( 0.000000000000000000, -0.7546055221634990762, 0.6561787149247930717 ) ) ;
#2710 = DIRECTION ( 'NONE',  ( 0.7071067811865474617, 0.000000000000000000, 0.7071067811865474617 ) ) ;
#2711 = VERTEX_POINT ( 'NONE', #1062 ) ;
#2712 = LINE ( 'NONE', #1189, #2062 ) ;
#2713 = EDGE_LOOP ( 'NONE', ( #3435, #431, #1216, #553 ) ) ;
#2714 = ORIENTED_EDGE ( 'NONE', *, *, #2389, .F. ) ;
#2715 = AXIS2_PLACEMENT_3D ( 'NONE', #4212, #2000, #3501 ) ;
#2716 = CARTESIAN_POINT ( 'NONE',  ( -2.179449471770337432, 7.499999999999998224, -4.500000000000000000 ) ) ;
#2717 =( BOUNDED_CURVE ( )  B_SPLINE_CURVE ( 3, ( #2556, #3744, #2950, #4086 ),
 .UNSPECIFIED., .F., .F. ) 
 B_SPLINE_CURVE_WITH_KNOTS ( ( 4, 4 ),
 ( 5.978492653164188653, 6.587877961194983811 ),
 .UNSPECIFIED. ) 
 CURVE ( )  GEOMETRIC_REPRESENTATION_ITEM ( )  RATIONAL_B_SPLINE_CURVE ( ( 1.000000000000000000, 0.9692928009446304394, 0.9692928009446304394, 1.000000000000000000 ) ) 
 REPRESENTATION_ITEM ( '' )  );
#2718 = EDGE_CURVE ( 'NONE', #2937, #4776, #666, .T. ) ;
#2719 = DIRECTION ( 'NONE',  ( -1.000000000000000000, -0.000000000000000000, -0.000000000000000000 ) ) ;
#2720 = LINE ( 'NONE', #4251, #167 ) ;
#2721 = EDGE_CURVE ( 'NONE', #397, #2414, #4056, .T. ) ;
#2722 = EDGE_LOOP ( 'NONE', ( #4236, #3982, #1387, #1696 ) ) ;
#2723 = ORIENTED_EDGE ( 'NONE', *, *, #4569, .F. ) ;
#2724 = CARTESIAN_POINT ( 'NONE',  ( 2.279064564105349078, 6.000000000000000000, 4.400384907664990131 ) ) ;
#2725 = LINE ( 'NONE', #3066, #2844 ) ;
#2726 = CARTESIAN_POINT ( 'NONE',  ( -1.380000000000000115, 12.50000000000000000, -4.343903740188082452 ) ) ;
#2727 = ORIENTED_EDGE ( 'NONE', *, *, #382, .F. ) ;
#2728 = ADVANCED_FACE ( 'NONE', ( #4741 ), #1476, .F. ) ;
#2729 = ORIENTED_EDGE ( 'NONE', *, *, #1971, .T. ) ;
#2730 = DIRECTION ( 'NONE',  ( 1.000000000000000000, 2.168404344971008252E-17, -8.673617379884035472E-17 ) ) ;
#2731 = CARTESIAN_POINT ( 'NONE',  ( -2.712967541895485279, 3.008500636646443738, 7.153346357285057522 ) ) ;
#2732 = DIRECTION ( 'NONE',  ( 0.4876598490941711495, 0.7241379310344820963, 0.4876598490941711495 ) ) ;
#2733 = DIRECTION ( 'NONE',  ( 0.000000000000000000, 0.000000000000000000, 1.000000000000000000 ) ) ;
#2734 = AXIS2_PLACEMENT_3D ( 'NONE', #3214, #2871, #615 ) ;
#2735 = EDGE_LOOP ( 'NONE', ( #3817, #1955, #4617, #2352 ) ) ;
#2736 = EDGE_CURVE ( 'NONE', #1637, #3075, #408, .T. ) ;
#2737 = DIRECTION ( 'NONE',  ( 2.168404344971008252E-17, -1.000000000000000000, -0.000000000000000000 ) ) ;
#2738 = VERTEX_POINT ( 'NONE', #1085 ) ;
#2739 = ORIENTED_EDGE ( 'NONE', *, *, #19, .T. ) ;
#2740 = DIRECTION ( 'NONE',  ( 0.000000000000000000, 0.000000000000000000, -1.000000000000000000 ) ) ;
#2741 = DIRECTION ( 'NONE',  ( 1.000000000000000000, 2.168404344971008252E-17, -8.673617379884035472E-17 ) ) ;
#2742 = CARTESIAN_POINT ( 'NONE',  ( 1.379999999999999671, 12.48000000000000220, 4.343903740188081564 ) ) ;
#2743 = ADVANCED_FACE ( 'NONE', ( #3314 ), #1815, .T. ) ;
#2744 = ORIENTED_EDGE ( 'NONE', *, *, #4733, .F. ) ;
#2745 = ORIENTED_EDGE ( 'NONE', *, *, #3966, .T. ) ;
#2746 = DIRECTION ( 'NONE',  ( -1.000000000000000000, -0.000000000000000000, -0.000000000000000000 ) ) ;
#2747 = EDGE_CURVE ( 'NONE', #984, #1031, #717, .T. ) ;
#2748 = DIRECTION ( 'NONE',  ( 0.000000000000000000, 1.000000000000000000, 0.000000000000000000 ) ) ;
#2749 = CARTESIAN_POINT ( 'NONE',  ( -1.379999999999999671, 6.649999999999999467, -0.7729309367425445387 ) ) ;
#2750 = ORIENTED_EDGE ( 'NONE', *, *, #1167, .F. ) ;
#2751 = VECTOR ( 'NONE', #3345, 1000.000000000000114 ) ;
#2752 = AXIS2_PLACEMENT_3D ( 'NONE', #1455, #4128, #1105 ) ;
#2753 = VERTEX_POINT ( 'NONE', #247 ) ;
#2754 = DIRECTION ( 'NONE',  ( 0.000000000000000000, 0.000000000000000000, -1.000000000000000000 ) ) ;
#2755 = DIRECTION ( 'NONE',  ( 0.000000000000000000, -1.000000000000000000, 0.000000000000000000 ) ) ;
#2756 = ADVANCED_FACE ( 'NONE', ( #1740 ), #344, .F. ) ;
#2757 = CARTESIAN_POINT ( 'NONE',  ( -1.380000000000000115, 12.34999999999999964, 4.343903740188081564 ) ) ;
#2758 =( GEOMETRIC_REPRESENTATION_CONTEXT ( 3 ) GLOBAL_UNCERTAINTY_ASSIGNED_CONTEXT ( ( #4414 ) ) GLOBAL_UNIT_ASSIGNED_CONTEXT ( ( #3222, #330, #2481 ) ) REPRESENTATION_CONTEXT ( 'NONE', 'WORKASPACE' ) );
#2759 = DIRECTION ( 'NONE',  ( -0.000000000000000000, 0.6561787149247870765, 0.7546055221635045163 ) ) ;
#2760 = DIRECTION ( 'NONE',  ( 0.000000000000000000, -0.6561787149247684248, 0.7546055221635205035 ) ) ;
#2761 = ORIENTED_EDGE ( 'NONE', *, *, #4600, .F. ) ;
#2762 = FACE_OUTER_BOUND ( 'NONE', #541, .T. ) ;
#2763 = EDGE_CURVE ( 'NONE', #1013, #998, #4377, .T. ) ;
#2764 = AXIS2_PLACEMENT_3D ( 'NONE', #2388, #3477, #4607 ) ;
#2765 = ORIENTED_EDGE ( 'NONE', *, *, #949, .F. ) ;
#2766 = CIRCLE ( 'NONE', #3396, 0.1700000000000000122 ) ;
#2767 = EDGE_LOOP ( 'NONE', ( #146, #86, #1053, #2855 ) ) ;
#2768 = DIRECTION ( 'NONE',  ( 0.000000000000000000, 0.000000000000000000, -1.000000000000000000 ) ) ;
#2769 = AXIS2_PLACEMENT_3D ( 'NONE', #2178, #2102, #3609 ) ;
#2770 = CARTESIAN_POINT ( 'NONE',  ( 4.433344562587833160, 1.500000000000000888, 2.312024219028187666 ) ) ;
#2771 = DIRECTION ( 'NONE',  ( -1.000000000000000000, -0.000000000000000000, -0.000000000000000000 ) ) ;
#2772 = ORIENTED_EDGE ( 'NONE', *, *, #3818, .F. ) ;
#2773 = VERTEX_POINT ( 'NONE', #2132 ) ;
#2774 = DIRECTION ( 'NONE',  ( 1.000000000000000000, 0.000000000000000000, 0.000000000000000000 ) ) ;
#2775 = CIRCLE ( 'NONE', #1754, 0.1700000000000000122 ) ;
#2776 = DIRECTION ( 'NONE',  ( 1.000000000000000000, 2.168404344971005170E-17, 0.000000000000000000 ) ) ;
#2777 = DIRECTION ( 'NONE',  ( 1.000000000000000000, -0.000000000000000000, 0.000000000000000000 ) ) ;
#2778 = AXIS2_PLACEMENT_3D ( 'NONE', #3955, #219, #2425 ) ;
#2779 = ORIENTED_EDGE ( 'NONE', *, *, #1643, .T. ) ;
#2780 = CARTESIAN_POINT ( 'NONE',  ( -7.296724953260063984, 3.176207172489685870, -2.297891415291847039 ) ) ;
#2781 = CARTESIAN_POINT ( 'NONE',  ( -2.885102807365160338, 3.000000000000000000, 7.085102807365162292 ) ) ;
#2782 = ADVANCED_FACE ( 'NONE', ( #413, #1548, #4523 ), #2641, .T. ) ;
#2783 = CARTESIAN_POINT ( 'NONE',  ( 0.000000000000000000, 7.500000000000000000, 0.000000000000000000 ) ) ;
#2784 = CARTESIAN_POINT ( 'NONE',  ( 2.312024219028190775, 5.951057409446828039, 4.433344562587832272 ) ) ;
#2785 = VECTOR ( 'NONE', #453, 1000.000000000000000 ) ;
#2786 = SHAPE_REPRESENTATION_RELATIONSHIP ( 'NONE' , 'NONE' ,  #720, #3167 ) ;
#2787 = ORIENTED_EDGE ( 'NONE', *, *, #3302, .T. ) ;
#2788 = AXIS2_PLACEMENT_3D ( 'NONE', #1072, #1021, #283 ) ;
#2789 = DIRECTION ( 'NONE',  ( -0.000000000000000000, -1.000000000000000000, 0.000000000000000000 ) ) ;
#2790 = ORIENTED_EDGE ( 'NONE', *, *, #4857, .F. ) ;
#2791 = ORIENTED_EDGE ( 'NONE', *, *, #2941, .T. ) ;
#2792 = CIRCLE ( 'NONE', #1300, 0.1499999999999999667 ) ;
#2793 = EDGE_CURVE ( 'NONE', #554, #466, #1149, .T. ) ;
#2794 = CARTESIAN_POINT ( 'NONE',  ( -1.379999999999999671, 6.500000000000000000, 0.7729309367425446498 ) ) ;
#2795 = MANIFOLD_SOLID_BREP ( 'Boss-Extrude1', #4829 ) ;
#2796 = LINE ( 'NONE', #1319, #261 ) ;
#2797 = VECTOR ( 'NONE', #4834, 1000.000000000000000 ) ;
#2798 = DIRECTION ( 'NONE',  ( 0.000000000000000000, 0.000000000000000000, 1.000000000000000000 ) ) ;
#2799 = ORIENTED_EDGE ( 'NONE', *, *, #3077, .F. ) ;
#2800 = ORIENTED_EDGE ( 'NONE', *, *, #334, .T. ) ;
#2801 = DIRECTION ( 'NONE',  ( 1.000000000000000000, 0.000000000000000000, 0.000000000000000000 ) ) ;
#2802 = FACE_OUTER_BOUND ( 'NONE', #3810, .T. ) ;
#2803 = LINE ( 'NONE', #151, #3439 ) ;
#2804 = ORIENTED_EDGE ( 'NONE', *, *, #83, .T. ) ;
#2805 = CARTESIAN_POINT ( 'NONE',  ( -1.379999999999999449, 0.02972972972972962383, -0.1783783783783780552 ) ) ;
#2806 = DIRECTION ( 'NONE',  ( 0.000000000000000000, 0.000000000000000000, -1.000000000000000000 ) ) ;
#2807 = DIRECTION ( 'NONE',  ( -0.5120428415488789131, -0.6896551724137937045, -0.5120428415488786911 ) ) ;
#2808 = EDGE_LOOP ( 'NONE', ( #505, #3547, #4039, #2434, #3965, #467, #1836, #2188, #2282, #416, #1736, #4630, #3241, #3786, #2273, #2181 ) ) ;
#2809 = VECTOR ( 'NONE', #1313, 1000.000000000000114 ) ;
#2810 = DIRECTION ( 'NONE',  ( -1.000000000000000000, -2.168404344971008252E-17, 8.673617379884035472E-17 ) ) ;
#2811 = AXIS2_PLACEMENT_3D ( 'NONE', #4622, #450, #2044 ) ;
#2812 = EDGE_CURVE ( 'NONE', #14, #4138, #439, .T. ) ;
#2813 = ORIENTED_EDGE ( 'NONE', *, *, #3874, .F. ) ;
#2814 = EDGE_LOOP ( 'NONE', ( #813, #1006, #484, #171, #4854, #4245, #3155, #2791, #795, #3111, #4490, #4509, #2804, #1578 ) ) ;
#2815 = DIRECTION ( 'NONE',  ( -0.7071067811865451302, 0.000000000000000000, -0.7071067811865500152 ) ) ;
#2816 = DIRECTION ( 'NONE',  ( 0.000000000000000000, -1.000000000000000000, 0.000000000000000000 ) ) ;
#2817 = CYLINDRICAL_SURFACE ( 'NONE', #1109, 5.000000000000000000 ) ;
#2818 = VERTEX_POINT ( 'NONE', #2661 ) ;
#2819 = VERTEX_POINT ( 'NONE', #2301 ) ;
#2820 = CARTESIAN_POINT ( 'NONE',  ( -3.371111840569784412, 1.616536647565486318, 6.867191002222499563 ) ) ;
#2821 = CYLINDRICAL_SURFACE ( 'NONE', #811, 0.02000000000000005246 ) ;
#2822 = DIRECTION ( 'NONE',  ( 1.000000000000000000, 0.000000000000000000, -0.000000000000000000 ) ) ;
#2823 = EDGE_CURVE ( 'NONE', #1904, #1328, #20, .T. ) ;
#2824 = ORIENTED_EDGE ( 'NONE', *, *, #1438, .T. ) ;
#2825 = FACE_OUTER_BOUND ( 'NONE', #3892, .T. ) ;
#2826 = CYLINDRICAL_SURFACE ( 'NONE', #2982, 0.1499999999999999667 ) ;
#2827 = CYLINDRICAL_SURFACE ( 'NONE', #4522, 0.02000000000000053471 ) ;
#2828 = FACE_OUTER_BOUND ( 'NONE', #3723, .T. ) ;
#2829 = AXIS2_PLACEMENT_3D ( 'NONE', #4094, #1694, #2508 ) ;
#2830 = ORIENTED_EDGE ( 'NONE', *, *, #928, .T. ) ;
#2831 = CARTESIAN_POINT ( 'NONE',  ( -1.400000000000000133, 8.631655426250503638, 4.549999999999999822 ) ) ;
#2832 = CARTESIAN_POINT ( 'NONE',  ( 1.397319086605161687, 6.500000000000000000, 4.496202024374977846 ) ) ;
#2833 = VERTEX_POINT ( 'NONE', #3806 ) ;
#2834 = ORIENTED_EDGE ( 'NONE', *, *, #436, .T. ) ;
#2835 = CARTESIAN_POINT ( 'NONE',  ( 4.400384907664991019, 6.000000000000000000, 2.279064564105347301 ) ) ;
#2836 = EDGE_CURVE ( 'NONE', #2753, #2304, #3692, .T. ) ;
#2837 = AXIS2_PLACEMENT_3D ( 'NONE', #1980, #2297, #3054 ) ;
#2838 = ADVANCED_FACE ( 'NONE', ( #3011 ), #2692, .F. ) ;
#2839 = CARTESIAN_POINT ( 'NONE',  ( 0.000000000000000000, 1.499999999999999556, -7.049999999999998046 ) ) ;
#2840 = COLOUR_RGB ( '',0.7921568627450980005, 0.8196078431372548767, 0.9333333333333333481 ) ;
#2841 = ORIENTED_EDGE ( 'NONE', *, *, #4493, .T. ) ;
#2842 = AXIS2_PLACEMENT_3D ( 'NONE', #1140, #4710, #3634 ) ;
#2843 = EDGE_CURVE ( 'NONE', #3768, #3674, #2766, .T. ) ;
#2844 = VECTOR ( 'NONE', #4530, 1000.000000000000000 ) ;
#2845 = EDGE_LOOP ( 'NONE', ( #4571, #3455, #831, #162 ) ) ;
#2846 = CARTESIAN_POINT ( 'NONE',  ( -3.397045344066844663, 1.653845617810561608, -6.854399480517451515 ) ) ;
#2847 = FACE_OUTER_BOUND ( 'NONE', #274, .T. ) ;
#2848 = PLANE ( 'NONE',  #1486 ) ;
#2849 = EDGE_LOOP ( 'NONE', ( #4444, #391 ) ) ;
#2850 = CARTESIAN_POINT ( 'NONE',  ( 1.379999999999999671, 8.631655426250503638, -4.549999999999998934 ) ) ;
#2851 = VECTOR ( 'NONE', #839, 1000.000000000000114 ) ;
#2852 = ADVANCED_FACE ( 'NONE', ( #834 ), #2292, .T. ) ;
#2853 = DIRECTION ( 'NONE',  ( 0.000000000000000000, 0.000000000000000000, -1.000000000000000000 ) ) ;
#2854 = CARTESIAN_POINT ( 'NONE',  ( 1.399999999999999689, 6.622052172158090499, -0.9406179037940094467 ) ) ;
#2855 = ORIENTED_EDGE ( 'NONE', *, *, #4118, .F. ) ;
#2856 = COLOUR_RGB ( '',0.7921568627450980005, 0.8196078431372548767, 0.9333333333333333481 ) ;
#2857 = PLANE ( 'NONE',  #2788 ) ;
#2858 = AXIS2_PLACEMENT_3D ( 'NONE', #2976, #425, #1558 ) ;
#2859 = CARTESIAN_POINT ( 'NONE',  ( -1.380000000000000115, 12.34999999999999964, 4.343903740188081564 ) ) ;
#2860 = VERTEX_POINT ( 'NONE', #2233 ) ;
#2861 = ORIENTED_EDGE ( 'NONE', *, *, #1495, .T. ) ;
#2862 = AXIS2_PLACEMENT_3D ( 'NONE', #3242, #4769, #2161 ) ;
#2863 = TOROIDAL_SURFACE ( 'NONE', #593, 0.1699999999999999845, 0.02000000000000000042 ) ;
#2864 = SURFACE_STYLE_USAGE ( .BOTH. , #979 ) ;
#2865 = LINE ( 'NONE', #3772, #415 ) ;
#2866 = AXIS2_PLACEMENT_3D ( 'NONE', #1748, #1433, #1460 ) ;
#2867 = ORIENTED_EDGE ( 'NONE', *, *, #4148, .T. ) ;
#2868 = ORIENTED_EDGE ( 'NONE', *, *, #4331, .T. ) ;
#2869 = DIRECTION ( 'NONE',  ( -8.673617379884035472E-17, -1.880790961315659329E-33, -1.000000000000000000 ) ) ;
#2870 = DIRECTION ( 'NONE',  ( 0.000000000000000000, -0.000000000000000000, 1.000000000000000000 ) ) ;
#2871 = DIRECTION ( 'NONE',  ( 1.000000000000000000, 0.000000000000000000, 0.000000000000000000 ) ) ;
#2872 = VERTEX_POINT ( 'NONE', #3460 ) ;
#2873 = LINE ( 'NONE', #4720, #1286 ) ;
#2874 = DIRECTION ( 'NONE',  ( -0.4876598490941711495, -0.7241379310344820963, -0.4876598490941711495 ) ) ;
#2875 = CARTESIAN_POINT ( 'NONE',  ( -4.999999999999999112, 8.000000000000000000, -2.291287847478249429 ) ) ;
#2876 = CARTESIAN_POINT ( 'NONE',  ( 1.060660171779811423, 4.585121964646132860E-16, 1.060660171779833627 ) ) ;
#2877 = SHAPE_DEFINITION_REPRESENTATION ( #1395, #4355 ) ;
#2878 = ORIENTED_EDGE ( 'NONE', *, *, #1407, .T. ) ;
#2879 = EDGE_CURVE ( 'NONE', #3826, #3013, #3635, .T. ) ;
#2880 = ORIENTED_EDGE ( 'NONE', *, *, #3122, .F. ) ;
#2881 = DIRECTION ( 'NONE',  ( 0.000000000000000000, -1.000000000000000000, 0.000000000000000000 ) ) ;
#2882 = DIRECTION ( 'NONE',  ( -0.000000000000000000, 1.000000000000000000, -0.000000000000000000 ) ) ;
#2883 = VERTEX_POINT ( 'NONE', #366 ) ;
#2884 = EDGE_CURVE ( 'NONE', #3593, #2319, #2616, .T. ) ;
#2885 = EDGE_LOOP ( 'NONE', ( #1228, #3697, #769, #1725 ) ) ;
#2886 = DIRECTION ( 'NONE',  ( -0.7071067811865563435, 0.000000000000000000, 0.7071067811865388020 ) ) ;
#2887 = AXIS2_PLACEMENT_3D ( 'NONE', #3272, #3620, #253 ) ;
#2888 = CARTESIAN_POINT ( 'NONE',  ( -1.400000000000000133, 6.500000000000000000, -4.469999999999999751 ) ) ;
#2889 = ORIENTED_EDGE ( 'NONE', *, *, #2014, .F. ) ;
#2890 = FACE_OUTER_BOUND ( 'NONE', #1113, .T. ) ;
#2891 = CARTESIAN_POINT ( 'NONE',  ( 1.379999999999999671, 8.631655426250503638, 4.549999999999999822 ) ) ;
#2892 = EDGE_CURVE ( 'NONE', #2753, #3223, #2441, .T. ) ;
#2893 = DIRECTION ( 'NONE',  ( -1.000000000000000000, 0.000000000000000000, 0.000000000000000000 ) ) ;
#2894 = EDGE_LOOP ( 'NONE', ( #1289, #893, #2403, #531 ) ) ;
#2895 = FACE_OUTER_BOUND ( 'NONE', #1930, .T. ) ;
#2896 = EDGE_CURVE ( 'NONE', #3610, #2753, #2421, .T. ) ;
#2897 = CARTESIAN_POINT ( 'NONE',  ( 7.252000366886311333, 3.200000000000000178, -2.435362535369390180 ) ) ;
#2898 = CARTESIAN_POINT ( 'NONE',  ( 2.179449471770337876, 7.633700821002010528, -4.499999999999998224 ) ) ;
#2899 = ADVANCED_FACE ( 'NONE', ( #216 ), #537, .T. ) ;
#2900 = LINE ( 'NONE', #599, #2179 ) ;
#2901 = SHAPE_REPRESENTATION_RELATIONSHIP ( 'NONE' , 'NONE' ,  #4355, #4759 ) ;
#2902 = ORIENTED_EDGE ( 'NONE', *, *, #215, .T. ) ;
#2903 = ORIENTED_EDGE ( 'NONE', *, *, #1659, .F. ) ;
#2904 = CARTESIAN_POINT ( 'NONE',  ( -2.179449471770337432, 7.499999999999998224, 4.500000000000000000 ) ) ;
#2905 = ADVANCED_FACE ( 'NONE', ( #3560 ), #4325, .T. ) ;
#2906 = CARTESIAN_POINT ( 'NONE',  ( 1.379999999999999671, 6.622052172158088723, 0.9406179037940093357 ) ) ;
#2907 = CARTESIAN_POINT ( 'NONE',  ( -1.399999999999999689, 12.48000000000000220, 1.214306433183764720E-16 ) ) ;
#2908 = ORIENTED_EDGE ( 'NONE', *, *, #4089, .T. ) ;
#2909 = ORIENTED_EDGE ( 'NONE', *, *, #2031, .F. ) ;
#2910 = CIRCLE ( 'NONE', #2052, 0.1700000000000000122 ) ;
#2911 = FACE_OUTER_BOUND ( 'NONE', #4548, .T. ) ;
#2912 = CARTESIAN_POINT ( 'NONE',  ( 0.000000000000000000, 8.744846254575030287, -4.451573192761281383 ) ) ;
#2913 = EDGE_CURVE ( 'NONE', #45, #1808, #3072, .T. ) ;
#2914 = DIRECTION ( 'NONE',  ( -0.000000000000000000, 0.6561787149247685358, 0.7546055221635206145 ) ) ;
#2915 = CIRCLE ( 'NONE', #1184, 0.01999999999999996225 ) ;
#2916 = ORIENTED_EDGE ( 'NONE', *, *, #3562, .T. ) ;
#2917 = DIRECTION ( 'NONE',  ( 0.000000000000000000, 0.000000000000000000, 1.000000000000000000 ) ) ;
#2918 = AXIS2_PLACEMENT_3D ( 'NONE', #1243, #4686, #3586 ) ;
#2919 = CARTESIAN_POINT ( 'NONE',  ( 0.000000000000000000, 6.500000000000000000, 0.000000000000000000 ) ) ;
#2920 = FACE_BOUND ( 'NONE', #3206, .T. ) ;
#2921 = AXIS2_PLACEMENT_3D ( 'NONE', #3822, #2340, #3844 ) ;
#2922 = VECTOR ( 'NONE', #1699, 1000.000000000000114 ) ;
#2923 = VERTEX_POINT ( 'NONE', #4593 ) ;
#2924 = CARTESIAN_POINT ( 'NONE',  ( 1.379999999999999671, 6.625340151904196340, -0.9208900253173660788 ) ) ;
#2925 = CARTESIAN_POINT ( 'NONE',  ( 2.986171345291897872, 3.090000000000000746, 5.107491688851538925 ) ) ;
#2926 = PLANE ( 'NONE',  #3896 ) ;
#2927 = CARTESIAN_POINT ( 'NONE',  ( 0.000000000000000000, 1.499999999999999556, 0.000000000000000000 ) ) ;
#2928 = DIRECTION ( 'NONE',  ( 0.000000000000000000, 0.000000000000000000, 1.000000000000000000 ) ) ;
#2929 = ORIENTED_EDGE ( 'NONE', *, *, #3721, .T. ) ;
#2930 = EDGE_LOOP ( 'NONE', ( #955, #457, #629, #3976 ) ) ;
#2931 = CARTESIAN_POINT ( 'NONE',  ( 0.000000000000000000, 12.46319082832452629, 4.442330547426800003 ) ) ;
#2932 = LINE ( 'NONE', #4778, #1927 ) ;
#2933 = AXIS2_PLACEMENT_3D ( 'NONE', #3015, #393, #1066 ) ;
#2934 = EDGE_CURVE ( 'NONE', #1322, #1806, #2392, .T. ) ;
#2935 = FACE_BOUND ( 'NONE', #2383, .T. ) ;
#2936 = ORIENTED_EDGE ( 'NONE', *, *, #3199, .T. ) ;
#2937 = VERTEX_POINT ( 'NONE', #3131 ) ;
#2938 = VECTOR ( 'NONE', #1765, 1000.000000000000114 ) ;
#2939 = CARTESIAN_POINT ( 'NONE',  ( -7.085102807365159627, 3.000000000000000000, 2.885102807365165223 ) ) ;
#2940 = DIRECTION ( 'NONE',  ( -0.000000000000000000, 1.000000000000000000, -0.000000000000000000 ) ) ;
#2941 = EDGE_CURVE ( 'NONE', #1166, #4013, #4341, .T. ) ;
#2942 = ORIENTED_EDGE ( 'NONE', *, *, #4063, .T. ) ;
#2943 = DIRECTION ( 'NONE',  ( 0.000000000000000000, 0.1643989873053574580, 0.9863939238321437486 ) ) ;
#2944 = CIRCLE ( 'NONE', #4369, 7.650000000000000355 ) ;
#2945 = DIRECTION ( 'NONE',  ( 0.000000000000000000, 0.000000000000000000, -1.000000000000000000 ) ) ;
#2946 = FACE_OUTER_BOUND ( 'NONE', #951, .T. ) ;
#2947 = ORIENTED_EDGE ( 'NONE', *, *, #2443, .T. ) ;
#2948 = DIRECTION ( 'NONE',  ( -0.000000000000000000, 1.000000000000000000, 0.000000000000000000 ) ) ;
#2949 = FACE_OUTER_BOUND ( 'NONE', #2039, .T. ) ;
#2950 = CARTESIAN_POINT ( 'NONE',  ( -3.956290731841368036, 2.373921791567575657, 3.226782805549640809 ) ) ;
#2951 = CARTESIAN_POINT ( 'NONE',  ( 2.291287847478249429, 8.000000000000000000, -4.999999999999999112 ) ) ;
#2952 = ORIENTED_EDGE ( 'NONE', *, *, #4445, .T. ) ;
#2953 = VECTOR ( 'NONE', #3379, 1000.000000000000000 ) ;
#2954 = VERTEX_POINT ( 'NONE', #1220 ) ;
#2955 = CARTESIAN_POINT ( 'NONE',  ( -1.380560112054759037, 6.500000000000000000, 4.548466070008426065 ) ) ;
#2956 = CARTESIAN_POINT ( 'NONE',  ( 4.741006527942212223, 7.947084575471273560, 2.234154015110207947 ) ) ;
#2957 = EDGE_CURVE ( 'NONE', #1509, #3499, #2678, .T. ) ;
#2958 = FACE_OUTER_BOUND ( 'NONE', #2523, .T. ) ;
#2959 = ORIENTED_EDGE ( 'NONE', *, *, #1106, .F. ) ;
#2960 = PRODUCT_DEFINITION_SHAPE ( 'NONE', 'NONE',  #4861 ) ;
#2961 = LINE ( 'NONE', #4468, #3430 ) ;
#2962 = EDGE_CURVE ( 'NONE', #2079, #2883, #3235, .T. ) ;
#2963 = DIRECTION ( 'NONE',  ( 0.000000000000000000, -0.7546055221635206145, 0.6561787149247685358 ) ) ;
#2964 = AXIS2_PLACEMENT_3D ( 'NONE', #1385, #1723, #970 ) ;
#2965 = DIRECTION ( 'NONE',  ( 0.000000000000000000, 0.1643989873053572914, -0.9863939238321437486 ) ) ;
#2966 = DIRECTION ( 'NONE',  ( -0.6936187941687647074, 0.000000000000000000, 0.7203422578024065714 ) ) ;
#2967 = CARTESIAN_POINT ( 'NONE',  ( 1.379999999999999671, 8.744846254575030287, -4.451573192761281383 ) ) ;
#2968 = EDGE_LOOP ( 'NONE', ( #3637, #2377, #580, #594 ) ) ;
#2969 = DIRECTION ( 'NONE',  ( -0.000000000000000000, -1.000000000000000000, -0.000000000000000000 ) ) ;
#2970 = DIRECTION ( 'NONE',  ( 0.000000000000000000, 0.000000000000000000, 1.000000000000000000 ) ) ;
#2971 = CARTESIAN_POINT ( 'NONE',  ( 0.000000000000000000, 7.500000000000000000, -4.500000000000000000 ) ) ;
#2972 = ADVANCED_FACE ( 'NONE', ( #4636 ), #2012, .T. ) ;
#2973 = LINE ( 'NONE', #3020, #3916 ) ;
#2974 = ORIENTED_EDGE ( 'NONE', *, *, #4405, .T. ) ;
#2975 = ORIENTED_EDGE ( 'NONE', *, *, #3900, .F. ) ;
#2976 = CARTESIAN_POINT ( 'NONE',  ( 0.000000000000000000, 1.500000000000000444, 0.000000000000000000 ) ) ;
#2977 = CARTESIAN_POINT ( 'NONE',  ( -3.405877273185284881, 6.500000000000000000, -6.849999999999998757 ) ) ;
#2978 = DIRECTION ( 'NONE',  ( -0.8371691043312222691, 0.000000000000000000, -0.5469441386039886055 ) ) ;
#2979 = ORIENTED_EDGE ( 'NONE', *, *, #2823, .F. ) ;
#2980 = DIRECTION ( 'NONE',  ( 1.239088197126290817E-16, 0.000000000000000000, 1.000000000000000000 ) ) ;
#2981 = CARTESIAN_POINT ( 'NONE',  ( -1.399999999999999245, 2.790441948979335507, 2.426471259982028617 ) ) ;
#2982 = AXIS2_PLACEMENT_3D ( 'NONE', #3985, #2112, #3668 ) ;
#2983 = CIRCLE ( 'NONE', #1660, 0.1499999999999999667 ) ;
#2984 = EDGE_CURVE ( 'NONE', #1501, #315, #2796, .T. ) ;
#2985 = DIRECTION ( 'NONE',  ( -0.000000000000000000, 1.000000000000000000, -0.000000000000000000 ) ) ;
#2986 = EDGE_CURVE ( 'NONE', #2359, #140, #488, .T. ) ;
#2987 = CIRCLE ( 'NONE', #1735, 0.02000000000000003511 ) ;
#2988 = DIRECTION ( 'NONE',  ( 0.000000000000000000, 1.000000000000000000, 0.000000000000000000 ) ) ;
#2989 = CARTESIAN_POINT ( 'NONE',  ( 0.000000000000000000, 6.649999999999999467, 0.7729309367425446498 ) ) ;
#2990 = ADVANCED_FACE ( 'NONE', ( #558 ), #4500, .T. ) ;
#2991 = ORIENTED_EDGE ( 'NONE', *, *, #1251, .F. ) ;
#2992 = DIRECTION ( 'NONE',  ( -3.272579785996980772E-14, 0.6561787149247684248, -0.7546055221635205035 ) ) ;
#2993 = DIRECTION ( 'NONE',  ( 0.000000000000000000, 0.000000000000000000, 1.000000000000000000 ) ) ;
#2994 = CARTESIAN_POINT ( 'NONE',  ( 9.368548013477252244E-16, 0.000000000000000000, 7.650000000000000355 ) ) ;
#2995 = LINE ( 'NONE', #2672, #60 ) ;
#2996 = VECTOR ( 'NONE', #2966, 1000.000000000000114 ) ;
#2997 = ORIENTED_EDGE ( 'NONE', *, *, #2014, .T. ) ;
#2998 = ADVANCED_FACE ( 'NONE', ( #165 ), #1269, .F. ) ;
#2999 = ORIENTED_EDGE ( 'NONE', *, *, #2075, .T. ) ;
#3000 = CARTESIAN_POINT ( 'NONE',  ( -1.390180519077591548, 6.500000000000000000, 4.521998694580438460 ) ) ;
#3001 = VECTOR ( 'NONE', #1030, 1000.000000000000000 ) ;
#3002 = DIRECTION ( 'NONE',  ( 0.000000000000000000, 0.000000000000000000, 1.000000000000000000 ) ) ;
#3003 = DIRECTION ( 'NONE',  ( 0.000000000000000000, -0.7546055221635206145, 0.6561787149247685358 ) ) ;
#3004 = FACE_OUTER_BOUND ( 'NONE', #3953, .T. ) ;
#3005 = ORIENTED_EDGE ( 'NONE', *, *, #597, .F. ) ;
#3006 = LINE ( 'NONE', #3842, #1225 ) ;
#3007 = AXIS2_PLACEMENT_3D ( 'NONE', #4502, #3742, #2575 ) ;
#3008 = DIRECTION ( 'NONE',  ( 0.000000000000000000, 0.000000000000000000, -1.000000000000000000 ) ) ;
#3009 = AXIS2_PLACEMENT_3D ( 'NONE', #3487, #808, #1986 ) ;
#3010 = DIRECTION ( 'NONE',  ( 9.817739357990838818E-14, -0.6561787149247684248, -0.7546055221635207255 ) ) ;
#3011 = FACE_OUTER_BOUND ( 'NONE', #2627, .T. ) ;
#3012 = DIRECTION ( 'NONE',  ( -0.5120428415488792462, 0.6896551724137933714, -0.5120428415488789131 ) ) ;
#3013 = VERTEX_POINT ( 'NONE', #3488 ) ;
#3014 = ORIENTED_EDGE ( 'NONE', *, *, #110, .T. ) ;
#3015 = CARTESIAN_POINT ( 'NONE',  ( -4.934344465946485236, 3.000000000000000000, -4.751288740056038407 ) ) ;
#3016 = AXIS2_PLACEMENT_3D ( 'NONE', #2049, #1722, #899 ) ;
#3017 = CYLINDRICAL_SURFACE ( 'NONE', #1183, 5.000000000000000000 ) ;
#3018 = ADVANCED_FACE ( 'NONE', ( #1294 ), #98, .T. ) ;
#3019 = DIRECTION ( 'NONE',  ( -0.7071067811865473507, 5.551115123125781470E-17, 0.7071067811865477948 ) ) ;
#3020 = CARTESIAN_POINT ( 'NONE',  ( 0.000000000000000000, 12.50000000000000000, -2.027069063257456172 ) ) ;
#3021 = AXIS2_PLACEMENT_3D ( 'NONE', #4748, #1017, #1090 ) ;
#3022 = VERTEX_POINT ( 'NONE', #2374 ) ;
#3023 = DIRECTION ( 'NONE',  ( 0.4876598490941728148, 0.7241379310344824294, -0.4876598490941689845 ) ) ;
#3024 = DIRECTION ( 'NONE',  ( 0.7071067811865401342, 0.000000000000000000, 0.7071067811865550112 ) ) ;
#3025 = DIRECTION ( 'NONE',  ( -0.000000000000000000, -0.6561787149247862994, 0.7546055221635049604 ) ) ;
#3026 = DIRECTION ( 'NONE',  ( 0.000000000000000000, 0.7546055221634990762, 0.6561787149247930717 ) ) ;
#3027 = CIRCLE ( 'NONE', #2168, 0.1499999999999999667 ) ;
#3028 = DIRECTION ( 'NONE',  ( 0.000000000000000000, 0.000000000000000000, -1.000000000000000000 ) ) ;
#3029 = ORIENTED_EDGE ( 'NONE', *, *, #2246, .T. ) ;
#3030 = CARTESIAN_POINT ( 'NONE',  ( 1.399999999999999689, 12.44809871788125477, 4.429206973128303026 ) ) ;
#3031 = EDGE_CURVE ( 'NONE', #4476, #4683, #22, .T. ) ;
#3032 = CARTESIAN_POINT ( 'NONE',  ( 0.000000000000000000, 8.000000000000000000, 0.000000000000000000 ) ) ;
#3033 = FILL_AREA_STYLE ('',( #3437 ) ) ;
#3034 = DIRECTION ( 'NONE',  ( -0.000000000000000000, -1.000000000000000000, -0.000000000000000000 ) ) ;
#3035 = AXIS2_PLACEMENT_3D ( 'NONE', #3794, #2242, #4087 ) ;
#3036 = ORIENTED_EDGE ( 'NONE', *, *, #3478, .T. ) ;
#3037 = ORIENTED_EDGE ( 'NONE', *, *, #141, .T. ) ;
#3038 = PLANE ( 'NONE',  #3724 ) ;
#3039 = DIRECTION ( 'NONE',  ( 0.000000000000000000, 0.7546055221635005195, 0.6561787149247915174 ) ) ;
#3040 = TOROIDAL_SURFACE ( 'NONE', #4225, 0.1699999999999999845, 0.02000000000000000042 ) ;
#3041 = EDGE_CURVE ( 'NONE', #3343, #3113, #2605, .T. ) ;
#3042 = DIRECTION ( 'NONE',  ( 0.000000000000000000, 0.000000000000000000, -1.000000000000000000 ) ) ;
#3043 = CARTESIAN_POINT ( 'NONE',  ( 2.312024219028204541, 2.048942590553171517, -4.433344562587826054 ) ) ;
#3044 = ORIENTED_EDGE ( 'NONE', *, *, #271, .T. ) ;
#3045 = CARTESIAN_POINT ( 'NONE',  ( 7.085102807365161404, 3.000000000000000000, -2.885102807365161670 ) ) ;
#3046 = CARTESIAN_POINT ( 'NONE',  ( -1.380000000000000115, 11.43165542625050435, 5.549999999999999822 ) ) ;
#3047 = EDGE_CURVE ( 'NONE', #444, #1485, #403, .T. ) ;
#3048 = EDGE_CURVE ( 'NONE', #4067, #1322, #4512, .T. ) ;
#3049 = CARTESIAN_POINT ( 'NONE',  ( 7.296724953260060431, 3.000000000000000000, 2.297891415291850148 ) ) ;
#3050 = DIRECTION ( 'NONE',  ( -0.7071067811865473507, -8.049116928532377276E-17, 0.7071067811865477948 ) ) ;
#3051 = PLANE ( 'NONE',  #3466 ) ;
#3052 = VERTEX_POINT ( 'NONE', #4761 ) ;
#3053 = EDGE_CURVE ( 'NONE', #451, #1083, #3636, .T. ) ;
#3054 = DIRECTION ( 'NONE',  ( 0.000000000000000000, 0.7546055221635206145, 0.6561787149247685358 ) ) ;
#3055 = VERTEX_POINT ( 'NONE', #2633 ) ;
#3056 = EDGE_CURVE ( 'NONE', #752, #4184, #1343, .T. ) ;
#3057 = FACE_OUTER_BOUND ( 'NONE', #3367, .T. ) ;
#3058 = SURFACE_STYLE_FILL_AREA ( #3033 ) ;
#3059 = CIRCLE ( 'NONE', #1263, 0.02000000000000005246 ) ;
#3060 = LINE ( 'NONE', #3514, #481 ) ;
#3061 = ORIENTED_EDGE ( 'NONE', *, *, #3926, .F. ) ;
#3062 = ORIENTED_EDGE ( 'NONE', *, *, #1407, .F. ) ;
#3063 = DIRECTION ( 'NONE',  ( -1.000000000000000000, 0.000000000000000000, 0.000000000000000000 ) ) ;
#3064 = VECTOR ( 'NONE', #2027, 1000.000000000000114 ) ;
#3065 = CYLINDRICAL_SURFACE ( 'NONE', #10, 0.1499999999999999667 ) ;
#3066 = CARTESIAN_POINT ( 'NONE',  ( 1.399999999999999689, 11.43165542625050612, -5.549999999999999822 ) ) ;
#3067 = DIRECTION ( 'NONE',  ( 8.673617379884035472E-17, 0.000000000000000000, 1.000000000000000000 ) ) ;
#3068 = ORIENTED_EDGE ( 'NONE', *, *, #3574, .T. ) ;
#3069 = CARTESIAN_POINT ( 'NONE',  ( 2.279064564105362400, 2.000000000000000444, -4.400384907664983913 ) ) ;
#3070 = CARTESIAN_POINT ( 'NONE',  ( 7.296724953260061319, 3.176207172489686315, 2.297891415291850148 ) ) ;
#3071 = DIRECTION ( 'NONE',  ( 0.000000000000000000, 0.000000000000000000, 1.000000000000000000 ) ) ;
#3072 = CIRCLE ( 'NONE', #2918, 7.650000000000000355 ) ;
#3073 = PLANE ( 'NONE',  #4027 ) ;
#3074 = DIRECTION ( 'NONE',  ( -0.7071067811865540120, 0.000000000000000000, 0.7071067811865410224 ) ) ;
#3075 = VERTEX_POINT ( 'NONE', #4141 ) ;
#3076 = VECTOR ( 'NONE', #3897, 1000.000000000000000 ) ;
#3077 = EDGE_CURVE ( 'NONE', #1328, #74, #2527, .T. ) ;
#3078 = CIRCLE ( 'NONE', #3154, 0.1299999999999998934 ) ;
#3079 = CARTESIAN_POINT ( 'NONE',  ( -2.581372568141803381, 3.153668633940836408, -7.201334804540089785 ) ) ;
#3080 = EDGE_CURVE ( 'NONE', #2130, #4683, #240, .T. ) ;
#3081 = EDGE_LOOP ( 'NONE', ( #4680, #1914, #4366, #658 ) ) ;
#3082 = AXIS2_PLACEMENT_3D ( 'NONE', #4572, #862, #2042 ) ;
#3083 = DIRECTION ( 'NONE',  ( 0.7071067811865473507, 0.000000000000000000, -0.7071067811865477948 ) ) ;
#3084 = DIRECTION ( 'NONE',  ( 0.000000000000000000, -1.000000000000000000, 0.000000000000000000 ) ) ;
#3085 = TOROIDAL_SURFACE ( 'NONE', #2613, 0.1299999999999999767, 0.02000000000000000042 ) ;
#3086 = DIRECTION ( 'NONE',  ( -0.000000000000000000, -1.000000000000000000, -0.000000000000000000 ) ) ;
#3087 = EDGE_CURVE ( 'NONE', #2818, #1806, #2466, .T. ) ;
#3088 = EDGE_LOOP ( 'NONE', ( #1265, #4565, #2602, #3954 ) ) ;
#3089 = ORIENTED_EDGE ( 'NONE', *, *, #1957, .T. ) ;
#3090 = DIRECTION ( 'NONE',  ( -0.5120428415488804674, -0.6896551724137937045, 0.5120428415488771368 ) ) ;
#3091 = AXIS2_PLACEMENT_3D ( 'NONE', #54, #399, #3726 ) ;
#3092 = CARTESIAN_POINT ( 'NONE',  ( 0.000000000000000000, 3.000000000000000000, 0.000000000000000000 ) ) ;
#3093 = ORIENTED_EDGE ( 'NONE', *, *, #1314, .T. ) ;
#3094 = AXIS2_PLACEMENT_3D ( 'NONE', #4604, #4579, #1230 ) ;
#3095 = VERTEX_POINT ( 'NONE', #2544 ) ;
#3096 = CARTESIAN_POINT ( 'NONE',  ( -1.379999999999999227, 2.775349838536065761, 2.413347685683533417 ) ) ;
#3097 = CARTESIAN_POINT ( 'NONE',  ( -1.400000000000000133, 12.48000000000000043, 4.343903740188081564 ) ) ;
#3098 = DIRECTION ( 'NONE',  ( 1.000000000000000000, 2.168404344971005170E-17, 0.000000000000000000 ) ) ;
#3099 = VECTOR ( 'NONE', #3626, 1000.000000000000000 ) ;
#3100 = CARTESIAN_POINT ( 'NONE',  ( 1.399999999999999689, 0.000000000000000000, 5.530000000000000249 ) ) ;
#3101 = DIRECTION ( 'NONE',  ( 1.000000000000000000, 0.000000000000000000, -0.000000000000000000 ) ) ;
#3102 = ORIENTED_EDGE ( 'NONE', *, *, #4836, .T. ) ;
#3103 = CARTESIAN_POINT ( 'NONE',  ( -4.433344562587833160, 5.951057409446828039, -2.312024219028188554 ) ) ;
#3104 = ADVANCED_FACE ( 'NONE', ( #609 ), #1876, .T. ) ;
#3105 = ORIENTED_EDGE ( 'NONE', *, *, #2896, .F. ) ;
#3106 = ORIENTED_EDGE ( 'NONE', *, *, #2122, .F. ) ;
#3107 = EDGE_CURVE ( 'NONE', #1239, #2130, #1355, .T. ) ;
#3108 = DIRECTION ( 'NONE',  ( 0.000000000000000000, -1.000000000000000000, 0.000000000000000000 ) ) ;
#3109 = CARTESIAN_POINT ( 'NONE',  ( 1.399999999999999689, 11.43165542625050435, 5.400000000000000355 ) ) ;
#3110 = CARTESIAN_POINT ( 'NONE',  ( 2.179449471770337432, 1.500000000000000444, -4.500000000000000000 ) ) ;
#3111 = ORIENTED_EDGE ( 'NONE', *, *, #386, .T. ) ;
#3112 = EDGE_CURVE ( 'NONE', #624, #44, #2865, .T. ) ;
#3113 = VERTEX_POINT ( 'NONE', #1397 ) ;
#3114 = CARTESIAN_POINT ( 'NONE',  ( 4.433344562587839377, 1.500000000000000444, -2.312024219028174343 ) ) ;
#3115 = PRESENTATION_STYLE_ASSIGNMENT (( #2043 ) ) ;
#3116 = CARTESIAN_POINT ( 'NONE',  ( 5.107491688851549583, 4.950000000000000178, -2.986171345291879664 ) ) ;
#3117 = VERTEX_POINT ( 'NONE', #4373 ) ;
#3118 = EDGE_LOOP ( 'NONE', ( #3068, #4394, #163, #2305 ) ) ;
#3119 = CARTESIAN_POINT ( 'NONE',  ( 2.435362535369389292, 3.000000000000000000, -7.252000366886311333 ) ) ;
#3120 = VECTOR ( 'NONE', #674, 1000.000000000000114 ) ;
#3121 = FACE_OUTER_BOUND ( 'NONE', #3355, .T. ) ;
#3122 = EDGE_CURVE ( 'NONE', #4450, #2079, #3271, .T. ) ;
#3123 = CARTESIAN_POINT ( 'NONE',  ( -7.393421723123622336, 3.000000000000000000, 2.576783891606700738 ) ) ;
#3124 = FACE_OUTER_BOUND ( 'NONE', #3192, .T. ) ;
#3125 = LINE ( 'NONE', #4679, #4171 ) ;
#3126 = ORIENTED_EDGE ( 'NONE', *, *, #1532, .T. ) ;
#3127 = CARTESIAN_POINT ( 'NONE',  ( -2.608461341437269265, 3.116536647565486540, -7.191567056828625404 ) ) ;
#3128 = ORIENTED_EDGE ( 'NONE', *, *, #4836, .F. ) ;
#3129 = EDGE_LOOP ( 'NONE', ( #2997, #4768, #2444, #1463 ) ) ;
#3130 = CARTESIAN_POINT ( 'NONE',  ( -1.400000000000000133, 11.43165542625050435, 5.530000000000000249 ) ) ;
#3131 = CARTESIAN_POINT ( 'NONE',  ( 2.571963978632909598, 3.200000000000000178, 7.204686064820227109 ) ) ;
#3132 = CARTESIAN_POINT ( 'NONE',  ( 3.301579660418290096, 1.563075121266647605, 6.900987060043524579 ) ) ;
#3133 = ADVANCED_FACE ( 'NONE', ( #3660 ), #4104, .T. ) ;
#3134 = ORIENTED_EDGE ( 'NONE', *, *, #810, .T. ) ;
#3135 = ADVANCED_FACE ( 'NONE', ( #1787 ), #3750, .F. ) ;
#3136 = VERTEX_POINT ( 'NONE', #502 ) ;
#3137 = DIRECTION ( 'NONE',  ( -0.7071067811865474617, 0.000000000000000000, -0.7071067811865474617 ) ) ;
#3138 = LINE ( 'NONE', #4646, #2135 ) ;
#3139 = EDGE_CURVE ( 'NONE', #2738, #752, #1519, .T. ) ;
#3140 = DIRECTION ( 'NONE',  ( -0.000000000000000000, -0.000000000000000000, 1.000000000000000000 ) ) ;
#3141 = VECTOR ( 'NONE', #2225, 1000.000000000000000 ) ;
#3142 = ORIENTED_EDGE ( 'NONE', *, *, #449, .T. ) ;
#3143 = CARTESIAN_POINT ( 'NONE',  ( 2.179449471770337432, 7.499999999999998224, 4.500000000000000000 ) ) ;
#3144 = CARTESIAN_POINT ( 'NONE',  ( -2.444718554847590486, 3.153845617810561386, 7.248866152423289577 ) ) ;
#3145 = CARTESIAN_POINT ( 'NONE',  ( -4.871246803257019309, 8.000000000000001776, -2.263182533822205134 ) ) ;
#3146 = PRODUCT_DEFINITION_FORMATION_WITH_SPECIFIED_SOURCE ( 'ANY', '', #1826, .NOT_KNOWN. ) ;
#3147 = CARTESIAN_POINT ( 'NONE',  ( 3.226782805549681221, 5.626078208432424788, 3.956290731841334285 ) ) ;
#3148 = DIRECTION ( 'NONE',  ( 1.000000000000000000, 0.000000000000000000, 0.000000000000000000 ) ) ;
#3149 = VERTEX_POINT ( 'NONE', #849 ) ;
#3150 = ADVANCED_FACE ( 'NONE', ( #106 ), #3073, .F. ) ;
#3151 = CARTESIAN_POINT ( 'NONE',  ( -1.379999999999999893, 6.649999999999999467, -4.379999999999999893 ) ) ;
#3152 = VECTOR ( 'NONE', #2204, 1000.000000000000000 ) ;
#3153 = VERTEX_POINT ( 'NONE', #3429 ) ;
#3154 = AXIS2_PLACEMENT_3D ( 'NONE', #1202, #1601, #2264 ) ;
#3155 = ORIENTED_EDGE ( 'NONE', *, *, #1759, .T. ) ;
#3156 = FILL_AREA_STYLE ('',( #3906 ) ) ;
#3157 = AXIS2_PLACEMENT_3D ( 'NONE', #2398, #514, #2349 ) ;
#3158 = CARTESIAN_POINT ( 'NONE',  ( -2.234154015110208835, 7.947084575471273560, 4.741006527942210447 ) ) ;
#3159 = CARTESIAN_POINT ( 'NONE',  ( 1.379999999999999671, 9.768344573749500270, -5.400000000000000355 ) ) ;
#3160 = ORIENTED_EDGE ( 'NONE', *, *, #3900, .T. ) ;
#3161 = ORIENTED_EDGE ( 'NONE', *, *, #620, .T. ) ;
#3162 = CARTESIAN_POINT ( 'NONE',  ( -3.371095403779724275, 1.616491533522732116, -6.867199217059261507 ) ) ;
#3163 = CIRCLE ( 'NONE', #662, 0.01999999999999996225 ) ;
#3164 = EDGE_CURVE ( 'NONE', #4013, #4549, #4265, .T. ) ;
#3165 = CARTESIAN_POINT ( 'NONE',  ( -1.400000000000000355, 9.281463325509363926, -8.070837674355974656 ) ) ;
#3166 = APPLICATION_CONTEXT ( 'automotive_design' ) ;
#3167 = ADVANCED_BREP_SHAPE_REPRESENTATION ( '', ( #2795, #3783 ), #1428 ) ;
#3168 = CIRCLE ( 'NONE', #3805, 0.02000000000000005246 ) ;
#3169 = ORIENTED_EDGE ( 'NONE', *, *, #660, .F. ) ;
#3170 = CARTESIAN_POINT ( 'NONE',  ( -1.380000000000000115, 6.649999999999999467, 4.379999999999999893 ) ) ;
#3171 = ADVANCED_FACE ( 'NONE', ( #4581 ), #1902, .T. ) ;
#3172 = CARTESIAN_POINT ( 'NONE',  ( -2.489362245493005776, 3.101558808504982334, 7.233668728588426688 ) ) ;
#3173 = PLANE ( 'NONE',  #2552 ) ;
#3174 = AXIS2_PLACEMENT_3D ( 'NONE', #1116, #2653, #2248 ) ;
#3175 = LINE ( 'NONE', #550, #3307 ) ;
#3176 = ORIENTED_EDGE ( 'NONE', *, *, #3107, .T. ) ;
#3177 = AXIS2_PLACEMENT_3D ( 'NONE', #3602, #4802, #4411 ) ;
#3178 = CARTESIAN_POINT ( 'NONE',  ( -5.107491688851539813, 4.950000000000000178, -2.986171345291895651 ) ) ;
#3179 = VERTEX_POINT ( 'NONE', #455 ) ;
#3180 = EDGE_LOOP ( 'NONE', ( #4577, #4280, #2959, #2517 ) ) ;
#3181 = CIRCLE ( 'NONE', #1544, 0.1299999999999998934 ) ;
#3182 = DIRECTION ( 'NONE',  ( 0.000000000000000000, -0.1643989873053274264, 0.9863939238321487446 ) ) ;
#3183 = ADVANCED_FACE ( 'NONE', ( #4164 ), #1635, .T. ) ;
#3184 = DIRECTION ( 'NONE',  ( 0.000000000000000000, 0.000000000000000000, -1.000000000000000000 ) ) ;
#3185 = AXIS2_PLACEMENT_3D ( 'NONE', #1880, #4810, #2540 ) ;
#3186 = LINE ( 'NONE', #1296, #11 ) ;
#3187 = ORIENTED_EDGE ( 'NONE', *, *, #1788, .F. ) ;
#3188 = VERTEX_POINT ( 'NONE', #1164 ) ;
#3189 = FACE_OUTER_BOUND ( 'NONE', #4046, .T. ) ;
#3190 = DIRECTION ( 'NONE',  ( 0.7071067811865474617, 0.000000000000000000, -0.7071067811865474617 ) ) ;
#3191 = CARTESIAN_POINT ( 'NONE',  ( 1.399999999999999689, 0.000000000000000000, 0.000000000000000000 ) ) ;
#3192 = EDGE_LOOP ( 'NONE', ( #4166, #1789, #2055, #1705 ) ) ;
#3193 = DIRECTION ( 'NONE',  ( 1.000000000000000000, 2.168404344971008252E-17, -8.673617379884035472E-17 ) ) ;
#3194 = DIRECTION ( 'NONE',  ( -1.000000000000000000, -2.168404344971008252E-17, -8.673617379884035472E-17 ) ) ;
#3195 = CARTESIAN_POINT ( 'NONE',  ( -5.078412917506967439, 3.000000000000000000, -4.890012498889791281 ) ) ;
#3196 = DIRECTION ( 'NONE',  ( -0.5120428415488806895, 0.6896551724137933714, 0.5120428415488774698 ) ) ;
#3197 = EDGE_LOOP ( 'NONE', ( #2069, #4287, #2553, #663 ) ) ;
#3198 = AXIS2_PLACEMENT_3D ( 'NONE', #4370, #1688, #2436 ) ;
#3199 = EDGE_CURVE ( 'NONE', #2644, #715, #825, .T. ) ;
#3200 = CARTESIAN_POINT ( 'NONE',  ( 1.379999999999999671, 12.34999999999999964, -4.343903740188082452 ) ) ;
#3201 = EDGE_CURVE ( 'NONE', #3311, #3052, #1234, .T. ) ;
#3202 = LINE ( 'NONE', #4729, #2809 ) ;
#3203 = CIRCLE ( 'NONE', #2734, 0.1499999999999999667 ) ;
#3204 = ADVANCED_FACE ( 'NONE', ( #3124 ), #2679, .F. ) ;
#3205 = ORIENTED_EDGE ( 'NONE', *, *, #3931, .T. ) ;
#3206 = EDGE_LOOP ( 'NONE', ( #497, #3005, #3254, #2483 ) ) ;
#3207 =( NAMED_UNIT ( * ) SI_UNIT ( $, .STERADIAN. ) SOLID_ANGLE_UNIT ( ) );
#3208 = DIRECTION ( 'NONE',  ( 0.000000000000000000, 0.000000000000000000, -1.000000000000000000 ) ) ;
#3209 = ORIENTED_EDGE ( 'NONE', *, *, #198, .T. ) ;
#3210 = ADVANCED_FACE ( 'NONE', ( #3871 ), #56, .T. ) ;
#3211 = EDGE_LOOP ( 'NONE', ( #3656, #3698 ) ) ;
#3212 = CARTESIAN_POINT ( 'NONE',  ( -3.055708360304932203, 1.499999999999999556, 7.013831087634018857 ) ) ;
#3213 = CARTESIAN_POINT ( 'NONE',  ( 2.915460667173242815, 3.090000000000000746, 5.036781010732885200 ) ) ;
#3214 = CARTESIAN_POINT ( 'NONE',  ( 1.379999999999999671, 6.649999999999999467, -0.7729309367425445387 ) ) ;
#3215 = VERTEX_POINT ( 'NONE', #800 ) ;
#3216 = DIRECTION ( 'NONE',  ( 1.000000000000000000, 2.168404344971008252E-17, 8.673617379884035472E-17 ) ) ;
#3217 = FACE_OUTER_BOUND ( 'NONE', #187, .T. ) ;
#3218 = SHAPE_REPRESENTATION ( 'Straight_Link_KitV2', ( #641, #87, #4718, #3627 ), #2758 ) ;
#3219 = CYLINDRICAL_SURFACE ( 'NONE', #4126, 5.000000000000000000 ) ;
#3220 = VECTOR ( 'NONE', #4404, 1000.000000000000000 ) ;
#3221 = CARTESIAN_POINT ( 'NONE',  ( -2.179449471770337432, 7.499999999999998224, -4.500000000000000000 ) ) ;
#3222 =( LENGTH_UNIT ( ) NAMED_UNIT ( * ) SI_UNIT ( .MILLI., .METRE. ) );
#3223 = VERTEX_POINT ( 'NONE', #36 ) ;
#3224 = DIRECTION ( 'NONE',  ( 0.000000000000000000, 0.000000000000000000, -1.000000000000000000 ) ) ;
#3225 = AXIS2_PLACEMENT_3D ( 'NONE', #872, #924, #3101 ) ;
#3226 = CARTESIAN_POINT ( 'NONE',  ( 0.000000000000000000, 8.000000000000000000, -7.650000000000000355 ) ) ;
#3227 = EDGE_CURVE ( 'NONE', #4184, #2738, #411, .T. ) ;
#3228 = ORIENTED_EDGE ( 'NONE', *, *, #499, .T. ) ;
#3229 = VERTEX_POINT ( 'NONE', #3504 ) ;
#3230 = DIRECTION ( 'NONE',  ( 1.000000000000000000, 0.000000000000000000, 0.000000000000000000 ) ) ;
#3231 = VECTOR ( 'NONE', #2567, 1000.000000000000000 ) ;
#3232 = DIRECTION ( 'NONE',  ( 1.000000000000000000, 2.168404344971008252E-17, -8.673617379884035472E-17 ) ) ;
#3233 = VECTOR ( 'NONE', #2184, 1000.000000000000000 ) ;
#3234 = EDGE_LOOP ( 'NONE', ( #1052, #3351, #3717, #3824 ) ) ;
#3235 = CIRCLE ( 'NONE', #3157, 0.1499999999999999667 ) ;
#3236 = ORIENTED_EDGE ( 'NONE', *, *, #3931, .F. ) ;
#3237 = CYLINDRICAL_SURFACE ( 'NONE', #4740, 0.01999999999999992062 ) ;
#3238 = CARTESIAN_POINT ( 'NONE',  ( 0.000000000000000000, -8.000000000000000000, 0.000000000000000000 ) ) ;
#3239 = EDGE_CURVE ( 'NONE', #4077, #369, #4240, .T. ) ;
#3240 = CARTESIAN_POINT ( 'NONE',  ( -7.252000366886311333, 3.200000000000000178, 2.435362535369389292 ) ) ;
#3241 = ORIENTED_EDGE ( 'NONE', *, *, #294, .T. ) ;
#3242 = CARTESIAN_POINT ( 'NONE',  ( -5.036781010732885200, 4.909999999999999254, -2.915460667173241482 ) ) ;
#3243 = CIRCLE ( 'NONE', #3879, 0.1499999999999999667 ) ;
#3244 = CARTESIAN_POINT ( 'NONE',  ( 1.399999999999999689, 6.500000000000000000, -4.469999999999999751 ) ) ;
#3245 = DIRECTION ( 'NONE',  ( 1.000000000000000000, 0.000000000000000000, 0.000000000000000000 ) ) ;
#3246 = ADVANCED_FACE ( 'NONE', ( #1951 ), #1981, .T. ) ;
#3247 = DIRECTION ( 'NONE',  ( -0.7071067811865473507, -2.775557561562890735E-17, 0.7071067811865477948 ) ) ;
#3248 = VERTEX_POINT ( 'NONE', #1258 ) ;
#3249 = CIRCLE ( 'NONE', #2539, 0.1000000000000001443 ) ;
#3250 = EDGE_LOOP ( 'NONE', ( #4633, #628, #3449, #2942 ) ) ;
#3251 = FACE_OUTER_BOUND ( 'NONE', #3532, .T. ) ;
#3252 = CARTESIAN_POINT ( 'NONE',  ( 1.380560112054758592, 6.500000000000000000, 4.548466070008426065 ) ) ;
#3253 = VERTEX_POINT ( 'NONE', #1540 ) ;
#3254 = ORIENTED_EDGE ( 'NONE', *, *, #1058, .F. ) ;
#3255 = AXIS2_PLACEMENT_3D ( 'NONE', #2677, #4187, #3071 ) ;
#3256 = CARTESIAN_POINT ( 'NONE',  ( -1.397319086605161464, 6.500000000000000000, 0.8267289123675667373 ) ) ;
#3257 = EDGE_CURVE ( 'NONE', #1866, #1551, #4559, .T. ) ;
#3258 = CARTESIAN_POINT ( 'NONE',  ( -1.385521695682326637, 6.500000000000000000, -4.534868014339770603 ) ) ;
#3259 = AXIS2_PLACEMENT_3D ( 'NONE', #1798, #1848, #2578 ) ;
#3260 = ADVANCED_FACE ( 'NONE', ( #2293 ), #3800, .F. ) ;
#3261 = ORIENTED_EDGE ( 'NONE', *, *, #3360, .F. ) ;
#3262 = FACE_OUTER_BOUND ( 'NONE', #2930, .T. ) ;
#3263 = DIRECTION ( 'NONE',  ( -8.673617379884035472E-17, -1.880790961315659329E-33, -1.000000000000000000 ) ) ;
#3264 = AXIS2_PLACEMENT_3D ( 'NONE', #2080, #2035, #3608 ) ;
#3265 = PLANE ( 'NONE',  #4314 ) ;
#3266 = EDGE_CURVE ( 'NONE', #2923, #3610, #2061, .T. ) ;
#3267 = ORIENTED_EDGE ( 'NONE', *, *, #1911, .F. ) ;
#3268 = DIRECTION ( 'NONE',  ( -2.168404344971008252E-17, 1.000000000000000000, 0.000000000000000000 ) ) ;
#3269 = LINE ( 'NONE', #644, #3853 ) ;
#3270 = DIRECTION ( 'NONE',  ( -8.409885494133522965E-15, 0.5961196035938423066, 0.8028956459037004390 ) ) ;
#3271 = B_SPLINE_CURVE_WITH_KNOTS ( 'NONE', 3,
 ( #2888, #1005, #3998, #632, #2127, #3258, #4024, #4051, #661, #2152 ),
 .UNSPECIFIED., .F., .F.,
 ( 4, 3, 3, 4 ),
 ( 0.000000000000000000, 3.932309463598233521E-05, 8.009671586239441431E-05, 8.254620561176652350E-05 ),
 .UNSPECIFIED. ) ;
#3272 = CARTESIAN_POINT ( 'NONE',  ( 0.000000000000000000, 11.43165542625050612, -5.400000000000000355 ) ) ;
#3273 = PRODUCT_CONTEXT ( 'NONE', #1823, 'mechanical' ) ;
#3274 = EDGE_LOOP ( 'NONE', ( #2343, #947, #3318, #2247 ) ) ;
#3275 = EDGE_CURVE ( 'NONE', #1624, #4815, #961, .T. ) ;
#3276 = ORIENTED_EDGE ( 'NONE', *, *, #3624, .F. ) ;
#3277 = CARTESIAN_POINT ( 'NONE',  ( 2.885102807365163891, 3.000000000000000000, -7.085102807365160515 ) ) ;
#3278 = DIRECTION ( 'NONE',  ( -3.564834783817703950E-17, 0.9863939238321437486, -0.1643989873053572637 ) ) ;
#3279 = UNCERTAINTY_MEASURE_WITH_UNIT (LENGTH_MEASURE( 1.000000000000000082E-05 ), #3647, 'distance_accuracy_value', 'NONE');
#3280 = CARTESIAN_POINT ( 'NONE',  ( -1.400000000000000133, 9.670245855868243368, 5.485303232940222706 ) ) ;
#3281 = ORIENTED_EDGE ( 'NONE', *, *, #4167, .T. ) ;
#3282 = VERTEX_POINT ( 'NONE', #530 ) ;
#3283 = FACE_OUTER_BOUND ( 'NONE', #2084, .T. ) ;
#3284 = AXIS2_PLACEMENT_3D ( 'NONE', #819, #3323, #774 ) ;
#3285 = CARTESIAN_POINT ( 'NONE',  ( 2.625752043686317538, 3.101480656498022626, 7.185283574223202407 ) ) ;
#3286 = DIRECTION ( 'NONE',  ( 0.000000000000000000, 0.000000000000000000, -1.000000000000000000 ) ) ;
#3287 = ORIENTED_EDGE ( 'NONE', *, *, #3227, .F. ) ;
#3288 = CARTESIAN_POINT ( 'NONE',  ( 0.000000000000000000, 3.000000000000000000, 0.000000000000000000 ) ) ;
#3289 = DIRECTION ( 'NONE',  ( -1.000000000000000000, 0.000000000000000000, 0.000000000000000000 ) ) ;
#3290 = CARTESIAN_POINT ( 'NONE',  ( -1.380000000000000115, 12.46319082832452629, -4.442330547426800003 ) ) ;
#3291 = EDGE_CURVE ( 'NONE', #2414, #2937, #4153, .T. ) ;
#3292 = ORIENTED_EDGE ( 'NONE', *, *, #878, .F. ) ;
#3293 = CARTESIAN_POINT ( 'NONE',  ( -1.380000000000000115, 11.43165542625050612, -5.400000000000000355 ) ) ;
#3294 = CARTESIAN_POINT ( 'NONE',  ( 0.000000000000000000, 8.744846254575030287, 4.451573192761281383 ) ) ;
#3295 = LINE ( 'NONE', #4062, #681 ) ;
#3296 = CARTESIAN_POINT ( 'NONE',  ( -1.400000000000000133, 6.500000000000000000, -4.400000000000000355 ) ) ;
#3297 = PRODUCT_CONTEXT ( 'NONE', #1615, 'mechanical' ) ;
#3298 = ORIENTED_EDGE ( 'NONE', *, *, #4144, .T. ) ;
#3299 = EDGE_LOOP ( 'NONE', ( #3606, #784, #2772, #828 ) ) ;
#3300 = DIRECTION ( 'NONE',  ( 0.7071067811865474617, 0.000000000000000000, -0.7071067811865474617 ) ) ;
#3301 = AXIS2_PLACEMENT_3D ( 'NONE', #2742, #2325, #835 ) ;
#3302 = EDGE_CURVE ( 'NONE', #4307, #853, #2214, .T. ) ;
#3303 = FACE_OUTER_BOUND ( 'NONE', #4072, .T. ) ;
#3304 = EDGE_LOOP ( 'NONE', ( #3324, #728, #2397, #2761 ) ) ;
#3305 = EDGE_LOOP ( 'NONE', ( #1673, #2952 ) ) ;
#3306 = AXIS2_PLACEMENT_3D ( 'NONE', #1110, #1133, #4085 ) ;
#3307 = VECTOR ( 'NONE', #3577, 1000.000000000000114 ) ;
#3308 = DIRECTION ( 'NONE',  ( 0.7071067811865477948, 0.000000000000000000, 0.7071067811865473507 ) ) ;
#3309 = CARTESIAN_POINT ( 'NONE',  ( 0.000000000000000000, 1.500000000000000444, 0.000000000000000000 ) ) ;
#3310 = VECTOR ( 'NONE', #81, 1000.000000000000114 ) ;
#3311 = VERTEX_POINT ( 'NONE', #1473 ) ;
#3312 = CARTESIAN_POINT ( 'NONE',  ( 2.312024219028189886, 1.500000000000000444, 4.433344562587831383 ) ) ;
#3313 = MECHANICAL_DESIGN_GEOMETRIC_PRESENTATION_REPRESENTATION (  '', ( #2058 ), #4176 ) ;
#3314 = FACE_OUTER_BOUND ( 'NONE', #2968, .T. ) ;
#3315 = CARTESIAN_POINT ( 'NONE',  ( 9.368548013477252244E-16, -8.000000000000000000, 7.650000000000000355 ) ) ;
#3316 = VECTOR ( 'NONE', #4075, 1000.000000000000000 ) ;
#3317 = AXIS2_PLACEMENT_3D ( 'NONE', #1531, #1919, #3042 ) ;
#3318 = ORIENTED_EDGE ( 'NONE', *, *, #3868, .F. ) ;
#3319 = CARTESIAN_POINT ( 'NONE',  ( 2.262975846493154641, 8.000000000000000000, 4.870299948342226237 ) ) ;
#3320 = CARTESIAN_POINT ( 'NONE',  ( 5.036781010732894082, 4.910000000000000142, -2.915460667173225939 ) ) ;
#3321 = EDGE_CURVE ( 'NONE', #1958, #3988, #3948, .T. ) ;
#3322 = DIRECTION ( 'NONE',  ( 0.000000000000000000, -0.1643989873053274264, -0.9863939238321487446 ) ) ;
#3323 = DIRECTION ( 'NONE',  ( 0.000000000000000000, -0.9863939238321488556, -0.1643989873053274264 ) ) ;
#3324 = ORIENTED_EDGE ( 'NONE', *, *, #1358, .T. ) ;
#3325 = EDGE_CURVE ( 'NONE', #315, #3253, #3715, .T. ) ;
#3326 = VECTOR ( 'NONE', #2137, 1000.000000000000114 ) ;
#3327 = EDGE_LOOP ( 'NONE', ( #4525, #4482, #2447, #1365 ) ) ;
#3328 = DIRECTION ( 'NONE',  ( 0.7071067811865563435, 0.000000000000000000, -0.7071067811865388020 ) ) ;
#3329 = DIRECTION ( 'NONE',  ( 0.000000000000000000, 1.000000000000000000, -0.000000000000000000 ) ) ;
#3330 = CIRCLE ( 'NONE', #2145, 0.1499999999999999667 ) ;
#3331 = DIRECTION ( 'NONE',  ( -0.000000000000000000, 1.000000000000000000, -0.000000000000000000 ) ) ;
#3332 = ORIENTED_EDGE ( 'NONE', *, *, #3755, .T. ) ;
#3333 = EDGE_LOOP ( 'NONE', ( #4649, #1098, #1366, #1737, #1254, #3878 ) ) ;
#3334 = AXIS2_PLACEMENT_3D ( 'NONE', #2085, #1032, #664 ) ;
#3335 = PLANE ( 'NONE',  #290 ) ;
#3336 = DIRECTION ( 'NONE',  ( 0.000000000000000000, 0.000000000000000000, 1.000000000000000000 ) ) ;
#3337 = CIRCLE ( 'NONE', #1762, 0.02000000000000053471 ) ;
#3338 = EDGE_CURVE ( 'NONE', #4611, #3282, #4784, .T. ) ;
#3339 = CYLINDRICAL_SURFACE ( 'NONE', #2307, 0.01999999999999999001 ) ;
#3340 = AXIS2_PLACEMENT_3D ( 'NONE', #2460, #208, #4439 ) ;
#3341 = DIRECTION ( 'NONE',  ( 0.000000000000000000, 1.000000000000000000, 0.000000000000000000 ) ) ;
#3342 = DIRECTION ( 'NONE',  ( -0.7071067811865477948, 0.000000000000000000, -0.7071067811865473507 ) ) ;
#3343 = VERTEX_POINT ( 'NONE', #2254 ) ;
#3344 = FACE_OUTER_BOUND ( 'NONE', #4143, .T. ) ;
#3345 = DIRECTION ( 'NONE',  ( -0.4876598490941711495, 0.7241379310344820963, -0.4876598490941711495 ) ) ;
#3346 = LINE ( 'NONE', #2971, #1769 ) ;
#3347 = LINE ( 'NONE', #3745, #700 ) ;
#3348 = CONTEXT_DEPENDENT_SHAPE_REPRESENTATION ( #929, #1004 ) ;
#3349 = VERTEX_POINT ( 'NONE', #4492 ) ;
#3350 = AXIS2_PLACEMENT_3D ( 'NONE', #2071, #1517, #1208 ) ;
#3351 = ORIENTED_EDGE ( 'NONE', *, *, #3457, .T. ) ;
#3352 = CARTESIAN_POINT ( 'NONE',  ( 1.379999999999999671, 6.649999999999999467, -4.379999999999999893 ) ) ;
#3353 = DIRECTION ( 'NONE',  ( 1.000000000000000000, 2.168404344971008252E-17, -8.673617379884035472E-17 ) ) ;
#3354 = CARTESIAN_POINT ( 'NONE',  ( -1.400000000000000133, 6.649999999999999467, -4.400000000000000355 ) ) ;
#3355 = EDGE_LOOP ( 'NONE', ( #1417, #4154, #1828, #2723 ) ) ;
#3356 = EDGE_CURVE ( 'NONE', #2346, #3616, #2445, .T. ) ;
#3357 = EDGE_CURVE ( 'NONE', #3153, #374, #363, .T. ) ;
#3358 = CARTESIAN_POINT ( 'NONE',  ( 4.500000000000000000, 1.500000000000000444, 2.179449471770337432 ) ) ;
#3359 = CARTESIAN_POINT ( 'NONE',  ( -2.986171345291949830, 3.090000000000001190, 5.107491688851508727 ) ) ;
#3360 = EDGE_CURVE ( 'NONE', #4252, #207, #713, .T. ) ;
#3361 = AXIS2_PLACEMENT_3D ( 'NONE', #3151, #2789, #552 ) ;
#3362 = FACE_OUTER_BOUND ( 'NONE', #4021, .T. ) ;
#3363 = DIRECTION ( 'NONE',  ( 1.000000000000000000, 2.168404344971008252E-17, -8.673617379884035472E-17 ) ) ;
#3364 = VECTOR ( 'NONE', #1945, 1000.000000000000000 ) ;
#3365 = CARTESIAN_POINT ( 'NONE',  ( 1.399999999999999689, 6.649999999999999467, 4.379999999999999893 ) ) ;
#3366 = EDGE_CURVE ( 'NONE', #3248, #115, #1047, .T. ) ;
#3367 = EDGE_LOOP ( 'NONE', ( #3276, #3763, #4808, #2482 ) ) ;
#3368 = LINE ( 'NONE', #1529, #4033 ) ;
#3369 = CYLINDRICAL_SURFACE ( 'NONE', #1424, 0.1000000000000001305 ) ;
#3370 = DIRECTION ( 'NONE',  ( -0.000000000000000000, -0.000000000000000000, -1.000000000000000000 ) ) ;
#3371 = DIRECTION ( 'NONE',  ( 0.000000000000000000, 0.7546055221635206145, 0.6561787149247685358 ) ) ;
#3372 = VERTEX_POINT ( 'NONE', #317 ) ;
#3373 = ORIENTED_EDGE ( 'NONE', *, *, #750, .F. ) ;
#3374 = CARTESIAN_POINT ( 'NONE',  ( 2.966664951328146227, 4.978965517241379146, -5.087985294887762855 ) ) ;
#3375 = DIRECTION ( 'NONE',  ( 0.7071067811865451302, -3.056747976430751789E-16, 0.7071067811865500152 ) ) ;
#3376 = DIRECTION ( 'NONE',  ( 1.000000000000000000, 2.168404344971008252E-17, 8.673617379884035472E-17 ) ) ;
#3377 = CARTESIAN_POINT ( 'NONE',  ( 3.956290731841345831, 5.626078208432423011, -3.226782805549667899 ) ) ;
#3378 = ORIENTED_EDGE ( 'NONE', *, *, #443, .F. ) ;
#3379 = DIRECTION ( 'NONE',  ( 0.000000000000000000, 0.000000000000000000, -1.000000000000000000 ) ) ;
#3380 = LINE ( 'NONE', #2981, #4181 ) ;
#3381 = EDGE_CURVE ( 'NONE', #1464, #3215, #4420, .T. ) ;
#3382 = AXIS2_PLACEMENT_3D ( 'NONE', #3320, #772, #2284 ) ;
#3383 = ADVANCED_FACE ( 'NONE', ( #4050 ), #2177, .F. ) ;
#3384 = CARTESIAN_POINT ( 'NONE',  ( -5.036781010732885200, 3.090000000000000746, -2.915460667173241038 ) ) ;
#3385 =( GEOMETRIC_REPRESENTATION_CONTEXT ( 3 ) GLOBAL_UNCERTAINTY_ASSIGNED_CONTEXT ( ( #286 ) ) GLOBAL_UNIT_ASSIGNED_CONTEXT ( ( #183, #4338, #4365 ) ) REPRESENTATION_CONTEXT ( 'NONE', 'WORKASPACE' ) );
#3386 = DIRECTION ( 'NONE',  ( 7.968020348514244863E-17, -0.6561787149247862994, -0.7546055221635049604 ) ) ;
#3387 = DIRECTION ( 'NONE',  ( -0.7071067811865473507, 0.000000000000000000, 0.7071067811865477948 ) ) ;
#3388 = ORIENTED_EDGE ( 'NONE', *, *, #4423, .F. ) ;
#3389 = ORIENTED_EDGE ( 'NONE', *, *, #1015, .F. ) ;
#3390 = CARTESIAN_POINT ( 'NONE',  ( -2.885102807365160338, 3.000000000000000000, 7.085102807365162292 ) ) ;
#3391 = LINE ( 'NONE', #4478, #1814 ) ;
#3392 = ADVANCED_FACE ( 'NONE', ( #385 ), #1882, .T. ) ;
#3393 = LINE ( 'NONE', #4232, #3795 ) ;
#3394 = VECTOR ( 'NONE', #3050, 1000.000000000000000 ) ;
#3395 = CARTESIAN_POINT ( 'NONE',  ( 1.380279994234274055, 6.500000000000000000, 0.7736979242907003895 ) ) ;
#3396 = AXIS2_PLACEMENT_3D ( 'NONE', #742, #3363, #4199 ) ;
#3397 = VERTEX_POINT ( 'NONE', #3359 ) ;
#3398 = ORIENTED_EDGE ( 'NONE', *, *, #2395, .T. ) ;
#3399 = CARTESIAN_POINT ( 'NONE',  ( -5.036781010732915398, 3.090000000000000746, 2.915460667173189968 ) ) ;
#3400 = AXIS2_PLACEMENT_3D ( 'NONE', #3882, #3536, #1666 ) ;
#3401 = EDGE_CURVE ( 'NONE', #2636, #2142, #1905, .T. ) ;
#3402 = FACE_OUTER_BOUND ( 'NONE', #1618, .T. ) ;
#3403 = CARTESIAN_POINT ( 'NONE',  ( 1.379999999999999671, 9.768344573749498494, 5.400000000000000355 ) ) ;
#3404 = CARTESIAN_POINT ( 'NONE',  ( 3.140055051430242106, 1.508506057664685152, -6.976435135045774061 ) ) ;
#3405 = EDGE_LOOP ( 'NONE', ( #2682, #2206, #2463, #3605 ) ) ;
#3406 = CIRCLE ( 'NONE', #109, 0.1499999999999999667 ) ;
#3407 = FACE_OUTER_BOUND ( 'NONE', #1744, .T. ) ;
#3408 = AXIS2_PLACEMENT_3D ( 'NONE', #1084, #3737, #387 ) ;
#3409 = EDGE_CURVE ( 'NONE', #4634, #3768, #3380, .T. ) ;
#3410 = CARTESIAN_POINT ( 'NONE',  ( 1.379999999999999671, 12.50000000000000000, 2.027069063257455728 ) ) ;
#3411 = CARTESIAN_POINT ( 'NONE',  ( -1.379999999999999227, 2.775349838536065761, -2.413347685683533417 ) ) ;
#3412 = EDGE_CURVE ( 'NONE', #4267, #1285, #18, .T. ) ;
#3413 = FACE_OUTER_BOUND ( 'NONE', #1381, .T. ) ;
#3414 = VERTEX_POINT ( 'NONE', #4835 ) ;
#3415 = EDGE_CURVE ( 'NONE', #2773, #2644, #4470, .T. ) ;
#3416 = EDGE_LOOP ( 'NONE', ( #2813, #332 ) ) ;
#3417 = DIRECTION ( 'NONE',  ( -1.000000000000000000, 0.000000000000000000, 0.000000000000000000 ) ) ;
#3418 = TOROIDAL_SURFACE ( 'NONE', #4204, 0.1299999999999999767, 0.02000000000000000042 ) ;
#3419 = CYLINDRICAL_SURFACE ( 'NONE', #637, 0.01999999999999992062 ) ;
#3420 = CARTESIAN_POINT ( 'NONE',  ( 4.985102807365161759, 3.200000000000000178, -4.985102807365159983 ) ) ;
#3421 = ADVANCED_FACE ( 'NONE', ( #3407 ), #4269, .T. ) ;
#3422 = CARTESIAN_POINT ( 'NONE',  ( 5.087985294887782395, 4.978965517241380034, -2.966664951328113364 ) ) ;
#3423 = VECTOR ( 'NONE', #4035, 1000.000000000000114 ) ;
#3424 = ORIENTED_EDGE ( 'NONE', *, *, #2101, .F. ) ;
#3425 = B_SPLINE_CURVE_WITH_KNOTS ( 'NONE', 3,
 ( #1096, #4850, #2956, #1804, #2249, #1512 ),
 .UNSPECIFIED., .F., .F.,
 ( 4, 2, 4 ),
 ( -6.928927488287607953E-06, 0.0003913249075196675105, 0.0007895787425276227026 ),
 .UNSPECIFIED. ) ;
#3426 = VERTEX_POINT ( 'NONE', #3030 ) ;
#3427 = LINE ( 'NONE', #2220, #4198 ) ;
#3428 = CARTESIAN_POINT ( 'NONE',  ( -2.279064564105393487, 6.000000000000000000, 4.400384907664967038 ) ) ;
#3429 = CARTESIAN_POINT ( 'NONE',  ( -2.435362535369392845, 3.200000000000000178, 7.252000366886310445 ) ) ;
#3430 = VECTOR ( 'NONE', #2980, 1000.000000000000000 ) ;
#3431 = CYLINDRICAL_SURFACE ( 'NONE', #4567, 0.1000000000000001443 ) ;
#3432 = VERTEX_POINT ( 'NONE', #2320 ) ;
#3433 = EDGE_CURVE ( 'NONE', #3674, #1730, #2365, .T. ) ;
#3434 = CARTESIAN_POINT ( 'NONE',  ( -2.847419838194335195, 3.008506057664686040, -7.100900871338165388 ) ) ;
#3435 = ORIENTED_EDGE ( 'NONE', *, *, #3087, .T. ) ;
#3436 = FACE_OUTER_BOUND ( 'NONE', #1373, .T. ) ;
#3437 = FILL_AREA_STYLE_COLOUR ( '', #1121 ) ;
#3438 = CARTESIAN_POINT ( 'NONE',  ( -1.400000000000000133, 6.500000000000000000, -4.469999999999999751 ) ) ;
#3439 = VECTOR ( 'NONE', #3140, 1000.000000000000000 ) ;
#3440 = ORIENTED_EDGE ( 'NONE', *, *, #4105, .F. ) ;
#3441 = ORIENTED_EDGE ( 'NONE', *, *, #3321, .T. ) ;
#3442 = DIRECTION ( 'NONE',  ( 0.000000000000000000, 0.000000000000000000, -1.000000000000000000 ) ) ;
#3443 = FACE_OUTER_BOUND ( 'NONE', #3612, .T. ) ;
#3444 = AXIS2_PLACEMENT_3D ( 'NONE', #2749, #842, #3838 ) ;
#3445 = DIRECTION ( 'NONE',  ( -1.000000000000000000, -0.000000000000000000, -0.000000000000000000 ) ) ;
#3446 = ADVANCED_FACE ( 'NONE', ( #1237 ), #1638, .T. ) ;
#3447 = DIRECTION ( 'NONE',  ( -0.000000000000000000, 1.000000000000000000, -0.000000000000000000 ) ) ;
#3448 = ORIENTED_EDGE ( 'NONE', *, *, #443, .T. ) ;
#3449 = ORIENTED_EDGE ( 'NONE', *, *, #2443, .F. ) ;
#3450 = CARTESIAN_POINT ( 'NONE',  ( 1.399999999999999689, 12.48000000000000220, 2.027069063257455728 ) ) ;
#3451 = EDGE_CURVE ( 'NONE', #4312, #217, #2712, .T. ) ;
#3452 = LINE ( 'NONE', #3428, #3738 ) ;
#3453 = CARTESIAN_POINT ( 'NONE',  ( 2.986171345291897428, 4.950000000000000178, 5.107491688851538925 ) ) ;
#3454 = CARTESIAN_POINT ( 'NONE',  ( 7.296724953260060431, 3.200000000000000178, 2.297891415291850148 ) ) ;
#3455 = ORIENTED_EDGE ( 'NONE', *, *, #2884, .F. ) ;
#3456 = CARTESIAN_POINT ( 'NONE',  ( 1.379999999999999671, 8.631655426250503638, -4.379999999999999893 ) ) ;
#3457 = EDGE_CURVE ( 'NONE', #1709, #68, #4219, .T. ) ;
#3458 = ORIENTED_EDGE ( 'NONE', *, *, #2020, .T. ) ;
#3459 = CARTESIAN_POINT ( 'NONE',  ( -4.027325123107992511, 4.978965517241379146, 4.027325123107910798 ) ) ;
#3460 = CARTESIAN_POINT ( 'NONE',  ( 1.399999999999999689, 6.622052172158088723, 0.9406179037940088916 ) ) ;
#3461 = AXIS2_PLACEMENT_3D ( 'NONE', #3760, #4818, #367 ) ;
#3462 = CARTESIAN_POINT ( 'NONE',  ( 3.354731286224073905, 1.601558808504983666, 6.875221135459824495 ) ) ;
#3463 = ORIENTED_EDGE ( 'NONE', *, *, #4243, .T. ) ;
#3464 = ORIENTED_EDGE ( 'NONE', *, *, #3778, .F. ) ;
#3465 = DIRECTION ( 'NONE',  ( 0.7071067811865473507, 8.049116928532377276E-17, -0.7071067811865477948 ) ) ;
#3466 = AXIS2_PLACEMENT_3D ( 'NONE', #1212, #4119, #2978 ) ;
#3467 = DIRECTION ( 'NONE',  ( 0.000000000000000000, -1.000000000000000000, 0.000000000000000000 ) ) ;
#3468 = DIRECTION ( 'NONE',  ( 0.000000000000000000, 0.000000000000000000, -1.000000000000000000 ) ) ;
#3469 = VERTEX_POINT ( 'NONE', #4244 ) ;
#3470 = ORIENTED_EDGE ( 'NONE', *, *, #562, .F. ) ;
#3471 = DIRECTION ( 'NONE',  ( 0.000000000000000000, 1.000000000000000000, 0.000000000000000000 ) ) ;
#3472 = EDGE_CURVE ( 'NONE', #913, #3667, #4262, .T. ) ;
#3473 = CARTESIAN_POINT ( 'NONE',  ( 0.000000000000000000, 8.000000000000000000, 0.000000000000000000 ) ) ;
#3474 = AXIS2_PLACEMENT_3D ( 'NONE', #3309, #4811, #1448 ) ;
#3475 = CARTESIAN_POINT ( 'NONE',  ( 1.390180519077591104, 6.500000000000000000, -4.521998694580438460 ) ) ;
#3476 =( GEOMETRIC_REPRESENTATION_CONTEXT ( 3 ) GLOBAL_UNCERTAINTY_ASSIGNED_CONTEXT ( ( #3583 ) ) GLOBAL_UNIT_ASSIGNED_CONTEXT ( ( #1675, #3860, #4715 ) ) REPRESENTATION_CONTEXT ( 'NONE', 'WORKASPACE' ) );
#3477 = DIRECTION ( 'NONE',  ( 1.000000000000000000, 0.000000000000000000, 0.000000000000000000 ) ) ;
#3478 = EDGE_CURVE ( 'NONE', #803, #4136, #1545, .T. ) ;
#3479 = FACE_OUTER_BOUND ( 'NONE', #2713, .T. ) ;
#3480 = ORIENTED_EDGE ( 'NONE', *, *, #4587, .F. ) ;
#3481 = VECTOR ( 'NONE', #3973, 1000.000000000000000 ) ;
#3482 = VECTOR ( 'NONE', #2700, 1000.000000000000000 ) ;
#3483 = CARTESIAN_POINT ( 'NONE',  ( -2.932862173304878972, 3.000000000000000444, -7.066080920955845279 ) ) ;
#3484 = ORIENTED_EDGE ( 'NONE', *, *, #1821, .F. ) ;
#3485 = VERTEX_POINT ( 'NONE', #851 ) ;
#3486 = AXIS2_PLACEMENT_3D ( 'NONE', #1502, #3764, #4842 ) ;
#3487 = CARTESIAN_POINT ( 'NONE',  ( 0.000000000000000000, 0.000000000000000000, 0.000000000000000000 ) ) ;
#3488 = CARTESIAN_POINT ( 'NONE',  ( 4.999999999999848121, 8.000000000000000000, -2.291287847478249429 ) ) ;
#3489 = TOROIDAL_SURFACE ( 'NONE', #3729, 0.1299999999999999767, 0.02000000000000000042 ) ;
#3490 = CARTESIAN_POINT ( 'NONE',  ( 0.000000000000000000, 0.02972972972972967240, 0.1783783783783780552 ) ) ;
#3491 = EDGE_LOOP ( 'NONE', ( #2368, #213, #3578, #1108 ) ) ;
#3492 = EDGE_CURVE ( 'NONE', #642, #1871, #1168, .T. ) ;
#3493 = VERTEX_POINT ( 'NONE', #1956 ) ;
#3494 = DIRECTION ( 'NONE',  ( 0.5120428415488789131, -0.6896551724137937045, 0.5120428415488786911 ) ) ;
#3495 = DIRECTION ( 'NONE',  ( 1.000000000000000000, 0.000000000000000000, -8.673617379884020681E-17 ) ) ;
#3496 = VERTEX_POINT ( 'NONE', #4564 ) ;
#3497 = AXIS2_PLACEMENT_3D ( 'NONE', #1405, #1745, #944 ) ;
#3498 = AXIS2_PLACEMENT_3D ( 'NONE', #2906, #358, #3749 ) ;
#3499 = VERTEX_POINT ( 'NONE', #4610 ) ;
#3500 = CARTESIAN_POINT ( 'NONE',  ( -7.171856393899841642, 2.999999999999999556, -2.663767322733573639 ) ) ;
#3501 = DIRECTION ( 'NONE',  ( 1.000000000000000000, 2.168404344971005170E-17, 0.000000000000000000 ) ) ;
#3502 = CARTESIAN_POINT ( 'NONE',  ( 4.999999999999848121, 8.000000000000000000, -2.291287847478249429 ) ) ;
#3503 = AXIS2_PLACEMENT_3D ( 'NONE', #2783, #701, #4823 ) ;
#3504 = CARTESIAN_POINT ( 'NONE',  ( 1.399999999999999689, 12.48000000000000220, -2.027069063257456172 ) ) ;
#3505 = ORIENTED_EDGE ( 'NONE', *, *, #4479, .T. ) ;
#3506 = CARTESIAN_POINT ( 'NONE',  ( -2.625752043686317094, 3.101480656498023958, -7.185283574223201519 ) ) ;
#3507 = AXIS2_PLACEMENT_3D ( 'NONE', #3681, #1054, #316 ) ;
#3508 = EDGE_CURVE ( 'NONE', #4515, #3179, #2134, .T. ) ;
#3509 = EDGE_CURVE ( 'NONE', #1998, #1904, #258, .T. ) ;
#3510 = VERTEX_POINT ( 'NONE', #482 ) ;
#3511 = ORIENTED_EDGE ( 'NONE', *, *, #2164, .T. ) ;
#3512 = CARTESIAN_POINT ( 'NONE',  ( -1.380000000000000115, 9.768344573749500270, -5.530000000000000249 ) ) ;
#3513 = EDGE_CURVE ( 'NONE', #2651, #2359, #3543, .T. ) ;
#3514 = CARTESIAN_POINT ( 'NONE',  ( -4.046831517071719730, 3.090000000000000746, -4.046831517071717066 ) ) ;
#3515 = B_SPLINE_CURVE_WITH_KNOTS ( 'NONE', 3,
 ( #3699, #2290, #4536, #3748, #4849, #333, #4828, #356, #1510, #706 ),
 .UNSPECIFIED., .F., .F.,
 ( 4, 2, 2, 2, 4 ),
 ( 0.000000000000000000, 7.024607880191473242E-05, 0.0001404921576038294648, 0.0002809843152076581707, 0.0005619686304153155825 ),
 .UNSPECIFIED. ) ;
#3516 = ORIENTED_EDGE ( 'NONE', *, *, #577, .T. ) ;
#3517 = ORIENTED_EDGE ( 'NONE', *, *, #654, .T. ) ;
#3518 = CARTESIAN_POINT ( 'NONE',  ( -4.046831517071759698, 4.909999999999999254, 4.046831517071677098 ) ) ;
#3519 = DIRECTION ( 'NONE',  ( -1.000000000000000000, -0.000000000000000000, -0.000000000000000000 ) ) ;
#3520 = EDGE_CURVE ( 'NONE', #2636, #4774, #1569, .T. ) ;
#3521 = CARTESIAN_POINT ( 'NONE',  ( -2.312024219028235184, 5.951057409446828039, 4.433344562587808291 ) ) ;
#3522 = VERTEX_POINT ( 'NONE', #3825 ) ;
#3523 = ORIENTED_EDGE ( 'NONE', *, *, #265, .T. ) ;
#3524 = DIRECTION ( 'NONE',  ( -1.000000000000000000, 0.000000000000000000, 0.000000000000000000 ) ) ;
#3525 = AXIS2_PLACEMENT_3D ( 'NONE', #50, #2601, #1870 ) ;
#3526 = DIRECTION ( 'NONE',  ( -1.000000000000000000, 0.000000000000000000, 0.000000000000000000 ) ) ;
#3527 = CARTESIAN_POINT ( 'NONE',  ( -4.555813038156334649, 7.763936109177590694, -2.192316302326503763 ) ) ;
#3528 = DIRECTION ( 'NONE',  ( 0.000000000000000000, 0.000000000000000000, -1.000000000000000000 ) ) ;
#3529 = CARTESIAN_POINT ( 'NONE',  ( 0.000000000000000000, 0.000000000000000000, 0.000000000000000000 ) ) ;
#3530 = ORIENTED_EDGE ( 'NONE', *, *, #4659, .T. ) ;
#3531 = CARTESIAN_POINT ( 'NONE',  ( 1.379999999999999671, 12.48000000000000043, -4.343903740188082452 ) ) ;
#3532 = EDGE_LOOP ( 'NONE', ( #2878, #1598, #1260, #4438, #2083, #25, #241, #3731, #1580, #3093 ) ) ;
#3533 = EDGE_LOOP ( 'NONE', ( #526, #1071, #1801, #1345 ) ) ;
#3534 = CYLINDRICAL_SURFACE ( 'NONE', #840, 0.1499999999999999667 ) ;
#3535 = ADVANCED_FACE ( 'NONE', ( #2762 ), #2685, .T. ) ;
#3536 = DIRECTION ( 'NONE',  ( 0.7071067811865403563, 1.360023205165816614E-16, 0.7071067811865549002 ) ) ;
#3537 = DIRECTION ( 'NONE',  ( -0.000000000000000000, 1.000000000000000000, -0.000000000000000000 ) ) ;
#3538 = EDGE_CURVE ( 'NONE', #1119, #3229, #1000, .T. ) ;
#3539 = EDGE_LOOP ( 'NONE', ( #1003, #901, #3924, #3705, #3287, #1755, #2703, #3389, #4848, #2841 ) ) ;
#3540 = ORIENTED_EDGE ( 'NONE', *, *, #2836, .T. ) ;
#3541 = CARTESIAN_POINT ( 'NONE',  ( -1.380000000000000115, 12.44809871788125477, -4.429206973128303915 ) ) ;
#3542 = CYLINDRICAL_SURFACE ( 'NONE', #1832, 0.1000000000000001443 ) ;
#3543 =( BOUNDED_CURVE ( )  B_SPLINE_CURVE ( 3, ( #432, #112, #3875, #3103 ),
 .UNSPECIFIED., .F., .F. ) 
 B_SPLINE_CURVE_WITH_KNOTS ( ( 4, 4 ),
 ( 2.836899999574395981, 3.446285307605190251 ),
 .UNSPECIFIED. ) 
 CURVE ( )  GEOMETRIC_REPRESENTATION_ITEM ( )  RATIONAL_B_SPLINE_CURVE ( ( 1.000000000000000000, 0.9692928009446305504, 0.9692928009446305504, 1.000000000000000000 ) ) 
 REPRESENTATION_ITEM ( '' )  );
#3544 = DIRECTION ( 'NONE',  ( -1.000000000000000000, -2.168404344971008252E-17, 8.673617379884035472E-17 ) ) ;
#3545 = CIRCLE ( 'NONE', #875, 7.650000000000000355 ) ;
#3546 = AXIS2_PLACEMENT_3D ( 'NONE', #2989, #1499, #1477 ) ;
#3547 = ORIENTED_EDGE ( 'NONE', *, *, #4471, .T. ) ;
#3548 = CARTESIAN_POINT ( 'NONE',  ( 7.296724953260060431, 3.200000000000000178, 2.297891415291850148 ) ) ;
#3549 = DIRECTION ( 'NONE',  ( -0.7071067811865453523, 5.273559366969486541E-17, -0.7071067811865497932 ) ) ;
#3550 = DIRECTION ( 'NONE',  ( 0.000000000000000000, 0.000000000000000000, 1.000000000000000000 ) ) ;
#3551 = ORIENTED_EDGE ( 'NONE', *, *, #3831, .T. ) ;
#3552 = EDGE_CURVE ( 'NONE', #68, #1637, #4100, .T. ) ;
#3553 = VECTOR ( 'NONE', #3386, 1000.000000000000114 ) ;
#3554 = DIRECTION ( 'NONE',  ( 0.000000000000000000, 1.000000000000000000, 0.000000000000000000 ) ) ;
#3555 = AXIS2_PLACEMENT_3D ( 'NONE', #3777, #1566, #1614 ) ;
#3556 = ORIENTED_EDGE ( 'NONE', *, *, #2701, .F. ) ;
#3557 = CIRCLE ( 'NONE', #3716, 0.02000000000000005246 ) ;
#3558 = ORIENTED_EDGE ( 'NONE', *, *, #3927, .F. ) ;
#3559 = PLANE ( 'NONE',  #3264 ) ;
#3560 = FACE_OUTER_BOUND ( 'NONE', #2574, .T. ) ;
#3561 = DIRECTION ( 'NONE',  ( 0.000000000000000000, 0.000000000000000000, -1.000000000000000000 ) ) ;
#3562 = EDGE_CURVE ( 'NONE', #1158, #369, #2394, .T. ) ;
#3563 = ORIENTED_EDGE ( 'NONE', *, *, #3047, .F. ) ;
#3564 = ORIENTED_EDGE ( 'NONE', *, *, #4043, .T. ) ;
#3565 = DIRECTION ( 'NONE',  ( 0.000000000000000000, 0.000000000000000000, 1.000000000000000000 ) ) ;
#3566 = AXIS2_PLACEMENT_3D ( 'NONE', #149, #3858, #4550 ) ;
#3567 = CARTESIAN_POINT ( 'NONE',  ( 2.279064564105362400, 6.000000000000000000, -4.400384907664983025 ) ) ;
#3568 = ADVANCED_FACE ( 'NONE', ( #4658 ), #578, .T. ) ;
#3569 = LINE ( 'NONE', #222, #3993 ) ;
#3570 = EDGE_CURVE ( 'NONE', #2045, #4209, #3202, .T. ) ;
#3571 = VECTOR ( 'NONE', #1593, 1000.000000000000000 ) ;
#3572 = VERTEX_POINT ( 'NONE', #4756 ) ;
#3573 = CARTESIAN_POINT ( 'NONE',  ( 0.000000000000000000, 12.50000000000000000, 2.027069063257455728 ) ) ;
#3574 = EDGE_CURVE ( 'NONE', #1119, #451, #1010, .T. ) ;
#3575 = LINE ( 'NONE', #3597, #1144 ) ;
#3576 = VECTOR ( 'NONE', #845, 1000.000000000000000 ) ;
#3577 = DIRECTION ( 'NONE',  ( -0.6936187941687647074, -0.000000000000000000, 0.7203422578024066825 ) ) ;
#3578 = ORIENTED_EDGE ( 'NONE', *, *, #3880, .F. ) ;
#3579 = FACE_OUTER_BOUND ( 'NONE', #4242, .T. ) ;
#3580 = CIRCLE ( 'NONE', #2708, 0.1700000000000000122 ) ;
#3581 = CARTESIAN_POINT ( 'NONE',  ( 1.390180519077591104, 6.500000000000000000, 4.521998694580438460 ) ) ;
#3582 = EDGE_CURVE ( 'NONE', #1958, #1398, #1165, .T. ) ;
#3583 = UNCERTAINTY_MEASURE_WITH_UNIT (LENGTH_MEASURE( 1.000000000000000082E-05 ), #1675, 'distance_accuracy_value', 'NONE');
#3584 = ORIENTED_EDGE ( 'NONE', *, *, #1560, .T. ) ;
#3585 = ORIENTED_EDGE ( 'NONE', *, *, #755, .T. ) ;
#3586 = DIRECTION ( 'NONE',  ( 0.000000000000000000, 0.000000000000000000, 1.000000000000000000 ) ) ;
#3587 = VECTOR ( 'NONE', #3308, 1000.000000000000000 ) ;
#3588 = VERTEX_POINT ( 'NONE', #3947 ) ;
#3589 = ORIENTED_EDGE ( 'NONE', *, *, #699, .F. ) ;
#3590 = DIRECTION ( 'NONE',  ( 0.000000000000000000, 0.000000000000000000, -1.000000000000000000 ) ) ;
#3591 = CARTESIAN_POINT ( 'NONE',  ( -3.018470195263256439, 3.000000000000000000, -7.029319859012494121 ) ) ;
#3592 = CARTESIAN_POINT ( 'NONE',  ( 1.399999999999999689, 6.500000000000000000, -0.8398232385305504089 ) ) ;
#3593 = VERTEX_POINT ( 'NONE', #2077 ) ;
#3594 = CARTESIAN_POINT ( 'NONE',  ( -5.107491688851539813, 4.910000000000000142, -2.986171345291896095 ) ) ;
#3595 = DIRECTION ( 'NONE',  ( 0.000000000000000000, 0.000000000000000000, 1.000000000000000000 ) ) ;
#3596 = EDGE_CURVE ( 'NONE', #2833, #1605, #3757, .T. ) ;
#3597 = CARTESIAN_POINT ( 'NONE',  ( 9.368548013477252244E-16, 26.63746750430835775, 7.650000000000000355 ) ) ;
#3598 = DIRECTION ( 'NONE',  ( -2.168404344971008252E-17, 1.000000000000000000, 0.000000000000000000 ) ) ;
#3599 = CARTESIAN_POINT ( 'NONE',  ( -211.8366702977141358, 16.49882458153933840, 101.5933437015519303 ) ) ;
#3600 = ORIENTED_EDGE ( 'NONE', *, *, #3735, .T. ) ;
#3601 = VECTOR ( 'NONE', #4337, 1000.000000000000000 ) ;
#3602 = CARTESIAN_POINT ( 'NONE',  ( -1.060660171779822525, 4.585121964646132860E-16, 1.060660171779822525 ) ) ;
#3603 = LINE ( 'NONE', #2053, #4465 ) ;
#3604 = AXIS2_PLACEMENT_3D ( 'NONE', #4790, #1349, #591 ) ;
#3605 = ORIENTED_EDGE ( 'NONE', *, *, #699, .T. ) ;
#3606 = ORIENTED_EDGE ( 'NONE', *, *, #2591, .T. ) ;
#3607 = EDGE_CURVE ( 'NONE', #1290, #1013, #1907, .T. ) ;
#3608 = DIRECTION ( 'NONE',  ( 0.000000000000000000, 0.000000000000000000, 1.000000000000000000 ) ) ;
#3609 = DIRECTION ( 'NONE',  ( 0.7071067811865474617, 0.000000000000000000, 0.7071067811865474617 ) ) ;
#3610 = VERTEX_POINT ( 'NONE', #4342 ) ;
#3611 = EDGE_CURVE ( 'NONE', #1031, #3426, #1238, .T. ) ;
#3612 = EDGE_LOOP ( 'NONE', ( #2351, #943, #3856, #606, #2608, #129 ) ) ;
#3613 = CARTESIAN_POINT ( 'NONE',  ( -3.405877273185284881, 1.676207172489686537, -6.849999999999997868 ) ) ;
#3614 = CARTESIAN_POINT ( 'NONE',  ( -1.399999999999999689, 6.500000000000000000, -0.8398232385305504089 ) ) ;
#3615 = CARTESIAN_POINT ( 'NONE',  ( 1.379999999999999671, 6.500000000000000000, -0.7729309367425445387 ) ) ;
#3616 = VERTEX_POINT ( 'NONE', #1707 ) ;
#3617 = FACE_OUTER_BOUND ( 'NONE', #4129, .T. ) ;
#3618 = DIRECTION ( 'NONE',  ( 5.122298795473438989E-17, 0.6561787149247869655, -0.7546055221635044052 ) ) ;
#3619 = CARTESIAN_POINT ( 'NONE',  ( 0.000000000000000000, 7.500000000000000000, 0.000000000000000000 ) ) ;
#3620 = DIRECTION ( 'NONE',  ( -1.000000000000000000, 0.000000000000000000, 0.000000000000000000 ) ) ;
#3621 = CIRCLE ( 'NONE', #3301, 0.02000000000000005246 ) ;
#3622 = APPLICATION_PROTOCOL_DEFINITION ( 'draft international standard', 'automotive_design', 1998, #3166 ) ;
#3623 = ORIENTED_EDGE ( 'NONE', *, *, #3778, .T. ) ;
#3624 = EDGE_CURVE ( 'NONE', #2954, #760, #161, .T. ) ;
#3625 = ORIENTED_EDGE ( 'NONE', *, *, #2609, .F. ) ;
#3626 = DIRECTION ( 'NONE',  ( -0.000000000000000000, 1.000000000000000000, -0.000000000000000000 ) ) ;
#3627 = AXIS2_PLACEMENT_3D ( 'NONE', #646, #230, #1776 ) ;
#3628 = CARTESIAN_POINT ( 'NONE',  ( 7.252000366886311333, 3.000000000000000000, -2.435362535369390180 ) ) ;
#3629 = ADVANCED_FACE ( 'NONE', ( #1661 ), #260, .T. ) ;
#3630 = ORIENTED_EDGE ( 'NONE', *, *, #3831, .F. ) ;
#3631 = ORIENTED_EDGE ( 'NONE', *, *, #4089, .F. ) ;
#3632 = PLANE ( 'NONE',  #765 ) ;
#3633 = ADVANCED_FACE ( 'NONE', ( #186 ), #1868, .T. ) ;
#3634 = DIRECTION ( 'NONE',  ( 0.000000000000000000, 0.000000000000000000, -1.000000000000000000 ) ) ;
#3635 = CIRCLE ( 'NONE', #652, 5.500000000000000000 ) ;
#3636 = CIRCLE ( 'NONE', #2842, 0.1499999999999999667 ) ;
#3637 = ORIENTED_EDGE ( 'NONE', *, *, #1261, .T. ) ;
#3638 = PLANE ( 'NONE',  #2778 ) ;
#3639 = DIRECTION ( 'NONE',  ( 0.000000000000000000, -0.6561787149247684248, 0.7546055221635205035 ) ) ;
#3640 = DIRECTION ( 'NONE',  ( 0.000000000000000000, 0.000000000000000000, 1.000000000000000000 ) ) ;
#3641 = EDGE_CURVE ( 'NONE', #1730, #2883, #4147, .T. ) ;
#3642 = ORIENTED_EDGE ( 'NONE', *, *, #2472, .T. ) ;
#3643 = DIRECTION ( 'NONE',  ( 0.000000000000000000, 0.000000000000000000, -1.000000000000000000 ) ) ;
#3644 = CIRCLE ( 'NONE', #3566, 0.1499999999999999667 ) ;
#3645 = CYLINDRICAL_SURFACE ( 'NONE', #2357, 0.2000000000000002331 ) ;
#3646 = DIRECTION ( 'NONE',  ( 0.5120428415488842422, 0.6896551724137934825, -0.5120428415488739171 ) ) ;
#3647 =( LENGTH_UNIT ( ) NAMED_UNIT ( * ) SI_UNIT ( .MILLI., .METRE. ) );
#3648 = ORIENTED_EDGE ( 'NONE', *, *, #714, .T. ) ;
#3649 = CIRCLE ( 'NONE', #1287, 0.02000000000000005246 ) ;
#3650 = ORIENTED_EDGE ( 'NONE', *, *, #3053, .T. ) ;
#3651 = DIRECTION ( 'NONE',  ( 0.000000000000000000, -0.6561787149247869655, 0.7546055221635044052 ) ) ;
#3652 = CIRCLE ( 'NONE', #4743, 5.000000000000000000 ) ;
#3653 = DIRECTION ( 'NONE',  ( 0.7071067811865474617, 0.000000000000000000, 0.7071067811865476838 ) ) ;
#3654 = DIRECTION ( 'NONE',  ( 0.000000000000000000, 0.000000000000000000, 1.000000000000000000 ) ) ;
#3655 = ORIENTED_EDGE ( 'NONE', *, *, #2516, .F. ) ;
#3656 = ORIENTED_EDGE ( 'NONE', *, *, #3401, .T. ) ;
#3657 = AXIS2_PLACEMENT_3D ( 'NONE', #731, #1833, #653 ) ;
#3658 = DIRECTION ( 'NONE',  ( 1.000000000000000000, 0.000000000000000000, 0.000000000000000000 ) ) ;
#3659 = EDGE_CURVE ( 'NONE', #159, #3832, #3603, .T. ) ;
#3660 = FACE_OUTER_BOUND ( 'NONE', #1596, .T. ) ;
#3661 = AXIS2_PLACEMENT_3D ( 'NONE', #4432, #4771, #4480 ) ;
#3662 = EDGE_LOOP ( 'NONE', ( #2765, #4609, #1236, #4073, #790, #1701, #2280, #1352, #2861, #670, #4317, #3205, #3036, #3142 ) ) ;
#3663 = PLANE ( 'NONE',  #746 ) ;
#3664 = DIRECTION ( 'NONE',  ( -1.000000000000000000, -0.000000000000000000, -0.000000000000000000 ) ) ;
#3665 = VECTOR ( 'NONE', #2099, 1000.000000000000114 ) ;
#3666 = CARTESIAN_POINT ( 'NONE',  ( 1.390180519077591104, 6.500000000000000000, -0.8009322421621059007 ) ) ;
#3667 = VERTEX_POINT ( 'NONE', #3226 ) ;
#3668 = DIRECTION ( 'NONE',  ( 0.000000000000000000, 0.000000000000000000, 1.000000000000000000 ) ) ;
#3669 = ADVANCED_FACE ( 'NONE', ( #1799 ), #3040, .T. ) ;
#3670 = CARTESIAN_POINT ( 'NONE',  ( 1.379999999999999671, 12.37137186834969604, -1.898837853159277334 ) ) ;
#3671 = CARTESIAN_POINT ( 'NONE',  ( -5.087985294887803711, 4.978965517241379146, 2.966664951328077837 ) ) ;
#3672 = DIRECTION ( 'NONE',  ( 1.000000000000000000, 0.000000000000000000, 0.000000000000000000 ) ) ;
#3673 = EDGE_LOOP ( 'NONE', ( #2219, #1339, #2391, #2667 ) ) ;
#3674 = VERTEX_POINT ( 'NONE', #1332 ) ;
#3675 = FACE_OUTER_BOUND ( 'NONE', #4602, .T. ) ;
#3676 = CARTESIAN_POINT ( 'NONE',  ( 4.985102807365161759, 3.000000000000000000, -4.985102807365159983 ) ) ;
#3677 = AXIS2_PLACEMENT_3D ( 'NONE', #4391, #2810, #2462 ) ;
#3678 = LINE ( 'NONE', #1320, #4408 ) ;
#3679 = ORIENTED_EDGE ( 'NONE', *, *, #2934, .F. ) ;
#3680 = ORIENTED_EDGE ( 'NONE', *, *, #1979, .T. ) ;
#3681 = CARTESIAN_POINT ( 'NONE',  ( 0.000000000000000000, 26.63746750430835775, 0.000000000000000000 ) ) ;
#3682 = AXIS2_PLACEMENT_3D ( 'NONE', #988, #272, #248 ) ;
#3683 = CARTESIAN_POINT ( 'NONE',  ( 2.986171345291913415, 4.950000000000000178, -5.107491688851529155 ) ) ;
#3684 = PRODUCT_RELATED_PRODUCT_CATEGORY ( 'part', '', ( #4724 ) ) ;
#3685 = ORIENTED_EDGE ( 'NONE', *, *, #77, .F. ) ;
#3686 = CARTESIAN_POINT ( 'NONE',  ( -1.400000000000000133, 6.500000000000000000, 0.000000000000000000 ) ) ;
#3687 = CARTESIAN_POINT ( 'NONE',  ( -1.393823247546297939, 6.500000000000000000, -0.8140959846906093977 ) ) ;
#3688 = ADVANCED_FACE ( 'NONE', ( #2828 ), #4749, .T. ) ;
#3689 = DIRECTION ( 'NONE',  ( 0.000000000000000000, 1.000000000000000000, 0.000000000000000000 ) ) ;
#3690 = VERTEX_POINT ( 'NONE', #3671 ) ;
#3691 = CARTESIAN_POINT ( 'NONE',  ( -7.085102807365159627, 3.000000000000000000, 2.885102807365165223 ) ) ;
#3692 =( BOUNDED_CURVE ( )  B_SPLINE_CURVE ( 3, ( #65, #1863, #1194, #3784 ),
 .UNSPECIFIED., .F., .F. ) 
 B_SPLINE_CURVE_WITH_KNOTS ( ( 4, 4 ),
 ( 5.978492653164188653, 6.587877961194983811 ),
 .UNSPECIFIED. ) 
 CURVE ( )  GEOMETRIC_REPRESENTATION_ITEM ( )  RATIONAL_B_SPLINE_CURVE ( ( 1.000000000000000000, 0.9692928009446304394, 0.9692928009446304394, 1.000000000000000000 ) ) 
 REPRESENTATION_ITEM ( '' )  );
#3693 = DIRECTION ( 'NONE',  ( 1.000000000000000000, -0.000000000000000000, -0.000000000000000000 ) ) ;
#3694 = FACE_OUTER_BOUND ( 'NONE', #2064, .T. ) ;
#3695 = DIRECTION ( 'NONE',  ( 8.673617379884035472E-17, 0.000000000000000000, 1.000000000000000000 ) ) ;
#3696 = DIRECTION ( 'NONE',  ( 1.000000000000000000, 0.000000000000000000, 0.000000000000000000 ) ) ;
#3697 = ORIENTED_EDGE ( 'NONE', *, *, #3980, .T. ) ;
#3698 = ORIENTED_EDGE ( 'NONE', *, *, #2240, .T. ) ;
#3699 = CARTESIAN_POINT ( 'NONE',  ( 2.435362535369389292, 3.200000000000000178, -7.252000366886311333 ) ) ;
#3700 = DIRECTION ( 'NONE',  ( 0.000000000000000000, 0.000000000000000000, -1.000000000000000000 ) ) ;
#3701 = VECTOR ( 'NONE', #4806, 1000.000000000000000 ) ;
#3702 = LINE ( 'NONE', #4831, #1188 ) ;
#3703 = ORIENTED_EDGE ( 'NONE', *, *, #3641, .T. ) ;
#3704 = ADVANCED_FACE ( 'NONE', ( #306 ), #4851, .T. ) ;
#3705 = ORIENTED_EDGE ( 'NONE', *, *, #4591, .F. ) ;
#3706 = TOROIDAL_SURFACE ( 'NONE', #1584, 0.1299999999999999767, 0.02000000000000000042 ) ;
#3707 = CARTESIAN_POINT ( 'NONE',  ( -1.379999999999999671, 6.649999999999999467, 0.7729309367425446498 ) ) ;
#3708 = DIRECTION ( 'NONE',  ( 0.7071067811865474617, 0.000000000000000000, 0.7071067811865474617 ) ) ;
#3709 = ORIENTED_EDGE ( 'NONE', *, *, #297, .F. ) ;
#3710 = DIRECTION ( 'NONE',  ( 0.7071067811865475727, -3.056747976430751789E-16, -0.7071067811865475727 ) ) ;
#3711 = VECTOR ( 'NONE', #1976, 1000.000000000000000 ) ;
#3712 = AXIS2_PLACEMENT_3D ( 'NONE', #2571, #3341, #2471 ) ;
#3713 = DIRECTION ( 'NONE',  ( -0.000000000000000000, 0.6561787149247869655, -0.7546055221635044052 ) ) ;
#3714 = CARTESIAN_POINT ( 'NONE',  ( 4.500000000000000000, 1.500000000000000444, -2.179449471770337432 ) ) ;
#3715 = CIRCLE ( 'NONE', #572, 0.02000000000000005246 ) ;
#3716 = AXIS2_PLACEMENT_3D ( 'NONE', #4309, #522, #2449 ) ;
#3717 = ORIENTED_EDGE ( 'NONE', *, *, #1865, .T. ) ;
#3718 = CARTESIAN_POINT ( 'NONE',  ( 1.379999999999999671, 9.768344573749498494, 5.400000000000000355 ) ) ;
#3719 = CARTESIAN_POINT ( 'NONE',  ( -1.380000000000000115, 12.46319082832452629, 4.442330547426800003 ) ) ;
#3720 = DIRECTION ( 'NONE',  ( 1.000000000000000000, -0.000000000000000000, 0.000000000000000000 ) ) ;
#3721 = EDGE_CURVE ( 'NONE', #3013, #4353, #1069, .T. ) ;
#3722 = CARTESIAN_POINT ( 'NONE',  ( 4.400384907664998124, 6.000000000000000000, -2.279064564105333979 ) ) ;
#3723 = EDGE_LOOP ( 'NONE', ( #2202, #990, #139, #610, #1777, #2505 ) ) ;
#3724 = AXIS2_PLACEMENT_3D ( 'NONE', #3887, #1626, #1599 ) ;
#3725 = ORIENTED_EDGE ( 'NONE', *, *, #1438, .F. ) ;
#3726 = DIRECTION ( 'NONE',  ( 1.000000000000000000, 0.000000000000000000, 0.000000000000000000 ) ) ;
#3727 = ADVANCED_FACE ( 'NONE', ( #1409 ), #2490, .T. ) ;
#3728 = DIRECTION ( 'NONE',  ( -0.7071067811865475727, 0.000000000000000000, 0.7071067811865475727 ) ) ;
#3729 = AXIS2_PLACEMENT_3D ( 'NONE', #4590, #1547, #2768 ) ;
#3730 = DIRECTION ( 'NONE',  ( -0.000000000000000000, 1.000000000000000000, -0.000000000000000000 ) ) ;
#3731 = ORIENTED_EDGE ( 'NONE', *, *, #928, .F. ) ;
#3732 = AXIS2_PLACEMENT_3D ( 'NONE', #3352, #2197, #1830 ) ;
#3733 = CYLINDRICAL_SURFACE ( 'NONE', #3185, 0.1999999999999996503 ) ;
#3734 = DIRECTION ( 'NONE',  ( 0.000000000000000000, 0.000000000000000000, 1.000000000000000000 ) ) ;
#3735 = EDGE_CURVE ( 'NONE', #4450, #1897, #3964, .T. ) ;
#3736 = AXIS2_PLACEMENT_3D ( 'NONE', #2429, #4403, #1771 ) ;
#3737 = DIRECTION ( 'NONE',  ( 0.000000000000000000, 1.000000000000000000, 0.000000000000000000 ) ) ;
#3738 = VECTOR ( 'NONE', #133, 1000.000000000000114 ) ;
#3739 = DIRECTION ( 'NONE',  ( -0.000000000000000000, -1.000000000000000000, -0.000000000000000000 ) ) ;
#3740 = CARTESIAN_POINT ( 'NONE',  ( -4.027325123107993399, 3.021034482758622186, 4.027325123107909910 ) ) ;
#3741 = ORIENTED_EDGE ( 'NONE', *, *, #1742, .F. ) ;
#3742 = DIRECTION ( 'NONE',  ( 1.000000000000000000, 2.168404344971008252E-17, -8.673617379884035472E-17 ) ) ;
#3743 = CARTESIAN_POINT ( 'NONE',  ( -1.400000000000000133, 8.759938365018300033, 4.438449618462784407 ) ) ;
#3744 = CARTESIAN_POINT ( 'NONE',  ( -3.226782805549718969, 2.373921791567575657, 3.956290731841304975 ) ) ;
#3745 = CARTESIAN_POINT ( 'NONE',  ( 2.179449471770337432, 1.500000000000000444, -4.500000000000000000 ) ) ;
#3746 = ORIENTED_EDGE ( 'NONE', *, *, #3927, .T. ) ;
#3747 = ORIENTED_EDGE ( 'NONE', *, *, #2020, .F. ) ;
#3748 = CARTESIAN_POINT ( 'NONE',  ( 2.472118714102116588, 3.116491533522731672, -7.239567554180995401 ) ) ;
#3749 = DIRECTION ( 'NONE',  ( 0.000000000000000000, 0.1643989873053704753, -0.9863939238321415282 ) ) ;
#3750 = PLANE ( 'NONE',  #494 ) ;
#3751 = CARTESIAN_POINT ( 'NONE',  ( 3.405877273185284881, 1.676175380897986900, -6.849999999999997868 ) ) ;
#3752 = ORIENTED_EDGE ( 'NONE', *, *, #3048, .T. ) ;
#3753 = CARTESIAN_POINT ( 'NONE',  ( 1.399999999999999689, 12.34999999999999964, 4.343903740188081564 ) ) ;
#3754 = CARTESIAN_POINT ( 'NONE',  ( -1.399999999999999689, 12.48000000000000220, -1.214306433183764720E-16 ) ) ;
#3755 = EDGE_CURVE ( 'NONE', #3136, #1640, #2456, .T. ) ;
#3756 = EDGE_CURVE ( 'NONE', #3988, #1550, #2093, .T. ) ;
#3757 = CIRCLE ( 'NONE', #221, 7.650000000000000355 ) ;
#3758 = CYLINDRICAL_SURFACE ( 'NONE', #1367, 0.01999999999999999001 ) ;
#3759 = DIRECTION ( 'NONE',  ( -1.000000000000000000, -0.000000000000000000, -0.000000000000000000 ) ) ;
#3760 = CARTESIAN_POINT ( 'NONE',  ( 0.000000000000000000, 0.000000000000000000, 0.000000000000000000 ) ) ;
#3761 = EDGE_LOOP ( 'NONE', ( #3134, #2560, #978, #262 ) ) ;
#3762 = ADVANCED_FACE ( 'NONE', ( #2165 ), #2529, .T. ) ;
#3763 = ORIENTED_EDGE ( 'NONE', *, *, #2474, .T. ) ;
#3764 = DIRECTION ( 'NONE',  ( 0.000000000000000000, 1.000000000000000000, 0.000000000000000000 ) ) ;
#3765 = FACE_OUTER_BOUND ( 'NONE', #4744, .T. ) ;
#3766 = FACE_OUTER_BOUND ( 'NONE', #3970, .T. ) ;
#3767 = CARTESIAN_POINT ( 'NONE',  ( 1.397319086605161464, 6.500000000000000000, 0.8267289123675667373 ) ) ;
#3768 = VERTEX_POINT ( 'NONE', #4386 ) ;
#3769 = ORIENTED_EDGE ( 'NONE', *, *, #1816, .F. ) ;
#3770 = DIRECTION ( 'NONE',  ( -0.000000000000000000, 1.000000000000000000, -0.000000000000000000 ) ) ;
#3771 = CARTESIAN_POINT ( 'NONE',  ( 1.380560112054758592, 6.500000000000000000, -4.548466070008426065 ) ) ;
#3772 = CARTESIAN_POINT ( 'NONE',  ( -3.405877273185280885, 1.499999999999999556, 7.049999999999999822 ) ) ;
#3773 = ADVANCED_FACE ( 'NONE', ( #4701 ), #4009, .T. ) ;
#3774 = CYLINDRICAL_SURFACE ( 'NONE', #2673, 7.650000000000000355 ) ;
#3775 = EDGE_LOOP ( 'NONE', ( #1664, #1784, #1070, #4501, #919, #1648, #405, #102, #1978, #4455 ) ) ;
#3776 = EDGE_CURVE ( 'NONE', #3113, #3485, #2900, .T. ) ;
#3777 = CARTESIAN_POINT ( 'NONE',  ( 0.000000000000000000, 12.34999999999999964, -4.343903740188082452 ) ) ;
#3778 = EDGE_CURVE ( 'NONE', #957, #930, #3905, .T. ) ;
#3779 = TOROIDAL_SURFACE ( 'NONE', #2666, 0.1699999999999999845, 0.02000000000000000042 ) ;
#3780 = CIRCLE ( 'NONE', #2752, 0.01999999999999939326 ) ;
#3781 = CARTESIAN_POINT ( 'NONE',  ( 5.087985294887781507, 3.021034482758619522, -2.966664951328112476 ) ) ;
#3782 = EDGE_CURVE ( 'NONE', #39, #1087, #1775, .T. ) ;
#3783 = AXIS2_PLACEMENT_3D ( 'NONE', #3529, #3919, #3148 ) ;
#3784 = CARTESIAN_POINT ( 'NONE',  ( 2.312024219028192551, 2.048942590553173293, 4.433344562587834048 ) ) ;
#3785 = DIRECTION ( 'NONE',  ( 0.7071067811865403563, 0.000000000000000000, 0.7071067811865547892 ) ) ;
#3786 = ORIENTED_EDGE ( 'NONE', *, *, #3997, .F. ) ;
#3787 = VECTOR ( 'NONE', #639, 1000.000000000000000 ) ;
#3788 = ORIENTED_EDGE ( 'NONE', *, *, #334, .F. ) ;
#3789 = DIRECTION ( 'NONE',  ( -0.000000000000000000, 1.000000000000000000, -0.000000000000000000 ) ) ;
#3790 = DIRECTION ( 'NONE',  ( 0.000000000000000000, 1.000000000000000000, 0.000000000000000000 ) ) ;
#3791 = CYLINDRICAL_SURFACE ( 'NONE', #969, 0.2000000000000002887 ) ;
#3792 = EDGE_CURVE ( 'NONE', #2675, #2819, #2263, .T. ) ;
#3793 = AXIS2_PLACEMENT_3D ( 'NONE', #4858, #2588, #1494 ) ;
#3794 = CARTESIAN_POINT ( 'NONE',  ( -1.399999999999999911, 12.34999999999999964, 2.027069063257455728 ) ) ;
#3795 = VECTOR ( 'NONE', #864, 1000.000000000000000 ) ;
#3796 = ORIENTED_EDGE ( 'NONE', *, *, #300, .T. ) ;
#3797 = DIRECTION ( 'NONE',  ( -0.000000000000000000, 0.6561787149247931827, 0.7546055221634992982 ) ) ;
#3798 = CARTESIAN_POINT ( 'NONE',  ( 0.000000000000000000, 7.500000000000000000, 0.000000000000000000 ) ) ;
#3799 = CARTESIAN_POINT ( 'NONE',  ( 1.379999999999999671, 6.500000000000000000, -0.7729309367425445387 ) ) ;
#3800 = CYLINDRICAL_SURFACE ( 'NONE', #1272, 0.1000000000000001443 ) ;
#3801 = DIRECTION ( 'NONE',  ( 1.000000000000000000, 0.000000000000000000, 0.000000000000000000 ) ) ;
#3802 = ORIENTED_EDGE ( 'NONE', *, *, #4505, .F. ) ;
#3803 = VECTOR ( 'NONE', #3789, 1000.000000000000000 ) ;
#3804 = ORIENTED_EDGE ( 'NONE', *, *, #2402, .F. ) ;
#3805 = AXIS2_PLACEMENT_3D ( 'NONE', #4170, #3108, #1570 ) ;
#3806 = CARTESIAN_POINT ( 'NONE',  ( 9.368548013477250272E-16, 0.000000000000000000, 7.650000000000000355 ) ) ;
#3807 = DIRECTION ( 'NONE',  ( -1.000000000000000000, 0.000000000000000000, 0.000000000000000000 ) ) ;
#3808 = ADVANCED_FACE ( 'NONE', ( #645 ), #1434, .T. ) ;
#3809 = ORIENTED_EDGE ( 'NONE', *, *, #3574, .F. ) ;
#3810 = EDGE_LOOP ( 'NONE', ( #938, #1515, #249, #4554 ) ) ;
#3811 = DIRECTION ( 'NONE',  ( 0.000000000000000000, 0.000000000000000000, -1.000000000000000000 ) ) ;
#3812 = AXIS2_PLACEMENT_3D ( 'NONE', #708, #3375, #3300 ) ;
#3813 = PLANE ( 'NONE',  #1262 ) ;
#3814 = FACE_OUTER_BOUND ( 'NONE', #4827, .T. ) ;
#3815 = DIRECTION ( 'NONE',  ( 0.000000000000000000, 0.000000000000000000, 1.000000000000000000 ) ) ;
#3816 = VECTOR ( 'NONE', #2191, 1000.000000000000000 ) ;
#3817 = ORIENTED_EDGE ( 'NONE', *, *, #113, .F. ) ;
#3818 = EDGE_CURVE ( 'NONE', #2643, #3832, #1112, .T. ) ;
#3819 = ORIENTED_EDGE ( 'NONE', *, *, #4405, .F. ) ;
#3820 = CARTESIAN_POINT ( 'NONE',  ( -1.400000000000000577, 11.54484625457503100, -5.498426807238717906 ) ) ;
#3821 = CARTESIAN_POINT ( 'NONE',  ( 1.399999999999999689, 9.768344573749500270, -5.400000000000000355 ) ) ;
#3822 = CARTESIAN_POINT ( 'NONE',  ( 1.379999999999999671, 2.790441948979335951, -2.426471259982029505 ) ) ;
#3823 = CARTESIAN_POINT ( 'NONE',  ( 2.435362535369389292, 3.200000000000000178, -7.252000366886311333 ) ) ;
#3824 = ORIENTED_EDGE ( 'NONE', *, *, #1311, .T. ) ;
#3825 = CARTESIAN_POINT ( 'NONE',  ( 5.107491688851539813, 4.910000000000000142, 2.986171345291896095 ) ) ;
#3826 = VERTEX_POINT ( 'NONE', #2951 ) ;
#3827 = CARTESIAN_POINT ( 'NONE',  ( -2.986171345291948942, 4.950000000000000178, 5.107491688851508727 ) ) ;
#3828 = DIRECTION ( 'NONE',  ( 1.000000000000000000, 2.168404344971008252E-17, -8.673617379884035472E-17 ) ) ;
#3829 = DIRECTION ( 'NONE',  ( 0.7071067811865401342, 0.000000000000000000, 0.7071067811865550112 ) ) ;
#3830 = AXIS2_PLACEMENT_3D ( 'NONE', #4407, #1018, #2503 ) ;
#3831 = EDGE_CURVE ( 'NONE', #885, #4634, #4388, .T. ) ;
#3832 = VERTEX_POINT ( 'NONE', #3422 ) ;
#3833 = ORIENTED_EDGE ( 'NONE', *, *, #3325, .T. ) ;
#3834 = PLANE ( 'NONE',  #1449 ) ;
#3835 = VECTOR ( 'NONE', #1427, 1000.000000000000000 ) ;
#3836 = EDGE_CURVE ( 'NONE', #1550, #1612, #2973, .T. ) ;
#3837 = FACE_OUTER_BOUND ( 'NONE', #3250, .T. ) ;
#3838 = DIRECTION ( 'NONE',  ( 0.000000000000000000, 0.000000000000000000, -1.000000000000000000 ) ) ;
#3839 = EDGE_LOOP ( 'NONE', ( #4696, #4847, #2569, #2658, #417, #2015, #1984, #381 ) ) ;
#3840 = VERTEX_POINT ( 'NONE', #1825 ) ;
#3841 = CARTESIAN_POINT ( 'NONE',  ( -1.380000000000000115, 8.631655426250503638, 4.549999999999999822 ) ) ;
#3842 = CARTESIAN_POINT ( 'NONE',  ( -4.400384907665015000, 2.000000000000000444, 2.279064564105303337 ) ) ;
#3843 = CYLINDRICAL_SURFACE ( 'NONE', #3891, 0.02000000000000005246 ) ;
#3844 = DIRECTION ( 'NONE',  ( 0.000000000000000000, 0.7546055221635005195, -0.6561787149247915174 ) ) ;
#3845 = CARTESIAN_POINT ( 'NONE',  ( 3.371111840569788853, 1.616536647565485652, -6.867191002222497787 ) ) ;
#3846 = VERTEX_POINT ( 'NONE', #3043 ) ;
#3847 = DIRECTION ( 'NONE',  ( -0.000000000000000000, 1.000000000000000000, 0.000000000000000000 ) ) ;
#3848 = EDGE_CURVE ( 'NONE', #3229, #1612, #1712, .T. ) ;
#3849 = ORIENTED_EDGE ( 'NONE', *, *, #3508, .F. ) ;
#3850 = VERTEX_POINT ( 'NONE', #4 ) ;
#3851 = PLANE ( 'NONE',  #2149 ) ;
#3852 = DIRECTION ( 'NONE',  ( 0.000000000000000000, 1.000000000000000000, 0.000000000000000000 ) ) ;
#3853 = VECTOR ( 'NONE', #698, 1000.000000000000000 ) ;
#3854 = AXIS2_PLACEMENT_3D ( 'NONE', #2258, #389, #1886 ) ;
#3855 = DIRECTION ( 'NONE',  ( -5.122298795473439605E-17, -0.6561787149247870765, -0.7546055221635045163 ) ) ;
#3856 = ORIENTED_EDGE ( 'NONE', *, *, #1146, .F. ) ;
#3857 = ORIENTED_EDGE ( 'NONE', *, *, #3520, .F. ) ;
#3858 = DIRECTION ( 'NONE',  ( -1.000000000000000000, -2.168404344971008252E-17, -8.673617379884035472E-17 ) ) ;
#3859 = TOROIDAL_SURFACE ( 'NONE', #4096, 0.1699999999999999845, 0.02000000000000000042 ) ;
#3860 =( NAMED_UNIT ( * ) PLANE_ANGLE_UNIT ( ) SI_UNIT ( $, .RADIAN. ) );
#3861 = LINE ( 'NONE', #3165, #4693 ) ;
#3862 = EDGE_LOOP ( 'NONE', ( #2824, #4757, #319, #1898 ) ) ;
#3863 = EDGE_LOOP ( 'NONE', ( #4668, #2991, #1996, #3655 ) ) ;
#3864 = CARTESIAN_POINT ( 'NONE',  ( -1.379999999999999893, 8.744846254575030287, -4.451573192761281383 ) ) ;
#3865 = EDGE_CURVE ( 'NONE', #837, #998, #1401, .T. ) ;
#3866 = CARTESIAN_POINT ( 'NONE',  ( 1.379999999999999671, 12.37465984809580277, 1.879109974682634077 ) ) ;
#3867 = AXIS2_PLACEMENT_3D ( 'NONE', #1562, #4215, #2733 ) ;
#3868 = EDGE_CURVE ( 'NONE', #1662, #4252, #2647, .T. ) ;
#3869 = DIRECTION ( 'NONE',  ( 0.000000000000000000, -0.7546055221635206145, -0.6561787149247685358 ) ) ;
#3870 = CIRCLE ( 'NONE', #176, 7.650000000000000355 ) ;
#3871 = FACE_OUTER_BOUND ( 'NONE', #1344, .T. ) ;
#3872 = DIRECTION ( 'NONE',  ( 0.000000000000000000, -0.6561787149247684248, 0.7546055221635205035 ) ) ;
#3873 = ORIENTED_EDGE ( 'NONE', *, *, #3048, .F. ) ;
#3874 = EDGE_CURVE ( 'NONE', #1605, #2833, #1949, .T. ) ;
#3875 = CARTESIAN_POINT ( 'NONE',  ( -3.956290731841335173, 5.626078208432425676, -3.226782805549678113 ) ) ;
#3876 = APPLICATION_CONTEXT ( 'automotive_design' ) ;
#3877 = ORIENTED_EDGE ( 'NONE', *, *, #1306, .F. ) ;
#3878 = ORIENTED_EDGE ( 'NONE', *, *, #878, .T. ) ;
#3879 = AXIS2_PLACEMENT_3D ( 'NONE', #3911, #2746, #4254 ) ;
#3880 = EDGE_CURVE ( 'NONE', #1446, #4612, #539, .T. ) ;
#3881 = DIRECTION ( 'NONE',  ( 0.000000000000000000, 1.000000000000000000, 0.000000000000000000 ) ) ;
#3882 = CARTESIAN_POINT ( 'NONE',  ( -3.976120838953104641, 3.090000000000000746, 3.976120838953022041 ) ) ;
#3883 = CIRCLE ( 'NONE', #4195, 0.02000000000000005246 ) ;
#3884 = CARTESIAN_POINT ( 'NONE',  ( -5.036781010732915398, 4.909999999999999254, 2.915460667173190412 ) ) ;
#3885 = ORIENTED_EDGE ( 'NONE', *, *, #2687, .F. ) ;
#3886 = VERTEX_POINT ( 'NONE', #1484 ) ;
#3887 = CARTESIAN_POINT ( 'NONE',  ( 0.000000000000000000, 0.02972972972972967240, -0.1783783783783780552 ) ) ;
#3888 = CARTESIAN_POINT ( 'NONE',  ( -2.312024219028190775, 5.951057409446828039, -4.433344562587832272 ) ) ;
#3889 = CARTESIAN_POINT ( 'NONE',  ( 2.291287847478249429, 8.000000000000000000, 4.999999999999848121 ) ) ;
#3890 = ORIENTED_EDGE ( 'NONE', *, *, #1943, .T. ) ;
#3891 = AXIS2_PLACEMENT_3D ( 'NONE', #476, #1608, #3098 ) ;
#3892 = EDGE_LOOP ( 'NONE', ( #2347, #3062, #1245, #1658, #3424, #473, #907, #1641, #4657, #1783, #1853, #711, #1982, #770, #1027, #7 ) ) ;
#3893 = CARTESIAN_POINT ( 'NONE',  ( -7.296724953260062208, 3.200000000000000178, -2.297891415291845707 ) ) ;
#3894 = CARTESIAN_POINT ( 'NONE',  ( -1.380000000000000115, 11.43165542625050612, -5.530000000000000249 ) ) ;
#3895 = DIRECTION ( 'NONE',  ( -1.000000000000000000, -2.168404344971008252E-17, 8.673617379884035472E-17 ) ) ;
#3896 = AXIS2_PLACEMENT_3D ( 'NONE', #1041, #3646, #3270 ) ;
#3897 = DIRECTION ( 'NONE',  ( 0.000000000000000000, -1.000000000000000000, 0.000000000000000000 ) ) ;
#3898 =( LENGTH_UNIT ( ) NAMED_UNIT ( * ) SI_UNIT ( .MILLI., .METRE. ) );
#3899 = ORIENTED_EDGE ( 'NONE', *, *, #1251, .T. ) ;
#3900 = EDGE_CURVE ( 'NONE', #853, #3113, #1178, .T. ) ;
#3901 = CARTESIAN_POINT ( 'NONE',  ( 1.380839982702823265, 6.500000000000000000, 4.547699037355532603 ) ) ;
#3902 = CIRCLE ( 'NONE', #1778, 0.01999999999999999695 ) ;
#3903 = ORIENTED_EDGE ( 'NONE', *, *, #4794, .T. ) ;
#3904 = ORIENTED_EDGE ( 'NONE', *, *, #896, .F. ) ;
#3905 = B_SPLINE_CURVE_WITH_KNOTS ( 'NONE', 3,
 ( #3221, #4036, #328, #4723, #1749, #1042 ),
 .UNSPECIFIED., .F., .F.,
 ( 4, 2, 4 ),
 ( 0.000000000000000000, 0.0003953464452561771219, 0.0007906928905123542439 ),
 .UNSPECIFIED. ) ;
#3906 = FILL_AREA_STYLE_COLOUR ( '', #2856 ) ;
#3907 = DIRECTION ( 'NONE',  ( -1.000000000000000000, 0.000000000000000000, 0.000000000000000000 ) ) ;
#3908 = DIRECTION ( 'NONE',  ( -1.000000000000000000, -2.168404344971008252E-17, -8.673617379884035472E-17 ) ) ;
#3909 = VERTEX_POINT ( 'NONE', #1507 ) ;
#3910 = ORIENTED_EDGE ( 'NONE', *, *, #2531, .F. ) ;
#3911 = CARTESIAN_POINT ( 'NONE',  ( 1.379999999999999671, 11.43165542625050612, -5.400000000000000355 ) ) ;
#3912 = CARTESIAN_POINT ( 'NONE',  ( 1.399999999999999689, 6.500000000000000000, -4.549999999999999822 ) ) ;
#3913 = EDGE_CURVE ( 'NONE', #2581, #984, #2995, .T. ) ;
#3914 = ORIENTED_EDGE ( 'NONE', *, *, #4133, .F. ) ;
#3915 = DIRECTION ( 'NONE',  ( 0.000000000000000000, 0.000000000000000000, -1.000000000000000000 ) ) ;
#3916 = VECTOR ( 'NONE', #4553, 1000.000000000000000 ) ;
#3917 = LINE ( 'NONE', #2338, #4216 ) ;
#3918 = DIRECTION ( 'NONE',  ( -0.7071067811865477948, -0.000000000000000000, -0.7071067811865473507 ) ) ;
#3919 = DIRECTION ( 'NONE',  ( 0.000000000000000000, 0.000000000000000000, 1.000000000000000000 ) ) ;
#3920 = ORIENTED_EDGE ( 'NONE', *, *, #2240, .F. ) ;
#3921 = CARTESIAN_POINT ( 'NONE',  ( 0.000000000000000000, 7.500000000000000000, 0.000000000000000000 ) ) ;
#3922 = ADVANCED_FACE ( 'NONE', ( #1461 ), #1318, .T. ) ;
#3923 = EDGE_LOOP ( 'NONE', ( #2779, #4221, #1946, #3014 ) ) ;
#3924 = ORIENTED_EDGE ( 'NONE', *, *, #3596, .T. ) ;
#3925 = FACE_OUTER_BOUND ( 'NONE', #62, .T. ) ;
#3926 = EDGE_CURVE ( 'NONE', #4333, #392, #434, .T. ) ;
#3927 = EDGE_CURVE ( 'NONE', #4791, #837, #2649, .T. ) ;
#3928 = DIRECTION ( 'NONE',  ( 0.000000000000000000, -1.000000000000000000, 0.000000000000000000 ) ) ;
#3929 = DIRECTION ( 'NONE',  ( 0.000000000000000000, 0.000000000000000000, -1.000000000000000000 ) ) ;
#3930 = ORIENTED_EDGE ( 'NONE', *, *, #3041, .F. ) ;
#3931 = EDGE_CURVE ( 'NONE', #3215, #803, #308, .T. ) ;
#3932 = EDGE_LOOP ( 'NONE', ( #1274, #1852, #1094, #1961 ) ) ;
#3933 = CARTESIAN_POINT ( 'NONE',  ( -3.055710216370185250, 1.499999999999999112, -7.013830305757052130 ) ) ;
#3934 = CARTESIAN_POINT ( 'NONE',  ( -1.380000000000000115, 11.54484625457503100, 5.498426807238718794 ) ) ;
#3935 = DIRECTION ( 'NONE',  ( 0.000000000000000000, 0.000000000000000000, 1.000000000000000000 ) ) ;
#3936 = AXIS2_PLACEMENT_3D ( 'NONE', #1727, #2881, #4068 ) ;
#3937 = VECTOR ( 'NONE', #1954, 1000.000000000000114 ) ;
#3938 = ORIENTED_EDGE ( 'NONE', *, *, #634, .F. ) ;
#3939 = DIRECTION ( 'NONE',  ( 1.000000000000000000, 0.000000000000000000, 0.000000000000000000 ) ) ;
#3940 = DIRECTION ( 'NONE',  ( -0.000000000000000000, -1.000000000000000000, -0.000000000000000000 ) ) ;
#3941 = EDGE_CURVE ( 'NONE', #2872, #4612, #421, .T. ) ;
#3942 = APPLICATION_CONTEXT ( 'automotive_design' ) ;
#3943 = DIRECTION ( 'NONE',  ( 1.000000000000000000, 2.168404344971008252E-17, 8.673617379884035472E-17 ) ) ;
#3944 = PRODUCT_DEFINITION_SHAPE ( 'NONE', 'NONE',  #1278 ) ;
#3945 = ORIENTED_EDGE ( 'NONE', *, *, #3, .F. ) ;
#3946 = AXIS2_PLACEMENT_3D ( 'NONE', #2891, #2549, #2945 ) ;
#3947 = CARTESIAN_POINT ( 'NONE',  ( -1.380000000000000115, 8.631655426250503638, -4.400000000000000355 ) ) ;
#3948 = CIRCLE ( 'NONE', #1671, 0.02000000000000005246 ) ;
#3949 = EDGE_LOOP ( 'NONE', ( #3061, #479, #1179, #996 ) ) ;
#3950 = ORIENTED_EDGE ( 'NONE', *, *, #3868, .T. ) ;
#3951 = CARTESIAN_POINT ( 'NONE',  ( -5.107491688851539813, 3.090000000000000746, -2.986171345291896095 ) ) ;
#3952 = DIRECTION ( 'NONE',  ( 0.000000000000000000, 0.000000000000000000, 1.000000000000000000 ) ) ;
#3953 = EDGE_LOOP ( 'NONE', ( #1412, #2424, #1630, #3910 ) ) ;
#3954 = ORIENTED_EDGE ( 'NONE', *, *, #3513, .T. ) ;
#3955 = CARTESIAN_POINT ( 'NONE',  ( 0.000000000000000000, 2.775349838536065761, -2.413347685683533417 ) ) ;
#3956 = AXIS2_PLACEMENT_3D ( 'NONE', #1883, #1522, #2614 ) ;
#3957 = DIRECTION ( 'NONE',  ( 0.7071067811865475727, 0.000000000000000000, -0.7071067811865475727 ) ) ;
#3958 = DIRECTION ( 'NONE',  ( 0.000000000000000000, 0.000000000000000000, 1.000000000000000000 ) ) ;
#3959 = CIRCLE ( 'NONE', #4585, 0.1000000000000001443 ) ;
#3960 = ORIENTED_EDGE ( 'NONE', *, *, #236, .F. ) ;
#3961 = CARTESIAN_POINT ( 'NONE',  ( -1.380000000000000115, 8.631655426250501861, -4.400000000000000355 ) ) ;
#3962 = CARTESIAN_POINT ( 'NONE',  ( -2.279064564105349078, 6.000000000000000000, -4.400384907664990131 ) ) ;
#3963 = DIRECTION ( 'NONE',  ( 0.000000000000000000, 1.000000000000000000, -0.000000000000000000 ) ) ;
#3964 = LINE ( 'NONE', #3296, #379 ) ;
#3965 = ORIENTED_EDGE ( 'NONE', *, *, #3472, .F. ) ;
#3966 = EDGE_CURVE ( 'NONE', #4395, #3372, #3347, .T. ) ;
#3967 = DIRECTION ( 'NONE',  ( -1.000000000000000000, -0.000000000000000000, -0.000000000000000000 ) ) ;
#3968 = AXIS2_PLACEMENT_3D ( 'NONE', #2076, #2143, #4014 ) ;
#3969 = DIRECTION ( 'NONE',  ( 0.000000000000000000, 0.000000000000000000, 1.000000000000000000 ) ) ;
#3970 = EDGE_LOOP ( 'NONE', ( #195, #3994, #433, #310 ) ) ;
#3971 = VERTEX_POINT ( 'NONE', #4285 ) ;
#3972 = CARTESIAN_POINT ( 'NONE',  ( -1.379999999999999893, 12.37137186834969604, 1.898837853159277334 ) ) ;
#3973 = DIRECTION ( 'NONE',  ( -0.000000000000000000, 1.000000000000000000, -0.000000000000000000 ) ) ;
#3974 = AXIS2_PLACEMENT_3D ( 'NONE', #3473, #921, #945 ) ;
#3975 = ORIENTED_EDGE ( 'NONE', *, *, #2957, .T. ) ;
#3976 = ORIENTED_EDGE ( 'NONE', *, *, #2793, .F. ) ;
#3977 = CARTESIAN_POINT ( 'NONE',  ( -3.396937244278616319, 1.653668633940834631, 6.854452907495114822 ) ) ;
#3978 = CARTESIAN_POINT ( 'NONE',  ( -1.397319086605161687, 6.500000000000000000, -0.8267289123675667373 ) ) ;
#3979 = B_SPLINE_CURVE_WITH_KNOTS ( 'NONE', 3,
 ( #3893, #2780, #1654, #527, #498, #1606, #2360, #1999, #3500, #178 ),
 .UNSPECIFIED., .F., .F.,
 ( 4, 2, 2, 2, 4 ),
 ( 0.000000000000000000, 7.024607880191381085E-05, 0.0001404921576038276217, 0.0002809843152076559481, 0.0005619686304153131973 ),
 .UNSPECIFIED. ) ;
#3980 = EDGE_CURVE ( 'NONE', #4708, #3493, #2803, .T. ) ;
#3981 = LINE ( 'NONE', #2068, #4856 ) ;
#3982 = ORIENTED_EDGE ( 'NONE', *, *, #2274, .T. ) ;
#3983 = DIRECTION ( 'NONE',  ( 0.000000000000000000, 0.000000000000000000, -1.000000000000000000 ) ) ;
#3984 = EDGE_CURVE ( 'NONE', #1398, #4483, #3861, .T. ) ;
#3985 = CARTESIAN_POINT ( 'NONE',  ( 0.000000000000000000, 6.649999999999999467, 4.549999999999999822 ) ) ;
#3986 = DIRECTION ( 'NONE',  ( -0.8028956459037006610, 0.5961196035938418625, 0.000000000000000000 ) ) ;
#3987 = CARTESIAN_POINT ( 'NONE',  ( -1.379999999999999671, 12.50000000000000000, 1.196959198423996649E-16 ) ) ;
#3988 = VERTEX_POINT ( 'NONE', #2726 ) ;
#3989 = VECTOR ( 'NONE', #4706, 1000.000000000000000 ) ;
#3990 = ORIENTED_EDGE ( 'NONE', *, *, #3492, .T. ) ;
#3991 = LINE ( 'NONE', #2931, #4672 ) ;
#3992 = CARTESIAN_POINT ( 'NONE',  ( 1.399999999999999689, 12.48000000000000220, -2.027069063257456172 ) ) ;
#3993 = VECTOR ( 'NONE', #2087, 1000.000000000000114 ) ;
#3994 = ORIENTED_EDGE ( 'NONE', *, *, #3865, .F. ) ;
#3995 = EDGE_LOOP ( 'NONE', ( #3530, #4410, #1572, #2124 ) ) ;
#3996 = DIRECTION ( 'NONE',  ( -3.564834783817047766E-15, 0.9863939238321488556, 0.1643989873053274264 ) ) ;
#3997 = EDGE_CURVE ( 'NONE', #2414, #397, #2568, .T. ) ;
#3998 = CARTESIAN_POINT ( 'NONE',  ( -1.397319086605161909, 6.500000000000000000, -4.496202024374977846 ) ) ;
#3999 = EDGE_LOOP ( 'NONE', ( #255, #4381, #710, #3914 ) ) ;
#4000 = ORIENTED_EDGE ( 'NONE', *, *, #926, .T. ) ;
#4001 = CARTESIAN_POINT ( 'NONE',  ( -1.399999999999999911, 12.37137186834969604, 1.898837853159276889 ) ) ;
#4002 = CARTESIAN_POINT ( 'NONE',  ( -1.400000000000000133, 6.500000000000000000, 4.549999999999999822 ) ) ;
#4003 = CARTESIAN_POINT ( 'NONE',  ( 1.380279994234274055, 6.500000000000000000, -0.7736979242907003895 ) ) ;
#4004 = ORIENTED_EDGE ( 'NONE', *, *, #1495, .F. ) ;
#4005 = CARTESIAN_POINT ( 'NONE',  ( 2.571963978632909598, 8.000000000000000000, 7.204686064820227109 ) ) ;
#4006 = DIRECTION ( 'NONE',  ( 0.000000000000000000, 1.000000000000000000, -0.000000000000000000 ) ) ;
#4007 = PLANE ( 'NONE',  #3259 ) ;
#4008 = AXIS2_PLACEMENT_3D ( 'NONE', #4040, #4368, #2119 ) ;
#4009 = CYLINDRICAL_SURFACE ( 'NONE', #2887, 0.1499999999999999667 ) ;
#4010 = AXIS2_PLACEMENT_3D ( 'NONE', #1817, #3034, #1150 ) ;
#4011 = SHAPE_DEFINITION_REPRESENTATION ( #3944, #3218 ) ;
#4012 = ORIENTED_EDGE ( 'NONE', *, *, #278, .F. ) ;
#4013 = VERTEX_POINT ( 'NONE', #1227 ) ;
#4014 = DIRECTION ( 'NONE',  ( 0.000000000000000000, 0.1643989873053704753, 0.9863939238321415282 ) ) ;
#4015 = ADVANCED_FACE ( 'NONE', ( #2427 ), #1602, .T. ) ;
#4016 = TOROIDAL_SURFACE ( 'NONE', #4804, 0.1699999999999999845, 0.02000000000000000042 ) ;
#4017 = CARTESIAN_POINT ( 'NONE',  ( 1.399999999999999689, 9.670245855868246920, -5.485303232940223594 ) ) ;
#4018 = UNCERTAINTY_MEASURE_WITH_UNIT (LENGTH_MEASURE( 1.000000000000000082E-05 ), #3898, 'distance_accuracy_value', 'NONE');
#4019 = EDGE_CURVE ( 'NONE', #1617, #1446, #4647, .T. ) ;
#4020 = FACE_OUTER_BOUND ( 'NONE', #355, .T. ) ;
#4021 = EDGE_LOOP ( 'NONE', ( #1527, #925 ) ) ;
#4022 = ORIENTED_EDGE ( 'NONE', *, *, #634, .T. ) ;
#4023 = CARTESIAN_POINT ( 'NONE',  ( -7.199799341529544705, 3.046643593403177697, 2.586003223429774955 ) ) ;
#4024 = CARTESIAN_POINT ( 'NONE',  ( -1.380839982702823709, 6.500000000000000000, -4.547699037355532603 ) ) ;
#4025 = AXIS2_PLACEMENT_3D ( 'NONE', #4474, #270, #3263 ) ;
#4026 = EDGE_CURVE ( 'NONE', #2079, #74, #1995, .T. ) ;
#4027 = AXIS2_PLACEMENT_3D ( 'NONE', #1585, #1928, #4539 ) ;
#4028 = ORIENTED_EDGE ( 'NONE', *, *, #4516, .T. ) ;
#4029 = CARTESIAN_POINT ( 'NONE',  ( -1.399999999999999467, -3.035766082959410566E-17, 1.214306433183764720E-16 ) ) ;
#4030 = DIRECTION ( 'NONE',  ( -0.000000000000000000, 1.000000000000000000, -0.000000000000000000 ) ) ;
#4031 = ORIENTED_EDGE ( 'NONE', *, *, #778, .T. ) ;
#4032 = CARTESIAN_POINT ( 'NONE',  ( 4.500000000000000000, 7.500000000000000000, -2.179449471770337432 ) ) ;
#4033 = VECTOR ( 'NONE', #1867, 1000.000000000000000 ) ;
#4034 = LINE ( 'NONE', #3962, #166 ) ;
#4035 = DIRECTION ( 'NONE',  ( -5.122298795473439605E-17, -0.6561787149247869655, 0.7546055221635044052 ) ) ;
#4036 = CARTESIAN_POINT ( 'NONE',  ( -2.179449471770337432, 7.633700821002010528, -4.499999999999998224 ) ) ;
#4037 = ORIENTED_EDGE ( 'NONE', *, *, #2086, .T. ) ;
#4038 = AXIS2_PLACEMENT_3D ( 'NONE', #42, #437, #3083 ) ;
#4039 = ORIENTED_EDGE ( 'NONE', *, *, #4323, .T. ) ;
#4040 = CARTESIAN_POINT ( 'NONE',  ( 1.060660171779822525, 4.585121964646132860E-16, -1.060660171779822525 ) ) ;
#4041 = VECTOR ( 'NONE', #4115, 1000.000000000000000 ) ;
#4042 = CARTESIAN_POINT ( 'NONE',  ( 1.399999999999999689, 8.631655426250503638, -4.379999999999998117 ) ) ;
#4043 = EDGE_CURVE ( 'NONE', #837, #1501, #175, .T. ) ;
#4044 = CARTESIAN_POINT ( 'NONE',  ( -1.380000000000000115, 11.43165542625050435, 5.400000000000000355 ) ) ;
#4045 = VERTEX_POINT ( 'NONE', #4207 ) ;
#4046 = EDGE_LOOP ( 'NONE', ( #3685, #3029, #3261, #814 ) ) ;
#4047 = CIRCLE ( 'NONE', #3812, 0.1000000000000001443 ) ;
#4048 = CARTESIAN_POINT ( 'NONE',  ( -7.248827492908195502, 3.153668633940836852, 2.444832771519096060 ) ) ;
#4049 = ADVANCED_FACE ( 'NONE', ( #4234 ), #1577, .T. ) ;
#4050 = FACE_OUTER_BOUND ( 'NONE', #3863, .T. ) ;
#4051 = CARTESIAN_POINT ( 'NONE',  ( -1.380560112054759037, 6.500000000000000000, -4.548466070008426065 ) ) ;
#4052 = CIRCLE ( 'NONE', #4678, 0.1000000000000001443 ) ;
#4053 = VERTEX_POINT ( 'NONE', #2380 ) ;
#4054 = DIRECTION ( 'NONE',  ( 0.000000000000000000, 0.000000000000000000, 1.000000000000000000 ) ) ;
#4055 = B_SPLINE_CURVE_WITH_KNOTS ( 'NONE', 3,
 ( #1195, #1645, #2400, #1668, #3462, #3132, #538, #91, #1989, #168 ),
 .UNSPECIFIED., .F., .F.,
 ( 4, 2, 2, 2, 4 ),
 ( 0.000000000000000000, 7.024607880191202191E-05, 0.0001404921576038240438, 0.0002809843152076474913, 0.0005619686304152965006 ),
 .UNSPECIFIED. ) ;
#4056 = LINE ( 'NONE', #2520, #2996 ) ;
#4057 = VECTOR ( 'NONE', #4315, 1000.000000000000000 ) ;
#4058 = CARTESIAN_POINT ( 'NONE',  ( 1.399999999999999689, 9.768344573749500270, -5.530000000000000249 ) ) ;
#4059 = ORIENTED_EDGE ( 'NONE', *, *, #836, .T. ) ;
#4060 = DIRECTION ( 'NONE',  ( 0.000000000000000000, 1.000000000000000000, -0.000000000000000000 ) ) ;
#4061 = DIRECTION ( 'NONE',  ( -0.6936187941687648184, 0.000000000000000000, 0.7203422578024065714 ) ) ;
#4062 = CARTESIAN_POINT ( 'NONE',  ( 1.399999999999999689, 12.48000000000000220, 4.343903740188081564 ) ) ;
#4063 = EDGE_CURVE ( 'NONE', #4053, #861, #211, .T. ) ;
#4064 = DIRECTION ( 'NONE',  ( -0.7071067811865401342, -3.056747976430752282E-16, -0.7071067811865550112 ) ) ;
#4065 = DIRECTION ( 'NONE',  ( 0.000000000000000000, 0.000000000000000000, 1.000000000000000000 ) ) ;
#4066 = ORIENTED_EDGE ( 'NONE', *, *, #2747, .F. ) ;
#4067 = VERTEX_POINT ( 'NONE', #3889 ) ;
#4068 = DIRECTION ( 'NONE',  ( 0.000000000000000000, 0.000000000000000000, -1.000000000000000000 ) ) ;
#4069 = DIRECTION ( 'NONE',  ( -2.168404344971008252E-17, 1.000000000000000000, 0.000000000000000000 ) ) ;
#4070 = AXIS2_PLACEMENT_3D ( 'NONE', #2310, #4459, #2625 ) ;
#4071 = DIRECTION ( 'NONE',  ( 8.673617379884035472E-17, 1.880790961315659329E-33, -1.000000000000000000 ) ) ;
#4072 = EDGE_LOOP ( 'NONE', ( #67, #4372, #2790, #2173 ) ) ;
#4073 = ORIENTED_EDGE ( 'NONE', *, *, #1742, .T. ) ;
#4074 = PLANE ( 'NONE',  #1079 ) ;
#4075 = DIRECTION ( 'NONE',  ( 0.000000000000000000, 1.000000000000000000, 0.000000000000000000 ) ) ;
#4076 =( BOUNDED_CURVE ( )  B_SPLINE_CURVE ( 3, ( #802, #3377, #4582, #2342 ),
 .UNSPECIFIED., .F., .F. ) 
 B_SPLINE_CURVE_WITH_KNOTS ( ( 4, 4 ),
 ( 2.836899999574395981, 3.446285307605190251 ),
 .UNSPECIFIED. ) 
 CURVE ( )  GEOMETRIC_REPRESENTATION_ITEM ( )  RATIONAL_B_SPLINE_CURVE ( ( 1.000000000000000000, 0.9692928009446305504, 0.9692928009446305504, 1.000000000000000000 ) ) 
 REPRESENTATION_ITEM ( '' )  );
#4077 = VERTEX_POINT ( 'NONE', #941 ) ;
#4078 = DIRECTION ( 'NONE',  ( -3.564834783817704567E-17, 0.9863939238321438596, -0.1643989873053572914 ) ) ;
#4079 = EDGE_CURVE ( 'NONE', #1240, #2423, #2407, .T. ) ;
#4080 = DIRECTION ( 'NONE',  ( 0.000000000000000000, -0.7546055221635206145, -0.6561787149247685358 ) ) ;
#4081 = CARTESIAN_POINT ( 'NONE',  ( -4.046831517071719730, 0.000000000000000000, -4.046831517071717066 ) ) ;
#4082 = ADVANCED_FACE ( 'NONE', ( #545 ), #4575, .T. ) ;
#4083 = EDGE_LOOP ( 'NONE', ( #2033, #4387, #1130, #194 ) ) ;
#4084 = LINE ( 'NONE', #2283, #1205 ) ;
#4085 = DIRECTION ( 'NONE',  ( 0.7071067811865474617, 0.000000000000000000, -0.7071067811865474617 ) ) ;
#4086 = CARTESIAN_POINT ( 'NONE',  ( -4.433344562587856252, 2.048942590553170628, 2.312024219028144145 ) ) ;
#4087 = DIRECTION ( 'NONE',  ( 0.000000000000000000, 0.000000000000000000, -1.000000000000000000 ) ) ;
#4088 = ORIENTED_EDGE ( 'NONE', *, *, #2275, .F. ) ;
#4089 = EDGE_CURVE ( 'NONE', #4483, #1802, #1563, .T. ) ;
#4090 = ORIENTED_EDGE ( 'NONE', *, *, #2501, .F. ) ;
#4091 = CYLINDRICAL_SURFACE ( 'NONE', #3657, 7.650000000000000355 ) ;
#4092 = VECTOR ( 'NONE', #596, 1000.000000000000000 ) ;
#4093 = CIRCLE ( 'NONE', #4638, 0.1299999999999998934 ) ;
#4094 = CARTESIAN_POINT ( 'NONE',  ( 1.379999999999999671, 9.768344573749498494, 5.530000000000000249 ) ) ;
#4095 = ORIENTED_EDGE ( 'NONE', *, *, #953, .T. ) ;
#4096 = AXIS2_PLACEMENT_3D ( 'NONE', #107, #1284, #1684 ) ;
#4097 = DIRECTION ( 'NONE',  ( 8.673617379884035472E-17, 1.880790961315659329E-33, -1.000000000000000000 ) ) ;
#4098 = DIRECTION ( 'NONE',  ( 0.000000000000000000, 0.000000000000000000, 1.000000000000000000 ) ) ;
#4099 = CARTESIAN_POINT ( 'NONE',  ( 9.368548013477250272E-16, 6.500000000000000000, 7.650000000000000355 ) ) ;
#4100 = CIRCLE ( 'NONE', #491, 0.1499999999999999667 ) ;
#4101 = CIRCLE ( 'NONE', #736, 0.1499999999999999667 ) ;
#4102 =( NAMED_UNIT ( * ) PLANE_ANGLE_UNIT ( ) SI_UNIT ( $, .RADIAN. ) );
#4103 = CARTESIAN_POINT ( 'NONE',  ( -2.179449471770337432, 1.500000000000000444, -4.500000000000000000 ) ) ;
#4104 = TOROIDAL_SURFACE ( 'NONE', #891, 0.1699999999999999845, 0.02000000000000000042 ) ;
#4105 = EDGE_CURVE ( 'NONE', #4815, #3971, #1677, .T. ) ;
#4106 = VERTEX_POINT ( 'NONE', #1203 ) ;
#4107 = CARTESIAN_POINT ( 'NONE',  ( 0.000000000000000000, 3.000000000000000000, 0.000000000000000000 ) ) ;
#4108 = DIRECTION ( 'NONE',  ( -0.000000000000000000, 1.000000000000000000, -0.000000000000000000 ) ) ;
#4109 = EDGE_CURVE ( 'NONE', #3510, #3149, #855, .T. ) ;
#4110 = CARTESIAN_POINT ( 'NONE',  ( 2.179449471770337432, 7.499999999999998224, -4.500000000000000000 ) ) ;
#4111 = DIRECTION ( 'NONE',  ( 0.000000000000000000, 1.000000000000000000, 0.000000000000000000 ) ) ;
#4112 = ORIENTED_EDGE ( 'NONE', *, *, #1865, .F. ) ;
#4113 = AXIS2_PLACEMENT_3D ( 'NONE', #468, #3465, #3137 ) ;
#4114 = ORIENTED_EDGE ( 'NONE', *, *, #2892, .F. ) ;
#4115 = DIRECTION ( 'NONE',  ( 1.000000000000000000, -0.000000000000000000, -0.000000000000000000 ) ) ;
#4116 = CARTESIAN_POINT ( 'NONE',  ( -2.915460667173242815, 3.090000000000000746, -5.036781010732885200 ) ) ;
#4117 = AXIS2_PLACEMENT_3D ( 'NONE', #1910, #4635, #1268 ) ;
#4118 = EDGE_CURVE ( 'NONE', #1253, #554, #1241, .T. ) ;
#4119 = DIRECTION ( 'NONE',  ( 0.000000000000000000, 1.000000000000000000, 0.000000000000000000 ) ) ;
#4120 = ORIENTED_EDGE ( 'NONE', *, *, #2366, .T. ) ;
#4121 = DIRECTION ( 'NONE',  ( -0.7071067811865453523, 0.000000000000000000, -0.7071067811865497932 ) ) ;
#4122 = DIRECTION ( 'NONE',  ( -0.000000000000000000, 1.000000000000000000, 0.000000000000000000 ) ) ;
#4123 = ADVANCED_FACE ( 'NONE', ( #99 ), #4257, .T. ) ;
#4124 = VECTOR ( 'NONE', #3278, 1000.000000000000114 ) ;
#4125 = DIRECTION ( 'NONE',  ( 0.000000000000000000, 0.000000000000000000, 1.000000000000000000 ) ) ;
#4126 = AXIS2_PLACEMENT_3D ( 'NONE', #1331, #2431, #3550 ) ;
#4127 = CARTESIAN_POINT ( 'NONE',  ( -4.999999999999999112, 8.000000000000000000, 0.000000000000000000 ) ) ;
#4128 = DIRECTION ( 'NONE',  ( -0.000000000000000000, -0.6561787149247436668, -0.7546055221635421528 ) ) ;
#4129 = EDGE_LOOP ( 'NONE', ( #2169, #2334, #4160, #4218 ) ) ;
#4130 = PLANE ( 'NONE',  #2933 ) ;
#4131 = AXIS2_PLACEMENT_3D ( 'NONE', #528, #500, #4627 ) ;
#4132 = CARTESIAN_POINT ( 'NONE',  ( 1.399999999999999689, 6.622052172158088723, -0.9406179037940091137 ) ) ;
#4133 = EDGE_CURVE ( 'NONE', #1446, #14, #3981, .T. ) ;
#4134 = CARTESIAN_POINT ( 'NONE',  ( 4.027325123107952543, 4.978965517241379146, 4.027325123107949878 ) ) ;
#4135 = CARTESIAN_POINT ( 'NONE',  ( 1.379999999999999671, 8.759938365018300033, -4.438449618462786184 ) ) ;
#4136 = VERTEX_POINT ( 'NONE', #960 ) ;
#4137 = EDGE_CURVE ( 'NONE', #2098, #517, #3203, .T. ) ;
#4138 = VERTEX_POINT ( 'NONE', #2450 ) ;
#4139 = CARTESIAN_POINT ( 'NONE',  ( 0.000000000000000000, 8.631655426250503638, -4.400000000000000355 ) ) ;
#4140 = CARTESIAN_POINT ( 'NONE',  ( 1.380839982702823265, 6.500000000000000000, -4.547699037355532603 ) ) ;
#4141 = CARTESIAN_POINT ( 'NONE',  ( -1.400000000000000133, 12.44809871788125477, 4.429206973128303026 ) ) ;
#4142 = FACE_OUTER_BOUND ( 'NONE', #2493, .T. ) ;
#4143 = EDGE_LOOP ( 'NONE', ( #130, #1966, #2105, #1213 ) ) ;
#4144 = EDGE_CURVE ( 'NONE', #3397, #4409, #3569, .T. ) ;
#4145 = CARTESIAN_POINT ( 'NONE',  ( 2.932862173304877196, 3.000000000000000000, 7.066080920955845279 ) ) ;
#4146 = B_SPLINE_CURVE_WITH_KNOTS ( 'NONE', 3,
 ( #2339, #2707, #3771, #4140, #4239, #3475, #4214, #427, #4580, #2001 ),
 .UNSPECIFIED., .F., .F.,
 ( 4, 3, 3, 4 ),
 ( -2.449489749372115115E-06, 0.000000000000000000, 4.097538642259614431E-05, 8.049306843309046939E-05 ),
 .UNSPECIFIED. ) ;
#4147 = CIRCLE ( 'NONE', #3361, 0.02000000000000005246 ) ;
#4148 = EDGE_CURVE ( 'NONE', #3850, #3840, #936, .T. ) ;
#4149 = DIRECTION ( 'NONE',  ( 0.000000000000000000, 0.7546055221635206145, -0.6561787149247685358 ) ) ;
#4150 = SURFACE_SIDE_STYLE ('',( #3058 ) ) ;
#4151 = DIRECTION ( 'NONE',  ( 0.000000000000000000, 0.7546055221634990762, -0.6561787149247930717 ) ) ;
#4152 = ORIENTED_EDGE ( 'NONE', *, *, #2962, .T. ) ;
#4153 = B_SPLINE_CURVE_WITH_KNOTS ( 'NONE', 3,
 ( #2541, #4145, #1518, #1082, #341, #3285, #1839, #293, #2612, #738 ),
 .UNSPECIFIED., .F., .F.,
 ( 4, 2, 2, 2, 4 ),
 ( 4.336808689942017736E-19, 0.0002774483335560873907, 0.0004161725003341309776, 0.0004855345837231528523, 0.0005548966671121746729 ),
 .UNSPECIFIED. ) ;
#4154 = ORIENTED_EDGE ( 'NONE', *, *, #1923, .F. ) ;
#4155 = LINE ( 'NONE', #791, #3803 ) ;
#4156 = FACE_OUTER_BOUND ( 'NONE', #2074, .T. ) ;
#4157 = CARTESIAN_POINT ( 'NONE',  ( -4.433344562587855364, 1.500000000000000444, 2.312024219028143257 ) ) ;
#4158 = CARTESIAN_POINT ( 'NONE',  ( 1.380560112054757926, 6.500000000000000000, 0.7744648667341184067 ) ) ;
#4159 = ORIENTED_EDGE ( 'NONE', *, *, #147, .T. ) ;
#4160 = ORIENTED_EDGE ( 'NONE', *, *, #544, .F. ) ;
#4161 = LINE ( 'NONE', #797, #116 ) ;
#4162 = ADVANCED_FACE ( 'NONE', ( #4379, #2920 ), #4694, .F. ) ;
#4163 = DIRECTION ( 'NONE',  ( -1.000000000000000000, -0.000000000000000000, -0.000000000000000000 ) ) ;
#4164 = FACE_OUTER_BOUND ( 'NONE', #4583, .T. ) ;
#4165 = CARTESIAN_POINT ( 'NONE',  ( -2.571963978632912706, 3.200000000000000178, -7.204686064820227998 ) ) ;
#4166 = ORIENTED_EDGE ( 'NONE', *, *, #4717, .F. ) ;
#4167 = EDGE_CURVE ( 'NONE', #850, #2098, #971, .T. ) ;
#4168 = DIRECTION ( 'NONE',  ( 0.000000000000000000, 0.000000000000000000, 1.000000000000000000 ) ) ;
#4169 = VECTOR ( 'NONE', #1623, 1000.000000000000000 ) ;
#4170 = CARTESIAN_POINT ( 'NONE',  ( -1.380000000000000115, 11.43165542625050435, 5.530000000000000249 ) ) ;
#4171 = VECTOR ( 'NONE', #1333, 1000.000000000000000 ) ;
#4172 = CARTESIAN_POINT ( 'NONE',  ( 0.000000000000000000, 6.500000000000000000, 0.000000000000000000 ) ) ;
#4173 = CARTESIAN_POINT ( 'NONE',  ( -1.380000000000000338, 9.281463325509363926, -8.070837674355974656 ) ) ;
#4174 = ADVANCED_FACE ( 'NONE', ( #1063 ), #2848, .T. ) ;
#4175 = ORIENTED_EDGE ( 'NONE', *, *, #3031, .F. ) ;
#4176 =( GEOMETRIC_REPRESENTATION_CONTEXT ( 3 ) GLOBAL_UNCERTAINTY_ASSIGNED_CONTEXT ( ( #1024 ) ) GLOBAL_UNIT_ASSIGNED_CONTEXT ( ( #1104, #4102, #1171 ) ) REPRESENTATION_CONTEXT ( 'NONE', 'WORKASPACE' ) );
#4177 = ORIENTED_EDGE ( 'NONE', *, *, #1369, .F. ) ;
#4178 = CARTESIAN_POINT ( 'NONE',  ( -1.379999999999999671, 6.622052172158088723, 0.9406179037940091137 ) ) ;
#4179 = CARTESIAN_POINT ( 'NONE',  ( 1.399999999999999911, 9.655153745424975398, -5.498426807238719682 ) ) ;
#4180 = DIRECTION ( 'NONE',  ( -0.000000000000000000, 1.000000000000000000, -0.000000000000000000 ) ) ;
#4181 = VECTOR ( 'NONE', #16, 1000.000000000000114 ) ;
#4182 = DIRECTION ( 'NONE',  ( 2.168404344971008252E-17, -1.000000000000000000, -0.000000000000000000 ) ) ;
#4183 = AXIS2_PLACEMENT_3D ( 'NONE', #3213, #3957, #2066 ) ;
#4184 = VERTEX_POINT ( 'NONE', #1327 ) ;
#4185 = CARTESIAN_POINT ( 'NONE',  ( 2.312024219028202765, 1.500000000000000888, -4.433344562587824278 ) ) ;
#4186 = LINE ( 'NONE', #868, #2003 ) ;
#4187 = DIRECTION ( 'NONE',  ( 0.000000000000000000, 1.000000000000000000, -0.000000000000000000 ) ) ;
#4188 = CARTESIAN_POINT ( 'NONE',  ( 0.000000000000000000, 1.499999999999999556, 0.000000000000000000 ) ) ;
#4189 = LINE ( 'NONE', #3354, #1037 ) ;
#4190 = EDGE_LOOP ( 'NONE', ( #4090, #3903, #616, #2830 ) ) ;
#4191 = CIRCLE ( 'NONE', #506, 0.1499999999999999667 ) ;
#4192 = CARTESIAN_POINT ( 'NONE',  ( -4.843681451127849868, 3.000000000000000000, 4.843681451127852533 ) ) ;
#4193 = ADVANCED_FACE ( 'NONE', ( #199 ), #1700, .T. ) ;
#4194 = ORIENTED_EDGE ( 'NONE', *, *, #2536, .F. ) ;
#4195 = AXIS2_PLACEMENT_3D ( 'NONE', #4328, #1674, #2801 ) ;
#4196 = EDGE_CURVE ( 'NONE', #586, #4077, #1872, .T. ) ;
#4197 = CARTESIAN_POINT ( 'NONE',  ( 2.312024219028204541, 2.048942590553171517, -4.433344562587826054 ) ) ;
#4198 = VECTOR ( 'NONE', #376, 1000.000000000000000 ) ;
#4199 = DIRECTION ( 'NONE',  ( 0.000000000000000000, 0.000000000000000000, -1.000000000000000000 ) ) ;
#4200 = CARTESIAN_POINT ( 'NONE',  ( 1.379999999999999671, 12.34999999999999964, -2.027069063257456172 ) ) ;
#4201 = ORIENTED_EDGE ( 'NONE', *, *, #2034, .T. ) ;
#4202 = EDGE_LOOP ( 'NONE', ( #4000, #3741, #3625, #1020 ) ) ;
#4203 = FACE_OUTER_BOUND ( 'NONE', #3299, .T. ) ;
#4204 = AXIS2_PLACEMENT_3D ( 'NONE', #1023, #3353, #1466 ) ;
#4205 = DIRECTION ( 'NONE',  ( 0.000000000000000000, 0.000000000000000000, 1.000000000000000000 ) ) ;
#4206 = DIRECTION ( 'NONE',  ( -0.7071067811865475727, -3.056747976430751789E-16, 0.7071067811865475727 ) ) ;
#4207 = CARTESIAN_POINT ( 'NONE',  ( 5.087985294887772625, 4.978965517241379146, 2.966664951328128907 ) ) ;
#4208 = B_SPLINE_CURVE_WITH_KNOTS ( 'NONE', 3,
 ( #3502, #1561, #798, #1139, #779, #4511 ),
 .UNSPECIFIED., .F., .F.,
 ( 4, 2, 4 ),
 ( -6.928927488288763306E-06, 0.0003913249075196664263, 0.0007895787425276216184 ),
 .UNSPECIFIED. ) ;
#4209 = VERTEX_POINT ( 'NONE', #3290 ) ;
#4210 = VERTEX_POINT ( 'NONE', #3240 ) ;
#4211 = CARTESIAN_POINT ( 'NONE',  ( 7.261110302808396533, 3.063075121266646939, 2.408386976261426060 ) ) ;
#4212 = CARTESIAN_POINT ( 'NONE',  ( -1.379999999999999893, -2.992397996059991005E-17, 5.530000000000000249 ) ) ;
#4213 = ADVANCED_FACE ( 'NONE', ( #1036 ), #3265, .T. ) ;
#4214 = CARTESIAN_POINT ( 'NONE',  ( 1.393823247546297939, 6.500000000000000000, -4.508834952051935296 ) ) ;
#4215 = DIRECTION ( 'NONE',  ( 0.000000000000000000, 1.000000000000000000, -0.000000000000000000 ) ) ;
#4216 = VECTOR ( 'NONE', #2755, 1000.000000000000000 ) ;
#4217 = CARTESIAN_POINT ( 'NONE',  ( 3.396937244278622980, 1.653668633940834187, -6.854452907495114822 ) ) ;
#4218 = ORIENTED_EDGE ( 'NONE', *, *, #620, .F. ) ;
#4219 = LINE ( 'NONE', #41, #4340 ) ;
#4220 = ORIENTED_EDGE ( 'NONE', *, *, #2075, .F. ) ;
#4221 = ORIENTED_EDGE ( 'NONE', *, *, #3782, .T. ) ;
#4222 = CARTESIAN_POINT ( 'NONE',  ( -1.380000000000000115, 6.500000000000000000, 4.549999999999999822 ) ) ;
#4223 = DIRECTION ( 'NONE',  ( 0.000000000000000000, 0.000000000000000000, -1.000000000000000000 ) ) ;
#4224 = DIRECTION ( 'NONE',  ( 0.000000000000000000, -0.1643989873053572637, -0.9863939238321437486 ) ) ;
#4225 = AXIS2_PLACEMENT_3D ( 'NONE', #1359, #2192, #4798 ) ;
#4226 = EDGE_CURVE ( 'NONE', #2359, #375, #4332, .T. ) ;
#4227 = EDGE_LOOP ( 'NONE', ( #2451, #1708, #705, #3680, #1528, #3463 ) ) ;
#4228 = EDGE_CURVE ( 'NONE', #1612, #451, #4427, .T. ) ;
#4229 = ORIENTED_EDGE ( 'NONE', *, *, #4794, .F. ) ;
#4230 = FACE_OUTER_BOUND ( 'NONE', #906, .T. ) ;
#4231 = AXIS2_PLACEMENT_3D ( 'NONE', #4401, #2893, #3640 ) ;
#4232 = CARTESIAN_POINT ( 'NONE',  ( 0.000000000000000000, 8.000000000000000000, -4.999999999999999112 ) ) ;
#4233 = EDGE_CURVE ( 'NONE', #4307, #3850, #667, .T. ) ;
#4234 = FACE_OUTER_BOUND ( 'NONE', #3304, .T. ) ;
#4235 = ORIENTED_EDGE ( 'NONE', *, *, #1146, .T. ) ;
#4236 = ORIENTED_EDGE ( 'NONE', *, *, #4631, .T. ) ;
#4237 = CARTESIAN_POINT ( 'NONE',  ( 4.500000000000000000, 7.499999999999998224, -2.179449471770337432 ) ) ;
#4238 = CARTESIAN_POINT ( 'NONE',  ( -2.291287847478249429, 8.000000000000000000, 4.999999999999999112 ) ) ;
#4239 = CARTESIAN_POINT ( 'NONE',  ( 1.385521695682326193, 6.500000000000000000, -4.534868014339770603 ) ) ;
#4240 = LINE ( 'NONE', #871, #3394 ) ;
#4241 = FACE_OUTER_BOUND ( 'NONE', #838, .T. ) ;
#4242 = EDGE_LOOP ( 'NONE', ( #2916, #1394, #600, #1418, #2468, #4059 ) ) ;
#4243 = EDGE_CURVE ( 'NONE', #4684, #2651, #567, .T. ) ;
#4244 = CARTESIAN_POINT ( 'NONE',  ( 1.399999999999999689, 12.44809871788125477, -4.429206973128303026 ) ) ;
#4245 = ORIENTED_EDGE ( 'NONE', *, *, #1293, .T. ) ;
#4246 = ORIENTED_EDGE ( 'NONE', *, *, #1597, .F. ) ;
#4247 = LINE ( 'NONE', #3827, #1604 ) ;
#4248 = DIRECTION ( 'NONE',  ( -8.673617379884035472E-17, -1.880790961315659329E-33, -1.000000000000000000 ) ) ;
#4249 = CIRCLE ( 'NONE', #3306, 0.1000000000000001443 ) ;
#4250 = AXIS2_PLACEMENT_3D ( 'NONE', #4081, #3342, #3387 ) ;
#4251 = CARTESIAN_POINT ( 'NONE',  ( 3.405877273185280885, 1.499999999999999556, 6.850000000000000533 ) ) ;
#4252 = VERTEX_POINT ( 'NONE', #2967 ) ;
#4253 = ORIENTED_EDGE ( 'NONE', *, *, #265, .F. ) ;
#4254 = DIRECTION ( 'NONE',  ( 0.000000000000000000, -2.312964634635743213E-14, -1.000000000000000000 ) ) ;
#4255 = CIRCLE ( 'NONE', #2435, 0.1299999999999998934 ) ;
#4256 = DIRECTION ( 'NONE',  ( 0.000000000000000000, 0.000000000000000000, 1.000000000000000000 ) ) ;
#4257 = PLANE ( 'NONE',  #3604 ) ;
#4258 = ORIENTED_EDGE ( 'NONE', *, *, #3122, .T. ) ;
#4259 = VERTEX_POINT ( 'NONE', #3365 ) ;
#4260 = FACE_OUTER_BOUND ( 'NONE', #1653, .T. ) ;
#4261 = CYLINDRICAL_SURFACE ( 'NONE', #2715, 0.02000000000000005246 ) ;
#4262 = CIRCLE ( 'NONE', #93, 7.650000000000000355 ) ;
#4263 = CARTESIAN_POINT ( 'NONE',  ( -1.380000000000000115, 8.631655426250503638, -4.549999999999998934 ) ) ;
#4264 = VECTOR ( 'NONE', #1035, 1000.000000000000114 ) ;
#4265 = LINE ( 'NONE', #3100, #1909 ) ;
#4266 = DIRECTION ( 'NONE',  ( 0.000000000000000000, -0.1643989873053704753, -0.9863939238321415282 ) ) ;
#4267 = VERTEX_POINT ( 'NONE', #346 ) ;
#4268 = AXIS2_PLACEMENT_3D ( 'NONE', #4614, #2037, #3184 ) ;
#4269 = CYLINDRICAL_SURFACE ( 'NONE', #2296, 0.02000000000000005246 ) ;
#4270 = EDGE_CURVE ( 'NONE', #554, #4595, #2341, .T. ) ;
#4271 = UNCERTAINTY_MEASURE_WITH_UNIT (LENGTH_MEASURE( 1.000000000000000082E-05 ), #2465, 'distance_accuracy_value', 'NONE');
#4272 = ORIENTED_EDGE ( 'NONE', *, *, #755, .F. ) ;
#4273 = ORIENTED_EDGE ( 'NONE', *, *, #4323, .F. ) ;
#4274 = CIRCLE ( 'NONE', #3007, 0.1700000000000000122 ) ;
#4275 = DIRECTION ( 'NONE',  ( 0.6936187941687647074, 0.000000000000000000, -0.7203422578024065714 ) ) ;
#4276 = EDGE_CURVE ( 'NONE', #3432, #3052, #2278, .T. ) ;
#4277 = DIRECTION ( 'NONE',  ( 1.000000000000000000, 0.000000000000000000, 0.000000000000000000 ) ) ;
#4278 = AXIS2_PLACEMENT_3D ( 'NONE', #2348, #2690, #2740 ) ;
#4279 = LINE ( 'NONE', #2350, #1034 ) ;
#4280 = ORIENTED_EDGE ( 'NONE', *, *, #3478, .F. ) ;
#4281 = ORIENTED_EDGE ( 'NONE', *, *, #71, .F. ) ;
#4282 = FACE_OUTER_BOUND ( 'NONE', #1361, .T. ) ;
#4283 = AXIS2_PLACEMENT_3D ( 'NONE', #4626, #2754, #1255 ) ;
#4284 = DIRECTION ( 'NONE',  ( 0.7071067811865453523, -5.273559366969487158E-17, 0.7071067811865497932 ) ) ;
#4285 = CARTESIAN_POINT ( 'NONE',  ( -1.400000000000000133, 8.631655426250503638, 4.379999999999999893 ) ) ;
#4286 = CIRCLE ( 'NONE', #2156, 7.650000000000000355 ) ;
#4287 = ORIENTED_EDGE ( 'NONE', *, *, #1543, .F. ) ;
#4288 = CARTESIAN_POINT ( 'NONE',  ( 0.000000000000000000, 1.699999999999999734, 7.049999999999999822 ) ) ;
#4289 = ADVANCED_FACE ( 'NONE', ( #3413 ), #4475, .F. ) ;
#4290 = CARTESIAN_POINT ( 'NONE',  ( 0.000000000000000000, 0.000000000000000000, -7.650000000000000355 ) ) ;
#4291 = DIRECTION ( 'NONE',  ( 1.000000000000000000, 0.000000000000000000, 0.000000000000000000 ) ) ;
#4292 = AXIS2_PLACEMENT_3D ( 'NONE', #2757, #3943, #2455 ) ;
#4293 = CARTESIAN_POINT ( 'NONE',  ( 3.956290731841335173, 5.626078208432425676, 3.226782805549678113 ) ) ;
#4294 = EDGE_CURVE ( 'NONE', #3117, #957, #2573, .T. ) ;
#4295 = CARTESIAN_POINT ( 'NONE',  ( -1.380000000000000115, 8.759938365018300033, -4.438449618462786184 ) ) ;
#4296 = EDGE_LOOP ( 'NONE', ( #3176, #937, #3480, #24 ) ) ;
#4297 = EDGE_CURVE ( 'NONE', #1501, #4259, #3059, .T. ) ;
#4298 = CARTESIAN_POINT ( 'NONE',  ( 0.000000000000000000, 0.000000000000000000, 0.000000000000000000 ) ) ;
#4299 = ADVANCED_FACE ( 'NONE', ( #1128 ), #4547, .T. ) ;
#4300 = ORIENTED_EDGE ( 'NONE', *, *, #3338, .T. ) ;
#4301 = ORIENTED_EDGE ( 'NONE', *, *, #3080, .F. ) ;
#4302 = CARTESIAN_POINT ( 'NONE',  ( 1.399999999999999689, 12.48000000000000043, -4.343903740188082452 ) ) ;
#4303 = CARTESIAN_POINT ( 'NONE',  ( -2.262975846493129772, 8.000000000000000000, 4.870299948342232454 ) ) ;
#4304 = DIRECTION ( 'NONE',  ( 0.000000000000000000, -0.9863939238321438596, 0.1643989873053572914 ) ) ;
#4305 = EDGE_LOOP ( 'NONE', ( #4281, #2376, #2381, #2154 ) ) ;
#4306 = EDGE_CURVE ( 'NONE', #2319, #930, #723, .T. ) ;
#4307 = VERTEX_POINT ( 'NONE', #4058 ) ;
#4308 = LINE ( 'NONE', #2065, #2938 ) ;
#4309 = CARTESIAN_POINT ( 'NONE',  ( -1.380000000000000115, 8.631655426250503638, 4.379999999999999893 ) ) ;
#4310 = VECTOR ( 'NONE', #352, 1000.000000000000000 ) ;
#4311 = CARTESIAN_POINT ( 'NONE',  ( -4.433344562587855364, 5.951057409446828927, 2.312024219028143701 ) ) ;
#4312 = VERTEX_POINT ( 'NONE', #3714 ) ;
#4313 = FACE_OUTER_BOUND ( 'NONE', #2218, .T. ) ;
#4314 = AXIS2_PLACEMENT_3D ( 'NONE', #3191, #2822, #299 ) ;
#4315 = DIRECTION ( 'NONE',  ( -1.000000000000000000, -0.000000000000000000, -0.000000000000000000 ) ) ;
#4316 = DIRECTION ( 'NONE',  ( 0.000000000000000000, 0.000000000000000000, 1.000000000000000000 ) ) ;
#4317 = ORIENTED_EDGE ( 'NONE', *, *, #3381, .T. ) ;
#4318 = CARTESIAN_POINT ( 'NONE',  ( 1.393823247546297939, 6.500000000000000000, 4.508834952051935296 ) ) ;
#4319 = ADVANCED_FACE ( 'NONE', ( #2617 ), #695, .F. ) ;
#4320 = VERTEX_POINT ( 'NONE', #3315 ) ;
#4321 = ORIENTED_EDGE ( 'NONE', *, *, #4026, .F. ) ;
#4322 = DIRECTION ( 'NONE',  ( 0.000000000000000000, 0.000000000000000000, 1.000000000000000000 ) ) ;
#4323 = EDGE_CURVE ( 'NONE', #2437, #1404, #246, .T. ) ;
#4324 = B_SPLINE_CURVE_WITH_KNOTS ( 'NONE', 3,
 ( #4376, #3212, #1299, #1374, #587, #1738, #2820, #3977, #565, #2518 ),
 .UNSPECIFIED., .F., .F.,
 ( 4, 2, 2, 2, 4 ),
 ( 0.000000000000000000, 0.0002774483335560879328, 0.0004161725003341318449, 0.0004855345837231531234, 0.0005548966671121744560 ),
 .UNSPECIFIED. ) ;
#4325 = CYLINDRICAL_SURFACE ( 'NONE', #4570, 0.1499999999999999667 ) ;
#4326 = ORIENTED_EDGE ( 'NONE', *, *, #3607, .F. ) ;
#4327 = ORIENTED_EDGE ( 'NONE', *, *, #1973, .T. ) ;
#4328 = CARTESIAN_POINT ( 'NONE',  ( -1.379999999999999893, 12.48000000000000220, 2.027069063257455728 ) ) ;
#4329 = VECTOR ( 'NONE', #4415, 1000.000000000000000 ) ;
#4330 = FACE_OUTER_BOUND ( 'NONE', #92, .T. ) ;
#4331 = EDGE_CURVE ( 'NONE', #4483, #2045, #3780, .T. ) ;
#4332 = LINE ( 'NONE', #4742, #2185 ) ;
#4333 = VERTEX_POINT ( 'NONE', #1844 ) ;
#4334 = DIRECTION ( 'NONE',  ( 1.000000000000000000, 2.168404344971008252E-17, -8.673617379884035472E-17 ) ) ;
#4335 = LINE ( 'NONE', #2477, #4487 ) ;
#4336 = DIRECTION ( 'NONE',  ( -0.7071067811865477948, 0.000000000000000000, -0.7071067811865473507 ) ) ;
#4337 = DIRECTION ( 'NONE',  ( -0.000000000000000000, -0.000000000000000000, 1.000000000000000000 ) ) ;
#4338 =( NAMED_UNIT ( * ) PLANE_ANGLE_UNIT ( ) SI_UNIT ( $, .RADIAN. ) );
#4339 = VERTEX_POINT ( 'NONE', #768 ) ;
#4340 = VECTOR ( 'NONE', #85, 1000.000000000000000 ) ;
#4341 = CIRCLE ( 'NONE', #4809, 0.1299999999999998934 ) ;
#4342 = CARTESIAN_POINT ( 'NONE',  ( 4.433344562587833160, 5.951057409446828039, 2.312024219028188554 ) ) ;
#4343 = VECTOR ( 'NONE', #3208, 1000.000000000000000 ) ;
#4344 = ORIENTED_EDGE ( 'NONE', *, *, #3357, .T. ) ;
#4345 = VECTOR ( 'NONE', #448, 1000.000000000000114 ) ;
#4346 = ORIENTED_EDGE ( 'NONE', *, *, #88, .F. ) ;
#4347 = DIRECTION ( 'NONE',  ( 1.000000000000000000, 0.000000000000000000, 0.000000000000000000 ) ) ;
#4348 = ADVANCED_FACE ( 'NONE', ( #2946 ), #414, .F. ) ;
#4349 = CARTESIAN_POINT ( 'NONE',  ( 1.379999999999999671, 6.649999999999999467, -4.549999999999999822 ) ) ;
#4350 = ADVANCED_FACE ( 'NONE', ( #4453 ), #1913, .F. ) ;
#4351 = AXIS2_PLACEMENT_3D ( 'NONE', #4107, #4060, #2237 ) ;
#4352 = ORIENTED_EDGE ( 'NONE', *, *, #2274, .F. ) ;
#4353 = VERTEX_POINT ( 'NONE', #1864 ) ;
#4354 = PLANE ( 'NONE',  #1841 ) ;
#4355 = SHAPE_REPRESENTATION ( 'Snap Fit Female V2', ( #3783 ), #3385 ) ;
#4356 = AXIS2_PLACEMENT_3D ( 'NONE', #3972, #3996, #3182 ) ;
#4357 = DIRECTION ( 'NONE',  ( 0.000000000000000000, 1.000000000000000000, -0.000000000000000000 ) ) ;
#4358 = CLOSED_SHELL ( 'NONE', ( #1831, #1669, #2224, #4162, #4557, #441, #1807, #1586, #4789, #1247, #942, #903, #4174, #458, #1048, #2332, #3633, #426, #4560, #4193, #1621, #1081, #1155, #3535, #844, #533, #483, #3392, #2129, #1676, #2478, #1524, #2176, #689, #1773, #3104, #4123, #4350, #668, #4707, #648, #806, #1162, #3762, #1232, #2195, #1710, #2373, #4367, #1011, #2426, #3688, #1432, #2385, #4319, #2628, #1348, #3383, #3260, #1582, #2998 ) ) ;
#4359 = ORIENTED_EDGE ( 'NONE', *, *, #3457, .F. ) ;
#4360 = DIRECTION ( 'NONE',  ( 1.000000000000000000, 0.000000000000000000, 0.000000000000000000 ) ) ;
#4361 = CYLINDRICAL_SURFACE ( 'NONE', #4566, 7.650000000000000355 ) ;
#4362 = CARTESIAN_POINT ( 'NONE',  ( -1.380000000000000338, 9.281463325509363926, 8.070837674355974656 ) ) ;
#4363 = CIRCLE ( 'NONE', #2235, 0.1700000000000000122 ) ;
#4364 = AXIS2_PLACEMENT_3D ( 'NONE', #1900, #1209, #55 ) ;
#4365 =( NAMED_UNIT ( * ) SI_UNIT ( $, .STERADIAN. ) SOLID_ANGLE_UNIT ( ) );
#4366 = ORIENTED_EDGE ( 'NONE', *, *, #271, .F. ) ;
#4367 = ADVANCED_FACE ( 'NONE', ( #4840 ), #21, .T. ) ;
#4368 = DIRECTION ( 'NONE',  ( -0.7071067811865475727, -3.056747976430751296E-16, 0.7071067811865475727 ) ) ;
#4369 = AXIS2_PLACEMENT_3D ( 'NONE', #105, #1926, #870 ) ;
#4370 = CARTESIAN_POINT ( 'NONE',  ( 1.379999999999999671, 0.000000000000000000, -4.379999999999999893 ) ) ;
#4371 = ORIENTED_EDGE ( 'NONE', *, *, #2299, .F. ) ;
#4372 = ORIENTED_EDGE ( 'NONE', *, *, #61, .F. ) ;
#4373 = CARTESIAN_POINT ( 'NONE',  ( -2.179449471770337432, 1.500000000000000444, -4.500000000000000000 ) ) ;
#4374 = ORIENTED_EDGE ( 'NONE', *, *, #138, .F. ) ;
#4375 = ORIENTED_EDGE ( 'NONE', *, *, #3112, .F. ) ;
#4376 = CARTESIAN_POINT ( 'NONE',  ( -2.969848480983500405, 1.499999999999999556, 7.049999999999999822 ) ) ;
#4377 = LINE ( 'NONE', #4002, #3787 ) ;
#4378 = ADVANCED_FACE ( 'NONE', ( #2642 ), #43, .F. ) ;
#4379 = FACE_OUTER_BOUND ( 'NONE', #647, .T. ) ;
#4380 = EDGE_CURVE ( 'NONE', #3469, #1119, #4093, .T. ) ;
#4381 = ORIENTED_EDGE ( 'NONE', *, *, #3941, .F. ) ;
#4382 = CARTESIAN_POINT ( 'NONE',  ( 1.399999999999999689, 9.768344573749498494, 5.400000000000000355 ) ) ;
#4383 = CARTESIAN_POINT ( 'NONE',  ( 7.239573367979934559, 3.116536647565487428, -2.472101282769616493 ) ) ;
#4384 = EDGE_CURVE ( 'NONE', #4077, #3188, #121, .T. ) ;
#4385 = LINE ( 'NONE', #2213, #3423 ) ;
#4386 = CARTESIAN_POINT ( 'NONE',  ( -1.400000000000000133, 8.759938365018300033, -4.438449618462786184 ) ) ;
#4387 = ORIENTED_EDGE ( 'NONE', *, *, #4144, .F. ) ;
#4388 = CIRCLE ( 'NONE', #145, 0.1299999999999998934 ) ;
#4389 = ORIENTED_EDGE ( 'NONE', *, *, #1141, .T. ) ;
#4390 = CARTESIAN_POINT ( 'NONE',  ( 3.405877273185284881, 6.500000000000000000, -6.849999999999998757 ) ) ;
#4391 = CARTESIAN_POINT ( 'NONE',  ( -1.400000000000000133, 12.34999999999999964, -4.343903740188082452 ) ) ;
#4392 = ADVANCED_FACE ( 'NONE', ( #2694 ), #1221, .T. ) ;
#4393 = CARTESIAN_POINT ( 'NONE',  ( 4.027325123107964089, 3.021034482758620410, -4.027325123107938332 ) ) ;
#4394 = ORIENTED_EDGE ( 'NONE', *, *, #4228, .F. ) ;
#4395 = VERTEX_POINT ( 'NONE', #3110 ) ;
#4396 = CARTESIAN_POINT ( 'NONE',  ( -2.915460667173294773, 4.909999999999999254, 5.036781010732853225 ) ) ;
#4397 = CARTESIAN_POINT ( 'NONE',  ( 1.379999999999999671, 8.759938365018300033, 4.438449618462787072 ) ) ;
#4398 = ORIENTED_EDGE ( 'NONE', *, *, #1358, .F. ) ;
#4399 = CARTESIAN_POINT ( 'NONE',  ( 0.000000000000000000, 1.499999999999999556, -6.849999999999998757 ) ) ;
#4400 = FACE_OUTER_BOUND ( 'NONE', #1947, .T. ) ;
#4401 = CARTESIAN_POINT ( 'NONE',  ( 0.000000000000000000, 7.500000000000000000, 4.999999999999999112 ) ) ;
#4402 = EDGE_LOOP ( 'NONE', ( #4712, #108 ) ) ;
#4403 = DIRECTION ( 'NONE',  ( 1.000000000000000000, 0.000000000000000000, 0.000000000000000000 ) ) ;
#4404 = DIRECTION ( 'NONE',  ( 1.000000000000000000, -0.000000000000000000, -0.000000000000000000 ) ) ;
#4405 = EDGE_CURVE ( 'NONE', #1223, #1612, #2983, .T. ) ;
#4406 = CYLINDRICAL_SURFACE ( 'NONE', #2626, 0.5000000000000004441 ) ;
#4407 = CARTESIAN_POINT ( 'NONE',  ( 0.000000000000000000, 5.000000000000000888, 0.000000000000000000 ) ) ;
#4408 = VECTOR ( 'NONE', #683, 1000.000000000000000 ) ;
#4409 = VERTEX_POINT ( 'NONE', #812 ) ;
#4410 = ORIENTED_EDGE ( 'NONE', *, *, #2151, .T. ) ;
#4411 = DIRECTION ( 'NONE',  ( -0.7071067811865474617, 0.000000000000000000, -0.7071067811865474617 ) ) ;
#4412 = PRODUCT_DEFINITION_FORMATION_WITH_SPECIFIED_SOURCE ( 'ANY', '', #607, .NOT_KNOWN. ) ;
#4413 = CARTESIAN_POINT ( 'NONE',  ( -1.399999999999999689, 6.500000000000000000, -0.8529309367425446098 ) ) ;
#4414 = UNCERTAINTY_MEASURE_WITH_UNIT (LENGTH_MEASURE( 1.000000000000000082E-05 ), #3222, 'distance_accuracy_value', 'NONE');
#4415 = DIRECTION ( 'NONE',  ( -8.673617379884035472E-17, -0.000000000000000000, -1.000000000000000000 ) ) ;
#4416 = ORIENTED_EDGE ( 'NONE', *, *, #1002, .T. ) ;
#4417 = ORIENTED_EDGE ( 'NONE', *, *, #2187, .F. ) ;
#4418 = AXIS2_PLACEMENT_3D ( 'NONE', #321, #3639, #4080 ) ;
#4419 = CYLINDRICAL_SURFACE ( 'NONE', #3507, 7.650000000000000355 ) ;
#4420 = LINE ( 'NONE', #3754, #3152 ) ;
#4421 = DIRECTION ( 'NONE',  ( 0.000000000000000000, 0.000000000000000000, -1.000000000000000000 ) ) ;
#4422 = AXIS2_PLACEMENT_3D ( 'NONE', #2331, #3445, #773 ) ;
#4423 = EDGE_CURVE ( 'NONE', #853, #3179, #555, .T. ) ;
#4424 = ORIENTED_EDGE ( 'NONE', *, *, #4493, .F. ) ;
#4425 = DIRECTION ( 'NONE',  ( 1.000000000000000000, 0.000000000000000000, -0.000000000000000000 ) ) ;
#4426 = CARTESIAN_POINT ( 'NONE',  ( -1.399999999999999689, 6.500000000000000000, -0.8529309367425446098 ) ) ;
#4427 = LINE ( 'NONE', #1402, #462 ) ;
#4428 = ORIENTED_EDGE ( 'NONE', *, *, #2687, .T. ) ;
#4429 = CARTESIAN_POINT ( 'NONE',  ( 0.000000000000000000, 9.296555435952635449, 8.083961248654471632 ) ) ;
#4430 = TOROIDAL_SURFACE ( 'NONE', #1686, 0.1299999999999999767, 0.02000000000000000042 ) ;
#4431 = CARTESIAN_POINT ( 'NONE',  ( -1.400000000000000133, 11.43165542625050435, 5.400000000000000355 ) ) ;
#4432 = CARTESIAN_POINT ( 'NONE',  ( 1.379999999999999671, 12.34999999999999964, 2.027069063257455728 ) ) ;
#4433 = DIRECTION ( 'NONE',  ( 0.000000000000000000, 1.000000000000000000, -0.000000000000000000 ) ) ;
#4434 = DIRECTION ( 'NONE',  ( 1.000000000000000000, 0.000000000000000000, 0.000000000000000000 ) ) ;
#4435 = ORIENTED_EDGE ( 'NONE', *, *, #1337, .T. ) ;
#4436 = VECTOR ( 'NONE', #4816, 1000.000000000000000 ) ;
#4437 = ADVANCED_FACE ( 'NONE', ( #1595 ), #1960, .T. ) ;
#4438 = ORIENTED_EDGE ( 'NONE', *, *, #898, .T. ) ;
#4439 = DIRECTION ( 'NONE',  ( 0.000000000000000000, -0.6561787149247862994, 0.7546055221635049604 ) ) ;
#4440 = CARTESIAN_POINT ( 'NONE',  ( 1.379999999999999671, 12.34999999999999964, 2.027069063257455728 ) ) ;
#4441 = CARTESIAN_POINT ( 'NONE',  ( 1.399999999999999689, 12.37137186834969604, 1.898837853159276889 ) ) ;
#4442 = ORIENTED_EDGE ( 'NONE', *, *, #141, .F. ) ;
#4443 = EDGE_CURVE ( 'NONE', #392, #2872, #2669, .T. ) ;
#4444 = ORIENTED_EDGE ( 'NONE', *, *, #3997, .T. ) ;
#4445 = EDGE_CURVE ( 'NONE', #2819, #2675, #1891, .T. ) ;
#4446 = CIRCLE ( 'NONE', #1539, 0.1000000000000001443 ) ;
#4447 = CARTESIAN_POINT ( 'NONE',  ( 2.179449471770337432, 7.500000000000000000, 4.500000000000000000 ) ) ;
#4448 = DIRECTION ( 'NONE',  ( 0.6936187941687647074, 0.000000000000000000, -0.7203422578024065714 ) ) ;
#4449 = EDGE_CURVE ( 'NONE', #3496, #4339, #3621, .T. ) ;
#4450 = VERTEX_POINT ( 'NONE', #3438 ) ;
#4451 = DIRECTION ( 'NONE',  ( 0.000000000000000000, 1.000000000000000000, -0.000000000000000000 ) ) ;
#4452 = DIRECTION ( 'NONE',  ( 0.000000000000000000, 0.000000000000000000, 1.000000000000000000 ) ) ;
#4453 = FACE_OUTER_BOUND ( 'NONE', #4623, .T. ) ;
#4454 = EDGE_CURVE ( 'NONE', #2860, #715, #2720, .T. ) ;
#4455 = ORIENTED_EDGE ( 'NONE', *, *, #3874, .T. ) ;
#4456 = CARTESIAN_POINT ( 'NONE',  ( -2.966664951328131128, 4.978965517241379146, -5.087985294887771737 ) ) ;
#4457 = FACE_OUTER_BOUND ( 'NONE', #1962, .T. ) ;
#4458 = DIRECTION ( 'NONE',  ( -0.7071067811865474617, 0.000000000000000000, -0.7071067811865474617 ) ) ;
#4459 = DIRECTION ( 'NONE',  ( 1.000000000000000000, 0.000000000000000000, 0.000000000000000000 ) ) ;
#4460 = APPLICATION_PROTOCOL_DEFINITION ( 'draft international standard', 'automotive_design', 1998, #1823 ) ;
#4461 = ORIENTED_EDGE ( 'NONE', *, *, #3659, .F. ) ;
#4462 = ORIENTED_EDGE ( 'NONE', *, *, #138, .T. ) ;
#4463 = CARTESIAN_POINT ( 'NONE',  ( -1.380839982702823709, 6.500000000000000000, 4.547699037355532603 ) ) ;
#4464 = LINE ( 'NONE', #2171, #1462 ) ;
#4465 = VECTOR ( 'NONE', #235, 1000.000000000000114 ) ;
#4466 = CARTESIAN_POINT ( 'NONE',  ( 0.000000000000000000, 1.500000000000000444, 0.000000000000000000 ) ) ;
#4467 = ORIENTED_EDGE ( 'NONE', *, *, #1505, .F. ) ;
#4468 = CARTESIAN_POINT ( 'NONE',  ( 1.399999999999999689, 6.500000000000000000, -4.400000000000000355 ) ) ;
#4469 = VECTOR ( 'NONE', #2595, 1000.000000000000000 ) ;
#4470 = LINE ( 'NONE', #1100, #1590 ) ;
#4471 = EDGE_CURVE ( 'NONE', #3909, #2437, #4279, .T. ) ;
#4472 = EDGE_CURVE ( 'NONE', #3690, #268, #402, .T. ) ;
#4473 = LINE ( 'NONE', #1102, #2382 ) ;
#4474 = CARTESIAN_POINT ( 'NONE',  ( -1.380000000000000115, 12.34999999999999964, -4.343903740188082452 ) ) ;
#4475 = CYLINDRICAL_SURFACE ( 'NONE', #3546, 0.1499999999999999667 ) ;
#4476 = VERTEX_POINT ( 'NONE', #516 ) ;
#4477 = FACE_OUTER_BOUND ( 'NONE', #1197, .T. ) ;
#4478 = CARTESIAN_POINT ( 'NONE',  ( 0.000000000000000000, 12.50000000000000000, -4.343903740188082452 ) ) ;
#4479 = EDGE_CURVE ( 'NONE', #1158, #3188, #3060, .T. ) ;
#4480 = DIRECTION ( 'NONE',  ( 0.000000000000000000, 0.000000000000000000, -1.000000000000000000 ) ) ;
#4481 = CARTESIAN_POINT ( 'NONE',  ( -1.380000000000000115, 6.649999999999999467, 4.549999999999999822 ) ) ;
#4482 = ORIENTED_EDGE ( 'NONE', *, *, #2279, .F. ) ;
#4483 = VERTEX_POINT ( 'NONE', #4568 ) ;
#4484 = DIRECTION ( 'NONE',  ( -1.000000000000000000, -0.000000000000000000, -0.000000000000000000 ) ) ;
#4485 = EDGE_CURVE ( 'NONE', #4595, #3572, #2125, .T. ) ;
#4486 = CARTESIAN_POINT ( 'NONE',  ( 1.379999999999999671, 8.631655426250503638, -4.400000000000000355 ) ) ;
#4487 = VECTOR ( 'NONE', #3618, 1000.000000000000114 ) ;
#4488 = AXIS2_PLACEMENT_3D ( 'NONE', #719, #1549, #787 ) ;
#4489 = LINE ( 'NONE', #1142, #406 ) ;
#4490 = ORIENTED_EDGE ( 'NONE', *, *, #3080, .T. ) ;
#4491 = LINE ( 'NONE', #1122, #2953 ) ;
#4492 = CARTESIAN_POINT ( 'NONE',  ( -1.399999999999999911, 12.48000000000000220, -2.027069063257456172 ) ) ;
#4493 = EDGE_CURVE ( 'NONE', #2860, #624, #4055, .T. ) ;
#4494 = DIRECTION ( 'NONE',  ( -0.7071067811865475727, -3.056747976430751789E-16, 0.7071067811865475727 ) ) ;
#4495 = AXIS2_PLACEMENT_3D ( 'NONE', #1609, #477, #3026 ) ;
#4496 = STYLED_ITEM ( 'NONE', ( #3115 ), #2637 ) ;
#4497 = CARTESIAN_POINT ( 'NONE',  ( 0.000000000000000000, 12.50000000000000000, 0.000000000000000000 ) ) ;
#4498 = EDGE_CURVE ( 'NONE', #375, #586, #3678, .T. ) ;
#4499 = CARTESIAN_POINT ( 'NONE',  ( 1.379999999999999671, 6.649999999999999467, 4.379999999999999893 ) ) ;
#4500 = TOROIDAL_SURFACE ( 'NONE', #1747, 0.1699999999999999845, 0.02000000000000000042 ) ;
#4501 = ORIENTED_EDGE ( 'NONE', *, *, #3415, .T. ) ;
#4502 = CARTESIAN_POINT ( 'NONE',  ( -1.399999999999999911, 6.649999999999999467, -4.549999999999999822 ) ) ;
#4503 = DIRECTION ( 'NONE',  ( -1.000000000000000000, -0.000000000000000000, -0.000000000000000000 ) ) ;
#4504 = LINE ( 'NONE', #4157, #3482 ) ;
#4505 = EDGE_CURVE ( 'NONE', #4259, #1290, #2910, .T. ) ;
#4506 = DIRECTION ( 'NONE',  ( 1.000000000000000000, 0.000000000000000000, 0.000000000000000000 ) ) ;
#4507 = ORIENTED_EDGE ( 'NONE', *, *, #836, .F. ) ;
#4508 = CIRCLE ( 'NONE', #1525, 0.02000000000000003511 ) ;
#4509 = ORIENTED_EDGE ( 'NONE', *, *, #1824, .T. ) ;
#4510 = CARTESIAN_POINT ( 'NONE',  ( -1.399999999999999911, 6.500000000000000000, 4.483107698211994396 ) ) ;
#4511 = CARTESIAN_POINT ( 'NONE',  ( 4.500000000000000000, 7.499999999999998224, -2.179449471770337432 ) ) ;
#4512 = LINE ( 'NONE', #690, #1277 ) ;
#4513 = AXIS2_PLACEMENT_3D ( 'NONE', #2287, #296, #4054 ) ;
#4514 = CARTESIAN_POINT ( 'NONE',  ( -2.312024219028192551, 2.048942590553173293, -4.433344562587834048 ) ) ;
#4515 = VERTEX_POINT ( 'NONE', #1834 ) ;
#4516 = EDGE_CURVE ( 'NONE', #1285, #4312, #3186, .T. ) ;
#4517 = CIRCLE ( 'NONE', #2615, 5.000000000000000000 ) ;
#4518 = CARTESIAN_POINT ( 'NONE',  ( -1.379999999999999893, 12.37137186834969604, -1.898837853159276667 ) ) ;
#4519 = CARTESIAN_POINT ( 'NONE',  ( -2.435362535369392845, 3.000000000000000000, 7.252000366886310445 ) ) ;
#4520 = VECTOR ( 'NONE', #1538, 1000.000000000000000 ) ;
#4521 = DIRECTION ( 'NONE',  ( 0.6936187941687647074, 0.000000000000000000, -0.7203422578024066825 ) ) ;
#4522 = AXIS2_PLACEMENT_3D ( 'NONE', #4362, #1656, #993 ) ;
#4523 = FACE_BOUND ( 'NONE', #3839, .T. ) ;
#4524 = DIRECTION ( 'NONE',  ( 0.8028956459037004390, 0.5961196035938423066, 0.000000000000000000 ) ) ;
#4525 = ORIENTED_EDGE ( 'NONE', *, *, #4449, .T. ) ;
#4526 = ORIENTED_EDGE ( 'NONE', *, *, #4472, .F. ) ;
#4527 = CARTESIAN_POINT ( 'NONE',  ( 2.291287847478249429, 8.000000000000000000, 4.999999999999848121 ) ) ;
#4528 =( GEOMETRIC_REPRESENTATION_CONTEXT ( 3 ) GLOBAL_UNCERTAINTY_ASSIGNED_CONTEXT ( ( #4271 ) ) GLOBAL_UNIT_ASSIGNED_CONTEXT ( ( #2465, #1368, #3207 ) ) REPRESENTATION_CONTEXT ( 'NONE', 'WORKASPACE' ) );
#4529 = CYLINDRICAL_SURFACE ( 'NONE', #2511, 0.2000000000000002331 ) ;
#4530 = DIRECTION ( 'NONE',  ( 1.000000000000000000, 0.000000000000000000, 0.000000000000000000 ) ) ;
#4531 = EDGE_CURVE ( 'NONE', #4612, #243, #638, .T. ) ;
#4532 = CARTESIAN_POINT ( 'NONE',  ( 1.385521695682327525, 6.500000000000000000, 0.7880629224027729807 ) ) ;
#4533 = SHAPE_DEFINITION_REPRESENTATION ( #693, #720 ) ;
#4534 = ORIENTED_EDGE ( 'NONE', *, *, #2665, .T. ) ;
#4535 = CARTESIAN_POINT ( 'NONE',  ( 1.379999999999999671, 6.625340151904196340, 0.9208900253173660788 ) ) ;
#4536 = CARTESIAN_POINT ( 'NONE',  ( 2.444718554847592706, 3.153845617810561830, -7.248866152423288689 ) ) ;
#4537 = ADVANCED_FACE ( 'NONE', ( #3303 ), #2585, .T. ) ;
#4538 = CARTESIAN_POINT ( 'NONE',  ( 0.000000000000000000, 1.500000000000000444, 4.500000000000000000 ) ) ;
#4539 = DIRECTION ( 'NONE',  ( 0.000000000000000000, 0.000000000000000000, 1.000000000000000000 ) ) ;
#4540 = LINE ( 'NONE', #2657, #3937 ) ;
#4541 = ORIENTED_EDGE ( 'NONE', *, *, #4019, .F. ) ;
#4542 = DIRECTION ( 'NONE',  ( 3.564834783817703950E-17, -0.9863939238321437486, -0.1643989873053572637 ) ) ;
#4543 = EDGE_CURVE ( 'NONE', #282, #2346, #4666, .T. ) ;
#4544 = VECTOR ( 'NONE', #4182, 1000.000000000000000 ) ;
#4545 = DIRECTION ( 'NONE',  ( 0.000000000000000000, 1.000000000000000000, 0.000000000000000000 ) ) ;
#4546 = SURFACE_STYLE_USAGE ( .BOTH. , #4150 ) ;
#4547 = PLANE ( 'NONE',  #4488 ) ;
#4548 = EDGE_LOOP ( 'NONE', ( #288, #4435, #2565, #2494 ) ) ;
#4549 = VERTEX_POINT ( 'NONE', #336 ) ;
#4550 = DIRECTION ( 'NONE',  ( 0.000000000000000000, 0.000000000000000000, -1.000000000000000000 ) ) ;
#4551 = FACE_OUTER_BOUND ( 'NONE', #1556, .T. ) ;
#4552 = CARTESIAN_POINT ( 'NONE',  ( -1.379999999999999893, 12.34999999999999964, -2.027069063257456172 ) ) ;
#4553 = DIRECTION ( 'NONE',  ( 1.000000000000000000, 0.000000000000000000, 0.000000000000000000 ) ) ;
#4554 = ORIENTED_EDGE ( 'NONE', *, *, #3199, .F. ) ;
#4555 = LINE ( 'NONE', #4185, #669 ) ;
#4556 = CARTESIAN_POINT ( 'NONE',  ( -1.380000000000000115, 6.500000000000000000, 4.549999999999999822 ) ) ;
#4557 = ADVANCED_FACE ( 'NONE', ( #2958, #2935 ), #2817, .F. ) ;
#4558 = CARTESIAN_POINT ( 'NONE',  ( 0.000000000000000000, 0.000000000000000000, -4.400000000000000355 ) ) ;
#4559 = LINE ( 'NONE', #3453, #3076 ) ;
#4560 = ADVANCED_FACE ( 'NONE', ( #4779 ), #2422, .T. ) ;
#4561 = LINE ( 'NONE', #1929, #3310 ) ;
#4562 = ORIENTED_EDGE ( 'NONE', *, *, #2344, .F. ) ;
#4563 = AXIS2_PLACEMENT_3D ( 'NONE', #465, #3908, #489 ) ;
#4564 = CARTESIAN_POINT ( 'NONE',  ( 1.379999999999999671, 12.50000000000000000, 4.343903740188081564 ) ) ;
#4565 = ORIENTED_EDGE ( 'NONE', *, *, #4498, .T. ) ;
#4566 = AXIS2_PLACEMENT_3D ( 'NONE', #2500, #1330, #619 ) ;
#4567 = AXIS2_PLACEMENT_3D ( 'NONE', #380, #2681, #2710 ) ;
#4568 = CARTESIAN_POINT ( 'NONE',  ( -1.400000000000000133, 11.52975414413175947, -5.485303232940223594 ) ) ;
#4569 = EDGE_CURVE ( 'NONE', #1007, #733, #1025, .T. ) ;
#4570 = AXIS2_PLACEMENT_3D ( 'NONE', #2081, #3907, #3952 ) ;
#4571 = ORIENTED_EDGE ( 'NONE', *, *, #2255, .T. ) ;
#4572 = CARTESIAN_POINT ( 'NONE',  ( 0.000000000000000000, 8.000000000000000000, 0.000000000000000000 ) ) ;
#4573 = DIRECTION ( 'NONE',  ( -1.000000000000000000, 0.000000000000000000, 0.000000000000000000 ) ) ;
#4574 = CARTESIAN_POINT ( 'NONE',  ( -2.312024219028234295, 1.500000000000000888, 4.433344562587807403 ) ) ;
#4575 = CYLINDRICAL_SURFACE ( 'NONE', #2811, 0.1499999999999999667 ) ;
#4576 = AXIS2_PLACEMENT_3D ( 'NONE', #1177, #1576, #97 ) ;
#4577 = ORIENTED_EDGE ( 'NONE', *, *, #718, .T. ) ;
#4578 = DIRECTION ( 'NONE',  ( 0.000000000000000000, -1.000000000000000000, 0.000000000000000000 ) ) ;
#4579 = DIRECTION ( 'NONE',  ( -0.000000000000000000, -1.000000000000000000, -0.000000000000000000 ) ) ;
#4580 = CARTESIAN_POINT ( 'NONE',  ( 1.399999999999999689, 6.500000000000000000, -4.483107698211994396 ) ) ;
#4581 = FACE_OUTER_BOUND ( 'NONE', #472, .T. ) ;
#4582 = CARTESIAN_POINT ( 'NONE',  ( 3.226782805549693212, 5.626078208432424788, -3.956290731841324959 ) ) ;
#4583 = EDGE_LOOP ( 'NONE', ( #1835, #4801, #4736, #4066 ) ) ;
#4584 = TOROIDAL_SURFACE ( 'NONE', #3486, 5.500000000000000000, 0.5000000000000000000 ) ;
#4585 = AXIS2_PLACEMENT_3D ( 'NONE', #692, #4494, #343 ) ;
#4586 = DIRECTION ( 'NONE',  ( 0.7071067811865477948, 0.000000000000000000, 0.7071067811865473507 ) ) ;
#4587 = EDGE_CURVE ( 'NONE', #263, #4549, #2432, .T. ) ;
#4588 = ADVANCED_FACE ( 'NONE', ( #4020 ), #1805, .F. ) ;
#4589 = ORIENTED_EDGE ( 'NONE', *, *, #2843, .T. ) ;
#4590 = CARTESIAN_POINT ( 'NONE',  ( 1.379999999999999671, 9.768344573749500270, -5.400000000000000355 ) ) ;
#4591 = EDGE_CURVE ( 'NONE', #2738, #1605, #287, .T. ) ;
#4592 = VECTOR ( 'NONE', #2604, 1000.000000000000114 ) ;
#4593 = CARTESIAN_POINT ( 'NONE',  ( 2.312024219028190775, 5.951057409446828039, 4.433344562587832272 ) ) ;
#4594 = DIRECTION ( 'NONE',  ( 1.000000000000000000, 0.000000000000000000, 0.000000000000000000 ) ) ;
#4595 = VERTEX_POINT ( 'NONE', #3280 ) ;
#4596 = ORIENTED_EDGE ( 'NONE', *, *, #3509, .F. ) ;
#4597 = DIRECTION ( 'NONE',  ( 0.7071067811865403563, -1.082467449009526616E-16, 0.7071067811865547892 ) ) ;
#4598 = CIRCLE ( 'NONE', #2467, 0.01999999999999996225 ) ;
#4599 = LINE ( 'NONE', #1226, #1049 ) ;
#4600 = EDGE_CURVE ( 'NONE', #3349, #1958, #1416, .T. ) ;
#4601 = CARTESIAN_POINT ( 'NONE',  ( 0.000000000000000000, 12.37465984809580277, 1.879109974682634077 ) ) ;
#4602 = EDGE_LOOP ( 'NONE', ( #237, #153, #2196, #3484 ) ) ;
#4603 = EDGE_LOOP ( 'NONE', ( #3044, #867, #2110, #490 ) ) ;
#4604 = CARTESIAN_POINT ( 'NONE',  ( -1.380000000000000115, 8.631655426250503638, -4.379999999999998117 ) ) ;
#4605 = CARTESIAN_POINT ( 'NONE',  ( 5.036781010732892305, 3.089999999999999858, -2.915460667173224607 ) ) ;
#4606 = DIRECTION ( 'NONE',  ( 1.000000000000000000, 0.000000000000000000, 0.000000000000000000 ) ) ;
#4607 = DIRECTION ( 'NONE',  ( 0.000000000000000000, 0.000000000000000000, -1.000000000000000000 ) ) ;
#4608 = DIRECTION ( 'NONE',  ( 0.000000000000000000, -0.7546055221635206145, -0.6561787149247685358 ) ) ;
#4609 = ORIENTED_EDGE ( 'NONE', *, *, #3275, .T. ) ;
#4610 = CARTESIAN_POINT ( 'NONE',  ( 1.399999999999999689, 6.649999999999999467, -4.379999999999999893 ) ) ;
#4611 = VERTEX_POINT ( 'NONE', #1051 ) ;
#4612 = VERTEX_POINT ( 'NONE', #4441 ) ;
#4613 = DIRECTION ( 'NONE',  ( -0.7071067811865476838, 0.000000000000000000, 0.7071067811865474617 ) ) ;
#4614 = CARTESIAN_POINT ( 'NONE',  ( 0.000000000000000000, 12.34999999999999964, 4.343903740188081564 ) ) ;
#4615 = DIRECTION ( 'NONE',  ( 0.000000000000000000, 0.000000000000000000, -1.000000000000000000 ) ) ;
#4616 = AXIS2_PLACEMENT_3D ( 'NONE', #2876, #4064, #622 ) ;
#4617 = ORIENTED_EDGE ( 'NONE', *, *, #1478, .F. ) ;
#4618 = EDGE_LOOP ( 'NONE', ( #2947, #524, #314, #776, #3725, #1933 ) ) ;
#4619 = DIRECTION ( 'NONE',  ( 1.000000000000000000, 2.168404344971008252E-17, 8.673617379884035472E-17 ) ) ;
#4620 = CARTESIAN_POINT ( 'NONE',  ( 1.379999999999999671, 0.000000000000000000, 4.379999999999999893 ) ) ;
#4621 = B_SPLINE_CURVE_WITH_KNOTS ( 'NONE', 3,
 ( #2939, #384, #1099, #4023, #2513, #2610, #1080, #4048, #2566, #2587 ),
 .UNSPECIFIED., .F., .F.,
 ( 4, 2, 2, 2, 4 ),
 ( 4.336808689942017736E-19, 0.0002774483335560877159, 0.0004161725003341313570, 0.0004855345837231531776, 0.0005548966671121749981 ),
 .UNSPECIFIED. ) ;
#4622 = CARTESIAN_POINT ( 'NONE',  ( 0.000000000000000000, 9.768344573749500270, -5.400000000000000355 ) ) ;
#4623 = EDGE_LOOP ( 'NONE', ( #534, #1198, #1969, #3505 ) ) ;
#4624 = ADVANCED_FACE ( 'NONE', ( #2172 ), #2205, .T. ) ;
#4625 = ORIENTED_EDGE ( 'NONE', *, *, #32, .T. ) ;
#4626 = CARTESIAN_POINT ( 'NONE',  ( 0.000000000000000000, 0.000000000000000000, -5.549999999999999822 ) ) ;
#4627 = DIRECTION ( 'NONE',  ( -0.7071067811865496822, 0.000000000000000000, 0.7071067811865453523 ) ) ;
#4628 = CARTESIAN_POINT ( 'NONE',  ( 1.399999999999999689, 11.43165542625050612, -5.400000000000000355 ) ) ;
#4629 = DIRECTION ( 'NONE',  ( 0.000000000000000000, 0.000000000000000000, -1.000000000000000000 ) ) ;
#4630 = ORIENTED_EDGE ( 'NONE', *, *, #2040, .F. ) ;
#4631 = EDGE_CURVE ( 'NONE', #444, #3493, #1076, .T. ) ;
#4632 = CARTESIAN_POINT ( 'NONE',  ( -2.571963978632910930, 3.176175380897987566, -7.204686064820229774 ) ) ;
#4633 = ORIENTED_EDGE ( 'NONE', *, *, #2048, .T. ) ;
#4634 = VERTEX_POINT ( 'NONE', #2200 ) ;
#4635 = DIRECTION ( 'NONE',  ( 0.000000000000000000, 1.000000000000000000, 0.000000000000000000 ) ) ;
#4636 = FACE_OUTER_BOUND ( 'NONE', #1915, .T. ) ;
#4637 = CIRCLE ( 'NONE', #3382, 0.09999999999999983902 ) ;
#4638 = AXIS2_PLACEMENT_3D ( 'NONE', #1571, #4594, #2663 ) ;
#4639 = CARTESIAN_POINT ( 'NONE',  ( 1.399999999999999689, 6.649999999999999467, 0.7729309367425446498 ) ) ;
#4640 = EDGE_CURVE ( 'NONE', #1083, #115, #3702, .T. ) ;
#4641 = EDGE_LOOP ( 'NONE', ( #2321, #2800, #4732, #3650 ) ) ;
#4642 = ORIENTED_EDGE ( 'NONE', *, *, #2986, .F. ) ;
#4643 = CARTESIAN_POINT ( 'NONE',  ( -1.400000000000000133, 6.500000000000000000, 0.8529309367425446098 ) ) ;
#4644 = VECTOR ( 'NONE', #1186, 1000.000000000000000 ) ;
#4645 = EDGE_CURVE ( 'NONE', #1573, #4595, #4561, .T. ) ;
#4646 = CARTESIAN_POINT ( 'NONE',  ( 0.000000000000000000, 6.500000000000000000, -0.7729309367425445387 ) ) ;
#4647 = LINE ( 'NONE', #4601, #3364 ) ;
#4648 = EDGE_CURVE ( 'NONE', #3229, #3136, #4255, .T. ) ;
#4649 = ORIENTED_EDGE ( 'NONE', *, *, #660, .T. ) ;
#4650 = CARTESIAN_POINT ( 'NONE',  ( 1.379999999999999671, 9.768344573749498494, 5.549999999999999822 ) ) ;
#4651 = CARTESIAN_POINT ( 'NONE',  ( -2.435362535369392845, 3.200000000000000178, 7.252000366886310445 ) ) ;
#4652 = EDGE_CURVE ( 'NONE', #1328, #2883, #4189, .T. ) ;
#4653 = DIRECTION ( 'NONE',  ( -0.000000000000000000, -1.000000000000000000, -0.000000000000000000 ) ) ;
#4654 = CIRCLE ( 'NONE', #3946, 0.1499999999999999667 ) ;
#4655 = DIRECTION ( 'NONE',  ( -0.7071067811865474617, 0.000000000000000000, -0.7071067811865474617 ) ) ;
#4656 = CARTESIAN_POINT ( 'NONE',  ( 2.312024219028203653, 5.951057409446828039, -4.433344562587824278 ) ) ;
#4657 = ORIENTED_EDGE ( 'NONE', *, *, #4543, .F. ) ;
#4658 = FACE_OUTER_BOUND ( 'NONE', #2487, .T. ) ;
#4659 = EDGE_CURVE ( 'NONE', #4267, #238, #827, .T. ) ;
#4660 = ORIENTED_EDGE ( 'NONE', *, *, #3451, .F. ) ;
#4661 = EDGE_LOOP ( 'NONE', ( #1921, #4832, #3904, #576 ) ) ;
#4662 = TOROIDAL_SURFACE ( 'NONE', #423, 5.500000000000000000, 0.5000000000000000000 ) ;
#4663 = CARTESIAN_POINT ( 'NONE',  ( -1.380560112054757926, 6.500000000000000000, 0.7744648667341184067 ) ) ;
#4664 = CARTESIAN_POINT ( 'NONE',  ( -2.179449471770337432, 7.633692192606185145, 4.500000000000000000 ) ) ;
#4665 = AXIS2_PLACEMENT_3D ( 'NONE', #3541, #1716, #172 ) ;
#4666 = LINE ( 'NONE', #4687, #1811 ) ;
#4667 = ORIENTED_EDGE ( 'NONE', *, *, #810, .F. ) ;
#4668 = ORIENTED_EDGE ( 'NONE', *, *, #2459, .F. ) ;
#4669 = CARTESIAN_POINT ( 'NONE',  ( -2.969848480983505290, 1.499999999999999556, -7.049999999999998046 ) ) ;
#4670 = VECTOR ( 'NONE', #895, 1000.000000000000000 ) ;
#4671 = CARTESIAN_POINT ( 'NONE',  ( -1.379999999999999671, 12.48000000000000220, -1.196959198423996649E-16 ) ) ;
#4672 = VECTOR ( 'NONE', #650, 1000.000000000000000 ) ;
#4673 = EDGE_LOOP ( 'NONE', ( #4095, #1818, #4660, #295 ) ) ;
#4674 = CARTESIAN_POINT ( 'NONE',  ( -1.399999999999999911, 12.37137186834969604, -1.898837853159277334 ) ) ;
#4675 = CARTESIAN_POINT ( 'NONE',  ( 0.000000000000000000, 8.000000000000000000, -7.650000000000000355 ) ) ;
#4676 = PRODUCT_DEFINITION ( 'UNKNOWN', '', #3146, #335 ) ;
#4677 = CARTESIAN_POINT ( 'NONE',  ( 1.399999999999999689, 9.670245855868245144, 5.485303232940223594 ) ) ;
#4678 = AXIS2_PLACEMENT_3D ( 'NONE', #1483, #673, #4458 ) ;
#4679 = CARTESIAN_POINT ( 'NONE',  ( 3.405877273185280885, 1.699999999999999734, 6.850000000000000533 ) ) ;
#4680 = ORIENTED_EDGE ( 'NONE', *, *, #4812, .T. ) ;
#4681 = ADVANCED_FACE ( 'NONE', ( #2294 ), #3051, .T. ) ;
#4682 = CARTESIAN_POINT ( 'NONE',  ( 1.399999999999999689, 6.500000000000000000, 4.469999999999999751 ) ) ;
#4683 = VERTEX_POINT ( 'NONE', #2318 ) ;
#4684 = VERTEX_POINT ( 'NONE', #4514 ) ;
#4685 = EDGE_CURVE ( 'NONE', #3052, #3397, #2128, .T. ) ;
#4686 = DIRECTION ( 'NONE',  ( 0.000000000000000000, 1.000000000000000000, -0.000000000000000000 ) ) ;
#4687 = CARTESIAN_POINT ( 'NONE',  ( -7.296724953260062208, 3.000000000000000000, -2.297891415291845707 ) ) ;
#4688 = ORIENTED_EDGE ( 'NONE', *, *, #3041, .T. ) ;
#4689 =( REPRESENTATION_RELATIONSHIP ('NONE','NONE', #3218, #4355 ) REPRESENTATION_RELATIONSHIP_WITH_TRANSFORMATION ( #727 )SHAPE_REPRESENTATION_RELATIONSHIP( ) );
#4690 = ORIENTED_EDGE ( 'NONE', *, *, #1389, .F. ) ;
#4691 = CYLINDRICAL_SURFACE ( 'NONE', #4826, 0.1499999999999999667 ) ;
#4692 = CYLINDRICAL_SURFACE ( 'NONE', #807, 0.02000000000000005246 ) ;
#4693 = VECTOR ( 'NONE', #73, 1000.000000000000114 ) ;
#4694 = CYLINDRICAL_SURFACE ( 'NONE', #2492, 5.000000000000000000 ) ;
#4695 = ADVANCED_BREP_SHAPE_REPRESENTATION ( '', ( #2637, #3783 ), #1975 ) ;
#4696 = ORIENTED_EDGE ( 'NONE', *, *, #949, .T. ) ;
#4697 = DIRECTION ( 'NONE',  ( 0.000000000000000000, 1.000000000000000000, 0.000000000000000000 ) ) ;
#4698 = VECTOR ( 'NONE', #865, 1000.000000000000000 ) ;
#4699 = CARTESIAN_POINT ( 'NONE',  ( 0.000000000000000000, 26.63746750430835775, -7.650000000000000355 ) ) ;
#4700 = FACE_OUTER_BOUND ( 'NONE', #3673, .T. ) ;
#4701 = FACE_OUTER_BOUND ( 'NONE', #1889, .T. ) ;
#4702 = CARTESIAN_POINT ( 'NONE',  ( 4.400384907664998124, 2.000000000000000444, -2.279064564105333979 ) ) ;
#4703 = VERTEX_POINT ( 'NONE', #1878 ) ;
#4704 = EDGE_CURVE ( 'NONE', #2643, #4780, #4076, .T. ) ;
#4705 = CARTESIAN_POINT ( 'NONE',  ( 1.379999999999999671, 0.000000000000000000, 5.549999999999999822 ) ) ;
#4706 = DIRECTION ( 'NONE',  ( -0.000000000000000000, 1.000000000000000000, -0.000000000000000000 ) ) ;
#4707 = ADVANCED_FACE ( 'NONE', ( #783 ), #3431, .F. ) ;
#4708 = VERTEX_POINT ( 'NONE', #1118 ) ;
#4709 = ORIENTED_EDGE ( 'NONE', *, *, #449, .F. ) ;
#4710 = DIRECTION ( 'NONE',  ( -1.000000000000000000, -0.000000000000000000, -0.000000000000000000 ) ) ;
#4711 = ORIENTED_EDGE ( 'NONE', *, *, #778, .F. ) ;
#4712 = ORIENTED_EDGE ( 'NONE', *, *, #2913, .T. ) ;
#4713 = CARTESIAN_POINT ( 'NONE',  ( 0.000000000000000000, 8.631655426250503638, -4.549999999999998934 ) ) ;
#4714 = AXIS2_PLACEMENT_3D ( 'NONE', #3884, #3829, #1270 ) ;
#4715 =( NAMED_UNIT ( * ) SI_UNIT ( $, .STERADIAN. ) SOLID_ANGLE_UNIT ( ) );
#4716 = CARTESIAN_POINT ( 'NONE',  ( 1.400000000000000133, 6.500000000000000000, -0.8529309367425446098 ) ) ;
#4717 = EDGE_CURVE ( 'NONE', #3510, #517, #4489, .T. ) ;
#4718 = AXIS2_PLACEMENT_3D ( 'NONE', #1360, #2928, #3672 ) ;
#4719 = ORIENTED_EDGE ( 'NONE', *, *, #997, .T. ) ;
#4720 = CARTESIAN_POINT ( 'NONE',  ( -1.379999999999999449, 0.02972972972972962383, 0.1783783783783780552 ) ) ;
#4721 = CARTESIAN_POINT ( 'NONE',  ( 1.379999999999999671, 6.649999999999999467, 4.400000000000000355 ) ) ;
#4722 = CARTESIAN_POINT ( 'NONE',  ( 0.000000000000000000, 1.499999999999999556, 0.000000000000000000 ) ) ;
#4723 = CARTESIAN_POINT ( 'NONE',  ( -2.234160359978236698, 7.947103280109118373, -4.741034782807846071 ) ) ;
#4724 = PRODUCT ( 'Snap Fit Male', 'Snap Fit Male', '', ( #1827 ) ) ;
#4725 = ORIENTED_EDGE ( 'NONE', *, *, #604, .T. ) ;
#4726 = PLANE ( 'NONE',  #3340 ) ;
#4727 = AXIS2_PLACEMENT_3D ( 'NONE', #157, #1657, #3528 ) ;
#4728 = AXIS2_PLACEMENT_3D ( 'NONE', #4172, #2988, #2257 ) ;
#4729 = CARTESIAN_POINT ( 'NONE',  ( -1.380000000000000338, 9.296555435952635449, -8.083961248654471632 ) ) ;
#4730 = AXIS2_PLACEMENT_3D ( 'NONE', #143, #1644, #1761 ) ;
#4731 = VERTEX_POINT ( 'NONE', #3823 ) ;
#4732 = ORIENTED_EDGE ( 'NONE', *, *, #1646, .F. ) ;
#4733 = EDGE_CURVE ( 'NONE', #4184, #3095, #5, .T. ) ;
#4734 = DIRECTION ( 'NONE',  ( 0.000000000000000000, -0.7546055221635206145, 0.6561787149247685358 ) ) ;
#4735 = CIRCLE ( 'NONE', #2611, 0.1499999999999999667 ) ;
#4736 = ORIENTED_EDGE ( 'NONE', *, *, #3611, .F. ) ;
#4737 = ADVANCED_FACE ( 'NONE', ( #3004 ), #4016, .T. ) ;
#4738 = ORIENTED_EDGE ( 'NONE', *, *, #3302, .F. ) ;
#4739 = DIRECTION ( 'NONE',  ( 0.000000000000000000, -0.7546055221635005195, 0.6561787149247915174 ) ) ;
#4740 = AXIS2_PLACEMENT_3D ( 'NONE', #4764, #2448, #4739 ) ;
#4741 = FACE_OUTER_BOUND ( 'NONE', #1542, .T. ) ;
#4742 = CARTESIAN_POINT ( 'NONE',  ( -4.400384907664991019, 6.000000000000000000, -2.279064564105347301 ) ) ;
#4743 = AXIS2_PLACEMENT_3D ( 'NONE', #103, #1305, #1970 ) ;
#4744 = EDGE_LOOP ( 'NONE', ( #1316, #1045, #4526, #169 ) ) ;
#4745 = LINE ( 'NONE', #3961, #2302 ) ;
#4746 = CARTESIAN_POINT ( 'NONE',  ( -4.499999999999998224, 7.633700821002010528, 2.179449471770337432 ) ) ;
#4747 = ADVANCED_FACE ( 'NONE', ( #4142 ), #3774, .T. ) ;
#4748 = CARTESIAN_POINT ( 'NONE',  ( 0.000000000000000000, -8.000000000000000000, 0.000000000000000000 ) ) ;
#4749 = PLANE ( 'NONE',  #4616 ) ;
#4750 = VECTOR ( 'NONE', #4163, 1000.000000000000000 ) ;
#4751 = PRODUCT_CONTEXT ( 'NONE', #1523, 'mechanical' ) ;
#4752 = ORIENTED_EDGE ( 'NONE', *, *, #3848, .T. ) ;
#4753 = ORIENTED_EDGE ( 'NONE', *, *, #4445, .F. ) ;
#4754 = DIRECTION ( 'NONE',  ( 0.000000000000000000, 2.040851148208008235E-14, -1.000000000000000000 ) ) ;
#4755 = CIRCLE ( 'NONE', #3021, 7.650000000000000355 ) ;
#4756 = CARTESIAN_POINT ( 'NONE',  ( -1.400000000000000133, 9.768344573749498494, 5.530000000000000249 ) ) ;
#4757 = ORIENTED_EDGE ( 'NONE', *, *, #4276, .T. ) ;
#4758 = ORIENTED_EDGE ( 'NONE', *, *, #4118, .T. ) ;
#4759 = ADVANCED_BREP_SHAPE_REPRESENTATION ( '', ( #1129, #3783 ), #3385 ) ;
#4760 = VECTOR ( 'NONE', #3549, 1000.000000000000114 ) ;
#4761 = CARTESIAN_POINT ( 'NONE',  ( -2.966664951328182198, 3.021034482758621742, 5.087985294887741539 ) ) ;
#4762 = PRODUCT_RELATED_PRODUCT_CATEGORY ( 'part', '', ( #607 ) ) ;
#4763 = EDGE_LOOP ( 'NONE', ( #1565, #2167, #4507, #511 ) ) ;
#4764 = CARTESIAN_POINT ( 'NONE',  ( -1.379999999999999227, 2.790441948979335951, -2.426471259982029505 ) ) ;
#4765 = CARTESIAN_POINT ( 'NONE',  ( 0.000000000000000000, 5.000000000000000888, -7.650000000000000355 ) ) ;
#4766 = EDGE_CURVE ( 'NONE', #3248, #3469, #4540, .T. ) ;
#4767 = DIRECTION ( 'NONE',  ( -0.4876598490941712050, -0.7241379310344822073, -0.4876598490941709274 ) ) ;
#4768 = ORIENTED_EDGE ( 'NONE', *, *, #382, .T. ) ;
#4769 = DIRECTION ( 'NONE',  ( 0.7071067811865475727, -3.056747976430751789E-16, -0.7071067811865475727 ) ) ;
#4770 = CARTESIAN_POINT ( 'NONE',  ( -4.500000000000000000, 1.500000000000000444, -2.179449471770337432 ) ) ;
#4771 = DIRECTION ( 'NONE',  ( -1.000000000000000000, -0.000000000000000000, -0.000000000000000000 ) ) ;
#4772 = CARTESIAN_POINT ( 'NONE',  ( -4.027325123107952543, 3.021034482758621298, -4.027325123107949878 ) ) ;
#4773 = SHAPE_DEFINITION_REPRESENTATION ( #2217, #368 ) ;
#4774 = VERTEX_POINT ( 'NONE', #4165 ) ;
#4775 = AXIS2_PLACEMENT_3D ( 'NONE', #4481, #2215, #373 ) ;
#4776 = VERTEX_POINT ( 'NONE', #3454 ) ;
#4777 = FACE_OUTER_BOUND ( 'NONE', #2808, .T. ) ;
#4778 = CARTESIAN_POINT ( 'NONE',  ( 4.027325123107952543, 3.021034482758621298, 4.027325123107949878 ) ) ;
#4779 = FACE_OUTER_BOUND ( 'NONE', #2845, .T. ) ;
#4780 = VERTEX_POINT ( 'NONE', #4656 ) ;
#4781 = EDGE_CURVE ( 'NONE', #822, #1007, #1636, .T. ) ;
#4782 = EDGE_LOOP ( 'NONE', ( #3752, #4389, #1187, #977, #677, #2464, #2929, #3161 ) ) ;
#4783 = CARTESIAN_POINT ( 'NONE',  ( 1.399999999999999689, 6.500000000000000000, 4.469999999999999751 ) ) ;
#4784 = LINE ( 'NONE', #3683, #3316 ) ;
#4785 = CARTESIAN_POINT ( 'NONE',  ( 1.379999999999999671, 6.649999999999999467, -4.549999999999999822 ) ) ;
#4786 = ORIENTED_EDGE ( 'NONE', *, *, #2298, .F. ) ;
#4787 = CARTESIAN_POINT ( 'NONE',  ( -2.312024219028235184, 5.951057409446828039, 4.433344562587808291 ) ) ;
#4788 = CARTESIAN_POINT ( 'NONE',  ( -1.380839982702822599, 6.500000000000000000, -0.7752318993870118691 ) ) ;
#4789 = ADVANCED_FACE ( 'NONE', ( #3479 ), #135, .F. ) ;
#4790 = CARTESIAN_POINT ( 'NONE',  ( -1.045004651996027434, -1.407485477710246791, -1.045004651996026768 ) ) ;
#4791 = VERTEX_POINT ( 'NONE', #1977 ) ;
#4792 = DIRECTION ( 'NONE',  ( 8.673617379884035472E-17, 1.880790961315659671E-33, -1.000000000000000000 ) ) ;
#4793 = CARTESIAN_POINT ( 'NONE',  ( -4.500000000000000000, 7.499999999999998224, 2.179449471770337432 ) ) ;
#4794 = EDGE_CURVE ( 'NONE', #4774, #282, #3175, .T. ) ;
#4795 = CARTESIAN_POINT ( 'NONE',  ( 2.312024219028192551, 2.048942590553173293, 4.433344562587834048 ) ) ;
#4796 = ADVANCED_FACE ( 'NONE', ( #4241 ), #3859, .T. ) ;
#4797 = AXIS2_PLACEMENT_3D ( 'NONE', #4431, #3194, #1721 ) ;
#4798 = DIRECTION ( 'NONE',  ( 0.000000000000000000, 0.000000000000000000, -1.000000000000000000 ) ) ;
#4799 = AXIS2_PLACEMENT_3D ( 'NONE', #2303, #2038, #3807 ) ;
#4800 = ORIENTED_EDGE ( 'NONE', *, *, #147, .F. ) ;
#4801 = ORIENTED_EDGE ( 'NONE', *, *, #1759, .F. ) ;
#4802 = DIRECTION ( 'NONE',  ( 0.7071067811865475727, -3.056747976430751296E-16, -0.7071067811865475727 ) ) ;
#4803 = EDGE_CURVE ( 'NONE', #2773, #2860, #3125, .T. ) ;
#4804 = AXIS2_PLACEMENT_3D ( 'NONE', #57, #1564, #1903 ) ;
#4805 = DIRECTION ( 'NONE',  ( 0.000000000000000000, -1.000000000000000000, 0.000000000000000000 ) ) ;
#4806 = DIRECTION ( 'NONE',  ( -0.000000000000000000, -1.000000000000000000, -0.000000000000000000 ) ) ;
#4807 = ORIENTED_EDGE ( 'NONE', *, *, #718, .F. ) ;
#4808 = ORIENTED_EDGE ( 'NONE', *, *, #234, .T. ) ;
#4809 = AXIS2_PLACEMENT_3D ( 'NONE', #3109, #4277, #1693 ) ;
#4810 = DIRECTION ( 'NONE',  ( 1.000000000000000000, -0.000000000000000000, 0.000000000000000000 ) ) ;
#4811 = DIRECTION ( 'NONE',  ( 0.000000000000000000, 1.000000000000000000, -0.000000000000000000 ) ) ;
#4812 = EDGE_CURVE ( 'NONE', #3768, #207, #2915, .T. ) ;
#4813 = VECTOR ( 'NONE', #830, 1000.000000000000000 ) ;
#4814 = AXIS2_PLACEMENT_3D ( 'NONE', #2406, #197, #1650 ) ;
#4815 = VERTEX_POINT ( 'NONE', #1611 ) ;
#4816 = DIRECTION ( 'NONE',  ( -0.000000000000000000, -1.000000000000000000, -0.000000000000000000 ) ) ;
#4817 = CARTESIAN_POINT ( 'NONE',  ( 0.000000000000000000, 0.000000000000000000, 5.549999999999999822 ) ) ;
#4818 = DIRECTION ( 'NONE',  ( 0.000000000000000000, 1.000000000000000000, 0.000000000000000000 ) ) ;
#4819 = VERTEX_POINT ( 'NONE', #1259 ) ;
#4820 = LINE ( 'NONE', #1458, #1127 ) ;
#4821 = TOROIDAL_SURFACE ( 'NONE', #31, 0.1699999999999999845, 0.02000000000000000042 ) ;
#4822 = CARTESIAN_POINT ( 'NONE',  ( -3.976120838953103753, 4.909999999999999254, 3.976120838953022929 ) ) ;
#4823 = DIRECTION ( 'NONE',  ( 0.000000000000000000, 0.000000000000000000, 1.000000000000000000 ) ) ;
#4824 = CARTESIAN_POINT ( 'NONE',  ( -1.399999999999999911, 9.768344573749500270, -5.549999999999999822 ) ) ;
#4825 = ORIENTED_EDGE ( 'NONE', *, *, #19, .F. ) ;
#4826 = AXIS2_PLACEMENT_3D ( 'NONE', #4713, #1346, #1452 ) ;
#4827 = EDGE_LOOP ( 'NONE', ( #4088, #4758, #1248, #289 ) ) ;
#4828 = CARTESIAN_POINT ( 'NONE',  ( 2.586524759049138922, 3.046453914618040049, -7.199611372740284843 ) ) ;
#4829 = CLOSED_SHELL ( 'NONE', ( #4747, #1312, #4681, #2756 ) ) ;
#4830 = CARTESIAN_POINT ( 'NONE',  ( 2.986171345291897872, 4.909999999999999254, 5.107491688851538925 ) ) ;
#4831 = CARTESIAN_POINT ( 'NONE',  ( 1.379999999999999671, 11.54484625457503277, -5.498426807238717018 ) ) ;
#4832 = ORIENTED_EDGE ( 'NONE', *, *, #503, .F. ) ;
#4833 = AXIS2_PLACEMENT_3D ( 'NONE', #3821, #4606, #400 ) ;
#4834 = DIRECTION ( 'NONE',  ( 0.7071067811865473507, -8.049116928532377276E-17, -0.7071067811865477948 ) ) ;
#4835 = CARTESIAN_POINT ( 'NONE',  ( -1.400000000000000133, 11.52975414413175947, 5.485303232940221818 ) ) ;
#4836 = EDGE_CURVE ( 'NONE', #4634, #3343, #566, .T. ) ;
#4837 = CARTESIAN_POINT ( 'NONE',  ( 1.379999999999999671, 0.02644174998362252768, -0.1586504999017351591 ) ) ;
#4838 = CARTESIAN_POINT ( 'NONE',  ( 9.368548013477250272E-16, 1.499999999999999556, 7.650000000000000355 ) ) ;
#4839 = CIRCLE ( 'NONE', #3974, 7.650000000000000355 ) ;
#4840 = FACE_OUTER_BOUND ( 'NONE', #1457, .T. ) ;
#4841 = ORIENTED_EDGE ( 'NONE', *, *, #1726, .F. ) ;
#4842 = DIRECTION ( 'NONE',  ( 0.000000000000000000, 0.000000000000000000, 1.000000000000000000 ) ) ;
#4843 = FACE_BOUND ( 'NONE', #1695, .T. ) ;
#4844 = DIRECTION ( 'NONE',  ( -1.000000000000000000, -0.000000000000000000, 0.000000000000000000 ) ) ;
#4845 = DIRECTION ( 'NONE',  ( 0.4876598490941728703, -0.7241379310344820963, -0.4876598490941694286 ) ) ;
#4846 = CONTEXT_DEPENDENT_SHAPE_REPRESENTATION ( #4689, #2960 ) ;
#4847 = ORIENTED_EDGE ( 'NONE', *, *, #1167, .T. ) ;
#4848 = ORIENTED_EDGE ( 'NONE', *, *, #4454, .F. ) ;
#4849 = CARTESIAN_POINT ( 'NONE',  ( 2.489362245493009329, 3.101558808504984110, -7.233668728588426688 ) ) ;
#4850 = CARTESIAN_POINT ( 'NONE',  ( 4.870299948342268870, 8.000000000000000000, 2.262975846492969012 ) ) ;
#4851 = TOROIDAL_SURFACE ( 'NONE', #2964, 0.1299999999999999767, 0.02000000000000000042 ) ;
#4852 = ADVANCED_FACE ( 'NONE', ( #504 ), #3706, .T. ) ;
#4853 = CARTESIAN_POINT ( 'NONE',  ( 1.399999999999999689, 12.34999999999999964, -2.027069063257456172 ) ) ;
#4854 = ORIENTED_EDGE ( 'NONE', *, *, #2279, .T. ) ;
#4855 = CARTESIAN_POINT ( 'NONE',  ( 5.107491688851539813, 3.090000000000000746, 2.986171345291896095 ) ) ;
#4856 = VECTOR ( 'NONE', #1378, 1000.000000000000114 ) ;
#4857 = EDGE_CURVE ( 'NONE', #1640, #517, #2987, .T. ) ;
#4858 = CARTESIAN_POINT ( 'NONE',  ( 0.000000000000000000, 3.000000000000000000, 0.000000000000000000 ) ) ;
#4859 = CARTESIAN_POINT ( 'NONE',  ( 0.000000000000000000, 8.631655426250503638, 4.400000000000000355 ) ) ;
#4860 = NEXT_ASSEMBLY_USAGE_OCCURRENCE ( 'NAUO1', ' ', ' ', #1278, #4676, $ ) ;
#4861 = NEXT_ASSEMBLY_USAGE_OCCURRENCE ( 'NAUO2', ' ', ' ', #1278, #1938, $ ) ;
#4862 = NEXT_ASSEMBLY_USAGE_OCCURRENCE ( 'NAUO3', ' ', ' ', #1278, #557, $ ) ;
ENDSEC;
END-ISO-10303-21;
