ISO-10303-21;
HEADER;
FILE_DESCRIPTION (( 'STEP AP214' ),
    '1' );
FILE_NAME ('Prismatic_Joint_KitV2.STEP',
    '2026-10-05T20:32:26',
    ( '' ),
    ( '' ),
    'SwSTEP 2.0',
    'SolidWorks 2023',
    '' );
FILE_SCHEMA (( 'AUTOMOTIVE_DESIGN' ));
ENDSEC;

DATA;
#1 = CARTESIAN_POINT ( 'NONE',  ( 4.501950110211364375, 19.99999999999999645, -0.004166666666667291977 ) ) ;
#2 = ORIENTED_EDGE ( 'NONE', *, *, #5707, .T. ) ;
#3 = ORIENTED_EDGE ( 'NONE', *, *, #2363, .F. ) ;
#4 = AXIS2_PLACEMENT_3D ( 'NONE', #2998, #2920, #654 ) ;
#5 = CARTESIAN_POINT ( 'NONE',  ( -0.4969402415978718679, 20.10819960674197660, -6.445326734025647930 ) ) ;
#6 = ADVANCED_FACE ( 'NONE', ( #5028 ), #3406, .F. ) ;
#7 = ORIENTED_EDGE ( 'NONE', *, *, #3910, .F. ) ;
#8 = B_SPLINE_CURVE_WITH_KNOTS ( 'NONE', 3,
 ( #94, #3915, #6142, #4539, #4158, #1222, #606, #2323, #1112, #5633, #5672, #19, #2872, #2766, #5124, #3362, #2911, #4711, #5083, #5600, #2460, #1912, #2833, #1741, #541, #3983, #4020, #6393, #5047, #5712, #6797, #1146, #3395, #6182 ),
 .UNSPECIFIED., .F., .F.,
 ( 4, 1, 1, 2, 2, 1, 1, 1, 2, 2, 2, 1, 1, 1, 2, 2, 2, 1, 1, 2, 2, 4 ),
 ( 0.000000000000000000, 0.06249999999998914757, 0.09374999999998401279, 0.1093749999999818340, 0.1249999999999796829, 0.1874999999999677203, 0.2187499999999624745, 0.2343749999999598377, 0.2421874999999593381, 0.2499999999999588107, 0.3749999999999519273, 0.4374999999999485412, 0.4687499999999469313, 0.4843749999999461542, 0.4921874999999446554, 0.4999999999999432676, 0.6249999999999575895, 0.6874999999999661382, 0.7187499999999703570, 0.7343749999999712452, 0.7499999999999722444, 1.000000000000000000 ),
 .UNSPECIFIED. ) ;
#9 = APPLICATION_PROTOCOL_DEFINITION ( 'draft international standard', 'automotive_design', 1998, #3503 ) ;
#10 = CARTESIAN_POINT ( 'NONE',  ( -1.399999999999999911, 6.500000000000000000, -4.483107698211994396 ) ) ;
#11 = ORIENTED_EDGE ( 'NONE', *, *, #6472, .F. ) ;
#12 = EDGE_CURVE ( 'NONE', #2789, #4011, #1995, .T. ) ;
#13 = CARTESIAN_POINT ( 'NONE',  ( 0.000000000000000000, 0.000000000000000000, 5.549999999999999822 ) ) ;
#14 = VECTOR ( 'NONE', #2606, 1000.000000000000000 ) ;
#15 = CARTESIAN_POINT ( 'NONE',  ( -2.680182346543768190, 3.063623187575866158, -7.165236767684207919 ) ) ;
#16 = EDGE_LOOP ( 'NONE', ( #195, #3507, #3977, #4404 ) ) ;
#17 =( NAMED_UNIT ( * ) PLANE_ANGLE_UNIT ( ) SI_UNIT ( $, .RADIAN. ) );
#18 = ORIENTED_EDGE ( 'NONE', *, *, #3455, .T. ) ;
#19 = CARTESIAN_POINT ( 'NONE',  ( -6.438341752948764096, 20.33380730811177983, -0.8523205602197626574 ) ) ;
#20 = DIRECTION ( 'NONE',  ( 0.000000000000000000, 0.000000000000000000, -1.000000000000000000 ) ) ;
#21 = CARTESIAN_POINT ( 'NONE',  ( 1.854166666666500651, 19.99999999999999645, 1.854166666666666297 ) ) ;
#22 = CARTESIAN_POINT ( 'NONE',  ( 3.532332510810048287, 20.13206348000786505, 0.5473776262350688038 ) ) ;
#23 = CARTESIAN_POINT ( 'NONE',  ( 0.9111988261316826820, 20.38526912612961084, -3.532332510810050064 ) ) ;
#24 = DIRECTION ( 'NONE',  ( 0.000000000000000000, 0.000000000000000000, -1.000000000000000000 ) ) ;
#25 = EDGE_LOOP ( 'NONE', ( #768, #6584, #1343, #7015 ) ) ;
#26 = ORIENTED_EDGE ( 'NONE', *, *, #352, .F. ) ;
#27 = APPLICATION_CONTEXT ( 'automotive_design' ) ;
#28 = DIRECTION ( 'NONE',  ( -3.564834783817980988E-15, -0.9863939238321415282, -0.1643989873053704753 ) ) ;
#29 = DIRECTION ( 'NONE',  ( 0.5120428415488792462, 0.6896551724137933714, 0.5120428415488789131 ) ) ;
#30 = FACE_OUTER_BOUND ( 'NONE', #865, .T. ) ;
#31 = FACE_OUTER_BOUND ( 'NONE', #1070, .T. ) ;
#32 = EDGE_CURVE ( 'NONE', #1166, #716, #2707, .T. ) ;
#33 = CARTESIAN_POINT ( 'NONE',  ( 1.854166666666499763, 24.99984612168539755, -6.871269143465999818 ) ) ;
#34 = DIRECTION ( 'NONE',  ( 1.000000000000000000, 2.168404344971008252E-17, 8.673617379884035472E-17 ) ) ;
#35 = CARTESIAN_POINT ( 'NONE',  ( 5.107491688851539813, 4.950000000000000178, 2.986171345291895651 ) ) ;
#36 = AXIS2_PLACEMENT_3D ( 'NONE', #6542, #461, #3238 ) ;
#37 = ORIENTED_EDGE ( 'NONE', *, *, #3175, .F. ) ;
#38 = DIRECTION ( 'NONE',  ( -3.272579785996980772E-14, 0.6561787149247684248, -0.7546055221635205035 ) ) ;
#39 = ADVANCED_FACE ( 'NONE', ( #2220 ), #1752, .T. ) ;
#40 = ORIENTED_EDGE ( 'NONE', *, *, #4894, .T. ) ;
#41 = CARTESIAN_POINT ( 'NONE',  ( -0.7208454067451595115, 20.22970490026783352, -6.441037554602900173 ) ) ;
#42 = AXIS2_PLACEMENT_3D ( 'NONE', #1337, #4799, #7017 ) ;
#43 = AXIS2_PLACEMENT_3D ( 'NONE', #533, #600, #4491 ) ;
#44 = CARTESIAN_POINT ( 'NONE',  ( 0.000000000000000000, -1.299999999999985167, 0.000000000000000000 ) ) ;
#45 = CIRCLE ( 'NONE', #7066, 0.02000000000000003511 ) ;
#46 = EDGE_LOOP ( 'NONE', ( #3062, #823, #2533, #2634 ) ) ;
#47 = CARTESIAN_POINT ( 'NONE',  ( 7.252000366886311333, 3.000000000000000000, -2.435362535369390180 ) ) ;
#48 = ADVANCED_FACE ( 'NONE', ( #7179 ), #555, .T. ) ;
#49 =( NAMED_UNIT ( * ) PLANE_ANGLE_UNIT ( ) SI_UNIT ( $, .RADIAN. ) );
#50 = PRODUCT_RELATED_PRODUCT_CATEGORY ( 'part', '', ( #3288 ) ) ;
#51 = EDGE_CURVE ( 'NONE', #6733, #6192, #6194, .T. ) ;
#52 = CARTESIAN_POINT ( 'NONE',  ( -0.8763537828952030484, 20.35429467676826931, -3.532332510810049175 ) ) ;
#53 = ORIENTED_EDGE ( 'NONE', *, *, #6465, .F. ) ;
#54 = ORIENTED_EDGE ( 'NONE', *, *, #1258, .T. ) ;
#55 = VECTOR ( 'NONE', #5366, 1000.000000000000000 ) ;
#56 = LINE ( 'NONE', #5017, #1768 ) ;
#57 = DIRECTION ( 'NONE',  ( -0.7071067811865473507, 8.049116928532377276E-17, 0.7071067811865477948 ) ) ;
#58 = DIRECTION ( 'NONE',  ( 1.000000000000000000, 0.000000000000000000, -0.000000000000000000 ) ) ;
#59 = CARTESIAN_POINT ( 'NONE',  ( 3.532332510810049619, 22.18252128438923521, 1.784504469723475539 ) ) ;
#60 = AXIS2_PLACEMENT_3D ( 'NONE', #1197, #587, #3446 ) ;
#61 = ORIENTED_EDGE ( 'NONE', *, *, #3329, .F. ) ;
#62 = VECTOR ( 'NONE', #2291, 1000.000000000000114 ) ;
#63 = CARTESIAN_POINT ( 'NONE',  ( -3.532332510810050064, 21.25656110838011514, -1.510176442678756281 ) ) ;
#64 = ORIENTED_EDGE ( 'NONE', *, *, #4216, .T. ) ;
#65 = CARTESIAN_POINT ( 'NONE',  ( -7.138355639750679771, 3.000000000000000000, -2.750705138767092883 ) ) ;
#66 = DIRECTION ( 'NONE',  ( 0.7071067811865500152, 0.000000000000000000, -0.7071067811865451302 ) ) ;
#67 = CARTESIAN_POINT ( 'NONE',  ( 0.004166666666500772401, 20.00000000000000000, 3.532332510810049175 ) ) ;
#68 = AXIS2_PLACEMENT_3D ( 'NONE', #2487, #1841, #7006 ) ;
#69 = CARTESIAN_POINT ( 'NONE',  ( 7.650000000000000355, -1.999999999999999556, 0.000000000000000000 ) ) ;
#70 = VECTOR ( 'NONE', #2915, 1000.000000000000000 ) ;
#71 = DIRECTION ( 'NONE',  ( -0.7071067811865453523, 5.273559366969486541E-17, -0.7071067811865497932 ) ) ;
#72 = CARTESIAN_POINT ( 'NONE',  ( -3.226782805549720301, 5.626078208432425676, 3.956290731841301422 ) ) ;
#73 = DIRECTION ( 'NONE',  ( -1.327676691011044728E-16, -0.000000000000000000, -1.000000000000000000 ) ) ;
#74 = ORIENTED_EDGE ( 'NONE', *, *, #936, .F. ) ;
#75 = DIRECTION ( 'NONE',  ( 1.000000000000000000, -0.000000000000000000, 0.000000000000000000 ) ) ;
#76 = CIRCLE ( 'NONE', #4419, 0.2999999999999999334 ) ;
#77 = ORIENTED_EDGE ( 'NONE', *, *, #1289, .F. ) ;
#78 = DIRECTION ( 'NONE',  ( 0.000000000000000000, -0.9863939238321438596, 0.1643989873053572914 ) ) ;
#79 = ORIENTED_EDGE ( 'NONE', *, *, #4401, .T. ) ;
#80 = CIRCLE ( 'NONE', #5006, 6.750562799691778082 ) ;
#81 = CARTESIAN_POINT ( 'NONE',  ( -1.400000000000000133, 6.500000000000000000, -4.469999999999999751 ) ) ;
#82 = AXIS2_PLACEMENT_3D ( 'NONE', #136, #4620, #614 ) ;
#83 = ORIENTED_EDGE ( 'NONE', *, *, #2017, .F. ) ;
#84 = ORIENTED_EDGE ( 'NONE', *, *, #2455, .F. ) ;
#85 =( GEOMETRIC_REPRESENTATION_CONTEXT ( 3 ) GLOBAL_UNCERTAINTY_ASSIGNED_CONTEXT ( ( #5440 ) ) GLOBAL_UNIT_ASSIGNED_CONTEXT ( ( #1664, #17, #1334 ) ) REPRESENTATION_CONTEXT ( 'NONE', 'WORKASPACE' ) );
#86 = DIRECTION ( 'NONE',  ( 0.000000000000000000, 0.7546055221635206145, 0.6561787149247685358 ) ) ;
#87 = CARTESIAN_POINT ( 'NONE',  ( -1.379999999999999449, 0.02972972972972962383, -0.1783783783783780552 ) ) ;
#88 = VECTOR ( 'NONE', #1307, 1000.000000000000000 ) ;
#89 = ADVANCED_FACE ( 'NONE', ( #2744 ), #6637, .T. ) ;
#90 = EDGE_CURVE ( 'NONE', #497, #7167, #2192, .T. ) ;
#91 = CARTESIAN_POINT ( 'NONE',  ( 0.000000000000000000, 1.500000000000000444, 0.000000000000000000 ) ) ;
#92 = ORIENTED_EDGE ( 'NONE', *, *, #1737, .F. ) ;
#93 = EDGE_LOOP ( 'NONE', ( #5266, #5589, #3673, #3222 ) ) ;
#94 = CARTESIAN_POINT ( 'NONE',  ( -6.449998654177294455, 20.00000000000000000, -0.004166666666667291977 ) ) ;
#95 = CARTESIAN_POINT ( 'NONE',  ( -6.495691847736263291, 22.12724661236353896, 1.774206577554260145 ) ) ;
#96 = CARTESIAN_POINT ( 'NONE',  ( 0.000000000000000000, 1.499999999999999556, 0.000000000000000000 ) ) ;
#97 = ADVANCED_FACE ( 'NONE', ( #3377 ), #4511, .T. ) ;
#98 = CARTESIAN_POINT ( 'NONE',  ( 3.532332510810048731, 20.36767094357130503, 0.8916237326292909549 ) ) ;
#99 = LINE ( 'NONE', #3548, #70 ) ;
#100 = ORIENTED_EDGE ( 'NONE', *, *, #6990, .T. ) ;
#101 = DIRECTION ( 'NONE',  ( 5.122298795473439605E-17, 0.6561787149247869655, 0.7546055221635044052 ) ) ;
#102 = ORIENTED_EDGE ( 'NONE', *, *, #4122, .F. ) ;
#103 = DIRECTION ( 'NONE',  ( 0.000000000000000000, 1.000000000000000000, -0.000000000000000000 ) ) ;
#104 = CARTESIAN_POINT ( 'NONE',  ( -4.046831517071759698, 3.090000000000000746, 4.046831517071677098 ) ) ;
#105 = CARTESIAN_POINT ( 'NONE',  ( -6.594282824706734658, 22.99999999999999645, -1.854166666666667407 ) ) ;
#106 = B_SPLINE_CURVE_WITH_KNOTS ( 'NONE', 3,
 ( #2051, #5425, #1978, #5910, #6562, #1389 ),
 .UNSPECIFIED., .F., .F.,
 ( 4, 2, 4 ),
 ( 0.000000000000000000, 0.0003953464452561773388, 0.0007906928905123546776 ),
 .UNSPECIFIED. ) ;
#107 = PLANE ( 'NONE',  #621 ) ;
#108 = EDGE_CURVE ( 'NONE', #671, #1652, #1059, .T. ) ;
#109 = FACE_OUTER_BOUND ( 'NONE', #3702, .T. ) ;
#110 = FACE_OUTER_BOUND ( 'NONE', #5680, .T. ) ;
#111 = ORIENTED_EDGE ( 'NONE', *, *, #5039, .F. ) ;
#112 = CARTESIAN_POINT ( 'NONE',  ( 0.000000000000000000, -1.299999999999985167, -6.750000000000000000 ) ) ;
#113 = ORIENTED_EDGE ( 'NONE', *, *, #682, .F. ) ;
#114 = DIRECTION ( 'NONE',  ( 0.7071067811865474617, 0.000000000000000000, 0.7071067811865474617 ) ) ;
#115 = ITEM_DEFINED_TRANSFORMATION ( 'NONE', 'NONE', #3840,  #5484 ) ;
#116 = CARTESIAN_POINT ( 'NONE',  ( -2.312024219028192551, 2.048942590553173293, -4.433344562587834048 ) ) ;
#117 = ORIENTED_EDGE ( 'NONE', *, *, #3640, .T. ) ;
#118 = ORIENTED_EDGE ( 'NONE', *, *, #774, .T. ) ;
#119 = CARTESIAN_POINT ( 'NONE',  ( -1.854166666666499097, 22.99999999999999645, 4.552982615442290992 ) ) ;
#120 = LINE ( 'NONE', #87, #4243 ) ;
#121 = EDGE_CURVE ( 'NONE', #7051, #5041, #6212, .T. ) ;
#122 = CARTESIAN_POINT ( 'NONE',  ( 1.399999999999999689, 6.500000000000000000, 0.000000000000000000 ) ) ;
#123 = ORIENTED_EDGE ( 'NONE', *, *, #6504, .F. ) ;
#124 = CARTESIAN_POINT ( 'NONE',  ( -5.510928448416134273, -16.53579863144610584, 3.611712022518450027 ) ) ;
#125 = ORIENTED_EDGE ( 'NONE', *, *, #4863, .T. ) ;
#126 = EDGE_CURVE ( 'NONE', #1504, #4708, #6681, .T. ) ;
#127 = VECTOR ( 'NONE', #3974, 1000.000000000000000 ) ;
#128 = DIRECTION ( 'NONE',  ( 0.000000000000000000, 0.000000000000000000, -1.000000000000000000 ) ) ;
#129 = CARTESIAN_POINT ( 'NONE',  ( 3.532332510810049175, 20.31225200125700425, -0.8263614878979298473 ) ) ;
#130 = VECTOR ( 'NONE', #3891, 1000.000000000000114 ) ;
#131 = ADVANCED_FACE ( 'NONE', ( #3336 ), #3927, .F. ) ;
#132 = CARTESIAN_POINT ( 'NONE',  ( 1.380839982702823265, 6.500000000000000000, 4.547699037355532603 ) ) ;
#133 = ORIENTED_EDGE ( 'NONE', *, *, #224, .T. ) ;
#134 = DIRECTION ( 'NONE',  ( 0.000000000000000000, 0.000000000000000000, 1.000000000000000000 ) ) ;
#135 = ORIENTED_EDGE ( 'NONE', *, *, #4595, .T. ) ;
#136 = CARTESIAN_POINT ( 'NONE',  ( -1.380000000000000115, 12.34999999999999964, 4.343903740188081564 ) ) ;
#137 = CARTESIAN_POINT ( 'NONE',  ( -1.854166666666499763, 22.99999999999999645, -5.624665225307659000 ) ) ;
#138 = CARTESIAN_POINT ( 'NONE',  ( 1.854166666666501539, 28.99999999999999645, 7.421897733883352721 ) ) ;
#139 = CARTESIAN_POINT ( 'NONE',  ( 1.380560112054757704, 6.500000000000000000, -0.7744648667341185178 ) ) ;
#140 = CARTESIAN_POINT ( 'NONE',  ( -1.400000000000000133, 9.768344573749500270, -5.530000000000000249 ) ) ;
#141 = CARTESIAN_POINT ( 'NONE',  ( 6.437841611367523420, 20.35555961700071848, 0.8778117339738137348 ) ) ;
#142 = CARTESIAN_POINT ( 'NONE',  ( 3.532332510810047843, 19.99999999999999645, -1.854166666666667407 ) ) ;
#143 = ORIENTED_EDGE ( 'NONE', *, *, #4936, .F. ) ;
#144 = FACE_OUTER_BOUND ( 'NONE', #6273, .T. ) ;
#145 = ORIENTED_EDGE ( 'NONE', *, *, #1888, .T. ) ;
#146 = DIRECTION ( 'NONE',  ( 1.227746447048803788E-16, 0.000000000000000000, 1.000000000000000000 ) ) ;
#147 = CARTESIAN_POINT ( 'NONE',  ( 1.442442881217302020, 21.11310473884910976, 3.532332510810050064 ) ) ;
#148 = AXIS2_PLACEMENT_3D ( 'NONE', #3520, #5758, #2956 ) ;
#149 = CARTESIAN_POINT ( 'NONE',  ( -4.027325123107992511, 4.978965517241379146, 4.027325123107910798 ) ) ;
#150 = CIRCLE ( 'NONE', #5431, 0.01999999999999996225 ) ;
#151 = EDGE_LOOP ( 'NONE', ( #7056, #117, #6831, #4923 ) ) ;
#152 = ORIENTED_EDGE ( 'NONE', *, *, #5355, .T. ) ;
#153 = CARTESIAN_POINT ( 'NONE',  ( 3.018470195263254219, 3.000000000000000000, 7.029319859012494121 ) ) ;
#154 = AXIS2_PLACEMENT_3D ( 'NONE', #21, #2325, #5159 ) ;
#155 = DIRECTION ( 'NONE',  ( 0.7071067811865473507, -8.049116928532377276E-17, -0.7071067811865477948 ) ) ;
#156 = CIRCLE ( 'NONE', #4265, 0.1000000000000001443 ) ;
#157 = CIRCLE ( 'NONE', #3569, 6.750000000000000000 ) ;
#158 = CARTESIAN_POINT ( 'NONE',  ( 1.773643159447221063, 22.12423031861519362, -3.532332510810048731 ) ) ;
#159 = DIRECTION ( 'NONE',  ( 0.7071067811865474617, 0.000000000000000000, 0.7071067811865476838 ) ) ;
#160 = EDGE_LOOP ( 'NONE', ( #3655, #118, #5495, #133 ) ) ;
#161 = SHAPE_REPRESENTATION_RELATIONSHIP ( 'NONE' , 'NONE' ,  #5608, #2996 ) ;
#162 = ORIENTED_EDGE ( 'NONE', *, *, #3141, .T. ) ;
#163 = LINE ( 'NONE', #5636, #2491 ) ;
#164 = CARTESIAN_POINT ( 'NONE',  ( 3.532332510810047399, 20.75689850159899663, 1.244306595116078773 ) ) ;
#165 = VECTOR ( 'NONE', #6661, 1000.000000000000114 ) ;
#166 = FACE_OUTER_BOUND ( 'NONE', #4782, .T. ) ;
#167 = ORIENTED_EDGE ( 'NONE', *, *, #6821, .F. ) ;
#168 = DIRECTION ( 'NONE',  ( 0.000000000000000000, 0.000000000000000000, -1.000000000000000000 ) ) ;
#169 = ORIENTED_EDGE ( 'NONE', *, *, #1255, .F. ) ;
#170 = DIRECTION ( 'NONE',  ( 1.000000000000000000, 0.000000000000000000, 0.000000000000000000 ) ) ;
#171 = CARTESIAN_POINT ( 'NONE',  ( 3.532332510810047843, 20.00000000000000000, -3.532332510810048287 ) ) ;
#172 = CARTESIAN_POINT ( 'NONE',  ( -3.532332510810049175, 20.00000000000000000, -0.004166666666667291977 ) ) ;
#173 = CARTESIAN_POINT ( 'NONE',  ( 1.379999999999999449, 9.768344573749500270, -5.549999999999999822 ) ) ;
#174 = AXIS2_PLACEMENT_3D ( 'NONE', #5357, #330, #7106 ) ;
#175 = ADVANCED_FACE ( 'NONE', ( #5095 ), #6314, .T. ) ;
#176 = VECTOR ( 'NONE', #5464, 1000.000000000000000 ) ;
#177 = CARTESIAN_POINT ( 'NONE',  ( -0.08439948989055560957, 20.00000000000000000, 6.449946824177318128 ) ) ;
#178 = EDGE_CURVE ( 'NONE', #7167, #6085, #5756, .T. ) ;
#179 = EDGE_CURVE ( 'NONE', #3026, #3749, #4070, .T. ) ;
#180 = LINE ( 'NONE', #4667, #5686 ) ;
#181 = CARTESIAN_POINT ( 'NONE',  ( 1.379999999999999671, 12.34999999999999964, -2.027069063257456172 ) ) ;
#182 = AXIS2_PLACEMENT_3D ( 'NONE', #3094, #784, #3616 ) ;
#183 = ORIENTED_EDGE ( 'NONE', *, *, #4396, .F. ) ;
#184 = CARTESIAN_POINT ( 'NONE',  ( 0.000000000000000000, -1.299999999999985167, 0.000000000000000000 ) ) ;
#185 = VERTEX_POINT ( 'NONE', #5794 ) ;
#186 = CARTESIAN_POINT ( 'NONE',  ( -2.179449471770337432, 1.500000000000000444, -4.500000000000000000 ) ) ;
#187 = ORIENTED_EDGE ( 'NONE', *, *, #810, .T. ) ;
#188 = AXIS2_PLACEMENT_3D ( 'NONE', #1227, #1378, #5718 ) ;
#189 = EDGE_CURVE ( 'NONE', #3532, #7189, #6303, .T. ) ;
#190 = EDGE_CURVE ( 'NONE', #7148, #638, #6372, .T. ) ;
#191 = CARTESIAN_POINT ( 'NONE',  ( 1.432494234453373316, 21.09331694821755221, 3.532332510810049619 ) ) ;
#192 = CARTESIAN_POINT ( 'NONE',  ( 1.854166666666501095, 22.99999999999999645, 4.552982615442289216 ) ) ;
#193 = VECTOR ( 'NONE', #6249, 1000.000000000000000 ) ;
#194 = ORIENTED_EDGE ( 'NONE', *, *, #3502, .T. ) ;
#195 = ORIENTED_EDGE ( 'NONE', *, *, #3039, .F. ) ;
#196 = CARTESIAN_POINT ( 'NONE',  ( 0.000000000000000000, 7.500000000000000000, 0.000000000000000000 ) ) ;
#197 = VECTOR ( 'NONE', #5359, 1000.000000000000000 ) ;
#198 = DIRECTION ( 'NONE',  ( 0.000000000000000000, 0.000000000000000000, 1.000000000000000000 ) ) ;
#199 = EDGE_CURVE ( 'NONE', #2759, #1061, #1050, .T. ) ;
#200 = VECTOR ( 'NONE', #75, 1000.000000000000000 ) ;
#201 = CYLINDRICAL_SURFACE ( 'NONE', #300, 0.01999999999999999001 ) ;
#202 = FACE_OUTER_BOUND ( 'NONE', #2118, .T. ) ;
#203 = ORIENTED_EDGE ( 'NONE', *, *, #5519, .F. ) ;
#204 = ORIENTED_EDGE ( 'NONE', *, *, #1206, .T. ) ;
#205 = CARTESIAN_POINT ( 'NONE',  ( -3.266464433174220527, 0.000000000000000000, 3.266464433174222304 ) ) ;
#206 = CARTESIAN_POINT ( 'NONE',  ( 3.532332510810048731, 20.99628441603783813, -1.381766491401939412 ) ) ;
#207 = FACE_OUTER_BOUND ( 'NONE', #3246, .T. ) ;
#208 = ORIENTED_EDGE ( 'NONE', *, *, #3013, .F. ) ;
#209 = DIRECTION ( 'NONE',  ( 0.000000000000000000, 1.000000000000000000, -0.000000000000000000 ) ) ;
#210 = ORIENTED_EDGE ( 'NONE', *, *, #5181, .T. ) ;
#211 = CARTESIAN_POINT ( 'NONE',  ( 1.399999999999999689, 12.34999999999999964, 4.343903740188081564 ) ) ;
#212 = CARTESIAN_POINT ( 'NONE',  ( 0.000000000000000000, 12.50000000000000000, 4.343903740188081564 ) ) ;
#213 = CARTESIAN_POINT ( 'NONE',  ( 1.854166666666499763, 19.99999999999999645, -4.501950110210678702 ) ) ;
#214 = LINE ( 'NONE', #1718, #962 ) ;
#215 = PLANE ( 'NONE',  #6730 ) ;
#216 = CARTESIAN_POINT ( 'NONE',  ( 1.399999999999999689, 9.670245855868245144, 5.485303232940223594 ) ) ;
#217 = ADVANCED_FACE ( 'NONE', ( #2954 ), #248, .T. ) ;
#218 = CARTESIAN_POINT ( 'NONE',  ( -3.266464433174221416, 0.000000000000000000, -3.266464433174220527 ) ) ;
#219 = ORIENTED_EDGE ( 'NONE', *, *, #355, .T. ) ;
#220 = DIRECTION ( 'NONE',  ( 0.000000000000000000, 0.000000000000000000, -1.000000000000000000 ) ) ;
#221 = ORIENTED_EDGE ( 'NONE', *, *, #2495, .F. ) ;
#222 = CARTESIAN_POINT ( 'NONE',  ( 3.266464433174221416, 29.00000000000000000, -3.266464433174220527 ) ) ;
#223 = ADVANCED_FACE ( 'NONE', ( #6261 ), #1233, .F. ) ;
#224 = EDGE_CURVE ( 'NONE', #6719, #4767, #3627, .T. ) ;
#225 = DIRECTION ( 'NONE',  ( 0.000000000000000000, 0.000000000000000000, 1.000000000000000000 ) ) ;
#226 = FACE_OUTER_BOUND ( 'NONE', #3415, .T. ) ;
#227 = ORIENTED_EDGE ( 'NONE', *, *, #1106, .T. ) ;
#228 = EDGE_CURVE ( 'NONE', #4011, #2508, #3696, .T. ) ;
#229 = VERTEX_POINT ( 'NONE', #4662 ) ;
#230 = CARTESIAN_POINT ( 'NONE',  ( -1.400000000000000133, 11.43165542625050435, 5.549999999999999822 ) ) ;
#231 = LINE ( 'NONE', #4746, #6017 ) ;
#232 = CIRCLE ( 'NONE', #6097, 0.1499999999999999667 ) ;
#233 = CARTESIAN_POINT ( 'NONE',  ( -6.594282824706734658, 22.99999999999999645, -1.854166666666667407 ) ) ;
#234 = DIRECTION ( 'NONE',  ( 0.7071067811865475727, 0.000000000000000000, -0.7071067811865475727 ) ) ;
#235 = ORIENTED_EDGE ( 'NONE', *, *, #7172, .T. ) ;
#236 = ADVANCED_FACE ( 'NONE', ( #5831 ), #6951, .T. ) ;
#237 = DIRECTION ( 'NONE',  ( 0.000000000000000000, 0.000000000000000000, 1.000000000000000000 ) ) ;
#238 = ORIENTED_EDGE ( 'NONE', *, *, #1614, .T. ) ;
#239 = VECTOR ( 'NONE', #6005, 1000.000000000000000 ) ;
#240 = LINE ( 'NONE', #6873, #4263 ) ;
#241 = CARTESIAN_POINT ( 'NONE',  ( 1.148835587444557049, 20.62723288566003532, 3.532332510810049175 ) ) ;
#242 = DIRECTION ( 'NONE',  ( 0.000000000000000000, 0.000000000000000000, -1.000000000000000000 ) ) ;
#243 = ORIENTED_EDGE ( 'NONE', *, *, #1336, .F. ) ;
#244 = CIRCLE ( 'NONE', #4828, 8.750000000000001776 ) ;
#245 = CARTESIAN_POINT ( 'NONE',  ( 1.379999999999999671, 6.625340151904198116, 0.9208900253173666339 ) ) ;
#246 = VERTEX_POINT ( 'NONE', #5723 ) ;
#247 = CARTESIAN_POINT ( 'NONE',  ( 5.624665225306115346, 19.99999999999999645, 0.004166666666666024761 ) ) ;
#248 = CYLINDRICAL_SURFACE ( 'NONE', #4, 0.01999999999999999001 ) ;
#249 = DIRECTION ( 'NONE',  ( 2.803295164711174453E-15, 0.5961196035938423066, -0.8028956459037004390 ) ) ;
#250 = FACE_OUTER_BOUND ( 'NONE', #160, .T. ) ;
#251 = AXIS2_PLACEMENT_3D ( 'NONE', #3856, #6566, #485 ) ;
#252 = CARTESIAN_POINT ( 'NONE',  ( -0.8778117339736473124, 20.35555961700071492, 6.437841611367545624 ) ) ;
#253 = CARTESIAN_POINT ( 'NONE',  ( 6.482479227492716767, 21.96644591800467694, 1.740979873179211879 ) ) ;
#254 = DIRECTION ( 'NONE',  ( 0.000000000000000000, 0.000000000000000000, 1.000000000000000000 ) ) ;
#255 = EDGE_LOOP ( 'NONE', ( #1543, #488, #1450, #219 ) ) ;
#256 = DIRECTION ( 'NONE',  ( -0.6936187941687647074, -0.000000000000000000, 0.7203422578024066825 ) ) ;
#257 = EDGE_LOOP ( 'NONE', ( #4538, #2742 ) ) ;
#258 = CARTESIAN_POINT ( 'NONE',  ( 1.399999999999999689, 6.649999999999999467, 4.400000000000000355 ) ) ;
#259 = B_SPLINE_CURVE_WITH_KNOTS ( 'NONE', 3,
 ( #3489, #4626, #692, #6419, #6308, #5762, #5840, #3076, #4732, #838, #5280, #4183, #1313, #141, #2519, #6847, #1239, #2414, #1387, #3632, #4776, #1939, #3599, #765, #3561, #1826, #5175, #5872, #253, #1353, #5319, #1976, #3523, #6997 ),
 .UNSPECIFIED., .F., .F.,
 ( 4, 1, 1, 2, 2, 1, 1, 1, 2, 2, 2, 1, 1, 1, 2, 2, 2, 1, 1, 2, 2, 4 ),
 ( 0.000000000000000000, 0.06250000000000301148, 0.09375000000000421885, 0.1093750000000048295, 0.1250000000000054401, 0.1875000000000066613, 0.2187500000000072997, 0.2343750000000075773, 0.2421875000000085210, 0.2500000000000094924, 0.3750000000000253131, 0.4375000000000343614, 0.4687500000000399680, 0.4843750000000416334, 0.4921875000000414113, 0.5000000000000411893, 0.6250000000000320854, 0.6875000000000263123, 0.7187500000000234257, 0.7343750000000232037, 0.7500000000000228706, 1.000000000000000000 ),
 .UNSPECIFIED. ) ;
#260 = CARTESIAN_POINT ( 'NONE',  ( 3.371095403779720723, 1.616491533522731894, 6.867199217059265060 ) ) ;
#261 = CARTESIAN_POINT ( 'NONE',  ( 9.368548013477250272E-16, 6.500000000000000000, 7.650000000000000355 ) ) ;
#262 = EDGE_CURVE ( 'NONE', #1181, #4077, #2366, .T. ) ;
#263 = ORIENTED_EDGE ( 'NONE', *, *, #5130, .F. ) ;
#264 = ORIENTED_EDGE ( 'NONE', *, *, #854, .T. ) ;
#265 = CARTESIAN_POINT ( 'NONE',  ( -4.552982615442273229, 22.99999999999998934, 1.854166666666666963 ) ) ;
#266 = B_SPLINE_CURVE_WITH_KNOTS ( 'NONE', 3,
 ( #3738, #434, #968, #3845, #1526, #6004, #4947, #2180, #6521, #3249, #1598, #935, #1493, #6585, #6111, #5531, #2664, #6079, #5417, #4913, #5496, #7135, #2110, #4357, #1559, #2732, #1077, #4876, #3877, #393, #2621, #4977, #6040, #1008, #473, #2695, #1045 ),
 .UNSPECIFIED., .F., .F.,
 ( 4, 2, 1, 1, 2, 2, 2, 1, 1, 1, 2, 2, 2, 2, 1, 1, 2, 2, 1, 1, 2, 2, 4 ),
 ( 0.000000000000000000, 0.1250000000000046352, 0.1875000000000069389, 0.2187500000000067724, 0.2343750000000066891, 0.2500000000000066058, 0.3749999999999935607, 0.4374999999999870659, 0.4687499999999837907, 0.4843749999999834577, 0.4921874999999832356, 0.4999999999999830136, 0.6249999999999885647, 0.6874999999999924505, 0.7187499999999943379, 0.7343749999999962252, 0.7421874999999972244, 0.7499999999999981126, 0.8125000000000023315, 0.8437500000000037748, 0.8593750000000038858, 0.8750000000000039968, 1.000000000000000000 ),
 .UNSPECIFIED. ) ;
#267 = CARTESIAN_POINT ( 'NONE',  ( 0.000000000000000000, 9.500000000000005329, 0.000000000000000000 ) ) ;
#268 = APPLICATION_CONTEXT ( 'automotive_design' ) ;
#269 = DIRECTION ( 'NONE',  ( 0.000000000000000000, -0.000000000000000000, 1.000000000000000000 ) ) ;
#270 = ADVANCED_FACE ( 'NONE', ( #1308 ), #4178, .T. ) ;
#271 = CYLINDRICAL_SURFACE ( 'NONE', #767, 0.01999999999999992062 ) ;
#272 = EDGE_CURVE ( 'NONE', #1926, #5779, #2804, .T. ) ;
#273 = DIRECTION ( 'NONE',  ( -0.7071067811865474617, 0.000000000000000000, -0.7071067811865474617 ) ) ;
#274 = ORIENTED_EDGE ( 'NONE', *, *, #2737, .F. ) ;
#275 = ORIENTED_EDGE ( 'NONE', *, *, #3904, .T. ) ;
#276 = AXIS2_PLACEMENT_3D ( 'NONE', #3182, #6485, #3741 ) ;
#277 = COLOUR_RGB ( '',0.7921568627450980005, 0.8196078431372548767, 0.9333333333333333481 ) ;
#278 = DIRECTION ( 'NONE',  ( -0.000000000000000000, 1.000000000000000000, 0.000000000000000000 ) ) ;
#279 = AXIS2_PLACEMENT_3D ( 'NONE', #1446, #3064, #1920 ) ;
#280 = CARTESIAN_POINT ( 'NONE',  ( 0.4373813870861388287, 20.08322537932067675, 3.532332510810050064 ) ) ;
#281 = EDGE_CURVE ( 'NONE', #1298, #4065, #2368, .T. ) ;
#282 = ADVANCED_FACE ( 'NONE', ( #1418 ), #5939, .F. ) ;
#283 = CARTESIAN_POINT ( 'NONE',  ( -0.4373813870861358866, 20.08322537932067320, -3.532332510810049619 ) ) ;
#284 = ORIENTED_EDGE ( 'NONE', *, *, #2777, .T. ) ;
#285 = LINE ( 'NONE', #6986, #1240 ) ;
#286 = ORIENTED_EDGE ( 'NONE', *, *, #5255, .T. ) ;
#287 = DIRECTION ( 'NONE',  ( 0.000000000000000000, 0.000000000000000000, -1.000000000000000000 ) ) ;
#288 = DIRECTION ( 'NONE',  ( -0.7071067811865496822, 0.000000000000000000, 0.7071067811865453523 ) ) ;
#289 = CARTESIAN_POINT ( 'NONE',  ( 1.854166666666499763, 22.99999999999999645, -4.501950110210682254 ) ) ;
#290 = CARTESIAN_POINT ( 'NONE',  ( -3.405877273185280885, 6.500000000000000000, 6.850000000000000533 ) ) ;
#291 = VECTOR ( 'NONE', #7240, 1000.000000000000000 ) ;
#292 = CARTESIAN_POINT ( 'NONE',  ( 1.379999999999999671, 12.50000000000000000, -2.027069063257456172 ) ) ;
#293 = LINE ( 'NONE', #2376, #2279 ) ;
#294 = DIRECTION ( 'NONE',  ( -1.000000000000000000, -2.168404344971008252E-17, -8.673617379884035472E-17 ) ) ;
#295 = CARTESIAN_POINT ( 'NONE',  ( 0.4382450456045795528, 20.08356111737320759, -6.446291019545975054 ) ) ;
#296 = ORIENTED_EDGE ( 'NONE', *, *, #3543, .T. ) ;
#297 = CARTESIAN_POINT ( 'NONE',  ( 1.379999999999999671, 6.649999999999999467, -0.7729309367425445387 ) ) ;
#298 = VERTEX_POINT ( 'NONE', #435 ) ;
#299 = DIRECTION ( 'NONE',  ( 0.000000000000000000, 0.6561787149247684248, -0.7546055221635205035 ) ) ;
#300 = AXIS2_PLACEMENT_3D ( 'NONE', #7013, #1404, #5855 ) ;
#301 = CARTESIAN_POINT ( 'NONE',  ( -2.435362535369392845, 8.000000000000000000, 7.252000366886310445 ) ) ;
#302 = AXIS2_PLACEMENT_3D ( 'NONE', #5184, #5290, #5770 ) ;
#303 = DIRECTION ( 'NONE',  ( 2.168404344971008252E-17, -1.000000000000000000, 0.000000000000000000 ) ) ;
#304 = ORIENTED_EDGE ( 'NONE', *, *, #2385, .F. ) ;
#305 = PRODUCT ( 'PJOINT_collar_V2_0', 'PJOINT_collar_V2_0', '', ( #6171 ) ) ;
#306 = ORIENTED_EDGE ( 'NONE', *, *, #7231, .T. ) ;
#307 = DIRECTION ( 'NONE',  ( 0.000000000000000000, 0.000000000000000000, -1.000000000000000000 ) ) ;
#308 = AXIS2_PLACEMENT_3D ( 'NONE', #6549, #4762, #1521 ) ;
#309 = CARTESIAN_POINT ( 'NONE',  ( -1.854166666666499319, 28.99999999999999645, 7.421897733883353609 ) ) ;
#310 = VECTOR ( 'NONE', #3233, 1000.000000000000000 ) ;
#311 = CARTESIAN_POINT ( 'NONE',  ( 4.500000000000000000, 7.499999999999998224, 2.179449471770337432 ) ) ;
#312 = DIRECTION ( 'NONE',  ( -0.7071067811865475727, 0.000000000000000000, 0.7071067811865475727 ) ) ;
#313 = ORIENTED_EDGE ( 'NONE', *, *, #4984, .T. ) ;
#314 = CIRCLE ( 'NONE', #661, 0.01999999999999999695 ) ;
#315 = ORIENTED_EDGE ( 'NONE', *, *, #5984, .T. ) ;
#316 = FACE_OUTER_BOUND ( 'NONE', #1481, .T. ) ;
#317 = EDGE_CURVE ( 'NONE', #229, #4154, #2026, .T. ) ;
#318 = SHAPE_REPRESENTATION ( 'Prismatic_Joint_KitV2', ( #3607, #5128, #3955, #3840, #4661, #5946 ), #3367 ) ;
#319 = EDGE_CURVE ( 'NONE', #5041, #1606, #4747, .T. ) ;
#320 = TOROIDAL_SURFACE ( 'NONE', #5594, 0.1699999999999999845, 0.02000000000000000042 ) ;
#321 = FACE_OUTER_BOUND ( 'NONE', #3424, .T. ) ;
#322 = ORIENTED_EDGE ( 'NONE', *, *, #6277, .T. ) ;
#323 = AXIS2_PLACEMENT_3D ( 'NONE', #720, #2952, #1714 ) ;
#324 = DIRECTION ( 'NONE',  ( 1.000000000000000000, 0.000000000000000000, 0.000000000000000000 ) ) ;
#326 = VERTEX_POINT ( 'NONE', #5418 ) ;
#325 = EDGE_CURVE ( 'NONE', #5339, #4048, #2665, .T. ) ;
#327 = DIRECTION ( 'NONE',  ( 0.000000000000000000, 0.9863939238321415282, 0.1643989873053704753 ) ) ;
#328 = PLANE ( 'NONE',  #4151 ) ;
#329 = DIRECTION ( 'NONE',  ( 0.7203422578024066825, 0.000000000000000000, 0.6936187941687647074 ) ) ;
#330 = DIRECTION ( 'NONE',  ( 0.7071067811865453523, -5.273559366969487158E-17, 0.7071067811865497932 ) ) ;
#331 = CARTESIAN_POINT ( 'NONE',  ( 0.000000000000000000, 2.428148006742123943, -8.750000000000000000 ) ) ;
#332 = CARTESIAN_POINT ( 'NONE',  ( -3.302397983560361183, 1.563623187575864382, 6.900591489566306969 ) ) ;
#333 = DIRECTION ( 'NONE',  ( 0.000000000000000000, 0.000000000000000000, -1.000000000000000000 ) ) ;
#334 = ORIENTED_EDGE ( 'NONE', *, *, #3609, .T. ) ;
#335 = CARTESIAN_POINT ( 'NONE',  ( 2.986171345291897872, 3.090000000000000746, 5.107491688851538925 ) ) ;
#336 = VERTEX_POINT ( 'NONE', #2510 ) ;
#337 = ADVANCED_FACE ( 'NONE', ( #4806 ), #3664, .T. ) ;
#338 = CARTESIAN_POINT ( 'NONE',  ( 5.087985294887773513, 3.021034482758621298, 2.966664951328128907 ) ) ;
#339 = DIRECTION ( 'NONE',  ( -0.000000000000000000, -1.000000000000000000, -0.000000000000000000 ) ) ;
#340 = VERTEX_POINT ( 'NONE', #3110 ) ;
#341 = CARTESIAN_POINT ( 'NONE',  ( 0.000000000000000000, 0.000000000000000000, 0.000000000000000000 ) ) ;
#342 = ORIENTED_EDGE ( 'NONE', *, *, #6073, .F. ) ;
#343 = CARTESIAN_POINT ( 'NONE',  ( -3.532332510810048731, 23.00000000000000000, 1.854166666666666741 ) ) ;
#344 = CARTESIAN_POINT ( 'NONE',  ( 0.000000000000000000, 0.000000000000000000, 0.000000000000000000 ) ) ;
#345 = FACE_OUTER_BOUND ( 'NONE', #4639, .T. ) ;
#346 = FACE_OUTER_BOUND ( 'NONE', #2467, .T. ) ;
#347 = DIRECTION ( 'NONE',  ( -1.000000000000000000, -0.000000000000000000, -0.000000000000000000 ) ) ;
#348 = VERTEX_POINT ( 'NONE', #5386 ) ;
#349 = ORIENTED_EDGE ( 'NONE', *, *, #4319, .F. ) ;
#350 = CARTESIAN_POINT ( 'NONE',  ( -3.354731286224077902, 1.601558808504983666, -6.875221135459822719 ) ) ;
#351 = B_SPLINE_CURVE_WITH_KNOTS ( 'NONE', 3,
 ( #5822, #4754, #3311, #928, #2037, #7161, #2656, #4383, #6614, #7129 ),
 .UNSPECIFIED., .F., .F.,
 ( 4, 3, 3, 4 ),
 ( -2.449489749371383278E-06, 0.000000000000000000, 4.097538642259676095E-05, 8.049306843309084886E-05 ),
 .UNSPECIFIED. ) ;
#352 = EDGE_CURVE ( 'NONE', #6294, #4248, #7141, .T. ) ;
#353 = CYLINDRICAL_SURFACE ( 'NONE', #5931, 0.1499999999999999667 ) ;
#354 = VERTEX_POINT ( 'NONE', #395 ) ;
#355 = EDGE_CURVE ( 'NONE', #4657, #1900, #2622, .T. ) ;
#356 = AXIS2_PLACEMENT_3D ( 'NONE', #7062, #3772, #6991 ) ;
#357 = DIRECTION ( 'NONE',  ( 0.000000000000000000, 0.000000000000000000, 1.000000000000000000 ) ) ;
#358 = VERTEX_POINT ( 'NONE', #4878 ) ;
#359 = DIRECTION ( 'NONE',  ( 1.239088197126290817E-16, 0.000000000000000000, 1.000000000000000000 ) ) ;
#360 =( BOUNDED_SURFACE ( )  B_SPLINE_SURFACE ( 2, 3, ( 
 ( #1724, #1759, #1, #2224 ),
 ( #4481, #6706, #2263, #2892 ),
 ( #3490, #3414, #3383, #3970 ) ),
 .UNSPECIFIED., .F., .F., .T. ) 
 B_SPLINE_SURFACE_WITH_KNOTS ( ( 3, 3 ),
 ( 4, 4 ),
 ( 0.000000000000000000, 1.000000000000000000 ),
 ( -0.006747380340403892444, -0.003379234995115102790 ),
 .UNSPECIFIED. ) 
 GEOMETRIC_REPRESENTATION_ITEM ( )  RATIONAL_B_SPLINE_SURFACE ( (
 ( 1.000000000000000000, 1.000000000000000000, 1.000000000000000000, 1.000000000000000000),
 ( 0.7071067811865475727, 0.7071067811865475727, 0.7071067811865475727, 0.7071067811865475727),
 ( 1.000000000000000000, 1.000000000000000000, 1.000000000000000000, 1.000000000000000000) ) ) 
 REPRESENTATION_ITEM ( '' )  SURFACE ( )  );
#361 = CARTESIAN_POINT ( 'NONE',  ( -1.399999999999999911, 12.48000000000000220, 2.027069063257455728 ) ) ;
#362 = CARTESIAN_POINT ( 'NONE',  ( 0.000000000000000000, 28.99999999999999645, 0.000000000000000000 ) ) ;
#363 = FACE_OUTER_BOUND ( 'NONE', #4571, .T. ) ;
#364 = PRODUCT_DEFINITION_SHAPE ( 'NONE', 'NONE',  #7254 ) ;
#365 = CARTESIAN_POINT ( 'NONE',  ( -1.762588677468259757, 22.06755310009426907, 3.532332510810049175 ) ) ;
#366 = CARTESIAN_POINT ( 'NONE',  ( 3.396937244278622980, 1.653668633940834187, -6.854452907495114822 ) ) ;
#367 = LINE ( 'NONE', #4884, #6750 ) ;
#368 = CARTESIAN_POINT ( 'NONE',  ( 1.656392093152424749, 21.64693148810901135, -6.460678490412265162 ) ) ;
#369 = ORIENTED_EDGE ( 'NONE', *, *, #597, .T. ) ;
#370 = CARTESIAN_POINT ( 'NONE',  ( 0.000000000000000000, 20.00000000000000000, 0.000000000000000000 ) ) ;
#371 = ORIENTED_EDGE ( 'NONE', *, *, #3860, .T. ) ;
#372 = CARTESIAN_POINT ( 'NONE',  ( 0.000000000000000000, 12.50000000000000000, 2.027069063257455728 ) ) ;
#373 = AXIS2_PLACEMENT_3D ( 'NONE', #2755, #3269, #1620 ) ;
#374 = PRODUCT_DEFINITION ( 'UNKNOWN', '', #6412, #4563 ) ;
#375 = DIRECTION ( 'NONE',  ( -0.7203422578024066825, 0.000000000000000000, -0.6936187941687647074 ) ) ;
#376 = VERTEX_POINT ( 'NONE', #361 ) ;
#377 = EDGE_CURVE ( 'NONE', #1021, #3993, #3792, .T. ) ;
#378 = DIRECTION ( 'NONE',  ( 0.000000000000000000, 0.000000000000000000, -1.000000000000000000 ) ) ;
#379 = ORIENTED_EDGE ( 'NONE', *, *, #5073, .T. ) ;
#380 = PRESENTATION_STYLE_ASSIGNMENT (( #2535 ) ) ;
#381 = FACE_OUTER_BOUND ( 'NONE', #257, .T. ) ;
#382 = CARTESIAN_POINT ( 'NONE',  ( -1.380279994234274055, 6.500000000000000000, 0.7736979242907003895 ) ) ;
#383 = DIRECTION ( 'NONE',  ( -1.000000000000000000, 0.000000000000000000, 0.000000000000000000 ) ) ;
#384 = ORIENTED_EDGE ( 'NONE', *, *, #452, .T. ) ;
#385 = ORIENTED_EDGE ( 'NONE', *, *, #2036, .F. ) ;
#386 = CARTESIAN_POINT ( 'NONE',  ( -3.532332510810049619, 21.11310473884910621, 1.442442881217466555 ) ) ;
#387 = AXIS2_PLACEMENT_3D ( 'NONE', #1548, #6158, #4311 ) ;
#388 = DIRECTION ( 'NONE',  ( 0.000000000000000000, 0.000000000000000000, -1.000000000000000000 ) ) ;
#389 = VERTEX_POINT ( 'NONE', #5458 ) ;
#390 = AXIS2_PLACEMENT_3D ( 'NONE', #1877, #5222, #1325 ) ;
#391 = CARTESIAN_POINT ( 'NONE',  ( 0.000000000000000000, 8.000000000000000000, 0.000000000000000000 ) ) ;
#392 = VERTEX_POINT ( 'NONE', #2585 ) ;
#393 = CARTESIAN_POINT ( 'NONE',  ( 0.7208454067451649516, 20.22970490026784063, 6.441037554602900173 ) ) ;
#394 = CIRCLE ( 'NONE', #6361, 0.1700000000000000122 ) ;
#395 = CARTESIAN_POINT ( 'NONE',  ( -3.266464433174221416, 29.00000000000000000, -3.266464433174220527 ) ) ;
#396 = DIRECTION ( 'NONE',  ( 0.000000000000000000, 0.000000000000000000, 1.000000000000000000 ) ) ;
#397 = DIRECTION ( 'NONE',  ( 1.000000000000000000, 0.000000000000000000, -2.618921135550818535E-16 ) ) ;
#398 = COLOUR_RGB ( '',0.7921568627450980005, 0.8196078431372548767, 0.9333333333333333481 ) ;
#399 = CIRCLE ( 'NONE', #2959, 0.02000000000000005246 ) ;
#400 = CARTESIAN_POINT ( 'NONE',  ( -0.9111988261316807947, 20.38526912612960729, 3.532332510810049175 ) ) ;
#401 = CARTESIAN_POINT ( 'NONE',  ( -3.266464433174221416, 29.00000000000000000, -3.266464433174220527 ) ) ;
#402 = CARTESIAN_POINT ( 'NONE',  ( -6.437552247912853964, 20.36871311676793894, 0.8927983040262372771 ) ) ;
#403 = EDGE_LOOP ( 'NONE', ( #6770, #2842, #3720, #3508 ) ) ;
#404 = CARTESIAN_POINT ( 'NONE',  ( -7.247201726393521781, 3.046453914618040937, -2.450016609050683414 ) ) ;
#405 = ORIENTED_EDGE ( 'NONE', *, *, #3114, .F. ) ;
#406 = CARTESIAN_POINT ( 'NONE',  ( 0.000000000000000000, 8.000000000000000000, 0.000000000000000000 ) ) ;
#407 = EDGE_CURVE ( 'NONE', #5911, #6325, #2550, .T. ) ;
#408 = EDGE_CURVE ( 'NONE', #3611, #2216, #232, .T. ) ;
#409 = ADVANCED_FACE ( 'NONE', ( #6483 ), #6676, .T. ) ;
#410 = EDGE_CURVE ( 'NONE', #5918, #4814, #1667, .T. ) ;
#411 =( REPRESENTATION_RELATIONSHIP ('NONE','NONE', #318, #6353 ) REPRESENTATION_RELATIONSHIP_WITH_TRANSFORMATION ( #115 )SHAPE_REPRESENTATION_RELATIONSHIP( ) );
#412 = LINE ( 'NONE', #2602, #3930 ) ;
#413 = ORIENTED_EDGE ( 'NONE', *, *, #1160, .F. ) ;
#414 = CARTESIAN_POINT ( 'NONE',  ( 7.147016739317312961, 26.99986408759120593, 1.854166666666666075 ) ) ;
#415 = AXIS2_PLACEMENT_3D ( 'NONE', #609, #2836, #6874 ) ;
#416 = ORIENTED_EDGE ( 'NONE', *, *, #3141, .F. ) ;
#417 = CARTESIAN_POINT ( 'NONE',  ( -2.291287847478249429, 8.000000000000000000, 4.999999999999999112 ) ) ;
#418 = DIRECTION ( 'NONE',  ( 0.000000000000000000, -0.000000000000000000, 1.000000000000000000 ) ) ;
#419 = EDGE_CURVE ( 'NONE', #2854, #4763, #4542, .T. ) ;
#420 = CARTESIAN_POINT ( 'NONE',  ( 1.071565949253934124E-15, 2.428148006742123943, 8.750000000000000000 ) ) ;
#421 = AXIS2_PLACEMENT_3D ( 'NONE', #1938, #6418, #2960 ) ;
#422 = DIRECTION ( 'NONE',  ( -0.000000000000000000, -1.000000000000000000, -0.000000000000000000 ) ) ;
#423 = VECTOR ( 'NONE', #3969, 1000.000000000000114 ) ;
#424 = ORIENTED_EDGE ( 'NONE', *, *, #6458, .F. ) ;
#425 = AXIS2_PLACEMENT_3D ( 'NONE', #1210, #6716, #7232 ) ;
#426 = EDGE_CURVE ( 'NONE', #6781, #1098, #3250, .T. ) ;
#427 = CARTESIAN_POINT ( 'NONE',  ( -3.532332510810049619, 20.45767258388155341, 0.9943905942751403160 ) ) ;
#428 = AXIS2_PLACEMENT_3D ( 'NONE', #2039, #2076, #4320 ) ;
#429 = CARTESIAN_POINT ( 'NONE',  ( -0.6513562542287232304, 20.18509723848356785, -3.532332510810046955 ) ) ;
#430 = ORIENTED_EDGE ( 'NONE', *, *, #976, .T. ) ;
#431 = CIRCLE ( 'NONE', #5705, 7.650000000000000355 ) ;
#432 = DIRECTION ( 'NONE',  ( 0.000000000000000000, 0.000000000000000000, -1.000000000000000000 ) ) ;
#433 = EDGE_LOOP ( 'NONE', ( #4471, #5743, #1748, #4338 ) ) ;
#434 = CARTESIAN_POINT ( 'NONE',  ( 1.854166666666501984, 22.83637042272694728, 6.571619503885482771 ) ) ;
#435 = CARTESIAN_POINT ( 'NONE',  ( -1.400000000000000133, 8.631655426250503638, -4.379999999999998117 ) ) ;
#436 = CARTESIAN_POINT ( 'NONE',  ( 1.379999999999999671, 11.54484625457503100, -5.498426807238717906 ) ) ;
#437 = CIRCLE ( 'NONE', #2070, 9.572000088211025215 ) ;
#438 = DIRECTION ( 'NONE',  ( 1.000000000000000000, 2.168404344971008252E-17, 8.673617379884035472E-17 ) ) ;
#439 = CYLINDRICAL_SURFACE ( 'NONE', #5098, 0.1499999999999999667 ) ;
#440 = VECTOR ( 'NONE', #6227, 1000.000000000000000 ) ;
#441 = EDGE_CURVE ( 'NONE', #6675, #2419, #6143, .T. ) ;
#442 = FACE_OUTER_BOUND ( 'NONE', #1999, .T. ) ;
#443 = AXIS2_PLACEMENT_3D ( 'NONE', #391, #6002, #4386 ) ;
#444 = EDGE_LOOP ( 'NONE', ( #2209, #3493, #3428, #3088 ) ) ;
#445 = CARTESIAN_POINT ( 'NONE',  ( -3.379234995115214968, 22.99999999999999645, -1.854166666666667407 ) ) ;
#446 = CARTESIAN_POINT ( 'NONE',  ( -6.439720414820113703, 21.14765308476522776, 1.459418320901582300 ) ) ;
#447 = ORIENTED_EDGE ( 'NONE', *, *, #6427, .F. ) ;
#448 = CARTESIAN_POINT ( 'NONE',  ( 0.000000000000000000, 1.500000000000000444, 0.000000000000000000 ) ) ;
#449 = EDGE_LOOP ( 'NONE', ( #2394, #6358, #5719, #2294 ) ) ;
#450 = PLANE ( 'NONE',  #6109 ) ;
#451 = AXIS2_PLACEMENT_3D ( 'NONE', #4068, #6302, #3517 ) ;
#452 = EDGE_CURVE ( 'NONE', #2574, #6110, #5497, .T. ) ;
#453 = LINE ( 'NONE', #4303, #5449 ) ;
#454 = LINE ( 'NONE', #5955, #1235 ) ;
#455 = ORIENTED_EDGE ( 'NONE', *, *, #1789, .F. ) ;
#456 = DIRECTION ( 'NONE',  ( 0.000000000000000000, -0.1643989873053572637, -0.9863939238321437486 ) ) ;
#457 = UNCERTAINTY_MEASURE_WITH_UNIT (LENGTH_MEASURE( 1.000000000000000082E-05 ), #1327, 'distance_accuracy_value', 'NONE');
#458 = EDGE_CURVE ( 'NONE', #6578, #4767, #4433, .T. ) ;
#459 = CARTESIAN_POINT ( 'NONE',  ( -0.8986573141998828174, 20.37394550791021786, -6.437440052331058205 ) ) ;
#460 = ORIENTED_EDGE ( 'NONE', *, *, #6278, .F. ) ;
#461 = DIRECTION ( 'NONE',  ( -0.000000000000000000, 0.6561787149247684248, 0.7546055221635205035 ) ) ;
#462 = EDGE_CURVE ( 'NONE', #6452, #6201, #4932, .T. ) ;
#463 = DIRECTION ( 'NONE',  ( -0.000000000000000000, -1.000000000000000000, 0.000000000000000000 ) ) ;
#464 = ORIENTED_EDGE ( 'NONE', *, *, #675, .F. ) ;
#465 = ADVANCED_FACE ( 'NONE', ( #474 ), #5532, .F. ) ;
#466 = CARTESIAN_POINT ( 'NONE',  ( -3.532332510810049175, 21.96222903332325060, 1.740025270403908308 ) ) ;
#467 = ADVANCED_FACE ( 'NONE', ( #6623 ), #1631, .T. ) ;
#468 = EDGE_CURVE ( 'NONE', #2798, #4586, #5043, .T. ) ;
#469 = CARTESIAN_POINT ( 'NONE',  ( -1.740025270403741331, 21.96222903332326482, -3.532332510810048287 ) ) ;
#470 = ORIENTED_EDGE ( 'NONE', *, *, #6679, .T. ) ;
#471 = DIRECTION ( 'NONE',  ( -1.000000000000000000, -0.000000000000000000, -0.000000000000000000 ) ) ;
#472 = EDGE_LOOP ( 'NONE', ( #5970, #3070, #84, #3195, #6788, #4970 ) ) ;
#473 = CARTESIAN_POINT ( 'NONE',  ( 0.3224265684403818111, 20.03329218668983458, 6.448241193902576995 ) ) ;
#474 = FACE_OUTER_BOUND ( 'NONE', #1287, .T. ) ;
#475 = DIRECTION ( 'NONE',  ( -1.227746447048803788E-16, 0.000000000000000000, -1.000000000000000000 ) ) ;
#476 = DIRECTION ( 'NONE',  ( 1.000000000000000000, 2.168404344971008252E-17, -8.673617379884035472E-17 ) ) ;
#477 = CARTESIAN_POINT ( 'NONE',  ( 0.5997044956002866023, 20.15855577847200308, -3.532332510810046955 ) ) ;
#478 = AXIS2_PLACEMENT_3D ( 'NONE', #6112, #2767, #6692 ) ;
#479 = LINE ( 'NONE', #3744, #1350 ) ;
#480 = ORIENTED_EDGE ( 'NONE', *, *, #4863, .F. ) ;
#481 = FACE_OUTER_BOUND ( 'NONE', #4025, .T. ) ;
#482 = EDGE_LOOP ( 'NONE', ( #4003, #3790, #2870, #978 ) ) ;
#483 = DIRECTION ( 'NONE',  ( 0.000000000000000000, -0.6561787149247869655, 0.7546055221635044052 ) ) ;
#484 = ORIENTED_EDGE ( 'NONE', *, *, #190, .T. ) ;
#485 = DIRECTION ( 'NONE',  ( 0.000000000000000000, 0.000000000000000000, -1.000000000000000000 ) ) ;
#486 = CLOSED_SHELL ( 'NONE', ( #995, #4315, #754, #5344, #2941, #6, #4759, #6270, #863, #1331, #1033, #1497, #6942, #1870, #1697, #6625, #7039, #89, #6651, #2024, #282, #6933, #6159, #4097, #3230, #1836, #1209, #4495, #6058, #3505, #6498, #1042, #4625, #4130, #7213, #6059, #6684, #7092, #2684, #4668, #4120, #4371, #2430, #5966, #4355, #4423, #3596, #2361, #910, #5197, #3812, #1661, #236, #3695, #39, #628, #1880, #409, #6188, #5777, #6907, #6145, #2018, #7223, #3835, #217, #1171, #5203, #961, #711, #3461, #7207, #7127, #798, #5217, #6369, #5432, #1830, #6548, #2144, #4800, #1479, #3142, #1069, #5748, #5535, #1345, #1577, #543, #6954, #5846, #2322 ) ) ;
#487 = DIRECTION ( 'NONE',  ( 0.000000000000000000, 0.000000000000000000, 1.000000000000000000 ) ) ;
#488 = ORIENTED_EDGE ( 'NONE', *, *, #1799, .T. ) ;
#489 = CARTESIAN_POINT ( 'NONE',  ( 1.397319086605161464, 6.500000000000000000, 0.8267289123675667373 ) ) ;
#490 = CARTESIAN_POINT ( 'NONE',  ( -3.532332510810048731, 23.00000000000000000, 1.854166666666666741 ) ) ;
#491 = ORIENTED_EDGE ( 'NONE', *, *, #5793, .F. ) ;
#492 = CARTESIAN_POINT ( 'NONE',  ( -1.379999999999999893, 8.744846254575030287, -4.451573192761281383 ) ) ;
#493 = VECTOR ( 'NONE', #7011, 1000.000000000000000 ) ;
#494 = DIRECTION ( 'NONE',  ( 0.000000000000000000, 0.7546055221635050714, -0.6561787149247864104 ) ) ;
#495 = VECTOR ( 'NONE', #4476, 1000.000000000000000 ) ;
#496 = DIRECTION ( 'NONE',  ( 0.000000000000000000, 0.000000000000000000, -1.000000000000000000 ) ) ;
#497 = VERTEX_POINT ( 'NONE', #2696 ) ;
#498 = CARTESIAN_POINT ( 'NONE',  ( -3.532332510810049175, 21.90082051997008250, 1.725939041233455207 ) ) ;
#499 = ADVANCED_FACE ( 'NONE', ( #2734 ), #1875, .T. ) ;
#500 = EDGE_CURVE ( 'NONE', #728, #6643, #505, .T. ) ;
#501 = CARTESIAN_POINT ( 'NONE',  ( -1.442442881217298245, 21.11310473884911332, -3.532332510810048731 ) ) ;
#502 = VERTEX_POINT ( 'NONE', #4465 ) ;
#503 = ORIENTED_EDGE ( 'NONE', *, *, #6672, .F. ) ;
#504 = CARTESIAN_POINT ( 'NONE',  ( 0.000000000000000000, 0.000000000000000000, -7.650000000000000355 ) ) ;
#505 = LINE ( 'NONE', #3325, #6789 ) ;
#506 = CARTESIAN_POINT ( 'NONE',  ( -1.379999999999999671, 6.649999999999999467, -0.7729309367425445387 ) ) ;
#507 = ADVANCED_FACE ( 'NONE', ( #3878 ), #2145, .T. ) ;
#508 = CARTESIAN_POINT ( 'NONE',  ( 7.421897733883311865, 28.99999999999999645, -1.854166666666667407 ) ) ;
#509 = EDGE_CURVE ( 'NONE', #1572, #5949, #4577, .T. ) ;
#510 = AXIS2_PLACEMENT_3D ( 'NONE', #1475, #6574, #5486 ) ;
#511 = CARTESIAN_POINT ( 'NONE',  ( 1.469733070299342303, 21.16916132559190089, -3.532332510810048287 ) ) ;
#512 = CARTESIAN_POINT ( 'NONE',  ( 1.379999999999999671, 0.000000000000000000, 5.549999999999999822 ) ) ;
#513 = VERTEX_POINT ( 'NONE', #2243 ) ;
#514 = DIRECTION ( 'NONE',  ( -1.000000000000000000, 0.000000000000000000, 0.000000000000000000 ) ) ;
#515 = ORIENTED_EDGE ( 'NONE', *, *, #6293, .F. ) ;
#516 = DIRECTION ( 'NONE',  ( 0.000000000000000000, 0.000000000000000000, 1.000000000000000000 ) ) ;
#517 = CARTESIAN_POINT ( 'NONE',  ( -3.532332510810049175, 28.99999999999999645, 4.336808689942018722E-16 ) ) ;
#518 = CARTESIAN_POINT ( 'NONE',  ( 0.000000000000000000, -0.2530312966042072564, 8.130416393433844036 ) ) ;
#519 =( GEOMETRIC_REPRESENTATION_CONTEXT ( 3 ) GLOBAL_UNCERTAINTY_ASSIGNED_CONTEXT ( ( #457 ) ) GLOBAL_UNIT_ASSIGNED_CONTEXT ( ( #1327, #5814, #1847 ) ) REPRESENTATION_CONTEXT ( 'NONE', 'WORKASPACE' ) );
#520 = EDGE_CURVE ( 'NONE', #5661, #2109, #1599, .T. ) ;
#521 = VECTOR ( 'NONE', #4167, 1000.000000000000000 ) ;
#522 = LINE ( 'NONE', #3410, #5103 ) ;
#523 = DIRECTION ( 'NONE',  ( 8.673617379884035472E-17, 1.880790961315659671E-33, -1.000000000000000000 ) ) ;
#524 = DIRECTION ( 'NONE',  ( -1.000000000000000000, 0.000000000000000000, 0.000000000000000000 ) ) ;
#525 = ORIENTED_EDGE ( 'NONE', *, *, #4113, .F. ) ;
#526 = CARTESIAN_POINT ( 'NONE',  ( 1.379999999999999671, 11.43165542625050612, -5.549999999999999822 ) ) ;
#527 = ORIENTED_EDGE ( 'NONE', *, *, #3052, .F. ) ;
#528 = FACE_OUTER_BOUND ( 'NONE', #7248, .T. ) ;
#529 = APPLICATION_PROTOCOL_DEFINITION ( 'draft international standard', 'automotive_design', 1998, #4535 ) ;
#530 = TOROIDAL_SURFACE ( 'NONE', #2391, 0.1699999999999999845, 0.02000000000000000042 ) ;
#531 = DIRECTION ( 'NONE',  ( -0.000000000000000000, -1.000000000000000000, -0.000000000000000000 ) ) ;
#532 = ORIENTED_EDGE ( 'NONE', *, *, #2642, .T. ) ;
#533 = CARTESIAN_POINT ( 'NONE',  ( 1.045004651996027434, -1.407485477710246791, 1.045004651996026768 ) ) ;
#534 = VECTOR ( 'NONE', #1645, 1000.000000000000000 ) ;
#535 = B_SPLINE_CURVE_WITH_KNOTS ( 'NONE', 3,
 ( #7027, #3707, #5942, #2006 ),
 .UNSPECIFIED., .F., .F.,
 ( 4, 4 ),
 ( 0.000000000000000000, 1.000000000000000000 ),
 .UNSPECIFIED. ) ;
#536 = VECTOR ( 'NONE', #3850, 1000.000000000000000 ) ;
#537 = CIRCLE ( 'NONE', #4644, 0.02000000000000005246 ) ;
#538 = CARTESIAN_POINT ( 'NONE',  ( -1.379999999999999227, 2.775349838536065761, 2.413347685683533417 ) ) ;
#539 = EDGE_LOOP ( 'NONE', ( #7146, #5282, #3345, #4209, #5151, #1103, #6871, #4005, #6550, #6722 ) ) ;
#540 = ORIENTED_EDGE ( 'NONE', *, *, #1746, .T. ) ;
#541 = CARTESIAN_POINT ( 'NONE',  ( -6.448554778253345887, 21.41876645049923056, -1.580171030293678669 ) ) ;
#542 = VECTOR ( 'NONE', #2948, 1000.000000000000000 ) ;
#543 = ADVANCED_FACE ( 'NONE', ( #2181 ), #6726, .T. ) ;
#544 = EDGE_CURVE ( 'NONE', #7164, #622, #3079, .T. ) ;
#545 = FACE_OUTER_BOUND ( 'NONE', #2435, .T. ) ;
#546 = DIRECTION ( 'NONE',  ( -2.168404344971008252E-17, 1.000000000000000000, 0.000000000000000000 ) ) ;
#547 = CYLINDRICAL_SURFACE ( 'NONE', #4281, 0.1499999999999999667 ) ;
#548 = EDGE_CURVE ( 'NONE', #6351, #1655, #106, .T. ) ;
#549 = CARTESIAN_POINT ( 'NONE',  ( 2.986171345291913415, 4.910000000000001030, -5.107491688851530043 ) ) ;
#550 = ORIENTED_EDGE ( 'NONE', *, *, #1837, .T. ) ;
#551 = FACE_OUTER_BOUND ( 'NONE', #5322, .T. ) ;
#552 = ORIENTED_EDGE ( 'NONE', *, *, #4414, .T. ) ;
#553 = CARTESIAN_POINT ( 'NONE',  ( -7.293768092963841099, 3.153845617810560498, -2.307304989425262853 ) ) ;
#554 = AXIS2_PLACEMENT_3D ( 'NONE', #6805, #3887, #514 ) ;
#555 = PLANE ( 'NONE',  #1763 ) ;
#556 = CARTESIAN_POINT ( 'NONE',  ( -1.379999999999999227, 2.790441948979335951, 2.426471259982029505 ) ) ;
#557 =( BOUNDED_CURVE ( )  B_SPLINE_CURVE ( 3, ( #3196, #2226, #4339, #992 ),
 .UNSPECIFIED., .F., .T. ) 
 B_SPLINE_CURVE_WITH_KNOTS ( ( 4, 4 ),
 ( 5.978492653164188653, 6.587877961194983811 ),
 .UNSPECIFIED. ) 
 CURVE ( )  GEOMETRIC_REPRESENTATION_ITEM ( )  RATIONAL_B_SPLINE_CURVE ( ( 1.000000000000000000, 0.9692928009446304394, 0.9692928009446304394, 1.000000000000000000 ) ) 
 REPRESENTATION_ITEM ( '' )  );
#558 = LINE ( 'NONE', #6160, #3103 ) ;
#559 = CARTESIAN_POINT ( 'NONE',  ( -4.433344562587855364, 5.951057409446828927, 2.312024219028143701 ) ) ;
#560 = EDGE_CURVE ( 'NONE', #6108, #3010, #7020, .T. ) ;
#561 = DIRECTION ( 'NONE',  ( 0.000000000000000000, 0.000000000000000000, 1.000000000000000000 ) ) ;
#562 = EDGE_LOOP ( 'NONE', ( #1366, #5735, #917, #4912 ) ) ;
#563 =( LENGTH_UNIT ( ) NAMED_UNIT ( * ) SI_UNIT ( .MILLI., .METRE. ) );
#564 = AXIS2_PLACEMENT_3D ( 'NONE', #3854, #1055, #2633 ) ;
#565 = ORIENTED_EDGE ( 'NONE', *, *, #575, .T. ) ;
#566 = CARTESIAN_POINT ( 'NONE',  ( -0.9806293055983953399, 20.45084855409214342, -6.435929495933545574 ) ) ;
#567 = DIRECTION ( 'NONE',  ( 0.4876598490941726483, -0.7241379310344822073, -0.4876598490941694841 ) ) ;
#568 = ORIENTED_EDGE ( 'NONE', *, *, #7047, .F. ) ;
#569 = DIRECTION ( 'NONE',  ( 0.7071067811865474617, 0.000000000000000000, 0.7071067811865474617 ) ) ;
#570 = ORIENTED_EDGE ( 'NONE', *, *, #5171, .T. ) ;
#571 = ORIENTED_EDGE ( 'NONE', *, *, #7083, .T. ) ;
#572 = CARTESIAN_POINT ( 'NONE',  ( 2.986171345291913415, 3.090000000000001190, -5.107491688851530043 ) ) ;
#573 = CARTESIAN_POINT ( 'NONE',  ( 1.379999999999999671, 9.768344573749498494, 5.400000000000000355 ) ) ;
#574 = PLANE ( 'NONE',  #3315 ) ;
#575 = EDGE_CURVE ( 'NONE', #638, #2893, #701, .T. ) ;
#576 = CARTESIAN_POINT ( 'NONE',  ( 6.449998654177294455, 20.00000000000000000, 0.004166666666666024761 ) ) ;
#577 = CARTESIAN_POINT ( 'NONE',  ( 0.9790915752268781747, 20.44931911752819076, -3.532332510810049175 ) ) ;
#578 = EDGE_CURVE ( 'NONE', #6452, #5106, #2722, .T. ) ;
#579 = FACE_OUTER_BOUND ( 'NONE', #16, .T. ) ;
#580 = ORIENTED_EDGE ( 'NONE', *, *, #2455, .T. ) ;
#581 = CYLINDRICAL_SURFACE ( 'NONE', #6524, 5.000000000000000000 ) ;
#582 = ORIENTED_EDGE ( 'NONE', *, *, #6239, .F. ) ;
#583 = CARTESIAN_POINT ( 'NONE',  ( -2.435362535369391956, 3.176207172489686759, 7.252000366886312221 ) ) ;
#584 = DIRECTION ( 'NONE',  ( 0.000000000000000000, 1.000000000000000000, 0.000000000000000000 ) ) ;
#585 = CARTESIAN_POINT ( 'NONE',  ( -3.266464433174220527, 29.00000000000000000, 3.266464433174222304 ) ) ;
#586 = CARTESIAN_POINT ( 'NONE',  ( -1.379999999999999671, 6.500000000000000000, 0.7729309367425446498 ) ) ;
#587 = DIRECTION ( 'NONE',  ( 0.000000000000000000, 1.000000000000000000, -0.000000000000000000 ) ) ;
#588 = EDGE_CURVE ( 'NONE', #2574, #5857, #4528, .T. ) ;
#589 = FILL_AREA_STYLE_COLOUR ( '', #3109 ) ;
#590 = DIRECTION ( 'NONE',  ( 0.000000000000000000, 0.000000000000000000, 1.000000000000000000 ) ) ;
#591 = VERTEX_POINT ( 'NONE', #2389 ) ;
#592 = LINE ( 'NONE', #1867, #3012 ) ;
#593 = VERTEX_POINT ( 'NONE', #6894 ) ;
#594 = AXIS2_PLACEMENT_3D ( 'NONE', #1785, #721, #4589 ) ;
#595 = CARTESIAN_POINT ( 'NONE',  ( -1.822237309521479443, 22.43809582460714580, -6.525425718434718192 ) ) ;
#596 = EDGE_CURVE ( 'NONE', #4202, #376, #2570, .T. ) ;
#597 = EDGE_CURVE ( 'NONE', #2321, #2091, #4393, .T. ) ;
#598 = CARTESIAN_POINT ( 'NONE',  ( -1.854166666666499319, 28.99999999999999645, -3.532332510810047843 ) ) ;
#599 = ORIENTED_EDGE ( 'NONE', *, *, #762, .F. ) ;
#600 = DIRECTION ( 'NONE',  ( -0.5120428415488792462, 0.6896551724137933714, -0.5120428415488789131 ) ) ;
#601 = AXIS2_PLACEMENT_3D ( 'NONE', #1282, #2897, #114 ) ;
#602 = CARTESIAN_POINT ( 'NONE',  ( -3.018470195263256439, 3.000000000000000000, -7.029319859012494121 ) ) ;
#603 = VERTEX_POINT ( 'NONE', #153 ) ;
#604 = PLANE ( 'NONE',  #2769 ) ;
#605 = EDGE_LOOP ( 'NONE', ( #1740, #2250, #1374, #2179, #1044 ) ) ;
#606 = CARTESIAN_POINT ( 'NONE',  ( -6.445956847115839494, 20.09200757608259735, -0.4591957217807545732 ) ) ;
#607 = DIRECTION ( 'NONE',  ( 0.000000000000000000, 0.000000000000000000, -1.000000000000000000 ) ) ;
#608 = CARTESIAN_POINT ( 'NONE',  ( 4.500000000000000000, 1.500000000000000444, 2.179449471770337432 ) ) ;
#609 = CARTESIAN_POINT ( 'NONE',  ( 0.000000000000000000, 1.500000000000000444, 0.000000000000000000 ) ) ;
#610 = LINE ( 'NONE', #6696, #763 ) ;
#611 = VERTEX_POINT ( 'NONE', #1175 ) ;
#612 = CARTESIAN_POINT ( 'NONE',  ( -2.986171345291897872, 4.909999999999999254, -5.107491688851538925 ) ) ;
#613 = EDGE_LOOP ( 'NONE', ( #6259, #6454, #5819, #1570 ) ) ;
#614 = DIRECTION ( 'NONE',  ( 0.000000000000000000, 0.000000000000000000, -1.000000000000000000 ) ) ;
#615 = DIRECTION ( 'NONE',  ( 0.000000000000000000, 0.000000000000000000, -1.000000000000000000 ) ) ;
#616 = DIRECTION ( 'NONE',  ( -1.000000000000000000, -0.000000000000000000, 0.000000000000000000 ) ) ;
#617 = CARTESIAN_POINT ( 'NONE',  ( 1.380839982702822599, 6.500000000000000000, -0.7752318993870118691 ) ) ;
#618 = DIRECTION ( 'NONE',  ( 1.000000000000000000, 0.000000000000000000, -8.673617379884020681E-17 ) ) ;
#619 = FACE_OUTER_BOUND ( 'NONE', #5026, .T. ) ;
#620 = CARTESIAN_POINT ( 'NONE',  ( 3.532332510810048287, 20.00000000000000000, -0.004166666666667291977 ) ) ;
#621 = AXIS2_PLACEMENT_3D ( 'NONE', #69, #6844, #724 ) ;
#622 = VERTEX_POINT ( 'NONE', #1254 ) ;
#623 = DIRECTION ( 'NONE',  ( 0.000000000000000000, 0.000000000000000000, 1.000000000000000000 ) ) ;
#624 = PRESENTATION_LAYER_ASSIGNMENT (  '', '', ( #2837 ) ) ;
#625 = ORIENTED_EDGE ( 'NONE', *, *, #5031, .F. ) ;
#626 = CARTESIAN_POINT ( 'NONE',  ( 1.399999999999999689, 12.48000000000000043, 4.343903740188081564 ) ) ;
#627 = VECTOR ( 'NONE', #7205, 1000.000000000000000 ) ;
#628 = ADVANCED_FACE ( 'NONE', ( #2937 ), #6478, .T. ) ;
#629 = CARTESIAN_POINT ( 'NONE',  ( -3.379234995115104834, 19.99999999999999645, 1.854166666666666963 ) ) ;
#630 = VECTOR ( 'NONE', #1717, 1000.000000000000000 ) ;
#631 = ORIENTED_EDGE ( 'NONE', *, *, #1623, .F. ) ;
#632 = EDGE_CURVE ( 'NONE', #3861, #6923, #2372, .T. ) ;
#633 = ORIENTED_EDGE ( 'NONE', *, *, #1068, .F. ) ;
#634 = LINE ( 'NONE', #6352, #5076 ) ;
#635 = DIRECTION ( 'NONE',  ( 0.000000000000000000, 0.000000000000000000, -1.000000000000000000 ) ) ;
#636 = AXIS2_PLACEMENT_3D ( 'NONE', #3570, #4082, #225 ) ;
#637 = PLANE ( 'NONE',  #5345 ) ;
#638 = VERTEX_POINT ( 'NONE', #3463 ) ;
#639 = EDGE_CURVE ( 'NONE', #2188, #6294, #5700, .T. ) ;
#640 =( NAMED_UNIT ( * ) PLANE_ANGLE_UNIT ( ) SI_UNIT ( $, .RADIAN. ) );
#641 = ORIENTED_EDGE ( 'NONE', *, *, #3999, .T. ) ;
#642 = CIRCLE ( 'NONE', #1924, 0.1000000000000001443 ) ;
#643 = CARTESIAN_POINT ( 'NONE',  ( -6.571619503885435698, 22.83637042272695084, 1.854166666666666297 ) ) ;
#644 = CARTESIAN_POINT ( 'NONE',  ( 0.000000000000000000, 6.500000000000000000, -0.7729309367425445387 ) ) ;
#645 =( GEOMETRIC_REPRESENTATION_CONTEXT ( 3 ) GLOBAL_UNCERTAINTY_ASSIGNED_CONTEXT ( ( #4931 ) ) GLOBAL_UNIT_ASSIGNED_CONTEXT ( ( #2197, #3381, #6125 ) ) REPRESENTATION_CONTEXT ( 'NONE', 'WORKASPACE' ) );
#646 = CARTESIAN_POINT ( 'NONE',  ( 3.532332510810046955, 20.54494277437562388, 1.071064282315026261 ) ) ;
#647 = AXIS2_PLACEMENT_3D ( 'NONE', #2132, #6652, #7086 ) ;
#648 = CARTESIAN_POINT ( 'NONE',  ( 1.854166666666500873, 19.99999999999999645, 3.532332510810049175 ) ) ;
#649 = VERTEX_POINT ( 'NONE', #2903 ) ;
#650 = CIRCLE ( 'NONE', #6265, 0.1000000000000001443 ) ;
#651 = DIRECTION ( 'NONE',  ( 0.000000000000000000, 0.000000000000000000, 1.000000000000000000 ) ) ;
#652 = ORIENTED_EDGE ( 'NONE', *, *, #1746, .F. ) ;
#653 = CARTESIAN_POINT ( 'NONE',  ( 0.000000000000000000, 3.000000000000000000, 0.000000000000000000 ) ) ;
#654 = DIRECTION ( 'NONE',  ( 0.000000000000000000, -0.1643989873053572914, 0.9863939238321437486 ) ) ;
#655 = DIRECTION ( 'NONE',  ( -0.7071067811865540120, 0.000000000000000000, 0.7071067811865410224 ) ) ;
#656 = AXIS2_PLACEMENT_3D ( 'NONE', #4856, #1542, #4266 ) ;
#657 = CARTESIAN_POINT ( 'NONE',  ( 8.266365894244634333E-16, 2.414376437054497782, -6.750000000000000000 ) ) ;
#658 = AXIS2_PLACEMENT_3D ( 'NONE', #5121, #234, #1809 ) ;
#659 = DIRECTION ( 'NONE',  ( 0.000000000000000000, 1.000000000000000000, 0.000000000000000000 ) ) ;
#660 = CARTESIAN_POINT ( 'NONE',  ( 1.379999999999999671, 0.000000000000000000, 4.400000000000000355 ) ) ;
#661 = AXIS2_PLACEMENT_3D ( 'NONE', #1638, #6735, #6118 ) ;
#662 = DIRECTION ( 'NONE',  ( -1.000000000000000000, -0.000000000000000000, -0.000000000000000000 ) ) ;
#663 = VERTEX_POINT ( 'NONE', #4086 ) ;
#664 = DIRECTION ( 'NONE',  ( 1.000000000000000000, 0.000000000000000000, 0.000000000000000000 ) ) ;
#665 = AXIS2_PLACEMENT_3D ( 'NONE', #2981, #821, #3059 ) ;
#666 = ORIENTED_EDGE ( 'NONE', *, *, #4350, .T. ) ;
#667 = DIRECTION ( 'NONE',  ( -1.000000000000000000, 0.000000000000000000, 0.000000000000000000 ) ) ;
#668 = ADVANCED_FACE ( 'NONE', ( #5773 ), #1671, .T. ) ;
#669 = APPLICATION_PROTOCOL_DEFINITION ( 'draft international standard', 'automotive_design', 1998, #27 ) ;
#670 = ORIENTED_EDGE ( 'NONE', *, *, #1476, .T. ) ;
#671 = VERTEX_POINT ( 'NONE', #672 ) ;
#672 = CARTESIAN_POINT ( 'NONE',  ( -2.312024219028190775, 5.951057409446828039, -4.433344562587832272 ) ) ;
#673 = CIRCLE ( 'NONE', #3247, 0.02000000000000003511 ) ;
#674 = EDGE_CURVE ( 'NONE', #6675, #3828, #4045, .T. ) ;
#675 = EDGE_CURVE ( 'NONE', #1572, #967, #634, .T. ) ;
#676 = LINE ( 'NONE', #122, #776 ) ;
#677 = ORIENTED_EDGE ( 'NONE', *, *, #6096, .F. ) ;
#678 = ORIENTED_EDGE ( 'NONE', *, *, #190, .F. ) ;
#679 = CARTESIAN_POINT ( 'NONE',  ( 2.932862173304877196, 3.000000000000000000, 7.066080920955845279 ) ) ;
#680 = CARTESIAN_POINT ( 'NONE',  ( -3.266464433174221416, 29.00000000000000000, -3.266464433174220527 ) ) ;
#681 = CARTESIAN_POINT ( 'NONE',  ( 3.532332510810048287, 20.12965379788075992, -0.5471549404217755930 ) ) ;
#682 = EDGE_CURVE ( 'NONE', #777, #5571, #150, .T. ) ;
#683 = CARTESIAN_POINT ( 'NONE',  ( 1.399999999999999689, 6.500000000000000000, 4.483107698211994396 ) ) ;
#684 = ORIENTED_EDGE ( 'NONE', *, *, #731, .T. ) ;
#685 = CARTESIAN_POINT ( 'NONE',  ( -3.532332510810049619, 21.14467226703247249, -1.457973626578046522 ) ) ;
#686 = VERTEX_POINT ( 'NONE', #4681 ) ;
#687 = CARTESIAN_POINT ( 'NONE',  ( 0.000000000000000000, 28.99999999999999645, 0.000000000000000000 ) ) ;
#688 = DIRECTION ( 'NONE',  ( -0.7071067811865474617, 0.000000000000000000, -0.7071067811865474617 ) ) ;
#689 = LINE ( 'NONE', #2298, #3298 ) ;
#690 = DIRECTION ( 'NONE',  ( 0.000000000000000000, 0.000000000000000000, 1.000000000000000000 ) ) ;
#691 = CARTESIAN_POINT ( 'NONE',  ( -1.726927749735621465, 21.90491984048025742, 6.477755571589448813 ) ) ;
#692 = CARTESIAN_POINT ( 'NONE',  ( 6.449286154077234379, 20.01245631563327265, 0.2036121595009035279 ) ) ;
#693 = LINE ( 'NONE', #35, #5588 ) ;
#694 = ORIENTED_EDGE ( 'NONE', *, *, #5246, .T. ) ;
#695 = CARTESIAN_POINT ( 'NONE',  ( 1.379999999999999671, 6.500000000000000000, 0.7729309367425446498 ) ) ;
#696 = ORIENTED_EDGE ( 'NONE', *, *, #3398, .F. ) ;
#697 = DIRECTION ( 'NONE',  ( 0.6936187941687647074, 0.000000000000000000, -0.7203422578024065714 ) ) ;
#698 = DIRECTION ( 'NONE',  ( 0.000000000000000000, 0.000000000000000000, 1.000000000000000000 ) ) ;
#699 = LINE ( 'NONE', #3388, #3113 ) ;
#700 = ORIENTED_EDGE ( 'NONE', *, *, #3274, .T. ) ;
#701 = CIRCLE ( 'NONE', #1635, 0.1299999999999998934 ) ;
#702 = ORIENTED_EDGE ( 'NONE', *, *, #5648, .T. ) ;
#703 = CARTESIAN_POINT ( 'NONE',  ( -0.004166666666499200741, 20.00000000000000000, 6.449998654177294455 ) ) ;
#704 = CARTESIAN_POINT ( 'NONE',  ( 1.399999999999999689, 6.649999999999999467, 0.7729309367425446498 ) ) ;
#705 = CARTESIAN_POINT ( 'NONE',  ( -1.380000000000000115, 9.670245855868245144, -5.485303232940222706 ) ) ;
#706 = DIRECTION ( 'NONE',  ( 0.000000000000000000, 1.000000000000000000, 0.000000000000000000 ) ) ;
#707 = ORIENTED_EDGE ( 'NONE', *, *, #1196, .T. ) ;
#708 = VERTEX_POINT ( 'NONE', #2315 ) ;
#709 = AXIS2_PLACEMENT_3D ( 'NONE', #6313, #3011, #1729 ) ;
#710 = FACE_OUTER_BOUND ( 'NONE', #5471, .T. ) ;
#711 = ADVANCED_FACE ( 'NONE', ( #4568 ), #4119, .T. ) ;
#712 = CARTESIAN_POINT ( 'NONE',  ( 3.532332510810048287, 20.15855577847201019, 0.5997044956004516925 ) ) ;
#713 = EDGE_CURVE ( 'NONE', #4189, #3462, #4013, .T. ) ;
#714 = AXIS2_PLACEMENT_3D ( 'NONE', #918, #3638, #2526 ) ;
#715 = DIRECTION ( 'NONE',  ( 0.000000000000000000, 0.7546055221634990762, -0.6561787149247930717 ) ) ;
#716 = VERTEX_POINT ( 'NONE', #2976 ) ;
#717 = CARTESIAN_POINT ( 'NONE',  ( -7.252000366886311333, 3.200000000000000178, 2.435362535369389292 ) ) ;
#719 = ORIENTED_EDGE ( 'NONE', *, *, #5130, .T. ) ;
#718 = EDGE_CURVE ( 'NONE', #2663, #6325, #2062, .T. ) ;
#720 = CARTESIAN_POINT ( 'NONE',  ( 1.379999999999999671, 12.48000000000000220, 0.000000000000000000 ) ) ;
#721 = DIRECTION ( 'NONE',  ( 1.000000000000000000, 0.000000000000000000, 0.000000000000000000 ) ) ;
#722 = CARTESIAN_POINT ( 'NONE',  ( 0.000000000000000000, 2.428148006742123499, 6.750562799691778082 ) ) ;
#723 = ADVANCED_FACE ( 'NONE', ( #815 ), #2490, .T. ) ;
#724 = DIRECTION ( 'NONE',  ( 0.000000000000000000, 0.000000000000000000, -1.000000000000000000 ) ) ;
#725 = CARTESIAN_POINT ( 'NONE',  ( 0.000000000000000000, 8.000000000000000000, 0.000000000000000000 ) ) ;
#726 = DIRECTION ( 'NONE',  ( 0.000000000000000000, 0.000000000000000000, -1.000000000000000000 ) ) ;
#727 = CARTESIAN_POINT ( 'NONE',  ( -0.004166666666499081045, 20.00000000000000000, 3.532332510810049175 ) ) ;
#728 = VERTEX_POINT ( 'NONE', #4197 ) ;
#729 = CARTESIAN_POINT ( 'NONE',  ( 6.571619503885433033, 22.83637042272694728, -1.854166666666668295 ) ) ;
#730 = ORIENTED_EDGE ( 'NONE', *, *, #408, .F. ) ;
#731 = EDGE_CURVE ( 'NONE', #2796, #4438, #2029, .T. ) ;
#732 = CARTESIAN_POINT ( 'NONE',  ( 3.532332510810048287, 20.00000000000000000, -4.336808689942017243E-16 ) ) ;
#733 = CARTESIAN_POINT ( 'NONE',  ( 1.381766491401775543, 20.99628441603782392, 3.532332510810049619 ) ) ;
#734 = VECTOR ( 'NONE', #6882, 1000.000000000000000 ) ;
#735 = DIRECTION ( 'NONE',  ( -0.000000000000000000, -1.000000000000000000, -0.000000000000000000 ) ) ;
#736 = ORIENTED_EDGE ( 'NONE', *, *, #5999, .F. ) ;
#737 = EDGE_LOOP ( 'NONE', ( #1700, #5731, #3159, #4920 ) ) ;
#738 = DIRECTION ( 'NONE',  ( 5.122298795473438989E-17, 0.6561787149247869655, -0.7546055221635044052 ) ) ;
#739 = AXIS2_PLACEMENT_3D ( 'NONE', #3808, #5498, #475 ) ;
#740 = CARTESIAN_POINT ( 'NONE',  ( 0.000000000000000000, 1.500000000000000444, -4.500000000000000000 ) ) ;
#741 = COLOUR_RGB ( '',0.7921568627450980005, 0.8196078431372548767, 0.9333333333333333481 ) ;
#742 = AXIS2_PLACEMENT_3D ( 'NONE', #3593, #2045, #4289 ) ;
#743 = DIRECTION ( 'NONE',  ( 0.7071067811865402453, 1.263357234918281393E-16, 0.7071067811865547892 ) ) ;
#744 = CARTESIAN_POINT ( 'NONE',  ( -2.986171345291948942, 4.950000000000000178, 5.107491688851508727 ) ) ;
#745 = ORIENTED_EDGE ( 'NONE', *, *, #121, .F. ) ;
#746 = DIRECTION ( 'NONE',  ( -0.02994110177115440544, 0.000000000000000000, 0.9995516647100985974 ) ) ;
#747 = ORIENTED_EDGE ( 'NONE', *, *, #2345, .F. ) ;
#748 = DIRECTION ( 'NONE',  ( 2.168404344971008252E-17, -1.000000000000000000, -0.000000000000000000 ) ) ;
#749 = CARTESIAN_POINT ( 'NONE',  ( 0.3401806712187910309, 20.04859121525554499, 3.532332510810049175 ) ) ;
#750 = EDGE_CURVE ( 'NONE', #2388, #4518, #1952, .T. ) ;
#751 = CIRCLE ( 'NONE', #1690, 0.01999999999999996225 ) ;
#752 = LINE ( 'NONE', #2990, #3588 ) ;
#753 = ORIENTED_EDGE ( 'NONE', *, *, #500, .T. ) ;
#754 = ADVANCED_FACE ( 'NONE', ( #3131 ), #6390, .T. ) ;
#755 = CYLINDRICAL_SURFACE ( 'NONE', #6061, 0.1499999999999999667 ) ;
#756 = ORIENTED_EDGE ( 'NONE', *, *, #4089, .T. ) ;
#757 = CARTESIAN_POINT ( 'NONE',  ( -2.179449471770337432, 1.500000000000000444, 4.500000000000000000 ) ) ;
#758 = CARTESIAN_POINT ( 'NONE',  ( -1.399999999999999467, 0.02644174998362248258, 0.1586504999017351869 ) ) ;
#759 = CARTESIAN_POINT ( 'NONE',  ( 1.399999999999999467, 9.768344573749498494, 5.549999999999999822 ) ) ;
#760 = DIRECTION ( 'NONE',  ( -0.000000000000000000, -1.000000000000000000, 0.000000000000000000 ) ) ;
#761 = CIRCLE ( 'NONE', #4982, 0.1700000000000000122 ) ;
#762 = EDGE_CURVE ( 'NONE', #298, #5586, #2247, .T. ) ;
#763 = VECTOR ( 'NONE', #6663, 1000.000000000000000 ) ;
#764 = CARTESIAN_POINT ( 'NONE',  ( -4.046831517071759698, 0.000000000000000000, 4.046831517071677098 ) ) ;
#765 = CARTESIAN_POINT ( 'NONE',  ( 6.443047303802868164, 21.27401612695951982, 1.521180758566265334 ) ) ;
#766 = CARTESIAN_POINT ( 'NONE',  ( 0.000000000000000000, 9.768344573749500270, -5.400000000000000355 ) ) ;
#767 = AXIS2_PLACEMENT_3D ( 'NONE', #2496, #1957, #6975 ) ;
#768 = ORIENTED_EDGE ( 'NONE', *, *, #1888, .F. ) ;
#769 = ORIENTED_EDGE ( 'NONE', *, *, #4794, .T. ) ;
#770 = CARTESIAN_POINT ( 'NONE',  ( 3.266464433174221416, 0.000000000000000000, -3.266464433174220527 ) ) ;
#771 = MANIFOLD_SOLID_BREP ( 'Fillet3', #4230 ) ;
#772 = VECTOR ( 'NONE', #7235, 1000.000000000000114 ) ;
#773 = CARTESIAN_POINT ( 'NONE',  ( 1.448084206748367242, 21.12448543866201689, 3.532332510810049619 ) ) ;
#774 = EDGE_CURVE ( 'NONE', #6437, #7164, #4580, .T. ) ;
#775 = CARTESIAN_POINT ( 'NONE',  ( 2.915460667173259246, 4.910000000000000142, -5.036781010732874542 ) ) ;
#776 = VECTOR ( 'NONE', #2352, 1000.000000000000000 ) ;
#777 = VERTEX_POINT ( 'NONE', #4858 ) ;
#778 = ORIENTED_EDGE ( 'NONE', *, *, #2555, .F. ) ;
#779 = CARTESIAN_POINT ( 'NONE',  ( -1.854166666666499319, 22.99999999999999645, 6.594282824706780843 ) ) ;
#780 = VECTOR ( 'NONE', #5393, 1000.000000000000000 ) ;
#781 = DIRECTION ( 'NONE',  ( 1.227746447048803788E-16, 0.000000000000000000, 1.000000000000000000 ) ) ;
#782 = AXIS2_PLACEMENT_3D ( 'NONE', #2155, #5982, #483 ) ;
#783 = B_SPLINE_CURVE_WITH_KNOTS ( 'NONE', 3,
 ( #3863, #6067, #3235, #595, #7229, #1654, #1031, #3793, #4966, #7191, #6167, #2201, #5068, #6649, #6098, #2229, #1546, #1066, #4933, #6677, #1099, #4486, #5590, #566, #5482, #6610, #459, #2790, #2681, #41, #2131, #2267, #5037, #5, #4377, #1834, #4600 ),
 .UNSPECIFIED., .F., .F.,
 ( 4, 2, 1, 1, 2, 2, 2, 1, 1, 1, 2, 2, 2, 2, 1, 1, 2, 2, 1, 1, 2, 2, 4 ),
 ( 0.000000000000000000, 0.1249999999999897027, 0.1874999999999845679, 0.2187499999999806266, 0.2343749999999786282, 0.2499999999999766576, 0.3749999999999729661, 0.4374999999999711897, 0.4687499999999702460, 0.4843749999999685252, 0.4921874999999676925, 0.4999999999999668043, 0.6249999999999600320, 0.6874999999999557021, 0.7187499999999535927, 0.7343749999999534817, 0.7421874999999533706, 0.7499999999999532596, 0.8124999999999613642, 0.8437499999999662492, 0.8593749999999692468, 0.8749999999999723554, 1.000000000000000000 ),
 .UNSPECIFIED. ) ;
#784 = DIRECTION ( 'NONE',  ( 0.000000000000000000, 1.000000000000000000, 0.000000000000000000 ) ) ;
#785 = CYLINDRICAL_SURFACE ( 'NONE', #2878, 5.000000000000000000 ) ;
#786 = ORIENTED_EDGE ( 'NONE', *, *, #1037, .F. ) ;
#787 = CARTESIAN_POINT ( 'NONE',  ( -5.510928448416052561, -14.03579863144611650, 3.611712022518531739 ) ) ;
#788 = ORIENTED_EDGE ( 'NONE', *, *, #4984, .F. ) ;
#789 = VECTOR ( 'NONE', #6988, 1000.000000000000114 ) ;
#790 = CARTESIAN_POINT ( 'NONE',  ( 1.399999999999999689, 11.52975414413175947, 5.485303232940220930 ) ) ;
#791 = CARTESIAN_POINT ( 'NONE',  ( 3.532332510810048287, 20.45767258388156051, -0.9943905942751437577 ) ) ;
#792 = B_SPLINE_CURVE_WITH_KNOTS ( 'NONE', 3,
 ( #233, #2463, #3057, #4713 ),
 .UNSPECIFIED., .F., .F.,
 ( 4, 4 ),
 ( 0.000000000000000000, 1.000000000000000000 ),
 .UNSPECIFIED. ) ;
#793 = CARTESIAN_POINT ( 'NONE',  ( 3.532332510810048731, 19.99999999999999645, 1.854166666666666297 ) ) ;
#794 = ORIENTED_EDGE ( 'NONE', *, *, #3864, .F. ) ;
#795 = CARTESIAN_POINT ( 'NONE',  ( 0.000000000000000000, 8.631655426250503638, -4.549999999999998934 ) ) ;
#796 = ORIENTED_EDGE ( 'NONE', *, *, #1301, .T. ) ;
#797 = LINE ( 'NONE', #757, #3958 ) ;
#798 = ADVANCED_FACE ( 'NONE', ( #6539 ), #1509, .T. ) ;
#799 = DIRECTION ( 'NONE',  ( 0.000000000000000000, 0.000000000000000000, 1.000000000000000000 ) ) ;
#800 = DIRECTION ( 'NONE',  ( -0.000000000000000000, 1.000000000000000000, -0.000000000000000000 ) ) ;
#801 = CARTESIAN_POINT ( 'NONE',  ( -7.650000000000000355, 19.99999999999999645, 1.854166666666667851 ) ) ;
#802 = CARTESIAN_POINT ( 'NONE',  ( -0.5483317146268690268, 20.13022232100051667, 6.444469407188942789 ) ) ;
#803 = CARTESIAN_POINT ( 'NONE',  ( -1.380000000000000115, 8.631655426250503638, -4.400000000000000355 ) ) ;
#804 = DIRECTION ( 'NONE',  ( 0.000000000000000000, 0.000000000000000000, -1.000000000000000000 ) ) ;
#805 = ORIENTED_EDGE ( 'NONE', *, *, #5801, .T. ) ;
#806 = CARTESIAN_POINT ( 'NONE',  ( 6.441037554602877968, 20.22970490026782997, -0.7208454067453293757 ) ) ;
#807 = B_SPLINE_CURVE_WITH_KNOTS ( 'NONE', 3,
 ( #4835, #3104, #7131, #4206, #1998, #6983 ),
 .UNSPECIFIED., .F., .F.,
 ( 4, 2, 4 ),
 ( 0.000000000000000000, 0.0003953464452561771219, 0.0007906928905123542439 ),
 .UNSPECIFIED. ) ;
#808 = ORIENTED_EDGE ( 'NONE', *, *, #462, .T. ) ;
#809 = CARTESIAN_POINT ( 'NONE',  ( -2.291287847478249429, 8.000000000000000000, 4.999999999999999112 ) ) ;
#810 = EDGE_CURVE ( 'NONE', #185, #5041, #2605, .T. ) ;
#811 = CARTESIAN_POINT ( 'NONE',  ( 3.301579660418290096, 1.563075121266647605, 6.900987060043524579 ) ) ;
#812 = LINE ( 'NONE', #3049, #3467 ) ;
#813 = VERTEX_POINT ( 'NONE', #6463 ) ;
#814 = EDGE_LOOP ( 'NONE', ( #3219, #3549, #3044, #5772 ) ) ;
#815 = FACE_OUTER_BOUND ( 'NONE', #5350, .T. ) ;
#816 = CARTESIAN_POINT ( 'NONE',  ( -1.854166666666499319, 24.99984612168539755, 6.871269143465999818 ) ) ;
#817 = B_SPLINE_CURVE_WITH_KNOTS ( 'NONE', 3,
 ( #6551, #1180, #2240, #6180 ),
 .UNSPECIFIED., .F., .F.,
 ( 4, 4 ),
 ( 0.000000000000000000, 1.000000000000000000 ),
 .UNSPECIFIED. ) ;
#818 = EDGE_CURVE ( 'NONE', #2970, #3361, #3680, .T. ) ;
#819 = VECTOR ( 'NONE', #6659, 1000.000000000000000 ) ;
#820 = CARTESIAN_POINT ( 'NONE',  ( -3.532332510810048731, 28.99999999999999645, 1.854166666666666741 ) ) ;
#821 = DIRECTION ( 'NONE',  ( 0.000000000000000000, -1.000000000000000000, 0.000000000000000000 ) ) ;
#822 = VERTEX_POINT ( 'NONE', #4825 ) ;
#823 = ORIENTED_EDGE ( 'NONE', *, *, #4719, .T. ) ;
#824 = VECTOR ( 'NONE', #6842, 1000.000000000000000 ) ;
#825 = CARTESIAN_POINT ( 'NONE',  ( -3.405877273185284881, 1.699999999999999734, -6.849999999999998757 ) ) ;
#826 = CARTESIAN_POINT ( 'NONE',  ( 3.532332510810048287, 20.62723288566002466, -1.148835587444719142 ) ) ;
#827 = DIRECTION ( 'NONE',  ( 0.000000000000000000, 1.000000000000000000, -0.000000000000000000 ) ) ;
#828 = ORIENTED_EDGE ( 'NONE', *, *, #6397, .T. ) ;
#829 = AXIS2_PLACEMENT_3D ( 'NONE', #5261, #7238, #6216 ) ;
#830 = DIRECTION ( 'NONE',  ( 0.000000000000000000, -1.000000000000000000, 0.000000000000000000 ) ) ;
#831 = ORIENTED_EDGE ( 'NONE', *, *, #2462, .T. ) ;
#832 = DIRECTION ( 'NONE',  ( 0.000000000000000000, 0.000000000000000000, -1.000000000000000000 ) ) ;
#833 = CARTESIAN_POINT ( 'NONE',  ( 1.854166666666499541, 28.99999999999999645, -7.650000000000000355 ) ) ;
#834 = CARTESIAN_POINT ( 'NONE',  ( 0.000000000000000000, -1.299999999999985167, 0.000000000000000000 ) ) ;
#835 = CARTESIAN_POINT ( 'NONE',  ( 5.078412917506966551, 3.200000000000000178, 4.890012498889792170 ) ) ;
#836 = VECTOR ( 'NONE', #4225, 1000.000000000000114 ) ;
#837 = DIRECTION ( 'NONE',  ( 0.000000000000000000, 0.000000000000000000, 1.000000000000000000 ) ) ;
#838 = CARTESIAN_POINT ( 'NONE',  ( 6.439996695177232944, 20.26806201659785600, 0.7701840450502840385 ) ) ;
#839 = CARTESIAN_POINT ( 'NONE',  ( -5.107491688851570011, 4.909999999999999254, 2.986171345291844581 ) ) ;
#840 = CARTESIAN_POINT ( 'NONE',  ( 0.8778117339736495328, 20.35555961700071492, -6.437841611367545624 ) ) ;
#841 = ORIENTED_EDGE ( 'NONE', *, *, #6102, .F. ) ;
#842 = CARTESIAN_POINT ( 'NONE',  ( 2.966664951328131128, 3.021034482758621298, 5.087985294887771737 ) ) ;
#843 = ORIENTED_EDGE ( 'NONE', *, *, #953, .T. ) ;
#844 = LINE ( 'NONE', #372, #6576 ) ;
#845 = MANIFOLD_SOLID_BREP ( 'Fillet2', #6447 ) ;
#846 = LINE ( 'NONE', #6348, #3339 ) ;
#847 = CARTESIAN_POINT ( 'NONE',  ( 1.854166666666501317, 22.99999999999998934, 6.594282824706779067 ) ) ;
#848 = VERTEX_POINT ( 'NONE', #417 ) ;
#849 = EDGE_LOOP ( 'NONE', ( #4651, #2862, #7059, #3352 ) ) ;
#850 = DIRECTION ( 'NONE',  ( -0.000000000000000000, -1.000000000000000000, -0.000000000000000000 ) ) ;
#851 = EDGE_CURVE ( 'NONE', #5780, #5918, #3558, .T. ) ;
#852 = CARTESIAN_POINT ( 'NONE',  ( 2.435362535369389736, 3.176207172489684982, -7.252000366886310445 ) ) ;
#853 = CARTESIAN_POINT ( 'NONE',  ( 1.379999999999999671, 12.44809871788125477, -4.429206973128303026 ) ) ;
#854 = EDGE_CURVE ( 'NONE', #5438, #622, #965, .T. ) ;
#855 = CARTESIAN_POINT ( 'NONE',  ( 0.000000000000000000, 0.000000000000000000, 0.000000000000000000 ) ) ;
#856 = CARTESIAN_POINT ( 'NONE',  ( 7.296724953260060431, 3.200000000000000178, 2.297891415291850148 ) ) ;
#857 = EDGE_LOOP ( 'NONE', ( #322, #2936, #5038, #1169 ) ) ;
#858 = ORIENTED_EDGE ( 'NONE', *, *, #3773, .T. ) ;
#859 = VECTOR ( 'NONE', #6415, 1000.000000000000000 ) ;
#860 = FACE_BOUND ( 'NONE', #5549, .T. ) ;
#861 = CIRCLE ( 'NONE', #6603, 7.650000000000000355 ) ;
#862 = EDGE_CURVE ( 'NONE', #2618, #5057, #4450, .T. ) ;
#863 = ADVANCED_FACE ( 'NONE', ( #2680 ), #1651, .F. ) ;
#864 = CARTESIAN_POINT ( 'NONE',  ( 4.027325123107964089, 4.978965517241379146, -4.027325123107939220 ) ) ;
#865 = EDGE_LOOP ( 'NONE', ( #5632, #2643, #2002, #413 ) ) ;
#866 = DIRECTION ( 'NONE',  ( 0.000000000000000000, 0.000000000000000000, -1.000000000000000000 ) ) ;
#867 = ORIENTED_EDGE ( 'NONE', *, *, #5798, .F. ) ;
#868 = CARTESIAN_POINT ( 'NONE',  ( 3.379234995115214080, 19.99999999999999645, 0.004166666666666151396 ) ) ;
#869 = CARTESIAN_POINT ( 'NONE',  ( 1.379999999999999671, 6.500000000000000000, -4.549999999999999822 ) ) ;
#870 = DIRECTION ( 'NONE',  ( 0.6936187941687647074, 0.000000000000000000, -0.7203422578024066825 ) ) ;
#871 = CARTESIAN_POINT ( 'NONE',  ( 0.000000000000000000, -1.999999999999999112, 7.650000000000000355 ) ) ;
#872 = AXIS2_PLACEMENT_3D ( 'NONE', #3719, #6604, #487 ) ;
#873 = CARTESIAN_POINT ( 'NONE',  ( -1.854166666666499319, 22.83689682258335196, 3.532332510810050064 ) ) ;
#874 = PLANE ( 'NONE',  #4287 ) ;
#875 = LINE ( 'NONE', #3117, #197 ) ;
#876 = CARTESIAN_POINT ( 'NONE',  ( -6.438955303429993116, 20.30493948166103024, 0.8201341201396142866 ) ) ;
#877 = ORIENTED_EDGE ( 'NONE', *, *, #1625, .T. ) ;
#878 = CARTESIAN_POINT ( 'NONE',  ( 6.475469466619914627, 21.88374014888644936, -1.724756446835157941 ) ) ;
#879 = ORIENTED_EDGE ( 'NONE', *, *, #4861, .F. ) ;
#880 = CARTESIAN_POINT ( 'NONE',  ( 0.000000000000000000, -0.2000000000000000944, 7.937575314873084764 ) ) ;
#881 = VECTOR ( 'NONE', #6996, 1000.000000000000000 ) ;
#882 = AXIS2_PLACEMENT_3D ( 'NONE', #4470, #3401, #5089 ) ;
#883 = DIRECTION ( 'NONE',  ( -0.000000000000000000, -1.000000000000000000, -0.000000000000000000 ) ) ;
#884 = CIRCLE ( 'NONE', #4170, 0.09999999999999983902 ) ;
#885 = LINE ( 'NONE', #261, #3940 ) ;
#886 = ORIENTED_EDGE ( 'NONE', *, *, #1196, .F. ) ;
#887 = AXIS2_PLACEMENT_3D ( 'NONE', #1855, #827, #4098 ) ;
#888 = CARTESIAN_POINT ( 'NONE',  ( 2.586524759049138922, 3.046453914618040049, -7.199611372740284843 ) ) ;
#889 = DIRECTION ( 'NONE',  ( -0.000000000000000000, 1.000000000000000000, -0.000000000000000000 ) ) ;
#890 = CIRCLE ( 'NONE', #1824, 0.1000000000000001443 ) ;
#891 = LINE ( 'NONE', #3135, #2985 ) ;
#892 = DIRECTION ( 'NONE',  ( -1.000000000000000000, 0.000000000000000000, 0.000000000000000000 ) ) ;
#893 = ORIENTED_EDGE ( 'NONE', *, *, #4588, .F. ) ;
#894 = VECTOR ( 'NONE', #5415, 1000.000000000000000 ) ;
#895 = ORIENTED_EDGE ( 'NONE', *, *, #7130, .T. ) ;
#896 = AXIS2_PLACEMENT_3D ( 'NONE', #5063, #4001, #3342 ) ;
#897 = DIRECTION ( 'NONE',  ( 0.000000000000000000, 0.000000000000000000, -1.000000000000000000 ) ) ;
#898 = EDGE_CURVE ( 'NONE', #708, #2308, #557, .T. ) ;
#899 = EDGE_CURVE ( 'NONE', #2308, #3386, #2644, .T. ) ;
#900 = LINE ( 'NONE', #7018, #2645 ) ;
#901 = ORIENTED_EDGE ( 'NONE', *, *, #108, .T. ) ;
#902 = TOROIDAL_SURFACE ( 'NONE', #5365, 0.1299999999999999767, 0.02000000000000000042 ) ;
#903 = DIRECTION ( 'NONE',  ( 3.247230382048891141E-17, 0.9642053928037902510, -0.2651564830210424994 ) ) ;
#904 = ORIENTED_EDGE ( 'NONE', *, *, #3639, .T. ) ;
#905 = CARTESIAN_POINT ( 'NONE',  ( -4.500000000000000000, 7.499999999999998224, 2.179449471770337432 ) ) ;
#906 = CARTESIAN_POINT ( 'NONE',  ( 3.532332510810047843, 22.99999999999999645, -1.854166666666667407 ) ) ;
#907 = PRODUCT_DEFINITION ( 'UNKNOWN', '', #6175, #3975 ) ;
#908 = DIRECTION ( 'NONE',  ( 0.000000000000000000, 0.9642053928037902510, 0.2651564830210424994 ) ) ;
#909 = CARTESIAN_POINT ( 'NONE',  ( -2.279064564105393487, 2.000000000000000444, 4.400384907664967926 ) ) ;
#910 = ADVANCED_FACE ( 'NONE', ( #1581 ), #2516, .T. ) ;
#911 = CARTESIAN_POINT ( 'NONE',  ( -1.773643159447221063, 22.12423031861519007, 3.532332510810048731 ) ) ;
#912 = DIRECTION ( 'NONE',  ( -0.000000000000000000, 1.000000000000000000, -0.000000000000000000 ) ) ;
#913 = CARTESIAN_POINT ( 'NONE',  ( 0.000000000000000000, 28.99999999999999645, 3.532332510810049175 ) ) ;
#914 = CARTESIAN_POINT ( 'NONE',  ( 0.000000000000000000, 2.428148006742123943, 0.000000000000000000 ) ) ;
#915 = ORIENTED_EDGE ( 'NONE', *, *, #4490, .T. ) ;
#916 = CARTESIAN_POINT ( 'NONE',  ( -1.854166666666499319, 22.99999999999999645, 5.624665225306145544 ) ) ;
#917 = ORIENTED_EDGE ( 'NONE', *, *, #1706, .F. ) ;
#918 = CARTESIAN_POINT ( 'NONE',  ( 1.379999999999999671, 6.622052172158088723, -0.9406179037940091137 ) ) ;
#919 = DIRECTION ( 'NONE',  ( -3.272579785996980772E-14, -0.6561787149247684248, 0.7546055221635205035 ) ) ;
#920 = DIRECTION ( 'NONE',  ( 1.000000000000000000, 0.000000000000000000, -0.000000000000000000 ) ) ;
#921 = ORIENTED_EDGE ( 'NONE', *, *, #458, .F. ) ;
#922 =( NAMED_UNIT ( * ) SI_UNIT ( $, .STERADIAN. ) SOLID_ANGLE_UNIT ( ) );
#923 = LINE ( 'NONE', #3166, #14 ) ;
#924 = LINE ( 'NONE', #5921, #5781 ) ;
#925 = DIRECTION ( 'NONE',  ( 0.000000000000000000, 0.000000000000000000, -1.000000000000000000 ) ) ;
#926 = ORIENTED_EDGE ( 'NONE', *, *, #6199, .F. ) ;
#927 = VERTEX_POINT ( 'NONE', #492 ) ;
#928 = CARTESIAN_POINT ( 'NONE',  ( -1.380839982702822599, 6.500000000000000000, -0.7752318993870118691 ) ) ;
#929 = LINE ( 'NONE', #2579, #1229 ) ;
#930 = EDGE_CURVE ( 'NONE', #5949, #3604, #4418, .T. ) ;
#931 = EDGE_LOOP ( 'NONE', ( #4716, #5892, #3394, #3654, #4116 ) ) ;
#932 = AXIS2_PLACEMENT_3D ( 'NONE', #5601, #57, #5049 ) ;
#933 = CARTESIAN_POINT ( 'NONE',  ( -1.380000000000000115, 9.768344573749498494, 5.400000000000000355 ) ) ;
#934 = VERTEX_POINT ( 'NONE', #526 ) ;
#935 = CARTESIAN_POINT ( 'NONE',  ( 1.605986852447056412, 21.49596484710142263, 6.452651312516368698 ) ) ;
#936 = EDGE_CURVE ( 'NONE', #622, #5561, #4935, .T. ) ;
#937 = CARTESIAN_POINT ( 'NONE',  ( 1.385521695682326193, 6.500000000000000000, -4.534868014339770603 ) ) ;
#938 = EDGE_CURVE ( 'NONE', #813, #6890, #2129, .T. ) ;
#939 = CARTESIAN_POINT ( 'NONE',  ( 9.838807307152144208E-16, 0.000000000000000000, -7.937575314873084764 ) ) ;
#940 = CARTESIAN_POINT ( 'NONE',  ( 1.379999999999999671, 8.631655426250503638, -4.549999999999998934 ) ) ;
#941 = CARTESIAN_POINT ( 'NONE',  ( -0.9790915752268759542, 20.44931911752818721, 3.532332510810049619 ) ) ;
#942 = ADVANCED_FACE ( 'NONE', ( #1030 ), #5986, .T. ) ;
#943 = DIRECTION ( 'NONE',  ( 0.000000000000000000, -0.8191520442889931308, -0.5735764363510441610 ) ) ;
#944 = CARTESIAN_POINT ( 'NONE',  ( 1.399999999999999689, 8.631655426250503638, -4.549999999999998934 ) ) ;
#945 = CARTESIAN_POINT ( 'NONE',  ( 0.5483317146268753550, 20.13022232100052733, -6.444469407188944565 ) ) ;
#946 = VERTEX_POINT ( 'NONE', #5513 ) ;
#947 = CARTESIAN_POINT ( 'NONE',  ( -1.379999999999999671, 6.625340151904196340, -0.9208900253173660788 ) ) ;
#948 = ORIENTED_EDGE ( 'NONE', *, *, #2848, .F. ) ;
#949 = CARTESIAN_POINT ( 'NONE',  ( -6.594282824706734658, 22.99999999999999645, -1.854166666666667407 ) ) ;
#950 = AXIS2_PLACEMENT_3D ( 'NONE', #4190, #5878, #7075 ) ;
#951 = CARTESIAN_POINT ( 'NONE',  ( 2.312024219028190775, 5.951057409446828039, 4.433344562587832272 ) ) ;
#952 = FACE_OUTER_BOUND ( 'NONE', #3341, .T. ) ;
#953 = EDGE_CURVE ( 'NONE', #4126, #848, #4965, .T. ) ;
#954 = ORIENTED_EDGE ( 'NONE', *, *, #3185, .T. ) ;
#955 = UNCERTAINTY_MEASURE_WITH_UNIT (LENGTH_MEASURE( 1.000000000000000082E-05 ), #3541, 'distance_accuracy_value', 'NONE');
#956 = DIRECTION ( 'NONE',  ( 0.000000000000000000, -1.000000000000000000, 0.000000000000000000 ) ) ;
#957 = CARTESIAN_POINT ( 'NONE',  ( -1.399999999999999689, 6.500000000000000000, 0.8398232385305505199 ) ) ;
#958 = DIRECTION ( 'NONE',  ( 0.7071067811865474617, 0.000000000000000000, 0.7071067811865474617 ) ) ;
#959 = EDGE_LOOP ( 'NONE', ( #5331, #5428, #3025, #904 ) ) ;
#960 = CARTESIAN_POINT ( 'NONE',  ( 0.004166666666499566768, 20.00000000000000000, -6.449998654177294455 ) ) ;
#961 = ADVANCED_FACE ( 'NONE', ( #1619 ), #1872, .T. ) ;
#962 = VECTOR ( 'NONE', #6339, 1000.000000000000114 ) ;
#963 = CARTESIAN_POINT ( 'NONE',  ( -0.4583213107541983522, 20.09164922777801010, -3.532332510810048287 ) ) ;
#964 = VERTEX_POINT ( 'NONE', #5001 ) ;
#965 = CIRCLE ( 'NONE', #5316, 6.450000000000001066 ) ;
#966 = CYLINDRICAL_SURFACE ( 'NONE', #6867, 0.02000000000000005246 ) ;
#967 = VERTEX_POINT ( 'NONE', #6202 ) ;
#968 = CARTESIAN_POINT ( 'NONE',  ( 1.846101525230327667, 22.67544068171959992, 6.551605359330206824 ) ) ;
#969 = CIRCLE ( 'NONE', #42, 5.000000000000000000 ) ;
#970 = CARTESIAN_POINT ( 'NONE',  ( 4.999999999999848121, 8.000000000000000000, -2.291287847478249429 ) ) ;
#971 = FACE_OUTER_BOUND ( 'NONE', #2675, .T. ) ;
#972 = EDGE_CURVE ( 'NONE', #3993, #6620, #1243, .T. ) ;
#973 = CARTESIAN_POINT ( 'NONE',  ( 5.107491688851549583, 3.089999999999999858, -2.986171345291879664 ) ) ;
#974 = AXIS2_PLACEMENT_3D ( 'NONE', #5565, #3740, #6624 ) ;
#975 = FACE_OUTER_BOUND ( 'NONE', #2364, .T. ) ;
#976 = EDGE_CURVE ( 'NONE', #502, #3717, #4598, .T. ) ;
#977 = DIRECTION ( 'NONE',  ( 0.000000000000000000, 1.000000000000000000, -0.000000000000000000 ) ) ;
#978 = ORIENTED_EDGE ( 'NONE', *, *, #1386, .F. ) ;
#979 = CARTESIAN_POINT ( 'NONE',  ( -3.354592426478614886, 1.601480656498023070, 6.875287884091614288 ) ) ;
#980 = CARTESIAN_POINT ( 'NONE',  ( 0.8523205602196000097, 20.33380730811177983, -6.438341752948786301 ) ) ;
#981 = ORIENTED_EDGE ( 'NONE', *, *, #441, .T. ) ;
#982 = CARTESIAN_POINT ( 'NONE',  ( -7.296724953260062208, 3.200000000000000178, -2.297891415291845707 ) ) ;
#983 = ORIENTED_EDGE ( 'NONE', *, *, #2301, .F. ) ;
#984 = DIRECTION ( 'NONE',  ( 0.7071067811865473507, 5.551115123125781470E-17, -0.7071067811865477948 ) ) ;
#985 = EDGE_CURVE ( 'NONE', #3844, #4077, #5692, .T. ) ;
#986 = CONICAL_SURFACE ( 'NONE', #7192, 9.750000000000001776, 0.7853981633974517207 ) ;
#987 = CARTESIAN_POINT ( 'NONE',  ( 6.594282824706734658, 22.99999999999999645, 1.854166666666666075 ) ) ;
#988 = EDGE_CURVE ( 'NONE', #2711, #6923, #5105, .T. ) ;
#989 = DIRECTION ( 'NONE',  ( -0.000000000000000000, 0.000000000000000000, 1.000000000000000000 ) ) ;
#990 = AXIS2_PLACEMENT_3D ( 'NONE', #6384, #6963, #1801 ) ;
#991 = VERTEX_POINT ( 'NONE', #3450 ) ;
#992 = CARTESIAN_POINT ( 'NONE',  ( -4.433344562587856252, 2.048942590553170628, 2.312024219028144145 ) ) ;
#993 = CARTESIAN_POINT ( 'NONE',  ( 0.000000000000000000, 12.34999999999999964, -2.027069063257456172 ) ) ;
#994 = CARTESIAN_POINT ( 'NONE',  ( -2.179449471770337432, 1.500000000000000444, -4.500000000000000000 ) ) ;
#995 = ADVANCED_FACE ( 'NONE', ( #2306 ), #4560, .T. ) ;
#996 = VECTOR ( 'NONE', #2554, 1000.000000000000000 ) ;
#997 = DIRECTION ( 'NONE',  ( 0.000000000000000000, 0.000000000000000000, -1.000000000000000000 ) ) ;
#998 = VECTOR ( 'NONE', #1062, 1000.000000000000114 ) ;
#999 = EDGE_LOOP ( 'NONE', ( #5372, #3692, #2405, #6251 ) ) ;
#1000 = AXIS2_PLACEMENT_3D ( 'NONE', #4345, #3836, #6509 ) ;
#1001 = CARTESIAN_POINT ( 'NONE',  ( -3.532332510810049175, 20.26699767635934180, 0.7687261305314403437 ) ) ;
#1002 = CIRCLE ( 'NONE', #5112, 0.01999999999999996225 ) ;
#1003 = FACE_OUTER_BOUND ( 'NONE', #2313, .T. ) ;
#1004 = ORIENTED_EDGE ( 'NONE', *, *, #468, .T. ) ;
#1005 = VECTOR ( 'NONE', #6671, 1000.000000000000000 ) ;
#1006 = LINE ( 'NONE', #6037, #1958 ) ;
#1007 = VERTEX_POINT ( 'NONE', #1134 ) ;
#1008 = CARTESIAN_POINT ( 'NONE',  ( 0.4969402415978759202, 20.10819960674198015, 6.445326734025649706 ) ) ;
#1009 = CARTESIAN_POINT ( 'NONE',  ( -1.379999999999999671, 12.50000000000000000, 1.196959198423996649E-16 ) ) ;
#1010 = DIRECTION ( 'NONE',  ( 0.000000000000000000, 1.000000000000000000, 0.000000000000000000 ) ) ;
#1011 =( REPRESENTATION_RELATIONSHIP ('NONE','NONE', #318, #4346 ) REPRESENTATION_RELATIONSHIP_WITH_TRANSFORMATION ( #5658 )SHAPE_REPRESENTATION_RELATIONSHIP( ) );
#1012 = TOROIDAL_SURFACE ( 'NONE', #5120, 0.1699999999999999845, 0.02000000000000000042 ) ;
#1013 = DIRECTION ( 'NONE',  ( 8.673617379884035472E-17, 1.880790961315659329E-33, -1.000000000000000000 ) ) ;
#1014 = CARTESIAN_POINT ( 'NONE',  ( 0.9317673340110191882, 20.40409584079551308, -3.532332510810047843 ) ) ;
#1015 = CARTESIAN_POINT ( 'NONE',  ( 0.000000000000000000, -0.2530312966042072564, 0.000000000000000000 ) ) ;
#1016 = AXIS2_PLACEMENT_3D ( 'NONE', #5230, #1297, #5155 ) ;
#1017 = ORIENTED_EDGE ( 'NONE', *, *, #6642, .T. ) ;
#1018 = CARTESIAN_POINT ( 'NONE',  ( -4.501950110210666267, 19.99999999999999645, -0.004166666666667291977 ) ) ;
#1019 = ORIENTED_EDGE ( 'NONE', *, *, #179, .F. ) ;
#1020 = FACE_OUTER_BOUND ( 'NONE', #849, .T. ) ;
#1021 = VERTEX_POINT ( 'NONE', #6851 ) ;
#1022 = CARTESIAN_POINT ( 'NONE',  ( 1.854166666666501095, 19.99999999999999645, 6.747380340403938526 ) ) ;
#1023 = EDGE_CURVE ( 'NONE', #3604, #934, #592, .T. ) ;
#1024 = CIRCLE ( 'NONE', #451, 0.1000000000000001305 ) ;
#1025 = CARTESIAN_POINT ( 'NONE',  ( 9.368548013477252244E-16, 8.000000000000000000, 7.650000000000000355 ) ) ;
#1026 = EDGE_LOOP ( 'NONE', ( #1692, #5729, #4057, #3373 ) ) ;
#1027 = LINE ( 'NONE', #5989, #310 ) ;
#1028 = CARTESIAN_POINT ( 'NONE',  ( 0.000000000000000000, 28.99999999999999645, 0.000000000000000000 ) ) ;
#1029 = ORIENTED_EDGE ( 'NONE', *, *, #6465, .T. ) ;
#1030 = FACE_OUTER_BOUND ( 'NONE', #4604, .T. ) ;
#1031 = CARTESIAN_POINT ( 'NONE',  ( -1.774206577554091391, 22.12724661236354606, -6.495691847736310365 ) ) ;
#1032 = ADVANCED_FACE ( 'NONE', ( #2894 ), #2073, .T. ) ;
#1033 = ADVANCED_FACE ( 'NONE', ( #5144 ), #4004, .T. ) ;
#1034 = DIRECTION ( 'NONE',  ( 1.000000000000000000, 0.000000000000000000, 0.000000000000000000 ) ) ;
#1035 = PRODUCT_DEFINITION ( 'UNKNOWN', '', #6989, #6238 ) ;
#1036 = VERTEX_POINT ( 'NONE', #112 ) ;
#1037 = EDGE_CURVE ( 'NONE', #1713, #3482, #4191, .T. ) ;
#1038 = CARTESIAN_POINT ( 'NONE',  ( -3.532332510810049175, 21.27054235257538295, 1.519688991228852926 ) ) ;
#1039 = ORIENTED_EDGE ( 'NONE', *, *, #6496, .F. ) ;
#1040 = FACE_OUTER_BOUND ( 'NONE', #6436, .T. ) ;
#1041 = VERTEX_POINT ( 'NONE', #1165 ) ;
#1042 = ADVANCED_FACE ( 'NONE', ( #6272 ), #5730, .T. ) ;
#1043 = SHAPE_REPRESENTATION_RELATIONSHIP ( 'NONE' , 'NONE' ,  #4584, #3711 ) ;
#1044 = ORIENTED_EDGE ( 'NONE', *, *, #1402, .T. ) ;
#1045 = CARTESIAN_POINT ( 'NONE',  ( 0.004166666666501261593, 20.00000000000000000, 6.449998654177294455 ) ) ;
#1046 = DIRECTION ( 'NONE',  ( 0.4876598490941707609, 0.7241379310344824294, 0.4876598490941710939 ) ) ;
#1047 = CARTESIAN_POINT ( 'NONE',  ( -1.400000000000000133, 12.44809871788125477, -4.429206973128303915 ) ) ;
#1048 = DIRECTION ( 'NONE',  ( -0.000000000000000000, 1.000000000000000000, -0.000000000000000000 ) ) ;
#1049 = DIRECTION ( 'NONE',  ( 0.000000000000000000, -1.000000000000000000, 0.000000000000000000 ) ) ;
#1050 = CIRCLE ( 'NONE', #594, 0.1499999999999999667 ) ;
#1051 = CARTESIAN_POINT ( 'NONE',  ( 7.233617738330956115, 3.101480656498026178, -2.489507632570827411 ) ) ;
#1052 = ORIENTED_EDGE ( 'NONE', *, *, #6073, .T. ) ;
#1053 = CARTESIAN_POINT ( 'NONE',  ( -3.140055051430238109, 1.508506057664685152, 6.976435135045778502 ) ) ;
#1054 = ORIENTED_EDGE ( 'NONE', *, *, #6934, .T. ) ;
#1055 = DIRECTION ( 'NONE',  ( 0.000000000000000000, 1.000000000000000000, 0.000000000000000000 ) ) ;
#1056 = ORIENTED_EDGE ( 'NONE', *, *, #3338, .T. ) ;
#1057 = FACE_OUTER_BOUND ( 'NONE', #3578, .T. ) ;
#1058 = AXIS2_PLACEMENT_3D ( 'NONE', #3296, #7217, #615 ) ;
#1059 =( BOUNDED_CURVE ( )  B_SPLINE_CURVE ( 3, ( #1192, #2255, #3443, #2156 ),
 .UNSPECIFIED., .F., .T. ) 
 B_SPLINE_CURVE_WITH_KNOTS ( ( 4, 4 ),
 ( 2.836899999574395981, 3.446285307605190251 ),
 .UNSPECIFIED. ) 
 CURVE ( )  GEOMETRIC_REPRESENTATION_ITEM ( )  RATIONAL_B_SPLINE_CURVE ( ( 1.000000000000000000, 0.9692928009446305504, 0.9692928009446305504, 1.000000000000000000 ) ) 
 REPRESENTATION_ITEM ( '' )  );
#1060 = LINE ( 'NONE', #6704, #3698 ) ;
#1061 = VERTEX_POINT ( 'NONE', #695 ) ;
#1062 = DIRECTION ( 'NONE',  ( -0.000000000000000000, 0.6561787149247862994, 0.7546055221635049604 ) ) ;
#1063 = CARTESIAN_POINT ( 'NONE',  ( 0.004166666666499566768, 20.00000000000000000, -6.449998654177294455 ) ) ;
#1064 = ORIENTED_EDGE ( 'NONE', *, *, #6759, .T. ) ;
#1065 = ORIENTED_EDGE ( 'NONE', *, *, #7123, .T. ) ;
#1066 = CARTESIAN_POINT ( 'NONE',  ( -1.459418320901412880, 21.14765308476521710, -6.439720414820147454 ) ) ;
#1067 = AXIS2_PLACEMENT_3D ( 'NONE', #4926, #4443, #1573 ) ;
#1068 = EDGE_CURVE ( 'NONE', #4896, #1007, #2421, .T. ) ;
#1069 = ADVANCED_FACE ( 'NONE', ( #144 ), #6527, .T. ) ;
#1070 = EDGE_LOOP ( 'NONE', ( #5611, #1381, #3753, #1096 ) ) ;
#1071 = CARTESIAN_POINT ( 'NONE',  ( -3.532332510810050064, 20.35429467676825865, 0.8763537828953720243 ) ) ;
#1072 = EDGE_CURVE ( 'NONE', #6634, #6153, #1604, .T. ) ;
#1073 = LINE ( 'NONE', #538, #772 ) ;
#1074 = ORIENTED_EDGE ( 'NONE', *, *, #6331, .T. ) ;
#1075 = SHAPE_REPRESENTATION_RELATIONSHIP ( 'NONE' , 'NONE' ,  #5091, #5275 ) ;
#1076 = ORIENTED_EDGE ( 'NONE', *, *, #6992, .F. ) ;
#1077 = CARTESIAN_POINT ( 'NONE',  ( 0.8986573141998862591, 20.37394550791022141, 6.437440052331057316 ) ) ;
#1078 = CARTESIAN_POINT ( 'NONE',  ( -1.380000000000000115, 9.768344573749500270, -5.400000000000000355 ) ) ;
#1079 = DIRECTION ( 'NONE',  ( 0.000000000000000000, 1.000000000000000000, 0.000000000000000000 ) ) ;
#1080 = LINE ( 'NONE', #1633, #165 ) ;
#1081 = EDGE_CURVE ( 'NONE', #4154, #4743, #7082, .T. ) ;
#1082 = CIRCLE ( 'NONE', #4611, 5.500000000000000000 ) ;
#1083 = AXIS2_PLACEMENT_3D ( 'NONE', #5887, #3723, #7044 ) ;
#1084 = CARTESIAN_POINT ( 'NONE',  ( 0.5122934835977697166, 20.11521957702265695, -3.532332510810048287 ) ) ;
#1085 = DIRECTION ( 'NONE',  ( -0.000000000000000000, 1.000000000000000000, -0.000000000000000000 ) ) ;
#1086 = ORIENTED_EDGE ( 'NONE', *, *, #7231, .F. ) ;
#1087 = FACE_OUTER_BOUND ( 'NONE', #6292, .T. ) ;
#1088 = EDGE_LOOP ( 'NONE', ( #4780, #7001, #6284, #2208 ) ) ;
#1089 = CARTESIAN_POINT ( 'NONE',  ( -7.296724953260063984, 3.176207172489685870, -2.297891415291847039 ) ) ;
#1090 = DIRECTION ( 'NONE',  ( 0.000000000000000000, -0.000000000000000000, 1.000000000000000000 ) ) ;
#1091 = DIRECTION ( 'NONE',  ( 0.6936187941687647074, 0.000000000000000000, -0.7203422578024065714 ) ) ;
#1092 = AXIS2_PLACEMENT_3D ( 'NONE', #13, #3465, #1771 ) ;
#1093 = CARTESIAN_POINT ( 'NONE',  ( -1.379999999999999893, 12.48000000000000043, -2.027069063257456172 ) ) ;
#1094 = CARTESIAN_POINT ( 'NONE',  ( 5.087985294887772625, 4.978965517241379146, 2.966664951328128907 ) ) ;
#1095 = CARTESIAN_POINT ( 'NONE',  ( 1.399999999999999689, 6.649999999999999467, 4.549999999999999822 ) ) ;
#1096 = ORIENTED_EDGE ( 'NONE', *, *, #2559, .T. ) ;
#1097 = DIRECTION ( 'NONE',  ( -2.168404344971008252E-17, 1.000000000000000000, 0.000000000000000000 ) ) ;
#1098 = VERTEX_POINT ( 'NONE', #842 ) ;
#1099 = CARTESIAN_POINT ( 'NONE',  ( -1.147132039402795289, 20.63804575610898340, -6.433773523298686570 ) ) ;
#1100 = ORIENTED_EDGE ( 'NONE', *, *, #1974, .T. ) ;
#1101 = VECTOR ( 'NONE', #3368, 1000.000000000000000 ) ;
#1102 = DIRECTION ( 'NONE',  ( 0.000000000000000000, 0.000000000000000000, 1.000000000000000000 ) ) ;
#1103 = ORIENTED_EDGE ( 'NONE', *, *, #5893, .T. ) ;
#1104 = EDGE_CURVE ( 'NONE', #6664, #4101, #3565, .T. ) ;
#1105 = VECTOR ( 'NONE', #5923, 1000.000000000000114 ) ;
#1106 = EDGE_CURVE ( 'NONE', #3765, #2778, #6173, .T. ) ;
#1107 = TOROIDAL_SURFACE ( 'NONE', #3704, 0.1299999999999999767, 0.02000000000000000042 ) ;
#1108 = FACE_OUTER_BOUND ( 'NONE', #6712, .T. ) ;
#1109 = ORIENTED_EDGE ( 'NONE', *, *, #3101, .T. ) ;
#1110 =( LENGTH_UNIT ( ) NAMED_UNIT ( * ) SI_UNIT ( .MILLI., .METRE. ) );
#1111 = ORIENTED_EDGE ( 'NONE', *, *, #6221, .T. ) ;
#1112 = CARTESIAN_POINT ( 'NONE',  ( -6.442419476973602954, 20.18590504268347985, -0.6527328728281425185 ) ) ;
#1113 = VECTOR ( 'NONE', #6476, 1000.000000000000114 ) ;
#1114 = CARTESIAN_POINT ( 'NONE',  ( 4.843681451127850757, 3.200000000000000178, -4.843681451127848980 ) ) ;
#1115 = PLANE ( 'NONE',  #4494 ) ;
#1116 = CARTESIAN_POINT ( 'NONE',  ( -7.085102807365159627, 3.000000000000000000, 2.885102807365165223 ) ) ;
#1117 = DIRECTION ( 'NONE',  ( 0.000000000000000000, -0.6561787149247684248, 0.7546055221635205035 ) ) ;
#1118 = CARTESIAN_POINT ( 'NONE',  ( 7.248827492908197279, 3.153668633940834187, -2.444832771519089842 ) ) ;
#1119 = ORIENTED_EDGE ( 'NONE', *, *, #5070, .F. ) ;
#1120 = DIRECTION ( 'NONE',  ( 0.7071067811865403563, -1.082467449009526616E-16, 0.7071067811865547892 ) ) ;
#1121 = ORIENTED_EDGE ( 'NONE', *, *, #2566, .T. ) ;
#1122 = CARTESIAN_POINT ( 'NONE',  ( -1.379999999999999893, 12.37465984809580277, -1.879109974682634077 ) ) ;
#1123 = AXIS2_PLACEMENT_3D ( 'NONE', #2693, #324, #866 ) ;
#1124 = CARTESIAN_POINT ( 'NONE',  ( -0.004166666666499905906, 19.99999999999999645, -5.624665225307659000 ) ) ;
#1125 = LINE ( 'NONE', #6638, #130 ) ;
#1126 = ADVANCED_FACE ( 'NONE', ( #4735 ), #4541, .T. ) ;
#1127 = CARTESIAN_POINT ( 'NONE',  ( 0.000000000000000000, 1.699999999999999734, -6.849999999999998757 ) ) ;
#1128 = AXIS2_PLACEMENT_3D ( 'NONE', #1391, #5397, #3043 ) ;
#1129 = PRODUCT_DEFINITION_FORMATION_WITH_SPECIFIED_SOURCE ( 'ANY', '', #305, .NOT_KNOWN. ) ;
#1130 = DIRECTION ( 'NONE',  ( -0.000000000000000000, -1.000000000000000000, -0.000000000000000000 ) ) ;
#1131 = DIRECTION ( 'NONE',  ( 0.000000000000000000, 0.000000000000000000, -1.000000000000000000 ) ) ;
#1132 = CARTESIAN_POINT ( 'NONE',  ( 7.296724953260060431, 8.000000000000000000, 2.297891415291850148 ) ) ;
#1133 = EDGE_LOOP ( 'NONE', ( #6429, #745, #6089, #5631 ) ) ;
#1134 = CARTESIAN_POINT ( 'NONE',  ( 1.042296896155679809E-15, -1.299999999999985167, -7.450000000000000178 ) ) ;
#1135 = AXIS2_PLACEMENT_3D ( 'NONE', #6621, #5456, #7060 ) ;
#1136 = VERTEX_POINT ( 'NONE', #1901 ) ;
#1137 = CARTESIAN_POINT ( 'NONE',  ( 0.000000000000000000, 0.000000000000000000, -6.450000000000001066 ) ) ;
#1138 = CARTESIAN_POINT ( 'NONE',  ( -6.747380340403889676, 19.99999999999999645, 1.854166666666667407 ) ) ;
#1139 = ORIENTED_EDGE ( 'NONE', *, *, #1844, .T. ) ;
#1140 = FILL_AREA_STYLE_COLOUR ( '', #741 ) ;
#1141 = CARTESIAN_POINT ( 'NONE',  ( 1.060660171779822525, 4.585121964646132860E-16, -1.060660171779822525 ) ) ;
#1142 = ORIENTED_EDGE ( 'NONE', *, *, #818, .F. ) ;
#1143 = B_SPLINE_CURVE_WITH_KNOTS ( 'NONE', 3,
 ( #4132, #683, #6365, #3067, #5860, #5825, #132, #4024, #4615, #1816 ),
 .UNSPECIFIED., .F., .F.,
 ( 4, 3, 3, 4 ),
 ( 0.000000000000000000, 3.932309463598236910E-05, 8.009671586239446852E-05, 8.254620561176657771E-05 ),
 .UNSPECIFIED. ) ;
#1144 = CARTESIAN_POINT ( 'NONE',  ( -1.060660171779809424, 0.000000000000000000, -1.060660171779831629 ) ) ;
#1145 = VERTEX_POINT ( 'NONE', #335 ) ;
#1146 = CARTESIAN_POINT ( 'NONE',  ( -6.514295127691074327, 22.35534886061988047, -1.821875480920076118 ) ) ;
#1147 = CARTESIAN_POINT ( 'NONE',  ( 0.000000000000000000, 20.00000000000000000, 0.000000000000000000 ) ) ;
#1148 = LINE ( 'NONE', #2287, #2840 ) ;
#1149 = CARTESIAN_POINT ( 'NONE',  ( 3.532332510810048731, 21.64134626555454943, 1.659917856958067706 ) ) ;
#1150 = CARTESIAN_POINT ( 'NONE',  ( 2.716032430193390912, 3.000000000000000000, 7.343409823653981761 ) ) ;
#1151 = ORIENTED_EDGE ( 'NONE', *, *, #3822, .F. ) ;
#1152 = ADVANCED_FACE ( 'NONE', ( #3158 ), #6379, .T. ) ;
#1153 = CARTESIAN_POINT ( 'NONE',  ( -3.532332510810048731, 21.38165395594582208, -1.563691276470032143 ) ) ;
#1154 = EDGE_CURVE ( 'NONE', #3869, #4743, #7227, .T. ) ;
#1155 = ORIENTED_EDGE ( 'NONE', *, *, #6278, .T. ) ;
#1156 = LINE ( 'NONE', #5136, #1251 ) ;
#1157 = CARTESIAN_POINT ( 'NONE',  ( -3.976120838953064673, 3.090000000000000746, -3.976120838953062009 ) ) ;
#1158 = CARTESIAN_POINT ( 'NONE',  ( -1.399999999999999911, 9.768344573749500270, -5.549999999999999822 ) ) ;
#1159 = CARTESIAN_POINT ( 'NONE',  ( -1.380000000000000115, 9.768344573749500270, -5.400000000000000355 ) ) ;
#1160 = EDGE_CURVE ( 'NONE', #5780, #2796, #1490, .T. ) ;
#1161 = CARTESIAN_POINT ( 'NONE',  ( 1.379999999999999671, 12.50000000000000000, -4.343903740188082452 ) ) ;
#1162 = DIRECTION ( 'NONE',  ( 0.000000000000000000, -1.000000000000000000, 0.000000000000000000 ) ) ;
#1163 = DIRECTION ( 'NONE',  ( -1.000000000000000000, 0.000000000000000000, 0.000000000000000000 ) ) ;
#1164 = EDGE_LOOP ( 'NONE', ( #756, #3169, #53, #4333 ) ) ;
#1165 = CARTESIAN_POINT ( 'NONE',  ( 1.071565949253934321E-15, 9.500000000000005329, 8.750000000000001776 ) ) ;
#1166 = VERTEX_POINT ( 'NONE', #5505 ) ;
#1167 = AXIS2_PLACEMENT_3D ( 'NONE', #3890, #4958, #5059 ) ;
#1168 = LINE ( 'NONE', #3419, #1299 ) ;
#1169 = ORIENTED_EDGE ( 'NONE', *, *, #6138, .F. ) ;
#1170 = SHAPE_DEFINITION_REPRESENTATION ( #5522, #5608 ) ;
#1171 = ADVANCED_FACE ( 'NONE', ( #5027 ), #902, .T. ) ;
#1172 = CARTESIAN_POINT ( 'NONE',  ( -1.380279994234274721, 6.500000000000000000, -4.549233012451844083 ) ) ;
#1173 = AXIS2_PLACEMENT_3D ( 'NONE', #6347, #2931, #3529 ) ;
#1174 = ORIENTED_EDGE ( 'NONE', *, *, #4444, .F. ) ;
#1175 = CARTESIAN_POINT ( 'NONE',  ( 1.854166666666500873, 22.99999999999999645, 3.532332510810049175 ) ) ;
#1176 = CARTESIAN_POINT ( 'NONE',  ( -2.179449471770337432, 7.499999999999998224, -4.500000000000000000 ) ) ;
#1177 = AXIS2_PLACEMENT_3D ( 'NONE', #556, #7249, #6090 ) ;
#1178 = CYLINDRICAL_SURFACE ( 'NONE', #5003, 0.02000000000000005246 ) ;
#1179 = ORIENTED_EDGE ( 'NONE', *, *, #4453, .F. ) ;
#1180 = CARTESIAN_POINT ( 'NONE',  ( 5.477443273054879214, 19.99999999999999645, -0.004166666666667291977 ) ) ;
#1181 = VERTEX_POINT ( 'NONE', #4957 ) ;
#1182 = CARTESIAN_POINT ( 'NONE',  ( 1.379999999999999671, 11.54484625457503100, 5.498426807238718794 ) ) ;
#1183 = CARTESIAN_POINT ( 'NONE',  ( -6.500738796780887618, 22.18493761391723496, 1.784913698630723466 ) ) ;
#1184 = EDGE_CURVE ( 'NONE', #6294, #1713, #3223, .T. ) ;
#1185 = PLANE ( 'NONE',  #6487 ) ;
#1186 = CARTESIAN_POINT ( 'NONE',  ( 3.532332510810048287, 28.99999999999999645, -4.336808689942017243E-16 ) ) ;
#1187 = DIRECTION ( 'NONE',  ( -1.000000000000000000, -0.000000000000000000, -0.000000000000000000 ) ) ;
#1188 = ORIENTED_EDGE ( 'NONE', *, *, #988, .F. ) ;
#1189 = CARTESIAN_POINT ( 'NONE',  ( 0.000000000000000000, 2.428148006742123499, 0.000000000000000000 ) ) ;
#1190 = VERTEX_POINT ( 'NONE', #4887 ) ;
#1191 = CARTESIAN_POINT ( 'NONE',  ( 1.399999999999999689, 0.000000000000000000, -4.379999999999999893 ) ) ;
#1192 = CARTESIAN_POINT ( 'NONE',  ( -2.312024219028190775, 5.951057409446828039, -4.433344562587832272 ) ) ;
#1193 = CARTESIAN_POINT ( 'NONE',  ( -2.915460667173294329, 3.090000000000000746, 5.036781010732854114 ) ) ;
#1194 = ADVANCED_FACE ( 'NONE', ( #1020 ), #5238, .T. ) ;
#1195 = CARTESIAN_POINT ( 'NONE',  ( -1.400000000000000133, 6.500000000000000000, 0.000000000000000000 ) ) ;
#1196 = EDGE_CURVE ( 'NONE', #2417, #4616, #5481, .T. ) ;
#1197 = CARTESIAN_POINT ( 'NONE',  ( 0.000000000000000000, 20.00000000000000000, 0.000000000000000000 ) ) ;
#1198 = CARTESIAN_POINT ( 'NONE',  ( 0.000000000000000000, 8.000000000000000000, 0.000000000000000000 ) ) ;
#1199 = CARTESIAN_POINT ( 'NONE',  ( 3.266464433174221416, 0.000000000000000000, -3.266464433174220527 ) ) ;
#1200 = VECTOR ( 'NONE', #3167, 1000.000000000000000 ) ;
#1201 = ORIENTED_EDGE ( 'NONE', *, *, #5879, .T. ) ;
#1202 = CARTESIAN_POINT ( 'NONE',  ( -4.843681451127849868, 8.000000000000000000, 4.843681451127852533 ) ) ;
#1203 = AXIS2_PLACEMENT_3D ( 'NONE', #1436, #2568, #1399 ) ;
#1204 = EDGE_LOOP ( 'NONE', ( #631, #1324, #6031, #1397 ) ) ;
#1205 = FACE_OUTER_BOUND ( 'NONE', #4462, .T. ) ;
#1206 = EDGE_CURVE ( 'NONE', #2433, #7051, #3258, .T. ) ;
#1207 = EDGE_LOOP ( 'NONE', ( #5090, #3322, #2282, #5213 ) ) ;
#1208 = AXIS2_PLACEMENT_3D ( 'NONE', #3251, #1010, #3879 ) ;
#1209 = ADVANCED_FACE ( 'NONE', ( #4369 ), #4298, .F. ) ;
#1210 = CARTESIAN_POINT ( 'NONE',  ( 3.870068605369154202, 5.212479532407042093, 3.870068605369151538 ) ) ;
#1211 = ORIENTED_EDGE ( 'NONE', *, *, #4361, .T. ) ;
#1212 = ORIENTED_EDGE ( 'NONE', *, *, #6183, .F. ) ;
#1213 = DIRECTION ( 'NONE',  ( 1.000000000000000000, 0.000000000000000000, 0.000000000000000000 ) ) ;
#1214 = ADVANCED_FACE ( 'NONE', ( #6635 ), #6564, .F. ) ;
#1215 = ADVANCED_FACE ( 'NONE', ( #7178, #6667 ), #1640, .F. ) ;
#1216 = FACE_OUTER_BOUND ( 'NONE', #2974, .T. ) ;
#1217 = CIRCLE ( 'NONE', #5330, 0.02000000000000005246 ) ;
#1218 = FACE_OUTER_BOUND ( 'NONE', #1804, .T. ) ;
#1219 = VERTEX_POINT ( 'NONE', #7147 ) ;
#1220 = ORIENTED_EDGE ( 'NONE', *, *, #5242, .T. ) ;
#1221 = VECTOR ( 'NONE', #883, 1000.000000000000000 ) ;
#1222 = CARTESIAN_POINT ( 'NONE',  ( -6.446291019545960843, 20.08356111737319338, -0.4382450456047509713 ) ) ;
#1223 = DIRECTION ( 'NONE',  ( -0.000000000000000000, 1.000000000000000000, -0.000000000000000000 ) ) ;
#1224 = CIRCLE ( 'NONE', #2398, 0.02000000000000005246 ) ;
#1225 = CARTESIAN_POINT ( 'NONE',  ( 3.532332510810048731, 20.01240626772482045, -0.2031157274474298391 ) ) ;
#1226 = CIRCLE ( 'NONE', #2168, 0.01999999999999939326 ) ;
#1227 = CARTESIAN_POINT ( 'NONE',  ( 0.000000000000000000, 8.000000000000000000, 0.000000000000000000 ) ) ;
#1228 = VERTEX_POINT ( 'NONE', #4924 ) ;
#1229 = VECTOR ( 'NONE', #4872, 1000.000000000000000 ) ;
#1230 = CARTESIAN_POINT ( 'NONE',  ( 1.399999999999999689, 11.43165542625050435, 5.530000000000000249 ) ) ;
#1231 = VERTEX_POINT ( 'NONE', #1571 ) ;
#1232 = LINE ( 'NONE', #3376, #440 ) ;
#1233 = CYLINDRICAL_SURFACE ( 'NONE', #2338, 0.2000000000000002887 ) ;
#1234 = CARTESIAN_POINT ( 'NONE',  ( 1.854166666666501317, 24.99984659119641606, 6.871269208495067282 ) ) ;
#1235 = VECTOR ( 'NONE', #920, 1000.000000000000000 ) ;
#1236 = CARTESIAN_POINT ( 'NONE',  ( 1.379999999999999671, 6.500000000000000000, -0.7729309367425445387 ) ) ;
#1237 = AXIS2_PLACEMENT_3D ( 'NONE', #5841, #5250, #1354 ) ;
#1238 = CARTESIAN_POINT ( 'NONE',  ( -0.2036121595007273077, 20.01245631563327265, 6.449286154077242372 ) ) ;
#1239 = CARTESIAN_POINT ( 'NONE',  ( 6.433689516478380277, 20.76692192575790941, 1.241722490804925583 ) ) ;
#1240 = VECTOR ( 'NONE', #6910, 1000.000000000000000 ) ;
#1241 = CARTESIAN_POINT ( 'NONE',  ( -4.433344562587855364, 5.951057409446828927, 2.312024219028143701 ) ) ;
#1242 = ORIENTED_EDGE ( 'NONE', *, *, #5854, .F. ) ;
#1243 = LINE ( 'NONE', #6782, #3728 ) ;
#1244 = VECTOR ( 'NONE', #7151, 1000.000000000000000 ) ;
#1245 = ORIENTED_EDGE ( 'NONE', *, *, #1154, .T. ) ;
#1246 = CARTESIAN_POINT ( 'NONE',  ( 0.000000000000000000, 7.500000000000000000, 0.000000000000000000 ) ) ;
#1247 = APPLICATION_CONTEXT ( 'automotive_design' ) ;
#1248 = VECTOR ( 'NONE', #3803, 1000.000000000000000 ) ;
#1249 = CARTESIAN_POINT ( 'NONE',  ( 0.000000000000000000, 0.000000000000000000, -7.650000000000000355 ) ) ;
#1250 = CARTESIAN_POINT ( 'NONE',  ( 4.400384907664991019, 6.000000000000000000, 2.279064564105347301 ) ) ;
#1251 = VECTOR ( 'NONE', #5168, 1000.000000000000000 ) ;
#1252 = ORIENTED_EDGE ( 'NONE', *, *, #1516, .F. ) ;
#1253 = VERTEX_POINT ( 'NONE', #947 ) ;
#1254 = CARTESIAN_POINT ( 'NONE',  ( -6.449998654177293567, 20.00000000000000000, 0.004166666666667468051 ) ) ;
#1255 = EDGE_CURVE ( 'NONE', #4077, #3516, #1720, .T. ) ;
#1256 = EDGE_CURVE ( 'NONE', #6153, #946, #6598, .T. ) ;
#1257 = CARTESIAN_POINT ( 'NONE',  ( 0.000000000000000000, 1.500000000000000444, 0.000000000000000000 ) ) ;
#1258 = EDGE_CURVE ( 'NONE', #2798, #5575, #5827, .T. ) ;
#1259 = CARTESIAN_POINT ( 'NONE',  ( 0.3219889464549363089, 20.03320070600793557, -3.532332510810049619 ) ) ;
#1260 = ADVANCED_FACE ( 'NONE', ( #6088 ), #4990, .T. ) ;
#1261 = CARTESIAN_POINT ( 'NONE',  ( -1.399999999999999467, -3.035766082959410566E-17, 1.214306433183764720E-16 ) ) ;
#1262 = EDGE_LOOP ( 'NONE', ( #6370, #5191, #1341, #1960, #6783, #1444, #1760, #3234 ) ) ;
#1263 =( NAMED_UNIT ( * ) PLANE_ANGLE_UNIT ( ) SI_UNIT ( $, .RADIAN. ) );
#1264 = EDGE_LOOP ( 'NONE', ( #4798, #794, #4549, #5652 ) ) ;
#1265 = DIRECTION ( 'NONE',  ( -1.000000000000000000, 0.000000000000000000, -3.741315907929849585E-17 ) ) ;
#1266 = CARTESIAN_POINT ( 'NONE',  ( 0.000000000000000000, 6.625340151904196340, -0.9208900253173660788 ) ) ;
#1267 = EDGE_CURVE ( 'NONE', #4101, #6697, #2536, .T. ) ;
#1268 = CARTESIAN_POINT ( 'NONE',  ( -2.312024219028234295, 1.500000000000000888, 4.433344562587807403 ) ) ;
#1269 = EDGE_LOOP ( 'NONE', ( #3292, #2033, #5599, #5329 ) ) ;
#1270 = CARTESIAN_POINT ( 'NONE',  ( -7.120239627063072341, 3.000000000000000000, 2.798815421262993652 ) ) ;
#1271 = EDGE_LOOP ( 'NONE', ( #3280, #677, #3008, #5156 ) ) ;
#1272 = CARTESIAN_POINT ( 'NONE',  ( 1.399999999999999689, 12.34999999999999964, -4.343903740188082452 ) ) ;
#1273 = CARTESIAN_POINT ( 'NONE',  ( -0.004166666666499150434, 19.99999999999999645, -4.501950110211379474 ) ) ;
#1274 = DIRECTION ( 'NONE',  ( 0.000000000000000000, 1.000000000000000000, -0.000000000000000000 ) ) ;
#1275 = PLANE ( 'NONE',  #148 ) ;
#1276 = CARTESIAN_POINT ( 'NONE',  ( -1.754871359571507305, 22.03015670506573187, 6.487532605504427785 ) ) ;
#1277 = CARTESIAN_POINT ( 'NONE',  ( -1.380000000000000115, 9.768344573749500270, -5.530000000000000249 ) ) ;
#1278 = CARTESIAN_POINT ( 'NONE',  ( -7.138355639750679771, 3.000000000000000000, -2.750705138767092883 ) ) ;
#1279 = ORIENTED_EDGE ( 'NONE', *, *, #3172, .F. ) ;
#1280 = DIRECTION ( 'NONE',  ( 0.000000000000000000, 0.000000000000000000, -1.000000000000000000 ) ) ;
#1281 = EDGE_LOOP ( 'NONE', ( #3732, #1064, #1119, #6901 ) ) ;
#1282 = CARTESIAN_POINT ( 'NONE',  ( 5.036781010732885200, 3.090000000000000746, 2.915460667173241038 ) ) ;
#1283 = CARTESIAN_POINT ( 'NONE',  ( 3.055710216370180365, 1.499999999999999334, 7.013830305757053907 ) ) ;
#1284 = DIRECTION ( 'NONE',  ( 1.000000000000000000, 2.168404344971005170E-17, 0.000000000000000000 ) ) ;
#1285 = ORIENTED_EDGE ( 'NONE', *, *, #5932, .T. ) ;
#1286 = VECTOR ( 'NONE', #6337, 1000.000000000000000 ) ;
#1287 = EDGE_LOOP ( 'NONE', ( #7003, #61, #893, #5710 ) ) ;
#1288 = DIRECTION ( 'NONE',  ( 1.000000000000000000, -0.000000000000000000, -0.000000000000000000 ) ) ;
#1289 = EDGE_CURVE ( 'NONE', #1181, #2614, #5775, .T. ) ;
#1290 = CARTESIAN_POINT ( 'NONE',  ( -5.087985294887802823, 3.021034482758620854, 2.966664951328077393 ) ) ;
#1291 = EDGE_CURVE ( 'NONE', #4187, #6570, #5094, .T. ) ;
#1292 =( BOUNDED_SURFACE ( )  B_SPLINE_SURFACE ( 2, 3, ( 
 ( #868, #4768, #247, #6879 ),
 ( #4724, #3071, #3553, #2442 ),
 ( #5830, #4695, #1859, #4102 ) ),
 .UNSPECIFIED., .F., .F., .T. ) 
 B_SPLINE_SURFACE_WITH_KNOTS ( ( 3, 3 ),
 ( 4, 4 ),
 ( 0.000000000000000000, 1.000000000000000000 ),
 ( 0.003379234995115214246, 0.006747380340401568782 ),
 .UNSPECIFIED. ) 
 GEOMETRIC_REPRESENTATION_ITEM ( )  RATIONAL_B_SPLINE_SURFACE ( (
 ( 1.000000000000000000, 1.000000000000000000, 1.000000000000000000, 1.000000000000000000),
 ( 0.7071067811865475727, 0.7071067811865475727, 0.7071067811865475727, 0.7071067811865475727),
 ( 1.000000000000000000, 1.000000000000000000, 1.000000000000000000, 1.000000000000000000) ) ) 
 REPRESENTATION_ITEM ( '' )  SURFACE ( )  );
#1293 = EDGE_CURVE ( 'NONE', #2759, #6320, #3606, .T. ) ;
#1294 = FACE_OUTER_BOUND ( 'NONE', #3925, .T. ) ;
#1295 = CARTESIAN_POINT ( 'NONE',  ( 0.000000000000000000, 12.37465984809580277, -1.879109974682634077 ) ) ;
#1296 = ORIENTED_EDGE ( 'NONE', *, *, #5759, .T. ) ;
#1297 = DIRECTION ( 'NONE',  ( 0.000000000000000000, 0.000000000000000000, 1.000000000000000000 ) ) ;
#1298 = VERTEX_POINT ( 'NONE', #4474 ) ;
#1299 = VECTOR ( 'NONE', #4673, 1000.000000000000000 ) ;
#1300 = CARTESIAN_POINT ( 'NONE',  ( -4.843681451127849868, 3.000000000000000000, 4.843681451127852533 ) ) ;
#1301 = EDGE_CURVE ( 'NONE', #2329, #1181, #1232, .T. ) ;
#1302 = CARTESIAN_POINT ( 'NONE',  ( -1.854166666666499985, 22.99999999999998934, -6.594282824706779955 ) ) ;
#1303 = DIRECTION ( 'NONE',  ( -0.000000000000000000, 1.000000000000000000, -0.000000000000000000 ) ) ;
#1304 = ORIENTED_EDGE ( 'NONE', *, *, #2513, .T. ) ;
#1305 = CARTESIAN_POINT ( 'NONE',  ( -3.532332510810047843, 20.44931911752818721, -0.9790915752270447081 ) ) ;
#1306 = ORIENTED_EDGE ( 'NONE', *, *, #2194, .F. ) ;
#1307 = DIRECTION ( 'NONE',  ( -0.000000000000000000, 1.000000000000000000, -0.000000000000000000 ) ) ;
#1308 = FACE_OUTER_BOUND ( 'NONE', #472, .T. ) ;
#1309 = DIRECTION ( 'NONE',  ( 0.7071067811865401342, 0.000000000000000000, 0.7071067811865550112 ) ) ;
#1310 = CARTESIAN_POINT ( 'NONE',  ( 0.000000000000000000, 10.00000000000000000, 0.000000000000000000 ) ) ;
#1311 = ADVANCED_FACE ( 'NONE', ( #3926 ), #1784, .F. ) ;
#1312 = CARTESIAN_POINT ( 'NONE',  ( -1.383668702865610056, 20.99972010742671458, 6.436298689706701381 ) ) ;
#1313 = CARTESIAN_POINT ( 'NONE',  ( 6.438021346877452089, 20.34759089945877264, 0.8685912446755766902 ) ) ;
#1314 = PLANE ( 'NONE',  #6286 ) ;
#1315 = ORIENTED_EDGE ( 'NONE', *, *, #5932, .F. ) ;
#1316 = CARTESIAN_POINT ( 'NONE',  ( 6.437440052331030671, 20.37394550791021075, -0.8986573142000529035 ) ) ;
#1317 = EDGE_LOOP ( 'NONE', ( #5886, #5766, #599, #6038 ) ) ;
#1318 = FACE_OUTER_BOUND ( 'NONE', #7211, .T. ) ;
#1319 = CARTESIAN_POINT ( 'NONE',  ( 0.004166666666501261593, 20.00000000000000000, 6.449998654177294455 ) ) ;
#1320 = CIRCLE ( 'NONE', #1905, 6.450000000000001066 ) ;
#1321 = CARTESIAN_POINT ( 'NONE',  ( -1.400000000000000133, 9.670245855868245144, -5.485303232940222706 ) ) ;
#1322 = AXIS2_PLACEMENT_3D ( 'NONE', #6826, #2275, #5812 ) ;
#1323 = ORIENTED_EDGE ( 'NONE', *, *, #4122, .T. ) ;
#1324 = ORIENTED_EDGE ( 'NONE', *, *, #5171, .F. ) ;
#1325 = DIRECTION ( 'NONE',  ( 0.000000000000000000, 0.000000000000000000, -1.000000000000000000 ) ) ;
#1326 = VECTOR ( 'NONE', #2875, 1000.000000000000000 ) ;
#1327 =( LENGTH_UNIT ( ) NAMED_UNIT ( * ) SI_UNIT ( .MILLI., .METRE. ) );
#1328 = CIRCLE ( 'NONE', #2965, 0.02000000000000005246 ) ;
#1329 = AXIS2_PLACEMENT_3D ( 'NONE', #3706, #4770, #249 ) ;
#1330 = DIRECTION ( 'NONE',  ( -0.000000000000000000, -0.6561787149247436668, -0.7546055221635421528 ) ) ;
#1331 = ADVANCED_FACE ( 'NONE', ( #2809 ), #4510, .T. ) ;
#1332 = CARTESIAN_POINT ( 'NONE',  ( -1.854166666666500207, 26.99986367804637410, -7.147016683033136530 ) ) ;
#1333 = VERTEX_POINT ( 'NONE', #1122 ) ;
#1334 =( NAMED_UNIT ( * ) SI_UNIT ( $, .STERADIAN. ) SOLID_ANGLE_UNIT ( ) );
#1335 = VERTEX_POINT ( 'NONE', #5058 ) ;
#1336 = EDGE_CURVE ( 'NONE', #3896, #2614, #4665, .T. ) ;
#1337 = CARTESIAN_POINT ( 'NONE',  ( 0.000000000000000000, 7.500000000000000000, 0.000000000000000000 ) ) ;
#1338 = CARTESIAN_POINT ( 'NONE',  ( 3.532332510810047843, 20.86637952474375268, -1.307679793329488582 ) ) ;
#1339 = VECTOR ( 'NONE', #5915, 1000.000000000000114 ) ;
#1340 = DIRECTION ( 'NONE',  ( -1.000000000000000000, -0.000000000000000000, -0.000000000000000000 ) ) ;
#1341 = ORIENTED_EDGE ( 'NONE', *, *, #2961, .T. ) ;
#1342 = CARTESIAN_POINT ( 'NONE',  ( -3.532332510810048287, 20.37284124738523161, -0.8974227786088707637 ) ) ;
#1343 = ORIENTED_EDGE ( 'NONE', *, *, #6147, .F. ) ;
#1344 = DIRECTION ( 'NONE',  ( 0.000000000000000000, 0.000000000000000000, -1.000000000000000000 ) ) ;
#1345 = ADVANCED_FACE ( 'NONE', ( #2254 ), #6737, .T. ) ;
#1346 = CARTESIAN_POINT ( 'NONE',  ( -1.397319086605161909, 6.500000000000000000, 4.496202024374977846 ) ) ;
#1347 = DIRECTION ( 'NONE',  ( 0.000000000000000000, 0.000000000000000000, 1.000000000000000000 ) ) ;
#1348 = CYLINDRICAL_SURFACE ( 'NONE', #6940, 0.2000000000000002331 ) ;
#1349 = AXIS2_PLACEMENT_3D ( 'NONE', #4774, #7029, #4329 ) ;
#1350 = VECTOR ( 'NONE', #2702, 1000.000000000000000 ) ;
#1351 = CARTESIAN_POINT ( 'NONE',  ( -1.854166666666499319, 22.99999999999999645, 6.594282824706780843 ) ) ;
#1352 = EDGE_CURVE ( 'NONE', #3060, #326, #1156, .T. ) ;
#1353 = CARTESIAN_POINT ( 'NONE',  ( 6.485722218173772369, 22.00769329369386895, 1.750089949661524757 ) ) ;
#1354 = DIRECTION ( 'NONE',  ( 0.000000000000000000, 0.000000000000000000, -1.000000000000000000 ) ) ;
#1355 = CIRCLE ( 'NONE', #6395, 0.1299999999999998934 ) ;
#1356 = EDGE_CURVE ( 'NONE', #3026, #2188, #3244, .T. ) ;
#1357 = ORIENTED_EDGE ( 'NONE', *, *, #3382, .F. ) ;
#1358 = CARTESIAN_POINT ( 'NONE',  ( 6.452651312516329618, 21.49596484710142263, -1.605986852447225166 ) ) ;
#1359 = ORIENTED_EDGE ( 'NONE', *, *, #1106, .F. ) ;
#1360 = CARTESIAN_POINT ( 'NONE',  ( -2.179449471770337432, 7.499999999999998224, 4.500000000000000000 ) ) ;
#1361 = AXIS2_PLACEMENT_3D ( 'NONE', #2869, #5668, #1917 ) ;
#1362 = CARTESIAN_POINT ( 'NONE',  ( 3.405877273185280441, 1.676207172489686315, 6.849999999999999645 ) ) ;
#1363 = LINE ( 'NONE', #2531, #2400 ) ;
#1364 = VECTOR ( 'NONE', #6094, 1000.000000000000000 ) ;
#1365 = EDGE_LOOP ( 'NONE', ( #6803, #79, #3425, #64 ) ) ;
#1366 = ORIENTED_EDGE ( 'NONE', *, *, #4365, .F. ) ;
#1367 = CARTESIAN_POINT ( 'NONE',  ( -1.854166666666499319, 22.99999999999999645, 6.594282824706780843 ) ) ;
#1368 = AXIS2_PLACEMENT_3D ( 'NONE', #944, #6561, #3256 ) ;
#1369 = CARTESIAN_POINT ( 'NONE',  ( -1.379999999999999893, 12.34999999999999964, 2.027069063257455728 ) ) ;
#1370 = CARTESIAN_POINT ( 'NONE',  ( 1.854166666666499985, 28.99999999999999645, -3.532332510810047843 ) ) ;
#1371 = ORIENTED_EDGE ( 'NONE', *, *, #632, .F. ) ;
#1372 = DIRECTION ( 'NONE',  ( 1.000000000000000000, 2.168404344971008252E-17, -8.673617379884035472E-17 ) ) ;
#1373 = VERTEX_POINT ( 'NONE', #6773 ) ;
#1374 = ORIENTED_EDGE ( 'NONE', *, *, #3584, .F. ) ;
#1375 = AXIS2_PLACEMENT_3D ( 'NONE', #1931, #5276, #1344 ) ;
#1376 = DIRECTION ( 'NONE',  ( -1.000000000000000000, -0.000000000000000000, -0.000000000000000000 ) ) ;
#1377 = CARTESIAN_POINT ( 'NONE',  ( 4.433344562587840265, 2.048942590553171961, -2.312024219028176120 ) ) ;
#1378 = DIRECTION ( 'NONE',  ( 0.000000000000000000, 1.000000000000000000, 0.000000000000000000 ) ) ;
#1379 = ORIENTED_EDGE ( 'NONE', *, *, #7069, .F. ) ;
#1380 = CARTESIAN_POINT ( 'NONE',  ( -3.532332510810049619, 20.13206348000786150, -0.5473776262350669164 ) ) ;
#1381 = ORIENTED_EDGE ( 'NONE', *, *, #12, .T. ) ;
#1382 = FACE_OUTER_BOUND ( 'NONE', #6205, .T. ) ;
#1383 = DIRECTION ( 'NONE',  ( 0.7071067811865475727, -3.056747976430751296E-16, -0.7071067811865475727 ) ) ;
#1384 = CARTESIAN_POINT ( 'NONE',  ( 1.399999999999999689, 9.768344573749498494, 5.530000000000000249 ) ) ;
#1385 = DIRECTION ( 'NONE',  ( 0.000000000000000000, 0.000000000000000000, -1.000000000000000000 ) ) ;
#1386 = EDGE_CURVE ( 'NONE', #2292, #1219, #3994, .T. ) ;
#1387 = CARTESIAN_POINT ( 'NONE',  ( 6.436298689706664078, 20.99972010742670747, 1.383668702865774591 ) ) ;
#1388 = CARTESIAN_POINT ( 'NONE',  ( -2.571963978632912706, 3.200000000000000178, -7.204686064820227998 ) ) ;
#1389 = CARTESIAN_POINT ( 'NONE',  ( 2.291287847478249429, 8.000000000000000000, -4.999999999999999112 ) ) ;
#1390 = EDGE_LOOP ( 'NONE', ( #4685, #7099, #143, #37 ) ) ;
#1391 = CARTESIAN_POINT ( 'NONE',  ( -1.060660171779820526, 0.000000000000000000, 1.060660171779820526 ) ) ;
#1392 = EDGE_LOOP ( 'NONE', ( #2042, #7186, #2673 ) ) ;
#1393 = CARTESIAN_POINT ( 'NONE',  ( -2.192314546146025389, 7.763919350724530766, 4.555805433952621719 ) ) ;
#1394 = EDGE_CURVE ( 'NONE', #1547, #4608, #4073, .T. ) ;
#1395 = DIRECTION ( 'NONE',  ( -0.000000000000000000, -1.000000000000000000, -0.000000000000000000 ) ) ;
#1396 = CARTESIAN_POINT ( 'NONE',  ( 1.854166666666501095, 22.99999999999999645, 5.573632720074529701 ) ) ;
#1397 = ORIENTED_EDGE ( 'NONE', *, *, #7130, .F. ) ;
#1398 = ORIENTED_EDGE ( 'NONE', *, *, #5412, .F. ) ;
#1399 = DIRECTION ( 'NONE',  ( 0.000000000000000000, -0.7546055221635005195, 0.6561787149247915174 ) ) ;
#1400 = CARTESIAN_POINT ( 'NONE',  ( 2.489362245493009329, 3.101558808504984110, -7.233668728588426688 ) ) ;
#1401 = FACE_OUTER_BOUND ( 'NONE', #1365, .T. ) ;
#1402 = EDGE_CURVE ( 'NONE', #2618, #5034, #6176, .T. ) ;
#1403 = AXIS2_PLACEMENT_3D ( 'NONE', #1078, #2211, #20 ) ;
#1404 = DIRECTION ( 'NONE',  ( -3.564834783817704567E-17, 0.9863939238321438596, -0.1643989873053572914 ) ) ;
#1405 = CARTESIAN_POINT ( 'NONE',  ( 1.379999999999999671, 12.50000000000000000, 2.027069063257455728 ) ) ;
#1406 = ORIENTED_EDGE ( 'NONE', *, *, #2655, .T. ) ;
#1407 = ORIENTED_EDGE ( 'NONE', *, *, #4226, .F. ) ;
#1408 = FACE_OUTER_BOUND ( 'NONE', #1413, .T. ) ;
#1409 = PRODUCT_DEFINITION_SHAPE ( 'NONE', 'NONE',  #7255 ) ;
#1410 = B_SPLINE_CURVE_WITH_KNOTS ( 'NONE', 3,
 ( #1722, #3968, #33, #4446 ),
 .UNSPECIFIED., .F., .F.,
 ( 4, 4 ),
 ( 0.01080459952247119458, 0.01686140772964980425 ),
 .UNSPECIFIED. ) ;
#1411 = B_SPLINE_CURVE_WITH_KNOTS ( 'NONE', 3,
 ( #602, #3245, #6618, #5078, #15, #5526, #4973, #5560, #2176, #2281 ),
 .UNSPECIFIED., .F., .F.,
 ( 4, 2, 2, 2, 4 ),
 ( 8.673617379884035472E-19, 0.0002774483335560882580, 0.0004161725003341315739, 0.0004855345837231535571, 0.0005548966671121755402 ),
 .UNSPECIFIED. ) ;
#1412 = CARTESIAN_POINT ( 'NONE',  ( -2.966664951328131128, 4.978965517241379146, -5.087985294887771737 ) ) ;
#1413 = EDGE_LOOP ( 'NONE', ( #3731, #796, #5204, #7072 ) ) ;
#1414 = VECTOR ( 'NONE', #4452, 1000.000000000000114 ) ;
#1415 = CARTESIAN_POINT ( 'NONE',  ( 0.004166666666501100263, 19.99999999999999645, 5.477443273054879214 ) ) ;
#1416 = EDGE_LOOP ( 'NONE', ( #334, #7152, #6141, #4081, #1629, #5483, #2930, #4242 ) ) ;
#1417 = FACE_OUTER_BOUND ( 'NONE', #5627, .T. ) ;
#1418 = FACE_OUTER_BOUND ( 'NONE', #6708, .T. ) ;
#1419 = DIRECTION ( 'NONE',  ( 0.7203422578024066825, 0.000000000000000000, 0.6936187941687647074 ) ) ;
#1420 = LINE ( 'NONE', #4180, #859 ) ;
#1421 = TOROIDAL_SURFACE ( 'NONE', #5528, 0.1299999999999999767, 0.02000000000000000042 ) ;
#1422 = CARTESIAN_POINT ( 'NONE',  ( 9.956888411953925093E-16, -0.2530312966042072564, -8.130416393433844036 ) ) ;
#1423 = CARTESIAN_POINT ( 'NONE',  ( 2.969848480983505290, 1.499999999999999556, -7.049999999999998046 ) ) ;
#1424 = EDGE_CURVE ( 'NONE', #7189, #3386, #1024, .T. ) ;
#1425 = CARTESIAN_POINT ( 'NONE',  ( -7.421897733883310089, 28.99999999999999645, 1.854166666666667851 ) ) ;
#1426 = CARTESIAN_POINT ( 'NONE',  ( 1.419297656121585094, 21.06731949427996753, -6.437724768645011864 ) ) ;
#1427 = VERTEX_POINT ( 'NONE', #5755 ) ;
#1428 = CARTESIAN_POINT ( 'NONE',  ( -1.854166666666499097, 19.99999999999999645, 5.624665225306143768 ) ) ;
#1429 = ORIENTED_EDGE ( 'NONE', *, *, #199, .F. ) ;
#1430 = CARTESIAN_POINT ( 'NONE',  ( -7.421897733883310977, 28.99999999999999645, -1.854166666666667407 ) ) ;
#1431 = CARTESIAN_POINT ( 'NONE',  ( 0.000000000000000000, 1.500000000000000444, -4.500000000000000000 ) ) ;
#1432 = FACE_OUTER_BOUND ( 'NONE', #6140, .T. ) ;
#1433 = ADVANCED_FACE ( 'NONE', ( #3442 ), #5205, .T. ) ;
#1434 = EDGE_CURVE ( 'NONE', #3349, #4708, #797, .T. ) ;
#1435 = ORIENTED_EDGE ( 'NONE', *, *, #2555, .T. ) ;
#1436 = CARTESIAN_POINT ( 'NONE',  ( -1.379999999999999227, 2.790441948979335951, -2.426471259982029505 ) ) ;
#1437 = DIRECTION ( 'NONE',  ( 0.5120428415488842422, 0.6896551724137934825, -0.5120428415488739171 ) ) ;
#1438 = CARTESIAN_POINT ( 'NONE',  ( 4.046831517071719730, 4.909999999999999254, 4.046831517071717066 ) ) ;
#1439 = AXIS2_PLACEMENT_3D ( 'NONE', #4344, #4862, #3198 ) ;
#1440 = LINE ( 'NONE', #3538, #1105 ) ;
#1441 = PRODUCT_RELATED_PRODUCT_CATEGORY ( 'part', '', ( #305 ) ) ;
#1442 = LINE ( 'NONE', #5338, #1364 ) ;
#1443 = EDGE_LOOP ( 'NONE', ( #2765, #6723, #3514, #4499 ) ) ;
#1444 = ORIENTED_EDGE ( 'NONE', *, *, #5299, .F. ) ;
#1445 = CIRCLE ( 'NONE', #1914, 0.1299999999999998934 ) ;
#1446 = CARTESIAN_POINT ( 'NONE',  ( 0.000000000000000000, 10.00000000000000000, 0.000000000000000000 ) ) ;
#1447 = AXIS2_PLACEMENT_3D ( 'NONE', #5419, #4879, #396 ) ;
#1448 = ORIENTED_EDGE ( 'NONE', *, *, #6096, .T. ) ;
#1449 = CARTESIAN_POINT ( 'NONE',  ( -1.400000000000000133, 12.34999999999999964, 4.343903740188081564 ) ) ;
#1450 = ORIENTED_EDGE ( 'NONE', *, *, #2099, .T. ) ;
#1451 = CARTESIAN_POINT ( 'NONE',  ( 1.379999999999999671, 6.649999999999999467, -0.7729309367425445387 ) ) ;
#1452 = ORIENTED_EDGE ( 'NONE', *, *, #6990, .F. ) ;
#1453 = LINE ( 'NONE', #3703, #88 ) ;
#1454 = CARTESIAN_POINT ( 'NONE',  ( 0.000000000000000000, 12.50000000000000000, 0.000000000000000000 ) ) ;
#1455 = FACE_OUTER_BOUND ( 'NONE', #6214, .T. ) ;
#1456 = DIRECTION ( 'NONE',  ( 0.000000000000000000, 1.000000000000000000, 0.000000000000000000 ) ) ;
#1457 = CIRCLE ( 'NONE', #6955, 8.130416393433842259 ) ;
#1458 = DIRECTION ( 'NONE',  ( 0.5120428415488840201, -0.6896551724137937045, -0.5120428415488735840 ) ) ;
#1459 = DIRECTION ( 'NONE',  ( 0.000000000000000000, 0.000000000000000000, 1.000000000000000000 ) ) ;
#1460 = PLANE ( 'NONE',  #2415 ) ;
#1461 = CARTESIAN_POINT ( 'NONE',  ( 1.241722490804765711, 20.76692192575792717, -6.433689516478412251 ) ) ;
#1462 = ORIENTED_EDGE ( 'NONE', *, *, #596, .T. ) ;
#1463 = CARTESIAN_POINT ( 'NONE',  ( 6.447540879265202030, 21.38459785270095992, -1.564833315144102066 ) ) ;
#1464 = ORIENTED_EDGE ( 'NONE', *, *, #2824, .T. ) ;
#1465 = CARTESIAN_POINT ( 'NONE',  ( -3.532332510810048731, 19.99999999999999645, 1.854166666666666741 ) ) ;
#1466 = CIRCLE ( 'NONE', #2057, 0.02000000000000005246 ) ;
#1467 = DIRECTION ( 'NONE',  ( 0.000000000000000000, 0.000000000000000000, 1.000000000000000000 ) ) ;
#1468 = AXIS2_PLACEMENT_3D ( 'NONE', #2973, #2456, #4193 ) ;
#1469 = CARTESIAN_POINT ( 'NONE',  ( -1.400000000000000133, 6.500000000000000000, 0.8529309367425446098 ) ) ;
#1470 = PRODUCT_DEFINITION_SHAPE ( 'NONE', 'NONE',  #907 ) ;
#1471 = ORIENTED_EDGE ( 'NONE', *, *, #2961, .F. ) ;
#1472 = CARTESIAN_POINT ( 'NONE',  ( -4.027325123107952543, 3.021034482758621298, -4.027325123107949878 ) ) ;
#1473 = AXIS2_PLACEMENT_3D ( 'NONE', #4171, #3029, #1925 ) ;
#1474 = DIRECTION ( 'NONE',  ( 0.000000000000000000, -0.7546055221635206145, 0.6561787149247685358 ) ) ;
#1475 = CARTESIAN_POINT ( 'NONE',  ( 0.000000000000000000, 6.649999999999999467, 4.549999999999999822 ) ) ;
#1476 = EDGE_CURVE ( 'NONE', #1902, #5571, #4547, .T. ) ;
#1477 = FACE_OUTER_BOUND ( 'NONE', #2560, .T. ) ;
#1478 = EDGE_CURVE ( 'NONE', #1951, #6512, #5716, .T. ) ;
#1479 = ADVANCED_FACE ( 'NONE', ( #5901 ), #4312, .T. ) ;
#1480 = CARTESIAN_POINT ( 'NONE',  ( -3.976120838953064673, 4.909999999999999254, -3.976120838953062009 ) ) ;
#1481 = EDGE_LOOP ( 'NONE', ( #707, #1054 ) ) ;
#1482 = TOROIDAL_SURFACE ( 'NONE', #5941, 0.1299999999999999767, 0.02000000000000000042 ) ;
#1483 = VERTEX_POINT ( 'NONE', #5792 ) ;
#1484 = CARTESIAN_POINT ( 'NONE',  ( -3.532332510810048731, 22.67312952106131263, 1.854166666666666297 ) ) ;
#1485 = ADVANCED_FACE ( 'NONE', ( #2997 ), #1727, .T. ) ;
#1486 = AXIS2_PLACEMENT_3D ( 'NONE', #6479, #6583, #4945 ) ;
#1487 = ADVANCED_FACE ( 'NONE', ( #1417 ), #1292, .T. ) ;
#1488 = DIRECTION ( 'NONE',  ( 0.000000000000000000, 0.000000000000000000, 1.000000000000000000 ) ) ;
#1489 = ORIENTED_EDGE ( 'NONE', *, *, #2868, .T. ) ;
#1490 = CIRCLE ( 'NONE', #5595, 0.1299999999999998934 ) ;
#1491 = FACE_OUTER_BOUND ( 'NONE', #3735, .T. ) ;
#1492 = ORIENTED_EDGE ( 'NONE', *, *, #1476, .F. ) ;
#1493 = CARTESIAN_POINT ( 'NONE',  ( 1.564833315143934200, 21.38459785270095281, 6.447540879265241998 ) ) ;
#1494 = CARTESIAN_POINT ( 'NONE',  ( 4.500000000000000000, 7.499999999999998224, -2.179449471770337432 ) ) ;
#1495 = LINE ( 'NONE', #2768, #1911 ) ;
#1496 = CARTESIAN_POINT ( 'NONE',  ( 0.000000000000000000, 10.00000000000000000, 0.000000000000000000 ) ) ;
#1497 = ADVANCED_FACE ( 'NONE', ( #1382 ), #3108, .F. ) ;
#1498 = CARTESIAN_POINT ( 'NONE',  ( -1.461445053144961648, 21.15185678870616215, 3.532332510810049619 ) ) ;
#1499 = DIRECTION ( 'NONE',  ( 0.7071067811865563435, 0.000000000000000000, -0.7071067811865388020 ) ) ;
#1500 = CARTESIAN_POINT ( 'NONE',  ( -5.624665225306115346, 22.99999999999999645, -1.854166666666667407 ) ) ;
#1501 = CARTESIAN_POINT ( 'NONE',  ( -6.452651312516326065, 21.49596484710141198, 1.605986852447218727 ) ) ;
#1502 = ORIENTED_EDGE ( 'NONE', *, *, #3412, .T. ) ;
#1503 = DIRECTION ( 'NONE',  ( 8.673617379884035472E-17, 1.880790961315659329E-33, -1.000000000000000000 ) ) ;
#1504 = VERTEX_POINT ( 'NONE', #905 ) ;
#1505 = DIRECTION ( 'NONE',  ( 0.000000000000000000, 1.000000000000000000, 0.000000000000000000 ) ) ;
#1506 = PLANE ( 'NONE',  #4160 ) ;
#1507 = LINE ( 'NONE', #2060, #1244 ) ;
#1508 = EDGE_LOOP ( 'NONE', ( #5826, #2350, #2238, #6410 ) ) ;
#1509 = CYLINDRICAL_SURFACE ( 'NONE', #1203, 0.01999999999999992062 ) ;
#1510 = DIRECTION ( 'NONE',  ( 1.000000000000000000, 0.000000000000000000, 0.000000000000000000 ) ) ;
#1511 = CARTESIAN_POINT ( 'NONE',  ( -2.986171345291949830, 3.090000000000001190, 5.107491688851508727 ) ) ;
#1512 = DIRECTION ( 'NONE',  ( 0.000000000000000000, -1.000000000000000000, 0.000000000000000000 ) ) ;
#1513 = ORIENTED_EDGE ( 'NONE', *, *, #972, .F. ) ;
#1514 = ADVANCED_FACE ( 'NONE', ( #6443 ), #3626, .T. ) ;
#1515 = ORIENTED_EDGE ( 'NONE', *, *, #4044, .F. ) ;
#1516 = EDGE_CURVE ( 'NONE', #1993, #1547, #5865, .T. ) ;
#1517 = CARTESIAN_POINT ( 'NONE',  ( -3.532332510810048731, 20.06875140030838267, 0.3985507112380496375 ) ) ;
#1518 = ADVANCED_FACE ( 'NONE', ( #4249 ), #1970, .F. ) ;
#1519 = EDGE_CURVE ( 'NONE', #2216, #6501, #673, .T. ) ;
#1520 = ORIENTED_EDGE ( 'NONE', *, *, #1267, .F. ) ;
#1521 = DIRECTION ( 'NONE',  ( 0.000000000000000000, 0.000000000000000000, 1.000000000000000000 ) ) ;
#1522 = ORIENTED_EDGE ( 'NONE', *, *, #121, .T. ) ;
#1523 = CARTESIAN_POINT ( 'NONE',  ( 2.435362535369389292, 3.000000000000000000, -7.252000366886311333 ) ) ;
#1525 = ORIENTED_EDGE ( 'NONE', *, *, #6508, .F. ) ;
#1524 = EDGE_CURVE ( 'NONE', #3482, #6984, #4903, .T. ) ;
#1526 = CARTESIAN_POINT ( 'NONE',  ( 1.807362029467860065, 22.32043583465054226, 6.513292211645675067 ) ) ;
#1527 = CARTESIAN_POINT ( 'NONE',  ( 1.399999999999999689, 6.500000000000000000, -4.483107698211994396 ) ) ;
#1528 = CARTESIAN_POINT ( 'NONE',  ( 0.000000000000000000, 7.500000000000000000, 0.000000000000000000 ) ) ;
#1529 = DIRECTION ( 'NONE',  ( 0.000000000000000000, 1.000000000000000000, -0.000000000000000000 ) ) ;
#1530 = CARTESIAN_POINT ( 'NONE',  ( -0.7197051119872621694, 20.22895624945930848, 3.532332510810049175 ) ) ;
#1531 = CARTESIAN_POINT ( 'NONE',  ( 1.379999999999999671, 8.744846254575030287, -4.451573192761283160 ) ) ;
#1532 = ORIENTED_EDGE ( 'NONE', *, *, #3683, .T. ) ;
#1533 = CARTESIAN_POINT ( 'NONE',  ( -3.055708360304932203, 1.499999999999999556, 7.013831087634018857 ) ) ;
#1534 = CARTESIAN_POINT ( 'NONE',  ( 0.08439948989055195971, 20.00000000000000000, -6.449946824177316351 ) ) ;
#1535 = ORIENTED_EDGE ( 'NONE', *, *, #6147, .T. ) ;
#1536 = DIRECTION ( 'NONE',  ( -0.000000000000000000, -1.000000000000000000, -0.000000000000000000 ) ) ;
#1537 = ORIENTED_EDGE ( 'NONE', *, *, #6720, .F. ) ;
#1538 = EDGE_CURVE ( 'NONE', #3130, #1866, #1453, .T. ) ;
#1539 = CARTESIAN_POINT ( 'NONE',  ( 1.854166666666500873, 22.99999999999999645, 3.379234995115103501 ) ) ;
#1540 = AXIS2_PLACEMENT_3D ( 'NONE', #3045, #5845, #3674 ) ;
#1541 = CARTESIAN_POINT ( 'NONE',  ( 7.296724953260060431, 3.200000000000000178, 2.297891415291850148 ) ) ;
#1542 = DIRECTION ( 'NONE',  ( -0.000000000000000000, -1.000000000000000000, 0.000000000000000000 ) ) ;
#1543 = ORIENTED_EDGE ( 'NONE', *, *, #4348, .T. ) ;
#1544 = CARTESIAN_POINT ( 'NONE',  ( -1.854166666666500207, 28.99999999999999645, -7.650000000000000355 ) ) ;
#1545 = UNCERTAINTY_MEASURE_WITH_UNIT (LENGTH_MEASURE( 1.000000000000000082E-05 ), #563, 'distance_accuracy_value', 'NONE');
#1546 = CARTESIAN_POINT ( 'NONE',  ( -1.462874948718784207, 21.15482586975311108, -6.439916305817049214 ) ) ;
#1547 = VERTEX_POINT ( 'NONE', #5385 ) ;
#1548 = CARTESIAN_POINT ( 'NONE',  ( -1.399999999999999911, 12.34999999999999964, 2.027069063257455728 ) ) ;
#1549 = CYLINDRICAL_SURFACE ( 'NONE', #3232, 6.750000000000000000 ) ;
#1550 = EDGE_LOOP ( 'NONE', ( #1520, #2567, #1212, #5465 ) ) ;
#1551 = CARTESIAN_POINT ( 'NONE',  ( -3.532332510810048731, 20.86637952474374202, 1.307679793329485474 ) ) ;
#1552 = AXIS2_PLACEMENT_3D ( 'NONE', #1159, #3445, #5139 ) ;
#1553 = CARTESIAN_POINT ( 'NONE',  ( 1.399999999999999689, 12.34999999999999964, -2.027069063257456172 ) ) ;
#1554 = VERTEX_POINT ( 'NONE', #3770 ) ;
#1555 = VECTOR ( 'NONE', #3165, 1000.000000000000000 ) ;
#1556 = EDGE_CURVE ( 'NONE', #3715, #927, #2043, .T. ) ;
#1557 = LINE ( 'NONE', #2619, #7109 ) ;
#1558 = VERTEX_POINT ( 'NONE', #7100 ) ;
#1559 = CARTESIAN_POINT ( 'NONE',  ( 0.9331408812994430590, 20.40538272924749208, 6.436788979146752077 ) ) ;
#1560 = AXIS2_PLACEMENT_3D ( 'NONE', #4244, #1376, #897 ) ;
#1561 = CARTESIAN_POINT ( 'NONE',  ( 3.226782805549691879, 2.373921791567574324, -3.956290731841326735 ) ) ;
#1562 = FACE_OUTER_BOUND ( 'NONE', #7245, .T. ) ;
#1563 = CARTESIAN_POINT ( 'NONE',  ( -3.976120838953103753, 4.909999999999999254, 3.976120838953022929 ) ) ;
#1564 = VECTOR ( 'NONE', #5757, 1000.000000000000114 ) ;
#1565 = CARTESIAN_POINT ( 'NONE',  ( -1.457973626577880433, 21.14467226703247960, 3.532332510810050064 ) ) ;
#1566 = CARTESIAN_POINT ( 'NONE',  ( 3.055708360304935756, 1.499999999999999334, -7.013831087634015304 ) ) ;
#1567 = ORIENTED_EDGE ( 'NONE', *, *, #1394, .F. ) ;
#1568 = EDGE_CURVE ( 'NONE', #1606, #2292, #1962, .T. ) ;
#1569 = CARTESIAN_POINT ( 'NONE',  ( 2.312024219028192551, 2.048942590553173293, 4.433344562587834048 ) ) ;
#1570 = ORIENTED_EDGE ( 'NONE', *, *, #6502, .F. ) ;
#1571 = CARTESIAN_POINT ( 'NONE',  ( 3.405877273185280885, 1.699999999999999734, 6.850000000000000533 ) ) ;
#1572 = VERTEX_POINT ( 'NONE', #4389 ) ;
#1573 = DIRECTION ( 'NONE',  ( -2.803295164711175242E-15, 0.5961196035938418625, 0.8028956459037006610 ) ) ;
#1574 = AXIS2_PLACEMENT_3D ( 'NONE', #6925, #3496, #698 ) ;
#1575 = CARTESIAN_POINT ( 'NONE',  ( 3.532332510810048731, 22.99999999999999645, 1.854166666666666297 ) ) ;
#1576 = ORIENTED_EDGE ( 'NONE', *, *, #1758, .T. ) ;
#1577 = ADVANCED_FACE ( 'NONE', ( #2081 ), #2895, .T. ) ;
#1578 = CARTESIAN_POINT ( 'NONE',  ( 2.234154015110208835, 7.947084575471273560, 4.741006527942210447 ) ) ;
#1579 = VECTOR ( 'NONE', #4124, 1000.000000000000114 ) ;
#1580 = EDGE_LOOP ( 'NONE', ( #3469, #3759, #5410, #2694, #3637, #1767 ) ) ;
#1581 = FACE_OUTER_BOUND ( 'NONE', #1317, .T. ) ;
#1582 = CARTESIAN_POINT ( 'NONE',  ( -1.399999999999999911, 6.649999999999999467, 4.379999999999999893 ) ) ;
#1583 = PRESENTATION_LAYER_ASSIGNMENT (  '', '', ( #5813 ) ) ;
#1584 = AXIS2_PLACEMENT_3D ( 'NONE', #5488, #422, #997 ) ;
#1585 = CARTESIAN_POINT ( 'NONE',  ( 2.312024219028189886, 1.500000000000000444, 4.433344562587831383 ) ) ;
#1586 = VECTOR ( 'NONE', #3539, 1000.000000000000000 ) ;
#1587 = ORIENTED_EDGE ( 'NONE', *, *, #5113, .F. ) ;
#1588 = AXIS2_PLACEMENT_3D ( 'NONE', #5510, #378, #5367 ) ;
#1589 = LINE ( 'NONE', #2172, #2733 ) ;
#1590 = TOROIDAL_SURFACE ( 'NONE', #428, 0.1299999999999999767, 0.02000000000000000042 ) ;
#1591 = VECTOR ( 'NONE', #3745, 1000.000000000000000 ) ;
#1592 = ORIENTED_EDGE ( 'NONE', *, *, #560, .T. ) ;
#1593 = CARTESIAN_POINT ( 'NONE',  ( -0.8263614878977593170, 20.31225200125700781, -3.532332510810048731 ) ) ;
#1594 = EDGE_LOOP ( 'NONE', ( #2395, #4133, #4640, #7022 ) ) ;
#1595 = AXIS2_PLACEMENT_3D ( 'NONE', #3007, #6377, #1829 ) ;
#1596 =( NAMED_UNIT ( * ) SI_UNIT ( $, .STERADIAN. ) SOLID_ANGLE_UNIT ( ) );
#1597 = EDGE_LOOP ( 'NONE', ( #3819, #6597, #2314, #7237 ) ) ;
#1598 = CARTESIAN_POINT ( 'NONE',  ( 1.682155872082516490, 21.72421616494128571, 6.464796037983560062 ) ) ;
#1599 = LINE ( 'NONE', #6080, #5987 ) ;
#1600 = CARTESIAN_POINT ( 'NONE',  ( 1.379999999999999671, 9.768344573749498494, 5.530000000000000249 ) ) ;
#1601 = VECTOR ( 'NONE', #5529, 1000.000000000000114 ) ;
#1602 = CARTESIAN_POINT ( 'NONE',  ( 1.399999999999999689, 12.48000000000000220, -2.027069063257456172 ) ) ;
#1603 = CARTESIAN_POINT ( 'NONE',  ( 0.5473776262349040467, 20.13206348000786150, -3.532332510810048287 ) ) ;
#1604 = CIRCLE ( 'NONE', #2773, 7.650000000000000355 ) ;
#1605 = CARTESIAN_POINT ( 'NONE',  ( 5.107491688851549583, 4.910000000000001030, -2.986171345291880108 ) ) ;
#1606 = VERTEX_POINT ( 'NONE', #6553 ) ;
#1607 = CARTESIAN_POINT ( 'NONE',  ( 1.176348403131122612E-15, 1.206205053472303002, 9.605613667141760459 ) ) ;
#1608 = ORIENTED_EDGE ( 'NONE', *, *, #6199, .T. ) ;
#1609 = CARTESIAN_POINT ( 'NONE',  ( 0.000000000000000000, 1.000000000000000888, 0.000000000000000000 ) ) ;
#1610 = DIRECTION ( 'NONE',  ( 0.000000000000000000, 0.000000000000000000, 1.000000000000000000 ) ) ;
#1611 = CYLINDRICAL_SURFACE ( 'NONE', #1177, 0.01999999999999992062 ) ;
#1612 = AXIS2_PLACEMENT_3D ( 'NONE', #211, #4660, #832 ) ;
#1613 = EDGE_CURVE ( 'NONE', #1606, #1373, #3284, .T. ) ;
#1614 = EDGE_CURVE ( 'NONE', #4248, #5368, #2584, .T. ) ;
#1615 = LINE ( 'NONE', #4000, #534 ) ;
#1616 = CARTESIAN_POINT ( 'NONE',  ( 2.262975846493154641, 8.000000000000000000, 4.870299948342226237 ) ) ;
#1617 = CARTESIAN_POINT ( 'NONE',  ( -6.871269208495021985, 24.99984659119641606, 1.854166666666667629 ) ) ;
#1618 = ORIENTED_EDGE ( 'NONE', *, *, #3584, .T. ) ;
#1619 = FACE_OUTER_BOUND ( 'NONE', #5894, .T. ) ;
#1620 = DIRECTION ( 'NONE',  ( 0.000000000000000000, 0.000000000000000000, -1.000000000000000000 ) ) ;
#1621 = EDGE_CURVE ( 'NONE', #3646, #927, #4788, .T. ) ;
#1622 = CARTESIAN_POINT ( 'NONE',  ( 2.179449471770337432, 1.500000000000000444, -4.500000000000000000 ) ) ;
#1623 = EDGE_CURVE ( 'NONE', #6243, #4111, #266, .T. ) ;
#1624 = VERTEX_POINT ( 'NONE', #504 ) ;
#1625 = EDGE_CURVE ( 'NONE', #1929, #4248, #7202, .T. ) ;
#1626 = DIRECTION ( 'NONE',  ( 0.000000000000000000, 0.000000000000000000, -1.000000000000000000 ) ) ;
#1627 = CARTESIAN_POINT ( 'NONE',  ( 1.379999999999999671, 9.281463325509363926, -8.070837674355974656 ) ) ;
#1628 = ORIENTED_EDGE ( 'NONE', *, *, #5738, .T. ) ;
#1629 = ORIENTED_EDGE ( 'NONE', *, *, #6397, .F. ) ;
#1630 = DIRECTION ( 'NONE',  ( 1.000000000000000000, 0.000000000000000000, 0.000000000000000000 ) ) ;
#1631 = PLANE ( 'NONE',  #3757 ) ;
#1632 = DIRECTION ( 'NONE',  ( 0.000000000000000000, -1.000000000000000000, 0.000000000000000000 ) ) ;
#1633 = CARTESIAN_POINT ( 'NONE',  ( -2.279064564105393487, 6.000000000000000000, 4.400384907664967038 ) ) ;
#1634 = CARTESIAN_POINT ( 'NONE',  ( 0.1644078365536647823, 20.00000000000000711, -3.532332510810050064 ) ) ;
#1635 = AXIS2_PLACEMENT_3D ( 'NONE', #4845, #2672, #333 ) ;
#1636 = CARTESIAN_POINT ( 'NONE',  ( 1.399999999999999689, 6.649999999999999467, -0.7729309367425445387 ) ) ;
#1637 = ORIENTED_EDGE ( 'NONE', *, *, #5798, .T. ) ;
#1638 = CARTESIAN_POINT ( 'NONE',  ( 1.379999999999999671, 12.37137186834969604, 1.898837853159276889 ) ) ;
#1639 = EDGE_LOOP ( 'NONE', ( #1462, #3137, #2034, #2489 ) ) ;
#1640 = CYLINDRICAL_SURFACE ( 'NONE', #1842, 5.000000000000000000 ) ;
#1641 = CARTESIAN_POINT ( 'NONE',  ( 0.000000000000000000, 0.000000000000000000, 0.000000000000000000 ) ) ;
#1642 = CARTESIAN_POINT ( 'NONE',  ( -4.027325123107952543, 4.978965517241379146, -4.027325123107949878 ) ) ;
#1643 = AXIS2_PLACEMENT_3D ( 'NONE', #1641, #584, #1090 ) ;
#1644 = EDGE_CURVE ( 'NONE', #1007, #4896, #5835, .T. ) ;
#1645 = DIRECTION ( 'NONE',  ( 1.000000000000000000, -0.000000000000000000, 0.000000000000000000 ) ) ;
#1646 = ORIENTED_EDGE ( 'NONE', *, *, #1524, .T. ) ;
#1647 = CARTESIAN_POINT ( 'NONE',  ( -6.449998654177294455, 20.00000000000000000, -0.004166666666667291977 ) ) ;
#1648 = CARTESIAN_POINT ( 'NONE',  ( 1.854166666666499541, 19.99999999999999645, -7.650000000000000355 ) ) ;
#1649 = PRODUCT_DEFINITION_SHAPE ( 'NONE', 'NONE',  #374 ) ;
#1650 = ORIENTED_EDGE ( 'NONE', *, *, #5519, .T. ) ;
#1651 = PLANE ( 'NONE',  #7183 ) ;
#1652 = VERTEX_POINT ( 'NONE', #6764 ) ;
#1653 = CIRCLE ( 'NONE', #601, 0.1000000000000001443 ) ;
#1654 = CARTESIAN_POINT ( 'NONE',  ( -1.784913698630559376, 22.18493761391723851, -6.500738796780937356 ) ) ;
#1655 = VERTEX_POINT ( 'NONE', #1666 ) ;
#1656 = CONTEXT_DEPENDENT_SHAPE_REPRESENTATION ( #1011, #5343 ) ;
#1657 = VECTOR ( 'NONE', #984, 1000.000000000000000 ) ;
#1658 = CARTESIAN_POINT ( 'NONE',  ( -3.226782805549681665, 2.373921791567575657, -3.956290731841335173 ) ) ;
#1659 = ORIENTED_EDGE ( 'NONE', *, *, #2358, .F. ) ;
#1660 = DIRECTION ( 'NONE',  ( 0.000000000000000000, 1.000000000000000000, 0.000000000000000000 ) ) ;
#1661 = ADVANCED_FACE ( 'NONE', ( #2284 ), #2701, .T. ) ;
#1662 = DIRECTION ( 'NONE',  ( 0.000000000000000000, 0.000000000000000000, 1.000000000000000000 ) ) ;
#1663 = ORIENTED_EDGE ( 'NONE', *, *, #2150, .F. ) ;
#1664 =( LENGTH_UNIT ( ) NAMED_UNIT ( * ) SI_UNIT ( .MILLI., .METRE. ) );
#1665 = EDGE_LOOP ( 'NONE', ( #5954, #5123, #447, #5551 ) ) ;
#1666 = CARTESIAN_POINT ( 'NONE',  ( 2.291287847478249429, 8.000000000000000000, -4.999999999999999112 ) ) ;
#1667 = LINE ( 'NONE', #1009, #4341 ) ;
#1668 = LINE ( 'NONE', #5714, #3911 ) ;
#1669 = LINE ( 'NONE', #6556, #1808 ) ;
#1670 = CIRCLE ( 'NONE', #5075, 7.060000000000000497 ) ;
#1671 = TOROIDAL_SURFACE ( 'NONE', #3314, 5.500000000000000000, 0.5000000000000000000 ) ;
#1672 = CARTESIAN_POINT ( 'NONE',  ( 1.374451832302670651, 20.97407497669639653, -3.532332510810047843 ) ) ;
#1673 = CARTESIAN_POINT ( 'NONE',  ( -1.400000000000000133, 12.48000000000000043, -4.343903740188082452 ) ) ;
#1674 = ORIENTED_EDGE ( 'NONE', *, *, #3058, .T. ) ;
#1675 = AXIS2_PLACEMENT_3D ( 'NONE', #6043, #3214, #7170 ) ;
#1676 = PLANE ( 'NONE',  #3600 ) ;
#1677 = ORIENTED_EDGE ( 'NONE', *, *, #1291, .T. ) ;
#1678 = CARTESIAN_POINT ( 'NONE',  ( -2.586524759049135813, 3.046453914618040937, 7.199611372740288395 ) ) ;
#1679 = DIRECTION ( 'NONE',  ( 1.000000000000000000, 0.000000000000000000, 0.000000000000000000 ) ) ;
#1680 = DIRECTION ( 'NONE',  ( -0.000000000000000000, 1.000000000000000000, 0.000000000000000000 ) ) ;
#1681 = AXIS2_PLACEMENT_3D ( 'NONE', #6897, #4643, #198 ) ;
#1682 = CARTESIAN_POINT ( 'NONE',  ( 4.999999999999999112, 7.500000000000000000, 0.000000000000000000 ) ) ;
#1683 = CIRCLE ( 'NONE', #974, 0.1700000000000000122 ) ;
#1684 = DIRECTION ( 'NONE',  ( -1.000000000000000000, 0.000000000000000000, 0.000000000000000000 ) ) ;
#1685 = DIRECTION ( 'NONE',  ( 0.000000000000000000, 0.000000000000000000, 1.000000000000000000 ) ) ;
#1686 = VERTEX_POINT ( 'NONE', #6725 ) ;
#1687 = ORIENTED_EDGE ( 'NONE', *, *, #5663, .T. ) ;
#1688 = LINE ( 'NONE', #5552, #1414 ) ;
#1689 = VERTEX_POINT ( 'NONE', #572 ) ;
#1690 = AXIS2_PLACEMENT_3D ( 'NONE', #4227, #919, #4854 ) ;
#1691 = LINE ( 'NONE', #5072, #6513 ) ;
#1692 = ORIENTED_EDGE ( 'NONE', *, *, #4328, .T. ) ;
#1693 =( LENGTH_UNIT ( ) NAMED_UNIT ( * ) SI_UNIT ( .MILLI., .METRE. ) );
#1694 = AXIS2_PLACEMENT_3D ( 'NONE', #6813, #4033, #837 ) ;
#1695 = EDGE_CURVE ( 'NONE', #5438, #2488, #8, .T. ) ;
#1696 = CIRCLE ( 'NONE', #4400, 0.1499999999999999667 ) ;
#1697 = ADVANCED_FACE ( 'NONE', ( #1777 ), #1702, .F. ) ;
#1698 = AXIS2_PLACEMENT_3D ( 'NONE', #2611, #7158, #1034 ) ;
#1699 = DIRECTION ( 'NONE',  ( 0.000000000000000000, 0.9863939238321437486, 0.1643989873053572637 ) ) ;
#1700 = ORIENTED_EDGE ( 'NONE', *, *, #5306, .F. ) ;
#1701 = ORIENTED_EDGE ( 'NONE', *, *, #2600, .T. ) ;
#1702 = CYLINDRICAL_SURFACE ( 'NONE', #1884, 0.1499999999999999667 ) ;
#1703 = VECTOR ( 'NONE', #5897, 1000.000000000000000 ) ;
#1704 = CARTESIAN_POINT ( 'NONE',  ( 1.379999999999999671, 0.02644174998362252768, -0.1586504999017351591 ) ) ;
#1705 = PLANE ( 'NONE',  #154 ) ;
#1706 = EDGE_CURVE ( 'NONE', #1689, #5771, #56, .T. ) ;
#1707 = CARTESIAN_POINT ( 'NONE',  ( 3.532332510810048731, 20.38526912612960373, 0.9111988261318478832 ) ) ;
#1708 = CIRCLE ( 'NONE', #1595, 7.650000000000000355 ) ;
#1709 = CARTESIAN_POINT ( 'NONE',  ( 8.456530763533022069E-16, 2.428148006742123499, -6.750562799691778082 ) ) ;
#1710 = FACE_OUTER_BOUND ( 'NONE', #4632, .T. ) ;
#1711 = ORIENTED_EDGE ( 'NONE', *, *, #3278, .T. ) ;
#1712 = CARTESIAN_POINT ( 'NONE',  ( -3.532332510810047843, 21.88023672718021118, -1.723878205214361747 ) ) ;
#1713 = VERTEX_POINT ( 'NONE', #1182 ) ;
#1714 = DIRECTION ( 'NONE',  ( 1.000000000000000000, 0.000000000000000000, 0.000000000000000000 ) ) ;
#1715 = VECTOR ( 'NONE', #830, 1000.000000000000000 ) ;
#1716 = DIRECTION ( 'NONE',  ( 0.000000000000000000, 0.000000000000000000, -1.000000000000000000 ) ) ;
#1717 = DIRECTION ( 'NONE',  ( -0.000000000000000000, -1.000000000000000000, -0.000000000000000000 ) ) ;
#1718 = CARTESIAN_POINT ( 'NONE',  ( 1.379999999999999671, 12.37465984809580810, -1.879109974682634965 ) ) ;
#1719 = EDGE_CURVE ( 'NONE', #603, #3441, #5260, .T. ) ;
#1720 = CIRCLE ( 'NONE', #564, 7.650000000000000355 ) ;
#1721 = DIRECTION ( 'NONE',  ( 1.000000000000000000, 2.168404344971008252E-17, -8.673617379884035472E-17 ) ) ;
#1722 = CARTESIAN_POINT ( 'NONE',  ( 1.854166666666499541, 28.99999999999999645, -7.421897733883352721 ) ) ;
#1723 = DIRECTION ( 'NONE',  ( 0.000000000000000000, 1.000000000000000000, 0.000000000000000000 ) ) ;
#1724 = CARTESIAN_POINT ( 'NONE',  ( 6.747380340403892340, 19.99999999999999645, -0.004166666666667291977 ) ) ;
#1725 = VERTEX_POINT ( 'NONE', #7045 ) ;
#1726 = CARTESIAN_POINT ( 'NONE',  ( 0.000000000000000000, 6.500000000000000000, -6.849999999999998757 ) ) ;
#1727 = CONICAL_SURFACE ( 'NONE', #1375, 8.750000000000000000, 0.6108652381980129720 ) ;
#1728 = ORIENTED_EDGE ( 'NONE', *, *, #6806, .F. ) ;
#1729 = DIRECTION ( 'NONE',  ( 0.000000000000000000, 0.000000000000000000, -1.000000000000000000 ) ) ;
#1730 = ORIENTED_EDGE ( 'NONE', *, *, #4904, .F. ) ;
#1731 = PRODUCT_CONTEXT ( 'NONE', #27, 'mechanical' ) ;
#1732 = CARTESIAN_POINT ( 'NONE',  ( -1.397319086605161909, 6.500000000000000000, -4.496202024374977846 ) ) ;
#1733 = EDGE_CURVE ( 'NONE', #3441, #4187, #1953, .T. ) ;
#1734 = ORIENTED_EDGE ( 'NONE', *, *, #6820, .T. ) ;
#1735 = CARTESIAN_POINT ( 'NONE',  ( -1.854166666666499097, 22.99999999999999645, 3.532332510810049175 ) ) ;
#1736 = DIRECTION ( 'NONE',  ( -1.000000000000000000, -2.168404344971008252E-17, -8.673617379884035472E-17 ) ) ;
#1737 = EDGE_CURVE ( 'NONE', #4708, #6673, #5852, .T. ) ;
#1738 = PLANE ( 'NONE',  #2758 ) ;
#1739 = ORIENTED_EDGE ( 'NONE', *, *, #262, .F. ) ;
#1740 = ORIENTED_EDGE ( 'NONE', *, *, #1757, .F. ) ;
#1741 = CARTESIAN_POINT ( 'NONE',  ( -6.443047303802863723, 21.27401612695952338, -1.521180758566269553 ) ) ;
#1742 = EDGE_CURVE ( 'NONE', #3717, #2321, #2268, .T. ) ;
#1743 = CARTESIAN_POINT ( 'NONE',  ( -6.490935200614142531, 22.07148062438313474, 1.763379012428059722 ) ) ;
#1744 = DIRECTION ( 'NONE',  ( 0.000000000000000000, 0.000000000000000000, 1.000000000000000000 ) ) ;
#1745 = CARTESIAN_POINT ( 'NONE',  ( 3.532332510810048731, 20.40409584079551664, 0.9317673340111848335 ) ) ;
#1746 = EDGE_CURVE ( 'NONE', #1021, #6494, #2023, .T. ) ;
#1747 = DIRECTION ( 'NONE',  ( -1.000000000000000000, -0.000000000000000000, -0.000000000000000000 ) ) ;
#1748 = ORIENTED_EDGE ( 'NONE', *, *, #5559, .F. ) ;
#1749 = FACE_OUTER_BOUND ( 'NONE', #3552, .T. ) ;
#1750 = ORIENTED_EDGE ( 'NONE', *, *, #2964, .F. ) ;
#1751 = CARTESIAN_POINT ( 'NONE',  ( -2.712967541895485279, 3.008500636646443738, 7.153346357285057522 ) ) ;
#1752 = CYLINDRICAL_SURFACE ( 'NONE', #6101, 0.01999999999999992062 ) ;
#1753 = CARTESIAN_POINT ( 'NONE',  ( 1.379999999999999671, 12.46319082832452629, -4.442330547426800003 ) ) ;
#1754 = LINE ( 'NONE', #1195, #734 ) ;
#1755 = AXIS2_PLACEMENT_3D ( 'NONE', #1147, #6765, #3364 ) ;
#1756 = PLANE ( 'NONE',  #2163 ) ;
#1757 = EDGE_CURVE ( 'NONE', #1166, #5034, #3055, .T. ) ;
#1758 = EDGE_CURVE ( 'NONE', #4518, #5398, #6464, .T. ) ;
#1759 = CARTESIAN_POINT ( 'NONE',  ( 5.624665225307633243, 19.99999999999999645, -0.004166666666667291977 ) ) ;
#1760 = ORIENTED_EDGE ( 'NONE', *, *, #1154, .F. ) ;
#1761 = DIRECTION ( 'NONE',  ( 0.000000000000000000, 0.000000000000000000, -1.000000000000000000 ) ) ;
#1762 = EDGE_LOOP ( 'NONE', ( #3625, #3294, #6886, #1004 ) ) ;
#1763 = AXIS2_PLACEMENT_3D ( 'NONE', #4553, #6774, #66 ) ;
#1764 = LINE ( 'NONE', #6204, #4709 ) ;
#1765 = ORIENTED_EDGE ( 'NONE', *, *, #178, .F. ) ;
#1766 = CARTESIAN_POINT ( 'NONE',  ( -6.747380340403890564, 22.99999999999999645, 1.854166666666667629 ) ) ;
#1767 = ORIENTED_EDGE ( 'NONE', *, *, #4892, .T. ) ;
#1768 = VECTOR ( 'NONE', #3473, 1000.000000000000000 ) ;
#1769 = ORIENTED_EDGE ( 'NONE', *, *, #4444, .T. ) ;
#1770 = DIRECTION ( 'NONE',  ( 0.000000000000000000, -0.7546055221634990762, -0.6561787149247930717 ) ) ;
#1771 = DIRECTION ( 'NONE',  ( -1.000000000000000000, 0.000000000000000000, 0.000000000000000000 ) ) ;
#1772 = CIRCLE ( 'NONE', #251, 0.1499999999999999667 ) ;
#1773 = CARTESIAN_POINT ( 'NONE',  ( 2.179449471770337432, 7.499999999999998224, -4.500000000000000000 ) ) ;
#1774 = ORIENTED_EDGE ( 'NONE', *, *, #3609, .F. ) ;
#1775 = DIRECTION ( 'NONE',  ( 0.9995516647100985974, 0.000000000000000000, 0.02994110177115440544 ) ) ;
#1776 = EDGE_LOOP ( 'NONE', ( #1211, #2472, #5597, #858 ) ) ;
#1777 = FACE_OUTER_BOUND ( 'NONE', #4224, .T. ) ;
#1778 = DIRECTION ( 'NONE',  ( 0.000000000000000000, 1.000000000000000000, -0.000000000000000000 ) ) ;
#1779 = CARTESIAN_POINT ( 'NONE',  ( -1.854166666666499763, 22.99999999999999645, -5.573632720074530589 ) ) ;
#1780 = CARTESIAN_POINT ( 'NONE',  ( -1.380000000000000338, 9.281463325509363926, -8.070837674355974656 ) ) ;
#1781 = EDGE_LOOP ( 'NONE', ( #2200, #2439, #6406, #2379 ) ) ;
#1782 = CARTESIAN_POINT ( 'NONE',  ( 0.000000000000000000, 1.500000000000000444, 0.000000000000000000 ) ) ;
#1783 = EDGE_LOOP ( 'NONE', ( #3019, #4463, #6666, #3307 ) ) ;
#1784 = PLANE ( 'NONE',  #3134 ) ;
#1785 = CARTESIAN_POINT ( 'NONE',  ( 1.379999999999999671, 6.649999999999999467, 0.7729309367425446498 ) ) ;
#1786 = CARTESIAN_POINT ( 'NONE',  ( -1.379999999999999671, 6.500000000000000000, 0.7729309367425446498 ) ) ;
#1787 = EDGE_CURVE ( 'NONE', #1041, #3203, #6798, .T. ) ;
#1788 = CARTESIAN_POINT ( 'NONE',  ( -0.3408853809562534809, 20.04878723623032144, 6.447706186796866135 ) ) ;
#1789 = EDGE_CURVE ( 'NONE', #2482, #649, #6218, .T. ) ;
#1790 = EDGE_CURVE ( 'NONE', #6110, #5545, #3153, .T. ) ;
#1791 = FACE_OUTER_BOUND ( 'NONE', #2714, .T. ) ;
#1792 = AXIS2_PLACEMENT_3D ( 'NONE', #4072, #3408, #2445 ) ;
#1793 = ORIENTED_EDGE ( 'NONE', *, *, #4271, .T. ) ;
#1794 = DIRECTION ( 'NONE',  ( 0.000000000000000000, 0.7546055221635206145, 0.6561787149247685358 ) ) ;
#1795 = ORIENTED_EDGE ( 'NONE', *, *, #3682, .F. ) ;
#1796 = CYLINDRICAL_SURFACE ( 'NONE', #2822, 0.1499999999999999667 ) ;
#1797 = ORIENTED_EDGE ( 'NONE', *, *, #2345, .T. ) ;
#1798 = AXIS2_PLACEMENT_3D ( 'NONE', #6833, #5602, #4503 ) ;
#1799 = EDGE_CURVE ( 'NONE', #5106, #3300, #5961, .T. ) ;
#1800 = ADVANCED_FACE ( 'NONE', ( #1988 ), #4234, .T. ) ;
#1801 = DIRECTION ( 'NONE',  ( 0.000000000000000000, 0.000000000000000000, 1.000000000000000000 ) ) ;
#1802 = CARTESIAN_POINT ( 'NONE',  ( -5.624665225307631466, 19.99999999999999645, 1.854166666666667407 ) ) ;
#1803 = VERTEX_POINT ( 'NONE', #3132 ) ;
#1804 = EDGE_LOOP ( 'NONE', ( #6772, #2725, #3923, #6087, #484, #565, #1489, #4128, #4164, #6234, #5067, #5693, #3430, #954 ) ) ;
#1805 = CARTESIAN_POINT ( 'NONE',  ( 1.691435198753490576, 21.76377389498897230, -6.467701556530071727 ) ) ;
#1806 = DIRECTION ( 'NONE',  ( 0.000000000000000000, 0.000000000000000000, 1.000000000000000000 ) ) ;
#1807 = ADVANCED_FACE ( 'NONE', ( #381 ), #5370, .F. ) ;
#1808 = VECTOR ( 'NONE', #6590, 1000.000000000000000 ) ;
#1809 = DIRECTION ( 'NONE',  ( -0.7071067811865474617, 0.000000000000000000, -0.7071067811865474617 ) ) ;
#1810 = ORIENTED_EDGE ( 'NONE', *, *, #4544, .T. ) ;
#1811 = VERTEX_POINT ( 'NONE', #5958 ) ;
#1812 = AXIS2_PLACEMENT_3D ( 'NONE', #1093, #2302, #1684 ) ;
#1813 = CARTESIAN_POINT ( 'NONE',  ( -1.399999999999999911, 12.48000000000000220, -2.027069063257456172 ) ) ;
#1814 = CARTESIAN_POINT ( 'NONE',  ( 3.532332510810048731, 20.97407497669638943, 1.374451832302836962 ) ) ;
#1815 = CIRCLE ( 'NONE', #1698, 0.02000000000000005246 ) ;
#1816 = CARTESIAN_POINT ( 'NONE',  ( 1.379999999999999671, 6.500000000000000000, 4.549999999999999822 ) ) ;
#1817 = ORIENTED_EDGE ( 'NONE', *, *, #1356, .F. ) ;
#1818 = CONICAL_SURFACE ( 'NONE', #887, 6.450000000000001066, 0.1325515322966740184 ) ;
#1819 = CARTESIAN_POINT ( 'NONE',  ( -3.532332510810047843, 20.75689850159899308, -1.244306595116078551 ) ) ;
#1820 = ORIENTED_EDGE ( 'NONE', *, *, #4365, .T. ) ;
#1821 = DIRECTION ( 'NONE',  ( 0.000000000000000000, 0.1643989873053704753, -0.9863939238321415282 ) ) ;
#1822 = CARTESIAN_POINT ( 'NONE',  ( -1.854166666666499541, 22.99999999999999645, -4.501950110211378586 ) ) ;
#1823 = LINE ( 'NONE', #3965, #1564 ) ;
#1824 = AXIS2_PLACEMENT_3D ( 'NONE', #3302, #312, #2541 ) ;
#1825 = CARTESIAN_POINT ( 'NONE',  ( -0.9963818657578870086, 20.45963201769563256, 6.435552316943352835 ) ) ;
#1826 = CARTESIAN_POINT ( 'NONE',  ( 6.460678490412224306, 21.64693148810902201, 1.656392093152591283 ) ) ;
#1827 = CONICAL_SURFACE ( 'NONE', #4421, 7.650000000000000355, 0.2683662109059070100 ) ;
#1828 = EDGE_CURVE ( 'NONE', #6620, #6494, #923, .T. ) ;
#1829 = DIRECTION ( 'NONE',  ( 0.000000000000000000, 0.000000000000000000, 1.000000000000000000 ) ) ;
#1830 = ADVANCED_FACE ( 'NONE', ( #4860 ), #3409, .T. ) ;
#1831 = ORIENTED_EDGE ( 'NONE', *, *, #520, .F. ) ;
#1832 = DIRECTION ( 'NONE',  ( 0.000000000000000000, 1.000000000000000000, -0.000000000000000000 ) ) ;
#1833 = ORIENTED_EDGE ( 'NONE', *, *, #5296, .F. ) ;
#1834 = CARTESIAN_POINT ( 'NONE',  ( -0.1648176984344651430, 20.00000000000000355, -6.449894874419359603 ) ) ;
#1835 = ORIENTED_EDGE ( 'NONE', *, *, #6503, .T. ) ;
#1836 = ADVANCED_FACE ( 'NONE', ( #2064 ), #3832, .F. ) ;
#1837 = EDGE_CURVE ( 'NONE', #1335, #2966, #3937, .T. ) ;
#1838 = EDGE_CURVE ( 'NONE', #3498, #5542, #1688, .T. ) ;
#1839 = UNCERTAINTY_MEASURE_WITH_UNIT (LENGTH_MEASURE( 1.000000000000000082E-05 ), #6870, 'distance_accuracy_value', 'NONE');
#1840 = DIRECTION ( 'NONE',  ( 0.000000000000000000, 0.000000000000000000, -1.000000000000000000 ) ) ;
#1841 = DIRECTION ( 'NONE',  ( 0.000000000000000000, -1.000000000000000000, 0.000000000000000000 ) ) ;
#1842 = AXIS2_PLACEMENT_3D ( 'NONE', #448, #6014, #516 ) ;
#1843 = ORIENTED_EDGE ( 'NONE', *, *, #509, .T. ) ;
#1844 = EDGE_CURVE ( 'NONE', #1298, #4232, #6130, .T. ) ;
#1845 = EDGE_LOOP ( 'NONE', ( #2134, #5951, #5660, #2387 ) ) ;
#1846 = CARTESIAN_POINT ( 'NONE',  ( 1.750089949661359556, 22.00769329369385119, -6.485722218173813225 ) ) ;
#1847 =( NAMED_UNIT ( * ) SI_UNIT ( $, .STERADIAN. ) SOLID_ANGLE_UNIT ( ) );
#1848 = CARTESIAN_POINT ( 'NONE',  ( -0.5473776262348969412, 20.13206348000785439, 3.532332510810049175 ) ) ;
#1849 = LINE ( 'NONE', #4092, #6518 ) ;
#1850 = ORIENTED_EDGE ( 'NONE', *, *, #452, .F. ) ;
#1851 = EDGE_CURVE ( 'NONE', #716, #1136, #7155, .T. ) ;
#1852 = EDGE_LOOP ( 'NONE', ( #1587, #7177, #4323, #6790 ) ) ;
#1853 = CARTESIAN_POINT ( 'NONE',  ( 2.966664951328131128, 4.978965517241379146, 5.087985294887771737 ) ) ;
#1854 = CARTESIAN_POINT ( 'NONE',  ( 3.532332510810049175, 20.37284124738523516, 0.8974227786088673220 ) ) ;
#1855 = CARTESIAN_POINT ( 'NONE',  ( 0.000000000000000000, 20.00000000000000000, 0.000000000000000000 ) ) ;
#1856 = VERTEX_POINT ( 'NONE', #1582 ) ;
#1857 = CARTESIAN_POINT ( 'NONE',  ( 0.000000000000000000, 1.500000000000000444, 0.000000000000000000 ) ) ;
#1858 = ORIENTED_EDGE ( 'NONE', *, *, #1851, .T. ) ;
#1859 = CARTESIAN_POINT ( 'NONE',  ( 5.624665225306115346, 22.99999999999999645, 1.854166666666666075 ) ) ;
#1860 = CARTESIAN_POINT ( 'NONE',  ( -1.854166666666499097, 19.99999999999999645, -4.501950110211384803 ) ) ;
#1861 = LINE ( 'NONE', #1158, #1915 ) ;
#1862 = CARTESIAN_POINT ( 'NONE',  ( -2.915460667173242815, 3.090000000000000746, -5.036781010732885200 ) ) ;
#1863 = LINE ( 'NONE', #2375, #2504 ) ;
#1864 = CARTESIAN_POINT ( 'NONE',  ( 1.379999999999999671, 8.631655426250503638, -4.379999999999999893 ) ) ;
#1865 = PLANE ( 'NONE',  #6628 ) ;
#1866 = VERTEX_POINT ( 'NONE', #2716 ) ;
#1867 = CARTESIAN_POINT ( 'NONE',  ( 1.399999999999999689, 11.43165542625050612, -5.549999999999999822 ) ) ;
#1868 = ORIENTED_EDGE ( 'NONE', *, *, #7172, .F. ) ;
#1869 = DIRECTION ( 'NONE',  ( 0.7071067811865453523, -2.775557561562891043E-17, 0.7071067811865497932 ) ) ;
#1870 = ADVANCED_FACE ( 'NONE', ( #528 ), #4420, .T. ) ;
#1871 = FACE_OUTER_BOUND ( 'NONE', #1919, .T. ) ;
#1872 = TOROIDAL_SURFACE ( 'NONE', #4313, 0.1299999999999999767, 0.02000000000000000042 ) ;
#1873 = CARTESIAN_POINT ( 'NONE',  ( -4.871246803257019309, 8.000000000000001776, -2.263182533822205134 ) ) ;
#1874 = ORIENTED_EDGE ( 'NONE', *, *, #5984, .F. ) ;
#1875 = TOROIDAL_SURFACE ( 'NONE', #6904, 9.359868053855063152, 0.2999999999999999889 ) ;
#1876 = EDGE_LOOP ( 'NONE', ( #736, #5804, #315, #4674 ) ) ;
#1877 = CARTESIAN_POINT ( 'NONE',  ( 1.379999999999999671, 9.768344573749500270, -5.400000000000000355 ) ) ;
#1878 = DIRECTION ( 'NONE',  ( 0.000000000000000000, 1.000000000000000000, 0.000000000000000000 ) ) ;
#1879 = CARTESIAN_POINT ( 'NONE',  ( -7.393421723123622336, 3.000000000000000000, 2.576783891606700738 ) ) ;
#1880 = ADVANCED_FACE ( 'NONE', ( #5005 ), #6711, .T. ) ;
#1881 = CARTESIAN_POINT ( 'NONE',  ( 1.854166666666501317, 22.99999999999998934, 6.594282824706779067 ) ) ;
#1882 = VERTEX_POINT ( 'NONE', #1137 ) ;
#1883 = ORIENTED_EDGE ( 'NONE', *, *, #3966, .T. ) ;
#1884 = AXIS2_PLACEMENT_3D ( 'NONE', #2242, #6252, #3323 ) ;
#1885 = CARTESIAN_POINT ( 'NONE',  ( -3.261944826741905334, 1.546453914618039827, -6.919843220402987605 ) ) ;
#1886 = CARTESIAN_POINT ( 'NONE',  ( 0.8508374451723802467, 20.33256902034739966, 3.532332510810050952 ) ) ;
#1887 = PRODUCT_RELATED_PRODUCT_CATEGORY ( 'part', '', ( #2577 ) ) ;
#1888 = EDGE_CURVE ( 'NONE', #6892, #1554, #783, .T. ) ;
#1889 = CARTESIAN_POINT ( 'NONE',  ( -1.380000000000000115, 12.50000000000000000, -4.343903740188082452 ) ) ;
#1890 = ORIENTED_EDGE ( 'NONE', *, *, #4226, .T. ) ;
#1891 = DIRECTION ( 'NONE',  ( 0.000000000000000000, 1.000000000000000000, -0.000000000000000000 ) ) ;
#1892 = ORIENTED_EDGE ( 'NONE', *, *, #6896, .T. ) ;
#1893 = DIRECTION ( 'NONE',  ( -0.000000000000000000, 1.000000000000000000, -0.000000000000000000 ) ) ;
#1894 = CARTESIAN_POINT ( 'NONE',  ( -1.380560112054759037, 6.500000000000000000, 4.548466070008426065 ) ) ;
#1895 = CARTESIAN_POINT ( 'NONE',  ( 3.405877273185284881, 1.699999999999999734, -6.849999999999998757 ) ) ;
#1896 = FACE_OUTER_BOUND ( 'NONE', #1852, .T. ) ;
#1897 = CARTESIAN_POINT ( 'NONE',  ( -0.8685912446754058269, 20.34759089945877264, 6.438021346877476070 ) ) ;
#1898 = DIRECTION ( 'NONE',  ( 0.000000000000000000, 0.000000000000000000, 1.000000000000000000 ) ) ;
#1899 = CARTESIAN_POINT ( 'NONE',  ( 3.405877273185280885, 1.499999999999999556, 6.850000000000000533 ) ) ;
#1900 = VERTEX_POINT ( 'NONE', #5254 ) ;
#1901 = CARTESIAN_POINT ( 'NONE',  ( -3.532332510810049619, 0.000000000000000000, -3.532332510810048287 ) ) ;
#1902 = VERTEX_POINT ( 'NONE', #626 ) ;
#1903 = FACE_OUTER_BOUND ( 'NONE', #4482, .T. ) ;
#1904 = LINE ( 'NONE', #2677, #2978 ) ;
#1905 = AXIS2_PLACEMENT_3D ( 'NONE', #2607, #7046, #6703 ) ;
#1906 = CYLINDRICAL_SURFACE ( 'NONE', #2059, 0.02000000000000005246 ) ;
#1907 = AXIS2_PLACEMENT_3D ( 'NONE', #2428, #5152, #1213 ) ;
#1908 = ORIENTED_EDGE ( 'NONE', *, *, #4262, .F. ) ;
#1909 = VERTEX_POINT ( 'NONE', #2382 ) ;
#1910 = CARTESIAN_POINT ( 'NONE',  ( 1.399999999999999689, 6.500000000000000000, -4.549999999999999822 ) ) ;
#1911 = VECTOR ( 'NONE', #2212, 1000.000000000000000 ) ;
#1912 = CARTESIAN_POINT ( 'NONE',  ( -6.438911852837489569, 21.11664093506590589, -1.444204410567048846 ) ) ;
#1913 = LINE ( 'NONE', #2538, #5554 ) ;
#1914 = AXIS2_PLACEMENT_3D ( 'NONE', #2794, #1736, #5117 ) ;
#1915 = VECTOR ( 'NONE', #616, 1000.000000000000000 ) ;
#1916 = DIRECTION ( 'NONE',  ( 0.000000000000000000, 0.000000000000000000, -1.000000000000000000 ) ) ;
#1917 = DIRECTION ( 'NONE',  ( 0.000000000000000000, 0.000000000000000000, -1.000000000000000000 ) ) ;
#1918 = ORIENTED_EDGE ( 'NONE', *, *, #3271, .T. ) ;
#1919 = EDGE_LOOP ( 'NONE', ( #3080, #7019, #5997, #4109 ) ) ;
#1920 = DIRECTION ( 'NONE',  ( 0.000000000000000000, 0.000000000000000000, 1.000000000000000000 ) ) ;
#1921 = AXIS2_PLACEMENT_3D ( 'NONE', #4772, #1456, #6994 ) ;
#1922 = CARTESIAN_POINT ( 'NONE',  ( 0.3985507112378841588, 20.06875140030838267, 3.532332510810050064 ) ) ;
#1923 = EDGE_CURVE ( 'NONE', #3026, #663, #6457, .T. ) ;
#1924 = AXIS2_PLACEMENT_3D ( 'NONE', #4952, #6047, #6629 ) ;
#1925 = DIRECTION ( 'NONE',  ( 0.000000000000000000, 0.000000000000000000, 1.000000000000000000 ) ) ;
#1926 = VERTEX_POINT ( 'NONE', #2969 ) ;
#1927 = DIRECTION ( 'NONE',  ( -0.000000000000000000, -0.9863939238321437486, -0.1643989873053572637 ) ) ;
#1929 = VERTEX_POINT ( 'NONE', #5655 ) ;
#1928 = EDGE_CURVE ( 'NONE', #1689, #3898, #5768, .T. ) ;
#1930 = B_SPLINE_CURVE_WITH_KNOTS ( 'NONE', 3,
 ( #2783, #7185, #3857, #3931 ),
 .UNSPECIFIED., .F., .F.,
 ( 4, 4 ),
 ( 0.000000000000000000, 1.000000000000000000 ),
 .UNSPECIFIED. ) ;
#1931 = CARTESIAN_POINT ( 'NONE',  ( 0.000000000000000000, 2.428148006742123943, 0.000000000000000000 ) ) ;
#1932 = B_SPLINE_CURVE_WITH_KNOTS ( 'NONE', 3,
 ( #809, #5285, #4300, #1393, #6961, #1360 ),
 .UNSPECIFIED., .F., .F.,
 ( 4, 2, 4 ),
 ( -6.928927488288393153E-06, 0.0003913249075196667515, 0.0007895787425276218352 ),
 .UNSPECIFIED. ) ;
#1933 = CARTESIAN_POINT ( 'NONE',  ( 1.379999999999999671, 0.000000000000000000, -4.379999999999999893 ) ) ;
#1934 = DIRECTION ( 'NONE',  ( 0.000000000000000000, 1.000000000000000000, 0.000000000000000000 ) ) ;
#1935 = DIRECTION ( 'NONE',  ( -1.000000000000000000, 0.000000000000000000, 0.000000000000000000 ) ) ;
#1936 = CIRCLE ( 'NONE', #5218, 0.1499999999999999667 ) ;
#1937 = AXIS2_PLACEMENT_3D ( 'NONE', #4075, #2926, #726 ) ;
#1938 = CARTESIAN_POINT ( 'NONE',  ( 1.399999999999999689, 12.34999999999999964, 2.027069063257455728 ) ) ;
#1939 = CARTESIAN_POINT ( 'NONE',  ( 6.438911852837487793, 21.11664093506589879, 1.444204410567044405 ) ) ;
#1940 = CARTESIAN_POINT ( 'NONE',  ( 0.000000000000000000, 3.000000000000000000, 0.000000000000000000 ) ) ;
#1941 = AXIS2_PLACEMENT_3D ( 'NONE', #4683, #6899, #6355 ) ;
#1942 = ORIENTED_EDGE ( 'NONE', *, *, #1516, .T. ) ;
#1943 = CARTESIAN_POINT ( 'NONE',  ( 6.433648487540958527, 20.83204279182874430, -1.289495469421522378 ) ) ;
#1944 = ORIENTED_EDGE ( 'NONE', *, *, #3778, .F. ) ;
#1945 = EDGE_CURVE ( 'NONE', #3203, #1041, #244, .T. ) ;
#1946 = CIRCLE ( 'NONE', #6974, 0.02000000000000005246 ) ;
#1947 = CARTESIAN_POINT ( 'NONE',  ( 3.261944826741900894, 1.546453914618039605, 6.919843220402990269 ) ) ;
#1948 = PLANE ( 'NONE',  #1468 ) ;
#1949 = AXIS2_PLACEMENT_3D ( 'NONE', #766, #6848, #2449 ) ;
#1950 = VERTEX_POINT ( 'NONE', #770 ) ;
#1951 = VERTEX_POINT ( 'NONE', #6889 ) ;
#1952 = LINE ( 'NONE', #3613, #7057 ) ;
#1953 = LINE ( 'NONE', #6971, #3651 ) ;
#1954 = VECTOR ( 'NONE', #1927, 1000.000000000000114 ) ;
#1955 = CARTESIAN_POINT ( 'NONE',  ( -1.400000000000000133, 9.768344573749500270, -5.400000000000000355 ) ) ;
#1956 = AXIS2_PLACEMENT_3D ( 'NONE', #2191, #5541, #3818 ) ;
#1957 = DIRECTION ( 'NONE',  ( 0.000000000000000000, -0.6561787149247864104, -0.7546055221635050714 ) ) ;
#1958 = VECTOR ( 'NONE', #4803, 1000.000000000000000 ) ;
#1959 = DIRECTION ( 'NONE',  ( 1.227746447048803788E-16, 0.000000000000000000, 1.000000000000000000 ) ) ;
#1960 = ORIENTED_EDGE ( 'NONE', *, *, #4411, .F. ) ;
#1961 = ORIENTED_EDGE ( 'NONE', *, *, #953, .F. ) ;
#1962 = CIRCLE ( 'NONE', #2078, 0.1700000000000000122 ) ;
#1963 = CARTESIAN_POINT ( 'NONE',  ( 0.000000000000000000, 0.000000000000000000, 0.000000000000000000 ) ) ;
#1964 = CARTESIAN_POINT ( 'NONE',  ( 3.532332510810047399, 22.35476295611254471, -1.822080071934782053 ) ) ;
#1965 = ADVANCED_FACE ( 'NONE', ( #1318 ), #5146, .T. ) ;
#1966 = DIRECTION ( 'NONE',  ( 0.000000000000000000, -1.000000000000000000, 0.000000000000000000 ) ) ;
#1967 = ORIENTED_EDGE ( 'NONE', *, *, #1081, .F. ) ;
#1968 = CARTESIAN_POINT ( 'NONE',  ( -3.532332510810050508, 20.22895624945931914, -0.7197051119874353642 ) ) ;
#1969 = ORIENTED_EDGE ( 'NONE', *, *, #3512, .T. ) ;
#1970 = PLANE ( 'NONE',  #6416 ) ;
#1971 = CARTESIAN_POINT ( 'NONE',  ( 1.399999999999999689, 6.500000000000000000, -4.469999999999999751 ) ) ;
#1972 = DIRECTION ( 'NONE',  ( 1.000000000000000000, 0.000000000000000000, 0.000000000000000000 ) ) ;
#1973 = FACE_OUTER_BOUND ( 'NONE', #999, .T. ) ;
#1974 = EDGE_CURVE ( 'NONE', #6545, #3888, #5182, .T. ) ;
#1975 = DIRECTION ( 'NONE',  ( 0.000000000000000000, 0.000000000000000000, -1.000000000000000000 ) ) ;
#1976 = CARTESIAN_POINT ( 'NONE',  ( 6.514295127691077880, 22.35534886061989468, 1.821875480920072565 ) ) ;
#1977 = FACE_OUTER_BOUND ( 'NONE', #4203, .T. ) ;
#1978 = CARTESIAN_POINT ( 'NONE',  ( 2.192316302326503763, 7.763936109177590694, -4.555813038156334649 ) ) ;
#1979 = ORIENTED_EDGE ( 'NONE', *, *, #3422, .T. ) ;
#1980 = CARTESIAN_POINT ( 'NONE',  ( -0.004166666666499206813, 19.99999999999999645, 5.624665225306145544 ) ) ;
#1981 = ORIENTED_EDGE ( 'NONE', *, *, #5943, .T. ) ;
#1982 = CARTESIAN_POINT ( 'NONE',  ( -6.871269143465953633, 24.99984612168539044, -1.854166666666667407 ) ) ;
#1983 = CARTESIAN_POINT ( 'NONE',  ( -3.532332510810048731, 20.00000000000000000, 3.532332510810049175 ) ) ;
#1984 = EDGE_CURVE ( 'NONE', #2901, #4011, #4007, .T. ) ;
#1985 = DIRECTION ( 'NONE',  ( -0.7071067811865496822, 0.000000000000000000, 0.7071067811865453523 ) ) ;
#1986 = VERTEX_POINT ( 'NONE', #222 ) ;
#1987 = ORIENTED_EDGE ( 'NONE', *, *, #3236, .F. ) ;
#1988 = FACE_OUTER_BOUND ( 'NONE', #46, .T. ) ;
#1989 = DIRECTION ( 'NONE',  ( 1.000000000000000000, 0.000000000000000000, -0.000000000000000000 ) ) ;
#1990 = AXIS2_PLACEMENT_3D ( 'NONE', #1933, #4621, #799 ) ;
#1991 = CARTESIAN_POINT ( 'NONE',  ( 0.000000000000000000, 20.00000000000000000, 0.000000000000000000 ) ) ;
#1992 = FACE_OUTER_BOUND ( 'NONE', #5259, .T. ) ;
#1993 = VERTEX_POINT ( 'NONE', #4631 ) ;
#1994 = ORIENTED_EDGE ( 'NONE', *, *, #6640, .T. ) ;
#1995 = CIRCLE ( 'NONE', #1058, 0.1499999999999999667 ) ;
#1996 = CARTESIAN_POINT ( 'NONE',  ( 3.226782805549681665, 2.373921791567575657, 3.956290731841335173 ) ) ;
#1997 = APPLICATION_CONTEXT ( 'automotive_design' ) ;
#1998 = CARTESIAN_POINT ( 'NONE',  ( -2.263182533822390319, 8.000000000000001776, -4.871246803256979341 ) ) ;
#1999 = EDGE_LOOP ( 'NONE', ( #5108, #4694, #808, #6335, #1793 ) ) ;
#2000 = AXIS2_PLACEMENT_3D ( 'NONE', #993, #5515, #6572 ) ;
#2001 = CARTESIAN_POINT ( 'NONE',  ( 0.004166666666500772401, 20.00000000000000000, 3.532332510810049175 ) ) ;
#2002 = ORIENTED_EDGE ( 'NONE', *, *, #731, .F. ) ;
#2003 = DIRECTION ( 'NONE',  ( 1.000000000000000000, 0.000000000000000000, 0.000000000000000000 ) ) ;
#2004 = CARTESIAN_POINT ( 'NONE',  ( 6.594282824706733770, 22.99999999999998934, -1.854166666666667407 ) ) ;
#2005 = CARTESIAN_POINT ( 'NONE',  ( -2.966664951328131128, 3.021034482758621298, -5.087985294887771737 ) ) ;
#2006 = CARTESIAN_POINT ( 'NONE',  ( -6.449998654177294455, 20.00000000000000000, -0.004166666666667291977 ) ) ;
#2007 = VECTOR ( 'NONE', #3786, 1000.000000000000000 ) ;
#2008 = B_SPLINE_CURVE_WITH_KNOTS ( 'NONE', 3,
 ( #5521, #7093, #4971, #960 ),
 .UNSPECIFIED., .F., .F.,
 ( 4, 4 ),
 ( 0.000000000000000000, 1.000000000000000000 ),
 .UNSPECIFIED. ) ;
#2009 = PLANE ( 'NONE',  #1349 ) ;
#2010 = CARTESIAN_POINT ( 'NONE',  ( 0.000000000000000000, 1.206205053472303002, 0.000000000000000000 ) ) ;
#2011 = CARTESIAN_POINT ( 'NONE',  ( -3.371111840569784412, 1.616536647565486318, 6.867191002222499563 ) ) ;
#2012 = CARTESIAN_POINT ( 'NONE',  ( 0.9963818657578881188, 20.45963201769563611, -6.435552316943352835 ) ) ;
#2013 = ORIENTED_EDGE ( 'NONE', *, *, #675, .T. ) ;
#2014 = CARTESIAN_POINT ( 'NONE',  ( 6.435216397869538696, 20.97701074699823565, -1.376091600182754116 ) ) ;
#2015 = ORIENTED_EDGE ( 'NONE', *, *, #6185, .T. ) ;
#2016 = FACE_OUTER_BOUND ( 'NONE', #1204, .T. ) ;
#2017 = EDGE_CURVE ( 'NONE', #1098, #2109, #1764, .T. ) ;
#2018 = ADVANCED_FACE ( 'NONE', ( #1205 ), #4080, .T. ) ;
#2019 = CYLINDRICAL_SURFACE ( 'NONE', #5563, 0.1499999999999999667 ) ;
#2020 = CARTESIAN_POINT ( 'NONE',  ( 2.179449471770337432, 7.633692192606185145, 4.500000000000000000 ) ) ;
#2021 = ORIENTED_EDGE ( 'NONE', *, *, #972, .T. ) ;
#2022 = FILL_AREA_STYLE_COLOUR ( '', #3087 ) ;
#2023 = LINE ( 'NONE', #4826, #4117 ) ;
#2024 = ADVANCED_FACE ( 'NONE', ( #3452 ), #1796, .T. ) ;
#2025 = CARTESIAN_POINT ( 'NONE',  ( 1.399999999999999689, 11.52975414413175947, 5.485303232940221818 ) ) ;
#2027 = EDGE_CURVE ( 'NONE', #358, #2663, #6749, .T. ) ;
#2026 = B_SPLINE_CURVE_WITH_KNOTS ( 'NONE', 3,
 ( #906, #4325, #7024, #2004 ),
 .UNSPECIFIED., .F., .F.,
 ( 4, 4 ),
 ( 0.000000000000000000, 1.000000000000000000 ),
 .UNSPECIFIED. ) ;
#2028 = AXIS2_PLACEMENT_3D ( 'NONE', #1955, #4199, #6433 ) ;
#2029 = CIRCLE ( 'NONE', #1083, 0.01999999999999996225 ) ;
#2030 = CARTESIAN_POINT ( 'NONE',  ( 1.379999999999999671, 12.48000000000000220, 2.027069063257455728 ) ) ;
#2031 = CIRCLE ( 'NONE', #4026, 0.01999999999999999695 ) ;
#2032 = CARTESIAN_POINT ( 'NONE',  ( -1.400000000000000133, 11.43165542625050612, -5.530000000000000249 ) ) ;
#2033 = ORIENTED_EDGE ( 'NONE', *, *, #713, .F. ) ;
#2034 = ORIENTED_EDGE ( 'NONE', *, *, #1923, .F. ) ;
#2035 = PRESENTATION_LAYER_ASSIGNMENT (  '', '', ( #6828 ) ) ;
#2036 = EDGE_CURVE ( 'NONE', #5736, #4734, #3884, .T. ) ;
#2037 = CARTESIAN_POINT ( 'NONE',  ( -1.385521695682327969, 6.500000000000000000, -0.7880629224027729807 ) ) ;
#2038 = VECTOR ( 'NONE', #5388, 1000.000000000000000 ) ;
#2039 = CARTESIAN_POINT ( 'NONE',  ( 1.379999999999999671, 12.34999999999999964, -2.027069063257456172 ) ) ;
#2040 = ORIENTED_EDGE ( 'NONE', *, *, #3227, .T. ) ;
#2041 = CARTESIAN_POINT ( 'NONE',  ( -1.400000000000000133, 6.649999999999999467, -4.400000000000000355 ) ) ;
#2042 = ORIENTED_EDGE ( 'NONE', *, *, #3900, .T. ) ;
#2043 = LINE ( 'NONE', #4432, #5131 ) ;
#2044 = DIRECTION ( 'NONE',  ( 0.000000000000000000, -1.000000000000000000, 0.000000000000000000 ) ) ;
#2045 = DIRECTION ( 'NONE',  ( 0.000000000000000000, -1.000000000000000000, 0.000000000000000000 ) ) ;
#2046 = FACE_OUTER_BOUND ( 'NONE', #3618, .T. ) ;
#2047 = TOROIDAL_SURFACE ( 'NONE', #4042, 0.1299999999999999767, 0.02000000000000000042 ) ;
#2048 = CARTESIAN_POINT ( 'NONE',  ( -1.482068639896137796, 21.19520301140691743, 3.532332510810049175 ) ) ;
#2049 = DIRECTION ( 'NONE',  ( 0.000000000000000000, 0.1643989873053274264, 0.9863939238321487446 ) ) ;
#2050 = CARTESIAN_POINT ( 'NONE',  ( -6.747380340401567089, 22.99999999999999645, -1.854166666666667407 ) ) ;
#2051 = CARTESIAN_POINT ( 'NONE',  ( 2.179449471770337432, 7.499999999999998224, -4.500000000000000000 ) ) ;
#2052 = EDGE_LOOP ( 'NONE', ( #4659, #2882, #4929, #405 ) ) ;
#2053 = CARTESIAN_POINT ( 'NONE',  ( -0.004166666666499080178, 19.99999999999999645, 4.501950110210687583 ) ) ;
#2054 = ORIENTED_EDGE ( 'NONE', *, *, #4635, .F. ) ;
#2055 = LINE ( 'NONE', #1465, #5053 ) ;
#2056 = AXIS2_PLACEMENT_3D ( 'NONE', #6866, #5374, #4161 ) ;
#2057 = AXIS2_PLACEMENT_3D ( 'NONE', #2151, #6223, #4437 ) ;
#2058 = CARTESIAN_POINT ( 'NONE',  ( -1.379999999999999227, 2.775349838536065761, -2.413347685683533417 ) ) ;
#2059 = AXIS2_PLACEMENT_3D ( 'NONE', #4115, #6891, #4228 ) ;
#2060 = CARTESIAN_POINT ( 'NONE',  ( 0.000000000000000000, 0.000000000000000000, -3.532332510810048287 ) ) ;
#2061 = ORIENTED_EDGE ( 'NONE', *, *, #3822, .T. ) ;
#2062 = LINE ( 'NONE', #1472, #6359 ) ;
#2063 = VECTOR ( 'NONE', #5492, 1000.000000000000114 ) ;
#2064 = FACE_OUTER_BOUND ( 'NONE', #4867, .T. ) ;
#2065 = CARTESIAN_POINT ( 'NONE',  ( -2.986171345291949830, 4.909999999999999254, 5.107491688851508727 ) ) ;
#2066 = AXIS2_PLACEMENT_3D ( 'NONE', #6200, #1163, #590 ) ;
#2067 = EDGE_CURVE ( 'NONE', #2109, #2349, #1653, .T. ) ;
#2068 = CARTESIAN_POINT ( 'NONE',  ( 0.000000000000000000, 10.00000000000000000, 0.000000000000000000 ) ) ;
#2069 = ORIENTED_EDGE ( 'NONE', *, *, #2824, .F. ) ;
#2070 = AXIS2_PLACEMENT_3D ( 'NONE', #5202, #6334, #168 ) ;
#2071 = EDGE_LOOP ( 'NONE', ( #633, #6599 ) ) ;
#2072 = DIRECTION ( 'NONE',  ( 0.7071067811865475727, -3.056747976430751789E-16, -0.7071067811865475727 ) ) ;
#2073 = CONICAL_SURFACE ( 'NONE', #2539, 6.450000000000001066, 0.1325515322966740184 ) ;
#2074 = PRODUCT_DEFINITION_FORMATION_WITH_SPECIFIED_SOURCE ( 'ANY', '', #3288, .NOT_KNOWN. ) ;
#2075 = ADVANCED_FACE ( 'NONE', ( #3494 ), #5760, .T. ) ;
#2076 = DIRECTION ( 'NONE',  ( 1.000000000000000000, 0.000000000000000000, 0.000000000000000000 ) ) ;
#2077 = VERTEX_POINT ( 'NONE', #186 ) ;
#2078 = AXIS2_PLACEMENT_3D ( 'NONE', #4286, #3806, #7168 ) ;
#2079 = CARTESIAN_POINT ( 'NONE',  ( -1.379999999999999893, -2.992397996059991005E-17, 5.530000000000000249 ) ) ;
#2080 = ORIENTED_EDGE ( 'NONE', *, *, #90, .F. ) ;
#2081 = FACE_OUTER_BOUND ( 'NONE', #4343, .T. ) ;
#2082 = CARTESIAN_POINT ( 'NONE',  ( 3.956290731841346719, 2.373921791567574324, -3.226782805549668343 ) ) ;
#2083 = CARTESIAN_POINT ( 'NONE',  ( -3.266464433174221416, 29.00000000000000000, -3.266464433174220527 ) ) ;
#2084 = DIRECTION ( 'NONE',  ( 0.000000000000000000, 0.000000000000000000, -1.000000000000000000 ) ) ;
#2085 = FACE_OUTER_BOUND ( 'NONE', #4317, .T. ) ;
#2086 = PLANE ( 'NONE',  #7197 ) ;
#2087 = CARTESIAN_POINT ( 'NONE',  ( 0.000000000000000000, 10.00000000000000000, -8.250000000000007105 ) ) ;
#2088 = CARTESIAN_POINT ( 'NONE',  ( -6.441037554602880633, 20.22970490026784418, 0.7208454067453378133 ) ) ;
#2089 = VERTEX_POINT ( 'NONE', #2420 ) ;
#2090 = DIRECTION ( 'NONE',  ( -0.000000000000000000, 1.000000000000000000, -0.000000000000000000 ) ) ;
#2091 = VERTEX_POINT ( 'NONE', #4521 ) ;
#2092 = CARTESIAN_POINT ( 'NONE',  ( -5.087985294887772625, 4.978965517241379146, -2.966664951328128907 ) ) ;
#2093 = DIRECTION ( 'NONE',  ( 0.6936187941687648184, -0.000000000000000000, -0.7203422578024066825 ) ) ;
#2094 = CARTESIAN_POINT ( 'NONE',  ( 1.379999999999999671, 6.500000000000000000, 0.7729309367425446498 ) ) ;
#2095 = ORIENTED_EDGE ( 'NONE', *, *, #4898, .F. ) ;
#2096 = DIRECTION ( 'NONE',  ( 0.000000000000000000, 1.000000000000000000, -0.000000000000000000 ) ) ;
#2097 = CARTESIAN_POINT ( 'NONE',  ( 2.581372568141801604, 3.153668633940835520, 7.201334804540089785 ) ) ;
#2098 = ORIENTED_EDGE ( 'NONE', *, *, #588, .F. ) ;
#2099 = EDGE_CURVE ( 'NONE', #3300, #4657, #1168, .T. ) ;
#2100 = CARTESIAN_POINT ( 'NONE',  ( -1.393823247546297717, 6.500000000000000000, 0.8140959846906092867 ) ) ;
#2101 = CARTESIAN_POINT ( 'NONE',  ( -1.379999999999999893, 12.50000000000000000, -2.027069063257456172 ) ) ;
#2102 = ORIENTED_EDGE ( 'NONE', *, *, #6407, .F. ) ;
#2103 = CARTESIAN_POINT ( 'NONE',  ( 1.399999999999999689, 9.768344573749500270, -5.530000000000000249 ) ) ;
#2104 = AXIS2_PLACEMENT_3D ( 'NONE', #4769, #7101, #5902 ) ;
#2105 = EDGE_CURVE ( 'NONE', #5861, #5414, #5286, .T. ) ;
#2106 = LINE ( 'NONE', #4351, #1703 ) ;
#2107 = ORIENTED_EDGE ( 'NONE', *, *, #5610, .T. ) ;
#2108 = LINE ( 'NONE', #2041, #4891 ) ;
#2109 = VERTEX_POINT ( 'NONE', #338 ) ;
#2110 = CARTESIAN_POINT ( 'NONE',  ( 1.020144484405140162, 20.49201815769881208, 6.435295833847715308 ) ) ;
#2111 = CARTESIAN_POINT ( 'NONE',  ( -4.400384907664991907, 2.000000000000000444, -2.279064564105347301 ) ) ;
#2112 = CARTESIAN_POINT ( 'NONE',  ( -1.379999999999999671, 6.500000000000000000, -0.7729309367425445387 ) ) ;
#2113 = CYLINDRICAL_SURFACE ( 'NONE', #3805, 6.750000000000000000 ) ;
#2114 = ADVANCED_FACE ( 'NONE', ( #4150 ), #6495, .F. ) ;
#2115 = FACE_OUTER_BOUND ( 'NONE', #3989, .T. ) ;
#2116 = TOROIDAL_SURFACE ( 'NONE', #3056, 5.500000000000000000, 0.5000000000000000000 ) ;
#2117 = LINE ( 'NONE', #1531, #6616 ) ;
#2118 = EDGE_LOOP ( 'NONE', ( #6852, #5791, #4347, #304 ) ) ;
#2119 = CARTESIAN_POINT ( 'NONE',  ( -4.046831517071759698, 4.909999999999999254, 4.046831517071677098 ) ) ;
#2120 = CARTESIAN_POINT ( 'NONE',  ( 0.3408853809562579218, 20.04878723623032144, -6.447706186796865246 ) ) ;
#2121 = ORIENTED_EDGE ( 'NONE', *, *, #2234, .F. ) ;
#2122 = DIRECTION ( 'NONE',  ( 1.000000000000000000, 2.168404344971008252E-17, 8.673617379884035472E-17 ) ) ;
#2123 = ORIENTED_EDGE ( 'NONE', *, *, #5922, .F. ) ;
#2124 = FACE_OUTER_BOUND ( 'NONE', #7143, .T. ) ;
#2125 = CARTESIAN_POINT ( 'NONE',  ( -3.532332510810049175, 20.00000000000000000, 4.336808689942018722E-16 ) ) ;
#2126 = ORIENTED_EDGE ( 'NONE', *, *, #5701, .F. ) ;
#2127 = CARTESIAN_POINT ( 'NONE',  ( 1.399999999999999689, 6.500000000000000000, 0.8529309367425446098 ) ) ;
#2128 = ORIENTED_EDGE ( 'NONE', *, *, #6183, .T. ) ;
#2129 = LINE ( 'NONE', #4376, #5580 ) ;
#2130 = UNCERTAINTY_MEASURE_WITH_UNIT (LENGTH_MEASURE( 1.000000000000000082E-05 ), #3981, 'distance_accuracy_value', 'NONE');
#2131 = CARTESIAN_POINT ( 'NONE',  ( -0.6006694245309941449, 20.15907585312045569, -6.443436020579607515 ) ) ;
#2132 = CARTESIAN_POINT ( 'NONE',  ( 0.000000000000000000, -0.2000000000000000944, 0.000000000000000000 ) ) ;
#2133 = APPLICATION_CONTEXT ( 'automotive_design' ) ;
#2134 = ORIENTED_EDGE ( 'NONE', *, *, #5524, .T. ) ;
#2135 = DIRECTION ( 'NONE',  ( 0.000000000000000000, -2.312964634635743213E-14, -1.000000000000000000 ) ) ;
#2136 = VECTOR ( 'NONE', #3151, 1000.000000000000227 ) ;
#2137 = CARTESIAN_POINT ( 'NONE',  ( -1.725939041233288451, 21.90082051997008961, -3.532332510810049175 ) ) ;
#2138 = ORIENTED_EDGE ( 'NONE', *, *, #2146, .T. ) ;
#2139 = VECTOR ( 'NONE', #3791, 1000.000000000000000 ) ;
#2140 = DIRECTION ( 'NONE',  ( 0.000000000000000000, 0.000000000000000000, -1.000000000000000000 ) ) ;
#2141 = ORIENTED_EDGE ( 'NONE', *, *, #5209, .T. ) ;
#2142 = DIRECTION ( 'NONE',  ( -1.000000000000000000, 0.000000000000000000, 0.000000000000000000 ) ) ;
#2143 = AXIS2_PLACEMENT_3D ( 'NONE', #2244, #1778, #3954 ) ;
#2144 = ADVANCED_FACE ( 'NONE', ( #5429 ), #6917, .T. ) ;
#2145 = PLANE ( 'NONE',  #478 ) ;
#2146 = EDGE_CURVE ( 'NONE', #5540, #3130, #5407, .T. ) ;
#2147 = DIRECTION ( 'NONE',  ( -8.673617379884035472E-17, -1.880790961315659329E-33, -1.000000000000000000 ) ) ;
#2148 = DIRECTION ( 'NONE',  ( -0.7071067811865403563, 1.082467449009526863E-16, -0.7071067811865547892 ) ) ;
#2149 = CARTESIAN_POINT ( 'NONE',  ( 1.244306595115914016, 20.75689850159898953, -3.532332510810047843 ) ) ;
#2150 = EDGE_CURVE ( 'NONE', #2319, #7156, #2468, .T. ) ;
#2151 = CARTESIAN_POINT ( 'NONE',  ( -1.380000000000000115, 9.768344573749498494, 5.530000000000000249 ) ) ;
#2152 = ORIENTED_EDGE ( 'NONE', *, *, #1424, .F. ) ;
#2153 = CARTESIAN_POINT ( 'NONE',  ( 0.000000000000000000, 1.206205053472303002, 0.000000000000000000 ) ) ;
#2154 = ORIENTED_EDGE ( 'NONE', *, *, #1706, .T. ) ;
#2155 = CARTESIAN_POINT ( 'NONE',  ( 0.000000000000000000, 9.296555435952635449, 8.083961248654471632 ) ) ;
#2156 = CARTESIAN_POINT ( 'NONE',  ( -4.433344562587833160, 5.951057409446828039, -2.312024219028188554 ) ) ;
#2157 = CARTESIAN_POINT ( 'NONE',  ( 0.000000000000000000, 0.000000000000000000, 0.000000000000000000 ) ) ;
#2158 = CARTESIAN_POINT ( 'NONE',  ( -1.379999999999999671, 6.649999999999999467, -0.7729309367425445387 ) ) ;
#2159 = ORIENTED_EDGE ( 'NONE', *, *, #1037, .T. ) ;
#2160 = CARTESIAN_POINT ( 'NONE',  ( 1.380560112054757926, 6.500000000000000000, 0.7744648667341184067 ) ) ;
#2161 = EDGE_CURVE ( 'NONE', #6437, #4767, #2055, .T. ) ;
#2162 = CARTESIAN_POINT ( 'NONE',  ( -1.380000000000000115, 12.34999999999999964, -4.343903740188082452 ) ) ;
#2163 = AXIS2_PLACEMENT_3D ( 'NONE', #5617, #659, #3380 ) ;
#2164 = ORIENTED_EDGE ( 'NONE', *, *, #2422, .T. ) ;
#2165 = CARTESIAN_POINT ( 'NONE',  ( 4.999999999999999112, 8.000000000000000000, 2.179449471770337432 ) ) ;
#2166 = ORIENTED_EDGE ( 'NONE', *, *, #4089, .F. ) ;
#2167 = CIRCLE ( 'NONE', #4642, 9.605613667141758683 ) ;
#2168 = AXIS2_PLACEMENT_3D ( 'NONE', #2980, #1330, #5817 ) ;
#2169 = CARTESIAN_POINT ( 'NONE',  ( -1.379999999999999893, 12.37137186834969604, 1.898837853159277334 ) ) ;
#2170 = CIRCLE ( 'NONE', #7094, 7.650000000000000355 ) ;
#2171 = ORIENTED_EDGE ( 'NONE', *, *, #5933, .T. ) ;
#2172 = CARTESIAN_POINT ( 'NONE',  ( -0.000000000000000000, 12.46319082832452629, -4.442330547426800003 ) ) ;
#2173 = PRODUCT ( 'PJOINT_sleeve_V2_1', 'PJOINT_sleeve_V2_1', '', ( #6751 ) ) ;
#2174 = CIRCLE ( 'NONE', #7097, 0.1499999999999999667 ) ;
#2175 = CIRCLE ( 'NONE', #3125, 5.000000000000000000 ) ;
#2176 = CARTESIAN_POINT ( 'NONE',  ( -2.571963978632910930, 3.176175380897987566, -7.204686064820229774 ) ) ;
#2177 = ORIENTED_EDGE ( 'NONE', *, *, #281, .F. ) ;
#2178 = VECTOR ( 'NONE', #3858, 1000.000000000000000 ) ;
#2179 = ORIENTED_EDGE ( 'NONE', *, *, #862, .F. ) ;
#2180 = CARTESIAN_POINT ( 'NONE',  ( 1.766827620535389887, 22.08887031454436212, 6.492400023235918027 ) ) ;
#2181 = FACE_OUTER_BOUND ( 'NONE', #4619, .T. ) ;
#2182 = DIRECTION ( 'NONE',  ( 0.000000000000000000, -0.9863939238321488556, 0.1643989873053274264 ) ) ;
#2183 = EDGE_CURVE ( 'NONE', #6440, #4202, #844, .T. ) ;
#2184 = CARTESIAN_POINT ( 'NONE',  ( 3.532332510810049619, 22.59541196074215463, 1.842181772568913578 ) ) ;
#2185 = CARTESIAN_POINT ( 'NONE',  ( 1.762588677468259979, 22.06755310009427618, -3.532332510810049175 ) ) ;
#2186 = VECTOR ( 'NONE', #2333, 1000.000000000000000 ) ;
#2187 = CARTESIAN_POINT ( 'NONE',  ( 7.120239627063077670, 2.999999999999999556, -2.798815421262988767 ) ) ;
#2188 = VERTEX_POINT ( 'NONE', #6924 ) ;
#2189 = CARTESIAN_POINT ( 'NONE',  ( 8.266365894244634333E-16, 10.00000000000000000, 6.750000000000000000 ) ) ;
#2190 = ORIENTED_EDGE ( 'NONE', *, *, #3764, .F. ) ;
#2191 = CARTESIAN_POINT ( 'NONE',  ( 1.379999999999999893, 9.670245855868245144, 5.485303232940222706 ) ) ;
#2192 = LINE ( 'NONE', #4475, #7028 ) ;
#2193 = CARTESIAN_POINT ( 'NONE',  ( 1.854166666666501095, 22.99999999999999645, 5.624665225307656335 ) ) ;
#2194 = EDGE_CURVE ( 'NONE', #2441, #3715, #3418, .T. ) ;
#2195 = DIRECTION ( 'NONE',  ( 2.168404344971008252E-17, -1.000000000000000000, -0.000000000000000000 ) ) ;
#2196 = ADVANCED_FACE ( 'NONE', ( #1903 ), #2116, .T. ) ;
#2197 =( LENGTH_UNIT ( ) NAMED_UNIT ( * ) SI_UNIT ( .MILLI., .METRE. ) );
#2198 = DIRECTION ( 'NONE',  ( 0.7071067811865473507, 8.049116928532377276E-17, -0.7071067811865477948 ) ) ;
#2199 = ORIENTED_EDGE ( 'NONE', *, *, #5069, .F. ) ;
#2200 = ORIENTED_EDGE ( 'NONE', *, *, #5490, .F. ) ;
#2201 = CARTESIAN_POINT ( 'NONE',  ( -1.605986852447053304, 21.49596484710140842, -6.452651312516368698 ) ) ;
#2202 = EDGE_CURVE ( 'NONE', #848, #4708, #1932, .T. ) ;
#2203 = APPLICATION_PROTOCOL_DEFINITION ( 'draft international standard', 'automotive_design', 1998, #4015 ) ;
#2204 = DIRECTION ( 'NONE',  ( 0.000000000000000000, 0.000000000000000000, 1.000000000000000000 ) ) ;
#2205 = ORIENTED_EDGE ( 'NONE', *, *, #3014, .F. ) ;
#2206 = DIRECTION ( 'NONE',  ( 0.000000000000000000, 0.000000000000000000, 1.000000000000000000 ) ) ;
#2207 = CARTESIAN_POINT ( 'NONE',  ( 0.000000000000000000, 20.00000000000000000, -6.450000000000001066 ) ) ;
#2208 = ORIENTED_EDGE ( 'NONE', *, *, #5069, .T. ) ;
#2209 = ORIENTED_EDGE ( 'NONE', *, *, #281, .T. ) ;
#2210 = CARTESIAN_POINT ( 'NONE',  ( 2.680182346543767746, 3.063623187575865714, 7.165236767684211472 ) ) ;
#2211 = DIRECTION ( 'NONE',  ( 1.000000000000000000, 2.168404344971008252E-17, -8.673617379884035472E-17 ) ) ;
#2212 = DIRECTION ( 'NONE',  ( -0.000000000000000000, 1.000000000000000000, -0.000000000000000000 ) ) ;
#2213 = DIRECTION ( 'NONE',  ( -0.000000000000000000, -1.000000000000000000, -0.000000000000000000 ) ) ;
#2214 = DIRECTION ( 'NONE',  ( 1.000000000000000000, -0.000000000000000000, 0.000000000000000000 ) ) ;
#2215 = CYLINDRICAL_SURFACE ( 'NONE', #882, 0.02000000000000053471 ) ;
#2216 = VERTEX_POINT ( 'NONE', #2485 ) ;
#2217 = FACE_OUTER_BOUND ( 'NONE', #2896, .T. ) ;
#2218 = ORIENTED_EDGE ( 'NONE', *, *, #3003, .F. ) ;
#2219 = CARTESIAN_POINT ( 'NONE',  ( -2.489362245493005776, 3.101558808504982334, 7.233668728588426688 ) ) ;
#2220 = FACE_OUTER_BOUND ( 'NONE', #5284, .T. ) ;
#2221 = CARTESIAN_POINT ( 'NONE',  ( 1.379999999999999671, 6.649999999999999467, -4.379999999999999893 ) ) ;
#2222 = CYLINDRICAL_SURFACE ( 'NONE', #4261, 0.5000000000000004441 ) ;
#2223 = CARTESIAN_POINT ( 'NONE',  ( 5.107491688851549583, 4.950000000000000178, -2.986171345291879664 ) ) ;
#2224 = CARTESIAN_POINT ( 'NONE',  ( 3.379234995115104834, 19.99999999999999645, -0.004166666666667291977 ) ) ;
#2225 = ORIENTED_EDGE ( 'NONE', *, *, #4140, .F. ) ;
#2226 = CARTESIAN_POINT ( 'NONE',  ( -3.226782805549718969, 2.373921791567575657, 3.956290731841304975 ) ) ;
#2227 = ORIENTED_EDGE ( 'NONE', *, *, #3813, .T. ) ;
#2228 = AXIS2_PLACEMENT_3D ( 'NONE', #4737, #3161, #5325 ) ;
#2229 = CARTESIAN_POINT ( 'NONE',  ( -1.471137458027450551, 21.17212264758176943, -6.440399499380487391 ) ) ;
#2230 = EDGE_CURVE ( 'NONE', #3838, #1900, #4944, .T. ) ;
#2231 = EDGE_CURVE ( 'NONE', #2789, #6582, #7037, .T. ) ;
#2232 = PRODUCT_CONTEXT ( 'NONE', #2133, 'mechanical' ) ;
#2233 = DIRECTION ( 'NONE',  ( -0.000000000000000000, 1.000000000000000000, -0.000000000000000000 ) ) ;
#2234 = EDGE_CURVE ( 'NONE', #1713, #777, #3750, .T. ) ;
#2235 = ORIENTED_EDGE ( 'NONE', *, *, #2150, .T. ) ;
#2236 = PLANE ( 'NONE',  #1092 ) ;
#2237 = CARTESIAN_POINT ( 'NONE',  ( -1.608434873676571231, 21.48761926104690545, -3.532332510810047843 ) ) ;
#2238 = ORIENTED_EDGE ( 'NONE', *, *, #6467, .F. ) ;
#2239 = EDGE_CURVE ( 'NONE', #5542, #2778, #4006, .T. ) ;
#2240 = CARTESIAN_POINT ( 'NONE',  ( 4.504887891932464861, 19.99999999999999645, -0.004166666666667291977 ) ) ;
#2241 = ORIENTED_EDGE ( 'NONE', *, *, #7069, .T. ) ;
#2242 = CARTESIAN_POINT ( 'NONE',  ( 0.000000000000000000, 6.649999999999999467, -0.7729309367425445387 ) ) ;
#2243 = CARTESIAN_POINT ( 'NONE',  ( 7.138355639750680659, 3.000000000000000000, 2.750705138767090663 ) ) ;
#2244 = CARTESIAN_POINT ( 'NONE',  ( 0.000000000000000000, 0.000000000000000000, 0.000000000000000000 ) ) ;
#2245 = CARTESIAN_POINT ( 'NONE',  ( 3.532332510810048287, 20.10790229452577904, 0.4962751276099034436 ) ) ;
#2246 = CIRCLE ( 'NONE', #36, 0.01999999999999996225 ) ;
#2247 = CIRCLE ( 'NONE', #2958, 0.02000000000000005246 ) ;
#2248 = CARTESIAN_POINT ( 'NONE',  ( 7.898971854500429678E-16, 20.00000000000000000, 6.450000000000001066 ) ) ;
#2249 = CYLINDRICAL_SURFACE ( 'NONE', #2517, 0.1999999999999996503 ) ;
#2250 = ORIENTED_EDGE ( 'NONE', *, *, #32, .T. ) ;
#2251 = TOROIDAL_SURFACE ( 'NONE', #3681, 9.359868053855063152, 0.2999999999999999889 ) ;
#2252 = CARTESIAN_POINT ( 'NONE',  ( -3.532332510810049619, 22.18252128438924586, -1.784504469723476650 ) ) ;
#2253 = ORIENTED_EDGE ( 'NONE', *, *, #3764, .T. ) ;
#2254 = FACE_OUTER_BOUND ( 'NONE', #6442, .T. ) ;
#2255 = CARTESIAN_POINT ( 'NONE',  ( -3.226782805549681221, 5.626078208432424788, -3.956290731841334285 ) ) ;
#2256 = CARTESIAN_POINT ( 'NONE',  ( 1.379999999999999671, 8.631655426250503638, -4.400000000000000355 ) ) ;
#2257 = CIRCLE ( 'NONE', #4496, 7.650000000000000355 ) ;
#2258 = LINE ( 'NONE', #6741, #1200 ) ;
#2259 = AXIS2_PLACEMENT_3D ( 'NONE', #4213, #1419, #870 ) ;
#2260 = EDGE_CURVE ( 'NONE', #5034, #2488, #5968, .T. ) ;
#2261 = CARTESIAN_POINT ( 'NONE',  ( -1.380000000000000115, 11.43165542625050612, -5.400000000000000355 ) ) ;
#2262 = CARTESIAN_POINT ( 'NONE',  ( -1.380000000000000115, 6.649999999999999467, -4.549999999999999822 ) ) ;
#2263 = CARTESIAN_POINT ( 'NONE',  ( 4.501950110211364375, 19.99999999999999645, -1.854166666666667407 ) ) ;
#2264 = VERTEX_POINT ( 'NONE', #4784 ) ;
#2265 = DIRECTION ( 'NONE',  ( 0.000000000000000000, 0.000000000000000000, 1.000000000000000000 ) ) ;
#2266 = ORIENTED_EDGE ( 'NONE', *, *, #5445, .T. ) ;
#2267 = CARTESIAN_POINT ( 'NONE',  ( -0.5482212949629687859, 20.13248011101685719, -6.444411485992526778 ) ) ;
#2268 = B_SPLINE_CURVE_WITH_KNOTS ( 'NONE', 3,
 ( #309, #3648, #816, #1367 ),
 .UNSPECIFIED., .F., .F.,
 ( 4, 4 ),
 ( 0.01080459952247119458, 0.01686140772964980425 ),
 .UNSPECIFIED. ) ;
#2269 = PRODUCT_DEFINITION_CONTEXT ( 'detailed design', #1247, 'design' ) ;
#2270 = ADVANCED_FACE ( 'NONE', ( #2016 ), #3837, .T. ) ;
#2271 = AXIS2_PLACEMENT_3D ( 'NONE', #2624, #3629, #5314 ) ;
#2272 = CARTESIAN_POINT ( 'NONE',  ( 9.368548013477250272E-16, 0.000000000000000000, 7.650000000000000355 ) ) ;
#2273 = ADVANCED_FACE ( 'NONE', ( #2708, #5472 ), #450, .T. ) ;
#2274 = VERTEX_POINT ( 'NONE', #2092 ) ;
#2275 = DIRECTION ( 'NONE',  ( 0.000000000000000000, 1.000000000000000000, 0.000000000000000000 ) ) ;
#2276 = CARTESIAN_POINT ( 'NONE',  ( 0.000000000000000000, 2.414376437054497782, 6.750000000000000000 ) ) ;
#2277 = TOROIDAL_SURFACE ( 'NONE', #5451, 0.1299999999999999767, 0.02000000000000000042 ) ;
#2278 = EDGE_CURVE ( 'NONE', #6546, #4831, #3297, .T. ) ;
#2279 = VECTOR ( 'NONE', #5727, 1000.000000000000000 ) ;
#2280 = CIRCLE ( 'NONE', #302, 8.250000000000007105 ) ;
#2281 = CARTESIAN_POINT ( 'NONE',  ( -2.571963978632912706, 3.200000000000000178, -7.204686064820227998 ) ) ;
#2282 = ORIENTED_EDGE ( 'NONE', *, *, #7247, .F. ) ;
#2283 = ORIENTED_EDGE ( 'NONE', *, *, #5837, .F. ) ;
#2284 = FACE_OUTER_BOUND ( 'NONE', #1133, .T. ) ;
#2285 = CIRCLE ( 'NONE', #5697, 0.02000000000000005246 ) ;
#2286 = DIRECTION ( 'NONE',  ( 0.000000000000000000, -0.000000000000000000, 1.000000000000000000 ) ) ;
#2287 = CARTESIAN_POINT ( 'NONE',  ( -1.399999999999999689, 12.48000000000000220, 1.214306433183764720E-16 ) ) ;
#2288 = CARTESIAN_POINT ( 'NONE',  ( 3.532332510810048287, 20.04859121525554499, -0.3401806712189570092 ) ) ;
#2289 = EDGE_CURVE ( 'NONE', #1624, #4954, #6801, .T. ) ;
#2290 = AXIS2_PLACEMENT_3D ( 'NONE', #7014, #4201, #3097 ) ;
#2291 = DIRECTION ( 'NONE',  ( -0.6936187941687647074, 0.000000000000000000, 0.7203422578024065714 ) ) ;
#2292 = VERTEX_POINT ( 'NONE', #6600 ) ;
#2293 = CARTESIAN_POINT ( 'NONE',  ( -3.532332510810049175, 22.31922695442410287, -1.807225831450467890 ) ) ;
#2294 = ORIENTED_EDGE ( 'NONE', *, *, #1787, .F. ) ;
#2295 = CARTESIAN_POINT ( 'NONE',  ( -2.545165380528041421, 3.063075121266646494, 7.214304113546739394 ) ) ;
#2296 = VECTOR ( 'NONE', #6838, 1000.000000000000000 ) ;
#2297 = EDGE_LOOP ( 'NONE', ( #1121, #4961 ) ) ;
#2298 = CARTESIAN_POINT ( 'NONE',  ( -4.400384907664991019, 6.000000000000000000, -2.279064564105347301 ) ) ;
#2299 = DIRECTION ( 'NONE',  ( -0.000000000000000000, -1.000000000000000000, -0.000000000000000000 ) ) ;
#2300 = AXIS2_PLACEMENT_3D ( 'NONE', #184, #5653, #623 ) ;
#2301 = EDGE_CURVE ( 'NONE', #2796, #1951, #3429, .T. ) ;
#2302 = DIRECTION ( 'NONE',  ( 0.000000000000000000, 0.000000000000000000, -1.000000000000000000 ) ) ;
#2303 = SURFACE_STYLE_FILL_AREA ( #5032 ) ;
#2304 = LINE ( 'NONE', #2416, #2411 ) ;
#2305 = ORIENTED_EDGE ( 'NONE', *, *, #7126, .F. ) ;
#2306 = FACE_OUTER_BOUND ( 'NONE', #2856, .T. ) ;
#2307 = AXIS2_PLACEMENT_3D ( 'NONE', #6913, #4136, #2406 ) ;
#2308 = VERTEX_POINT ( 'NONE', #6668 ) ;
#2309 = DIRECTION ( 'NONE',  ( 0.000000000000000000, 0.000000000000000000, 1.000000000000000000 ) ) ;
#2310 = EDGE_LOOP ( 'NONE', ( #54, #5711, #4886, #4836 ) ) ;
#2311 = APPLICATION_PROTOCOL_DEFINITION ( 'draft international standard', 'automotive_design', 1998, #5009 ) ;
#2312 = CARTESIAN_POINT ( 'NONE',  ( -1.380839982702823709, 6.500000000000000000, -4.547699037355532603 ) ) ;
#2313 = EDGE_LOOP ( 'NONE', ( #1464, #470, #306 ) ) ;
#2314 = ORIENTED_EDGE ( 'NONE', *, *, #4091, .F. ) ;
#2315 = CARTESIAN_POINT ( 'NONE',  ( -2.312024219028236960, 2.048942590553174181, 4.433344562587810955 ) ) ;
#2316 = FACE_OUTER_BOUND ( 'NONE', #6815, .T. ) ;
#2317 = ADVANCED_FACE ( 'NONE', ( #1057 ), #2745, .T. ) ;
#2318 = DIRECTION ( 'NONE',  ( 0.000000000000000000, 0.000000000000000000, -1.000000000000000000 ) ) ;
#2319 = VERTEX_POINT ( 'NONE', #518 ) ;
#2320 = DIRECTION ( 'NONE',  ( 1.000000000000000000, 0.000000000000000000, 0.000000000000000000 ) ) ;
#2321 = VERTEX_POINT ( 'NONE', #4335 ) ;
#2322 = ADVANCED_FACE ( 'NONE', ( #6702 ), #7218, .F. ) ;
#2323 = CARTESIAN_POINT ( 'NONE',  ( -6.444469407188926802, 20.13022232100050957, -0.5483317146270269005 ) ) ;
#2324 = DIRECTION ( 'NONE',  ( 0.000000000000000000, 0.1643989873053572914, -0.9863939238321437486 ) ) ;
#2325 = DIRECTION ( 'NONE',  ( 3.741315907929741733E-17, 0.000000000000000000, 1.000000000000000000 ) ) ;
#2326 = CARTESIAN_POINT ( 'NONE',  ( 3.532332510810048731, 20.03320070600793201, 0.3219889464551015101 ) ) ;
#2327 = EDGE_CURVE ( 'NONE', #3334, #6570, #4372, .T. ) ;
#2328 = LINE ( 'NONE', #1268, #6276 ) ;
#2329 = VERTEX_POINT ( 'NONE', #7149 ) ;
#2330 = EDGE_CURVE ( 'NONE', #6440, #3320, #1772, .T. ) ;
#2331 = DIRECTION ( 'NONE',  ( -0.000000000000000000, 1.000000000000000000, -0.000000000000000000 ) ) ;
#2332 = ORIENTED_EDGE ( 'NONE', *, *, #5702, .T. ) ;
#2333 = DIRECTION ( 'NONE',  ( -0.000000000000000000, 1.000000000000000000, 0.000000000000000000 ) ) ;
#2334 = CARTESIAN_POINT ( 'NONE',  ( -1.854166666666499763, 19.99999999999999645, -6.747380340403938526 ) ) ;
#2335 = CARTESIAN_POINT ( 'NONE',  ( 1.854166666666501317, 22.99999999999998934, 6.594282824706779067 ) ) ;
#2336 = EDGE_CURVE ( 'NONE', #1986, #354, #3820, .T. ) ;
#2337 = CARTESIAN_POINT ( 'NONE',  ( 7.421897733883311865, 28.99999999999999645, -1.854166666666667407 ) ) ;
#2338 = AXIS2_PLACEMENT_3D ( 'NONE', #2476, #5206, #5169 ) ;
#2339 = CARTESIAN_POINT ( 'NONE',  ( -1.379999999999999893, -2.992397996059991005E-17, -5.530000000000000249 ) ) ;
#2340 = DIRECTION ( 'NONE',  ( -1.000000000000000000, -2.168404344971008252E-17, 8.673617379884035472E-17 ) ) ;
#2341 = CARTESIAN_POINT ( 'NONE',  ( 0.000000000000000000, 3.000000000000000000, 0.000000000000000000 ) ) ;
#2342 = EDGE_LOOP ( 'NONE', ( #2821, #666, #6257, #4457 ) ) ;
#2343 = CARTESIAN_POINT ( 'NONE',  ( 0.000000000000000000, 20.00000000000000000, 0.000000000000000000 ) ) ;
#2344 = ORIENTED_EDGE ( 'NONE', *, *, #1790, .T. ) ;
#2345 = EDGE_CURVE ( 'NONE', #2274, #6124, #4407, .T. ) ;
#2346 = DIRECTION ( 'NONE',  ( 0.000000000000000000, 0.000000000000000000, 1.000000000000000000 ) ) ;
#2347 = APPLICATION_PROTOCOL_DEFINITION ( 'draft international standard', 'automotive_design', 1998, #1997 ) ;
#2348 = CARTESIAN_POINT ( 'NONE',  ( -5.107491688851539813, 4.950000000000000178, -2.986171345291895651 ) ) ;
#2349 = VERTEX_POINT ( 'NONE', #5029 ) ;
#2350 = ORIENTED_EDGE ( 'NONE', *, *, #4783, .T. ) ;
#2351 = CARTESIAN_POINT ( 'NONE',  ( 0.000000000000000000, 2.428148006742123943, -8.750000000000000000 ) ) ;
#2352 = DIRECTION ( 'NONE',  ( -0.000000000000000000, -0.000000000000000000, -1.000000000000000000 ) ) ;
#2353 = ORIENTED_EDGE ( 'NONE', *, *, #5664, .F. ) ;
#2354 = CARTESIAN_POINT ( 'NONE',  ( -5.510928448416052561, 14.96420136855388527, 3.611712022518531739 ) ) ;
#2355 = ORIENTED_EDGE ( 'NONE', *, *, #4757, .F. ) ;
#2356 = CARTESIAN_POINT ( 'NONE',  ( 1.399999999999999689, 6.500000000000000000, 0.8529309367425446098 ) ) ;
#2357 = DIRECTION ( 'NONE',  ( 0.000000000000000000, 1.000000000000000000, 0.000000000000000000 ) ) ;
#2358 = EDGE_CURVE ( 'NONE', #5240, #3646, #1125, .T. ) ;
#2359 = CARTESIAN_POINT ( 'NONE',  ( 1.379999999999999671, 11.43165542625050435, 5.400000000000000355 ) ) ;
#2360 = ORIENTED_EDGE ( 'NONE', *, *, #1023, .F. ) ;
#2361 = ADVANCED_FACE ( 'NONE', ( #2124 ), #1611, .T. ) ;
#2362 = CARTESIAN_POINT ( 'NONE',  ( 0.000000000000000000, 12.50000000000000000, -2.027069063257456172 ) ) ;
#2363 = EDGE_CURVE ( 'NONE', #777, #3749, #3063, .T. ) ;
#2364 = EDGE_LOOP ( 'NONE', ( #1100, #2596, #1245, #2506 ) ) ;
#2365 = CARTESIAN_POINT ( 'NONE',  ( -2.798813555956164656, 3.000000000000000888, 7.120240386628901241 ) ) ;
#2366 = LINE ( 'NONE', #6880, #1286 ) ;
#2367 = CARTESIAN_POINT ( 'NONE',  ( 1.399999999999999689, 12.48000000000000220, -2.027069063257456172 ) ) ;
#2368 = B_SPLINE_CURVE_WITH_KNOTS ( 'NONE', 3,
 ( #970, #4288, #3739, #6522, #4914, #1494 ),
 .UNSPECIFIED., .F., .F.,
 ( 4, 2, 4 ),
 ( -6.928927488288763306E-06, 0.0003913249075196664263, 0.0007895787425276216184 ),
 .UNSPECIFIED. ) ;
#2369 = B_SPLINE_CURVE_WITH_KNOTS ( 'NONE', 3,
 ( #6631, #2187, #7242, #6116, #3885, #1051, #4985, #1118, #3372, #5605 ),
 .UNSPECIFIED., .F., .F.,
 ( 4, 2, 2, 2, 4 ),
 ( 3.186890520727777483E-18, 0.0002774483335560889085, 0.0004161725003341317907, 0.0004855345837231526897, 0.0005548966671121734803 ),
 .UNSPECIFIED. ) ;
#2370 = CARTESIAN_POINT ( 'NONE',  ( 1.385521695682327969, 6.500000000000000000, -0.7880629224027728696 ) ) ;
#2371 = VECTOR ( 'NONE', #6305, 1000.000000000000000 ) ;
#2372 = CIRCLE ( 'NONE', #1322, 7.650000000000000355 ) ;
#2373 = EDGE_CURVE ( 'NONE', #2292, #7051, #2939, .T. ) ;
#2374 = AXIS2_PLACEMENT_3D ( 'NONE', #1963, #4717, #3581 ) ;
#2375 = CARTESIAN_POINT ( 'NONE',  ( 1.379999999999999671, 12.50000000000000000, 2.027069063257455728 ) ) ;
#2376 = CARTESIAN_POINT ( 'NONE',  ( 0.000000000000000000, 6.500000000000000000, 6.850000000000000533 ) ) ;
#2377 = CARTESIAN_POINT ( 'NONE',  ( -1.854166666666499319, 22.99999999999999645, -3.532332510810047843 ) ) ;
#2378 = MECHANICAL_DESIGN_GEOMETRIC_PRESENTATION_REPRESENTATION (  '', ( #6364 ), #519 ) ;
#2379 = ORIENTED_EDGE ( 'NONE', *, *, #4319, .T. ) ;
#2380 = CARTESIAN_POINT ( 'NONE',  ( 1.379999999999999671, 11.43165542625050435, 5.400000000000000355 ) ) ;
#2381 = ORIENTED_EDGE ( 'NONE', *, *, #4575, .F. ) ;
#2382 = CARTESIAN_POINT ( 'NONE',  ( -3.018470195263256439, 3.000000000000000000, -7.029319859012494121 ) ) ;
#2383 = AXIS2_PLACEMENT_3D ( 'NONE', #6006, #4915, #4434 ) ;
#2384 = CARTESIAN_POINT ( 'NONE',  ( -7.296724953260062208, 3.200000000000000178, -2.297891415291845707 ) ) ;
#2385 = EDGE_CURVE ( 'NONE', #1228, #2854, #3892, .T. ) ;
#2386 = CARTESIAN_POINT ( 'NONE',  ( 1.854166666666499763, 22.99999999999999645, -6.594282824706780843 ) ) ;
#2387 = ORIENTED_EDGE ( 'NONE', *, *, #3365, .F. ) ;
#2388 = VERTEX_POINT ( 'NONE', #585 ) ;
#2389 = CARTESIAN_POINT ( 'NONE',  ( -2.966664951328182198, 3.021034482758621742, 5.087985294887741539 ) ) ;
#2390 = DIRECTION ( 'NONE',  ( -1.000000000000000000, -0.000000000000000000, -0.000000000000000000 ) ) ;
#2391 = AXIS2_PLACEMENT_3D ( 'NONE', #3215, #438, #1013 ) ;
#2392 = CARTESIAN_POINT ( 'NONE',  ( 0.8974227786087015657, 20.37284124738523161, -3.532332510810048731 ) ) ;
#2393 = CARTESIAN_POINT ( 'NONE',  ( -1.380000000000000115, 11.54484625457503100, 5.498426807238718794 ) ) ;
#2394 = ORIENTED_EDGE ( 'NONE', *, *, #3860, .F. ) ;
#2395 = ORIENTED_EDGE ( 'NONE', *, *, #2791, .F. ) ;
#2396 = VECTOR ( 'NONE', #5052, 1000.000000000000114 ) ;
#2397 = DIRECTION ( 'NONE',  ( 1.000000000000000000, 0.000000000000000000, -1.227746447048803788E-16 ) ) ;
#2398 = AXIS2_PLACEMENT_3D ( 'NONE', #1277, #4107, #2480 ) ;
#2399 = LINE ( 'NONE', #1186, #6724 ) ;
#2400 = VECTOR ( 'NONE', #6386, 1000.000000000000000 ) ;
#2401 = DIRECTION ( 'NONE',  ( 0.000000000000000000, -1.000000000000000000, 0.000000000000000000 ) ) ;
#2402 = ORIENTED_EDGE ( 'NONE', *, *, #4645, .F. ) ;
#2403 = CIRCLE ( 'NONE', #2873, 0.1299999999999998934 ) ;
#2404 = CARTESIAN_POINT ( 'NONE',  ( 0.000000000000000000, 1.499999999999999556, 0.000000000000000000 ) ) ;
#2405 = ORIENTED_EDGE ( 'NONE', *, *, #5080, .F. ) ;
#2406 = DIRECTION ( 'NONE',  ( 0.000000000000000000, 0.000000000000000000, -1.000000000000000000 ) ) ;
#2407 = ADVANCED_FACE ( 'NONE', ( #4554 ), #2812, .T. ) ;
#2408 = CARTESIAN_POINT ( 'NONE',  ( -1.380839982702823709, 6.500000000000000000, 4.547699037355532603 ) ) ;
#2409 = DIRECTION ( 'NONE',  ( -0.4876598490941712050, -0.7241379310344822073, -0.4876598490941709274 ) ) ;
#2410 = DIRECTION ( 'NONE',  ( -0.7071067811865475727, 0.000000000000000000, 0.7071067811865475727 ) ) ;
#2411 = VECTOR ( 'NONE', #6421, 1000.000000000000000 ) ;
#2412 = EDGE_CURVE ( 'NONE', #4680, #6748, #4833, .T. ) ;
#2413 = CARTESIAN_POINT ( 'NONE',  ( -0.8523205602195925712, 20.33380730811178339, 6.438341752948787189 ) ) ;
#2414 = CARTESIAN_POINT ( 'NONE',  ( 6.434237459869050824, 20.86964120518030796, 1.309725058591470814 ) ) ;
#2415 = AXIS2_PLACEMENT_3D ( 'NONE', #7070, #5424, #5467 ) ;
#2416 = CARTESIAN_POINT ( 'NONE',  ( 1.854166666666500651, 28.99999999999999645, 1.854166666666666297 ) ) ;
#2417 = VERTEX_POINT ( 'NONE', #722 ) ;
#2418 = CARTESIAN_POINT ( 'NONE',  ( 6.525425718434672895, 22.43809582460714580, -1.822237309521651083 ) ) ;
#2419 = VERTEX_POINT ( 'NONE', #67 ) ;
#2420 = CARTESIAN_POINT ( 'NONE',  ( 4.433344562587839377, 5.951057409446828039, -2.312024219028175231 ) ) ;
#2421 = CIRCLE ( 'NONE', #2300, 7.450000000000000178 ) ;
#2422 = EDGE_CURVE ( 'NONE', #1725, #6501, #5060, .T. ) ;
#2423 = CARTESIAN_POINT ( 'NONE',  ( 1.822080071934615075, 22.35476295611254471, 3.532332510810048731 ) ) ;
#2424 = CARTESIAN_POINT ( 'NONE',  ( -4.555813038156334649, 7.763936109177590694, -2.192316302326503763 ) ) ;
#2425 = AXIS2_PLACEMENT_3D ( 'NONE', #4078, #5621, #1761 ) ;
#2426 = ORIENTED_EDGE ( 'NONE', *, *, #2363, .T. ) ;
#2427 = VERTEX_POINT ( 'NONE', #5614 ) ;
#2428 = CARTESIAN_POINT ( 'NONE',  ( -1.379999999999999893, 12.48000000000000220, 2.027069063257455728 ) ) ;
#2429 = CARTESIAN_POINT ( 'NONE',  ( 1.379999999999999671, 12.37465984809580277, 1.879109974682634077 ) ) ;
#2430 = ADVANCED_FACE ( 'NONE', ( #30 ), #1421, .T. ) ;
#2431 = CARTESIAN_POINT ( 'NONE',  ( 4.400384907664998124, 6.000000000000000000, -2.279064564105333979 ) ) ;
#2432 = DIRECTION ( 'NONE',  ( -8.673617379884035472E-17, 0.000000000000000000, -1.000000000000000000 ) ) ;
#2433 = VERTEX_POINT ( 'NONE', #2256 ) ;
#2434 = DIRECTION ( 'NONE',  ( 1.000000000000000000, 0.000000000000000000, 0.000000000000000000 ) ) ;
#2435 = EDGE_LOOP ( 'NONE', ( #5135, #7114, #2928, #7080, #2499, #5104, #2918, #2949, #921, #2687 ) ) ;
#2436 = DIRECTION ( 'NONE',  ( 0.000000000000000000, 0.000000000000000000, 1.000000000000000000 ) ) ;
#2437 = CARTESIAN_POINT ( 'NONE',  ( 3.532332510810048731, 21.11310473884910976, -1.442442881217467443 ) ) ;
#2438 = CYLINDRICAL_SURFACE ( 'NONE', #5816, 0.1000000000000001443 ) ;
#2439 = ORIENTED_EDGE ( 'NONE', *, *, #3329, .T. ) ;
#2440 = DIRECTION ( 'NONE',  ( 0.000000000000000000, 1.000000000000000000, -0.000000000000000000 ) ) ;
#2441 = VERTEX_POINT ( 'NONE', #4512 ) ;
#2442 = CARTESIAN_POINT ( 'NONE',  ( 6.747380340401572418, 19.99999999999999645, 1.854166666666666297 ) ) ;
#2443 = CARTESIAN_POINT ( 'NONE',  ( -7.650000000000000355, 28.99999999999999645, 1.854166666666667851 ) ) ;
#2444 = CARTESIAN_POINT ( 'NONE',  ( 1.854166666666499541, 19.99999999999999645, -5.624665225306149985 ) ) ;
#2445 = DIRECTION ( 'NONE',  ( 0.000000000000000000, 0.7546055221635206145, 0.6561787149247685358 ) ) ;
#2446 = CARTESIAN_POINT ( 'NONE',  ( -1.434279973908744621, 21.09683921773067894, 6.438424886425863747 ) ) ;
#2447 = DIRECTION ( 'NONE',  ( -0.000000000000000000, 1.000000000000000000, -0.000000000000000000 ) ) ;
#2448 = B_SPLINE_CURVE_WITH_KNOTS ( 'NONE', 3,
 ( #6428, #192, #1396, #847 ),
 .UNSPECIFIED., .F., .F.,
 ( 4, 4 ),
 ( 0.000000000000000000, 1.000000000000000000 ),
 .UNSPECIFIED. ) ;
#2449 = DIRECTION ( 'NONE',  ( 0.000000000000000000, 0.000000000000000000, -1.000000000000000000 ) ) ;
#2450 = ORIENTED_EDGE ( 'NONE', *, *, #6586, .T. ) ;
#2451 = CARTESIAN_POINT ( 'NONE',  ( -1.854166666666498875, 19.99999999999999645, 3.379234995115212747 ) ) ;
#2452 = VERTEX_POINT ( 'NONE', #172 ) ;
#2453 = CARTESIAN_POINT ( 'NONE',  ( 1.379999999999999671, 8.759938365018300033, -4.438449618462786184 ) ) ;
#2454 = FACE_OUTER_BOUND ( 'NONE', #3068, .T. ) ;
#2455 = EDGE_CURVE ( 'NONE', #1652, #2274, #689, .T. ) ;
#2456 = DIRECTION ( 'NONE',  ( 0.000000000000000000, 1.000000000000000000, 0.000000000000000000 ) ) ;
#2457 = ORIENTED_EDGE ( 'NONE', *, *, #5610, .F. ) ;
#2458 = ORIENTED_EDGE ( 'NONE', *, *, #5834, .F. ) ;
#2459 = ADVANCED_FACE ( 'NONE', ( #5138 ), #6810, .T. ) ;
#2460 = CARTESIAN_POINT ( 'NONE',  ( -6.438424886425829996, 21.09683921773067539, -1.434279973908910488 ) ) ;
#2461 = DIRECTION ( 'NONE',  ( -0.000000000000000000, 1.000000000000000000, -0.000000000000000000 ) ) ;
#2462 = EDGE_CURVE ( 'NONE', #3203, #3178, #6775, .T. ) ;
#2463 = CARTESIAN_POINT ( 'NONE',  ( -5.573632720074506608, 22.99999999999999645, -1.854166666666667407 ) ) ;
#2464 = CARTESIAN_POINT ( 'NONE',  ( 0.000000000000000000, 6.500000000000000000, 0.000000000000000000 ) ) ;
#2465 = VERTEX_POINT ( 'NONE', #1753 ) ;
#2466 =( NAMED_UNIT ( * ) SI_UNIT ( $, .STERADIAN. ) SOLID_ANGLE_UNIT ( ) );
#2467 = EDGE_LOOP ( 'NONE', ( #1406, #2054, #5302, #678 ) ) ;
#2468 = CIRCLE ( 'NONE', #3176, 0.2000000000000005107 ) ;
#2469 = CARTESIAN_POINT ( 'NONE',  ( 3.532332510810047843, 21.48761926104689834, -1.608434873676738652 ) ) ;
#2470 = EDGE_CURVE ( 'NONE', #6860, #3203, #1823, .T. ) ;
#2471 = CARTESIAN_POINT ( 'NONE',  ( 2.986171345291897872, 4.909999999999999254, 5.107491688851538925 ) ) ;
#2472 = ORIENTED_EDGE ( 'NONE', *, *, #5387, .F. ) ;
#2473 = CARTESIAN_POINT ( 'NONE',  ( -3.532332510810049175, 20.36767094357130503, -0.8916237326292953957 ) ) ;
#2474 = ORIENTED_EDGE ( 'NONE', *, *, #4532, .F. ) ;
#2475 = CARTESIAN_POINT ( 'NONE',  ( 0.000000000000000000, 2.775349838536065761, 2.413347685683533417 ) ) ;
#2476 = CARTESIAN_POINT ( 'NONE',  ( 4.985102807365161759, 3.200000000000000178, -4.985102807365159983 ) ) ;
#2477 = CARTESIAN_POINT ( 'NONE',  ( 1.399999999999999689, 0.000000000000000000, 4.379999999999999893 ) ) ;
#2478 = DIRECTION ( 'NONE',  ( 2.618921135550818535E-16, 0.000000000000000000, 1.000000000000000000 ) ) ;
#2479 = CYLINDRICAL_SURFACE ( 'NONE', #6962, 0.02000000000000005246 ) ;
#2480 = DIRECTION ( 'NONE',  ( 0.000000000000000000, 0.000000000000000000, -1.000000000000000000 ) ) ;
#2481 = CARTESIAN_POINT ( 'NONE',  ( 1.146253245259516943E-15, 1.034132122566989942, 9.359868053855063152 ) ) ;
#2482 = VERTEX_POINT ( 'NONE', #4663 ) ;
#2483 = CARTESIAN_POINT ( 'NONE',  ( 6.436788979146725431, 20.40538272924749563, -0.9331408812996089264 ) ) ;
#2484 = ORIENTED_EDGE ( 'NONE', *, *, #1072, .F. ) ;
#2485 = CARTESIAN_POINT ( 'NONE',  ( -1.379999999999999671, 6.625340151904196340, 0.9208900253173660788 ) ) ;
#2486 = DIRECTION ( 'NONE',  ( -8.673617379884035472E-17, -1.880790961315659329E-33, -1.000000000000000000 ) ) ;
#2487 = CARTESIAN_POINT ( 'NONE',  ( 0.000000000000000000, -1.299999999999985167, 7.450000000000000178 ) ) ;
#2488 = VERTEX_POINT ( 'NONE', #105 ) ;
#2489 = ORIENTED_EDGE ( 'NONE', *, *, #2493, .F. ) ;
#2490 = PLANE ( 'NONE',  #5193 ) ;
#2491 = VECTOR ( 'NONE', #1223, 1000.000000000000000 ) ;
#2492 = DIRECTION ( 'NONE',  ( 8.964022892078409004E-14, 0.6561787149247684248, 0.7546055221635205035 ) ) ;
#2493 = EDGE_CURVE ( 'NONE', #4202, #3026, #4590, .T. ) ;
#2494 = CARTESIAN_POINT ( 'NONE',  ( 0.000000000000000000, 6.500000000000000000, -7.650000000000000355 ) ) ;
#2495 = EDGE_CURVE ( 'NONE', #3662, #5949, #1861, .T. ) ;
#2496 = CARTESIAN_POINT ( 'NONE',  ( 1.379999999999999671, 2.790441948979335951, -2.426471259982029505 ) ) ;
#2497 = CARTESIAN_POINT ( 'NONE',  ( -3.532332510810049175, 0.000000000000000000, 4.336808689942018722E-16 ) ) ;
#2498 = ORIENTED_EDGE ( 'NONE', *, *, #7162, .T. ) ;
#2499 = ORIENTED_EDGE ( 'NONE', *, *, #6992, .T. ) ;
#2500 = DIRECTION ( 'NONE',  ( -0.4876598490941711495, -0.7241379310344820963, -0.4876598490941711495 ) ) ;
#2501 = EDGE_CURVE ( 'NONE', #3798, #4789, #6026, .T. ) ;
#2502 = CIRCLE ( 'NONE', #6611, 0.02000000000000053471 ) ;
#2503 = CARTESIAN_POINT ( 'NONE',  ( 0.5471549404216057289, 20.12965379788075992, 3.532332510810049619 ) ) ;
#2504 = VECTOR ( 'NONE', #1385, 1000.000000000000000 ) ;
#2505 = DIRECTION ( 'NONE',  ( -0.000000000000000000, 1.000000000000000000, -0.000000000000000000 ) ) ;
#2506 = ORIENTED_EDGE ( 'NONE', *, *, #3014, .T. ) ;
#2507 = LINE ( 'NONE', #5273, #1715 ) ;
#2508 = VERTEX_POINT ( 'NONE', #6262 ) ;
#2509 = AXIS2_PLACEMENT_3D ( 'NONE', #4700, #6919, #1898 ) ;
#2510 = CARTESIAN_POINT ( 'NONE',  ( 3.532332510810048731, 22.99999999999999645, 1.854166666666666297 ) ) ;
#2511 = CARTESIAN_POINT ( 'NONE',  ( 1.854166666666499763, 22.99999999999999645, -5.624665225306147320 ) ) ;
#2512 = CARTESIAN_POINT ( 'NONE',  ( 4.500000000000000000, 1.500000000000000444, -2.179449471770337432 ) ) ;
#2513 = EDGE_CURVE ( 'NONE', #591, #3532, #5673, .T. ) ;
#2514 = AXIS2_PLACEMENT_3D ( 'NONE', #2169, #7124, #3240 ) ;
#2515 = PRODUCT_DEFINITION_SHAPE ( 'NONE', 'NONE',  #7253 ) ;
#2516 = TOROIDAL_SURFACE ( 'NONE', #2992, 0.1699999999999999845, 0.02000000000000000042 ) ;
#2517 = AXIS2_PLACEMENT_3D ( 'NONE', #4506, #5054, #24 ) ;
#2518 = CARTESIAN_POINT ( 'NONE',  ( 0.000000000000000000, 12.34999999999999964, 2.027069063257455728 ) ) ;
#2519 = CARTESIAN_POINT ( 'NONE',  ( 6.435552316943325302, 20.45963201769562900, 0.9963818657580492122 ) ) ;
#2520 = DIRECTION ( 'NONE',  ( 0.000000000000000000, -3.469446951953614820E-14, -1.000000000000000000 ) ) ;
#2521 = CARTESIAN_POINT ( 'NONE',  ( -6.435216397869538696, 20.97701074699823209, 1.376091600182754782 ) ) ;
#2522 = AXIS2_PLACEMENT_3D ( 'NONE', #3571, #5809, #5848 ) ;
#2523 = ORIENTED_EDGE ( 'NONE', *, *, #6895, .F. ) ;
#2524 = CARTESIAN_POINT ( 'NONE',  ( 6.443436020579592416, 20.15907585312045569, -0.6006694245311648972 ) ) ;
#2525 = ORIENTED_EDGE ( 'NONE', *, *, #4719, .F. ) ;
#2526 = DIRECTION ( 'NONE',  ( 0.000000000000000000, -0.1643989873053704753, -0.9863939238321415282 ) ) ;
#2527 = VECTOR ( 'NONE', #4648, 1000.000000000000000 ) ;
#2528 = AXIS2_PLACEMENT_3D ( 'NONE', #6490, #7031, #5947 ) ;
#2529 = CARTESIAN_POINT ( 'NONE',  ( -1.380000000000000115, 9.670245855868245144, 5.485303232940222706 ) ) ;
#2530 = ORIENTED_EDGE ( 'NONE', *, *, #6757, .T. ) ;
#2531 = CARTESIAN_POINT ( 'NONE',  ( 2.179449471770337432, 1.500000000000000444, -4.500000000000000000 ) ) ;
#2532 = AXIS2_PLACEMENT_3D ( 'NONE', #1480, #2198, #273 ) ;
#2533 = ORIENTED_EDGE ( 'NONE', *, *, #3688, .F. ) ;
#2534 = ORIENTED_EDGE ( 'NONE', *, *, #1184, .F. ) ;
#2535 = SURFACE_STYLE_USAGE ( .BOTH. , #6929 ) ;
#2536 = B_SPLINE_CURVE_WITH_KNOTS ( 'NONE', 3,
 ( #982, #1089, #553, #2779, #7246, #5427, #404, #5470, #6700, #65 ),
 .UNSPECIFIED., .F., .F.,
 ( 4, 2, 2, 2, 4 ),
 ( 0.000000000000000000, 7.024607880191381085E-05, 0.0001404921576038276217, 0.0002809843152076559481, 0.0005619686304153131973 ),
 .UNSPECIFIED. ) ;
#2537 = CARTESIAN_POINT ( 'NONE',  ( 1.854166666666499985, 22.99999999999998579, -5.573632720074536806 ) ) ;
#2538 = CARTESIAN_POINT ( 'NONE',  ( 3.532332510810048287, 0.000000000000000000, -4.336808689942017243E-16 ) ) ;
#2539 = AXIS2_PLACEMENT_3D ( 'NONE', #2343, #1832, #2265 ) ;
#2540 = DIRECTION ( 'NONE',  ( 0.000000000000000000, -0.000000000000000000, 1.000000000000000000 ) ) ;
#2541 = DIRECTION ( 'NONE',  ( 0.7071067811865474617, 0.000000000000000000, 0.7071067811865474617 ) ) ;
#2542 = ORIENTED_EDGE ( 'NONE', *, *, #3567, .F. ) ;
#2543 = ORIENTED_EDGE ( 'NONE', *, *, #6679, .F. ) ;
#2544 = CARTESIAN_POINT ( 'NONE',  ( 0.000000000000000000, 2.428148006742123499, 8.750000000000000000 ) ) ;
#2545 = DIRECTION ( 'NONE',  ( 0.000000000000000000, 0.000000000000000000, -1.000000000000000000 ) ) ;
#2546 = ORIENTED_EDGE ( 'NONE', *, *, #5119, .F. ) ;
#2547 = CARTESIAN_POINT ( 'NONE',  ( -1.399999999999999689, 6.622052172158088723, -0.9406179037940088916 ) ) ;
#2548 = ORIENTED_EDGE ( 'NONE', *, *, #3175, .T. ) ;
#2549 = DIRECTION ( 'NONE',  ( -1.000000000000000000, -2.168404344971008252E-17, 8.673617379884035472E-17 ) ) ;
#2550 = LINE ( 'NONE', #2111, #6208 ) ;
#2551 = EDGE_CURVE ( 'NONE', #6243, #6168, #7104, .T. ) ;
#2552 = FACE_OUTER_BOUND ( 'NONE', #1876, .T. ) ;
#2553 = DIRECTION ( 'NONE',  ( 0.000000000000000000, 0.000000000000000000, 1.000000000000000000 ) ) ;
#2554 = DIRECTION ( 'NONE',  ( 1.239088197126290817E-16, 0.000000000000000000, 1.000000000000000000 ) ) ;
#2555 = EDGE_CURVE ( 'NONE', #4608, #3876, #2886, .T. ) ;
#2556 = CARTESIAN_POINT ( 'NONE',  ( 3.302397983560366068, 1.563623187575865048, -6.900591489566306080 ) ) ;
#2557 = CARTESIAN_POINT ( 'NONE',  ( -2.969848480983500405, 1.499999999999999556, 7.049999999999999822 ) ) ;
#2558 = CARTESIAN_POINT ( 'NONE',  ( 1.444204410566876540, 21.11664093506590589, -6.438911852837525984 ) ) ;
#2559 = EDGE_CURVE ( 'NONE', #2901, #6582, #2847, .T. ) ;
#2560 = EDGE_LOOP ( 'NONE', ( #4038, #5698, #5928, #74 ) ) ;
#2561 = CARTESIAN_POINT ( 'NONE',  ( -1.400000000000000133, 12.34999999999999964, -4.343903740188082452 ) ) ;
#2562 = ORIENTED_EDGE ( 'NONE', *, *, #419, .T. ) ;
#2563 = DIRECTION ( 'NONE',  ( 1.000000000000000000, 0.000000000000000000, 0.000000000000000000 ) ) ;
#2564 = CARTESIAN_POINT ( 'NONE',  ( -0.004166666666499643096, 19.99999999999999645, -5.477443273054879214 ) ) ;
#2565 = CARTESIAN_POINT ( 'NONE',  ( 7.421897733883310977, 28.99999999999999645, 1.854166666666666075 ) ) ;
#2566 = EDGE_CURVE ( 'NONE', #1036, #4093, #157, .T. ) ;
#2567 = ORIENTED_EDGE ( 'NONE', *, *, #1104, .F. ) ;
#2568 = DIRECTION ( 'NONE',  ( -7.968020348514244863E-17, 0.6561787149247864104, 0.7546055221635050714 ) ) ;
#2569 = CARTESIAN_POINT ( 'NONE',  ( 2.712967541895487944, 3.008500636646441961, -7.153346357285052193 ) ) ;
#2570 = CIRCLE ( 'NONE', #1907, 0.02000000000000005246 ) ;
#2571 = LINE ( 'NONE', #1879, #6507 ) ;
#2572 = DIRECTION ( 'NONE',  ( 0.000000000000000000, 0.000000000000000000, 1.000000000000000000 ) ) ;
#2573 = ORIENTED_EDGE ( 'NONE', *, *, #639, .T. ) ;
#2574 = VERTEX_POINT ( 'NONE', #3555 ) ;
#2575 = AXIS2_PLACEMENT_3D ( 'NONE', #6738, #1679, #1716 ) ;
#2576 = CARTESIAN_POINT ( 'NONE',  ( -3.532332510810049619, 19.99999999999999645, 0.08414317496844667121 ) ) ;
#2577 = PRODUCT ( 'Prismatic_Joint_KitV2', 'Prismatic_Joint_KitV2', '', ( #1731 ) ) ;
#2578 = VERTEX_POINT ( 'NONE', #1895 ) ;
#2579 = CARTESIAN_POINT ( 'NONE',  ( 3.266464433174221416, 29.00000000000000000, -3.266464433174220527 ) ) ;
#2580 = ORIENTED_EDGE ( 'NONE', *, *, #1524, .F. ) ;
#2581 = AXIS2_PLACEMENT_3D ( 'NONE', #5442, #1437, #3684 ) ;
#2582 = FACE_OUTER_BOUND ( 'NONE', #4352, .T. ) ;
#2583 = EDGE_LOOP ( 'NONE', ( #4196, #5973, #831, #1448 ) ) ;
#2584 = LINE ( 'NONE', #3212, #3017 ) ;
#2585 = CARTESIAN_POINT ( 'NONE',  ( 4.433344562587833160, 5.951057409446828039, 2.312024219028188554 ) ) ;
#2586 = CARTESIAN_POINT ( 'NONE',  ( 0.004166666666499558962, 19.99999999999999645, -6.747380340401617715 ) ) ;
#2587 = ADVANCED_FACE ( 'NONE', ( #5353 ), #3035, .T. ) ;
#2588 = LINE ( 'NONE', #909, #2136 ) ;
#2589 = ADVANCED_FACE ( 'NONE', ( #5795 ), #5278, .T. ) ;
#2590 = VECTOR ( 'NONE', #5724, 1000.000000000000114 ) ;
#2591 = CARTESIAN_POINT ( 'NONE',  ( -1.659917856957902504, 21.64134626555455654, 3.532332510810048731 ) ) ;
#2592 = ADVANCED_FACE ( 'NONE', ( #7063 ), #328, .F. ) ;
#2593 = CARTESIAN_POINT ( 'NONE',  ( 3.371111840569788853, 1.616536647565485652, -6.867191002222497787 ) ) ;
#2594 = LINE ( 'NONE', #913, #1591 ) ;
#2595 = CARTESIAN_POINT ( 'NONE',  ( -6.436788979146728096, 20.40538272924749208, 0.9331408812996001556 ) ) ;
#2596 = ORIENTED_EDGE ( 'NONE', *, *, #4410, .T. ) ;
#2597 = CARTESIAN_POINT ( 'NONE',  ( 6.435295833847689551, 20.49201815769881918, -1.020144484405308472 ) ) ;
#2598 = ORIENTED_EDGE ( 'NONE', *, *, #3095, .F. ) ;
#2599 = CARTESIAN_POINT ( 'NONE',  ( 0.004166666666501273736, 19.99999999999999645, 5.624665225307656335 ) ) ;
#2600 = EDGE_CURVE ( 'NONE', #3798, #2319, #5867, .T. ) ;
#2601 =( BOUNDED_SURFACE ( )  B_SPLINE_SURFACE ( 2, 3, ( 
 ( #6445, #6915, #3628, #2586 ),
 ( #3073, #213, #2444, #4697 ),
 ( #5313, #289, #2511, #6993 ) ),
 .UNSPECIFIED., .F., .F., .T. ) 
 B_SPLINE_SURFACE_WITH_KNOTS ( ( 3, 3 ),
 ( 4, 4 ),
 ( 0.000000000000000000, 1.000000000000000000 ),
 ( 0.003379234995115211210, 0.006747380340401617355 ),
 .UNSPECIFIED. ) 
 GEOMETRIC_REPRESENTATION_ITEM ( )  RATIONAL_B_SPLINE_SURFACE ( (
 ( 1.000000000000000000, 1.000000000000000000, 1.000000000000000000, 1.000000000000000000),
 ( 0.7071067811865475727, 0.7071067811865475727, 0.7071067811865475727, 0.7071067811865475727),
 ( 1.000000000000000000, 1.000000000000000000, 1.000000000000000000, 1.000000000000000000) ) ) 
 REPRESENTATION_ITEM ( '' )  SURFACE ( )  );
#2602 = CARTESIAN_POINT ( 'NONE',  ( 3.266464433174221416, 29.00000000000000000, -3.266464433174220527 ) ) ;
#2603 = CARTESIAN_POINT ( 'NONE',  ( 2.279064564105349078, 6.000000000000000000, 4.400384907664990131 ) ) ;
#2604 = ORIENTED_EDGE ( 'NONE', *, *, #3102, .F. ) ;
#2605 = LINE ( 'NONE', #1910, #3436 ) ;
#2606 = DIRECTION ( 'NONE',  ( -0.7071067811865452413, 1.531342102931251612E-17, -0.7071067811865497932 ) ) ;
#2607 = CARTESIAN_POINT ( 'NONE',  ( 0.000000000000000000, 20.00000000000000000, 0.000000000000000000 ) ) ;
#2608 = EDGE_CURVE ( 'NONE', #822, #1558, #3665, .T. ) ;
#2609 = TOROIDAL_SURFACE ( 'NONE', #6822, 0.1299999999999999767, 0.02000000000000000042 ) ;
#2610 = MECHANICAL_DESIGN_GEOMETRIC_PRESENTATION_REPRESENTATION (  '', ( #6018 ), #4379 ) ;
#2611 = CARTESIAN_POINT ( 'NONE',  ( 1.379999999999999671, 12.48000000000000043, -4.343903740188082452 ) ) ;
#2612 = CIRCLE ( 'NONE', #6713, 5.000000000000000000 ) ;
#2613 = ORIENTED_EDGE ( 'NONE', *, *, #4686, .F. ) ;
#2614 = VERTEX_POINT ( 'NONE', #6484 ) ;
#2615 = CIRCLE ( 'NONE', #3204, 0.1700000000000000122 ) ;
#2616 = CARTESIAN_POINT ( 'NONE',  ( -3.532332510810050952, 22.00339468623284134, 1.749158939328925078 ) ) ;
#2617 = CARTESIAN_POINT ( 'NONE',  ( 3.532332510810047843, 0.000000000000000000, -3.532332510810048287 ) ) ;
#2618 = VERTEX_POINT ( 'NONE', #3150 ) ;
#2619 = CARTESIAN_POINT ( 'NONE',  ( 9.368548013477252244E-16, -1.999999999999999112, -7.650000000000000355 ) ) ;
#2620 = ORIENTED_EDGE ( 'NONE', *, *, #12, .F. ) ;
#2621 = CARTESIAN_POINT ( 'NONE',  ( 0.6006694245310010283, 20.15907585312045569, 6.443436020579608403 ) ) ;
#2622 = LINE ( 'NONE', #833, #239 ) ;
#2623 = DIRECTION ( 'NONE',  ( 0.000000000000000000, 1.000000000000000000, 0.000000000000000000 ) ) ;
#2624 = CARTESIAN_POINT ( 'NONE',  ( -1.380000000000000115, 11.43165542625050612, -5.400000000000000355 ) ) ;
#2625 = AXIS2_PLACEMENT_3D ( 'NONE', #7171, #2667, #6694 ) ;
#2626 = CARTESIAN_POINT ( 'NONE',  ( -0.8916237326291245324, 20.36767094357129793, 3.532332510810049619 ) ) ;
#2627 = B_SPLINE_CURVE_WITH_KNOTS ( 'NONE', 3,
 ( #987, #6497, #7005, #1575 ),
 .UNSPECIFIED., .F., .F.,
 ( 4, 4 ),
 ( 0.000000000000000000, 1.000000000000000000 ),
 .UNSPECIFIED. ) ;
#2628 = DIRECTION ( 'NONE',  ( -0.7071067811865477948, 0.000000000000000000, -0.7071067811865473507 ) ) ;
#2629 = ADVANCED_FACE ( 'NONE', ( #6952 ), #4269, .T. ) ;
#2630 = CARTESIAN_POINT ( 'NONE',  ( -3.379234995115214524, 19.99999999999999645, -1.854166666666667407 ) ) ;
#2631 = CARTESIAN_POINT ( 'NONE',  ( -6.443052370227398740, 21.25949735547612818, 1.511461233505796642 ) ) ;
#2632 = EDGE_LOOP ( 'NONE', ( #2021, #4316, #652, #6824 ) ) ;
#2633 = DIRECTION ( 'NONE',  ( 0.000000000000000000, 0.000000000000000000, 1.000000000000000000 ) ) ;
#2634 = ORIENTED_EDGE ( 'NONE', *, *, #898, .T. ) ;
#2635 = CARTESIAN_POINT ( 'NONE',  ( 1.854166666666501317, 22.99999999999999645, 6.747380340403940302 ) ) ;
#2636 = AXIS2_PLACEMENT_3D ( 'NONE', #6488, #1458, #3710 ) ;
#2637 = EDGE_CURVE ( 'NONE', #5368, #4586, #5903, .T. ) ;
#2638 = AXIS2_PLACEMENT_3D ( 'NONE', #1864, #6342, #3005 ) ;
#2639 = CARTESIAN_POINT ( 'NONE',  ( 7.898971854500429678E-16, 20.00000000000000000, 6.450000000000001066 ) ) ;
#2640 = AXIS2_PLACEMENT_3D ( 'NONE', #855, #6323, #2540 ) ;
#2641 = LINE ( 'NONE', #2603, #4413 ) ;
#2642 = EDGE_CURVE ( 'NONE', #6168, #6643, #6367, .T. ) ;
#2643 = ORIENTED_EDGE ( 'NONE', *, *, #6503, .F. ) ;
#2644 = LINE ( 'NONE', #7153, #3823 ) ;
#2645 = VECTOR ( 'NONE', #2505, 1000.000000000000000 ) ;
#2646 = CARTESIAN_POINT ( 'NONE',  ( 3.266464433174222304, 29.00000000000000000, 3.266464433174222304 ) ) ;
#2647 = ORIENTED_EDGE ( 'NONE', *, *, #126, .F. ) ;
#2648 = ADVANCED_FACE ( 'NONE', ( #6414 ), #2601, .T. ) ;
#2649 = ADVANCED_FACE ( 'NONE', ( #2552 ), #4807, .F. ) ;
#2650 = DIRECTION ( 'NONE',  ( 7.024285468436517745E-17, -0.8191520442889931308, 0.5735764363510441610 ) ) ;
#2651 = VECTOR ( 'NONE', #3617, 1000.000000000000000 ) ;
#2652 = CARTESIAN_POINT ( 'NONE',  ( -3.379234995115104834, 19.99999999999999645, 0.004166666666666607628 ) ) ;
#2653 = EDGE_LOOP ( 'NONE', ( #1242, #4925, #6939, #5751 ) ) ;
#2654 = AXIS2_PLACEMENT_3D ( 'NONE', #6885, #6998, #3524 ) ;
#2655 = EDGE_CURVE ( 'NONE', #7148, #1253, #45, .T. ) ;
#2656 = CARTESIAN_POINT ( 'NONE',  ( -1.393823247546297939, 6.500000000000000000, -0.8140959846906093977 ) ) ;
#2657 = AXIS2_PLACEMENT_3D ( 'NONE', #3335, #2743, #4441 ) ;
#2658 = AXIS2_PLACEMENT_3D ( 'NONE', #4874, #5383, #357 ) ;
#2659 = CARTESIAN_POINT ( 'NONE',  ( -0.3401806712187879222, 20.04859121525554144, -3.532332510810048287 ) ) ;
#2660 = ORIENTED_EDGE ( 'NONE', *, *, #7000, .F. ) ;
#2661 = AXIS2_PLACEMENT_3D ( 'NONE', #2799, #3431, #6930 ) ;
#2662 = DIRECTION ( 'NONE',  ( 1.000000000000000000, 2.168404344971008252E-17, 8.673617379884035472E-17 ) ) ;
#2663 = VERTEX_POINT ( 'NONE', #2005 ) ;
#2664 = CARTESIAN_POINT ( 'NONE',  ( 1.462874948718787094, 21.15482586975310753, 6.439916305817049214 ) ) ;
#2665 = LINE ( 'NONE', #3072, #5158 ) ;
#2666 = CARTESIAN_POINT ( 'NONE',  ( -2.915460667173294773, 4.909999999999999254, 5.036781010732853225 ) ) ;
#2667 = DIRECTION ( 'NONE',  ( 0.000000000000000000, -1.000000000000000000, 0.000000000000000000 ) ) ;
#2668 = DIRECTION ( 'NONE',  ( 0.000000000000000000, 0.000000000000000000, -1.000000000000000000 ) ) ;
#2669 = DIRECTION ( 'NONE',  ( 0.000000000000000000, -0.000000000000000000, 1.000000000000000000 ) ) ;
#2670 = ORIENTED_EDGE ( 'NONE', *, *, #3316, .F. ) ;
#2671 = DIRECTION ( 'NONE',  ( 0.000000000000000000, 0.000000000000000000, -1.000000000000000000 ) ) ;
#2672 = DIRECTION ( 'NONE',  ( -1.000000000000000000, -2.168404344971008252E-17, 8.673617379884035472E-17 ) ) ;
#2673 = ORIENTED_EDGE ( 'NONE', *, *, #1256, .T. ) ;
#2674 = DIRECTION ( 'NONE',  ( 1.000000000000000000, 0.000000000000000000, 0.000000000000000000 ) ) ;
#2675 = EDGE_LOOP ( 'NONE', ( #2806, #886, #2040, #5900 ) ) ;
#2676 = DIRECTION ( 'NONE',  ( -1.000000000000000000, -0.000000000000000000, -0.000000000000000000 ) ) ;
#2677 = CARTESIAN_POINT ( 'NONE',  ( -1.399999999999999245, 2.790441948979337283, -2.426471259982029949 ) ) ;
#2678 = CARTESIAN_POINT ( 'NONE',  ( 1.390180519077590882, 6.500000000000000000, 0.8009322421621057897 ) ) ;
#2679 = ORIENTED_EDGE ( 'NONE', *, *, #2230, .F. ) ;
#2680 = FACE_OUTER_BOUND ( 'NONE', #959, .T. ) ;
#2681 = CARTESIAN_POINT ( 'NONE',  ( -0.8201341201394425351, 20.30493948166104090, -6.438955303430018873 ) ) ;
#2682 = CARTESIAN_POINT ( 'NONE',  ( 9.368548013477252244E-16, 8.000000000000000000, 7.650000000000000355 ) ) ;
#2683 = CYLINDRICAL_SURFACE ( 'NONE', #1584, 8.750000000000001776 ) ;
#2684 = ADVANCED_FACE ( 'NONE', ( #1455 ), #3916, .T. ) ;
#2685 = EDGE_CURVE ( 'NONE', #5339, #6890, #5084, .T. ) ;
#2686 = EDGE_CURVE ( 'NONE', #6501, #5251, #1683, .T. ) ;
#2687 = ORIENTED_EDGE ( 'NONE', *, *, #4237, .T. ) ;
#2688 = CARTESIAN_POINT ( 'NONE',  ( -3.532332510810049175, 22.02553388946869362, 1.753896058129525537 ) ) ;
#2689 = AXIS2_PLACEMENT_3D ( 'NONE', #6554, #3705, #288 ) ;
#2690 = ADVANCED_FACE ( 'NONE', ( #971 ), #5441, .F. ) ;
#2691 = CARTESIAN_POINT ( 'NONE',  ( -1.432494234453368875, 21.09331694821755221, -3.532332510810048731 ) ) ;
#2692 = ORIENTED_EDGE ( 'NONE', *, *, #3317, .F. ) ;
#2693 = CARTESIAN_POINT ( 'NONE',  ( 1.399999999999999689, 11.43165542625050612, -5.400000000000000355 ) ) ;
#2694 = ORIENTED_EDGE ( 'NONE', *, *, #6283, .T. ) ;
#2695 = CARTESIAN_POINT ( 'NONE',  ( 0.1648176984344701945, 19.99999999999999645, 6.449894874419358715 ) ) ;
#2696 = CARTESIAN_POINT ( 'NONE',  ( 3.532332510810047843, 28.99999999999999645, -1.854166666666667407 ) ) ;
#2697 = DIRECTION ( 'NONE',  ( 0.000000000000000000, -0.1643989873053274264, -0.9863939238321487446 ) ) ;
#2698 = CARTESIAN_POINT ( 'NONE',  ( 1.010333609296567339E-15, 10.00000000000000000, 8.250000000000007105 ) ) ;
#2699 = EDGE_CURVE ( 'NONE', #4586, #3783, #399, .T. ) ;
#2700 = CARTESIAN_POINT ( 'NONE',  ( -0.1644078365536712216, 19.99999999999999289, 3.532332510810048731 ) ) ;
#2701 = TOROIDAL_SURFACE ( 'NONE', #829, 0.1699999999999999845, 0.02000000000000000042 ) ;
#2702 = DIRECTION ( 'NONE',  ( -0.000000000000000000, 1.000000000000000000, -0.000000000000000000 ) ) ;
#2703 = ORIENTED_EDGE ( 'NONE', *, *, #5289, .F. ) ;
#2704 = CARTESIAN_POINT ( 'NONE',  ( -5.624665225306116234, 19.99999999999999645, -1.854166666666667407 ) ) ;
#2705 = EDGE_LOOP ( 'NONE', ( #1076, #2861, #6710, #1795 ) ) ;
#2706 = CARTESIAN_POINT ( 'NONE',  ( 0.000000000000000000, 1.499999999999999556, -7.049999999999998046 ) ) ;
#2707 = LINE ( 'NONE', #517, #5162 ) ;
#2708 = FACE_BOUND ( 'NONE', #5877, .T. ) ;
#2709 = AXIS2_PLACEMENT_3D ( 'NONE', #3083, #1505, #6455 ) ;
#2710 = FACE_OUTER_BOUND ( 'NONE', #1550, .T. ) ;
#2711 = VERTEX_POINT ( 'NONE', #2735 ) ;
#2712 = LINE ( 'NONE', #5477, #6627 ) ;
#2713 = CARTESIAN_POINT ( 'NONE',  ( 7.171856393899841642, 3.000000000000000000, 2.663767322733572751 ) ) ;
#2714 = EDGE_LOOP ( 'NONE', ( #1967, #3283, #3032, #2205 ) ) ;
#2715 = DIRECTION ( 'NONE',  ( 1.000000000000000000, 2.168404344971008252E-17, -8.673617379884035472E-17 ) ) ;
#2716 = CARTESIAN_POINT ( 'NONE',  ( 1.399999999999999689, 11.43165542625050612, -5.530000000000000249 ) ) ;
#2717 = ORIENTED_EDGE ( 'NONE', *, *, #6137, .F. ) ;
#2718 = CARTESIAN_POINT ( 'NONE',  ( 2.312024219028203653, 5.951057409446828039, -4.433344562587824278 ) ) ;
#2719 = B_SPLINE_CURVE_WITH_KNOTS ( 'NONE', 3,
 ( #5508, #2564, #4819, #6778 ),
 .UNSPECIFIED., .F., .F.,
 ( 4, 4 ),
 ( 0.000000000000000000, 1.000000000000000000 ),
 .UNSPECIFIED. ) ;
#2720 = ORIENTED_EDGE ( 'NONE', *, *, #682, .T. ) ;
#2721 = EDGE_CURVE ( 'NONE', #6984, #3783, #4980, .T. ) ;
#2722 = B_SPLINE_CURVE_WITH_KNOTS ( 'NONE', 3,
 ( #3746, #1534, #7111, #2120, #4257, #295, #6012, #945, #4885, #4332, #7145, #980, #6491, #840, #2012, #4221, #1461, #3156, #6451, #1426, #3118, #2558, #4813, #7032, #5394, #368, #1805, #4050, #5187, #1846, #6244, #3535, #3426, #3020 ),
 .UNSPECIFIED., .F., .F.,
 ( 4, 1, 1, 2, 2, 1, 1, 1, 2, 2, 2, 1, 1, 1, 2, 2, 2, 1, 1, 2, 2, 4 ),
 ( 0.000000000000000000, 0.06249999999999755751, 0.09374999999999604483, 0.1093749999999956979, 0.1249999999999953648, 0.1874999999999962530, 0.2187499999999967248, 0.2343749999999961420, 0.2421874999999958089, 0.2499999999999955036, 0.3749999999999912292, 0.4374999999999890643, 0.4687499999999879541, 0.4843749999999862887, 0.4921874999999843459, 0.4999999999999824585, 0.6249999999999857891, 0.6874999999999874545, 0.7187499999999883427, 0.7343749999999874545, 0.7499999999999866773, 1.000000000000000000 ),
 .UNSPECIFIED. ) ;
#2723 = CARTESIAN_POINT ( 'NONE',  ( -3.532332510810049175, 22.35476295611252695, 1.822080071934781609 ) ) ;
#2724 = VECTOR ( 'NONE', #6028, 1000.000000000000000 ) ;
#2725 = ORIENTED_EDGE ( 'NONE', *, *, #2853, .T. ) ;
#2726 = VECTOR ( 'NONE', #4698, 1000.000000000000114 ) ;
#2727 = CARTESIAN_POINT ( 'NONE',  ( -1.519688991228684838, 21.27054235257538650, -3.532332510810049175 ) ) ;
#2728 = VERTEX_POINT ( 'NONE', #2112 ) ;
#2729 =( NAMED_UNIT ( * ) SI_UNIT ( $, .STERADIAN. ) SOLID_ANGLE_UNIT ( ) );
#2731 = ORIENTED_EDGE ( 'NONE', *, *, #1291, .F. ) ;
#2730 = ADVANCED_FACE ( 'NONE', ( #3774 ), #5019, .F. ) ;
#2732 = CARTESIAN_POINT ( 'NONE',  ( 0.9124905508455790626, 20.38644709989189963, 6.437177341521878482 ) ) ;
#2733 = VECTOR ( 'NONE', #3761, 1000.000000000000000 ) ;
#2734 = FACE_OUTER_BOUND ( 'NONE', #613, .T. ) ;
#2735 = CARTESIAN_POINT ( 'NONE',  ( -3.405877273185284881, 6.500000000000000000, -6.849999999999998757 ) ) ;
#2736 = DIRECTION ( 'NONE',  ( 0.000000000000000000, 0.000000000000000000, 1.000000000000000000 ) ) ;
#2737 = EDGE_CURVE ( 'NONE', #2578, #6923, #1495, .T. ) ;
#2738 = CARTESIAN_POINT ( 'NONE',  ( 0.004166666666499934529, 20.00000000000000000, -3.532332510810048287 ) ) ;
#2739 = CARTESIAN_POINT ( 'NONE',  ( -4.871246803257019309, 8.000000000000001776, 2.263182533822205134 ) ) ;
#2740 = ORIENTED_EDGE ( 'NONE', *, *, #6496, .T. ) ;
#2741 = CARTESIAN_POINT ( 'NONE',  ( 0.000000000000000000, -1.999999999999999112, 0.000000000000000000 ) ) ;
#2742 = ORIENTED_EDGE ( 'NONE', *, *, #5391, .F. ) ;
#2743 = DIRECTION ( 'NONE',  ( -0.7071067811865451302, 0.000000000000000000, -0.7071067811865500152 ) ) ;
#2744 = FACE_OUTER_BOUND ( 'NONE', #2852, .T. ) ;
#2745 = PLANE ( 'NONE',  #1067 ) ;
#2746 = AXIS2_PLACEMENT_3D ( 'NONE', #4950, #476, #3328 ) ;
#2747 = CARTESIAN_POINT ( 'NONE',  ( -1.379999999999999671, 12.48000000000000220, 1.196959198423996649E-16 ) ) ;
#2748 = ORIENTED_EDGE ( 'NONE', *, *, #2495, .T. ) ;
#2749 = LINE ( 'NONE', #4997, #998 ) ;
#2750 = CARTESIAN_POINT ( 'NONE',  ( -7.421897733883310089, 28.99999999999999645, 1.854166666666667851 ) ) ;
#2751 = AXIS2_PLACEMENT_3D ( 'NONE', #3262, #4412, #6197 ) ;
#2752 = VERTEX_POINT ( 'NONE', #939 ) ;
#2753 = CARTESIAN_POINT ( 'NONE',  ( -5.477443273054880102, 19.99999999999999645, 0.004166666666667183556 ) ) ;
#2754 = VERTEX_POINT ( 'NONE', #436 ) ;
#2755 = CARTESIAN_POINT ( 'NONE',  ( 1.379999999999999671, 0.000000000000000000, -5.530000000000000249 ) ) ;
#2756 = CONICAL_SURFACE ( 'NONE', #6157, 6.450000000000001066, 0.1325515322966740184 ) ;
#2757 = CARTESIAN_POINT ( 'NONE',  ( 3.226782805549681221, 5.626078208432424788, 3.956290731841334285 ) ) ;
#2758 = AXIS2_PLACEMENT_3D ( 'NONE', #3319, #6178, #1699 ) ;
#2759 = VERTEX_POINT ( 'NONE', #5533 ) ;
#2760 = FILL_AREA_STYLE ('',( #1140 ) ) ;
#2761 = AXIS2_PLACEMENT_3D ( 'NONE', #3265, #524, #5375 ) ;
#2762 = AXIS2_PLACEMENT_3D ( 'NONE', #5503, #3186, #7110 ) ;
#2763 = PLANE ( 'NONE',  #6856 ) ;
#2764 = ORIENTED_EDGE ( 'NONE', *, *, #6757, .F. ) ;
#2765 = ORIENTED_EDGE ( 'NONE', *, *, #5701, .T. ) ;
#2766 = CARTESIAN_POINT ( 'NONE',  ( -6.437841611367526085, 20.35555961700073269, -0.8778117339738188418 ) ) ;
#2767 = DIRECTION ( 'NONE',  ( 0.5120428415488789131, -0.6896551724137937045, 0.5120428415488786911 ) ) ;
#2768 = CARTESIAN_POINT ( 'NONE',  ( 3.405877273185284881, 1.499999999999999556, -6.849999999999998757 ) ) ;
#2769 = AXIS2_PLACEMENT_3D ( 'NONE', #1144, #5670, #5598 ) ;
#2770 = CARTESIAN_POINT ( 'NONE',  ( 0.000000000000000000, 10.00000000000000000, -6.750000000000000000 ) ) ;
#2771 = EDGE_CURVE ( 'NONE', #813, #3844, #7061, .T. ) ;
#2772 = CARTESIAN_POINT ( 'NONE',  ( 1.379999999999999671, 0.000000000000000000, -5.549999999999999822 ) ) ;
#2773 = AXIS2_PLACEMENT_3D ( 'NONE', #5214, #2929, #4110 ) ;
#2774 = DIRECTION ( 'NONE',  ( 0.000000000000000000, 0.000000000000000000, -1.000000000000000000 ) ) ;
#2775 = ORIENTED_EDGE ( 'NONE', *, *, #6640, .F. ) ;
#2776 = DIRECTION ( 'NONE',  ( 1.000000000000000000, 2.168404344971008252E-17, 8.673617379884035472E-17 ) ) ;
#2777 = EDGE_CURVE ( 'NONE', #354, #2388, #7102, .T. ) ;
#2778 = VERTEX_POINT ( 'NONE', #4326 ) ;
#2779 = CARTESIAN_POINT ( 'NONE',  ( -7.284988917792943219, 3.116491533522731672, -2.334875965827334365 ) ) ;
#2780 = DIRECTION ( 'NONE',  ( -1.227746447048803788E-16, 0.000000000000000000, -1.000000000000000000 ) ) ;
#2781 = CARTESIAN_POINT ( 'NONE',  ( 4.934344465946484348, 8.000000000000000000, 4.751288740056039295 ) ) ;
#2782 = ADVANCED_FACE ( 'NONE', ( #6555 ), #6829, .T. ) ;
#2783 = CARTESIAN_POINT ( 'NONE',  ( 3.532332510810048287, 20.00000000000000000, 0.004166666666666150529 ) ) ;
#2784 = EDGE_CURVE ( 'NONE', #3209, #326, #2612, .T. ) ;
#2785 = CARTESIAN_POINT ( 'NONE',  ( 1.379999999999999671, 11.54484625457503277, -5.498426807238717018 ) ) ;
#2786 = DIRECTION ( 'NONE',  ( -0.000000000000000000, 1.000000000000000000, 0.000000000000000000 ) ) ;
#2787 = ORIENTED_EDGE ( 'NONE', *, *, #6720, .T. ) ;
#2788 = DIRECTION ( 'NONE',  ( 0.6936187941687647074, 0.000000000000000000, -0.7203422578024066825 ) ) ;
#2789 = VERTEX_POINT ( 'NONE', #3286 ) ;
#2790 = CARTESIAN_POINT ( 'NONE',  ( -0.8927983040260696335, 20.36871311676794605, -6.437552247912882386 ) ) ;
#2791 = EDGE_CURVE ( 'NONE', #3402, #991, #4852, .T. ) ;
#2792 = DIRECTION ( 'NONE',  ( 0.000000000000000000, 0.000000000000000000, 1.000000000000000000 ) ) ;
#2793 = ORIENTED_EDGE ( 'NONE', *, *, #1386, .T. ) ;
#2794 = CARTESIAN_POINT ( 'NONE',  ( -1.400000000000000133, 9.768344573749498494, 5.400000000000000355 ) ) ;
#2795 = FACE_OUTER_BOUND ( 'NONE', #6531, .T. ) ;
#2796 = VERTEX_POINT ( 'NONE', #1047 ) ;
#2797 =( NAMED_UNIT ( * ) SI_UNIT ( $, .STERADIAN. ) SOLID_ANGLE_UNIT ( ) );
#2798 = VERTEX_POINT ( 'NONE', #6589 ) ;
#2799 = CARTESIAN_POINT ( 'NONE',  ( 0.000000000000000000, -1.299999999999985167, 0.000000000000000000 ) ) ;
#2800 = DIRECTION ( 'NONE',  ( -1.000000000000000000, -0.000000000000000000, -0.000000000000000000 ) ) ;
#2801 = CARTESIAN_POINT ( 'NONE',  ( 0.000000000000000000, 0.000000000000000000, -4.400000000000000355 ) ) ;
#2802 = CARTESIAN_POINT ( 'NONE',  ( 3.532332510810048731, 21.19520301140691743, 1.482068639896305662 ) ) ;
#2803 = CARTESIAN_POINT ( 'NONE',  ( -1.379999999999999449, 0.02972972972972962383, 0.1783783783783780552 ) ) ;
#2804 = CIRCLE ( 'NONE', #2689, 0.09999999999999983902 ) ;
#2805 = FACE_OUTER_BOUND ( 'NONE', #3660, .T. ) ;
#2806 = ORIENTED_EDGE ( 'NONE', *, *, #3640, .F. ) ;
#2807 = DIRECTION ( 'NONE',  ( -0.000000000000000000, -1.000000000000000000, -0.000000000000000000 ) ) ;
#2808 = ORIENTED_EDGE ( 'NONE', *, *, #3771, .F. ) ;
#2809 = FACE_OUTER_BOUND ( 'NONE', #4832, .T. ) ;
#2810 = ADVANCED_FACE ( 'NONE', ( #1562 ), #3326, .F. ) ;
#2811 = DIRECTION ( 'NONE',  ( 0.000000000000000000, -0.7546055221635005195, -0.6561787149247915174 ) ) ;
#2812 = CYLINDRICAL_SURFACE ( 'NONE', #7157, 0.5000000000000004441 ) ;
#2813 = EDGE_CURVE ( 'NONE', #3498, #3170, #2031, .T. ) ;
#2814 = DIRECTION ( 'NONE',  ( 8.673617379884035472E-17, 1.880790961315659329E-33, -1.000000000000000000 ) ) ;
#2815 = ADVANCED_FACE ( 'NONE', ( #545 ), #4949, .T. ) ;
#2816 = EDGE_CURVE ( 'NONE', #3715, #2433, #4143, .T. ) ;
#2817 = DIRECTION ( 'NONE',  ( 0.000000000000000000, 1.000000000000000000, 0.000000000000000000 ) ) ;
#2818 = PLANE ( 'NONE',  #5935 ) ;
#2819 = ORIENTED_EDGE ( 'NONE', *, *, #3398, .T. ) ;
#2820 = DIRECTION ( 'NONE',  ( -3.741315907929849585E-17, 0.000000000000000000, 1.000000000000000000 ) ) ;
#2821 = ORIENTED_EDGE ( 'NONE', *, *, #4009, .F. ) ;
#2822 = AXIS2_PLACEMENT_3D ( 'NONE', #5805, #667, #2309 ) ;
#2823 = DIRECTION ( 'NONE',  ( 0.000000000000000000, 0.000000000000000000, -1.000000000000000000 ) ) ;
#2824 = EDGE_CURVE ( 'NONE', #3389, #4567, #861, .T. ) ;
#2825 = SHAPE_DEFINITION_REPRESENTATION ( #1649, #4584 ) ;
#2826 = CARTESIAN_POINT ( 'NONE',  ( -4.501950110211369704, 22.99999999999999645, 1.854166666666666963 ) ) ;
#2827 = ORIENTED_EDGE ( 'NONE', *, *, #5644, .F. ) ;
#2828 = ADVANCED_FACE ( 'NONE', ( #4060 ), #1185, .F. ) ;
#2829 = CARTESIAN_POINT ( 'NONE',  ( 0.000000000000000000, 9.500000000000005329, -8.750000000000001776 ) ) ;
#2830 = CARTESIAN_POINT ( 'NONE',  ( -0.7687261305312642623, 20.26699767635934180, -3.532332510810048287 ) ) ;
#2831 = ORIENTED_EDGE ( 'NONE', *, *, #4453, .T. ) ;
#2832 = ORIENTED_EDGE ( 'NONE', *, *, #352, .T. ) ;
#2833 = CARTESIAN_POINT ( 'NONE',  ( -6.439203257500743405, 21.12803859107789606, -1.449836489328834910 ) ) ;
#2834 = DIRECTION ( 'NONE',  ( -0.000000000000000000, 1.000000000000000000, -0.000000000000000000 ) ) ;
#2835 = CARTESIAN_POINT ( 'NONE',  ( -1.399999999999999911, 6.649999999999999467, -4.549999999999999822 ) ) ;
#2836 = DIRECTION ( 'NONE',  ( -0.000000000000000000, 1.000000000000000000, -0.000000000000000000 ) ) ;
#2837 = STYLED_ITEM ( 'NONE', ( #380 ), #771 ) ;
#2838 = DIRECTION ( 'NONE',  ( 0.000000000000000000, 2.040851148208008235E-14, -1.000000000000000000 ) ) ;
#2839 = ORIENTED_EDGE ( 'NONE', *, *, #2608, .T. ) ;
#2840 = VECTOR ( 'NONE', #5747, 1000.000000000000000 ) ;
#2841 = DIRECTION ( 'NONE',  ( 0.000000000000000000, 1.000000000000000000, 0.000000000000000000 ) ) ;
#2842 = ORIENTED_EDGE ( 'NONE', *, *, #2721, .F. ) ;
#2843 = CARTESIAN_POINT ( 'NONE',  ( -2.435362535369392845, 3.200000000000000178, 7.252000366886310445 ) ) ;
#2844 = ORIENTED_EDGE ( 'NONE', *, *, #4675, .T. ) ;
#2845 = DIRECTION ( 'NONE',  ( 0.000000000000000000, 0.000000000000000000, 1.000000000000000000 ) ) ;
#2846 = FACE_OUTER_BOUND ( 'NONE', #931, .T. ) ;
#2847 = CIRCLE ( 'NONE', #6948, 0.1499999999999999667 ) ;
#2848 = EDGE_CURVE ( 'NONE', #3722, #4065, #163, .T. ) ;
#2849 = CARTESIAN_POINT ( 'NONE',  ( -3.266464433174220527, 0.000000000000000000, 3.266464433174222304 ) ) ;
#2850 = CARTESIAN_POINT ( 'NONE',  ( -1.379999999999999893, 8.744846254575030287, 4.451573192761281383 ) ) ;
#2851 = CARTESIAN_POINT ( 'NONE',  ( 5.087985294887781507, 3.021034482758619522, -2.966664951328112476 ) ) ;
#2852 = EDGE_LOOP ( 'NONE', ( #416, #1835, #4509, #5753 ) ) ;
#2853 = EDGE_CURVE ( 'NONE', #4507, #2427, #394, .T. ) ;
#2854 = VERTEX_POINT ( 'NONE', #608 ) ;
#2855 = CARTESIAN_POINT ( 'NONE',  ( 4.934344465946484348, 3.000000000000000000, 4.751288740056039295 ) ) ;
#2856 = EDGE_LOOP ( 'NONE', ( #2543, #719, #3874, #5512, #7228, #702, #5875, #1371, #503, #6366 ) ) ;
#2857 = ITEM_DEFINED_TRANSFORMATION ( 'NONE', 'NONE', #5128,  #5484 ) ;
#2858 = CIRCLE ( 'NONE', #2056, 5.000000000000000000 ) ;
#2859 = EDGE_CURVE ( 'NONE', #2910, #3320, #5050, .T. ) ;
#2860 = CARTESIAN_POINT ( 'NONE',  ( 2.279064564105362400, 6.000000000000000000, -4.400384907664983025 ) ) ;
#2861 = ORIENTED_EDGE ( 'NONE', *, *, #4783, .F. ) ;
#2862 = ORIENTED_EDGE ( 'NONE', *, *, #1644, .T. ) ;
#2863 = CARTESIAN_POINT ( 'NONE',  ( 1.379999999999999671, 12.44809871788125477, 4.429206973128303915 ) ) ;
#2864 = DIRECTION ( 'NONE',  ( -3.564834783817703950E-17, 0.9863939238321437486, 0.1643989873053572637 ) ) ;
#2865 = VECTOR ( 'NONE', #5916, 1000.000000000000000 ) ;
#2866 = AXIS2_PLACEMENT_3D ( 'NONE', #3038, #2628, #3814 ) ;
#2867 = AXIS2_PLACEMENT_3D ( 'NONE', #44, #6241, #2204 ) ;
#2868 = EDGE_CURVE ( 'NONE', #2893, #5780, #1148, .T. ) ;
#2869 = CARTESIAN_POINT ( 'NONE',  ( -4.500000000000000000, 1.500000000000000444, 0.000000000000000000 ) ) ;
#2870 = ORIENTED_EDGE ( 'NONE', *, *, #5567, .F. ) ;
#2871 = ORIENTED_EDGE ( 'NONE', *, *, #6841, .F. ) ;
#2872 = CARTESIAN_POINT ( 'NONE',  ( -6.438021346877457418, 20.34759089945879040, -0.8685912446755787997 ) ) ;
#2873 = AXIS2_PLACEMENT_3D ( 'NONE', #1449, #3699, #388 ) ;
#2874 = CARTESIAN_POINT ( 'NONE',  ( -6.551605359330157974, 22.67544068171959637, 1.846101525230491314 ) ) ;
#2875 = DIRECTION ( 'NONE',  ( -1.000000000000000000, -0.000000000000000000, -0.000000000000000000 ) ) ;
#2876 = CARTESIAN_POINT ( 'NONE',  ( 3.532332510810049175, 21.16916132559190800, 1.469733070299508837 ) ) ;
#2877 = AXIS2_PLACEMENT_3D ( 'NONE', #3781, #2671, #7176 ) ;
#2878 = AXIS2_PLACEMENT_3D ( 'NONE', #91, #6937, #3024 ) ;
#2879 = LINE ( 'NONE', #648, #4877 ) ;
#2880 = ORIENTED_EDGE ( 'NONE', *, *, #3675, .F. ) ;
#2881 = FACE_OUTER_BOUND ( 'NONE', #1783, .T. ) ;
#2882 = ORIENTED_EDGE ( 'NONE', *, *, #1799, .F. ) ;
#2883 = DIRECTION ( 'NONE',  ( 0.000000000000000000, 0.000000000000000000, 1.000000000000000000 ) ) ;
#2884 = CIRCLE ( 'NONE', #6170, 0.02000000000000005246 ) ;
#2885 = CARTESIAN_POINT ( 'NONE',  ( -1.854166666666499097, 19.99999999999999645, -3.379234995115098616 ) ) ;
#2886 = LINE ( 'NONE', #2367, #5789 ) ;
#2887 = CARTESIAN_POINT ( 'NONE',  ( 0.000000000000000000, 8.000000000000000000, 0.000000000000000000 ) ) ;
#2888 = AXIS2_PLACEMENT_3D ( 'NONE', #6808, #28, #1821 ) ;
#2889 = ADVANCED_FACE ( 'NONE', ( #2582 ), #604, .T. ) ;
#2890 = CARTESIAN_POINT ( 'NONE',  ( -1.444204410566884089, 21.11664093506590945, 6.438911852837524208 ) ) ;
#2891 = DIRECTION ( 'NONE',  ( 0.000000000000000000, 0.000000000000000000, 1.000000000000000000 ) ) ;
#2892 = CARTESIAN_POINT ( 'NONE',  ( 3.379234995115104834, 19.99999999999999645, -1.854166666666667407 ) ) ;
#2893 = VERTEX_POINT ( 'NONE', #1813 ) ;
#2894 = FACE_OUTER_BOUND ( 'NONE', #3259, .T. ) ;
#2895 = TOROIDAL_SURFACE ( 'NONE', #6995, 0.1299999999999999767, 0.02000000000000000042 ) ;
#2896 = EDGE_LOOP ( 'NONE', ( #5489, #6850, #895, #5811, #3913 ) ) ;
#2897 = DIRECTION ( 'NONE',  ( -0.7071067811865475727, -3.056747976430751789E-16, 0.7071067811865475727 ) ) ;
#2898 = ORIENTED_EDGE ( 'NONE', *, *, #4936, .T. ) ;
#2899 = CONTEXT_DEPENDENT_SHAPE_REPRESENTATION ( #3880, #2515 ) ;
#2900 = CARTESIAN_POINT ( 'NONE',  ( -3.379234995115104390, 22.99999999999999645, 1.854166666666666741 ) ) ;
#2901 = VERTEX_POINT ( 'NONE', #3475 ) ;
#2902 = EDGE_LOOP ( 'NONE', ( #6250, #111, #6861, #1868 ) ) ;
#2903 = CARTESIAN_POINT ( 'NONE',  ( 1.399999999999999689, 8.759938365018300033, 4.438449618462785295 ) ) ;
#2904 = FILL_AREA_STYLE_COLOUR ( '', #398 ) ;
#2905 = EDGE_CURVE ( 'NONE', #5575, #649, #1668, .T. ) ;
#2906 = ADVANCED_FACE ( 'NONE', ( #710 ), #6144, .F. ) ;
#2907 = CARTESIAN_POINT ( 'NONE',  ( 4.985102807365161759, 3.000000000000000000, -4.985102807365159983 ) ) ;
#2908 = ORIENTED_EDGE ( 'NONE', *, *, #6865, .F. ) ;
#2909 = DIRECTION ( 'NONE',  ( -0.7071067811865487940, 6.982962677686266711E-15, -0.7071067811865463515 ) ) ;
#2910 = VERTEX_POINT ( 'NONE', #2946 ) ;
#2911 = CARTESIAN_POINT ( 'NONE',  ( -6.433689516478380277, 20.76692192575793072, -1.241722490804938239 ) ) ;
#2912 = DIRECTION ( 'NONE',  ( -1.000000000000000000, 0.000000000000000000, -0.000000000000000000 ) ) ;
#2913 = ADVANCED_FACE ( 'NONE', ( #4612 ), #1115, .F. ) ;
#2914 = CARTESIAN_POINT ( 'NONE',  ( -2.312024219028235184, 5.951057409446828039, 4.433344562587808291 ) ) ;
#2915 = DIRECTION ( 'NONE',  ( 1.000000000000000000, -0.000000000000000000, -0.000000000000000000 ) ) ;
#2916 = EDGE_LOOP ( 'NONE', ( #5447, #7007, #6163, #730 ) ) ;
#2917 = CARTESIAN_POINT ( 'NONE',  ( -7.085102807365159627, 3.000000000000000000, 2.885102807365165223 ) ) ;
#2918 = ORIENTED_EDGE ( 'NONE', *, *, #3160, .T. ) ;
#2919 = CARTESIAN_POINT ( 'NONE',  ( -2.885102807365160338, 3.000000000000000000, 7.085102807365162292 ) ) ;
#2920 = DIRECTION ( 'NONE',  ( -3.564834783817704567E-17, 0.9863939238321438596, 0.1643989873053572914 ) ) ;
#2921 = DIRECTION ( 'NONE',  ( 0.000000000000000000, 0.000000000000000000, -1.000000000000000000 ) ) ;
#2922 = DIRECTION ( 'NONE',  ( 1.000000000000000000, 0.000000000000000000, -0.000000000000000000 ) ) ;
#2923 = EDGE_CURVE ( 'NONE', #2752, #7156, #5906, .T. ) ;
#2924 = AXIS2_PLACEMENT_3D ( 'NONE', #1704, #3953, #2324 ) ;
#2925 = CARTESIAN_POINT ( 'NONE',  ( 4.843681451127850757, 3.000000000000000000, -4.843681451127848980 ) ) ;
#2926 = DIRECTION ( 'NONE',  ( 1.000000000000000000, 0.000000000000000000, 0.000000000000000000 ) ) ;
#2927 = DIRECTION ( 'NONE',  ( 0.000000000000000000, 1.000000000000000000, 0.000000000000000000 ) ) ;
#2928 = ORIENTED_EDGE ( 'NONE', *, *, #32, .F. ) ;
#2929 = DIRECTION ( 'NONE',  ( 0.000000000000000000, 1.000000000000000000, -0.000000000000000000 ) ) ;
#2930 = ORIENTED_EDGE ( 'NONE', *, *, #1984, .T. ) ;
#2931 = DIRECTION ( 'NONE',  ( 0.000000000000000000, -0.000000000000000000, 1.000000000000000000 ) ) ;
#2932 = CARTESIAN_POINT ( 'NONE',  ( 0.000000000000000000, -0.2530312966042072564, 0.000000000000000000 ) ) ;
#2933 = FACE_OUTER_BOUND ( 'NONE', #4276, .T. ) ;
#2934 = ORIENTED_EDGE ( 'NONE', *, *, #2239, .T. ) ;
#2935 = VECTOR ( 'NONE', #3899, 1000.000000000000000 ) ;
#2936 = ORIENTED_EDGE ( 'NONE', *, *, #6689, .F. ) ;
#2937 = FACE_OUTER_BOUND ( 'NONE', #3438, .T. ) ;
#2938 = LINE ( 'NONE', #1438, #4141 ) ;
#2939 = CIRCLE ( 'NONE', #7042, 0.02000000000000005246 ) ;
#2940 = LINE ( 'NONE', #2803, #2396 ) ;
#2941 = ADVANCED_FACE ( 'NONE', ( #6766 ), #574, .T. ) ;
#2942 = CARTESIAN_POINT ( 'NONE',  ( -1.400000000000000133, 11.43165542625050435, 5.400000000000000355 ) ) ;
#2943 = ORIENTED_EDGE ( 'NONE', *, *, #4951, .F. ) ;
#2944 = CARTESIAN_POINT ( 'NONE',  ( 0.000000000000000000, 0.000000000000000000, 0.000000000000000000 ) ) ;
#2945 = ORIENTED_EDGE ( 'NONE', *, *, #2385, .T. ) ;
#2946 = CARTESIAN_POINT ( 'NONE',  ( -1.379999999999999893, 12.37465984809580277, 1.879109974682634077 ) ) ;
#2947 = DIRECTION ( 'NONE',  ( 0.000000000000000000, 0.000000000000000000, 1.000000000000000000 ) ) ;
#2948 = DIRECTION ( 'NONE',  ( -0.000000000000000000, 1.000000000000000000, 0.000000000000000000 ) ) ;
#2949 = ORIENTED_EDGE ( 'NONE', *, *, #2161, .T. ) ;
#2950 = LINE ( 'NONE', #245, #1954 ) ;
#2951 = EDGE_LOOP ( 'NONE', ( #4387, #5150, #6299, #2647 ) ) ;
#2952 = DIRECTION ( 'NONE',  ( -0.000000000000000000, 0.000000000000000000, 1.000000000000000000 ) ) ;
#2953 = ADVANCED_FACE ( 'NONE', ( #3986 ), #1705, .F. ) ;
#2954 = FACE_OUTER_BOUND ( 'NONE', #1390, .T. ) ;
#2955 = DIRECTION ( 'NONE',  ( 1.000000000000000000, 2.168404344971008252E-17, -8.673617379884035472E-17 ) ) ;
#2956 = DIRECTION ( 'NONE',  ( 0.000000000000000000, -0.000000000000000000, 1.000000000000000000 ) ) ;
#2957 = AXIS2_PLACEMENT_3D ( 'NONE', #740, #2977, #1989 ) ;
#2958 = AXIS2_PLACEMENT_3D ( 'NONE', #5957, #850, #4233 ) ;
#2959 = AXIS2_PLACEMENT_3D ( 'NONE', #1600, #5975, #3181 ) ;
#2960 = DIRECTION ( 'NONE',  ( 0.000000000000000000, 0.000000000000000000, -1.000000000000000000 ) ) ;
#2961 = EDGE_CURVE ( 'NONE', #6613, #1882, #3797, .T. ) ;
#2962 = CARTESIAN_POINT ( 'NONE',  ( 1.399999999999999689, 6.622052172158088723, -0.9406179037940091137 ) ) ;
#2963 = DIRECTION ( 'NONE',  ( 1.000000000000000000, 0.000000000000000000, -0.000000000000000000 ) ) ;
#2964 = EDGE_CURVE ( 'NONE', #3765, #2728, #5675, .T. ) ;
#2965 = AXIS2_PLACEMENT_3D ( 'NONE', #4053, #1660, #4014 ) ;
#2966 = VERTEX_POINT ( 'NONE', #4021 ) ;
#2967 = CARTESIAN_POINT ( 'NONE',  ( 6.551605359330157086, 22.67544068171959992, -1.846101525230494422 ) ) ;
#2968 = ORIENTED_EDGE ( 'NONE', *, *, #6056, .T. ) ;
#2969 = CARTESIAN_POINT ( 'NONE',  ( 5.087985294887782395, 4.978965517241380034, -2.966664951328113364 ) ) ;
#2970 = VERTEX_POINT ( 'NONE', #6253 ) ;
#2971 = AXIS2_PLACEMENT_3D ( 'NONE', #6739, #2921, #5683 ) ;
#2972 = CARTESIAN_POINT ( 'NONE',  ( -1.380000000000000115, 11.43165542625050612, -5.530000000000000249 ) ) ;
#2973 = CARTESIAN_POINT ( 'NONE',  ( 0.000000000000000000, 29.00000000000000000, 0.000000000000000000 ) ) ;
#2974 = EDGE_LOOP ( 'NONE', ( #2227, #2945, #2498, #1111, #3273, #4260, #2943, #1065 ) ) ;
#2975 = ORIENTED_EDGE ( 'NONE', *, *, #5967, .F. ) ;
#2976 = CARTESIAN_POINT ( 'NONE',  ( -3.532332510810049619, 28.99999999999999645, -3.532332510810048287 ) ) ;
#2977 = DIRECTION ( 'NONE',  ( 0.000000000000000000, 0.000000000000000000, 1.000000000000000000 ) ) ;
#2978 = VECTOR ( 'NONE', #3126, 1000.000000000000114 ) ;
#2979 = B_SPLINE_CURVE_WITH_KNOTS ( 'NONE', 3,
 ( #5463, #873, #5944, #6448, #6558, #911, #5390, #365, #3183, #2591, #4842, #7067, #2048, #4293, #1498, #1565, #3743, #3811, #5977, #941, #3777, #400, #5318, #2626, #4882, #1530, #5604, #1848, #4647, #4505, #6083, #2700, #3289 ),
 .UNSPECIFIED., .F., .F.,
 ( 4, 1, 1, 1, 2, 2, 1, 1, 1, 1, 2, 2, 1, 1, 1, 1, 2, 2, 1, 1, 2, 2, 4 ),
 ( 0.000000000000000000, 0.1249999999999944489, 0.1874999999999916733, 0.2187499999999889255, 0.2343749999999888978, 0.2499999999999888700, 0.3750000000000011102, 0.4375000000000085487, 0.4687500000000109912, 0.4843750000000121569, 0.4921875000000127676, 0.5000000000000134337, 0.6250000000000142109, 0.6875000000000145439, 0.7187500000000146549, 0.7343750000000137668, 0.7421875000000124345, 0.7500000000000111022, 0.8125000000000069944, 0.8437500000000056621, 0.8593750000000044409, 0.8750000000000032196, 1.000000000000000000 ),
 .UNSPECIFIED. ) ;
#2980 = CARTESIAN_POINT ( 'NONE',  ( -1.380000000000000115, 11.52975414413175947, -5.485303232940222706 ) ) ;
#2981 = CARTESIAN_POINT ( 'NONE',  ( 0.000000000000000000, 2.428148006742123943, 0.000000000000000000 ) ) ;
#2982 = ORIENTED_EDGE ( 'NONE', *, *, #6680, .T. ) ;
#2983 = CARTESIAN_POINT ( 'NONE',  ( -5.510928448416052561, -12.43579863144613107, 3.611712022518531739 ) ) ;
#2984 = VERTEX_POINT ( 'NONE', #2356 ) ;
#2985 = VECTOR ( 'NONE', #743, 1000.000000000000227 ) ;
#2986 = CARTESIAN_POINT ( 'NONE',  ( -1.400000000000000133, 9.768344573749500270, -5.530000000000000249 ) ) ;
#2987 = CIRCLE ( 'NONE', #5223, 8.750000000000000000 ) ;
#2988 = CARTESIAN_POINT ( 'NONE',  ( 3.532332510810048731, 21.09331694821755576, -1.432494234453538740 ) ) ;
#2989 = TOROIDAL_SURFACE ( 'NONE', #647, 7.937575314873084764, 0.2000000000000000111 ) ;
#2990 = CARTESIAN_POINT ( 'NONE',  ( -2.571963978632912706, 3.000000000000000000, -7.204686064820227998 ) ) ;
#2991 = ORIENTED_EDGE ( 'NONE', *, *, #2501, .F. ) ;
#2992 = AXIS2_PLACEMENT_3D ( 'NONE', #5439, #2715, #4897 ) ;
#2993 = AXIS2_PLACEMENT_3D ( 'NONE', #1627, #3873, #6139 ) ;
#2994 = CARTESIAN_POINT ( 'NONE',  ( -7.252000366886311333, 3.176175380897988454, 2.435362535369395509 ) ) ;
#2995 = ORIENTED_EDGE ( 'NONE', *, *, #2964, .T. ) ;
#2996 = ADVANCED_BREP_SHAPE_REPRESENTATION ( '', ( #5474, #5484 ), #85 ) ;
#2997 = FACE_OUTER_BOUND ( 'NONE', #6174, .T. ) ;
#2998 = CARTESIAN_POINT ( 'NONE',  ( -1.379999999999999449, 0.02644174998362247911, -0.1586504999017351591 ) ) ;
#2999 = DIRECTION ( 'NONE',  ( 1.000000000000000000, -0.000000000000000000, -0.000000000000000000 ) ) ;
#3000 = DIRECTION ( 'NONE',  ( 0.000000000000000000, 0.000000000000000000, 1.000000000000000000 ) ) ;
#3001 = EDGE_CURVE ( 'NONE', #5661, #6781, #3598, .T. ) ;
#3002 = FACE_OUTER_BOUND ( 'NONE', #6422, .T. ) ;
#3003 = EDGE_CURVE ( 'NONE', #5571, #3482, #3100, .T. ) ;
#3004 = ADVANCED_FACE ( 'NONE', ( #1408 ), #5784, .T. ) ;
#3005 = DIRECTION ( 'NONE',  ( 0.000000000000000000, 0.000000000000000000, 1.000000000000000000 ) ) ;
#3006 = AXIS2_PLACEMENT_3D ( 'NONE', #2153, #4402, #4331 ) ;
#3007 = CARTESIAN_POINT ( 'NONE',  ( 0.000000000000000000, 1.499999999999999556, 0.000000000000000000 ) ) ;
#3008 = ORIENTED_EDGE ( 'NONE', *, *, #5706, .T. ) ;
#3009 = CARTESIAN_POINT ( 'NONE',  ( 6.443052370227404069, 21.25949735547613884, -1.511461233505801083 ) ) ;
#3010 = VERTEX_POINT ( 'NONE', #4129 ) ;
#3011 = DIRECTION ( 'NONE',  ( 0.000000000000000000, -1.000000000000000000, 0.000000000000000000 ) ) ;
#3012 = VECTOR ( 'NONE', #664, 1000.000000000000000 ) ;
#3013 = EDGE_CURVE ( 'NONE', #4334, #2465, #5434, .T. ) ;
#3014 = EDGE_CURVE ( 'NONE', #4743, #6545, #817, .T. ) ;
#3015 = CARTESIAN_POINT ( 'NONE',  ( 4.500000000000000000, 7.499999999999998224, -2.179449471770337432 ) ) ;
#3016 = CARTESIAN_POINT ( 'NONE',  ( -4.500000000000000000, 7.499999999999998224, -2.179449471770337432 ) ) ;
#3017 = VECTOR ( 'NONE', #4838, 1000.000000000000000 ) ;
#3018 = ORIENTED_EDGE ( 'NONE', *, *, #5893, .F. ) ;
#3019 = ORIENTED_EDGE ( 'NONE', *, *, #2848, .T. ) ;
#3020 = CARTESIAN_POINT ( 'NONE',  ( 1.854166666666499763, 22.99999999999999645, -6.594282824706780843 ) ) ;
#3021 = CARTESIAN_POINT ( 'NONE',  ( 0.000000000000000000, 19.99999999999999645, 0.000000000000000000 ) ) ;
#3022 = ADVANCED_FACE ( 'NONE', ( #6438 ), #2251, .T. ) ;
#3023 = LINE ( 'NONE', #4238, #5110 ) ;
#3024 = DIRECTION ( 'NONE',  ( 0.000000000000000000, 0.000000000000000000, 1.000000000000000000 ) ) ;
#3025 = ORIENTED_EDGE ( 'NONE', *, *, #3944, .T. ) ;
#3026 = VERTEX_POINT ( 'NONE', #6941 ) ;
#3027 = CARTESIAN_POINT ( 'NONE',  ( -3.405877273185284881, 1.676207172489686537, -6.849999999999997868 ) ) ;
#3028 = CARTESIAN_POINT ( 'NONE',  ( 0.8763537828952074893, 20.35429467676827286, 3.532332510810049619 ) ) ;
#3029 = DIRECTION ( 'NONE',  ( 0.000000000000000000, 1.000000000000000000, 0.000000000000000000 ) ) ;
#3030 = EDGE_LOOP ( 'NONE', ( #2968, #1142, #2458, #4207 ) ) ;
#3031 = FACE_OUTER_BOUND ( 'NONE', #4888, .T. ) ;
#3032 = ORIENTED_EDGE ( 'NONE', *, *, #3992, .F. ) ;
#3033 = DIRECTION ( 'NONE',  ( 0.000000000000000000, 0.000000000000000000, -1.000000000000000000 ) ) ;
#3034 = DIRECTION ( 'NONE',  ( -3.564834783817703950E-17, 0.9863939238321437486, -0.1643989873053572637 ) ) ;
#3035 = PLANE ( 'NONE',  #1329 ) ;
#3036 = CARTESIAN_POINT ( 'NONE',  ( 1.379999999999999671, 12.50000000000000000, 4.343903740188081564 ) ) ;
#3037 = DIRECTION ( 'NONE',  ( -0.000000000000000000, -1.000000000000000000, -0.000000000000000000 ) ) ;
#3038 = CARTESIAN_POINT ( 'NONE',  ( -4.046831517071719730, 0.000000000000000000, -4.046831517071717066 ) ) ;
#3039 = EDGE_CURVE ( 'NONE', #389, #6153, #5433, .T. ) ;
#3040 = CYLINDRICAL_SURFACE ( 'NONE', #1949, 0.1499999999999999667 ) ;
#3041 = EDGE_CURVE ( 'NONE', #671, #6124, #240, .T. ) ;
#3042 = VERTEX_POINT ( 'NONE', #1853 ) ;
#3043 = DIRECTION ( 'NONE',  ( -0.7071067811865474617, 0.000000000000000000, -0.7071067811865474617 ) ) ;
#3044 = ORIENTED_EDGE ( 'NONE', *, *, #898, .F. ) ;
#3045 = CARTESIAN_POINT ( 'NONE',  ( -7.650000000000000355, 19.99999999999999645, -1.854166666666667407 ) ) ;
#3046 = ADVANCED_FACE ( 'NONE', ( #4204, #6329 ), #6360, .T. ) ;
#3047 = VECTOR ( 'NONE', #2834, 1000.000000000000000 ) ;
#3048 = DIRECTION ( 'NONE',  ( 5.691443106081644064E-14, -0.6561787149247931827, -0.7546055221634992982 ) ) ;
#3049 = CARTESIAN_POINT ( 'NONE',  ( 1.399999999999999689, 12.48000000000000220, 4.343903740188081564 ) ) ;
#3050 = ORIENTED_EDGE ( 'NONE', *, *, #5579, .T. ) ;
#3051 = AXIS2_PLACEMENT_3D ( 'NONE', #3964, #6228, #1610 ) ;
#3052 = EDGE_CURVE ( 'NONE', #6512, #4424, #5233, .T. ) ;
#3053 = ORIENTED_EDGE ( 'NONE', *, *, #1623, .T. ) ;
#3054 = FILL_AREA_STYLE ('',( #5369 ) ) ;
#3055 = LINE ( 'NONE', #5405, #3998 ) ;
#3056 = AXIS2_PLACEMENT_3D ( 'NONE', #6534, #3122, #5364 ) ;
#3057 = CARTESIAN_POINT ( 'NONE',  ( -4.552982615442277670, 22.99999999999999645, -1.854166666666667407 ) ) ;
#3058 = EDGE_CURVE ( 'NONE', #4399, #5398, #3693, .T. ) ;
#3059 = DIRECTION ( 'NONE',  ( 0.000000000000000000, 0.000000000000000000, -1.000000000000000000 ) ) ;
#3060 = VERTEX_POINT ( 'NONE', #5930 ) ;
#3061 = ADVANCED_FACE ( 'NONE', ( #860, #316 ), #5304, .T. ) ;
#3062 = ORIENTED_EDGE ( 'NONE', *, *, #899, .T. ) ;
#3063 = CIRCLE ( 'NONE', #5767, 0.1499999999999999667 ) ;
#3064 = DIRECTION ( 'NONE',  ( 0.000000000000000000, 1.000000000000000000, -0.000000000000000000 ) ) ;
#3065 = B_SPLINE_CURVE_WITH_KNOTS ( 'NONE', 3,
 ( #4477, #957, #5406, #2100, #5373, #7122, #4934, #3686, #382, #586 ),
 .UNSPECIFIED., .F., .F.,
 ( 4, 3, 3, 4 ),
 ( 1.084202172485504434E-19, 3.932309463598251140E-05, 8.009671586239517325E-05, 8.254620561176634732E-05 ),
 .UNSPECIFIED. ) ;
#3066 = CARTESIAN_POINT ( 'NONE',  ( 3.532332510810047843, 22.02553388946869362, -1.753896058129526869 ) ) ;
#3067 = CARTESIAN_POINT ( 'NONE',  ( 1.393823247546297939, 6.500000000000000000, 4.508834952051935296 ) ) ;
#3068 = EDGE_LOOP ( 'NONE', ( #828, #4901, #3671, #7159, #1220, #670, #5272, #1646, #6928, #769, #3384, #1628, #2839, #6958 ) ) ;
#3069 = CARTESIAN_POINT ( 'NONE',  ( -3.532332510810049175, 20.10790229452577194, -0.4962751276099025000 ) ) ;
#3070 = ORIENTED_EDGE ( 'NONE', *, *, #3317, .T. ) ;
#3071 = CARTESIAN_POINT ( 'NONE',  ( 4.501950110210667155, 19.99999999999999645, 1.854166666666666519 ) ) ;
#3072 = CARTESIAN_POINT ( 'NONE',  ( 0.000000000000000000, 8.000000000000000000, -7.650000000000000355 ) ) ;
#3073 = CARTESIAN_POINT ( 'NONE',  ( 1.854166666666499763, 19.99999999999999645, -3.379234995115211415 ) ) ;
#3074 = CARTESIAN_POINT ( 'NONE',  ( -5.107491688851539813, 4.910000000000000142, -2.986171345291896095 ) ) ;
#3075 = CARTESIAN_POINT ( 'NONE',  ( 3.266464433174222304, 29.00000000000000000, 3.266464433174222304 ) ) ;
#3076 = CARTESIAN_POINT ( 'NONE',  ( 6.444469407188925913, 20.13022232100050957, 0.5483317146270347830 ) ) ;
#3077 = DIRECTION ( 'NONE',  ( 0.000000000000000000, 0.000000000000000000, -1.000000000000000000 ) ) ;
#3078 = CARTESIAN_POINT ( 'NONE',  ( -6.435295833847688662, 20.49201815769880852, 1.020144484405306251 ) ) ;
#3079 = B_SPLINE_CURVE_WITH_KNOTS ( 'NONE', 3,
 ( #3432, #643, #2874, #5126, #4576, #1183, #95, #5674, #1743, #3984, #6217, #1501, #4922, #2631, #3714, #5360, #4367, #446, #2521, #6999, #5874, #3221, #3078, #4296, #2595, #3634, #5468, #402, #876, #2088, #5948, #5980, #3187, #7071, #3670, #3782, #5321 ),
 .UNSPECIFIED., .F., .F.,
 ( 4, 2, 1, 1, 2, 2, 2, 1, 1, 1, 2, 2, 2, 2, 1, 1, 2, 2, 1, 1, 2, 2, 4 ),
 ( 0.000000000000000000, 0.1250000000000202061, 0.1875000000000302536, 0.2187500000000353051, 0.2343750000000378031, 0.2500000000000403011, 0.3750000000000476286, 0.4375000000000500155, 0.4687500000000512368, 0.4843750000000531242, 0.4921875000000540679, 0.5000000000000549560, 0.6250000000000458522, 0.6875000000000424105, 0.7187500000000407452, 0.7343750000000408562, 0.7421875000000409672, 0.7500000000000409672, 0.8125000000000348610, 0.8437500000000309752, 0.8593750000000284217, 0.8750000000000258682, 1.000000000000000000 ),
 .UNSPECIFIED. ) ;
#3080 = ORIENTED_EDGE ( 'NONE', *, *, #5708, .T. ) ;
#3081 = CARTESIAN_POINT ( 'NONE',  ( 6.434224863854965726, 20.57728922704146868, -1.097598224321690852 ) ) ;
#3082 = EDGE_LOOP ( 'NONE', ( #2898, #696, #5114, #4975 ) ) ;
#3083 = CARTESIAN_POINT ( 'NONE',  ( 0.000000000000000000, 28.99999999999999645, 0.000000000000000000 ) ) ;
#3084 = CARTESIAN_POINT ( 'NONE',  ( 2.969848480983500405, 1.499999999999999556, 7.049999999999999822 ) ) ;
#3085 = AXIS2_PLACEMENT_3D ( 'NONE', #801, #2478, #397 ) ;
#3086 = CARTESIAN_POINT ( 'NONE',  ( -4.499999999999998224, 7.633700821002010528, -2.179449471770337432 ) ) ;
#3087 = COLOUR_RGB ( '',0.7921568627450980005, 0.8196078431372548767, 0.9333333333333333481 ) ;
#3088 = ORIENTED_EDGE ( 'NONE', *, *, #1844, .F. ) ;
#3089 = ORIENTED_EDGE ( 'NONE', *, *, #1023, .T. ) ;
#3090 = FILL_AREA_STYLE ('',( #2022 ) ) ;
#3091 = AXIS2_PLACEMENT_3D ( 'NONE', #3171, #6547, #1626 ) ;
#3092 = CARTESIAN_POINT ( 'NONE',  ( 1.854166666666499763, 22.99999999999999645, -6.594282824706780843 ) ) ;
#3093 = ADVANCED_BREP_SHAPE_REPRESENTATION ( '', ( #845, #5484 ), #4777 ) ;
#3094 = CARTESIAN_POINT ( 'NONE',  ( 0.000000000000000000, 28.99999999999999645, 0.000000000000000000 ) ) ;
#3095 = EDGE_CURVE ( 'NONE', #4065, #6351, #969, .T. ) ;
#3096 = EDGE_CURVE ( 'NONE', #7156, #2752, #5077, .T. ) ;
#3097 = DIRECTION ( 'NONE',  ( 0.000000000000000000, 0.7546055221635206145, -0.6561787149247685358 ) ) ;
#3098 = ORIENTED_EDGE ( 'NONE', *, *, #5834, .T. ) ;
#3099 = ORIENTED_EDGE ( 'NONE', *, *, #7000, .T. ) ;
#3100 = LINE ( 'NONE', #790, #3439 ) ;
#3101 = EDGE_CURVE ( 'NONE', #2728, #6688, #351, .T. ) ;
#3102 = EDGE_CURVE ( 'NONE', #4487, #4334, #5998, .T. ) ;
#3103 = VECTOR ( 'NONE', #1130, 1000.000000000000000 ) ;
#3104 = CARTESIAN_POINT ( 'NONE',  ( -2.179449471770337432, 7.633700821002010528, -4.499999999999998224 ) ) ;
#3105 = EDGE_LOOP ( 'NONE', ( #210, #6560, #491, #4454 ) ) ;
#3106 = CARTESIAN_POINT ( 'NONE',  ( 2.969848480983500405, 1.499999999999999556, 7.049999999999999822 ) ) ;
#3107 = ORIENTED_EDGE ( 'NONE', *, *, #6581, .F. ) ;
#3108 = PLANE ( 'NONE',  #4194 ) ;
#3109 = COLOUR_RGB ( '',0.7921568627450980005, 0.8196078431372548767, 0.9333333333333333481 ) ;
#3110 = CARTESIAN_POINT ( 'NONE',  ( 8.646006401980314713E-16, 10.00000000000000000, -7.060000000000000497 ) ) ;
#3111 = CARTESIAN_POINT ( 'NONE',  ( -1.379999999999999671, 6.622052172158088723, -0.9406179037940090026 ) ) ;
#3112 = CARTESIAN_POINT ( 'NONE',  ( 3.532332510810048731, 20.00000000000000000, 3.532332510810049175 ) ) ;
#3113 = VECTOR ( 'NONE', #4456, 1000.000000000000114 ) ;
#3114 = EDGE_CURVE ( 'NONE', #1811, #6452, #2008, .T. ) ;
#3115 = CYLINDRICAL_SURFACE ( 'NONE', #174, 0.1000000000000001443 ) ;
#3116 = DIRECTION ( 'NONE',  ( 0.000000000000000000, 0.000000000000000000, 1.000000000000000000 ) ) ;
#3117 = CARTESIAN_POINT ( 'NONE',  ( -4.046831517071719730, 4.909999999999999254, -4.046831517071717066 ) ) ;
#3118 = CARTESIAN_POINT ( 'NONE',  ( 1.434279973908738182, 21.09683921773067894, -6.438424886425866411 ) ) ;
#3119 = ORIENTED_EDGE ( 'NONE', *, *, #4851, .T. ) ;
#3120 = CARTESIAN_POINT ( 'NONE',  ( 6.440399499380447423, 21.17212264758176943, -1.471137458027621969 ) ) ;
#3121 = ORIENTED_EDGE ( 'NONE', *, *, #6718, .F. ) ;
#3122 = DIRECTION ( 'NONE',  ( 0.000000000000000000, 1.000000000000000000, 0.000000000000000000 ) ) ;
#3123 = CIRCLE ( 'NONE', #6057, 7.650000000000000355 ) ;
#3124 =( BOUNDED_SURFACE ( )  B_SPLINE_SURFACE ( 2, 3, ( 
 ( #3201, #4937, #5446, #2652 ),
 ( #1138, #1802, #6787, #629 ),
 ( #1766, #5040, #2826, #2900 ) ),
 .UNSPECIFIED., .F., .F., .T. ) 
 B_SPLINE_SURFACE_WITH_KNOTS ( ( 3, 3 ),
 ( 4, 4 ),
 ( 0.000000000000000000, 1.000000000000000000 ),
 ( -0.006747380340403891577, -0.003379234995115104091 ),
 .UNSPECIFIED. ) 
 GEOMETRIC_REPRESENTATION_ITEM ( )  RATIONAL_B_SPLINE_SURFACE ( (
 ( 1.000000000000000000, 1.000000000000000000, 1.000000000000000000, 1.000000000000000000),
 ( 0.7071067811865475727, 0.7071067811865475727, 0.7071067811865475727, 0.7071067811865475727),
 ( 1.000000000000000000, 1.000000000000000000, 1.000000000000000000, 1.000000000000000000) ) ) 
 REPRESENTATION_ITEM ( '' )  SURFACE ( )  );
#3125 = AXIS2_PLACEMENT_3D ( 'NONE', #1857, #1891, #4134 ) ;
#3126 = DIRECTION ( 'NONE',  ( -7.968020348514244863E-17, 0.6561787149247862994, 0.7546055221635049604 ) ) ;
#3127 = ORIENTED_EDGE ( 'NONE', *, *, #3865, .F. ) ;
#3128 = CARTESIAN_POINT ( 'NONE',  ( 0.000000000000000000, 8.000000000000000000, -7.650000000000000355 ) ) ;
#3129 = AXIS2_PLACEMENT_3D ( 'NONE', #341, #2817, #2891 ) ;
#3130 = VERTEX_POINT ( 'NONE', #2103 ) ;
#3131 = FACE_OUTER_BOUND ( 'NONE', #4956, .T. ) ;
#3132 = CARTESIAN_POINT ( 'NONE',  ( 1.399999999999999689, 6.500000000000000000, 4.469999999999999751 ) ) ;
#3133 = LINE ( 'NONE', #994, #5430 ) ;
#3134 = AXIS2_PLACEMENT_3D ( 'NONE', #4552, #4029, #6260 ) ;
#3135 = CARTESIAN_POINT ( 'NONE',  ( -4.027325123107993399, 3.021034482758622186, 4.027325123107909910 ) ) ;
#3136 = CYLINDRICAL_SURFACE ( 'NONE', #2761, 0.1499999999999999667 ) ;
#3137 = ORIENTED_EDGE ( 'NONE', *, *, #4766, .F. ) ;
#3138 = EDGE_CURVE ( 'NONE', #6325, #6546, #6131, .T. ) ;
#3139 = ORIENTED_EDGE ( 'NONE', *, *, #3789, .T. ) ;
#3140 = CARTESIAN_POINT ( 'NONE',  ( 4.433344562587834048, 2.048942590553171961, 2.312024219028189886 ) ) ;
#3141 = EDGE_CURVE ( 'NONE', #4438, #2465, #1589, .T. ) ;
#3142 = ADVANCED_FACE ( 'NONE', ( #6654 ), #5965, .T. ) ;
#3143 = CARTESIAN_POINT ( 'NONE',  ( 0.000000000000000000, 2.428148006742123943, 0.000000000000000000 ) ) ;
#3144 = EDGE_LOOP ( 'NONE', ( #460, #145, #275, #4172, #5996, #7236 ) ) ;
#3145 = CARTESIAN_POINT ( 'NONE',  ( -3.405877273185280885, 1.499999999999999556, 7.049999999999999822 ) ) ;
#3147 = ORIENTED_EDGE ( 'NONE', *, *, #5031, .T. ) ;
#3146 = EDGE_CURVE ( 'NONE', #2754, #934, #5195, .T. ) ;
#3148 = DIRECTION ( 'NONE',  ( 0.7071067811865477948, -0.000000000000000000, 0.7071067811865473507 ) ) ;
#3149 = CARTESIAN_POINT ( 'NONE',  ( 1.390180519077591104, 6.500000000000000000, -4.521998694580438460 ) ) ;
#3150 = CARTESIAN_POINT ( 'NONE',  ( -1.854166666666500207, 28.99999999999999645, -7.421897733883353609 ) ) ;
#3151 = DIRECTION ( 'NONE',  ( -0.4876598490941761455, 0.7241379310344824294, 0.4876598490941655983 ) ) ;
#3152 = DIRECTION ( 'NONE',  ( 1.000000000000000000, 2.168404344971008252E-17, 8.673617379884035472E-17 ) ) ;
#3153 = B_SPLINE_CURVE_WITH_KNOTS ( 'NONE', 3,
 ( #4745, #852, #7121, #6432, #1400, #3197, #888, #2569, #5888, #4270 ),
 .UNSPECIFIED., .F., .F.,
 ( 4, 2, 2, 2, 4 ),
 ( 0.000000000000000000, 7.024607880191473242E-05, 0.0001404921576038294648, 0.0002809843152076581707, 0.0005619686304153155825 ),
 .UNSPECIFIED. ) ;
#3154 = CARTESIAN_POINT ( 'NONE',  ( 4.433344562587834048, 2.048942590553171961, 2.312024219028189886 ) ) ;
#3155 = CARTESIAN_POINT ( 'NONE',  ( -6.747380340401567089, 19.99999999999999645, -0.004166666666667291977 ) ) ;
#3156 = CARTESIAN_POINT ( 'NONE',  ( 1.309725058591308500, 20.86964120518031152, -6.434237459869082798 ) ) ;
#3157 = ORIENTED_EDGE ( 'NONE', *, *, #6502, .T. ) ;
#3158 = FACE_OUTER_BOUND ( 'NONE', #1580, .T. ) ;
#3159 = ORIENTED_EDGE ( 'NONE', *, *, #51, .T. ) ;
#3160 = EDGE_CURVE ( 'NONE', #5561, #6437, #3678, .T. ) ;
#3161 = DIRECTION ( 'NONE',  ( 1.000000000000000000, 0.000000000000000000, 0.000000000000000000 ) ) ;
#3162 = CYLINDRICAL_SURFACE ( 'NONE', #4870, 0.2000000000000002331 ) ;
#3163 = CARTESIAN_POINT ( 'NONE',  ( 0.000000000000000000, 10.00000000000000000, 7.060000000000000497 ) ) ;
#3164 = ORIENTED_EDGE ( 'NONE', *, *, #3058, .F. ) ;
#3165 = DIRECTION ( 'NONE',  ( -2.168404344971008252E-17, 1.000000000000000000, 0.000000000000000000 ) ) ;
#3166 = CARTESIAN_POINT ( 'NONE',  ( 4.027325123107964089, 3.021034482758620410, -4.027325123107938332 ) ) ;
#3167 = DIRECTION ( 'NONE',  ( -0.7071067811865473507, 5.551115123125781470E-17, 0.7071067811865477948 ) ) ;
#3168 = CARTESIAN_POINT ( 'NONE',  ( 1.379999999999999671, 12.48000000000000220, 4.343903740188081564 ) ) ;
#3169 = ORIENTED_EDGE ( 'NONE', *, *, #4123, .F. ) ;
#3170 = VERTEX_POINT ( 'NONE', #4869 ) ;
#3171 = CARTESIAN_POINT ( 'NONE',  ( 1.379999999999999671, 0.000000000000000000, 5.530000000000000249 ) ) ;
#3172 = EDGE_CURVE ( 'NONE', #4551, #2752, #7184, .T. ) ;
#3173 = DIRECTION ( 'NONE',  ( 0.000000000000000000, 0.000000000000000000, -1.000000000000000000 ) ) ;
#3174 = ORIENTED_EDGE ( 'NONE', *, *, #1945, .T. ) ;
#3175 = EDGE_CURVE ( 'NONE', #2216, #2910, #120, .T. ) ;
#3176 = AXIS2_PLACEMENT_3D ( 'NONE', #880, #4817, #4705 ) ;
#3177 = LINE ( 'NONE', #7133, #3946 ) ;
#3178 = VERTEX_POINT ( 'NONE', #2351 ) ;
#3179 = CARTESIAN_POINT ( 'NONE',  ( 1.399999999999999689, 6.500000000000000000, -4.400000000000000355 ) ) ;
#3180 = CARTESIAN_POINT ( 'NONE',  ( 1.397319086605161687, 6.500000000000000000, -4.496202024374977846 ) ) ;
#3181 = DIRECTION ( 'NONE',  ( 0.000000000000000000, 0.000000000000000000, 1.000000000000000000 ) ) ;
#3182 = CARTESIAN_POINT ( 'NONE',  ( 3.976120838953074887, 3.089999999999999858, -3.976120838953049130 ) ) ;
#3183 = CARTESIAN_POINT ( 'NONE',  ( -1.723878205214195658, 21.88023672718021473, 3.532332510810048731 ) ) ;
#3184 = FACE_OUTER_BOUND ( 'NONE', #1776, .T. ) ;
#3185 = EDGE_CURVE ( 'NONE', #3646, #298, #2615, .T. ) ;
#3186 = DIRECTION ( 'NONE',  ( 1.000000000000000000, 2.168404344971008252E-17, -8.673617379884035472E-17 ) ) ;
#3187 = CARTESIAN_POINT ( 'NONE',  ( -6.445044959265745277, 20.11556602728803256, 0.5130444930837601003 ) ) ;
#3188 = ORIENTED_EDGE ( 'NONE', *, *, #4530, .F. ) ;
#3189 = DIRECTION ( 'NONE',  ( 1.000000000000000000, -0.000000000000000000, 0.000000000000000000 ) ) ;
#3190 = ORIENTED_EDGE ( 'NONE', *, *, #3630, .T. ) ;
#3191 = CARTESIAN_POINT ( 'NONE',  ( 1.379999999999999671, 8.631655426250503638, 4.549999999999999822 ) ) ;
#3192 = FACE_OUTER_BOUND ( 'NONE', #3960, .T. ) ;
#3193 = ADVANCED_FACE ( 'NONE', ( #4529 ), #3978, .T. ) ;
#3194 = CARTESIAN_POINT ( 'NONE',  ( 2.179449471770337432, 7.499999999999998224, 4.500000000000000000 ) ) ;
#3195 = ORIENTED_EDGE ( 'NONE', *, *, #6363, .T. ) ;
#3196 = CARTESIAN_POINT ( 'NONE',  ( -2.312024219028236960, 2.048942590553174181, 4.433344562587810955 ) ) ;
#3197 = CARTESIAN_POINT ( 'NONE',  ( 2.545165380528044974, 3.063075121266646494, -7.214304113546741171 ) ) ;
#3198 = DIRECTION ( 'NONE',  ( 0.000000000000000000, 0.000000000000000000, 1.000000000000000000 ) ) ;
#3199 = TOROIDAL_SURFACE ( 'NONE', #1552, 0.1299999999999999767, 0.02000000000000000042 ) ;
#3200 = AXIS2_PLACEMENT_3D ( 'NONE', #5991, #6969, #307 ) ;
#3201 = CARTESIAN_POINT ( 'NONE',  ( -6.747380340403891452, 19.99999999999999645, 0.004166666666667489735 ) ) ;
#3202 = VECTOR ( 'NONE', #748, 1000.000000000000000 ) ;
#3203 = VERTEX_POINT ( 'NONE', #2829 ) ;
#3204 = AXIS2_PLACEMENT_3D ( 'NONE', #4569, #6792, #635 ) ;
#3205 = DIRECTION ( 'NONE',  ( -0.000000000000000000, -0.000000000000000000, -1.000000000000000000 ) ) ;
#3206 = MANIFOLD_SOLID_BREP ( 'Boss-Extrude1', #6793 ) ;
#3207 = AXIS2_PLACEMENT_3D ( 'NONE', #5459, #2623, #3847 ) ;
#3208 = LINE ( 'NONE', #864, #1113 ) ;
#3209 = VERTEX_POINT ( 'NONE', #1176 ) ;
#3210 = CARTESIAN_POINT ( 'NONE',  ( 0.000000000000000000, 0.000000000000000000, 7.937575314873084764 ) ) ;
#3211 = ORIENTED_EDGE ( 'NONE', *, *, #2067, .F. ) ;
#3212 = CARTESIAN_POINT ( 'NONE',  ( -1.380000000000000115, 9.768344573749503823, 5.549999999999999822 ) ) ;
#3213 = CARTESIAN_POINT ( 'NONE',  ( 4.433344562587840265, 2.048942590553171961, -2.312024219028176120 ) ) ;
#3214 = DIRECTION ( 'NONE',  ( 0.000000000000000000, 1.000000000000000000, 0.000000000000000000 ) ) ;
#3215 = CARTESIAN_POINT ( 'NONE',  ( -1.379999999999999671, 6.649999999999999467, 0.7729309367425446498 ) ) ;
#3216 = VECTOR ( 'NONE', #546, 1000.000000000000000 ) ;
#3217 = CARTESIAN_POINT ( 'NONE',  ( -1.399999999999999911, 6.649999999999999467, -4.379999999999999893 ) ) ;
#3218 = FACE_OUTER_BOUND ( 'NONE', #3417, .T. ) ;
#3219 = ORIENTED_EDGE ( 'NONE', *, *, #5466, .F. ) ;
#3220 = CARTESIAN_POINT ( 'NONE',  ( -3.396937244278616319, 1.653668633940834631, 6.854452907495114822 ) ) ;
#3221 = CARTESIAN_POINT ( 'NONE',  ( -6.434224863854965726, 20.57728922704146513, 1.097598224321688853 ) ) ;
#3222 = ORIENTED_EDGE ( 'NONE', *, *, #6812, .T. ) ;
#3223 = LINE ( 'NONE', #6532, #4428 ) ;
#3224 = ORIENTED_EDGE ( 'NONE', *, *, #750, .T. ) ;
#3225 = CARTESIAN_POINT ( 'NONE',  ( 1.379999999999999671, 12.34999999999999964, 4.343903740188081564 ) ) ;
#3226 = VECTOR ( 'NONE', #4893, 1000.000000000000000 ) ;
#3227 = EDGE_CURVE ( 'NONE', #2417, #5274, #5042, .T. ) ;
#3228 = CIRCLE ( 'NONE', #6845, 0.1700000000000000122 ) ;
#3229 = EDGE_CURVE ( 'NONE', #686, #2970, #1445, .T. ) ;
#3230 = ADVANCED_FACE ( 'NONE', ( #2316 ), #2236, .T. ) ;
#3231 = CARTESIAN_POINT ( 'NONE',  ( 0.000000000000000000, 1.206205053472303002, -9.605613667141760459 ) ) ;
#3232 = AXIS2_PLACEMENT_3D ( 'NONE', #2068, #531, #925 ) ;
#3233 = DIRECTION ( 'NONE',  ( 0.000000000000000000, 0.000000000000000000, -1.000000000000000000 ) ) ;
#3234 = ORIENTED_EDGE ( 'NONE', *, *, #5663, .F. ) ;
#3235 = CARTESIAN_POINT ( 'NONE',  ( -1.846101525230323448, 22.67544068171960348, -6.551605359330209488 ) ) ;
#3236 = EDGE_CURVE ( 'NONE', #6570, #5857, #2257, .T. ) ;
#3237 = B_SPLINE_CURVE_WITH_KNOTS ( 'NONE', 3,
 ( #1423, #1566, #4254, #3712, #2556, #4919, #2593, #366, #7068, #6559 ),
 .UNSPECIFIED., .F., .F.,
 ( 4, 2, 2, 2, 4 ),
 ( 0.000000000000000000, 0.0002774483335560877159, 0.0004161725003341309233, 0.0004855345837231522560, 0.0005548966671121735887 ),
 .UNSPECIFIED. ) ;
#3238 = DIRECTION ( 'NONE',  ( 0.000000000000000000, -0.7546055221635206145, 0.6561787149247685358 ) ) ;
#3239 = AXIS2_PLACEMENT_3D ( 'NONE', #5585, #2786, #5728 ) ;
#3240 = DIRECTION ( 'NONE',  ( 0.000000000000000000, -0.1643989873053274264, 0.9863939238321487446 ) ) ;
#3241 = EDGE_LOOP ( 'NONE', ( #580, #1797, #6312, #901 ) ) ;
#3242 = ADVANCED_FACE ( 'NONE', ( #1216 ), #5704, .T. ) ;
#3243 = CARTESIAN_POINT ( 'NONE',  ( -3.532332510810049619, 21.09331694821754510, 1.432494234453536297 ) ) ;
#3244 = CIRCLE ( 'NONE', #82, 0.1499999999999999667 ) ;
#3245 = CARTESIAN_POINT ( 'NONE',  ( -2.932862173304878972, 3.000000000000000444, -7.066080920955845279 ) ) ;
#3246 = EDGE_LOOP ( 'NONE', ( #5340, #349, #3211, #83 ) ) ;
#3247 = AXIS2_PLACEMENT_3D ( 'NONE', #5351, #327, #4805 ) ;
#3248 = EDGE_LOOP ( 'NONE', ( #2562, #694, #948, #3255 ) ) ;
#3249 = CARTESIAN_POINT ( 'NONE',  ( 1.724756446834988965, 21.88374014888643870, 6.475469466619959924 ) ) ;
#3250 = LINE ( 'NONE', #4948, #4818 ) ;
#3251 = CARTESIAN_POINT ( 'NONE',  ( 0.000000000000000000, -1.999999999999999112, 0.000000000000000000 ) ) ;
#3252 = CARTESIAN_POINT ( 'NONE',  ( 0.000000000000000000, 10.00000000000000000, 0.000000000000000000 ) ) ;
#3253 = CARTESIAN_POINT ( 'NONE',  ( 1.723878205214193882, 21.88023672718021118, -3.532332510810047843 ) ) ;
#3254 = CARTESIAN_POINT ( 'NONE',  ( 0.000000000000000000, 20.00000000000000000, 0.000000000000000000 ) ) ;
#3255 = ORIENTED_EDGE ( 'NONE', *, *, #7162, .F. ) ;
#3256 = DIRECTION ( 'NONE',  ( 0.000000000000000000, 0.000000000000000000, -1.000000000000000000 ) ) ;
#3257 = ORIENTED_EDGE ( 'NONE', *, *, #6472, .T. ) ;
#3258 = LINE ( 'NONE', #7113, #3952 ) ;
#3259 = EDGE_LOOP ( 'NONE', ( #2703, #3392, #3635, #3053, #1687, #1650 ) ) ;
#3260 = CARTESIAN_POINT ( 'NONE',  ( -4.046831517071719730, 3.090000000000000746, -4.046831517071717066 ) ) ;
#3261 = EDGE_CURVE ( 'NONE', #1929, #6984, #1328, .T. ) ;
#3262 = CARTESIAN_POINT ( 'NONE',  ( -1.399999999999999911, 6.649999999999999467, 4.549999999999999822 ) ) ;
#3263 = ORIENTED_EDGE ( 'NONE', *, *, #6931, .T. ) ;
#3264 = PLANE ( 'NONE',  #1588 ) ;
#3265 = CARTESIAN_POINT ( 'NONE',  ( 0.000000000000000000, 8.631655426250503638, 4.549999999999999822 ) ) ;
#3266 = MANIFOLD_SOLID_BREP ( 'Fillet3', #486 ) ;
#3267 = ORIENTED_EDGE ( 'NONE', *, *, #7126, .T. ) ;
#3268 = DIRECTION ( 'NONE',  ( 0.000000000000000000, 0.000000000000000000, 1.000000000000000000 ) ) ;
#3269 = DIRECTION ( 'NONE',  ( 0.000000000000000000, -1.000000000000000000, 0.000000000000000000 ) ) ;
#3270 = B_SPLINE_CURVE_WITH_KNOTS ( 'NONE', 3,
 ( #5056, #3403, #4472, #2293, #2252, #4508, #5092, #6698, #1712, #6191, #1153, #63, #4439, #3589, #3481, #685, #4658, #1819, #5752, #1305, #4722, #4066, #1342, #2473, #6300, #1968, #4174, #1380, #5828, #3069, #5165, #4208, #5309 ),
 .UNSPECIFIED., .F., .F.,
 ( 4, 1, 1, 1, 2, 2, 1, 1, 1, 1, 2, 2, 1, 1, 1, 1, 2, 2, 1, 1, 2, 2, 4 ),
 ( 0.000000000000000000, 0.1249999999999719391, 0.1874999999999592548, 0.2187499999999515665, 0.2343749999999490408, 0.2499999999999465428, 0.3749999999999438782, 0.4374999999999426015, 0.4687499999999406031, 0.4843749999999396039, 0.4921874999999391598, 0.4999999999999386047, 0.6249999999999538147, 0.6874999999999613642, 0.7187499999999651390, 0.7343749999999680256, 0.7421874999999684697, 0.7499999999999689138, 0.8124999999999771294, 0.8437499999999820144, 0.8593749999999837907, 0.8749999999999856781, 1.000000000000000000 ),
 .UNSPECIFIED. ) ;
#3271 = EDGE_CURVE ( 'NONE', #6634, #1624, #3501, .T. ) ;
#3272 = CARTESIAN_POINT ( 'NONE',  ( -1.380000000000000115, 6.649999999999999467, 4.379999999999999893 ) ) ;
#3273 = ORIENTED_EDGE ( 'NONE', *, *, #4216, .F. ) ;
#3274 = EDGE_CURVE ( 'NONE', #6085, #6192, #1913, .T. ) ;
#3275 = CARTESIAN_POINT ( 'NONE',  ( -3.532332510810049619, 20.09164922777800655, 0.4583213107543654963 ) ) ;
#3276 = AXIS2_PLACEMENT_3D ( 'NONE', #5018, #6042, #607 ) ;
#3277 = PRODUCT_DEFINITION ( 'UNKNOWN', '', #1129, #6819 ) ;
#3278 = EDGE_CURVE ( 'NONE', #6582, #1558, #6486, .T. ) ;
#3279 = DIRECTION ( 'NONE',  ( -0.7071067811865475727, -3.056747976430751296E-16, 0.7071067811865475727 ) ) ;
#3280 = ORIENTED_EDGE ( 'NONE', *, *, #3543, .F. ) ;
#3281 = CLOSED_SHELL ( 'NONE', ( #1514, #1215, #6306, #6945, #3990, #5420, #2273, #1807, #3650, #6231, #3371, #1311, #3242, #2196, #6686, #3545, #4040, #2075, #2459, #2407, #668, #4458, #1433, #3004, #5656, #2649, #4972, #1965, #6729, #4162, #223, #3697, #3725, #507, #270, #4908, #97, #5607, #6459, #131, #2317, #48, #1260, #2587, #6804, #4979, #6177, #1152, #3193, #1518, #4556, #723, #2889, #1800, #4445, #4533, #3742, #465, #6021, #3903, #5616 ) ) ;
#3282 = DIRECTION ( 'NONE',  ( 0.000000000000000000, 0.000000000000000000, 1.000000000000000000 ) ) ;
#3283 = ORIENTED_EDGE ( 'NONE', *, *, #317, .F. ) ;
#3284 = LINE ( 'NONE', #3179, #3843 ) ;
#3285 = DIRECTION ( 'NONE',  ( 0.4876598490941711495, 0.7241379310344820963, 0.4876598490941711495 ) ) ;
#3286 = CARTESIAN_POINT ( 'NONE',  ( -1.380000000000000115, 6.649999999999999467, 4.400000000000000355 ) ) ;
#3287 = DIRECTION ( 'NONE',  ( 1.000000000000000000, -0.000000000000000000, 0.000000000000000000 ) ) ;
#3288 = PRODUCT ( 'Snap Fit Male', 'Snap Fit Male', '', ( #4564 ) ) ;
#3289 = CARTESIAN_POINT ( 'NONE',  ( -0.004166666666499081045, 20.00000000000000000, 3.532332510810049175 ) ) ;
#3290 = AXIS2_PLACEMENT_3D ( 'NONE', #2855, #6237, #697 ) ;
#3291 = CARTESIAN_POINT ( 'NONE',  ( -4.555813038156334649, 7.763936109177590694, 2.192316302326503763 ) ) ;
#3292 = ORIENTED_EDGE ( 'NONE', *, *, #6239, .T. ) ;
#3293 = CARTESIAN_POINT ( 'NONE',  ( -3.262446522120520331, 1.546643593403175920, 6.919607353035441832 ) ) ;
#3294 = ORIENTED_EDGE ( 'NONE', *, *, #7160, .T. ) ;
#3295 = CARTESIAN_POINT ( 'NONE',  ( -1.379999999999999893, 12.34999999999999964, 2.027069063257455728 ) ) ;
#3296 = CARTESIAN_POINT ( 'NONE',  ( -1.380000000000000115, 6.649999999999999467, 4.549999999999999822 ) ) ;
#3297 = LINE ( 'NONE', #3260, #2007 ) ;
#3298 = VECTOR ( 'NONE', #2409, 1000.000000000000114 ) ;
#3299 = DIRECTION ( 'NONE',  ( -0.000000000000000000, -1.000000000000000000, 0.000000000000000000 ) ) ;
#3300 = VERTEX_POINT ( 'NONE', #6864 ) ;
#3301 = LINE ( 'NONE', #2785, #423 ) ;
#3302 = CARTESIAN_POINT ( 'NONE',  ( -2.915460667173242815, 4.909999999999999254, -5.036781010732885200 ) ) ;
#3303 = ORIENTED_EDGE ( 'NONE', *, *, #750, .F. ) ;
#3304 =( NAMED_UNIT ( * ) PLANE_ANGLE_UNIT ( ) SI_UNIT ( $, .RADIAN. ) );
#3305 = ORIENTED_EDGE ( 'NONE', *, *, #5839, .F. ) ;
#3306 = DIRECTION ( 'NONE',  ( 0.000000000000000000, -0.6561787149247862994, -0.7546055221635049604 ) ) ;
#3307 = ORIENTED_EDGE ( 'NONE', *, *, #6221, .F. ) ;
#3308 = CONTEXT_DEPENDENT_SHAPE_REPRESENTATION ( #5754, #1409 ) ;
#3309 = DIRECTION ( 'NONE',  ( 0.000000000000000000, 0.000000000000000000, -1.000000000000000000 ) ) ;
#3310 = ORIENTED_EDGE ( 'NONE', *, *, #5391, .T. ) ;
#3311 = CARTESIAN_POINT ( 'NONE',  ( -1.380560112054757704, 6.500000000000000000, -0.7744648667341185178 ) ) ;
#3312 = CIRCLE ( 'NONE', #5315, 0.1499999999999999667 ) ;
#3313 = ADVANCED_FACE ( 'NONE', ( #6466 ), #3649, .T. ) ;
#3314 = AXIS2_PLACEMENT_3D ( 'NONE', #196, #6210, #5662 ) ;
#3315 = AXIS2_PLACEMENT_3D ( 'NONE', #2801, #6799, #2912 ) ;
#3316 = EDGE_CURVE ( 'NONE', #1547, #2465, #3318, .T. ) ;
#3317 = EDGE_CURVE ( 'NONE', #3737, #2274, #156, .T. ) ;
#3318 = CIRCLE ( 'NONE', #3563, 0.02000000000000053471 ) ;
#3319 = CARTESIAN_POINT ( 'NONE',  ( 0.000000000000000000, 0.02972972972972967240, -0.1783783783783780552 ) ) ;
#3320 = VERTEX_POINT ( 'NONE', #2429 ) ;
#3321 =( NAMED_UNIT ( * ) PLANE_ANGLE_UNIT ( ) SI_UNIT ( $, .RADIAN. ) );
#3322 = ORIENTED_EDGE ( 'NONE', *, *, #4581, .F. ) ;
#3323 = DIRECTION ( 'NONE',  ( 0.000000000000000000, 0.000000000000000000, -1.000000000000000000 ) ) ;
#3324 = AXIS2_PLACEMENT_3D ( 'NONE', #1193, #3444, #655 ) ;
#3325 = CARTESIAN_POINT ( 'NONE',  ( 1.854166666666500651, 28.99999999999999645, 1.854166666666666297 ) ) ;
#3326 = PLANE ( 'NONE',  #739 ) ;
#3327 = EDGE_CURVE ( 'NONE', #4232, #4763, #3769, .T. ) ;
#3328 = DIRECTION ( 'NONE',  ( -8.673617379884035472E-17, -1.880790961315659671E-33, -1.000000000000000000 ) ) ;
#3329 = EDGE_CURVE ( 'NONE', #5898, #5861, #2938, .T. ) ;
#3330 = CARTESIAN_POINT ( 'NONE',  ( 1.482068639896138240, 21.19520301140691032, -3.532332510810048287 ) ) ;
#3331 = CARTESIAN_POINT ( 'NONE',  ( 1.379999999999999671, 12.34999999999999964, -4.343903740188082452 ) ) ;
#3332 = ORIENTED_EDGE ( 'NONE', *, *, #3677, .T. ) ;
#3333 = DIRECTION ( 'NONE',  ( 0.000000000000000000, -0.6561787149247869655, -0.7546055221635044052 ) ) ;
#3334 = VERTEX_POINT ( 'NONE', #4088 ) ;
#3335 = CARTESIAN_POINT ( 'NONE',  ( 1.060660171779816974, 0.000000000000000000, 1.060660171779824301 ) ) ;
#3336 = FACE_OUTER_BOUND ( 'NONE', #5606, .T. ) ;
#3337 = CARTESIAN_POINT ( 'NONE',  ( 0.004166666666500769799, 19.99999999999999645, 3.379234995115103946 ) ) ;
#3338 = EDGE_CURVE ( 'NONE', #3993, #2089, #231, .T. ) ;
#3339 = VECTOR ( 'NONE', #4676, 1000.000000000000000 ) ;
#3340 = CYLINDRICAL_SURFACE ( 'NONE', #7085, 0.02000000000000005246 ) ;
#3341 = EDGE_LOOP ( 'NONE', ( #3785, #7034, #1728, #7132, #6135, #981, #641, #3480, #1039, #3355 ) ) ;
#3342 = DIRECTION ( 'NONE',  ( 0.000000000000000000, -0.000000000000000000, 1.000000000000000000 ) ) ;
#3343 = DIRECTION ( 'NONE',  ( 0.000000000000000000, 1.000000000000000000, -0.000000000000000000 ) ) ;
#3344 = VECTOR ( 'NONE', #2195, 1000.000000000000000 ) ;
#3345 = ORIENTED_EDGE ( 'NONE', *, *, #2327, .T. ) ;
#3346 = DIRECTION ( 'NONE',  ( -0.4876598490941762565, 0.7241379310344820963, 0.4876598490941660424 ) ) ;
#3347 = VERTEX_POINT ( 'NONE', #6932 ) ;
#3348 = CARTESIAN_POINT ( 'NONE',  ( 0.000000000000000000, 2.775349838536065761, -2.413347685683533417 ) ) ;
#3349 = VERTEX_POINT ( 'NONE', #7012 ) ;
#3350 = TOROIDAL_SURFACE ( 'NONE', #1937, 0.1299999999999999767, 0.02000000000000000042 ) ;
#3351 = VECTOR ( 'NONE', #3459, 1000.000000000000114 ) ;
#3352 = ORIENTED_EDGE ( 'NONE', *, *, #7026, .T. ) ;
#3353 = CARTESIAN_POINT ( 'NONE',  ( -2.312024219028189886, 1.500000000000000444, -4.433344562587831383 ) ) ;
#3354 = CIRCLE ( 'NONE', #188, 7.650000000000000355 ) ;
#3355 = ORIENTED_EDGE ( 'NONE', *, *, #3778, .T. ) ;
#3356 = PRESENTATION_STYLE_ASSIGNMENT (( #5665 ) ) ;
#3357 = CIRCLE ( 'NONE', #1123, 0.1299999999999998934 ) ;
#3358 = EDGE_CURVE ( 'NONE', #2910, #4202, #6475, .T. ) ;
#3359 = PLANE ( 'NONE',  #1361 ) ;
#3360 = ORIENTED_EDGE ( 'NONE', *, *, #3957, .F. ) ;
#3361 = VERTEX_POINT ( 'NONE', #6972 ) ;
#3362 = CARTESIAN_POINT ( 'NONE',  ( -6.433818836589859202, 20.57318593025059172, -1.099495185827336297 ) ) ;
#3363 = AXIS2_PLACEMENT_3D ( 'NONE', #3492, #38, #1794 ) ;
#3364 = DIRECTION ( 'NONE',  ( 0.000000000000000000, 0.000000000000000000, 1.000000000000000000 ) ) ;
#3365 = EDGE_CURVE ( 'NONE', #4424, #5240, #4378, .T. ) ;
#3366 = DIRECTION ( 'NONE',  ( -1.000000000000000000, 0.000000000000000000, -0.000000000000000000 ) ) ;
#3367 =( GEOMETRIC_REPRESENTATION_CONTEXT ( 3 ) GLOBAL_UNCERTAINTY_ASSIGNED_CONTEXT ( ( #1839 ) ) GLOBAL_UNIT_ASSIGNED_CONTEXT ( ( #6870, #1263, #5744 ) ) REPRESENTATION_CONTEXT ( 'NONE', 'WORKASPACE' ) );
#3368 = DIRECTION ( 'NONE',  ( -0.000000000000000000, 1.000000000000000000, -0.000000000000000000 ) ) ;
#3369 = DIRECTION ( 'NONE',  ( 0.000000000000000000, -0.7546055221635206145, -0.6561787149247685358 ) ) ;
#3370 = AXIS2_PLACEMENT_3D ( 'NONE', #6371, #170, #287 ) ;
#3371 = ADVANCED_FACE ( 'NONE', ( #1401 ), #5889, .T. ) ;
#3372 = CARTESIAN_POINT ( 'NONE',  ( 7.252000366886313998, 3.176175380897988898, -2.435362535369390624 ) ) ;
#3373 = ORIENTED_EDGE ( 'NONE', *, *, #2868, .F. ) ;
#3374 = CARTESIAN_POINT ( 'NONE',  ( 3.405877273185284881, 6.500000000000000000, -6.849999999999998757 ) ) ;
#3375 = ORIENTED_EDGE ( 'NONE', *, *, #4361, .F. ) ;
#3376 = CARTESIAN_POINT ( 'NONE',  ( -2.435362535369391956, 3.200000000000000178, 7.252000366886309557 ) ) ;
#3377 = FACE_OUTER_BOUND ( 'NONE', #1088, .T. ) ;
#3378 = CARTESIAN_POINT ( 'NONE',  ( 0.000000000000000000, 1.699999999999999734, 7.049999999999999822 ) ) ;
#3379 = CARTESIAN_POINT ( 'NONE',  ( -1.380000000000000115, 11.43165542625050435, 5.400000000000000355 ) ) ;
#3380 = DIRECTION ( 'NONE',  ( 0.000000000000000000, -0.000000000000000000, 1.000000000000000000 ) ) ;
#3381 =( NAMED_UNIT ( * ) PLANE_ANGLE_UNIT ( ) SI_UNIT ( $, .RADIAN. ) );
#3382 = EDGE_CURVE ( 'NONE', #2984, #6320, #7054, .T. ) ;
#3383 = CARTESIAN_POINT ( 'NONE',  ( 4.501950110211364375, 22.99999999999999645, -1.854166666666667407 ) ) ;
#3384 = ORIENTED_EDGE ( 'NONE', *, *, #2905, .T. ) ;
#3385 = DIRECTION ( 'NONE',  ( 1.000000000000000000, 2.168404344971008252E-17, 8.673617379884035472E-17 ) ) ;
#3386 = VERTEX_POINT ( 'NONE', #1290 ) ;
#3387 = DIRECTION ( 'NONE',  ( -0.000000000000000000, -1.000000000000000000, -0.000000000000000000 ) ) ;
#3388 = CARTESIAN_POINT ( 'NONE',  ( -4.400384907665015000, 6.000000000000000000, 2.279064564105303337 ) ) ;
#3389 = VERTEX_POINT ( 'NONE', #3537 ) ;
#3390 = DIRECTION ( 'NONE',  ( 1.000000000000000000, -0.000000000000000000, 1.224646799147353207E-16 ) ) ;
#3391 = CARTESIAN_POINT ( 'NONE',  ( -1.307679793329316276, 20.86637952474374202, -3.532332510810048731 ) ) ;
#3392 = ORIENTED_EDGE ( 'NONE', *, *, #2642, .F. ) ;
#3393 = CARTESIAN_POINT ( 'NONE',  ( -1.400000000000000355, 9.281463325509363926, -8.070837674355974656 ) ) ;
#3394 = ORIENTED_EDGE ( 'NONE', *, *, #224, .F. ) ;
#3395 = CARTESIAN_POINT ( 'NONE',  ( -6.548888703548294998, 22.67225364215573435, -1.854166666666668517 ) ) ;
#3396 = DIRECTION ( 'NONE',  ( -0.7071067811865474617, -0.000000000000000000, -0.7071067811865476838 ) ) ;
#3397 = CARTESIAN_POINT ( 'NONE',  ( 1.379999999999999671, 8.631655426250503638, -4.549999999999998934 ) ) ;
#3398 = EDGE_CURVE ( 'NONE', #376, #1725, #5905, .T. ) ;
#3399 = CARTESIAN_POINT ( 'NONE',  ( 3.532332510810048287, 20.00000000000000000, 0.004166666666666150529 ) ) ;
#3400 = AXIS2_PLACEMENT_3D ( 'NONE', #1454, #2044, #4839 ) ;
#3401 = DIRECTION ( 'NONE',  ( 0.000000000000000000, 0.6561787149247870765, -0.7546055221635045163 ) ) ;
#3402 = VERTEX_POINT ( 'NONE', #2065 ) ;
#3403 = CARTESIAN_POINT ( 'NONE',  ( -3.532332510810049619, 22.83689682258333775, -1.854166666666667185 ) ) ;
#3404 = ORIENTED_EDGE ( 'NONE', *, *, #5381, .F. ) ;
#3405 = DIRECTION ( 'NONE',  ( -0.000000000000000000, 1.000000000000000000, -0.000000000000000000 ) ) ;
#3406 = PLANE ( 'NONE',  #1643 ) ;
#3407 = DIRECTION ( 'NONE',  ( 0.000000000000000000, 0.000000000000000000, -1.000000000000000000 ) ) ;
#3408 = DIRECTION ( 'NONE',  ( 0.000000000000000000, 0.6561787149247501061, -0.7546055221635364907 ) ) ;
#3409 = TOROIDAL_SURFACE ( 'NONE', #3533, 0.1699999999999999845, 0.02000000000000000042 ) ;
#3410 = CARTESIAN_POINT ( 'NONE',  ( -3.266464433174221416, 0.000000000000000000, -3.266464433174220527 ) ) ;
#3411 = EDGE_CURVE ( 'NONE', #1950, #6653, #924, .T. ) ;
#3412 = EDGE_CURVE ( 'NONE', #2578, #389, #4513, .T. ) ;
#3413 = CYLINDRICAL_SURFACE ( 'NONE', #3824, 7.650000000000000355 ) ;
#3414 = CARTESIAN_POINT ( 'NONE',  ( 5.624665225307633243, 22.99999999999999645, -1.854166666666667407 ) ) ;
#3415 = EDGE_LOOP ( 'NONE', ( #6947, #7233, #6236, #2102 ) ) ;
#3416 = DIRECTION ( 'NONE',  ( 0.000000000000000000, 0.000000000000000000, -1.000000000000000000 ) ) ;
#3417 = EDGE_LOOP ( 'NONE', ( #2152, #3691, #6563, #2525 ) ) ;
#3418 = CIRCLE ( 'NONE', #6571, 0.01999999999999996225 ) ;
#3419 = CARTESIAN_POINT ( 'NONE',  ( 1.854166666666499985, 19.99999999999999645, -3.532332510810047843 ) ) ;
#3420 = ORIENTED_EDGE ( 'NONE', *, *, #2859, .F. ) ;
#3421 = B_SPLINE_CURVE_WITH_KNOTS ( 'NONE', 3,
 ( #2094, #4337, #2160, #6569, #6022, #2678, #6644, #489, #4928, #2127 ),
 .UNSPECIFIED., .F., .F.,
 ( 4, 3, 3, 4 ),
 ( -2.449489749371179143E-06, 0.000000000000000000, 4.097538642259669319E-05, 8.049306843309114701E-05 ),
 .UNSPECIFIED. ) ;
#3422 = EDGE_CURVE ( 'NONE', #2077, #3209, #3133, .T. ) ;
#3423 = CARTESIAN_POINT ( 'NONE',  ( -1.380000000000000115, 6.500000000000000000, -4.549999999999999822 ) ) ;
#3424 = EDGE_LOOP ( 'NONE', ( #6960, #5640, #2474, #6166 ) ) ;
#3425 = ORIENTED_EDGE ( 'NONE', *, *, #3422, .F. ) ;
#3426 = CARTESIAN_POINT ( 'NONE',  ( 1.854166666666500207, 22.67225364215574501, -6.548888703548342960 ) ) ;
#3427 = CARTESIAN_POINT ( 'NONE',  ( -1.854166666666499985, 22.99999999999998934, -6.594282824706779955 ) ) ;
#3428 = ORIENTED_EDGE ( 'NONE', *, *, #3327, .F. ) ;
#3429 = LINE ( 'NONE', #3393, #1601 ) ;
#3430 = ORIENTED_EDGE ( 'NONE', *, *, #2358, .T. ) ;
#3431 = DIRECTION ( 'NONE',  ( -0.000000000000000000, 1.000000000000000000, -0.000000000000000000 ) ) ;
#3432 = CARTESIAN_POINT ( 'NONE',  ( -6.594282824706732882, 22.99999999999998934, 1.854166666666667629 ) ) ;
#3433 = DIRECTION ( 'NONE',  ( 0.000000000000000000, 0.000000000000000000, -1.000000000000000000 ) ) ;
#3434 = CARTESIAN_POINT ( 'NONE',  ( 3.532332510810049175, 21.88023672718020762, 1.723878205214361081 ) ) ;
#3435 = VECTOR ( 'NONE', #1935, 1000.000000000000000 ) ;
#3436 = VECTOR ( 'NONE', #3647, 1000.000000000000000 ) ;
#3437 = CARTESIAN_POINT ( 'NONE',  ( -4.741034782807846071, 7.947103280109118373, 2.234160359978236254 ) ) ;
#3438 = EDGE_LOOP ( 'NONE', ( #3190, #6001, #4702, #4306 ) ) ;
#3439 = VECTOR ( 'NONE', #3658, 1000.000000000000114 ) ;
#3440 = CARTESIAN_POINT ( 'NONE',  ( 0.000000000000000000, 9.296555435952635449, -8.083961248654471632 ) ) ;
#3441 = VERTEX_POINT ( 'NONE', #5615 ) ;
#3442 = FACE_OUTER_BOUND ( 'NONE', #3579, .T. ) ;
#3443 = CARTESIAN_POINT ( 'NONE',  ( -3.956290731841335173, 5.626078208432425676, -3.226782805549678113 ) ) ;
#3444 = DIRECTION ( 'NONE',  ( -0.7071067811865401342, -3.056747976430751789E-16, -0.7071067811865550112 ) ) ;
#3445 = DIRECTION ( 'NONE',  ( 1.000000000000000000, 2.168404344971008252E-17, -8.673617379884035472E-17 ) ) ;
#3446 = DIRECTION ( 'NONE',  ( 0.000000000000000000, 0.000000000000000000, 1.000000000000000000 ) ) ;
#3447 = PRESENTATION_STYLE_ASSIGNMENT (( #7251 ) ) ;
#3448 = CARTESIAN_POINT ( 'NONE',  ( 1.379999999999999671, 6.649999999999999467, 4.400000000000000355 ) ) ;
#3449 = EDGE_LOOP ( 'NONE', ( #4670, #1532, #40, #123 ) ) ;
#3450 = CARTESIAN_POINT ( 'NONE',  ( -2.966664951328182642, 4.978965517241378258, 5.087985294887742427 ) ) ;
#3451 = ORIENTED_EDGE ( 'NONE', *, *, #5412, .T. ) ;
#3452 = FACE_OUTER_BOUND ( 'NONE', #6069, .T. ) ;
#3453 = VECTOR ( 'NONE', #4579, 1000.000000000000000 ) ;
#3454 = EDGE_CURVE ( 'NONE', #5414, #3042, #2258, .T. ) ;
#3455 = EDGE_CURVE ( 'NONE', #392, #5661, #3795, .T. ) ;
#3456 = EDGE_CURVE ( 'NONE', #5251, #3611, #3065, .T. ) ;
#3457 = APPLICATION_PROTOCOL_DEFINITION ( 'draft international standard', 'automotive_design', 1998, #5379 ) ;
#3458 = CIRCLE ( 'NONE', #2751, 0.1700000000000000122 ) ;
#3459 = DIRECTION ( 'NONE',  ( 0.4876598490941712050, -0.7241379310344822073, 0.4876598490941709274 ) ) ;
#3460 = ORIENTED_EDGE ( 'NONE', *, *, #2813, .T. ) ;
#3461 = ADVANCED_FACE ( 'NONE', ( #345 ), #2609, .T. ) ;
#3462 = VERTEX_POINT ( 'NONE', #4827 ) ;
#3463 = CARTESIAN_POINT ( 'NONE',  ( -1.399999999999999911, 12.37137186834969604, -1.898837853159277334 ) ) ;
#3464 = AXIS2_PLACEMENT_3D ( 'NONE', #1015, #4883, #7174 ) ;
#3465 = DIRECTION ( 'NONE',  ( 0.000000000000000000, 0.000000000000000000, 1.000000000000000000 ) ) ;
#3466 = AXIS2_PLACEMENT_3D ( 'NONE', #5111, #6823, #2792 ) ;
#3467 = VECTOR ( 'NONE', #989, 1000.000000000000000 ) ;
#3468 = DIRECTION ( 'NONE',  ( 0.000000000000000000, 0.000000000000000000, 1.000000000000000000 ) ) ;
#3469 = ORIENTED_EDGE ( 'NONE', *, *, #5296, .T. ) ;
#3470 = EDGE_CURVE ( 'NONE', #6201, #1554, #1320, .T. ) ;
#3471 = DIRECTION ( 'NONE',  ( 1.000000000000000000, 0.000000000000000000, 0.000000000000000000 ) ) ;
#3472 = ORIENTED_EDGE ( 'NONE', *, *, #1293, .T. ) ;
#3473 = DIRECTION ( 'NONE',  ( 0.000000000000000000, 1.000000000000000000, 0.000000000000000000 ) ) ;
#3474 = AXIS2_PLACEMENT_3D ( 'NONE', #1028, #6399, #4963 ) ;
#3475 = CARTESIAN_POINT ( 'NONE',  ( 1.379999999999999671, 6.500000000000000000, 4.549999999999999822 ) ) ;
#3476 = CARTESIAN_POINT ( 'NONE',  ( 3.532332510810048731, 20.08322537932066965, -0.4373813870863048070 ) ) ;
#3477 = VECTOR ( 'NONE', #1120, 1000.000000000000114 ) ;
#3478 = CIRCLE ( 'NONE', #4063, 0.1499999999999999667 ) ;
#3479 = CARTESIAN_POINT ( 'NONE',  ( 5.107491688851539813, 4.910000000000000142, 2.986171345291896095 ) ) ;
#3480 = ORIENTED_EDGE ( 'NONE', *, *, #5838, .T. ) ;
#3481 = CARTESIAN_POINT ( 'NONE',  ( -3.532332510810049619, 21.15185678870615149, -1.461445053145127737 ) ) ;
#3482 = VERTEX_POINT ( 'NONE', #2025 ) ;
#3483 = DIRECTION ( 'NONE',  ( 0.000000000000000000, 0.000000000000000000, -1.000000000000000000 ) ) ;
#3484 = CARTESIAN_POINT ( 'NONE',  ( -1.390180519077591548, 6.500000000000000000, 4.521998694580438460 ) ) ;
#3485 = CARTESIAN_POINT ( 'NONE',  ( 1.854166666666501539, 26.99986367804637410, 7.147016683033136530 ) ) ;
#3486 = CARTESIAN_POINT ( 'NONE',  ( -1.400000000000000133, 8.759938365018300033, -4.438449618462786184 ) ) ;
#3487 = VECTOR ( 'NONE', #3189, 1000.000000000000000 ) ;
#3488 = CARTESIAN_POINT ( 'NONE',  ( -1.099495185827165322, 20.57318593025058462, 6.433818836589888512 ) ) ;
#3489 = CARTESIAN_POINT ( 'NONE',  ( 6.449998654177294455, 20.00000000000000000, 0.004166666666666024761 ) ) ;
#3490 = CARTESIAN_POINT ( 'NONE',  ( 6.747380340403892340, 22.99999999999999645, -1.854166666666667407 ) ) ;
#3491 = ORIENTED_EDGE ( 'NONE', *, *, #5567, .T. ) ;
#3492 = CARTESIAN_POINT ( 'NONE',  ( 1.379999999999999671, 11.52975414413175947, 5.485303232940222706 ) ) ;
#3493 = ORIENTED_EDGE ( 'NONE', *, *, #5246, .F. ) ;
#3494 = FACE_OUTER_BOUND ( 'NONE', #2902, .T. ) ;
#3495 = EDGE_CURVE ( 'NONE', #1882, #6613, #5896, .T. ) ;
#3496 = DIRECTION ( 'NONE',  ( 0.000000000000000000, 1.000000000000000000, -0.000000000000000000 ) ) ;
#3497 = LINE ( 'NONE', #2348, #5929 ) ;
#3498 = VERTEX_POINT ( 'NONE', #5061 ) ;
#3499 = ORIENTED_EDGE ( 'NONE', *, *, #2784, .T. ) ;
#3500 = CARTESIAN_POINT ( 'NONE',  ( -0.004166666666499121811, 19.99999999999999645, 4.504887891932466637 ) ) ;
#3501 = LINE ( 'NONE', #2494, #4614 ) ;
#3502 = EDGE_CURVE ( 'NONE', #1993, #2754, #2246, .T. ) ;
#3503 = APPLICATION_CONTEXT ( 'automotive_design' ) ;
#3504 = FACE_OUTER_BOUND ( 'NONE', #1762, .T. ) ;
#3505 = ADVANCED_FACE ( 'NONE', ( #31 ), #7084, .F. ) ;
#3506 = DIRECTION ( 'NONE',  ( 1.000000000000000000, 2.168404344971008252E-17, -8.673617379884035472E-17 ) ) ;
#3507 = ORIENTED_EDGE ( 'NONE', *, *, #3412, .F. ) ;
#3508 = ORIENTED_EDGE ( 'NONE', *, *, #5759, .F. ) ;
#3509 = DIRECTION ( 'NONE',  ( 1.000000000000000000, 2.168404344971008252E-17, -8.673617379884035472E-17 ) ) ;
#3510 = CARTESIAN_POINT ( 'NONE',  ( 3.532332510810048287, 20.18509723848357496, -0.6513562542288942048 ) ) ;
#3511 = PRODUCT_RELATED_PRODUCT_CATEGORY ( 'part', '', ( #3882 ) ) ;
#3512 = EDGE_CURVE ( 'NONE', #4814, #1333, #3312, .T. ) ;
#3513 = DIRECTION ( 'NONE',  ( -0.000000000000000000, -1.000000000000000000, -0.000000000000000000 ) ) ;
#3514 = ORIENTED_EDGE ( 'NONE', *, *, #1434, .F. ) ;
#3515 = CARTESIAN_POINT ( 'NONE',  ( -7.248827492908195502, 3.153668633940836852, 2.444832771519096060 ) ) ;
#3516 = VERTEX_POINT ( 'NONE', #2682 ) ;
#3517 = DIRECTION ( 'NONE',  ( 0.7071067811865563435, 0.000000000000000000, -0.7071067811865388020 ) ) ;
#3518 = DIRECTION ( 'NONE',  ( -0.7071067811865403563, -1.360023205165816121E-16, -0.7071067811865547892 ) ) ;
#3519 = CARTESIAN_POINT ( 'NONE',  ( -5.036781010732915398, 4.909999999999999254, 2.915460667173190412 ) ) ;
#3520 = CARTESIAN_POINT ( 'NONE',  ( 0.000000000000000000, 28.99999999999999645, 0.000000000000000000 ) ) ;
#3521 = VECTOR ( 'NONE', #4696, 1000.000000000000000 ) ;
#3522 = CARTESIAN_POINT ( 'NONE',  ( -1.821875480919906032, 22.35534886061988047, 6.514295127691120513 ) ) ;
#3523 = CARTESIAN_POINT ( 'NONE',  ( 6.548888703548295886, 22.67225364215574501, 1.854166666666666519 ) ) ;
#3524 = DIRECTION ( 'NONE',  ( 0.000000000000000000, 0.000000000000000000, -1.000000000000000000 ) ) ;
#3525 = ORIENTED_EDGE ( 'NONE', *, *, #4904, .T. ) ;
#3526 = DIRECTION ( 'NONE',  ( 0.4876598490941728703, 0.7241379310344820963, -0.4876598490941694286 ) ) ;
#3527 = ORIENTED_EDGE ( 'NONE', *, *, #578, .T. ) ;
#3528 = AXIS2_PLACEMENT_3D ( 'NONE', #1157, #5645, #3855 ) ;
#3529 = DIRECTION ( 'NONE',  ( 1.000000000000000000, 0.000000000000000000, 0.000000000000000000 ) ) ;
#3530 = CARTESIAN_POINT ( 'NONE',  ( 1.608434873676570787, 21.48761926104689834, 3.532332510810049175 ) ) ;
#3531 = FACE_BOUND ( 'NONE', #2297, .T. ) ;
#3532 = VERTEX_POINT ( 'NONE', #1511 ) ;
#3533 = AXIS2_PLACEMENT_3D ( 'NONE', #6540, #1510, #4900 ) ;
#3534 = ORIENTED_EDGE ( 'NONE', *, *, #930, .F. ) ;
#3535 = CARTESIAN_POINT ( 'NONE',  ( 1.821875480919906254, 22.35534886061988757, -6.514295127691122289 ) ) ;
#3536 = B_SPLINE_CURVE_WITH_KNOTS ( 'NONE', 3,
 ( #2917, #1270, #4765, #3550, #6409, #6949, #4618, #3515, #2994, #717 ),
 .UNSPECIFIED., .F., .F.,
 ( 4, 2, 2, 2, 4 ),
 ( 4.336808689942017736E-19, 0.0002774483335560877159, 0.0004161725003341313570, 0.0004855345837231531776, 0.0005548966671121749981 ),
 .UNSPECIFIED. ) ;
#3537 = CARTESIAN_POINT ( 'NONE',  ( -2.969848480983500405, 1.499999999999999556, 7.049999999999999822 ) ) ;
#3538 = CARTESIAN_POINT ( 'NONE',  ( 1.399999999999999689, 12.37137186834970137, 1.898837853159277556 ) ) ;
#3539 = DIRECTION ( 'NONE',  ( -1.000000000000000000, -0.000000000000000000, -0.000000000000000000 ) ) ;
#3540 = ORIENTED_EDGE ( 'NONE', *, *, #3773, .F. ) ;
#3541 =( LENGTH_UNIT ( ) NAMED_UNIT ( * ) SI_UNIT ( .MILLI., .METRE. ) );
#3542 = ORIENTED_EDGE ( 'NONE', *, *, #4532, .T. ) ;
#3543 = EDGE_CURVE ( 'NONE', #5469, #6796, #7250, .T. ) ;
#3544 = CARTESIAN_POINT ( 'NONE',  ( 3.956290731841337838, 2.373921791567575657, 3.226782805549678557 ) ) ;
#3545 = ADVANCED_FACE ( 'NONE', ( #4902 ), #2222, .T. ) ;
#3546 = CARTESIAN_POINT ( 'NONE',  ( 3.532332510810048287, 20.33256902034738545, -0.8508374451725471133 ) ) ;
#3547 = ADVANCED_FACE ( 'NONE', ( #5097 ), #107, .T. ) ;
#3548 = CARTESIAN_POINT ( 'NONE',  ( 0.000000000000000000, 8.631655426250503638, -4.400000000000000355 ) ) ;
#3549 = ORIENTED_EDGE ( 'NONE', *, *, #6071, .F. ) ;
#3550 = CARTESIAN_POINT ( 'NONE',  ( -7.199799341529544705, 3.046643593403177697, 2.586003223429774955 ) ) ;
#3552 = EDGE_LOOP ( 'NONE', ( #4628, #6430, #162, #5327 ) ) ;
#3551 = EDGE_CURVE ( 'NONE', #1655, #1298, #1082, .T. ) ;
#3553 = CARTESIAN_POINT ( 'NONE',  ( 5.624665225306112681, 19.99999999999999645, 1.854166666666666297 ) ) ;
#3554 = CARTESIAN_POINT ( 'NONE',  ( -1.854166666666499763, 19.99999999999999645, -5.624665225307651895 ) ) ;
#3555 = CARTESIAN_POINT ( 'NONE',  ( 7.252000366886311333, 3.200000000000000178, -2.435362535369390180 ) ) ;
#3556 = CARTESIAN_POINT ( 'NONE',  ( 1.390180519077591104, 6.500000000000000000, -0.8009322421621059007 ) ) ;
#3557 = AXIS2_PLACEMENT_3D ( 'NONE', #940, #5833, #6374 ) ;
#3558 = CIRCLE ( 'NONE', #4142, 0.02000000000000005246 ) ;
#3559 = AXIS2_PLACEMENT_3D ( 'NONE', #4391, #2397, #6186 ) ;
#3560 = CARTESIAN_POINT ( 'NONE',  ( -1.309725058591316049, 20.86964120518032217, 6.434237459869079245 ) ) ;
#3561 = CARTESIAN_POINT ( 'NONE',  ( 6.448554778253350328, 21.41876645049924122, 1.580171030293671786 ) ) ;
#3562 = DIRECTION ( 'NONE',  ( 0.000000000000000000, 0.000000000000000000, 1.000000000000000000 ) ) ;
#3563 = AXIS2_PLACEMENT_3D ( 'NONE', #853, #6354, #4793 ) ;
#3564 = ORIENTED_EDGE ( 'NONE', *, *, #2327, .F. ) ;
#3565 = LINE ( 'NONE', #6453, #4308 ) ;
#3566 = ORIENTED_EDGE ( 'NONE', *, *, #2816, .F. ) ;
#3567 = EDGE_CURVE ( 'NONE', #4154, #3838, #6388, .T. ) ;
#3568 = DIRECTION ( 'NONE',  ( 0.000000000000000000, -0.1643989873053572914, -0.9863939238321437486 ) ) ;
#3569 = AXIS2_PLACEMENT_3D ( 'NONE', #834, #800, #5244 ) ;
#3570 = CARTESIAN_POINT ( 'NONE',  ( 0.000000000000000000, 7.500000000000000000, 0.000000000000000000 ) ) ;
#3571 = CARTESIAN_POINT ( 'NONE',  ( -1.380000000000000115, 8.631655426250503638, 4.549999999999999822 ) ) ;
#3572 = ORIENTED_EDGE ( 'NONE', *, *, #1336, .T. ) ;
#3573 = ORIENTED_EDGE ( 'NONE', *, *, #2493, .T. ) ;
#3574 = CARTESIAN_POINT ( 'NONE',  ( -1.380000000000000115, 9.296555435952635449, 8.083961248654471632 ) ) ;
#3575 = CONICAL_SURFACE ( 'NONE', #2625, 8.250000000000007105, 0.7853981633974482790 ) ;
#3576 = PLANE ( 'NONE',  #182 ) ;
#3577 = DIRECTION ( 'NONE',  ( -1.000000000000000000, -2.168404344971008252E-17, -8.673617379884035472E-17 ) ) ;
#3578 = EDGE_LOOP ( 'NONE', ( #3147, #5657, #2613, #125 ) ) ;
#3579 = EDGE_LOOP ( 'NONE', ( #2241, #3780 ) ) ;
#3580 = VECTOR ( 'NONE', #1049, 1000.000000000000000 ) ;
#3581 = DIRECTION ( 'NONE',  ( 0.000000000000000000, 0.000000000000000000, 1.000000000000000000 ) ) ;
#3582 = AXIS2_PLACEMENT_3D ( 'NONE', #4843, #3668, #1499 ) ;
#3583 = CARTESIAN_POINT ( 'NONE',  ( 0.08414317496828102594, 20.00000000000000000, 3.532332510810050952 ) ) ;
#3584 = EDGE_CURVE ( 'NONE', #5057, #716, #6196, .T. ) ;
#3585 = B_SPLINE_CURVE_WITH_KNOTS ( 'NONE', 3,
 ( #4981, #7206, #2184, #6330, #59, #6220, #5749, #5051, #3434, #1149, #4546, #6254, #2802, #2876, #5676, #6297, #1814, #164, #646, #4504, #1745, #1707, #1854, #98, #4613, #6728, #712, #22, #5196, #2245, #2326, #6800, #3399 ),
 .UNSPECIFIED., .F., .F.,
 ( 4, 1, 1, 1, 2, 2, 1, 1, 1, 1, 2, 2, 1, 1, 1, 1, 2, 2, 1, 1, 2, 2, 4 ),
 ( 0.000000000000000000, 0.1249999999999777400, 0.1874999999999666100, 0.2187499999999610312, 0.2343749999999595879, 0.2499999999999581446, 0.3749999999999591438, 0.4374999999999608646, 0.4687499999999630851, 0.4843749999999641398, 0.4921874999999646949, 0.4999999999999652500, 0.6249999999999645839, 0.6874999999999643618, 0.7187499999999642508, 0.7343749999999641398, 0.7421874999999651390, 0.7499999999999660272, 0.8124999999999767963, 0.8437499999999830136, 0.8593749999999854561, 0.8749999999999877875, 1.000000000000000000 ),
 .UNSPECIFIED. ) ;
#3586 = DIRECTION ( 'NONE',  ( 1.000000000000000000, 0.000000000000000000, 0.000000000000000000 ) ) ;
#3587 = EDGE_LOOP ( 'NONE', ( #274, #1502, #5133, #3760 ) ) ;
#3588 = VECTOR ( 'NONE', #5236, 1000.000000000000000 ) ;
#3589 = CARTESIAN_POINT ( 'NONE',  ( -3.532332510810048731, 21.16916132559189734, -1.469733070299506839 ) ) ;
#3590 = ORIENTED_EDGE ( 'NONE', *, *, #3470, .F. ) ;
#3591 = CARTESIAN_POINT ( 'NONE',  ( 0.000000000000000000, 3.000000000000000000, 0.000000000000000000 ) ) ;
#3592 = CARTESIAN_POINT ( 'NONE',  ( -1.399999999999999911, 6.500000000000000000, 4.483107698211994396 ) ) ;
#3593 = CARTESIAN_POINT ( 'NONE',  ( 0.000000000000000000, 10.00000000000000000, 0.000000000000000000 ) ) ;
#3594 = CARTESIAN_POINT ( 'NONE',  ( 1.379999999999999671, 8.744846254575030287, -4.451573192761281383 ) ) ;
#3595 = VECTOR ( 'NONE', #7050, 1000.000000000000114 ) ;
#3596 = ADVANCED_FACE ( 'NONE', ( #5647 ), #3199, .T. ) ;
#3597 = DIRECTION ( 'NONE',  ( 0.7071067811865403563, 0.000000000000000000, 0.7071067811865547892 ) ) ;
#3598 =( BOUNDED_CURVE ( )  B_SPLINE_CURVE ( 3, ( #3140, #3544, #1996, #5378 ),
 .UNSPECIFIED., .F., .T. ) 
 B_SPLINE_CURVE_WITH_KNOTS ( ( 4, 4 ),
 ( 5.978492653164188653, 6.587877961194983811 ),
 .UNSPECIFIED. ) 
 CURVE ( )  GEOMETRIC_REPRESENTATION_ITEM ( )  RATIONAL_B_SPLINE_CURVE ( ( 1.000000000000000000, 0.9692928009446304394, 0.9692928009446304394, 1.000000000000000000 ) ) 
 REPRESENTATION_ITEM ( '' )  );
#3599 = CARTESIAN_POINT ( 'NONE',  ( 6.439203257500744293, 21.12803859107788895, 1.449836489328832245 ) ) ;
#3600 = AXIS2_PLACEMENT_3D ( 'NONE', #3924, #2841, #6152 ) ;
#3601 = DIRECTION ( 'NONE',  ( 1.000000000000000000, 0.000000000000000000, 0.000000000000000000 ) ) ;
#3602 = EDGE_LOOP ( 'NONE', ( #2381, #4790, #1179, #5403 ) ) ;
#3603 = CARTESIAN_POINT ( 'NONE',  ( 6.439720414820113703, 21.14765308476522421, -1.459418320901581190 ) ) ;
#3604 = VERTEX_POINT ( 'NONE', #3967 ) ;
#3605 = DIRECTION ( 'NONE',  ( 1.000000000000000000, -0.000000000000000000, 0.000000000000000000 ) ) ;
#3606 = CIRCLE ( 'NONE', #2888, 0.02000000000000003511 ) ;
#3607 = AXIS2_PLACEMENT_3D ( 'NONE', #2944, #6326, #2434 ) ;
#3608 = CARTESIAN_POINT ( 'NONE',  ( -1.379999999999999893, 12.34999999999999964, -2.027069063257456172 ) ) ;
#3609 = EDGE_CURVE ( 'NONE', #2508, #5251, #1754, .T. ) ;
#3610 = CARTESIAN_POINT ( 'NONE',  ( 1.379999999999999671, 9.768344573749500270, -5.400000000000000355 ) ) ;
#3611 = VERTEX_POINT ( 'NONE', #1786 ) ;
#3612 = ORIENTED_EDGE ( 'NONE', *, *, #4186, .T. ) ;
#3613 = CARTESIAN_POINT ( 'NONE',  ( -3.266464433174220527, 29.00000000000000000, 3.266464433174222304 ) ) ;
#3614 = DIRECTION ( 'NONE',  ( 0.6936187941687647074, -0.000000000000000000, -0.7203422578024065714 ) ) ;
#3615 = DIRECTION ( 'NONE',  ( 0.7071067811865475727, -3.056747976430751789E-16, -0.7071067811865475727 ) ) ;
#3616 = DIRECTION ( 'NONE',  ( 0.000000000000000000, -0.000000000000000000, 1.000000000000000000 ) ) ;
#3617 = DIRECTION ( 'NONE',  ( -1.000000000000000000, -0.000000000000000000, -0.000000000000000000 ) ) ;
#3618 = EDGE_LOOP ( 'NONE', ( #3491, #3566, #1306, #167 ) ) ;
#3619 = ORIENTED_EDGE ( 'NONE', *, *, #2923, .T. ) ;
#3620 = CARTESIAN_POINT ( 'NONE',  ( -3.397045344066844663, 1.653845617810561608, -6.854399480517451515 ) ) ;
#3621 = CARTESIAN_POINT ( 'NONE',  ( 3.532332510810048731, 21.75991375089111202, -1.690371092688558230 ) ) ;
#3622 = FACE_OUTER_BOUND ( 'NONE', #6462, .T. ) ;
#3623 = ORIENTED_EDGE ( 'NONE', *, *, #6586, .F. ) ;
#3624 = LINE ( 'NONE', #2362, #2296 ) ;
#3625 = ORIENTED_EDGE ( 'NONE', *, *, #2637, .F. ) ;
#3626 = CYLINDRICAL_SURFACE ( 'NONE', #2307, 7.650000000000000355 ) ;
#3627 = LINE ( 'NONE', #2443, #3521 ) ;
#3628 = CARTESIAN_POINT ( 'NONE',  ( 0.004166666666499558962, 19.99999999999999645, -5.624665225306147320 ) ) ;
#3629 = DIRECTION ( 'NONE',  ( 1.000000000000000000, 2.168404344971008252E-17, -8.673617379884035472E-17 ) ) ;
#3630 = EDGE_CURVE ( 'NONE', #5540, #967, #5666, .T. ) ;
#3631 = CARTESIAN_POINT ( 'NONE',  ( -0.8278389525919830350, 20.31343895320944526, 6.438828077034718156 ) ) ;
#3632 = CARTESIAN_POINT ( 'NONE',  ( 6.437724768644972784, 21.06731949427997108, 1.419297656121751849 ) ) ;
#3633 = CARTESIAN_POINT ( 'NONE',  ( 2.179449471770337432, 7.499999999999998224, 4.500000000000000000 ) ) ;
#3634 = CARTESIAN_POINT ( 'NONE',  ( -6.437177341521850948, 20.38644709989188897, 0.9124905508457463732 ) ) ;
#3635 = ORIENTED_EDGE ( 'NONE', *, *, #2551, .F. ) ;
#3636 = CARTESIAN_POINT ( 'NONE',  ( 6.492400023235875395, 22.08887031454437988, -1.766827620535559085 ) ) ;
#3637 = ORIENTED_EDGE ( 'NONE', *, *, #426, .F. ) ;
#3638 = DIRECTION ( 'NONE',  ( 0.000000000000000000, -0.9863939238321414171, 0.1643989873053713635 ) ) ;
#3639 = EDGE_CURVE ( 'NONE', #2778, #3170, #214, .T. ) ;
#3640 = EDGE_CURVE ( 'NONE', #4616, #340, #5684, .T. ) ;
#3641 = EDGE_CURVE ( 'NONE', #1373, #3765, #6039, .T. ) ;
#3642 = CARTESIAN_POINT ( 'NONE',  ( 3.354731286224073905, 1.601558808504983666, 6.875221135459824495 ) ) ;
#3643 = FACE_OUTER_BOUND ( 'NONE', #2071, .T. ) ;
#3644 = EDGE_LOOP ( 'NONE', ( #194, #7090, #2670, #1252 ) ) ;
#3645 = PRODUCT_DEFINITION_SHAPE ( 'NONE', 'NONE',  #7252 ) ;
#3646 = VERTEX_POINT ( 'NONE', #3486 ) ;
#3647 = DIRECTION ( 'NONE',  ( 1.000000000000000000, -0.000000000000000000, 0.000000000000000000 ) ) ;
#3648 = CARTESIAN_POINT ( 'NONE',  ( -1.854166666666499319, 26.99986408759121304, 7.147016739317357370 ) ) ;
#3649 = PLANE ( 'NONE',  #6715 ) ;
#3650 = ADVANCED_FACE ( 'NONE', ( #4664 ), #5796, .F. ) ;
#3651 = VECTOR ( 'NONE', #3614, 1000.000000000000114 ) ;
#3652 = CARTESIAN_POINT ( 'NONE',  ( -2.179449471770337432, 7.499999999999998224, 4.500000000000000000 ) ) ;
#3653 = CARTESIAN_POINT ( 'NONE',  ( 0.000000000000000000, 12.50000000000000000, -4.343903740188082452 ) ) ;
#3654 = ORIENTED_EDGE ( 'NONE', *, *, #6458, .T. ) ;
#3655 = ORIENTED_EDGE ( 'NONE', *, *, #2161, .F. ) ;
#3656 = VECTOR ( 'NONE', #1091, 1000.000000000000114 ) ;
#3657 = ADVANCED_FACE ( 'NONE', ( #2846 ), #1275, .T. ) ;
#3658 = DIRECTION ( 'NONE',  ( 0.000000000000000000, -0.6561787149247869655, 0.7546055221635044052 ) ) ;
#3659 = CARTESIAN_POINT ( 'NONE',  ( 3.976120838953064673, 3.090000000000000746, 3.976120838953062009 ) ) ;
#3660 = EDGE_LOOP ( 'NONE', ( #5964, #208, #2095, #1567 ) ) ;
#3661 = LINE ( 'NONE', #1523, #894 ) ;
#3662 = VERTEX_POINT ( 'NONE', #173 ) ;
#3663 = DIRECTION ( 'NONE',  ( 0.000000000000000000, 0.000000000000000000, 1.000000000000000000 ) ) ;
#3664 = CYLINDRICAL_SURFACE ( 'NONE', #2104, 6.450000000000001066 ) ;
#3665 = LINE ( 'NONE', #2477, #2038 ) ;
#3666 = LINE ( 'NONE', #3112, #4968 ) ;
#3667 = PLANE ( 'NONE',  #2636 ) ;
#3668 = DIRECTION ( 'NONE',  ( 0.7071067811865403563, 1.360023205165816614E-16, 0.7071067811865549002 ) ) ;
#3669 = CARTESIAN_POINT ( 'NONE',  ( 7.421897733883310977, 28.99999999999999645, 1.854166666666666075 ) ) ;
#3670 = CARTESIAN_POINT ( 'NONE',  ( -6.448241193902568114, 20.03329218668983458, 0.3224265684405464572 ) ) ;
#3671 = ORIENTED_EDGE ( 'NONE', *, *, #4679, .T. ) ;
#3672 = CARTESIAN_POINT ( 'NONE',  ( 6.490935200614143419, 22.07148062438314895, -1.763379012428065051 ) ) ;
#3673 = ORIENTED_EDGE ( 'NONE', *, *, #3567, .T. ) ;
#3674 = DIRECTION ( 'NONE',  ( -1.000000000000000000, 0.000000000000000000, -0.000000000000000000 ) ) ;
#3675 = EDGE_CURVE ( 'NONE', #4831, #2663, #5192, .T. ) ;
#3676 = DIRECTION ( 'NONE',  ( 0.000000000000000000, -0.000000000000000000, 1.000000000000000000 ) ) ;
#3677 = EDGE_CURVE ( 'NONE', #5274, #340, #1670, .T. ) ;
#3678 = B_SPLINE_CURVE_WITH_KNOTS ( 'NONE', 3,
 ( #5448, #2576, #3839, #4349, #1517, #4834, #3275, #6579, #4318, #1001, #4279, #6032, #6074, #1071, #427, #3871, #1551, #3799, #7195, #3243, #386, #6514, #1038, #5491, #6105, #498, #466, #2616, #2688, #2723, #1484, #4939 ),
 .UNSPECIFIED., .F., .F.,
 ( 4, 1, 1, 2, 2, 1, 1, 1, 2, 2, 1, 1, 1, 1, 2, 2, 1, 1, 1, 2, 2, 4 ),
 ( 0.000000000000000000, 0.06250000000000587030, 0.09375000000000850708, 0.1093750000000098394, 0.1250000000000111577, 0.1875000000000131839, 0.2187500000000142109, 0.2343750000000147105, 0.2421875000000149880, 0.2500000000000152101, 0.3750000000000118794, 0.4375000000000101585, 0.4687500000000104361, 0.4843750000000106026, 0.4921875000000107137, 0.5000000000000107692, 0.6250000000000093259, 0.6875000000000098810, 0.7187500000000101030, 0.7343750000000089928, 0.7500000000000077716, 1.000000000000000000 ),
 .UNSPECIFIED. ) ;
#3679 = ORIENTED_EDGE ( 'NONE', *, *, #3992, .T. ) ;
#3680 = LINE ( 'NONE', #4157, #1555 ) ;
#3681 = AXIS2_PLACEMENT_3D ( 'NONE', #6981, #5269, #4095 ) ;
#3682 = EDGE_CURVE ( 'NONE', #2452, #5438, #535, .T. ) ;
#3683 = EDGE_CURVE ( 'NONE', #1007, #1427, #5245, .T. ) ;
#3684 = DIRECTION ( 'NONE',  ( -8.409885494133522965E-15, 0.5961196035938423066, 0.8028956459037004390 ) ) ;
#3685 = B_SPLINE_CURVE_WITH_KNOTS ( 'NONE', 3,
 ( #81, #10, #1732, #3902, #5626, #3976, #2312, #6207, #1172, #3423 ),
 .UNSPECIFIED., .F., .F.,
 ( 4, 3, 3, 4 ),
 ( 0.000000000000000000, 3.932309463598233521E-05, 8.009671586239441431E-05, 8.254620561176652350E-05 ),
 .UNSPECIFIED. ) ;
#3686 = CARTESIAN_POINT ( 'NONE',  ( -1.380560112054757926, 6.500000000000000000, 0.7744648667341184067 ) ) ;
#3687 = B_SPLINE_CURVE_WITH_KNOTS ( 'NONE', 3,
 ( #5270, #3583, #6944, #749, #1922, #280, #5234, #2503, #4690, #4205, #6906, #1886, #4169, #3028, #4131, #241, #4114, #733, #4192, #191, #147, #773, #6279, #3530, #5216, #6426, #5807, #5326, #6317, #2423, #4739, #4046 ),
 .UNSPECIFIED., .F., .F.,
 ( 4, 1, 1, 2, 2, 1, 1, 1, 2, 2, 1, 1, 1, 1, 2, 2, 1, 1, 1, 2, 2, 4 ),
 ( 0.000000000000000000, 0.06250000000000335842, 0.09375000000000473233, 0.1093750000000054123, 0.1250000000000061062, 0.1875000000000120182, 0.2187500000000142664, 0.2343750000000145994, 0.2421875000000147660, 0.2500000000000149325, 0.3750000000000147105, 0.4375000000000134892, 0.4687500000000128786, 0.4843750000000125455, 0.4921875000000123235, 0.5000000000000121014, 0.6250000000000038858, 0.6874999999999998890, 0.7187499999999965583, 0.7343749999999961142, 0.7499999999999957812, 1.000000000000000000 ),
 .UNSPECIFIED. ) ;
#3688 = EDGE_CURVE ( 'NONE', #708, #591, #2588, .T. ) ;
#3689 = FACE_OUTER_BOUND ( 'NONE', #3144, .T. ) ;
#3690 = CYLINDRICAL_SURFACE ( 'NONE', #2532, 0.1000000000000001443 ) ;
#3691 = ORIENTED_EDGE ( 'NONE', *, *, #189, .F. ) ;
#3692 = ORIENTED_EDGE ( 'NONE', *, *, #5445, .F. ) ;
#3693 = LINE ( 'NONE', #205, #521 ) ;
#3694 = AXIS2_PLACEMENT_3D ( 'NONE', #6767, #2357, #2947 ) ;
#3695 = ADVANCED_FACE ( 'NONE', ( #2046 ), #6246, .T. ) ;
#3696 = B_SPLINE_CURVE_WITH_KNOTS ( 'NONE', 3,
 ( #5277, #5243, #1894, #2408, #4137, #3484, #6809, #1346, #3592, #4103 ),
 .UNSPECIFIED., .F., .F.,
 ( 4, 3, 3, 4 ),
 ( -2.449489749372115115E-06, 0.000000000000000000, 4.097538642259614431E-05, 8.049306843309046939E-05 ),
 .UNSPECIFIED. ) ;
#3697 = ADVANCED_FACE ( 'NONE', ( #5421 ), #1348, .F. ) ;
#3698 = VECTOR ( 'NONE', #4515, 1000.000000000000000 ) ;
#3699 = DIRECTION ( 'NONE',  ( -1.000000000000000000, -2.168404344971008252E-17, -8.673617379884035472E-17 ) ) ;
#3700 = ORIENTED_EDGE ( 'NONE', *, *, #5925, .F. ) ;
#3701 = DIRECTION ( 'NONE',  ( 1.000000000000000000, 2.168404344971008252E-17, 8.673617379884035472E-17 ) ) ;
#3702 = EDGE_LOOP ( 'NONE', ( #4135, #3534, #6839, #527 ) ) ;
#3703 = CARTESIAN_POINT ( 'NONE',  ( 1.399999999999999689, 0.000000000000000000, -5.530000000000000249 ) ) ;
#3704 = AXIS2_PLACEMENT_3D ( 'NONE', #3331, #4548, #2774 ) ;
#3705 = DIRECTION ( 'NONE',  ( -0.7071067811865451302, 0.000000000000000000, -0.7071067811865500152 ) ) ;
#3706 = CARTESIAN_POINT ( 'NONE',  ( 1.045004651996030542, -1.407485477710246791, -1.045004651996023881 ) ) ;
#3707 = CARTESIAN_POINT ( 'NONE',  ( -4.504887891932463972, 19.99999999999999645, -0.004166666666667291977 ) ) ;
#3708 = AXIS2_PLACEMENT_3D ( 'NONE', #6103, #463, #5517 ) ;
#3709 = AXIS2_PLACEMENT_3D ( 'NONE', #1780, #6405, #715 ) ;
#3710 = DIRECTION ( 'NONE',  ( 8.409885494133524543E-15, 0.5961196035938418625, -0.8028956459037006610 ) ) ;
#3711 = ADVANCED_BREP_SHAPE_REPRESENTATION ( '', ( #771, #5484 ), #4545 ) ;
#3712 = CARTESIAN_POINT ( 'NONE',  ( 3.262446522120524772, 1.546643593403177031, -6.919607353035441832 ) ) ;
#3713 = FACE_OUTER_BOUND ( 'NONE', #562, .T. ) ;
#3714 = CARTESIAN_POINT ( 'NONE',  ( -6.441146837634345701, 21.19815402259099102, 1.483435532838271786 ) ) ;
#3715 = VERTEX_POINT ( 'NONE', #3594 ) ;
#3716 = CARTESIAN_POINT ( 'NONE',  ( 6.449998654177294455, 20.00000000000000000, -0.004166666666667291977 ) ) ;
#3717 = VERTEX_POINT ( 'NONE', #5389 ) ;
#3718 = CIRCLE ( 'NONE', #4181, 0.1700000000000000122 ) ;
#3719 = CARTESIAN_POINT ( 'NONE',  ( 0.000000000000000000, 8.000000000000000000, 0.000000000000000000 ) ) ;
#3720 = ORIENTED_EDGE ( 'NONE', *, *, #3261, .F. ) ;
#3721 = DIRECTION ( 'NONE',  ( -0.000000000000000000, -0.000000000000000000, 1.000000000000000000 ) ) ;
#3722 = VERTEX_POINT ( 'NONE', #2512 ) ;
#3723 = DIRECTION ( 'NONE',  ( -0.000000000000000000, -0.6561787149247684248, -0.7546055221635205035 ) ) ;
#3724 = DIRECTION ( 'NONE',  ( 0.000000000000000000, 1.000000000000000000, 0.000000000000000000 ) ) ;
#3725 = ADVANCED_FACE ( 'NONE', ( #363 ), #6525, .F. ) ;
#3726 = CARTESIAN_POINT ( 'NONE',  ( -1.379999999999999893, 12.34999999999999964, -2.027069063257456172 ) ) ;
#3727 = ADVANCED_FACE ( 'NONE', ( #250 ), #5904, .F. ) ;
#3728 = VECTOR ( 'NONE', #3526, 1000.000000000000114 ) ;
#3729 = CARTESIAN_POINT ( 'NONE',  ( 3.956290731841335173, 5.626078208432425676, 3.226782805549678113 ) ) ;
#3730 = CARTESIAN_POINT ( 'NONE',  ( 2.966664951328145339, 3.021034482758619522, -5.087985294887761079 ) ) ;
#3731 = ORIENTED_EDGE ( 'NONE', *, *, #4974, .F. ) ;
#3732 = ORIENTED_EDGE ( 'NONE', *, *, #5740, .F. ) ;
#3733 = CARTESIAN_POINT ( 'NONE',  ( 9.720726202350367267E-16, -0.2000000000000000944, -7.937575314873084764 ) ) ;
#3734 = DIRECTION ( 'NONE',  ( 0.000000000000000000, 1.000000000000000000, -0.000000000000000000 ) ) ;
#3735 = EDGE_LOOP ( 'NONE', ( #2934, #1359, #5829, #2283 ) ) ;
#3736 = FACE_OUTER_BOUND ( 'NONE', #3030, .T. ) ;
#3737 = VERTEX_POINT ( 'NONE', #3074 ) ;
#3738 = CARTESIAN_POINT ( 'NONE',  ( 1.854166666666501317, 22.99999999999998934, 6.594282824706779067 ) ) ;
#3739 = CARTESIAN_POINT ( 'NONE',  ( 4.741006527942210447, 7.947084575471273560, -2.234154015110208835 ) ) ;
#3740 = DIRECTION ( 'NONE',  ( 1.000000000000000000, 2.168404344971008252E-17, 8.673617379884035472E-17 ) ) ;
#3741 = DIRECTION ( 'NONE',  ( -0.7071067811865496822, 0.000000000000000000, 0.7071067811865453523 ) ) ;
#3742 = ADVANCED_FACE ( 'NONE', ( #1896 ), #4290, .F. ) ;
#3743 = CARTESIAN_POINT ( 'NONE',  ( -1.374451832302667542, 20.97407497669639298, 3.532332510810048287 ) ) ;
#3744 = CARTESIAN_POINT ( 'NONE',  ( -4.500000000000000000, 1.500000000000000444, 2.179449471770337432 ) ) ;
#3745 = DIRECTION ( 'NONE',  ( -1.000000000000000000, 0.000000000000000000, 0.000000000000000000 ) ) ;
#3746 = CARTESIAN_POINT ( 'NONE',  ( 0.004166666666499566768, 20.00000000000000000, -6.449998654177294455 ) ) ;
#3747 = ORIENTED_EDGE ( 'NONE', *, *, #355, .F. ) ;
#3748 = CARTESIAN_POINT ( 'NONE',  ( 0.000000000000000000, 2.428148006742123499, 0.000000000000000000 ) ) ;
#3749 = VERTEX_POINT ( 'NONE', #3036 ) ;
#3750 = LINE ( 'NONE', #6425, #836 ) ;
#3751 = DIRECTION ( 'NONE',  ( 0.000000000000000000, 1.000000000000000000, 0.000000000000000000 ) ) ;
#3752 = CARTESIAN_POINT ( 'NONE',  ( 0.000000000000000000, 0.000000000000000000, 4.400000000000000355 ) ) ;
#3753 = ORIENTED_EDGE ( 'NONE', *, *, #1984, .F. ) ;
#3754 = CARTESIAN_POINT ( 'NONE',  ( -6.594282824706732882, 22.99999999999998934, 1.854166666666667629 ) ) ;
#3755 = CARTESIAN_POINT ( 'NONE',  ( 2.571963978632909598, 3.200000000000000178, 7.204686064820227109 ) ) ;
#3756 = DIRECTION ( 'NONE',  ( -1.000000000000000000, -0.000000000000000000, -0.000000000000000000 ) ) ;
#3757 = AXIS2_PLACEMENT_3D ( 'NONE', #6184, #5085, #2286 ) ;
#3758 = FACE_OUTER_BOUND ( 'NONE', #6275, .T. ) ;
#3759 = ORIENTED_EDGE ( 'NONE', *, *, #4588, .T. ) ;
#3760 = ORIENTED_EDGE ( 'NONE', *, *, #988, .T. ) ;
#3761 = DIRECTION ( 'NONE',  ( 1.000000000000000000, 0.000000000000000000, 0.000000000000000000 ) ) ;
#3762 = EDGE_LOOP ( 'NONE', ( #2808, #371, #6013, #5004 ) ) ;
#3763 = DIRECTION ( 'NONE',  ( -0.000000000000000000, 1.000000000000000000, -0.000000000000000000 ) ) ;
#3764 = EDGE_CURVE ( 'NONE', #7167, #4657, #4214, .T. ) ;
#3765 = VERTEX_POINT ( 'NONE', #4139 ) ;
#3766 = AXIS2_PLACEMENT_3D ( 'NONE', #3348, #494, #3306 ) ;
#3767 = CARTESIAN_POINT ( 'NONE',  ( 0.004166666666500936332, 19.99999999999999645, 4.504887891932464861 ) ) ;
#3768 = ORIENTED_EDGE ( 'NONE', *, *, #5740, .T. ) ;
#3769 = B_SPLINE_CURVE_WITH_KNOTS ( 'NONE', 3,
 ( #4159, #6394, #5262, #4712, #5774, #4236 ),
 .UNSPECIFIED., .F., .F.,
 ( 4, 2, 4 ),
 ( -6.928927488287607953E-06, 0.0003913249075196675105, 0.0007895787425276227026 ),
 .UNSPECIFIED. ) ;
#3770 = CARTESIAN_POINT ( 'NONE',  ( -0.004166666666499887692, 20.00000000000000000, -6.449998654177294455 ) ) ;
#3771 = EDGE_CURVE ( 'NONE', #1190, #6860, #7182, .T. ) ;
#3772 = DIRECTION ( 'NONE',  ( 1.000000000000000000, 2.168404344971008252E-17, 8.673617379884035472E-17 ) ) ;
#3773 = EDGE_CURVE ( 'NONE', #354, #6653, #1420, .T. ) ;
#3774 = FACE_OUTER_BOUND ( 'NONE', #3973, .T. ) ;
#3775 = B_SPLINE_CURVE_WITH_KNOTS ( 'NONE', 3,
 ( #6093, #1616, #1578, #4305, #2020, #3194 ),
 .UNSPECIFIED., .F., .F.,
 ( 4, 2, 4 ),
 ( -6.928927488288963206E-06, 0.0003913249075196660468, 0.0007895787425276210763 ),
 .UNSPECIFIED. ) ;
#3776 = FACE_OUTER_BOUND ( 'NONE', #1594, .T. ) ;
#3777 = CARTESIAN_POINT ( 'NONE',  ( -0.9317673340110198543, 20.40409584079552374, 3.532332510810050508 ) ) ;
#3778 = EDGE_CURVE ( 'NONE', #4630, #6192, #3666, .T. ) ;
#3779 = DIRECTION ( 'NONE',  ( -1.327676691011044728E-16, 0.000000000000000000, -1.000000000000000000 ) ) ;
#3780 = ORIENTED_EDGE ( 'NONE', *, *, #6289, .T. ) ;
#3781 = CARTESIAN_POINT ( 'NONE',  ( -3.266464433174220527, 29.00000000000000000, 3.266464433174222304 ) ) ;
#3782 = CARTESIAN_POINT ( 'NONE',  ( -6.449894874419353386, 19.99999999999998934, 0.1648176984346318985 ) ) ;
#3783 = VERTEX_POINT ( 'NONE', #1384 ) ;
#3784 = DIRECTION ( 'NONE',  ( 0.000000000000000000, 0.000000000000000000, 1.000000000000000000 ) ) ;
#3785 = ORIENTED_EDGE ( 'NONE', *, *, #51, .F. ) ;
#3786 = DIRECTION ( 'NONE',  ( 0.7071067811865473507, 2.775557561562891351E-17, -0.7071067811865477948 ) ) ;
#3787 = LINE ( 'NONE', #1431, #4514 ) ;
#3788 = PLANE ( 'NONE',  #7219 ) ;
#3789 = EDGE_CURVE ( 'NONE', #3604, #1483, #6255, .T. ) ;
#3790 = ORIENTED_EDGE ( 'NONE', *, *, #1206, .F. ) ;
#3791 = DIRECTION ( 'NONE',  ( 2.244789544757910244E-16, 0.000000000000000000, 1.000000000000000000 ) ) ;
#3792 =( BOUNDED_CURVE ( )  B_SPLINE_CURVE ( 3, ( #5352, #1561, #2082, #3213 ),
 .UNSPECIFIED., .F., .T. ) 
 B_SPLINE_CURVE_WITH_KNOTS ( ( 4, 4 ),
 ( 5.978492653164188653, 6.587877961194983811 ),
 .UNSPECIFIED. ) 
 CURVE ( )  GEOMETRIC_REPRESENTATION_ITEM ( )  RATIONAL_B_SPLINE_CURVE ( ( 1.000000000000000000, 0.9692928009446304394, 0.9692928009446304394, 1.000000000000000000 ) ) 
 REPRESENTATION_ITEM ( '' )  );
#3793 = CARTESIAN_POINT ( 'NONE',  ( -1.766827620535385668, 22.08887031454437988, -6.492400023235921580 ) ) ;
#3794 = ORIENTED_EDGE ( 'NONE', *, *, #6331, .F. ) ;
#3795 = LINE ( 'NONE', #5993, #2724 ) ;
#3796 = LINE ( 'NONE', #1585, #7091 ) ;
#3797 = CIRCLE ( 'NONE', #2143, 6.450000000000001066 ) ;
#3798 = VERTEX_POINT ( 'NONE', #871 ) ;
#3799 = CARTESIAN_POINT ( 'NONE',  ( -3.532332510810049175, 20.99628441603782747, 1.381766491401935859 ) ) ;
#3800 = AXIS2_PLACEMENT_3D ( 'NONE', #5940, #1934, #4726 ) ;
#3801 = FACE_OUTER_BOUND ( 'NONE', #857, .T. ) ;
#3802 = ORIENTED_EDGE ( 'NONE', *, *, #4861, .T. ) ;
#3803 = DIRECTION ( 'NONE',  ( -1.000000000000000000, 0.000000000000000000, -0.000000000000000000 ) ) ;
#3804 = VERTEX_POINT ( 'NONE', #290 ) ;
#3805 = AXIS2_PLACEMENT_3D ( 'NONE', #3252, #2213, #2084 ) ;
#3806 = DIRECTION ( 'NONE',  ( -1.000000000000000000, -0.000000000000000000, -0.000000000000000000 ) ) ;
#3807 = DIRECTION ( 'NONE',  ( 8.673617379884035472E-17, 0.000000000000000000, 1.000000000000000000 ) ) ;
#3808 = CARTESIAN_POINT ( 'NONE',  ( 3.532332510810048287, 20.00000000000000000, -4.336808689942017243E-16 ) ) ;
#3809 = EDGE_CURVE ( 'NONE', #4954, #1624, #4280, .T. ) ;
#3810 = DIRECTION ( 'NONE',  ( -0.7071067811865563435, 0.000000000000000000, 0.7071067811865388020 ) ) ;
#3811 = CARTESIAN_POINT ( 'NONE',  ( -1.244306595115909131, 20.75689850159899663, 3.532332510810050064 ) ) ;
#3812 = ADVANCED_FACE ( 'NONE', ( #1973 ), #6383, .T. ) ;
#3813 = EDGE_CURVE ( 'NONE', #3349, #1228, #4808, .T. ) ;
#3814 = DIRECTION ( 'NONE',  ( -0.7071067811865473507, 0.000000000000000000, 0.7071067811865477948 ) ) ;
#3815 = ORIENTED_EDGE ( 'NONE', *, *, #6277, .F. ) ;
#3816 = FACE_OUTER_BOUND ( 'NONE', #2705, .T. ) ;
#3817 = ORIENTED_EDGE ( 'NONE', *, *, #4140, .T. ) ;
#3818 = DIRECTION ( 'NONE',  ( 0.000000000000000000, -0.7546055221635206145, 0.6561787149247685358 ) ) ;
#3819 = ORIENTED_EDGE ( 'NONE', *, *, #4757, .T. ) ;
#3820 = LINE ( 'NONE', #6055, #495 ) ;
#3821 = CIRCLE ( 'NONE', #5815, 0.02000000000000005246 ) ;
#3822 = EDGE_CURVE ( 'NONE', #3441, #3334, #4435, .T. ) ;
#3823 = VECTOR ( 'NONE', #3346, 1000.000000000000114 ) ;
#3824 = AXIS2_PLACEMENT_3D ( 'NONE', #1198, #4034, #5584 ) ;
#3825 = LINE ( 'NONE', #2058, #1339 ) ;
#3826 = AXIS2_PLACEMENT_3D ( 'NONE', #3610, #6349, #6461 ) ;
#3827 = CARTESIAN_POINT ( 'NONE',  ( -1.379999999999999893, 9.768344573749498494, 5.549999999999999822 ) ) ;
#3828 = VERTEX_POINT ( 'NONE', #5499 ) ;
#3829 = CARTESIAN_POINT ( 'NONE',  ( 0.000000000000000000, 20.00000000000000000, 0.000000000000000000 ) ) ;
#3830 = UNCERTAINTY_MEASURE_WITH_UNIT (LENGTH_MEASURE( 1.000000000000000082E-05 ), #1693, 'distance_accuracy_value', 'NONE');
#3831 = CIRCLE ( 'NONE', #658, 0.1000000000000001443 ) ;
#3832 = PLANE ( 'NONE',  #3766 ) ;
#3833 = EDGE_CURVE ( 'NONE', #3948, #991, #1080, .T. ) ;
#3834 = CIRCLE ( 'NONE', #3006, 9.605613667141758683 ) ;
#3835 = ADVANCED_FACE ( 'NONE', ( #4327 ), #530, .T. ) ;
#3836 = DIRECTION ( 'NONE',  ( 0.000000000000000000, -1.000000000000000000, 0.000000000000000000 ) ) ;
#3837 =( BOUNDED_SURFACE ( )  B_SPLINE_SURFACE ( 2, 3, ( 
 ( #5399, #2599, #5985, #3337 ),
 ( #1022, #4889, #5507, #5578 ),
 ( #2635, #2193, #4959, #1539 ) ),
 .UNSPECIFIED., .F., .F., .T. ) 
 B_SPLINE_SURFACE_WITH_KNOTS ( ( 3, 3 ),
 ( 4, 4 ),
 ( 0.000000000000000000, 1.000000000000000000 ),
 ( -0.006747380340403940149, -0.003379234995115101923 ),
 .UNSPECIFIED. ) 
 GEOMETRIC_REPRESENTATION_ITEM ( )  RATIONAL_B_SPLINE_SURFACE ( (
 ( 1.000000000000000000, 1.000000000000000000, 1.000000000000000000, 1.000000000000000000),
 ( 0.7071067811865475727, 0.7071067811865475727, 0.7071067811865475727, 0.7071067811865475727),
 ( 1.000000000000000000, 1.000000000000000000, 1.000000000000000000, 1.000000000000000000) ) ) 
 REPRESENTATION_ITEM ( '' )  SURFACE ( )  );
#3838 = VERTEX_POINT ( 'NONE', #508 ) ;
#3839 = CARTESIAN_POINT ( 'NONE',  ( -3.532332510810048731, 20.01240626772481335, 0.2031157274474290064 ) ) ;
#3840 = AXIS2_PLACEMENT_3D ( 'NONE', #2983, #746, #1775 ) ;
#3841 = CARTESIAN_POINT ( 'NONE',  ( -0.8508374451723772491, 20.33256902034738545, -3.532332510810047399 ) ) ;
#3842 = ORIENTED_EDGE ( 'NONE', *, *, #178, .T. ) ;
#3843 = VECTOR ( 'NONE', #359, 1000.000000000000000 ) ;
#3844 = VERTEX_POINT ( 'NONE', #5460 ) ;
#3845 = CARTESIAN_POINT ( 'NONE',  ( 1.822237309521482107, 22.43809582460713159, 6.525425718434714639 ) ) ;
#3846 = DIRECTION ( 'NONE',  ( 1.000000000000000000, 0.000000000000000000, -3.741315907929742349E-17 ) ) ;
#3847 = DIRECTION ( 'NONE',  ( 0.000000000000000000, 0.000000000000000000, 1.000000000000000000 ) ) ;
#3848 = FACE_OUTER_BOUND ( 'NONE', #3449, .T. ) ;
#3849 = CARTESIAN_POINT ( 'NONE',  ( 0.7197051119872718283, 20.22895624945932269, -3.532332510810048287 ) ) ;
#3850 = DIRECTION ( 'NONE',  ( 0.000000000000000000, -1.000000000000000000, 0.000000000000000000 ) ) ;
#3851 = ORIENTED_EDGE ( 'NONE', *, *, #2791, .T. ) ;
#3852 = PLANE ( 'NONE',  #2528 ) ;
#3853 = ORIENTED_EDGE ( 'NONE', *, *, #4177, .F. ) ;
#3854 = CARTESIAN_POINT ( 'NONE',  ( 0.000000000000000000, 8.000000000000000000, 0.000000000000000000 ) ) ;
#3855 = DIRECTION ( 'NONE',  ( 0.7071067811865474617, 0.000000000000000000, 0.7071067811865474617 ) ) ;
#3856 = CARTESIAN_POINT ( 'NONE',  ( 1.379999999999999671, 12.34999999999999964, 2.027069063257455728 ) ) ;
#3857 = CARTESIAN_POINT ( 'NONE',  ( 5.477443273054881878, 19.99999999999999645, 0.004166666666666068129 ) ) ;
#3858 = DIRECTION ( 'NONE',  ( -0.000000000000000000, -1.000000000000000000, -0.000000000000000000 ) ) ;
#3859 = CARTESIAN_POINT ( 'NONE',  ( -7.147016683033093010, 26.99986367804637055, 1.854166666666667851 ) ) ;
#3860 = EDGE_CURVE ( 'NONE', #1190, #1041, #3881, .T. ) ;
#3861 = VERTEX_POINT ( 'NONE', #5603 ) ;
#3862 = DIRECTION ( 'NONE',  ( 0.000000000000000000, 1.000000000000000000, -0.000000000000000000 ) ) ;
#3863 = CARTESIAN_POINT ( 'NONE',  ( -1.854166666666499985, 22.99999999999998934, -6.594282824706779955 ) ) ;
#3864 = EDGE_CURVE ( 'NONE', #1856, #4734, #4360, .T. ) ;
#3865 = EDGE_CURVE ( 'NONE', #3010, #1036, #5534, .T. ) ;
#3866 = CONTEXT_DEPENDENT_SHAPE_REPRESENTATION ( #411, #364 ) ;
#3867 = CARTESIAN_POINT ( 'NONE',  ( -2.986171345291897872, 3.090000000000000746, -5.107491688851538925 ) ) ;
#3868 = ADVANCED_FACE ( 'NONE', ( #5021 ), #2113, .F. ) ;
#3869 = VERTEX_POINT ( 'NONE', #576 ) ;
#3870 = ADVANCED_FACE ( 'NONE', ( #4467 ), #3575, .T. ) ;
#3871 = CARTESIAN_POINT ( 'NONE',  ( -3.532332510810048731, 20.62723288566001045, 1.148835587444714035 ) ) ;
#3872 =( BOUNDED_CURVE ( )  B_SPLINE_CURVE ( 3, ( #6172, #5149, #1658, #116 ),
 .UNSPECIFIED., .F., .T. ) 
 B_SPLINE_CURVE_WITH_KNOTS ( ( 4, 4 ),
 ( 5.978492653164188653, 6.587877961194983811 ),
 .UNSPECIFIED. ) 
 CURVE ( )  GEOMETRIC_REPRESENTATION_ITEM ( )  RATIONAL_B_SPLINE_CURVE ( ( 1.000000000000000000, 0.9692928009446304394, 0.9692928009446304394, 1.000000000000000000 ) ) 
 REPRESENTATION_ITEM ( '' )  );
#3873 = DIRECTION ( 'NONE',  ( -0.000000000000000000, 0.6561787149247870765, 0.7546055221635045163 ) ) ;
#3874 = ORIENTED_EDGE ( 'NONE', *, *, #3809, .T. ) ;
#3875 = EDGE_CURVE ( 'NONE', #389, #2711, #1669, .T. ) ;
#3876 = VERTEX_POINT ( 'NONE', #1602 ) ;
#3877 = CARTESIAN_POINT ( 'NONE',  ( 0.8201341201394456437, 20.30493948166103380, 6.438955303430013544 ) ) ;
#3878 = FACE_OUTER_BOUND ( 'NONE', #3241, .T. ) ;
#3879 = DIRECTION ( 'NONE',  ( 0.000000000000000000, 0.000000000000000000, 1.000000000000000000 ) ) ;
#3880 =( REPRESENTATION_RELATIONSHIP ('NONE','NONE', #318, #5091 ) REPRESENTATION_RELATIONSHIP_WITH_TRANSFORMATION ( #5624 )SHAPE_REPRESENTATION_RELATIONSHIP( ) );
#3881 = LINE ( 'NONE', #2698, #6029 ) ;
#3882 = PRODUCT ( 'Snap Fit Female V2', 'Snap Fit Female V2', '', ( #5148 ) ) ;
#3883 = CARTESIAN_POINT ( 'NONE',  ( 1.399999999999999689, 12.37137186834969604, 1.898837853159276889 ) ) ;
#3884 = CIRCLE ( 'NONE', #709, 0.02000000000000005246 ) ;
#3885 = CARTESIAN_POINT ( 'NONE',  ( 7.214603044822826661, 3.063623187575866158, -2.544307028118201419 ) ) ;
#3886 = ORIENTED_EDGE ( 'NONE', *, *, #862, .T. ) ;
#3887 = DIRECTION ( 'NONE',  ( 0.000000000000000000, 0.000000000000000000, -1.000000000000000000 ) ) ;
#3888 = VERTEX_POINT ( 'NONE', #3919 ) ;
#3889 = DIRECTION ( 'NONE',  ( 0.000000000000000000, 0.000000000000000000, 1.000000000000000000 ) ) ;
#3890 = CARTESIAN_POINT ( 'NONE',  ( 0.000000000000000000, 12.34999999999999964, -4.343903740188082452 ) ) ;
#3891 = DIRECTION ( 'NONE',  ( 7.968020348514244863E-17, -0.6561787149247862994, 0.7546055221635049604 ) ) ;
#3892 = CIRCLE ( 'NONE', #4353, 5.000000000000000000 ) ;
#3893 = LINE ( 'NONE', #6669, #3344 ) ;
#3894 = EDGE_LOOP ( 'NONE', ( #1515, #6077, #4704, #1663 ) ) ;
#3895 = DIRECTION ( 'NONE',  ( 1.000000000000000000, 0.000000000000000000, -1.122394772378955122E-16 ) ) ;
#3896 = VERTEX_POINT ( 'NONE', #1116 ) ;
#3897 = DIRECTION ( 'NONE',  ( 0.000000000000000000, 0.9863939238321437486, -0.1643989873053572637 ) ) ;
#3898 = VERTEX_POINT ( 'NONE', #973 ) ;
#3899 = DIRECTION ( 'NONE',  ( -0.000000000000000000, -0.000000000000000000, 1.000000000000000000 ) ) ;
#3900 = EDGE_CURVE ( 'NONE', #946, #6634, #5917, .T. ) ;
#3901 = SHAPE_DEFINITION_REPRESENTATION ( #1470, #5091 ) ;
#3902 = CARTESIAN_POINT ( 'NONE',  ( -1.393823247546298383, 6.500000000000000000, -4.508834952051935296 ) ) ;
#3903 = ADVANCED_FACE ( 'NONE', ( #3776 ), #7138, .F. ) ;
#3904 = EDGE_CURVE ( 'NONE', #1554, #5438, #5088, .T. ) ;
#3905 = ADVANCED_FACE ( 'NONE', ( #3848 ), #986, .T. ) ;
#3906 = ORIENTED_EDGE ( 'NONE', *, *, #1556, .T. ) ;
#3907 = PRESENTATION_STYLE_ASSIGNMENT (( #4459 ) ) ;
#3908 = AXIS2_PLACEMENT_3D ( 'NONE', #704, #2390, #6322 ) ;
#3909 =( GEOMETRIC_REPRESENTATION_CONTEXT ( 3 ) GLOBAL_UNCERTAINTY_ASSIGNED_CONTEXT ( ( #4340 ) ) GLOBAL_UNIT_ASSIGNED_CONTEXT ( ( #4791, #7010, #922 ) ) REPRESENTATION_CONTEXT ( 'NONE', 'WORKASPACE' ) );
#3910 = EDGE_CURVE ( 'NONE', #336, #3888, #3585, .T. ) ;
#3911 = VECTOR ( 'NONE', #3918, 1000.000000000000114 ) ;
#3912 = CARTESIAN_POINT ( 'NONE',  ( -5.078412917506967439, 3.000000000000000000, -4.890012498889791281 ) ) ;
#3913 = ORIENTED_EDGE ( 'NONE', *, *, #674, .T. ) ;
#3914 = ORIENTED_EDGE ( 'NONE', *, *, #7160, .F. ) ;
#3915 = CARTESIAN_POINT ( 'NONE',  ( -6.449946824177316351, 20.00000000000000000, -0.08439948989072515451 ) ) ;
#3916 = TOROIDAL_SURFACE ( 'NONE', #4859, 0.1699999999999999845, 0.02000000000000000042 ) ;
#3917 = DIRECTION ( 'NONE',  ( 1.000000000000000000, -0.000000000000000000, 0.000000000000000000 ) ) ;
#3918 = DIRECTION ( 'NONE',  ( 0.000000000000000000, -0.6561787149247862994, -0.7546055221635049604 ) ) ;
#3919 = CARTESIAN_POINT ( 'NONE',  ( 3.532332510810048287, 20.00000000000000000, 0.004166666666666150529 ) ) ;
#3920 = EDGE_CURVE ( 'NONE', #4630, #728, #2399, .T. ) ;
#3921 = CARTESIAN_POINT ( 'NONE',  ( 1.659917856957900728, 21.64134626555454233, -3.532332510810048287 ) ) ;
#3922 = CARTESIAN_POINT ( 'NONE',  ( -4.499999999999998224, 7.633700821002010528, 2.179449471770337432 ) ) ;
#3923 = ORIENTED_EDGE ( 'NONE', *, *, #4530, .T. ) ;
#3924 = CARTESIAN_POINT ( 'NONE',  ( 0.000000000000000000, 19.99999999999999645, 0.000000000000000000 ) ) ;
#3925 = EDGE_LOOP ( 'NONE', ( #7096, #4246, #6520, #6921 ) ) ;
#3926 = FACE_OUTER_BOUND ( 'NONE', #3248, .T. ) ;
#3927 = CYLINDRICAL_SURFACE ( 'NONE', #3528, 0.1000000000000001443 ) ;
#3928 = DIRECTION ( 'NONE',  ( 0.000000000000000000, 0.000000000000000000, 1.000000000000000000 ) ) ;
#3929 = DIRECTION ( 'NONE',  ( 0.000000000000000000, 0.000000000000000000, 1.000000000000000000 ) ) ;
#3930 = VECTOR ( 'NONE', #6568, 1000.000000000000000 ) ;
#3931 = CARTESIAN_POINT ( 'NONE',  ( 6.449998654177294455, 20.00000000000000000, 0.004166666666666024761 ) ) ;
#3932 = CARTESIAN_POINT ( 'NONE',  ( -1.380000000000000115, 6.649999999999999467, 4.549999999999999822 ) ) ;
#3933 = DIRECTION ( 'NONE',  ( 0.000000000000000000, 0.000000000000000000, -1.000000000000000000 ) ) ;
#3934 = VECTOR ( 'NONE', #339, 1000.000000000000000 ) ;
#3935 = ORIENTED_EDGE ( 'NONE', *, *, #5838, .F. ) ;
#3936 = ORIENTED_EDGE ( 'NONE', *, *, #5801, .F. ) ;
#3937 = LINE ( 'NONE', #6027, #5880 ) ;
#3938 = ORIENTED_EDGE ( 'NONE', *, *, #4410, .F. ) ;
#3939 = AXIS2_PLACEMENT_3D ( 'NONE', #401, #4330, #3779 ) ;
#3940 = VECTOR ( 'NONE', #735, 1000.000000000000000 ) ;
#3941 = CARTESIAN_POINT ( 'NONE',  ( -7.421897733883310977, 28.99999999999999645, -1.854166666666667407 ) ) ;
#3942 = VECTOR ( 'NONE', #5787, 1000.000000000000000 ) ;
#3943 = ORIENTED_EDGE ( 'NONE', *, *, #5478, .F. ) ;
#3944 = EDGE_CURVE ( 'NONE', #1253, #2778, #3956, .T. ) ;
#3945 = DIRECTION ( 'NONE',  ( 0.000000000000000000, 1.000000000000000000, 0.000000000000000000 ) ) ;
#3946 = VECTOR ( 'NONE', #5936, 1000.000000000000000 ) ;
#3947 = CARTESIAN_POINT ( 'NONE',  ( -1.854166666666499319, 22.99999999999999645, -3.532332510810047843 ) ) ;
#3948 = VERTEX_POINT ( 'NONE', #2914 ) ;
#3949 = CARTESIAN_POINT ( 'NONE',  ( 0.000000000000000000, 0.000000000000000000, 0.000000000000000000 ) ) ;
#3950 = ORIENTED_EDGE ( 'NONE', *, *, #2501, .T. ) ;
#3951 = CARTESIAN_POINT ( 'NONE',  ( 2.608461341437267933, 3.116536647565486984, 7.191567056828626292 ) ) ;
#3952 = VECTOR ( 'NONE', #1536, 1000.000000000000000 ) ;
#3953 = DIRECTION ( 'NONE',  ( 0.000000000000000000, -0.9863939238321438596, -0.1643989873053572914 ) ) ;
#3954 = DIRECTION ( 'NONE',  ( 0.000000000000000000, 0.000000000000000000, 1.000000000000000000 ) ) ;
#3955 = AXIS2_PLACEMENT_3D ( 'NONE', #787, #237, #4572 ) ;
#3956 = LINE ( 'NONE', #1266, #3453 ) ;
#3957 = EDGE_CURVE ( 'NONE', #3516, #3334, #5806, .T. ) ;
#3958 = VECTOR ( 'NONE', #1893, 1000.000000000000000 ) ;
#3959 = CARTESIAN_POINT ( 'NONE',  ( 1.399999999999999689, 8.631655426250503638, 4.549999999999999822 ) ) ;
#3960 = EDGE_LOOP ( 'NONE', ( #3375, #6619, #2775, #3164 ) ) ;
#3961 = LINE ( 'NONE', #2189, #5475 ) ;
#3962 = ORIENTED_EDGE ( 'NONE', *, *, #2686, .T. ) ;
#3963 = CARTESIAN_POINT ( 'NONE',  ( -2.444718554847590486, 3.153845617810561386, 7.248866152423289577 ) ) ;
#3964 = CARTESIAN_POINT ( 'NONE',  ( 0.000000000000000000, 7.500000000000000000, 0.000000000000000000 ) ) ;
#3965 = CARTESIAN_POINT ( 'NONE',  ( 0.000000000000000000, 10.00000000000000000, -8.250000000000007105 ) ) ;
#3966 = EDGE_CURVE ( 'NONE', #6763, #6892, #4043, .T. ) ;
#3967 = CARTESIAN_POINT ( 'NONE',  ( -1.380000000000000115, 11.43165542625050612, -5.549999999999999822 ) ) ;
#3968 = CARTESIAN_POINT ( 'NONE',  ( 1.854166666666499541, 26.99986408759121304, -7.147016739317357370 ) ) ;
#3969 = DIRECTION ( 'NONE',  ( 0.000000000000000000, -0.6561787149247869655, -0.7546055221635044052 ) ) ;
#3970 = CARTESIAN_POINT ( 'NONE',  ( 3.379234995115104834, 22.99999999999999645, -1.854166666666667407 ) ) ;
#3971 = ORIENTED_EDGE ( 'NONE', *, *, #4348, .F. ) ;
#3972 = DIRECTION ( 'NONE',  ( 1.000000000000000000, 0.000000000000000000, 0.000000000000000000 ) ) ;
#3973 = EDGE_LOOP ( 'NONE', ( #1994, #3853, #4297, #1576 ) ) ;
#3974 = DIRECTION ( 'NONE',  ( -1.000000000000000000, 0.000000000000000000, -0.000000000000000000 ) ) ;
#3975 = PRODUCT_DEFINITION_CONTEXT ( 'detailed design', #3503, 'design' ) ;
#3976 = CARTESIAN_POINT ( 'NONE',  ( -1.385521695682326637, 6.500000000000000000, -4.534868014339770603 ) ) ;
#3977 = ORIENTED_EDGE ( 'NONE', *, *, #5648, .F. ) ;
#3978 = PLANE ( 'NONE',  #43 ) ;
#3979 = CARTESIAN_POINT ( 'NONE',  ( -1.749158939328758100, 22.00339468623285200, -3.532332510810048287 ) ) ;
#3980 = ORIENTED_EDGE ( 'NONE', *, *, #426, .T. ) ;
#3981 =( LENGTH_UNIT ( ) NAMED_UNIT ( * ) SI_UNIT ( .MILLI., .METRE. ) );
#3982 = EDGE_LOOP ( 'NONE', ( #4848, #1810, #1285, #204 ) ) ;
#3983 = CARTESIAN_POINT ( 'NONE',  ( -6.460678490412224306, 21.64693148810902557, -1.656392093152597944 ) ) ;
#3984 = CARTESIAN_POINT ( 'NONE',  ( -6.475469466619916403, 21.88374014888643515, 1.724756446835151724 ) ) ;
#3985 = VECTOR ( 'NONE', #3917, 1000.000000000000000 ) ;
#3986 = FACE_OUTER_BOUND ( 'NONE', #6754, .T. ) ;
#3987 = CARTESIAN_POINT ( 'NONE',  ( 3.532332510810048287, 20.06875140030838622, -0.3985507112380501926 ) ) ;
#3988 = CARTESIAN_POINT ( 'NONE',  ( 6.594282824706734658, 22.99999999999999645, 1.854166666666666075 ) ) ;
#3989 = EDGE_LOOP ( 'NONE', ( #5520, #5788, #5956, #5237 ) ) ;
#3990 = ADVANCED_FACE ( 'NONE', ( #6834, #4061 ), #5637, .F. ) ;
#3991 = FACE_OUTER_BOUND ( 'NONE', #4710, .T. ) ;
#3992 = EDGE_CURVE ( 'NONE', #6545, #229, #4918, .T. ) ;
#3993 = VERTEX_POINT ( 'NONE', #1377 ) ;
#3994 = LINE ( 'NONE', #1191, #2186 ) ;
#3995 = DIRECTION ( 'NONE',  ( -0.8028956459037004390, 0.5961196035938423066, 0.000000000000000000 ) ) ;
#3996 = CARTESIAN_POINT ( 'NONE',  ( 0.000000000000000000, -1.999999999999999112, 0.000000000000000000 ) ) ;
#3997 = CARTESIAN_POINT ( 'NONE',  ( 6.594282824706733770, 22.99999999999998934, -1.854166666666667407 ) ) ;
#3998 = VECTOR ( 'NONE', #5298, 1000.000000000000000 ) ;
#3999 = EDGE_CURVE ( 'NONE', #2419, #611, #3687, .T. ) ;
#4000 = CARTESIAN_POINT ( 'NONE',  ( 3.405877273185280885, 1.699999999999999734, 6.850000000000000533 ) ) ;
#4001 = DIRECTION ( 'NONE',  ( 0.000000000000000000, 1.000000000000000000, 0.000000000000000000 ) ) ;
#4002 = LINE ( 'NONE', #5064, #1005 ) ;
#4003 = ORIENTED_EDGE ( 'NONE', *, *, #2373, .T. ) ;
#4004 = PLANE ( 'NONE',  #6535 ) ;
#4005 = ORIENTED_EDGE ( 'NONE', *, *, #938, .F. ) ;
#4006 = CIRCLE ( 'NONE', #714, 0.02000000000000003511 ) ;
#4007 = LINE ( 'NONE', #6274, #127 ) ;
#4008 = APPLICATION_PROTOCOL_DEFINITION ( 'draft international standard', 'automotive_design', 1998, #2133 ) ;
#4009 = EDGE_CURVE ( 'NONE', #7128, #3804, #846, .T. ) ;
#4010 = PLANE ( 'NONE',  #4054 ) ;
#4011 = VERTEX_POINT ( 'NONE', #4152 ) ;
#4012 = EDGE_LOOP ( 'NONE', ( #2787, #4599, #455, #5583 ) ) ;
#4013 = LINE ( 'NONE', #6862, #4493 ) ;
#4014 = DIRECTION ( 'NONE',  ( 0.000000000000000000, 0.000000000000000000, 1.000000000000000000 ) ) ;
#4015 = APPLICATION_CONTEXT ( 'automotive_design' ) ;
#4016 = LINE ( 'NONE', #744, #193 ) ;
#4017 = ORIENTED_EDGE ( 'NONE', *, *, #5020, .F. ) ;
#4018 = DIRECTION ( 'NONE',  ( 0.7071067811865463515, 0.000000000000000000, -0.7071067811865487940 ) ) ;
#4019 = ORIENTED_EDGE ( 'NONE', *, *, #5395, .T. ) ;
#4020 = CARTESIAN_POINT ( 'NONE',  ( -6.467701556530029094, 21.76377389498897941, -1.691435198753668434 ) ) ;
#4021 = CARTESIAN_POINT ( 'NONE',  ( -4.999999999999999112, 8.000000000000000000, -2.291287847478249429 ) ) ;
#4022 = CARTESIAN_POINT ( 'NONE',  ( 3.532332510810048287, 19.99999999999999645, -0.08414317496844739286 ) ) ;
#4023 = AXIS2_PLACEMENT_3D ( 'NONE', #1496, #6446, #2553 ) ;
#4024 = CARTESIAN_POINT ( 'NONE',  ( 1.380560112054758592, 6.500000000000000000, 4.548466070008426065 ) ) ;
#4025 = EDGE_LOOP ( 'NONE', ( #1674, #4498, #3303, #4846 ) ) ;
#4026 = AXIS2_PLACEMENT_3D ( 'NONE', #6081, #2182, #2697 ) ;
#4027 = DIRECTION ( 'NONE',  ( -0.000000000000000000, 1.000000000000000000, -0.000000000000000000 ) ) ;
#4028 = ORIENTED_EDGE ( 'NONE', *, *, #6068, .F. ) ;
#4029 = DIRECTION ( 'NONE',  ( 1.000000000000000000, 0.000000000000000000, 0.000000000000000000 ) ) ;
#4030 = CARTESIAN_POINT ( 'NONE',  ( -0.004166666666499150434, 19.99999999999999645, -3.379234995115099061 ) ) ;
#4031 = DIRECTION ( 'NONE',  ( 0.7071067811865563435, 0.000000000000000000, -0.7071067811865388020 ) ) ;
#4032 = CARTESIAN_POINT ( 'NONE',  ( 1.393823247546297939, 6.500000000000000000, -0.8140959846906093977 ) ) ;
#4033 = DIRECTION ( 'NONE',  ( 0.000000000000000000, 1.000000000000000000, 0.000000000000000000 ) ) ;
#4034 = DIRECTION ( 'NONE',  ( -0.000000000000000000, -1.000000000000000000, -0.000000000000000000 ) ) ;
#4035 = CARTESIAN_POINT ( 'NONE',  ( 1.379999999999999671, 0.000000000000000000, 4.379999999999999893 ) ) ;
#4036 = ORIENTED_EDGE ( 'NONE', *, *, #1289, .T. ) ;
#4037 = CARTESIAN_POINT ( 'NONE',  ( -1.854166666666499097, 28.99999999999999645, 1.854166666666666297 ) ) ;
#4038 = ORIENTED_EDGE ( 'NONE', *, *, #544, .F. ) ;
#4039 = DIRECTION ( 'NONE',  ( 0.000000000000000000, -1.000000000000000000, 0.000000000000000000 ) ) ;
#4040 = ADVANCED_FACE ( 'NONE', ( #5183 ), #4633, .T. ) ;
#4041 = ORIENTED_EDGE ( 'NONE', *, *, #6812, .F. ) ;
#4042 = AXIS2_PLACEMENT_3D ( 'NONE', #3608, #5847, #2486 ) ;
#4043 = B_SPLINE_CURVE_WITH_KNOTS ( 'NONE', 3,
 ( #5129, #6187, #1779, #1302 ),
 .UNSPECIFIED., .F., .F.,
 ( 4, 4 ),
 ( 0.000000000000000000, 1.000000000000000000 ),
 .UNSPECIFIED. ) ;
#4044 = EDGE_CURVE ( 'NONE', #4551, #2319, #1457, .T. ) ;
#4045 = B_SPLINE_CURVE_WITH_KNOTS ( 'NONE', 3,
 ( #4605, #3500, #5737, #703 ),
 .UNSPECIFIED., .F., .F.,
 ( 4, 4 ),
 ( 0.000000000000000000, 1.000000000000000000 ),
 .UNSPECIFIED. ) ;
#4046 = CARTESIAN_POINT ( 'NONE',  ( 1.854166666666500873, 22.99999999999999645, 3.532332510810049175 ) ) ;
#4047 = CARTESIAN_POINT ( 'NONE',  ( -4.500000000000000000, 1.500000000000000444, 0.000000000000000000 ) ) ;
#4048 = VERTEX_POINT ( 'NONE', #1249 ) ;
#4049 = ORIENTED_EDGE ( 'NONE', *, *, #3229, .T. ) ;
#4050 = CARTESIAN_POINT ( 'NONE',  ( 1.726927749735609474, 21.90491984048024676, -6.477755571589450589 ) ) ;
#4051 = VECTOR ( 'NONE', #1085, 1000.000000000000000 ) ;
#4052 = PRODUCT_DEFINITION ( 'UNKNOWN', '', #4310, #2269 ) ;
#4053 = CARTESIAN_POINT ( 'NONE',  ( 1.379999999999999671, 11.43165542625050435, 5.530000000000000249 ) ) ;
#4054 = AXIS2_PLACEMENT_3D ( 'NONE', #4488, #5659, #1102 ) ;
#4055 = CARTESIAN_POINT ( 'NONE',  ( 0.8916237326291253096, 20.36767094357130503, -3.532332510810048731 ) ) ;
#4056 = CARTESIAN_POINT ( 'NONE',  ( 1.399999999999999689, 6.622052172158088723, 0.9406179037940088916 ) ) ;
#4057 = ORIENTED_EDGE ( 'NONE', *, *, #851, .F. ) ;
#4058 = EDGE_LOOP ( 'NONE', ( #3174, #6215, #1637, #5691 ) ) ;
#4059 = CIRCLE ( 'NONE', #4773, 0.1499999999999999667 ) ;
#4060 = FACE_OUTER_BOUND ( 'NONE', #4451, .T. ) ;
#4061 = FACE_BOUND ( 'NONE', #6745, .T. ) ;
#4062 = AXIS2_PLACEMENT_3D ( 'NONE', #4693, #6368, #5454 ) ;
#4063 = AXIS2_PLACEMENT_3D ( 'NONE', #6670, #2340, #1131 ) ;
#4064 = CYLINDRICAL_SURFACE ( 'NONE', #3709, 0.02000000000000053471 ) ;
#4065 = VERTEX_POINT ( 'NONE', #3015 ) ;
#4066 = CARTESIAN_POINT ( 'NONE',  ( -3.532332510810048287, 20.38526912612961439, -0.9111988261318517690 ) ) ;
#4067 = ORIENTED_EDGE ( 'NONE', *, *, #2194, .T. ) ;
#4068 = CARTESIAN_POINT ( 'NONE',  ( -5.036781010732915398, 3.090000000000000746, 2.915460667173189968 ) ) ;
#4069 = CIRCLE ( 'NONE', #2658, 0.02000000000000005246 ) ;
#4070 = LINE ( 'NONE', #212, #5869 ) ;
#4071 = DIRECTION ( 'NONE',  ( -0.000000000000000000, 0.000000000000000000, 1.000000000000000000 ) ) ;
#4072 = CARTESIAN_POINT ( 'NONE',  ( 1.379999999999999671, 9.670245855868246920, -5.485303232940222706 ) ) ;
#4073 = CIRCLE ( 'NONE', #6295, 0.1299999999999998934 ) ;
#4074 = CARTESIAN_POINT ( 'NONE',  ( -1.750089949661364219, 22.00769329369387250, 6.485722218173817666 ) ) ;
#4075 = CARTESIAN_POINT ( 'NONE',  ( 1.379999999999999671, 12.34999999999999964, 4.343903740188081564 ) ) ;
#4076 = DIRECTION ( 'NONE',  ( 0.000000000000000000, 1.000000000000000000, 0.000000000000000000 ) ) ;
#4077 = VERTEX_POINT ( 'NONE', #301 ) ;
#4078 = CARTESIAN_POINT ( 'NONE',  ( 0.000000000000000000, 6.500000000000000000, 0.000000000000000000 ) ) ;
#4079 = ORIENTED_EDGE ( 'NONE', *, *, #6895, .T. ) ;
#4080 = CYLINDRICAL_SURFACE ( 'NONE', #5173, 0.01999999999999999001 ) ;
#4081 = ORIENTED_EDGE ( 'NONE', *, *, #5381, .T. ) ;
#4082 = DIRECTION ( 'NONE',  ( 0.000000000000000000, 1.000000000000000000, 0.000000000000000000 ) ) ;
#4083 = DIRECTION ( 'NONE',  ( -0.7071067811865451302, 0.000000000000000000, -0.7071067811865500152 ) ) ;
#4084 = ORIENTED_EDGE ( 'NONE', *, *, #325, .F. ) ;
#4085 = ORIENTED_EDGE ( 'NONE', *, *, #3001, .F. ) ;
#4086 = CARTESIAN_POINT ( 'NONE',  ( -1.400000000000000133, 12.48000000000000043, 4.343903740188081564 ) ) ;
#4087 = EDGE_CURVE ( 'NONE', #603, #513, #6500, .T. ) ;
#4088 = CARTESIAN_POINT ( 'NONE',  ( 2.571963978632909598, 8.000000000000000000, 7.204686064820227109 ) ) ;
#4089 = EDGE_CURVE ( 'NONE', #5745, #686, #2502, .T. ) ;
#4090 = PLANE ( 'NONE',  #2640 ) ;
#4091 = EDGE_CURVE ( 'NONE', #6512, #3604, #1217, .T. ) ;
#4092 = CARTESIAN_POINT ( 'NONE',  ( -1.399999999999999911, 6.649999999999999467, -4.379999999999999893 ) ) ;
#4093 = VERTEX_POINT ( 'NONE', #5769 ) ;
#4094 = ORIENTED_EDGE ( 'NONE', *, *, #3920, .T. ) ;
#4095 = DIRECTION ( 'NONE',  ( 0.000000000000000000, 0.000000000000000000, -1.000000000000000000 ) ) ;
#4096 = CARTESIAN_POINT ( 'NONE',  ( 3.532332510810048731, 20.34631865716763599, -0.8671047699849222523 ) ) ;
#4097 = ADVANCED_FACE ( 'NONE', ( #2454 ), #5288, .T. ) ;
#4098 = DIRECTION ( 'NONE',  ( 0.000000000000000000, 0.000000000000000000, 1.000000000000000000 ) ) ;
#4099 = ORIENTED_EDGE ( 'NONE', *, *, #6315, .F. ) ;
#4100 = FACE_OUTER_BOUND ( 'NONE', #1392, .T. ) ;
#4101 = VERTEX_POINT ( 'NONE', #2384 ) ;
#4102 = CARTESIAN_POINT ( 'NONE',  ( 6.747380340401570642, 22.99999999999999645, 1.854166666666666075 ) ) ;
#4103 = CARTESIAN_POINT ( 'NONE',  ( -1.400000000000000133, 6.500000000000000000, 4.469999999999999751 ) ) ;
#4104 = DIRECTION ( 'NONE',  ( -1.000000000000000000, 0.000000000000000000, 0.000000000000000000 ) ) ;
#4105 = DIRECTION ( 'NONE',  ( 0.7071067811865474617, 0.000000000000000000, 0.7071067811865474617 ) ) ;
#4106 = CARTESIAN_POINT ( 'NONE',  ( -1.419297656121598195, 21.06731949427997463, 6.437724768645008311 ) ) ;
#4107 = DIRECTION ( 'NONE',  ( -0.000000000000000000, -1.000000000000000000, -0.000000000000000000 ) ) ;
#4108 = DIRECTION ( 'NONE',  ( -1.224646799147353207E-16, 0.000000000000000000, -1.000000000000000000 ) ) ;
#4109 = ORIENTED_EDGE ( 'NONE', *, *, #575, .F. ) ;
#4110 = DIRECTION ( 'NONE',  ( 0.000000000000000000, 0.000000000000000000, 1.000000000000000000 ) ) ;
#4111 = VERTEX_POINT ( 'NONE', #1319 ) ;
#4112 = CARTESIAN_POINT ( 'NONE',  ( 0.000000000000000000, 9.500000000000005329, 0.000000000000000000 ) ) ;
#4113 = EDGE_CURVE ( 'NONE', #1231, #7214, #5002, .T. ) ;
#4114 = CARTESIAN_POINT ( 'NONE',  ( 1.307679793329325824, 20.86637952474375268, 3.532332510810048731 ) ) ;
#4115 = CARTESIAN_POINT ( 'NONE',  ( -1.379999999999999671, 12.48000000000000220, -1.196959198423996649E-16 ) ) ;
#4116 = ORIENTED_EDGE ( 'NONE', *, *, #976, .F. ) ;
#4117 = VECTOR ( 'NONE', #4198, 1000.000000000000227 ) ;
#4118 = ORIENTED_EDGE ( 'NONE', *, *, #2183, .T. ) ;
#4119 = CYLINDRICAL_SURFACE ( 'NONE', #5782, 0.02000000000000053471 ) ;
#4120 = ADVANCED_FACE ( 'NONE', ( #1871 ), #2047, .T. ) ;
#4121 = DIRECTION ( 'NONE',  ( -0.7071067811865474617, 0.000000000000000000, -0.7071067811865474617 ) ) ;
#4122 = EDGE_CURVE ( 'NONE', #5810, #336, #2627, .T. ) ;
#4123 = EDGE_CURVE ( 'NONE', #348, #686, #1904, .T. ) ;
#4124 = DIRECTION ( 'NONE',  ( 0.4876598490941728703, -0.7241379310344820963, -0.4876598490941694286 ) ) ;
#4125 = LINE ( 'NONE', #2907, #4764 ) ;
#4126 = VERTEX_POINT ( 'NONE', #5435 ) ;
#4127 =( NAMED_UNIT ( * ) PLANE_ANGLE_UNIT ( ) SI_UNIT ( $, .RADIAN. ) );
#4128 = ORIENTED_EDGE ( 'NONE', *, *, #1160, .T. ) ;
#4129 = CARTESIAN_POINT ( 'NONE',  ( 0.000000000000000000, 2.428148006742123943, -6.750000000000000000 ) ) ;
#4130 = ADVANCED_FACE ( 'NONE', ( #7077 ), #2019, .T. ) ;
#4131 = CARTESIAN_POINT ( 'NONE',  ( 0.9943905942749809990, 20.45767258388156407, 3.532332510810048731 ) ) ;
#4132 = CARTESIAN_POINT ( 'NONE',  ( 1.399999999999999689, 6.500000000000000000, 4.469999999999999751 ) ) ;
#4133 = ORIENTED_EDGE ( 'NONE', *, *, #6896, .F. ) ;
#4134 = DIRECTION ( 'NONE',  ( 0.000000000000000000, 0.000000000000000000, 1.000000000000000000 ) ) ;
#4135 = ORIENTED_EDGE ( 'NONE', *, *, #4091, .T. ) ;
#4136 = DIRECTION ( 'NONE',  ( -0.000000000000000000, -1.000000000000000000, -0.000000000000000000 ) ) ;
#4137 = CARTESIAN_POINT ( 'NONE',  ( -1.385521695682326637, 6.500000000000000000, 4.534868014339770603 ) ) ;
#4138 = CARTESIAN_POINT ( 'NONE',  ( 1.854166666666500207, 19.99999999999999645, -1.854166666666667407 ) ) ;
#4139 = CARTESIAN_POINT ( 'NONE',  ( 1.379999999999999671, 6.500000000000000000, -0.7729309367425445387 ) ) ;
#4140 = EDGE_CURVE ( 'NONE', #2966, #246, #7079, .T. ) ;
#4141 = VECTOR ( 'NONE', #155, 1000.000000000000000 ) ;
#4142 = AXIS2_PLACEMENT_3D ( 'NONE', #5919, #5550, #5480 ) ;
#4143 = CIRCLE ( 'NONE', #5667, 0.1499999999999999667 ) ;
#4144 = CARTESIAN_POINT ( 'NONE',  ( -1.380000000000000115, 12.46319082832452629, -4.442330547426800003 ) ) ;
#4145 = PLANE ( 'NONE',  #2866 ) ;
#4146 = CARTESIAN_POINT ( 'NONE',  ( 2.435362535369395953, 8.000000000000000000, -7.252000366886309557 ) ) ;
#4147 = ORIENTED_EDGE ( 'NONE', *, *, #4679, .F. ) ;
#4148 = CARTESIAN_POINT ( 'NONE',  ( -0.004166666666499080178, 19.99999999999999645, 3.379234995115212303 ) ) ;
#4149 = EDGE_LOOP ( 'NONE', ( #3360, #1890, #3310, #4084, #3018, #2305, #2344, #1379, #5802, #5479, #1987, #2731, #4195, #4561, #4692, #2061 ) ) ;
#4150 = FACE_OUTER_BOUND ( 'NONE', #1508, .T. ) ;
#4151 = AXIS2_PLACEMENT_3D ( 'NONE', #4138, #5832, #4251 ) ;
#4152 = CARTESIAN_POINT ( 'NONE',  ( -1.380000000000000115, 6.500000000000000000, 4.549999999999999822 ) ) ;
#4153 = DIRECTION ( 'NONE',  ( 0.7071067811865451302, -3.056747976430751789E-16, 0.7071067811865500152 ) ) ;
#4154 = VERTEX_POINT ( 'NONE', #7117 ) ;
#4155 = AXIS2_PLACEMENT_3D ( 'NONE', #6044, #4392, #6626 ) ;
#4156 = ORIENTED_EDGE ( 'NONE', *, *, #520, .T. ) ;
#4157 = CARTESIAN_POINT ( 'NONE',  ( -1.400000000000000133, 11.43165542625050790, 5.530000000000000249 ) ) ;
#4158 = CARTESIAN_POINT ( 'NONE',  ( -6.446876140837982661, 20.06902874913438595, -0.3993489175106827993 ) ) ;
#4159 = CARTESIAN_POINT ( 'NONE',  ( 4.999999999999999112, 8.000000000000000000, 2.291287847478249429 ) ) ;
#4160 = AXIS2_PLACEMENT_3D ( 'NONE', #6020, #3751, #3676 ) ;
#4161 = DIRECTION ( 'NONE',  ( 0.000000000000000000, 0.000000000000000000, 1.000000000000000000 ) ) ;
#4162 = ADVANCED_FACE ( 'NONE', ( #2710 ), #3162, .F. ) ;
#4163 = LINE ( 'NONE', #1295, #1586 ) ;
#4164 = ORIENTED_EDGE ( 'NONE', *, *, #2301, .T. ) ;
#4165 = ORIENTED_EDGE ( 'NONE', *, *, #3229, .F. ) ;
#4166 = CONICAL_SURFACE ( 'NONE', #1694, 6.750000000000000000, 0.04084405109412468649 ) ;
#4167 = DIRECTION ( 'NONE',  ( 1.000000000000000000, 0.000000000000000000, 0.000000000000000000 ) ) ;
#4168 = VECTOR ( 'NONE', #943, 1000.000000000000000 ) ;
#4169 = CARTESIAN_POINT ( 'NONE',  ( 0.8671047699847557189, 20.34631865716764665, 3.532332510810050508 ) ) ;
#4170 = AXIS2_PLACEMENT_3D ( 'NONE', #4740, #4083, #1985 ) ;
#4171 = CARTESIAN_POINT ( 'NONE',  ( 0.000000000000000000, -0.2000000000000000944, 0.000000000000000000 ) ) ;
#4172 = ORIENTED_EDGE ( 'NONE', *, *, #1695, .T. ) ;
#4173 = AXIS2_PLACEMENT_3D ( 'NONE', #3143, #3763, #4245 ) ;
#4174 = CARTESIAN_POINT ( 'NONE',  ( -3.532332510810049175, 20.15855577847200664, -0.5997044956004490279 ) ) ;
#4175 = ORIENTED_EDGE ( 'NONE', *, *, #5783, .T. ) ;
#4176 = DIRECTION ( 'NONE',  ( 0.000000000000000000, 0.7546055221635050714, 0.6561787149247864104 ) ) ;
#4177 = EDGE_CURVE ( 'NONE', #1986, #1950, #412, .T. ) ;
#4178 = PLANE ( 'NONE',  #5629 ) ;
#4179 = DIRECTION ( 'NONE',  ( 0.000000000000000000, 1.000000000000000000, 0.000000000000000000 ) ) ;
#4180 = CARTESIAN_POINT ( 'NONE',  ( -3.266464433174221416, 29.00000000000000000, -3.266464433174220527 ) ) ;
#4181 = AXIS2_PLACEMENT_3D ( 'NONE', #1095, #662, #3933 ) ;
#4182 = CARTESIAN_POINT ( 'NONE',  ( -0.3993489175105061073, 20.06902874913438950, 6.446876140837993319 ) ) ;
#4183 = CARTESIAN_POINT ( 'NONE',  ( 6.438341752948759655, 20.33380730811177628, 0.8523205602197617692 ) ) ;
#4184 = AXIS2_PLACEMENT_3D ( 'NONE', #3440, #5679, #3333 ) ;
#4185 = CARTESIAN_POINT ( 'NONE',  ( -3.532332510810048731, 0.000000000000000000, 3.532332510810049175 ) ) ;
#4186 = EDGE_CURVE ( 'NONE', #6294, #4189, #751, .T. ) ;
#4187 = VERTEX_POINT ( 'NONE', #1541 ) ;
#4188 = CARTESIAN_POINT ( 'NONE',  ( -1.854166666666499097, 22.99999999999999645, 4.501950110210687583 ) ) ;
#4189 = VERTEX_POINT ( 'NONE', #6460 ) ;
#4190 = CARTESIAN_POINT ( 'NONE',  ( 5.036781010732885200, 4.909999999999999254, 2.915460667173241482 ) ) ;
#4191 = CIRCLE ( 'NONE', #3363, 0.01999999999999996225 ) ;
#4192 = CARTESIAN_POINT ( 'NONE',  ( 1.417475989220517096, 21.06381975462292644, 3.532332510810049619 ) ) ;
#4193 = DIRECTION ( 'NONE',  ( 0.000000000000000000, -0.000000000000000000, 1.000000000000000000 ) ) ;
#4194 = AXIS2_PLACEMENT_3D ( 'NONE', #2475, #4176, #6411 ) ;
#4195 = ORIENTED_EDGE ( 'NONE', *, *, #6427, .T. ) ;
#4196 = ORIENTED_EDGE ( 'NONE', *, *, #6557, .F. ) ;
#4197 = CARTESIAN_POINT ( 'NONE',  ( 3.532332510810048731, 28.99999999999999645, 1.854166666666666297 ) ) ;
#4198 = DIRECTION ( 'NONE',  ( 0.4876598490941728148, 0.7241379310344824294, -0.4876598490941689845 ) ) ;
#4199 = DIRECTION ( 'NONE',  ( -1.000000000000000000, -2.168404344971008252E-17, 8.673617379884035472E-17 ) ) ;
#4200 = DIRECTION ( 'NONE',  ( -0.7071067811865477948, -0.000000000000000000, -0.7071067811865473507 ) ) ;
#4201 = DIRECTION ( 'NONE',  ( 9.817739357990838818E-14, -0.6561787149247684248, -0.7546055221635207255 ) ) ;
#4202 = VERTEX_POINT ( 'NONE', #4336 ) ;
#4203 = EDGE_LOOP ( 'NONE', ( #4537, #5347, #342, #5502 ) ) ;
#4204 = FACE_OUTER_BOUND ( 'NONE', #5258, .T. ) ;
#4205 = CARTESIAN_POINT ( 'NONE',  ( 0.7687261305312627080, 20.26699767635934180, 3.532332510810049619 ) ) ;
#4206 = CARTESIAN_POINT ( 'NONE',  ( -2.234160359978236698, 7.947103280109118373, -4.741034782807846071 ) ) ;
#4207 = ORIENTED_EDGE ( 'NONE', *, *, #1614, .F. ) ;
#4208 = CARTESIAN_POINT ( 'NONE',  ( -3.532332510810049619, 19.99999999999999645, -0.1644078365538343411 ) ) ;
#4209 = ORIENTED_EDGE ( 'NONE', *, *, #3236, .T. ) ;
#4210 = B_SPLINE_CURVE_WITH_KNOTS ( 'NONE', 3,
 ( #4666, #177, #1238, #1788, #4182, #6375, #5248, #802, #5871, #4624, #3631, #2413, #1897, #252, #1825, #3488, #5210, #3560, #1312, #4106, #2446, #2890, #4699, #5797, #5726, #5174, #6341, #691, #6846, #4074, #1276, #3522, #5761, #1351 ),
 .UNSPECIFIED., .F., .F.,
 ( 4, 1, 1, 2, 2, 1, 1, 1, 2, 2, 2, 1, 1, 1, 2, 2, 2, 1, 1, 2, 2, 4 ),
 ( 0.000000000000000000, 0.06249999999999389377, 0.09374999999999056310, 0.1093749999999884814, 0.1249999999999863998, 0.1874999999999769074, 0.2187499999999721889, 0.2343749999999698574, 0.2421874999999694966, 0.2499999999999691080, 0.3749999999999644729, 0.4374999999999610312, 0.4687499999999592548, 0.4843749999999572564, 0.4921874999999552580, 0.4999999999999531486, 0.6249999999999543698, 0.6874999999999550360, 0.7187499999999552580, 0.7343749999999568123, 0.7499999999999582556, 1.000000000000000000 ),
 .UNSPECIFIED. ) ;
#4211 = DIRECTION ( 'NONE',  ( 0.7071067811865473507, 0.000000000000000000, -0.7071067811865477948 ) ) ;
#4212 = CARTESIAN_POINT ( 'NONE',  ( 1.380839982702823265, 6.500000000000000000, -4.547699037355532603 ) ) ;
#4213 = CARTESIAN_POINT ( 'NONE',  ( -4.934344465946485236, 3.000000000000000000, -4.751288740056038407 ) ) ;
#4214 = LINE ( 'NONE', #6953, #3435 ) ;
#4215 = LINE ( 'NONE', #5422, #6615 ) ;
#4216 = EDGE_CURVE ( 'NONE', #2077, #4824, #3787, .T. ) ;
#4217 = EDGE_CURVE ( 'NONE', #5745, #5450, #3825, .T. ) ;
#4218 = EDGE_CURVE ( 'NONE', #3347, #5736, #453, .T. ) ;
#4219 = DIRECTION ( 'NONE',  ( 0.7071067811865451302, -3.056747976430751789E-16, 0.7071067811865500152 ) ) ;
#4220 = DIRECTION ( 'NONE',  ( -1.000000000000000000, -0.000000000000000000, -0.000000000000000000 ) ) ;
#4221 = CARTESIAN_POINT ( 'NONE',  ( 1.099495185827164878, 20.57318593025059172, -6.433818836589891177 ) ) ;
#4222 = VERTEX_POINT ( 'NONE', #3231 ) ;
#4223 = CARTESIAN_POINT ( 'NONE',  ( -1.854166666666498875, 19.99999999999999645, 4.501950110210688472 ) ) ;
#4224 = EDGE_LOOP ( 'NONE', ( #6474, #6685, #1750, #227 ) ) ;
#4225 = DIRECTION ( 'NONE',  ( -0.000000000000000000, 0.6561787149247869655, -0.7546055221635044052 ) ) ;
#4226 = EDGE_CURVE ( 'NONE', #3516, #2264, #6062, .T. ) ;
#4227 = CARTESIAN_POINT ( 'NONE',  ( -1.380000000000000115, 11.52975414413175947, 5.485303232940222706 ) ) ;
#4228 = DIRECTION ( 'NONE',  ( -1.000000000000000000, 0.000000000000000000, -8.673617379884020681E-17 ) ) ;
#4229 = ORIENTED_EDGE ( 'NONE', *, *, #7220, .F. ) ;
#4230 = CLOSED_SHELL ( 'NONE', ( #4853, #2782, #6714, #2589, #3657, #467, #1214, #2828, #3727, #2114, #4760, #4706, #942, #1032, #2913, #2810, #5295, #2815, #337, #5972, #5635, #4534, #3313, #6768, #6515, #2592, #2953, #6980, #3547, #6935, #5402, #4753, #5963, #1487, #6606, #2648, #175, #4941, #6776, #2270, #1126 ) ) ;
#4231 = PRODUCT ( 'PJOINT_shaft_V2_1', 'PJOINT_shaft_V2_1', '', ( #2232 ) ) ;
#4232 = VERTEX_POINT ( 'NONE', #5476 ) ;
#4233 = DIRECTION ( 'NONE',  ( 0.000000000000000000, 0.000000000000000000, -1.000000000000000000 ) ) ;
#4234 = PLANE ( 'NONE',  #2581 ) ;
#4235 = ADVANCED_FACE ( 'NONE', ( #3192 ), #1506, .F. ) ;
#4236 = CARTESIAN_POINT ( 'NONE',  ( 4.500000000000000000, 7.499999999999998224, 2.179449471770337432 ) ) ;
#4237 = EDGE_CURVE ( 'NONE', #6578, #6733, #4927, .T. ) ;
#4238 = CARTESIAN_POINT ( 'NONE',  ( -1.399999999999999689, 12.48000000000000220, -1.214306433183764720E-16 ) ) ;
#4239 = B_SPLINE_CURVE_WITH_KNOTS ( 'NONE', 3,
 ( #4911, #1415, #3767, #2001 ),
 .UNSPECIFIED., .F., .F.,
 ( 4, 4 ),
 ( 0.000000000000000000, 1.000000000000000000 ),
 .UNSPECIFIED. ) ;
#4240 = LINE ( 'NONE', #6469, #4301 ) ;
#4241 = ORIENTED_EDGE ( 'NONE', *, *, #3495, .T. ) ;
#4242 = ORIENTED_EDGE ( 'NONE', *, *, #228, .T. ) ;
#4243 = VECTOR ( 'NONE', #2864, 1000.000000000000114 ) ;
#4244 = CARTESIAN_POINT ( 'NONE',  ( 1.379999999999999671, 12.34999999999999964, -4.343903740188082452 ) ) ;
#4245 = DIRECTION ( 'NONE',  ( 0.000000000000000000, 0.000000000000000000, 1.000000000000000000 ) ) ;
#4246 = ORIENTED_EDGE ( 'NONE', *, *, #410, .T. ) ;
#4247 = PLANE ( 'NONE',  #1486 ) ;
#4248 = VERTEX_POINT ( 'NONE', #7150 ) ;
#4249 = FACE_OUTER_BOUND ( 'NONE', #1781, .T. ) ;
#4250 = DIRECTION ( 'NONE',  ( 0.000000000000000000, 0.000000000000000000, -1.000000000000000000 ) ) ;
#4251 = DIRECTION ( 'NONE',  ( -1.000000000000000000, 0.000000000000000000, -0.000000000000000000 ) ) ;
#4252 = DIRECTION ( 'NONE',  ( -0.7071067811865477948, 0.000000000000000000, -0.7071067811865473507 ) ) ;
#4253 = CARTESIAN_POINT ( 'NONE',  ( -1.380000000000000115, 8.631655426250501861, -4.400000000000000355 ) ) ;
#4254 = CARTESIAN_POINT ( 'NONE',  ( 3.140055051430242106, 1.508506057664685152, -6.976435135045774061 ) ) ;
#4255 = EDGE_CURVE ( 'NONE', #2452, #5561, #5988, .T. ) ;
#4256 = CARTESIAN_POINT ( 'NONE',  ( -3.405877273185281773, 1.676175380897986456, 6.850000000000000533 ) ) ;
#4257 = CARTESIAN_POINT ( 'NONE',  ( 0.3993489175105098821, 20.06902874913439305, -6.446876140837991542 ) ) ;
#4258 = VERTEX_POINT ( 'NONE', #951 ) ;
#4259 = CARTESIAN_POINT ( 'NONE',  ( 6.437177341521856277, 20.38644709989189963, -0.9124905508457465952 ) ) ;
#4260 = ORIENTED_EDGE ( 'NONE', *, *, #4645, .T. ) ;
#4261 = AXIS2_PLACEMENT_3D ( 'NONE', #1682, #3929, #6777 ) ;
#4262 = EDGE_CURVE ( 'NONE', #4603, #6613, #7040, .T. ) ;
#4263 = VECTOR ( 'NONE', #2500, 1000.000000000000114 ) ;
#4264 = DIRECTION ( 'NONE',  ( -1.000000000000000000, 0.000000000000000000, 0.000000000000000000 ) ) ;
#4265 = AXIS2_PLACEMENT_3D ( 'NONE', #4682, #3615, #4121 ) ;
#4266 = DIRECTION ( 'NONE',  ( 0.000000000000000000, 0.000000000000000000, -1.000000000000000000 ) ) ;
#4267 = ORIENTED_EDGE ( 'NONE', *, *, #2559, .F. ) ;
#4268 = SURFACE_STYLE_FILL_AREA ( #3090 ) ;
#4269 = CONICAL_SURFACE ( 'NONE', #742, 8.250000000000007105, 0.7853981633974482790 ) ;
#4270 = CARTESIAN_POINT ( 'NONE',  ( 2.885102807365163891, 3.000000000000000000, -7.085102807365160515 ) ) ;
#4271 = EDGE_CURVE ( 'NONE', #1554, #6477, #2719, .T. ) ;
#4272 = DIRECTION ( 'NONE',  ( -1.000000000000000000, -0.000000000000000000, -0.000000000000000000 ) ) ;
#4273 = DIRECTION ( 'NONE',  ( 0.000000000000000000, 0.000000000000000000, -1.000000000000000000 ) ) ;
#4274 = EDGE_CURVE ( 'NONE', #2508, #1856, #3458, .T. ) ;
#4275 = CARTESIAN_POINT ( 'NONE',  ( -6.594282824706732882, 22.99999999999998934, 1.854166666666667629 ) ) ;
#4276 = EDGE_LOOP ( 'NONE', ( #6678, #6594, #1833, #3525 ) ) ;
#4277 = ORIENTED_EDGE ( 'NONE', *, *, #3358, .T. ) ;
#4278 = EDGE_CURVE ( 'NONE', #5736, #2789, #3893, .T. ) ;
#4279 = CARTESIAN_POINT ( 'NONE',  ( -3.532332510810049175, 20.31225200125700070, 0.8263614878979325118 ) ) ;
#4280 = CIRCLE ( 'NONE', #1921, 7.650000000000000355 ) ;
#4281 = AXIS2_PLACEMENT_3D ( 'NONE', #7241, #2214, #5741 ) ;
#4282 = CARTESIAN_POINT ( 'NONE',  ( -0.08414317496827873610, 20.00000000000000000, -3.532332510810048731 ) ) ;
#4283 = ORIENTED_EDGE ( 'NONE', *, *, #1356, .T. ) ;
#4284 = CARTESIAN_POINT ( 'NONE',  ( -5.107491688851570011, 3.089999999999999858, 2.986171345291844581 ) ) ;
#4285 = ORIENTED_EDGE ( 'NONE', *, *, #4478, .T. ) ;
#4286 = CARTESIAN_POINT ( 'NONE',  ( 1.399999999999999689, 6.649999999999999467, -4.549999999999999822 ) ) ;
#4287 = AXIS2_PLACEMENT_3D ( 'NONE', #4363, #6593, #2669 ) ;
#4288 = CARTESIAN_POINT ( 'NONE',  ( 4.870299948342240448, 8.000000000000000000, -2.262975846493096022 ) ) ;
#4289 = DIRECTION ( 'NONE',  ( 0.000000000000000000, 0.000000000000000000, -1.000000000000000000 ) ) ;
#4290 = CYLINDRICAL_SURFACE ( 'NONE', #276, 0.09999999999999983902 ) ;
#4291 = AXIS2_PLACEMENT_3D ( 'NONE', #5328, #303, #1284 ) ;
#4292 = VECTOR ( 'NONE', #1303, 1000.000000000000000 ) ;
#4293 = CARTESIAN_POINT ( 'NONE',  ( -1.469733070299339861, 21.16916132559189734, 3.532332510810048731 ) ) ;
#4294 = DIRECTION ( 'NONE',  ( -0.000000000000000000, -0.6561787149247862994, 0.7546055221635049604 ) ) ;
#4295 = PLANE ( 'NONE',  #2877 ) ;
#4296 = CARTESIAN_POINT ( 'NONE',  ( -6.435929495933518041, 20.45084855409213986, 0.9806293055985679796 ) ) ;
#4297 = ORIENTED_EDGE ( 'NONE', *, *, #6091, .F. ) ;
#4298 = PLANE ( 'NONE',  #782 ) ;
#4299 = ORIENTED_EDGE ( 'NONE', *, *, #3910, .T. ) ;
#4300 = CARTESIAN_POINT ( 'NONE',  ( -2.234154015110208835, 7.947084575471273560, 4.741006527942210447 ) ) ;
#4301 = VECTOR ( 'NONE', #892, 1000.000000000000000 ) ;
#4302 = CIRCLE ( 'NONE', #1368, 0.1700000000000000122 ) ;
#4303 = CARTESIAN_POINT ( 'NONE',  ( 0.000000000000000000, 8.631655426250503638, 4.400000000000000355 ) ) ;
#4304 = VERTEX_POINT ( 'NONE', #5062 ) ;
#4305 = CARTESIAN_POINT ( 'NONE',  ( 2.192314546146025389, 7.763919350724530766, 4.555805433952621719 ) ) ;
#4306 = ORIENTED_EDGE ( 'NONE', *, *, #2146, .F. ) ;
#4307 = DIRECTION ( 'NONE',  ( -0.7071067811865473507, -2.775557561562890735E-17, 0.7071067811865477948 ) ) ;
#4308 = VECTOR ( 'NONE', #256, 1000.000000000000114 ) ;
#4309 = DIRECTION ( 'NONE',  ( 0.000000000000000000, 0.000000000000000000, 1.000000000000000000 ) ) ;
#4310 = PRODUCT_DEFINITION_FORMATION_WITH_SPECIFIED_SOURCE ( 'ANY', '', #3882, .NOT_KNOWN. ) ;
#4311 = DIRECTION ( 'NONE',  ( 0.000000000000000000, 0.000000000000000000, -1.000000000000000000 ) ) ;
#4312 = TOROIDAL_SURFACE ( 'NONE', #3370, 0.1299999999999999767, 0.02000000000000000042 ) ;
#4313 = AXIS2_PLACEMENT_3D ( 'NONE', #4519, #3385, #6816 ) ;
#4314 = CARTESIAN_POINT ( 'NONE',  ( 0.000000000000000000, -1.299999999999985167, 7.450000000000000178 ) ) ;
#4315 = ADVANCED_FACE ( 'NONE', ( #5687, #5544, #6641 ), #1756, .T. ) ;
#4316 = ORIENTED_EDGE ( 'NONE', *, *, #1828, .T. ) ;
#4317 = EDGE_LOOP ( 'NONE', ( #3420, #4277, #6517, #5409 ) ) ;
#4318 = CARTESIAN_POINT ( 'NONE',  ( -3.532332510810047843, 20.18509723848357140, 0.6513562542289025314 ) ) ;
#4319 = EDGE_CURVE ( 'NONE', #2349, #1145, #1060, .T. ) ;
#4320 = DIRECTION ( 'NONE',  ( 0.000000000000000000, 0.000000000000000000, -1.000000000000000000 ) ) ;
#4321 = EDGE_LOOP ( 'NONE', ( #6181, #2740, #4721, #532, #6888 ) ) ;
#4322 = FACE_OUTER_BOUND ( 'NONE', #2342, .T. ) ;
#4323 = ORIENTED_EDGE ( 'NONE', *, *, #5702, .F. ) ;
#4324 = DIRECTION ( 'NONE',  ( 0.000000000000000000, 0.000000000000000000, -1.000000000000000000 ) ) ;
#4325 = CARTESIAN_POINT ( 'NONE',  ( 4.552982615442272341, 22.99999999999999645, -1.854166666666667407 ) ) ;
#4326 = CARTESIAN_POINT ( 'NONE',  ( 1.379999999999999671, 6.625340151904196340, -0.9208900253173660788 ) ) ;
#4327 = FACE_OUTER_BOUND ( 'NONE', #2916, .T. ) ;
#4328 = EDGE_CURVE ( 'NONE', #2893, #4814, #6264, .T. ) ;
#4329 = DIRECTION ( 'NONE',  ( 0.000000000000000000, -0.000000000000000000, 1.000000000000000000 ) ) ;
#4330 = DIRECTION ( 'NONE',  ( 1.000000000000000000, 0.000000000000000000, -1.327676691011044728E-16 ) ) ;
#4331 = DIRECTION ( 'NONE',  ( 0.000000000000000000, 0.000000000000000000, 1.000000000000000000 ) ) ;
#4332 = CARTESIAN_POINT ( 'NONE',  ( 0.7701840450501263868, 20.26806201659787376, -6.439996695177252484 ) ) ;
#4333 = ORIENTED_EDGE ( 'NONE', *, *, #4217, .F. ) ;
#4334 = VERTEX_POINT ( 'NONE', #1161 ) ;
#4335 = CARTESIAN_POINT ( 'NONE',  ( -1.854166666666499319, 22.99999999999999645, 6.594282824706780843 ) ) ;
#4336 = CARTESIAN_POINT ( 'NONE',  ( -1.379999999999999893, 12.50000000000000000, 2.027069063257455728 ) ) ;
#4337 = CARTESIAN_POINT ( 'NONE',  ( 1.380279994234274055, 6.500000000000000000, 0.7736979242907003895 ) ) ;
#4338 = ORIENTED_EDGE ( 'NONE', *, *, #3813, .F. ) ;
#4339 = CARTESIAN_POINT ( 'NONE',  ( -3.956290731841368036, 2.373921791567575657, 3.226782805549640809 ) ) ;
#4340 = UNCERTAINTY_MEASURE_WITH_UNIT (LENGTH_MEASURE( 1.000000000000000082E-05 ), #4791, 'distance_accuracy_value', 'NONE');
#4341 = VECTOR ( 'NONE', #3807, 1000.000000000000000 ) ;
#4342 = CARTESIAN_POINT ( 'NONE',  ( 2.179449471770337432, 7.500000000000000000, 4.500000000000000000 ) ) ;
#4343 = EDGE_LOOP ( 'NONE', ( #5145, #4943, #6282, #5416 ) ) ;
#4344 = CARTESIAN_POINT ( 'NONE',  ( 0.000000000000000000, 0.000000000000000000, 0.000000000000000000 ) ) ;
#4345 = CARTESIAN_POINT ( 'NONE',  ( 0.000000000000000000, 0.8220000882110268803, 0.000000000000000000 ) ) ;
#4346 = SHAPE_REPRESENTATION ( 'Snap Fit Male', ( #5484 ), #6755 ) ;
#4347 = ORIENTED_EDGE ( 'NONE', *, *, #419, .F. ) ;
#4348 = EDGE_CURVE ( 'NONE', #1900, #5106, #1410, .T. ) ;
#4349 = CARTESIAN_POINT ( 'NONE',  ( -3.532332510810049175, 20.04859121525554855, 0.3401806712189566206 ) ) ;
#4350 = EDGE_CURVE ( 'NONE', #7128, #1231, #1615, .T. ) ;
#4351 = CARTESIAN_POINT ( 'NONE',  ( 2.312024219028202765, 1.500000000000000888, -4.433344562587824278 ) ) ;
#4352 = EDGE_LOOP ( 'NONE', ( #379, #5303, #6104, #5324, #4364, #7043 ) ) ;
#4353 = AXIS2_PLACEMENT_3D ( 'NONE', #4622, #1274, #2845 ) ;
#4354 = DIRECTION ( 'NONE',  ( 1.000000000000000000, 2.168404344971005170E-17, 0.000000000000000000 ) ) ;
#4356 = ORIENTED_EDGE ( 'NONE', *, *, #1267, .T. ) ;
#4355 = ADVANCED_FACE ( 'NONE', ( #7222 ), #2277, .T. ) ;
#4357 = CARTESIAN_POINT ( 'NONE',  ( 0.9806293055983968943, 20.45084855409213276, 6.435929495933545574 ) ) ;
#4358 = DIRECTION ( 'NONE',  ( -0.4876598490941707609, 0.7241379310344824294, -0.4876598490941710939 ) ) ;
#4359 = DIRECTION ( 'NONE',  ( -0.7071067811865563435, 0.000000000000000000, 0.7071067811865388020 ) ) ;
#4360 = LINE ( 'NONE', #5566, #3216 ) ;
#4361 = EDGE_CURVE ( 'NONE', #6653, #4399, #522, .T. ) ;
#4362 = CARTESIAN_POINT ( 'NONE',  ( 9.368548013477250272E-16, 1.499999999999999556, 7.650000000000000355 ) ) ;
#4363 = CARTESIAN_POINT ( 'NONE',  ( 0.000000000000000000, 19.99999999999999645, 0.000000000000000000 ) ) ;
#4364 = ORIENTED_EDGE ( 'NONE', *, *, #899, .F. ) ;
#4365 = EDGE_CURVE ( 'NONE', #5779, #3898, #6092, .T. ) ;
#4366 = CARTESIAN_POINT ( 'NONE',  ( -5.624665225306115346, 19.99999999999999645, -0.004166666666667291977 ) ) ;
#4367 = CARTESIAN_POINT ( 'NONE',  ( -6.439916305817014575, 21.15482586975312174, 1.462874948718952739 ) ) ;
#4368 = ORIENTED_EDGE ( 'NONE', *, *, #2289, .T. ) ;
#4369 = FACE_OUTER_BOUND ( 'NONE', #5045, .T. ) ;
#4370 = ORIENTED_EDGE ( 'NONE', *, *, #5242, .F. ) ;
#4371 = ADVANCED_FACE ( 'NONE', ( #4479 ), #3340, .T. ) ;
#4372 = LINE ( 'NONE', #2781, #3656 ) ;
#4373 = DIRECTION ( 'NONE',  ( 1.000000000000000000, -0.000000000000000000, 0.000000000000000000 ) ) ;
#4374 = DIRECTION ( 'NONE',  ( 0.000000000000000000, 0.000000000000000000, 1.000000000000000000 ) ) ;
#4375 = ORIENTED_EDGE ( 'NONE', *, *, #4217, .T. ) ;
#4376 = CARTESIAN_POINT ( 'NONE',  ( -4.934344465946485236, 8.000000000000000000, -4.751288740056038407 ) ) ;
#4377 = CARTESIAN_POINT ( 'NONE',  ( -0.3224265684403764265, 20.03329218668984169, -6.448241193902575219 ) ) ;
#4378 = CIRCLE ( 'NONE', #2028, 0.1299999999999998934 ) ;
#4379 =( GEOMETRIC_REPRESENTATION_CONTEXT ( 3 ) GLOBAL_UNCERTAINTY_ASSIGNED_CONTEXT ( ( #1545 ) ) GLOBAL_UNIT_ASSIGNED_CONTEXT ( ( #563, #3304, #6674 ) ) REPRESENTATION_CONTEXT ( 'NONE', 'WORKASPACE' ) );
#4380 = DIRECTION ( 'NONE',  ( -1.000000000000000000, 0.000000000000000000, 0.000000000000000000 ) ) ;
#4381 = AXIS2_PLACEMENT_3D ( 'NONE', #5558, #2072, #4907 ) ;
#4382 = ORIENTED_EDGE ( 'NONE', *, *, #5334, .F. ) ;
#4383 = CARTESIAN_POINT ( 'NONE',  ( -1.397319086605161687, 6.500000000000000000, -0.8267289123675667373 ) ) ;
#4384 = CARTESIAN_POINT ( 'NONE',  ( -1.854166666666499985, 22.67312952106133039, -3.532332510810049619 ) ) ;
#4385 = ORIENTED_EDGE ( 'NONE', *, *, #1838, .F. ) ;
#4386 = DIRECTION ( 'NONE',  ( 3.552713678800500929E-15, 0.000000000000000000, 1.000000000000000000 ) ) ;
#4387 = ORIENTED_EDGE ( 'NONE', *, *, #5793, .T. ) ;
#4388 = AXIS2_PLACEMENT_3D ( 'NONE', #1563, #2148, #3810 ) ;
#4389 = CARTESIAN_POINT ( 'NONE',  ( -1.380000000000000338, 9.655153745424975398, -5.498426807238719682 ) ) ;
#4390 = CARTESIAN_POINT ( 'NONE',  ( 0.000000000000000000, 20.00000000000000000, 3.532332510810049175 ) ) ;
#4391 = CARTESIAN_POINT ( 'NONE',  ( -3.532332510810049175, 20.00000000000000000, 4.336808689942018722E-16 ) ) ;
#4392 = DIRECTION ( 'NONE',  ( 0.000000000000000000, 1.000000000000000000, -0.000000000000000000 ) ) ;
#4393 = B_SPLINE_CURVE_WITH_KNOTS ( 'NONE', 3,
 ( #779, #6321, #119, #1735 ),
 .UNSPECIFIED., .F., .F.,
 ( 4, 4 ),
 ( 0.000000000000000000, 1.000000000000000000 ),
 .UNSPECIFIED. ) ;
#4394 = B_SPLINE_CURVE_WITH_KNOTS ( 'NONE', 3,
 ( #6769, #3922, #3291, #3437, #2739, #4398 ),
 .UNSPECIFIED., .F., .F.,
 ( 4, 2, 4 ),
 ( 0.000000000000000000, 0.0003953464452561770677, 0.0007906928905123541355 ),
 .UNSPECIFIED. ) ;
#4395 = VECTOR ( 'NONE', #3299, 1000.000000000000000 ) ;
#4396 = EDGE_CURVE ( 'NONE', #1253, #2728, #1936, .T. ) ;
#4397 = CARTESIAN_POINT ( 'NONE',  ( 1.379999999999999671, 9.768344573749498494, 5.549999999999999822 ) ) ;
#4398 = CARTESIAN_POINT ( 'NONE',  ( -4.999999999999999112, 8.000000000000000000, 2.291287847478249429 ) ) ;
#4399 = VERTEX_POINT ( 'NONE', #2849 ) ;
#4400 = AXIS2_PLACEMENT_3D ( 'NONE', #2262, #5618, #4447 ) ;
#4401 = EDGE_CURVE ( 'NONE', #6351, #3209, #4557, .T. ) ;
#4402 = DIRECTION ( 'NONE',  ( -0.000000000000000000, 1.000000000000000000, -0.000000000000000000 ) ) ;
#4403 = EDGE_CURVE ( 'NONE', #5779, #5771, #5582, .T. ) ;
#4404 = ORIENTED_EDGE ( 'NONE', *, *, #1256, .F. ) ;
#4405 = DIRECTION ( 'NONE',  ( -0.000000000000000000, 1.000000000000000000, -0.000000000000000000 ) ) ;
#4406 = DIRECTION ( 'NONE',  ( -1.227746447048803788E-16, 0.000000000000000000, -1.000000000000000000 ) ) ;
#4407 = LINE ( 'NONE', #1642, #1657 ) ;
#4408 = CIRCLE ( 'NONE', #3708, 7.060000000000000497 ) ;
#4409 = AXIS2_PLACEMENT_3D ( 'NONE', #1553, #7095, #3173 ) ;
#4410 = EDGE_CURVE ( 'NONE', #3888, #3869, #1930, .T. ) ;
#4411 = EDGE_CURVE ( 'NONE', #6201, #1882, #558, .T. ) ;
#4412 = DIRECTION ( 'NONE',  ( 1.000000000000000000, 2.168404344971008252E-17, 8.673617379884035472E-17 ) ) ;
#4413 = VECTOR ( 'NONE', #4962, 1000.000000000000114 ) ;
#4414 = EDGE_CURVE ( 'NONE', #622, #3828, #5685, .T. ) ;
#4415 = CARTESIAN_POINT ( 'NONE',  ( -3.266464433174220527, 29.00000000000000000, 3.266464433174222304 ) ) ;
#4416 = CARTESIAN_POINT ( 'NONE',  ( 0.000000000000000000, 1.000000000000000888, 9.750000000000001776 ) ) ;
#4417 = VERTEX_POINT ( 'NONE', #6307 ) ;
#4418 = LINE ( 'NONE', #7120, #6391 ) ;
#4419 = AXIS2_PLACEMENT_3D ( 'NONE', #7188, #347, #2572 ) ;
#4420 = CYLINDRICAL_SURFACE ( 'NONE', #2000, 0.1499999999999999667 ) ;
#4421 = AXIS2_PLACEMENT_3D ( 'NONE', #2741, #6771, #651 ) ;
#4422 = VECTOR ( 'NONE', #6499, 1000.000000000000000 ) ;
#4423 = ADVANCED_FACE ( 'NONE', ( #109 ), #2479, .T. ) ;
#4424 = VERTEX_POINT ( 'NONE', #140 ) ;
#4425 = CIRCLE ( 'NONE', #443, 5.500000000000000000 ) ;
#4426 = B_SPLINE_CURVE_WITH_KNOTS ( 'NONE', 3,
 ( #856, #5856, #4750, #5301, #6645, #6435, #5891, #6976, #2713, #4796 ),
 .UNSPECIFIED., .F., .F.,
 ( 4, 2, 2, 2, 4 ),
 ( 0.000000000000000000, 7.024607880191284862E-05, 0.0001404921576038256972, 0.0002809843152076510692, 0.0005619686304153021384 ),
 .UNSPECIFIED. ) ;
#4427 = CARTESIAN_POINT ( 'NONE',  ( 1.379999999999999671, 12.50000000000000000, -4.343903740188081564 ) ) ;
#4428 = VECTOR ( 'NONE', #2674, 1000.000000000000000 ) ;
#4429 = LINE ( 'NONE', #3912, #2063 ) ;
#4430 = ORIENTED_EDGE ( 'NONE', *, *, #6381, .T. ) ;
#4431 = ORIENTED_EDGE ( 'NONE', *, *, #325, .T. ) ;
#4432 = CARTESIAN_POINT ( 'NONE',  ( 0.000000000000000000, 8.744846254575030287, -4.451573192761281383 ) ) ;
#4433 = LINE ( 'NONE', #5634, #819 ) ;
#4434 = DIRECTION ( 'NONE',  ( 1.327676691011044728E-16, 0.000000000000000000, 1.000000000000000000 ) ) ;
#4435 = LINE ( 'NONE', #6114, #1101 ) ;
#4436 = CARTESIAN_POINT ( 'NONE',  ( 1.854166666666500207, 22.83689682258334130, -3.532332510810048731 ) ) ;
#4437 = DIRECTION ( 'NONE',  ( 0.000000000000000000, 0.000000000000000000, -1.000000000000000000 ) ) ;
#4438 = VERTEX_POINT ( 'NONE', #4144 ) ;
#4439 = CARTESIAN_POINT ( 'NONE',  ( -3.532332510810048731, 21.19520301140691743, -1.482068639896303441 ) ) ;
#4440 = ORIENTED_EDGE ( 'NONE', *, *, #4255, .F. ) ;
#4441 = DIRECTION ( 'NONE',  ( -0.7071067811865500152, 0.000000000000000000, 0.7071067811865451302 ) ) ;
#4442 = EDGE_CURVE ( 'NONE', #4597, #964, #4517, .T. ) ;
#4443 = DIRECTION ( 'NONE',  ( -0.5120428415488804674, -0.6896551724137937045, 0.5120428415488771368 ) ) ;
#4444 = EDGE_CURVE ( 'NONE', #3749, #6440, #1863, .T. ) ;
#4445 = ADVANCED_FACE ( 'NONE', ( #6266 ), #4593, .F. ) ;
#4446 = CARTESIAN_POINT ( 'NONE',  ( 1.854166666666499763, 22.99999999999999645, -6.594282824706780843 ) ) ;
#4447 = DIRECTION ( 'NONE',  ( 0.000000000000000000, 0.000000000000000000, -1.000000000000000000 ) ) ;
#4448 = FACE_OUTER_BOUND ( 'NONE', #4797, .T. ) ;
#4449 = ORIENTED_EDGE ( 'NONE', *, *, #3875, .F. ) ;
#4450 = LINE ( 'NONE', #1544, #2139 ) ;
#4451 = EDGE_LOOP ( 'NONE', ( #6855, #369, #5293, #430 ) ) ;
#4452 = DIRECTION ( 'NONE',  ( -0.000000000000000000, -0.9863939238321437486, 0.1643989873053572637 ) ) ;
#4453 = EDGE_CURVE ( 'NONE', #3828, #2321, #4210, .T. ) ;
#4454 = ORIENTED_EDGE ( 'NONE', *, *, #5255, .F. ) ;
#4455 = APPLICATION_PROTOCOL_DEFINITION ( 'draft international standard', 'automotive_design', 1998, #268 ) ;
#4456 = DIRECTION ( 'NONE',  ( -0.4876598490941762565, -0.7241379310344820963, 0.4876598490941660424 ) ) ;
#4457 = ORIENTED_EDGE ( 'NONE', *, *, #5518, .F. ) ;
#4458 = ADVANCED_FACE ( 'NONE', ( #3002 ), #215, .F. ) ;
#4459 = SURFACE_STYLE_USAGE ( .BOTH. , #7234 ) ;
#4460 = VECTOR ( 'NONE', #3396, 1000.000000000000000 ) ;
#4461 = CARTESIAN_POINT ( 'NONE',  ( 0.000000000000000000, 1.500000000000000444, 0.000000000000000000 ) ) ;
#4462 = EDGE_LOOP ( 'NONE', ( #3460, #5622, #6065, #4385 ) ) ;
#4463 = ORIENTED_EDGE ( 'NONE', *, *, #3095, .T. ) ;
#4464 = CARTESIAN_POINT ( 'NONE',  ( 2.847419838194332531, 3.008506057664685596, 7.100900871338162723 ) ) ;
#4465 = CARTESIAN_POINT ( 'NONE',  ( -1.854166666666499097, 28.99999999999999645, 3.532332510810049175 ) ) ;
#4466 = CARTESIAN_POINT ( 'NONE',  ( 1.399999999999999689, 0.000000000000000000, 5.530000000000000249 ) ) ;
#4467 = FACE_OUTER_BOUND ( 'NONE', #3762, .T. ) ;
#4468 = CARTESIAN_POINT ( 'NONE',  ( 1.842181772568746601, 22.59541196074216529, -3.532332510810048287 ) ) ;
#4469 = VECTOR ( 'NONE', #146, 1000.000000000000000 ) ;
#4470 = CARTESIAN_POINT ( 'NONE',  ( 1.379999999999999671, 9.281463325509363926, 8.070837674355974656 ) ) ;
#4471 = ORIENTED_EDGE ( 'NONE', *, *, #1434, .T. ) ;
#4472 = CARTESIAN_POINT ( 'NONE',  ( -3.532332510810049175, 22.59541196074216174, -1.842181772568914244 ) ) ;
#4473 = ORIENTED_EDGE ( 'NONE', *, *, #5080, .T. ) ;
#4474 = CARTESIAN_POINT ( 'NONE',  ( 4.999999999999848121, 8.000000000000000000, -2.291287847478249429 ) ) ;
#4475 = CARTESIAN_POINT ( 'NONE',  ( 3.532332510810048287, 28.99999999999999645, -4.336808689942017243E-16 ) ) ;
#4476 = DIRECTION ( 'NONE',  ( -1.000000000000000000, -0.000000000000000000, -0.000000000000000000 ) ) ;
#4477 = CARTESIAN_POINT ( 'NONE',  ( -1.400000000000000133, 6.500000000000000000, 0.8529309367425446098 ) ) ;
#4478 = EDGE_CURVE ( 'NONE', #848, #1335, #4637, .T. ) ;
#4479 = FACE_OUTER_BOUND ( 'NONE', #1026, .T. ) ;
#4480 = FACE_OUTER_BOUND ( 'NONE', #4485, .T. ) ;
#4481 = CARTESIAN_POINT ( 'NONE',  ( 6.747380340403892340, 19.99999999999999645, -1.854166666666667407 ) ) ;
#4482 = EDGE_LOOP ( 'NONE', ( #2177, #6310, #5721, #2598 ) ) ;
#4483 = PRESENTATION_STYLE_ASSIGNMENT (( #6164 ) ) ;
#4484 = ADVANCED_FACE ( 'NONE', ( #5140 ), #4166, .F. ) ;
#4485 = EDGE_LOOP ( 'NONE', ( #5143, #3619 ) ) ;
#4486 = CARTESIAN_POINT ( 'NONE',  ( -1.097598224321523652, 20.57728922704146868, -6.434224863854995036 ) ) ;
#4487 = VERTEX_POINT ( 'NONE', #292 ) ;
#4488 = CARTESIAN_POINT ( 'NONE',  ( 0.000000000000000000, 3.000000000000000000, 0.000000000000000000 ) ) ;
#4489 = ORIENTED_EDGE ( 'NONE', *, *, #2859, .T. ) ;
#4490 = EDGE_CURVE ( 'NONE', #4734, #348, #761, .T. ) ;
#4491 = DIRECTION ( 'NONE',  ( 0.8028956459037004390, 0.5961196035938423066, 0.000000000000000000 ) ) ;
#4492 = VECTOR ( 'NONE', #3756, 1000.000000000000000 ) ;
#4493 = VECTOR ( 'NONE', #738, 1000.000000000000114 ) ;
#4494 = AXIS2_PLACEMENT_3D ( 'NONE', #5194, #4543, #3366 ) ;
#4495 = ADVANCED_FACE ( 'NONE', ( #2085 ), #439, .T. ) ;
#4496 = AXIS2_PLACEMENT_3D ( 'NONE', #6287, #3945, #1806 ) ;
#4497 = CARTESIAN_POINT ( 'NONE',  ( -1.417475989220511767, 21.06381975462293354, -3.532332510810048731 ) ) ;
#4498 = ORIENTED_EDGE ( 'NONE', *, *, #1758, .F. ) ;
#4499 = ORIENTED_EDGE ( 'NONE', *, *, #7123, .F. ) ;
#4500 = CARTESIAN_POINT ( 'NONE',  ( 2.625752043686317538, 3.101480656498022626, 7.185283574223202407 ) ) ;
#4501 = VECTOR ( 'NONE', #6195, 1000.000000000000000 ) ;
#4502 = CARTESIAN_POINT ( 'NONE',  ( 0.000000000000000000, 1.034132122566989942, 0.000000000000000000 ) ) ;
#4503 = DIRECTION ( 'NONE',  ( 0.000000000000000000, 0.000000000000000000, 1.000000000000000000 ) ) ;
#4504 = CARTESIAN_POINT ( 'NONE',  ( 3.532332510810047399, 20.44931911752819076, 0.9790915752270420436 ) ) ;
#4505 = CARTESIAN_POINT ( 'NONE',  ( -0.4962751276097332465, 20.10790229452576483, 3.532332510810050064 ) ) ;
#4506 = CARTESIAN_POINT ( 'NONE',  ( 0.000000000000000000, 1.699999999999999734, -7.049999999999998046 ) ) ;
#4507 = VERTEX_POINT ( 'NONE', #3217 ) ;
#4508 = CARTESIAN_POINT ( 'NONE',  ( -3.532332510810049619, 22.12423031861520073, -1.773643159447388484 ) ) ;
#4509 = ORIENTED_EDGE ( 'NONE', *, *, #6420, .F. ) ;
#4510 = PLANE ( 'NONE',  #4540 ) ;
#4511 = PLANE ( 'NONE',  #5750 ) ;
#4512 = CARTESIAN_POINT ( 'NONE',  ( 1.399999999999999689, 8.759938365018300033, -4.438449618462785295 ) ) ;
#4513 = LINE ( 'NONE', #1127, #4492 ) ;
#4514 = VECTOR ( 'NONE', #4373, 1000.000000000000000 ) ;
#4515 = DIRECTION ( 'NONE',  ( -0.7071067811865473507, 2.775557561562891351E-17, 0.7071067811865477948 ) ) ;
#4516 = DIRECTION ( 'NONE',  ( 0.000000000000000000, 1.000000000000000000, 0.000000000000000000 ) ) ;
#4517 = CIRCLE ( 'NONE', #421, 0.1299999999999998934 ) ;
#4518 = VERTEX_POINT ( 'NONE', #3075 ) ;
#4519 = CARTESIAN_POINT ( 'NONE',  ( -1.380000000000000115, 12.34999999999999964, 4.343903740188081564 ) ) ;
#4520 = EDGE_LOOP ( 'NONE', ( #3121, #2908, #3157, #4583 ) ) ;
#4521 = CARTESIAN_POINT ( 'NONE',  ( -1.854166666666499097, 22.99999999999999645, 3.532332510810049175 ) ) ;
#4522 = VECTOR ( 'NONE', #1162, 1000.000000000000000 ) ;
#4523 = VECTOR ( 'NONE', #567, 1000.000000000000114 ) ;
#4524 = SHAPE_DEFINITION_REPRESENTATION ( #4755, #6353 ) ;
#4525 = LINE ( 'NONE', #3353, #6045 ) ;
#4526 = CIRCLE ( 'NONE', #5581, 0.1499999999999999667 ) ;
#4527 = ORIENTED_EDGE ( 'NONE', *, *, #7139, .T. ) ;
#4528 = LINE ( 'NONE', #47, #5746 ) ;
#4529 = FACE_OUTER_BOUND ( 'NONE', #5014, .T. ) ;
#4530 = EDGE_CURVE ( 'NONE', #2427, #6688, #4917, .T. ) ;
#4531 = CONICAL_SURFACE ( 'NONE', #665, 8.750000000000000000, 0.6108652381980129720 ) ;
#4532 = EDGE_CURVE ( 'NONE', #2759, #2216, #4215, .T. ) ;
#4533 = ADVANCED_FACE ( 'NONE', ( #6526 ), #3115, .F. ) ;
#4534 = ADVANCED_FACE ( 'NONE', ( #975 ), #2009, .T. ) ;
#4535 = APPLICATION_CONTEXT ( 'automotive_design' ) ;
#4536 = CARTESIAN_POINT ( 'NONE',  ( -1.690371092688391252, 21.75991375089112623, -3.532332510810048731 ) ) ;
#4537 = ORIENTED_EDGE ( 'NONE', *, *, #548, .T. ) ;
#4538 = ORIENTED_EDGE ( 'NONE', *, *, #5579, .F. ) ;
#4539 = CARTESIAN_POINT ( 'NONE',  ( -6.447706186796858141, 20.04878723623031789, -0.3408853809564276749 ) ) ;
#4540 = AXIS2_PLACEMENT_3D ( 'NONE', #6154, #6193, #5643 ) ;
#4541 =( BOUNDED_SURFACE ( )  B_SPLINE_SURFACE ( 2, 3, ( 
 ( #4148, #2053, #1980, #5252 ),
 ( #2451, #4223, #1428, #5950 ),
 ( #5912, #4188, #916, #5362 ) ),
 .UNSPECIFIED., .F., .F., .T. ) 
 B_SPLINE_SURFACE_WITH_KNOTS ( ( 3, 3 ),
 ( 4, 4 ),
 ( 0.000000000000000000, 1.000000000000000000 ),
 ( 0.003379234995115212511, 0.006747380340401617355 ),
 .UNSPECIFIED. ) 
 GEOMETRIC_REPRESENTATION_ITEM ( )  RATIONAL_B_SPLINE_SURFACE ( (
 ( 1.000000000000000000, 1.000000000000000000, 1.000000000000000000, 1.000000000000000000),
 ( 0.7071067811865475727, 0.7071067811865475727, 0.7071067811865475727, 0.7071067811865475727),
 ( 1.000000000000000000, 1.000000000000000000, 1.000000000000000000, 1.000000000000000000) ) ) 
 REPRESENTATION_ITEM ( '' )  SURFACE ( )  );
#4542 = LINE ( 'NONE', #4978, #3047 ) ;
#4543 = DIRECTION ( 'NONE',  ( 0.000000000000000000, 0.000000000000000000, -1.000000000000000000 ) ) ;
#4544 = EDGE_CURVE ( 'NONE', #6837, #5586, #5907, .T. ) ;
#4545 =( GEOMETRIC_REPRESENTATION_CONTEXT ( 3 ) GLOBAL_UNCERTAINTY_ASSIGNED_CONTEXT ( ( #2130 ) ) GLOBAL_UNIT_ASSIGNED_CONTEXT ( ( #3981, #640, #2729 ) ) REPRESENTATION_CONTEXT ( 'NONE', 'WORKASPACE' ) );
#4546 = CARTESIAN_POINT ( 'NONE',  ( 3.532332510810048287, 21.38165395594582563, 1.563691276470032143 ) ) ;
#4547 = CIRCLE ( 'NONE', #1612, 0.1299999999999998934 ) ;
#4548 = DIRECTION ( 'NONE',  ( 1.000000000000000000, 0.000000000000000000, 0.000000000000000000 ) ) ;
#4549 = ORIENTED_EDGE ( 'NONE', *, *, #4851, .F. ) ;
#4550 = DIRECTION ( 'NONE',  ( 0.000000000000000000, 0.000000000000000000, 1.000000000000000000 ) ) ;
#4551 = VERTEX_POINT ( 'NONE', #1422 ) ;
#4552 = CARTESIAN_POINT ( 'NONE',  ( 4.500000000000000000, 1.500000000000000444, 0.000000000000000000 ) ) ;
#4553 = CARTESIAN_POINT ( 'NONE',  ( -1.060660171779818750, 4.585121964646132860E-16, -1.060660171779826300 ) ) ;
#4554 = FACE_OUTER_BOUND ( 'NONE', #4678, .T. ) ;
#4555 = DIRECTION ( 'NONE',  ( 0.000000000000000000, 0.000000000000000000, 1.000000000000000000 ) ) ;
#4556 = ADVANCED_FACE ( 'NONE', ( #2115 ), #3667, .T. ) ;
#4557 = LINE ( 'NONE', #5030, #6385 ) ;
#4558 = CARTESIAN_POINT ( 'NONE',  ( -5.107491688851539813, 3.090000000000000746, -2.986171345291896095 ) ) ;
#4559 = ORIENTED_EDGE ( 'NONE', *, *, #3146, .F. ) ;
#4560 = CYLINDRICAL_SURFACE ( 'NONE', #2425, 7.650000000000000355 ) ;
#4561 = ORIENTED_EDGE ( 'NONE', *, *, #4087, .F. ) ;
#4562 = DIRECTION ( 'NONE',  ( -0.4876598490941711495, 0.7241379310344820963, -0.4876598490941711495 ) ) ;
#4563 = PRODUCT_DEFINITION_CONTEXT ( 'detailed design', #4535, 'design' ) ;
#4564 = PRODUCT_CONTEXT ( 'NONE', #5009, 'mechanical' ) ;
#4565 = CARTESIAN_POINT ( 'NONE',  ( 1.379999999999999671, 6.500000000000000000, -4.549999999999999822 ) ) ;
#4566 = ORIENTED_EDGE ( 'NONE', *, *, #6091, .T. ) ;
#4567 = VERTEX_POINT ( 'NONE', #4362 ) ;
#4568 = FACE_OUTER_BOUND ( 'NONE', #1269, .T. ) ;
#4569 = CARTESIAN_POINT ( 'NONE',  ( -1.400000000000000133, 8.631655426250503638, -4.549999999999998934 ) ) ;
#4570 = FACE_OUTER_BOUND ( 'NONE', #1264, .T. ) ;
#4571 = EDGE_LOOP ( 'NONE', ( #2660, #4989, #77, #6400 ) ) ;
#4572 = DIRECTION ( 'NONE',  ( 1.000000000000000000, 0.000000000000000000, 0.000000000000000000 ) ) ;
#4573 = ORIENTED_EDGE ( 'NONE', *, *, #4809, .T. ) ;
#4574 = CARTESIAN_POINT ( 'NONE',  ( 3.018470195263254219, 3.000000000000000000, 7.029319859012494121 ) ) ;
#4575 = EDGE_CURVE ( 'NONE', #2091, #6675, #2979, .T. ) ;
#4576 = CARTESIAN_POINT ( 'NONE',  ( -6.513292211645630658, 22.32043583465054937, 1.807362029468027487 ) ) ;
#4577 = CIRCLE ( 'NONE', #1403, 0.1499999999999999667 ) ;
#4578 = CARTESIAN_POINT ( 'NONE',  ( 0.000000000000000000, 12.37465984809580277, 1.879109974682634077 ) ) ;
#4579 = DIRECTION ( 'NONE',  ( 1.000000000000000000, 0.000000000000000000, 0.000000000000000000 ) ) ;
#4580 = B_SPLINE_CURVE_WITH_KNOTS ( 'NONE', 3,
 ( #343, #265, #5294, #3754 ),
 .UNSPECIFIED., .F., .F.,
 ( 4, 4 ),
 ( 0.000000000000000000, 1.000000000000000000 ),
 .UNSPECIFIED. ) ;
#4581 = EDGE_CURVE ( 'NONE', #934, #3662, #5569, .T. ) ;
#4582 = CARTESIAN_POINT ( 'NONE',  ( 0.000000000000000000, 2.428148006742123943, 0.000000000000000000 ) ) ;
#4583 = ORIENTED_EDGE ( 'NONE', *, *, #7026, .F. ) ;
#4584 = SHAPE_REPRESENTATION ( 'PJOINT_sleeve_V2_1', ( #5484 ), #4545 ) ;
#4585 = FACE_BOUND ( 'NONE', #6470, .T. ) ;
#4586 = VERTEX_POINT ( 'NONE', #4397 ) ;
#4587 = DIRECTION ( 'NONE',  ( 1.000000000000000000, 0.000000000000000000, 0.000000000000000000 ) ) ;
#4588 = EDGE_CURVE ( 'NONE', #3042, #5898, #642, .T. ) ;
#4589 = DIRECTION ( 'NONE',  ( 0.000000000000000000, 0.000000000000000000, -1.000000000000000000 ) ) ;
#4590 = LINE ( 'NONE', #5207, #4501 ) ;
#4591 = CARTESIAN_POINT ( 'NONE',  ( 1.399999999999999689, 6.500000000000000000, -0.8398232385305504089 ) ) ;
#4592 = AXIS2_PLACEMENT_3D ( 'NONE', #267, #956, #4309 ) ;
#4593 = PLANE ( 'NONE',  #5335 ) ;
#4594 = PRODUCT_DEFINITION ( 'UNKNOWN', '', #2074, #6169 ) ;
#4595 = EDGE_CURVE ( 'NONE', #3300, #1811, #6912, .T. ) ;
#4596 = DIRECTION ( 'NONE',  ( 0.000000000000000000, -1.000000000000000000, 0.000000000000000000 ) ) ;
#4597 = VERTEX_POINT ( 'NONE', #3883 ) ;
#4598 = LINE ( 'NONE', #4037, #6985 ) ;
#4599 = ORIENTED_EDGE ( 'NONE', *, *, #5738, .F. ) ;
#4600 = CARTESIAN_POINT ( 'NONE',  ( -0.004166666666499887692, 20.00000000000000000, -6.449998654177294455 ) ) ;
#4601 = SHAPE_DEFINITION_REPRESENTATION ( #5870, #4346 ) ;
#4602 = DIRECTION ( 'NONE',  ( -0.000000000000000000, 1.000000000000000000, -0.000000000000000000 ) ) ;
#4603 = VERTEX_POINT ( 'NONE', #2248 ) ;
#4604 = EDGE_LOOP ( 'NONE', ( #3971, #2679, #2542, #5642, #5361, #3527 ) ) ;
#4605 = CARTESIAN_POINT ( 'NONE',  ( -0.004166666666499081045, 20.00000000000000000, 3.532332510810049175 ) ) ;
#4606 =( NAMED_UNIT ( * ) SI_UNIT ( $, .STERADIAN. ) SOLID_ANGLE_UNIT ( ) );
#4607 = CARTESIAN_POINT ( 'NONE',  ( -1.854166666666499985, 24.99984659119641606, -6.871269208495067282 ) ) ;
#4608 = VERTEX_POINT ( 'NONE', #7209 ) ;
#4609 = DIRECTION ( 'NONE',  ( 0.000000000000000000, 0.000000000000000000, 1.000000000000000000 ) ) ;
#4610 = ORIENTED_EDGE ( 'NONE', *, *, #3675, .T. ) ;
#4611 = AXIS2_PLACEMENT_3D ( 'NONE', #2887, #2299, #4555 ) ;
#4612 = FACE_OUTER_BOUND ( 'NONE', #6966, .T. ) ;
#4613 = CARTESIAN_POINT ( 'NONE',  ( 3.532332510810048731, 20.30401683814159952, 0.8189706480924495713 ) ) ;
#4614 = VECTOR ( 'NONE', #5224, 1000.000000000000000 ) ;
#4615 = CARTESIAN_POINT ( 'NONE',  ( 1.380279994234274277, 6.500000000000000000, 4.549233012451844083 ) ) ;
#4616 = VERTEX_POINT ( 'NONE', #1709 ) ;
#4617 = AXIS2_PLACEMENT_3D ( 'NONE', #2544, #278, #2436 ) ;
#4618 = CARTESIAN_POINT ( 'NONE',  ( -7.239573367979930119, 3.116536647565487872, 2.472101282769620934 ) ) ;
#4619 = EDGE_LOOP ( 'NONE', ( #3263, #4147, #6736, #6117 ) ) ;
#4620 = DIRECTION ( 'NONE',  ( 1.000000000000000000, 2.168404344971008252E-17, 8.673617379884035472E-17 ) ) ;
#4621 = DIRECTION ( 'NONE',  ( -0.000000000000000000, 1.000000000000000000, 0.000000000000000000 ) ) ;
#4622 = CARTESIAN_POINT ( 'NONE',  ( 0.000000000000000000, 1.500000000000000444, 0.000000000000000000 ) ) ;
#4623 = CARTESIAN_POINT ( 'NONE',  ( 1.400000000000000133, 6.500000000000000000, -0.8529309367425446098 ) ) ;
#4624 = CARTESIAN_POINT ( 'NONE',  ( -0.7701840450501212798, 20.26806201659785955, 6.439996695177252484 ) ) ;
#4625 = ADVANCED_FACE ( 'NONE', ( #3504 ), #547, .T. ) ;
#4626 = CARTESIAN_POINT ( 'NONE',  ( 6.449946824177316351, 20.00000000000000000, 0.08439948989072675045 ) ) ;
#4627 = FACE_OUTER_BOUND ( 'NONE', #6950, .T. ) ;
#4628 = ORIENTED_EDGE ( 'NONE', *, *, #5885, .T. ) ;
#4629 = DIRECTION ( 'NONE',  ( 1.000000000000000000, 0.000000000000000000, 0.000000000000000000 ) ) ;
#4630 = VERTEX_POINT ( 'NONE', #6148 ) ;
#4631 = CARTESIAN_POINT ( 'NONE',  ( 1.399999999999999689, 11.52975414413176125, -5.485303232940222706 ) ) ;
#4632 = EDGE_LOOP ( 'NONE', ( #2159, #2218, #113, #2121 ) ) ;
#4633 = TOROIDAL_SURFACE ( 'NONE', #636, 5.500000000000000000, 0.5000000000000000000 ) ;
#4634 = EDGE_CURVE ( 'NONE', #5240, #1572, #5568, .T. ) ;
#4635 = EDGE_CURVE ( 'NONE', #1333, #1253, #2940, .T. ) ;
#4636 = DIRECTION ( 'NONE',  ( 0.000000000000000000, 0.000000000000000000, -1.000000000000000000 ) ) ;
#4637 = CIRCLE ( 'NONE', #7196, 5.500000000000000000 ) ;
#4638 = DIRECTION ( 'NONE',  ( 0.7071067811865474617, 0.000000000000000000, -0.7071067811865474617 ) ) ;
#4639 = EDGE_LOOP ( 'NONE', ( #3612, #3794, #5426, #26 ) ) ;
#4640 = ORIENTED_EDGE ( 'NONE', *, *, #2412, .F. ) ;
#4641 = CARTESIAN_POINT ( 'NONE',  ( -1.380000000000000338, 9.281463325509363926, 8.070837674355974656 ) ) ;
#4642 = AXIS2_PLACEMENT_3D ( 'NONE', #2010, #912, #7108 ) ;
#4643 = DIRECTION ( 'NONE',  ( 0.000000000000000000, 1.000000000000000000, 0.000000000000000000 ) ) ;
#4644 = AXIS2_PLACEMENT_3D ( 'NONE', #3168, #3309, #383 ) ;
#4645 = EDGE_CURVE ( 'NONE', #2077, #3060, #2858, .T. ) ;
#4646 = VECTOR ( 'NONE', #3586, 1000.000000000000000 ) ;
#4647 = CARTESIAN_POINT ( 'NONE',  ( -0.5122934835977640544, 20.11521957702265695, 3.532332510810049175 ) ) ;
#4648 = DIRECTION ( 'NONE',  ( 0.000000000000000000, -1.000000000000000000, 0.000000000000000000 ) ) ;
#4649 = ORIENTED_EDGE ( 'NONE', *, *, #5933, .F. ) ;
#4650 = DIRECTION ( 'NONE',  ( 1.000000000000000000, 0.000000000000000000, 0.000000000000000000 ) ) ;
#4651 = ORIENTED_EDGE ( 'NONE', *, *, #3683, .F. ) ;
#4652 = AXIS2_PLACEMENT_3D ( 'NONE', #6744, #6162, #6268 ) ;
#4653 = CARTESIAN_POINT ( 'NONE',  ( -3.301579660418292317, 1.563075121266647161, -6.900987060043524579 ) ) ;
#4654 = DIRECTION ( 'NONE',  ( -1.227746447048803788E-16, 0.000000000000000000, -1.000000000000000000 ) ) ;
#4655 = AXIS2_PLACEMENT_3D ( 'NONE', #6258, #2776, #5641 ) ;
#4656 = DIRECTION ( 'NONE',  ( 0.000000000000000000, 0.000000000000000000, 1.000000000000000000 ) ) ;
#4657 = VERTEX_POINT ( 'NONE', #1370 ) ;
#4658 = CARTESIAN_POINT ( 'NONE',  ( -3.532332510810048731, 20.97407497669639298, -1.374451832302835852 ) ) ;
#4659 = ORIENTED_EDGE ( 'NONE', *, *, #4595, .F. ) ;
#4660 = DIRECTION ( 'NONE',  ( 1.000000000000000000, 0.000000000000000000, 0.000000000000000000 ) ) ;
#4661 = AXIS2_PLACEMENT_3D ( 'NONE', #124, #2909, #4018 ) ;
#4662 = CARTESIAN_POINT ( 'NONE',  ( 3.532332510810047843, 22.99999999999999645, -1.854166666666667407 ) ) ;
#4663 = CARTESIAN_POINT ( 'NONE',  ( 1.379999999999999671, 8.744846254575030287, 4.451573192761281383 ) ) ;
#4664 = FACE_OUTER_BOUND ( 'NONE', #433, .T. ) ;
#4665 = CIRCLE ( 'NONE', #5713, 7.650000000000000355 ) ;
#4666 = CARTESIAN_POINT ( 'NONE',  ( -0.004166666666499200741, 20.00000000000000000, 6.449998654177294455 ) ) ;
#4667 = CARTESIAN_POINT ( 'NONE',  ( 2.179449471770337432, 1.500000000000000444, 4.500000000000000000 ) ) ;
#4668 = ADVANCED_FACE ( 'NONE', ( #346 ), #201, .T. ) ;
#4669 = CYLINDRICAL_SURFACE ( 'NONE', #2654, 6.450000000000001066 ) ;
#4670 = ORIENTED_EDGE ( 'NONE', *, *, #1068, .T. ) ;
#4671 = CARTESIAN_POINT ( 'NONE',  ( 6.513292211645629770, 22.32043583465055647, -1.807362029468026821 ) ) ;
#4672 = EDGE_LOOP ( 'NONE', ( #2534, #2832, #6010, #2171 ) ) ;
#4673 = DIRECTION ( 'NONE',  ( 0.000000000000000000, 1.000000000000000000, 0.000000000000000000 ) ) ;
#4674 = ORIENTED_EDGE ( 'NONE', *, *, #938, .T. ) ;
#4675 = EDGE_CURVE ( 'NONE', #2614, #3896, #2571, .T. ) ;
#4676 = DIRECTION ( 'NONE',  ( -0.000000000000000000, 1.000000000000000000, -0.000000000000000000 ) ) ;
#4677 = CARTESIAN_POINT ( 'NONE',  ( -4.999999999999999112, 8.000000000000000000, -2.291287847478249429 ) ) ;
#4678 = EDGE_LOOP ( 'NONE', ( #152, #92, #6492, #1961 ) ) ;
#4679 = EDGE_CURVE ( 'NONE', #6320, #4597, #1440, .T. ) ;
#4680 = VERTEX_POINT ( 'NONE', #5336 ) ;
#4681 = CARTESIAN_POINT ( 'NONE',  ( -1.400000000000000133, 9.670245855868243368, 5.485303232940222706 ) ) ;
#4682 = CARTESIAN_POINT ( 'NONE',  ( -5.036781010732885200, 4.909999999999999254, -2.915460667173241482 ) ) ;
#4683 = CARTESIAN_POINT ( 'NONE',  ( 0.000000000000000000, 12.50000000000000000, 0.000000000000000000 ) ) ;
#4684 = CARTESIAN_POINT ( 'NONE',  ( -4.433344562587833160, 1.500000000000000888, -2.312024219028187666 ) ) ;
#4685 = ORIENTED_EDGE ( 'NONE', *, *, #1519, .T. ) ;
#4686 = EDGE_CURVE ( 'NONE', #2089, #1926, #6434, .T. ) ;
#4687 = CARTESIAN_POINT ( 'NONE',  ( -5.510928448416052561, -14.53579863144611473, 3.611712022518531739 ) ) ;
#4688 = ORIENTED_EDGE ( 'NONE', *, *, #3039, .T. ) ;
#4689 = DIRECTION ( 'NONE',  ( -0.7071067811865473507, 0.000000000000000000, 0.7071067811865477948 ) ) ;
#4690 = CARTESIAN_POINT ( 'NONE',  ( 0.6513562542287208990, 20.18509723848357851, 3.532332510810049619 ) ) ;
#4691 = CARTESIAN_POINT ( 'NONE',  ( -4.433344562587834048, 2.048942590553171961, -2.312024219028189886 ) ) ;
#4692 = ORIENTED_EDGE ( 'NONE', *, *, #1719, .T. ) ;
#4693 = CARTESIAN_POINT ( 'NONE',  ( 0.000000000000000000, 20.00000000000000000, 0.000000000000000000 ) ) ;
#4694 = ORIENTED_EDGE ( 'NONE', *, *, #3114, .T. ) ;
#4695 = CARTESIAN_POINT ( 'NONE',  ( 4.501950110210665379, 22.99999999999999645, 1.854166666666666297 ) ) ;
#4696 = DIRECTION ( 'NONE',  ( 1.000000000000000000, 0.000000000000000000, -2.618921135550818535E-16 ) ) ;
#4697 = CARTESIAN_POINT ( 'NONE',  ( 1.854166666666499541, 19.99999999999999645, -6.747380340401616827 ) ) ;
#4698 = DIRECTION ( 'NONE',  ( 5.000563019381222124E-18, 0.9991659976975394430, -0.04083269578512603581 ) ) ;
#4699 = CARTESIAN_POINT ( 'NONE',  ( -1.449836489328670153, 21.12803859107790316, 6.439203257500781596 ) ) ;
#4700 = CARTESIAN_POINT ( 'NONE',  ( 0.000000000000000000, 0.000000000000000000, 0.000000000000000000 ) ) ;
#4701 = CARTESIAN_POINT ( 'NONE',  ( 0.000000000000000000, 1.499999999999999556, -6.849999999999998757 ) ) ;
#4702 = ORIENTED_EDGE ( 'NONE', *, *, #6592, .F. ) ;
#4703 = CARTESIAN_POINT ( 'NONE',  ( 6.439916305817012798, 21.15482586975312174, -1.462874948718956292 ) ) ;
#4704 = ORIENTED_EDGE ( 'NONE', *, *, #3096, .F. ) ;
#4705 = DIRECTION ( 'NONE',  ( 0.000000000000000000, 0.000000000000000000, 1.000000000000000000 ) ) ;
#4706 = ADVANCED_FACE ( 'NONE', ( #3689 ), #2756, .T. ) ;
#4707 = CYLINDRICAL_SURFACE ( 'NONE', #4291, 0.02000000000000005246 ) ;
#4708 = VERTEX_POINT ( 'NONE', #3652 ) ;
#4709 = VECTOR ( 'NONE', #6853, 1000.000000000000000 ) ;
#4710 = EDGE_LOOP ( 'NONE', ( #6333, #2604, #3815, #778 ) ) ;
#4711 = CARTESIAN_POINT ( 'NONE',  ( -6.434237459869048159, 20.86964120518031507, -1.309725058591480584 ) ) ;
#4712 = CARTESIAN_POINT ( 'NONE',  ( 4.555805433952622607, 7.763919350724530766, 2.192314546146025389 ) ) ;
#4713 = CARTESIAN_POINT ( 'NONE',  ( -3.532332510810049619, 22.99999999999999645, -1.854166666666667407 ) ) ;
#4714 = CARTESIAN_POINT ( 'NONE',  ( -5.087985294887773513, 3.021034482758621298, -2.966664951328128907 ) ) ;
#4715 = ORIENTED_EDGE ( 'NONE', *, *, #6689, .T. ) ;
#4716 = ORIENTED_EDGE ( 'NONE', *, *, #6806, .T. ) ;
#4717 = DIRECTION ( 'NONE',  ( 0.000000000000000000, 1.000000000000000000, 0.000000000000000000 ) ) ;
#4718 = CARTESIAN_POINT ( 'NONE',  ( 3.532332510810048287, 21.12448543866201689, -1.448084206748532887 ) ) ;
#4719 = EDGE_CURVE ( 'NONE', #3386, #591, #891, .T. ) ;
#4720 = CARTESIAN_POINT ( 'NONE',  ( 0.000000000000000000, 8.000000000000000000, -4.999999999999999112 ) ) ;
#4721 = ORIENTED_EDGE ( 'NONE', *, *, #6642, .F. ) ;
#4722 = CARTESIAN_POINT ( 'NONE',  ( -3.532332510810049175, 20.40409584079552374, -0.9317673340111907176 ) ) ;
#4723 = EDGE_LOOP ( 'NONE', ( #1908, #5268, #7009, #7201, #4873, #3590, #5516, #4241 ) ) ;
#4724 = CARTESIAN_POINT ( 'NONE',  ( 3.379234995115214080, 19.99999999999999645, 1.854166666666666519 ) ) ;
#4725 = CARTESIAN_POINT ( 'NONE',  ( -1.854166666666499319, 22.99999999999999645, -3.379234995115098616 ) ) ;
#4726 = DIRECTION ( 'NONE',  ( 0.000000000000000000, -0.000000000000000000, 1.000000000000000000 ) ) ;
#4727 = CARTESIAN_POINT ( 'NONE',  ( 1.194030629168669667E-15, 1.000000000000000888, -9.750000000000001776 ) ) ;
#4728 = VECTOR ( 'NONE', #2650, 1000.000000000000000 ) ;
#4729 = MECHANICAL_DESIGN_GEOMETRIC_PRESENTATION_REPRESENTATION (  '', ( #2837 ), #3909 ) ;
#4730 = AXIS2_PLACEMENT_3D ( 'NONE', #1300, #4689, #6402 ) ;
#4731 = DIRECTION ( 'NONE',  ( 2.168404344971008252E-17, -1.000000000000000000, 0.000000000000000000 ) ) ;
#4732 = CARTESIAN_POINT ( 'NONE',  ( 6.442419476973602066, 20.18590504268349406, 0.6527328728281518444 ) ) ;
#4733 = CARTESIAN_POINT ( 'NONE',  ( 1.379999999999999671, 8.631655426250503638, 4.379999999999999893 ) ) ;
#4734 = VERTEX_POINT ( 'NONE', #6398 ) ;
#4735 = FACE_OUTER_BOUND ( 'NONE', #3602, .T. ) ;
#4736 = EDGE_LOOP ( 'NONE', ( #5983, #7112 ) ) ;
#4737 = CARTESIAN_POINT ( 'NONE',  ( 1.399999999999999689, 9.768344573749500270, -5.400000000000000355 ) ) ;
#4738 = VECTOR ( 'NONE', #2999, 1000.000000000000000 ) ;
#4739 = CARTESIAN_POINT ( 'NONE',  ( 1.854166666666500429, 22.67312952106132684, 3.532332510810047843 ) ) ;
#4740 = CARTESIAN_POINT ( 'NONE',  ( 5.036781010732892305, 3.089999999999999858, -2.915460667173224607 ) ) ;
#4741 = ORIENTED_EDGE ( 'NONE', *, *, #2566, .F. ) ;
#4742 = VECTOR ( 'NONE', #3287, 1000.000000000000000 ) ;
#4743 = VERTEX_POINT ( 'NONE', #5890 ) ;
#4744 = DIRECTION ( 'NONE',  ( -0.7071067811865550112, 0.000000000000000000, 0.7071067811865401342 ) ) ;
#4745 = CARTESIAN_POINT ( 'NONE',  ( 2.435362535369389292, 3.200000000000000178, -7.252000366886311333 ) ) ;
#4746 = CARTESIAN_POINT ( 'NONE',  ( 4.433344562587839377, 1.500000000000000444, -2.312024219028174343 ) ) ;
#4747 = B_SPLINE_CURVE_WITH_KNOTS ( 'NONE', 3,
 ( #869, #5866, #7136, #4212, #937, #3149, #5974, #3180, #1527, #1971 ),
 .UNSPECIFIED., .F., .F.,
 ( 4, 3, 3, 4 ),
 ( -2.449489749372115115E-06, 0.000000000000000000, 4.097538642259614431E-05, 8.049306843309046939E-05 ),
 .UNSPECIFIED. ) ;
#4748 = CARTESIAN_POINT ( 'NONE',  ( 9.662718212715588669E-16, -1.999999999999999112, -7.650000000000000355 ) ) ;
#4749 = AXIS2_PLACEMENT_3D ( 'NONE', #6489, #5392, #2049 ) ;
#4750 = CARTESIAN_POINT ( 'NONE',  ( 7.293768092963841099, 3.153845617810560942, 2.307304989425264186 ) ) ;
#4751 = ORIENTED_EDGE ( 'NONE', *, *, #4274, .F. ) ;
#4752 = EDGE_LOOP ( 'NONE', ( #3098, #4165, #2166, #3914 ) ) ;
#4753 = ADVANCED_FACE ( 'NONE', ( #7048 ), #4090, .T. ) ;
#4754 = CARTESIAN_POINT ( 'NONE',  ( -1.380279994234274055, 6.500000000000000000, -0.7736979242907003895 ) ) ;
#4755 = PRODUCT_DEFINITION_SHAPE ( 'NONE', 'NONE',  #3277 ) ;
#4756 = CIRCLE ( 'NONE', #4749, 0.01999999999999999695 ) ;
#4757 = EDGE_CURVE ( 'NONE', #1951, #1483, #1226, .T. ) ;
#4758 = CARTESIAN_POINT ( 'NONE',  ( 3.532332510810047843, 22.00339468623283778, -1.749158939328925966 ) ) ;
#4759 = ADVANCED_FACE ( 'NONE', ( #1294 ), #5227, .F. ) ;
#4760 = ADVANCED_FACE ( 'NONE', ( #4795 ), #3576, .T. ) ;
#4761 = CIRCLE ( 'NONE', #5356, 6.450000000000001066 ) ;
#4762 = DIRECTION ( 'NONE',  ( 0.000000000000000000, 1.000000000000000000, -0.000000000000000000 ) ) ;
#4763 = VERTEX_POINT ( 'NONE', #311 ) ;
#4764 = VECTOR ( 'NONE', #159, 1000.000000000000000 ) ;
#4765 = CARTESIAN_POINT ( 'NONE',  ( -7.153438812664350444, 3.008506057664686484, 2.712730372333567175 ) ) ;
#4767 = VERTEX_POINT ( 'NONE', #820 ) ;
#4766 = EDGE_CURVE ( 'NONE', #663, #376, #3023, .T. ) ;
#4768 = CARTESIAN_POINT ( 'NONE',  ( 4.501950110210665379, 19.99999999999999645, 0.004166666666666151396 ) ) ;
#4769 = CARTESIAN_POINT ( 'NONE',  ( 0.000000000000000000, 20.00000000000000000, 0.000000000000000000 ) ) ;
#4770 = DIRECTION ( 'NONE',  ( -0.5120428415488806895, 0.6896551724137933714, 0.5120428415488774698 ) ) ;
#4771 = CIRCLE ( 'NONE', #5703, 7.650000000000000355 ) ;
#4772 = CARTESIAN_POINT ( 'NONE',  ( 0.000000000000000000, 0.000000000000000000, 0.000000000000000000 ) ) ;
#4773 = AXIS2_PLACEMENT_3D ( 'NONE', #2162, #1372, #4999 ) ;
#4774 = CARTESIAN_POINT ( 'NONE',  ( 0.000000000000000000, 19.99999999999999645, 0.000000000000000000 ) ) ;
#4775 = APPLICATION_CONTEXT ( 'automotive_design' ) ;
#4776 = CARTESIAN_POINT ( 'NONE',  ( 6.438424886425829108, 21.09683921773067539, 1.434279973908904715 ) ) ;
#4777 =( GEOMETRIC_REPRESENTATION_CONTEXT ( 3 ) GLOBAL_UNCERTAINTY_ASSIGNED_CONTEXT ( ( #6609 ) ) GLOBAL_UNIT_ASSIGNED_CONTEXT ( ( #1110, #3321, #2797 ) ) REPRESENTATION_CONTEXT ( 'NONE', 'WORKASPACE' ) );
#4778 = DIRECTION ( 'NONE',  ( -0.000000000000000000, 1.000000000000000000, -0.000000000000000000 ) ) ;
#4779 = DIRECTION ( 'NONE',  ( 0.000000000000000000, 0.000000000000000000, 1.000000000000000000 ) ) ;
#4780 = ORIENTED_EDGE ( 'NONE', *, *, #2027, .T. ) ;
#4781 = CARTESIAN_POINT ( 'NONE',  ( 6.464796037983518318, 21.72421616494128926, -1.682155872082685910 ) ) ;
#4782 = EDGE_LOOP ( 'NONE', ( #1279, #2827, #2235, #5065 ) ) ;
#4783 = EDGE_CURVE ( 'NONE', #2488, #4417, #792, .T. ) ;
#4784 = CARTESIAN_POINT ( 'NONE',  ( 9.368548013477252244E-16, 0.000000000000000000, 7.650000000000000355 ) ) ;
#4785 = AXIS2_PLACEMENT_3D ( 'NONE', #5178, #3972, #3416 ) ;
#4786 = DIRECTION ( 'NONE',  ( 0.000000000000000000, 0.7546055221634990762, -0.6561787149247930717 ) ) ;
#4787 = FACE_OUTER_BOUND ( 'NONE', #1639, .T. ) ;
#4788 = CIRCLE ( 'NONE', #1135, 0.01999999999999996225 ) ;
#4789 = VERTEX_POINT ( 'NONE', #4748 ) ;
#4790 = ORIENTED_EDGE ( 'NONE', *, *, #597, .F. ) ;
#4791 =( LENGTH_UNIT ( ) NAMED_UNIT ( * ) SI_UNIT ( .MILLI., .METRE. ) );
#4792 = CARTESIAN_POINT ( 'NONE',  ( 1.854166666666499985, 23.00000000000000711, -3.532332510810047843 ) ) ;
#4793 = DIRECTION ( 'NONE',  ( 0.000000000000000000, -0.7546055221634990762, 0.6561787149247930717 ) ) ;
#4794 = EDGE_CURVE ( 'NONE', #3783, #5575, #1355, .T. ) ;
#4795 = FACE_OUTER_BOUND ( 'NONE', #7194, .T. ) ;
#4796 = CARTESIAN_POINT ( 'NONE',  ( 7.138355639750680659, 3.000000000000000000, 2.750705138767090663 ) ) ;
#4797 = EDGE_LOOP ( 'NONE', ( #1711, #6869, #1537, #1398 ) ) ;
#4798 = ORIENTED_EDGE ( 'NONE', *, *, #2036, .T. ) ;
#4799 = DIRECTION ( 'NONE',  ( 0.000000000000000000, 1.000000000000000000, 0.000000000000000000 ) ) ;
#4800 = ADVANCED_FACE ( 'NONE', ( #5300 ), #271, .T. ) ;
#4801 = CARTESIAN_POINT ( 'NONE',  ( 0.000000000000000000, 6.649999999999999467, 0.7729309367425446498 ) ) ;
#4802 = ORIENTED_EDGE ( 'NONE', *, *, #6541, .F. ) ;
#4803 = DIRECTION ( 'NONE',  ( -1.000000000000000000, -0.000000000000000000, -0.000000000000000000 ) ) ;
#4804 = EDGE_LOOP ( 'NONE', ( #2154, #7036, #625, #5934, #540, #2332 ) ) ;
#4805 = DIRECTION ( 'NONE',  ( 0.000000000000000000, -0.1643989873053704753, 0.9863939238321415282 ) ) ;
#4806 = FACE_OUTER_BOUND ( 'NONE', #4723, .T. ) ;
#4807 = PLANE ( 'NONE',  #2259 ) ;
#4808 = LINE ( 'NONE', #6146, #4742 ) ;
#4809 = EDGE_CURVE ( 'NONE', #340, #5274, #4408, .T. ) ;
#4810 = CARTESIAN_POINT ( 'NONE',  ( -1.400000000000000133, 6.500000000000000000, -4.400000000000000355 ) ) ;
#4811 = CARTESIAN_POINT ( 'NONE',  ( 0.000000000000000000, 3.000000000000000000, 0.000000000000000000 ) ) ;
#4812 = CARTESIAN_POINT ( 'NONE',  ( -3.379234995115214968, 19.99999999999999645, -0.004166666666667291977 ) ) ;
#4813 = CARTESIAN_POINT ( 'NONE',  ( 1.449836489328666378, 21.12803859107789606, -6.439203257500780708 ) ) ;
#4814 = VERTEX_POINT ( 'NONE', #2101 ) ;
#4815 = DIRECTION ( 'NONE',  ( 1.000000000000000000, 0.000000000000000000, 0.000000000000000000 ) ) ;
#4816 = ORIENTED_EDGE ( 'NONE', *, *, #3682, .T. ) ;
#4817 = DIRECTION ( 'NONE',  ( -1.000000000000000000, 0.000000000000000000, 0.000000000000000000 ) ) ;
#4818 = VECTOR ( 'NONE', #3285, 1000.000000000000114 ) ;
#4819 = CARTESIAN_POINT ( 'NONE',  ( -0.004166666666499398500, 19.99999999999999645, -4.504887891932463972 ) ) ;
#4820 = EDGE_CURVE ( 'NONE', #6440, #964, #4880, .T. ) ;
#4821 = CARTESIAN_POINT ( 'NONE',  ( 0.000000000000000000, 20.00000000000000000, 0.000000000000000000 ) ) ;
#4822 = VECTOR ( 'NONE', #5682, 1000.000000000000000 ) ;
#4823 = VECTOR ( 'NONE', #6647, 1000.000000000000000 ) ;
#4824 = VERTEX_POINT ( 'NONE', #1622 ) ;
#4825 = CARTESIAN_POINT ( 'NONE',  ( 1.399999999999999689, 8.631655426250503638, 4.379999999999999893 ) ) ;
#4826 = CARTESIAN_POINT ( 'NONE',  ( 2.279064564105362400, 2.000000000000000444, -4.400384907664983913 ) ) ;
#4827 = CARTESIAN_POINT ( 'NONE',  ( -1.400000000000000133, 12.44809871788125477, 4.429206973128303026 ) ) ;
#4828 = AXIS2_PLACEMENT_3D ( 'NONE', #4112, #4039, #5732 ) ;
#4829 = DIRECTION ( 'NONE',  ( 0.000000000000000000, 0.000000000000000000, 1.000000000000000000 ) ) ;
#4830 = LINE ( 'NONE', #4416, #3595 ) ;
#4831 = VERTEX_POINT ( 'NONE', #3867 ) ;
#4832 = EDGE_LOOP ( 'NONE', ( #6190, #7243, #6480, #5671, #2793, #6378, #1734, #2138, #5164, #4527, #1942, #5506, #1435, #4837 ) ) ;
#4833 = CIRCLE ( 'NONE', #5292, 0.1000000000000001305 ) ;
#4834 = CARTESIAN_POINT ( 'NONE',  ( -3.532332510810050508, 20.08322537932067320, 0.4373813870863045850 ) ) ;
#4835 = CARTESIAN_POINT ( 'NONE',  ( -2.179449471770337432, 7.499999999999998224, -4.500000000000000000 ) ) ;
#4836 = ORIENTED_EDGE ( 'NONE', *, *, #468, .F. ) ;
#4837 = ORIENTED_EDGE ( 'NONE', *, *, #6138, .T. ) ;
#4838 = DIRECTION ( 'NONE',  ( 2.168404344971008252E-17, -1.000000000000000000, -0.000000000000000000 ) ) ;
#4839 = DIRECTION ( 'NONE',  ( 0.000000000000000000, 0.000000000000000000, 1.000000000000000000 ) ) ;
#4840 = DIRECTION ( 'NONE',  ( 0.000000000000000000, 0.1643989873053704753, 0.9863939238321415282 ) ) ;
#4841 = CARTESIAN_POINT ( 'NONE',  ( -4.985102807365159983, 3.200000000000000178, 4.985102807365162647 ) ) ;
#4842 = CARTESIAN_POINT ( 'NONE',  ( -1.563691276469866498, 21.38165395594583629, 3.532332510810048731 ) ) ;
#4843 = CARTESIAN_POINT ( 'NONE',  ( -3.976120838953104641, 3.090000000000000746, 3.976120838953022041 ) ) ;
#4844 = CARTESIAN_POINT ( 'NONE',  ( -1.380000000000000115, 6.649999999999999467, -4.400000000000000355 ) ) ;
#4845 = CARTESIAN_POINT ( 'NONE',  ( -1.399999999999999911, 12.34999999999999964, -2.027069063257456172 ) ) ;
#4846 = ORIENTED_EDGE ( 'NONE', *, *, #5387, .T. ) ;
#4847 = DIRECTION ( 'NONE',  ( 0.000000000000000000, 0.000000000000000000, 1.000000000000000000 ) ) ;
#4848 = ORIENTED_EDGE ( 'NONE', *, *, #7166, .T. ) ;
#4849 = DIRECTION ( 'NONE',  ( 0.000000000000000000, 0.000000000000000000, -1.000000000000000000 ) ) ;
#4850 = AXIS2_PLACEMENT_3D ( 'NONE', #1862, #2410, #4105 ) ;
#4851 = EDGE_CURVE ( 'NONE', #2789, #1856, #3821, .T. ) ;
#4852 = CIRCLE ( 'NONE', #6943, 0.1000000000000001305 ) ;
#4853 = ADVANCED_FACE ( 'NONE', ( #6577 ), #2989, .T. ) ;
#4854 = DIRECTION ( 'NONE',  ( 0.000000000000000000, -0.7546055221635206145, -0.6561787149247685358 ) ) ;
#4855 = PRESENTATION_LAYER_ASSIGNMENT (  '', '', ( #6364 ) ) ;
#4856 = CARTESIAN_POINT ( 'NONE',  ( -1.379999999999999893, 6.649999999999999467, -4.379999999999999893 ) ) ;
#4857 = EDGE_LOOP ( 'NONE', ( #1774, #6179, #7226, #915, #6552, #4049, #5864, #1074, #5538, #5199, #6699, #2819, #2164, #3962 ) ) ;
#4858 = CARTESIAN_POINT ( 'NONE',  ( 1.379999999999999671, 12.46319082832452629, 4.442330547426800003 ) ) ;
#4859 = AXIS2_PLACEMENT_3D ( 'NONE', #506, #6660, #2147 ) ;
#4860 = FACE_OUTER_BOUND ( 'NONE', #5981, .T. ) ;
#4861 = EDGE_CURVE ( 'NONE', #3749, #1902, #537, .T. ) ;
#4862 = DIRECTION ( 'NONE',  ( 0.000000000000000000, 1.000000000000000000, -0.000000000000000000 ) ) ;
#4863 = EDGE_CURVE ( 'NONE', #2089, #4304, #6033, .T. ) ;
#4864 = CARTESIAN_POINT ( 'NONE',  ( 4.433344562587833160, 5.951057409446828039, 2.312024219028188554 ) ) ;
#4865 =( BOUNDED_SURFACE ( )  B_SPLINE_SURFACE ( 2, 3, ( 
 ( #4812, #1018, #4366, #3155 ),
 ( #2630, #6529, #2704, #5979 ),
 ( #445, #6595, #1500, #2050 ) ),
 .UNSPECIFIED., .F., .F., .T. ) 
 B_SPLINE_SURFACE_WITH_KNOTS ( ( 3, 3 ),
 ( 4, 4 ),
 ( 0.000000000000000000, 1.000000000000000000 ),
 ( 0.003379234995115215114, 0.006747380340401568782 ),
 .UNSPECIFIED. ) 
 GEOMETRIC_REPRESENTATION_ITEM ( )  RATIONAL_B_SPLINE_SURFACE ( (
 ( 1.000000000000000000, 1.000000000000000000, 1.000000000000000000, 1.000000000000000000),
 ( 0.7071067811865475727, 0.7071067811865475727, 0.7071067811865475727, 0.7071067811865475727),
 ( 1.000000000000000000, 1.000000000000000000, 1.000000000000000000, 1.000000000000000000) ) ) 
 REPRESENTATION_ITEM ( '' )  SURFACE ( )  );
#4866 = ORIENTED_EDGE ( 'NONE', *, *, #4892, .F. ) ;
#4867 = EDGE_LOOP ( 'NONE', ( #571, #4375, #5291, #6979 ) ) ;
#4868 = ADVANCED_FACE ( 'NONE', ( #5555 ), #1549, .F. ) ;
#4869 = CARTESIAN_POINT ( 'NONE',  ( 1.379999999999999671, 12.37465984809580277, -1.879109974682634077 ) ) ;
#4870 = AXIS2_PLACEMENT_3D ( 'NONE', #5400, #2093, #375 ) ;
#4871 = VECTOR ( 'NONE', #71, 1000.000000000000114 ) ;
#4872 = DIRECTION ( 'NONE',  ( -1.327676691011044728E-16, -0.000000000000000000, -1.000000000000000000 ) ) ;
#4873 = ORIENTED_EDGE ( 'NONE', *, *, #3904, .F. ) ;
#4874 = CARTESIAN_POINT ( 'NONE',  ( 1.379999999999999671, 11.43165542625050612, -5.530000000000000249 ) ) ;
#4875 = ORIENTED_EDGE ( 'NONE', *, *, #3338, .F. ) ;
#4876 = CARTESIAN_POINT ( 'NONE',  ( 0.8927983040260732972, 20.36871311676794249, 6.437552247912878833 ) ) ;
#4877 = VECTOR ( 'NONE', #5132, 1000.000000000000000 ) ;
#4878 = CARTESIAN_POINT ( 'NONE',  ( -2.312024219028192551, 2.048942590553173293, -4.433344562587834048 ) ) ;
#4879 = DIRECTION ( 'NONE',  ( 0.000000000000000000, 1.000000000000000000, 0.000000000000000000 ) ) ;
#4880 = CIRCLE ( 'NONE', #6964, 0.02000000000000005246 ) ;
#4881 = AXIS2_PLACEMENT_3D ( 'NONE', #4461, #6687, #1662 ) ;
#4882 = CARTESIAN_POINT ( 'NONE',  ( -0.8189706480922781529, 20.30401683814159242, 3.532332510810050064 ) ) ;
#4883 = DIRECTION ( 'NONE',  ( -0.000000000000000000, -1.000000000000000000, -0.000000000000000000 ) ) ;
#4884 = CARTESIAN_POINT ( 'NONE',  ( 1.399999999999999689, 9.670245855868246920, -5.485303232940223594 ) ) ;
#4885 = CARTESIAN_POINT ( 'NONE',  ( 0.6527328728279916392, 20.18590504268349761, -6.442419476973618941 ) ) ;
#4886 = ORIENTED_EDGE ( 'NONE', *, *, #2699, .F. ) ;
#4887 = CARTESIAN_POINT ( 'NONE',  ( 1.040949779275250731E-15, 10.00000000000000000, 8.250000000000007105 ) ) ;
#4888 = EDGE_LOOP ( 'NONE', ( #1315, #4019, #5055, #5562 ) ) ;
#4889 = CARTESIAN_POINT ( 'NONE',  ( 1.854166666666501095, 19.99999999999999645, 5.624665225307658112 ) ) ;
#4890 = VECTOR ( 'NONE', #73, 1000.000000000000000 ) ;
#4891 = VECTOR ( 'NONE', #471, 1000.000000000000000 ) ;
#4892 = EDGE_CURVE ( 'NONE', #6781, #4258, #3796, .T. ) ;
#4893 = DIRECTION ( 'NONE',  ( 1.227746447048803788E-16, 0.000000000000000000, 1.000000000000000000 ) ) ;
#4894 = EDGE_CURVE ( 'NONE', #1427, #6224, #5690, .T. ) ;
#4895 = DIRECTION ( 'NONE',  ( 0.000000000000000000, 0.000000000000000000, 1.000000000000000000 ) ) ;
#4896 = VERTEX_POINT ( 'NONE', #4314 ) ;
#4897 = DIRECTION ( 'NONE',  ( -8.673617379884035472E-17, -1.880790961315659671E-33, -1.000000000000000000 ) ) ;
#4898 = EDGE_CURVE ( 'NONE', #4608, #4334, #1815, .T. ) ;
#4899 = ADVANCED_FACE ( 'NONE', ( #6612 ), #2683, .T. ) ;
#4900 = DIRECTION ( 'NONE',  ( 0.000000000000000000, 0.000000000000000000, -1.000000000000000000 ) ) ;
#4901 = ORIENTED_EDGE ( 'NONE', *, *, #3382, .T. ) ;
#4902 = FACE_OUTER_BOUND ( 'NONE', #444, .T. ) ;
#4903 = CIRCLE ( 'NONE', #5247, 0.1299999999999998934 ) ;
#4904 = EDGE_CURVE ( 'NONE', #4258, #392, #5048, .T. ) ;
#4905 = CARTESIAN_POINT ( 'NONE',  ( 3.956290731841345831, 5.626078208432423011, -3.226782805549667899 ) ) ;
#4906 = ORIENTED_EDGE ( 'NONE', *, *, #4403, .F. ) ;
#4907 = DIRECTION ( 'NONE',  ( -0.7071067811865474617, 0.000000000000000000, -0.7071067811865474617 ) ) ;
#4908 = ADVANCED_FACE ( 'NONE', ( #3758 ), #5995, .T. ) ;
#4909 = DIRECTION ( 'NONE',  ( 1.000000000000000000, 0.000000000000000000, -0.000000000000000000 ) ) ;
#4910 = ORIENTED_EDGE ( 'NONE', *, *, #4177, .T. ) ;
#4911 = CARTESIAN_POINT ( 'NONE',  ( 0.004166666666501261593, 20.00000000000000000, 6.449998654177294455 ) ) ;
#4912 = ORIENTED_EDGE ( 'NONE', *, *, #1928, .T. ) ;
#4913 = CARTESIAN_POINT ( 'NONE',  ( 1.289495469421354068, 20.83204279182874785, 6.433648487540993166 ) ) ;
#4914 = CARTESIAN_POINT ( 'NONE',  ( 4.500000000000000000, 7.633692192606185145, -2.179449471770337432 ) ) ;
#4915 = DIRECTION ( 'NONE',  ( -1.000000000000000000, 0.000000000000000000, 1.327676691011044728E-16 ) ) ;
#4916 = DIRECTION ( 'NONE',  ( 0.000000000000000000, 0.000000000000000000, 1.000000000000000000 ) ) ;
#4917 = LINE ( 'NONE', #4810, #996 ) ;
#4918 = B_SPLINE_CURVE_WITH_KNOTS ( 'NONE', 3,
 ( #5087, #4022, #1225, #2288, #3987, #3476, #5715, #681, #3510, #5160, #129, #3546, #4096, #5785, #791, #826, #1338, #206, #6362, #2988, #2437, #4718, #5823, #2469, #3621, #6982, #6403, #4758, #3066, #1964, #5859, #5305 ),
 .UNSPECIFIED., .F., .F.,
 ( 4, 1, 1, 2, 2, 1, 1, 1, 2, 2, 1, 1, 1, 1, 2, 2, 1, 1, 1, 2, 2, 4 ),
 ( 0.000000000000000000, 0.06250000000000886791, 0.09375000000001304512, 0.1093750000000151129, 0.1250000000000171807, 0.1875000000000253131, 0.2187500000000286438, 0.2343750000000303091, 0.2421875000000311140, 0.2500000000000319189, 0.3750000000000374700, 0.4375000000000413558, 0.4687500000000432987, 0.4843750000000442979, 0.4921875000000447975, 0.5000000000000452971, 0.6250000000000509592, 0.6875000000000537348, 0.7187500000000538458, 0.7343750000000526246, 0.7500000000000512923, 1.000000000000000000 ),
 .UNSPECIFIED. ) ;
#4919 = CARTESIAN_POINT ( 'NONE',  ( 3.354592426478618439, 1.601480656498023070, -6.875287884091610735 ) ) ;
#4920 = ORIENTED_EDGE ( 'NONE', *, *, #3274, .F. ) ;
#4921 = LINE ( 'NONE', #2119, #3477 ) ;
#4922 = CARTESIAN_POINT ( 'NONE',  ( -6.447540879265200253, 21.38459785270095281, 1.564833315144100734 ) ) ;
#4923 = ORIENTED_EDGE ( 'NONE', *, *, #3227, .F. ) ;
#4924 = CARTESIAN_POINT ( 'NONE',  ( 2.179449471770337432, 1.500000000000000444, 4.500000000000000000 ) ) ;
#4925 = ORIENTED_EDGE ( 'NONE', *, *, #7220, .T. ) ;
#4926 = CARTESIAN_POINT ( 'NONE',  ( 3.870068605369164860, 5.212479532407042093, -3.870068605369140435 ) ) ;
#4927 = LINE ( 'NONE', #1983, #1221 ) ;
#4928 = CARTESIAN_POINT ( 'NONE',  ( 1.399999999999999689, 6.500000000000000000, 0.8398232385305505199 ) ) ;
#4929 = ORIENTED_EDGE ( 'NONE', *, *, #578, .F. ) ;
#4930 = CARTESIAN_POINT ( 'NONE',  ( -6.449998654177293567, 20.00000000000000000, 0.004166666666667468051 ) ) ;
#4931 = UNCERTAINTY_MEASURE_WITH_UNIT (LENGTH_MEASURE( 1.000000000000000082E-05 ), #2197, 'distance_accuracy_value', 'NONE');
#4932 = CIRCLE ( 'NONE', #1755, 6.450000000000001066 ) ;
#4933 = CARTESIAN_POINT ( 'NONE',  ( -1.376091600182588026, 20.97701074699823565, -6.435216397869577776 ) ) ;
#4934 = CARTESIAN_POINT ( 'NONE',  ( -1.380839982702822599, 6.500000000000000000, 0.7752318993870117581 ) ) ;
#4935 = B_SPLINE_CURVE_WITH_KNOTS ( 'NONE', 3,
 ( #4930, #2753, #6709, #5587 ),
 .UNSPECIFIED., .F., .F.,
 ( 4, 4 ),
 ( 0.000000000000000000, 1.000000000000000000 ),
 .UNSPECIFIED. ) ;
#4936 = EDGE_CURVE ( 'NONE', #2910, #1725, #6740, .T. ) ;
#4937 = CARTESIAN_POINT ( 'NONE',  ( -5.624665225307627026, 19.99999999999999645, 0.004166666666667489735 ) ) ;
#4938 = ORIENTED_EDGE ( 'NONE', *, *, #936, .T. ) ;
#4939 = CARTESIAN_POINT ( 'NONE',  ( -3.532332510810048731, 23.00000000000000000, 1.854166666666666741 ) ) ;
#4940 = AXIS2_PLACEMENT_3D ( 'NONE', #344, #3724, #418 ) ;
#4941 = ADVANCED_FACE ( 'NONE', ( #1477 ), #3124, .T. ) ;
#4942 = CARTESIAN_POINT ( 'NONE',  ( -0.9943905942749726723, 20.45767258388156051, -3.532332510810048287 ) ) ;
#4943 = ORIENTED_EDGE ( 'NONE', *, *, #4442, .F. ) ;
#4944 = CIRCLE ( 'NONE', #2709, 7.650000000000000355 ) ;
#4945 = DIRECTION ( 'NONE',  ( 1.000000000000000000, 0.000000000000000000, -0.000000000000000000 ) ) ;
#4946 = ORIENTED_EDGE ( 'NONE', *, *, #1923, .T. ) ;
#4947 = CARTESIAN_POINT ( 'NONE',  ( 1.774206577554095388, 22.12724661236353896, 6.495691847736308588 ) ) ;
#4948 = CARTESIAN_POINT ( 'NONE',  ( 2.279064564105349078, 2.000000000000000444, 4.400384907664990131 ) ) ;
#4949 = PLANE ( 'NONE',  #3559 ) ;
#4950 = CARTESIAN_POINT ( 'NONE',  ( -1.380000000000000115, 6.649999999999999467, -4.549999999999999822 ) ) ;
#4951 = EDGE_CURVE ( 'NONE', #5376, #3060, #6752, .T. ) ;
#4952 = CARTESIAN_POINT ( 'NONE',  ( 2.915460667173242815, 4.909999999999999254, 5.036781010732885200 ) ) ;
#4953 = CYLINDRICAL_SURFACE ( 'NONE', #3582, 0.1000000000000001305 ) ;
#4954 = VERTEX_POINT ( 'NONE', #2272 ) ;
#4955 = LINE ( 'NONE', #6050, #780 ) ;
#4956 = EDGE_LOOP ( 'NONE', ( #263, #2069, #4079, #5122, #4099, #4449, #4688, #2484, #1918, #4368 ) ) ;
#4957 = CARTESIAN_POINT ( 'NONE',  ( -2.435362535369392845, 3.200000000000000178, 7.252000366886310445 ) ) ;
#4958 = DIRECTION ( 'NONE',  ( 1.000000000000000000, 0.000000000000000000, 0.000000000000000000 ) ) ;
#4959 = CARTESIAN_POINT ( 'NONE',  ( 1.854166666666501095, 22.99999999999999645, 4.501950110211388356 ) ) ;
#4960 = DIRECTION ( 'NONE',  ( -1.000000000000000000, -0.000000000000000000, 0.000000000000000000 ) ) ;
#4961 = ORIENTED_EDGE ( 'NONE', *, *, #4998, .T. ) ;
#4962 = DIRECTION ( 'NONE',  ( 0.4876598490941711495, -0.7241379310344820963, 0.4876598490941711495 ) ) ;
#4963 = DIRECTION ( 'NONE',  ( 0.000000000000000000, 0.000000000000000000, 1.000000000000000000 ) ) ;
#4964 = ORIENTED_EDGE ( 'NONE', *, *, #3001, .T. ) ;
#4965 = LINE ( 'NONE', #7190, #4823 ) ;
#4966 = CARTESIAN_POINT ( 'NONE',  ( -1.763379012427893411, 22.07148062438314184, -6.490935200614187828 ) ) ;
#4967 = ORIENTED_EDGE ( 'NONE', *, *, #2685, .F. ) ;
#4968 = VECTOR ( 'NONE', #5976, 1000.000000000000000 ) ;
#4969 = AXIS2_PLACEMENT_3D ( 'NONE', #3733, #3390, #6245 ) ;
#4970 = ORIENTED_EDGE ( 'NONE', *, *, #3138, .T. ) ;
#4971 = CARTESIAN_POINT ( 'NONE',  ( 0.004166666666499689933, 19.99999999999999645, -5.477443273054879214 ) ) ;
#4972 = ADVANCED_FACE ( 'NONE', ( #6133 ), #4010, .T. ) ;
#4973 = CARTESIAN_POINT ( 'NONE',  ( -2.608461341437269265, 3.116536647565486540, -7.191567056828625404 ) ) ;
#4974 = EDGE_CURVE ( 'NONE', #2329, #3844, #1691, .T. ) ;
#4975 = ORIENTED_EDGE ( 'NONE', *, *, #3358, .F. ) ;
#4976 = EDGE_LOOP ( 'NONE', ( #1452, #1592, #6209, #6150 ) ) ;
#4977 = CARTESIAN_POINT ( 'NONE',  ( 0.5482212949629711174, 20.13248011101685719, 6.444411485992529443 ) ) ;
#4978 = CARTESIAN_POINT ( 'NONE',  ( 4.500000000000000000, 1.500000000000000444, 2.179449471770337432 ) ) ;
#4979 = ADVANCED_FACE ( 'NONE', ( #2933 ), #6683, .T. ) ;
#4980 = LINE ( 'NONE', #4466, #5556 ) ;
#4981 = CARTESIAN_POINT ( 'NONE',  ( 3.532332510810048731, 22.99999999999999645, 1.854166666666666297 ) ) ;
#4982 = AXIS2_PLACEMENT_3D ( 'NONE', #6008, #3152, #1975 ) ;
#4983 = CARTESIAN_POINT ( 'NONE',  ( 0.4962751276097384645, 20.10790229452577904, -3.532332510810047843 ) ) ;
#4984 = EDGE_CURVE ( 'NONE', #358, #671, #4525, .T. ) ;
#4985 = CARTESIAN_POINT ( 'NONE',  ( 7.239573367979934559, 3.116536647565487428, -2.472101282769616493 ) ) ;
#4986 = ORIENTED_EDGE ( 'NONE', *, *, #5518, .T. ) ;
#4987 = AXIS2_PLACEMENT_3D ( 'NONE', #3932, #34, #523 ) ;
#4988 = CARTESIAN_POINT ( 'NONE',  ( -1.380000000000000338, 9.296555435952635449, -8.083961248654471632 ) ) ;
#4989 = ORIENTED_EDGE ( 'NONE', *, *, #4675, .F. ) ;
#4990 = PLANE ( 'NONE',  #2657 ) ;
#4991 = ORIENTED_EDGE ( 'NONE', *, *, #5289, .T. ) ;
#4992 = DIRECTION ( 'NONE',  ( 0.000000000000000000, 0.000000000000000000, -1.000000000000000000 ) ) ;
#4993 = AXIS2_PLACEMENT_3D ( 'NONE', #775, #4153, #4638 ) ;
#4994 = CIRCLE ( 'NONE', #308, 6.450000000000001066 ) ;
#4995 = DIRECTION ( 'NONE',  ( -1.000000000000000000, -2.168404344971008252E-17, 8.673617379884035472E-17 ) ) ;
#4996 = ORIENTED_EDGE ( 'NONE', *, *, #4581, .T. ) ;
#4997 = CARTESIAN_POINT ( 'NONE',  ( 1.379999999999999671, 9.655153745424977174, 5.498426807238720571 ) ) ;
#4998 = EDGE_CURVE ( 'NONE', #4093, #1036, #6617, .T. ) ;
#4999 = DIRECTION ( 'NONE',  ( 0.000000000000000000, 0.000000000000000000, -1.000000000000000000 ) ) ;
#5000 = ORIENTED_EDGE ( 'NONE', *, *, #632, .T. ) ;
#5001 = CARTESIAN_POINT ( 'NONE',  ( 1.399999999999999689, 12.48000000000000220, 2.027069063257455728 ) ) ;
#5002 = B_SPLINE_CURVE_WITH_KNOTS ( 'NONE', 3,
 ( #6857, #1362, #5881, #260, #3642, #811, #1947, #5256, #1283, #3084 ),
 .UNSPECIFIED., .F., .F.,
 ( 4, 2, 2, 2, 4 ),
 ( 0.000000000000000000, 7.024607880191202191E-05, 0.0001404921576038240438, 0.0002809843152076474913, 0.0005619686304152965006 ),
 .UNSPECIFIED. ) ;
#5003 = AXIS2_PLACEMENT_3D ( 'NONE', #5709, #5265, #5189 ) ;
#5004 = ORIENTED_EDGE ( 'NONE', *, *, #2470, .F. ) ;
#5005 = FACE_OUTER_BOUND ( 'NONE', #1207, .T. ) ;
#5006 = AXIS2_PLACEMENT_3D ( 'NONE', #1189, #2331, #4550 ) ;
#5007 = VECTOR ( 'NONE', #1723, 1000.000000000000000 ) ;
#5008 = CARTESIAN_POINT ( 'NONE',  ( 1.060660171779820526, 0.000000000000000000, -1.060660171779820526 ) ) ;
#5009 = APPLICATION_CONTEXT ( 'automotive_design' ) ;
#5010 = EDGE_LOOP ( 'NONE', ( #1019, #4283, #5453, #2426 ) ) ;
#5011 = SURFACE_STYLE_FILL_AREA ( #2760 ) ;
#5012 = AXIS2_PLACEMENT_3D ( 'NONE', #2380, #4629, #1280 ) ;
#5013 = CYLINDRICAL_SURFACE ( 'NONE', #2993, 0.02000000000000053471 ) ;
#5014 = EDGE_LOOP ( 'NONE', ( #3980, #6271, #1831, #4964 ) ) ;
#5015 = SHAPE_REPRESENTATION_RELATIONSHIP ( 'NONE' , 'NONE' ,  #6353, #3093 ) ;
#5016 = ORIENTED_EDGE ( 'NONE', *, *, #6820, .F. ) ;
#5017 = CARTESIAN_POINT ( 'NONE',  ( 2.986171345291913415, 4.950000000000000178, -5.107491688851529155 ) ) ;
#5018 = CARTESIAN_POINT ( 'NONE',  ( 1.379999999999999671, 11.43165542625050612, -5.400000000000000355 ) ) ;
#5019 = PLANE ( 'NONE',  #2383 ) ;
#5020 = EDGE_CURVE ( 'NONE', #392, #5414, #5592, .T. ) ;
#5021 = FACE_OUTER_BOUND ( 'NONE', #4976, .T. ) ;
#5022 = CARTESIAN_POINT ( 'NONE',  ( 1.563691276469864277, 21.38165395594581852, -3.532332510810047843 ) ) ;
#5023 = LINE ( 'NONE', #5570, #536 ) ;
#5024 = ORIENTED_EDGE ( 'NONE', *, *, #4350, .F. ) ;
#5025 = DIRECTION ( 'NONE',  ( 1.000000000000000000, 0.000000000000000000, 0.000000000000000000 ) ) ;
#5026 = EDGE_LOOP ( 'NONE', ( #6903, #2620, #3119, #4751 ) ) ;
#5027 = FACE_OUTER_BOUND ( 'NONE', #3082, .T. ) ;
#5028 = FACE_OUTER_BOUND ( 'NONE', #4736, .T. ) ;
#5029 = CARTESIAN_POINT ( 'NONE',  ( 5.107491688851539813, 3.090000000000000746, 2.986171345291896095 ) ) ;
#5030 = CARTESIAN_POINT ( 'NONE',  ( 0.000000000000000000, 7.500000000000000000, -4.500000000000000000 ) ) ;
#5031 = EDGE_CURVE ( 'NONE', #4304, #1686, #5696, .T. ) ;
#5032 = FILL_AREA_STYLE ('',( #589 ) ) ;
#5033 = CYLINDRICAL_SURFACE ( 'NONE', #5118, 0.02000000000000005246 ) ;
#5034 = VERTEX_POINT ( 'NONE', #3941 ) ;
#5035 = DIRECTION ( 'NONE',  ( 0.000000000000000000, 0.000000000000000000, 1.000000000000000000 ) ) ;
#5036 = EDGE_LOOP ( 'NONE', ( #6128, #5678, #6129, #3451 ) ) ;
#5037 = CARTESIAN_POINT ( 'NONE',  ( -0.5130444930835835748, 20.11556602728802901, -6.445044959265757711 ) ) ;
#5038 = ORIENTED_EDGE ( 'NONE', *, *, #2813, .F. ) ;
#5039 = EDGE_CURVE ( 'NONE', #6673, #4763, #6269, .T. ) ;
#5040 = CARTESIAN_POINT ( 'NONE',  ( -5.624665225307626137, 22.99999999999999645, 1.854166666666667407 ) ) ;
#5041 = VERTEX_POINT ( 'NONE', #4565 ) ;
#5042 = LINE ( 'NONE', #2276, #6132 ) ;
#5043 = CIRCLE ( 'NONE', #5862, 0.1499999999999999667 ) ;
#5044 = CARTESIAN_POINT ( 'NONE',  ( -0.8671047699847524992, 20.34631865716763599, -3.532332510810049175 ) ) ;
#5045 = EDGE_LOOP ( 'NONE', ( #5654, #2573, #6878, #5253 ) ) ;
#5046 = ORIENTED_EDGE ( 'NONE', *, *, #3833, .F. ) ;
#5047 = CARTESIAN_POINT ( 'NONE',  ( -6.482479227492714102, 21.96644591800467339, -1.740979873179222315 ) ) ;
#5048 =( BOUNDED_CURVE ( )  B_SPLINE_CURVE ( 3, ( #7193, #2757, #3729, #4864 ),
 .UNSPECIFIED., .F., .T. ) 
 B_SPLINE_CURVE_WITH_KNOTS ( ( 4, 4 ),
 ( 2.836899999574395981, 3.446285307605190251 ),
 .UNSPECIFIED. ) 
 CURVE ( )  GEOMETRIC_REPRESENTATION_ITEM ( )  RATIONAL_B_SPLINE_CURVE ( ( 1.000000000000000000, 0.9692928009446305504, 0.9692928009446305504, 1.000000000000000000 ) ) 
 REPRESENTATION_ITEM ( '' )  );
#5049 = DIRECTION ( 'NONE',  ( 0.7071067811865474617, 0.000000000000000000, 0.7071067811865474617 ) ) ;
#5050 = LINE ( 'NONE', #4578, #6482 ) ;
#5051 = CARTESIAN_POINT ( 'NONE',  ( 3.532332510810047843, 22.06755310009425841, 1.762588677468425180 ) ) ;
#5052 = DIRECTION ( 'NONE',  ( 3.564834783817703950E-17, -0.9863939238321437486, 0.1643989873053572637 ) ) ;
#5053 = VECTOR ( 'NONE', #5914, 1000.000000000000000 ) ;
#5054 = DIRECTION ( 'NONE',  ( 1.000000000000000000, -0.000000000000000000, 0.000000000000000000 ) ) ;
#5055 = ORIENTED_EDGE ( 'NONE', *, *, #1556, .F. ) ;
#5056 = CARTESIAN_POINT ( 'NONE',  ( -3.532332510810049619, 22.99999999999999645, -1.854166666666667407 ) ) ;
#5057 = VERTEX_POINT ( 'NONE', #598 ) ;
#5058 = CARTESIAN_POINT ( 'NONE',  ( -4.999999999999999112, 8.000000000000000000, 2.291287847478249429 ) ) ;
#5059 = DIRECTION ( 'NONE',  ( 0.000000000000000000, 0.000000000000000000, -1.000000000000000000 ) ) ;
#5060 = LINE ( 'NONE', #6881, #2590 ) ;
#5061 = CARTESIAN_POINT ( 'NONE',  ( 1.399999999999999689, 12.37137186834969604, -1.898837853159277334 ) ) ;
#5062 = CARTESIAN_POINT ( 'NONE',  ( 2.312024219028203653, 5.951057409446828039, -4.433344562587824278 ) ) ;
#5063 = CARTESIAN_POINT ( 'NONE',  ( 0.000000000000000000, 0.000000000000000000, 0.000000000000000000 ) ) ;
#5064 = CARTESIAN_POINT ( 'NONE',  ( 1.071565949253934321E-15, 10.00000000000000000, 8.750000000000001776 ) ) ;
#5065 = ORIENTED_EDGE ( 'NONE', *, *, #2923, .F. ) ;
#5066 = DIRECTION ( 'NONE',  ( 0.000000000000000000, 0.000000000000000000, -1.000000000000000000 ) ) ;
#5067 = ORIENTED_EDGE ( 'NONE', *, *, #3052, .T. ) ;
#5068 = CARTESIAN_POINT ( 'NONE',  ( -1.564833315143931758, 21.38459785270094926, -6.447540879265241998 ) ) ;
#5069 = EDGE_CURVE ( 'NONE', #5911, #358, #3872, .T. ) ;
#5070 = EDGE_CURVE ( 'NONE', #6546, #3737, #3497, .T. ) ;
#5071 = APPLICATION_PROTOCOL_DEFINITION ( 'draft international standard', 'automotive_design', 1998, #6544 ) ;
#5072 = CARTESIAN_POINT ( 'NONE',  ( -7.252000366886311333, 3.000000000000000000, 2.435362535369389292 ) ) ;
#5073 = EDGE_CURVE ( 'NONE', #6565, #4680, #699, .T. ) ;
#5074 = ORIENTED_EDGE ( 'NONE', *, *, #3411, .T. ) ;
#5075 = AXIS2_PLACEMENT_3D ( 'NONE', #1310, #760, #3000 ) ;
#5076 = VECTOR ( 'NONE', #1288, 1000.000000000000000 ) ;
#5077 = CIRCLE ( 'NONE', #2374, 7.937575314873084764 ) ;
#5078 = CARTESIAN_POINT ( 'NONE',  ( -2.721591361078370852, 3.046643593403176808, -7.149647802037665478 ) ) ;
#5079 = EDGE_LOOP ( 'NONE', ( #6387, #4175 ) ) ;
#5080 = EDGE_CURVE ( 'NONE', #2427, #185, #3685, .T. ) ;
#5081 =( NAMED_UNIT ( * ) PLANE_ANGLE_UNIT ( ) SI_UNIT ( $, .RADIAN. ) );
#5082 = ORIENTED_EDGE ( 'NONE', *, *, #6289, .F. ) ;
#5083 = CARTESIAN_POINT ( 'NONE',  ( -6.436298689706664966, 20.99972010742672168, -1.383668702865776146 ) ) ;
#5084 = CIRCLE ( 'NONE', #3207, 7.650000000000000355 ) ;
#5085 = DIRECTION ( 'NONE',  ( 0.000000000000000000, 1.000000000000000000, 0.000000000000000000 ) ) ;
#5086 = DIRECTION ( 'NONE',  ( 1.000000000000000000, 0.000000000000000000, 0.000000000000000000 ) ) ;
#5087 = CARTESIAN_POINT ( 'NONE',  ( 3.532332510810048287, 20.00000000000000000, -0.004166666666667291977 ) ) ;
#5088 = CIRCLE ( 'NONE', #4155, 6.450000000000001066 ) ;
#5089 = DIRECTION ( 'NONE',  ( 0.000000000000000000, 0.7546055221634990762, 0.6561787149247930717 ) ) ;
#5090 = ORIENTED_EDGE ( 'NONE', *, *, #6592, .T. ) ;
#5091 = SHAPE_REPRESENTATION ( 'PJOINT_shaft_V2_1', ( #5484 ), #7221 ) ;
#5092 = CARTESIAN_POINT ( 'NONE',  ( -3.532332510810050064, 22.08543571443841458, -1.766152600636293313 ) ) ;
#5093 = ORIENTED_EDGE ( 'NONE', *, *, #930, .T. ) ;
#5094 = LINE ( 'NONE', #5612, #6753 ) ;
#5095 = FACE_OUTER_BOUND ( 'NONE', #25, .T. ) ;
#5096 = DIRECTION ( 'NONE',  ( -8.673617379884035472E-17, -1.880790961315659329E-33, -1.000000000000000000 ) ) ;
#5097 = FACE_OUTER_BOUND ( 'NONE', #6807, .T. ) ;
#5098 = AXIS2_PLACEMENT_3D ( 'NONE', #2518, #6591, #2668 ) ;
#5099 = EDGE_CURVE ( 'NONE', #6860, #1190, #2280, .T. ) ;
#5100 = CARTESIAN_POINT ( 'NONE',  ( 4.046831517071730389, 4.910000000000000142, -4.046831517071705520 ) ) ;
#5101 = LINE ( 'NONE', #660, #5007 ) ;
#5102 = LINE ( 'NONE', #1199, #4890 ) ;
#5103 = VECTOR ( 'NONE', #6743, 1000.000000000000000 ) ;
#5104 = ORIENTED_EDGE ( 'NONE', *, *, #4255, .T. ) ;
#5105 = LINE ( 'NONE', #1726, #200 ) ;
#5106 = VERTEX_POINT ( 'NONE', #2386 ) ;
#5107 = CARTESIAN_POINT ( 'NONE',  ( 1.379999999999999671, 0.02644174998362252768, 0.1586504999017351591 ) ) ;
#5108 = ORIENTED_EDGE ( 'NONE', *, *, #5664, .T. ) ;
#5109 = ADVANCED_FACE ( 'NONE', ( #3531, #3643 ), #5219, .T. ) ;
#5110 = VECTOR ( 'NONE', #6468, 1000.000000000000000 ) ;
#5111 = CARTESIAN_POINT ( 'NONE',  ( 0.000000000000000000, 7.500000000000000000, 0.000000000000000000 ) ) ;
#5112 = AXIS2_PLACEMENT_3D ( 'NONE', #5153, #6868, #6830 ) ;
#5113 = EDGE_CURVE ( 'NONE', #3898, #6620, #884, .T. ) ;
#5114 = ORIENTED_EDGE ( 'NONE', *, *, #596, .F. ) ;
#5115 = ORIENTED_EDGE ( 'NONE', *, *, #1258, .F. ) ;
#5116 = DIRECTION ( 'NONE',  ( 2.418863320084447144E-14, 0.6561787149247684248, -0.7546055221635205035 ) ) ;
#5117 = DIRECTION ( 'NONE',  ( 0.000000000000000000, 0.000000000000000000, -1.000000000000000000 ) ) ;
#5118 = AXIS2_PLACEMENT_3D ( 'NONE', #4035, #4516, #561 ) ;
#5119 = EDGE_CURVE ( 'NONE', #5771, #1686, #6034, .T. ) ;
#5120 = AXIS2_PLACEMENT_3D ( 'NONE', #5539, #5025, #7244 ) ;
#5121 = CARTESIAN_POINT ( 'NONE',  ( 2.915460667173242815, 3.090000000000000746, 5.036781010732885200 ) ) ;
#5122 = ORIENTED_EDGE ( 'NONE', *, *, #4009, .T. ) ;
#5123 = ORIENTED_EDGE ( 'NONE', *, *, #5783, .F. ) ;
#5124 = CARTESIAN_POINT ( 'NONE',  ( -6.435552316943327078, 20.45963201769564677, -0.9963818657580583160 ) ) ;
#5125 = AXIS2_PLACEMENT_3D ( 'NONE', #3748, #4405, #3784 ) ;
#5126 = CARTESIAN_POINT ( 'NONE',  ( -6.525425718434671118, 22.43809582460713159, 1.822237309521646420 ) ) ;
#5127 = DIRECTION ( 'NONE',  ( -3.741315907929849585E-17, 0.000000000000000000, 1.000000000000000000 ) ) ;
#5128 = AXIS2_PLACEMENT_3D ( 'NONE', #4687, #6902, #3471 ) ;
#5129 = CARTESIAN_POINT ( 'NONE',  ( -1.854166666666499319, 22.99999999999999645, -3.532332510810047843 ) ) ;
#5130 = EDGE_CURVE ( 'NONE', #4567, #4954, #885, .T. ) ;
#5131 = VECTOR ( 'NONE', #2142, 1000.000000000000000 ) ;
#5132 = DIRECTION ( 'NONE',  ( 0.000000000000000000, 1.000000000000000000, 0.000000000000000000 ) ) ;
#5133 = ORIENTED_EDGE ( 'NONE', *, *, #3875, .T. ) ;
#5134 = FACE_OUTER_BOUND ( 'NONE', #4857, .T. ) ;
#5135 = ORIENTED_EDGE ( 'NONE', *, *, #6456, .F. ) ;
#5136 = CARTESIAN_POINT ( 'NONE',  ( -4.500000000000000000, 1.500000000000000444, -2.179449471770337432 ) ) ;
#5137 = DIRECTION ( 'NONE',  ( 1.000000000000000000, 0.000000000000000000, 0.000000000000000000 ) ) ;
#5138 = FACE_OUTER_BOUND ( 'NONE', #3105, .T. ) ;
#5139 = DIRECTION ( 'NONE',  ( -8.673617379884035472E-17, -1.880790961315659329E-33, -1.000000000000000000 ) ) ;
#5140 = FACE_OUTER_BOUND ( 'NONE', #151, .T. ) ;
#5141 = PLANE ( 'NONE',  #896 ) ;
#5142 = CARTESIAN_POINT ( 'NONE',  ( 7.898971854500429678E-16, 0.000000000000000000, 6.450000000000001066 ) ) ;
#5143 = ORIENTED_EDGE ( 'NONE', *, *, #3096, .T. ) ;
#5144 = FACE_OUTER_BOUND ( 'NONE', #6656, .T. ) ;
#5145 = ORIENTED_EDGE ( 'NONE', *, *, #4820, .T. ) ;
#5146 = PLANE ( 'NONE',  #3290 ) ;
#5147 =( REPRESENTATION_RELATIONSHIP ('NONE','NONE', #318, #4584 ) REPRESENTATION_RELATIONSHIP_WITH_TRANSFORMATION ( #2857 )SHAPE_REPRESENTATION_RELATIONSHIP( ) );
#5148 = PRODUCT_CONTEXT ( 'NONE', #1997, 'mechanical' ) ;
#5149 = CARTESIAN_POINT ( 'NONE',  ( -3.956290731841337838, 2.373921791567575657, -3.226782805549678557 ) ) ;
#5150 = ORIENTED_EDGE ( 'NONE', *, *, #4478, .F. ) ;
#5151 = ORIENTED_EDGE ( 'NONE', *, *, #5161, .F. ) ;
#5152 = DIRECTION ( 'NONE',  ( 0.000000000000000000, -0.000000000000000000, 1.000000000000000000 ) ) ;
#5153 = CARTESIAN_POINT ( 'NONE',  ( -1.380000000000000115, 12.44809871788125477, 4.429206973128303915 ) ) ;
#5154 = EDGE_LOOP ( 'NONE', ( #1188, #5308, #4986, #5000 ) ) ;
#5155 = DIRECTION ( 'NONE',  ( 1.000000000000000000, 0.000000000000000000, 0.000000000000000000 ) ) ;
#5156 = ORIENTED_EDGE ( 'NONE', *, *, #6865, .T. ) ;
#5157 = EDGE_CURVE ( 'NONE', #991, #4680, #5882, .T. ) ;
#5158 = VECTOR ( 'NONE', #6444, 1000.000000000000000 ) ;
#5159 = DIRECTION ( 'NONE',  ( 1.000000000000000000, 0.000000000000000000, -3.741315907929741733E-17 ) ) ;
#5160 = CARTESIAN_POINT ( 'NONE',  ( 3.532332510810047399, 20.26699767635933469, -0.7687261305314344595 ) ) ;
#5161 = EDGE_CURVE ( 'NONE', #6646, #5857, #6858, .T. ) ;
#5162 = VECTOR ( 'NONE', #4406, 1000.000000000000000 ) ;
#5163 = DIRECTION ( 'NONE',  ( 0.000000000000000000, 0.000000000000000000, -1.000000000000000000 ) ) ;
#5164 = ORIENTED_EDGE ( 'NONE', *, *, #1538, .T. ) ;
#5165 = CARTESIAN_POINT ( 'NONE',  ( -3.532332510810049619, 20.03320070600792846, -0.3219889464551050073 ) ) ;
#5167 = EDGE_LOOP ( 'NONE', ( #2450, #2015 ) ) ;
#5166 = ADVANCED_FACE ( 'NONE', ( #6926 ), #1948, .T. ) ;
#5168 = DIRECTION ( 'NONE',  ( -0.000000000000000000, 1.000000000000000000, -0.000000000000000000 ) ) ;
#5169 = DIRECTION ( 'NONE',  ( 0.7071067811865474617, 0.000000000000000000, -0.7071067811865474617 ) ) ;
#5170 = CARTESIAN_POINT ( 'NONE',  ( 0.000000000000000000, 10.00000000000000000, -8.750000000000001776 ) ) ;
#5171 = EDGE_CURVE ( 'NONE', #611, #6243, #2448, .T. ) ;
#5172 = CARTESIAN_POINT ( 'NONE',  ( 1.380279994234274055, 6.500000000000000000, -0.7736979242907003895 ) ) ;
#5173 = AXIS2_PLACEMENT_3D ( 'NONE', #5107, #78, #3568 ) ;
#5174 = CARTESIAN_POINT ( 'NONE',  ( -1.656392093152426082, 21.64693148810901135, 6.460678490412265162 ) ) ;
#5175 = CARTESIAN_POINT ( 'NONE',  ( 6.467701556530029094, 21.76377389498897941, 1.691435198753659108 ) ) ;
#5176 = DIRECTION ( 'NONE',  ( -1.122394772378955122E-16, 0.000000000000000000, -1.000000000000000000 ) ) ;
#5177 = ORIENTED_EDGE ( 'NONE', *, *, #1789, .T. ) ;
#5178 = CARTESIAN_POINT ( 'NONE',  ( 0.000000000000000000, 12.34999999999999964, 4.343903740188081564 ) ) ;
#5179 = ORIENTED_EDGE ( 'NONE', *, *, #2105, .T. ) ;
#5180 = AXIS2_PLACEMENT_3D ( 'NONE', #3378, #6156, #6122 ) ;
#5181 = EDGE_CURVE ( 'NONE', #326, #2966, #7089, .T. ) ;
#5182 = LINE ( 'NONE', #732, #4469 ) ;
#5183 = FACE_OUTER_BOUND ( 'NONE', #5443, .T. ) ;
#5184 = CARTESIAN_POINT ( 'NONE',  ( 0.000000000000000000, 10.00000000000000000, 0.000000000000000000 ) ) ;
#5185 = ORIENTED_EDGE ( 'NONE', *, *, #319, .T. ) ;
#5186 = ORIENTED_EDGE ( 'NONE', *, *, #2336, .F. ) ;
#5187 = CARTESIAN_POINT ( 'NONE',  ( 1.740979873179046677, 21.96644591800466628, -6.482479227492761176 ) ) ;
#5188 = CARTESIAN_POINT ( 'NONE',  ( 1.854166666666499985, 23.00000000000000711, -3.532332510810047843 ) ) ;
#5189 = DIRECTION ( 'NONE',  ( 1.000000000000000000, 2.168404344971005170E-17, 0.000000000000000000 ) ) ;
#5190 = EDGE_LOOP ( 'NONE', ( #264, #4938, #4440, #4816 ) ) ;
#5191 = ORIENTED_EDGE ( 'NONE', *, *, #4262, .T. ) ;
#5192 = CIRCLE ( 'NONE', #4850, 0.1000000000000001443 ) ;
#5193 = AXIS2_PLACEMENT_3D ( 'NONE', #5332, #5851, #4744 ) ;
#5194 = CARTESIAN_POINT ( 'NONE',  ( 0.000000000000000000, 20.00000000000000000, -3.532332510810048287 ) ) ;
#5195 = CIRCLE ( 'NONE', #6248, 0.1499999999999999667 ) ;
#5196 = CARTESIAN_POINT ( 'NONE',  ( 3.532332510810047843, 20.11521957702266050, 0.5122934835979345847 ) ) ;
#5197 = ADVANCED_FACE ( 'NONE', ( #226 ), #4707, .T. ) ;
#5198 = LINE ( 'NONE', #4720, #4646 ) ;
#5199 = ORIENTED_EDGE ( 'NONE', *, *, #6068, .T. ) ;
#5200 = VECTOR ( 'NONE', #908, 1000.000000000000114 ) ;
#5201 = EDGE_CURVE ( 'NONE', #4824, #6351, #1363, .T. ) ;
#5202 = CARTESIAN_POINT ( 'NONE',  ( 0.000000000000000000, 0.8220000882110268803, 0.000000000000000000 ) ) ;
#5203 = ADVANCED_FACE ( 'NONE', ( #4787 ), #1906, .T. ) ;
#5204 = ORIENTED_EDGE ( 'NONE', *, *, #262, .T. ) ;
#5205 = PLANE ( 'NONE',  #6070 ) ;
#5206 = DIRECTION ( 'NONE',  ( 0.7071067811865474617, 0.000000000000000000, 0.7071067811865476838 ) ) ;
#5207 = CARTESIAN_POINT ( 'NONE',  ( -1.379999999999999671, 12.50000000000000000, -1.196959198423996649E-16 ) ) ;
#5208 = CARTESIAN_POINT ( 'NONE',  ( 0.000000000000000000, 1.500000000000000444, 4.500000000000000000 ) ) ;
#5209 = EDGE_CURVE ( 'NONE', #3662, #967, #5225, .T. ) ;
#5210 = CARTESIAN_POINT ( 'NONE',  ( -1.241722490804766821, 20.76692192575792362, 6.433689516478412251 ) ) ;
#5211 = CARTESIAN_POINT ( 'NONE',  ( 2.885102807365163891, 3.000000000000000000, -7.085102807365160515 ) ) ;
#5212 = CYLINDRICAL_SURFACE ( 'NONE', #6281, 0.5000000000000004441 ) ;
#5213 = ORIENTED_EDGE ( 'NONE', *, *, #1538, .F. ) ;
#5214 = CARTESIAN_POINT ( 'NONE',  ( 0.000000000000000000, 1.499999999999999556, 0.000000000000000000 ) ) ;
#5215 = ORIENTED_EDGE ( 'NONE', *, *, #1352, .F. ) ;
#5216 = CARTESIAN_POINT ( 'NONE',  ( 1.690371092688390586, 21.75991375089111557, 3.532332510810049175 ) ) ;
#5217 = ADVANCED_FACE ( 'NONE', ( #1432 ), #5695, .T. ) ;
#5218 = AXIS2_PLACEMENT_3D ( 'NONE', #2158, #4995, #6232 ) ;
#5219 = PLANE ( 'NONE',  #68 ) ;
#5220 = ORIENTED_EDGE ( 'NONE', *, *, #5181, .F. ) ;
#5221 = ORIENTED_EDGE ( 'NONE', *, *, #108, .F. ) ;
#5222 = DIRECTION ( 'NONE',  ( 1.000000000000000000, 0.000000000000000000, 0.000000000000000000 ) ) ;
#5223 = AXIS2_PLACEMENT_3D ( 'NONE', #5537, #5639, #7210 ) ;
#5224 = DIRECTION ( 'NONE',  ( -0.000000000000000000, -1.000000000000000000, -0.000000000000000000 ) ) ;
#5225 = CIRCLE ( 'NONE', #3826, 0.1499999999999999667 ) ;
#5226 = CIRCLE ( 'NONE', #4409, 0.1299999999999998934 ) ;
#5227 = PLANE ( 'NONE',  #1941 ) ;
#5228 = FACE_OUTER_BOUND ( 'NONE', #1271, .T. ) ;
#5229 = ORIENTED_EDGE ( 'NONE', *, *, #272, .T. ) ;
#5230 = CARTESIAN_POINT ( 'NONE',  ( 0.000000000000000000, 0.000000000000000000, 0.000000000000000000 ) ) ;
#5231 = EDGE_LOOP ( 'NONE', ( #2546, #4906, #6825, #2717 ) ) ;
#5232 = VECTOR ( 'NONE', #4596, 1000.000000000000000 ) ;
#5233 = LINE ( 'NONE', #2986, #3202 ) ;
#5234 = CARTESIAN_POINT ( 'NONE',  ( 0.4583213107542021270, 20.09164922777801365, 3.532332510810049619 ) ) ;
#5235 = CIRCLE ( 'NONE', #7103, 0.1499999999999999667 ) ;
#5236 = DIRECTION ( 'NONE',  ( -0.000000000000000000, 1.000000000000000000, -0.000000000000000000 ) ) ;
#5237 = ORIENTED_EDGE ( 'NONE', *, *, #5466, .T. ) ;
#5238 = CONICAL_SURFACE ( 'NONE', #6066, 9.750000000000001776, 0.7853981633974517207 ) ;
#5239 = CARTESIAN_POINT ( 'NONE',  ( 1.379999999999999671, 6.649999999999999467, -4.400000000000000355 ) ) ;
#5240 = VERTEX_POINT ( 'NONE', #1321 ) ;
#5241 = DIRECTION ( 'NONE',  ( 0.000000000000000000, 1.000000000000000000, -0.000000000000000000 ) ) ;
#5242 = EDGE_CURVE ( 'NONE', #964, #1902, #812, .T. ) ;
#5243 = CARTESIAN_POINT ( 'NONE',  ( -1.380279994234274721, 6.500000000000000000, 4.549233012451844083 ) ) ;
#5244 = DIRECTION ( 'NONE',  ( 0.000000000000000000, 0.000000000000000000, 1.000000000000000000 ) ) ;
#5245 = LINE ( 'NONE', #4727, #6707 ) ;
#5246 = EDGE_CURVE ( 'NONE', #4763, #4065, #1027, .T. ) ;
#5247 = AXIS2_PLACEMENT_3D ( 'NONE', #7023, #2003, #6481 ) ;
#5248 = CARTESIAN_POINT ( 'NONE',  ( -0.4591957217805870961, 20.09200757608259735, 6.445956847115851929 ) ) ;
#5249 = CARTESIAN_POINT ( 'NONE',  ( 1.399999999999999689, 12.44809871788125477, 4.429206973128303026 ) ) ;
#5250 = DIRECTION ( 'NONE',  ( 1.000000000000000000, 0.000000000000000000, 0.000000000000000000 ) ) ;
#5251 = VERTEX_POINT ( 'NONE', #1469 ) ;
#5252 = CARTESIAN_POINT ( 'NONE',  ( -0.004166666666499206813, 19.99999999999999645, 6.747380340401619492 ) ) ;
#5253 = ORIENTED_EDGE ( 'NONE', *, *, #2234, .T. ) ;
#5254 = CARTESIAN_POINT ( 'NONE',  ( 1.854166666666499541, 28.99999999999999645, -7.421897733883352721 ) ) ;
#5255 = EDGE_CURVE ( 'NONE', #326, #1504, #2712, .T. ) ;
#5256 = CARTESIAN_POINT ( 'NONE',  ( 3.139821971399054057, 1.508500636646441517, 6.976537463425645846 ) ) ;
#5257 = CARTESIAN_POINT ( 'NONE',  ( -4.741034782807846071, 7.947103280109118373, -2.234160359978236254 ) ) ;
#5258 = EDGE_LOOP ( 'NONE', ( #6327, #6344 ) ) ;
#5259 = EDGE_LOOP ( 'NONE', ( #2692, #5620, #11, #747 ) ) ;
#5260 = B_SPLINE_CURVE_WITH_KNOTS ( 'NONE', 3,
 ( #4574, #679, #4464, #5564, #2210, #4500, #3951, #2097, #6505, #3755 ),
 .UNSPECIFIED., .F., .F.,
 ( 4, 2, 2, 2, 4 ),
 ( 4.336808689942017736E-19, 0.0002774483335560873907, 0.0004161725003341309776, 0.0004855345837231528523, 0.0005548966671121746729 ),
 .UNSPECIFIED. ) ;
#5261 = CARTESIAN_POINT ( 'NONE',  ( 1.379999999999999671, 6.649999999999999467, -4.549999999999999822 ) ) ;
#5262 = CARTESIAN_POINT ( 'NONE',  ( 4.741006527942212223, 7.947084575471273560, 2.234154015110207947 ) ) ;
#5263 = EDGE_CURVE ( 'NONE', #3611, #1061, #454, .T. ) ;
#5264 = CARTESIAN_POINT ( 'NONE',  ( 1.399999999999999689, 9.768344573749498494, 5.400000000000000355 ) ) ;
#5265 = DIRECTION ( 'NONE',  ( 2.168404344971008252E-17, -1.000000000000000000, 0.000000000000000000 ) ) ;
#5266 = ORIENTED_EDGE ( 'NONE', *, *, #6541, .T. ) ;
#5267 = SHAPE_REPRESENTATION_RELATIONSHIP ( 'NONE' , 'NONE' ,  #4346, #5371 ) ;
#5268 = ORIENTED_EDGE ( 'NONE', *, *, #6060, .F. ) ;
#5269 = DIRECTION ( 'NONE',  ( 0.000000000000000000, -1.000000000000000000, 0.000000000000000000 ) ) ;
#5270 = CARTESIAN_POINT ( 'NONE',  ( 0.004166666666500772401, 20.00000000000000000, 3.532332510810049175 ) ) ;
#5271 = CARTESIAN_POINT ( 'NONE',  ( -7.296724953260062208, 3.000000000000000000, -2.297891415291845707 ) ) ;
#5272 = ORIENTED_EDGE ( 'NONE', *, *, #3003, .T. ) ;
#5273 = CARTESIAN_POINT ( 'NONE',  ( -1.854166666666499097, 19.99999999999999645, 3.532332510810049175 ) ) ;
#5274 = VERTEX_POINT ( 'NONE', #3163 ) ;
#5275 = ADVANCED_BREP_SHAPE_REPRESENTATION ( '', ( #3206, #5484 ), #7221 ) ;
#5276 = DIRECTION ( 'NONE',  ( 0.000000000000000000, -1.000000000000000000, 0.000000000000000000 ) ) ;
#5277 = CARTESIAN_POINT ( 'NONE',  ( -1.380000000000000115, 6.500000000000000000, 4.549999999999999822 ) ) ;
#5278 = PLANE ( 'NONE',  #3800 ) ;
#5279 = DIRECTION ( 'NONE',  ( 0.000000000000000000, 0.000000000000000000, 1.000000000000000000 ) ) ;
#5280 = CARTESIAN_POINT ( 'NONE',  ( 6.438828077034693287, 20.31343895320943460, 0.8278389525921463488 ) ) ;
#5281 = CARTESIAN_POINT ( 'NONE',  ( -1.399999999999999689, 6.500000000000000000, -0.8529309367425446098 ) ) ;
#5282 = ORIENTED_EDGE ( 'NONE', *, *, #3957, .T. ) ;
#5283 = DIRECTION ( 'NONE',  ( 0.000000000000000000, 1.000000000000000000, -0.000000000000000000 ) ) ;
#5284 = EDGE_LOOP ( 'NONE', ( #4067, #2457, #7016, #5016 ) ) ;
#5285 = CARTESIAN_POINT ( 'NONE',  ( -2.262975846493129772, 8.000000000000000000, 4.870299948342232454 ) ) ;
#5286 = CIRCLE ( 'NONE', #950, 0.1000000000000001443 ) ;
#5287 = B_SPLINE_CURVE_WITH_KNOTS ( 'NONE', 3,
 ( #4275, #1617, #3859, #2750 ),
 .UNSPECIFIED., .F., .F.,
 ( 4, 4 ),
 ( 0.01383968247036370704, 0.01989649737312789574 ),
 .UNSPECIFIED. ) ;
#5288 = PLANE ( 'NONE',  #990 ) ;
#5289 = EDGE_CURVE ( 'NONE', #6643, #5810, #5525, .T. ) ;
#5290 = DIRECTION ( 'NONE',  ( 0.000000000000000000, 1.000000000000000000, -0.000000000000000000 ) ) ;
#5291 = ORIENTED_EDGE ( 'NONE', *, *, #5625, .T. ) ;
#5292 = AXIS2_PLACEMENT_3D ( 'NONE', #3519, #1309, #4031 ) ;
#5293 = ORIENTED_EDGE ( 'NONE', *, *, #7076, .F. ) ;
#5294 = CARTESIAN_POINT ( 'NONE',  ( -5.573632720074499503, 22.99999999999999289, 1.854166666666667407 ) ) ;
#5295 = ADVANCED_FACE ( 'NONE', ( #952 ), #3264, .T. ) ;
#5296 = EDGE_CURVE ( 'NONE', #4258, #3042, #2641, .T. ) ;
#5297 = EDGE_CURVE ( 'NONE', #4507, #6837, #6973, .T. ) ;
#5298 = DIRECTION ( 'NONE',  ( -1.000000000000000000, -0.000000000000000000, -0.000000000000000000 ) ) ;
#5299 = EDGE_CURVE ( 'NONE', #4743, #6452, #4761, .T. ) ;
#5300 = FACE_OUTER_BOUND ( 'NONE', #6607, .T. ) ;
#5301 = CARTESIAN_POINT ( 'NONE',  ( 7.284988917792942331, 3.116491533522732116, 2.334875965827334365 ) ) ;
#5302 = ORIENTED_EDGE ( 'NONE', *, *, #5708, .F. ) ;
#5303 = ORIENTED_EDGE ( 'NONE', *, *, #2412, .T. ) ;
#5304 = PLANE ( 'NONE',  #4617 ) ;
#5305 = CARTESIAN_POINT ( 'NONE',  ( 3.532332510810047843, 22.99999999999999645, -1.854166666666667407 ) ) ;
#5306 = EDGE_CURVE ( 'NONE', #1136, #6085, #1507, .T. ) ;
#5307 = CARTESIAN_POINT ( 'NONE',  ( 0.000000000000000000, 1.499999999999999556, 0.000000000000000000 ) ) ;
#5308 = ORIENTED_EDGE ( 'NONE', *, *, #6315, .T. ) ;
#5309 = CARTESIAN_POINT ( 'NONE',  ( -3.532332510810049175, 20.00000000000000000, -0.004166666666667291977 ) ) ;
#5310 = ORIENTED_EDGE ( 'NONE', *, *, #2905, .F. ) ;
#5311 = CARTESIAN_POINT ( 'NONE',  ( -1.400000000000000133, 11.43165542625050612, -5.400000000000000355 ) ) ;
#5312 = DIRECTION ( 'NONE',  ( -1.000000000000000000, -2.168404344971008252E-17, -8.673617379884035472E-17 ) ) ;
#5313 = CARTESIAN_POINT ( 'NONE',  ( 1.854166666666499985, 22.99999999999999645, -3.379234995115211415 ) ) ;
#5314 = DIRECTION ( 'NONE',  ( 0.000000000000000000, 0.000000000000000000, -1.000000000000000000 ) ) ;
#5315 = AXIS2_PLACEMENT_3D ( 'NONE', #3726, #5444, #5959 ) ;
#5316 = AXIS2_PLACEMENT_3D ( 'NONE', #6608, #3862, #5035 ) ;
#5317 = VECTOR ( 'NONE', #3205, 1000.000000000000000 ) ;
#5318 = CARTESIAN_POINT ( 'NONE',  ( -0.8974227786087003444, 20.37284124738523516, 3.532332510810048731 ) ) ;
#5319 = CARTESIAN_POINT ( 'NONE',  ( 6.487532605504384264, 22.03015670506573187, 1.754871359571673173 ) ) ;
#5320 = DIRECTION ( 'NONE',  ( 0.000000000000000000, 0.000000000000000000, 1.000000000000000000 ) ) ;
#5321 = CARTESIAN_POINT ( 'NONE',  ( -6.449998654177293567, 20.00000000000000000, 0.004166666666667468051 ) ) ;
#5322 = EDGE_LOOP ( 'NONE', ( #3404, #1429, #3472, #1357 ) ) ;
#5323 = CARTESIAN_POINT ( 'NONE',  ( 6.433773523298651931, 20.63804575610897629, -1.147132039402961379 ) ) ;
#5324 = ORIENTED_EDGE ( 'NONE', *, *, #1424, .T. ) ;
#5325 = DIRECTION ( 'NONE',  ( 0.000000000000000000, 0.000000000000000000, -1.000000000000000000 ) ) ;
#5326 = CARTESIAN_POINT ( 'NONE',  ( 1.749158939328758988, 22.00339468623284489, 3.532332510810049175 ) ) ;
#5327 = ORIENTED_EDGE ( 'NONE', *, *, #5485, .T. ) ;
#5328 = CARTESIAN_POINT ( 'NONE',  ( -1.379999999999999893, -2.992397996059991005E-17, -4.379999999999999893 ) ) ;
#5329 = ORIENTED_EDGE ( 'NONE', *, *, #639, .F. ) ;
#5330 = AXIS2_PLACEMENT_3D ( 'NONE', #2972, #1395, #4636 ) ;
#5331 = ORIENTED_EDGE ( 'NONE', *, *, #6293, .T. ) ;
#5332 = CARTESIAN_POINT ( 'NONE',  ( 1.060660171779811423, 4.585121964646132860E-16, 1.060660171779833627 ) ) ;
#5333 = CARTESIAN_POINT ( 'NONE',  ( 1.854166666666499763, 22.99999999999998579, -4.552982615442290992 ) ) ;
#5334 = EDGE_CURVE ( 'NONE', #6748, #7189, #6605, .T. ) ;
#5335 = AXIS2_PLACEMENT_3D ( 'NONE', #764, #6883, #3597 ) ;
#5336 = CARTESIAN_POINT ( 'NONE',  ( -5.087985294887803711, 4.978965517241379146, 2.966664951328077837 ) ) ;
#5337 = VECTOR ( 'NONE', #5945, 1000.000000000000000 ) ;
#5338 = CARTESIAN_POINT ( 'NONE',  ( -3.532332510810049619, 19.99999999999999645, -1.854166666666667407 ) ) ;
#5339 = VERTEX_POINT ( 'NONE', #3128 ) ;
#5340 = ORIENTED_EDGE ( 'NONE', *, *, #6283, .F. ) ;
#5341 = VECTOR ( 'NONE', #6280, 1000.000000000000000 ) ;
#5342 = CARTESIAN_POINT ( 'NONE',  ( -3.139821971399057610, 1.508500636646441739, -6.976537463425643182 ) ) ;
#5343 = PRODUCT_DEFINITION_SHAPE ( 'NONE', 'NONE',  #7256 ) ;
#5344 = ADVANCED_FACE ( 'NONE', ( #6537 ), #3788, .T. ) ;
#5345 = AXIS2_PLACEMENT_3D ( 'NONE', #1261, #3506, #2432 ) ;
#5346 = CARTESIAN_POINT ( 'NONE',  ( -1.380000000000000115, 11.43165542625050435, 5.530000000000000249 ) ) ;
#5347 = ORIENTED_EDGE ( 'NONE', *, *, #5943, .F. ) ;
#5348 = VECTOR ( 'NONE', #1959, 1000.000000000000000 ) ;
#5349 = LINE ( 'NONE', #3145, #1248 ) ;
#5350 = EDGE_LOOP ( 'NONE', ( #4430, #3851, #5046, #1201, #5593, #1304 ) ) ;
#5351 = CARTESIAN_POINT ( 'NONE',  ( -1.379999999999999671, 6.622052172158088723, 0.9406179037940091137 ) ) ;
#5352 = CARTESIAN_POINT ( 'NONE',  ( 2.312024219028204541, 2.048942590553171517, -4.433344562587826054 ) ) ;
#5353 = FACE_OUTER_BOUND ( 'NONE', #2632, .T. ) ;
#5354 = AXIS2_PLACEMENT_3D ( 'NONE', #2404, #2440, #6877 ) ;
#5355 = EDGE_CURVE ( 'NONE', #4126, #6673, #3775, .T. ) ;
#5356 = AXIS2_PLACEMENT_3D ( 'NONE', #4821, #7078, #4374 ) ;
#5357 = CARTESIAN_POINT ( 'NONE',  ( 3.976120838953075776, 4.910000000000000142, -3.976120838953050907 ) ) ;
#5358 = LINE ( 'NONE', #5501, #5337 ) ;
#5359 = DIRECTION ( 'NONE',  ( -0.7071067811865473507, -8.049116928532377276E-17, 0.7071067811865477948 ) ) ;
#5360 = CARTESIAN_POINT ( 'NONE',  ( -6.440399499380449200, 21.17212264758177298, 1.471137458027618861 ) ) ;
#5361 = ORIENTED_EDGE ( 'NONE', *, *, #5299, .T. ) ;
#5362 = CARTESIAN_POINT ( 'NONE',  ( -1.854166666666499319, 22.99999999999999645, 6.747380340401619492 ) ) ;
#5363 = ORIENTED_EDGE ( 'NONE', *, *, #2099, .F. ) ;
#5364 = DIRECTION ( 'NONE',  ( 0.000000000000000000, 0.000000000000000000, 1.000000000000000000 ) ) ;
#5365 = AXIS2_PLACEMENT_3D ( 'NONE', #3295, #2122, #1503 ) ;
#5366 = DIRECTION ( 'NONE',  ( -0.000000000000000000, -1.000000000000000000, -0.000000000000000000 ) ) ;
#5367 = DIRECTION ( 'NONE',  ( -1.000000000000000000, 0.000000000000000000, -0.000000000000000000 ) ) ;
#5368 = VERTEX_POINT ( 'NONE', #3827 ) ;
#5369 = FILL_AREA_STYLE_COLOUR ( '', #277 ) ;
#5370 = PLANE ( 'NONE',  #4940 ) ;
#5371 = ADVANCED_BREP_SHAPE_REPRESENTATION ( '', ( #3266, #5484 ), #6755 ) ;
#5372 = ORIENTED_EDGE ( 'NONE', *, *, #5297, .T. ) ;
#5373 = CARTESIAN_POINT ( 'NONE',  ( -1.390180519077590882, 6.500000000000000000, 0.8009322421621057897 ) ) ;
#5374 = DIRECTION ( 'NONE',  ( 0.000000000000000000, 1.000000000000000000, -0.000000000000000000 ) ) ;
#5375 = DIRECTION ( 'NONE',  ( 0.000000000000000000, 0.000000000000000000, 1.000000000000000000 ) ) ;
#5376 = VERTEX_POINT ( 'NONE', #7118 ) ;
#5377 = ORIENTED_EDGE ( 'NONE', *, *, #2784, .F. ) ;
#5378 = CARTESIAN_POINT ( 'NONE',  ( 2.312024219028192551, 2.048942590553173293, 4.433344562587834048 ) ) ;
#5379 = APPLICATION_CONTEXT ( 'automotive_design' ) ;
#5380 = DIRECTION ( 'NONE',  ( -0.7071067811865474617, 0.000000000000000000, -0.7071067811865474617 ) ) ;
#5381 = EDGE_CURVE ( 'NONE', #1061, #2984, #3421, .T. ) ;
#5382 = ORIENTED_EDGE ( 'NONE', *, *, #1352, .T. ) ;
#5383 = DIRECTION ( 'NONE',  ( -0.000000000000000000, 1.000000000000000000, 0.000000000000000000 ) ) ;
#5384 = ORIENTED_EDGE ( 'NONE', *, *, #2230, .T. ) ;
#5385 = CARTESIAN_POINT ( 'NONE',  ( 1.399999999999999689, 12.44809871788125477, -4.429206973128303026 ) ) ;
#5386 = CARTESIAN_POINT ( 'NONE',  ( -1.400000000000000133, 8.759938365018300033, 4.438449618462784407 ) ) ;
#5387 = EDGE_CURVE ( 'NONE', #2388, #4399, #7187, .T. ) ;
#5388 = DIRECTION ( 'NONE',  ( 0.000000000000000000, -1.000000000000000000, -0.000000000000000000 ) ) ;
#5389 = CARTESIAN_POINT ( 'NONE',  ( -1.854166666666499319, 28.99999999999999645, 7.421897733883353609 ) ) ;
#5390 = CARTESIAN_POINT ( 'NONE',  ( -1.766152600636125225, 22.08543571443840392, 3.532332510810049175 ) ) ;
#5391 = EDGE_CURVE ( 'NONE', #2264, #4048, #6288, .T. ) ;
#5392 = DIRECTION ( 'NONE',  ( 0.000000000000000000, 0.9863939238321478564, -0.1643989873053327000 ) ) ;
#5393 = DIRECTION ( 'NONE',  ( -1.000000000000000000, -0.000000000000000000, -0.000000000000000000 ) ) ;
#5394 = CARTESIAN_POINT ( 'NONE',  ( 1.580171030293506140, 21.41876645049923411, -6.448554778253389408 ) ) ;
#5395 = EDGE_CURVE ( 'NONE', #5586, #927, #3478, .T. ) ;
#5396 = EDGE_LOOP ( 'NONE', ( #6226, #5229, #1820, #7175, #1513, #1056 ) ) ;
#5397 = DIRECTION ( 'NONE',  ( 0.7071067811865475727, 0.000000000000000000, -0.7071067811865475727 ) ) ;
#5398 = VERTEX_POINT ( 'NONE', #6705 ) ;
#5399 = CARTESIAN_POINT ( 'NONE',  ( 0.004166666666501273736, 19.99999999999999645, 6.747380340403940302 ) ) ;
#5400 = CARTESIAN_POINT ( 'NONE',  ( -5.078412917506967439, 3.200000000000000178, -4.890012498889791281 ) ) ;
#5401 = CARTESIAN_POINT ( 'NONE',  ( 6.594282824706734658, 22.99999999999999645, 1.854166666666666075 ) ) ;
#5402 = ADVANCED_FACE ( 'NONE', ( #4480, #6233 ), #5141, .T. ) ;
#5403 = ORIENTED_EDGE ( 'NONE', *, *, #674, .F. ) ;
#5404 = SURFACE_SIDE_STYLE ('',( #7081 ) ) ;
#5405 = CARTESIAN_POINT ( 'NONE',  ( -7.650000000000000355, 28.99999999999999645, -1.854166666666667407 ) ) ;
#5406 = CARTESIAN_POINT ( 'NONE',  ( -1.397319086605161464, 6.500000000000000000, 0.8267289123675667373 ) ) ;
#5407 = CIRCLE ( 'NONE', #2228, 0.1299999999999998934 ) ;
#5408 = DIRECTION ( 'NONE',  ( -0.000000000000000000, 1.000000000000000000, -0.000000000000000000 ) ) ;
#5409 = ORIENTED_EDGE ( 'NONE', *, *, #2330, .T. ) ;
#5410 = ORIENTED_EDGE ( 'NONE', *, *, #5490, .T. ) ;
#5411 = CARTESIAN_POINT ( 'NONE',  ( 1.379999999999999671, 11.43165542625050612, -5.400000000000000355 ) ) ;
#5412 = EDGE_CURVE ( 'NONE', #6582, #3347, #5101, .T. ) ;
#5413 = CARTESIAN_POINT ( 'NONE',  ( 2.435362535369389292, 3.200000000000000178, -7.252000366886311333 ) ) ;
#5414 = VERTEX_POINT ( 'NONE', #1094 ) ;
#5415 = DIRECTION ( 'NONE',  ( -0.000000000000000000, 1.000000000000000000, -0.000000000000000000 ) ) ;
#5416 = ORIENTED_EDGE ( 'NONE', *, *, #2330, .F. ) ;
#5417 = CARTESIAN_POINT ( 'NONE',  ( 1.376091600182587360, 20.97701074699823920, 6.435216397869578664 ) ) ;
#5418 = CARTESIAN_POINT ( 'NONE',  ( -4.500000000000000000, 7.499999999999998224, -2.179449471770337432 ) ) ;
#5419 = CARTESIAN_POINT ( 'NONE',  ( 0.000000000000000000, 8.000000000000000000, 0.000000000000000000 ) ) ;
#5420 = ADVANCED_FACE ( 'NONE', ( #7224 ), #3413, .T. ) ;
#5421 = FACE_OUTER_BOUND ( 'NONE', #1665, .T. ) ;
#5422 = CARTESIAN_POINT ( 'NONE',  ( 0.000000000000000000, 6.625340151904196340, 0.9208900253173660788 ) ) ;
#5423 = PLANE ( 'NONE',  #3939 ) ;
#5424 = DIRECTION ( 'NONE',  ( -1.000000000000000000, 0.000000000000000000, 2.244789544757910244E-16 ) ) ;
#5425 = CARTESIAN_POINT ( 'NONE',  ( 2.179449471770337876, 7.633700821002010528, -4.499999999999998224 ) ) ;
#5426 = ORIENTED_EDGE ( 'NONE', *, *, #6056, .F. ) ;
#5427 = CARTESIAN_POINT ( 'NONE',  ( -7.261110302808396533, 3.063075121266647827, -2.408386976261427836 ) ) ;
#5428 = ORIENTED_EDGE ( 'NONE', *, *, #4635, .T. ) ;
#5429 = FACE_OUTER_BOUND ( 'NONE', #4012, .T. ) ;
#5430 = VECTOR ( 'NONE', #889, 1000.000000000000000 ) ;
#5431 = AXIS2_PLACEMENT_3D ( 'NONE', #2863, #5116, #86 ) ;
#5432 = ADVANCED_FACE ( 'NONE', ( #619 ), #5457, .T. ) ;
#5433 = B_SPLINE_CURVE_WITH_KNOTS ( 'NONE', 3,
 ( #825, #3027, #3620, #6905, #350, #4653, #1885, #5342, #6473, #5895 ),
 .UNSPECIFIED., .F., .F.,
 ( 4, 2, 2, 2, 4 ),
 ( 0.000000000000000000, 7.024607880191234717E-05, 0.0001404921576038246943, 0.0002809843152076487924, 0.0005619686304152991026 ),
 .UNSPECIFIED. ) ;
#5434 = CIRCLE ( 'NONE', #1560, 0.1499999999999999667 ) ;
#5435 = CARTESIAN_POINT ( 'NONE',  ( 2.291287847478249429, 8.000000000000000000, 4.999999999999848121 ) ) ;
#5436 =( GEOMETRIC_REPRESENTATION_CONTEXT ( 3 ) GLOBAL_UNCERTAINTY_ASSIGNED_CONTEXT ( ( #3830 ) ) GLOBAL_UNIT_ASSIGNED_CONTEXT ( ( #1693, #49, #4606 ) ) REPRESENTATION_CONTEXT ( 'NONE', 'WORKASPACE' ) );
#5437 = CARTESIAN_POINT ( 'NONE',  ( 6.871269143465953633, 24.99984612168539044, 1.854166666666666075 ) ) ;
#5438 = VERTEX_POINT ( 'NONE', #1647 ) ;
#5439 = CARTESIAN_POINT ( 'NONE',  ( -1.380000000000000115, 8.631655426250503638, -4.549999999999998934 ) ) ;
#5440 = UNCERTAINTY_MEASURE_WITH_UNIT (LENGTH_MEASURE( 1.000000000000000082E-05 ), #1664, 'distance_accuracy_value', 'NONE');
#5441 = CONICAL_SURFACE ( 'NONE', #1675, 6.750000000000000000, 0.04084405109412468649 ) ;
#5442 = CARTESIAN_POINT ( 'NONE',  ( -1.045004651996037648, -1.407485477710246791, 1.045004651996016554 ) ) ;
#5443 = EDGE_LOOP ( 'NONE', ( #1052, #2225, #5220, #5377 ) ) ;
#5444 = DIRECTION ( 'NONE',  ( 1.000000000000000000, 2.168404344971008252E-17, -8.673617379884035472E-17 ) ) ;
#5445 = EDGE_CURVE ( 'NONE', #185, #6837, #1696, .T. ) ;
#5446 = CARTESIAN_POINT ( 'NONE',  ( -4.501950110211370593, 19.99999999999999645, 0.004166666666666607628 ) ) ;
#5447 = ORIENTED_EDGE ( 'NONE', *, *, #3456, .F. ) ;
#5448 = CARTESIAN_POINT ( 'NONE',  ( -3.532332510810049175, 20.00000000000000000, 0.004166666666666612832 ) ) ;
#5449 = VECTOR ( 'NONE', #6536, 1000.000000000000000 ) ;
#5450 = VERTEX_POINT ( 'NONE', #2850 ) ;
#5451 = AXIS2_PLACEMENT_3D ( 'NONE', #2261, #1721, #6123 ) ;
#5452 = CARTESIAN_POINT ( 'NONE',  ( -0.5471549404216057289, 20.12965379788076703, -3.532332510810049175 ) ) ;
#5453 = ORIENTED_EDGE ( 'NONE', *, *, #7180, .F. ) ;
#5454 = DIRECTION ( 'NONE',  ( 0.000000000000000000, 0.000000000000000000, 1.000000000000000000 ) ) ;
#5455 = EDGE_LOOP ( 'NONE', ( #2523, #1086, #525, #5024 ) ) ;
#5456 = DIRECTION ( 'NONE',  ( 0.000000000000000000, -0.6561787149247684248, 0.7546055221635205035 ) ) ;
#5457 = TOROIDAL_SURFACE ( 'NONE', #4987, 0.1699999999999999845, 0.02000000000000000042 ) ;
#5458 = CARTESIAN_POINT ( 'NONE',  ( -3.405877273185284881, 1.699999999999999734, -6.849999999999998757 ) ) ;
#5459 = CARTESIAN_POINT ( 'NONE',  ( 0.000000000000000000, 8.000000000000000000, 0.000000000000000000 ) ) ;
#5460 = CARTESIAN_POINT ( 'NONE',  ( -7.252000366886311333, 8.000000000000000000, 2.435362535369389292 ) ) ;
#5461 = AXIS2_PLACEMENT_3D ( 'NONE', #5008, #6030, #958 ) ;
#5462 = AXIS2_PLACEMENT_3D ( 'NONE', #4582, #6256, #4656 ) ;
#5463 = CARTESIAN_POINT ( 'NONE',  ( -1.854166666666499097, 22.99999999999999645, 3.532332510810049175 ) ) ;
#5464 = DIRECTION ( 'NONE',  ( 1.000000000000000000, -0.000000000000000000, -0.000000000000000000 ) ) ;
#5465 = ORIENTED_EDGE ( 'NONE', *, *, #6185, .F. ) ;
#5466 = EDGE_CURVE ( 'NONE', #6565, #3948, #6863, .T. ) ;
#5467 = DIRECTION ( 'NONE',  ( 2.244789544757910244E-16, 0.000000000000000000, 1.000000000000000000 ) ) ;
#5468 = CARTESIAN_POINT ( 'NONE',  ( -6.437440052331033336, 20.37394550791021786, 0.8986573142000537917 ) ) ;
#5469 = VERTEX_POINT ( 'NONE', #6779 ) ;
#5470 = CARTESIAN_POINT ( 'NONE',  ( -7.203334277753509873, 3.008500636646442405, -2.577311054879313446 ) ) ;
#5471 = EDGE_LOOP ( 'NONE', ( #5074, #3540, #5186, #4910 ) ) ;
#5472 = FACE_OUTER_BOUND ( 'NONE', #539, .T. ) ;
#5473 = AXIS2_PLACEMENT_3D ( 'NONE', #2942, #3577, #2318 ) ;
#5474 = MANIFOLD_SOLID_BREP ( 'CirPattern1', #3281 ) ;
#5475 = VECTOR ( 'NONE', #2807, 1000.000000000000000 ) ;
#5476 = CARTESIAN_POINT ( 'NONE',  ( 4.999999999999999112, 8.000000000000000000, 2.291287847478249429 ) ) ;
#5477 = CARTESIAN_POINT ( 'NONE',  ( -4.500000000000000000, 7.500000000000000000, 0.000000000000000000 ) ) ;
#5478 = EDGE_CURVE ( 'NONE', #2482, #2798, #2749, .T. ) ;
#5479 = ORIENTED_EDGE ( 'NONE', *, *, #588, .T. ) ;
#5480 = DIRECTION ( 'NONE',  ( -1.000000000000000000, 0.000000000000000000, 0.000000000000000000 ) ) ;
#5481 = CIRCLE ( 'NONE', #5125, 6.750562799691778082 ) ;
#5482 = CARTESIAN_POINT ( 'NONE',  ( -0.9331408812994387292, 20.40538272924749563, -6.436788979146748524 ) ) ;
#5483 = ORIENTED_EDGE ( 'NONE', *, *, #5922, .T. ) ;
#5484 = AXIS2_PLACEMENT_3D ( 'NONE', #3949, #3282, #2320 ) ;
#5485 = EDGE_CURVE ( 'NONE', #2465, #2754, #3301, .T. ) ;
#5486 = DIRECTION ( 'NONE',  ( 0.000000000000000000, 0.000000000000000000, 1.000000000000000000 ) ) ;
#5487 = AXIS2_PLACEMENT_3D ( 'NONE', #687, #5722, #6840 ) ;
#5488 = CARTESIAN_POINT ( 'NONE',  ( 0.000000000000000000, 10.00000000000000000, 0.000000000000000000 ) ) ;
#5489 = ORIENTED_EDGE ( 'NONE', *, *, #6060, .T. ) ;
#5490 = EDGE_CURVE ( 'NONE', #5898, #1145, #5546, .T. ) ;
#5491 = CARTESIAN_POINT ( 'NONE',  ( -3.532332510810050064, 21.48761926104690900, 1.608434873676739540 ) ) ;
#5492 = DIRECTION ( 'NONE',  ( 0.6936187941687647074, -0.000000000000000000, -0.7203422578024066825 ) ) ;
#5493 = ORIENTED_EDGE ( 'NONE', *, *, #560, .F. ) ;
#5494 = DIRECTION ( 'NONE',  ( 2.168404344971008252E-17, -1.000000000000000000, 0.000000000000000000 ) ) ;
#5495 = ORIENTED_EDGE ( 'NONE', *, *, #6508, .T. ) ;
#5496 = CARTESIAN_POINT ( 'NONE',  ( 1.147132039402793735, 20.63804575610897274, 6.433773523298683017 ) ) ;
#5497 = LINE ( 'NONE', #1114, #4460 ) ;
#5498 = DIRECTION ( 'NONE',  ( 1.000000000000000000, 0.000000000000000000, -1.227746447048803788E-16 ) ) ;
#5499 = CARTESIAN_POINT ( 'NONE',  ( -0.004166666666499200741, 20.00000000000000000, 6.449998654177294455 ) ) ;
#5500 = CARTESIAN_POINT ( 'NONE',  ( 1.784504469723309672, 22.18252128438924231, -3.532332510810047843 ) ) ;
#5501 = CARTESIAN_POINT ( 'NONE',  ( 0.000000000000000000, 20.00000000000000000, -3.532332510810048287 ) ) ;
#5502 = ORIENTED_EDGE ( 'NONE', *, *, #4401, .F. ) ;
#5503 = CARTESIAN_POINT ( 'NONE',  ( -1.399999999999999689, 6.649999999999999467, -0.7729309367425445387 ) ) ;
#5504 = ORIENTED_EDGE ( 'NONE', *, *, #90, .T. ) ;
#5505 = CARTESIAN_POINT ( 'NONE',  ( -3.532332510810049619, 28.99999999999999645, -1.854166666666667407 ) ) ;
#5506 = ORIENTED_EDGE ( 'NONE', *, *, #1394, .T. ) ;
#5507 = CARTESIAN_POINT ( 'NONE',  ( 1.854166666666500651, 19.99999999999999645, 4.501950110211386580 ) ) ;
#5508 = CARTESIAN_POINT ( 'NONE',  ( -0.004166666666499887692, 20.00000000000000000, -6.449998654177294455 ) ) ;
#5509 = EDGE_LOOP ( 'NONE', ( #284, #3224, #4566, #5553 ) ) ;
#5510 = CARTESIAN_POINT ( 'NONE',  ( 0.000000000000000000, 20.00000000000000000, 3.532332510810049175 ) ) ;
#5511 = CARTESIAN_POINT ( 'NONE',  ( -1.399999999999999689, 6.622052172158088723, 0.9406179037940091137 ) ) ;
#5512 = ORIENTED_EDGE ( 'NONE', *, *, #3271, .F. ) ;
#5513 = CARTESIAN_POINT ( 'NONE',  ( 2.969848480983505290, 1.499999999999999556, -7.049999999999998046 ) ) ;
#5514 = AXIS2_PLACEMENT_3D ( 'NONE', #914, #6530, #4779 ) ;
#5515 = DIRECTION ( 'NONE',  ( 1.000000000000000000, 0.000000000000000000, 0.000000000000000000 ) ) ;
#5516 = ORIENTED_EDGE ( 'NONE', *, *, #4411, .T. ) ;
#5517 = DIRECTION ( 'NONE',  ( 0.000000000000000000, 0.000000000000000000, 1.000000000000000000 ) ) ;
#5518 = EDGE_CURVE ( 'NONE', #3804, #3861, #293, .T. ) ;
#5519 = EDGE_CURVE ( 'NONE', #3869, #5810, #259, .T. ) ;
#5520 = ORIENTED_EDGE ( 'NONE', *, *, #3833, .T. ) ;
#5521 = CARTESIAN_POINT ( 'NONE',  ( 0.004166666666499934529, 20.00000000000000000, -3.532332510810048287 ) ) ;
#5522 = PRODUCT_DEFINITION_SHAPE ( 'NONE', 'NONE',  #4052 ) ;
#5523 = VECTOR ( 'NONE', #3387, 1000.000000000000000 ) ;
#5524 = EDGE_CURVE ( 'NONE', #4424, #5949, #1224, .T. ) ;
#5525 = B_SPLINE_CURVE_WITH_KNOTS ( 'NONE', 3,
 ( #2565, #414, #5437, #5401 ),
 .UNSPECIFIED., .F., .F.,
 ( 4, 4 ),
 ( 0.01080459952247128826, 0.01686140772964989792 ),
 .UNSPECIFIED. ) ;
#5526 = CARTESIAN_POINT ( 'NONE',  ( -2.625752043686317094, 3.101480656498023958, -7.185283574223201519 ) ) ;
#5527 = EDGE_LOOP ( 'NONE', ( #6832, #100, #4741, #3127 ) ) ;
#5528 = AXIS2_PLACEMENT_3D ( 'NONE', #6843, #2955, #5096 ) ;
#5529 = DIRECTION ( 'NONE',  ( -5.122298795473438989E-17, -0.6561787149247869655, -0.7546055221635044052 ) ) ;
#5530 = EDGE_LOOP ( 'NONE', ( #1730, #4866, #4085, #5820 ) ) ;
#5531 = CARTESIAN_POINT ( 'NONE',  ( 1.471137458027453881, 21.17212264758177298, 6.440399499380486503 ) ) ;
#5532 = CYLINDRICAL_SURFACE ( 'NONE', #932, 0.1000000000000001443 ) ;
#5533 = CARTESIAN_POINT ( 'NONE',  ( 1.379999999999999671, 6.625340151904196340, 0.9208900253173660788 ) ) ;
#5534 = LINE ( 'NONE', #2770, #291 ) ;
#5535 = ADVANCED_FACE ( 'NONE', ( #5799 ), #3350, .T. ) ;
#5536 = CARTESIAN_POINT ( 'NONE',  ( 1.457973626577881765, 21.14467226703246538, -3.532332510810047843 ) ) ;
#5537 = CARTESIAN_POINT ( 'NONE',  ( 0.000000000000000000, 2.428148006742123943, 0.000000000000000000 ) ) ;
#5538 = ORIENTED_EDGE ( 'NONE', *, *, #713, .T. ) ;
#5539 = CARTESIAN_POINT ( 'NONE',  ( 1.379999999999999671, 6.649999999999999467, 0.7729309367425446498 ) ) ;
#5540 = VERTEX_POINT ( 'NONE', #6267 ) ;
#5541 = DIRECTION ( 'NONE',  ( -0.000000000000000000, 0.6561787149247685358, 0.7546055221635206145 ) ) ;
#5542 = VERTEX_POINT ( 'NONE', #2962 ) ;
#5543 = DIRECTION ( 'NONE',  ( 0.000000000000000000, 1.000000000000000000, 0.000000000000000000 ) ) ;
#5544 = FACE_BOUND ( 'NONE', #6876, .T. ) ;
#5545 = VERTEX_POINT ( 'NONE', #5211 ) ;
#5546 = LINE ( 'NONE', #6198, #4522 ) ;
#5547 = CARTESIAN_POINT ( 'NONE',  ( -0.004166666666499154771, 20.00000000000000000, -3.532332510810048287 ) ) ;
#5548 = AXIS2_PLACEMENT_3D ( 'NONE', #5208, #690, #2922 ) ;
#5549 = EDGE_LOOP ( 'NONE', ( #3700, #5493 ) ) ;
#5550 = DIRECTION ( 'NONE',  ( 0.000000000000000000, 0.000000000000000000, -1.000000000000000000 ) ) ;
#5551 = ORIENTED_EDGE ( 'NONE', *, *, #1733, .F. ) ;
#5552 = CARTESIAN_POINT ( 'NONE',  ( 1.399999999999999689, 6.622052172158090499, -0.9406179037940094467 ) ) ;
#5553 = ORIENTED_EDGE ( 'NONE', *, *, #2336, .T. ) ;
#5554 = VECTOR ( 'NONE', #781, 1000.000000000000000 ) ;
#5555 = FACE_OUTER_BOUND ( 'NONE', #5527, .T. ) ;
#5556 = VECTOR ( 'NONE', #1632, 1000.000000000000000 ) ;
#5557 = ORIENTED_EDGE ( 'NONE', *, *, #5625, .F. ) ;
#5558 = CARTESIAN_POINT ( 'NONE',  ( -5.036781010732885200, 3.090000000000000746, -2.915460667173241038 ) ) ;
#5559 = EDGE_CURVE ( 'NONE', #1228, #6673, #180, .T. ) ;
#5560 = CARTESIAN_POINT ( 'NONE',  ( -2.581372568141803381, 3.153668633940836408, -7.201334804540089785 ) ) ;
#5561 = VERTEX_POINT ( 'NONE', #6884 ) ;
#5562 = ORIENTED_EDGE ( 'NONE', *, *, #2816, .T. ) ;
#5563 = AXIS2_PLACEMENT_3D ( 'NONE', #5953, #4264, #1467 ) ;
#5564 = CARTESIAN_POINT ( 'NONE',  ( 2.721591361078369520, 3.046643593403176808, 7.149647802037663702 ) ) ;
#5565 = CARTESIAN_POINT ( 'NONE',  ( -1.399999999999999689, 6.649999999999999467, 0.7729309367425446498 ) ) ;
#5566 = CARTESIAN_POINT ( 'NONE',  ( -1.400000000000000133, 8.631655426250501861, 4.379999999999999893 ) ) ;
#5567 = EDGE_CURVE ( 'NONE', #1219, #2433, #6392, .T. ) ;
#5568 = CIRCLE ( 'NONE', #5808, 0.01999999999999996225 ) ;
#5569 = LINE ( 'NONE', #2772, #3580 ) ;
#5570 = CARTESIAN_POINT ( 'NONE',  ( -1.854166666666499319, 19.99999999999999645, -3.532332510810047843 ) ) ;
#5571 = VERTEX_POINT ( 'NONE', #5249 ) ;
#5572 = MECHANICAL_DESIGN_GEOMETRIC_PRESENTATION_REPRESENTATION (  '', ( #5813 ), #645 ) ;
#5573 = PRODUCT_RELATED_PRODUCT_CATEGORY ( 'part', '', ( #2173 ) ) ;
#5574 = DIRECTION ( 'NONE',  ( 0.000000000000000000, 0.000000000000000000, 1.000000000000000000 ) ) ;
#5575 = VERTEX_POINT ( 'NONE', #216 ) ;
#5576 = DIRECTION ( 'NONE',  ( 1.000000000000000000, 0.000000000000000000, -1.496526363171939834E-16 ) ) ;
#5577 = DIRECTION ( 'NONE',  ( 0.000000000000000000, -0.6561787149247864104, 0.7546055221635050714 ) ) ;
#5578 = CARTESIAN_POINT ( 'NONE',  ( 1.854166666666500651, 19.99999999999999645, 3.379234995115102613 ) ) ;
#5579 = EDGE_CURVE ( 'NONE', #4048, #2264, #6041, .T. ) ;
#5580 = VECTOR ( 'NONE', #2788, 1000.000000000000114 ) ;
#5581 = AXIS2_PLACEMENT_3D ( 'NONE', #2359, #1340, #5163 ) ;
#5582 = LINE ( 'NONE', #5100, #4871 ) ;
#5583 = ORIENTED_EDGE ( 'NONE', *, *, #6680, .F. ) ;
#5584 = DIRECTION ( 'NONE',  ( 0.000000000000000000, 0.000000000000000000, -1.000000000000000000 ) ) ;
#5585 = CARTESIAN_POINT ( 'NONE',  ( 1.379999999999999671, 9.768344573749500270, -5.530000000000000249 ) ) ;
#5586 = VERTEX_POINT ( 'NONE', #803 ) ;
#5587 = CARTESIAN_POINT ( 'NONE',  ( -3.532332510810049175, 20.00000000000000000, 0.004166666666666612832 ) ) ;
#5588 = VECTOR ( 'NONE', #2927, 1000.000000000000000 ) ;
#5589 = ORIENTED_EDGE ( 'NONE', *, *, #317, .T. ) ;
#5590 = CARTESIAN_POINT ( 'NONE',  ( -1.020144484405141050, 20.49201815769881563, -6.435295833847715308 ) ) ;
#5591 = CIRCLE ( 'NONE', #6978, 0.2999999999999999334 ) ;
#5592 = LINE ( 'NONE', #1250, #3351 ) ;
#5593 = ORIENTED_EDGE ( 'NONE', *, *, #3688, .T. ) ;
#5594 = AXIS2_PLACEMENT_3D ( 'NONE', #1451, #7165, #2140 ) ;
#5595 = AXIS2_PLACEMENT_3D ( 'NONE', #2561, #7073, #7215 ) ;
#5596 = CARTESIAN_POINT ( 'NONE',  ( 0.000000000000000000, 0.8220000882110268803, 9.572000088211025215 ) ) ;
#5597 = ORIENTED_EDGE ( 'NONE', *, *, #2777, .F. ) ;
#5598 = DIRECTION ( 'NONE',  ( 0.7071067811865550112, 0.000000000000000000, -0.7071067811865401342 ) ) ;
#5599 = ORIENTED_EDGE ( 'NONE', *, *, #4186, .F. ) ;
#5600 = CARTESIAN_POINT ( 'NONE',  ( -6.437724768644971896, 21.06731949427996398, -1.419297656121764284 ) ) ;
#5601 = CARTESIAN_POINT ( 'NONE',  ( 3.976120838953064673, 4.909999999999999254, 3.976120838953062009 ) ) ;
#5602 = DIRECTION ( 'NONE',  ( 0.000000000000000000, 1.000000000000000000, 0.000000000000000000 ) ) ;
#5603 = CARTESIAN_POINT ( 'NONE',  ( 3.405877273185280885, 6.500000000000000000, 6.850000000000000533 ) ) ;
#5604 = CARTESIAN_POINT ( 'NONE',  ( -0.5997044956002778315, 20.15855577847199243, 3.532332510810047399 ) ) ;
#5605 = CARTESIAN_POINT ( 'NONE',  ( 7.252000366886311333, 3.200000000000000178, -2.435362535369390180 ) ) ;
#5606 = EDGE_LOOP ( 'NONE', ( #2880, #5764, #5699, #6533 ) ) ;
#5607 = ADVANCED_FACE ( 'NONE', ( #6376 ), #4145, .F. ) ;
#5608 = SHAPE_REPRESENTATION ( 'Snap Fit Female V2', ( #5484 ), #85 ) ;
#5609 = PLANE ( 'NONE',  #4184 ) ;
#5610 = EDGE_CURVE ( 'NONE', #967, #3715, #2117, .T. ) ;
#5611 = ORIENTED_EDGE ( 'NONE', *, *, #2231, .F. ) ;
#5612 = CARTESIAN_POINT ( 'NONE',  ( 7.296724953260060431, 3.000000000000000000, 2.297891415291850148 ) ) ;
#5613 = CARTESIAN_POINT ( 'NONE',  ( 1.379999999999999671, 2.790441948979335951, 2.426471259982029505 ) ) ;
#5614 = CARTESIAN_POINT ( 'NONE',  ( -1.400000000000000133, 6.500000000000000000, -4.469999999999999751 ) ) ;
#5615 = CARTESIAN_POINT ( 'NONE',  ( 2.571963978632909598, 3.200000000000000178, 7.204686064820227109 ) ) ;
#5616 = ADVANCED_FACE ( 'NONE', ( #3218 ), #4953, .F. ) ;
#5617 = CARTESIAN_POINT ( 'NONE',  ( 0.000000000000000000, 6.500000000000000000, 0.000000000000000000 ) ) ;
#5618 = DIRECTION ( 'NONE',  ( -1.000000000000000000, -2.168404344971008252E-17, 8.673617379884035472E-17 ) ) ;
#5619 = CYLINDRICAL_SURFACE ( 'NONE', #2066, 0.1499999999999999667 ) ;
#5620 = ORIENTED_EDGE ( 'NONE', *, *, #6759, .F. ) ;
#5621 = DIRECTION ( 'NONE',  ( -0.000000000000000000, -1.000000000000000000, -0.000000000000000000 ) ) ;
#5622 = ORIENTED_EDGE ( 'NONE', *, *, #3639, .F. ) ;
#5623 = CARTESIAN_POINT ( 'NONE',  ( -3.532332510810049619, 20.00000000000000000, -3.532332510810048287 ) ) ;
#5624 = ITEM_DEFINED_TRANSFORMATION ( 'NONE', 'NONE', #3955,  #5484 ) ;
#5625 = EDGE_CURVE ( 'NONE', #5450, #2482, #6528, .T. ) ;
#5626 = CARTESIAN_POINT ( 'NONE',  ( -1.390180519077591548, 6.500000000000000000, -4.521998694580438460 ) ) ;
#5627 = EDGE_LOOP ( 'NONE', ( #7, #102, #203, #3938 ) ) ;
#5628 = DIRECTION ( 'NONE',  ( 0.000000000000000000, 1.000000000000000000, -0.000000000000000000 ) ) ;
#5629 = AXIS2_PLACEMENT_3D ( 'NONE', #6413, #1383, #688 ) ;
#5630 = CARTESIAN_POINT ( 'NONE',  ( -1.381766491401769326, 20.99628441603783457, -3.532332510810048731 ) ) ;
#5631 = ORIENTED_EDGE ( 'NONE', *, *, #1568, .F. ) ;
#5632 = ORIENTED_EDGE ( 'NONE', *, *, #851, .T. ) ;
#5633 = CARTESIAN_POINT ( 'NONE',  ( -6.439996695177233832, 20.26806201659786311, -0.7701840450502760449 ) ) ;
#5634 = CARTESIAN_POINT ( 'NONE',  ( -3.532332510810049175, 28.99999999999999645, 4.336808689942018722E-16 ) ) ;
#5635 = ADVANCED_FACE ( 'NONE', ( #442 ), #874, .T. ) ;
#5636 = CARTESIAN_POINT ( 'NONE',  ( 4.500000000000000000, 1.500000000000000444, -2.179449471770337432 ) ) ;
#5637 = CYLINDRICAL_SURFACE ( 'NONE', #415, 5.000000000000000000 ) ;
#5638 = AXIS2_PLACEMENT_3D ( 'NONE', #5992, #2492, #1474 ) ;
#5639 = DIRECTION ( 'NONE',  ( -0.000000000000000000, 1.000000000000000000, -0.000000000000000000 ) ) ;
#5640 = ORIENTED_EDGE ( 'NONE', *, *, #408, .T. ) ;
#5641 = DIRECTION ( 'NONE',  ( -8.673617379884035472E-17, 0.000000000000000000, 1.000000000000000000 ) ) ;
#5642 = ORIENTED_EDGE ( 'NONE', *, *, #1081, .T. ) ;
#5643 = DIRECTION ( 'NONE',  ( 0.000000000000000000, 0.000000000000000000, -1.000000000000000000 ) ) ;
#5644 = EDGE_CURVE ( 'NONE', #2319, #4551, #5924, .T. ) ;
#5645 = DIRECTION ( 'NONE',  ( -0.7071067811865473507, -2.775557561562891351E-17, 0.7071067811865477948 ) ) ;
#5646 = CARTESIAN_POINT ( 'NONE',  ( 0.000000000000000000, 7.500000000000000000, 4.999999999999999112 ) ) ;
#5647 = FACE_OUTER_BOUND ( 'NONE', #1845, .T. ) ;
#5648 = EDGE_CURVE ( 'NONE', #946, #2578, #3237, .T. ) ;
#5649 = DIRECTION ( 'NONE',  ( 8.673617379884035472E-17, 0.000000000000000000, 1.000000000000000000 ) ) ;
#5650 = CARTESIAN_POINT ( 'NONE',  ( -3.956290731841368036, 5.626078208432424788, 3.226782805549640365 ) ) ;
#5651 = CARTESIAN_POINT ( 'NONE',  ( 0.000000000000000000, 1.499999999999999556, -7.650000000000000355 ) ) ;
#5652 = ORIENTED_EDGE ( 'NONE', *, *, #4278, .F. ) ;
#5653 = DIRECTION ( 'NONE',  ( -0.000000000000000000, 1.000000000000000000, -0.000000000000000000 ) ) ;
#5654 = ORIENTED_EDGE ( 'NONE', *, *, #7180, .T. ) ;
#5655 = CARTESIAN_POINT ( 'NONE',  ( 1.379999999999999671, 11.43165542625050435, 5.549999999999999822 ) ) ;
#5656 = ADVANCED_FACE ( 'NONE', ( #7142 ), #2086, .T. ) ;
#5657 = ORIENTED_EDGE ( 'NONE', *, *, #6137, .T. ) ;
#5658 = ITEM_DEFINED_TRANSFORMATION ( 'NONE', 'NONE', #5946,  #5484 ) ;
#5659 = DIRECTION ( 'NONE',  ( 0.000000000000000000, 1.000000000000000000, -0.000000000000000000 ) ) ;
#5660 = ORIENTED_EDGE ( 'NONE', *, *, #4634, .F. ) ;
#5661 = VERTEX_POINT ( 'NONE', #3154 ) ;
#5662 = DIRECTION ( 'NONE',  ( 0.000000000000000000, 0.000000000000000000, 1.000000000000000000 ) ) ;
#5663 = EDGE_CURVE ( 'NONE', #4111, #3869, #6734, .T. ) ;
#5664 = EDGE_CURVE ( 'NONE', #6477, #1811, #5358, .T. ) ;
#5665 = SURFACE_STYLE_USAGE ( .BOTH. , #6136 ) ;
#5666 = CIRCLE ( 'NONE', #1792, 0.01999999999999996225 ) ;
#5667 = AXIS2_PLACEMENT_3D ( 'NONE', #3397, #6693, #128 ) ;
#5668 = DIRECTION ( 'NONE',  ( 1.000000000000000000, 0.000000000000000000, 0.000000000000000000 ) ) ;
#5669 = ORIENTED_EDGE ( 'NONE', *, *, #2771, .F. ) ;
#5670 = DIRECTION ( 'NONE',  ( 0.7071067811865401342, 0.000000000000000000, 0.7071067811865550112 ) ) ;
#5671 = ORIENTED_EDGE ( 'NONE', *, *, #1568, .T. ) ;
#5672 = CARTESIAN_POINT ( 'NONE',  ( -6.438828077034696840, 20.31343895320944526, -0.8278389525921396874 ) ) ;
#5673 = CIRCLE ( 'NONE', #3324, 0.09999999999999982514 ) ;
#5674 = CARTESIAN_POINT ( 'NONE',  ( -6.492400023235870066, 22.08887031454436212, 1.766827620535554644 ) ) ;
#5675 = LINE ( 'NONE', #644, #1326 ) ;
#5676 = CARTESIAN_POINT ( 'NONE',  ( 3.532332510810048287, 21.15185678870615860, 1.461445053145128847 ) ) ;
#5677 = CARTESIAN_POINT ( 'NONE',  ( -1.380000000000000115, 9.655153745424975398, 5.498426807238718794 ) ) ;
#5678 = ORIENTED_EDGE ( 'NONE', *, *, #4278, .T. ) ;
#5679 = DIRECTION ( 'NONE',  ( 0.000000000000000000, -0.7546055221635044052, 0.6561787149247869655 ) ) ;
#5680 = EDGE_LOOP ( 'NONE', ( #5849, #2266, #6938, #1522 ) ) ;
#5681 = CARTESIAN_POINT ( 'NONE',  ( -2.472118714102114367, 3.116491533522731672, 7.239567554180997178 ) ) ;
#5682 = DIRECTION ( 'NONE',  ( 1.000000000000000000, -0.000000000000000000, 0.000000000000000000 ) ) ;
#5683 = DIRECTION ( 'NONE',  ( -1.000000000000000000, 0.000000000000000000, 0.000000000000000000 ) ) ;
#5684 = LINE ( 'NONE', #657, #2726 ) ;
#5685 = CIRCLE ( 'NONE', #60, 6.450000000000001066 ) ;
#5686 = VECTOR ( 'NONE', #2447, 1000.000000000000000 ) ;
#5687 = FACE_OUTER_BOUND ( 'NONE', #5154, .T. ) ;
#5688 = CARTESIAN_POINT ( 'NONE',  ( -2.312024219028235184, 5.951057409446828039, 4.433344562587808291 ) ) ;
#5689 = CARTESIAN_POINT ( 'NONE',  ( -3.532332510810048731, 28.99999999999999645, 3.532332510810049175 ) ) ;
#5690 = CIRCLE ( 'NONE', #1000, 9.572000088211025215 ) ;
#5691 = ORIENTED_EDGE ( 'NONE', *, *, #2462, .F. ) ;
#5692 = LINE ( 'NONE', #1202, #6408 ) ;
#5693 = ORIENTED_EDGE ( 'NONE', *, *, #3365, .T. ) ;
#5694 = CARTESIAN_POINT ( 'NONE',  ( 4.046831517071730389, 3.089999999999999858, -4.046831517071705520 ) ) ;
#5695 = TOROIDAL_SURFACE ( 'NONE', #2522, 0.1699999999999999845, 0.02000000000000000042 ) ;
#5696 = LINE ( 'NONE', #2860, #4523 ) ;
#5697 = AXIS2_PLACEMENT_3D ( 'NONE', #5346, #1966, #2545 ) ;
#5698 = ORIENTED_EDGE ( 'NONE', *, *, #774, .F. ) ;
#5699 = ORIENTED_EDGE ( 'NONE', *, *, #3138, .F. ) ;
#5700 = LINE ( 'NONE', #3574, #6247 ) ;
#5701 = EDGE_CURVE ( 'NONE', #5376, #1504, #479, .T. ) ;
#5702 = EDGE_CURVE ( 'NONE', #6494, #1689, #650, .T. ) ;
#5703 = AXIS2_PLACEMENT_3D ( 'NONE', #5790, #209, #5863 ) ;
#5704 = PLANE ( 'NONE',  #7065 ) ;
#5705 = AXIS2_PLACEMENT_3D ( 'NONE', #2341, #3343, #1685 ) ;
#5706 = EDGE_CURVE ( 'NONE', #3178, #4222, #7030, .T. ) ;
#5707 = EDGE_CURVE ( 'NONE', #6796, #4222, #2167, .T. ) ;
#5708 = EDGE_CURVE ( 'NONE', #638, #1333, #4756, .T. ) ;
#5709 = CARTESIAN_POINT ( 'NONE',  ( -1.379999999999999893, -2.992397996059990389E-17, 4.379999999999999893 ) ) ;
#5710 = ORIENTED_EDGE ( 'NONE', *, *, #3454, .F. ) ;
#5711 = ORIENTED_EDGE ( 'NONE', *, *, #4794, .F. ) ;
#5712 = CARTESIAN_POINT ( 'NONE',  ( -6.485722218173768816, 22.00769329369387606, -1.750089949661537414 ) ) ;
#5713 = AXIS2_PLACEMENT_3D ( 'NONE', #653, #103, #2883 ) ;
#5714 = CARTESIAN_POINT ( 'NONE',  ( 1.399999999999999689, 8.759938365018303585, 4.438449618462789736 ) ) ;
#5715 = CARTESIAN_POINT ( 'NONE',  ( 3.532332510810048287, 20.09164922777801010, -0.4583213107543668285 ) ) ;
#5716 = CIRCLE ( 'NONE', #6760, 0.1299999999999998934 ) ;
#5717 = ADVANCED_FACE ( 'NONE', ( #3184 ), #5423, .F. ) ;
#5718 = DIRECTION ( 'NONE',  ( 0.000000000000000000, 0.000000000000000000, 1.000000000000000000 ) ) ;
#5719 = ORIENTED_EDGE ( 'NONE', *, *, #2470, .T. ) ;
#5720 = PLANE ( 'NONE',  #5354 ) ;
#5721 = ORIENTED_EDGE ( 'NONE', *, *, #548, .F. ) ;
#5722 = DIRECTION ( 'NONE',  ( 0.000000000000000000, 1.000000000000000000, 0.000000000000000000 ) ) ;
#5723 = CARTESIAN_POINT ( 'NONE',  ( -2.291287847478249429, 8.000000000000000000, -4.999999999999848121 ) ) ;
#5724 = DIRECTION ( 'NONE',  ( 3.564834783817703950E-17, -0.9863939238321437486, -0.1643989873053572637 ) ) ;
#5725 = CARTESIAN_POINT ( 'NONE',  ( 7.147016683033093010, 26.99986367804637055, -1.854166666666667407 ) ) ;
#5726 = CARTESIAN_POINT ( 'NONE',  ( -1.580171030293507473, 21.41876645049923411, 6.448554778253388520 ) ) ;
#5727 = DIRECTION ( 'NONE',  ( 1.000000000000000000, -0.000000000000000000, 0.000000000000000000 ) ) ;
#5728 = DIRECTION ( 'NONE',  ( 0.000000000000000000, 0.000000000000000000, 1.000000000000000000 ) ) ;
#5729 = ORIENTED_EDGE ( 'NONE', *, *, #410, .F. ) ;
#5730 = CYLINDRICAL_SURFACE ( 'NONE', #4785, 0.1499999999999999667 ) ;
#5731 = ORIENTED_EDGE ( 'NONE', *, *, #6456, .T. ) ;
#5732 = DIRECTION ( 'NONE',  ( 0.000000000000000000, 0.000000000000000000, 1.000000000000000000 ) ) ;
#5733 = DIRECTION ( 'NONE',  ( -0.000000000000000000, -1.000000000000000000, -0.000000000000000000 ) ) ;
#5734 = DIRECTION ( 'NONE',  ( -0.000000000000000000, 1.000000000000000000, -0.000000000000000000 ) ) ;
#5735 = ORIENTED_EDGE ( 'NONE', *, *, #4403, .T. ) ;
#5736 = VERTEX_POINT ( 'NONE', #6009 ) ;
#5737 = CARTESIAN_POINT ( 'NONE',  ( -0.004166666666499163445, 19.99999999999999645, 5.477443273054883655 ) ) ;
#5738 = EDGE_CURVE ( 'NONE', #649, #822, #3228, .T. ) ;
#5739 = DIRECTION ( 'NONE',  ( 0.000000000000000000, 0.000000000000000000, -1.000000000000000000 ) ) ;
#5740 = EDGE_CURVE ( 'NONE', #6911, #4831, #610, .T. ) ;
#5741 = DIRECTION ( 'NONE',  ( 0.000000000000000000, 0.000000000000000000, -1.000000000000000000 ) ) ;
#5742 = FACE_BOUND ( 'NONE', #5530, .T. ) ;
#5743 = ORIENTED_EDGE ( 'NONE', *, *, #1737, .T. ) ;
#5744 =( NAMED_UNIT ( * ) SI_UNIT ( $, .STERADIAN. ) SOLID_ANGLE_UNIT ( ) );
#5745 = VERTEX_POINT ( 'NONE', #5677 ) ;
#5746 = VECTOR ( 'NONE', #6285, 1000.000000000000000 ) ;
#5747 = DIRECTION ( 'NONE',  ( -8.673617379884035472E-17, -0.000000000000000000, -1.000000000000000000 ) ) ;
#5748 = ADVANCED_FACE ( 'NONE', ( #1710 ), #2215, .T. ) ;
#5749 = CARTESIAN_POINT ( 'NONE',  ( 3.532332510810049619, 22.08543571443839326, 1.766152600636291536 ) ) ;
#5750 = AXIS2_PLACEMENT_3D ( 'NONE', #6121, #29, #3995 ) ;
#5751 = ORIENTED_EDGE ( 'NONE', *, *, #2600, .F. ) ;
#5752 = CARTESIAN_POINT ( 'NONE',  ( -3.532332510810049619, 20.54494277437564520, -1.071064282315029148 ) ) ;
#5753 = ORIENTED_EDGE ( 'NONE', *, *, #3013, .T. ) ;
#5754 =( REPRESENTATION_RELATIONSHIP ('NONE','NONE', #318, #5608 ) REPRESENTATION_RELATIONSHIP_WITH_TRANSFORMATION ( #6100 )SHAPE_REPRESENTATION_RELATIONSHIP( ) );
#5755 = CARTESIAN_POINT ( 'NONE',  ( 1.172231926946581502E-15, 0.8220000882110268803, -9.572000088211025215 ) ) ;
#5756 = LINE ( 'NONE', #171, #824 ) ;
#5757 = DIRECTION ( 'NONE',  ( 0.000000000000000000, -0.7071067811865474617, -0.7071067811865474617 ) ) ;
#5758 = DIRECTION ( 'NONE',  ( 0.000000000000000000, 1.000000000000000000, 0.000000000000000000 ) ) ;
#5759 = EDGE_CURVE ( 'NONE', #4586, #1929, #6084, .T. ) ;
#5760 = TOROIDAL_SURFACE ( 'NONE', #5994, 5.500000000000000000, 0.5000000000000000000 ) ;
#5761 = CARTESIAN_POINT ( 'NONE',  ( -1.854166666666500651, 22.67225364215572725, 6.548888703548339407 ) ) ;
#5762 = CARTESIAN_POINT ( 'NONE',  ( 6.446291019545964396, 20.08356111737320759, 0.4382450456047490839 ) ) ;
#5763 = DIRECTION ( 'NONE',  ( 1.000000000000000000, 0.000000000000000000, -1.224646799147353207E-16 ) ) ;
#5764 = ORIENTED_EDGE ( 'NONE', *, *, #2278, .F. ) ;
#5765 = CARTESIAN_POINT ( 'NONE',  ( 6.594282824706733770, 22.99999999999998934, -1.854166666666667407 ) ) ;
#5766 = ORIENTED_EDGE ( 'NONE', *, *, #5395, .F. ) ;
#5767 = AXIS2_PLACEMENT_3D ( 'NONE', #3225, #2676, #4992 ) ;
#5768 = LINE ( 'NONE', #5694, #7038 ) ;
#5769 = CARTESIAN_POINT ( 'NONE',  ( 8.266365894244634333E-16, -1.299999999999985167, 6.750000000000000000 ) ) ;
#5770 = DIRECTION ( 'NONE',  ( 0.000000000000000000, 0.000000000000000000, 1.000000000000000000 ) ) ;
#5771 = VERTEX_POINT ( 'NONE', #549 ) ;
#5772 = ORIENTED_EDGE ( 'NONE', *, *, #5879, .F. ) ;
#5773 = FACE_OUTER_BOUND ( 'NONE', #2951, .T. ) ;
#5774 = CARTESIAN_POINT ( 'NONE',  ( 4.500000000000000000, 7.633692192606185145, 2.179449471770337432 ) ) ;
#5775 = B_SPLINE_CURVE_WITH_KNOTS ( 'NONE', 3,
 ( #2843, #583, #3963, #5681, #2219, #2295, #1678, #1751, #2365, #2919 ),
 .UNSPECIFIED., .F., .F.,
 ( 4, 2, 2, 2, 4 ),
 ( 0.000000000000000000, 7.024607880191202191E-05, 0.0001404921576038240438, 0.0002809843152076488466, 0.0005619686304152986690 ),
 .UNSPECIFIED. ) ;
#5776 = DIRECTION ( 'NONE',  ( 0.000000000000000000, 1.000000000000000000, -0.000000000000000000 ) ) ;
#5777 = ADVANCED_FACE ( 'NONE', ( #2805 ), #1107, .T. ) ;
#5778 = CARTESIAN_POINT ( 'NONE',  ( 7.085102807365161404, 3.000000000000000000, -2.885102807365161670 ) ) ;
#5779 = VERTEX_POINT ( 'NONE', #1605 ) ;
#5780 = VERTEX_POINT ( 'NONE', #1673 ) ;
#5781 = VECTOR ( 'NONE', #4272, 1000.000000000000000 ) ;
#5782 = AXIS2_PLACEMENT_3D ( 'NONE', #4641, #6791, #1770 ) ;
#5783 = EDGE_CURVE ( 'NONE', #513, #603, #6189, .T. ) ;
#5784 = PLANE ( 'NONE',  #4730 ) ;
#5785 = CARTESIAN_POINT ( 'NONE',  ( 3.532332510810048731, 20.35429467676826576, -0.8763537828953726905 ) ) ;
#5786 = MECHANICAL_DESIGN_GEOMETRIC_PRESENTATION_REPRESENTATION (  '', ( #6828 ), #5436 ) ;
#5787 = DIRECTION ( 'NONE',  ( -1.000000000000000000, -0.000000000000000000, 0.000000000000000000 ) ) ;
#5788 = ORIENTED_EDGE ( 'NONE', *, *, #5157, .T. ) ;
#5789 = VECTOR ( 'NONE', #4071, 1000.000000000000000 ) ;
#5790 = CARTESIAN_POINT ( 'NONE',  ( 0.000000000000000000, 3.000000000000000000, 0.000000000000000000 ) ) ;
#5791 = ORIENTED_EDGE ( 'NONE', *, *, #5039, .T. ) ;
#5792 = CARTESIAN_POINT ( 'NONE',  ( -1.380000000000000115, 11.54484625457503100, -5.498426807238717906 ) ) ;
#5793 = EDGE_CURVE ( 'NONE', #1504, #1335, #4394, .T. ) ;
#5794 = CARTESIAN_POINT ( 'NONE',  ( -1.380000000000000115, 6.500000000000000000, -4.549999999999999822 ) ) ;
#5795 = FACE_OUTER_BOUND ( 'NONE', #4321, .T. ) ;
#5796 = PLANE ( 'NONE',  #5548 ) ;
#5797 = CARTESIAN_POINT ( 'NONE',  ( -1.521180758566102353, 21.27401612695951272, 6.443047303802904580 ) ) ;
#5798 = EDGE_CURVE ( 'NONE', #5469, #3178, #2987, .T. ) ;
#5799 = FACE_OUTER_BOUND ( 'NONE', #6632, .T. ) ;
#5800 = CARTESIAN_POINT ( 'NONE',  ( -1.380000000000000115, 8.631655426250503638, 4.549999999999999822 ) ) ;
#5801 = EDGE_CURVE ( 'NONE', #5057, #6763, #5023, .T. ) ;
#5802 = ORIENTED_EDGE ( 'NONE', *, *, #5839, .T. ) ;
#5803 = CARTESIAN_POINT ( 'NONE',  ( 6.445326734025633719, 20.10819960674198015, -0.4969402415980438414 ) ) ;
#5804 = ORIENTED_EDGE ( 'NONE', *, *, #1104, .T. ) ;
#5805 = CARTESIAN_POINT ( 'NONE',  ( 0.000000000000000000, 11.43165542625050612, -5.400000000000000355 ) ) ;
#5806 = CIRCLE ( 'NONE', #3694, 7.650000000000000355 ) ;
#5807 = CARTESIAN_POINT ( 'NONE',  ( 1.740025270403741997, 21.96222903332326126, 3.532332510810047843 ) ) ;
#5808 = AXIS2_PLACEMENT_3D ( 'NONE', #705, #1117, #3369 ) ;
#5809 = DIRECTION ( 'NONE',  ( 1.000000000000000000, 2.168404344971008252E-17, 8.673617379884035472E-17 ) ) ;
#5810 = VERTEX_POINT ( 'NONE', #3988 ) ;
#5811 = ORIENTED_EDGE ( 'NONE', *, *, #441, .F. ) ;
#5812 = DIRECTION ( 'NONE',  ( 0.000000000000000000, 0.000000000000000000, 1.000000000000000000 ) ) ;
#5813 = STYLED_ITEM ( 'NONE', ( #3447 ), #5474 ) ;
#5814 =( NAMED_UNIT ( * ) PLANE_ANGLE_UNIT ( ) SI_UNIT ( $, .RADIAN. ) );
#5815 = AXIS2_PLACEMENT_3D ( 'NONE', #3272, #1512, #4273 ) ;
#5816 = AXIS2_PLACEMENT_3D ( 'NONE', #3659, #6580, #5380 ) ;
#5817 = DIRECTION ( 'NONE',  ( 0.000000000000000000, 0.7546055221635421528, -0.6561787149247437778 ) ) ;
#5818 = CARTESIAN_POINT ( 'NONE',  ( -1.854166666666500207, 28.99999999999999645, -7.421897733883353609 ) ) ;
#5819 = ORIENTED_EDGE ( 'NONE', *, *, #4894, .F. ) ;
#5820 = ORIENTED_EDGE ( 'NONE', *, *, #3455, .F. ) ;
#5821 = CIRCLE ( 'NONE', #1237, 0.1499999999999999667 ) ;
#5822 = CARTESIAN_POINT ( 'NONE',  ( -1.379999999999999671, 6.500000000000000000, -0.7729309367425445387 ) ) ;
#5823 = CARTESIAN_POINT ( 'NONE',  ( 3.532332510810048731, 21.27054235257538295, -1.519688991228852926 ) ) ;
#5824 = CIRCLE ( 'NONE', #6053, 0.1499999999999999667 ) ;
#5825 = CARTESIAN_POINT ( 'NONE',  ( 1.385521695682326193, 6.500000000000000000, 4.534868014339770603 ) ) ;
#5826 = ORIENTED_EDGE ( 'NONE', *, *, #2260, .T. ) ;
#5827 = CIRCLE ( 'NONE', #1956, 0.01999999999999996225 ) ;
#5828 = CARTESIAN_POINT ( 'NONE',  ( -3.532332510810049619, 20.11521957702266050, -0.5122934835979330304 ) ) ;
#5829 = ORIENTED_EDGE ( 'NONE', *, *, #3641, .F. ) ;
#5830 = CARTESIAN_POINT ( 'NONE',  ( 3.379234995115214080, 22.99999999999999645, 1.854166666666666297 ) ) ;
#5831 = FACE_OUTER_BOUND ( 'NONE', #482, .T. ) ;
#5832 = DIRECTION ( 'NONE',  ( 0.000000000000000000, 0.000000000000000000, -1.000000000000000000 ) ) ;
#5833 = DIRECTION ( 'NONE',  ( 1.000000000000000000, 0.000000000000000000, 0.000000000000000000 ) ) ;
#5834 = EDGE_CURVE ( 'NONE', #5368, #2970, #1466, .T. ) ;
#5835 = CIRCLE ( 'NONE', #2661, 7.450000000000000178 ) ;
#5836 = DIRECTION ( 'NONE',  ( 0.7071067811865474617, 0.000000000000000000, 0.7071067811865476838 ) ) ;
#5837 = EDGE_CURVE ( 'NONE', #5542, #1373, #6151, .T. ) ;
#5838 = EDGE_CURVE ( 'NONE', #611, #593, #2879, .T. ) ;
#5839 = EDGE_CURVE ( 'NONE', #6346, #2574, #2369, .T. ) ;
#5840 = CARTESIAN_POINT ( 'NONE',  ( 6.445956847115842159, 20.09200757608259735, 0.4591957217807550728 ) ) ;
#5841 = CARTESIAN_POINT ( 'NONE',  ( 1.379999999999999671, 8.631655426250503638, 4.549999999999999822 ) ) ;
#5842 = ORIENTED_EDGE ( 'NONE', *, *, #3146, .T. ) ;
#5843 = CARTESIAN_POINT ( 'NONE',  ( 6.435929495933521594, 20.45084855409213986, -0.9806293055985662033 ) ) ;
#5844 = EDGE_LOOP ( 'NONE', ( #3572, #2844 ) ) ;
#5845 = DIRECTION ( 'NONE',  ( 0.000000000000000000, 0.000000000000000000, -1.000000000000000000 ) ) ;
#5846 = ADVANCED_FACE ( 'NONE', ( #579 ), #2249, .F. ) ;
#5847 = DIRECTION ( 'NONE',  ( 1.000000000000000000, 2.168404344971008252E-17, -8.673617379884035472E-17 ) ) ;
#5848 = DIRECTION ( 'NONE',  ( 8.673617379884035472E-17, 1.880790961315659671E-33, -1.000000000000000000 ) ) ;
#5849 = ORIENTED_EDGE ( 'NONE', *, *, #810, .F. ) ;
#5850 = EDGE_LOOP ( 'NONE', ( #5557, #2530, #6075, #2982 ) ) ;
#5851 = DIRECTION ( 'NONE',  ( -0.7071067811865401342, -3.056747976430752282E-16, -0.7071067811865550112 ) ) ;
#5852 = LINE ( 'NONE', #4342, #7154 ) ;
#5853 = DIRECTION ( 'NONE',  ( 1.000000000000000000, 2.168404344971008252E-17, 8.673617379884035472E-17 ) ) ;
#5854 = EDGE_CURVE ( 'NONE', #4789, #3798, #2170, .T. ) ;
#5855 = DIRECTION ( 'NONE',  ( 0.000000000000000000, 0.1643989873053574580, 0.9863939238321437486 ) ) ;
#5856 = CARTESIAN_POINT ( 'NONE',  ( 7.296724953260061319, 3.176207172489686315, 2.297891415291850148 ) ) ;
#5857 = VERTEX_POINT ( 'NONE', #6802 ) ;
#5858 = EDGE_LOOP ( 'NONE', ( #1407, #169, #1739, #4036, #243, #3099, #5927, #5669, #1874, #4356, #3623, #2128, #5962, #4967, #4431, #3050 ) ) ;
#5859 = CARTESIAN_POINT ( 'NONE',  ( 3.532332510810047399, 22.67312952106132329, -1.854166666666667407 ) ) ;
#5860 = CARTESIAN_POINT ( 'NONE',  ( 1.390180519077591104, 6.500000000000000000, 4.521998694580438460 ) ) ;
#5861 = VERTEX_POINT ( 'NONE', #3479 ) ;
#5862 = AXIS2_PLACEMENT_3D ( 'NONE', #573, #2800, #7204 ) ;
#5863 = DIRECTION ( 'NONE',  ( 0.000000000000000000, 0.000000000000000000, 1.000000000000000000 ) ) ;
#5864 = ORIENTED_EDGE ( 'NONE', *, *, #818, .T. ) ;
#5865 = LINE ( 'NONE', #6336, #789 ) ;
#5866 = CARTESIAN_POINT ( 'NONE',  ( 1.380279994234274277, 6.500000000000000000, -4.549233012451844083 ) ) ;
#5867 = LINE ( 'NONE', #6373, #5200 ) ;
#5868 = DIRECTION ( 'NONE',  ( 8.659560562354961208E-17, 0.7071067811865451302, -0.7071067811865499042 ) ) ;
#5869 = VECTOR ( 'NONE', #5137, 1000.000000000000000 ) ;
#5870 = PRODUCT_DEFINITION_SHAPE ( 'NONE', 'NONE',  #4594 ) ;
#5871 = CARTESIAN_POINT ( 'NONE',  ( -0.6527328728279869763, 20.18590504268349051, 6.442419476973618053 ) ) ;
#5872 = CARTESIAN_POINT ( 'NONE',  ( 6.477755571589411510, 21.90491984048026453, 1.726927749735773565 ) ) ;
#5873 = DIRECTION ( 'NONE',  ( 0.000000000000000000, 1.000000000000000000, -0.000000000000000000 ) ) ;
#5874 = CARTESIAN_POINT ( 'NONE',  ( -6.433773523298652819, 20.63804575610897629, 1.147132039402960269 ) ) ;
#5875 = ORIENTED_EDGE ( 'NONE', *, *, #2737, .T. ) ;
#5876 = CARTESIAN_POINT ( 'NONE',  ( 6.448241193902568114, 20.03329218668983458, -0.3224265684405506205 ) ) ;
#5877 = EDGE_LOOP ( 'NONE', ( #843, #4285, #550, #3817, #1981, #6203, #1139, #235 ) ) ;
#5878 = DIRECTION ( 'NONE',  ( -0.7071067811865475727, -3.056747976430751789E-16, 0.7071067811865475727 ) ) ;
#5879 = EDGE_CURVE ( 'NONE', #3948, #708, #2328, .T. ) ;
#5880 = VECTOR ( 'NONE', #2823, 1000.000000000000000 ) ;
#5881 = CARTESIAN_POINT ( 'NONE',  ( 3.397045344066838890, 1.653845617810561608, 6.854399480517453291 ) ) ;
#5882 = LINE ( 'NONE', #149, #6849 ) ;
#5883 = ORIENTED_EDGE ( 'NONE', *, *, #5885, .F. ) ;
#5884 = VECTOR ( 'NONE', #3605, 1000.000000000000000 ) ;
#5885 = EDGE_CURVE ( 'NONE', #2754, #1483, #6946, .T. ) ;
#5886 = ORIENTED_EDGE ( 'NONE', *, *, #1621, .T. ) ;
#5887 = CARTESIAN_POINT ( 'NONE',  ( -1.380000000000000115, 12.44809871788125477, -4.429206973128303915 ) ) ;
#5888 = CARTESIAN_POINT ( 'NONE',  ( 2.798813555956165544, 3.000000000000000000, -7.120240386628898577 ) ) ;
#5889 = PLANE ( 'NONE',  #2957 ) ;
#5890 = CARTESIAN_POINT ( 'NONE',  ( 6.449998654177294455, 20.00000000000000000, -0.004166666666667291977 ) ) ;
#5891 = CARTESIAN_POINT ( 'NONE',  ( 7.247201726393520893, 3.046453914618040049, 2.450016609050683858 ) ) ;
#5892 = ORIENTED_EDGE ( 'NONE', *, *, #458, .T. ) ;
#5893 = EDGE_CURVE ( 'NONE', #6646, #5339, #3354, .T. ) ;
#5894 = EDGE_LOOP ( 'NONE', ( #4946, #4028, #582, #1817 ) ) ;
#5895 = CARTESIAN_POINT ( 'NONE',  ( -2.969848480983505290, 1.499999999999999556, -7.049999999999998046 ) ) ;
#5896 = CIRCLE ( 'NONE', #1439, 6.450000000000001066 ) ;
#5897 = DIRECTION ( 'NONE',  ( 0.000000000000000000, -1.000000000000000000, 0.000000000000000000 ) ) ;
#5898 = VERTEX_POINT ( 'NONE', #2471 ) ;
#5899 = CARTESIAN_POINT ( 'NONE',  ( -3.405877273185280885, 1.699999999999999734, 6.850000000000000533 ) ) ;
#5900 = ORIENTED_EDGE ( 'NONE', *, *, #4809, .F. ) ;
#5901 = FACE_OUTER_BOUND ( 'NONE', #2310, .T. ) ;
#5902 = DIRECTION ( 'NONE',  ( 0.000000000000000000, 0.000000000000000000, -1.000000000000000000 ) ) ;
#5903 = LINE ( 'NONE', #759, #4738 ) ;
#5904 = PLANE ( 'NONE',  #3085 ) ;
#5905 = CIRCLE ( 'NONE', #387, 0.1299999999999998934 ) ;
#5906 = CIRCLE ( 'NONE', #1798, 7.937575314873084764 ) ;
#5907 = LINE ( 'NONE', #4253, #881 ) ;
#5908 = DIRECTION ( 'NONE',  ( 0.000000000000000000, 1.000000000000000000, -0.000000000000000000 ) ) ;
#5909 = CARTESIAN_POINT ( 'NONE',  ( 0.000000000000000000, 7.500000000000000000, -4.999999999999999112 ) ) ;
#5910 = CARTESIAN_POINT ( 'NONE',  ( 2.234160359978237143, 7.947103280109118373, -4.741034782807846071 ) ) ;
#5911 = VERTEX_POINT ( 'NONE', #4691 ) ;
#5912 = CARTESIAN_POINT ( 'NONE',  ( -1.854166666666499097, 22.99999999999999645, 3.379234995115212303 ) ) ;
#5913 = EDGE_LOOP ( 'NONE', ( #3332, #4573 ) ) ;
#5914 = DIRECTION ( 'NONE',  ( -0.000000000000000000, 1.000000000000000000, 0.000000000000000000 ) ) ;
#5915 = DIRECTION ( 'NONE',  ( 7.968020348514244863E-17, -0.6561787149247862994, -0.7546055221635049604 ) ) ;
#5916 = DIRECTION ( 'NONE',  ( 0.7071067811865474617, 0.000000000000000000, 0.7071067811865476838 ) ) ;
#5917 = CIRCLE ( 'NONE', #6835, 7.650000000000000355 ) ;
#5918 = VERTEX_POINT ( 'NONE', #1889 ) ;
#5919 = CARTESIAN_POINT ( 'NONE',  ( -1.380000000000000115, 12.48000000000000220, -4.343903740188082452 ) ) ;
#5920 = DIRECTION ( 'NONE',  ( 1.000000000000000000, -0.000000000000000000, 0.000000000000000000 ) ) ;
#5921 = CARTESIAN_POINT ( 'NONE',  ( -3.266464433174221416, 0.000000000000000000, -3.266464433174220527 ) ) ;
#5922 = EDGE_CURVE ( 'NONE', #1803, #2901, #1143, .T. ) ;
#5923 = DIRECTION ( 'NONE',  ( -0.000000000000000000, 0.9863939238321437486, 0.1643989873053572637 ) ) ;
#5924 = CIRCLE ( 'NONE', #3464, 8.130416393433842259 ) ;
#5925 = EDGE_CURVE ( 'NONE', #3010, #6108, #7203, .T. ) ;
#5926 = FACE_OUTER_BOUND ( 'NONE', #5850, .T. ) ;
#5927 = ORIENTED_EDGE ( 'NONE', *, *, #4974, .T. ) ;
#5928 = ORIENTED_EDGE ( 'NONE', *, *, #3160, .F. ) ;
#5929 = VECTOR ( 'NONE', #5734, 1000.000000000000000 ) ;
#5930 = CARTESIAN_POINT ( 'NONE',  ( -4.500000000000000000, 1.500000000000000444, -2.179449471770337432 ) ) ;
#5931 = AXIS2_PLACEMENT_3D ( 'NONE', #4801, #4909, #6035 ) ;
#5932 = EDGE_CURVE ( 'NONE', #5586, #2433, #99, .T. ) ;
#5933 = EDGE_CURVE ( 'NONE', #1929, #1713, #4526, .T. ) ;
#5934 = ORIENTED_EDGE ( 'NONE', *, *, #6102, .T. ) ;
#5935 = AXIS2_PLACEMENT_3D ( 'NONE', #1648, #3895, #5176 ) ;
#5936 = DIRECTION ( 'NONE',  ( 0.000000000000000000, 0.000000000000000000, -1.000000000000000000 ) ) ;
#5937 = ORIENTED_EDGE ( 'NONE', *, *, #1790, .F. ) ;
#5938 = CARTESIAN_POINT ( 'NONE',  ( 4.046831517071719730, 0.000000000000000000, 4.046831517071717066 ) ) ;
#5939 = PLANE ( 'NONE',  #3400 ) ;
#5940 = CARTESIAN_POINT ( 'NONE',  ( 0.000000000000000000, 28.99999999999999645, 0.000000000000000000 ) ) ;
#5941 = AXIS2_PLACEMENT_3D ( 'NONE', #933, #3701, #7098 ) ;
#5942 = CARTESIAN_POINT ( 'NONE',  ( -5.477443273054879214, 19.99999999999999645, -0.004166666666667291977 ) ) ;
#5943 = EDGE_CURVE ( 'NONE', #246, #1655, #5198, .T. ) ;
#5944 = CARTESIAN_POINT ( 'NONE',  ( -1.842181772568746378, 22.59541196074216529, 3.532332510810049175 ) ) ;
#5945 = DIRECTION ( 'NONE',  ( 1.000000000000000000, -0.000000000000000000, 0.000000000000000000 ) ) ;
#5946 = AXIS2_PLACEMENT_3D ( 'NONE', #2354, #4609, #4650 ) ;
#5947 = DIRECTION ( 'NONE',  ( -0.7071067811865453523, 0.000000000000000000, -0.7071067811865497932 ) ) ;
#5948 = CARTESIAN_POINT ( 'NONE',  ( -6.443436020579592416, 20.15907585312045924, 0.6006694245311755553 ) ) ;
#5949 = VERTEX_POINT ( 'NONE', #6836 ) ;
#5950 = CARTESIAN_POINT ( 'NONE',  ( -1.854166666666499097, 19.99999999999999645, 6.747380340401621268 ) ) ;
#5951 = ORIENTED_EDGE ( 'NONE', *, *, #509, .F. ) ;
#5952 = DIRECTION ( 'NONE',  ( -1.000000000000000000, -0.000000000000000000, -0.000000000000000000 ) ) ;
#5953 = CARTESIAN_POINT ( 'NONE',  ( 0.000000000000000000, 11.43165542625050435, 5.400000000000000355 ) ) ;
#5954 = ORIENTED_EDGE ( 'NONE', *, *, #1719, .F. ) ;
#5955 = CARTESIAN_POINT ( 'NONE',  ( 0.000000000000000000, 6.500000000000000000, 0.7729309367425446498 ) ) ;
#5956 = ORIENTED_EDGE ( 'NONE', *, *, #5073, .F. ) ;
#5957 = CARTESIAN_POINT ( 'NONE',  ( -1.380000000000000115, 8.631655426250503638, -4.379999999999998117 ) ) ;
#5958 = CARTESIAN_POINT ( 'NONE',  ( 0.004166666666499934529, 20.00000000000000000, -3.532332510810048287 ) ) ;
#5959 = DIRECTION ( 'NONE',  ( 0.000000000000000000, 0.000000000000000000, -1.000000000000000000 ) ) ;
#5960 = CARTESIAN_POINT ( 'NONE',  ( 4.433344562587839377, 5.951057409446828039, -2.312024219028175231 ) ) ;
#5961 = B_SPLINE_CURVE_WITH_KNOTS ( 'NONE', 3,
 ( #3092, #2537, #5333, #4792 ),
 .UNSPECIFIED., .F., .F.,
 ( 4, 4 ),
 ( 0.000000000000000000, 1.000000000000000000 ),
 .UNSPECIFIED. ) ;
#5962 = ORIENTED_EDGE ( 'NONE', *, *, #5999, .T. ) ;
#5963 = ADVANCED_FACE ( 'NONE', ( #166 ), #6742, .T. ) ;
#5964 = ORIENTED_EDGE ( 'NONE', *, *, #3316, .T. ) ;
#5965 = CYLINDRICAL_SURFACE ( 'NONE', #3091, 0.02000000000000005246 ) ;
#5966 = ADVANCED_FACE ( 'NONE', ( #3622 ), #4064, .T. ) ;
#5967 = EDGE_CURVE ( 'NONE', #336, #728, #6298, .T. ) ;
#5968 = B_SPLINE_CURVE_WITH_KNOTS ( 'NONE', 3,
 ( #1430, #7004, #1982, #949 ),
 .UNSPECIFIED., .F., .F.,
 ( 4, 4 ),
 ( 0.01080459952247128826, 0.01686140772964989792 ),
 .UNSPECIFIED. ) ;
#5969 = PLANE ( 'NONE',  #6622 ) ;
#5970 = ORIENTED_EDGE ( 'NONE', *, *, #5070, .T. ) ;
#5971 = FACE_OUTER_BOUND ( 'NONE', #4752, .T. ) ;
#5973 = ORIENTED_EDGE ( 'NONE', *, *, #1787, .T. ) ;
#5972 = ADVANCED_FACE ( 'NONE', ( #6875 ), #1818, .T. ) ;
#5974 = CARTESIAN_POINT ( 'NONE',  ( 1.393823247546297939, 6.500000000000000000, -4.508834952051935296 ) ) ;
#5975 = DIRECTION ( 'NONE',  ( 0.000000000000000000, 1.000000000000000000, 0.000000000000000000 ) ) ;
#5976 = DIRECTION ( 'NONE',  ( -0.000000000000000000, -1.000000000000000000, -0.000000000000000000 ) ) ;
#5977 = CARTESIAN_POINT ( 'NONE',  ( -1.071064282314857730, 20.54494277437563099, 3.532332510810048731 ) ) ;
#5978 = CARTESIAN_POINT ( 'NONE',  ( 2.915460667173257026, 3.089999999999999858, -5.036781010732873654 ) ) ;
#5979 = CARTESIAN_POINT ( 'NONE',  ( -6.747380340401567089, 19.99999999999999645, -1.854166666666667407 ) ) ;
#5980 = CARTESIAN_POINT ( 'NONE',  ( -6.444411485992515232, 20.13248011101686430, 0.5482212949631464216 ) ) ;
#5981 = EDGE_LOOP ( 'NONE', ( #2123, #3107, #7049, #4267 ) ) ;
#5982 = DIRECTION ( 'NONE',  ( 0.000000000000000000, -0.7546055221635044052, -0.6561787149247869655 ) ) ;
#5983 = ORIENTED_EDGE ( 'NONE', *, *, #2289, .F. ) ;
#5984 = EDGE_CURVE ( 'NONE', #4101, #813, #6332, .T. ) ;
#5985 = CARTESIAN_POINT ( 'NONE',  ( 0.004166666666500769799, 19.99999999999999645, 4.501950110211389244 ) ) ;
#5986 = CONICAL_SURFACE ( 'NONE', #6682, 6.450000000000001066, 0.1325515322966740184 ) ;
#5987 = VECTOR ( 'NONE', #1046, 1000.000000000000114 ) ;
#5988 = LINE ( 'NONE', #2125, #3226 ) ;
#5989 = CARTESIAN_POINT ( 'NONE',  ( 4.500000000000000000, 7.500000000000000000, -2.179449471770337432 ) ) ;
#5990 = ORIENTED_EDGE ( 'NONE', *, *, #4820, .F. ) ;
#5991 = CARTESIAN_POINT ( 'NONE',  ( 0.000000000000000000, 6.500000000000000000, 0.000000000000000000 ) ) ;
#5992 = CARTESIAN_POINT ( 'NONE',  ( 1.379999999999999671, 8.759938365018300033, 4.438449618462787072 ) ) ;
#5993 = CARTESIAN_POINT ( 'NONE',  ( 4.433344562587833160, 1.500000000000000888, 2.312024219028187666 ) ) ;
#5994 = AXIS2_PLACEMENT_3D ( 'NONE', #1246, #6784, #2346 ) ;
#5995 = PLANE ( 'NONE',  #5461 ) ;
#5996 = ORIENTED_EDGE ( 'NONE', *, *, #2260, .F. ) ;
#5997 = ORIENTED_EDGE ( 'NONE', *, *, #4328, .F. ) ;
#5998 = LINE ( 'NONE', #4427, #5317 ) ;
#5999 = EDGE_CURVE ( 'NONE', #6664, #6890, #752, .T. ) ;
#6000 = CARTESIAN_POINT ( 'NONE',  ( -0.3985507112378811612, 20.06875140030837912, -3.532332510810047843 ) ) ;
#6001 = ORIENTED_EDGE ( 'NONE', *, *, #5209, .F. ) ;
#6002 = DIRECTION ( 'NONE',  ( -0.000000000000000000, -1.000000000000000000, -0.000000000000000000 ) ) ;
#6003 = ORIENTED_EDGE ( 'NONE', *, *, #3261, .T. ) ;
#6004 = CARTESIAN_POINT ( 'NONE',  ( 1.784913698630558043, 22.18493761391723140, 6.500738796780933804 ) ) ;
#6005 = DIRECTION ( 'NONE',  ( -1.122394772378955122E-16, -0.000000000000000000, -1.000000000000000000 ) ) ;
#6006 = CARTESIAN_POINT ( 'NONE',  ( 3.266464433174221416, 29.00000000000000000, -3.266464433174220527 ) ) ;
#6007 = CARTESIAN_POINT ( 'NONE',  ( 0.000000000000000000, 1.499999999999999556, 0.000000000000000000 ) ) ;
#6008 = CARTESIAN_POINT ( 'NONE',  ( -1.400000000000000133, 8.631655426250503638, 4.549999999999999822 ) ) ;
#6009 = CARTESIAN_POINT ( 'NONE',  ( -1.380000000000000115, 8.631655426250503638, 4.400000000000000355 ) ) ;
#6010 = ORIENTED_EDGE ( 'NONE', *, *, #1625, .F. ) ;
#6011 = DIRECTION ( 'NONE',  ( 0.000000000000000000, 0.6561787149247862994, -0.7546055221635049604 ) ) ;
#6012 = CARTESIAN_POINT ( 'NONE',  ( 0.4591957217805918146, 20.09200757608260446, -6.445956847115852817 ) ) ;
#6013 = ORIENTED_EDGE ( 'NONE', *, *, #1945, .F. ) ;
#6014 = DIRECTION ( 'NONE',  ( -0.000000000000000000, 1.000000000000000000, -0.000000000000000000 ) ) ;
#6015 = ORIENTED_EDGE ( 'NONE', *, *, #1733, .T. ) ;
#6016 = DIRECTION ( 'NONE',  ( 0.000000000000000000, 0.000000000000000000, 1.000000000000000000 ) ) ;
#6017 = VECTOR ( 'NONE', #2461, 1000.000000000000000 ) ;
#6018 = STYLED_ITEM ( 'NONE', ( #4483 ), #845 ) ;
#6019 = AXIS2_PLACEMENT_3D ( 'NONE', #680, #1744, #58 ) ;
#6020 = CARTESIAN_POINT ( 'NONE',  ( 0.000000000000000000, 0.000000000000000000, 0.000000000000000000 ) ) ;
#6021 = ADVANCED_FACE ( 'NONE', ( #207 ), #2438, .F. ) ;
#6022 = CARTESIAN_POINT ( 'NONE',  ( 1.385521695682327525, 6.500000000000000000, 0.7880629224027729807 ) ) ;
#6023 = ORIENTED_EDGE ( 'NONE', *, *, #4951, .T. ) ;
#6024 = CARTESIAN_POINT ( 'NONE',  ( 0.000000000000000000, 0.02972972972972967240, 0.1783783783783780552 ) ) ;
#6025 = UNCERTAINTY_MEASURE_WITH_UNIT (LENGTH_MEASURE( 1.000000000000000082E-05 ), #7200, 'distance_accuracy_value', 'NONE');
#6026 = CIRCLE ( 'NONE', #6717, 7.650000000000000355 ) ;
#6027 = CARTESIAN_POINT ( 'NONE',  ( -4.999999999999999112, 8.000000000000000000, 0.000000000000000000 ) ) ;
#6028 = DIRECTION ( 'NONE',  ( 0.000000000000000000, -1.000000000000000000, 0.000000000000000000 ) ) ;
#6029 = VECTOR ( 'NONE', #7105, 1000.000000000000114 ) ;
#6030 = DIRECTION ( 'NONE',  ( -0.7071067811865475727, 0.000000000000000000, 0.7071067811865475727 ) ) ;
#6031 = ORIENTED_EDGE ( 'NONE', *, *, #3999, .F. ) ;
#6032 = CARTESIAN_POINT ( 'NONE',  ( -3.532332510810047843, 20.33256902034738189, 0.8508374451725483345 ) ) ;
#6033 =( BOUNDED_CURVE ( )  B_SPLINE_CURVE ( 3, ( #5960, #4905, #6543, #2718 ),
 .UNSPECIFIED., .F., .T. ) 
 B_SPLINE_CURVE_WITH_KNOTS ( ( 4, 4 ),
 ( 2.836899999574395981, 3.446285307605190251 ),
 .UNSPECIFIED. ) 
 CURVE ( )  GEOMETRIC_REPRESENTATION_ITEM ( )  RATIONAL_B_SPLINE_CURVE ( ( 1.000000000000000000, 0.9692928009446305504, 0.9692928009446305504, 1.000000000000000000 ) ) 
 REPRESENTATION_ITEM ( '' )  );
#6034 = CIRCLE ( 'NONE', #4993, 0.1000000000000001443 ) ;
#6035 = DIRECTION ( 'NONE',  ( 0.000000000000000000, 0.000000000000000000, -1.000000000000000000 ) ) ;
#6036 = ORIENTED_EDGE ( 'NONE', *, *, #179, .T. ) ;
#6037 = CARTESIAN_POINT ( 'NONE',  ( 0.000000000000000000, 12.46319082832452629, 4.442330547426800003 ) ) ;
#6038 = ORIENTED_EDGE ( 'NONE', *, *, #3185, .F. ) ;
#6039 = B_SPLINE_CURVE_WITH_KNOTS ( 'NONE', 3,
 ( #4623, #4591, #6811, #4032, #3556, #2370, #617, #139, #5172, #1236 ),
 .UNSPECIFIED., .F., .F.,
 ( 4, 3, 3, 4 ),
 ( 3.252606517456513302E-19, 3.932309463598215903E-05, 8.009671586239488865E-05, 8.254620561176626600E-05 ),
 .UNSPECIFIED. ) ;
#6040 = CARTESIAN_POINT ( 'NONE',  ( 0.5130444930835852402, 20.11556602728802545, 6.445044959265758600 ) ) ;
#6041 = CIRCLE ( 'NONE', #2509, 7.650000000000000355 ) ;
#6042 = DIRECTION ( 'NONE',  ( 1.000000000000000000, 0.000000000000000000, 0.000000000000000000 ) ) ;
#6043 = CARTESIAN_POINT ( 'NONE',  ( 0.000000000000000000, 2.414376437054497782, 0.000000000000000000 ) ) ;
#6044 = CARTESIAN_POINT ( 'NONE',  ( 0.000000000000000000, 20.00000000000000000, 0.000000000000000000 ) ) ;
#6045 = VECTOR ( 'NONE', #2233, 1000.000000000000000 ) ;
#6046 = CIRCLE ( 'NONE', #4173, 8.750000000000000000 ) ;
#6047 = DIRECTION ( 'NONE',  ( 0.7071067811865475727, 0.000000000000000000, -0.7071067811865475727 ) ) ;
#6048 = CARTESIAN_POINT ( 'NONE',  ( 0.000000000000000000, 8.744846254575030287, 4.451573192761281383 ) ) ;
#6049 = ORIENTED_EDGE ( 'NONE', *, *, #544, .T. ) ;
#6050 = CARTESIAN_POINT ( 'NONE',  ( 1.854166666666500207, 28.99999999999999645, -1.854166666666667407 ) ) ;
#6051 = EDGE_LOOP ( 'NONE', ( #4382, #1892, #6099, #6242 ) ) ;
#6052 = DIRECTION ( 'NONE',  ( -1.496526363171939834E-16, 0.000000000000000000, -1.000000000000000000 ) ) ;
#6053 = AXIS2_PLACEMENT_3D ( 'NONE', #5800, #294, #2520 ) ;
#6054 = ORIENTED_EDGE ( 'NONE', *, *, #4634, .T. ) ;
#6055 = CARTESIAN_POINT ( 'NONE',  ( -3.266464433174221416, 29.00000000000000000, -3.266464433174220527 ) ) ;
#6056 = EDGE_CURVE ( 'NONE', #4248, #3361, #2285, .T. ) ;
#6057 = AXIS2_PLACEMENT_3D ( 'NONE', #2464, #706, #6356 ) ;
#6058 = ADVANCED_FACE ( 'NONE', ( #321 ), #353, .F. ) ;
#6059 = ADVANCED_FACE ( 'NONE', ( #1003 ), #5969, .T. ) ;
#6060 = EDGE_CURVE ( 'NONE', #3828, #4603, #4994, .T. ) ;
#6061 = AXIS2_PLACEMENT_3D ( 'NONE', #795, #6441, #134 ) ;
#6062 = LINE ( 'NONE', #1025, #55 ) ;
#6063 = CARTESIAN_POINT ( 'NONE',  ( -5.107491688851570011, 4.950000000000000178, 2.986171345291844137 ) ) ;
#6064 = LINE ( 'NONE', #2497, #5348 ) ;
#6065 = ORIENTED_EDGE ( 'NONE', *, *, #2239, .F. ) ;
#6066 = AXIS2_PLACEMENT_3D ( 'NONE', #1609, #2090, #3889 ) ;
#6067 = CARTESIAN_POINT ( 'NONE',  ( -1.854166666666499985, 22.83637042272695794, -6.571619503885483660 ) ) ;
#6068 = EDGE_CURVE ( 'NONE', #3462, #663, #2403, .T. ) ;
#6069 = EDGE_LOOP ( 'NONE', ( #2360, #3139, #5883, #5842 ) ) ;
#6070 = AXIS2_PLACEMENT_3D ( 'NONE', #3591, #5241, #3663 ) ;
#6071 = EDGE_CURVE ( 'NONE', #2308, #6565, #900, .T. ) ;
#6072 = ORIENTED_EDGE ( 'NONE', *, *, #1974, .F. ) ;
#6073 = EDGE_CURVE ( 'NONE', #3209, #246, #807, .T. ) ;
#6074 = CARTESIAN_POINT ( 'NONE',  ( -3.532332510810050952, 20.34631865716762888, 0.8671047699849223633 ) ) ;
#6075 = ORIENTED_EDGE ( 'NONE', *, *, #4218, .F. ) ;
#6076 = CARTESIAN_POINT ( 'NONE',  ( -2.969848480983505290, 1.499999999999999556, -7.049999999999998046 ) ) ;
#6077 = ORIENTED_EDGE ( 'NONE', *, *, #3172, .T. ) ;
#6078 = ORIENTED_EDGE ( 'NONE', *, *, #6363, .F. ) ;
#6079 = CARTESIAN_POINT ( 'NONE',  ( 1.459418320901413546, 21.14765308476521355, 6.439720414820148342 ) ) ;
#6080 = CARTESIAN_POINT ( 'NONE',  ( 4.400384907664991907, 2.000000000000000444, 2.279064564105347301 ) ) ;
#6081 = CARTESIAN_POINT ( 'NONE',  ( 1.379999999999999671, 12.37137186834969604, -1.898837853159277334 ) ) ;
#6082 = CARTESIAN_POINT ( 'NONE',  ( 0.000000000000000000, 1.000000000000000888, 0.000000000000000000 ) ) ;
#6083 = CARTESIAN_POINT ( 'NONE',  ( -0.3219889464549414160, 20.03320070600792491, 3.532332510810048731 ) ) ;
#6084 = LINE ( 'NONE', #512, #4051 ) ;
#6085 = VERTEX_POINT ( 'NONE', #2617 ) ;
#6086 = CARTESIAN_POINT ( 'NONE',  ( -1.854166666666499985, 22.99999999999998934, -6.594282824706779955 ) ) ;
#6087 = ORIENTED_EDGE ( 'NONE', *, *, #6841, .T. ) ;
#6088 = FACE_OUTER_BOUND ( 'NONE', #5396, .T. ) ;
#6089 = ORIENTED_EDGE ( 'NONE', *, *, #2373, .F. ) ;
#6090 = DIRECTION ( 'NONE',  ( 0.000000000000000000, 0.7546055221635005195, 0.6561787149247915174 ) ) ;
#6091 = EDGE_CURVE ( 'NONE', #4518, #1986, #929, .T. ) ;
#6092 = LINE ( 'NONE', #2223, #4395 ) ;
#6093 = CARTESIAN_POINT ( 'NONE',  ( 2.291287847478249429, 8.000000000000000000, 4.999999999999848121 ) ) ;
#6094 = DIRECTION ( 'NONE',  ( 0.000000000000000000, -1.000000000000000000, 0.000000000000000000 ) ) ;
#6095 = EDGE_LOOP ( 'NONE', ( #5937, #1850, #3305, #5082 ) ) ;
#6096 = EDGE_CURVE ( 'NONE', #3178, #5469, #6046, .T. ) ;
#6097 = AXIS2_PLACEMENT_3D ( 'NONE', #6587, #5312, #4250 ) ;
#6098 = CARTESIAN_POINT ( 'NONE',  ( -1.483435532838097481, 21.19815402259098391, -6.441146837634384781 ) ) ;
#6099 = ORIENTED_EDGE ( 'NONE', *, *, #6381, .F. ) ;
#6100 = ITEM_DEFINED_TRANSFORMATION ( 'NONE', 'NONE', #4661,  #5484 ) ;
#6101 = AXIS2_PLACEMENT_3D ( 'NONE', #5613, #5577, #2811 ) ;
#6102 = EDGE_CURVE ( 'NONE', #4304, #1021, #2106, .T. ) ;
#6103 = CARTESIAN_POINT ( 'NONE',  ( 0.000000000000000000, 10.00000000000000000, 0.000000000000000000 ) ) ;
#6104 = ORIENTED_EDGE ( 'NONE', *, *, #5334, .T. ) ;
#6105 = CARTESIAN_POINT ( 'NONE',  ( -3.532332510810049175, 21.75991375089111557, 1.690371092688558008 ) ) ;
#6106 = VECTOR ( 'NONE', #4562, 1000.000000000000114 ) ;
#6107 = CARTESIAN_POINT ( 'NONE',  ( 3.532332510810048731, 0.000000000000000000, 3.532332510810049175 ) ) ;
#6108 = VERTEX_POINT ( 'NONE', #6439 ) ;
#6109 = AXIS2_PLACEMENT_3D ( 'NONE', #406, #7181, #7115 ) ;
#6110 = VERTEX_POINT ( 'NONE', #5413 ) ;
#6111 = CARTESIAN_POINT ( 'NONE',  ( 1.483435532838098148, 21.19815402259098747, 6.441146837634383004 ) ) ;
#6112 = CARTESIAN_POINT ( 'NONE',  ( -3.870068605369154202, 5.212479532407042093, -3.870068605369151538 ) ) ;
#6113 = DIRECTION ( 'NONE',  ( 0.000000000000000000, 0.000000000000000000, 1.000000000000000000 ) ) ;
#6114 = CARTESIAN_POINT ( 'NONE',  ( 2.571963978632909598, 3.000000000000000000, 7.204686064820227109 ) ) ;
#6115 = CARTESIAN_POINT ( 'NONE',  ( 1.071064282314861726, 20.54494277437563454, -3.532332510810047843 ) ) ;
#6116 = CARTESIAN_POINT ( 'NONE',  ( 7.199799341529545593, 3.046643593403177253, -2.586003223429768738 ) ) ;
#6117 = ORIENTED_EDGE ( 'NONE', *, *, #7008, .F. ) ;
#6118 = DIRECTION ( 'NONE',  ( 0.000000000000000000, 0.1643989873053274264, -0.9863939238321487446 ) ) ;
#6119 = ORIENTED_EDGE ( 'NONE', *, *, #3641, .T. ) ;
#6120 = CARTESIAN_POINT ( 'NONE',  ( 1.854166666666500651, 19.99999999999999645, 1.854166666666666297 ) ) ;
#6121 = CARTESIAN_POINT ( 'NONE',  ( -1.045004651996027434, -1.407485477710246791, -1.045004651996026768 ) ) ;
#6122 = DIRECTION ( 'NONE',  ( 0.000000000000000000, 0.000000000000000000, 1.000000000000000000 ) ) ;
#6123 = DIRECTION ( 'NONE',  ( -8.673617379884035472E-17, -1.880790961315659329E-33, -1.000000000000000000 ) ) ;
#6124 = VERTEX_POINT ( 'NONE', #1412 ) ;
#6125 =( NAMED_UNIT ( * ) SI_UNIT ( $, .STERADIAN. ) SOLID_ANGLE_UNIT ( ) );
#6126 = LINE ( 'NONE', #142, #5232 ) ;
#6127 = AXIS2_PLACEMENT_3D ( 'NONE', #1369, #5853, #5739 ) ;
#6128 = ORIENTED_EDGE ( 'NONE', *, *, #4218, .T. ) ;
#6129 = ORIENTED_EDGE ( 'NONE', *, *, #2231, .T. ) ;
#6130 = LINE ( 'NONE', #2165, #2935 ) ;
#6131 = CIRCLE ( 'NONE', #4381, 0.1000000000000001443 ) ;
#6132 = VECTOR ( 'NONE', #6827, 1000.000000000000114 ) ;
#6133 = FACE_OUTER_BOUND ( 'NONE', #5167, .T. ) ;
#6134 = AXIS2_PLACEMENT_3D ( 'NONE', #362, #4179, #1347 ) ;
#6135 = ORIENTED_EDGE ( 'NONE', *, *, #4575, .T. ) ;
#6136 = SURFACE_SIDE_STYLE ('',( #6211 ) ) ;
#6137 = EDGE_CURVE ( 'NONE', #1686, #1926, #3208, .T. ) ;
#6138 = EDGE_CURVE ( 'NONE', #3876, #3498, #5226, .T. ) ;
#6139 = DIRECTION ( 'NONE',  ( 0.000000000000000000, -0.7546055221634990762, 0.6561787149247930717 ) ) ;
#6140 = EDGE_LOOP ( 'NONE', ( #1029, #6380, #385, #2764 ) ) ;
#6141 = ORIENTED_EDGE ( 'NONE', *, *, #5263, .T. ) ;
#6142 = CARTESIAN_POINT ( 'NONE',  ( -6.449286154077234379, 20.01245631563326555, -0.2036121595009003915 ) ) ;
#6143 = LINE ( 'NONE', #4390, #3985 ) ;
#6144 = PLANE ( 'NONE',  #6019 ) ;
#6145 = ADVANCED_FACE ( 'NONE', ( #3801 ), #1590, .T. ) ;
#6146 = CARTESIAN_POINT ( 'NONE',  ( 0.000000000000000000, 1.500000000000000444, 4.500000000000000000 ) ) ;
#6147 = EDGE_CURVE ( 'NONE', #6477, #6763, #6575, .T. ) ;
#6148 = CARTESIAN_POINT ( 'NONE',  ( 3.532332510810048731, 28.99999999999999645, 3.532332510810049175 ) ) ;
#6149 = DIRECTION ( 'NONE',  ( 0.000000000000000000, 0.000000000000000000, -1.000000000000000000 ) ) ;
#6150 = ORIENTED_EDGE ( 'NONE', *, *, #4998, .F. ) ;
#6151 = CIRCLE ( 'NONE', #7087, 0.1700000000000000122 ) ;
#6152 = DIRECTION ( 'NONE',  ( 0.000000000000000000, -0.000000000000000000, 1.000000000000000000 ) ) ;
#6153 = VERTEX_POINT ( 'NONE', #6076 ) ;
#6154 = CARTESIAN_POINT ( 'NONE',  ( 1.399999999999999689, 0.000000000000000000, 0.000000000000000000 ) ) ;
#6155 = CARTESIAN_POINT ( 'NONE',  ( -0.004166666666499905906, 19.99999999999999645, -6.747380340403940302 ) ) ;
#6156 = DIRECTION ( 'NONE',  ( -1.000000000000000000, 0.000000000000000000, 0.000000000000000000 ) ) ;
#6157 = AXIS2_PLACEMENT_3D ( 'NONE', #1991, #5776, #4829 ) ;
#6158 = DIRECTION ( 'NONE',  ( -1.000000000000000000, -2.168404344971008252E-17, -8.673617379884035472E-17 ) ) ;
#6159 = ADVANCED_FACE ( 'NONE', ( #1040 ), #1738, .F. ) ;
#6160 = CARTESIAN_POINT ( 'NONE',  ( 0.000000000000000000, 20.00000000000000000, -6.450000000000001066 ) ) ;
#6161 = SURFACE_SIDE_STYLE ('',( #2303 ) ) ;
#6162 = DIRECTION ( 'NONE',  ( -0.000000000000000000, -1.000000000000000000, -0.000000000000000000 ) ) ;
#6163 = ORIENTED_EDGE ( 'NONE', *, *, #1519, .F. ) ;
#6164 = SURFACE_STYLE_USAGE ( .BOTH. , #5404 ) ;
#6165 = VECTOR ( 'NONE', #4778, 1000.000000000000000 ) ;
#6166 = ORIENTED_EDGE ( 'NONE', *, *, #199, .T. ) ;
#6167 = CARTESIAN_POINT ( 'NONE',  ( -1.682155872082510939, 21.72421616494128216, -6.464796037983560950 ) ) ;
#6168 = VERTEX_POINT ( 'NONE', #6213 ) ;
#6169 = PRODUCT_DEFINITION_CONTEXT ( 'detailed design', #5379, 'design' ) ;
#6170 = AXIS2_PLACEMENT_3D ( 'NONE', #4733, #4076, #5320 ) ;
#6171 = PRODUCT_CONTEXT ( 'NONE', #4015, 'mechanical' ) ;
#6172 = CARTESIAN_POINT ( 'NONE',  ( -4.433344562587834048, 2.048942590553171961, -2.312024219028189886 ) ) ;
#6173 = CIRCLE ( 'NONE', #6648, 0.1499999999999999667 ) ;
#6174 = EDGE_LOOP ( 'NONE', ( #867, #296, #2, #6657 ) ) ;
#6175 = PRODUCT_DEFINITION_FORMATION_WITH_SPECIFIED_SOURCE ( 'ANY', '', #4231, .NOT_KNOWN. ) ;
#6176 = CIRCLE ( 'NONE', #5487, 7.650000000000000355 ) ;
#6177 = ADVANCED_FACE ( 'NONE', ( #2795 ), #2763, .T. ) ;
#6178 = DIRECTION ( 'NONE',  ( 0.000000000000000000, -0.1643989873053572637, 0.9863939238321437486 ) ) ;
#6179 = ORIENTED_EDGE ( 'NONE', *, *, #4274, .T. ) ;
#6180 = CARTESIAN_POINT ( 'NONE',  ( 3.532332510810048287, 20.00000000000000000, -0.004166666666667291977 ) ) ;
#6181 = ORIENTED_EDGE ( 'NONE', *, *, #3920, .F. ) ;
#6182 = CARTESIAN_POINT ( 'NONE',  ( -6.594282824706734658, 22.99999999999999645, -1.854166666666667407 ) ) ;
#6183 = EDGE_CURVE ( 'NONE', #1909, #6664, #1411, .T. ) ;
#6184 = CARTESIAN_POINT ( 'NONE',  ( 0.000000000000000000, 28.99999999999999645, 0.000000000000000000 ) ) ;
#6185 = EDGE_CURVE ( 'NONE', #6697, #1909, #4429, .T. ) ;
#6186 = DIRECTION ( 'NONE',  ( -1.227746447048803788E-16, 0.000000000000000000, -1.000000000000000000 ) ) ;
#6187 = CARTESIAN_POINT ( 'NONE',  ( -1.854166666666499541, 22.99999999999999645, -4.552982615442289216 ) ) ;
#6188 = ADVANCED_FACE ( 'NONE', ( #6655 ), #5013, .T. ) ;
#6189 = LINE ( 'NONE', #1150, #62 ) ;
#6190 = ORIENTED_EDGE ( 'NONE', *, *, #1838, .T. ) ;
#6191 = CARTESIAN_POINT ( 'NONE',  ( -3.532332510810049175, 21.64134626555454943, -1.659917856958068372 ) ) ;
#6192 = VERTEX_POINT ( 'NONE', #6107 ) ;
#6193 = DIRECTION ( 'NONE',  ( 1.000000000000000000, 0.000000000000000000, 0.000000000000000000 ) ) ;
#6194 = LINE ( 'NONE', #6701, #4822 ) ;
#6195 = DIRECTION ( 'NONE',  ( -8.673617379884035472E-17, -0.000000000000000000, 1.000000000000000000 ) ) ;
#6196 = LINE ( 'NONE', #6263, #2371 ) ;
#6197 = DIRECTION ( 'NONE',  ( 0.000000000000000000, 0.000000000000000000, -1.000000000000000000 ) ) ;
#6198 = CARTESIAN_POINT ( 'NONE',  ( 2.986171345291897428, 4.950000000000000178, 5.107491688851538925 ) ) ;
#6199 = EDGE_CURVE ( 'NONE', #927, #1572, #1073, .T. ) ;
#6200 = CARTESIAN_POINT ( 'NONE',  ( 0.000000000000000000, 6.649999999999999467, -4.549999999999999822 ) ) ;
#6201 = VERTEX_POINT ( 'NONE', #2207 ) ;
#6202 = CARTESIAN_POINT ( 'NONE',  ( 1.379999999999999671, 9.655153745424975398, -5.498426807238719682 ) ) ;
#6203 = ORIENTED_EDGE ( 'NONE', *, *, #3551, .T. ) ;
#6204 = CARTESIAN_POINT ( 'NONE',  ( 4.027325123107952543, 3.021034482758621298, 4.027325123107949878 ) ) ;
#6205 = EDGE_LOOP ( 'NONE', ( #3906, #1608, #2013, #2107 ) ) ;
#6206 = SHAPE_DEFINITION_REPRESENTATION ( #6967, #318 ) ;
#6207 = CARTESIAN_POINT ( 'NONE',  ( -1.380560112054759037, 6.500000000000000000, -4.548466070008426065 ) ) ;
#6208 = VECTOR ( 'NONE', #4358, 1000.000000000000114 ) ;
#6209 = ORIENTED_EDGE ( 'NONE', *, *, #3865, .T. ) ;
#6210 = DIRECTION ( 'NONE',  ( 0.000000000000000000, 1.000000000000000000, 0.000000000000000000 ) ) ;
#6211 = SURFACE_STYLE_FILL_AREA ( #6758 ) ;
#6212 = CIRCLE ( 'NONE', #2575, 0.1499999999999999667 ) ;
#6213 = CARTESIAN_POINT ( 'NONE',  ( 1.854166666666501539, 28.99999999999999645, 7.421897733883352721 ) ) ;
#6214 = EDGE_LOOP ( 'NONE', ( #6596, #183, #7074, #2871 ) ) ;
#6215 = ORIENTED_EDGE ( 'NONE', *, *, #6557, .T. ) ;
#6216 = DIRECTION ( 'NONE',  ( 0.000000000000000000, 0.000000000000000000, -1.000000000000000000 ) ) ;
#6217 = CARTESIAN_POINT ( 'NONE',  ( -6.464796037983516541, 21.72421616494128216, 1.682155872082677028 ) ) ;
#6218 = CIRCLE ( 'NONE', #5638, 0.01999999999999996225 ) ;
#6219 = DIRECTION ( 'NONE',  ( 0.000000000000000000, 0.000000000000000000, 1.000000000000000000 ) ) ;
#6220 = CARTESIAN_POINT ( 'NONE',  ( 3.532332510810048731, 22.12423031861518652, 1.773643159447386708 ) ) ;
#6221 = EDGE_CURVE ( 'NONE', #3722, #4824, #6396, .T. ) ;
#6222 = AXIS2_PLACEMENT_3D ( 'NONE', #2157, #5543, #6016 ) ;
#6223 = DIRECTION ( 'NONE',  ( 0.000000000000000000, -1.000000000000000000, 0.000000000000000000 ) ) ;
#6224 = VERTEX_POINT ( 'NONE', #5596 ) ;
#6225 = PLANE ( 'NONE',  #4655 ) ;
#6226 = ORIENTED_EDGE ( 'NONE', *, *, #4686, .T. ) ;
#6227 = DIRECTION ( 'NONE',  ( 0.7071067811865477948, -0.000000000000000000, 0.7071067811865473507 ) ) ;
#6228 = DIRECTION ( 'NONE',  ( 0.000000000000000000, 1.000000000000000000, 0.000000000000000000 ) ) ;
#6229 = DIRECTION ( 'NONE',  ( -0.000000000000000000, -1.000000000000000000, -0.000000000000000000 ) ) ;
#6230 = CARTESIAN_POINT ( 'NONE',  ( 6.871269208495021985, 24.99984659119641606, -1.854166666666667407 ) ) ;
#6231 = ADVANCED_FACE ( 'NONE', ( #1108 ), #3359, .T. ) ;
#6232 = DIRECTION ( 'NONE',  ( 0.000000000000000000, 0.000000000000000000, -1.000000000000000000 ) ) ;
#6233 = FACE_BOUND ( 'NONE', #6538, .T. ) ;
#6234 = ORIENTED_EDGE ( 'NONE', *, *, #1478, .T. ) ;
#6235 = DIRECTION ( 'NONE',  ( -1.000000000000000000, 0.000000000000000000, 0.000000000000000000 ) ) ;
#6236 = ORIENTED_EDGE ( 'NONE', *, *, #5297, .F. ) ;
#6237 = DIRECTION ( 'NONE',  ( 0.7203422578024066825, 0.000000000000000000, 0.6936187941687648184 ) ) ;
#6238 = PRODUCT_DEFINITION_CONTEXT ( 'detailed design', #4775, 'design' ) ;
#6239 = EDGE_CURVE ( 'NONE', #2188, #3462, #1002, .T. ) ;
#6240 = CONTEXT_DEPENDENT_SHAPE_REPRESENTATION ( #5147, #3645 ) ;
#6241 = DIRECTION ( 'NONE',  ( -0.000000000000000000, 1.000000000000000000, -0.000000000000000000 ) ) ;
#6242 = ORIENTED_EDGE ( 'NONE', *, *, #189, .T. ) ;
#6243 = VERTEX_POINT ( 'NONE', #1881 ) ;
#6244 = CARTESIAN_POINT ( 'NONE',  ( 1.754871359571506195, 22.03015670506572476, -6.487532605504426897 ) ) ;
#6245 = DIRECTION ( 'NONE',  ( 1.224646799147353207E-16, 0.000000000000000000, -1.000000000000000000 ) ) ;
#6246 = TOROIDAL_SURFACE ( 'NONE', #3557, 0.1699999999999999845, 0.02000000000000000042 ) ;
#6247 = VECTOR ( 'NONE', #6756, 1000.000000000000114 ) ;
#6248 = AXIS2_PLACEMENT_3D ( 'NONE', #5411, #7053, #2135 ) ;
#6249 = DIRECTION ( 'NONE',  ( 0.000000000000000000, 1.000000000000000000, 0.000000000000000000 ) ) ;
#6250 = ORIENTED_EDGE ( 'NONE', *, *, #3327, .T. ) ;
#6251 = ORIENTED_EDGE ( 'NONE', *, *, #2853, .F. ) ;
#6252 = DIRECTION ( 'NONE',  ( 1.000000000000000000, 0.000000000000000000, 0.000000000000000000 ) ) ;
#6253 = CARTESIAN_POINT ( 'NONE',  ( -1.400000000000000133, 9.768344573749498494, 5.530000000000000249 ) ) ;
#6254 = CARTESIAN_POINT ( 'NONE',  ( 3.532332510810046955, 21.25656110838010449, 1.510176442678756281 ) ) ;
#6255 = CIRCLE ( 'NONE', #2271, 0.1499999999999999667 ) ;
#6256 = DIRECTION ( 'NONE',  ( -0.000000000000000000, 1.000000000000000000, -0.000000000000000000 ) ) ;
#6257 = ORIENTED_EDGE ( 'NONE', *, *, #6672, .T. ) ;
#6258 = CARTESIAN_POINT ( 'NONE',  ( -1.399999999999999467, -3.035766082959410566E-17, -1.214306433183764720E-16 ) ) ;
#6259 = ORIENTED_EDGE ( 'NONE', *, *, #5707, .F. ) ;
#6260 = DIRECTION ( 'NONE',  ( 0.000000000000000000, 0.000000000000000000, -1.000000000000000000 ) ) ;
#6261 = FACE_OUTER_BOUND ( 'NONE', #6095, .T. ) ;
#6262 = CARTESIAN_POINT ( 'NONE',  ( -1.400000000000000133, 6.500000000000000000, 4.469999999999999751 ) ) ;
#6263 = CARTESIAN_POINT ( 'NONE',  ( 0.000000000000000000, 28.99999999999999645, -3.532332510810048287 ) ) ;
#6264 = CIRCLE ( 'NONE', #1812, 0.02000000000000005246 ) ;
#6265 = AXIS2_PLACEMENT_3D ( 'NONE', #5978, #4219, #6449 ) ;
#6266 = FACE_OUTER_BOUND ( 'NONE', #6051, .T. ) ;
#6267 = CARTESIAN_POINT ( 'NONE',  ( 1.399999999999999689, 9.670245855868246920, -5.485303232940223594 ) ) ;
#6268 = DIRECTION ( 'NONE',  ( 0.000000000000000000, 0.000000000000000000, -1.000000000000000000 ) ) ;
#6269 = CIRCLE ( 'NONE', #3466, 5.000000000000000000 ) ;
#6270 = ADVANCED_FACE ( 'NONE', ( #1218 ), #637, .F. ) ;
#6271 = ORIENTED_EDGE ( 'NONE', *, *, #2017, .T. ) ;
#6272 = FACE_OUTER_BOUND ( 'NONE', #5010, .T. ) ;
#6273 = EDGE_LOOP ( 'NONE', ( #6003, #2580, #786, #4649 ) ) ;
#6274 = CARTESIAN_POINT ( 'NONE',  ( -1.400000000000000133, 6.500000000000000000, 4.549999999999999822 ) ) ;
#6275 = EDGE_LOOP ( 'NONE', ( #6301, #3257, #3768, #4610, #6357, #313 ) ) ;
#6276 = VECTOR ( 'NONE', #2401, 1000.000000000000000 ) ;
#6277 = EDGE_CURVE ( 'NONE', #3876, #4487, #1946, .T. ) ;
#6278 = EDGE_CURVE ( 'NONE', #6892, #2618, #6316, .T. ) ;
#6279 = CARTESIAN_POINT ( 'NONE',  ( 1.519688991228685504, 21.27054235257537229, 3.532332510810049175 ) ) ;
#6280 = DIRECTION ( 'NONE',  ( 0.000000000000000000, 0.000000000000000000, -1.000000000000000000 ) ) ;
#6281 = AXIS2_PLACEMENT_3D ( 'NONE', #5909, #3601, #3077 ) ;
#6282 = ORIENTED_EDGE ( 'NONE', *, *, #6931, .F. ) ;
#6283 = EDGE_CURVE ( 'NONE', #1145, #1098, #3831, .T. ) ;
#6284 = ORIENTED_EDGE ( 'NONE', *, *, #407, .F. ) ;
#6285 = DIRECTION ( 'NONE',  ( -0.000000000000000000, 1.000000000000000000, -0.000000000000000000 ) ) ;
#6286 = AXIS2_PLACEMENT_3D ( 'NONE', #1940, #5873, #3562 ) ;
#6287 = CARTESIAN_POINT ( 'NONE',  ( 0.000000000000000000, 8.000000000000000000, 0.000000000000000000 ) ) ;
#6288 = CIRCLE ( 'NONE', #3129, 7.650000000000000355 ) ;
#6289 = EDGE_CURVE ( 'NONE', #5545, #6346, #4125, .T. ) ;
#6290 = CARTESIAN_POINT ( 'NONE',  ( 0.8189706480922841481, 20.30401683814159597, -3.532332510810048287 ) ) ;
#6291 = DIRECTION ( 'NONE',  ( 1.000000000000000000, 0.000000000000000000, 0.000000000000000000 ) ) ;
#6292 = EDGE_LOOP ( 'NONE', ( #4229, #2991, #1701, #7052 ) ) ;
#6293 = EDGE_CURVE ( 'NONE', #3170, #1333, #4163, .T. ) ;
#6294 = VERTEX_POINT ( 'NONE', #2393 ) ;
#6295 = AXIS2_PLACEMENT_3D ( 'NONE', #1272, #4587, #3483 ) ;
#6296 = DIRECTION ( 'NONE',  ( 0.000000000000000000, 1.000000000000000000, -0.000000000000000000 ) ) ;
#6297 = CARTESIAN_POINT ( 'NONE',  ( 3.532332510810048731, 21.14467226703247604, 1.457973626578048520 ) ) ;
#6298 = LINE ( 'NONE', #793, #542 ) ;
#6299 = ORIENTED_EDGE ( 'NONE', *, *, #2202, .T. ) ;
#6300 = CARTESIAN_POINT ( 'NONE',  ( -3.532332510810048731, 20.30401683814160307, -0.8189706480924503484 ) ) ;
#6301 = ORIENTED_EDGE ( 'NONE', *, *, #3041, .T. ) ;
#6302 = DIRECTION ( 'NONE',  ( 0.7071067811865401342, 0.000000000000000000, 0.7071067811865550112 ) ) ;
#6303 = LINE ( 'NONE', #104, #6328 ) ;
#6304 = CARTESIAN_POINT ( 'NONE',  ( 1.379999999999999671, 6.649999999999999467, 4.549999999999999822 ) ) ;
#6305 = DIRECTION ( 'NONE',  ( -1.000000000000000000, 0.000000000000000000, 0.000000000000000000 ) ) ;
#6306 = ADVANCED_FACE ( 'NONE', ( #202, #5742 ), #785, .F. ) ;
#6307 = CARTESIAN_POINT ( 'NONE',  ( -3.532332510810049619, 22.99999999999999645, -1.854166666666667407 ) ) ;
#6308 = CARTESIAN_POINT ( 'NONE',  ( 6.446876140837980884, 20.06902874913437884, 0.3993489175106830213 ) ) ;
#6309 = LINE ( 'NONE', #1899, #6165 ) ;
#6310 = ORIENTED_EDGE ( 'NONE', *, *, #3551, .F. ) ;
#6311 = CARTESIAN_POINT ( 'NONE',  ( 0.000000000000000000, 0.000000000000000000, -5.549999999999999822 ) ) ;
#6312 = ORIENTED_EDGE ( 'NONE', *, *, #3041, .F. ) ;
#6313 = CARTESIAN_POINT ( 'NONE',  ( -1.380000000000000115, 8.631655426250503638, 4.379999999999999893 ) ) ;
#6314 =( BOUNDED_SURFACE ( )  B_SPLINE_SURFACE ( 2, 3, ( 
 ( #6155, #1124, #1273, #4030 ),
 ( #2334, #3554, #1860, #2885 ),
 ( #6914, #137, #1822, #4725 ) ),
 .UNSPECIFIED., .F., .F., .T. ) 
 B_SPLINE_SURFACE_WITH_KNOTS ( ( 3, 3 ),
 ( 4, 4 ),
 ( 0.000000000000000000, 1.000000000000000000 ),
 ( -0.006747380340403940149, -0.003379234995115101056 ),
 .UNSPECIFIED. ) 
 GEOMETRIC_REPRESENTATION_ITEM ( )  RATIONAL_B_SPLINE_SURFACE ( (
 ( 1.000000000000000000, 1.000000000000000000, 1.000000000000000000, 1.000000000000000000),
 ( 0.7071067811865475727, 0.7071067811865475727, 0.7071067811865475727, 0.7071067811865475727),
 ( 1.000000000000000000, 1.000000000000000000, 1.000000000000000000, 1.000000000000000000) ) ) 
 REPRESENTATION_ITEM ( '' )  SURFACE ( )  );
#6315 = EDGE_CURVE ( 'NONE', #2711, #3804, #3123, .T. ) ;
#6316 = B_SPLINE_CURVE_WITH_KNOTS ( 'NONE', 3,
 ( #3427, #4607, #1332, #5818 ),
 .UNSPECIFIED., .F., .F.,
 ( 4, 4 ),
 ( 0.01383968247036361336, 0.01989649737312780206 ),
 .UNSPECIFIED. ) ;
#6317 = CARTESIAN_POINT ( 'NONE',  ( 1.753896058129360336, 22.02553388946871138, 3.532332510810049175 ) ) ;
#6318 = DIRECTION ( 'NONE',  ( -0.7071067811865403563, 1.406920557068085481E-16, -0.7071067811865547892 ) ) ;
#6319 = ORIENTED_EDGE ( 'NONE', *, *, #377, .F. ) ;
#6320 = VERTEX_POINT ( 'NONE', #4056 ) ;
#6321 = CARTESIAN_POINT ( 'NONE',  ( -1.854166666666499319, 22.99999999999999645, 5.573632720074535030 ) ) ;
#6322 = DIRECTION ( 'NONE',  ( 0.000000000000000000, 0.000000000000000000, -1.000000000000000000 ) ) ;
#6323 = DIRECTION ( 'NONE',  ( 0.000000000000000000, 1.000000000000000000, 0.000000000000000000 ) ) ;
#6324 = DIRECTION ( 'NONE',  ( 2.168404344971008252E-17, -1.000000000000000000, -0.000000000000000000 ) ) ;
#6325 = VERTEX_POINT ( 'NONE', #4714 ) ;
#6326 = DIRECTION ( 'NONE',  ( 0.000000000000000000, 0.000000000000000000, 1.000000000000000000 ) ) ;
#6327 = ORIENTED_EDGE ( 'NONE', *, *, #5099, .T. ) ;
#6328 = VECTOR ( 'NONE', #3518, 1000.000000000000114 ) ;
#6329 = FACE_BOUND ( 'NONE', #5913, .T. ) ;
#6330 = CARTESIAN_POINT ( 'NONE',  ( 3.532332510810047843, 22.31922695442409932, 1.807225831450465892 ) ) ;
#6331 = EDGE_CURVE ( 'NONE', #3361, #4189, #6859, .T. ) ;
#6332 = LINE ( 'NONE', #5271, #4292 ) ;
#6333 = ORIENTED_EDGE ( 'NONE', *, *, #4898, .T. ) ;
#6334 = DIRECTION ( 'NONE',  ( 0.000000000000000000, -1.000000000000000000, 0.000000000000000000 ) ) ;
#6335 = ORIENTED_EDGE ( 'NONE', *, *, #3470, .T. ) ;
#6336 = CARTESIAN_POINT ( 'NONE',  ( 1.399999999999999689, 12.44809871788125477, -4.429206973128302138 ) ) ;
#6337 = DIRECTION ( 'NONE',  ( -0.000000000000000000, 1.000000000000000000, -0.000000000000000000 ) ) ;
#6338 = DIRECTION ( 'NONE',  ( 0.000000000000000000, 0.000000000000000000, 1.000000000000000000 ) ) ;
#6339 = DIRECTION ( 'NONE',  ( 0.000000000000000000, 0.9863939238321437486, -0.1643989873053572637 ) ) ;
#6340 = AXIS2_PLACEMENT_3D ( 'NONE', #3191, #2563, #4849 ) ;
#6341 = CARTESIAN_POINT ( 'NONE',  ( -1.691435198753489466, 21.76377389498897230, 6.467701556530072615 ) ) ;
#6342 = DIRECTION ( 'NONE',  ( -0.000000000000000000, 1.000000000000000000, 0.000000000000000000 ) ) ;
#6343 = FACE_OUTER_BOUND ( 'NONE', #5079, .T. ) ;
#6344 = ORIENTED_EDGE ( 'NONE', *, *, #3771, .T. ) ;
#6345 = CARTESIAN_POINT ( 'NONE',  ( 6.444411485992514343, 20.13248011101686430, -0.5482212949631382060 ) ) ;
#6346 = VERTEX_POINT ( 'NONE', #5778 ) ;
#6347 = CARTESIAN_POINT ( 'NONE',  ( -1.380000000000000115, 12.48000000000000220, 4.343903740188081564 ) ) ;
#6348 = CARTESIAN_POINT ( 'NONE',  ( -3.405877273185280885, 1.499999999999999556, 6.850000000000000533 ) ) ;
#6349 = DIRECTION ( 'NONE',  ( -1.000000000000000000, -0.000000000000000000, -0.000000000000000000 ) ) ;
#6350 = EDGE_LOOP ( 'NONE', ( #1979, #3499, #5215, #2402 ) ) ;
#6351 = VERTEX_POINT ( 'NONE', #1773 ) ;
#6352 = CARTESIAN_POINT ( 'NONE',  ( 1.399999999999999911, 9.655153745424975398, -5.498426807238719682 ) ) ;
#6353 = SHAPE_REPRESENTATION ( 'PJOINT_collar_V2_0', ( #5484 ), #4777 ) ;
#6354 = DIRECTION ( 'NONE',  ( -0.000000000000000000, 0.6561787149247931827, 0.7546055221634992982 ) ) ;
#6355 = DIRECTION ( 'NONE',  ( 0.000000000000000000, -0.000000000000000000, -1.000000000000000000 ) ) ;
#6356 = DIRECTION ( 'NONE',  ( 0.000000000000000000, 0.000000000000000000, 1.000000000000000000 ) ) ;
#6357 = ORIENTED_EDGE ( 'NONE', *, *, #2027, .F. ) ;
#6358 = ORIENTED_EDGE ( 'NONE', *, *, #5099, .F. ) ;
#6359 = VECTOR ( 'NONE', #4307, 1000.000000000000000 ) ;
#6360 = PLANE ( 'NONE',  #279 ) ;
#6361 = AXIS2_PLACEMENT_3D ( 'NONE', #2835, #3509, #3433 ) ;
#6362 = CARTESIAN_POINT ( 'NONE',  ( 3.532332510810048731, 21.06381975462292999, -1.417475989220681187 ) ) ;
#6363 = EDGE_CURVE ( 'NONE', #1652, #5911, #6900, .T. ) ;
#6364 = STYLED_ITEM ( 'NONE', ( #3907 ), #3266 ) ;
#6365 = CARTESIAN_POINT ( 'NONE',  ( 1.397319086605161687, 6.500000000000000000, 4.496202024374977846 ) ) ;
#6366 = ORIENTED_EDGE ( 'NONE', *, *, #4113, .T. ) ;
#6367 = CIRCLE ( 'NONE', #6134, 7.650000000000000355 ) ;
#6368 = DIRECTION ( 'NONE',  ( 0.000000000000000000, 1.000000000000000000, -0.000000000000000000 ) ) ;
#6370 = ORIENTED_EDGE ( 'NONE', *, *, #7125, .F. ) ;
#6369 = ADVANCED_FACE ( 'NONE', ( #4570 ), #1178, .T. ) ;
#6371 = CARTESIAN_POINT ( 'NONE',  ( 1.379999999999999671, 9.768344573749498494, 5.400000000000000355 ) ) ;
#6372 = LINE ( 'NONE', #758, #6567 ) ;
#6373 = CARTESIAN_POINT ( 'NONE',  ( 0.000000000000000000, -1.999999999999999112, 7.650000000000000355 ) ) ;
#6374 = DIRECTION ( 'NONE',  ( 0.000000000000000000, 0.000000000000000000, -1.000000000000000000 ) ) ;
#6375 = CARTESIAN_POINT ( 'NONE',  ( -0.4382450456045735021, 20.08356111737321470, 6.446291019545975942 ) ) ;
#6376 = FACE_OUTER_BOUND ( 'NONE', #1281, .T. ) ;
#6377 = DIRECTION ( 'NONE',  ( 0.000000000000000000, 1.000000000000000000, -0.000000000000000000 ) ) ;
#6378 = ORIENTED_EDGE ( 'NONE', *, *, #6821, .T. ) ;
#6379 = PLANE ( 'NONE',  #1128 ) ;
#6380 = ORIENTED_EDGE ( 'NONE', *, *, #4490, .F. ) ;
#6381 = EDGE_CURVE ( 'NONE', #3532, #3402, #4016, .T. ) ;
#6382 = DIRECTION ( 'NONE',  ( 0.000000000000000000, 0.7546055221635206145, 0.6561787149247685358 ) ) ;
#6383 = TOROIDAL_SURFACE ( 'NONE', #2746, 0.1699999999999999845, 0.02000000000000000042 ) ;
#6384 = CARTESIAN_POINT ( 'NONE',  ( 1.399999999999999689, 0.000000000000000000, 0.000000000000000000 ) ) ;
#6385 = VECTOR ( 'NONE', #4960, 1000.000000000000000 ) ;
#6386 = DIRECTION ( 'NONE',  ( -0.000000000000000000, 1.000000000000000000, -0.000000000000000000 ) ) ;
#6387 = ORIENTED_EDGE ( 'NONE', *, *, #4087, .T. ) ;
#6388 = B_SPLINE_CURVE_WITH_KNOTS ( 'NONE', 3,
 ( #3997, #6230, #5725, #2337 ),
 .UNSPECIFIED., .F., .F.,
 ( 4, 4 ),
 ( 0.01383968247036370530, 0.01989649737312789574 ),
 .UNSPECIFIED. ) ;
#6389 = EDGE_LOOP ( 'NONE', ( #464, #1843, #221, #2141 ) ) ;
#6390 = CYLINDRICAL_SURFACE ( 'NONE', #3200, 7.650000000000000355 ) ;
#6391 = VECTOR ( 'NONE', #1097, 1000.000000000000000 ) ;
#6392 = CIRCLE ( 'NONE', #2638, 0.02000000000000005246 ) ;
#6393 = CARTESIAN_POINT ( 'NONE',  ( -6.477755571589405292, 21.90491984048025742, -1.726927749735782003 ) ) ;
#6394 = CARTESIAN_POINT ( 'NONE',  ( 4.870299948342268870, 8.000000000000000000, 2.262975846492969012 ) ) ;
#6395 = AXIS2_PLACEMENT_3D ( 'NONE', #5264, #6936, #1916 ) ;
#6396 = CIRCLE ( 'NONE', #4881, 5.000000000000000000 ) ;
#6397 = EDGE_CURVE ( 'NONE', #1803, #2984, #676, .T. ) ;
#6398 = CARTESIAN_POINT ( 'NONE',  ( -1.400000000000000133, 8.631655426250503638, 4.379999999999999893 ) ) ;
#6399 = DIRECTION ( 'NONE',  ( 0.000000000000000000, 1.000000000000000000, 0.000000000000000000 ) ) ;
#6400 = ORIENTED_EDGE ( 'NONE', *, *, #1301, .F. ) ;
#6401 = EDGE_LOOP ( 'NONE', ( #6817, #4559, #6977, #7199 ) ) ;
#6402 = DIRECTION ( 'NONE',  ( 0.7071067811865477948, 0.000000000000000000, 0.7071067811865473507 ) ) ;
#6403 = CARTESIAN_POINT ( 'NONE',  ( 3.532332510810048731, 21.96222903332326482, -1.740025270403910085 ) ) ;
#6404 = VECTOR ( 'NONE', #101, 1000.000000000000114 ) ;
#6405 = DIRECTION ( 'NONE',  ( -5.122298795473439605E-17, -0.6561787149247870765, -0.7546055221635045163 ) ) ;
#6406 = ORIENTED_EDGE ( 'NONE', *, *, #6630, .F. ) ;
#6407 = EDGE_CURVE ( 'NONE', #298, #4507, #1849, .T. ) ;
#6408 = VECTOR ( 'NONE', #6746, 1000.000000000000000 ) ;
#6409 = CARTESIAN_POINT ( 'NONE',  ( -7.214603044822823108, 3.063623187575865270, 2.544307028118206748 ) ) ;
#6410 = ORIENTED_EDGE ( 'NONE', *, *, #1757, .T. ) ;
#6411 = DIRECTION ( 'NONE',  ( 0.000000000000000000, -0.6561787149247862994, 0.7546055221635049604 ) ) ;
#6412 = PRODUCT_DEFINITION_FORMATION_WITH_SPECIFIED_SOURCE ( 'ANY', '', #2173, .NOT_KNOWN. ) ;
#6413 = CARTESIAN_POINT ( 'NONE',  ( -1.060660171779822525, 4.585121964646132860E-16, 1.060660171779822525 ) ) ;
#6414 = FACE_OUTER_BOUND ( 'NONE', #2052, .T. ) ;
#6415 = DIRECTION ( 'NONE',  ( -0.000000000000000000, -1.000000000000000000, -0.000000000000000000 ) ) ;
#6416 = AXIS2_PLACEMENT_3D ( 'NONE', #5938, #3148, #4211 ) ;
#6417 = ADVANCED_FACE ( 'NONE', ( #5228 ), #4531, .T. ) ;
#6418 = DIRECTION ( 'NONE',  ( 1.000000000000000000, 0.000000000000000000, 0.000000000000000000 ) ) ;
#6419 = CARTESIAN_POINT ( 'NONE',  ( 6.447706186796857253, 20.04878723623032144, 0.3408853809564326709 ) ) ;
#6420 = EDGE_CURVE ( 'NONE', #4334, #5918, #6510, .T. ) ;
#6421 = DIRECTION ( 'NONE',  ( -1.496526363171939834E-16, -0.000000000000000000, -1.000000000000000000 ) ) ;
#6422 = EDGE_LOOP ( 'NONE', ( #2098, #384, #3267, #6424 ) ) ;
#6423 = CARTESIAN_POINT ( 'NONE',  ( 6.445044959265743501, 20.11556602728802190, -0.5130444930837523287 ) ) ;
#6424 = ORIENTED_EDGE ( 'NONE', *, *, #5161, .T. ) ;
#6425 = CARTESIAN_POINT ( 'NONE',  ( 1.379999999999999671, 12.46319082832452629, 4.442330547426799114 ) ) ;
#6426 = CARTESIAN_POINT ( 'NONE',  ( 1.725939041233289339, 21.90082051997010026, 3.532332510810048731 ) ) ;
#6427 = EDGE_CURVE ( 'NONE', #4187, #513, #4426, .T. ) ;
#6428 = CARTESIAN_POINT ( 'NONE',  ( 1.854166666666500873, 22.99999999999999645, 3.532332510810049175 ) ) ;
#6429 = ORIENTED_EDGE ( 'NONE', *, *, #319, .F. ) ;
#6430 = ORIENTED_EDGE ( 'NONE', *, *, #6898, .T. ) ;
#6431 = DIRECTION ( 'NONE',  ( 1.000000000000000000, 0.000000000000000000, 0.000000000000000000 ) ) ;
#6432 = CARTESIAN_POINT ( 'NONE',  ( 2.472118714102116588, 3.116491533522731672, -7.239567554180995401 ) ) ;
#6433 = DIRECTION ( 'NONE',  ( 0.000000000000000000, 0.000000000000000000, -1.000000000000000000 ) ) ;
#6434 = LINE ( 'NONE', #2431, #1579 ) ;
#6435 = CARTESIAN_POINT ( 'NONE',  ( 7.261110302808396533, 3.063075121266646939, 2.408386976261426060 ) ) ;
#6436 = EDGE_LOOP ( 'NONE', ( #3542, #2548, #4489, #6690 ) ) ;
#6437 = VERTEX_POINT ( 'NONE', #490 ) ;
#6438 = FACE_OUTER_BOUND ( 'NONE', #4520, .T. ) ;
#6439 = CARTESIAN_POINT ( 'NONE',  ( 8.266365894244634333E-16, 2.428148006742123943, 6.750000000000000000 ) ) ;
#6440 = VERTEX_POINT ( 'NONE', #1405 ) ;
#6441 = DIRECTION ( 'NONE',  ( -1.000000000000000000, 0.000000000000000000, 0.000000000000000000 ) ) ;
#6442 = EDGE_LOOP ( 'NONE', ( #3802, #4370, #5990, #1174 ) ) ;
#6443 = FACE_OUTER_BOUND ( 'NONE', #4149, .T. ) ;
#6444 = DIRECTION ( 'NONE',  ( -0.000000000000000000, -1.000000000000000000, -0.000000000000000000 ) ) ;
#6445 = CARTESIAN_POINT ( 'NONE',  ( 0.004166666666499937131, 19.99999999999999645, -3.379234995115211415 ) ) ;
#6446 = DIRECTION ( 'NONE',  ( 0.000000000000000000, 1.000000000000000000, -0.000000000000000000 ) ) ;
#6447 = CLOSED_SHELL ( 'NONE', ( #499, #1485, #3905, #4868, #3870, #4484, #4899, #6588, #3046, #2690, #2629, #3061, #3868, #1194, #5109, #6417, #3022 ) ) ;
#6448 = CARTESIAN_POINT ( 'NONE',  ( -1.807225831450300468, 22.31922695442410642, 3.532332510810050508 ) ) ;
#6449 = DIRECTION ( 'NONE',  ( 0.7071067811865474617, 0.000000000000000000, -0.7071067811865474617 ) ) ;
#6450 = FACE_OUTER_BOUND ( 'NONE', #1262, .T. ) ;
#6451 = CARTESIAN_POINT ( 'NONE',  ( 1.383668702865611166, 20.99972010742670037, -6.436298689706698717 ) ) ;
#6452 = VERTEX_POINT ( 'NONE', #1063 ) ;
#6453 = CARTESIAN_POINT ( 'NONE',  ( -4.934344465946485236, 3.200000000000000178, -4.751288740056038407 ) ) ;
#6454 = ORIENTED_EDGE ( 'NONE', *, *, #6718, .T. ) ;
#6455 = DIRECTION ( 'NONE',  ( 0.000000000000000000, 0.000000000000000000, 1.000000000000000000 ) ) ;
#6456 = EDGE_CURVE ( 'NONE', #1136, #6733, #6064, .T. ) ;
#6457 = CIRCLE ( 'NONE', #1173, 0.02000000000000005246 ) ;
#6458 = EDGE_CURVE ( 'NONE', #6719, #3717, #7208, .T. ) ;
#6459 = ADVANCED_FACE ( 'NONE', ( #1992 ), #3690, .F. ) ;
#6460 = CARTESIAN_POINT ( 'NONE',  ( -1.400000000000000133, 11.52975414413175947, 5.485303232940221818 ) ) ;
#6461 = DIRECTION ( 'NONE',  ( 0.000000000000000000, 0.000000000000000000, -1.000000000000000000 ) ) ;
#6462 = EDGE_LOOP ( 'NONE', ( #684, #7119, #2355, #983 ) ) ;
#6463 = CARTESIAN_POINT ( 'NONE',  ( -7.296724953260060431, 8.000000000000000000, -2.297891415291851924 ) ) ;
#6464 = LINE ( 'NONE', #2646, #493 ) ;
#6465 = EDGE_CURVE ( 'NONE', #5450, #348, #6747, .T. ) ;
#6466 = FACE_OUTER_BOUND ( 'NONE', #5190, .T. ) ;
#6467 = EDGE_CURVE ( 'NONE', #1166, #4417, #1442, .T. ) ;
#6468 = DIRECTION ( 'NONE',  ( 8.673617379884035472E-17, 0.000000000000000000, -1.000000000000000000 ) ) ;
#6469 = CARTESIAN_POINT ( 'NONE',  ( 0.000000000000000000, 28.99999999999999645, 3.532332510810049175 ) ) ;
#6470 = EDGE_LOOP ( 'NONE', ( #480, #4875, #6319, #841 ) ) ;
#6471 = ORIENTED_EDGE ( 'NONE', *, *, #1742, .F. ) ;
#6472 = EDGE_CURVE ( 'NONE', #6124, #6911, #890, .T. ) ;
#6473 = CARTESIAN_POINT ( 'NONE',  ( -3.055710216370185250, 1.499999999999999112, -7.013830305757052130 ) ) ;
#6474 = ORIENTED_EDGE ( 'NONE', *, *, #3944, .F. ) ;
#6475 = CIRCLE ( 'NONE', #6127, 0.1499999999999999667 ) ;
#6476 = DIRECTION ( 'NONE',  ( 0.7071067811865453523, 0.000000000000000000, 0.7071067811865497932 ) ) ;
#6477 = VERTEX_POINT ( 'NONE', #5547 ) ;
#6478 = TOROIDAL_SURFACE ( 'NONE', #390, 0.1299999999999999767, 0.02000000000000000042 ) ;
#6479 = CARTESIAN_POINT ( 'NONE',  ( 0.000000000000000000, 1.499999999999999556, 6.850000000000000533 ) ) ;
#6480 = ORIENTED_EDGE ( 'NONE', *, *, #1613, .F. ) ;
#6481 = DIRECTION ( 'NONE',  ( 0.000000000000000000, 0.000000000000000000, -1.000000000000000000 ) ) ;
#6482 = VECTOR ( 'NONE', #5086, 1000.000000000000000 ) ;
#6483 = FACE_OUTER_BOUND ( 'NONE', #6401, .T. ) ;
#6484 = CARTESIAN_POINT ( 'NONE',  ( -2.885102807365160338, 3.000000000000000000, 7.085102807365162292 ) ) ;
#6485 = DIRECTION ( 'NONE',  ( -0.7071067811865453523, 2.775557561562891351E-17, -0.7071067811865499042 ) ) ;
#6486 = CIRCLE ( 'NONE', #1681, 0.02000000000000005246 ) ;
#6487 = AXIS2_PLACEMENT_3D ( 'NONE', #6727, #1265, #5127 ) ;
#6488 = CARTESIAN_POINT ( 'NONE',  ( -3.870068605369191950, 5.212479532407042093, 3.870068605369113790 ) ) ;
#6489 = CARTESIAN_POINT ( 'NONE',  ( -1.379999999999999893, 12.37137186834969604, -1.898837853159276667 ) ) ;
#6490 = CARTESIAN_POINT ( 'NONE',  ( 4.046831517071730389, 0.000000000000000000, -4.046831517071705520 ) ) ;
#6491 = CARTESIAN_POINT ( 'NONE',  ( 0.8685912446754140426, 20.34759089945878330, -6.438021346877477846 ) ) ;
#6492 = ORIENTED_EDGE ( 'NONE', *, *, #2202, .F. ) ;
#6493 = CARTESIAN_POINT ( 'NONE',  ( 6.449894874419353386, 19.99999999999999645, -0.1648176984346370610 ) ) ;
#6494 = VERTEX_POINT ( 'NONE', #3730 ) ;
#6495 = PLANE ( 'NONE',  #1540 ) ;
#6496 = EDGE_CURVE ( 'NONE', #4630, #593, #4240, .T. ) ;
#6497 = CARTESIAN_POINT ( 'NONE',  ( 5.573632720074506608, 22.99999999999999645, 1.854166666666666075 ) ) ;
#6498 = ADVANCED_FACE ( 'NONE', ( #5926 ), #3136, .F. ) ;
#6499 = DIRECTION ( 'NONE',  ( 0.000000000000000000, -1.000000000000000000, 0.000000000000000000 ) ) ;
#6500 = CIRCLE ( 'NONE', #1574, 7.650000000000000355 ) ;
#6501 = VERTEX_POINT ( 'NONE', #5511 ) ;
#6502 = EDGE_CURVE ( 'NONE', #4222, #1427, #76, .T. ) ;
#6503 = EDGE_CURVE ( 'NONE', #4438, #5918, #4059, .T. ) ;
#6504 = EDGE_CURVE ( 'NONE', #4896, #6224, #4830, .T. ) ;
#6505 = CARTESIAN_POINT ( 'NONE',  ( 2.571963978632909154, 3.176175380897986233, 7.204686064820229774 ) ) ;
#6506 = DIRECTION ( 'NONE',  ( 1.000000000000000000, 2.168404344971008252E-17, 8.673617379884035472E-17 ) ) ;
#6507 = VECTOR ( 'NONE', #4200, 1000.000000000000000 ) ;
#6508 = EDGE_CURVE ( 'NONE', #7164, #6719, #5287, .T. ) ;
#6509 = DIRECTION ( 'NONE',  ( 0.000000000000000000, 0.000000000000000000, -1.000000000000000000 ) ) ;
#6510 = LINE ( 'NONE', #3653, #2651 ) ;
#6511 = ORIENTED_EDGE ( 'NONE', *, *, #3495, .F. ) ;
#6512 = VERTEX_POINT ( 'NONE', #2032 ) ;
#6513 = VECTOR ( 'NONE', #4602, 1000.000000000000000 ) ;
#6514 = CARTESIAN_POINT ( 'NONE',  ( -3.532332510810049619, 21.12448543866201689, 1.448084206748531555 ) ) ;
#6515 = ADVANCED_FACE ( 'NONE', ( #7225 ), #2818, .F. ) ;
#6516 = CARTESIAN_POINT ( 'NONE',  ( -0.2031157274472607244, 20.01240626772481690, -3.532332510810048287 ) ) ;
#6517 = ORIENTED_EDGE ( 'NONE', *, *, #2183, .F. ) ;
#6518 = VECTOR ( 'NONE', #6324, 1000.000000000000000 ) ;
#6519 = CARTESIAN_POINT ( 'NONE',  ( -1.380000000000000115, 9.768344573749498494, 5.400000000000000355 ) ) ;
#6520 = ORIENTED_EDGE ( 'NONE', *, *, #7047, .T. ) ;
#6521 = CARTESIAN_POINT ( 'NONE',  ( 1.763379012427896741, 22.07148062438313474, 6.490935200614185163 ) ) ;
#6522 = CARTESIAN_POINT ( 'NONE',  ( 4.555805433952621719, 7.763919350724530766, -2.192314546146025389 ) ) ;
#6523 = DIRECTION ( 'NONE',  ( 0.000000000000000000, 0.000000000000000000, -1.000000000000000000 ) ) ;
#6524 = AXIS2_PLACEMENT_3D ( 'NONE', #1782, #4027, #5574 ) ;
#6525 = CYLINDRICAL_SURFACE ( 'NONE', #6601, 0.2000000000000002887 ) ;
#6526 = FACE_OUTER_BOUND ( 'NONE', #5231, .T. ) ;
#6527 = TOROIDAL_SURFACE ( 'NONE', #5012, 0.1299999999999999767, 0.02000000000000000042 ) ;
#6528 = LINE ( 'NONE', #6048, #176 ) ;
#6529 = CARTESIAN_POINT ( 'NONE',  ( -4.501950110210664491, 19.99999999999999645, -1.854166666666667407 ) ) ;
#6530 = DIRECTION ( 'NONE',  ( -0.000000000000000000, 1.000000000000000000, -0.000000000000000000 ) ) ;
#6531 = EDGE_LOOP ( 'NONE', ( #6927, #5179, #4017, #18, #4156, #6762 ) ) ;
#6532 = CARTESIAN_POINT ( 'NONE',  ( 1.400000000000000133, 11.54484625457503100, 5.498426807238718794 ) ) ;
#6533 = ORIENTED_EDGE ( 'NONE', *, *, #718, .F. ) ;
#6534 = CARTESIAN_POINT ( 'NONE',  ( 0.000000000000000000, 7.500000000000000000, 0.000000000000000000 ) ) ;
#6535 = AXIS2_PLACEMENT_3D ( 'NONE', #6311, #5066, #6235 ) ;
#6536 = DIRECTION ( 'NONE',  ( -1.000000000000000000, 0.000000000000000000, 0.000000000000000000 ) ) ;
#6537 = FACE_OUTER_BOUND ( 'NONE', #5036, .T. ) ;
#6538 = EDGE_LOOP ( 'NONE', ( #6511, #1471 ) ) ;
#6539 = FACE_OUTER_BOUND ( 'NONE', #1164, .T. ) ;
#6540 = CARTESIAN_POINT ( 'NONE',  ( 1.379999999999999671, 6.649999999999999467, 4.549999999999999822 ) ) ;
#6541 = EDGE_CURVE ( 'NONE', #497, #229, #6126, .T. ) ;
#6542 = CARTESIAN_POINT ( 'NONE',  ( 1.379999999999999671, 11.52975414413176125, -5.485303232940222706 ) ) ;
#6543 = CARTESIAN_POINT ( 'NONE',  ( 3.226782805549693212, 5.626078208432424788, -3.956290731841324959 ) ) ;
#6544 = APPLICATION_CONTEXT ( 'automotive_design' ) ;
#6545 = VERTEX_POINT ( 'NONE', #620 ) ;
#6546 = VERTEX_POINT ( 'NONE', #4558 ) ;
#6547 = DIRECTION ( 'NONE',  ( 0.000000000000000000, -1.000000000000000000, 0.000000000000000000 ) ) ;
#6548 = ADVANCED_FACE ( 'NONE', ( #4448 ), #5033, .T. ) ;
#6549 = CARTESIAN_POINT ( 'NONE',  ( 0.000000000000000000, 20.00000000000000000, 0.000000000000000000 ) ) ;
#6550 = ORIENTED_EDGE ( 'NONE', *, *, #2771, .T. ) ;
#6551 = CARTESIAN_POINT ( 'NONE',  ( 6.449998654177294455, 20.00000000000000000, -0.004166666666667291977 ) ) ;
#6552 = ORIENTED_EDGE ( 'NONE', *, *, #4123, .T. ) ;
#6553 = CARTESIAN_POINT ( 'NONE',  ( 1.399999999999999689, 6.500000000000000000, -4.469999999999999751 ) ) ;
#6554 = CARTESIAN_POINT ( 'NONE',  ( 5.036781010732894082, 4.910000000000000142, -2.915460667173225939 ) ) ;
#6555 = FACE_OUTER_BOUND ( 'NONE', #2653, .T. ) ;
#6556 = CARTESIAN_POINT ( 'NONE',  ( -3.405877273185284881, 1.499999999999999556, -6.849999999999998757 ) ) ;
#6557 = EDGE_CURVE ( 'NONE', #1041, #5469, #4002, .T. ) ;
#6558 = CARTESIAN_POINT ( 'NONE',  ( -1.784504469723308340, 22.18252128438923521, 3.532332510810047843 ) ) ;
#6559 = CARTESIAN_POINT ( 'NONE',  ( 3.405877273185284881, 1.699999999999999734, -6.849999999999998757 ) ) ;
#6560 = ORIENTED_EDGE ( 'NONE', *, *, #1837, .F. ) ;
#6561 = DIRECTION ( 'NONE',  ( -1.000000000000000000, -0.000000000000000000, -0.000000000000000000 ) ) ;
#6562 = CARTESIAN_POINT ( 'NONE',  ( 2.263182533822364562, 8.000000000000001776, -4.871246803256983782 ) ) ;
#6563 = ORIENTED_EDGE ( 'NONE', *, *, #2513, .F. ) ;
#6564 = PLANE ( 'NONE',  #6872 ) ;
#6565 = VERTEX_POINT ( 'NONE', #1241 ) ;
#6566 = DIRECTION ( 'NONE',  ( -1.000000000000000000, -0.000000000000000000, -0.000000000000000000 ) ) ;
#6567 = VECTOR ( 'NONE', #3034, 1000.000000000000114 ) ;
#6568 = DIRECTION ( 'NONE',  ( -0.000000000000000000, -1.000000000000000000, -0.000000000000000000 ) ) ;
#6569 = CARTESIAN_POINT ( 'NONE',  ( 1.380839982702822599, 6.500000000000000000, 0.7752318993870117581 ) ) ;
#6570 = VERTEX_POINT ( 'NONE', #1132 ) ;
#6571 = AXIS2_PLACEMENT_3D ( 'NONE', #2453, #299, #6382 ) ;
#6572 = DIRECTION ( 'NONE',  ( 0.000000000000000000, 0.000000000000000000, -1.000000000000000000 ) ) ;
#6573 = ORIENTED_EDGE ( 'NONE', *, *, #5306, .T. ) ;
#6574 = DIRECTION ( 'NONE',  ( -1.000000000000000000, 0.000000000000000000, 0.000000000000000000 ) ) ;
#6575 = B_SPLINE_CURVE_WITH_KNOTS ( 'NONE', 3,
 ( #7055, #4282, #6516, #2659, #6000, #283, #963, #5452, #429, #2830, #1593, #3841, #5044, #52, #4942, #7163, #3391, #5630, #4497, #2691, #501, #7198, #2727, #2237, #4536, #2137, #469, #3979, #6721, #6761, #4384, #3947 ),
 .UNSPECIFIED., .F., .F.,
 ( 4, 1, 1, 2, 2, 1, 1, 1, 2, 2, 1, 1, 1, 1, 2, 2, 1, 1, 1, 2, 2, 4 ),
 ( 0.000000000000000000, 0.06249999999999686362, 0.09374999999999499012, 0.1093749999999940742, 0.1249999999999931444, 0.1874999999999895084, 0.2187499999999870104, 0.2343749999999857614, 0.2421874999999851508, 0.2499999999999845401, 0.3749999999999669154, 0.4374999999999582001, 0.4687499999999527045, 0.4843749999999499289, 0.4921874999999484857, 0.4999999999999470424, 0.6249999999999632516, 0.6874999999999712452, 0.7187499999999753530, 0.7343749999999761302, 0.7499999999999769074, 1.000000000000000000 ),
 .UNSPECIFIED. ) ;
#6576 = VECTOR ( 'NONE', #5952, 1000.000000000000000 ) ;
#6577 = FACE_OUTER_BOUND ( 'NONE', #3894, .T. ) ;
#6578 = VERTEX_POINT ( 'NONE', #5689 ) ;
#6579 = CARTESIAN_POINT ( 'NONE',  ( -3.532332510810050508, 20.12965379788077058, 0.5471549404217800339 ) ) ;
#6580 = DIRECTION ( 'NONE',  ( 0.7071067811865473507, -2.775557561562891351E-17, -0.7071067811865477948 ) ) ;
#6581 = EDGE_CURVE ( 'NONE', #1558, #1803, #3718, .T. ) ;
#6582 = VERTEX_POINT ( 'NONE', #3448 ) ;
#6583 = DIRECTION ( 'NONE',  ( 0.000000000000000000, 0.000000000000000000, 1.000000000000000000 ) ) ;
#6584 = ORIENTED_EDGE ( 'NONE', *, *, #3966, .F. ) ;
#6585 = CARTESIAN_POINT ( 'NONE',  ( 1.511461233505632551, 21.25949735547613173, 6.443052370227439596 ) ) ;
#6586 = EDGE_CURVE ( 'NONE', #1909, #6697, #431, .T. ) ;
#6587 = CARTESIAN_POINT ( 'NONE',  ( -1.379999999999999671, 6.649999999999999467, 0.7729309367425446498 ) ) ;
#6588 = ADVANCED_FACE ( 'NONE', ( #6814 ), #6780, .T. ) ;
#6589 = CARTESIAN_POINT ( 'NONE',  ( 1.379999999999999893, 9.655153745424975398, 5.498426807238718794 ) ) ;
#6590 = DIRECTION ( 'NONE',  ( -0.000000000000000000, 1.000000000000000000, -0.000000000000000000 ) ) ;
#6591 = DIRECTION ( 'NONE',  ( 1.000000000000000000, 0.000000000000000000, 0.000000000000000000 ) ) ;
#6592 = EDGE_CURVE ( 'NONE', #3130, #3662, #6639, .T. ) ;
#6593 = DIRECTION ( 'NONE',  ( 0.000000000000000000, 1.000000000000000000, 0.000000000000000000 ) ) ;
#6594 = ORIENTED_EDGE ( 'NONE', *, *, #3454, .T. ) ;
#6595 = CARTESIAN_POINT ( 'NONE',  ( -4.501950110210666267, 22.99999999999999645, -1.854166666666667407 ) ) ;
#6596 = ORIENTED_EDGE ( 'NONE', *, *, #3101, .F. ) ;
#6597 = ORIENTED_EDGE ( 'NONE', *, *, #3789, .F. ) ;
#6598 = LINE ( 'NONE', #2706, #3487 ) ;
#6599 = ORIENTED_EDGE ( 'NONE', *, *, #1644, .F. ) ;
#6600 = CARTESIAN_POINT ( 'NONE',  ( 1.399999999999999689, 6.649999999999999467, -4.379999999999999893 ) ) ;
#6601 = AXIS2_PLACEMENT_3D ( 'NONE', #4841, #4252, #7064 ) ;
#6602 = PRESENTATION_LAYER_ASSIGNMENT (  '', '', ( #6018 ) ) ;
#6603 = AXIS2_PLACEMENT_3D ( 'NONE', #96, #6296, #6219 ) ;
#6604 = DIRECTION ( 'NONE',  ( -0.000000000000000000, -1.000000000000000000, -0.000000000000000000 ) ) ;
#6605 = LINE ( 'NONE', #6063, #4422 ) ;
#6606 = ADVANCED_FACE ( 'NONE', ( #1791 ), #360, .T. ) ;
#6607 = EDGE_LOOP ( 'NONE', ( #5177, #5310, #5115, #3943 ) ) ;
#6608 = CARTESIAN_POINT ( 'NONE',  ( 0.000000000000000000, 20.00000000000000000, 0.000000000000000000 ) ) ;
#6609 = UNCERTAINTY_MEASURE_WITH_UNIT (LENGTH_MEASURE( 1.000000000000000082E-05 ), #1110, 'distance_accuracy_value', 'NONE');
#6610 = CARTESIAN_POINT ( 'NONE',  ( -0.9124905508455762870, 20.38644709989189963, -6.437177341521881146 ) ) ;
#6611 = AXIS2_PLACEMENT_3D ( 'NONE', #2529, #3048, #4786 ) ;
#6612 = FACE_OUTER_BOUND ( 'NONE', #4058, .T. ) ;
#6613 = VERTEX_POINT ( 'NONE', #5142 ) ;
#6614 = CARTESIAN_POINT ( 'NONE',  ( -1.399999999999999689, 6.500000000000000000, -0.8398232385305504089 ) ) ;
#6615 = VECTOR ( 'NONE', #7140, 1000.000000000000000 ) ;
#6616 = VECTOR ( 'NONE', #4294, 1000.000000000000114 ) ;
#6617 = CIRCLE ( 'NONE', #2867, 6.750000000000000000 ) ;
#6618 = CARTESIAN_POINT ( 'NONE',  ( -2.847419838194335195, 3.008506057664686040, -7.100900871338165388 ) ) ;
#6619 = ORIENTED_EDGE ( 'NONE', *, *, #3411, .F. ) ;
#6620 = VERTEX_POINT ( 'NONE', #2851 ) ;
#6621 = CARTESIAN_POINT ( 'NONE',  ( -1.380000000000000115, 8.759938365018300033, -4.438449618462786184 ) ) ;
#6622 = AXIS2_PLACEMENT_3D ( 'NONE', #5307, #3734, #1488 ) ;
#6623 = FACE_OUTER_BOUND ( 'NONE', #605, .T. ) ;
#6624 = DIRECTION ( 'NONE',  ( 0.000000000000000000, 0.000000000000000000, -1.000000000000000000 ) ) ;
#6625 = ADVANCED_FACE ( 'NONE', ( #110 ), #5619, .F. ) ;
#6626 = DIRECTION ( 'NONE',  ( 0.000000000000000000, 0.000000000000000000, 1.000000000000000000 ) ) ;
#6627 = VECTOR ( 'NONE', #3721, 1000.000000000000000 ) ;
#6628 = AXIS2_PLACEMENT_3D ( 'NONE', #4701, #254, #2963 ) ;
#6629 = DIRECTION ( 'NONE',  ( -0.7071067811865474617, 0.000000000000000000, -0.7071067811865474617 ) ) ;
#6630 = EDGE_CURVE ( 'NONE', #2349, #5861, #693, .T. ) ;
#6631 = CARTESIAN_POINT ( 'NONE',  ( 7.085102807365161404, 3.000000000000000000, -2.885102807365161670 ) ) ;
#6632 = EDGE_LOOP ( 'NONE', ( #2720, #1492, #879, #3 ) ) ;
#6633 = CARTESIAN_POINT ( 'NONE',  ( -2.571963978632912706, 8.000000000000000000, -7.204686064820227998 ) ) ;
#6634 = VERTEX_POINT ( 'NONE', #5651 ) ;
#6635 = FACE_OUTER_BOUND ( 'NONE', #6968, .T. ) ;
#6636 = CIRCLE ( 'NONE', #2762, 0.1700000000000000122 ) ;
#6637 = CYLINDRICAL_SURFACE ( 'NONE', #1167, 0.1499999999999999667 ) ;
#6638 = CARTESIAN_POINT ( 'NONE',  ( -1.399999999999999245, 2.790441948979335507, 2.426471259982028617 ) ) ;
#6639 = CIRCLE ( 'NONE', #3239, 0.02000000000000005246 ) ;
#6640 = EDGE_CURVE ( 'NONE', #5398, #1950, #5102, .T. ) ;
#6641 = FACE_BOUND ( 'NONE', #1416, .T. ) ;
#6642 = EDGE_CURVE ( 'NONE', #6168, #593, #2304, .T. ) ;
#6643 = VERTEX_POINT ( 'NONE', #3669 ) ;
#6644 = CARTESIAN_POINT ( 'NONE',  ( 1.393823247546297717, 6.500000000000000000, 0.8140959846906092867 ) ) ;
#6645 = CARTESIAN_POINT ( 'NONE',  ( 7.279416985118927208, 3.101558808504984110, 2.352227884582229311 ) ) ;
#6646 = VERTEX_POINT ( 'NONE', #4146 ) ;
#6647 = DIRECTION ( 'NONE',  ( -1.000000000000000000, 0.000000000000000000, -0.000000000000000000 ) ) ;
#6648 = AXIS2_PLACEMENT_3D ( 'NONE', #297, #4815, #220 ) ;
#6649 = CARTESIAN_POINT ( 'NONE',  ( -1.511461233505633439, 21.25949735547612818, -6.443052370227439596 ) ) ;
#6650 = PRODUCT_RELATED_PRODUCT_CATEGORY ( 'part', '', ( #4231 ) ) ;
#6651 = ADVANCED_FACE ( 'NONE', ( #6920 ), #3040, .T. ) ;
#6652 = DIRECTION ( 'NONE',  ( 0.000000000000000000, 1.000000000000000000, 0.000000000000000000 ) ) ;
#6653 = VERTEX_POINT ( 'NONE', #218 ) ;
#6654 = FACE_OUTER_BOUND ( 'NONE', #403, .T. ) ;
#6655 = FACE_OUTER_BOUND ( 'NONE', #3644, .T. ) ;
#6656 = EDGE_LOOP ( 'NONE', ( #2748, #5093, #3089, #4996 ) ) ;
#6657 = ORIENTED_EDGE ( 'NONE', *, *, #5706, .F. ) ;
#6658 = CARTESIAN_POINT ( 'NONE',  ( 1.379999999999999671, 12.34999999999999964, 2.027069063257455728 ) ) ;
#6659 = DIRECTION ( 'NONE',  ( -1.227746447048803788E-16, 0.000000000000000000, -1.000000000000000000 ) ) ;
#6660 = DIRECTION ( 'NONE',  ( 1.000000000000000000, 2.168404344971008252E-17, -8.673617379884035472E-17 ) ) ;
#6661 = DIRECTION ( 'NONE',  ( -0.4876598490941760344, -0.7241379310344822073, 0.4876598490941660979 ) ) ;
#6662 = CARTESIAN_POINT ( 'NONE',  ( 1.766152600636125003, 22.08543571443840747, -3.532332510810048731 ) ) ;
#6663 = DIRECTION ( 'NONE',  ( 0.000000000000000000, -1.000000000000000000, 0.000000000000000000 ) ) ;
#6664 = VERTEX_POINT ( 'NONE', #1388 ) ;
#6665 = CYLINDRICAL_SURFACE ( 'NONE', #554, 0.02000000000000005246 ) ;
#6666 = ORIENTED_EDGE ( 'NONE', *, *, #5201, .F. ) ;
#6667 = FACE_BOUND ( 'NONE', #814, .T. ) ;
#6668 = CARTESIAN_POINT ( 'NONE',  ( -4.433344562587856252, 2.048942590553170628, 2.312024219028144145 ) ) ;
#6669 = CARTESIAN_POINT ( 'NONE',  ( -1.380000000000000115, 6.649999999999999467, 4.400000000000000355 ) ) ;
#6670 = CARTESIAN_POINT ( 'NONE',  ( -1.380000000000000115, 8.631655426250503638, -4.549999999999998934 ) ) ;
#6671 = DIRECTION ( 'NONE',  ( -0.000000000000000000, -1.000000000000000000, -0.000000000000000000 ) ) ;
#6672 = EDGE_CURVE ( 'NONE', #1231, #3861, #6309, .T. ) ;
#6673 = VERTEX_POINT ( 'NONE', #3633 ) ;
#6674 =( NAMED_UNIT ( * ) SI_UNIT ( $, .STERADIAN. ) SOLID_ANGLE_UNIT ( ) );
#6675 = VERTEX_POINT ( 'NONE', #727 ) ;
#6676 = TOROIDAL_SURFACE ( 'NONE', #3276, 0.1299999999999999767, 0.02000000000000000042 ) ;
#6677 = CARTESIAN_POINT ( 'NONE',  ( -1.289495469421356955, 20.83204279182874785, -6.433648487540993166 ) ) ;
#6678 = ORIENTED_EDGE ( 'NONE', *, *, #5020, .T. ) ;
#6679 = EDGE_CURVE ( 'NONE', #4567, #7214, #1708, .T. ) ;
#6680 = EDGE_CURVE ( 'NONE', #3347, #2482, #5821, .T. ) ;
#6681 = CIRCLE ( 'NONE', #3051, 5.000000000000000000 ) ;
#6682 = AXIS2_PLACEMENT_3D ( 'NONE', #3829, #2096, #3268 ) ;
#6683 = PLANE ( 'NONE',  #425 ) ;
#6684 = ADVANCED_FACE ( 'NONE', ( #6957 ), #1865, .F. ) ;
#6685 = ORIENTED_EDGE ( 'NONE', *, *, #4396, .T. ) ;
#6686 = ADVANCED_FACE ( 'NONE', ( #1977 ), #5212, .T. ) ;
#6687 = DIRECTION ( 'NONE',  ( 0.000000000000000000, 1.000000000000000000, -0.000000000000000000 ) ) ;
#6688 = VERTEX_POINT ( 'NONE', #5281 ) ;
#6689 = EDGE_CURVE ( 'NONE', #3170, #4487, #2174, .T. ) ;
#6690 = ORIENTED_EDGE ( 'NONE', *, *, #7008, .T. ) ;
#6691 = DIRECTION ( 'NONE',  ( -1.000000000000000000, 0.000000000000000000, -0.000000000000000000 ) ) ;
#6692 = DIRECTION ( 'NONE',  ( 0.8028956459037006610, 0.5961196035938418625, 0.000000000000000000 ) ) ;
#6693 = DIRECTION ( 'NONE',  ( 1.000000000000000000, 0.000000000000000000, 0.000000000000000000 ) ) ;
#6694 = DIRECTION ( 'NONE',  ( 0.000000000000000000, 0.000000000000000000, -1.000000000000000000 ) ) ;
#6695 = CARTESIAN_POINT ( 'NONE',  ( 1.461445053144962758, 21.15185678870615149, -3.532332510810048287 ) ) ;
#6696 = CARTESIAN_POINT ( 'NONE',  ( -2.986171345291897428, 4.950000000000000178, -5.107491688851538925 ) ) ;
#6697 = VERTEX_POINT ( 'NONE', #1278 ) ;
#6698 = CARTESIAN_POINT ( 'NONE',  ( -3.532332510810049619, 22.06755310009427973, -1.762588677468428067 ) ) ;
#6699 = ORIENTED_EDGE ( 'NONE', *, *, #4766, .T. ) ;
#6700 = CARTESIAN_POINT ( 'NONE',  ( -7.171856393899841642, 2.999999999999999556, -2.663767322733573639 ) ) ;
#6701 = CARTESIAN_POINT ( 'NONE',  ( 0.000000000000000000, 0.000000000000000000, 3.532332510810049175 ) ) ;
#6702 = FACE_OUTER_BOUND ( 'NONE', #5455, .T. ) ;
#6703 = DIRECTION ( 'NONE',  ( 0.000000000000000000, 0.000000000000000000, 1.000000000000000000 ) ) ;
#6704 = CARTESIAN_POINT ( 'NONE',  ( 4.046831517071719730, 3.090000000000000746, 4.046831517071717066 ) ) ;
#6705 = CARTESIAN_POINT ( 'NONE',  ( 3.266464433174222304, 0.000000000000000000, 3.266464433174222304 ) ) ;
#6706 = CARTESIAN_POINT ( 'NONE',  ( 5.624665225307632355, 19.99999999999999645, -1.854166666666667407 ) ) ;
#6707 = VECTOR ( 'NONE', #5868, 1000.000000000000114 ) ;
#6708 = EDGE_LOOP ( 'NONE', ( #4118, #3573, #6036, #1769 ) ) ;
#6709 = CARTESIAN_POINT ( 'NONE',  ( -4.504887891932464861, 19.99999999999999645, 0.004166666666666897327 ) ) ;
#6710 = ORIENTED_EDGE ( 'NONE', *, *, #1695, .F. ) ;
#6711 = CYLINDRICAL_SURFACE ( 'NONE', #373, 0.02000000000000005246 ) ;
#6712 = EDGE_LOOP ( 'NONE', ( #5382, #286, #2126, #6023 ) ) ;
#6713 = AXIS2_PLACEMENT_3D ( 'NONE', #1528, #1079, #6113 ) ;
#6714 = ADVANCED_FACE ( 'NONE', ( #6450 ), #4669, .T. ) ;
#6715 = AXIS2_PLACEMENT_3D ( 'NONE', #3021, #1878, #269 ) ;
#6716 = DIRECTION ( 'NONE',  ( -0.5120428415488789131, -0.6896551724137937045, -0.5120428415488786911 ) ) ;
#6717 = AXIS2_PLACEMENT_3D ( 'NONE', #3996, #6229, #3407 ) ;
#6718 = EDGE_CURVE ( 'NONE', #6796, #6224, #5591, .T. ) ;
#6719 = VERTEX_POINT ( 'NONE', #1425 ) ;
#6720 = EDGE_CURVE ( 'NONE', #3347, #822, #2884, .T. ) ;
#6721 = CARTESIAN_POINT ( 'NONE',  ( -1.753896058129359448, 22.02553388946870072, -3.532332510810049619 ) ) ;
#6722 = ORIENTED_EDGE ( 'NONE', *, *, #985, .T. ) ;
#6723 = ORIENTED_EDGE ( 'NONE', *, *, #126, .T. ) ;
#6724 = VECTOR ( 'NONE', #4654, 1000.000000000000000 ) ;
#6725 = CARTESIAN_POINT ( 'NONE',  ( 2.966664951328146227, 4.978965517241379146, -5.087985294887762855 ) ) ;
#6726 = CYLINDRICAL_SURFACE ( 'NONE', #2924, 0.01999999999999999001 ) ;
#6727 = CARTESIAN_POINT ( 'NONE',  ( -1.854166666666499097, 19.99999999999999645, 1.854166666666666297 ) ) ;
#6728 = CARTESIAN_POINT ( 'NONE',  ( 3.532332510810047399, 20.22895624945931203, 0.7197051119874372516 ) ) ;
#6729 = ADVANCED_FACE ( 'NONE', ( #6343 ), #1314, .T. ) ;
#6730 = AXIS2_PLACEMENT_3D ( 'NONE', #2925, #6918, #5836 ) ;
#6731 = CARTESIAN_POINT ( 'NONE',  ( 1.510176442678589304, 21.25656110838011159, -3.532332510810048287 ) ) ;
#6732 = CARTESIAN_POINT ( 'NONE',  ( 0.000000000000000000, -1.999999999999999112, 0.000000000000000000 ) ) ;
#6733 = VERTEX_POINT ( 'NONE', #4185 ) ;
#6734 = CIRCLE ( 'NONE', #6970, 6.450000000000001066 ) ;
#6735 = DIRECTION ( 'NONE',  ( 0.000000000000000000, -0.9863939238321488556, -0.1643989873053274264 ) ) ;
#6736 = ORIENTED_EDGE ( 'NONE', *, *, #1293, .F. ) ;
#6737 = CYLINDRICAL_SURFACE ( 'NONE', #323, 0.02000000000000005246 ) ;
#6738 = CARTESIAN_POINT ( 'NONE',  ( 1.379999999999999671, 6.649999999999999467, -4.549999999999999822 ) ) ;
#6739 = CARTESIAN_POINT ( 'NONE',  ( -4.999999999999999112, 7.500000000000000000, 0.000000000000000000 ) ) ;
#6740 = CIRCLE ( 'NONE', #2514, 0.01999999999999999695 ) ;
#6741 = CARTESIAN_POINT ( 'NONE',  ( 4.027325123107952543, 4.978965517241379146, 4.027325123107949878 ) ) ;
#6742 = TOROIDAL_SURFACE ( 'NONE', #1473, 7.937575314873084764, 0.2000000000000000111 ) ;
#6743 = DIRECTION ( 'NONE',  ( 1.327676691011044728E-16, 0.000000000000000000, 1.000000000000000000 ) ) ;
#6744 = CARTESIAN_POINT ( 'NONE',  ( 0.000000000000000000, 10.00000000000000000, 0.000000000000000000 ) ) ;
#6745 = EDGE_LOOP ( 'NONE', ( #5221, #788, #2199, #6078 ) ) ;
#6746 = DIRECTION ( 'NONE',  ( 0.7071067811865477948, 0.000000000000000000, 0.7071067811865473507 ) ) ;
#6747 = CIRCLE ( 'NONE', #2290, 0.01999999999999996225 ) ;
#6748 = VERTEX_POINT ( 'NONE', #839 ) ;
#6749 = LINE ( 'NONE', #6818, #6106 ) ;
#6750 = VECTOR ( 'NONE', #6011, 1000.000000000000114 ) ;
#6751 = PRODUCT_CONTEXT ( 'NONE', #6544, 'mechanical' ) ;
#6752 = LINE ( 'NONE', #4047, #5341 ) ;
#6753 = VECTOR ( 'NONE', #3405, 1000.000000000000000 ) ;
#6754 = EDGE_LOOP ( 'NONE', ( #4991, #1323, #6795, #753 ) ) ;
#6755 =( GEOMETRIC_REPRESENTATION_CONTEXT ( 3 ) GLOBAL_UNCERTAINTY_ASSIGNED_CONTEXT ( ( #955 ) ) GLOBAL_UNIT_ASSIGNED_CONTEXT ( ( #3541, #4127, #2466 ) ) REPRESENTATION_CONTEXT ( 'NONE', 'WORKASPACE' ) );
#6756 = DIRECTION ( 'NONE',  ( -5.122298795473439605E-17, -0.6561787149247869655, 0.7546055221635044052 ) ) ;
#6757 = EDGE_CURVE ( 'NONE', #5450, #5736, #5824, .T. ) ;
#6758 = FILL_AREA_STYLE ('',( #2904 ) ) ;
#6759 = EDGE_CURVE ( 'NONE', #6911, #3737, #875, .T. ) ;
#6760 = AXIS2_PLACEMENT_3D ( 'NONE', #5311, #2549, #3033 ) ;
#6761 = CARTESIAN_POINT ( 'NONE',  ( -1.822080071934613965, 22.35476295611254116, -3.532332510810048287 ) ) ;
#6762 = ORIENTED_EDGE ( 'NONE', *, *, #2067, .T. ) ;
#6763 = VERTEX_POINT ( 'NONE', #2377 ) ;
#6764 = CARTESIAN_POINT ( 'NONE',  ( -4.433344562587833160, 5.951057409446828039, -2.312024219028188554 ) ) ;
#6765 = DIRECTION ( 'NONE',  ( 0.000000000000000000, 1.000000000000000000, -0.000000000000000000 ) ) ;
#6766 = FACE_OUTER_BOUND ( 'NONE', #3982, .T. ) ;
#6767 = CARTESIAN_POINT ( 'NONE',  ( 0.000000000000000000, 8.000000000000000000, 0.000000000000000000 ) ) ;
#6768 = ADVANCED_FACE ( 'NONE', ( #4627 ), #1460, .F. ) ;
#6769 = CARTESIAN_POINT ( 'NONE',  ( -4.500000000000000000, 7.499999999999998224, 2.179449471770337432 ) ) ;
#6770 = ORIENTED_EDGE ( 'NONE', *, *, #2699, .T. ) ;
#6771 = DIRECTION ( 'NONE',  ( 0.000000000000000000, 1.000000000000000000, 0.000000000000000000 ) ) ;
#6772 = ORIENTED_EDGE ( 'NONE', *, *, #6407, .T. ) ;
#6773 = CARTESIAN_POINT ( 'NONE',  ( 1.400000000000000133, 6.500000000000000000, -0.8529309367425446098 ) ) ;
#6774 = DIRECTION ( 'NONE',  ( 0.7071067811865451302, -3.056747976430751789E-16, 0.7071067811865500152 ) ) ;
#6775 = LINE ( 'NONE', #5170, #630 ) ;
#6776 = ADVANCED_FACE ( 'NONE', ( #3816 ), #4865, .T. ) ;
#6777 = DIRECTION ( 'NONE',  ( 1.000000000000000000, 0.000000000000000000, 0.000000000000000000 ) ) ;
#6778 = CARTESIAN_POINT ( 'NONE',  ( -0.004166666666499154771, 20.00000000000000000, -3.532332510810048287 ) ) ;
#6779 = CARTESIAN_POINT ( 'NONE',  ( 1.071565949253934321E-15, 2.428148006742123943, 8.750000000000000000 ) ) ;
#6780 = CYLINDRICAL_SURFACE ( 'NONE', #4652, 8.750000000000001776 ) ;
#6781 = VERTEX_POINT ( 'NONE', #1569 ) ;
#6782 = CARTESIAN_POINT ( 'NONE',  ( 4.400384907664998124, 2.000000000000000444, -2.279064564105333979 ) ) ;
#6783 = ORIENTED_EDGE ( 'NONE', *, *, #462, .F. ) ;
#6784 = DIRECTION ( 'NONE',  ( 0.000000000000000000, 1.000000000000000000, 0.000000000000000000 ) ) ;
#6785 = ORIENTED_EDGE ( 'NONE', *, *, #2637, .T. ) ;
#6786 = APPLICATION_PROTOCOL_DEFINITION ( 'draft international standard', 'automotive_design', 1998, #1247 ) ;
#6787 = CARTESIAN_POINT ( 'NONE',  ( -4.501950110211361711, 19.99999999999999645, 1.854166666666666963 ) ) ;
#6788 = ORIENTED_EDGE ( 'NONE', *, *, #407, .T. ) ;
#6789 = VECTOR ( 'NONE', #3846, 1000.000000000000000 ) ;
#6790 = ORIENTED_EDGE ( 'NONE', *, *, #1828, .F. ) ;
#6791 = DIRECTION ( 'NONE',  ( -5.122298795473439605E-17, -0.6561787149247870765, 0.7546055221635045163 ) ) ;
#6792 = DIRECTION ( 'NONE',  ( 1.000000000000000000, 2.168404344971008252E-17, -8.673617379884035472E-17 ) ) ;
#6793 = CLOSED_SHELL ( 'NONE', ( #5717, #6854, #2730, #2906, #5166, #4235 ) ) ;
#6794 = CARTESIAN_POINT ( 'NONE',  ( 1.379999999999999671, 12.48000000000000220, -2.027069063257456172 ) ) ;
#6795 = ORIENTED_EDGE ( 'NONE', *, *, #5967, .T. ) ;
#6796 = VERTEX_POINT ( 'NONE', #1607 ) ;
#6797 = CARTESIAN_POINT ( 'NONE',  ( -6.487532605504383376, 22.03015670506574253, -1.754871359571680278 ) ) ;
#6798 = CIRCLE ( 'NONE', #4592, 8.750000000000001776 ) ;
#6799 = DIRECTION ( 'NONE',  ( 0.000000000000000000, 0.000000000000000000, -1.000000000000000000 ) ) ;
#6800 = CARTESIAN_POINT ( 'NONE',  ( 3.532332510810049175, 20.00000000000000000, 0.1644078365538288455 ) ) ;
#6801 = CIRCLE ( 'NONE', #6222, 7.650000000000000355 ) ;
#6802 = CARTESIAN_POINT ( 'NONE',  ( 7.252000366886311333, 8.000000000000000000, -2.435362535369390180 ) ) ;
#6803 = ORIENTED_EDGE ( 'NONE', *, *, #5201, .T. ) ;
#6804 = ADVANCED_FACE ( 'NONE', ( #3713 ), #3852, .F. ) ;
#6805 = CARTESIAN_POINT ( 'NONE',  ( 1.379999999999999671, 12.48000000000000220, 0.000000000000000000 ) ) ;
#6806 = EDGE_CURVE ( 'NONE', #502, #6578, #2594, .T. ) ;
#6807 = EDGE_LOOP ( 'NONE', ( #3950, #6909 ) ) ;
#6808 = CARTESIAN_POINT ( 'NONE',  ( 1.379999999999999671, 6.622052172158088723, 0.9406179037940093357 ) ) ;
#6809 = CARTESIAN_POINT ( 'NONE',  ( -1.393823247546298383, 6.500000000000000000, 4.508834952051935296 ) ) ;
#6810 = CYLINDRICAL_SURFACE ( 'NONE', #2971, 0.5000000000000004441 ) ;
#6811 = CARTESIAN_POINT ( 'NONE',  ( 1.397319086605161687, 6.500000000000000000, -0.8267289123675667373 ) ) ;
#6812 = EDGE_CURVE ( 'NONE', #3838, #497, #4955, .T. ) ;
#6813 = CARTESIAN_POINT ( 'NONE',  ( 0.000000000000000000, 2.414376437054497782, 0.000000000000000000 ) ) ;
#6814 = FACE_OUTER_BOUND ( 'NONE', #2583, .T. ) ;
#6815 = EDGE_LOOP ( 'NONE', ( #877, #238, #6785, #1296 ) ) ;
#6816 = DIRECTION ( 'NONE',  ( 8.673617379884035472E-17, 1.880790961315659329E-33, -1.000000000000000000 ) ) ;
#6817 = ORIENTED_EDGE ( 'NONE', *, *, #7247, .T. ) ;
#6818 = CARTESIAN_POINT ( 'NONE',  ( -2.279064564105349078, 2.000000000000000444, -4.400384907664990131 ) ) ;
#6819 = PRODUCT_DEFINITION_CONTEXT ( 'detailed design', #268, 'design' ) ;
#6820 = EDGE_CURVE ( 'NONE', #2441, #5540, #367, .T. ) ;
#6821 = EDGE_CURVE ( 'NONE', #1219, #2441, #4302, .T. ) ;
#6822 = AXIS2_PLACEMENT_3D ( 'NONE', #3379, #6506, #2814 ) ;
#6823 = DIRECTION ( 'NONE',  ( 0.000000000000000000, 1.000000000000000000, 0.000000000000000000 ) ) ;
#6824 = ORIENTED_EDGE ( 'NONE', *, *, #377, .T. ) ;
#6825 = ORIENTED_EDGE ( 'NONE', *, *, #272, .F. ) ;
#6826 = CARTESIAN_POINT ( 'NONE',  ( 0.000000000000000000, 6.500000000000000000, 0.000000000000000000 ) ) ;
#6827 = DIRECTION ( 'NONE',  ( 0.000000000000000000, 0.9991659976975394430, 0.04083269578512603581 ) ) ;
#6828 = STYLED_ITEM ( 'NONE', ( #3356 ), #3206 ) ;
#6829 = CONICAL_SURFACE ( 'NONE', #1208, 7.650000000000000355, 0.2683662109059070100 ) ;
#6830 = DIRECTION ( 'NONE',  ( 0.000000000000000000, -0.7546055221635206145, -0.6561787149247685358 ) ) ;
#6831 = ORIENTED_EDGE ( 'NONE', *, *, #3677, .F. ) ;
#6832 = ORIENTED_EDGE ( 'NONE', *, *, #5925, .T. ) ;
#6833 = CARTESIAN_POINT ( 'NONE',  ( 0.000000000000000000, 0.000000000000000000, 0.000000000000000000 ) ) ;
#6834 = FACE_OUTER_BOUND ( 'NONE', #6350, .T. ) ;
#6835 = AXIS2_PLACEMENT_3D ( 'NONE', #6007, #1529, #4916 ) ;
#6836 = CARTESIAN_POINT ( 'NONE',  ( -1.380000000000000115, 9.768344573749500270, -5.549999999999999822 ) ) ;
#6837 = VERTEX_POINT ( 'NONE', #4844 ) ;
#6838 = DIRECTION ( 'NONE',  ( 1.000000000000000000, 0.000000000000000000, 0.000000000000000000 ) ) ;
#6839 = ORIENTED_EDGE ( 'NONE', *, *, #5524, .F. ) ;
#6840 = DIRECTION ( 'NONE',  ( 0.000000000000000000, 0.000000000000000000, 1.000000000000000000 ) ) ;
#6841 = EDGE_CURVE ( 'NONE', #6688, #7148, #6636, .T. ) ;
#6842 = DIRECTION ( 'NONE',  ( -0.000000000000000000, -1.000000000000000000, -0.000000000000000000 ) ) ;
#6843 = CARTESIAN_POINT ( 'NONE',  ( -1.380000000000000115, 12.34999999999999964, -4.343903740188082452 ) ) ;
#6844 = DIRECTION ( 'NONE',  ( 0.000000000000000000, -1.000000000000000000, -0.000000000000000000 ) ) ;
#6845 = AXIS2_PLACEMENT_3D ( 'NONE', #3959, #1747, #2838 ) ;
#6846 = CARTESIAN_POINT ( 'NONE',  ( -1.740979873179049342, 21.96644591800466273, 6.482479227492757623 ) ) ;
#6847 = CARTESIAN_POINT ( 'NONE',  ( 6.433818836589860091, 20.57318593025057751, 1.099495185827324306 ) ) ;
#6848 = DIRECTION ( 'NONE',  ( 1.000000000000000000, 0.000000000000000000, 0.000000000000000000 ) ) ;
#6849 = VECTOR ( 'NONE', #6318, 1000.000000000000114 ) ;
#6850 = ORIENTED_EDGE ( 'NONE', *, *, #7125, .T. ) ;
#6851 = CARTESIAN_POINT ( 'NONE',  ( 2.312024219028204541, 2.048942590553171517, -4.433344562587826054 ) ) ;
#6852 = ORIENTED_EDGE ( 'NONE', *, *, #5559, .T. ) ;
#6853 = DIRECTION ( 'NONE',  ( 0.7071067811865473507, -2.775557561562890735E-17, -0.7071067811865477948 ) ) ;
#6854 = ADVANCED_FACE ( 'NONE', ( #481 ), #4295, .F. ) ;
#6855 = ORIENTED_EDGE ( 'NONE', *, *, #1742, .T. ) ;
#6856 = AXIS2_PLACEMENT_3D ( 'NONE', #1141, #3279, #569 ) ;
#6857 = CARTESIAN_POINT ( 'NONE',  ( 3.405877273185280885, 1.699999999999999734, 6.850000000000000533 ) ) ;
#6858 = LINE ( 'NONE', #6965, #2865 ) ;
#6859 = CIRCLE ( 'NONE', #5473, 0.1299999999999998934 ) ;
#6860 = VERTEX_POINT ( 'NONE', #2087 ) ;
#6861 = ORIENTED_EDGE ( 'NONE', *, *, #5355, .F. ) ;
#6862 = CARTESIAN_POINT ( 'NONE',  ( -1.400000000000000355, 9.281463325509362150, 8.070837674355974656 ) ) ;
#6863 =( BOUNDED_CURVE ( )  B_SPLINE_CURVE ( 3, ( #559, #5650, #72, #5688 ),
 .UNSPECIFIED., .F., .T. ) 
 B_SPLINE_CURVE_WITH_KNOTS ( ( 4, 4 ),
 ( 2.836899999574395981, 3.446285307605190251 ),
 .UNSPECIFIED. ) 
 CURVE ( )  GEOMETRIC_REPRESENTATION_ITEM ( )  RATIONAL_B_SPLINE_CURVE ( ( 1.000000000000000000, 0.9692928009446305504, 0.9692928009446305504, 1.000000000000000000 ) ) 
 REPRESENTATION_ITEM ( '' )  );
#6864 = CARTESIAN_POINT ( 'NONE',  ( 1.854166666666499985, 23.00000000000000711, -3.532332510810047843 ) ) ;
#6865 = EDGE_CURVE ( 'NONE', #4222, #6796, #3834, .T. ) ;
#6866 = CARTESIAN_POINT ( 'NONE',  ( 0.000000000000000000, 1.500000000000000444, 0.000000000000000000 ) ) ;
#6867 = AXIS2_PLACEMENT_3D ( 'NONE', #2079, #5494, #4354 ) ;
#6868 = DIRECTION ( 'NONE',  ( 0.000000000000000000, -0.6561787149247684248, 0.7546055221635205035 ) ) ;
#6869 = ORIENTED_EDGE ( 'NONE', *, *, #2608, .F. ) ;
#6870 =( LENGTH_UNIT ( ) NAMED_UNIT ( * ) SI_UNIT ( .MILLI., .METRE. ) );
#6871 = ORIENTED_EDGE ( 'NONE', *, *, #2685, .T. ) ;
#6872 = AXIS2_PLACEMENT_3D ( 'NONE', #6120, #5576, #6052 ) ;
#6873 = CARTESIAN_POINT ( 'NONE',  ( -2.279064564105349078, 6.000000000000000000, -4.400384907664990131 ) ) ;
#6874 = DIRECTION ( 'NONE',  ( 0.000000000000000000, 0.000000000000000000, 1.000000000000000000 ) ) ;
#6875 = FACE_OUTER_BOUND ( 'NONE', #6987, .T. ) ;
#6876 = EDGE_LOOP ( 'NONE', ( #187, #5185, #6893, #6119, #2995, #1109, #3188, #4473 ) ) ;
#6877 = DIRECTION ( 'NONE',  ( 0.000000000000000000, 0.000000000000000000, 1.000000000000000000 ) ) ;
#6878 = ORIENTED_EDGE ( 'NONE', *, *, #1184, .T. ) ;
#6879 = CARTESIAN_POINT ( 'NONE',  ( 6.747380340401570642, 19.99999999999999645, 0.004166666666666024761 ) ) ;
#6880 = CARTESIAN_POINT ( 'NONE',  ( -2.435362535369392845, 3.000000000000000000, 7.252000366886310445 ) ) ;
#6881 = CARTESIAN_POINT ( 'NONE',  ( -1.399999999999999467, 0.02644174998362248258, -0.1586504999017351869 ) ) ;
#6882 = DIRECTION ( 'NONE',  ( -0.000000000000000000, 0.000000000000000000, -1.000000000000000000 ) ) ;
#6883 = DIRECTION ( 'NONE',  ( -0.7071067811865547892, -0.000000000000000000, 0.7071067811865403563 ) ) ;
#6884 = CARTESIAN_POINT ( 'NONE',  ( -3.532332510810049175, 20.00000000000000000, 0.004166666666666612832 ) ) ;
#6885 = CARTESIAN_POINT ( 'NONE',  ( 0.000000000000000000, 20.00000000000000000, 0.000000000000000000 ) ) ;
#6886 = ORIENTED_EDGE ( 'NONE', *, *, #7083, .F. ) ;
#6887 = CARTESIAN_POINT ( 'NONE',  ( 6.500738796780888507, 22.18493761391723496, -1.784913698630726797 ) ) ;
#6888 = ORIENTED_EDGE ( 'NONE', *, *, #500, .F. ) ;
#6889 = CARTESIAN_POINT ( 'NONE',  ( -1.400000000000000133, 11.52975414413175947, -5.485303232940223594 ) ) ;
#6890 = VERTEX_POINT ( 'NONE', #6633 ) ;
#6891 = DIRECTION ( 'NONE',  ( 8.673617379884035472E-17, 0.000000000000000000, -1.000000000000000000 ) ) ;
#6892 = VERTEX_POINT ( 'NONE', #6086 ) ;
#6893 = ORIENTED_EDGE ( 'NONE', *, *, #1613, .T. ) ;
#6894 = CARTESIAN_POINT ( 'NONE',  ( 1.854166666666500873, 28.99999999999999645, 3.532332510810049175 ) ) ;
#6895 = EDGE_CURVE ( 'NONE', #3389, #7128, #7033, .T. ) ;
#6896 = EDGE_CURVE ( 'NONE', #6748, #3402, #4921, .T. ) ;
#6897 = CARTESIAN_POINT ( 'NONE',  ( 1.379999999999999671, 6.649999999999999467, 4.379999999999999893 ) ) ;
#6898 = EDGE_CURVE ( 'NONE', #1483, #4438, #7212, .T. ) ;
#6899 = DIRECTION ( 'NONE',  ( 0.000000000000000000, -1.000000000000000000, 0.000000000000000000 ) ) ;
#6900 = LINE ( 'NONE', #4684, #2527 ) ;
#6901 = ORIENTED_EDGE ( 'NONE', *, *, #2278, .T. ) ;
#6902 = DIRECTION ( 'NONE',  ( 0.000000000000000000, 0.000000000000000000, 1.000000000000000000 ) ) ;
#6903 = ORIENTED_EDGE ( 'NONE', *, *, #228, .F. ) ;
#6904 = AXIS2_PLACEMENT_3D ( 'NONE', #4502, #7169, #7239 ) ;
#6905 = CARTESIAN_POINT ( 'NONE',  ( -3.371095403779724275, 1.616491533522732116, -6.867199217059261507 ) ) ;
#6906 = CARTESIAN_POINT ( 'NONE',  ( 0.8263614878977609823, 20.31225200125701846, 3.532332510810048287 ) ) ;
#6907 = ADVANCED_FACE ( 'NONE', ( #3991 ), #6665, .T. ) ;
#6908 = CARTESIAN_POINT ( 'NONE',  ( -1.400000000000000577, 11.54484625457503100, -5.498426807238717906 ) ) ;
#6909 = ORIENTED_EDGE ( 'NONE', *, *, #5854, .T. ) ;
#6910 = DIRECTION ( 'NONE',  ( -1.000000000000000000, 0.000000000000000000, 0.000000000000000000 ) ) ;
#6911 = VERTEX_POINT ( 'NONE', #612 ) ;
#6912 = B_SPLINE_CURVE_WITH_KNOTS ( 'NONE', 3,
 ( #5188, #4436, #4468, #7173, #5500, #158, #6662, #2185, #3253, #3921, #5022, #6731, #3330, #511, #6695, #5536, #1672, #2149, #6115, #577, #1014, #23, #2392, #4055, #6290, #3849, #477, #1603, #1084, #4983, #1259, #1634, #2738 ),
 .UNSPECIFIED., .F., .F.,
 ( 4, 1, 1, 1, 2, 2, 1, 1, 1, 1, 2, 2, 1, 1, 1, 1, 2, 2, 1, 1, 2, 2, 4 ),
 ( 0.000000000000000000, 0.1249999999999646672, 0.1874999999999469869, 0.2187499999999368283, 0.2343749999999330813, 0.2499999999999293343, 0.3749999999999168443, 0.4374999999999092948, 0.4687499999999067968, 0.4843749999999055755, 0.4921874999999049649, 0.4999999999999044098, 0.6249999999999192868, 0.6874999999999267253, 0.7187499999999303890, 0.7343749999999321654, 0.7421874999999340528, 0.7499999999999359401, 0.8124999999999541478, 0.8437499999999640288, 0.8593749999999682476, 0.8749999999999724665, 1.000000000000000000 ),
 .UNSPECIFIED. ) ;
#6913 = CARTESIAN_POINT ( 'NONE',  ( 0.000000000000000000, 8.000000000000000000, 0.000000000000000000 ) ) ;
#6914 = CARTESIAN_POINT ( 'NONE',  ( -1.854166666666499985, 22.99999999999999645, -6.747380340403940302 ) ) ;
#6915 = CARTESIAN_POINT ( 'NONE',  ( 0.004166666666499937131, 19.99999999999999645, -4.501950110210682254 ) ) ;
#6916 = DIRECTION ( 'NONE',  ( -0.6936187941687648184, 0.000000000000000000, 0.7203422578024065714 ) ) ;
#6917 = TOROIDAL_SURFACE ( 'NONE', #6340, 0.1699999999999999845, 0.02000000000000000042 ) ;
#6918 = DIRECTION ( 'NONE',  ( -0.7071067811865476838, 0.000000000000000000, 0.7071067811865474617 ) ) ;
#6919 = DIRECTION ( 'NONE',  ( 0.000000000000000000, 1.000000000000000000, 0.000000000000000000 ) ) ;
#6920 = FACE_OUTER_BOUND ( 'NONE', #6389, .T. ) ;
#6921 = ORIENTED_EDGE ( 'NONE', *, *, #3102, .T. ) ;
#6922 = CARTESIAN_POINT ( 'NONE',  ( 6.438955303429993116, 20.30493948166103735, -0.8201341201396125102 ) ) ;
#6923 = VERTEX_POINT ( 'NONE', #3374 ) ;
#6924 = CARTESIAN_POINT ( 'NONE',  ( -1.380000000000000115, 12.46319082832452629, 4.442330547426800003 ) ) ;
#6925 = CARTESIAN_POINT ( 'NONE',  ( 0.000000000000000000, 3.000000000000000000, 0.000000000000000000 ) ) ;
#6926 = FACE_OUTER_BOUND ( 'NONE', #5509, .T. ) ;
#6927 = ORIENTED_EDGE ( 'NONE', *, *, #6630, .T. ) ;
#6928 = ORIENTED_EDGE ( 'NONE', *, *, #2721, .T. ) ;
#6929 = SURFACE_SIDE_STYLE ('',( #4268 ) ) ;
#6930 = DIRECTION ( 'NONE',  ( 0.000000000000000000, 0.000000000000000000, 1.000000000000000000 ) ) ;
#6931 = EDGE_CURVE ( 'NONE', #3320, #4597, #314, .T. ) ;
#6932 = CARTESIAN_POINT ( 'NONE',  ( 1.379999999999999671, 8.631655426250503638, 4.400000000000000355 ) ) ;
#6933 = ADVANCED_FACE ( 'NONE', ( #5134 ), #6225, .F. ) ;
#6934 = EDGE_CURVE ( 'NONE', #4616, #2417, #80, .T. ) ;
#6935 = ADVANCED_FACE ( 'NONE', ( #1087 ), #1827, .T. ) ;
#6936 = DIRECTION ( 'NONE',  ( 1.000000000000000000, 0.000000000000000000, 0.000000000000000000 ) ) ;
#6937 = DIRECTION ( 'NONE',  ( -0.000000000000000000, 1.000000000000000000, -0.000000000000000000 ) ) ;
#6938 = ORIENTED_EDGE ( 'NONE', *, *, #7166, .F. ) ;
#6939 = ORIENTED_EDGE ( 'NONE', *, *, #4044, .T. ) ;
#6940 = AXIS2_PLACEMENT_3D ( 'NONE', #835, #6916, #329 ) ;
#6941 = CARTESIAN_POINT ( 'NONE',  ( -1.380000000000000115, 12.50000000000000000, 4.343903740188081564 ) ) ;
#6942 = ADVANCED_FACE ( 'NONE', ( #1749 ), #5609, .F. ) ;
#6943 = AXIS2_PLACEMENT_3D ( 'NONE', #2666, #7137, #4359 ) ;
#6944 = CARTESIAN_POINT ( 'NONE',  ( 0.2031157274472636109, 20.01240626772482400, 3.532332510810049619 ) ) ;
#6945 = ADVANCED_FACE ( 'NONE', ( #2881, #4585 ), #581, .F. ) ;
#6946 = LINE ( 'NONE', #6908, #3942 ) ;
#6947 = ORIENTED_EDGE ( 'NONE', *, *, #762, .T. ) ;
#6948 = AXIS2_PLACEMENT_3D ( 'NONE', #6304, #1972, #6523 ) ;
#6949 = CARTESIAN_POINT ( 'NONE',  ( -7.233617738330952562, 3.101480656498024846, 2.489507632570832296 ) ) ;
#6950 = EDGE_LOOP ( 'NONE', ( #805, #1883, #1155, #3886 ) ) ;
#6951 = CYLINDRICAL_SURFACE ( 'NONE', #1990, 0.02000000000000005246 ) ;
#6952 = FACE_OUTER_BOUND ( 'NONE', #449, .T. ) ;
#6953 = CARTESIAN_POINT ( 'NONE',  ( 0.000000000000000000, 28.99999999999999645, -3.532332510810048287 ) ) ;
#6954 = ADVANCED_FACE ( 'NONE', ( #551 ), #1012, .T. ) ;
#6955 = AXIS2_PLACEMENT_3D ( 'NONE', #2932, #5733, #1840 ) ;
#6956 = DIRECTION ( 'NONE',  ( 1.000000000000000000, 2.168404344971005170E-17, 0.000000000000000000 ) ) ;
#6957 = FACE_OUTER_BOUND ( 'NONE', #3587, .T. ) ;
#6958 = ORIENTED_EDGE ( 'NONE', *, *, #6581, .T. ) ;
#6959 = CARTESIAN_POINT ( 'NONE',  ( 6.437552247912853076, 20.36871311676793539, -0.8927983040262399417 ) ) ;
#6960 = ORIENTED_EDGE ( 'NONE', *, *, #5263, .F. ) ;
#6961 = CARTESIAN_POINT ( 'NONE',  ( -2.179449471770337432, 7.633692192606185145, 4.500000000000000000 ) ) ;
#6962 = AXIS2_PLACEMENT_3D ( 'NONE', #2339, #4731, #6956 ) ;
#6963 = DIRECTION ( 'NONE',  ( 1.000000000000000000, 0.000000000000000000, -0.000000000000000000 ) ) ;
#6964 = AXIS2_PLACEMENT_3D ( 'NONE', #2030, #496, #4380 ) ;
#6965 = CARTESIAN_POINT ( 'NONE',  ( 4.843681451127850757, 8.000000000000000000, -4.843681451127848980 ) ) ;
#6966 = EDGE_LOOP ( 'NONE', ( #6573, #1765, #2253, #5363, #135, #2353, #1535, #3936, #1618, #1858 ) ) ;
#6967 = PRODUCT_DEFINITION_SHAPE ( 'NONE', 'NONE',  #1035 ) ;
#6968 = EDGE_LOOP ( 'NONE', ( #3935, #570, #7088, #1017 ) ) ;
#6969 = DIRECTION ( 'NONE',  ( -0.000000000000000000, -1.000000000000000000, -0.000000000000000000 ) ) ;
#6970 = AXIS2_PLACEMENT_3D ( 'NONE', #3254, #5908, #3116 ) ;
#6971 = CARTESIAN_POINT ( 'NONE',  ( 7.296724953260060431, 3.200000000000000178, 2.297891415291849704 ) ) ;
#6972 = CARTESIAN_POINT ( 'NONE',  ( -1.400000000000000133, 11.43165542625050435, 5.530000000000000249 ) ) ;
#6973 = CIRCLE ( 'NONE', #656, 0.02000000000000005246 ) ;
#6974 = AXIS2_PLACEMENT_3D ( 'NONE', #6794, #3468, #6291 ) ;
#6975 = DIRECTION ( 'NONE',  ( 0.000000000000000000, 0.7546055221635005195, -0.6561787149247915174 ) ) ;
#6976 = CARTESIAN_POINT ( 'NONE',  ( 7.203334277753511650, 3.008500636646443294, 2.577311054879312557 ) ) ;
#6977 = ORIENTED_EDGE ( 'NONE', *, *, #3502, .F. ) ;
#6978 = AXIS2_PLACEMENT_3D ( 'NONE', #2481, #5763, #4108 ) ;
#6979 = ORIENTED_EDGE ( 'NONE', *, *, #5478, .T. ) ;
#6980 = ADVANCED_FACE ( 'NONE', ( #2217 ), #1676, .T. ) ;
#6981 = CARTESIAN_POINT ( 'NONE',  ( 0.000000000000000000, 1.034132122566989942, 0.000000000000000000 ) ) ;
#6982 = CARTESIAN_POINT ( 'NONE',  ( 3.532332510810049619, 21.90082051997009671, -1.725939041233456983 ) ) ;
#6983 = CARTESIAN_POINT ( 'NONE',  ( -2.291287847478249429, 8.000000000000000000, -4.999999999999848121 ) ) ;
#6984 = VERTEX_POINT ( 'NONE', #1230 ) ;
#6985 = VECTOR ( 'NONE', #2820, 1000.000000000000000 ) ;
#6986 = CARTESIAN_POINT ( 'NONE',  ( -1.400000000000000355, 9.655153745424975398, 5.498426807238718794 ) ) ;
#6987 = EDGE_LOOP ( 'NONE', ( #6471, #424, #1525, #6049, #552, #2831 ) ) ;
#6988 = DIRECTION ( 'NONE',  ( -0.000000000000000000, 0.6561787149247869655, 0.7546055221635044052 ) ) ;
#6989 = PRODUCT_DEFINITION_FORMATION_WITH_SPECIFIED_SOURCE ( 'ANY', '', #2577, .NOT_KNOWN. ) ;
#6990 = EDGE_CURVE ( 'NONE', #6108, #4093, #3961, .T. ) ;
#6991 = DIRECTION ( 'NONE',  ( 0.000000000000000000, 0.000000000000000000, -1.000000000000000000 ) ) ;
#6992 = EDGE_CURVE ( 'NONE', #4417, #2452, #3270, .T. ) ;
#6993 = CARTESIAN_POINT ( 'NONE',  ( 1.854166666666499541, 22.99999999999999645, -6.747380340401617715 ) ) ;
#6994 = DIRECTION ( 'NONE',  ( 0.000000000000000000, 0.000000000000000000, 1.000000000000000000 ) ) ;
#6995 = AXIS2_PLACEMENT_3D ( 'NONE', #6658, #1630, #4324 ) ;
#6996 = DIRECTION ( 'NONE',  ( -2.168404344971008252E-17, 1.000000000000000000, 0.000000000000000000 ) ) ;
#6997 = CARTESIAN_POINT ( 'NONE',  ( 6.594282824706734658, 22.99999999999999645, 1.854166666666666075 ) ) ;
#6998 = DIRECTION ( 'NONE',  ( -0.000000000000000000, -1.000000000000000000, -0.000000000000000000 ) ) ;
#6999 = CARTESIAN_POINT ( 'NONE',  ( -6.433648487540961192, 20.83204279182875496, 1.289495469421522600 ) ) ;
#7000 = EDGE_CURVE ( 'NONE', #3896, #2329, #3536, .T. ) ;
#7001 = ORIENTED_EDGE ( 'NONE', *, *, #718, .T. ) ;
#7002 = CARTESIAN_POINT ( 'NONE',  ( 6.441146837634347477, 21.19815402259099102, -1.483435532838264681 ) ) ;
#7003 = ORIENTED_EDGE ( 'NONE', *, *, #2105, .F. ) ;
#7004 = CARTESIAN_POINT ( 'NONE',  ( -7.147016739317312961, 26.99986408759120593, -1.854166666666667407 ) ) ;
#7005 = CARTESIAN_POINT ( 'NONE',  ( 4.552982615442277670, 22.99999999999999645, 1.854166666666666297 ) ) ;
#7006 = DIRECTION ( 'NONE',  ( 0.000000000000000000, -0.000000000000000000, -1.000000000000000000 ) ) ;
#7007 = ORIENTED_EDGE ( 'NONE', *, *, #2686, .F. ) ;
#7008 = EDGE_CURVE ( 'NONE', #3320, #2759, #2950, .T. ) ;
#7009 = ORIENTED_EDGE ( 'NONE', *, *, #4414, .F. ) ;
#7010 =( NAMED_UNIT ( * ) PLANE_ANGLE_UNIT ( ) SI_UNIT ( $, .RADIAN. ) );
#7011 = DIRECTION ( 'NONE',  ( -0.000000000000000000, -1.000000000000000000, -0.000000000000000000 ) ) ;
#7012 = CARTESIAN_POINT ( 'NONE',  ( -2.179449471770337432, 1.500000000000000444, 4.500000000000000000 ) ) ;
#7013 = CARTESIAN_POINT ( 'NONE',  ( -1.379999999999999449, 0.02644174998362247564, 0.1586504999017351591 ) ) ;
#7014 = CARTESIAN_POINT ( 'NONE',  ( -1.379999999999999893, 8.759938365018300033, 4.438449618462787072 ) ) ;
#7015 = ORIENTED_EDGE ( 'NONE', *, *, #4271, .F. ) ;
#7016 = ORIENTED_EDGE ( 'NONE', *, *, #3630, .F. ) ;
#7017 = DIRECTION ( 'NONE',  ( 0.000000000000000000, 0.000000000000000000, 1.000000000000000000 ) ) ;
#7018 = CARTESIAN_POINT ( 'NONE',  ( -4.433344562587855364, 1.500000000000000444, 2.312024219028143257 ) ) ;
#7019 = ORIENTED_EDGE ( 'NONE', *, *, #3512, .F. ) ;
#7020 = CIRCLE ( 'NONE', #5514, 6.750000000000000000 ) ;
#7021 = CARTESIAN_POINT ( 'NONE',  ( 3.532332510810047843, 28.99999999999999645, -3.532332510810048287 ) ) ;
#7022 = ORIENTED_EDGE ( 'NONE', *, *, #5157, .F. ) ;
#7023 = CARTESIAN_POINT ( 'NONE',  ( 1.399999999999999689, 11.43165542625050435, 5.400000000000000355 ) ) ;
#7024 = CARTESIAN_POINT ( 'NONE',  ( 5.573632720074495950, 22.99999999999999645, -1.854166666666667407 ) ) ;
#7025 = DIRECTION ( 'NONE',  ( 0.000000000000000000, 0.9863939238321415282, -0.1643989873053704753 ) ) ;
#7026 = EDGE_CURVE ( 'NONE', #6224, #1427, #437, .T. ) ;
#7027 = CARTESIAN_POINT ( 'NONE',  ( -3.532332510810049175, 20.00000000000000000, -0.004166666666667291977 ) ) ;
#7028 = VECTOR ( 'NONE', #2780, 1000.000000000000000 ) ;
#7029 = DIRECTION ( 'NONE',  ( 0.000000000000000000, 1.000000000000000000, 0.000000000000000000 ) ) ;
#7030 = LINE ( 'NONE', #331, #4168 ) ;
#7031 = DIRECTION ( 'NONE',  ( 0.7071067811865497932, 0.000000000000000000, -0.7071067811865453523 ) ) ;
#7032 = CARTESIAN_POINT ( 'NONE',  ( 1.521180758566098579, 21.27401612695950917, -6.443047303802904580 ) ) ;
#7033 = B_SPLINE_CURVE_WITH_KNOTS ( 'NONE', 3,
 ( #2557, #1533, #1053, #3293, #332, #979, #2011, #3220, #4256, #7144 ),
 .UNSPECIFIED., .F., .F.,
 ( 4, 2, 2, 2, 4 ),
 ( 0.000000000000000000, 0.0002774483335560879328, 0.0004161725003341318449, 0.0004855345837231531234, 0.0005548966671121744560 ),
 .UNSPECIFIED. ) ;
#7034 = ORIENTED_EDGE ( 'NONE', *, *, #4237, .F. ) ;
#7035 = CARTESIAN_POINT ( 'NONE',  ( 6.495691847736264180, 22.12724661236354962, -1.774206577554265252 ) ) ;
#7036 = ORIENTED_EDGE ( 'NONE', *, *, #5119, .T. ) ;
#7037 = LINE ( 'NONE', #258, #5884 ) ;
#7038 = VECTOR ( 'NONE', #1869, 1000.000000000000114 ) ;
#7039 = ADVANCED_FACE ( 'NONE', ( #3031 ), #755, .F. ) ;
#7040 = LINE ( 'NONE', #2639, #3934 ) ;
#7041 = DIRECTION ( 'NONE',  ( -1.000000000000000000, 0.000000000000000000, 0.000000000000000000 ) ) ;
#7042 = AXIS2_PLACEMENT_3D ( 'NONE', #2221, #1680, #3928 ) ;
#7043 = ORIENTED_EDGE ( 'NONE', *, *, #6071, .T. ) ;
#7044 = DIRECTION ( 'NONE',  ( 0.000000000000000000, 0.7546055221635206145, -0.6561787149247685358 ) ) ;
#7045 = CARTESIAN_POINT ( 'NONE',  ( -1.399999999999999911, 12.37137186834969604, 1.898837853159276889 ) ) ;
#7046 = DIRECTION ( 'NONE',  ( 0.000000000000000000, 1.000000000000000000, -0.000000000000000000 ) ) ;
#7047 = EDGE_CURVE ( 'NONE', #4814, #4487, #3624, .T. ) ;
#7048 = FACE_OUTER_BOUND ( 'NONE', #737, .T. ) ;
#7049 = ORIENTED_EDGE ( 'NONE', *, *, #3278, .F. ) ;
#7050 = DIRECTION ( 'NONE',  ( 0.000000000000000000, 0.7071067811865451302, 0.7071067811865499042 ) ) ;
#7051 = VERTEX_POINT ( 'NONE', #5239 ) ;
#7052 = ORIENTED_EDGE ( 'NONE', *, *, #5644, .T. ) ;
#7053 = DIRECTION ( 'NONE',  ( -1.000000000000000000, -0.000000000000000000, -0.000000000000000000 ) ) ;
#7054 = CIRCLE ( 'NONE', #3908, 0.1700000000000000122 ) ;
#7055 = CARTESIAN_POINT ( 'NONE',  ( -0.004166666666499154771, 20.00000000000000000, -3.532332510810048287 ) ) ;
#7056 = ORIENTED_EDGE ( 'NONE', *, *, #6934, .F. ) ;
#7057 = VECTOR ( 'NONE', #6431, 1000.000000000000000 ) ;
#7058 = CARTESIAN_POINT ( 'NONE',  ( -6.594282824706732882, 22.99999999999998934, 1.854166666666667629 ) ) ;
#7059 = ORIENTED_EDGE ( 'NONE', *, *, #6504, .T. ) ;
#7060 = DIRECTION ( 'NONE',  ( 0.000000000000000000, -0.7546055221635206145, -0.6561787149247685358 ) ) ;
#7061 = CIRCLE ( 'NONE', #1447, 7.650000000000000355 ) ;
#7062 = CARTESIAN_POINT ( 'NONE',  ( -1.380000000000000115, 11.43165542625050435, 5.400000000000000355 ) ) ;
#7063 = FACE_OUTER_BOUND ( 'NONE', #93, .T. ) ;
#7064 = DIRECTION ( 'NONE',  ( -0.7071067811865474617, 0.000000000000000000, 0.7071067811865474617 ) ) ;
#7065 = AXIS2_PLACEMENT_3D ( 'NONE', #1257, #5628, #2206 ) ;
#7066 = AXIS2_PLACEMENT_3D ( 'NONE', #3111, #7025, #4840 ) ;
#7067 = CARTESIAN_POINT ( 'NONE',  ( -1.510176442678589526, 21.25656110838012225, 3.532332510810050064 ) ) ;
#7068 = CARTESIAN_POINT ( 'NONE',  ( 3.405877273185284881, 1.676175380897986900, -6.849999999999997868 ) ) ;
#7069 = EDGE_CURVE ( 'NONE', #6346, #5545, #4771, .T. ) ;
#7070 = CARTESIAN_POINT ( 'NONE',  ( -1.854166666666500207, 19.99999999999999645, -7.650000000000000355 ) ) ;
#7071 = CARTESIAN_POINT ( 'NONE',  ( -6.445326734025635496, 20.10819960674198370, 0.4969402415980467835 ) ) ;
#7072 = ORIENTED_EDGE ( 'NONE', *, *, #985, .F. ) ;
#7073 = DIRECTION ( 'NONE',  ( -1.000000000000000000, -2.168404344971008252E-17, 8.673617379884035472E-17 ) ) ;
#7074 = ORIENTED_EDGE ( 'NONE', *, *, #2655, .F. ) ;
#7075 = DIRECTION ( 'NONE',  ( 0.7071067811865474617, 0.000000000000000000, 0.7071067811865474617 ) ) ;
#7076 = EDGE_CURVE ( 'NONE', #502, #2091, #2507, .T. ) ;
#7077 = FACE_OUTER_BOUND ( 'NONE', #4672, .T. ) ;
#7078 = DIRECTION ( 'NONE',  ( 0.000000000000000000, 1.000000000000000000, -0.000000000000000000 ) ) ;
#7079 = CIRCLE ( 'NONE', #872, 5.500000000000000000 ) ;
#7080 = ORIENTED_EDGE ( 'NONE', *, *, #6467, .T. ) ;
#7081 = SURFACE_STYLE_FILL_AREA ( #3054 ) ;
#7082 = B_SPLINE_CURVE_WITH_KNOTS ( 'NONE', 3,
 ( #5765, #729, #2967, #2418, #4671, #6887, #7035, #3636, #3672, #878, #4781, #1358, #1463, #3009, #7002, #3120, #4703, #3603, #2014, #1943, #5323, #3081, #2597, #5843, #2483, #4259, #1316, #6959, #6922, #806, #2524, #6345, #6423, #5803, #5876, #6493, #3716 ),
 .UNSPECIFIED., .F., .F.,
 ( 4, 2, 1, 1, 2, 2, 2, 1, 1, 1, 2, 2, 2, 2, 1, 1, 2, 2, 1, 1, 2, 2, 4 ),
 ( 0.000000000000000000, 0.1249999999999955869, 0.1874999999999933664, 0.2187499999999935885, 0.2343749999999936717, 0.2499999999999937828, 0.3750000000000019429, 0.4375000000000060507, 0.4687500000000080491, 0.4843750000000102696, 0.4921875000000113798, 0.5000000000000125455, 0.6250000000000038858, 0.6874999999999984457, 0.7187499999999956701, 0.7343749999999932276, 0.7421874999999921174, 0.7499999999999908962, 0.8124999999999897859, 0.8437499999999898970, 0.8593749999999905631, 0.8749999999999912292, 1.000000000000000000 ),
 .UNSPECIFIED. ) ;
#7083 = EDGE_CURVE ( 'NONE', #2798, #5745, #285, .T. ) ;
#7084 = CYLINDRICAL_SURFACE ( 'NONE', #510, 0.1499999999999999667 ) ;
#7085 = AXIS2_PLACEMENT_3D ( 'NONE', #2747, #5649, #618 ) ;
#7086 = DIRECTION ( 'NONE',  ( 0.000000000000000000, 0.000000000000000000, 1.000000000000000000 ) ) ;
#7087 = AXIS2_PLACEMENT_3D ( 'NONE', #1636, #1187, #6149 ) ;
#7088 = ORIENTED_EDGE ( 'NONE', *, *, #2551, .T. ) ;
#7089 = B_SPLINE_CURVE_WITH_KNOTS ( 'NONE', 3,
 ( #3016, #3086, #2424, #5257, #1873, #4677 ),
 .UNSPECIFIED., .F., .F.,
 ( 4, 2, 4 ),
 ( 0.000000000000000000, 0.0003953464452561770677, 0.0007906928905123541355 ),
 .UNSPECIFIED. ) ;
#7090 = ORIENTED_EDGE ( 'NONE', *, *, #5485, .F. ) ;
#7091 = VECTOR ( 'NONE', #5408, 1000.000000000000000 ) ;
#7092 = ADVANCED_FACE ( 'NONE', ( #4100 ), #5720, .T. ) ;
#7093 = CARTESIAN_POINT ( 'NONE',  ( 0.004166666666499812231, 19.99999999999999645, -4.504887891932463972 ) ) ;
#7094 = AXIS2_PLACEMENT_3D ( 'NONE', #6732, #3513, #242 ) ;
#7095 = DIRECTION ( 'NONE',  ( 1.000000000000000000, 0.000000000000000000, 0.000000000000000000 ) ) ;
#7096 = ORIENTED_EDGE ( 'NONE', *, *, #6420, .T. ) ;
#7097 = AXIS2_PLACEMENT_3D ( 'NONE', #181, #4220, #804 ) ;
#7098 = DIRECTION ( 'NONE',  ( 8.673617379884035472E-17, 1.880790961315659329E-33, -1.000000000000000000 ) ) ;
#7099 = ORIENTED_EDGE ( 'NONE', *, *, #2422, .F. ) ;
#7100 = CARTESIAN_POINT ( 'NONE',  ( 1.399999999999999689, 6.649999999999999467, 4.379999999999999893 ) ) ;
#7101 = DIRECTION ( 'NONE',  ( -0.000000000000000000, -1.000000000000000000, -0.000000000000000000 ) ) ;
#7102 = LINE ( 'NONE', #2083, #627 ) ;
#7103 = AXIS2_PLACEMENT_3D ( 'NONE', #6519, #2662, #432 ) ;
#7104 = B_SPLINE_CURVE_WITH_KNOTS ( 'NONE', 3,
 ( #2335, #1234, #3485, #138 ),
 .UNSPECIFIED., .F., .F.,
 ( 4, 4 ),
 ( 0.01383968247036361336, 0.01989649737312780553 ),
 .UNSPECIFIED. ) ;
#7105 = DIRECTION ( 'NONE',  ( 8.659560562354932858E-17, -0.7071067811865474617, 0.7071067811865474617 ) ) ;
#7106 = DIRECTION ( 'NONE',  ( 0.7071067811865474617, 0.000000000000000000, -0.7071067811865474617 ) ) ;
#7107 = AXIS2_PLACEMENT_3D ( 'NONE', #370, #5283, #4847 ) ;
#7108 = DIRECTION ( 'NONE',  ( 0.000000000000000000, 0.000000000000000000, 1.000000000000000000 ) ) ;
#7109 = VECTOR ( 'NONE', #903, 1000.000000000000114 ) ;
#7110 = DIRECTION ( 'NONE',  ( 0.000000000000000000, 0.000000000000000000, -1.000000000000000000 ) ) ;
#7111 = CARTESIAN_POINT ( 'NONE',  ( 0.2036121595007208684, 20.01245631563327265, -6.449286154077243260 ) ) ;
#7112 = ORIENTED_EDGE ( 'NONE', *, *, #3809, .F. ) ;
#7113 = CARTESIAN_POINT ( 'NONE',  ( 1.379999999999999671, 0.000000000000000000, -4.400000000000000355 ) ) ;
#7114 = ORIENTED_EDGE ( 'NONE', *, *, #1851, .F. ) ;
#7115 = DIRECTION ( 'NONE',  ( 0.000000000000000000, -0.000000000000000000, 1.000000000000000000 ) ) ;
#7116 = VECTOR ( 'NONE', #6691, 1000.000000000000000 ) ;
#7117 = CARTESIAN_POINT ( 'NONE',  ( 6.594282824706733770, 22.99999999999998934, -1.854166666666667407 ) ) ;
#7118 = CARTESIAN_POINT ( 'NONE',  ( -4.500000000000000000, 1.500000000000000444, 2.179449471770337432 ) ) ;
#7119 = ORIENTED_EDGE ( 'NONE', *, *, #6898, .F. ) ;
#7120 = CARTESIAN_POINT ( 'NONE',  ( -1.380000000000000115, 11.43165542625050612, -5.549999999999999822 ) ) ;
#7121 = CARTESIAN_POINT ( 'NONE',  ( 2.444718554847592706, 3.153845617810561830, -7.248866152423288689 ) ) ;
#7122 = CARTESIAN_POINT ( 'NONE',  ( -1.385521695682327525, 6.500000000000000000, 0.7880629224027729807 ) ) ;
#7123 = EDGE_CURVE ( 'NONE', #5376, #3349, #2175, .T. ) ;
#7124 = DIRECTION ( 'NONE',  ( -3.564834783817047766E-15, 0.9863939238321488556, 0.1643989873053274264 ) ) ;
#7125 = EDGE_CURVE ( 'NONE', #4603, #4111, #7216, .T. ) ;
#7126 = EDGE_CURVE ( 'NONE', #6110, #6646, #3661, .T. ) ;
#7127 = ADVANCED_FACE ( 'NONE', ( #5971 ), #1482, .T. ) ;
#7128 = VERTEX_POINT ( 'NONE', #5899 ) ;
#7129 = CARTESIAN_POINT ( 'NONE',  ( -1.399999999999999689, 6.500000000000000000, -0.8529309367425446098 ) ) ;
#7130 = EDGE_CURVE ( 'NONE', #4111, #2419, #4239, .T. ) ;
#7131 = CARTESIAN_POINT ( 'NONE',  ( -2.192316302326503763, 7.763936109177590694, -4.555813038156334649 ) ) ;
#7132 = ORIENTED_EDGE ( 'NONE', *, *, #7076, .T. ) ;
#7133 = CARTESIAN_POINT ( 'NONE',  ( 4.500000000000000000, 1.500000000000000444, 0.000000000000000000 ) ) ;
#7134 = ORIENTED_EDGE ( 'NONE', *, *, #1621, .F. ) ;
#7135 = CARTESIAN_POINT ( 'NONE',  ( 1.097598224321521876, 20.57728922704146157, 6.434224863854994148 ) ) ;
#7136 = CARTESIAN_POINT ( 'NONE',  ( 1.380560112054758592, 6.500000000000000000, -4.548466070008426065 ) ) ;
#7137 = DIRECTION ( 'NONE',  ( -0.7071067811865401342, -3.056747976430751789E-16, -0.7071067811865550112 ) ) ;
#7138 = CYLINDRICAL_SURFACE ( 'NONE', #4388, 0.1000000000000001305 ) ;
#7139 = EDGE_CURVE ( 'NONE', #1866, #1993, #3357, .T. ) ;
#7140 = DIRECTION ( 'NONE',  ( -1.000000000000000000, -0.000000000000000000, -0.000000000000000000 ) ) ;
#7141 = CIRCLE ( 'NONE', #356, 0.1499999999999999667 ) ;
#7142 = FACE_OUTER_BOUND ( 'NONE', #5844, .T. ) ;
#7143 = EDGE_LOOP ( 'NONE', ( #6054, #926, #7134, #1659 ) ) ;
#7144 = CARTESIAN_POINT ( 'NONE',  ( -3.405877273185280885, 1.699999999999999734, 6.850000000000000533 ) ) ;
#7145 = CARTESIAN_POINT ( 'NONE',  ( 0.8278389525919871428, 20.31343895320944881, -6.438828077034718156 ) ) ;
#7146 = ORIENTED_EDGE ( 'NONE', *, *, #1255, .T. ) ;
#7147 = CARTESIAN_POINT ( 'NONE',  ( 1.399999999999999689, 8.631655426250503638, -4.379999999999998117 ) ) ;
#7148 = VERTEX_POINT ( 'NONE', #2547 ) ;
#7149 = CARTESIAN_POINT ( 'NONE',  ( -7.252000366886311333, 3.200000000000000178, 2.435362535369389292 ) ) ;
#7150 = CARTESIAN_POINT ( 'NONE',  ( -1.380000000000000115, 11.43165542625050435, 5.549999999999999822 ) ) ;
#7151 = DIRECTION ( 'NONE',  ( 1.000000000000000000, -0.000000000000000000, 0.000000000000000000 ) ) ;
#7152 = ORIENTED_EDGE ( 'NONE', *, *, #3456, .T. ) ;
#7153 = CARTESIAN_POINT ( 'NONE',  ( -4.400384907665015000, 2.000000000000000444, 2.279064564105303337 ) ) ;
#7154 = VECTOR ( 'NONE', #5920, 1000.000000000000000 ) ;
#7155 = LINE ( 'NONE', #5623, #5523 ) ;
#7156 = VERTEX_POINT ( 'NONE', #3210 ) ;
#7157 = AXIS2_PLACEMENT_3D ( 'NONE', #5646, #4104, #6338 ) ;
#7158 = DIRECTION ( 'NONE',  ( 0.000000000000000000, 0.000000000000000000, 1.000000000000000000 ) ) ;
#7159 = ORIENTED_EDGE ( 'NONE', *, *, #4442, .T. ) ;
#7160 = EDGE_CURVE ( 'NONE', #5368, #5745, #5235, .T. ) ;
#7161 = CARTESIAN_POINT ( 'NONE',  ( -1.390180519077591104, 6.500000000000000000, -0.8009322421621059007 ) ) ;
#7162 = EDGE_CURVE ( 'NONE', #2854, #3722, #3177, .T. ) ;
#7163 = CARTESIAN_POINT ( 'NONE',  ( -1.148835587444547501, 20.62723288566001756, -3.532332510810047399 ) ) ;
#7164 = VERTEX_POINT ( 'NONE', #7058 ) ;
#7165 = DIRECTION ( 'NONE',  ( 1.000000000000000000, 0.000000000000000000, 0.000000000000000000 ) ) ;
#7167 = VERTEX_POINT ( 'NONE', #7021 ) ;
#7166 = EDGE_CURVE ( 'NONE', #7051, #6837, #2108, .T. ) ;
#7168 = DIRECTION ( 'NONE',  ( 0.000000000000000000, 0.000000000000000000, -1.000000000000000000 ) ) ;
#7169 = DIRECTION ( 'NONE',  ( 0.000000000000000000, -1.000000000000000000, 0.000000000000000000 ) ) ;
#7170 = DIRECTION ( 'NONE',  ( 0.000000000000000000, 0.000000000000000000, 1.000000000000000000 ) ) ;
#7171 = CARTESIAN_POINT ( 'NONE',  ( 0.000000000000000000, 10.00000000000000000, 0.000000000000000000 ) ) ;
#7172 = EDGE_CURVE ( 'NONE', #4232, #4126, #4425, .T. ) ;
#7173 = CARTESIAN_POINT ( 'NONE',  ( 1.807225831450299802, 22.31922695442409221, -3.532332510810047843 ) ) ;
#7174 = DIRECTION ( 'NONE',  ( 0.000000000000000000, 0.000000000000000000, -1.000000000000000000 ) ) ;
#7175 = ORIENTED_EDGE ( 'NONE', *, *, #5113, .T. ) ;
#7176 = DIRECTION ( 'NONE',  ( -1.000000000000000000, 0.000000000000000000, -0.000000000000000000 ) ) ;
#7177 = ORIENTED_EDGE ( 'NONE', *, *, #1928, .F. ) ;
#7178 = FACE_OUTER_BOUND ( 'NONE', #1443, .T. ) ;
#7179 = FACE_OUTER_BOUND ( 'NONE', #4804, .T. ) ;
#7180 = EDGE_CURVE ( 'NONE', #777, #2188, #1006, .T. ) ;
#7181 = DIRECTION ( 'NONE',  ( 0.000000000000000000, 1.000000000000000000, 0.000000000000000000 ) ) ;
#7182 = CIRCLE ( 'NONE', #4023, 8.250000000000007105 ) ;
#7183 = AXIS2_PLACEMENT_3D ( 'NONE', #6024, #456, #3897 ) ;
#7184 = CIRCLE ( 'NONE', #4969, 0.2000000000000005107 ) ;
#7185 = CARTESIAN_POINT ( 'NONE',  ( 4.504887891932465749, 19.99999999999999645, 0.004166666666666109763 ) ) ;
#7186 = ORIENTED_EDGE ( 'NONE', *, *, #1072, .T. ) ;
#7187 = LINE ( 'NONE', #4415, #2178 ) ;
#7188 = CARTESIAN_POINT ( 'NONE',  ( 0.000000000000000000, 1.034132122566989942, -9.359868053855063152 ) ) ;
#7189 = VERTEX_POINT ( 'NONE', #4284 ) ;
#7190 = CARTESIAN_POINT ( 'NONE',  ( -2.179449471770337432, 8.000000000000000000, 4.999999999999999112 ) ) ;
#7191 = CARTESIAN_POINT ( 'NONE',  ( -1.724756446834984303, 21.88374014888643870, -6.475469466619962589 ) ) ;
#7192 = AXIS2_PLACEMENT_3D ( 'NONE', #6082, #1048, #2736 ) ;
#7193 = CARTESIAN_POINT ( 'NONE',  ( 2.312024219028190775, 5.951057409446828039, 4.433344562587832272 ) ) ;
#7194 = EDGE_LOOP ( 'NONE', ( #2080, #4041, #5384, #3747, #2190 ) ) ;
#7195 = CARTESIAN_POINT ( 'NONE',  ( -3.532332510810048287, 21.06381975462291933, 1.417475989220679411 ) ) ;
#7196 = AXIS2_PLACEMENT_3D ( 'NONE', #725, #3037, #5279 ) ;
#7197 = AXIS2_PLACEMENT_3D ( 'NONE', #4811, #977, #1459 ) ;
#7198 = CARTESIAN_POINT ( 'NONE',  ( -1.448084206748363689, 21.12448543866202044, -3.532332510810048731 ) ) ;
#7199 = ORIENTED_EDGE ( 'NONE', *, *, #7139, .F. ) ;
#7200 =( LENGTH_UNIT ( ) NAMED_UNIT ( * ) SI_UNIT ( .MILLI., .METRE. ) );
#7201 = ORIENTED_EDGE ( 'NONE', *, *, #854, .F. ) ;
#7202 = LINE ( 'NONE', #230, #7116 ) ;
#7203 = CIRCLE ( 'NONE', #5462, 6.750000000000000000 ) ;
#7204 = DIRECTION ( 'NONE',  ( 0.000000000000000000, 1.156482317317871607E-14, -1.000000000000000000 ) ) ;
#7205 = DIRECTION ( 'NONE',  ( 1.327676691011044728E-16, 0.000000000000000000, 1.000000000000000000 ) ) ;
#7206 = CARTESIAN_POINT ( 'NONE',  ( 3.532332510810049175, 22.83689682258334130, 1.854166666666666519 ) ) ;
#7207 = ADVANCED_FACE ( 'NONE', ( #3736 ), #966, .T. ) ;
#7208 = CIRCLE ( 'NONE', #3474, 7.650000000000000355 ) ;
#7209 = CARTESIAN_POINT ( 'NONE',  ( 1.399999999999999689, 12.48000000000000043, -4.343903740188082452 ) ) ;
#7210 = DIRECTION ( 'NONE',  ( 0.000000000000000000, 0.000000000000000000, 1.000000000000000000 ) ) ;
#7211 = EDGE_LOOP ( 'NONE', ( #1151, #6015, #1677, #3564 ) ) ;
#7212 = LINE ( 'NONE', #4988, #6404 ) ;
#7213 = ADVANCED_FACE ( 'NONE', ( #4322 ), #4247, .T. ) ;
#7214 = VERTEX_POINT ( 'NONE', #3106 ) ;
#7215 = DIRECTION ( 'NONE',  ( 0.000000000000000000, 0.000000000000000000, -1.000000000000000000 ) ) ;
#7216 = CIRCLE ( 'NONE', #4062, 6.450000000000001066 ) ;
#7217 = DIRECTION ( 'NONE',  ( -1.000000000000000000, -2.168404344971008252E-17, -8.673617379884035472E-17 ) ) ;
#7218 = CYLINDRICAL_SURFACE ( 'NONE', #5180, 0.1999999999999996503 ) ;
#7219 = AXIS2_PLACEMENT_3D ( 'NONE', #3752, #4895, #7041 ) ;
#7220 = EDGE_CURVE ( 'NONE', #4789, #4551, #1557, .T. ) ;
#7221 =( GEOMETRIC_REPRESENTATION_CONTEXT ( 3 ) GLOBAL_UNCERTAINTY_ASSIGNED_CONTEXT ( ( #6025 ) ) GLOBAL_UNIT_ASSIGNED_CONTEXT ( ( #7200, #5081, #1596 ) ) REPRESENTATION_CONTEXT ( 'NONE', 'WORKASPACE' ) );
#7222 = FACE_OUTER_BOUND ( 'NONE', #1597, .T. ) ;
#7223 = ADVANCED_FACE ( 'NONE', ( #1491 ), #320, .T. ) ;
#7224 = FACE_OUTER_BOUND ( 'NONE', #5858, .T. ) ;
#7225 = FACE_OUTER_BOUND ( 'NONE', #255, .T. ) ;
#7226 = ORIENTED_EDGE ( 'NONE', *, *, #3864, .T. ) ;
#7227 = CIRCLE ( 'NONE', #7107, 6.450000000000001066 ) ;
#7228 = ORIENTED_EDGE ( 'NONE', *, *, #3900, .F. ) ;
#7229 = CARTESIAN_POINT ( 'NONE',  ( -1.807362029467854070, 22.32043583465056003, -6.513292211645676844 ) ) ;
#7230 = APPLICATION_PROTOCOL_DEFINITION ( 'draft international standard', 'automotive_design', 1998, #4775 ) ;
#7231 = EDGE_CURVE ( 'NONE', #7214, #3389, #5349, .T. ) ;
#7232 = DIRECTION ( 'NONE',  ( -0.8028956459037006610, 0.5961196035938418625, 0.000000000000000000 ) ) ;
#7233 = ORIENTED_EDGE ( 'NONE', *, *, #4544, .F. ) ;
#7234 = SURFACE_SIDE_STYLE ('',( #5011 ) ) ;
#7235 = DIRECTION ( 'NONE',  ( -7.968020348514244863E-17, 0.6561787149247862994, -0.7546055221635049604 ) ) ;
#7236 = ORIENTED_EDGE ( 'NONE', *, *, #1402, .F. ) ;
#7237 = ORIENTED_EDGE ( 'NONE', *, *, #1478, .F. ) ;
#7238 = DIRECTION ( 'NONE',  ( 1.000000000000000000, 0.000000000000000000, 0.000000000000000000 ) ) ;
#7239 = DIRECTION ( 'NONE',  ( 0.000000000000000000, 0.000000000000000000, -1.000000000000000000 ) ) ;
#7240 = DIRECTION ( 'NONE',  ( -0.000000000000000000, -1.000000000000000000, -0.000000000000000000 ) ) ;
#7241 = CARTESIAN_POINT ( 'NONE',  ( 0.000000000000000000, 9.768344573749498494, 5.400000000000000355 ) ) ;
#7242 = CARTESIAN_POINT ( 'NONE',  ( 7.153438812664353996, 3.008506057664686928, -2.712730372333560069 ) ) ;
#7243 = ORIENTED_EDGE ( 'NONE', *, *, #5837, .T. ) ;
#7244 = DIRECTION ( 'NONE',  ( 0.000000000000000000, 0.000000000000000000, -1.000000000000000000 ) ) ;
#7245 = EDGE_LOOP ( 'NONE', ( #700, #1944, #4094, #2975, #4299, #6072, #3679, #4802, #5504, #3842 ) ) ;
#7246 = CARTESIAN_POINT ( 'NONE',  ( -7.279416985118926320, 3.101558808504983666, -2.352227884582228867 ) ) ;
#7247 = EDGE_CURVE ( 'NONE', #1866, #934, #4069, .T. ) ;
#7248 = EDGE_LOOP ( 'NONE', ( #568, #1969, #515, #4715 ) ) ;
#7249 = DIRECTION ( 'NONE',  ( -7.968020348514244863E-17, 0.6561787149247864104, -0.7546055221635050714 ) ) ;
#7250 = LINE ( 'NONE', #420, #4728 ) ;
#7251 = SURFACE_STYLE_USAGE ( .BOTH. , #6161 ) ;
#7252 = NEXT_ASSEMBLY_USAGE_OCCURRENCE ( 'NAUO1', ' ', ' ', #1035, #374, $ ) ;
#7253 = NEXT_ASSEMBLY_USAGE_OCCURRENCE ( 'NAUO2', ' ', ' ', #1035, #907, $ ) ;
#7254 = NEXT_ASSEMBLY_USAGE_OCCURRENCE ( 'NAUO3', ' ', ' ', #1035, #3277, $ ) ;
#7255 = NEXT_ASSEMBLY_USAGE_OCCURRENCE ( 'NAUO4', ' ', ' ', #1035, #4052, $ ) ;
#7256 = NEXT_ASSEMBLY_USAGE_OCCURRENCE ( 'NAUO5', ' ', ' ', #1035, #4594, $ ) ;
ENDSEC;
END-ISO-10303-21;
