ISO-10303-21;
HEADER;
FILE_DESCRIPTION (( 'STEP AP214' ),
    '1' );
FILE_NAME ('Hinge_Joint_KitV2.STEP',
    '2026-10-05T20:30:31',
    ( '' ),
    ( '' ),
    'SwSTEP 2.0',
    'SolidWorks 2023',
    '' );
FILE_SCHEMA (( 'AUTOMOTIVE_DESIGN' ));
ENDSEC;

DATA;
#1 = EDGE_CURVE ( 'NONE', #10243, #1734, #6979, .T. ) ;
#2 = FACE_OUTER_BOUND ( 'NONE', #5469, .T. ) ;
#3 = DIRECTION ( 'NONE',  ( 0.000000000000000000, -1.000000000000000000, 0.000000000000000000 ) ) ;
#4 = CYLINDRICAL_SURFACE ( 'NONE', #9018, 0.1000000000000001443 ) ;
#5 = AXIS2_PLACEMENT_3D ( 'NONE', #6566, #10854, #2262 ) ;
#6 = VERTEX_POINT ( 'NONE', #7364 ) ;
#7 = CARTESIAN_POINT ( 'NONE',  ( 3.372160293666184305, 8.362264403798045365, 0.000000000000000000 ) ) ;
#8 = CARTESIAN_POINT ( 'NONE',  ( -1.771168402671605879E-15, 6.965469875665441180, 15.29999999999999893 ) ) ;
#9 = DIRECTION ( 'NONE',  ( 1.000000000000000000, 0.000000000000000000, 0.000000000000000000 ) ) ;
#10 = EDGE_LOOP ( 'NONE', ( #4563, #9631, #2106 ) ) ;
#11 = EDGE_CURVE ( 'NONE', #4990, #2770, #9939, .T. ) ;
#12 = ORIENTED_EDGE ( 'NONE', *, *, #7569, .T. ) ;
#13 = AXIS2_PLACEMENT_3D ( 'NONE', #6913, #9532, #10398 ) ;
#14 = CARTESIAN_POINT ( 'NONE',  ( 0.000000000000000000, 9.296555435952635449, 8.083961248654471632 ) ) ;
#15 = DIRECTION ( 'NONE',  ( 0.000000000000000000, 0.000000000000000000, -1.000000000000000000 ) ) ;
#16 = DIRECTION ( 'NONE',  ( -0.7203422578024066825, 0.000000000000000000, -0.6936187941687647074 ) ) ;
#17 = CARTESIAN_POINT ( 'NONE',  ( 0.1102410514732330010, 10.61380468905223751, 3.675000000000000266 ) ) ;
#18 = DIRECTION ( 'NONE',  ( 0.000000000000000000, 0.000000000000000000, 1.000000000000000000 ) ) ;
#19 = VERTEX_POINT ( 'NONE', #7422 ) ;
#20 = CARTESIAN_POINT ( 'NONE',  ( 1.379999999999999671, 6.500000000000000000, -0.7729309367425445387 ) ) ;
#21 = DIRECTION ( 'NONE',  ( 1.000000000000000000, 0.000000000000000000, -0.000000000000000000 ) ) ;
#22 = ORIENTED_EDGE ( 'NONE', *, *, #8080, .F. ) ;
#23 =( GEOMETRIC_REPRESENTATION_CONTEXT ( 3 ) GLOBAL_UNCERTAINTY_ASSIGNED_CONTEXT ( ( #3004 ) ) GLOBAL_UNIT_ASSIGNED_CONTEXT ( ( #5245, #6158, #9706 ) ) REPRESENTATION_CONTEXT ( 'NONE', 'WORKASPACE' ) );
#24 = ORIENTED_EDGE ( 'NONE', *, *, #7014, .F. ) ;
#25 = LINE ( 'NONE', #1836, #7953 ) ;
#26 = PRODUCT_RELATED_PRODUCT_CATEGORY ( 'part', '', ( #8584 ) ) ;
#27 = EDGE_CURVE ( 'NONE', #1017, #7558, #5588, .T. ) ;
#28 = ORIENTED_EDGE ( 'NONE', *, *, #8382, .F. ) ;
#29 = VECTOR ( 'NONE', #9256, 1000.000000000000000 ) ;
#30 = EDGE_CURVE ( 'NONE', #1246, #1254, #8444, .T. ) ;
#31 = DIRECTION ( 'NONE',  ( -0.000000000000000000, 0.6561787149247685358, 0.7546055221635206145 ) ) ;
#32 = CARTESIAN_POINT ( 'NONE',  ( 0.000000000000000000, 0.02972972972972967240, 0.1783783783783780552 ) ) ;
#33 = CARTESIAN_POINT ( 'NONE',  ( -1.399999999999999689, 6.500000000000000000, -0.8529309367425446098 ) ) ;
#34 = CARTESIAN_POINT ( 'NONE',  ( 2.798813555956165544, 3.000000000000000000, -7.120240386628898577 ) ) ;
#35 = DIRECTION ( 'NONE',  ( 0.000000000000000000, 0.000000000000000000, 1.000000000000000000 ) ) ;
#36 = ORIENTED_EDGE ( 'NONE', *, *, #551, .F. ) ;
#38 = DIRECTION ( 'NONE',  ( -1.000000000000000000, 0.000000000000000000, 0.000000000000000000 ) ) ;
#37 = VECTOR ( 'NONE', #7616, 1000.000000000000000 ) ;
#39 = ORIENTED_EDGE ( 'NONE', *, *, #9627, .T. ) ;
#40 = ORIENTED_EDGE ( 'NONE', *, *, #5084, .F. ) ;
#41 = CIRCLE ( 'NONE', #8626, 3.649999999999999467 ) ;
#42 = EDGE_CURVE ( 'NONE', #3831, #5042, #2402, .T. ) ;
#43 = PLANE ( 'NONE',  #2941 ) ;
#44 = CIRCLE ( 'NONE', #4797, 3.649999999999999467 ) ;
#45 = AXIS2_PLACEMENT_3D ( 'NONE', #1841, #5343, #8850 ) ;
#46 = FACE_OUTER_BOUND ( 'NONE', #10026, .T. ) ;
#47 = DIRECTION ( 'NONE',  ( 0.000000000000000000, 0.000000000000000000, 1.000000000000000000 ) ) ;
#48 = EDGE_LOOP ( 'NONE', ( #7354, #3355, #5871, #417 ) ) ;
#49 = CARTESIAN_POINT ( 'NONE',  ( 2.291287847478249429, 8.000000000000000000, 4.999999999999848121 ) ) ;
#50 = DIRECTION ( 'NONE',  ( 0.000000000000000000, 0.000000000000000000, 1.000000000000000000 ) ) ;
#51 = DIRECTION ( 'NONE',  ( 0.5120428415488789131, -0.6896551724137937045, 0.5120428415488786911 ) ) ;
#52 = EDGE_CURVE ( 'NONE', #11218, #5623, #1120, .T. ) ;
#53 = ORIENTED_EDGE ( 'NONE', *, *, #822, .F. ) ;
#54 = ORIENTED_EDGE ( 'NONE', *, *, #8320, .F. ) ;
#55 = CARTESIAN_POINT ( 'NONE',  ( -1.400000000000000355, 9.655153745424975398, 5.498426807238718794 ) ) ;
#56 = AXIS2_PLACEMENT_3D ( 'NONE', #5575, #2993, #257 ) ;
#57 = CARTESIAN_POINT ( 'NONE',  ( 2.168404344971008868E-16, 2.565469875665443045, 11.17499999999999893 ) ) ;
#58 = DIRECTION ( 'NONE',  ( 0.000000000000000000, 0.000000000000000000, 1.000000000000000000 ) ) ;
#59 = CARTESIAN_POINT ( 'NONE',  ( -1.400000000000000133, 8.759938365018300033, 4.438449618462784407 ) ) ;
#60 = VECTOR ( 'NONE', #2168, 1000.000000000000000 ) ;
#61 = FACE_OUTER_BOUND ( 'NONE', #7169, .T. ) ;
#62 = LINE ( 'NONE', #803, #8108 ) ;
#63 = EDGE_CURVE ( 'NONE', #4199, #8329, #11186, .T. ) ;
#64 = VECTOR ( 'NONE', #7122, 1000.000000000000000 ) ;
#65 = ORIENTED_EDGE ( 'NONE', *, *, #10867, .T. ) ;
#66 = DIRECTION ( 'NONE',  ( -4.945579762210229334E-17, 1.000000000000000000, 0.000000000000000000 ) ) ;
#67 = FACE_OUTER_BOUND ( 'NONE', #4693, .T. ) ;
#68 = CARTESIAN_POINT ( 'NONE',  ( -4.694468754111173148, 3.930269601434688731, -2.613951291675116195 ) ) ;
#69 = ORIENTED_EDGE ( 'NONE', *, *, #1614, .T. ) ;
#70 = VERTEX_POINT ( 'NONE', #2428 ) ;
#71 = VECTOR ( 'NONE', #4517, 1000.000000000000000 ) ;
#72 = DIRECTION ( 'NONE',  ( 0.000000000000000000, 0.000000000000000000, 1.000000000000000000 ) ) ;
#73 = CIRCLE ( 'NONE', #6472, 0.1700000000000000122 ) ;
#74 = DIRECTION ( 'NONE',  ( -0.7967915771908288258, -0.6042542366568491863, 0.000000000000000000 ) ) ;
#75 = DIRECTION ( 'NONE',  ( 0.000000000000000000, 0.000000000000000000, 1.000000000000000000 ) ) ;
#76 = ADVANCED_FACE ( 'NONE', ( #5010 ), #4203, .T. ) ;
#77 = VECTOR ( 'NONE', #9779, 1000.000000000000000 ) ;
#78 = CARTESIAN_POINT ( 'NONE',  ( -2.580939751330913801, -4.384530124334558465, 0.2999999999999999334 ) ) ;
#79 = CARTESIAN_POINT ( 'NONE',  ( 3.328434437871126139, 5.467463135762873350, 0.000000000000000000 ) ) ;
#80 = ORIENTED_EDGE ( 'NONE', *, *, #8351, .T. ) ;
#81 = CARTESIAN_POINT ( 'NONE',  ( 0.000000000000000000, 0.000000000000000000, -4.400000000000000355 ) ) ;
#82 = DIRECTION ( 'NONE',  ( 0.000000000000000000, 0.000000000000000000, -1.000000000000000000 ) ) ;
#83 = VERTEX_POINT ( 'NONE', #5758 ) ;
#84 = ORIENTED_EDGE ( 'NONE', *, *, #854, .F. ) ;
#85 = LINE ( 'NONE', #9688, #8875 ) ;
#86 = ORIENTED_EDGE ( 'NONE', *, *, #8461, .F. ) ;
#87 = VECTOR ( 'NONE', #8235, 1000.000000000000000 ) ;
#88 = CARTESIAN_POINT ( 'NONE',  ( -3.328434437871126583, 8.463476615568009009, 0.000000000000000000 ) ) ;
#89 = CIRCLE ( 'NONE', #7041, 0.01999999999999996225 ) ;
#90 = DIRECTION ( 'NONE',  ( 0.000000000000000000, 0.000000000000000000, 1.000000000000000000 ) ) ;
#91 = DIRECTION ( 'NONE',  ( 0.000000000000000000, 1.000000000000000000, -0.000000000000000000 ) ) ;
#92 = EDGE_CURVE ( 'NONE', #10947, #9687, #2035, .T. ) ;
#93 = PRODUCT ( 'Hinge_Joint_KitV2', 'Hinge_Joint_KitV2', '', ( #8391 ) ) ;
#94 = DIRECTION ( 'NONE',  ( -0.000000000000000000, -1.000000000000000000, -0.000000000000000000 ) ) ;
#95 = CARTESIAN_POINT ( 'NONE',  ( 2.580939751330914245, -2.084296772316889701, 15.00000000000000000 ) ) ;
#96 = AXIS2_PLACEMENT_3D ( 'NONE', #2831, #7931, #8911 ) ;
#97 = ORIENTED_EDGE ( 'NONE', *, *, #10659, .F. ) ;
#98 = CARTESIAN_POINT ( 'NONE',  ( 3.649999999999998579, 6.965469875665468713, -2.454779244514317504 ) ) ;
#99 = ADVANCED_FACE ( 'NONE', ( #8393 ), #5978, .T. ) ;
#100 = VERTEX_POINT ( 'NONE', #9260 ) ;
#101 = ORIENTED_EDGE ( 'NONE', *, *, #5223, .T. ) ;
#102 = CARTESIAN_POINT ( 'NONE',  ( -0.4338126793327944375, 9.560436211757014746, -2.613951291675116195 ) ) ;
#103 = AXIS2_PLACEMENT_3D ( 'NONE', #3775, #2047, #7047 ) ;
#104 = CIRCLE ( 'NONE', #2468, 0.1499999999999999667 ) ;
#105 = CARTESIAN_POINT ( 'NONE',  ( -1.771168402671605879E-15, 6.965469875665441180, 15.29999999999999893 ) ) ;
#106 = LINE ( 'NONE', #4384, #10858 ) ;
#107 = EDGE_LOOP ( 'NONE', ( #931, #3253, #707, #1670 ) ) ;
#109 = EDGE_CURVE ( 'NONE', #8061, #9176, #3180, .T. ) ;
#108 = CARTESIAN_POINT ( 'NONE',  ( 0.000000000000000000, 8.000000000000000000, 0.000000000000000000 ) ) ;
#110 = CARTESIAN_POINT ( 'NONE',  ( 0.000000000000000000, 6.500000000000000000, -0.7729309367425445387 ) ) ;
#111 = CARTESIAN_POINT ( 'NONE',  ( -4.600654826388336005, 10.14107261474447341, -2.625562286609690599 ) ) ;
#112 = ORIENTED_EDGE ( 'NONE', *, *, #4859, .T. ) ;
#113 = EDGE_CURVE ( 'NONE', #3803, #4881, #4039, .T. ) ;
#114 = ORIENTED_EDGE ( 'NONE', *, *, #5265, .F. ) ;
#115 = CARTESIAN_POINT ( 'NONE',  ( -2.279064564105349078, 6.000000000000000000, -4.400384907664990131 ) ) ;
#116 = LINE ( 'NONE', #10527, #7025 ) ;
#117 = CARTESIAN_POINT ( 'NONE',  ( -1.030666926558653025E-16, 6.965469875665441180, 11.17499999999999893 ) ) ;
#118 = VECTOR ( 'NONE', #10342, 1000.000000000000227 ) ;
#119 = DIRECTION ( 'NONE',  ( -0.000000000000000000, -0.000000000000000000, -1.000000000000000000 ) ) ;
#120 = PLANE ( 'NONE',  #2264 ) ;
#121 = CARTESIAN_POINT ( 'NONE',  ( 2.312024219028192551, 2.048942590553173293, 4.433344562587834048 ) ) ;
#122 = EDGE_LOOP ( 'NONE', ( #11019, #5943, #5386, #9520 ) ) ;
#123 = EDGE_CURVE ( 'NONE', #3010, #1089, #6430, .T. ) ;
#124 = CARTESIAN_POINT ( 'NONE',  ( -4.745536286357737055, 10.33211856856919120, 0.000000000000000000 ) ) ;
#125 = CARTESIAN_POINT ( 'NONE',  ( 0.000000000000000000, 3.000000000000000000, 0.000000000000000000 ) ) ;
#126 = DIRECTION ( 'NONE',  ( -0.4786004400550697424, 0.8780328119034581658, 0.000000000000000000 ) ) ;
#127 = ORIENTED_EDGE ( 'NONE', *, *, #3839, .F. ) ;
#128 = VECTOR ( 'NONE', #7639, 1000.000000000000000 ) ;
#129 = EDGE_LOOP ( 'NONE', ( #6327, #1482, #3321, #1383 ) ) ;
#130 = EDGE_CURVE ( 'NONE', #6331, #9577, #7536, .T. ) ;
#131 = CARTESIAN_POINT ( 'NONE',  ( -1.397319086605161909, 6.500000000000000000, -4.496202024374977846 ) ) ;
#132 = CIRCLE ( 'NONE', #1581, 0.1499999999999999667 ) ;
#133 = PLANE ( 'NONE',  #4979 ) ;
#134 = CARTESIAN_POINT ( 'NONE',  ( 1.399999999999999689, 9.768344573749498494, 5.400000000000000355 ) ) ;
#135 = DIRECTION ( 'NONE',  ( 1.000000000000000000, 1.680321552529715428E-16, 0.000000000000000000 ) ) ;
#136 = CARTESIAN_POINT ( 'NONE',  ( 0.000000000000000000, 1.499999999999999556, 0.000000000000000000 ) ) ;
#137 = VERTEX_POINT ( 'NONE', #10172 ) ;
#138 = VERTEX_POINT ( 'NONE', #8560 ) ;
#139 = CARTESIAN_POINT ( 'NONE',  ( -1.390180519077590882, 6.500000000000000000, 0.8009322421621057897 ) ) ;
#140 = ORIENTED_EDGE ( 'NONE', *, *, #2027, .T. ) ;
#141 = ADVANCED_FACE ( 'NONE', ( #2315 ), #8449, .T. ) ;
#142 = LINE ( 'NONE', #3625, #2764 ) ;
#143 = LINE ( 'NONE', #3626, #3898 ) ;
#144 = CARTESIAN_POINT ( 'NONE',  ( -1.399999999999999689, 6.500000000000000000, -0.8529309367425446098 ) ) ;
#145 = CARTESIAN_POINT ( 'NONE',  ( 2.885102807365163891, 3.000000000000000000, -7.085102807365160515 ) ) ;
#146 = DIRECTION ( 'NONE',  ( -1.000000000000000000, -0.000000000000000000, -0.000000000000000000 ) ) ;
#147 = ORIENTED_EDGE ( 'NONE', *, *, #4355, .F. ) ;
#148 = DIRECTION ( 'NONE',  ( 2.168404344971008252E-17, -1.000000000000000000, -0.000000000000000000 ) ) ;
#149 = ORIENTED_EDGE ( 'NONE', *, *, #3199, .T. ) ;
#150 = VECTOR ( 'NONE', #10102, 1000.000000000000000 ) ;
#151 = ORIENTED_EDGE ( 'NONE', *, *, #1693, .F. ) ;
#152 = EDGE_CURVE ( 'NONE', #2186, #5931, #11080, .T. ) ;
#153 = DIRECTION ( 'NONE',  ( 8.673617379884035472E-17, 1.880790961315659329E-33, -1.000000000000000000 ) ) ;
#154 = CARTESIAN_POINT ( 'NONE',  ( 2.280939751330913978, -4.384530124334557577, 0.000000000000000000 ) ) ;
#155 = CARTESIAN_POINT ( 'NONE',  ( -1.771168402671605879E-15, 6.965469875665441180, 15.29999999999999893 ) ) ;
#156 = AXIS2_PLACEMENT_3D ( 'NONE', #5036, #1485, #1594 ) ;
#157 = ORIENTED_EDGE ( 'NONE', *, *, #9208, .F. ) ;
#158 = DIRECTION ( 'NONE',  ( 0.4786004400550684101, -0.8780328119034589429, 0.000000000000000000 ) ) ;
#159 = LINE ( 'NONE', #10689, #9775 ) ;
#160 = PLANE ( 'NONE',  #11040 ) ;
#161 = ORIENTED_EDGE ( 'NONE', *, *, #7254, .F. ) ;
#162 = VERTEX_POINT ( 'NONE', #5861 ) ;
#163 = FACE_OUTER_BOUND ( 'NONE', #6762, .T. ) ;
#164 = CARTESIAN_POINT ( 'NONE',  ( -2.280939751330911314, -4.084530124334557755, 15.00000000000000000 ) ) ;
#165 = EDGE_LOOP ( 'NONE', ( #672, #8459, #3793, #1699, #9604, #7504, #3200, #7651, #1802, #9451, #5015, #1268, #5495, #6824 ) ) ;
#166 = VECTOR ( 'NONE', #1879, 1000.000000000000000 ) ;
#167 = EDGE_CURVE ( 'NONE', #6424, #2405, #2488, .T. ) ;
#168 = FACE_OUTER_BOUND ( 'NONE', #1316, .T. ) ;
#169 = EDGE_CURVE ( 'NONE', #1422, #3069, #5521, .T. ) ;
#170 = DIRECTION ( 'NONE',  ( 0.000000000000000000, -0.000000000000000000, -1.000000000000000000 ) ) ;
#171 = LINE ( 'NONE', #3655, #7927 ) ;
#172 = ORIENTED_EDGE ( 'NONE', *, *, #3452, .F. ) ;
#173 = AXIS2_PLACEMENT_3D ( 'NONE', #2562, #9657, #6051 ) ;
#174 = DIRECTION ( 'NONE',  ( 0.000000000000000000, 0.000000000000000000, -1.000000000000000000 ) ) ;
#175 = DIRECTION ( 'NONE',  ( 1.000000000000000000, 0.000000000000000000, -8.673617379884020681E-17 ) ) ;
#176 = ORIENTED_EDGE ( 'NONE', *, *, #4284, .F. ) ;
#177 = ORIENTED_EDGE ( 'NONE', *, *, #11305, .T. ) ;
#178 = CARTESIAN_POINT ( 'NONE',  ( -1.390180519077591548, 6.500000000000000000, -4.521998694580438460 ) ) ;
#179 = ADVANCED_FACE ( 'NONE', ( #4155 ), #10967, .T. ) ;
#180 = AXIS2_PLACEMENT_3D ( 'NONE', #718, #3287, #6784 ) ;
#181 = DIRECTION ( 'NONE',  ( -0.000000000000000000, 0.000000000000000000, 1.000000000000000000 ) ) ;
#182 = CARTESIAN_POINT ( 'NONE',  ( -0.4338126793328013764, 9.560436211757018299, -2.613951291675112643 ) ) ;
#183 = ORIENTED_EDGE ( 'NONE', *, *, #10736, .T. ) ;
#184 = SPHERICAL_SURFACE ( 'NONE', #1432, 0.2999999999999999889 ) ;
#185 = DIRECTION ( 'NONE',  ( 0.000000000000000000, 1.000000000000000000, -0.000000000000000000 ) ) ;
#186 = EDGE_CURVE ( 'NONE', #7950, #4953, #1510, .T. ) ;
#187 = CARTESIAN_POINT ( 'NONE',  ( 1.177310021971333942, 8.566988997091346647, 7.800000000000000711 ) ) ;
#188 = CARTESIAN_POINT ( 'NONE',  ( 3.366648692903733586, 11.71100616202318889, -2.625562286609687046 ) ) ;
#189 = ORIENTED_EDGE ( 'NONE', *, *, #8914, .F. ) ;
#190 = VERTEX_POINT ( 'NONE', #6730 ) ;
#191 = CARTESIAN_POINT ( 'NONE',  ( 5.736181009075449033, 7.940490643490765166, 0.000000000000000000 ) ) ;
#192 = VECTOR ( 'NONE', #701, 1000.000000000000114 ) ;
#193 = ORIENTED_EDGE ( 'NONE', *, *, #478, .T. ) ;
#194 = DIRECTION ( 'NONE',  ( 0.000000000000000000, 0.000000000000000000, 1.000000000000000000 ) ) ;
#195 = CARTESIAN_POINT ( 'NONE',  ( -2.456675682618984613, -1.783874488586668194, 15.29999999999999893 ) ) ;
#196 = PLANE ( 'NONE',  #2974 ) ;
#197 = CARTESIAN_POINT ( 'NONE',  ( -1.030666926558653025E-16, 6.965469875665441180, 15.29999999999999893 ) ) ;
#198 = LINE ( 'NONE', #8852, #5573 ) ;
#199 = VECTOR ( 'NONE', #5988, 1000.000000000000114 ) ;
#200 = EDGE_CURVE ( 'NONE', #1056, #9188, #11133, .T. ) ;
#201 = EDGE_CURVE ( 'NONE', #2988, #791, #10114, .T. ) ;
#202 = VERTEX_POINT ( 'NONE', #144 ) ;
#203 = CARTESIAN_POINT ( 'NONE',  ( 1.650000000000000355, 6.965469875665441180, 15.29999999999999893 ) ) ;
#204 = ORIENTED_EDGE ( 'NONE', *, *, #9064, .F. ) ;
#205 = VECTOR ( 'NONE', #7083, 1000.000000000000114 ) ;
#206 = EDGE_LOOP ( 'NONE', ( #1310, #5189, #1342, #10353 ) ) ;
#207 = AXIS2_PLACEMENT_3D ( 'NONE', #3930, #5526, #9995 ) ;
#208 = CARTESIAN_POINT ( 'NONE',  ( 4.046831517071730389, 0.000000000000000000, -4.046831517071705520 ) ) ;
#209 = FACE_OUTER_BOUND ( 'NONE', #8965, .T. ) ;
#210 = ORIENTED_EDGE ( 'NONE', *, *, #5507, .F. ) ;
#211 = VERTEX_POINT ( 'NONE', #6028 ) ;
#212 = DIRECTION ( 'NONE',  ( 0.2824413387594218450, 0.9592845720430331902, 0.000000000000000000 ) ) ;
#213 = CARTESIAN_POINT ( 'NONE',  ( 3.976120838953064673, 4.909999999999999254, 3.976120838953062009 ) ) ;
#214 = LINE ( 'NONE', #4832, #1528 ) ;
#215 = EDGE_CURVE ( 'NONE', #9382, #1017, #7355, .T. ) ;
#216 = ORIENTED_EDGE ( 'NONE', *, *, #7917, .F. ) ;
#217 = EDGE_LOOP ( 'NONE', ( #2544, #388, #2690, #1717, #3698 ) ) ;
#218 = DIRECTION ( 'NONE',  ( 1.000000000000000000, 0.000000000000000000, 0.000000000000000000 ) ) ;
#219 = VECTOR ( 'NONE', #6954, 1000.000000000000000 ) ;
#220 = CARTESIAN_POINT ( 'NONE',  ( 1.498006739902551177, 10.29390431353657398, 3.675000000000000266 ) ) ;
#221 = ORIENTED_EDGE ( 'NONE', *, *, #5075, .F. ) ;
#222 = DIRECTION ( 'NONE',  ( -0.1361444591231978085, -0.9906889957247189127, 0.000000000000000000 ) ) ;
#223 = CARTESIAN_POINT ( 'NONE',  ( 0.000000000000000000, 1.499999999999999556, 0.000000000000000000 ) ) ;
#224 = DIRECTION ( 'NONE',  ( -0.8631770573194731400, 0.5049013445390048149, 0.000000000000000000 ) ) ;
#225 = PLANE ( 'NONE',  #5741 ) ;
#226 = DIRECTION ( 'NONE',  ( 0.7071067811865563435, 0.000000000000000000, -0.7071067811865388020 ) ) ;
#227 = ADVANCED_FACE ( 'NONE', ( #10386 ), #4320, .T. ) ;
#228 = ORIENTED_EDGE ( 'NONE', *, *, #3252, .F. ) ;
#229 = AXIS2_PLACEMENT_3D ( 'NONE', #8721, #6940, #15 ) ;
#230 = DIRECTION ( 'NONE',  ( -1.000000000000000000, 0.000000000000000000, 0.000000000000000000 ) ) ;
#231 = CIRCLE ( 'NONE', #952, 0.01999999999999996225 ) ;
#232 = AXIS2_PLACEMENT_3D ( 'NONE', #485, #6548, #10096 ) ;
#233 = ORIENTED_EDGE ( 'NONE', *, *, #3174, .F. ) ;
#234 = EDGE_CURVE ( 'NONE', #10538, #9932, #2656, .T. ) ;
#235 = EDGE_LOOP ( 'NONE', ( #9499, #11243, #7283, #3796 ) ) ;
#236 = DIRECTION ( 'NONE',  ( 0.000000000000000000, 0.000000000000000000, -1.000000000000000000 ) ) ;
#237 = AXIS2_PLACEMENT_3D ( 'NONE', #7033, #10688, #957 ) ;
#238 = CIRCLE ( 'NONE', #1869, 3.649999999999999467 ) ;
#239 = TOROIDAL_SURFACE ( 'NONE', #10654, 0.1299999999999999767, 0.02000000000000000042 ) ;
#240 = CYLINDRICAL_SURFACE ( 'NONE', #4250, 0.2000000000000002887 ) ;
#241 = CARTESIAN_POINT ( 'NONE',  ( 1.379999999999999671, 12.44809871788125477, 4.429206973128303915 ) ) ;
#242 = ORIENTED_EDGE ( 'NONE', *, *, #9362, .F. ) ;
#243 = ADVANCED_FACE ( 'NONE', ( #5111 ), #9518, .T. ) ;
#244 = DIRECTION ( 'NONE',  ( -2.168404344971008252E-17, 1.000000000000000000, 0.000000000000000000 ) ) ;
#245 = CARTESIAN_POINT ( 'NONE',  ( 4.600654826388334229, 3.789867136586410279, 3.675000000000000266 ) ) ;
#246 = CARTESIAN_POINT ( 'NONE',  ( -1.400000000000000133, 9.670245855868243368, 5.485303232940222706 ) ) ;
#247 = ORIENTED_EDGE ( 'NONE', *, *, #2760, .F. ) ;
#248 = EDGE_CURVE ( 'NONE', #8508, #3376, #1674, .T. ) ;
#249 = AXIS2_PLACEMENT_3D ( 'NONE', #9623, #9504, #4474 ) ;
#250 = ORIENTED_EDGE ( 'NONE', *, *, #5203, .F. ) ;
#251 = ORIENTED_EDGE ( 'NONE', *, *, #7020, .F. ) ;
#252 = AXIS2_PLACEMENT_3D ( 'NONE', #188, #1045, #1895 ) ;
#253 = B_SPLINE_CURVE_WITH_KNOTS ( 'NONE', 3,
 ( #7130, #6209, #10677, #10616, #2769, #1057 ),
 .UNSPECIFIED., .F., .F.,
 ( 4, 2, 4 ),
 ( 0.000000000000000000, 0.0003953464452561771219, 0.0007906928905123542439 ),
 .UNSPECIFIED. ) ;
#254 = EDGE_CURVE ( 'NONE', #4417, #202, #9672, .T. ) ;
#255 = DIRECTION ( 'NONE',  ( 0.000000000000000000, 0.000000000000000000, 1.000000000000000000 ) ) ;
#256 = VECTOR ( 'NONE', #8938, 1000.000000000000114 ) ;
#257 = DIRECTION ( 'NONE',  ( 0.000000000000000000, 0.000000000000000000, -1.000000000000000000 ) ) ;
#258 = CARTESIAN_POINT ( 'NONE',  ( 2.472299299311668364, 0.2639522234558933644, 11.17499999999999893 ) ) ;
#259 = LINE ( 'NONE', #3747, #2185 ) ;
#260 = DIRECTION ( 'NONE',  ( 0.000000000000000000, 0.000000000000000000, -1.000000000000000000 ) ) ;
#261 = VECTOR ( 'NONE', #8887, 1000.000000000000000 ) ;
#262 = ORIENTED_EDGE ( 'NONE', *, *, #10917, .F. ) ;
#263 = DIRECTION ( 'NONE',  ( 0.000000000000000000, 0.000000000000000000, 1.000000000000000000 ) ) ;
#264 = EDGE_LOOP ( 'NONE', ( #9826, #9486, #9575, #5704 ) ) ;
#265 = AXIS2_PLACEMENT_3D ( 'NONE', #3474, #4969, #8575 ) ;
#266 = ORIENTED_EDGE ( 'NONE', *, *, #5431, .T. ) ;
#267 = AXIS2_PLACEMENT_3D ( 'NONE', #8228, #1193, #9095 ) ;
#268 = ADVANCED_FACE ( 'NONE', ( #4487 ), #11250, .T. ) ;
#269 = CARTESIAN_POINT ( 'NONE',  ( -1.771168402671605879E-15, 6.965469875665441180, 7.800000000000000711 ) ) ;
#270 = LINE ( 'NONE', #3757, #991 ) ;
#271 = ORIENTED_EDGE ( 'NONE', *, *, #7730, .T. ) ;
#272 = AXIS2_PLACEMENT_3D ( 'NONE', #10745, #9264, #1188 ) ;
#273 = ORIENTED_EDGE ( 'NONE', *, *, #9795, .T. ) ;
#274 = DIRECTION ( 'NONE',  ( 0.000000000000000000, 0.000000000000000000, 1.000000000000000000 ) ) ;
#275 = CARTESIAN_POINT ( 'NONE',  ( -1.380000000000000115, 12.44809871788125477, -4.429206973128303915 ) ) ;
#276 = ORIENTED_EDGE ( 'NONE', *, *, #3127, .T. ) ;
#277 = ORIENTED_EDGE ( 'NONE', *, *, #3874, .F. ) ;
#278 = ORIENTED_EDGE ( 'NONE', *, *, #5522, .T. ) ;
#279 = CYLINDRICAL_SURFACE ( 'NONE', #8748, 0.1499999999999999667 ) ;
#280 = VECTOR ( 'NONE', #6603, 1000.000000000000000 ) ;
#281 = CYLINDRICAL_SURFACE ( 'NONE', #267, 0.02000000000000005246 ) ;
#282 = VERTEX_POINT ( 'NONE', #2598 ) ;
#283 = AXIS2_PLACEMENT_3D ( 'NONE', #2884, #9017, #5579 ) ;
#284 = DIRECTION ( 'NONE',  ( 0.000000000000000000, 1.000000000000000000, 0.000000000000000000 ) ) ;
#285 = EDGE_CURVE ( 'NONE', #4876, #10617, #3403, .T. ) ;
#286 = LINE ( 'NONE', #2579, #11175 ) ;
#287 = PLANE ( 'NONE',  #9968 ) ;
#288 = LINE ( 'NONE', #10756, #2467 ) ;
#289 = LINE ( 'NONE', #9899, #71 ) ;
#290 = ORIENTED_EDGE ( 'NONE', *, *, #4582, .F. ) ;
#291 = ORIENTED_EDGE ( 'NONE', *, *, #7034, .T. ) ;
#292 = CARTESIAN_POINT ( 'NONE',  ( -2.657714481646605620, 4.463659784142518738, 0.000000000000000000 ) ) ;
#293 = SURFACE_SIDE_STYLE ('',( #8943 ) ) ;
#294 = VERTEX_POINT ( 'NONE', #5233 ) ;
#295 = VECTOR ( 'NONE', #4401, 1000.000000000000000 ) ;
#296 = DIRECTION ( 'NONE',  ( 0.6280440846592231230, 0.7781777610061588746, 0.000000000000000000 ) ) ;
#297 = ADVANCED_FACE ( 'NONE', ( #10611 ), #11304, .T. ) ;
#298 = ADVANCED_FACE ( 'NONE', ( #10442 ), #4428, .T. ) ;
#299 = CARTESIAN_POINT ( 'NONE',  ( 3.175602739079018910, 11.56612470205378429, 0.000000000000000000 ) ) ;
#300 = FACE_OUTER_BOUND ( 'NONE', #628, .T. ) ;
#301 = VERTEX_POINT ( 'NONE', #1737 ) ;
#302 = CARTESIAN_POINT ( 'NONE',  ( -1.030666926558653025E-16, 6.965469875665441180, 7.800000000000000711 ) ) ;
#303 = DIRECTION ( 'NONE',  ( 0.000000000000000000, 0.000000000000000000, 1.000000000000000000 ) ) ;
#304 = CARTESIAN_POINT ( 'NONE',  ( 2.192316302326503763, 7.763936109177590694, -4.555813038156334649 ) ) ;
#305 = DIRECTION ( 'NONE',  ( -0.7781777610061610950, 0.6280440846592203474, 0.000000000000000000 ) ) ;
#306 = ORIENTED_EDGE ( 'NONE', *, *, #5794, .T. ) ;
#307 = ORIENTED_EDGE ( 'NONE', *, *, #7359, .F. ) ;
#308 = EDGE_LOOP ( 'NONE', ( #11297, #1008, #2430, #2532 ) ) ;
#309 = EDGE_CURVE ( 'NONE', #7372, #7054, #6148, .T. ) ;
#310 = EDGE_CURVE ( 'NONE', #8168, #9328, #9368, .T. ) ;
#311 = TOROIDAL_SURFACE ( 'NONE', #9091, 0.1299999999999999767, 0.02000000000000000042 ) ;
#312 = LINE ( 'NONE', #3097, #2216 ) ;
#313 = ADVANCED_FACE ( 'NONE', ( #7074 ), #9694, .T. ) ;
#314 = DIRECTION ( 'NONE',  ( 0.000000000000000000, 0.000000000000000000, 1.000000000000000000 ) ) ;
#315 = CARTESIAN_POINT ( 'NONE',  ( -0.1126976677028369844, -7.802724943655747758, -1.741077270331110816 ) ) ;
#316 = CARTESIAN_POINT ( 'NONE',  ( 1.396794528132544455, 10.33763016933164991, 0.000000000000000000 ) ) ;
#317 = CARTESIAN_POINT ( 'NONE',  ( -3.976120838953103753, 4.909999999999999254, 3.976120838953022929 ) ) ;
#318 = ORIENTED_EDGE ( 'NONE', *, *, #5865, .T. ) ;
#319 = CARTESIAN_POINT ( 'NONE',  ( 0.000000000000000000, 1.699999999999999734, 7.049999999999999822 ) ) ;
#320 = VERTEX_POINT ( 'NONE', #7989 ) ;
#321 = ORIENTED_EDGE ( 'NONE', *, *, #1132, .F. ) ;
#322 = CARTESIAN_POINT ( 'NONE',  ( -4.745536286357737055, 10.33211856856919120, -2.625562286609687046 ) ) ;
#323 = EDGE_CURVE ( 'NONE', #8081, #6963, #5338, .T. ) ;
#324 = DIRECTION ( 'NONE',  ( 1.000000000000000000, 0.000000000000000000, 0.000000000000000000 ) ) ;
#325 = CARTESIAN_POINT ( 'NONE',  ( 0.000000000000000000, 1.500000000000000444, 4.500000000000000000 ) ) ;
#326 = ORIENTED_EDGE ( 'NONE', *, *, #4997, .T. ) ;
#327 = ORIENTED_EDGE ( 'NONE', *, *, #10610, .F. ) ;
#328 = CARTESIAN_POINT ( 'NONE',  ( -1.771168402671605879E-15, 6.965469875665441180, 3.675000000000000266 ) ) ;
#329 = CARTESIAN_POINT ( 'NONE',  ( 3.328434437871126139, 5.467463135762873350, 7.800000000000000711 ) ) ;
#330 = EDGE_LOOP ( 'NONE', ( #4608, #9221, #5916, #2912 ) ) ;
#331 = VERTEX_POINT ( 'NONE', #2994 ) ;
#332 = DIRECTION ( 'NONE',  ( -0.5049013445389998189, -0.8631770573194762486, 0.000000000000000000 ) ) ;
#333 = ORIENTED_EDGE ( 'NONE', *, *, #3308, .T. ) ;
#334 = EDGE_CURVE ( 'NONE', #8671, #9369, #8154, .T. ) ;
#335 = CARTESIAN_POINT ( 'NONE',  ( 2.594966336091577119, 7.399282554998233508, -2.613951291675112643 ) ) ;
#336 = VERTEX_POINT ( 'NONE', #6261 ) ;
#337 = CARTESIAN_POINT ( 'NONE',  ( 1.379999999999999671, 12.46319082832452629, 4.442330547426800003 ) ) ;
#338 = VECTOR ( 'NONE', #10577, 1000.000000000000000 ) ;
#339 = CYLINDRICAL_SURFACE ( 'NONE', #3294, 3.649999999999999467 ) ;
#340 = FACE_OUTER_BOUND ( 'NONE', #8441, .T. ) ;
#341 = DIRECTION ( 'NONE',  ( 0.000000000000000000, 0.000000000000000000, 1.000000000000000000 ) ) ;
#342 = PLANE ( 'NONE',  #5180 ) ;
#343 = VERTEX_POINT ( 'NONE', #6496 ) ;
#344 = ORIENTED_EDGE ( 'NONE', *, *, #2459, .F. ) ;
#345 = DIRECTION ( 'NONE',  ( 0.000000000000000000, 0.000000000000000000, 1.000000000000000000 ) ) ;
#346 = EDGE_CURVE ( 'NONE', #1652, #7558, #9760, .T. ) ;
#347 = ADVANCED_FACE ( 'NONE', ( #9925 ), #1053, .T. ) ;
#348 = AXIS2_PLACEMENT_3D ( 'NONE', #7060, #8776, #3615 ) ;
#349 = ORIENTED_EDGE ( 'NONE', *, *, #3697, .T. ) ;
#350 = FACE_OUTER_BOUND ( 'NONE', #8609, .T. ) ;
#351 = AXIS2_PLACEMENT_3D ( 'NONE', #805, #66, #7102 ) ;
#352 = DIRECTION ( 'NONE',  ( 1.000000000000000000, -0.000000000000000000, -0.000000000000000000 ) ) ;
#353 = FACE_OUTER_BOUND ( 'NONE', #8009, .T. ) ;
#354 = VERTEX_POINT ( 'NONE', #5577 ) ;
#355 = DIRECTION ( 'NONE',  ( 1.000000000000000000, 0.000000000000000000, 0.000000000000000000 ) ) ;
#356 = LINE ( 'NONE', #2983, #8537 ) ;
#357 = EDGE_CURVE ( 'NONE', #6007, #1615, #1908, .T. ) ;
#358 = CARTESIAN_POINT ( 'NONE',  ( 2.263182533822364562, 8.000000000000001776, -4.871246803256983782 ) ) ;
#359 = PLANE ( 'NONE',  #3539 ) ;
#360 = ORIENTED_EDGE ( 'NONE', *, *, #9187, .F. ) ;
#361 = ORIENTED_EDGE ( 'NONE', *, *, #10758, .T. ) ;
#362 = EDGE_LOOP ( 'NONE', ( #5677, #6232, #1154, #5280 ) ) ;
#363 = VECTOR ( 'NONE', #7259, 1000.000000000000000 ) ;
#364 = CARTESIAN_POINT ( 'NONE',  ( -1.380000000000000115, 9.655153745424975398, 5.498426807238718794 ) ) ;
#365 = CARTESIAN_POINT ( 'NONE',  ( -3.763140835808880702, 6.903798770585686029, 7.800000000000000711 ) ) ;
#366 = DIRECTION ( 'NONE',  ( -0.9673775151489839574, -0.2533391860415146191, 0.000000000000000000 ) ) ;
#367 = DIRECTION ( 'NONE',  ( 0.000000000000000000, 0.000000000000000000, -1.000000000000000000 ) ) ;
#368 = FACE_OUTER_BOUND ( 'NONE', #5432, .T. ) ;
#369 = VECTOR ( 'NONE', #9350, 1000.000000000000000 ) ;
#370 = EDGE_CURVE ( 'NONE', #3621, #8981, #1108, .T. ) ;
#371 = ORIENTED_EDGE ( 'NONE', *, *, #2489, .F. ) ;
#372 = DIRECTION ( 'NONE',  ( 0.000000000000000000, 0.000000000000000000, 1.000000000000000000 ) ) ;
#373 = ORIENTED_EDGE ( 'NONE', *, *, #9641, .F. ) ;
#374 = EDGE_CURVE ( 'NONE', #294, #1086, #2961, .T. ) ;
#375 = EDGE_CURVE ( 'NONE', #1822, #9037, #4798, .T. ) ;
#376 = VERTEX_POINT ( 'NONE', #5407 ) ;
#377 = UNCERTAINTY_MEASURE_WITH_UNIT (LENGTH_MEASURE( 1.000000000000000082E-05 ), #10763, 'distance_accuracy_value', 'NONE');
#378 = LINE ( 'NONE', #10848, #6227 ) ;
#379 = VECTOR ( 'NONE', #1196, 1000.000000000000114 ) ;
#380 = FACE_OUTER_BOUND ( 'NONE', #6568, .T. ) ;
#381 = ORIENTED_EDGE ( 'NONE', *, *, #6716, .F. ) ;
#382 = EDGE_LOOP ( 'NONE', ( #4205, #1339, #11101, #7510 ) ) ;
#383 = FACE_OUTER_BOUND ( 'NONE', #3447, .T. ) ;
#384 = DIRECTION ( 'NONE',  ( -8.673617379884035472E-17, -1.880790961315659671E-33, -1.000000000000000000 ) ) ;
#385 = ORIENTED_EDGE ( 'NONE', *, *, #7378, .F. ) ;
#386 = EDGE_CURVE ( 'NONE', #3265, #8596, #5630, .T. ) ;
#387 = LINE ( 'NONE', #3873, #4316 ) ;
#388 = ORIENTED_EDGE ( 'NONE', *, *, #7159, .F. ) ;
#389 = LINE ( 'NONE', #10635, #11239 ) ;
#390 = ADVANCED_FACE ( 'NONE', ( #7245 ), #10672, .T. ) ;
#391 = VERTEX_POINT ( 'NONE', #3915 ) ;
#392 = CARTESIAN_POINT ( 'NONE',  ( -1.771168402671605879E-15, 6.965469875665441180, 15.29999999999999893 ) ) ;
#393 = AXIS2_PLACEMENT_3D ( 'NONE', #4153, #6674, #3343 ) ;
#394 = ADVANCED_FACE ( 'NONE', ( #9126 ), #9076, .T. ) ;
#395 = CARTESIAN_POINT ( 'NONE',  ( 0.000000000000000000, 0.000000000000000000, 0.000000000000000000 ) ) ;
#396 = CARTESIAN_POINT ( 'NONE',  ( -2.969848480983505290, 1.499999999999999556, -7.049999999999998046 ) ) ;
#397 = CARTESIAN_POINT ( 'NONE',  ( -3.372160293666174535, 5.568675347532812125, -2.613951291675112643 ) ) ;
#398 = VECTOR ( 'NONE', #1671, 1000.000000000000000 ) ;
#399 = ORIENTED_EDGE ( 'NONE', *, *, #4065, .F. ) ;
#400 = ORIENTED_EDGE ( 'NONE', *, *, #3222, .T. ) ;
#401 = FACE_BOUND ( 'NONE', #4562, .T. ) ;
#402 = AXIS2_PLACEMENT_3D ( 'NONE', #3425, #740, #9549 ) ;
#403 = VERTEX_POINT ( 'NONE', #4712 ) ;
#404 = VECTOR ( 'NONE', #10852, 1000.000000000000000 ) ;
#405 = CARTESIAN_POINT ( 'NONE',  ( -2.179449471770337432, 7.499999999999998224, 4.500000000000000000 ) ) ;
#406 = EDGE_CURVE ( 'NONE', #4501, #10705, #2882, .T. ) ;
#407 = VECTOR ( 'NONE', #5217, 1000.000000000000000 ) ;
#408 = AXIS2_PLACEMENT_3D ( 'NONE', #9271, #454, #4912 ) ;
#409 = AXIS2_PLACEMENT_3D ( 'NONE', #4372, #5171, #2540 ) ;
#410 = CARTESIAN_POINT ( 'NONE',  ( 1.399999999999999689, 0.000000000000000000, -4.379999999999999893 ) ) ;
#411 = DIRECTION ( 'NONE',  ( 0.8631770573194761376, -0.5049013445389998189, 0.000000000000000000 ) ) ;
#412 = VERTEX_POINT ( 'NONE', #8207 ) ;
#413 = CARTESIAN_POINT ( 'NONE',  ( -1.007663994480476610, 12.46411433246060341, 7.800000000000000711 ) ) ;
#414 = DIRECTION ( 'NONE',  ( -0.000000000000000000, 0.000000000000000000, 1.000000000000000000 ) ) ;
#415 = CARTESIAN_POINT ( 'NONE',  ( -4.500000000000000000, 1.500000000000000444, 0.000000000000000000 ) ) ;
#416 = ORIENTED_EDGE ( 'NONE', *, *, #7417, .T. ) ;
#417 = ORIENTED_EDGE ( 'NONE', *, *, #1693, .T. ) ;
#418 = CIRCLE ( 'NONE', #3707, 3.649999999999999467 ) ;
#419 = ORIENTED_EDGE ( 'NONE', *, *, #10982, .F. ) ;
#420 = AXIS2_PLACEMENT_3D ( 'NONE', #2415, #9183, #10160 ) ;
#421 = CIRCLE ( 'NONE', #10315, 3.649999999999999467 ) ;
#422 = LINE ( 'NONE', #8260, #6240 ) ;
#423 = ADVANCED_FACE ( 'NONE', ( #4768 ), #9015, .F. ) ;
#424 = CARTESIAN_POINT ( 'NONE',  ( 0.000000000000000000, 8.631655426250503638, -4.549999999999998934 ) ) ;
#425 = DIRECTION ( 'NONE',  ( 0.000000000000000000, 0.000000000000000000, -1.000000000000000000 ) ) ;
#426 = CARTESIAN_POINT ( 'NONE',  ( -2.179449471770337432, 7.633692192606185145, 4.500000000000000000 ) ) ;
#427 = CARTESIAN_POINT ( 'NONE',  ( 4.600654826388332452, 3.789867136586406282, -2.625562286609687046 ) ) ;
#428 = DIRECTION ( 'NONE',  ( 0.8631770573194766927, -0.5049013445389989307, 0.000000000000000000 ) ) ;
#429 = CIRCLE ( 'NONE', #9928, 0.1499999999999999667 ) ;
#430 = VECTOR ( 'NONE', #833, 1000.000000000000114 ) ;
#431 = ORIENTED_EDGE ( 'NONE', *, *, #1168, .F. ) ;
#432 = CARTESIAN_POINT ( 'NONE',  ( 2.456675682618983725, 4.421117088150665175, -4.344938633691942036E-17 ) ) ;
#433 = EDGE_LOOP ( 'NONE', ( #4030, #2929, #6125, #8055 ) ) ;
#434 = ORIENTED_EDGE ( 'NONE', *, *, #8491, .F. ) ;
#435 = VECTOR ( 'NONE', #3602, 1000.000000000000000 ) ;
#436 = DIRECTION ( 'NONE',  ( 0.6042542366568462997, -0.7967915771908309353, 0.000000000000000000 ) ) ;
#437 = ADVANCED_FACE ( 'NONE', ( #10898 ), #196, .F. ) ;
#438 = VECTOR ( 'NONE', #7115, 1000.000000000000114 ) ;
#439 = DIRECTION ( 'NONE',  ( 0.000000000000000000, 0.000000000000000000, 1.000000000000000000 ) ) ;
#440 = VERTEX_POINT ( 'NONE', #6324 ) ;
#441 = EDGE_CURVE ( 'NONE', #1284, #8548, #5464, .T. ) ;
#442 = EDGE_LOOP ( 'NONE', ( #4404, #10524 ) ) ;
#443 = CARTESIAN_POINT ( 'NONE',  ( -1.379999999999999449, 0.02972972972972962383, 0.1783783783783780552 ) ) ;
#444 = DIRECTION ( 'NONE',  ( 0.000000000000000000, 2.040851148208008235E-14, -1.000000000000000000 ) ) ;
#445 = AXIS2_PLACEMENT_3D ( 'NONE', #3714, #5312, #913 ) ;
#446 = ORIENTED_EDGE ( 'NONE', *, *, #10787, .T. ) ;
#448 = VECTOR ( 'NONE', #3470, 1000.000000000000000 ) ;
#447 = CARTESIAN_POINT ( 'NONE',  ( 1.390180519077591104, 6.500000000000000000, -0.8009322421621059007 ) ) ;
#449 = EDGE_LOOP ( 'NONE', ( #3461, #10742, #11141, #7878 ) ) ;
#450 = DIRECTION ( 'NONE',  ( -0.8631770573194726959, 0.5049013445390057031, 0.000000000000000000 ) ) ;
#451 = AXIS2_PLACEMENT_3D ( 'NONE', #9938, #10966, #9086 ) ;
#452 = ORIENTED_EDGE ( 'NONE', *, *, #9757, .T. ) ;
#453 = AXIS2_PLACEMENT_3D ( 'NONE', #9161, #4578, #9106 ) ;
#454 = DIRECTION ( 'NONE',  ( -0.000000000000000000, -0.000000000000000000, -1.000000000000000000 ) ) ;
#455 = AXIS2_PLACEMENT_3D ( 'NONE', #6393, #3589, #9778 ) ;
#456 = EDGE_CURVE ( 'NONE', #609, #4438, #2355, .T. ) ;
#457 = EDGE_CURVE ( 'NONE', #412, #3339, #238, .T. ) ;
#458 = DIRECTION ( 'NONE',  ( -0.000000000000000000, -0.000000000000000000, -1.000000000000000000 ) ) ;
#459 = CARTESIAN_POINT ( 'NONE',  ( -2.580939751330913356, 9.546409626996329223, 11.17499999999999893 ) ) ;
#460 = EDGE_CURVE ( 'NONE', #5035, #10230, #3710, .T. ) ;
#461 = LINE ( 'NONE', #4915, #9579 ) ;
#462 = VECTOR ( 'NONE', #6516, 1000.000000000000000 ) ;
#463 = CARTESIAN_POINT ( 'NONE',  ( 0.000000000000000000, 8.631655426250503638, 4.549999999999999822 ) ) ;
#464 = EDGE_LOOP ( 'NONE', ( #4690, #8225, #10244, #10789 ) ) ;
#465 = ORIENTED_EDGE ( 'NONE', *, *, #5571, .F. ) ;
#466 = AXIS2_PLACEMENT_3D ( 'NONE', #4490, #10613, #6959 ) ;
#467 = CARTESIAN_POINT ( 'NONE',  ( -2.580939751330911580, 4.384530124334556689, 0.2999999999999999334 ) ) ;
#468 = CARTESIAN_POINT ( 'NONE',  ( -3.648334813386799880, 7.075710927138659123, -2.457261515329064672 ) ) ;
#469 = VECTOR ( 'NONE', #1991, 1000.000000000000000 ) ;
#470 = EDGE_CURVE ( 'NONE', #646, #9436, #4085, .T. ) ;
#471 = DIRECTION ( 'NONE',  ( -0.9906889957247183576, 0.1361444591232013335, 0.000000000000000000 ) ) ;
#472 = CARTESIAN_POINT ( 'NONE',  ( 0.000000000000000000, 3.000000000000000000, 0.000000000000000000 ) ) ;
#473 = ORIENTED_EDGE ( 'NONE', *, *, #9654, .F. ) ;
#474 = LINE ( 'NONE', #1953, #6372 ) ;
#475 = LINE ( 'NONE', #8087, #5796 ) ;
#476 = CARTESIAN_POINT ( 'NONE',  ( 0.000000000000000000, 7.500000000000000000, -4.500000000000000000 ) ) ;
#477 = ORIENTED_EDGE ( 'NONE', *, *, #9484, .T. ) ;
#478 = EDGE_CURVE ( 'NONE', #11142, #6686, #9375, .T. ) ;
#479 = ORIENTED_EDGE ( 'NONE', *, *, #9536, .F. ) ;
#480 = ORIENTED_EDGE ( 'NONE', *, *, #11211, .F. ) ;
#481 = LINE ( 'NONE', #9123, #7710 ) ;
#482 = TOROIDAL_SURFACE ( 'NONE', #2852, 0.1299999999999999767, 0.02000000000000000042 ) ;
#483 = VECTOR ( 'NONE', #7313, 1000.000000000000000 ) ;
#484 = FACE_OUTER_BOUND ( 'NONE', #6450, .T. ) ;
#485 = CARTESIAN_POINT ( 'NONE',  ( 1.399999999999999689, 12.34999999999999964, -4.343903740188082452 ) ) ;
#486 = DIRECTION ( 'NONE',  ( -1.000000000000000000, 0.000000000000000000, 0.000000000000000000 ) ) ;
#487 = CARTESIAN_POINT ( 'NONE',  ( 0.000000000000000000, 9.296555435952635449, -8.083961248654471632 ) ) ;
#488 = PLANE ( 'NONE',  #8690 ) ;
#489 = VERTEX_POINT ( 'NONE', #4024 ) ;
#490 = CARTESIAN_POINT ( 'NONE',  ( 4.400384907664991019, 6.000000000000000000, 2.279064564105347301 ) ) ;
#491 = CARTESIAN_POINT ( 'NONE',  ( 2.153677983850734279, 3.681918150191071604, 3.675000000000000266 ) ) ;
#492 = VERTEX_POINT ( 'NONE', #592 ) ;
#493 = EDGE_CURVE ( 'NONE', #10443, #11016, #966, .T. ) ;
#494 = ADVANCED_FACE ( 'NONE', ( #6661 ), #7516, .T. ) ;
#495 = ORIENTED_EDGE ( 'NONE', *, *, #11264, .F. ) ;
#496 = VECTOR ( 'NONE', #2479, 1000.000000000000000 ) ;
#497 = CARTESIAN_POINT ( 'NONE',  ( 3.649999999999999467, 6.965469875665467825, -2.454779244514313952 ) ) ;
#498 =( NAMED_UNIT ( * ) PLANE_ANGLE_UNIT ( ) SI_UNIT ( $, .RADIAN. ) );
#499 = DIRECTION ( 'NONE',  ( 0.7071067811865401342, 0.000000000000000000, 0.7071067811865550112 ) ) ;
#500 = DIRECTION ( 'NONE',  ( 0.000000000000000000, 0.000000000000000000, -1.000000000000000000 ) ) ;
#501 = VERTEX_POINT ( 'NONE', #8433 ) ;
#502 = DIRECTION ( 'NONE',  ( 0.4853175911454119529, -0.8743379413732510486, 0.000000000000000000 ) ) ;
#503 = FACE_OUTER_BOUND ( 'NONE', #2662, .T. ) ;
#504 = VECTOR ( 'NONE', #11123, 1000.000000000000000 ) ;
#505 = ORIENTED_EDGE ( 'NONE', *, *, #1828, .T. ) ;
#506 = DIRECTION ( 'NONE',  ( -0.000000000000000000, 0.000000000000000000, 1.000000000000000000 ) ) ;
#507 = ORIENTED_EDGE ( 'NONE', *, *, #8067, .T. ) ;
#508 = EDGE_CURVE ( 'NONE', #8945, #7817, #3338, .T. ) ;
#509 = LINE ( 'NONE', #1412, #5933 ) ;
#510 = EDGE_LOOP ( 'NONE', ( #4292, #1520, #872, #1868 ) ) ;
#511 = DIRECTION ( 'NONE',  ( 1.000000000000000000, 2.168404344971008252E-17, -8.673617379884035472E-17 ) ) ;
#512 = CARTESIAN_POINT ( 'NONE',  ( -2.422503262749236441, 4.234189432145405441, 0.02503400065178864459 ) ) ;
#513 = DIRECTION ( 'NONE',  ( -0.000000000000000000, 0.000000000000000000, 1.000000000000000000 ) ) ;
#514 = DIRECTION ( 'NONE',  ( 0.000000000000000000, -1.000000000000000000, 0.000000000000000000 ) ) ;
#515 = DIRECTION ( 'NONE',  ( -0.8780328119034556122, -0.4786004400550745719, 0.000000000000000000 ) ) ;
#516 = ORIENTED_EDGE ( 'NONE', *, *, #7794, .F. ) ;
#517 = ORIENTED_EDGE ( 'NONE', *, *, #10161, .F. ) ;
#518 = CARTESIAN_POINT ( 'NONE',  ( 4.600654826388334229, 3.789867136586409391, 0.000000000000000000 ) ) ;
#519 = LINE ( 'NONE', #4006, #6657 ) ;
#520 = EDGE_CURVE ( 'NONE', #10892, #7850, #4190, .T. ) ;
#521 = EDGE_CURVE ( 'NONE', #9400, #8671, #7577, .T. ) ;
#522 = CARTESIAN_POINT ( 'NONE',  ( -4.999999999999999112, 8.000000000000000000, -2.291287847478249429 ) ) ;
#523 = VERTEX_POINT ( 'NONE', #11066 ) ;
#524 = LINE ( 'NONE', #8417, #8276 ) ;
#525 = CARTESIAN_POINT ( 'NONE',  ( -7.085102807365159627, 3.000000000000000000, 2.885102807365165223 ) ) ;
#526 = ORIENTED_EDGE ( 'NONE', *, *, #5341, .T. ) ;
#527 = CARTESIAN_POINT ( 'NONE',  ( -1.396794528132616398, 10.33763016933162149, 11.17499999999999893 ) ) ;
#528 = CARTESIAN_POINT ( 'NONE',  ( 0.000000000000000000, 1.500000000000000444, 0.000000000000000000 ) ) ;
#529 = DIRECTION ( 'NONE',  ( 0.000000000000000000, 0.000000000000000000, 1.000000000000000000 ) ) ;
#530 = ORIENTED_EDGE ( 'NONE', *, *, #7303, .F. ) ;
#531 = ORIENTED_EDGE ( 'NONE', *, *, #3043, .F. ) ;
#532 = EDGE_CURVE ( 'NONE', #10705, #3566, #6629, .T. ) ;
#533 = ORIENTED_EDGE ( 'NONE', *, *, #6073, .F. ) ;
#534 = VECTOR ( 'NONE', #2388, 1000.000000000000000 ) ;
#535 = CARTESIAN_POINT ( 'NONE',  ( -4.985102807365159983, 3.200000000000000178, 4.985102807365162647 ) ) ;
#536 = CARTESIAN_POINT ( 'NONE',  ( 5.465701386268194462, 5.792189881732856094, 11.17499999999999893 ) ) ;
#537 = EDGE_CURVE ( 'NONE', #1652, #10393, #8545, .T. ) ;
#538 = DIRECTION ( 'NONE',  ( 1.000000000000000000, 0.000000000000000000, 0.000000000000000000 ) ) ;
#539 = CARTESIAN_POINT ( 'NONE',  ( -3.956290731841368036, 5.626078208432424788, 3.226782805549640365 ) ) ;
#540 = DIRECTION ( 'NONE',  ( -0.6042542366568471879, 0.7967915771908303801, 0.000000000000000000 ) ) ;
#541 = ORIENTED_EDGE ( 'NONE', *, *, #7824, .T. ) ;
#542 = CARTESIAN_POINT ( 'NONE',  ( 2.966664951328131128, 4.978965517241379146, 5.087985294887771737 ) ) ;
#543 = DIRECTION ( 'NONE',  ( -1.000000000000000000, 0.000000000000000000, 0.000000000000000000 ) ) ;
#544 = VERTEX_POINT ( 'NONE', #10038 ) ;
#545 = B_SPLINE_CURVE_WITH_KNOTS ( 'NONE', 3,
 ( #4116, #11265, #4337, #1529, #6112, #9380, #9601, #625, #11099, #3249 ),
 .UNSPECIFIED., .F., .F.,
 ( 4, 2, 2, 2, 4 ),
 ( 0.000000000000000000, 7.024607880191202191E-05, 0.0001404921576038240438, 0.0002809843152076474913, 0.0005619686304152965006 ),
 .UNSPECIFIED. ) ;
#546 = ORIENTED_EDGE ( 'NONE', *, *, #3075, .T. ) ;
#547 = VERTEX_POINT ( 'NONE', #10211 ) ;
#548 = CARTESIAN_POINT ( 'NONE',  ( -1.380000000000000115, 9.768344573749500270, -5.530000000000000249 ) ) ;
#549 = APPLICATION_PROTOCOL_DEFINITION ( 'draft international standard', 'automotive_design', 1998, #6187 ) ;
#550 = DIRECTION ( 'NONE',  ( 1.000000000000000000, 0.000000000000000000, 0.000000000000000000 ) ) ;
#551 = EDGE_CURVE ( 'NONE', #10330, #8040, #6718, .T. ) ;
#552 = DIRECTION ( 'NONE',  ( -0.9673775151489831803, -0.2533391860415180052, 0.000000000000000000 ) ) ;
#553 = VECTOR ( 'NONE', #5591, 1000.000000000000114 ) ;
#554 = EDGE_CURVE ( 'NONE', #5458, #6555, #1442, .T. ) ;
#555 = ORIENTED_EDGE ( 'NONE', *, *, #4097, .F. ) ;
#556 = DIRECTION ( 'NONE',  ( -0.7781777610061610950, 0.6280440846592203474, 0.000000000000000000 ) ) ;
#557 = CARTESIAN_POINT ( 'NONE',  ( -1.294307837705273023, 10.37827916146719787, -2.454779244514317504 ) ) ;
#558 = EDGE_LOOP ( 'NONE', ( #7039, #10387, #2689, #4254 ) ) ;
#559 = DIRECTION ( 'NONE',  ( 0.000000000000000000, 0.000000000000000000, 1.000000000000000000 ) ) ;
#560 = VERTEX_POINT ( 'NONE', #2181 ) ;
#561 = CARTESIAN_POINT ( 'NONE',  ( -1.771168402671605879E-15, 6.965469875665441180, 7.800000000000000711 ) ) ;
#562 = VERTEX_POINT ( 'NONE', #3972 ) ;
#563 = AXIS2_PLACEMENT_3D ( 'NONE', #565, #4053, #3130 ) ;
#564 = FACE_OUTER_BOUND ( 'NONE', #2756, .T. ) ;
#565 = CARTESIAN_POINT ( 'NONE',  ( 1.379999999999999671, 11.43165542625050612, -5.400000000000000355 ) ) ;
#566 = LINE ( 'NONE', #8574, #7426 ) ;
#567 = EDGE_CURVE ( 'NONE', #10687, #3201, #4615, .T. ) ;
#568 = CARTESIAN_POINT ( 'NONE',  ( 0.1102410514732330010, 10.61380468905223751, 11.17499999999999893 ) ) ;
#569 = LINE ( 'NONE', #9957, #9388 ) ;
#570 = ORIENTED_EDGE ( 'NONE', *, *, #3489, .T. ) ;
#571 = ORIENTED_EDGE ( 'NONE', *, *, #6122, .F. ) ;
#572 = CARTESIAN_POINT ( 'NONE',  ( 2.580939751330913356, -2.003873909248935270, 15.00000000000000000 ) ) ;
#573 = CARTESIAN_POINT ( 'NONE',  ( 4.460905893435742620, 2.431562345619206589, 7.800000000000000711 ) ) ;
#574 = CIRCLE ( 'NONE', #393, 0.02000000000000005246 ) ;
#575 = DIRECTION ( 'NONE',  ( 0.000000000000000000, 0.000000000000000000, 1.000000000000000000 ) ) ;
#576 = EDGE_CURVE ( 'NONE', #5539, #10497, #4940, .T. ) ;
#577 = CARTESIAN_POINT ( 'NONE',  ( -4.500000000000000000, 7.499999999999998224, -2.179449471770337432 ) ) ;
#578 = DIRECTION ( 'NONE',  ( -2.472789881105114667E-16, -1.000000000000000000, 0.000000000000000000 ) ) ;
#579 = ORIENTED_EDGE ( 'NONE', *, *, #5281, .F. ) ;
#580 = CIRCLE ( 'NONE', #5692, 0.01999999999999996225 ) ;
#581 = EDGE_CURVE ( 'NONE', #7385, #6920, #1391, .T. ) ;
#582 = DIRECTION ( 'NONE',  ( 0.000000000000000000, 0.000000000000000000, -1.000000000000000000 ) ) ;
#583 = DIRECTION ( 'NONE',  ( -1.000000000000000000, 0.000000000000000000, 0.000000000000000000 ) ) ;
#584 = CARTESIAN_POINT ( 'NONE',  ( -2.569691144530352300, 4.373199770460647784, 0.2080586905602897219 ) ) ;
#585 = ORIENTED_EDGE ( 'NONE', *, *, #10578, .F. ) ;
#586 = ORIENTED_EDGE ( 'NONE', *, *, #3363, .F. ) ;
#587 = EDGE_LOOP ( 'NONE', ( #3384, #7231, #11283, #7980 ) ) ;
#588 = VECTOR ( 'NONE', #6617, 1000.000000000000000 ) ;
#589 = DIRECTION ( 'NONE',  ( -1.680321552529715675E-16, 1.000000000000000000, 0.000000000000000000 ) ) ;
#590 = ADVANCED_FACE ( 'NONE', ( #5743 ), #1556, .T. ) ;
#591 = DIRECTION ( 'NONE',  ( -0.1361444591231988355, -0.9906889957247186906, 0.000000000000000000 ) ) ;
#592 = CARTESIAN_POINT ( 'NONE',  ( -1.007663994480476610, 12.46411433246060341, 3.675000000000000266 ) ) ;
#593 = ADVANCED_FACE ( 'NONE', ( #6888 ), #5327, .F. ) ;
#594 = DIRECTION ( 'NONE',  ( -0.5049013445390029275, -0.8631770573194743612, 0.000000000000000000 ) ) ;
#595 = DIRECTION ( 'NONE',  ( -0.9673775151489842905, -0.2533391860415135644, 0.000000000000000000 ) ) ;
#596 = DIRECTION ( 'NONE',  ( -0.000000000000000000, -1.000000000000000000, -0.000000000000000000 ) ) ;
#597 = CIRCLE ( 'NONE', #5152, 0.1499999999999999667 ) ;
#598 = CARTESIAN_POINT ( 'NONE',  ( -2.594966336091573567, 6.531657196332637305, 0.000000000000000000 ) ) ;
#599 = EDGE_LOOP ( 'NONE', ( #7920, #2716, #571, #9262 ) ) ;
#600 = VECTOR ( 'NONE', #2473, 1000.000000000000000 ) ;
#601 = ORIENTED_EDGE ( 'NONE', *, *, #5766, .T. ) ;
#602 = EDGE_LOOP ( 'NONE', ( #1977, #8698, #9831, #5017 ) ) ;
#603 = EDGE_CURVE ( 'NONE', #7739, #4762, #2582, .T. ) ;
#604 = PRODUCT_CONTEXT ( 'NONE', #11093, 'mechanical' ) ;
#605 = PRESENTATION_LAYER_ASSIGNMENT (  '', '', ( #5354 ) ) ;
#606 = PLANE ( 'NONE',  #7391 ) ;
#607 = DIRECTION ( 'NONE',  ( 0.000000000000000000, 1.000000000000000000, -0.000000000000000000 ) ) ;
#608 = AXIS2_PLACEMENT_3D ( 'NONE', #424, #8097, #2828 ) ;
#609 = VERTEX_POINT ( 'NONE', #11171 ) ;
#610 = CARTESIAN_POINT ( 'NONE',  ( 3.372160293666185193, 8.362264403798045365, 0.000000000000000000 ) ) ;
#611 = DIRECTION ( 'NONE',  ( -0.000000000000000000, -0.000000000000000000, -1.000000000000000000 ) ) ;
#612 = ORIENTED_EDGE ( 'NONE', *, *, #5151, .F. ) ;
#613 = LINE ( 'NONE', #2494, #1206 ) ;
#614 = ORIENTED_EDGE ( 'NONE', *, *, #6056, .F. ) ;
#615 = DIRECTION ( 'NONE',  ( 0.000000000000000000, 0.000000000000000000, 1.000000000000000000 ) ) ;
#616 = ORIENTED_EDGE ( 'NONE', *, *, #6109, .T. ) ;
#617 = VECTOR ( 'NONE', #2385, 1000.000000000000000 ) ;
#618 = ADVANCED_FACE ( 'NONE', ( #8723 ), #3329, .T. ) ;
#619 = CIRCLE ( 'NONE', #5914, 5.000000000000000000 ) ;
#620 = FACE_OUTER_BOUND ( 'NONE', #3967, .T. ) ;
#621 = DIRECTION ( 'NONE',  ( -0.4876598490941761455, 0.7241379310344824294, 0.4876598490941655983 ) ) ;
#622 = DIRECTION ( 'NONE',  ( -0.000000000000000000, 1.000000000000000000, -0.000000000000000000 ) ) ;
#623 = VECTOR ( 'NONE', #1012, 1000.000000000000000 ) ;
#624 = AXIS2_PLACEMENT_3D ( 'NONE', #8753, #906, #7887 ) ;
#625 = CARTESIAN_POINT ( 'NONE',  ( 3.139821971399054057, 1.508500636646441517, 6.976537463425645846 ) ) ;
#626 = PLANE ( 'NONE',  #10302 ) ;
#627 = VERTEX_POINT ( 'NONE', #7801 ) ;
#628 = EDGE_LOOP ( 'NONE', ( #6621, #3822, #2070, #9081 ) ) ;
#629 = LINE ( 'NONE', #9158, #534 ) ;
#630 = AXIS2_PLACEMENT_3D ( 'NONE', #4454, #9546, #6052 ) ;
#631 = DIRECTION ( 'NONE',  ( -0.4786004400550697424, 0.8780328119034581658, 0.000000000000000000 ) ) ;
#632 = EDGE_CURVE ( 'NONE', #7079, #7163, #3560, .T. ) ;
#633 = VECTOR ( 'NONE', #7139, 1000.000000000000000 ) ;
#634 = DIRECTION ( 'NONE',  ( 1.000000000000000000, 0.000000000000000000, 0.000000000000000000 ) ) ;
#635 = VECTOR ( 'NONE', #5198, 1000.000000000000000 ) ;
#636 = DIRECTION ( 'NONE',  ( 0.000000000000000000, 0.000000000000000000, 1.000000000000000000 ) ) ;
#637 = CARTESIAN_POINT ( 'NONE',  ( 8.558691287372994388E-17, -4.084530124334559531, 15.29999999999999893 ) ) ;
#638 = VECTOR ( 'NONE', #5174, 1000.000000000000114 ) ;
#639 = ORIENTED_EDGE ( 'NONE', *, *, #10738, .F. ) ;
#640 = DIRECTION ( 'NONE',  ( -2.803295164711175242E-15, 0.5961196035938418625, 0.8028956459037006610 ) ) ;
#641 = DIRECTION ( 'NONE',  ( 0.000000000000000000, 0.000000000000000000, 1.000000000000000000 ) ) ;
#642 = DIRECTION ( 'NONE',  ( 8.673617379884030542E-17, 1.000000000000000000, 8.673617379884030542E-17 ) ) ;
#643 = ORIENTED_EDGE ( 'NONE', *, *, #1080, .T. ) ;
#644 = ORIENTED_EDGE ( 'NONE', *, *, #9408, .T. ) ;
#645 = EDGE_CURVE ( 'NONE', #1505, #7267, #10425, .T. ) ;
#646 = VERTEX_POINT ( 'NONE', #8662 ) ;
#647 = CIRCLE ( 'NONE', #9419, 0.01999999999999939326 ) ;
#648 = DIRECTION ( 'NONE',  ( -0.000000000000000000, -0.000000000000000000, -1.000000000000000000 ) ) ;
#649 = DIRECTION ( 'NONE',  ( 4.945579762210228717E-17, -1.000000000000000000, 0.000000000000000000 ) ) ;
#650 = DIRECTION ( 'NONE',  ( -0.000000000000000000, -0.000000000000000000, 1.000000000000000000 ) ) ;
#651 = FACE_OUTER_BOUND ( 'NONE', #5277, .T. ) ;
#652 = CYLINDRICAL_SURFACE ( 'NONE', #4718, 3.649999999999999467 ) ;
#653 = CARTESIAN_POINT ( 'NONE',  ( 3.412809285801764236, 8.259777713370697327, -2.454779244514313952 ) ) ;
#654 = ORIENTED_EDGE ( 'NONE', *, *, #8629, .F. ) ;
#655 = ORIENTED_EDGE ( 'NONE', *, *, #3508, .T. ) ;
#656 = EDGE_CURVE ( 'NONE', #767, #3003, #1144, .T. ) ;
#657 = EDGE_CURVE ( 'NONE', #6541, #5776, #7913, .T. ) ;
#658 = ORIENTED_EDGE ( 'NONE', *, *, #8958, .F. ) ;
#659 = ADVANCED_FACE ( 'NONE', ( #4358 ), #5157, .F. ) ;
#660 = CIRCLE ( 'NONE', #5596, 3.649999999999999467 ) ;
#661 = CARTESIAN_POINT ( 'NONE',  ( 2.657714481646625604, 9.467279967188337864, 0.000000000000000000 ) ) ;
#662 = CONTEXT_DEPENDENT_SHAPE_REPRESENTATION ( #3847, #6011 ) ;
#663 = CARTESIAN_POINT ( 'NONE',  ( -1.500000000000001998, 6.965469875665441180, 3.674999999999999378 ) ) ;
#664 = DIRECTION ( 'NONE',  ( 1.000000000000000000, 0.000000000000000000, 0.000000000000000000 ) ) ;
#665 = ORIENTED_EDGE ( 'NONE', *, *, #8463, .F. ) ;
#666 = LINE ( 'NONE', #4955, #6400 ) ;
#667 = DIRECTION ( 'NONE',  ( -0.4876598490941707609, 0.7241379310344824294, -0.4876598490941710939 ) ) ;
#668 = ORIENTED_EDGE ( 'NONE', *, *, #2177, .F. ) ;
#669 = PLANE ( 'NONE',  #9074 ) ;
#670 = ORIENTED_EDGE ( 'NONE', *, *, #478, .F. ) ;
#671 = AXIS2_PLACEMENT_3D ( 'NONE', #7806, #10377, #9459 ) ;
#672 = ORIENTED_EDGE ( 'NONE', *, *, #8924, .F. ) ;
#673 = EDGE_CURVE ( 'NONE', #7077, #2789, #7059, .T. ) ;
#674 = CARTESIAN_POINT ( 'NONE',  ( -1.030666926558653025E-16, 6.965469875665441180, 7.800000000000000711 ) ) ;
#675 = CIRCLE ( 'NONE', #3969, 1.500000000000000222 ) ;
#676 = DIRECTION ( 'NONE',  ( -0.4876598490941762565, 0.7241379310344820963, 0.4876598490941660424 ) ) ;
#677 = DIRECTION ( 'NONE',  ( -0.000000000000000000, -0.000000000000000000, -1.000000000000000000 ) ) ;
#678 = CARTESIAN_POINT ( 'NONE',  ( -1.500000000000001998, 6.965469875665441180, 11.17499999999999893 ) ) ;
#679 = EDGE_CURVE ( 'NONE', #725, #7849, #4069, .T. ) ;
#680 = ORIENTED_EDGE ( 'NONE', *, *, #2824, .F. ) ;
#681 = ORIENTED_EDGE ( 'NONE', *, *, #4519, .F. ) ;
#682 = LINE ( 'NONE', #3304, #7668 ) ;
#683 = DIRECTION ( 'NONE',  ( -8.673617379884035472E-17, -1.880790961315659329E-33, -1.000000000000000000 ) ) ;
#684 = CARTESIAN_POINT ( 'NONE',  ( -1.030666926558653025E-16, 6.965469875665441180, 7.800000000000000711 ) ) ;
#685 = CARTESIAN_POINT ( 'NONE',  ( -4.763625870545998175, 3.844580505176269813, 3.675000000000000266 ) ) ;
#686 = CARTESIAN_POINT ( 'NONE',  ( -2.279064564105349078, 2.000000000000000444, -4.400384907664990131 ) ) ;
#687 = ADVANCED_FACE ( 'NONE', ( #7746 ), #10372, .F. ) ;
#688 = EDGE_CURVE ( 'NONE', #4184, #1355, #9200, .T. ) ;
#689 = ORIENTED_EDGE ( 'NONE', *, *, #7432, .F. ) ;
#690 = DIRECTION ( 'NONE',  ( -0.7071067811865477948, -0.000000000000000000, -0.7071067811865473507 ) ) ;
#691 = VECTOR ( 'NONE', #3334, 1000.000000000000000 ) ;
#692 = CARTESIAN_POINT ( 'NONE',  ( -2.422503262749236441, 4.234189432145404552, 0.02503400065178858908 ) ) ;
#693 = EDGE_LOOP ( 'NONE', ( #7692, #6960, #1091, #6039 ) ) ;
#694 = ORIENTED_EDGE ( 'NONE', *, *, #370, .T. ) ;
#695 = VERTEX_POINT ( 'NONE', #1721 ) ;
#696 = DIRECTION ( 'NONE',  ( -0.000000000000000000, 0.000000000000000000, 1.000000000000000000 ) ) ;
#697 = CIRCLE ( 'NONE', #348, 0.01999999999999999695 ) ;
#698 = DIRECTION ( 'NONE',  ( -0.1361444591231988355, -0.9906889957247186906, 0.000000000000000000 ) ) ;
#699 = CARTESIAN_POINT ( 'NONE',  ( -2.580939751330911136, -4.084530124334556866, 15.29999999999999893 ) ) ;
#700 = ADVANCED_FACE ( 'NONE', ( #2643 ), #984, .T. ) ;
#701 = DIRECTION ( 'NONE',  ( -0.4876598490941760344, -0.7241379310344822073, 0.4876598490941660979 ) ) ;
#702 = DIRECTION ( 'NONE',  ( 1.000000000000000000, 0.000000000000000000, 0.000000000000000000 ) ) ;
#703 = ORIENTED_EDGE ( 'NONE', *, *, #3308, .F. ) ;
#704 = APPLICATION_CONTEXT ( 'automotive_design' ) ;
#705 = DIRECTION ( 'NONE',  ( 0.4918069879902069452, -0.8707042474709769664, 0.000000000000000000 ) ) ;
#706 = CARTESIAN_POINT ( 'NONE',  ( -2.580939751330915577, 9.546409626996325670, -2.625562286609690599 ) ) ;
#707 = ORIENTED_EDGE ( 'NONE', *, *, #2862, .F. ) ;
#708 = ORIENTED_EDGE ( 'NONE', *, *, #11091, .F. ) ;
#709 = AXIS2_PLACEMENT_3D ( 'NONE', #9624, #8896, #5395 ) ;
#710 = ORIENTED_EDGE ( 'NONE', *, *, #576, .F. ) ;
#711 = CARTESIAN_POINT ( 'NONE',  ( -4.046831517071719730, 4.909999999999999254, -4.046831517071717066 ) ) ;
#712 = CONTEXT_DEPENDENT_SHAPE_REPRESENTATION ( #7145, #11230 ) ;
#713 = DIRECTION ( 'NONE',  ( -0.000000000000000000, 0.000000000000000000, 1.000000000000000000 ) ) ;
#714 = DIRECTION ( 'NONE',  ( -1.000000000000000000, 0.000000000000000000, 0.000000000000000000 ) ) ;
#715 = EDGE_CURVE ( 'NONE', #4990, #2317, #10653, .T. ) ;
#716 = AXIS2_PLACEMENT_3D ( 'NONE', #1087, #7221, #8075 ) ;
#717 = ORIENTED_EDGE ( 'NONE', *, *, #5133, .F. ) ;
#719 = EDGE_CURVE ( 'NONE', #9940, #4417, #4627, .T. ) ;
#718 = CARTESIAN_POINT ( 'NONE',  ( -4.745536286357737055, 10.33211856856919120, -2.625562286609687046 ) ) ;
#720 = DIRECTION ( 'NONE',  ( 0.000000000000000000, -0.000000000000000000, -1.000000000000000000 ) ) ;
#721 = VERTEX_POINT ( 'NONE', #10321 ) ;
#722 = CARTESIAN_POINT ( 'NONE',  ( -4.409194422298670979, 5.814123865017243098, 7.800000000000000711 ) ) ;
#723 = EDGE_CURVE ( 'NONE', #5739, #10859, #970, .T. ) ;
#724 = VERTEX_POINT ( 'NONE', #10824 ) ;
#725 = VERTEX_POINT ( 'NONE', #3668 ) ;
#726 = CARTESIAN_POINT ( 'NONE',  ( -2.545165380528041421, 3.063075121266646494, 7.214304113546739394 ) ) ;
#727 = AXIS2_PLACEMENT_3D ( 'NONE', #9886, #6451, #502 ) ;
#728 = DIRECTION ( 'NONE',  ( -0.7781777610061610950, 0.6280440846592203474, 0.000000000000000000 ) ) ;
#729 = CARTESIAN_POINT ( 'NONE',  ( 4.600654826388332452, 3.789867136586409391, -2.625562286609687046 ) ) ;
#730 = EDGE_CURVE ( 'NONE', #1773, #5644, #2921, .T. ) ;
#731 = CARTESIAN_POINT ( 'NONE',  ( 4.027325123107964089, 4.978965517241379146, -4.027325123107939220 ) ) ;
#732 = PLANE ( 'NONE',  #6285 ) ;
#733 = VERTEX_POINT ( 'NONE', #7111 ) ;
#734 = EDGE_CURVE ( 'NONE', #8267, #4730, #8084, .T. ) ;
#735 = ORIENTED_EDGE ( 'NONE', *, *, #7999, .T. ) ;
#736 = FACE_BOUND ( 'NONE', #8136, .T. ) ;
#737 = VECTOR ( 'NONE', #9127, 1000.000000000000000 ) ;
#738 = DIRECTION ( 'NONE',  ( -0.9673775151489839574, -0.2533391860415146191, 0.000000000000000000 ) ) ;
#739 = ADVANCED_FACE ( 'NONE', ( #5392 ), #3787, .T. ) ;
#740 = DIRECTION ( 'NONE',  ( 1.000000000000000000, 2.168404344971008252E-17, -8.673617379884035472E-17 ) ) ;
#741 = DIRECTION ( 'NONE',  ( 0.000000000000000000, 0.000000000000000000, -1.000000000000000000 ) ) ;
#742 = AXIS2_PLACEMENT_3D ( 'NONE', #5155, #9895, #5543 ) ;
#743 = FACE_OUTER_BOUND ( 'NONE', #8457, .T. ) ;
#744 = ORIENTED_EDGE ( 'NONE', *, *, #4394, .F. ) ;
#745 = DIRECTION ( 'NONE',  ( -0.000000000000000000, -0.9863939238321437486, 0.1643989873053572637 ) ) ;
#746 = CYLINDRICAL_SURFACE ( 'NONE', #5418, 0.09999999999999983902 ) ;
#747 = DIRECTION ( 'NONE',  ( 1.000000000000000000, 0.000000000000000000, 0.000000000000000000 ) ) ;
#748 = VECTOR ( 'NONE', #5340, 1000.000000000000000 ) ;
#749 = ORIENTED_EDGE ( 'NONE', *, *, #8398, .T. ) ;
#750 = ORIENTED_EDGE ( 'NONE', *, *, #7278, .F. ) ;
#751 = ORIENTED_EDGE ( 'NONE', *, *, #2967, .T. ) ;
#752 = EDGE_CURVE ( 'NONE', #7372, #8508, #9551, .T. ) ;
#753 = EDGE_LOOP ( 'NONE', ( #8374, #654, #4674, #2142 ) ) ;
#754 = DIRECTION ( 'NONE',  ( -1.000000000000000000, 0.000000000000000000, 0.000000000000000000 ) ) ;
#755 = AXIS2_PLACEMENT_3D ( 'NONE', #6532, #6477, #2339 ) ;
#756 = CARTESIAN_POINT ( 'NONE',  ( 0.7016507962251111730, 5.105736415116989058, 11.17499999999999893 ) ) ;
#757 = DIRECTION ( 'NONE',  ( -0.000000000000000000, -0.000000000000000000, 1.000000000000000000 ) ) ;
#758 = PLANE ( 'NONE',  #6029 ) ;
#759 = DIRECTION ( 'NONE',  ( 1.000000000000000000, 0.000000000000000000, 0.000000000000000000 ) ) ;
#760 = ORIENTED_EDGE ( 'NONE', *, *, #6886, .T. ) ;
#761 = CIRCLE ( 'NONE', #6057, 3.649999999999999467 ) ;
#762 = CYLINDRICAL_SURFACE ( 'NONE', #7459, 1.500000000000000222 ) ;
#763 = DIRECTION ( 'NONE',  ( 0.6042542366568471879, -0.7967915771908303801, 0.000000000000000000 ) ) ;
#764 = EDGE_LOOP ( 'NONE', ( #9560, #5892, #8401, #517 ) ) ;
#765 = ORIENTED_EDGE ( 'NONE', *, *, #3829, .T. ) ;
#766 = AXIS2_PLACEMENT_3D ( 'NONE', #10356, #9489, #3712 ) ;
#767 = VERTEX_POINT ( 'NONE', #3838 ) ;
#768 = EDGE_CURVE ( 'NONE', #9904, #9703, #9802, .T. ) ;
#769 = LINE ( 'NONE', #1616, #1296 ) ;
#770 = APPLICATION_PROTOCOL_DEFINITION ( 'draft international standard', 'automotive_design', 1998, #11093 ) ;
#771 = DIRECTION ( 'NONE',  ( 0.000000000000000000, 1.000000000000000000, 0.000000000000000000 ) ) ;
#772 = CARTESIAN_POINT ( 'NONE',  ( -1.397319086605161687, 6.500000000000000000, -0.8267289123675667373 ) ) ;
#773 = VECTOR ( 'NONE', #9347, 1000.000000000000000 ) ;
#774 = ORIENTED_EDGE ( 'NONE', *, *, #6332, .F. ) ;
#775 = FACE_OUTER_BOUND ( 'NONE', #8106, .T. ) ;
#776 = VECTOR ( 'NONE', #3881, 1000.000000000000000 ) ;
#777 = CARTESIAN_POINT ( 'NONE',  ( 3.412809285801760240, 8.259777713370700880, -2.454779244514317504 ) ) ;
#778 = ORIENTED_EDGE ( 'NONE', *, *, #8857, .T. ) ;
#779 = LINE ( 'NONE', #6853, #2112 ) ;
#780 = EDGE_LOOP ( 'NONE', ( #4239, #8854, #3332, #1192 ) ) ;
#781 = ORIENTED_EDGE ( 'NONE', *, *, #2735, .F. ) ;
#782 = EDGE_CURVE ( 'NONE', #9188, #4876, #8103, .T. ) ;
#783 = CIRCLE ( 'NONE', #6636, 5.500000000000000000 ) ;
#784 = AXIS2_PLACEMENT_3D ( 'NONE', #6014, #10545, #817 ) ;
#785 = DIRECTION ( 'NONE',  ( -1.000000000000000000, 0.000000000000000000, 0.000000000000000000 ) ) ;
#786 = EDGE_CURVE ( 'NONE', #6030, #4185, #3525, .T. ) ;
#787 = DIRECTION ( 'NONE',  ( 0.000000000000000000, 0.000000000000000000, -1.000000000000000000 ) ) ;
#788 = DIRECTION ( 'NONE',  ( 0.9673775151489821811, 0.2533391860415217245, 0.000000000000000000 ) ) ;
#789 = DIRECTION ( 'NONE',  ( -0.7071067811865474617, 0.000000000000000000, -0.7071067811865474617 ) ) ;
#790 = DIRECTION ( 'NONE',  ( -0.8780328119034565004, -0.4786004400550726290, 0.000000000000000000 ) ) ;
#791 = VERTEX_POINT ( 'NONE', #2809 ) ;
#792 = VERTEX_POINT ( 'NONE', #1889 ) ;
#793 = CIRCLE ( 'NONE', #6082, 3.649999999999999467 ) ;
#794 = CARTESIAN_POINT ( 'NONE',  ( -3.903127820947815962E-14, 10.61546987566544153, 3.675000000000000266 ) ) ;
#795 = AXIS2_PLACEMENT_3D ( 'NONE', #2589, #1956, #6251 ) ;
#796 = ADVANCED_FACE ( 'NONE', ( #300 ), #5617, .T. ) ;
#797 = ADVANCED_FACE ( 'NONE', ( #2004 ), #5499, .T. ) ;
#798 = CARTESIAN_POINT ( 'NONE',  ( 4.460905893435753278, 2.431562345619224352, 7.800000000000000711 ) ) ;
#799 = EDGE_CURVE ( 'NONE', #9889, #6129, #6645, .T. ) ;
#800 = CIRCLE ( 'NONE', #8664, 0.02000000000000005246 ) ;
#801 = CARTESIAN_POINT ( 'NONE',  ( -7.120239627063072341, 3.000000000000000000, 2.798815421262993652 ) ) ;
#802 = COLOUR_RGB ( '',0.7921568627450980005, 0.8196078431372548767, 0.9333333333333333481 ) ;
#803 = CARTESIAN_POINT ( 'NONE',  ( 5.465701386268194462, 5.792189881732853429, -2.457261515329064672 ) ) ;
#804 = ORIENTED_EDGE ( 'NONE', *, *, #5691, .F. ) ;
#805 = CARTESIAN_POINT ( 'NONE',  ( -2.280939751330911758, 4.384530124334556689, 0.2999999999999999334 ) ) ;
#806 = DIRECTION ( 'NONE',  ( 0.000000000000000000, 0.000000000000000000, -1.000000000000000000 ) ) ;
#807 = AXIS2_PLACEMENT_3D ( 'NONE', #6918, #7833, #5073 ) ;
#808 = CARTESIAN_POINT ( 'NONE',  ( -1.098581491038424840, 0.6205207517233428671, 11.17499999999999893 ) ) ;
#809 = ORIENTED_EDGE ( 'NONE', *, *, #7278, .T. ) ;
#810 = ORIENTED_EDGE ( 'NONE', *, *, #752, .F. ) ;
#811 = ORIENTED_EDGE ( 'NONE', *, *, #10502, .F. ) ;
#812 = AXIS2_PLACEMENT_3D ( 'NONE', #9890, #8176, #9148 ) ;
#813 = EDGE_CURVE ( 'NONE', #4918, #6030, #2060, .T. ) ;
#814 = CARTESIAN_POINT ( 'NONE',  ( -1.379999999999999893, 12.50000000000000000, 2.027069063257455728 ) ) ;
#815 = VECTOR ( 'NONE', #7491, 1000.000000000000114 ) ;
#816 = CARTESIAN_POINT ( 'NONE',  ( 5.107491688851539813, 3.090000000000000746, 2.986171345291896095 ) ) ;
#817 = DIRECTION ( 'NONE',  ( 0.000000000000000000, 0.000000000000000000, -1.000000000000000000 ) ) ;
#818 = DIRECTION ( 'NONE',  ( 0.6936187941687647074, 0.000000000000000000, -0.7203422578024066825 ) ) ;
#819 = LINE ( 'NONE', #8033, #3045 ) ;
#820 = VERTEX_POINT ( 'NONE', #6481 ) ;
#821 = AXIS2_PLACEMENT_3D ( 'NONE', #11271, #3424, #7838 ) ;
#822 = EDGE_CURVE ( 'NONE', #4850, #10680, #429, .T. ) ;
#823 = CARTESIAN_POINT ( 'NONE',  ( -1.030666926558653025E-16, 6.965469875665441180, 15.29999999999999893 ) ) ;
#824 = CARTESIAN_POINT ( 'NONE',  ( 5.672664523123383873, 5.671130169612262684, -2.457261515329064672 ) ) ;
#825 = ORIENTED_EDGE ( 'NONE', *, *, #11091, .T. ) ;
#826 = ORIENTED_EDGE ( 'NONE', *, *, #3556, .T. ) ;
#827 = CARTESIAN_POINT ( 'NONE',  ( 0.000000000000000000, 8.000000000000000000, 0.000000000000000000 ) ) ;
#828 = VECTOR ( 'NONE', #5981, 1000.000000000000000 ) ;
#829 = B_SPLINE_CURVE_WITH_KNOTS ( 'NONE', 3,
 ( #10870, #7323, #2332, #7438, #4741, #10013, #10985, #8355, #1252, #396 ),
 .UNSPECIFIED., .F., .F.,
 ( 4, 2, 2, 2, 4 ),
 ( 0.000000000000000000, 7.024607880191234717E-05, 0.0001404921576038246943, 0.0002809843152076487924, 0.0005619686304152991026 ),
 .UNSPECIFIED. ) ;
#830 = ORIENTED_EDGE ( 'NONE', *, *, #8349, .F. ) ;
#831 = DIRECTION ( 'NONE',  ( -7.968020348514244863E-17, 0.6561787149247862994, -0.7546055221635049604 ) ) ;
#832 = APPLICATION_PROTOCOL_DEFINITION ( 'draft international standard', 'automotive_design', 1998, #8165 ) ;
#833 = DIRECTION ( 'NONE',  ( -5.122298795473438989E-17, -0.6561787149247869655, -0.7546055221635044052 ) ) ;
#834 = CARTESIAN_POINT ( 'NONE',  ( -1.030666926558653025E-16, 6.965469875665441180, 3.675000000000000266 ) ) ;
#835 = VECTOR ( 'NONE', #2731, 1000.000000000000000 ) ;
#836 = ORIENTED_EDGE ( 'NONE', *, *, #9884, .T. ) ;
#837 = DIRECTION ( 'NONE',  ( 2.472789881105115160E-16, -1.000000000000000000, -0.000000000000000000 ) ) ;
#838 = PLANE ( 'NONE',  #4472 ) ;
#839 = EDGE_CURVE ( 'NONE', #11174, #10434, #1095, .T. ) ;
#840 = ADVANCED_FACE ( 'NONE', ( #353 ), #4645, .T. ) ;
#841 = ORIENTED_EDGE ( 'NONE', *, *, #4176, .T. ) ;
#842 = CARTESIAN_POINT ( 'NONE',  ( -1.399999999999999911, 12.48000000000000220, -2.027069063257456172 ) ) ;
#843 = EDGE_LOOP ( 'NONE', ( #10723, #6329, #4094, #2436 ) ) ;
#844 = VERTEX_POINT ( 'NONE', #9111 ) ;
#845 = CARTESIAN_POINT ( 'NONE',  ( 0.000000000000000000, 6.500000000000000000, 0.000000000000000000 ) ) ;
#846 = CARTESIAN_POINT ( 'NONE',  ( -3.354592426478614886, 1.601480656498023070, 6.875287884091614288 ) ) ;
#847 = DIRECTION ( 'NONE',  ( 8.673617379884035472E-17, 1.880790961315659329E-33, -1.000000000000000000 ) ) ;
#848 = DIRECTION ( 'NONE',  ( 0.000000000000000000, 0.000000000000000000, -1.000000000000000000 ) ) ;
#849 = ORIENTED_EDGE ( 'NONE', *, *, #3191, .T. ) ;
#850 = CARTESIAN_POINT ( 'NONE',  ( -4.543562660682161081, 2.657682890112509799, 11.17499999999999893 ) ) ;
#851 = DIRECTION ( 'NONE',  ( 0.7967915771908310463, 0.6042542366568464107, -0.000000000000000000 ) ) ;
#852 = AXIS2_PLACEMENT_3D ( 'NONE', #8481, #1595, #4234 ) ;
#853 = DIRECTION ( 'NONE',  ( 0.9592845720430327461, -0.2824413387594238989, 0.000000000000000000 ) ) ;
#854 = EDGE_CURVE ( 'NONE', #9369, #2652, #3730, .T. ) ;
#855 = ORIENTED_EDGE ( 'NONE', *, *, #374, .T. ) ;
#856 = ORIENTED_EDGE ( 'NONE', *, *, #7456, .T. ) ;
#857 = CARTESIAN_POINT ( 'NONE',  ( -4.500000000000000000, 1.500000000000000444, 2.179449471770337432 ) ) ;
#858 = CYLINDRICAL_SURFACE ( 'NONE', #11051, 0.2999999999999999334 ) ;
#859 = AXIS2_PLACEMENT_3D ( 'NONE', #9079, #8159, #7414 ) ;
#860 = CARTESIAN_POINT ( 'NONE',  ( -5.107491688851539813, 3.090000000000000746, -2.986171345291896095 ) ) ;
#861 = CARTESIAN_POINT ( 'NONE',  ( -1.379999999999999671, 6.500000000000000000, 0.7729309367425446498 ) ) ;
#862 = CARTESIAN_POINT ( 'NONE',  ( 3.372160293666205177, 5.568675347532884068, 3.675000000000000266 ) ) ;
#863 = ORIENTED_EDGE ( 'NONE', *, *, #1459, .T. ) ;
#864 = PRODUCT_DEFINITION ( 'UNKNOWN', '', #1111, #8274 ) ;
#865 = DIRECTION ( 'NONE',  ( 1.000000000000000000, 0.000000000000000000, -0.000000000000000000 ) ) ;
#866 = EDGE_CURVE ( 'NONE', #9665, #8945, #10714, .T. ) ;
#867 = CARTESIAN_POINT ( 'NONE',  ( -5.672664523123394531, 8.259809581718586813, -2.457261515329064672 ) ) ;
#868 = VECTOR ( 'NONE', #7579, 999.9999999999998863 ) ;
#869 = LINE ( 'NONE', #6934, #261 ) ;
#870 = ORIENTED_EDGE ( 'NONE', *, *, #1, .T. ) ;
#871 = EDGE_CURVE ( 'NONE', #2325, #10512, #7742, .T. ) ;
#872 = ORIENTED_EDGE ( 'NONE', *, *, #2724, .F. ) ;
#873 = CARTESIAN_POINT ( 'NONE',  ( -2.280939751330913978, -4.084530124334559531, 15.29999999999999893 ) ) ;
#874 = DIRECTION ( 'NONE',  ( -0.4786004400550714633, 0.8780328119034572776, 0.000000000000000000 ) ) ;
#875 = DIRECTION ( 'NONE',  ( 1.000000000000000000, 0.000000000000000000, -0.000000000000000000 ) ) ;
#876 = FACE_OUTER_BOUND ( 'NONE', #8399, .T. ) ;
#877 = DIRECTION ( 'NONE',  ( 1.000000000000000000, 2.168404344971008252E-17, 8.673617379884035472E-17 ) ) ;
#878 = VERTEX_POINT ( 'NONE', #10199 ) ;
#879 = LINE ( 'NONE', #9683, #6546 ) ;
#880 = DIRECTION ( 'NONE',  ( -0.000000000000000000, 0.6561787149247869655, 0.7546055221635044052 ) ) ;
#881 = ORIENTED_EDGE ( 'NONE', *, *, #1982, .T. ) ;
#882 = EDGE_CURVE ( 'NONE', #6529, #11306, #9528, .T. ) ;
#883 = ORIENTED_EDGE ( 'NONE', *, *, #3538, .F. ) ;
#884 = FACE_OUTER_BOUND ( 'NONE', #10375, .T. ) ;
#885 = ORIENTED_EDGE ( 'NONE', *, *, #4356, .T. ) ;
#886 = VECTOR ( 'NONE', #1831, 1000.000000000000000 ) ;
#887 = EDGE_CURVE ( 'NONE', #1089, #391, #6534, .T. ) ;
#888 = CARTESIAN_POINT ( 'NONE',  ( -1.399999999999999911, 9.768344573749500270, -5.549999999999999822 ) ) ;
#889 = CARTESIAN_POINT ( 'NONE',  ( -2.280939751330913534, -1.472748324171861301, 15.29999999999999893 ) ) ;
#890 = CARTESIAN_POINT ( 'NONE',  ( 2.563449210601381534, 6.373209906677502090, -2.454779244514313952 ) ) ;
#891 = CARTESIAN_POINT ( 'NONE',  ( 2.444718554847592706, 3.153845617810561830, -7.248866152423288689 ) ) ;
#892 = FACE_OUTER_BOUND ( 'NONE', #9133, .T. ) ;
#893 = EDGE_LOOP ( 'NONE', ( #10691, #9852, #10785, #4848 ) ) ;
#894 = VECTOR ( 'NONE', #5733, 1000.000000000000000 ) ;
#895 = CARTESIAN_POINT ( 'NONE',  ( 2.915460667173259246, 4.910000000000000142, -5.036781010732874542 ) ) ;
#896 = ORIENTED_EDGE ( 'NONE', *, *, #10313, .F. ) ;
#897 = ORIENTED_EDGE ( 'NONE', *, *, #6202, .T. ) ;
#898 = EDGE_CURVE ( 'NONE', #627, #6156, #9231, .T. ) ;
#899 = CARTESIAN_POINT ( 'NONE',  ( 2.280939751330912646, 4.384530124334557577, 0.2999999999999999334 ) ) ;
#900 = VECTOR ( 'NONE', #10587, 1000.000000000000000 ) ;
#901 = DIRECTION ( 'NONE',  ( -1.000000000000000000, 0.000000000000000000, -0.000000000000000000 ) ) ;
#902 = DIRECTION ( 'NONE',  ( 0.000000000000000000, -0.6561787149247869655, -0.7546055221635044052 ) ) ;
#903 = ORIENTED_EDGE ( 'NONE', *, *, #3895, .T. ) ;
#904 = CARTESIAN_POINT ( 'NONE',  ( 1.399999999999999689, 12.34999999999999964, -2.027069063257456172 ) ) ;
#905 = CARTESIAN_POINT ( 'NONE',  ( 3.405877273185284881, 1.699999999999999734, -6.849999999999998757 ) ) ;
#906 = DIRECTION ( 'NONE',  ( 0.000000000000000000, 1.000000000000000000, 0.000000000000000000 ) ) ;
#907 = ORIENTED_EDGE ( 'NONE', *, *, #2498, .F. ) ;
#908 = ORIENTED_EDGE ( 'NONE', *, *, #5489, .F. ) ;
#909 = DIRECTION ( 'NONE',  ( 2.472789881105115160E-16, 1.000000000000000000, 0.000000000000000000 ) ) ;
#910 = CARTESIAN_POINT ( 'NONE',  ( 1.294339706053157180, 12.63813439878883038, -2.457261515329068224 ) ) ;
#911 = CARTESIAN_POINT ( 'NONE',  ( -1.771168402671605879E-15, 6.965469875665441180, 11.17499999999999893 ) ) ;
#912 = ADVANCED_FACE ( 'NONE', ( #1378 ), #7561, .T. ) ;
#913 = DIRECTION ( 'NONE',  ( 0.000000000000000000, 0.000000000000000000, -1.000000000000000000 ) ) ;
#914 = CARTESIAN_POINT ( 'NONE',  ( 1.396794528132544455, 10.33763016933165169, -2.457261515329064672 ) ) ;
#915 = DIRECTION ( 'NONE',  ( -8.673617379884030542E-17, -1.000000000000000000, -8.673617379884030542E-17 ) ) ;
#916 = AXIS2_PLACEMENT_3D ( 'NONE', #11189, #1457, #3349 ) ;
#917 = ORIENTED_EDGE ( 'NONE', *, *, #2193, .T. ) ;
#918 = FACE_OUTER_BOUND ( 'NONE', #5974, .T. ) ;
#919 = CARTESIAN_POINT ( 'NONE',  ( -4.600654826388332452, 10.14107261474447697, -2.625562286609687046 ) ) ;
#920 = FILL_AREA_STYLE ('',( #6128 ) ) ;
#921 = ORIENTED_EDGE ( 'NONE', *, *, #2044, .T. ) ;
#922 = ORIENTED_EDGE ( 'NONE', *, *, #7014, .T. ) ;
#923 = EDGE_CURVE ( 'NONE', #2601, #10495, #1481, .T. ) ;
#924 = ADVANCED_FACE ( 'NONE', ( #11109 ), #2290, .T. ) ;
#925 = DIRECTION ( 'NONE',  ( 0.000000000000000000, -0.1643989873053704753, 0.9863939238321415282 ) ) ;
#926 = DIRECTION ( 'NONE',  ( -0.7071067811865474617, 0.000000000000000000, -0.7071067811865474617 ) ) ;
#927 = DIRECTION ( 'NONE',  ( 0.000000000000000000, 0.000000000000000000, -1.000000000000000000 ) ) ;
#928 = CARTESIAN_POINT ( 'NONE',  ( 2.580939751330913801, -4.384530124334557577, 0.2999999999999999334 ) ) ;
#929 = ORIENTED_EDGE ( 'NONE', *, *, #4978, .F. ) ;
#930 = DIRECTION ( 'NONE',  ( 0.9673775151489821811, 0.2533391860415217245, 0.000000000000000000 ) ) ;
#931 = ORIENTED_EDGE ( 'NONE', *, *, #508, .F. ) ;
#932 = ORIENTED_EDGE ( 'NONE', *, *, #2537, .T. ) ;
#933 = CARTESIAN_POINT ( 'NONE',  ( 4.400384907664991907, 2.000000000000000444, 2.279064564105347301 ) ) ;
#934 = EDGE_LOOP ( 'NONE', ( #8210, #6115, #2715, #9229 ) ) ;
#935 = ADVANCED_FACE ( 'NONE', ( #4875 ), #5669, .T. ) ;
#936 = AXIS2_PLACEMENT_3D ( 'NONE', #5007, #8504, #10334 ) ;
#937 = EDGE_CURVE ( 'NONE', #8595, #11174, #793, .T. ) ;
#938 = DIRECTION ( 'NONE',  ( -0.9673775151489839574, -0.2533391860415146191, 0.000000000000000000 ) ) ;
#939 = ADVANCED_FACE ( 'NONE', ( #10081 ), #4927, .T. ) ;
#940 = DIRECTION ( 'NONE',  ( 0.000000000000000000, -1.000000000000000000, 0.000000000000000000 ) ) ;
#941 = DIRECTION ( 'NONE',  ( -0.000000000000000000, -1.000000000000000000, -0.000000000000000000 ) ) ;
#942 = VECTOR ( 'NONE', #194, 1000.000000000000000 ) ;
#943 = CARTESIAN_POINT ( 'NONE',  ( -1.393841279746829365, 9.196893236005688976, 0.000000000000000000 ) ) ;
#944 = FACE_OUTER_BOUND ( 'NONE', #5727, .T. ) ;
#945 = EDGE_LOOP ( 'NONE', ( #9030, #8889, #8764, #97 ) ) ;
#947 = CARTESIAN_POINT ( 'NONE',  ( -0.1126976677028315443, -7.802724943655745982, -1.741077270331111482 ) ) ;
#946 = VECTOR ( 'NONE', #2567, 1000.000000000000000 ) ;
#948 = ORIENTED_EDGE ( 'NONE', *, *, #7711, .T. ) ;
#949 = ORIENTED_EDGE ( 'NONE', *, *, #9098, .T. ) ;
#950 = DIRECTION ( 'NONE',  ( -0.000000000000000000, 0.000000000000000000, 1.000000000000000000 ) ) ;
#951 = AXIS2_PLACEMENT_3D ( 'NONE', #9453, #7460, #8432 ) ;
#952 = AXIS2_PLACEMENT_3D ( 'NONE', #6857, #11259, #7712 ) ;
#953 = AXIS2_PLACEMENT_3D ( 'NONE', #8788, #7013, #8679 ) ;
#954 = DIRECTION ( 'NONE',  ( 0.4876598490941711495, 0.7241379310344820963, 0.4876598490941711495 ) ) ;
#955 = CARTESIAN_POINT ( 'NONE',  ( -1.264503870837300870, 4.828517181176895434, 7.800000000000000711 ) ) ;
#956 = ORIENTED_EDGE ( 'NONE', *, *, #1490, .F. ) ;
#957 = DIRECTION ( 'NONE',  ( 0.000000000000000000, 0.000000000000000000, 1.000000000000000000 ) ) ;
#958 = LINE ( 'NONE', #9712, #10500 ) ;
#959 = LINE ( 'NONE', #1016, #6476 ) ;
#960 = VERTEX_POINT ( 'NONE', #8367 ) ;
#961 = ORIENTED_EDGE ( 'NONE', *, *, #113, .F. ) ;
#962 = LINE ( 'NONE', #7837, #10046 ) ;
#963 = ADVANCED_FACE ( 'NONE', ( #4982 ), #10994, .T. ) ;
#964 = VECTOR ( 'NONE', #9335, 1000.000000000000227 ) ;
#965 = CARTESIAN_POINT ( 'NONE',  ( -2.580939751330911580, -1.276424340166605450E-16, 3.675000000000000266 ) ) ;
#966 = CIRCLE ( 'NONE', #4433, 3.649999999999999467 ) ;
#967 = VECTOR ( 'NONE', #8616, 1000.000000000000114 ) ;
#968 = LINE ( 'NONE', #2730, #4232 ) ;
#969 = DIRECTION ( 'NONE',  ( -0.7781777610061635375, 0.6280440846592173498, 0.000000000000000000 ) ) ;
#970 = CIRCLE ( 'NONE', #9749, 1.650000000000000355 ) ;
#971 = PLANE ( 'NONE',  #5928 ) ;
#972 = DIRECTION ( 'NONE',  ( 0.9906889957247192458, -0.1361444591231943946, 0.000000000000000000 ) ) ;
#973 = AXIS2_PLACEMENT_3D ( 'NONE', #5682, #3682, #7184 ) ;
#974 = ORIENTED_EDGE ( 'NONE', *, *, #8686, .F. ) ;
#975 = CYLINDRICAL_SURFACE ( 'NONE', #4548, 3.649999999999999467 ) ;
#976 = DIRECTION ( 'NONE',  ( 0.000000000000000000, 0.000000000000000000, 1.000000000000000000 ) ) ;
#977 = EDGE_CURVE ( 'NONE', #9703, #6581, #9288, .T. ) ;
#978 = CARTESIAN_POINT ( 'NONE',  ( -3.372160293666216280, 8.362264403797976087, 0.000000000000000000 ) ) ;
#979 = ORIENTED_EDGE ( 'NONE', *, *, #4304, .F. ) ;
#980 = ORIENTED_EDGE ( 'NONE', *, *, #7654, .F. ) ;
#981 = CARTESIAN_POINT ( 'NONE',  ( 9.368548013477252244E-16, 8.000000000000000000, 7.650000000000000355 ) ) ;
#982 = VECTOR ( 'NONE', #1650, 1000.000000000000114 ) ;
#983 = CARTESIAN_POINT ( 'NONE',  ( 0.5922599689879362028, 9.528919086266816052, -2.454779244514317504 ) ) ;
#984 = CYLINDRICAL_SURFACE ( 'NONE', #5722, 0.01999999999999999001 ) ;
#985 = VECTOR ( 'NONE', #5248, 1000.000000000000000 ) ;
#986 = CARTESIAN_POINT ( 'NONE',  ( 1.379999999999999671, 12.46319082832452629, -4.442330547426800003 ) ) ;
#987 = LINE ( 'NONE', #6312, #11096 ) ;
#988 = ADVANCED_FACE ( 'NONE', ( #10252 ), #8418, .T. ) ;
#989 = DIRECTION ( 'NONE',  ( -1.000000000000000000, 0.000000000000000000, 0.000000000000000000 ) ) ;
#990 = CARTESIAN_POINT ( 'NONE',  ( -4.433344562587834048, 2.048942590553171961, -2.312024219028189886 ) ) ;
#991 = VECTOR ( 'NONE', #5586, 1000.000000000000000 ) ;
#992 = VERTEX_POINT ( 'NONE', #9392 ) ;
#993 = ORIENTED_EDGE ( 'NONE', *, *, #7505, .T. ) ;
#994 = CARTESIAN_POINT ( 'NONE',  ( -1.400000000000000133, 6.500000000000000000, 0.8529309367425446098 ) ) ;
#995 = VERTEX_POINT ( 'NONE', #525 ) ;
#996 = CIRCLE ( 'NONE', #6301, 3.649999999999999467 ) ;
#997 = CARTESIAN_POINT ( 'NONE',  ( 5.736181009075449033, 7.940490643490765166, -2.454779244514313952 ) ) ;
#998 = AXIS2_PLACEMENT_3D ( 'NONE', #2676, #2508, #10579 ) ;
#999 = LINE ( 'NONE', #6091, #2429 ) ;
#1000 = CARTESIAN_POINT ( 'NONE',  ( 0.000000000000000000, 8.000000000000000000, -7.650000000000000355 ) ) ;
#1001 = DIRECTION ( 'NONE',  ( 0.9943490029226544902, 0.1061605406293829462, 0.000000000000000000 ) ) ;
#1002 = CYLINDRICAL_SURFACE ( 'NONE', #5390, 0.02000000000000053471 ) ;
#1003 = EDGE_LOOP ( 'NONE', ( #8904, #8636, #10122, #3486 ) ) ;
#1004 = CARTESIAN_POINT ( 'NONE',  ( 4.046831517071730389, 3.089999999999999858, -4.046831517071705520 ) ) ;
#1005 = EDGE_LOOP ( 'NONE', ( #1586, #8826, #4783, #9371 ) ) ;
#1006 = ADVANCED_FACE ( 'NONE', ( #7449 ), #6588, .F. ) ;
#1007 = EDGE_CURVE ( 'NONE', #2519, #2386, #6647, .T. ) ;
#1008 = ORIENTED_EDGE ( 'NONE', *, *, #1387, .F. ) ;
#1009 = PLANE ( 'NONE',  #9162 ) ;
#1010 = VECTOR ( 'NONE', #8128, 1000.000000000000114 ) ;
#1011 = CARTESIAN_POINT ( 'NONE',  ( -1.088609894901982011, 0.6042532376681476469, 15.29999999999999893 ) ) ;
#1012 = DIRECTION ( 'NONE',  ( 0.000000000000000000, 0.000000000000000000, 1.000000000000000000 ) ) ;
#1013 = ORIENTED_EDGE ( 'NONE', *, *, #334, .T. ) ;
#1014 = DIRECTION ( 'NONE',  ( -0.000000000000000000, -0.000000000000000000, -1.000000000000000000 ) ) ;
#1015 = DIRECTION ( 'NONE',  ( -1.000000000000000000, 0.000000000000000000, 0.000000000000000000 ) ) ;
#1016 = CARTESIAN_POINT ( 'NONE',  ( 1.499999999999998446, 6.965469875665441180, 15.29999999999999893 ) ) ;
#1017 = VERTEX_POINT ( 'NONE', #862 ) ;
#1018 = VERTEX_POINT ( 'NONE', #6984 ) ;
#1019 = CARTESIAN_POINT ( 'NONE',  ( 0.000000000000000000, 12.34999999999999964, 2.027069063257455728 ) ) ;
#1020 = DIRECTION ( 'NONE',  ( 0.000000000000000000, -0.9863939238321414171, 0.1643989873053713635 ) ) ;
#1021 = EDGE_CURVE ( 'NONE', #100, #6612, #6872, .T. ) ;
#1022 = EDGE_LOOP ( 'NONE', ( #149, #7681, #8802, #3834 ) ) ;
#1023 = VECTOR ( 'NONE', #788, 1000.000000000000000 ) ;
#1024 = CARTESIAN_POINT ( 'NONE',  ( 1.379999999999999671, 8.744846254575030287, -4.451573192761283160 ) ) ;
#1025 = EDGE_CURVE ( 'NONE', #10192, #544, #2456, .T. ) ;
#1026 = CARTESIAN_POINT ( 'NONE',  ( -2.657714481646606508, 4.463659784142524067, 0.000000000000000000 ) ) ;
#1027 = CARTESIAN_POINT ( 'NONE',  ( -2.312024219028190775, 5.951057409446828039, -4.433344562587832272 ) ) ;
#1028 = CARTESIAN_POINT ( 'NONE',  ( 2.915460667173257026, 3.089999999999999858, -5.036781010732873654 ) ) ;
#1029 = VERTEX_POINT ( 'NONE', #9491 ) ;
#1030 = DIRECTION ( 'NONE',  ( 1.000000000000000000, 2.168404344971008252E-17, -8.673617379884035472E-17 ) ) ;
#1031 = PLANE ( 'NONE',  #1534 ) ;
#1032 = EDGE_LOOP ( 'NONE', ( #6553, #36, #3187, #4210 ) ) ;
#1033 = VECTOR ( 'NONE', #10960, 1000.000000000000000 ) ;
#1034 = EDGE_LOOP ( 'NONE', ( #3749, #9120, #11312, #4462 ) ) ;
#1035 = CARTESIAN_POINT ( 'NONE',  ( 1.379999999999999671, 8.631655426250503638, 4.549999999999999822 ) ) ;
#1036 = ADVANCED_FACE ( 'NONE', ( #7843 ), #11207, .T. ) ;
#1037 = ADVANCED_FACE ( 'NONE', ( #5143 ), #4, .F. ) ;
#1038 = CIRCLE ( 'NONE', #9621, 0.1499999999999999667 ) ;
#1039 = FACE_OUTER_BOUND ( 'NONE', #8074, .T. ) ;
#1040 = CARTESIAN_POINT ( 'NONE',  ( 0.01715630721368240769, 0.004492935629502566378, 11.17499999999999893 ) ) ;
#1041 = ORIENTED_EDGE ( 'NONE', *, *, #7646, .F. ) ;
#1042 = DIRECTION ( 'NONE',  ( 0.000000000000000000, -1.000000000000000000, 0.000000000000000000 ) ) ;
#1043 = DIRECTION ( 'NONE',  ( 1.000000000000000000, 0.000000000000000000, 0.000000000000000000 ) ) ;
#1044 = DIRECTION ( 'NONE',  ( -0.000000000000000000, 1.000000000000000000, -0.000000000000000000 ) ) ;
#1045 = DIRECTION ( 'NONE',  ( -0.6042542366568491863, 0.7967915771908288258, 0.000000000000000000 ) ) ;
#1046 = ORIENTED_EDGE ( 'NONE', *, *, #6985, .T. ) ;
#1047 = EDGE_LOOP ( 'NONE', ( #9716, #6909, #262, #5973 ) ) ;
#1048 = CARTESIAN_POINT ( 'NONE',  ( 2.657714481646625604, 9.467279967188337864, -2.613951291675112643 ) ) ;
#1049 = ORIENTED_EDGE ( 'NONE', *, *, #6624, .T. ) ;
#1050 = CARTESIAN_POINT ( 'NONE',  ( -1.007663994480481273, 12.46411433246060341, -2.454779244514317504 ) ) ;
#1051 = EDGE_CURVE ( 'NONE', #4622, #10230, #4079, .T. ) ;
#1052 = CARTESIAN_POINT ( 'NONE',  ( -2.580939751330913801, -2.003873909248939267, 15.17573593128807019 ) ) ;
#1053 = PLANE ( 'NONE',  #1493 ) ;
#1054 = CARTESIAN_POINT ( 'NONE',  ( 2.435362535369389292, 3.200000000000000178, -7.252000366886311333 ) ) ;
#1055 = DIRECTION ( 'NONE',  ( 0.000000000000000000, 0.7546055221634990762, 0.6561787149247930717 ) ) ;
#1056 = VERTEX_POINT ( 'NONE', #3314 ) ;
#1057 = CARTESIAN_POINT ( 'NONE',  ( -2.291287847478249429, 8.000000000000000000, -4.999999999999848121 ) ) ;
#1058 = ORIENTED_EDGE ( 'NONE', *, *, #4923, .T. ) ;
#1059 = AXIS2_PLACEMENT_3D ( 'NONE', #7207, #8979, #8120 ) ;
#1060 = ORIENTED_EDGE ( 'NONE', *, *, #10992, .F. ) ;
#1061 = MANIFOLD_SOLID_BREP ( 'CirPattern1', #4054 ) ;
#1062 = FACE_OUTER_BOUND ( 'NONE', #4267, .T. ) ;
#1063 = EDGE_CURVE ( 'NONE', #523, #10234, #62, .T. ) ;
#1064 = ADVANCED_FACE ( 'NONE', ( #743 ), #4290, .T. ) ;
#1065 = CARTESIAN_POINT ( 'NONE',  ( -1.380000000000000115, 11.43165542625050612, -5.400000000000000355 ) ) ;
#1066 = VECTOR ( 'NONE', #9234, 1000.000000000000000 ) ;
#1067 = EDGE_CURVE ( 'NONE', #2317, #4129, #800, .T. ) ;
#1068 = ORIENTED_EDGE ( 'NONE', *, *, #9332, .T. ) ;
#1069 = LINE ( 'NONE', #8868, #7674 ) ;
#1070 = CARTESIAN_POINT ( 'NONE',  ( 3.649999999999997691, 6.965469875665466049, 0.000000000000000000 ) ) ;
#1071 = CARTESIAN_POINT ( 'NONE',  ( -1.396794528132616398, 10.33763016933162149, 7.800000000000000711 ) ) ;
#1072 = ORIENTED_EDGE ( 'NONE', *, *, #10266, .T. ) ;
#1073 = EDGE_LOOP ( 'NONE', ( #1608, #961, #7511, #3448 ) ) ;
#1074 = DIRECTION ( 'NONE',  ( -7.968020348514244863E-17, 0.6561787149247864104, -0.7546055221635050714 ) ) ;
#1075 =( REPRESENTATION_RELATIONSHIP ('NONE','NONE', #4126, #3754 ) REPRESENTATION_RELATIONSHIP_WITH_TRANSFORMATION ( #4259 )SHAPE_REPRESENTATION_RELATIONSHIP( ) );
#1076 = DIRECTION ( 'NONE',  ( 0.6280440846592231230, 0.7781777610061588746, 0.000000000000000000 ) ) ;
#1077 = VERTEX_POINT ( 'NONE', #5082 ) ;
#1078 = VECTOR ( 'NONE', #7051, 1000.000000000000114 ) ;
#1079 = CARTESIAN_POINT ( 'NONE',  ( -4.046831517071759698, 4.909999999999999254, 4.046831517071677098 ) ) ;
#1080 = EDGE_CURVE ( 'NONE', #9644, #7817, #4230, .T. ) ;
#1081 = LINE ( 'NONE', #7270, #4946 ) ;
#1082 = DIRECTION ( 'NONE',  ( -1.000000000000000000, 0.000000000000000000, 0.000000000000000000 ) ) ;
#1083 = ADVANCED_FACE ( 'NONE', ( #2632 ), #6059, .T. ) ;
#1084 = CARTESIAN_POINT ( 'NONE',  ( 2.280939751330912646, 4.472858868585461778, 0.000000000000000000 ) ) ;
#1085 = DIRECTION ( 'NONE',  ( 0.000000000000000000, 0.000000000000000000, 1.000000000000000000 ) ) ;
#1086 = VERTEX_POINT ( 'NONE', #2683 ) ;
#1087 = CARTESIAN_POINT ( 'NONE',  ( -1.379999999999999893, 12.37137186834969604, -1.898837853159276667 ) ) ;
#1088 = DIRECTION ( 'NONE',  ( -2.472789881105114667E-16, -1.000000000000000000, 0.000000000000000000 ) ) ;
#1089 = VERTEX_POINT ( 'NONE', #6175 ) ;
#1090 = ADVANCED_FACE ( 'NONE', ( #9846 ), #7273, .T. ) ;
#1091 = ORIENTED_EDGE ( 'NONE', *, *, #10090, .F. ) ;
#1092 = CARTESIAN_POINT ( 'NONE',  ( -7.296724953260062208, 3.000000000000000000, -2.297891415291845707 ) ) ;
#1093 = CIRCLE ( 'NONE', #1810, 3.649999999999999467 ) ;
#1094 = DIRECTION ( 'NONE',  ( 0.000000000000000000, 1.000000000000000000, -0.000000000000000000 ) ) ;
#1095 = LINE ( 'NONE', #1153, #7005 ) ;
#1096 = VERTEX_POINT ( 'NONE', #6351 ) ;
#1097 = CARTESIAN_POINT ( 'NONE',  ( -0.9750207678253501875, 12.70165088474088044, -2.454779244514317504 ) ) ;
#1098 = LINE ( 'NONE', #6944, #1354 ) ;
#1099 = DIRECTION ( 'NONE',  ( 0.4918069879902069452, 0.8707042474709769664, 0.000000000000000000 ) ) ;
#1100 = VERTEX_POINT ( 'NONE', #10757 ) ;
#1101 = EDGE_CURVE ( 'NONE', #6731, #4547, #7100, .T. ) ;
#1102 = ORIENTED_EDGE ( 'NONE', *, *, #7727, .F. ) ;
#1103 = VECTOR ( 'NONE', #2602, 1000.000000000000000 ) ;
#1104 = ORIENTED_EDGE ( 'NONE', *, *, #186, .F. ) ;
#1105 = VECTOR ( 'NONE', #621, 1000.000000000000227 ) ;
#1106 = PLANE ( 'NONE',  #1665 ) ;
#1107 = DIRECTION ( 'NONE',  ( 0.000000000000000000, 0.000000000000000000, -1.000000000000000000 ) ) ;
#1108 = LINE ( 'NONE', #8908, #6258 ) ;
#1109 = CARTESIAN_POINT ( 'NONE',  ( -5.498644456795159563, 5.957805881184944141, 3.675000000000000266 ) ) ;
#1110 = DIRECTION ( 'NONE',  ( 1.000000000000000000, -0.000000000000000000, -0.000000000000000000 ) ) ;
#1111 = PRODUCT_DEFINITION_FORMATION_WITH_SPECIFIED_SOURCE ( 'ANY', '', #93, .NOT_KNOWN. ) ;
#1112 = ORIENTED_EDGE ( 'NONE', *, *, #9808, .F. ) ;
#1113 = DIRECTION ( 'NONE',  ( 0.6280440846592214577, 0.7781777610061602068, 0.000000000000000000 ) ) ;
#1114 = VERTEX_POINT ( 'NONE', #9726 ) ;
#1115 = EDGE_CURVE ( 'NONE', #2482, #492, #4574, .T. ) ;
#1116 = CIRCLE ( 'NONE', #9346, 1.650000000000000355 ) ;
#1117 = ORIENTED_EDGE ( 'NONE', *, *, #5795, .T. ) ;
#1118 = LINE ( 'NONE', #9705, #2202 ) ;
#1119 = DIRECTION ( 'NONE',  ( 1.000000000000000000, 0.000000000000000000, 0.000000000000000000 ) ) ;
#1120 = LINE ( 'NONE', #4617, #9180 ) ;
#1121 = CIRCLE ( 'NONE', #4052, 7.649999999999995026 ) ;
#1122 = ORIENTED_EDGE ( 'NONE', *, *, #786, .F. ) ;
#1123 = PLANE ( 'NONE',  #4382 ) ;
#1124 = DIRECTION ( 'NONE',  ( 0.7071067811865474617, 0.000000000000000000, 0.7071067811865474617 ) ) ;
#1125 = ORIENTED_EDGE ( 'NONE', *, *, #10519, .T. ) ;
#1126 = ORIENTED_EDGE ( 'NONE', *, *, #4097, .T. ) ;
#1127 = CYLINDRICAL_SURFACE ( 'NONE', #8556, 5.000000000000000000 ) ;
#1128 = AXIS2_PLACEMENT_3D ( 'NONE', #10608, #31, #4541 ) ;
#1129 = EDGE_CURVE ( 'NONE', #3110, #2659, #289, .T. ) ;
#1130 = DIRECTION ( 'NONE',  ( 0.7781777610061588746, -0.6280440846592231230, 0.000000000000000000 ) ) ;
#1131 = ORIENTED_EDGE ( 'NONE', *, *, #7456, .F. ) ;
#1132 = EDGE_CURVE ( 'NONE', #9364, #1183, #5909, .T. ) ;
#1134 = VECTOR ( 'NONE', #7476, 1000.000000000000000 ) ;
#1133 = B_SPLINE_CURVE_WITH_KNOTS ( 'NONE', 3,
 ( #994, #1783, #4482, #7982, #139, #6254, #5949, #1644, #4344, #861 ),
 .UNSPECIFIED., .F., .F.,
 ( 4, 3, 3, 4 ),
 ( 1.084202172485504434E-19, 3.932309463598251140E-05, 8.009671586239517325E-05, 8.254620561176634732E-05 ),
 .UNSPECIFIED. ) ;
#1135 = DIRECTION ( 'NONE',  ( 0.000000000000000000, -0.000000000000000000, -1.000000000000000000 ) ) ;
#1136 = DIRECTION ( 'NONE',  ( 1.000000000000000000, 0.000000000000000000, 0.000000000000000000 ) ) ;
#1137 = LINE ( 'NONE', #6173, #1010 ) ;
#1138 = DIRECTION ( 'NONE',  ( 0.2824413387594238434, 0.9592845720430326351, 0.000000000000000000 ) ) ;
#1139 = DIRECTION ( 'NONE',  ( 0.7071067811865474617, 0.000000000000000000, -0.7071067811865474617 ) ) ;
#1140 = ORIENTED_EDGE ( 'NONE', *, *, #10980, .T. ) ;
#1141 = AXIS2_PLACEMENT_3D ( 'NONE', #7515, #10262, #4995 ) ;
#1142 = VERTEX_POINT ( 'NONE', #121 ) ;
#1143 = CARTESIAN_POINT ( 'NONE',  ( 6.505213034913026604E-16, 2.565469875665443045, 11.17499999999999893 ) ) ;
#1144 = CIRCLE ( 'NONE', #2790, 3.649999999999999467 ) ;
#1145 = EDGE_CURVE ( 'NONE', #9940, #11204, #1938, .T. ) ;
#1146 = ORIENTED_EDGE ( 'NONE', *, *, #8093, .T. ) ;
#1147 = EDGE_CURVE ( 'NONE', #1358, #2659, #2798, .T. ) ;
#1148 = EDGE_CURVE ( 'NONE', #5423, #2405, #3725, .T. ) ;
#1149 = CARTESIAN_POINT ( 'NONE',  ( -1.385521695682326637, 6.500000000000000000, -4.534868014339770603 ) ) ;
#1150 = AXIS2_PLACEMENT_3D ( 'NONE', #472, #4815, #6756 ) ;
#1151 = CIRCLE ( 'NONE', #4809, 3.649999999999999467 ) ;
#1152 = CARTESIAN_POINT ( 'NONE',  ( -2.280939751330911314, -4.384530124334557577, 15.00000000000000000 ) ) ;
#1153 = CARTESIAN_POINT ( 'NONE',  ( 3.372160293666185193, 8.362264403798047141, -2.613951291675112643 ) ) ;
#1154 = ORIENTED_EDGE ( 'NONE', *, *, #1870, .T. ) ;
#1155 = CARTESIAN_POINT ( 'NONE',  ( 5.036781010732894082, 4.910000000000000142, -2.915460667173225939 ) ) ;
#1156 = CARTESIAN_POINT ( 'NONE',  ( -2.580939751330910248, -2.084296772316884372, 15.17573593128806841 ) ) ;
#1157 = CARTESIAN_POINT ( 'NONE',  ( 0.01715630721367612105, 0.004492935629500899308, 3.675000000000000266 ) ) ;
#1158 = DIRECTION ( 'NONE',  ( 0.1361444591232013057, 0.9906889957247183576, -0.000000000000000000 ) ) ;
#1159 = ORIENTED_EDGE ( 'NONE', *, *, #10864, .T. ) ;
#1160 = AXIS2_PLACEMENT_3D ( 'NONE', #7155, #9049, #972 ) ;
#1161 = ORIENTED_EDGE ( 'NONE', *, *, #6828, .T. ) ;
#1162 = EDGE_CURVE ( 'NONE', #3781, #4501, #7219, .T. ) ;
#1163 = VERTEX_POINT ( 'NONE', #2733 ) ;
#1164 = AXIS2_PLACEMENT_3D ( 'NONE', #415, #2926, #4880 ) ;
#1165 = DIRECTION ( 'NONE',  ( 0.000000000000000000, 0.000000000000000000, 1.000000000000000000 ) ) ;
#1166 = AXIS2_PLACEMENT_3D ( 'NONE', #6165, #9713, #4506 ) ;
#1167 = DIRECTION ( 'NONE',  ( 1.000000000000000000, -0.000000000000000000, 0.000000000000000000 ) ) ;
#1168 = EDGE_CURVE ( 'NONE', #10288, #2317, #5439, .T. ) ;
#1169 = DIRECTION ( 'NONE',  ( 2.472789881105115160E-16, 1.000000000000000000, 0.000000000000000000 ) ) ;
#1170 = CARTESIAN_POINT ( 'NONE',  ( 2.657714481646620275, 9.467279967188341416, 0.000000000000000000 ) ) ;
#1171 = LINE ( 'NONE', #9186, #3203 ) ;
#1172 = VECTOR ( 'NONE', #7053, 1000.000000000000000 ) ;
#1173 = EDGE_LOOP ( 'NONE', ( #4480, #2661, #5393, #2054 ) ) ;
#1174 = LINE ( 'NONE', #3804, #3219 ) ;
#1175 = ORIENTED_EDGE ( 'NONE', *, *, #9947, .F. ) ;
#1176 = AXIS2_PLACEMENT_3D ( 'NONE', #3420, #5026, #789 ) ;
#1177 = ORIENTED_EDGE ( 'NONE', *, *, #10736, .F. ) ;
#1178 = VECTOR ( 'NONE', #10468, 1000.000000000000000 ) ;
#1179 = DIRECTION ( 'NONE',  ( 0.000000000000000000, 0.000000000000000000, 1.000000000000000000 ) ) ;
#1180 = DIRECTION ( 'NONE',  ( 1.000000000000000000, 0.000000000000000000, 0.000000000000000000 ) ) ;
#1181 = DIRECTION ( 'NONE',  ( 0.000000000000000000, -1.000000000000000000, 0.000000000000000000 ) ) ;
#1182 = EDGE_CURVE ( 'NONE', #8008, #7418, #10644, .T. ) ;
#1183 = VERTEX_POINT ( 'NONE', #2858 ) ;
#1184 = EDGE_CURVE ( 'NONE', #9341, #1600, #2911, .T. ) ;
#1185 = VECTOR ( 'NONE', #9887, 1000.000000000000000 ) ;
#1186 = ORIENTED_EDGE ( 'NONE', *, *, #7403, .F. ) ;
#1187 = DIRECTION ( 'NONE',  ( -2.472789881105114667E-16, 1.000000000000000000, 0.000000000000000000 ) ) ;
#1188 = DIRECTION ( 'NONE',  ( 0.000000000000000000, 0.000000000000000000, -1.000000000000000000 ) ) ;
#1189 = VERTEX_POINT ( 'NONE', #5313 ) ;
#1190 = ORIENTED_EDGE ( 'NONE', *, *, #6889, .T. ) ;
#1191 = DIRECTION ( 'NONE',  ( -1.000000000000000000, 0.000000000000000000, 0.000000000000000000 ) ) ;
#1192 = ORIENTED_EDGE ( 'NONE', *, *, #1, .F. ) ;
#1193 = DIRECTION ( 'NONE',  ( 0.000000000000000000, -1.000000000000000000, 0.000000000000000000 ) ) ;
#1194 = ORIENTED_EDGE ( 'NONE', *, *, #5184, .F. ) ;
#1195 = CARTESIAN_POINT ( 'NONE',  ( -2.580939751330911136, -4.384530124334557577, 15.00000000000000000 ) ) ;
#1196 = DIRECTION ( 'NONE',  ( 0.6936187941687647074, -0.000000000000000000, -0.7203422578024066825 ) ) ;
#1197 = CARTESIAN_POINT ( 'NONE',  ( 3.956290731841345831, 5.626078208432423011, -3.226782805549667899 ) ) ;
#1198 = EDGE_CURVE ( 'NONE', #6316, #7523, #7324, .T. ) ;
#1199 = CARTESIAN_POINT ( 'NONE',  ( 2.231423360340242468, 8.359311155412278538, -2.625562286609687046 ) ) ;
#1200 = DIRECTION ( 'NONE',  ( 8.964022892078409004E-14, 0.6561787149247684248, 0.7546055221635205035 ) ) ;
#1201 = ORIENTED_EDGE ( 'NONE', *, *, #10883, .T. ) ;
#1202 = ORIENTED_EDGE ( 'NONE', *, *, #6874, .F. ) ;
#1203 = DIRECTION ( 'NONE',  ( -1.978231904884091733E-16, 1.000000000000000000, 0.000000000000000000 ) ) ;
#1204 = PRESENTATION_STYLE_ASSIGNMENT (( #4640 ) ) ;
#1205 = EDGE_LOOP ( 'NONE', ( #2546, #5857, #2343, #7455 ) ) ;
#1206 = VECTOR ( 'NONE', #1517, 1000.000000000000114 ) ;
#1207 = CARTESIAN_POINT ( 'NONE',  ( 1.379999999999999671, 8.759938365018300033, -4.438449618462786184 ) ) ;
#1208 = EDGE_CURVE ( 'NONE', #5623, #10617, #5737, .T. ) ;
#1209 = CARTESIAN_POINT ( 'NONE',  ( -5.672664523123394531, 8.259809581718586813, -2.457261515329064672 ) ) ;
#1210 = DIRECTION ( 'NONE',  ( -1.000000000000000000, -0.000000000000000000, -0.000000000000000000 ) ) ;
#1211 = ORIENTED_EDGE ( 'NONE', *, *, #7682, .F. ) ;
#1212 = EDGE_CURVE ( 'NONE', #211, #403, #10132, .T. ) ;
#1213 = CARTESIAN_POINT ( 'NONE',  ( -1.380000000000000338, 9.281463325509363926, -8.070837674355974656 ) ) ;
#1214 = FACE_BOUND ( 'NONE', #2174, .T. ) ;
#1215 = VECTOR ( 'NONE', #2999, 1000.000000000000000 ) ;
#1216 = CARTESIAN_POINT ( 'NONE',  ( 2.179449471770337432, 7.499999999999998224, -4.500000000000000000 ) ) ;
#1217 = CARTESIAN_POINT ( 'NONE',  ( -3.372160293666214947, 8.362264403797974310, -2.457261515329064672 ) ) ;
#1218 = ORIENTED_EDGE ( 'NONE', *, *, #657, .F. ) ;
#1219 = ORIENTED_EDGE ( 'NONE', *, *, #4519, .T. ) ;
#1220 = VERTEX_POINT ( 'NONE', #8818 ) ;
#1221 = VECTOR ( 'NONE', #10827, 1000.000000000000114 ) ;
#1222 = CARTESIAN_POINT ( 'NONE',  ( 7.214603044822826661, 3.063623187575866158, -2.544307028118201419 ) ) ;
#1223 = LINE ( 'NONE', #10897, #9385 ) ;
#1224 = DIRECTION ( 'NONE',  ( -1.000000000000000000, 0.000000000000000000, 0.000000000000000000 ) ) ;
#1225 = EDGE_CURVE ( 'NONE', #3376, #2605, #171, .T. ) ;
#1226 = DIRECTION ( 'NONE',  ( -1.000000000000000000, -0.000000000000000000, -0.000000000000000000 ) ) ;
#1227 = LINE ( 'NONE', #3854, #4666 ) ;
#1228 = VERTEX_POINT ( 'NONE', #6406 ) ;
#1229 = DIRECTION ( 'NONE',  ( 2.168404344971008252E-17, -1.000000000000000000, 0.000000000000000000 ) ) ;
#1230 = ORIENTED_EDGE ( 'NONE', *, *, #10928, .T. ) ;
#1231 = AXIS2_PLACEMENT_3D ( 'NONE', #1434, #6760, #583 ) ;
#1232 = VERTEX_POINT ( 'NONE', #4634 ) ;
#1233 = ADVANCED_FACE ( 'NONE', ( #8073 ), #342, .T. ) ;
#1234 = FACE_OUTER_BOUND ( 'NONE', #7804, .T. ) ;
#1235 = DIRECTION ( 'NONE',  ( 0.000000000000000000, 0.000000000000000000, 1.000000000000000000 ) ) ;
#1236 = DIRECTION ( 'NONE',  ( 0.000000000000000000, 0.000000000000000000, -1.000000000000000000 ) ) ;
#1237 = ORIENTED_EDGE ( 'NONE', *, *, #152, .F. ) ;
#1238 = ORIENTED_EDGE ( 'NONE', *, *, #8505, .F. ) ;
#1239 = CYLINDRICAL_SURFACE ( 'NONE', #9874, 0.01999999999999999001 ) ;
#1240 = DIRECTION ( 'NONE',  ( 0.000000000000000000, 0.000000000000000000, 1.000000000000000000 ) ) ;
#1241 = VERTEX_POINT ( 'NONE', #6468 ) ;
#1242 = ORIENTED_EDGE ( 'NONE', *, *, #3158, .F. ) ;
#1243 = DIRECTION ( 'NONE',  ( -1.000000000000000000, 0.000000000000000000, 0.000000000000000000 ) ) ;
#1244 = ORIENTED_EDGE ( 'NONE', *, *, #4605, .T. ) ;
#1245 = DIRECTION ( 'NONE',  ( -0.000000000000000000, -0.000000000000000000, -1.000000000000000000 ) ) ;
#1246 = VERTEX_POINT ( 'NONE', #1307 ) ;
#1247 = EDGE_CURVE ( 'NONE', #11016, #3925, #569, .T. ) ;
#1248 = CARTESIAN_POINT ( 'NONE',  ( -0.1126976677028340840, 14.89727505634425064, -9.391077270331106064 ) ) ;
#1249 = CIRCLE ( 'NONE', #3806, 0.1000000000000001305 ) ;
#1250 = DIRECTION ( 'NONE',  ( -1.978231904884091487E-16, 1.000000000000000000, 0.000000000000000000 ) ) ;
#1251 = CARTESIAN_POINT ( 'NONE',  ( 4.999999999999848121, 8.000000000000000000, -2.291287847478249429 ) ) ;
#1252 = CARTESIAN_POINT ( 'NONE',  ( -3.055710216370185250, 1.499999999999999112, -7.013830305757052130 ) ) ;
#1253 = DIRECTION ( 'NONE',  ( -1.000000000000000000, 0.000000000000000000, 0.000000000000000000 ) ) ;
#1254 = VERTEX_POINT ( 'NONE', #10014 ) ;
#1255 = ORIENTED_EDGE ( 'NONE', *, *, #9084, .T. ) ;
#1256 = CARTESIAN_POINT ( 'NONE',  ( -3.650000000000002132, 6.965469875665392330, 11.17499999999999893 ) ) ;
#1257 = AXIS2_PLACEMENT_3D ( 'NONE', #1213, #8144, #8951 ) ;
#1258 = ORIENTED_EDGE ( 'NONE', *, *, #887, .T. ) ;
#1259 = ADVANCED_FACE ( 'NONE', ( #3949 ), #10927, .F. ) ;
#1260 = CARTESIAN_POINT ( 'NONE',  ( 2.680182346543767746, 3.063623187575865714, 7.165236767684211472 ) ) ;
#1261 = DIRECTION ( 'NONE',  ( -0.000000000000000000, 1.000000000000000000, -0.000000000000000000 ) ) ;
#1262 = DIRECTION ( 'NONE',  ( 2.418863320084447144E-14, 0.6561787149247684248, -0.7546055221635205035 ) ) ;
#1263 = ORIENTED_EDGE ( 'NONE', *, *, #2509, .F. ) ;
#1264 = CARTESIAN_POINT ( 'NONE',  ( -1.771168402671605879E-15, 6.965469875665441180, 15.29999999999999893 ) ) ;
#1265 = FACE_OUTER_BOUND ( 'NONE', #5006, .T. ) ;
#1266 = DIRECTION ( 'NONE',  ( -1.000000000000000000, -0.000000000000000000, 0.000000000000000000 ) ) ;
#1267 = VERTEX_POINT ( 'NONE', #2104 ) ;
#1268 = ORIENTED_EDGE ( 'NONE', *, *, #8747, .T. ) ;
#1269 = ADVANCED_FACE ( 'NONE', ( #4742 ), #626, .T. ) ;
#1270 = ORIENTED_EDGE ( 'NONE', *, *, #1926, .F. ) ;
#1271 = VECTOR ( 'NONE', #4559, 1000.000000000000000 ) ;
#1272 = EDGE_CURVE ( 'NONE', #11081, #1241, #3077, .T. ) ;
#1273 = CARTESIAN_POINT ( 'NONE',  ( -1.380000000000000338, 9.296555435952635449, -8.083961248654471632 ) ) ;
#1274 = DIRECTION ( 'NONE',  ( -0.8780328119034565004, -0.4786004400550727400, 0.000000000000000000 ) ) ;
#1275 = CARTESIAN_POINT ( 'NONE',  ( 2.280939751330914422, -4.084530124334556866, 0.2999999999999999889 ) ) ;
#1276 = DIRECTION ( 'NONE',  ( 1.000000000000000000, 0.000000000000000000, 0.000000000000000000 ) ) ;
#1277 = DIRECTION ( 'NONE',  ( 0.4918069879902069452, -0.8707042474709769664, 0.000000000000000000 ) ) ;
#1278 = CARTESIAN_POINT ( 'NONE',  ( 0.000000000000000000, 12.34999999999999964, 4.343903740188081564 ) ) ;
#1279 = AXIS2_PLACEMENT_3D ( 'NONE', #9985, #2131, #5632 ) ;
#1280 = ORIENTED_EDGE ( 'NONE', *, *, #130, .F. ) ;
#1281 = CARTESIAN_POINT ( 'NONE',  ( -1.379999999999999893, -2.992397996059991005E-17, 5.530000000000000249 ) ) ;
#1282 = ORIENTED_EDGE ( 'NONE', *, *, #9394, .T. ) ;
#1283 = ADVANCED_FACE ( 'NONE', ( #9102 ), #5775, .T. ) ;
#1284 = VERTEX_POINT ( 'NONE', #8299 ) ;
#1285 = UNCERTAINTY_MEASURE_WITH_UNIT (LENGTH_MEASURE( 1.000000000000000082E-05 ), #8218, 'distance_accuracy_value', 'NONE');
#1286 = EDGE_CURVE ( 'NONE', #2386, #3831, #10847, .T. ) ;
#1287 = LINE ( 'NONE', #3810, #29 ) ;
#1288 = APPLICATION_CONTEXT ( 'automotive_design' ) ;
#1289 = DIRECTION ( 'NONE',  ( -0.7071067811865486830, -4.773959005888173124E-15, 0.7071067811865463515 ) ) ;
#1290 = CARTESIAN_POINT ( 'NONE',  ( -3.035200274230730688, 11.65993862977662765, 7.800000000000000711 ) ) ;
#1291 = ORIENTED_EDGE ( 'NONE', *, *, #4334, .T. ) ;
#1292 = ORIENTED_EDGE ( 'NONE', *, *, #4081, .F. ) ;
#1293 = DIRECTION ( 'NONE',  ( 2.472789881105115160E-16, -1.000000000000000000, -0.000000000000000000 ) ) ;
#1294 = CARTESIAN_POINT ( 'NONE',  ( -2.280939751330911314, -4.084530124334557755, 15.00000000000000000 ) ) ;
#1295 = ORIENTED_EDGE ( 'NONE', *, *, #11223, .T. ) ;
#1297 = DIRECTION ( 'NONE',  ( -0.9592845720430316359, 0.2824413387594271740, 0.000000000000000000 ) ) ;
#1296 = VECTOR ( 'NONE', #4200, 1000.000000000000114 ) ;
#1298 = ORIENTED_EDGE ( 'NONE', *, *, #4228, .T. ) ;
#1299 = DIRECTION ( 'NONE',  ( 0.000000000000000000, -0.6561787149247684248, 0.7546055221635205035 ) ) ;
#1300 = VERTEX_POINT ( 'NONE', #1470 ) ;
#1301 = ADVANCED_FACE ( 'NONE', ( #7609 ), #8236, .F. ) ;
#1302 = LINE ( 'NONE', #5771, #10822 ) ;
#1303 = CIRCLE ( 'NONE', #7706, 0.09999999999999982514 ) ;
#1304 = CARTESIAN_POINT ( 'NONE',  ( -2.580939751330912468, 4.384530124334558465, 0.2532510153636461925 ) ) ;
#1305 = DIRECTION ( 'NONE',  ( 0.000000000000000000, -0.000000000000000000, 1.000000000000000000 ) ) ;
#1306 = CARTESIAN_POINT ( 'NONE',  ( 2.312024219028202765, 1.500000000000000888, -4.433344562587824278 ) ) ;
#1307 = CARTESIAN_POINT ( 'NONE',  ( -3.648334813386796771, 7.075710927138665340, 3.675000000000000266 ) ) ;
#1308 = EDGE_CURVE ( 'NONE', #5817, #3803, #8848, .T. ) ;
#1309 = VECTOR ( 'NONE', #831, 1000.000000000000114 ) ;
#1310 = ORIENTED_EDGE ( 'NONE', *, *, #9428, .T. ) ;
#1311 = ORIENTED_EDGE ( 'NONE', *, *, #386, .T. ) ;
#1312 = SURFACE_SIDE_STYLE ('',( #11103 ) ) ;
#1313 = LINE ( 'NONE', #8076, #2258 ) ;
#1314 = AXIS2_PLACEMENT_3D ( 'NONE', #4924, #4064, #10020 ) ;
#1315 = LINE ( 'NONE', #468, #9720 ) ;
#1316 = EDGE_LOOP ( 'NONE', ( #8683, #3856, #555, #3932 ) ) ;
#1317 = AXIS2_PLACEMENT_3D ( 'NONE', #8948, #2808, #2920 ) ;
#1318 = CIRCLE ( 'NONE', #7150, 0.1299999999999998934 ) ;
#1319 = CARTESIAN_POINT ( 'NONE',  ( 0.000000000000000000, 12.50000000000000000, 2.027069063257455728 ) ) ;
#1320 = DIRECTION ( 'NONE',  ( 0.000000000000000000, -0.7546055221635005195, 0.6561787149247915174 ) ) ;
#1321 = ADVANCED_FACE ( 'NONE', ( #1420 ), #4916, .T. ) ;
#1322 = ORIENTED_EDGE ( 'NONE', *, *, #10519, .F. ) ;
#1323 = CARTESIAN_POINT ( 'NONE',  ( 2.657714481646620275, 9.467279967188341416, -2.613951291675112643 ) ) ;
#1324 = CARTESIAN_POINT ( 'NONE',  ( -1.088609894901982011, 0.6042532376681476469, 7.800000000000000711 ) ) ;
#1325 = LINE ( 'NONE', #10944, #1522 ) ;
#1326 = ORIENTED_EDGE ( 'NONE', *, *, #8894, .T. ) ;
#1327 = EDGE_LOOP ( 'NONE', ( #9475, #6986, #1950, #9056 ) ) ;
#1328 = CIRCLE ( 'NONE', #9550, 3.649999999999999467 ) ;
#1329 = ORIENTED_EDGE ( 'NONE', *, *, #10050, .F. ) ;
#1330 = AXIS2_PLACEMENT_3D ( 'NONE', #1617, #11248, #1403 ) ;
#1331 = DIRECTION ( 'NONE',  ( 0.000000000000000000, 0.7546055221635206145, 0.6561787149247685358 ) ) ;
#1332 = DIRECTION ( 'NONE',  ( 8.673617379884035472E-17, 0.000000000000000000, -1.000000000000000000 ) ) ;
#1333 = CARTESIAN_POINT ( 'NONE',  ( 1.393841279746818262, 4.734046515325192495, 7.800000000000000711 ) ) ;
#1334 = EDGE_CURVE ( 'NONE', #1681, #6992, #11100, .T. ) ;
#1335 = CARTESIAN_POINT ( 'NONE',  ( -2.291287847478249429, 8.000000000000000000, 4.999999999999999112 ) ) ;
#1336 = DIRECTION ( 'NONE',  ( -0.000000000000000000, -0.000000000000000000, -1.000000000000000000 ) ) ;
#1337 = CYLINDRICAL_SURFACE ( 'NONE', #4513, 3.649999999999999467 ) ;
#1338 = VECTOR ( 'NONE', #9911, 1000.000000000000000 ) ;
#1339 = ORIENTED_EDGE ( 'NONE', *, *, #6005, .T. ) ;
#1340 = CARTESIAN_POINT ( 'NONE',  ( 9.368548013477250272E-16, 0.000000000000000000, 7.650000000000000355 ) ) ;
#1341 = DIRECTION ( 'NONE',  ( 0.000000000000000000, 0.000000000000000000, 1.000000000000000000 ) ) ;
#1342 = ORIENTED_EDGE ( 'NONE', *, *, #10758, .F. ) ;
#1343 = ORIENTED_EDGE ( 'NONE', *, *, #581, .F. ) ;
#1344 = CIRCLE ( 'NONE', #5545, 3.649999999999999467 ) ;
#1345 = DIRECTION ( 'NONE',  ( 0.000000000000000000, -0.9863939238321488556, -0.1643989873053274264 ) ) ;
#1346 = PRODUCT_CONTEXT ( 'NONE', #2453, 'mechanical' ) ;
#1347 = AXIS2_PLACEMENT_3D ( 'NONE', #4133, #10152, #9292 ) ;
#1348 = CARTESIAN_POINT ( 'NONE',  ( 2.280939751330914422, -4.084530124334557755, 15.29999999999999893 ) ) ;
#1349 = ORIENTED_EDGE ( 'NONE', *, *, #5833, .F. ) ;
#1350 = ORIENTED_EDGE ( 'NONE', *, *, #8629, .T. ) ;
#1352 = ADVANCED_FACE ( 'NONE', ( #10189 ), #5660, .T. ) ;
#1351 = DIRECTION ( 'NONE',  ( 1.000000000000000000, 0.000000000000000000, 0.000000000000000000 ) ) ;
#1353 = DIRECTION ( 'NONE',  ( 0.7071067811865475727, 0.000000000000000000, -0.7071067811865475727 ) ) ;
#1354 = VECTOR ( 'NONE', #10431, 1000.000000000000000 ) ;
#1355 = VERTEX_POINT ( 'NONE', #6579 ) ;
#1356 = DIRECTION ( 'NONE',  ( -0.000000000000000000, -0.000000000000000000, -1.000000000000000000 ) ) ;
#1357 = EDGE_CURVE ( 'NONE', #7708, #4450, #3165, .T. ) ;
#1358 = VERTEX_POINT ( 'NONE', #9220 ) ;
#1359 = FACE_OUTER_BOUND ( 'NONE', #2842, .T. ) ;
#1360 = AXIS2_PLACEMENT_3D ( 'NONE', #2948, #8972, #9029 ) ;
#1361 = ORIENTED_EDGE ( 'NONE', *, *, #10709, .F. ) ;
#1362 = TOROIDAL_SURFACE ( 'NONE', #7760, 0.1299999999999999767, 0.02000000000000000042 ) ;
#1363 = CARTESIAN_POINT ( 'NONE',  ( -1.380000000000000115, 12.34999999999999964, -4.343903740188082452 ) ) ;
#1364 = AXIS2_PLACEMENT_3D ( 'NONE', #10351, #851, #6047 ) ;
#1365 = CARTESIAN_POINT ( 'NONE',  ( -2.580939751330911580, 4.384530124334556689, 0.2999999999999999334 ) ) ;
#1366 = DIRECTION ( 'NONE',  ( 1.000000000000000000, 0.000000000000000000, 0.000000000000000000 ) ) ;
#1367 = CARTESIAN_POINT ( 'NONE',  ( 5.087985294887773513, 3.021034482758621298, 2.966664951328128907 ) ) ;
#1368 = AXIS2_PLACEMENT_3D ( 'NONE', #5597, #1463, #10124 ) ;
#1369 = DIRECTION ( 'NONE',  ( 0.000000000000000000, 0.000000000000000000, 1.000000000000000000 ) ) ;
#1370 = EDGE_LOOP ( 'NONE', ( #6706, #7404, #10082, #9213 ) ) ;
#1371 = EDGE_CURVE ( 'NONE', #4730, #5297, #3198, .T. ) ;
#1372 = ORIENTED_EDGE ( 'NONE', *, *, #645, .T. ) ;
#1373 = FACE_OUTER_BOUND ( 'NONE', #6848, .T. ) ;
#1374 = CIRCLE ( 'NONE', #6858, 0.1000000000000001443 ) ;
#1375 = EDGE_CURVE ( 'NONE', #4657, #4707, #4865, .T. ) ;
#1376 = VECTOR ( 'NONE', #1044, 1000.000000000000000 ) ;
#1377 = CARTESIAN_POINT ( 'NONE',  ( -3.650000000000001688, 6.965469875665389665, -2.454779244514317504 ) ) ;
#1378 = FACE_OUTER_BOUND ( 'NONE', #6895, .T. ) ;
#1379 = ORIENTED_EDGE ( 'NONE', *, *, #9343, .F. ) ;
#1380 = FACE_OUTER_BOUND ( 'NONE', #5019, .T. ) ;
#1381 = LINE ( 'NONE', #2401, #6159 ) ;
#1382 = PLANE ( 'NONE',  #1164 ) ;
#1383 = ORIENTED_EDGE ( 'NONE', *, *, #5589, .T. ) ;
#1384 = ORIENTED_EDGE ( 'NONE', *, *, #234, .T. ) ;
#1385 = ORIENTED_EDGE ( 'NONE', *, *, #10207, .F. ) ;
#1386 = EDGE_CURVE ( 'NONE', #3691, #3925, #1344, .T. ) ;
#1387 = EDGE_CURVE ( 'NONE', #7493, #547, #6048, .T. ) ;
#1388 = DIRECTION ( 'NONE',  ( 0.000000000000000000, 0.000000000000000000, -1.000000000000000000 ) ) ;
#1389 = AXIS2_PLACEMENT_3D ( 'NONE', #7483, #506, #9266 ) ;
#1390 = CARTESIAN_POINT ( 'NONE',  ( -1.379999999999999671, 6.622052172158088723, -0.9406179037940090026 ) ) ;
#1391 = LINE ( 'NONE', #5906, #9739 ) ;
#1392 = PLANE ( 'NONE',  #3073 ) ;
#1393 = CYLINDRICAL_SURFACE ( 'NONE', #2992, 3.649999999999999467 ) ;
#1394 = DIRECTION ( 'NONE',  ( -0.7071067811865403563, 1.082467449009526863E-16, -0.7071067811865547892 ) ) ;
#1395 = ORIENTED_EDGE ( 'NONE', *, *, #234, .F. ) ;
#1396 = LINE ( 'NONE', #6397, #10934 ) ;
#1397 = FACE_OUTER_BOUND ( 'NONE', #3078, .T. ) ;
#1398 = ORIENTED_EDGE ( 'NONE', *, *, #1025, .F. ) ;
#1399 = ORIENTED_EDGE ( 'NONE', *, *, #537, .F. ) ;
#1400 = AXIS2_PLACEMENT_3D ( 'NONE', #1741, #9425, #8566 ) ;
#1401 = EDGE_CURVE ( 'NONE', #11178, #5423, #8697, .T. ) ;
#1402 = DIRECTION ( 'NONE',  ( -0.9906889957247189127, 0.1361444591231978085, 0.000000000000000000 ) ) ;
#1403 = DIRECTION ( 'NONE',  ( 1.000000000000000000, 0.000000000000000000, 0.000000000000000000 ) ) ;
#1404 = DIRECTION ( 'NONE',  ( 0.000000000000000000, 0.000000000000000000, 1.000000000000000000 ) ) ;
#1405 = EDGE_LOOP ( 'NONE', ( #9267, #3649, #3303, #10975 ) ) ;
#1406 = CARTESIAN_POINT ( 'NONE',  ( 2.580939751330913356, 6.382121700833032922E-16, 11.17499999999999893 ) ) ;
#1407 = DIRECTION ( 'NONE',  ( 0.000000000000000000, 0.000000000000000000, 1.000000000000000000 ) ) ;
#1408 = AXIS2_PLACEMENT_3D ( 'NONE', #6436, #2184, #4771 ) ;
#1409 = ORIENTED_EDGE ( 'NONE', *, *, #7826, .T. ) ;
#1410 = CARTESIAN_POINT ( 'NONE',  ( -1.030666926558653025E-16, 6.965469875665441180, 15.29999999999999893 ) ) ;
#1411 = ORIENTED_EDGE ( 'NONE', *, *, #6688, .F. ) ;
#1412 = CARTESIAN_POINT ( 'NONE',  ( 3.175602739079018910, 11.56612470205378607, -2.625562286609687046 ) ) ;
#1413 = ORIENTED_EDGE ( 'NONE', *, *, #1788, .F. ) ;
#1414 = EDGE_CURVE ( 'NONE', #391, #4280, #5074, .T. ) ;
#1415 = DIRECTION ( 'NONE',  ( -0.9906889957247183576, 0.1361444591232013335, 0.000000000000000000 ) ) ;
#1416 = ADVANCED_FACE ( 'NONE', ( #8576 ), #732, .T. ) ;
#1417 = CYLINDRICAL_SURFACE ( 'NONE', #6775, 0.02000000000000053471 ) ;
#1418 = DIRECTION ( 'NONE',  ( 0.000000000000000000, 0.000000000000000000, 1.000000000000000000 ) ) ;
#1419 = DIRECTION ( 'NONE',  ( 8.673617379884030542E-17, 1.000000000000000000, 8.673617379884030542E-17 ) ) ;
#1420 = FACE_OUTER_BOUND ( 'NONE', #10645, .T. ) ;
#1421 = ORIENTED_EDGE ( 'NONE', *, *, #9195, .T. ) ;
#1422 = VERTEX_POINT ( 'NONE', #678 ) ;
#1423 = DIRECTION ( 'NONE',  ( -1.000000000000000000, 0.000000000000000000, 0.000000000000000000 ) ) ;
#1424 = LINE ( 'NONE', #10140, #2631 ) ;
#1425 = VECTOR ( 'NONE', #596, 1000.000000000000000 ) ;
#1426 = EDGE_CURVE ( 'NONE', #2107, #6970, #3421, .T. ) ;
#1427 = CARTESIAN_POINT ( 'NONE',  ( 2.580939751330875165, 9.546409626996362974, -2.625562286609687046 ) ) ;
#1428 = ADVANCED_FACE ( 'NONE', ( #4338 ), #1697, .F. ) ;
#1429 = FACE_OUTER_BOUND ( 'NONE', #433, .T. ) ;
#1430 = CARTESIAN_POINT ( 'NONE',  ( 1.379999999999999671, 0.02644174998362252768, 0.1586504999017351591 ) ) ;
#1431 = ORIENTED_EDGE ( 'NONE', *, *, #11046, .F. ) ;
#1432 = AXIS2_PLACEMENT_3D ( 'NONE', #8663, #7857, #8835 ) ;
#1433 = DIRECTION ( 'NONE',  ( 0.5120428415488792462, 0.6896551724137933714, 0.5120428415488789131 ) ) ;
#1434 = CARTESIAN_POINT ( 'NONE',  ( -1.030666926558653025E-16, 6.965469875665441180, 15.29999999999999893 ) ) ;
#1435 = EDGE_CURVE ( 'NONE', #1620, #1694, #10295, .T. ) ;
#1436 = CARTESIAN_POINT ( 'NONE',  ( -2.507177854626950975, 4.312539809669613255, 0.09943092771398560903 ) ) ;
#1437 = ORIENTED_EDGE ( 'NONE', *, *, #3452, .T. ) ;
#1438 = VERTEX_POINT ( 'NONE', #9381 ) ;
#1439 = ORIENTED_EDGE ( 'NONE', *, *, #5695, .T. ) ;
#1440 = DIRECTION ( 'NONE',  ( -0.5049013445390029275, -0.8631770573194744722, 0.000000000000000000 ) ) ;
#1441 = DIRECTION ( 'NONE',  ( 0.2533391860415180052, -0.9673775151489831803, 0.000000000000000000 ) ) ;
#1442 = LINE ( 'NONE', #7686, #3891 ) ;
#1443 = CARTESIAN_POINT ( 'NONE',  ( -2.279064564105393487, 6.000000000000000000, 4.400384907664967038 ) ) ;
#1444 = PLANE ( 'NONE',  #6346 ) ;
#1445 = EDGE_CURVE ( 'NONE', #6341, #9149, #9602, .T. ) ;
#1446 = DIRECTION ( 'NONE',  ( 0.2824413387594271740, 0.9592845720430317469, -0.000000000000000000 ) ) ;
#1447 = DIRECTION ( 'NONE',  ( -0.7071067811865474617, 0.000000000000000000, -0.7071067811865474617 ) ) ;
#1448 = ORIENTED_EDGE ( 'NONE', *, *, #719, .T. ) ;
#1449 = ORIENTED_EDGE ( 'NONE', *, *, #3464, .F. ) ;
#1450 = ORIENTED_EDGE ( 'NONE', *, *, #10486, .F. ) ;
#1451 = CARTESIAN_POINT ( 'NONE',  ( 4.694468754111195352, 10.00067014989615366, 3.675000000000000266 ) ) ;
#1452 = ITEM_DEFINED_TRANSFORMATION ( 'NONE', 'NONE', #3675,  #2013 ) ;
#1453 = DIRECTION ( 'NONE',  ( -0.9906889957247183576, 0.1361444591232013057, 0.000000000000000000 ) ) ;
#1454 = CARTESIAN_POINT ( 'NONE',  ( 2.279064564105349078, 6.000000000000000000, 4.400384907664990131 ) ) ;
#1455 = AXIS2_PLACEMENT_3D ( 'NONE', #4041, #8562, #10280 ) ;
#1456 = EDGE_LOOP ( 'NONE', ( #9255, #233, #6050, #10378 ) ) ;
#1457 = DIRECTION ( 'NONE',  ( -0.5120428415488789131, -0.6896551724137937045, -0.5120428415488786911 ) ) ;
#1458 = CARTESIAN_POINT ( 'NONE',  ( -4.500000000000000000, 7.499999999999998224, 2.179449471770337432 ) ) ;
#1459 = EDGE_CURVE ( 'NONE', #4762, #5296, #2443, .T. ) ;
#1460 = ORIENTED_EDGE ( 'NONE', *, *, #3728, .T. ) ;
#1461 = DIRECTION ( 'NONE',  ( 0.000000000000000000, 1.000000000000000000, 0.000000000000000000 ) ) ;
#1462 = ORIENTED_EDGE ( 'NONE', *, *, #3426, .T. ) ;
#1463 = DIRECTION ( 'NONE',  ( 1.000000000000000000, -0.000000000000000000, 0.000000000000000000 ) ) ;
#1464 = ORIENTED_EDGE ( 'NONE', *, *, #673, .F. ) ;
#1465 = AXIS2_PLACEMENT_3D ( 'NONE', #10455, #3358, #7715 ) ;
#1466 = CARTESIAN_POINT ( 'NONE',  ( 0.000000000000000000, 0.000000000000000000, 0.000000000000000000 ) ) ;
#1467 = CARTESIAN_POINT ( 'NONE',  ( 3.372160293666186082, 8.362264403798045365, 7.800000000000000711 ) ) ;
#1468 = CARTESIAN_POINT ( 'NONE',  ( -1.399999999999999467, 0.02644174998362248258, -0.1586504999017351869 ) ) ;
#1469 = DIRECTION ( 'NONE',  ( -0.000000000000000000, -1.000000000000000000, -0.000000000000000000 ) ) ;
#1470 = CARTESIAN_POINT ( 'NONE',  ( 2.580939751330875609, 9.546409626996362974, 11.17499999999999893 ) ) ;
#1471 = EDGE_CURVE ( 'NONE', #10217, #10590, #5991, .T. ) ;
#1472 = ORIENTED_EDGE ( 'NONE', *, *, #5168, .T. ) ;
#1473 = VERTEX_POINT ( 'NONE', #10352 ) ;
#1474 = DIRECTION ( 'NONE',  ( -0.1061605406293864434, 0.9943490029226541571, 0.000000000000000000 ) ) ;
#1475 = CARTESIAN_POINT ( 'NONE',  ( 1.393823247546297717, 6.500000000000000000, 0.8140959846906092867 ) ) ;
#1476 = EDGE_CURVE ( 'NONE', #6946, #6612, #9483, .T. ) ;
#1477 = AXIS2_PLACEMENT_3D ( 'NONE', #4949, #7698, #8612 ) ;
#1478 = DIRECTION ( 'NONE',  ( 1.000000000000000000, 0.000000000000000000, 0.000000000000000000 ) ) ;
#1479 = ORIENTED_EDGE ( 'NONE', *, *, #9933, .T. ) ;
#1480 = LINE ( 'NONE', #850, #8830 ) ;
#1481 = LINE ( 'NONE', #10145, #2057 ) ;
#1482 = ORIENTED_EDGE ( 'NONE', *, *, #5913, .T. ) ;
#1483 = ADVANCED_FACE ( 'NONE', ( #1530 ), #6973, .T. ) ;
#1484 = CIRCLE ( 'NONE', #3680, 3.649999999999999467 ) ;
#1485 = DIRECTION ( 'NONE',  ( 0.8707042474709770774, -0.4918069879902070007, 0.000000000000000000 ) ) ;
#1486 = EDGE_CURVE ( 'NONE', #2754, #6946, #9434, .T. ) ;
#1487 = LINE ( 'NONE', #4986, #1745 ) ;
#1488 = CARTESIAN_POINT ( 'NONE',  ( 0.000000000000000000, 0.000000000000000000, 0.000000000000000000 ) ) ;
#1489 = ORIENTED_EDGE ( 'NONE', *, *, #3817, .T. ) ;
#1490 = EDGE_CURVE ( 'NONE', #4544, #3563, #5193, .T. ) ;
#1491 = ORIENTED_EDGE ( 'NONE', *, *, #4801, .T. ) ;
#1492 = ORIENTED_EDGE ( 'NONE', *, *, #460, .T. ) ;
#1493 = AXIS2_PLACEMENT_3D ( 'NONE', #2075, #9817, #425 ) ;
#1494 = CARTESIAN_POINT ( 'NONE',  ( -1.379999999999999893, 12.34999999999999964, -2.027069063257456172 ) ) ;
#1495 = FACE_OUTER_BOUND ( 'NONE', #510, .T. ) ;
#1496 = DIRECTION ( 'NONE',  ( 0.9592845720430323020, -0.2824413387594251756, 0.000000000000000000 ) ) ;
#1497 = CARTESIAN_POINT ( 'NONE',  ( 4.999999999999999112, 8.000000000000000000, 2.291287847478249429 ) ) ;
#1498 = DIRECTION ( 'NONE',  ( 0.000000000000000000, 0.000000000000000000, 1.000000000000000000 ) ) ;
#1499 = FACE_OUTER_BOUND ( 'NONE', #2972, .T. ) ;
#1500 = VECTOR ( 'NONE', #649, 1000.000000000000000 ) ;
#1501 = CARTESIAN_POINT ( 'NONE',  ( 1.399999999999999689, 11.52975414413175947, 5.485303232940221818 ) ) ;
#1502 = ORIENTED_EDGE ( 'NONE', *, *, #7265, .F. ) ;
#1503 = EDGE_CURVE ( 'NONE', #562, #1018, #4279, .T. ) ;
#1504 = EDGE_LOOP ( 'NONE', ( #5444, #5869, #5470, #5003 ) ) ;
#1505 = VERTEX_POINT ( 'NONE', #11267 ) ;
#1506 = EDGE_CURVE ( 'NONE', #7339, #3723, #2618, .T. ) ;
#1507 = CARTESIAN_POINT ( 'NONE',  ( -1.380000000000000115, 12.34999999999999964, 4.343903740188081564 ) ) ;
#1508 = AXIS2_PLACEMENT_3D ( 'NONE', #134, #9859, #10657 ) ;
#1509 = CYLINDRICAL_SURFACE ( 'NONE', #9752, 0.01999999999999999001 ) ;
#1510 = LINE ( 'NONE', #1454, #3510 ) ;
#1511 = VECTOR ( 'NONE', #314, 1000.000000000000000 ) ;
#1512 = EDGE_LOOP ( 'NONE', ( #3151, #8186, #1060, #670 ) ) ;
#1513 = VERTEX_POINT ( 'NONE', #5252 ) ;
#1514 = DIRECTION ( 'NONE',  ( 0.000000000000000000, 0.000000000000000000, 1.000000000000000000 ) ) ;
#1515 = CARTESIAN_POINT ( 'NONE',  ( 2.580939751330873388, 9.546409626996362974, -2.625562286609687046 ) ) ;
#1516 = ORIENTED_EDGE ( 'NONE', *, *, #8894, .F. ) ;
#1517 = DIRECTION ( 'NONE',  ( 0.9906889957247191347, -0.1361444591231953660, 0.000000000000000000 ) ) ;
#1518 = ORIENTED_EDGE ( 'NONE', *, *, #10417, .T. ) ;
#1519 = CYLINDRICAL_SURFACE ( 'NONE', #4111, 5.000000000000000000 ) ;
#1520 = ORIENTED_EDGE ( 'NONE', *, *, #4449, .T. ) ;
#1521 = VECTOR ( 'NONE', #8524, 1000.000000000000000 ) ;
#1522 = VECTOR ( 'NONE', #10774, 1000.000000000000000 ) ;
#1523 = EDGE_CURVE ( 'NONE', #11294, #10748, #5557, .T. ) ;
#1524 = DIRECTION ( 'NONE',  ( 1.000000000000000000, -0.000000000000000000, 0.000000000000000000 ) ) ;
#1525 = ADVANCED_FACE ( 'NONE', ( #2783 ), #3643, .T. ) ;
#1526 = CARTESIAN_POINT ( 'NONE',  ( 0.000000000000000000, 12.50000000000000000, -2.027069063257456172 ) ) ;
#1527 = LINE ( 'NONE', #4055, #10715 ) ;
#1528 = VECTOR ( 'NONE', #6498, 1000.000000000000114 ) ;
#1529 = CARTESIAN_POINT ( 'NONE',  ( 3.371095403779720723, 1.616491533522731894, 6.867199217059265060 ) ) ;
#1530 = FACE_OUTER_BOUND ( 'NONE', #8302, .T. ) ;
#1531 = ORIENTED_EDGE ( 'NONE', *, *, #2328, .F. ) ;
#1532 = EDGE_LOOP ( 'NONE', ( #4611, #5979, #10593, #7326 ) ) ;
#1533 =( NAMED_UNIT ( * ) PLANE_ANGLE_UNIT ( ) SI_UNIT ( $, .RADIAN. ) );
#1534 = AXIS2_PLACEMENT_3D ( 'NONE', #808, #6065, #2688 ) ;
#1535 = DIRECTION ( 'NONE',  ( 0.6280440846592213466, 0.7781777610061602068, 0.000000000000000000 ) ) ;
#1536 = AXIS2_PLACEMENT_3D ( 'NONE', #3023, #1419, #6522 ) ;
#1537 = CARTESIAN_POINT ( 'NONE',  ( 1.499999999999998446, 6.965469875665441180, 15.29999999999999893 ) ) ;
#1538 = EDGE_CURVE ( 'NONE', #1220, #6007, #5364, .T. ) ;
#1539 = VECTOR ( 'NONE', #7601, 1000.000000000000000 ) ;
#1540 = LINE ( 'NONE', #685, #280 ) ;
#1541 = DIRECTION ( 'NONE',  ( 0.7071067811865474617, 0.000000000000000000, -0.7071067811865474617 ) ) ;
#1542 = CIRCLE ( 'NONE', #1719, 0.2999999999999999334 ) ;
#1543 = ORIENTED_EDGE ( 'NONE', *, *, #10367, .T. ) ;
#1544 = DIRECTION ( 'NONE',  ( -0.000000000000000000, -0.000000000000000000, -1.000000000000000000 ) ) ;
#1545 = FACE_BOUND ( 'NONE', #4119, .T. ) ;
#1546 = CYLINDRICAL_SURFACE ( 'NONE', #10304, 0.1499999999999999667 ) ;
#1547 = ORIENTED_EDGE ( 'NONE', *, *, #1386, .T. ) ;
#1548 = ORIENTED_EDGE ( 'NONE', *, *, #11, .T. ) ;
#1549 = ORIENTED_EDGE ( 'NONE', *, *, #10146, .F. ) ;
#1550 = EDGE_CURVE ( 'NONE', #10566, #4990, #5918, .T. ) ;
#1551 = CIRCLE ( 'NONE', #445, 0.1499999999999999667 ) ;
#1552 = ADVANCED_FACE ( 'NONE', ( #7949 ), #10523, .T. ) ;
#1553 = CARTESIAN_POINT ( 'NONE',  ( 2.168404344971008868E-16, 2.565469875665443045, 3.675000000000000266 ) ) ;
#1554 = ADVANCED_FACE ( 'NONE', ( #9128 ), #160, .F. ) ;
#1555 = CARTESIAN_POINT ( 'NONE',  ( 3.328434437871126583, 5.467463135762877791, 11.17499999999999893 ) ) ;
#1556 = CYLINDRICAL_SURFACE ( 'NONE', #3144, 0.2999999999999999334 ) ;
#1557 = CARTESIAN_POINT ( 'NONE',  ( 1.177310021971333942, 8.566988997091346647, 3.675000000000000266 ) ) ;
#1558 = LINE ( 'NONE', #5908, #504 ) ;
#1559 = CARTESIAN_POINT ( 'NONE',  ( 2.580939751330914245, -2.084296772316889701, 7.800000000000000711 ) ) ;
#1560 = CARTESIAN_POINT ( 'NONE',  ( -5.036781010732885200, 4.909999999999999254, -2.915460667173241482 ) ) ;
#1561 = EDGE_LOOP ( 'NONE', ( #10492, #6779, #10825, #10200 ) ) ;
#1562 = ORIENTED_EDGE ( 'NONE', *, *, #7097, .F. ) ;
#1563 = ORIENTED_EDGE ( 'NONE', *, *, #4968, .F. ) ;
#1564 = EDGE_CURVE ( 'NONE', #3700, #4678, #959, .T. ) ;
#1565 = VECTOR ( 'NONE', #2232, 1000.000000000000114 ) ;
#1566 = DIRECTION ( 'NONE',  ( 0.000000000000000000, 0.000000000000000000, -1.000000000000000000 ) ) ;
#1567 = EDGE_CURVE ( 'NONE', #5428, #7994, #7204, .T. ) ;
#1568 = DIRECTION ( 'NONE',  ( -8.673617379884035472E-17, -0.000000000000000000, 1.000000000000000000 ) ) ;
#1569 = CARTESIAN_POINT ( 'NONE',  ( -3.095943168387719879, 11.89188581067152839, -2.613951291675116195 ) ) ;
#1570 = ORIENTED_EDGE ( 'NONE', *, *, #3598, .T. ) ;
#1571 = CARTESIAN_POINT ( 'NONE',  ( -1.771168402671605879E-15, 6.965469875665441180, 0.000000000000000000 ) ) ;
#1572 = DIRECTION ( 'NONE',  ( -0.5049013445390018173, -0.8631770573194749163, 0.000000000000000000 ) ) ;
#1573 = EDGE_LOOP ( 'NONE', ( #9820, #765, #4326, #9922 ) ) ;
#1574 = PLANE ( 'NONE',  #7062 ) ;
#1575 = EDGE_LOOP ( 'NONE', ( #1041, #5226, #8199, #9734 ) ) ;
#1576 = VECTOR ( 'NONE', #5050, 1000.000000000000114 ) ;
#1577 = EDGE_CURVE ( 'NONE', #501, #10732, #5426, .T. ) ;
#1578 = VERTEX_POINT ( 'NONE', #6281 ) ;
#1579 = DIRECTION ( 'NONE',  ( -0.000000000000000000, 0.9863939238321437486, 0.1643989873053572637 ) ) ;
#1580 = DIRECTION ( 'NONE',  ( 0.000000000000000000, 0.000000000000000000, 1.000000000000000000 ) ) ;
#1581 = AXIS2_PLACEMENT_3D ( 'NONE', #6366, #8314, #9171 ) ;
#1582 = DIRECTION ( 'NONE',  ( 0.000000000000000000, 0.000000000000000000, -1.000000000000000000 ) ) ;
#1583 = LINE ( 'NONE', #731, #1713 ) ;
#1584 = DIRECTION ( 'NONE',  ( 0.9673775151489824031, 0.2533391860415208363, 0.000000000000000000 ) ) ;
#1585 = ORIENTED_EDGE ( 'NONE', *, *, #9484, .F. ) ;
#1586 = ORIENTED_EDGE ( 'NONE', *, *, #7254, .T. ) ;
#1587 = CARTESIAN_POINT ( 'NONE',  ( -2.280939751330911758, 4.384530124334556689, 0.2999999999999999334 ) ) ;
#1588 = EDGE_CURVE ( 'NONE', #10120, #1267, #2672, .T. ) ;
#1589 = CARTESIAN_POINT ( 'NONE',  ( 1.380279994234274055, 6.500000000000000000, 0.7736979242907003895 ) ) ;
#1590 = DIRECTION ( 'NONE',  ( -0.000000000000000000, -0.000000000000000000, 1.000000000000000000 ) ) ;
#1591 = DIRECTION ( 'NONE',  ( -0.000000000000000000, -1.000000000000000000, -0.000000000000000000 ) ) ;
#1592 = DIRECTION ( 'NONE',  ( 0.000000000000000000, 1.133806193448893935E-16, -1.000000000000000000 ) ) ;
#1593 = ORIENTED_EDGE ( 'NONE', *, *, #8445, .F. ) ;
#1594 = DIRECTION ( 'NONE',  ( 0.4918069879902069452, 0.8707042474709769664, 0.000000000000000000 ) ) ;
#1595 = DIRECTION ( 'NONE',  ( 0.7071067811865477948, -0.000000000000000000, 0.7071067811865473507 ) ) ;
#1596 = EDGE_CURVE ( 'NONE', #6, #1681, #1805, .T. ) ;
#1597 = CIRCLE ( 'NONE', #5267, 0.1000000000000001443 ) ;
#1598 = CARTESIAN_POINT ( 'NONE',  ( -0.1126976677027487217, 1009.897275056344142, -1.741077270331022442 ) ) ;
#1599 = VERTEX_POINT ( 'NONE', #1071 ) ;
#1600 = VERTEX_POINT ( 'NONE', #3591 ) ;
#1601 = EDGE_LOOP ( 'NONE', ( #80, #9210, #2110, #7526 ) ) ;
#1602 = CARTESIAN_POINT ( 'NONE',  ( 1.379999999999999671, 11.52975414413176125, -5.485303232940222706 ) ) ;
#1603 = VECTOR ( 'NONE', #11011, 1000.000000000000114 ) ;
#1604 = LINE ( 'NONE', #7576, #1500 ) ;
#1605 = DIRECTION ( 'NONE',  ( -0.000000000000000000, 0.000000000000000000, 1.000000000000000000 ) ) ;
#1606 = CARTESIAN_POINT ( 'NONE',  ( -7.261110302808396533, 3.063075121266647827, -2.408386976261427836 ) ) ;
#1607 = DIRECTION ( 'NONE',  ( 0.8780328119034598311, 0.4786004400550665783, 0.000000000000000000 ) ) ;
#1608 = ORIENTED_EDGE ( 'NONE', *, *, #7141, .T. ) ;
#1609 = EDGE_CURVE ( 'NONE', #3907, #5320, #10711, .T. ) ;
#1610 = PLANE ( 'NONE',  #9841 ) ;
#1611 = CARTESIAN_POINT ( 'NONE',  ( -1.379999999999999893, 12.34999999999999964, 2.027069063257455728 ) ) ;
#1612 = ORIENTED_EDGE ( 'NONE', *, *, #2849, .F. ) ;
#1613 = VERTEX_POINT ( 'NONE', #6220 ) ;
#1614 = EDGE_CURVE ( 'NONE', #9645, #5694, #214, .T. ) ;
#1615 = VERTEX_POINT ( 'NONE', #3703 ) ;
#1616 = CARTESIAN_POINT ( 'NONE',  ( 1.098581491038425728, 0.6205207517233434222, 7.800000000000000711 ) ) ;
#1617 = CARTESIAN_POINT ( 'NONE',  ( 0.000000000000000000, 0.000000000000000000, 11.17499999999999893 ) ) ;
#1618 = CARTESIAN_POINT ( 'NONE',  ( -1.380279994234274055, 6.500000000000000000, -0.7736979242907003895 ) ) ;
#1619 = PRODUCT_DEFINITION_SHAPE ( 'NONE', 'NONE',  #11328 ) ;
#1620 = VERTEX_POINT ( 'NONE', #7411 ) ;
#1621 = DIRECTION ( 'NONE',  ( -1.000000000000000000, 0.000000000000000000, 0.000000000000000000 ) ) ;
#1622 = CARTESIAN_POINT ( 'NONE',  ( -1.030666926558653025E-16, 6.965469875665441180, 15.29999999999999893 ) ) ;
#1623 = ORIENTED_EDGE ( 'NONE', *, *, #8959, .T. ) ;
#1624 = EDGE_CURVE ( 'NONE', #3840, #3395, #10900, .T. ) ;
#1625 = CARTESIAN_POINT ( 'NONE',  ( -1.379999999999999671, 6.625340151904196340, 0.9208900253173660788 ) ) ;
#1626 = ORIENTED_EDGE ( 'NONE', *, *, #8017, .T. ) ;
#1627 = EDGE_CURVE ( 'NONE', #792, #5160, #4770, .T. ) ;
#1628 = EDGE_CURVE ( 'NONE', #9665, #354, #2244, .T. ) ;
#1629 = ORIENTED_EDGE ( 'NONE', *, *, #5113, .F. ) ;
#1630 = CARTESIAN_POINT ( 'NONE',  ( -2.435362535369392845, 3.200000000000000178, 7.252000366886310445 ) ) ;
#1631 = VECTOR ( 'NONE', #6391, 1000.000000000000000 ) ;
#1632 = CARTESIAN_POINT ( 'NONE',  ( -3.371111840569784412, 1.616536647565486318, 6.867191002222499563 ) ) ;
#1633 = CYLINDRICAL_SURFACE ( 'NONE', #8675, 3.649999999999999467 ) ;
#1634 = DIRECTION ( 'NONE',  ( -0.9943490029226537130, -0.1061605406293899129, 0.000000000000000000 ) ) ;
#1635 = DIRECTION ( 'NONE',  ( 0.4786004400550684101, -0.8780328119034589429, 0.000000000000000000 ) ) ;
#1636 = ORIENTED_EDGE ( 'NONE', *, *, #5298, .T. ) ;
#1637 = ORIENTED_EDGE ( 'NONE', *, *, #7808, .F. ) ;
#1638 = CARTESIAN_POINT ( 'NONE',  ( 1.379999999999999671, 12.50000000000000000, 2.027069063257455728 ) ) ;
#1639 = AXIS2_PLACEMENT_3D ( 'NONE', #7297, #7349, #10839 ) ;
#1640 = DIRECTION ( 'NONE',  ( 4.945579762210228717E-17, -1.000000000000000000, 0.000000000000000000 ) ) ;
#1641 = ADVANCED_FACE ( 'NONE', ( #9248 ), #1393, .T. ) ;
#1642 = FACE_OUTER_BOUND ( 'NONE', #10044, .T. ) ;
#1643 = ADVANCED_FACE ( 'NONE', ( #3104 ), #8327, .F. ) ;
#1644 = CARTESIAN_POINT ( 'NONE',  ( -1.380560112054757926, 6.500000000000000000, 0.7744648667341184067 ) ) ;
#1645 = TOROIDAL_SURFACE ( 'NONE', #4032, 0.1699999999999999845, 0.02000000000000000042 ) ;
#1646 = DIRECTION ( 'NONE',  ( 0.7071067811865453523, -5.273559366969487158E-17, 0.7071067811865497932 ) ) ;
#1647 = ORIENTED_EDGE ( 'NONE', *, *, #7794, .T. ) ;
#1648 = CARTESIAN_POINT ( 'NONE',  ( -1.294307837705266806, 10.37827916146720142, -2.454779244514313952 ) ) ;
#1649 = DIRECTION ( 'NONE',  ( 0.000000000000000000, 0.000000000000000000, -1.000000000000000000 ) ) ;
#1650 = DIRECTION ( 'NONE',  ( -0.6042542366568462997, 0.7967915771908309353, 0.000000000000000000 ) ) ;
#1651 = AXIS2_PLACEMENT_3D ( 'NONE', #4258, #4096, #5920 ) ;
#1652 = VERTEX_POINT ( 'NONE', #7136 ) ;
#1653 = ORIENTED_EDGE ( 'NONE', *, *, #9159, .T. ) ;
#1654 = VERTEX_POINT ( 'NONE', #11319 ) ;
#1655 = PRODUCT_DEFINITION_FORMATION_WITH_SPECIFIED_SOURCE ( 'ANY', '', #8584, .NOT_KNOWN. ) ;
#1656 = DIRECTION ( 'NONE',  ( 0.000000000000000000, 0.000000000000000000, -1.000000000000000000 ) ) ;
#1657 = EDGE_CURVE ( 'NONE', #10379, #9891, #106, .T. ) ;
#1658 = EDGE_CURVE ( 'NONE', #1473, #11081, #5374, .T. ) ;
#1659 = AXIS2_PLACEMENT_3D ( 'NONE', #3481, #11106, #6980 ) ;
#1660 = CARTESIAN_POINT ( 'NONE',  ( -1.380000000000000115, 6.500000000000000000, 4.549999999999999822 ) ) ;
#1661 = CARTESIAN_POINT ( 'NONE',  ( -1.771168402671605879E-15, 6.965469875665441180, 11.17499999999999893 ) ) ;
#1662 = CARTESIAN_POINT ( 'NONE',  ( -2.580939751330914245, -4.384530124334558465, 0.1242640687119284937 ) ) ;
#1663 = CARTESIAN_POINT ( 'NONE',  ( 2.580939751330913356, -2.003873909248935270, 7.800000000000000711 ) ) ;
#1664 = ORIENTED_EDGE ( 'NONE', *, *, #2807, .T. ) ;
#1665 = AXIS2_PLACEMENT_3D ( 'NONE', #10035, #7345, #9073 ) ;
#1666 = CARTESIAN_POINT ( 'NONE',  ( 1.399999999999999467, 9.768344573749498494, 5.549999999999999822 ) ) ;
#1667 = DIRECTION ( 'NONE',  ( -0.6280440846592157955, -0.7781777610061649808, 0.000000000000000000 ) ) ;
#1668 = ORIENTED_EDGE ( 'NONE', *, *, #1132, .T. ) ;
#1669 = ORIENTED_EDGE ( 'NONE', *, *, #4304, .T. ) ;
#1670 = ORIENTED_EDGE ( 'NONE', *, *, #7905, .F. ) ;
#1671 = DIRECTION ( 'NONE',  ( -1.000000000000000000, -0.000000000000000000, 0.000000000000000000 ) ) ;
#1672 = EDGE_CURVE ( 'NONE', #8273, #9998, #1692, .T. ) ;
#1673 = LINE ( 'NONE', #6901, #1877 ) ;
#1674 = LINE ( 'NONE', #2763, #9909 ) ;
#1675 = VECTOR ( 'NONE', #6245, 1000.000000000000000 ) ;
#1676 = ORIENTED_EDGE ( 'NONE', *, *, #9450, .F. ) ;
#1677 = CYLINDRICAL_SURFACE ( 'NONE', #10237, 3.649999999999999467 ) ;
#1678 = AXIS2_PLACEMENT_3D ( 'NONE', #10528, #6172, #8013 ) ;
#1679 = FACE_OUTER_BOUND ( 'NONE', #6315, .T. ) ;
#1680 = VECTOR ( 'NONE', #3221, 1000.000000000000114 ) ;
#1681 = VERTEX_POINT ( 'NONE', #5302 ) ;
#1682 = DIRECTION ( 'NONE',  ( -0.1361444591231988355, -0.9906889957247186906, 0.000000000000000000 ) ) ;
#1683 = VERTEX_POINT ( 'NONE', #10569 ) ;
#1684 = VERTEX_POINT ( 'NONE', #7882 ) ;
#1685 = AXIS2_PLACEMENT_3D ( 'NONE', #1209, #7167, #3786 ) ;
#1686 = AXIS2_PLACEMENT_3D ( 'NONE', #1949, #6361, #2980 ) ;
#1687 = CARTESIAN_POINT ( 'NONE',  ( -4.433344562587833160, 5.951057409446828039, -2.312024219028188554 ) ) ;
#1688 = VECTOR ( 'NONE', #9201, 1000.000000000000000 ) ;
#1689 = EDGE_CURVE ( 'NONE', #11081, #8785, #7776, .T. ) ;
#1690 = CARTESIAN_POINT ( 'NONE',  ( -1.771168402671605879E-15, 6.965469875665441180, 0.000000000000000000 ) ) ;
#1691 = DIRECTION ( 'NONE',  ( -1.000000000000000000, 0.000000000000000000, 0.000000000000000000 ) ) ;
#1692 = LINE ( 'NONE', #1858, #985 ) ;
#1693 = EDGE_CURVE ( 'NONE', #6114, #9587, #3585, .T. ) ;
#1694 = VERTEX_POINT ( 'NONE', #5360 ) ;
#1695 = CARTESIAN_POINT ( 'NONE',  ( 3.412809285801760240, 8.259777713370700880, -2.454779244514317504 ) ) ;
#1696 = LINE ( 'NONE', #2617, #7945 ) ;
#1697 = PLANE ( 'NONE',  #7011 ) ;
#1698 = EDGE_LOOP ( 'NONE', ( #9305, #1472, #4761, #6078 ) ) ;
#1699 = ORIENTED_EDGE ( 'NONE', *, *, #7727, .T. ) ;
#1700 = CARTESIAN_POINT ( 'NONE',  ( 0.000000000000000000, 0.000000000000000000, 7.800000000000000711 ) ) ;
#1701 = AXIS2_PLACEMENT_3D ( 'NONE', #6929, #915, #1592 ) ;
#1702 = CARTESIAN_POINT ( 'NONE',  ( -4.763625870545998175, 3.844580505176269813, 7.800000000000000711 ) ) ;
#1703 = CIRCLE ( 'NONE', #795, 0.1700000000000000122 ) ;
#1704 = DIRECTION ( 'NONE',  ( 0.000000000000000000, 0.000000000000000000, 1.000000000000000000 ) ) ;
#1705 = VECTOR ( 'NONE', #3133, 1000.000000000000000 ) ;
#1706 = EDGE_CURVE ( 'NONE', #6270, #6022, #8865, .T. ) ;
#1707 = DIRECTION ( 'NONE',  ( 0.000000000000000000, 0.000000000000000000, -1.000000000000000000 ) ) ;
#1708 = VECTOR ( 'NONE', #631, 1000.000000000000000 ) ;
#1709 = DIRECTION ( 'NONE',  ( 0.8780328119034572776, 0.4786004400550714633, -0.000000000000000000 ) ) ;
#1710 = EDGE_LOOP ( 'NONE', ( #2859, #1437, #2913, #7735 ) ) ;
#1711 = LINE ( 'NONE', #3377, #10034 ) ;
#1712 = DIRECTION ( 'NONE',  ( -3.564834783817980988E-15, -0.9863939238321415282, -0.1643989873053704753 ) ) ;
#1713 = VECTOR ( 'NONE', #7662, 1000.000000000000114 ) ;
#1714 = CARTESIAN_POINT ( 'NONE',  ( 1.294339706053165839, 12.63813439878883216, -2.457261515329064672 ) ) ;
#1715 = VERTEX_POINT ( 'NONE', #8693 ) ;
#1716 = EDGE_CURVE ( 'NONE', #2265, #5583, #7085, .T. ) ;
#1717 = ORIENTED_EDGE ( 'NONE', *, *, #7841, .T. ) ;
#1718 = AXIS2_PLACEMENT_3D ( 'NONE', #2149, #2788, #2902 ) ;
#1719 = AXIS2_PLACEMENT_3D ( 'NONE', #6452, #11028, #3816 ) ;
#1720 = DIRECTION ( 'NONE',  ( 0.6280440846592214577, 0.7781777610061602068, 0.000000000000000000 ) ) ;
#1721 = CARTESIAN_POINT ( 'NONE',  ( 1.173279993932573539, 12.43117126193364186, 11.17499999999999893 ) ) ;
#1722 = CARTESIAN_POINT ( 'NONE',  ( -2.580939751330912024, 9.546409626996327447, 0.000000000000000000 ) ) ;
#1723 = CARTESIAN_POINT ( 'NONE',  ( -2.501810091522912671, 9.623184357312055681, -2.613951291675116195 ) ) ;
#1724 = ORIENTED_EDGE ( 'NONE', *, *, #3324, .T. ) ;
#1725 = VECTOR ( 'NONE', #3568, 1000.000000000000000 ) ;
#1726 = DIRECTION ( 'NONE',  ( 0.000000000000000000, 0.000000000000000000, 1.000000000000000000 ) ) ;
#1727 = CARTESIAN_POINT ( 'NONE',  ( 1.098581491038425728, 0.6205207517233434222, 3.675000000000000266 ) ) ;
#1728 = ORIENTED_EDGE ( 'NONE', *, *, #5893, .F. ) ;
#1729 = ADVANCED_FACE ( 'NONE', ( #3529 ), #7023, .T. ) ;
#1730 = ORIENTED_EDGE ( 'NONE', *, *, #3542, .F. ) ;
#1731 = DIRECTION ( 'NONE',  ( 0.000000000000000000, 1.000000000000000000, -0.000000000000000000 ) ) ;
#1732 = EDGE_CURVE ( 'NONE', #5598, #4450, #4333, .T. ) ;
#1733 = VECTOR ( 'NONE', #3105, 1000.000000000000000 ) ;
#1734 = VERTEX_POINT ( 'NONE', #2779 ) ;
#1735 = CARTESIAN_POINT ( 'NONE',  ( -5.465701386268203343, 8.138749869597994291, 3.675000000000000266 ) ) ;
#1736 = CARTESIAN_POINT ( 'NONE',  ( -1.007663994480476388, 12.46411433246060341, 0.000000000000000000 ) ) ;
#1737 = CARTESIAN_POINT ( 'NONE',  ( 1.379999999999999671, 8.631655426250503638, 4.400000000000000355 ) ) ;
#1738 = CARTESIAN_POINT ( 'NONE',  ( 2.657714481646626936, 9.467279967188336087, 3.675000000000000266 ) ) ;
#1739 = CARTESIAN_POINT ( 'NONE',  ( 1.379999999999999671, 12.34999999999999964, -4.343903740188082452 ) ) ;
#1740 = ORIENTED_EDGE ( 'NONE', *, *, #7665, .T. ) ;
#1741 = CARTESIAN_POINT ( 'NONE',  ( 0.000000000000000000, 8.000000000000000000, 0.000000000000000000 ) ) ;
#1742 = ORIENTED_EDGE ( 'NONE', *, *, #1486, .T. ) ;
#1743 = ADVANCED_FACE ( 'NONE', ( #6107 ), #482, .T. ) ;
#1744 = ORIENTED_EDGE ( 'NONE', *, *, #1900, .F. ) ;
#1745 = VECTOR ( 'NONE', #10998, 1000.000000000000000 ) ;
#1746 = DIRECTION ( 'NONE',  ( -1.000000000000000000, -2.168404344971008252E-17, 8.673617379884035472E-17 ) ) ;
#1747 = CARTESIAN_POINT ( 'NONE',  ( 1.399999999999999689, 9.670245855868246920, -5.485303232940223594 ) ) ;
#1748 = DIRECTION ( 'NONE',  ( 0.000000000000000000, 0.000000000000000000, 1.000000000000000000 ) ) ;
#1749 = CARTESIAN_POINT ( 'NONE',  ( -2.179449471770337432, 8.000000000000000000, 4.999999999999999112 ) ) ;
#1750 = ORIENTED_EDGE ( 'NONE', *, *, #4873, .T. ) ;
#1751 = DIRECTION ( 'NONE',  ( -0.1361444591231978363, -0.9906889957247189127, 0.000000000000000000 ) ) ;
#1752 = DIRECTION ( 'NONE',  ( 0.000000000000000000, 0.000000000000000000, -1.000000000000000000 ) ) ;
#1753 = AXIS2_PLACEMENT_3D ( 'NONE', #895, #9700, #5468 ) ;
#1754 = DIRECTION ( 'NONE',  ( -0.000000000000000000, 1.000000000000000000, -0.000000000000000000 ) ) ;
#1755 = ORIENTED_EDGE ( 'NONE', *, *, #1503, .F. ) ;
#1756 = VERTEX_POINT ( 'NONE', #6277 ) ;
#1757 = ADVANCED_FACE ( 'NONE', ( #9598 ), #7028, .T. ) ;
#1758 = CARTESIAN_POINT ( 'NONE',  ( -0.9207303298070211861, 8.623988536384672443, 7.800000000000000711 ) ) ;
#1759 = EDGE_CURVE ( 'NONE', #3292, #10687, #4444, .T. ) ;
#1760 = VECTOR ( 'NONE', #1954, 1000.000000000000114 ) ;
#1761 = DIRECTION ( 'NONE',  ( 0.000000000000000000, 0.000000000000000000, -1.000000000000000000 ) ) ;
#1762 = LINE ( 'NONE', #4457, #6292 ) ;
#1763 = LINE ( 'NONE', #914, #6673 ) ;
#1764 = ORIENTED_EDGE ( 'NONE', *, *, #10787, .F. ) ;
#1765 = LINE ( 'NONE', #124, #1078 ) ;
#1766 = CARTESIAN_POINT ( 'NONE',  ( 1.650000000000000355, 6.965469875665441180, 3.675000000000000266 ) ) ;
#1767 = LINE ( 'NONE', #7848, #3727 ) ;
#1768 = EDGE_CURVE ( 'NONE', #10631, #10748, #10518, .T. ) ;
#1769 = EDGE_LOOP ( 'NONE', ( #6489, #2669, #6178 ) ) ;
#1770 = EDGE_CURVE ( 'NONE', #6030, #10169, #5954, .T. ) ;
#1771 =( BOUNDED_CURVE ( )  B_SPLINE_CURVE ( 3, ( #9571, #4478, #3672, #9628 ),
 .UNSPECIFIED., .F., .F. ) 
 B_SPLINE_CURVE_WITH_KNOTS ( ( 4, 4 ),
 ( 2.836899999574395981, 3.446285307605190251 ),
 .UNSPECIFIED. ) 
 CURVE ( )  GEOMETRIC_REPRESENTATION_ITEM ( )  RATIONAL_B_SPLINE_CURVE ( ( 1.000000000000000000, 0.9692928009446305504, 0.9692928009446305504, 1.000000000000000000 ) ) 
 REPRESENTATION_ITEM ( '' )  );
#1772 = EDGE_CURVE ( 'NONE', #5767, #6501, #5422, .T. ) ;
#1773 = VERTEX_POINT ( 'NONE', #3418 ) ;
#1774 = CARTESIAN_POINT ( 'NONE',  ( -2.580939751330912024, 9.546409626996325670, 7.800000000000000711 ) ) ;
#1775 = EDGE_CURVE ( 'NONE', #5319, #3010, #8800, .T. ) ;
#1776 = DIRECTION ( 'NONE',  ( 0.000000000000000000, 0.000000000000000000, 1.000000000000000000 ) ) ;
#1777 = CARTESIAN_POINT ( 'NONE',  ( 3.262446522120524772, 1.546643593403177031, -6.919607353035441832 ) ) ;
#1778 = VERTEX_POINT ( 'NONE', #7606 ) ;
#1779 = DIRECTION ( 'NONE',  ( -1.000000000000000000, 0.000000000000000000, -0.000000000000000000 ) ) ;
#1780 = DIRECTION ( 'NONE',  ( -0.000000000000000000, -0.000000000000000000, -1.000000000000000000 ) ) ;
#1781 = ORIENTED_EDGE ( 'NONE', *, *, #9069, .T. ) ;
#1782 = EDGE_LOOP ( 'NONE', ( #3240, #8403, #10206, #1244, #6952, #2803, #9009, #8922, #993, #6855, #8160, #2529, #8944, #4558, #7290, #9207, #7117, #11238, #1201, #6656, #5806, #1058, #11075, #9068, #2835, #856, #4791, #4623, #10149, #10945, #4856, #6517, #1664, #2163, #2615, #5508, #10341, #3267, #3805, #10874 ) ) ;
#1783 = CARTESIAN_POINT ( 'NONE',  ( -1.399999999999999689, 6.500000000000000000, 0.8398232385305505199 ) ) ;
#1784 = ORIENTED_EDGE ( 'NONE', *, *, #3222, .F. ) ;
#1785 = AXIS2_PLACEMENT_3D ( 'NONE', #10045, #4892, #2187 ) ;
#1786 = CARTESIAN_POINT ( 'NONE',  ( -1.400000000000000133, 8.631655426250503638, 4.379999999999999893 ) ) ;
#1787 = DIRECTION ( 'NONE',  ( 0.000000000000000000, 0.000000000000000000, -1.000000000000000000 ) ) ;
#1788 = EDGE_CURVE ( 'NONE', #8215, #9130, #566, .T. ) ;
#1789 = CARTESIAN_POINT ( 'NONE',  ( 0.000000000000000000, 1.499999999999999556, 0.000000000000000000 ) ) ;
#1790 = CARTESIAN_POINT ( 'NONE',  ( 0.1102410514732330010, 10.61380468905223751, 7.800000000000000711 ) ) ;
#1791 = EDGE_LOOP ( 'NONE', ( #2138, #5227, #6195, #5764 ) ) ;
#1792 = AXIS2_PLACEMENT_3D ( 'NONE', #7687, #9455, #8602 ) ;
#1793 = DIRECTION ( 'NONE',  ( -1.000000000000000000, -2.168404344971008252E-17, 8.673617379884035472E-17 ) ) ;
#1794 = ORIENTED_EDGE ( 'NONE', *, *, #7917, .T. ) ;
#1795 = ORIENTED_EDGE ( 'NONE', *, *, #6005, .F. ) ;
#1796 = CARTESIAN_POINT ( 'NONE',  ( 0.000000000000000000, 0.000000000000000000, 11.17499999999999893 ) ) ;
#1797 = AXIS2_PLACEMENT_3D ( 'NONE', #4745, #1941, #2973 ) ;
#1798 = DIRECTION ( 'NONE',  ( 0.000000000000000000, 0.000000000000000000, 1.000000000000000000 ) ) ;
#1799 = CARTESIAN_POINT ( 'NONE',  ( -1.030666926558653025E-16, 6.965469875665441180, 15.29999999999999893 ) ) ;
#1800 = DIRECTION ( 'NONE',  ( -0.4786004400550714633, 0.8780328119034572776, 0.000000000000000000 ) ) ;
#1801 = EDGE_CURVE ( 'NONE', #8671, #8932, #8406, .T. ) ;
#1802 = ORIENTED_EDGE ( 'NONE', *, *, #11249, .T. ) ;
#1803 = LINE ( 'NONE', #6337, #10968 ) ;
#1804 = CARTESIAN_POINT ( 'NONE',  ( 4.433344562587839377, 1.500000000000000444, -2.312024219028174343 ) ) ;
#1805 = LINE ( 'NONE', #111, #9945 ) ;
#1806 = ORIENTED_EDGE ( 'NONE', *, *, #11264, .T. ) ;
#1807 = ORIENTED_EDGE ( 'NONE', *, *, #4552, .F. ) ;
#1808 = DIRECTION ( 'NONE',  ( -0.000000000000000000, 0.000000000000000000, 1.000000000000000000 ) ) ;
#1809 = CARTESIAN_POINT ( 'NONE',  ( -2.179449471770337432, 7.499999999999998224, -4.500000000000000000 ) ) ;
#1810 = AXIS2_PLACEMENT_3D ( 'NONE', #3868, #2199, #1351 ) ;
#1811 = CARTESIAN_POINT ( 'NONE',  ( 0.000000000000000000, 7.500000000000000000, 0.000000000000000000 ) ) ;
#1812 = CARTESIAN_POINT ( 'NONE',  ( 3.956290731841337838, 2.373921791567575657, 3.226782805549678557 ) ) ;
#1813 = EDGE_CURVE ( 'NONE', #9867, #4933, #9324, .T. ) ;
#1814 = FACE_OUTER_BOUND ( 'NONE', #2309, .T. ) ;
#1815 = DIRECTION ( 'NONE',  ( 1.000000000000000000, -0.000000000000000000, 0.000000000000000000 ) ) ;
#1816 = VECTOR ( 'NONE', #8044, 1000.000000000000000 ) ;
#1817 = EDGE_LOOP ( 'NONE', ( #5901, #2271, #10460, #24 ) ) ;
#1818 = LINE ( 'NONE', #5209, #10586 ) ;
#1819 = DIRECTION ( 'NONE',  ( -0.000000000000000000, -1.000000000000000000, -0.000000000000000000 ) ) ;
#1820 = FACE_OUTER_BOUND ( 'NONE', #5738, .T. ) ;
#1821 = VERTEX_POINT ( 'NONE', #11098 ) ;
#1822 = VERTEX_POINT ( 'NONE', #8632 ) ;
#1823 = DIRECTION ( 'NONE',  ( 1.000000000000000000, 0.000000000000000000, 0.000000000000000000 ) ) ;
#1824 = VECTOR ( 'NONE', #1250, 1000.000000000000000 ) ;
#1825 = EDGE_CURVE ( 'NONE', #9157, #9165, #1527, .T. ) ;
#1826 = CARTESIAN_POINT ( 'NONE',  ( 2.594966336091572678, 7.399282554998224626, -2.613951291675112643 ) ) ;
#1827 = DIRECTION ( 'NONE',  ( -0.9673775151489839574, -0.2533391860415146191, 0.000000000000000000 ) ) ;
#1828 = EDGE_CURVE ( 'NONE', #2609, #5530, #9378, .T. ) ;
#1829 = CARTESIAN_POINT ( 'NONE',  ( 1.379999999999999671, 0.000000000000000000, -5.530000000000000249 ) ) ;
#1830 = CARTESIAN_POINT ( 'NONE',  ( 7.279416985118927208, 3.101558808504984110, 2.352227884582229311 ) ) ;
#1831 = DIRECTION ( 'NONE',  ( -1.000000000000000000, -1.680321552529715921E-16, -0.000000000000000000 ) ) ;
#1832 = LINE ( 'NONE', #3618, #8476 ) ;
#1833 = ORIENTED_EDGE ( 'NONE', *, *, #8827, .F. ) ;
#1834 =( GEOMETRIC_REPRESENTATION_CONTEXT ( 3 ) GLOBAL_UNCERTAINTY_ASSIGNED_CONTEXT ( ( #9993 ) ) GLOBAL_UNIT_ASSIGNED_CONTEXT ( ( #7255, #5358, #3863 ) ) REPRESENTATION_CONTEXT ( 'NONE', 'WORKASPACE' ) );
#1835 = ORIENTED_EDGE ( 'NONE', *, *, #386, .F. ) ;
#1836 = CARTESIAN_POINT ( 'NONE',  ( 1.379999999999999671, 0.000000000000000000, 4.400000000000000355 ) ) ;
#1837 = ORIENTED_EDGE ( 'NONE', *, *, #4896, .F. ) ;
#1838 = VECTOR ( 'NONE', #10170, 1000.000000000000000 ) ;
#1839 = LINE ( 'NONE', #8041, #942 ) ;
#1840 = CARTESIAN_POINT ( 'NONE',  ( -2.435362535369392845, 8.000000000000000000, 7.252000366886310445 ) ) ;
#1841 = CARTESIAN_POINT ( 'NONE',  ( -1.771168402671605879E-15, 6.965469875665441180, 15.29999999999999893 ) ) ;
#1842 = AXIS2_PLACEMENT_3D ( 'NONE', #10369, #1136, #1656 ) ;
#1843 = EDGE_CURVE ( 'NONE', #2605, #8685, #11261, .T. ) ;
#1844 = CARTESIAN_POINT ( 'NONE',  ( -5.736181009075441040, 5.990449107840077225, -2.454779244514313952 ) ) ;
#1845 = CARTESIAN_POINT ( 'NONE',  ( 2.435362535369389292, 3.000000000000000000, -7.252000366886311333 ) ) ;
#1846 = ORIENTED_EDGE ( 'NONE', *, *, #470, .F. ) ;
#1848 = DIRECTION ( 'NONE',  ( 0.000000000000000000, 8.673617379884030542E-17, -1.000000000000000000 ) ) ;
#1847 = VECTOR ( 'NONE', #5832, 1000.000000000000227 ) ;
#1849 = ORIENTED_EDGE ( 'NONE', *, *, #7569, .F. ) ;
#1850 = ORIENTED_EDGE ( 'NONE', *, *, #5447, .T. ) ;
#1851 = EDGE_CURVE ( 'NONE', #4160, #2464, #3248, .T. ) ;
#1852 = FACE_BOUND ( 'NONE', #2334, .T. ) ;
#1853 = AXIS2_PLACEMENT_3D ( 'NONE', #5560, #5448, #6416 ) ;
#1855 = AXIS2_PLACEMENT_3D ( 'NONE', #6630, #3944, #5656 ) ;
#1854 = SHAPE_REPRESENTATION_RELATIONSHIP ( 'NONE' , 'NONE' ,  #3754, #7590 ) ;
#1856 = VECTOR ( 'NONE', #3851, 1000.000000000000000 ) ;
#1857 = CARTESIAN_POINT ( 'NONE',  ( -1.088609894901982011, 0.6042532376681476469, 11.17499999999999893 ) ) ;
#1858 = CARTESIAN_POINT ( 'NONE',  ( -0.1126976677028354579, 9.897275056344248867, -1.741077270331109261 ) ) ;
#1859 = ORIENTED_EDGE ( 'NONE', *, *, #1357, .T. ) ;
#1860 = CARTESIAN_POINT ( 'NONE',  ( -1.771168402671605879E-15, 6.965469875665441180, 15.29999999999999893 ) ) ;
#1861 = DIRECTION ( 'NONE',  ( -1.000000000000000000, -0.000000000000000000, -0.000000000000000000 ) ) ;
#1862 = CARTESIAN_POINT ( 'NONE',  ( 1.399999999999999689, 6.500000000000000000, 4.483107698211994396 ) ) ;
#1863 = ORIENTED_EDGE ( 'NONE', *, *, #5462, .T. ) ;
#1864 = ORIENTED_EDGE ( 'NONE', *, *, #1628, .T. ) ;
#1865 = DIRECTION ( 'NONE',  ( 0.000000000000000000, -1.000000000000000000, 0.000000000000000000 ) ) ;
#1866 = VECTOR ( 'NONE', #10080, 1000.000000000000114 ) ;
#1867 = LINE ( 'NONE', #1702, #635 ) ;
#1868 = ORIENTED_EDGE ( 'NONE', *, *, #10284, .F. ) ;
#1869 = AXIS2_PLACEMENT_3D ( 'NONE', #8325, #6602, #538 ) ;
#1870 = EDGE_CURVE ( 'NONE', #721, #10859, #5071, .T. ) ;
#1872 = EDGE_CURVE ( 'NONE', #11306, #1438, #3359, .T. ) ;
#1871 = VECTOR ( 'NONE', #3469, 1000.000000000000114 ) ;
#1873 = DIRECTION ( 'NONE',  ( 0.000000000000000000, 0.000000000000000000, 1.000000000000000000 ) ) ;
#1874 = CARTESIAN_POINT ( 'NONE',  ( -1.380000000000000115, 9.768344573749500270, -5.549999999999999822 ) ) ;
#1875 = LINE ( 'NONE', #5376, #9952 ) ;
#1876 = CARTESIAN_POINT ( 'NONE',  ( 0.000000000000000000, 6.625340151904196340, -0.9208900253173660788 ) ) ;
#1877 = VECTOR ( 'NONE', #1787, 1000.000000000000000 ) ;
#1878 = EDGE_LOOP ( 'NONE', ( #3877, #7450, #8270, #10743 ) ) ;
#1879 = DIRECTION ( 'NONE',  ( 0.000000000000000000, 0.000000000000000000, 1.000000000000000000 ) ) ;
#1880 = FACE_OUTER_BOUND ( 'NONE', #7566, .T. ) ;
#1881 = CYLINDRICAL_SURFACE ( 'NONE', #8487, 0.02000000000000005246 ) ;
#1882 = ORIENTED_EDGE ( 'NONE', *, *, #9884, .F. ) ;
#1883 = ADVANCED_FACE ( 'NONE', ( #10399 ), #1633, .T. ) ;
#1884 = ORIENTED_EDGE ( 'NONE', *, *, #10021, .T. ) ;
#1885 = AXIS2_PLACEMENT_3D ( 'NONE', #1028, #3776, #1139 ) ;
#1886 = DIRECTION ( 'NONE',  ( -0.1061605406293864157, 0.9943490029226541571, 0.000000000000000000 ) ) ;
#1887 = VECTOR ( 'NONE', #1266, 1000.000000000000000 ) ;
#1888 = LINE ( 'NONE', #2525, #407 ) ;
#1889 = CARTESIAN_POINT ( 'NONE',  ( 4.600654826388331564, 3.789867136586406282, 0.000000000000000000 ) ) ;
#1890 = AXIS2_PLACEMENT_3D ( 'NONE', #1990, #119, #8071 ) ;
#1891 = ORIENTED_EDGE ( 'NONE', *, *, #1272, .F. ) ;
#1892 = CARTESIAN_POINT ( 'NONE',  ( 3.405877273185284881, 1.699999999999999734, -6.849999999999998757 ) ) ;
#1893 = CARTESIAN_POINT ( 'NONE',  ( -1.379999999999999671, 6.649999999999999467, -0.7729309367425445387 ) ) ;
#1894 = DIRECTION ( 'NONE',  ( 0.000000000000000000, 0.000000000000000000, -1.000000000000000000 ) ) ;
#1895 = DIRECTION ( 'NONE',  ( -0.7967915771908288258, -0.6042542366568491863, 0.000000000000000000 ) ) ;
#1896 = AXIS2_PLACEMENT_3D ( 'NONE', #3638, #7943, #1748 ) ;
#1897 = ORIENTED_EDGE ( 'NONE', *, *, #8844, .F. ) ;
#1898 = ORIENTED_EDGE ( 'NONE', *, *, #5181, .T. ) ;
#1899 = LINE ( 'NONE', #191, #2452 ) ;
#1900 = EDGE_CURVE ( 'NONE', #6920, #8967, #3417, .T. ) ;
#1901 = ADVANCED_FACE ( 'NONE', ( #6914 ), #3195, .T. ) ;
#1902 = ORIENTED_EDGE ( 'NONE', *, *, #1770, .T. ) ;
#1903 = AXIS2_PLACEMENT_3D ( 'NONE', #7548, #11041, #3196 ) ;
#1904 = EDGE_CURVE ( 'NONE', #10495, #767, #10294, .T. ) ;
#1905 = DIRECTION ( 'NONE',  ( 0.000000000000000000, 0.000000000000000000, 1.000000000000000000 ) ) ;
#1906 = VECTOR ( 'NONE', #3479, 1000.000000000000000 ) ;
#1907 = DIRECTION ( 'NONE',  ( 0.000000000000000000, 0.000000000000000000, 1.000000000000000000 ) ) ;
#1908 = LINE ( 'NONE', #3684, #3326 ) ;
#1909 = LINE ( 'NONE', #9584, #5484 ) ;
#1910 = CARTESIAN_POINT ( 'NONE',  ( 3.412809285801764236, 8.259777713370697327, 0.000000000000000000 ) ) ;
#1911 = AXIS2_PLACEMENT_3D ( 'NONE', #2093, #9033, #444 ) ;
#1912 = ORIENTED_EDGE ( 'NONE', *, *, #9272, .T. ) ;
#1913 = PLANE ( 'NONE',  #9082 ) ;
#1914 = ORIENTED_EDGE ( 'NONE', *, *, #8789, .F. ) ;
#1915 = EDGE_CURVE ( 'NONE', #5606, #2308, #104, .T. ) ;
#1916 = EDGE_LOOP ( 'NONE', ( #5932, #7086, #6425, #10031, #5118, #922, #4170, #140 ) ) ;
#1917 = EDGE_CURVE ( 'NONE', #5333, #5563, #8521, .T. ) ;
#1918 = DIRECTION ( 'NONE',  ( 0.6280440846592187931, 0.7781777610061624273, -0.000000000000000000 ) ) ;
#1919 = AXIS2_PLACEMENT_3D ( 'NONE', #5455, #11295, #4532 ) ;
#1920 = CARTESIAN_POINT ( 'NONE',  ( 2.280939751330912202, 4.384530124334557577, 0.2999999999999999334 ) ) ;
#1921 = CARTESIAN_POINT ( 'NONE',  ( 1.379999999999999671, 11.43165542625050612, -5.530000000000000249 ) ) ;
#1922 = ORIENTED_EDGE ( 'NONE', *, *, #1801, .T. ) ;
#1923 = FACE_BOUND ( 'NONE', #9930, .T. ) ;
#1924 = CARTESIAN_POINT ( 'NONE',  ( 1.173279993932565768, 12.43117126193364186, 3.675000000000000266 ) ) ;
#1925 = DIRECTION ( 'NONE',  ( 0.000000000000000000, 0.000000000000000000, 1.000000000000000000 ) ) ;
#1926 = EDGE_CURVE ( 'NONE', #10561, #8227, #7365, .T. ) ;
#1927 = ORIENTED_EDGE ( 'NONE', *, *, #2805, .F. ) ;
#1928 = ORIENTED_EDGE ( 'NONE', *, *, #2839, .F. ) ;
#1929 = DIRECTION ( 'NONE',  ( 0.000000000000000000, 0.000000000000000000, 1.000000000000000000 ) ) ;
#1930 = LINE ( 'NONE', #9039, #3190 ) ;
#1931 = ORIENTED_EDGE ( 'NONE', *, *, #3098, .F. ) ;
#1932 = VECTOR ( 'NONE', #9481, 1000.000000000000114 ) ;
#1933 = CARTESIAN_POINT ( 'NONE',  ( -1.380000000000000115, 11.43165542625050612, -5.400000000000000355 ) ) ;
#1934 = DIRECTION ( 'NONE',  ( 0.000000000000000000, -0.7546055221635044052, -0.6561787149247869655 ) ) ;
#1935 = AXIS2_PLACEMENT_3D ( 'NONE', #9036, #1191, #6933 ) ;
#1936 = CARTESIAN_POINT ( 'NONE',  ( -1.400000000000000133, 6.500000000000000000, 4.469999999999999751 ) ) ;
#1937 = LINE ( 'NONE', #5438, #469 ) ;
#1938 = LINE ( 'NONE', #1876, #435 ) ;
#1939 = EDGE_CURVE ( 'NONE', #8040, #8031, #7660, .T. ) ;
#1940 = ORIENTED_EDGE ( 'NONE', *, *, #5447, .F. ) ;
#1941 = DIRECTION ( 'NONE',  ( 0.1061605406293829462, -0.9943490029226544902, 0.000000000000000000 ) ) ;
#1942 = DIRECTION ( 'NONE',  ( 0.000000000000000000, 0.000000000000000000, 1.000000000000000000 ) ) ;
#1943 = VERTEX_POINT ( 'NONE', #6797 ) ;
#1944 = AXIS2_PLACEMENT_3D ( 'NONE', #2606, #3462, #10449 ) ;
#1945 = ORIENTED_EDGE ( 'NONE', *, *, #551, .T. ) ;
#1946 = DIRECTION ( 'NONE',  ( 0.7071067811865473507, 5.551115123125781470E-17, -0.7071067811865477948 ) ) ;
#1947 = VECTOR ( 'NONE', #135, 1000.000000000000000 ) ;
#1948 = CARTESIAN_POINT ( 'NONE',  ( -1.771168402671605879E-15, 6.965469875665441180, 7.800000000000000711 ) ) ;
#1949 = CARTESIAN_POINT ( 'NONE',  ( -1.771168402671605879E-15, 6.965469875665441180, 0.000000000000000000 ) ) ;
#1950 = ORIENTED_EDGE ( 'NONE', *, *, #6889, .F. ) ;
#1951 = ADVANCED_FACE ( 'NONE', ( #2440 ), #5939, .T. ) ;
#1952 = ORIENTED_EDGE ( 'NONE', *, *, #5486, .F. ) ;
#1953 = CARTESIAN_POINT ( 'NONE',  ( 0.000000000000000000, 12.46319082832452629, 4.442330547426800003 ) ) ;
#1954 = DIRECTION ( 'NONE',  ( -0.6936187941687647074, 0.000000000000000000, 0.7203422578024065714 ) ) ;
#1955 = DIRECTION ( 'NONE',  ( 0.000000000000000000, 0.000000000000000000, 1.000000000000000000 ) ) ;
#1956 = DIRECTION ( 'NONE',  ( -1.000000000000000000, -0.000000000000000000, -0.000000000000000000 ) ) ;
#1957 = VERTEX_POINT ( 'NONE', #8054 ) ;
#1958 = ORIENTED_EDGE ( 'NONE', *, *, #4164, .T. ) ;
#1959 = ORIENTED_EDGE ( 'NONE', *, *, #799, .F. ) ;
#1960 = CARTESIAN_POINT ( 'NONE',  ( 2.380630087592832123, 8.085578849045335303, 11.17499999999999893 ) ) ;
#1961 = DIRECTION ( 'NONE',  ( -0.000000000000000000, 0.000000000000000000, 1.000000000000000000 ) ) ;
#1962 = DIRECTION ( 'NONE',  ( -0.5049013445390018173, -0.8631770573194749163, 0.000000000000000000 ) ) ;
#1963 = ADVANCED_FACE ( 'NONE', ( #7135 ), #239, .T. ) ;
#1964 = ORIENTED_EDGE ( 'NONE', *, *, #5766, .F. ) ;
#1965 = CARTESIAN_POINT ( 'NONE',  ( -1.380000000000000115, 8.631655426250503638, -4.379999999999998117 ) ) ;
#1966 = CARTESIAN_POINT ( 'NONE',  ( 2.580939751330914245, -2.084296772316889257, 15.17573593128807197 ) ) ;
#1967 = ORIENTED_EDGE ( 'NONE', *, *, #2407, .T. ) ;
#1968 = DIRECTION ( 'NONE',  ( 4.945579762210228717E-17, -1.000000000000000000, 0.000000000000000000 ) ) ;
#1969 = EDGE_CURVE ( 'NONE', #6648, #4544, #8864, .T. ) ;
#1970 = ORIENTED_EDGE ( 'NONE', *, *, #3172, .T. ) ;
#1971 = VECTOR ( 'NONE', #10268, 1000.000000000000000 ) ;
#1972 = VERTEX_POINT ( 'NONE', #8692 ) ;
#1973 = DIRECTION ( 'NONE',  ( 0.000000000000000000, 0.000000000000000000, -1.000000000000000000 ) ) ;
#1974 = FACE_OUTER_BOUND ( 'NONE', #7600, .T. ) ;
#1975 = CARTESIAN_POINT ( 'NONE',  ( 0.000000000000000000, 8.000000000000000000, 0.000000000000000000 ) ) ;
#1976 = AXIS2_PLACEMENT_3D ( 'NONE', #1264, #10771, #2872 ) ;
#1977 = ORIENTED_EDGE ( 'NONE', *, *, #4188, .F. ) ;
#1979 = ADVANCED_FACE ( 'NONE', ( #46 ), #9773, .T. ) ;
#1978 = FACE_OUTER_BOUND ( 'NONE', #6910, .T. ) ;
#1980 = LINE ( 'NONE', #4620, #5562 ) ;
#1981 = ORIENTED_EDGE ( 'NONE', *, *, #8844, .T. ) ;
#1982 = EDGE_CURVE ( 'NONE', #7655, #725, #11318, .T. ) ;
#1983 = ORIENTED_EDGE ( 'NONE', *, *, #8921, .T. ) ;
#1984 = CARTESIAN_POINT ( 'NONE',  ( 1.399999999999999689, 6.500000000000000000, -4.400000000000000355 ) ) ;
#1985 = DIRECTION ( 'NONE',  ( -0.000000000000000000, -0.000000000000000000, -1.000000000000000000 ) ) ;
#1986 = ORIENTED_EDGE ( 'NONE', *, *, #6038, .F. ) ;
#1987 = VECTOR ( 'NONE', #11279, 1000.000000000000114 ) ;
#1988 = DIRECTION ( 'NONE',  ( 0.7071067811865403563, -1.082467449009526616E-16, 0.7071067811865547892 ) ) ;
#1989 = PLANE ( 'NONE',  #4212 ) ;
#1990 = CARTESIAN_POINT ( 'NONE',  ( -1.030666926558653025E-16, 6.965469875665441180, 15.29999999999999893 ) ) ;
#1991 = DIRECTION ( 'NONE',  ( 0.000000000000000000, 0.000000000000000000, 1.000000000000000000 ) ) ;
#1992 = DIRECTION ( 'NONE',  ( 0.7071067811865401342, 0.000000000000000000, 0.7071067811865550112 ) ) ;
#1993 = ORIENTED_EDGE ( 'NONE', *, *, #3242, .T. ) ;
#1994 = EDGE_CURVE ( 'NONE', #5333, #10446, #2667, .T. ) ;
#1995 = VERTEX_POINT ( 'NONE', #10623 ) ;
#1996 = CARTESIAN_POINT ( 'NONE',  ( 2.280939751330912646, 4.472858868585461778, 0.000000000000000000 ) ) ;
#1997 = CARTESIAN_POINT ( 'NONE',  ( 4.433344562587834048, 2.048942590553171961, 2.312024219028189886 ) ) ;
#1998 = ORIENTED_EDGE ( 'NONE', *, *, #7303, .T. ) ;
#1999 = ORIENTED_EDGE ( 'NONE', *, *, #8050, .F. ) ;
#2000 = EDGE_CURVE ( 'NONE', #3524, #1943, #4556, .T. ) ;
#2001 = CARTESIAN_POINT ( 'NONE',  ( -1.030666926558653025E-16, 6.965469875665441180, 0.000000000000000000 ) ) ;
#2002 = AXIS2_PLACEMENT_3D ( 'NONE', #328, #3815, #9941 ) ;
#2003 = CARTESIAN_POINT ( 'NONE',  ( 0.000000000000000000, 3.000000000000000000, 0.000000000000000000 ) ) ;
#2004 = FACE_OUTER_BOUND ( 'NONE', #2126, .T. ) ;
#2005 = ORIENTED_EDGE ( 'NONE', *, *, #9492, .T. ) ;
#2006 = CARTESIAN_POINT ( 'NONE',  ( -3.328434437871129692, 8.463476615568003680, -2.625562286609690599 ) ) ;
#2007 = CARTESIAN_POINT ( 'NONE',  ( -1.400000000000000133, 11.43165542625050790, 5.530000000000000249 ) ) ;
#2008 = CARTESIAN_POINT ( 'NONE',  ( 5.736181009075449033, 7.940490643490765166, -2.454779244514313952 ) ) ;
#2009 = DIRECTION ( 'NONE',  ( -0.000000000000000000, 0.000000000000000000, 1.000000000000000000 ) ) ;
#2010 = VERTEX_POINT ( 'NONE', #4332 ) ;
#2011 = ORIENTED_EDGE ( 'NONE', *, *, #632, .T. ) ;
#2012 = EDGE_LOOP ( 'NONE', ( #4376, #4321, #10063, #3477 ) ) ;
#2013 = AXIS2_PLACEMENT_3D ( 'NONE', #6213, #6275, #5420 ) ;
#2014 = ADVANCED_FACE ( 'NONE', ( #209 ), #5301, .T. ) ;
#2015 = ADVANCED_FACE ( 'NONE', ( #7027 ), #9597, .T. ) ;
#2016 = DIRECTION ( 'NONE',  ( 8.673617379884030542E-17, 1.000000000000000000, 8.673617379884030542E-17 ) ) ;
#2017 = DIRECTION ( 'NONE',  ( 1.000000000000000000, 0.000000000000000000, 0.000000000000000000 ) ) ;
#2018 = CARTESIAN_POINT ( 'NONE',  ( -1.771168402671605879E-15, 6.965469875665441180, 15.29999999999999893 ) ) ;
#2019 = CARTESIAN_POINT ( 'NONE',  ( 3.372160293666184305, 8.362264403798045365, 7.800000000000000711 ) ) ;
#2020 = DIRECTION ( 'NONE',  ( -0.7071067811865563435, 0.000000000000000000, 0.7071067811865388020 ) ) ;
#2021 = PRODUCT_DEFINITION_SHAPE ( 'NONE', 'NONE',  #9666 ) ;
#2022 = VERTEX_POINT ( 'NONE', #6106 ) ;
#2023 = CARTESIAN_POINT ( 'NONE',  ( 1.379999999999999671, 0.000000000000000000, 4.379999999999999893 ) ) ;
#2024 = ORIENTED_EDGE ( 'NONE', *, *, #2559, .T. ) ;
#2025 = CIRCLE ( 'NONE', #3859, 3.649999999999999467 ) ;
#2026 = ORIENTED_EDGE ( 'NONE', *, *, #2874, .F. ) ;
#2027 = EDGE_CURVE ( 'NONE', #4788, #6570, #11226, .T. ) ;
#2028 = FACE_OUTER_BOUND ( 'NONE', #10770, .T. ) ;
#2029 = DIRECTION ( 'NONE',  ( 0.000000000000000000, -0.6561787149247684248, 0.7546055221635205035 ) ) ;
#2030 = VERTEX_POINT ( 'NONE', #3696 ) ;
#2031 = VECTOR ( 'NONE', #1886, 1000.000000000000000 ) ;
#2032 = ORIENTED_EDGE ( 'NONE', *, *, #4882, .T. ) ;
#2033 = LINE ( 'NONE', #443, #2729 ) ;
#2034 = LINE ( 'NONE', #10797, #11054 ) ;
#2035 = CIRCLE ( 'NONE', #10274, 0.02000000000000005246 ) ;
#2036 = EDGE_LOOP ( 'NONE', ( #2851, #3155, #4785, #2159 ) ) ;
#2037 = ORIENTED_EDGE ( 'NONE', *, *, #7751, .T. ) ;
#2038 = VECTOR ( 'NONE', #5461, 1000.000000000000000 ) ;
#2039 = CARTESIAN_POINT ( 'NONE',  ( -1.060660171779820526, 0.000000000000000000, 1.060660171779820526 ) ) ;
#2040 = ORIENTED_EDGE ( 'NONE', *, *, #6861, .F. ) ;
#2041 = EDGE_CURVE ( 'NONE', #1142, #4905, #10517, .T. ) ;
#2042 = AXIS2_PLACEMENT_3D ( 'NONE', #9376, #8571, #6040 ) ;
#2043 = LINE ( 'NONE', #1195, #3139 ) ;
#2044 = EDGE_CURVE ( 'NONE', #6946, #1473, #5247, .T. ) ;
#2045 = CARTESIAN_POINT ( 'NONE',  ( -5.078412917506967439, 3.000000000000000000, -4.890012498889791281 ) ) ;
#2046 = DIRECTION ( 'NONE',  ( -0.000000000000000000, -0.000000000000000000, -1.000000000000000000 ) ) ;
#2047 = DIRECTION ( 'NONE',  ( 0.000000000000000000, -0.6561787149247864104, 0.7546055221635050714 ) ) ;
#2048 = CARTESIAN_POINT ( 'NONE',  ( 1.961719250185138819, 1.487687874707246394, 11.17499999999999893 ) ) ;
#2049 = VERTEX_POINT ( 'NONE', #7881 ) ;
#2050 = AXIS2_PLACEMENT_3D ( 'NONE', #3496, #4303, #5156 ) ;
#2051 = ORIENTED_EDGE ( 'NONE', *, *, #1900, .T. ) ;
#2052 = DIRECTION ( 'NONE',  ( 0.7071067811865402453, 1.263357234918281393E-16, 0.7071067811865547892 ) ) ;
#2053 = VECTOR ( 'NONE', #757, 1000.000000000000000 ) ;
#2054 = ORIENTED_EDGE ( 'NONE', *, *, #7824, .F. ) ;
#2055 = CARTESIAN_POINT ( 'NONE',  ( 3.328434437871126583, 5.467463135762877791, 7.800000000000000711 ) ) ;
#2056 = EDGE_CURVE ( 'NONE', #9699, #7143, #8860, .T. ) ;
#2057 = VECTOR ( 'NONE', #10886, 1000.000000000000000 ) ;
#2058 = CIRCLE ( 'NONE', #9020, 3.649999999999999467 ) ;
#2059 = CARTESIAN_POINT ( 'NONE',  ( 5.498644456795168445, 7.973133870145900026, 7.800000000000000711 ) ) ;
#2060 = LINE ( 'NONE', #10597, #5726 ) ;
#2061 = EDGE_LOOP ( 'NONE', ( #2904, #10911, #804, #4136 ) ) ;
#2062 = DIRECTION ( 'NONE',  ( -0.000000000000000000, 0.000000000000000000, 1.000000000000000000 ) ) ;
#2063 = CARTESIAN_POINT ( 'NONE',  ( -3.372160293666214947, 8.362264403797976087, 7.800000000000000711 ) ) ;
#2064 = ADVANCED_FACE ( 'NONE', ( #7199 ), #6334, .T. ) ;
#2065 = FACE_OUTER_BOUND ( 'NONE', #5352, .T. ) ;
#2066 = DIRECTION ( 'NONE',  ( 1.000000000000000000, 0.000000000000000000, 0.000000000000000000 ) ) ;
#2067 = ORIENTED_EDGE ( 'NONE', *, *, #11046, .T. ) ;
#2068 = VECTOR ( 'NONE', #11323, 1000.000000000000114 ) ;
#2069 = ORIENTED_EDGE ( 'NONE', *, *, #1357, .F. ) ;
#2070 = ORIENTED_EDGE ( 'NONE', *, *, #11047, .T. ) ;
#2071 = VECTOR ( 'NONE', #2066, 1000.000000000000000 ) ;
#2072 = CARTESIAN_POINT ( 'NONE',  ( 7.153438812664353996, 3.008506057664686928, -2.712730372333560069 ) ) ;
#2073 = AXIS2_PLACEMENT_3D ( 'NONE', #3639, #7829, #848 ) ;
#2074 = CARTESIAN_POINT ( 'NONE',  ( -2.563449210601385975, 7.557729844653361617, -2.454779244514313952 ) ) ;
#2075 = CARTESIAN_POINT ( 'NONE',  ( 1.399999999999999689, 0.000000000000000000, 0.000000000000000000 ) ) ;
#2076 = CARTESIAN_POINT ( 'NONE',  ( -2.179449471770337432, 7.499999999999998224, 4.500000000000000000 ) ) ;
#2077 = DIRECTION ( 'NONE',  ( -0.000000000000000000, 0.000000000000000000, 1.000000000000000000 ) ) ;
#2078 = VECTOR ( 'NONE', #1640, 1000.000000000000000 ) ;
#2079 = ADVANCED_FACE ( 'NONE', ( #10568 ), #8001, .T. ) ;
#2080 = ORIENTED_EDGE ( 'NONE', *, *, #10781, .T. ) ;
#2081 = DIRECTION ( 'NONE',  ( 1.000000000000000000, 2.168404344971008252E-17, -8.673617379884035472E-17 ) ) ;
#2082 = ORIENTED_EDGE ( 'NONE', *, *, #10108, .T. ) ;
#2083 = AXIS2_PLACEMENT_3D ( 'NONE', #275, #5363, #3761 ) ;
#2084 = ORIENTED_EDGE ( 'NONE', *, *, #52, .T. ) ;
#2085 = VECTOR ( 'NONE', #9211, 1000.000000000000000 ) ;
#2086 = DIRECTION ( 'NONE',  ( 0.4853175911454119529, 0.8743379413732510486, 0.000000000000000000 ) ) ;
#2087 = APPLICATION_CONTEXT ( 'automotive_design' ) ;
#2088 =( NAMED_UNIT ( * ) PLANE_ANGLE_UNIT ( ) SI_UNIT ( $, .RADIAN. ) );
#2089 = LINE ( 'NONE', #6506, #3892 ) ;
#2090 = ORIENTED_EDGE ( 'NONE', *, *, #1768, .T. ) ;
#2091 = ORIENTED_EDGE ( 'NONE', *, *, #11324, .F. ) ;
#2092 = CARTESIAN_POINT ( 'NONE',  ( -1.379999999999999227, 2.775349838536065761, -2.413347685683533417 ) ) ;
#2093 = CARTESIAN_POINT ( 'NONE',  ( 1.399999999999999689, 8.631655426250503638, 4.549999999999999822 ) ) ;
#2094 = EDGE_CURVE ( 'NONE', #8267, #1683, #9707, .T. ) ;
#2095 = VERTEX_POINT ( 'NONE', #10741 ) ;
#2096 = CARTESIAN_POINT ( 'NONE',  ( 1.400000000000000133, 6.500000000000000000, -0.8529309367425446098 ) ) ;
#2097 = ORIENTED_EDGE ( 'NONE', *, *, #4394, .T. ) ;
#2098 = LINE ( 'NONE', #3821, #462 ) ;
#2099 = ORIENTED_EDGE ( 'NONE', *, *, #7665, .F. ) ;
#2100 = DIRECTION ( 'NONE',  ( 0.2533391860415217245, -0.9673775151489821811, 0.000000000000000000 ) ) ;
#2101 = DIRECTION ( 'NONE',  ( -1.000000000000000000, 0.000000000000000000, 0.000000000000000000 ) ) ;
#2102 = CARTESIAN_POINT ( 'NONE',  ( 4.433344562587839377, 5.951057409446828039, -2.312024219028175231 ) ) ;
#2103 = CARTESIAN_POINT ( 'NONE',  ( -3.881443777498105874E-14, 10.61546987566544153, 0.000000000000000000 ) ) ;
#2104 = CARTESIAN_POINT ( 'NONE',  ( 2.580939751330912468, 4.384530124334556689, 3.675000000000000266 ) ) ;
#2105 = EDGE_CURVE ( 'NONE', #10393, #5817, #4616, .T. ) ;
#2106 = ORIENTED_EDGE ( 'NONE', *, *, #5414, .T. ) ;
#2107 = VERTEX_POINT ( 'NONE', #6387 ) ;
#2108 = CARTESIAN_POINT ( 'NONE',  ( -2.657714481646606508, 4.463659784142524067, -2.613951291675112643 ) ) ;
#2109 =( NAMED_UNIT ( * ) PLANE_ANGLE_UNIT ( ) SI_UNIT ( $, .RADIAN. ) );
#2110 = ORIENTED_EDGE ( 'NONE', *, *, #4425, .F. ) ;
#2111 = ADVANCED_FACE ( 'NONE', ( #4845 ), #7256, .F. ) ;
#2112 = VECTOR ( 'NONE', #7653, 1000.000000000000000 ) ;
#2113 = FACE_OUTER_BOUND ( 'NONE', #3063, .T. ) ;
#2114 = ORIENTED_EDGE ( 'NONE', *, *, #8772, .T. ) ;
#2115 = DIRECTION ( 'NONE',  ( -0.000000000000000000, 0.000000000000000000, 1.000000000000000000 ) ) ;
#2116 = DIRECTION ( 'NONE',  ( 0.6280440846592203474, 0.7781777610061610950, -0.000000000000000000 ) ) ;
#2117 = EDGE_LOOP ( 'NONE', ( #3291, #7494, #5194, #2891 ) ) ;
#2118 = ADVANCED_FACE ( 'NONE', ( #1974 ), #3931, .T. ) ;
#2119 = LINE ( 'NONE', #5620, #10580 ) ;
#2120 = EDGE_CURVE ( 'NONE', #9998, #10948, #5723, .T. ) ;
#2121 = CARTESIAN_POINT ( 'NONE',  ( 0.000000000000000000, 8.631655426250503638, 4.400000000000000355 ) ) ;
#2122 = TOROIDAL_SURFACE ( 'NONE', #5044, 0.1299999999999999767, 0.02000000000000000042 ) ;
#2123 = DIRECTION ( 'NONE',  ( -0.9906889957247183576, 0.1361444591232013057, 0.000000000000000000 ) ) ;
#2124 = ORIENTED_EDGE ( 'NONE', *, *, #9420, .T. ) ;
#2125 = EDGE_CURVE ( 'NONE', #9401, #6525, #2089, .T. ) ;
#2126 = EDGE_LOOP ( 'NONE', ( #4365, #7532, #3206, #10101, #3535, #39 ) ) ;
#2127 = ORIENTED_EDGE ( 'NONE', *, *, #5098, .F. ) ;
#2128 = VECTOR ( 'NONE', #18, 1000.000000000000000 ) ;
#2129 = DIRECTION ( 'NONE',  ( -0.9592845720430323020, 0.2824413387594251756, 0.000000000000000000 ) ) ;
#2130 = DIRECTION ( 'NONE',  ( -2.891205793294679805E-15, -1.000000000000000000, -0.000000000000000000 ) ) ;
#2131 = DIRECTION ( 'NONE',  ( -0.000000000000000000, -0.000000000000000000, -1.000000000000000000 ) ) ;
#2132 = CARTESIAN_POINT ( 'NONE',  ( 1.393823247546297939, 6.500000000000000000, 4.508834952051935296 ) ) ;
#2133 = PLANE ( 'NONE',  #9594 ) ;
#2134 = EDGE_LOOP ( 'NONE', ( #2376, #10273, #4656, #5618 ) ) ;
#2135 = FACE_OUTER_BOUND ( 'NONE', #1878, .T. ) ;
#2136 = VERTEX_POINT ( 'NONE', #4724 ) ;
#2137 = EDGE_CURVE ( 'NONE', #878, #4622, #4281, .T. ) ;
#2138 = ORIENTED_EDGE ( 'NONE', *, *, #9217, .F. ) ;
#2139 = ADVANCED_FACE ( 'NONE', ( #7421 ), #9996, .T. ) ;
#2140 = CARTESIAN_POINT ( 'NONE',  ( -4.934344465946485236, 3.000000000000000000, -4.751288740056038407 ) ) ;
#2141 = CARTESIAN_POINT ( 'NONE',  ( -2.312024219028234295, 1.500000000000000888, 4.433344562587807403 ) ) ;
#2142 = ORIENTED_EDGE ( 'NONE', *, *, #3634, .T. ) ;
#2143 = ORIENTED_EDGE ( 'NONE', *, *, #3191, .F. ) ;
#2144 = CARTESIAN_POINT ( 'NONE',  ( 3.328434437871126583, 5.467463135762873350, -2.625562286609687046 ) ) ;
#2145 = CARTESIAN_POINT ( 'NONE',  ( 0.000000000000000000, 6.500000000000000000, 0.000000000000000000 ) ) ;
#2146 = ORIENTED_EDGE ( 'NONE', *, *, #4812, .F. ) ;
#2147 = VECTOR ( 'NONE', #8700, 1000.000000000000114 ) ;
#2148 = VERTEX_POINT ( 'NONE', #1290 ) ;
#2149 = CARTESIAN_POINT ( 'NONE',  ( 1.379999999999999671, 8.631655426250503638, -4.379999999999999893 ) ) ;
#2150 = ORIENTED_EDGE ( 'NONE', *, *, #2773, .T. ) ;
#2151 = FACE_OUTER_BOUND ( 'NONE', #1003, .T. ) ;
#2152 = EDGE_CURVE ( 'NONE', #10117, #7863, #10910, .T. ) ;
#2153 = VECTOR ( 'NONE', #2345, 1000.000000000000000 ) ;
#2154 = CARTESIAN_POINT ( 'NONE',  ( -2.532477009453950600, 4.336832001555860572, 0.1310042035077487177 ) ) ;
#2155 = CARTESIAN_POINT ( 'NONE',  ( -2.580939751330911580, -2.084296772316891477, 7.800000000000000711 ) ) ;
#2156 = DIRECTION ( 'NONE',  ( -1.978231904884091733E-16, 1.000000000000000000, 0.000000000000000000 ) ) ;
#2157 = DIRECTION ( 'NONE',  ( 0.6042542366568471879, -0.7967915771908303801, 0.000000000000000000 ) ) ;
#2158 = ORIENTED_EDGE ( 'NONE', *, *, #3660, .T. ) ;
#2159 = ORIENTED_EDGE ( 'NONE', *, *, #9438, .F. ) ;
#2160 = FACE_BOUND ( 'NONE', #3865, .T. ) ;
#2161 = STYLED_ITEM ( 'NONE', ( #4005 ), #4734 ) ;
#2162 = FILL_AREA_STYLE ('',( #10075 ) ) ;
#2163 = ORIENTED_EDGE ( 'NONE', *, *, #2874, .T. ) ;
#2164 = CYLINDRICAL_SURFACE ( 'NONE', #10083, 0.1499999999999999667 ) ;
#2165 = EDGE_CURVE ( 'NONE', #6882, #9768, #10292, .T. ) ;
#2166 = VECTOR ( 'NONE', #3779, 1000.000000000000000 ) ;
#2167 = CARTESIAN_POINT ( 'NONE',  ( 4.600654826388332452, 3.789867136586405838, 11.17499999999999893 ) ) ;
#2168 = DIRECTION ( 'NONE',  ( 0.7071067811865473507, 2.775557561562891351E-17, -0.7071067811865477948 ) ) ;
#2169 = ORIENTED_EDGE ( 'NONE', *, *, #9880, .F. ) ;
#2170 = LINE ( 'NONE', #1323, #5997 ) ;
#2171 = CARTESIAN_POINT ( 'NONE',  ( -5.498644456795159563, 5.957805881184944141, 0.000000000000000000 ) ) ;
#2172 = CARTESIAN_POINT ( 'NONE',  ( 5.736181009075442816, 7.940490643490770495, -2.454779244514317504 ) ) ;
#2173 = ORIENTED_EDGE ( 'NONE', *, *, #4934, .T. ) ;
#2174 = EDGE_LOOP ( 'NONE', ( #9103, #7602 ) ) ;
#2175 = ORIENTED_EDGE ( 'NONE', *, *, #4951, .T. ) ;
#2176 = VECTOR ( 'NONE', #10674, 1000.000000000000114 ) ;
#2177 = EDGE_CURVE ( 'NONE', #4501, #1505, #270, .T. ) ;
#2178 = DIRECTION ( 'NONE',  ( -0.000000000000000000, 1.000000000000000000, -0.000000000000000000 ) ) ;
#2179 = EDGE_CURVE ( 'NONE', #10696, #6529, #4673, .T. ) ;
#2180 = FACE_OUTER_BOUND ( 'NONE', #6271, .T. ) ;
#2181 = CARTESIAN_POINT ( 'NONE',  ( -2.501810091522912671, 9.623184357312055681, 0.000000000000000000 ) ) ;
#2182 = CARTESIAN_POINT ( 'NONE',  ( 0.000000000000000000, 0.000000000000000000, 5.549999999999999822 ) ) ;
#2183 = DIRECTION ( 'NONE',  ( 0.000000000000000000, 0.000000000000000000, 1.000000000000000000 ) ) ;
#2184 = DIRECTION ( 'NONE',  ( -0.000000000000000000, 0.000000000000000000, 1.000000000000000000 ) ) ;
#2185 = VECTOR ( 'NONE', #7246, 1000.000000000000000 ) ;
#2186 = VERTEX_POINT ( 'NONE', #9138 ) ;
#2187 = DIRECTION ( 'NONE',  ( 1.000000000000000000, 0.000000000000000000, 0.000000000000000000 ) ) ;
#2188 = CYLINDRICAL_SURFACE ( 'NONE', #8530, 0.1999999999999996503 ) ;
#2189 = ORIENTED_EDGE ( 'NONE', *, *, #9715, .T. ) ;
#2190 = ORIENTED_EDGE ( 'NONE', *, *, #2614, .F. ) ;
#2191 = PRODUCT_DEFINITION_CONTEXT ( 'detailed design', #9119, 'design' ) ;
#2192 = DIRECTION ( 'NONE',  ( 0.6936187941687647074, 0.000000000000000000, -0.7203422578024066825 ) ) ;
#2193 = EDGE_CURVE ( 'NONE', #3000, #4027, #3365, .T. ) ;
#2194 = SHAPE_DEFINITION_REPRESENTATION ( #3181, #9974 ) ;
#2195 = AXIS2_PLACEMENT_3D ( 'NONE', #10130, #5713, #4965 ) ;
#2196 = LINE ( 'NONE', #325, #1688 ) ;
#2197 = DIRECTION ( 'NONE',  ( 0.000000000000000000, 0.000000000000000000, 1.000000000000000000 ) ) ;
#2198 = ORIENTED_EDGE ( 'NONE', *, *, #679, .F. ) ;
#2199 = DIRECTION ( 'NONE',  ( -0.000000000000000000, 0.000000000000000000, 1.000000000000000000 ) ) ;
#2200 = CARTESIAN_POINT ( 'NONE',  ( -1.007663994480482605, 12.46411433246060341, 3.675000000000000266 ) ) ;
#2201 = ORIENTED_EDGE ( 'NONE', *, *, #8985, .T. ) ;
#2203 = PLANE ( 'NONE',  #8716 ) ;
#2202 = VECTOR ( 'NONE', #9646, 1000.000000000000000 ) ;
#2204 = ORIENTED_EDGE ( 'NONE', *, *, #9208, .T. ) ;
#2205 = EDGE_CURVE ( 'NONE', #6570, #8956, #2196, .T. ) ;
#2206 = DIRECTION ( 'NONE',  ( 0.7203422578024066825, 0.000000000000000000, 0.6936187941687648184 ) ) ;
#2207 =( BOUNDED_CURVE ( )  B_SPLINE_CURVE ( 3, ( #3735, #1156, #6421, #4758 ),
 .UNSPECIFIED., .F., .F. ) 
 B_SPLINE_CURVE_WITH_KNOTS ( ( 4, 4 ),
 ( 0.000000000000000000, 1.570796326794896114 ),
 .UNSPECIFIED. ) 
 CURVE ( )  GEOMETRIC_REPRESENTATION_ITEM ( )  RATIONAL_B_SPLINE_CURVE ( ( 1.000000000000000000, 0.8047378541243650485, 0.8047378541243650485, 1.000000000000000000 ) ) 
 REPRESENTATION_ITEM ( '' )  );
#2208 = EDGE_LOOP ( 'NONE', ( #11255, #6535 ) ) ;
#2209 = AXIS2_PLACEMENT_3D ( 'NONE', #10052, #7420, #10111 ) ;
#2210 = DIRECTION ( 'NONE',  ( 0.000000000000000000, 0.000000000000000000, 1.000000000000000000 ) ) ;
#2211 = VECTOR ( 'NONE', #6120, 1000.000000000000000 ) ;
#2212 = FACE_OUTER_BOUND ( 'NONE', #1512, .T. ) ;
#2213 = DIRECTION ( 'NONE',  ( 1.000000000000000000, 0.000000000000000000, 0.000000000000000000 ) ) ;
#2214 = CARTESIAN_POINT ( 'NONE',  ( -3.412809285801754910, 5.671162037960161051, -2.454779244514313952 ) ) ;
#2215 = DIRECTION ( 'NONE',  ( -0.000000000000000000, 0.000000000000000000, 1.000000000000000000 ) ) ;
#2216 = VECTOR ( 'NONE', #9980, 1000.000000000000000 ) ;
#2217 = ORIENTED_EDGE ( 'NONE', *, *, #3783, .F. ) ;
#2218 = ORIENTED_EDGE ( 'NONE', *, *, #4421, .F. ) ;
#2219 = DIRECTION ( 'NONE',  ( 0.4918069879902069452, -0.8707042474709769664, 0.000000000000000000 ) ) ;
#2220 = ADVANCED_FACE ( 'NONE', ( #380 ), #2445, .T. ) ;
#2221 = ADVANCED_FACE ( 'NONE', ( #6563 ), #8337, .T. ) ;
#2222 = LINE ( 'NONE', #9055, #3920 ) ;
#2223 = TOROIDAL_SURFACE ( 'NONE', #7713, 5.500000000000000000, 0.5000000000000000000 ) ;
#2224 = CARTESIAN_POINT ( 'NONE',  ( 2.625752043686317538, 3.101480656498022626, 7.185283574223202407 ) ) ;
#2225 = EDGE_LOOP ( 'NONE', ( #8134, #7302, #579, #8312 ) ) ;
#2226 = VECTOR ( 'NONE', #8324, 1000.000000000000000 ) ;
#2227 = AXIS2_PLACEMENT_3D ( 'NONE', #3128, #2100, #9951 ) ;
#2228 = CARTESIAN_POINT ( 'NONE',  ( 6.505213034913026604E-16, 2.565469875665443045, 3.675000000000000266 ) ) ;
#2229 = CARTESIAN_POINT ( 'NONE',  ( -2.915460667173242815, 4.909999999999999254, -5.036781010732885200 ) ) ;
#2230 = VERTEX_POINT ( 'NONE', #7474 ) ;
#2231 = FACE_OUTER_BOUND ( 'NONE', #4820, .T. ) ;
#2232 = DIRECTION ( 'NONE',  ( -0.7967915771908282707, -0.6042542366568498524, 0.000000000000000000 ) ) ;
#2233 = EDGE_CURVE ( 'NONE', #1694, #1284, #2816, .T. ) ;
#2234 = DIRECTION ( 'NONE',  ( 3.552713678800500929E-15, 0.000000000000000000, 1.000000000000000000 ) ) ;
#2235 = ORIENTED_EDGE ( 'NONE', *, *, #10469, .T. ) ;
#2236 = ORIENTED_EDGE ( 'NONE', *, *, #1523, .T. ) ;
#2237 = VECTOR ( 'NONE', #8366, 1000.000000000000000 ) ;
#2238 = ORIENTED_EDGE ( 'NONE', *, *, #5691, .T. ) ;
#2239 = VECTOR ( 'NONE', #4443, 1000.000000000000000 ) ;
#2240 = CARTESIAN_POINT ( 'NONE',  ( -1.400000000000000133, 6.500000000000000000, 4.469999999999999751 ) ) ;
#2241 = DIRECTION ( 'NONE',  ( -0.7781777610061649808, 0.6280440846592157955, 0.000000000000000000 ) ) ;
#2242 = CARTESIAN_POINT ( 'NONE',  ( -1.771168402671605879E-15, 6.965469875665441180, 7.800000000000000711 ) ) ;
#2243 = DIRECTION ( 'NONE',  ( 0.000000000000000000, -0.7546055221634990762, 0.6561787149247930717 ) ) ;
#2244 = LINE ( 'NONE', #10955, #7938 ) ;
#2245 = CARTESIAN_POINT ( 'NONE',  ( 1.961719250185141483, 1.487687874707251501, 7.800000000000000711 ) ) ;
#2246 = AXIS2_PLACEMENT_3D ( 'NONE', #5449, #3613, #8949 ) ;
#2247 = ADVANCED_FACE ( 'NONE', ( #5860, #3402 ), #5110, .T. ) ;
#2248 = ORIENTED_EDGE ( 'NONE', *, *, #2312, .F. ) ;
#2249 = CARTESIAN_POINT ( 'NONE',  ( 5.498644456795168445, 7.973133870145900026, 3.675000000000000266 ) ) ;
#2250 = PLANE ( 'NONE',  #4140 ) ;
#2251 = ORIENTED_EDGE ( 'NONE', *, *, #7044, .F. ) ;
#2252 = CIRCLE ( 'NONE', #2625, 3.649999999999999467 ) ;
#2253 = ADVANCED_FACE ( 'NONE', ( #2487 ), #10113, .T. ) ;
#2254 = EDGE_LOOP ( 'NONE', ( #11180, #5371, #5749, #10525 ) ) ;
#2255 = VECTOR ( 'NONE', #8132, 1000.000000000000000 ) ;
#2256 = PLANE ( 'NONE',  #4587 ) ;
#2257 = CARTESIAN_POINT ( 'NONE',  ( -0.1126976677028315443, -3.418194819321189293, -9.391077270331109617 ) ) ;
#2258 = VECTOR ( 'NONE', #5552, 1000.000000000000227 ) ;
#2259 = CARTESIAN_POINT ( 'NONE',  ( -2.580939751330913356, 9.546409626996329223, 7.800000000000000711 ) ) ;
#2260 = CARTESIAN_POINT ( 'NONE',  ( 5.498644456795168445, 7.973133870145900026, -2.454779244514313952 ) ) ;
#2261 = EDGE_LOOP ( 'NONE', ( #3120, #2960, #5837, #4248 ) ) ;
#2262 = DIRECTION ( 'NONE',  ( 0.000000000000000000, 0.000000000000000000, 1.000000000000000000 ) ) ;
#2263 = LINE ( 'NONE', #5763, #1185 ) ;
#2264 = AXIS2_PLACEMENT_3D ( 'NONE', #1199, #8130, #1138 ) ;
#2265 = VERTEX_POINT ( 'NONE', #2259 ) ;
#2266 = EDGE_CURVE ( 'NONE', #5854, #2784, #4255, .T. ) ;
#2267 = CARTESIAN_POINT ( 'NONE',  ( 1.399999999999999689, 6.500000000000000000, -0.8398232385305504089 ) ) ;
#2268 = VERTEX_POINT ( 'NONE', #9467 ) ;
#2269 = DIRECTION ( 'NONE',  ( 1.000000000000000000, 0.000000000000000000, 0.000000000000000000 ) ) ;
#2270 = EDGE_CURVE ( 'NONE', #1734, #11242, #3179, .T. ) ;
#2271 = ORIENTED_EDGE ( 'NONE', *, *, #8306, .T. ) ;
#2272 = AXIS2_PLACEMENT_3D ( 'NONE', #3766, #4735, #8064 ) ;
#2273 = CYLINDRICAL_SURFACE ( 'NONE', #408, 3.649999999999999467 ) ;
#2274 = VECTOR ( 'NONE', #35, 1000.000000000000000 ) ;
#2275 = CARTESIAN_POINT ( 'NONE',  ( -4.600654826388337781, 10.14107261474447341, 0.000000000000000000 ) ) ;
#2276 = ADVANCED_FACE ( 'NONE', ( #4261 ), #11185, .T. ) ;
#2277 = DIRECTION ( 'NONE',  ( 0.000000000000000000, 0.7546055221635421528, -0.6561787149247437778 ) ) ;
#2278 = DIRECTION ( 'NONE',  ( -1.000000000000000000, 0.000000000000000000, 0.000000000000000000 ) ) ;
#2279 = VECTOR ( 'NONE', #3313, 1000.000000000000000 ) ;
#2280 = CARTESIAN_POINT ( 'NONE',  ( 0.000000000000000000, 8.000000000000000000, 0.000000000000000000 ) ) ;
#2281 = ORIENTED_EDGE ( 'NONE', *, *, #5128, .F. ) ;
#2282 = ORIENTED_EDGE ( 'NONE', *, *, #1577, .T. ) ;
#2283 = CYLINDRICAL_SURFACE ( 'NONE', #10397, 0.1499999999999999667 ) ;
#2284 = AXIS2_PLACEMENT_3D ( 'NONE', #9315, #11254, #3406 ) ;
#2285 = PLANE ( 'NONE',  #5377 ) ;
#2286 = LINE ( 'NONE', #4695, #8814 ) ;
#2287 = EDGE_CURVE ( 'NONE', #10947, #5035, #4099, .T. ) ;
#2288 = AXIS2_PLACEMENT_3D ( 'NONE', #7860, #7173, #10662 ) ;
#2289 = CARTESIAN_POINT ( 'NONE',  ( -4.741034782807846071, 7.947103280109118373, -2.234160359978236254 ) ) ;
#2290 = PLANE ( 'NONE',  #3716 ) ;
#2291 = ORIENTED_EDGE ( 'NONE', *, *, #2414, .F. ) ;
#2292 = LINE ( 'NONE', #10201, #6741 ) ;
#2293 = CARTESIAN_POINT ( 'NONE',  ( 3.405877273185280885, 1.699999999999999734, 6.850000000000000533 ) ) ;
#2294 = LINE ( 'NONE', #3214, #4824 ) ;
#2295 = ORIENTED_EDGE ( 'NONE', *, *, #8445, .T. ) ;
#2296 = ORIENTED_EDGE ( 'NONE', *, *, #4081, .T. ) ;
#2297 = VERTEX_POINT ( 'NONE', #663 ) ;
#2298 = CARTESIAN_POINT ( 'NONE',  ( -1.030666926558653025E-16, 6.965469875665441180, 11.17499999999999893 ) ) ;
#2299 = EDGE_CURVE ( 'NONE', #2785, #4282, #421, .T. ) ;
#2300 = CIRCLE ( 'NONE', #8523, 5.000000000000000000 ) ;
#2301 = DIRECTION ( 'NONE',  ( -0.6042542366568498524, 0.7967915771908283817, 0.000000000000000000 ) ) ;
#2302 = CARTESIAN_POINT ( 'NONE',  ( 5.672664523123385649, 5.671130169612255578, 0.000000000000000000 ) ) ;
#2303 = CARTESIAN_POINT ( 'NONE',  ( -7.284988917792943219, 3.116491533522731672, -2.334875965827334365 ) ) ;
#2304 = CARTESIAN_POINT ( 'NONE',  ( -1.030666926558653025E-16, 6.965469875665441180, 0.000000000000000000 ) ) ;
#2305 = CARTESIAN_POINT ( 'NONE',  ( 4.501358611527427556, 5.577406509138441493, 3.675000000000000266 ) ) ;
#2306 = LINE ( 'NONE', #653, #3963 ) ;
#2307 = ORIENTED_EDGE ( 'NONE', *, *, #2404, .T. ) ;
#2308 = VERTEX_POINT ( 'NONE', #5923 ) ;
#2309 = EDGE_LOOP ( 'NONE', ( #9991, #9011, #3593, #4840 ) ) ;
#2310 = VECTOR ( 'NONE', #1968, 1000.000000000000000 ) ;
#2311 = DIRECTION ( 'NONE',  ( -0.000000000000000000, -1.000000000000000000, -0.000000000000000000 ) ) ;
#2312 = EDGE_CURVE ( 'NONE', #6049, #5092, #3233, .T. ) ;
#2313 = APPLICATION_PROTOCOL_DEFINITION ( 'draft international standard', 'automotive_design', 1998, #1288 ) ;
#2314 = DIRECTION ( 'NONE',  ( 0.000000000000000000, 1.000000000000000000, 0.000000000000000000 ) ) ;
#2315 = FACE_OUTER_BOUND ( 'NONE', #264, .T. ) ;
#2316 = ADVANCED_FACE ( 'NONE', ( #9418 ), #5809, .T. ) ;
#2317 = VERTEX_POINT ( 'NONE', #4038 ) ;
#2318 = DIRECTION ( 'NONE',  ( 0.2533391860415168950, -0.9673775151489835133, 0.000000000000000000 ) ) ;
#2319 = DIRECTION ( 'NONE',  ( -0.000000000000000000, 1.000000000000000000, -0.000000000000000000 ) ) ;
#2320 = AXIS2_PLACEMENT_3D ( 'NONE', #4833, #2077, #8328 ) ;
#2321 = ORIENTED_EDGE ( 'NONE', *, *, #8654, .T. ) ;
#2322 = DIRECTION ( 'NONE',  ( 0.000000000000000000, 0.000000000000000000, -1.000000000000000000 ) ) ;
#2323 = EDGE_LOOP ( 'NONE', ( #5982, #11151, #8094, #10879 ) ) ;
#2324 = CARTESIAN_POINT ( 'NONE',  ( 1.379999999999999671, 12.50000000000000000, -2.027069063257456172 ) ) ;
#2325 = VERTEX_POINT ( 'NONE', #8559 ) ;
#2326 = CARTESIAN_POINT ( 'NONE',  ( -2.798813555956164656, 3.000000000000000888, 7.120240386628901241 ) ) ;
#2327 = EDGE_CURVE ( 'NONE', #5296, #11062, #7644, .T. ) ;
#2328 = EDGE_CURVE ( 'NONE', #4667, #6131, #1151, .T. ) ;
#2329 = CYLINDRICAL_SURFACE ( 'NONE', #7693, 1.650000000000000355 ) ;
#2330 = DIRECTION ( 'NONE',  ( -0.000000000000000000, 1.000000000000000000, -0.000000000000000000 ) ) ;
#2331 = EDGE_CURVE ( 'NONE', #3227, #695, #2367, .T. ) ;
#2332 = CARTESIAN_POINT ( 'NONE',  ( -3.397045344066844663, 1.653845617810561608, -6.854399480517451515 ) ) ;
#2333 = CARTESIAN_POINT ( 'NONE',  ( 4.600654826388332452, 3.789867136586409391, -2.625562286609687046 ) ) ;
#2334 = EDGE_LOOP ( 'NONE', ( #11092, #703 ) ) ;
#2335 = ORIENTED_EDGE ( 'NONE', *, *, #11148, .T. ) ;
#2336 = FACE_OUTER_BOUND ( 'NONE', #3830, .T. ) ;
#2337 = CARTESIAN_POINT ( 'NONE',  ( 1.173279993932565768, 12.43117126193364186, 7.800000000000000711 ) ) ;
#2338 = CIRCLE ( 'NONE', #9649, 7.650000000000000355 ) ;
#2339 = DIRECTION ( 'NONE',  ( 1.000000000000000000, 0.000000000000000000, 0.000000000000000000 ) ) ;
#2340 = ADVANCED_FACE ( 'NONE', ( #4950 ), #606, .F. ) ;
#2341 = CARTESIAN_POINT ( 'NONE',  ( 1.399999999999999689, 11.43165542625050435, 5.400000000000000355 ) ) ;
#2342 = CARTESIAN_POINT ( 'NONE',  ( -3.956290731841368036, 2.373921791567575657, 3.226782805549640809 ) ) ;
#2343 = ORIENTED_EDGE ( 'NONE', *, *, #9493, .T. ) ;
#2344 = VECTOR ( 'NONE', #6649, 1000.000000000000000 ) ;
#2345 = DIRECTION ( 'NONE',  ( 0.000000000000000000, 0.000000000000000000, 1.000000000000000000 ) ) ;
#2346 = CARTESIAN_POINT ( 'NONE',  ( 5.498644456795168445, 7.973133870145900026, -2.454779244514313952 ) ) ;
#2347 = CARTESIAN_POINT ( 'NONE',  ( 1.380560112054758592, 6.500000000000000000, -4.548466070008426065 ) ) ;
#2348 = EDGE_LOOP ( 'NONE', ( #5786, #9270, #10429, #6724 ) ) ;
#2349 = ADVANCED_FACE ( 'NONE', ( #4202 ), #1509, .T. ) ;
#2350 = ORIENTED_EDGE ( 'NONE', *, *, #7620, .T. ) ;
#2351 = EDGE_LOOP ( 'NONE', ( #183, #8047, #2281, #507 ) ) ;
#2352 = VECTOR ( 'NONE', #2052, 1000.000000000000227 ) ;
#2353 = CARTESIAN_POINT ( 'NONE',  ( 1.399999999999999689, 6.500000000000000000, 0.000000000000000000 ) ) ;
#2354 = CARTESIAN_POINT ( 'NONE',  ( -2.594966336091573567, 6.531657196332637305, -2.613951291675116195 ) ) ;
#2355 = LINE ( 'NONE', #8379, #5888 ) ;
#2356 = FACE_OUTER_BOUND ( 'NONE', #9168, .T. ) ;
#2357 = DIRECTION ( 'NONE',  ( 0.000000000000000000, 0.000000000000000000, -1.000000000000000000 ) ) ;
#2358 = DIRECTION ( 'NONE',  ( -0.9943490029226537130, -0.1061605406293898990, 0.000000000000000000 ) ) ;
#2359 = CYLINDRICAL_SURFACE ( 'NONE', #10539, 0.5000000000000004441 ) ;
#2360 = ORIENTED_EDGE ( 'NONE', *, *, #6352, .T. ) ;
#2361 = ADVANCED_FACE ( 'NONE', ( #7700 ), #7073, .T. ) ;
#2362 = ORIENTED_EDGE ( 'NONE', *, *, #5203, .T. ) ;
#2363 = EDGE_CURVE ( 'NONE', #10680, #6882, #6027, .T. ) ;
#2364 = ORIENTED_EDGE ( 'NONE', *, *, #254, .T. ) ;
#2365 = DIRECTION ( 'NONE',  ( 1.000000000000000000, 0.000000000000000000, 0.000000000000000000 ) ) ;
#2366 = PRODUCT_CONTEXT ( 'NONE', #9920, 'mechanical' ) ;
#2367 = LINE ( 'NONE', #6676, #11199 ) ;
#2368 = DIRECTION ( 'NONE',  ( 0.000000000000000000, 1.000000000000000000, 0.000000000000000000 ) ) ;
#2369 = VECTOR ( 'NONE', #10228, 1000.000000000000000 ) ;
#2370 = ORIENTED_EDGE ( 'NONE', *, *, #567, .F. ) ;
#2371 = ORIENTED_EDGE ( 'NONE', *, *, #2963, .T. ) ;
#2372 = CARTESIAN_POINT ( 'NONE',  ( -2.580939751330912024, 9.546409626996325670, 3.675000000000000266 ) ) ;
#2373 = FACE_OUTER_BOUND ( 'NONE', #362, .T. ) ;
#2374 = ORIENTED_EDGE ( 'NONE', *, *, #521, .F. ) ;
#2375 = CARTESIAN_POINT ( 'NONE',  ( -1.030666926558653025E-16, 6.965469875665441180, 7.800000000000000711 ) ) ;
#2376 = ORIENTED_EDGE ( 'NONE', *, *, #1788, .T. ) ;
#2377 = EDGE_CURVE ( 'NONE', #3621, #3840, #7553, .T. ) ;
#2378 = DIRECTION ( 'NONE',  ( -0.000000000000000000, 1.000000000000000000, -0.000000000000000000 ) ) ;
#2379 = ORIENTED_EDGE ( 'NONE', *, *, #9795, .F. ) ;
#2380 = VECTOR ( 'NONE', #11285, 1000.000000000000000 ) ;
#2381 = LINE ( 'NONE', #4274, #8998 ) ;
#2382 = CARTESIAN_POINT ( 'NONE',  ( 3.956290731841346719, 2.373921791567574324, -3.226782805549668343 ) ) ;
#2383 = DIRECTION ( 'NONE',  ( 0.000000000000000000, 0.000000000000000000, 1.000000000000000000 ) ) ;
#2384 = CYLINDRICAL_SURFACE ( 'NONE', #10319, 3.649999999999999467 ) ;
#2385 = DIRECTION ( 'NONE',  ( 1.000000000000000000, 0.000000000000000000, 0.000000000000000000 ) ) ;
#2386 = VERTEX_POINT ( 'NONE', #1840 ) ;
#2387 = ORIENTED_EDGE ( 'NONE', *, *, #8488, .F. ) ;
#2388 = DIRECTION ( 'NONE',  ( 0.9943490029226544902, 0.1061605406293829323, 0.000000000000000000 ) ) ;
#2389 = EDGE_CURVE ( 'NONE', #10270, #376, #10609, .T. ) ;
#2390 = LINE ( 'NONE', #4921, #7392 ) ;
#2391 = EDGE_CURVE ( 'NONE', #1821, #336, #2058, .T. ) ;
#2392 = AXIS2_PLACEMENT_3D ( 'NONE', #4780, #8275, #10790 ) ;
#2393 = EDGE_CURVE ( 'NONE', #2981, #3341, #999, .T. ) ;
#2394 = DIRECTION ( 'NONE',  ( -0.7071067811865540120, 0.000000000000000000, 0.7071067811865410224 ) ) ;
#2395 = CONICAL_SURFACE ( 'NONE', #10634, 1529.999999999999091, 0.9918981757768768892 ) ;
#2396 = CARTESIAN_POINT ( 'NONE',  ( -7.214603044822823108, 3.063623187575865270, 2.544307028118206748 ) ) ;
#2397 = CARTESIAN_POINT ( 'NONE',  ( -4.433344562587856252, 2.048942590553170628, 2.312024219028144145 ) ) ;
#2398 = ORIENTED_EDGE ( 'NONE', *, *, #10625, .T. ) ;
#2399 = VECTOR ( 'NONE', #5445, 1000.000000000000000 ) ;
#2400 = CARTESIAN_POINT ( 'NONE',  ( -1.771168402671605879E-15, 6.965469875665441180, 15.29999999999999893 ) ) ;
#2401 = CARTESIAN_POINT ( 'NONE',  ( 3.372160293666206066, 5.568675347532886732, -2.457261515329064672 ) ) ;
#2402 = CIRCLE ( 'NONE', #7895, 7.650000000000000355 ) ;
#2403 = CARTESIAN_POINT ( 'NONE',  ( 1.385521695682326193, 6.500000000000000000, -4.534868014339770603 ) ) ;
#2404 = EDGE_CURVE ( 'NONE', #5320, #3552, #1673, .T. ) ;
#2405 = VERTEX_POINT ( 'NONE', #3572 ) ;
#2406 = ORIENTED_EDGE ( 'NONE', *, *, #2137, .F. ) ;
#2407 = EDGE_CURVE ( 'NONE', #7523, #9904, #7272, .T. ) ;
#2408 = EDGE_LOOP ( 'NONE', ( #3937, #5148, #9078, #6363 ) ) ;
#2409 = CIRCLE ( 'NONE', #2050, 0.1000000000000001443 ) ;
#2410 = CIRCLE ( 'NONE', #5520, 5.000000000000000000 ) ;
#2411 = VECTOR ( 'NONE', #941, 1000.000000000000000 ) ;
#2412 = PLANE ( 'NONE',  #7341 ) ;
#2413 = DIRECTION ( 'NONE',  ( 1.000000000000000000, 0.000000000000000000, 0.000000000000000000 ) ) ;
#2414 = EDGE_CURVE ( 'NONE', #5662, #4208, #4542, .T. ) ;
#2415 = CARTESIAN_POINT ( 'NONE',  ( -2.563449210601381534, 7.557729844653369611, -2.454779244514317504 ) ) ;
#2416 = LINE ( 'NONE', #9409, #3106 ) ;
#2417 = DIRECTION ( 'NONE',  ( -0.000000000000000000, -0.000000000000000000, -1.000000000000000000 ) ) ;
#2418 = VECTOR ( 'NONE', #3035, 1000.000000000000000 ) ;
#2419 = ORIENTED_EDGE ( 'NONE', *, *, #11074, .F. ) ;
#2420 = VECTOR ( 'NONE', #1496, 1000.000000000000000 ) ;
#2421 = ORIENTED_EDGE ( 'NONE', *, *, #4710, .T. ) ;
#2422 = VECTOR ( 'NONE', #8799, 1000.000000000000000 ) ;
#2423 = ORIENTED_EDGE ( 'NONE', *, *, #9450, .T. ) ;
#2424 = CARTESIAN_POINT ( 'NONE',  ( -1.030666926558653025E-16, 6.965469875665441180, 3.675000000000000266 ) ) ;
#2425 = AXIS2_PLACEMENT_3D ( 'NONE', #5785, #3087, #1320 ) ;
#2426 = CARTESIAN_POINT ( 'NONE',  ( 1.399999999999999689, 9.670245855868246920, -5.485303232940223594 ) ) ;
#2427 = EDGE_CURVE ( 'NONE', #11159, #8348, #7376, .T. ) ;
#2428 = CARTESIAN_POINT ( 'NONE',  ( 1.396794528132546231, 10.33763016933164991, 0.000000000000000000 ) ) ;
#2429 = VECTOR ( 'NONE', #9517, 1000.000000000000000 ) ;
#2430 = ORIENTED_EDGE ( 'NONE', *, *, #7670, .F. ) ;
#2431 = CARTESIAN_POINT ( 'NONE',  ( 6.505213034913026604E-16, 2.565469875665443045, 11.17499999999999893 ) ) ;
#2432 = PLANE ( 'NONE',  #9054 ) ;
#2433 = ORIENTED_EDGE ( 'NONE', *, *, #11074, .T. ) ;
#2434 = CARTESIAN_POINT ( 'NONE',  ( -2.581372568141803381, 3.153668633940836408, -7.201334804540089785 ) ) ;
#2435 = ORIENTED_EDGE ( 'NONE', *, *, #3715, .F. ) ;
#2436 = ORIENTED_EDGE ( 'NONE', *, *, #5744, .F. ) ;
#2437 =( GEOMETRIC_REPRESENTATION_CONTEXT ( 3 ) GLOBAL_UNCERTAINTY_ASSIGNED_CONTEXT ( ( #7831 ) ) GLOBAL_UNIT_ASSIGNED_CONTEXT ( ( #6124, #8647, #3374 ) ) REPRESENTATION_CONTEXT ( 'NONE', 'WORKASPACE' ) );
#2438 = CARTESIAN_POINT ( 'NONE',  ( -2.586524759049135813, 3.046453914618040937, 7.199611372740288395 ) ) ;
#2439 = FACE_OUTER_BOUND ( 'NONE', #780, .T. ) ;
#2440 = FACE_OUTER_BOUND ( 'NONE', #2578, .T. ) ;
#2441 = ADVANCED_FACE ( 'NONE', ( #8787 ), #5406, .F. ) ;
#2442 = DIRECTION ( 'NONE',  ( -0.000000000000000000, 0.000000000000000000, 1.000000000000000000 ) ) ;
#2443 = LINE ( 'NONE', #2558, #5000 ) ;
#2444 = ORIENTED_EDGE ( 'NONE', *, *, #1401, .T. ) ;
#2445 = TOROIDAL_SURFACE ( 'NONE', #5921, 0.1299999999999999767, 0.02000000000000000042 ) ;
#2446 = ORIENTED_EDGE ( 'NONE', *, *, #688, .F. ) ;
#2447 = CARTESIAN_POINT ( 'NONE',  ( -3.328434437871129692, 8.463476615568003680, 7.800000000000000711 ) ) ;
#2448 = CARTESIAN_POINT ( 'NONE',  ( 3.412809285801763348, 8.259777713370697327, 7.800000000000000711 ) ) ;
#2449 = PRODUCT_DEFINITION_SHAPE ( 'NONE', 'NONE',  #4420 ) ;
#2450 = CIRCLE ( 'NONE', #1903, 3.649999999999999467 ) ;
#2451 = LINE ( 'NONE', #5998, #3129 ) ;
#2452 = VECTOR ( 'NONE', #8841, 1000.000000000000227 ) ;
#2453 = APPLICATION_CONTEXT ( 'automotive_design' ) ;
#2454 = EDGE_CURVE ( 'NONE', #4009, #10338, #143, .T. ) ;
#2455 = DIRECTION ( 'NONE',  ( -1.000000000000000000, -1.680321552529715428E-16, 0.000000000000000000 ) ) ;
#2456 = LINE ( 'NONE', #5950, #7552 ) ;
#2457 = VECTOR ( 'NONE', #5117, 1000.000000000000114 ) ;
#2458 = ORIENTED_EDGE ( 'NONE', *, *, #6823, .F. ) ;
#2459 = EDGE_CURVE ( 'NONE', #9554, #3657, #3512, .T. ) ;
#2460 = CARTESIAN_POINT ( 'NONE',  ( 2.986171345291913415, 4.950000000000000178, -5.107491688851529155 ) ) ;
#2461 = B_SPLINE_CURVE_WITH_KNOTS ( 'NONE', 3,
 ( #1251, #10011, #3826, #8354, #7322, #10131 ),
 .UNSPECIFIED., .F., .F.,
 ( 4, 2, 4 ),
 ( -6.928927488288763306E-06, 0.0003913249075196664263, 0.0007895787425276216184 ),
 .UNSPECIFIED. ) ;
#2462 = DIRECTION ( 'NONE',  ( -0.7071067811865452413, 1.531342102931251612E-17, -0.7071067811865497932 ) ) ;
#2463 = CARTESIAN_POINT ( 'NONE',  ( 1.399999999999999689, 6.500000000000000000, -4.469999999999999751 ) ) ;
#2464 = VERTEX_POINT ( 'NONE', #6260 ) ;
#2465 = ORIENTED_EDGE ( 'NONE', *, *, #9172, .T. ) ;
#2466 = ORIENTED_EDGE ( 'NONE', *, *, #2908, .F. ) ;
#2467 = VECTOR ( 'NONE', #8817, 1000.000000000000000 ) ;
#2468 = AXIS2_PLACEMENT_3D ( 'NONE', #11201, #4115, #10349 ) ;
#2469 = CARTESIAN_POINT ( 'NONE',  ( 1.379999999999999671, 12.48000000000000220, -2.027069063257456172 ) ) ;
#2470 = ADVANCED_FACE ( 'NONE', ( #9759 ), #11303, .T. ) ;
#2471 = ADVANCED_FACE ( 'NONE', ( #5289 ), #5232, .F. ) ;
#2472 = DIRECTION ( 'NONE',  ( 0.8028956459037004390, 0.5961196035938423066, 0.000000000000000000 ) ) ;
#2473 = DIRECTION ( 'NONE',  ( -0.000000000000000000, 1.000000000000000000, -0.000000000000000000 ) ) ;
#2474 = EDGE_CURVE ( 'NONE', #960, #6839, #8294, .T. ) ;
#2475 = CARTESIAN_POINT ( 'NONE',  ( 0.000000000000000000, 6.500000000000000000, -6.849999999999998757 ) ) ;
#2476 = CARTESIAN_POINT ( 'NONE',  ( -3.372160293666216280, 8.362264403797977863, 3.675000000000000266 ) ) ;
#2477 = ORIENTED_EDGE ( 'NONE', *, *, #9019, .T. ) ;
#2478 = LINE ( 'NONE', #5802, #6364 ) ;
#2479 = DIRECTION ( 'NONE',  ( -0.7071067811865473507, -2.775557561562890735E-17, 0.7071067811865477948 ) ) ;
#2480 = ORIENTED_EDGE ( 'NONE', *, *, #1716, .F. ) ;
#2481 = ORIENTED_EDGE ( 'NONE', *, *, #6263, .T. ) ;
#2482 = VERTEX_POINT ( 'NONE', #1736 ) ;
#2483 = VECTOR ( 'NONE', #2383, 1000.000000000000000 ) ;
#2484 = AXIS2_PLACEMENT_3D ( 'NONE', #7103, #10361, #1649 ) ;
#2485 = CARTESIAN_POINT ( 'NONE',  ( -3.328434437871126583, 8.463476615568009009, 3.675000000000000266 ) ) ;
#2486 = APPLICATION_PROTOCOL_DEFINITION ( 'draft international standard', 'automotive_design', 1998, #704 ) ;
#2487 = FACE_OUTER_BOUND ( 'NONE', #2957, .T. ) ;
#2488 = LINE ( 'NONE', #3346, #4966 ) ;
#2489 = EDGE_CURVE ( 'NONE', #7385, #9804, #4427, .T. ) ;
#2490 = VERTEX_POINT ( 'NONE', #9182 ) ;
#2491 = DIRECTION ( 'NONE',  ( -1.000000000000000000, 0.000000000000000000, 0.000000000000000000 ) ) ;
#2492 = DIRECTION ( 'NONE',  ( -1.000000000000000000, 0.000000000000000000, 0.000000000000000000 ) ) ;
#2493 = EDGE_LOOP ( 'NONE', ( #4118, #3576, #6100, #9222 ) ) ;
#2494 = CARTESIAN_POINT ( 'NONE',  ( -5.736181009075441040, 5.990449107840077225, 0.000000000000000000 ) ) ;
#2495 = ORIENTED_EDGE ( 'NONE', *, *, #9640, .F. ) ;
#2496 = CIRCLE ( 'NONE', #8905, 0.1000000000000001443 ) ;
#2497 = EDGE_LOOP ( 'NONE', ( #10893, #291, #2887, #2069 ) ) ;
#2498 = EDGE_CURVE ( 'NONE', #3395, #6007, #10728, .T. ) ;
#2499 = LINE ( 'NONE', #8462, #11005 ) ;
#2500 = CARTESIAN_POINT ( 'NONE',  ( -1.380000000000000115, 6.649999999999999467, 4.549999999999999822 ) ) ;
#2501 = VECTOR ( 'NONE', #11293, 1000.000000000000000 ) ;
#2502 = DIRECTION ( 'NONE',  ( 4.945579762210229334E-17, -1.000000000000000000, 0.000000000000000000 ) ) ;
#2503 = DIRECTION ( 'NONE',  ( 0.000000000000000000, -1.000000000000000000, 0.000000000000000000 ) ) ;
#2504 = DIRECTION ( 'NONE',  ( 1.000000000000000000, 0.000000000000000000, 0.000000000000000000 ) ) ;
#2505 = EDGE_LOOP ( 'NONE', ( #3008, #4231, #5365, #2091 ) ) ;
#2506 = VERTEX_POINT ( 'NONE', #9125 ) ;
#2507 = LINE ( 'NONE', #55, #4529 ) ;
#2508 = DIRECTION ( 'NONE',  ( -1.000000000000000000, -2.168404344971008252E-17, -8.673617379884035472E-17 ) ) ;
#2509 = EDGE_CURVE ( 'NONE', #8888, #4838, #9929, .T. ) ;
#2510 = EDGE_CURVE ( 'NONE', #1018, #1599, #7924, .T. ) ;
#2511 = DIRECTION ( 'NONE',  ( 0.000000000000000000, 0.000000000000000000, -1.000000000000000000 ) ) ;
#2512 = CARTESIAN_POINT ( 'NONE',  ( -7.153438812664350444, 3.008506057664686484, 2.712730372333567175 ) ) ;
#2513 = SURFACE_SIDE_STYLE ('',( #6814 ) ) ;
#2514 = EDGE_LOOP ( 'NONE', ( #6635, #9485, #6217, #3941 ) ) ;
#2515 = LINE ( 'NONE', #9667, #4920 ) ;
#2516 = FACE_OUTER_BOUND ( 'NONE', #4012, .T. ) ;
#2517 = AXIS2_PLACEMENT_3D ( 'NONE', #81, #1894, #1779 ) ;
#2518 = CARTESIAN_POINT ( 'NONE',  ( 4.745536286357737055, 3.598821182761691606, 7.800000000000000711 ) ) ;
#2519 = VERTEX_POINT ( 'NONE', #9870 ) ;
#2520 = ORIENTED_EDGE ( 'NONE', *, *, #9308, .T. ) ;
#2521 = ADVANCED_FACE ( 'NONE', ( #8153 ), #6374, .T. ) ;
#2522 = ORIENTED_EDGE ( 'NONE', *, *, #6536, .T. ) ;
#2523 = DIRECTION ( 'NONE',  ( 0.000000000000000000, 0.000000000000000000, 1.000000000000000000 ) ) ;
#2524 = VECTOR ( 'NONE', #6484, 1000.000000000000000 ) ;
#2525 = CARTESIAN_POINT ( 'NONE',  ( -1.400000000000000133, 8.631655426250501861, 4.379999999999999893 ) ) ;
#2526 = CARTESIAN_POINT ( 'NONE',  ( -1.379999999999999449, 0.02644174998362247911, -0.1586504999017351591 ) ) ;
#2527 = CYLINDRICAL_SURFACE ( 'NONE', #10391, 1.500000000000000222 ) ;
#2528 = CARTESIAN_POINT ( 'NONE',  ( 4.926415935006103197, 10.06141304405313797, -2.613951291675112643 ) ) ;
#2529 = ORIENTED_EDGE ( 'NONE', *, *, #3252, .T. ) ;
#2530 = CARTESIAN_POINT ( 'NONE',  ( 4.046831517071719730, 3.090000000000000746, 4.046831517071717066 ) ) ;
#2531 = CARTESIAN_POINT ( 'NONE',  ( 2.472299299311649268, 0.2639522234558860925, 3.675000000000000266 ) ) ;
#2532 = ORIENTED_EDGE ( 'NONE', *, *, #8143, .F. ) ;
#2533 = VERTEX_POINT ( 'NONE', #10671 ) ;
#2534 = VECTOR ( 'NONE', #10073, 1000.000000000000000 ) ;
#2535 = EDGE_CURVE ( 'NONE', #2609, #9188, #3347, .T. ) ;
#2536 = ORIENTED_EDGE ( 'NONE', *, *, #2951, .F. ) ;
#2537 = EDGE_CURVE ( 'NONE', #9141, #1821, #1223, .T. ) ;
#2538 = CARTESIAN_POINT ( 'NONE',  ( -1.396794528132614621, 10.33763016933162149, 3.675000000000000266 ) ) ;
#2539 = CARTESIAN_POINT ( 'NONE',  ( -1.771168402671605879E-15, 6.965469875665441180, 15.29999999999999893 ) ) ;
#2540 = DIRECTION ( 'NONE',  ( -0.6042542366568471879, 0.7967915771908303801, 0.000000000000000000 ) ) ;
#2541 = ORIENTED_EDGE ( 'NONE', *, *, #2377, .F. ) ;
#2542 = DIRECTION ( 'NONE',  ( -0.9592845720430323020, 0.2824413387594251756, 0.000000000000000000 ) ) ;
#2543 = CARTESIAN_POINT ( 'NONE',  ( 7.296724953260060431, 3.000000000000000000, 2.297891415291850148 ) ) ;
#2544 = ORIENTED_EDGE ( 'NONE', *, *, #1371, .T. ) ;
#2545 = DIRECTION ( 'NONE',  ( 0.9943490029226543792, 0.1061605406293850001, 0.000000000000000000 ) ) ;
#2546 = ORIENTED_EDGE ( 'NONE', *, *, #6202, .F. ) ;
#2547 = ORIENTED_EDGE ( 'NONE', *, *, #5323, .T. ) ;
#2548 = ADVANCED_FACE ( 'NONE', ( #5463 ), #4599, .F. ) ;
#2549 = DIRECTION ( 'NONE',  ( 0.9906889957247192458, -0.1361444591231943668, 0.000000000000000000 ) ) ;
#2550 = TOROIDAL_SURFACE ( 'NONE', #8046, 0.1299999999999999767, 0.02000000000000000042 ) ;
#2551 = DIRECTION ( 'NONE',  ( -0.000000000000000000, 0.000000000000000000, -1.000000000000000000 ) ) ;
#2552 = B_SPLINE_CURVE_WITH_KNOTS ( 'NONE', 3,
 ( #2096, #2267, #11030, #5816, #447, #8400, #3014, #8344, #4790, #4959 ),
 .UNSPECIFIED., .F., .F.,
 ( 4, 3, 3, 4 ),
 ( 3.252606517456513302E-19, 3.932309463598215903E-05, 8.009671586239488865E-05, 8.254620561176626600E-05 ),
 .UNSPECIFIED. ) ;
#2553 = DIRECTION ( 'NONE',  ( 0.000000000000000000, 0.000000000000000000, 1.000000000000000000 ) ) ;
#2554 = CARTESIAN_POINT ( 'NONE',  ( -4.763625870545991958, 3.844580505176282248, 7.800000000000000711 ) ) ;
#2555 = EDGE_LOOP ( 'NONE', ( #54, #9500, #1479, #10551 ) ) ;
#2556 = PLANE ( 'NONE',  #5719 ) ;
#2557 = CARTESIAN_POINT ( 'NONE',  ( -4.600654826388333341, 10.14107261474447874, 3.675000000000000266 ) ) ;
#2558 = CARTESIAN_POINT ( 'NONE',  ( 2.580939751330912024, 4.384530124334557577, 15.00000000000000000 ) ) ;
#2559 = EDGE_CURVE ( 'NONE', #733, #2601, #11208, .T. ) ;
#2560 = ORIENTED_EDGE ( 'NONE', *, *, #3085, .F. ) ;
#2561 = ORIENTED_EDGE ( 'NONE', *, *, #7998, .F. ) ;
#2562 = CARTESIAN_POINT ( 'NONE',  ( -1.379999999999999893, -2.992397996059990389E-17, 4.379999999999999893 ) ) ;
#2563 = VECTOR ( 'NONE', #1226, 1000.000000000000000 ) ;
#2564 = PLANE ( 'NONE',  #4288 ) ;
#2565 = VECTOR ( 'NONE', #1798, 1000.000000000000000 ) ;
#2566 = CARTESIAN_POINT ( 'NONE',  ( 0.000000000000000000, 11.43165542625050612, -5.400000000000000355 ) ) ;
#2567 = DIRECTION ( 'NONE',  ( -0.6042542366568471879, 0.7967915771908303801, 0.000000000000000000 ) ) ;
#2568 = PRODUCT_DEFINITION_FORMATION_WITH_SPECIFIED_SOURCE ( 'ANY', '', #6204, .NOT_KNOWN. ) ;
#2569 = EDGE_CURVE ( 'NONE', #4237, #10716, #9816, .T. ) ;
#2570 = ADVANCED_FACE ( 'NONE', ( #9014 ), #6547, .T. ) ;
#2571 = ORIENTED_EDGE ( 'NONE', *, *, #8722, .F. ) ;
#2572 = CARTESIAN_POINT ( 'NONE',  ( -3.903127820947815962E-14, 10.61546987566544153, 11.17499999999999893 ) ) ;
#2573 = LINE ( 'NONE', #7903, #7608 ) ;
#2574 = DIRECTION ( 'NONE',  ( 0.000000000000000000, 0.000000000000000000, 1.000000000000000000 ) ) ;
#2575 = VECTOR ( 'NONE', #5419, 1000.000000000000000 ) ;
#2576 = ORIENTED_EDGE ( 'NONE', *, *, #123, .F. ) ;
#2577 = ORIENTED_EDGE ( 'NONE', *, *, #6053, .T. ) ;
#2578 = EDGE_LOOP ( 'NONE', ( #9498, #6211, #3429, #8411 ) ) ;
#2579 = CARTESIAN_POINT ( 'NONE',  ( -4.934344465946485236, 3.200000000000000178, -4.751288740056038407 ) ) ;
#2580 = AXIS2_PLACEMENT_3D ( 'NONE', #9441, #1591, #5081 ) ;
#2581 = CARTESIAN_POINT ( 'NONE',  ( -1.771168402671605879E-15, 6.965469875665441180, 11.17499999999999893 ) ) ;
#2582 = LINE ( 'NONE', #5218, #2053 ) ;
#2583 = EDGE_CURVE ( 'NONE', #282, #2590, #10037, .T. ) ;
#2584 = CARTESIAN_POINT ( 'NONE',  ( 3.055708360304935756, 1.499999999999999334, -7.013831087634015304 ) ) ;
#2585 = CARTESIAN_POINT ( 'NONE',  ( 7.284988917792942331, 3.116491533522732116, 2.334875965827334365 ) ) ;
#2586 = ORIENTED_EDGE ( 'NONE', *, *, #3769, .T. ) ;
#2587 = AXIS2_PLACEMENT_3D ( 'NONE', #9181, #3970, #1331 ) ;
#2588 = CARTESIAN_POINT ( 'NONE',  ( -1.380000000000000115, 11.52975414413175947, 5.485303232940222706 ) ) ;
#2589 = CARTESIAN_POINT ( 'NONE',  ( 1.399999999999999689, 6.649999999999999467, 4.549999999999999822 ) ) ;
#2590 = VERTEX_POINT ( 'NONE', #7295 ) ;
#2591 = ORIENTED_EDGE ( 'NONE', *, *, #1917, .T. ) ;
#2592 = PLANE ( 'NONE',  #6664 ) ;
#2593 = AXIS2_PLACEMENT_3D ( 'NONE', #392, #8689, #6740 ) ;
#2594 = ORIENTED_EDGE ( 'NONE', *, *, #8861, .T. ) ;
#2595 = AXIS2_PLACEMENT_3D ( 'NONE', #7701, #2368, #4100 ) ;
#2596 = DIRECTION ( 'NONE',  ( -0.7071067811865563435, 0.000000000000000000, 0.7071067811865388020 ) ) ;
#2597 = CARTESIAN_POINT ( 'NONE',  ( -1.380000000000000115, 11.43165542625050435, 5.530000000000000249 ) ) ;
#2598 = CARTESIAN_POINT ( 'NONE',  ( 1.498006739902556506, 10.29390431353657220, 0.000000000000000000 ) ) ;
#2599 = ADVANCED_FACE ( 'NONE', ( #2180 ), #3143, .T. ) ;
#2600 = VECTOR ( 'NONE', #3328, 1000.000000000000000 ) ;
#2601 = VERTEX_POINT ( 'NONE', #3744 ) ;
#2602 = DIRECTION ( 'NONE',  ( -0.000000000000000000, -0.000000000000000000, 1.000000000000000000 ) ) ;
#2603 = LINE ( 'NONE', #4546, #7222 ) ;
#2604 = VECTOR ( 'NONE', #650, 1000.000000000000000 ) ;
#2605 = VERTEX_POINT ( 'NONE', #7244 ) ;
#2606 = CARTESIAN_POINT ( 'NONE',  ( -1.030666926558653025E-16, 6.965469875665441180, 0.000000000000000000 ) ) ;
#2607 = EDGE_CURVE ( 'NONE', #6268, #8215, #2881, .T. ) ;
#2608 = ORIENTED_EDGE ( 'NONE', *, *, #7586, .F. ) ;
#2609 = VERTEX_POINT ( 'NONE', #4662 ) ;
#2610 = DIRECTION ( 'NONE',  ( -0.000000000000000000, 1.000000000000000000, -0.000000000000000000 ) ) ;
#2611 = AXIS2_PLACEMENT_3D ( 'NONE', #3914, #1961, #2017 ) ;
#2612 = DIRECTION ( 'NONE',  ( -0.2824413387594251756, -0.9592845720430323020, 0.000000000000000000 ) ) ;
#2613 = DIRECTION ( 'NONE',  ( -0.000000000000000000, -0.000000000000000000, -1.000000000000000000 ) ) ;
#2614 = EDGE_CURVE ( 'NONE', #1241, #2506, #2933, .T. ) ;
#2615 = ORIENTED_EDGE ( 'NONE', *, *, #2614, .T. ) ;
#2616 = DIRECTION ( 'NONE',  ( -8.673617379884035472E-17, -1.880790961315659329E-33, -1.000000000000000000 ) ) ;
#2617 = CARTESIAN_POINT ( 'NONE',  ( 1.393841279746829143, 4.734046515325193383, 0.000000000000000000 ) ) ;
#2618 = LINE ( 'NONE', #6113, #10491 ) ;
#2619 = ORIENTED_EDGE ( 'NONE', *, *, #9019, .F. ) ;
#2620 = EDGE_CURVE ( 'NONE', #2533, #1232, #8206, .T. ) ;
#2621 = ORIENTED_EDGE ( 'NONE', *, *, #6018, .F. ) ;
#2622 = FILL_AREA_STYLE ('',( #10526 ) ) ;
#2623 = AXIS2_PLACEMENT_3D ( 'NONE', #2280, #4117, #4057 ) ;
#2624 = DIRECTION ( 'NONE',  ( 1.000000000000000000, 0.000000000000000000, 0.000000000000000000 ) ) ;
#2625 = AXIS2_PLACEMENT_3D ( 'NONE', #10721, #7400, #5567 ) ;
#2626 = EDGE_CURVE ( 'NONE', #9512, #7493, #11014, .T. ) ;
#2627 = DIRECTION ( 'NONE',  ( 0.000000000000000000, -0.000000000000000000, -1.000000000000000000 ) ) ;
#2628 = AXIS2_PLACEMENT_3D ( 'NONE', #7663, #1635, #5941 ) ;
#2629 = CARTESIAN_POINT ( 'NONE',  ( -1.380000000000000115, 9.670245855868245144, -5.485303232940222706 ) ) ;
#2630 = LINE ( 'NONE', #10303, #3197 ) ;
#2631 = VECTOR ( 'NONE', #8472, 1000.000000000000114 ) ;
#2632 = FACE_OUTER_BOUND ( 'NONE', #2061, .T. ) ;
#2633 = ORIENTED_EDGE ( 'NONE', *, *, #7034, .F. ) ;
#2634 = CARTESIAN_POINT ( 'NONE',  ( 4.694468754111191799, 10.00067014989616077, 7.800000000000000711 ) ) ;
#2635 = CARTESIAN_POINT ( 'NONE',  ( 3.649999999999998135, 6.965469875665465160, 3.675000000000000266 ) ) ;
#2636 = CIRCLE ( 'NONE', #9043, 3.649999999999999467 ) ;
#2637 = DIRECTION ( 'NONE',  ( -0.5049013445390029275, -0.8631770573194743612, 0.000000000000000000 ) ) ;
#2638 = ORIENTED_EDGE ( 'NONE', *, *, #4083, .T. ) ;
#2639 = ORIENTED_EDGE ( 'NONE', *, *, #871, .T. ) ;
#2640 = ADVANCED_FACE ( 'NONE', ( #9244 ), #10952, .T. ) ;
#2641 = AXIS2_PLACEMENT_3D ( 'NONE', #11138, #7597, #720 ) ;
#2642 = CARTESIAN_POINT ( 'NONE',  ( -4.409194422298670979, 5.814123865017243098, 3.675000000000000266 ) ) ;
#2643 = FACE_OUTER_BOUND ( 'NONE', #5262, .T. ) ;
#2644 = CARTESIAN_POINT ( 'NONE',  ( -1.030666926558653025E-16, 6.965469875665441180, 11.17499999999999893 ) ) ;
#2645 = CARTESIAN_POINT ( 'NONE',  ( 0.000000000000000000, 3.000000000000000000, 0.000000000000000000 ) ) ;
#2646 = ORIENTED_EDGE ( 'NONE', *, *, #6024, .F. ) ;
#2647 = DIRECTION ( 'NONE',  ( 0.000000000000000000, 0.000000000000000000, 1.000000000000000000 ) ) ;
#2648 = CARTESIAN_POINT ( 'NONE',  ( -4.600654826388333341, 10.14107261474447874, 11.17499999999999893 ) ) ;
#2649 = ORIENTED_EDGE ( 'NONE', *, *, #1982, .F. ) ;
#2650 = ORIENTED_EDGE ( 'NONE', *, *, #1184, .T. ) ;
#2651 = CARTESIAN_POINT ( 'NONE',  ( -4.999999999999999112, 8.000000000000000000, 2.291287847478249429 ) ) ;
#2652 = VERTEX_POINT ( 'NONE', #1555 ) ;
#2653 = EDGE_CURVE ( 'NONE', #501, #6648, #1604, .T. ) ;
#2654 = LINE ( 'NONE', #5405, #9530 ) ;
#2655 = DIRECTION ( 'NONE',  ( 0.000000000000000000, -0.1643989873053572637, -0.9863939238321437486 ) ) ;
#2656 = LINE ( 'NONE', #1000, #2411 ) ;
#2657 = DIRECTION ( 'NONE',  ( 1.000000000000000000, 0.000000000000000000, 0.000000000000000000 ) ) ;
#2658 = LINE ( 'NONE', #4603, #11244 ) ;
#2659 = VERTEX_POINT ( 'NONE', #536 ) ;
#2660 = LINE ( 'NONE', #10511, #5964 ) ;
#2661 = ORIENTED_EDGE ( 'NONE', *, *, #4568, .T. ) ;
#2662 = EDGE_LOOP ( 'NONE', ( #7250, #8004, #9233, #3950 ) ) ;
#2663 = VECTOR ( 'NONE', #8514, 1000.000000000000000 ) ;
#2664 = ADVANCED_FACE ( 'NONE', ( #1495 ), #3271, .T. ) ;
#2665 = DIRECTION ( 'NONE',  ( 1.000000000000000000, 0.000000000000000000, 0.000000000000000000 ) ) ;
#2666 =( NAMED_UNIT ( * ) SI_UNIT ( $, .STERADIAN. ) SOLID_ANGLE_UNIT ( ) );
#2667 = LINE ( 'NONE', #1011, #1871 ) ;
#2668 = CARTESIAN_POINT ( 'NONE',  ( -7.252000366886311333, 3.000000000000000000, 2.435362535369389292 ) ) ;
#2669 = ORIENTED_EDGE ( 'NONE', *, *, #1672, .T. ) ;
#2670 = DIRECTION ( 'NONE',  ( 0.8780328119034589429, 0.4786004400550684101, 0.000000000000000000 ) ) ;
#2671 = CARTESIAN_POINT ( 'NONE',  ( 3.328434437871126139, 5.467463135762873350, 11.17499999999999893 ) ) ;
#2672 = LINE ( 'NONE', #9653, #77 ) ;
#2673 = ORIENTED_EDGE ( 'NONE', *, *, #11047, .F. ) ;
#2674 = VERTEX_POINT ( 'NONE', #4887 ) ;
#2675 = SURFACE_STYLE_FILL_AREA ( #2622 ) ;
#2676 = CARTESIAN_POINT ( 'NONE',  ( -1.399999999999999911, 12.34999999999999964, 2.027069063257455728 ) ) ;
#2677 = EDGE_CURVE ( 'NONE', #4953, #9344, #5335, .T. ) ;
#2678 = EDGE_CURVE ( 'NONE', #6131, #6921, #4141, .T. ) ;
#2679 = CARTESIAN_POINT ( 'NONE',  ( -0.9750207678253501875, 12.70165088474088044, 0.000000000000000000 ) ) ;
#2680 = EDGE_CURVE ( 'NONE', #10379, #9940, #10646, .T. ) ;
#2681 = DIRECTION ( 'NONE',  ( 0.000000000000000000, 0.000000000000000000, 1.000000000000000000 ) ) ;
#2682 = CARTESIAN_POINT ( 'NONE',  ( -2.501810091522911339, 9.623184357312055681, 11.17499999999999893 ) ) ;
#2683 = CARTESIAN_POINT ( 'NONE',  ( 2.580939751330914689, -4.084530124334557755, 0.2999999999999999334 ) ) ;
#2684 = ORIENTED_EDGE ( 'NONE', *, *, #10698, .T. ) ;
#2685 = DIRECTION ( 'NONE',  ( 1.978231904884091733E-16, -1.000000000000000000, 0.000000000000000000 ) ) ;
#2686 = DIRECTION ( 'NONE',  ( 0.2824413387594237879, 0.9592845720430326351, 0.000000000000000000 ) ) ;
#2687 = CIRCLE ( 'NONE', #8179, 0.02000000000000005246 ) ;
#2688 = DIRECTION ( 'NONE',  ( 0.4918069879902069452, 0.8707042474709769664, 0.000000000000000000 ) ) ;
#2689 = ORIENTED_EDGE ( 'NONE', *, *, #10819, .F. ) ;
#2690 = ORIENTED_EDGE ( 'NONE', *, *, #6486, .T. ) ;
#2691 = DIRECTION ( 'NONE',  ( 0.2824413387594217895, 0.9592845720430331902, 0.000000000000000000 ) ) ;
#2692 = ADVANCED_FACE ( 'NONE', ( #484 ), #11009, .T. ) ;
#2693 = DIRECTION ( 'NONE',  ( -0.000000000000000000, 0.000000000000000000, 1.000000000000000000 ) ) ;
#2694 = DIRECTION ( 'NONE',  ( -2.472789881105115160E-16, 1.000000000000000000, 0.000000000000000000 ) ) ;
#2695 = DIRECTION ( 'NONE',  ( 1.000000000000000000, 0.000000000000000000, 0.000000000000000000 ) ) ;
#2696 = DIRECTION ( 'NONE',  ( 0.9943490029226543792, 0.1061605406293850001, 0.000000000000000000 ) ) ;
#2697 = ORIENTED_EDGE ( 'NONE', *, *, #9193, .T. ) ;
#2698 = EDGE_CURVE ( 'NONE', #8553, #10330, #6601, .T. ) ;
#2699 = DIRECTION ( 'NONE',  ( 0.000000000000000000, 0.000000000000000000, -1.000000000000000000 ) ) ;
#2700 = CARTESIAN_POINT ( 'NONE',  ( -0.4338126793327944375, 9.560436211757014746, -2.613951291675116195 ) ) ;
#2701 = ORIENTED_EDGE ( 'NONE', *, *, #1994, .F. ) ;
#2702 = ORIENTED_EDGE ( 'NONE', *, *, #215, .T. ) ;
#2703 = CARTESIAN_POINT ( 'NONE',  ( 1.399999999999999689, 9.768344573749498494, 5.530000000000000249 ) ) ;
#2704 = EDGE_LOOP ( 'NONE', ( #3934, #751, #8694, #9570 ) ) ;
#2705 = DIRECTION ( 'NONE',  ( -0.6280440846592173498, -0.7781777610061635375, 0.000000000000000000 ) ) ;
#2706 = DIRECTION ( 'NONE',  ( -0.7071067811865496822, 0.000000000000000000, 0.7071067811865453523 ) ) ;
#2707 = CARTESIAN_POINT ( 'NONE',  ( -1.390180519077591104, 6.500000000000000000, -0.8009322421621059007 ) ) ;
#2708 = CARTESIAN_POINT ( 'NONE',  ( -1.771168402671605879E-15, 6.965469875665441180, 11.17499999999999893 ) ) ;
#2709 = CARTESIAN_POINT ( 'NONE',  ( 4.600654826388332452, 3.789867136586405838, 7.800000000000000711 ) ) ;
#2710 = EDGE_CURVE ( 'NONE', #2506, #2230, #8378, .T. ) ;
#2711 = EDGE_CURVE ( 'NONE', #9860, #9804, #4613, .T. ) ;
#2712 = ORIENTED_EDGE ( 'NONE', *, *, #3678, .F. ) ;
#2713 = AXIS2_PLACEMENT_3D ( 'NONE', #1829, #1042, #8032 ) ;
#2714 = FACE_OUTER_BOUND ( 'NONE', #3366, .T. ) ;
#2715 = ORIENTED_EDGE ( 'NONE', *, *, #6998, .F. ) ;
#2716 = ORIENTED_EDGE ( 'NONE', *, *, #9894, .F. ) ;
#2717 = CARTESIAN_POINT ( 'NONE',  ( -2.580939751330911580, 4.384530124334556689, 0.2999999999999999334 ) ) ;
#2718 = AXIS2_PLACEMENT_3D ( 'NONE', #4577, #8135, #3027 ) ;
#2719 = CARTESIAN_POINT ( 'NONE',  ( -2.141670180522088796, 8.493636281545676070, -2.457261515329064672 ) ) ;
#2720 = ORIENTED_EDGE ( 'NONE', *, *, #4284, .T. ) ;
#2721 = DIRECTION ( 'NONE',  ( 1.000000000000000000, 0.000000000000000000, 0.000000000000000000 ) ) ;
#2722 = CARTESIAN_POINT ( 'NONE',  ( -4.999999999999999112, 7.500000000000000000, 0.000000000000000000 ) ) ;
#2723 = CARTESIAN_POINT ( 'NONE',  ( 4.555805433952622607, 7.763919350724530766, 2.192314546146025389 ) ) ;
#2724 = EDGE_CURVE ( 'NONE', #3777, #7279, #3161, .T. ) ;
#2725 = VERTEX_POINT ( 'NONE', #3220 ) ;
#2726 = VERTEX_POINT ( 'NONE', #6660 ) ;
#2727 = DIRECTION ( 'NONE',  ( -1.000000000000000000, 0.000000000000000000, 0.000000000000000000 ) ) ;
#2728 = CARTESIAN_POINT ( 'NONE',  ( -4.694468754111173148, 3.930269601434693172, 7.800000000000000711 ) ) ;
#2729 = VECTOR ( 'NONE', #9032, 1000.000000000000114 ) ;
#2730 = CARTESIAN_POINT ( 'NONE',  ( -2.091014652896255654, 3.836142472419358906, 7.800000000000000711 ) ) ;
#2731 = DIRECTION ( 'NONE',  ( -0.000000000000000000, -0.000000000000000000, 1.000000000000000000 ) ) ;
#2732 = FACE_OUTER_BOUND ( 'NONE', #206, .T. ) ;
#2733 = CARTESIAN_POINT ( 'NONE',  ( -3.372160293666177644, 5.568675347532813902, 3.675000000000000266 ) ) ;
#2734 = CIRCLE ( 'NONE', #6766, 3.649999999999999467 ) ;
#2735 = EDGE_CURVE ( 'NONE', #2022, #2030, #3971, .T. ) ;
#2736 = VERTEX_POINT ( 'NONE', #5847 ) ;
#2737 = CARTESIAN_POINT ( 'NONE',  ( 2.580939751330912024, 4.384530124334557577, 15.29999999999999893 ) ) ;
#2738 = EDGE_CURVE ( 'NONE', #4752, #2725, #6717, .T. ) ;
#2739 = CARTESIAN_POINT ( 'NONE',  ( 1.393841279746829143, 4.734046515325193383, 11.17499999999999893 ) ) ;
#2740 = CARTESIAN_POINT ( 'NONE',  ( -3.035200274230731132, 11.65993862977662765, -2.613951291675112643 ) ) ;
#2741 = ORIENTED_EDGE ( 'NONE', *, *, #6332, .T. ) ;
#2742 = EDGE_CURVE ( 'NONE', #6920, #560, #5798, .T. ) ;
#2743 = ORIENTED_EDGE ( 'NONE', *, *, #2742, .T. ) ;
#2744 = DIRECTION ( 'NONE',  ( 1.000000000000000000, 0.000000000000000000, 0.000000000000000000 ) ) ;
#2745 = CIRCLE ( 'NONE', #563, 0.1499999999999999667 ) ;
#2746 = LINE ( 'NONE', #756, #5525 ) ;
#2747 = DIRECTION ( 'NONE',  ( -0.000000000000000000, -0.000000000000000000, -1.000000000000000000 ) ) ;
#2748 = ADVANCED_FACE ( 'NONE', ( #11170 ), #10320, .T. ) ;
#2749 = TOROIDAL_SURFACE ( 'NONE', #10618, 0.1299999999999999767, 0.02000000000000000042 ) ;
#2750 = CARTESIAN_POINT ( 'NONE',  ( 3.396937244278622980, 1.653668633940834187, -6.854452907495114822 ) ) ;
#2751 = DIRECTION ( 'NONE',  ( -0.000000000000000000, -0.000000000000000000, -1.000000000000000000 ) ) ;
#2752 = CARTESIAN_POINT ( 'NONE',  ( 6.505213034913026604E-16, 2.565469875665443045, 3.675000000000000266 ) ) ;
#2753 = CARTESIAN_POINT ( 'NONE',  ( -1.098581491038424840, 0.6205207517233428671, 11.17499999999999893 ) ) ;
#2754 = VERTEX_POINT ( 'NONE', #5965 ) ;
#2755 = EDGE_CURVE ( 'NONE', #4918, #8888, #4068, .T. ) ;
#2756 = EDGE_LOOP ( 'NONE', ( #1958, #9650, #8427, #360 ) ) ;
#2757 = CARTESIAN_POINT ( 'NONE',  ( -2.501810091522905566, 9.623184357312057458, 7.800000000000000711 ) ) ;
#2758 = VERTEX_POINT ( 'NONE', #4084 ) ;
#2759 = AXIS2_PLACEMENT_3D ( 'NONE', #2566, #7729, #1704 ) ;
#2760 = EDGE_CURVE ( 'NONE', #4507, #7079, #11233, .T. ) ;
#2761 = CARTESIAN_POINT ( 'NONE',  ( -7.252000366886311333, 3.200000000000000178, 2.435362535369389292 ) ) ;
#2762 = DIRECTION ( 'NONE',  ( 1.000000000000000000, 0.000000000000000000, 0.000000000000000000 ) ) ;
#2763 = CARTESIAN_POINT ( 'NONE',  ( -2.141670180522088796, 8.493636281545676070, 0.000000000000000000 ) ) ;
#2764 = VECTOR ( 'NONE', #8906, 1000.000000000000000 ) ;
#2765 = CARTESIAN_POINT ( 'NONE',  ( 4.694468754111195352, 10.00067014989615544, -2.613951291675112643 ) ) ;
#2766 = DIRECTION ( 'NONE',  ( 0.000000000000000000, 0.000000000000000000, -1.000000000000000000 ) ) ;
#2767 = ORIENTED_EDGE ( 'NONE', *, *, #898, .T. ) ;
#2769 = CARTESIAN_POINT ( 'NONE',  ( -2.263182533822390319, 8.000000000000001776, -4.871246803256979341 ) ) ;
#2768 = CIRCLE ( 'NONE', #9179, 3.649999999999999467 ) ;
#2770 = VERTEX_POINT ( 'NONE', #1660 ) ;
#2771 = VECTOR ( 'NONE', #5924, 1000.000000000000114 ) ;
#2772 = VERTEX_POINT ( 'NONE', #1774 ) ;
#2773 = EDGE_CURVE ( 'NONE', #7484, #4933, #7910, .T. ) ;
#2774 = CARTESIAN_POINT ( 'NONE',  ( 1.399999999999999689, 8.631655426250503638, -4.379999999999998117 ) ) ;
#2775 = AXIS2_PLACEMENT_3D ( 'NONE', #11120, #6768, #2413 ) ;
#2777 = VECTOR ( 'NONE', #2962, 1000.000000000000114 ) ;
#2776 = CARTESIAN_POINT ( 'NONE',  ( -5.465701386268203343, 8.138749869597994291, 11.17499999999999893 ) ) ;
#2778 = CARTESIAN_POINT ( 'NONE',  ( 1.393841279746818262, 4.734046515325192495, -2.625562286609687046 ) ) ;
#2779 = CARTESIAN_POINT ( 'NONE',  ( 1.399999999999999689, 8.759938365018300033, -4.438449618462785295 ) ) ;
#2780 = ORIENTED_EDGE ( 'NONE', *, *, #5323, .F. ) ;
#2781 = CARTESIAN_POINT ( 'NONE',  ( -2.670106700085394635, 0.3669367824343569562, 3.675000000000000266 ) ) ;
#2782 = LINE ( 'NONE', #1804, #4839 ) ;
#2783 = FACE_OUTER_BOUND ( 'NONE', #1034, .T. ) ;
#2784 = VERTEX_POINT ( 'NONE', #816 ) ;
#2785 = VERTEX_POINT ( 'NONE', #3387 ) ;
#2786 = FACE_OUTER_BOUND ( 'NONE', #1817, .T. ) ;
#2787 = VECTOR ( 'NONE', #10144, 1000.000000000000000 ) ;
#2788 = DIRECTION ( 'NONE',  ( -0.000000000000000000, 1.000000000000000000, 0.000000000000000000 ) ) ;
#2789 = VERTEX_POINT ( 'NONE', #6074 ) ;
#2790 = AXIS2_PLACEMENT_3D ( 'NONE', #1661, #1605, #5274 ) ;
#2791 = AXIS2_PLACEMENT_3D ( 'NONE', #6968, #10457, #3528 ) ;
#2792 = DIRECTION ( 'NONE',  ( 0.000000000000000000, 0.000000000000000000, -1.000000000000000000 ) ) ;
#2793 = EDGE_CURVE ( 'NONE', #2030, #1077, #4357, .T. ) ;
#2794 = CARTESIAN_POINT ( 'NONE',  ( -2.456675682618985057, -4.260266055622630610, 15.29999999999999716 ) ) ;
#2795 = DIRECTION ( 'NONE',  ( 0.000000000000000000, 0.000000000000000000, 1.000000000000000000 ) ) ;
#2796 = AXIS2_PLACEMENT_3D ( 'NONE', #10025, #6705, #8311 ) ;
#2797 = DIRECTION ( 'NONE',  ( 4.745352971585496918E-17, 0.5471019487890925737, 0.8370659816473113857 ) ) ;
#2798 = LINE ( 'NONE', #3828, #3175 ) ;
#2799 = ORIENTED_EDGE ( 'NONE', *, *, #248, .F. ) ;
#2800 = CARTESIAN_POINT ( 'NONE',  ( 1.379999999999999671, 8.744846254575030287, -4.451573192761281383 ) ) ;
#2801 = FACE_OUTER_BOUND ( 'NONE', #5271, .T. ) ;
#2802 = ORIENTED_EDGE ( 'NONE', *, *, #113, .T. ) ;
#2803 = ORIENTED_EDGE ( 'NONE', *, *, #3083, .T. ) ;
#2804 = LINE ( 'NONE', #6307, #6054 ) ;
#2805 = EDGE_CURVE ( 'NONE', #10000, #3777, #6189, .T. ) ;
#2806 = AXIS2_PLACEMENT_3D ( 'NONE', #1488, #10418, #4466 ) ;
#2807 = EDGE_CURVE ( 'NONE', #6612, #9087, #2746, .T. ) ;
#2808 = DIRECTION ( 'NONE',  ( -0.000000000000000000, 0.000000000000000000, 1.000000000000000000 ) ) ;
#2809 = CARTESIAN_POINT ( 'NONE',  ( 5.498644456795168445, 7.973133870145900026, 11.17499999999999893 ) ) ;
#2810 = AXIS2_PLACEMENT_3D ( 'NONE', #9100, #513, #2213 ) ;
#2811 = ORIENTED_EDGE ( 'NONE', *, *, #9160, .F. ) ;
#2812 = CARTESIAN_POINT ( 'NONE',  ( -1.294307837705266806, 10.37827916146720142, -2.454779244514313952 ) ) ;
#2813 = DIRECTION ( 'NONE',  ( -8.673617379884035472E-17, -1.880790961315659329E-33, -1.000000000000000000 ) ) ;
#2814 = CARTESIAN_POINT ( 'NONE',  ( 0.000000000000000000, 1.500000000000000444, 0.000000000000000000 ) ) ;
#2815 = CARTESIAN_POINT ( 'NONE',  ( -3.956290731841337838, 2.373921791567575657, -3.226782805549678557 ) ) ;
#2816 = CIRCLE ( 'NONE', #3916, 3.649999999999999467 ) ;
#2817 = ORIENTED_EDGE ( 'NONE', *, *, #6924, .T. ) ;
#2818 = VECTOR ( 'NONE', #8768, 1000.000000000000000 ) ;
#2819 = ORIENTED_EDGE ( 'NONE', *, *, #11131, .T. ) ;
#2820 = CARTESIAN_POINT ( 'NONE',  ( -2.501810091522905566, 9.623184357312057458, 11.17499999999999893 ) ) ;
#2821 = ORIENTED_EDGE ( 'NONE', *, *, #9741, .T. ) ;
#2822 = CIRCLE ( 'NONE', #6108, 1.500000000000000222 ) ;
#2823 = EDGE_CURVE ( 'NONE', #2726, #3000, #6013, .T. ) ;
#2824 = EDGE_CURVE ( 'NONE', #10136, #10288, #7855, .T. ) ;
#2825 = CARTESIAN_POINT ( 'NONE',  ( -1.400000000000000577, 11.54484625457503100, -5.498426807238717906 ) ) ;
#2826 = EDGE_CURVE ( 'NONE', #11218, #10136, #597, .T. ) ;
#2827 = AXIS2_PLACEMENT_3D ( 'NONE', #561, #5228, #2269 ) ;
#2828 = DIRECTION ( 'NONE',  ( 0.000000000000000000, 0.000000000000000000, 1.000000000000000000 ) ) ;
#2829 = DIRECTION ( 'NONE',  ( 1.000000000000000000, -2.472789881105115160E-16, 0.000000000000000000 ) ) ;
#2830 = CARTESIAN_POINT ( 'NONE',  ( 2.586524759049138922, 3.046453914618040049, -7.199611372740284843 ) ) ;
#2831 = CARTESIAN_POINT ( 'NONE',  ( -1.399999999999999911, 12.34999999999999964, -2.027069063257456172 ) ) ;
#2832 = VECTOR ( 'NONE', #1110, 1000.000000000000000 ) ;
#2833 = EDGE_LOOP ( 'NONE', ( #6336, #10887, #4894, #9508 ) ) ;
#2834 = CARTESIAN_POINT ( 'NONE',  ( 0.000000000000000000, 1.500000000000000444, -4.500000000000000000 ) ) ;
#2835 = ORIENTED_EDGE ( 'NONE', *, *, #3016, .T. ) ;
#2836 = EDGE_LOOP ( 'NONE', ( #8902, #2465, #10602, #505 ) ) ;
#2837 = CARTESIAN_POINT ( 'NONE',  ( 3.372160293666204733, 5.568675347532887621, 0.000000000000000000 ) ) ;
#2838 = VECTOR ( 'NONE', #7046, 1000.000000000000114 ) ;
#2839 = EDGE_CURVE ( 'NONE', #8917, #10665, #1888, .T. ) ;
#2840 = CARTESIAN_POINT ( 'NONE',  ( -3.405877273185280885, 1.499999999999999556, 7.049999999999999822 ) ) ;
#2841 = ORIENTED_EDGE ( 'NONE', *, *, #3209, .T. ) ;
#2842 = EDGE_LOOP ( 'NONE', ( #2899, #2362, #10632 ) ) ;
#2843 = DIRECTION ( 'NONE',  ( -0.9673775151489842905, -0.2533391860415135644, 0.000000000000000000 ) ) ;
#2844 = CARTESIAN_POINT ( 'NONE',  ( -1.030666926558653025E-16, 6.965469875665441180, 11.17499999999999893 ) ) ;
#2845 = DIRECTION ( 'NONE',  ( -0.1061605406293885112, 0.9943490029226539351, 0.000000000000000000 ) ) ;
#2846 = ORIENTED_EDGE ( 'NONE', *, *, #10485, .F. ) ;
#2847 = ORIENTED_EDGE ( 'NONE', *, *, #6389, .T. ) ;
#2848 = DIRECTION ( 'NONE',  ( 0.000000000000000000, 0.7546055221635005195, 0.6561787149247915174 ) ) ;
#2849 = EDGE_CURVE ( 'NONE', #7328, #1943, #8639, .T. ) ;
#2850 = FACE_OUTER_BOUND ( 'NONE', #48, .T. ) ;
#2851 = ORIENTED_EDGE ( 'NONE', *, *, #5462, .F. ) ;
#2852 = AXIS2_PLACEMENT_3D ( 'NONE', #1065, #6969, #10458 ) ;
#2853 = CARTESIAN_POINT ( 'NONE',  ( -1.396794528132616398, 10.33763016933162149, 3.675000000000000266 ) ) ;
#2854 = CARTESIAN_POINT ( 'NONE',  ( 2.580939751330876497, 9.546409626996362974, 0.000000000000000000 ) ) ;
#2855 = AXIS2_PLACEMENT_3D ( 'NONE', #867, #332, #9496 ) ;
#2856 = LINE ( 'NONE', #9661, #2838 ) ;
#2857 = DIRECTION ( 'NONE',  ( -0.000000000000000000, 1.000000000000000000, 0.000000000000000000 ) ) ;
#2858 = CARTESIAN_POINT ( 'NONE',  ( -5.107491688851570011, 4.909999999999999254, 2.986171345291844581 ) ) ;
#2859 = ORIENTED_EDGE ( 'NONE', *, *, #2738, .T. ) ;
#2860 = CYLINDRICAL_SURFACE ( 'NONE', #8581, 0.2999999999999999334 ) ;
#2861 = ADVANCED_FACE ( 'NONE', ( #7745 ), #10424, .T. ) ;
#2862 = EDGE_CURVE ( 'NONE', #6593, #9665, #2409, .T. ) ;
#2863 = PLANE ( 'NONE',  #7571 ) ;
#2864 = ORIENTED_EDGE ( 'NONE', *, *, #688, .T. ) ;
#2865 = AXIS2_PLACEMENT_3D ( 'NONE', #4435, #1793, #6328 ) ;
#2866 = ORIENTED_EDGE ( 'NONE', *, *, #5731, .T. ) ;
#2867 = CARTESIAN_POINT ( 'NONE',  ( 2.594966336091577119, 7.399282554998233508, 0.000000000000000000 ) ) ;
#2868 = VECTOR ( 'NONE', #2751, 1000.000000000000000 ) ;
#2869 = DIRECTION ( 'NONE',  ( 0.7071067811865474617, 0.000000000000000000, -0.7071067811865474617 ) ) ;
#2870 = DIRECTION ( 'NONE',  ( 0.9592845720430323020, -0.2824413387594251756, 0.000000000000000000 ) ) ;
#2871 = ORIENTED_EDGE ( 'NONE', *, *, #6870, .F. ) ;
#2872 = DIRECTION ( 'NONE',  ( -1.000000000000000000, 0.000000000000000000, 0.000000000000000000 ) ) ;
#2873 = DIRECTION ( 'NONE',  ( -1.000000000000000000, 0.000000000000000000, 0.000000000000000000 ) ) ;
#2874 = EDGE_CURVE ( 'NONE', #9087, #1241, #3514, .T. ) ;
#2875 = CARTESIAN_POINT ( 'NONE',  ( -1.390180519077591548, 6.500000000000000000, 4.521998694580438460 ) ) ;
#2876 = DIRECTION ( 'NONE',  ( -0.7781777610061624273, 0.6280440846592187931, 0.000000000000000000 ) ) ;
#2877 = EDGE_LOOP ( 'NONE', ( #2841, #8968, #2560, #6610 ) ) ;
#2878 = ORIENTED_EDGE ( 'NONE', *, *, #4051, .T. ) ;
#2879 = ORIENTED_EDGE ( 'NONE', *, *, #6330, .F. ) ;
#2880 = LINE ( 'NONE', #7408, #7529 ) ;
#2881 = LINE ( 'NONE', #5512, #8820 ) ;
#2882 = LINE ( 'NONE', #5513, #7189 ) ;
#2883 = LINE ( 'NONE', #8156, #8597 ) ;
#2884 = CARTESIAN_POINT ( 'NONE',  ( -1.380000000000000115, 8.631655426250503638, -4.549999999999998934 ) ) ;
#2885 = ORIENTED_EDGE ( 'NONE', *, *, #8789, .T. ) ;
#2886 = DIRECTION ( 'NONE',  ( -8.673617379884030542E-17, -1.000000000000000000, -8.673617379884030542E-17 ) ) ;
#2887 = ORIENTED_EDGE ( 'NONE', *, *, #1732, .T. ) ;
#2888 = EDGE_CURVE ( 'NONE', #5606, #9811, #9622, .T. ) ;
#2889 = AXIS2_PLACEMENT_3D ( 'NONE', #4249, #8437, #705 ) ;
#2890 = EDGE_CURVE ( 'NONE', #4891, #8873, #9374, .T. ) ;
#2891 = ORIENTED_EDGE ( 'NONE', *, *, #10540, .T. ) ;
#2892 = LINE ( 'NONE', #3006, #4777 ) ;
#2893 = DIRECTION ( 'NONE',  ( 2.168404344971008252E-17, -1.000000000000000000, 0.000000000000000000 ) ) ;
#2894 = DIRECTION ( 'NONE',  ( -1.000000000000000000, -0.000000000000000000, -0.000000000000000000 ) ) ;
#2895 = AXIS2_PLACEMENT_3D ( 'NONE', #9444, #7451, #640 ) ;
#2896 = ORIENTED_EDGE ( 'NONE', *, *, #5369, .F. ) ;
#2897 = DIRECTION ( 'NONE',  ( -0.5049013445390018173, -0.8631770573194749163, 0.000000000000000000 ) ) ;
#2898 = DIRECTION ( 'NONE',  ( 0.8780328119034589429, 0.4786004400550684101, 0.000000000000000000 ) ) ;
#2899 = ORIENTED_EDGE ( 'NONE', *, *, #310, .T. ) ;
#2900 = ORIENTED_EDGE ( 'NONE', *, *, #10235, .T. ) ;
#2901 = DIRECTION ( 'NONE',  ( 0.7071067811865477948, 0.000000000000000000, 0.7071067811865473507 ) ) ;
#2902 = DIRECTION ( 'NONE',  ( 0.000000000000000000, 0.000000000000000000, 1.000000000000000000 ) ) ;
#2903 = EDGE_CURVE ( 'NONE', #4438, #4657, #6627, .T. ) ;
#2904 = ORIENTED_EDGE ( 'NONE', *, *, #9228, .T. ) ;
#2905 = VECTOR ( 'NONE', #9614, 1000.000000000000000 ) ;
#2906 = CARTESIAN_POINT ( 'NONE',  ( -1.399999999999999911, 12.37137186834969604, 1.898837853159276889 ) ) ;
#2907 = PLANE ( 'NONE',  #9334 ) ;
#2908 = EDGE_CURVE ( 'NONE', #3509, #2590, #10487, .T. ) ;
#2909 = DIRECTION ( 'NONE',  ( 0.000000000000000000, 1.000000000000000000, 0.000000000000000000 ) ) ;
#2910 = LINE ( 'NONE', #6405, #3550 ) ;
#2911 = LINE ( 'NONE', #6231, #9758 ) ;
#2912 = ORIENTED_EDGE ( 'NONE', *, *, #10368, .F. ) ;
#2913 = ORIENTED_EDGE ( 'NONE', *, *, #1145, .T. ) ;
#2914 = LINE ( 'NONE', #2108, #4737 ) ;
#2915 = PRESENTATION_STYLE_ASSIGNMENT (( #4810 ) ) ;
#2916 = ORIENTED_EDGE ( 'NONE', *, *, #7097, .T. ) ;
#2917 = CARTESIAN_POINT ( 'NONE',  ( 3.328434437871126139, 5.467463135762873350, 3.675000000000000266 ) ) ;
#2918 = ADVANCED_FACE ( 'NONE', ( #8773 ), #133, .T. ) ;
#2919 = VECTOR ( 'NONE', #2318, 999.9999999999998863 ) ;
#2920 = DIRECTION ( 'NONE',  ( 1.000000000000000000, 0.000000000000000000, 0.000000000000000000 ) ) ;
#2921 = LINE ( 'NONE', #1040, #6639 ) ;
#2922 = ORIENTED_EDGE ( 'NONE', *, *, #5446, .T. ) ;
#2923 = FACE_OUTER_BOUND ( 'NONE', #10395, .T. ) ;
#2924 = CARTESIAN_POINT ( 'NONE',  ( 2.456675682618985945, -4.260266055622629722, 15.29999999999999893 ) ) ;
#2925 = DIRECTION ( 'NONE',  ( -0.9906889957247181355, 0.1361444591232023049, 0.000000000000000000 ) ) ;
#2926 = DIRECTION ( 'NONE',  ( 1.000000000000000000, 0.000000000000000000, 0.000000000000000000 ) ) ;
#2927 = ORIENTED_EDGE ( 'NONE', *, *, #5961, .T. ) ;
#2928 = ORIENTED_EDGE ( 'NONE', *, *, #6924, .F. ) ;
#2929 = ORIENTED_EDGE ( 'NONE', *, *, #5730, .T. ) ;
#2930 = CIRCLE ( 'NONE', #4413, 3.649999999999999467 ) ;
#2931 = CARTESIAN_POINT ( 'NONE',  ( 0.000000000000000000, 3.000000000000000000, 0.000000000000000000 ) ) ;
#2932 = ADVANCED_FACE ( 'NONE', ( #7110 ), #10767, .T. ) ;
#2933 = LINE ( 'NONE', #9075, #10821 ) ;
#2934 = CARTESIAN_POINT ( 'NONE',  ( 5.672664523123385649, 5.671130169612255578, -2.457261515329064672 ) ) ;
#2935 = CARTESIAN_POINT ( 'NONE',  ( 3.650000000000000355, 6.965469875665467825, 3.675000000000000266 ) ) ;
#2936 = CYLINDRICAL_SURFACE ( 'NONE', #8361, 0.1499999999999999667 ) ;
#2937 = AXIS2_PLACEMENT_3D ( 'NONE', #4037, #6446, #1180 ) ;
#2938 = VERTEX_POINT ( 'NONE', #8191 ) ;
#2939 = CARTESIAN_POINT ( 'NONE',  ( -2.966664951328131128, 3.021034482758621298, -5.087985294887771737 ) ) ;
#2940 = ORIENTED_EDGE ( 'NONE', *, *, #2890, .T. ) ;
#2941 = AXIS2_PLACEMENT_3D ( 'NONE', #208, #7197, #6561 ) ;
#2942 = ORIENTED_EDGE ( 'NONE', *, *, #309, .F. ) ;
#2943 =( BOUNDED_CURVE ( )  B_SPLINE_CURVE ( 3, ( #5636, #9132, #432, #3054 ),
 .UNSPECIFIED., .F., .F. ) 
 B_SPLINE_CURVE_WITH_KNOTS ( ( 4, 4 ),
 ( 0.000000000000000000, 1.570796326794896558 ),
 .UNSPECIFIED. ) 
 CURVE ( )  GEOMETRIC_REPRESENTATION_ITEM ( )  RATIONAL_B_SPLINE_CURVE ( ( 1.000000000000000000, 0.8047378541243649375, 0.8047378541243649375, 1.000000000000000000 ) ) 
 REPRESENTATION_ITEM ( '' )  );
#2944 = CARTESIAN_POINT ( 'NONE',  ( -1.380000000000000115, 11.54484625457503100, 5.498426807238718794 ) ) ;
#2945 = VECTOR ( 'NONE', #2178, 1000.000000000000000 ) ;
#2946 = EDGE_CURVE ( 'NONE', #11204, #4752, #4754, .T. ) ;
#2947 = DIRECTION ( 'NONE',  ( 0.9994437739456140113, 0.000000000000000000, 0.03334880389682193941 ) ) ;
#2948 = CARTESIAN_POINT ( 'NONE',  ( -4.926415935006075664, 3.869526707277702204, -2.613951291675116195 ) ) ;
#2949 = ORIENTED_EDGE ( 'NONE', *, *, #11107, .F. ) ;
#2950 = VECTOR ( 'NONE', #5202, 1000.000000000000114 ) ;
#2951 = EDGE_CURVE ( 'NONE', #11242, #4918, #10278, .T. ) ;
#2952 = ORIENTED_EDGE ( 'NONE', *, *, #3172, .F. ) ;
#2953 = PLANE ( 'NONE',  #5 ) ;
#2954 = CARTESIAN_POINT ( 'NONE',  ( -2.179449471770337432, 1.500000000000000444, -4.500000000000000000 ) ) ;
#2955 = ORIENTED_EDGE ( 'NONE', *, *, #6443, .F. ) ;
#2956 = DIRECTION ( 'NONE',  ( 1.000000000000000000, 0.000000000000000000, 0.000000000000000000 ) ) ;
#2957 = EDGE_LOOP ( 'NONE', ( #5479, #10033, #1502 ) ) ;
#2958 = CIRCLE ( 'NONE', #11002, 0.1499999999999999667 ) ;
#2959 = DIRECTION ( 'NONE',  ( -0.000000000000000000, 1.000000000000000000, -0.000000000000000000 ) ) ;
#2960 = ORIENTED_EDGE ( 'NONE', *, *, #10902, .F. ) ;
#2961 = CIRCLE ( 'NONE', #9732, 0.2999999999999999334 ) ;
#2962 = DIRECTION ( 'NONE',  ( 0.8631770573194761376, -0.5049013445389997079, 0.000000000000000000 ) ) ;
#2963 = EDGE_CURVE ( 'NONE', #4850, #646, #8268, .T. ) ;
#2964 = EDGE_CURVE ( 'NONE', #5694, #1163, #6255, .T. ) ;
#2965 = DIRECTION ( 'NONE',  ( 1.000000000000000000, -0.000000000000000000, -0.000000000000000000 ) ) ;
#2966 = DIRECTION ( 'NONE',  ( -0.000000000000000000, 0.000000000000000000, 1.000000000000000000 ) ) ;
#2967 = EDGE_CURVE ( 'NONE', #7484, #4162, #9059, .T. ) ;
#2968 = CARTESIAN_POINT ( 'NONE',  ( 2.168404344971008868E-16, 2.565469875665443045, 3.675000000000000266 ) ) ;
#2969 = DIRECTION ( 'NONE',  ( 0.7781777610061588746, -0.6280440846592231230, 0.000000000000000000 ) ) ;
#2970 = ORIENTED_EDGE ( 'NONE', *, *, #2233, .T. ) ;
#2971 = VECTOR ( 'NONE', #10596, 1000.000000000000000 ) ;
#2972 = EDGE_LOOP ( 'NONE', ( #616, #8287, #3390, #8840 ) ) ;
#2973 = DIRECTION ( 'NONE',  ( 0.9943490029226544902, 0.1061605406293829462, 0.000000000000000000 ) ) ;
#2974 = AXIS2_PLACEMENT_3D ( 'NONE', #7185, #2829, #1169 ) ;
#2975 = FILL_AREA_STYLE_COLOUR ( '', #802 ) ;
#2976 = ORIENTED_EDGE ( 'NONE', *, *, #6624, .F. ) ;
#2977 = CARTESIAN_POINT ( 'NONE',  ( 2.847419838194332531, 3.008506057664685596, 7.100900871338162723 ) ) ;
#2978 = AXIS2_PLACEMENT_3D ( 'NONE', #4828, #6323, #6432 ) ;
#2979 = DIRECTION ( 'NONE',  ( 1.000000000000000000, 0.000000000000000000, 0.000000000000000000 ) ) ;
#2980 = DIRECTION ( 'NONE',  ( -1.000000000000000000, 0.000000000000000000, 0.000000000000000000 ) ) ;
#2981 = VERTEX_POINT ( 'NONE', #3837 ) ;
#2982 = LINE ( 'NONE', #2006, #2524 ) ;
#2983 = CARTESIAN_POINT ( 'NONE',  ( 2.580939751330914689, -4.084530124334557755, 15.29999999999999893 ) ) ;
#2984 = CARTESIAN_POINT ( 'NONE',  ( -1.380560112054759037, 6.500000000000000000, 4.548466070008426065 ) ) ;
#2985 = CARTESIAN_POINT ( 'NONE',  ( -3.372160293666215392, 8.362264403797976087, 0.000000000000000000 ) ) ;
#2986 = ORIENTED_EDGE ( 'NONE', *, *, #7176, .T. ) ;
#2987 = EDGE_CURVE ( 'NONE', #7137, #4838, #9910, .T. ) ;
#2988 = VERTEX_POINT ( 'NONE', #2059 ) ;
#2989 = VERTEX_POINT ( 'NONE', #299 ) ;
#2990 = AXIS2_PLACEMENT_3D ( 'NONE', #5163, #5803, #763 ) ;
#2991 = DIRECTION ( 'NONE',  ( -0.000000000000000000, -0.000000000000000000, -1.000000000000000000 ) ) ;
#2992 = AXIS2_PLACEMENT_3D ( 'NONE', #10099, #3974, #6605 ) ;
#2993 = DIRECTION ( 'NONE',  ( 1.000000000000000000, 0.000000000000000000, 0.000000000000000000 ) ) ;
#2994 = CARTESIAN_POINT ( 'NONE',  ( -1.400000000000000133, 8.631655426250503638, -4.379999999999998117 ) ) ;
#2995 = FACE_OUTER_BOUND ( 'NONE', #9753, .T. ) ;
#2996 = CARTESIAN_POINT ( 'NONE',  ( -3.095943168387713662, 11.89188581067153549, -2.613951291675112643 ) ) ;
#2997 = VECTOR ( 'NONE', #2574, 1000.000000000000000 ) ;
#2998 = EDGE_LOOP ( 'NONE', ( #10088, #9967, #7820, #1981 ) ) ;
#2999 = DIRECTION ( 'NONE',  ( 0.8631770573194761376, -0.5049013445389998189, 0.000000000000000000 ) ) ;
#3000 = VERTEX_POINT ( 'NONE', #9858 ) ;
#3001 = ADVANCED_FACE ( 'NONE', ( #1039 ), #4526, .T. ) ;
#3002 = AXIS2_PLACEMENT_3D ( 'NONE', #2722, #1752, #1015 ) ;
#3003 = VERTEX_POINT ( 'NONE', #4698 ) ;
#3004 = UNCERTAINTY_MEASURE_WITH_UNIT (LENGTH_MEASURE( 1.000000000000000082E-05 ), #5245, 'distance_accuracy_value', 'NONE');
#3005 = CIRCLE ( 'NONE', #812, 3.649999999999999467 ) ;
#3006 = CARTESIAN_POINT ( 'NONE',  ( 0.1102410514732272279, 10.61380468905223928, -2.457261515329068224 ) ) ;
#3007 = CARTESIAN_POINT ( 'NONE',  ( -0.1126976677028350138, 14.89727505634425064, -1.741077270331108817 ) ) ;
#3008 = ORIENTED_EDGE ( 'NONE', *, *, #10179, .T. ) ;
#3009 = VECTOR ( 'NONE', #3288, 1000.000000000000000 ) ;
#3010 = VERTEX_POINT ( 'NONE', #10024 ) ;
#3011 = CARTESIAN_POINT ( 'NONE',  ( -1.771168402671605879E-15, 6.965469875665441180, 15.29999999999999893 ) ) ;
#3012 = CARTESIAN_POINT ( 'NONE',  ( -0.5498284151365187000, 5.149948682704894587, 3.675000000000000266 ) ) ;
#3013 = EDGE_LOOP ( 'NONE', ( #5308, #2871, #4715, #7770, #7754 ) ) ;
#3014 = CARTESIAN_POINT ( 'NONE',  ( 1.380839982702822599, 6.500000000000000000, -0.7752318993870118691 ) ) ;
#3015 = ORIENTED_EDGE ( 'NONE', *, *, #1115, .T. ) ;
#3016 = EDGE_CURVE ( 'NONE', #9165, #6060, #3154, .T. ) ;
#3017 = LINE ( 'NONE', #10860, #7772 ) ;
#3018 = ORIENTED_EDGE ( 'NONE', *, *, #5619, .T. ) ;
#3019 = VECTOR ( 'NONE', #8816, 1000.000000000000000 ) ;
#3020 = DIRECTION ( 'NONE',  ( 0.1061605406293829462, -0.9943490029226544902, 0.000000000000000000 ) ) ;
#3021 = CARTESIAN_POINT ( 'NONE',  ( 2.580939751330912912, 5.105697360666424760E-16, 11.17499999999999893 ) ) ;
#3022 = CARTESIAN_POINT ( 'NONE',  ( 0.000000000000000000, 12.50000000000000000, 0.000000000000000000 ) ) ;
#3023 = CARTESIAN_POINT ( 'NONE',  ( -0.1126976677028350138, 14.89727505634425242, -1.741077270331108817 ) ) ;
#3024 = DIRECTION ( 'NONE',  ( 0.8780328119034582768, 0.4786004400550697424, -0.000000000000000000 ) ) ;
#3025 = ORIENTED_EDGE ( 'NONE', *, *, #2000, .F. ) ;
#3026 = ORIENTED_EDGE ( 'NONE', *, *, #10726, .T. ) ;
#3027 = DIRECTION ( 'NONE',  ( -8.409885494133522965E-15, 0.5961196035938423066, 0.8028956459037004390 ) ) ;
#3028 =( NAMED_UNIT ( * ) SI_UNIT ( $, .STERADIAN. ) SOLID_ANGLE_UNIT ( ) );
#3029 = ORIENTED_EDGE ( 'NONE', *, *, #9136, .F. ) ;
#3030 = EDGE_CURVE ( 'NONE', #2674, #10243, #6480, .T. ) ;
#3031 = EDGE_CURVE ( 'NONE', #8300, #9400, #10656, .T. ) ;
#3032 = CIRCLE ( 'NONE', #3772, 0.2999999999999999334 ) ;
#3033 = FACE_OUTER_BOUND ( 'NONE', #7457, .T. ) ;
#3034 =( BOUNDED_CURVE ( )  B_SPLINE_CURVE ( 3, ( #1027, #4573, #7961, #10643 ),
 .UNSPECIFIED., .F., .F. ) 
 B_SPLINE_CURVE_WITH_KNOTS ( ( 4, 4 ),
 ( 2.836899999574395981, 3.446285307605190251 ),
 .UNSPECIFIED. ) 
 CURVE ( )  GEOMETRIC_REPRESENTATION_ITEM ( )  RATIONAL_B_SPLINE_CURVE ( ( 1.000000000000000000, 0.9692928009446305504, 0.9692928009446305504, 1.000000000000000000 ) ) 
 REPRESENTATION_ITEM ( '' )  );
#3035 = DIRECTION ( 'NONE',  ( -0.000000000000000000, -0.000000000000000000, -1.000000000000000000 ) ) ;
#3036 = DIRECTION ( 'NONE',  ( -0.6042542366568462997, 0.7967915771908309353, 0.000000000000000000 ) ) ;
#3037 = ORIENTED_EDGE ( 'NONE', *, *, #3609, .F. ) ;
#3038 = DIRECTION ( 'NONE',  ( 0.000000000000000000, 0.000000000000000000, -1.000000000000000000 ) ) ;
#3039 = AXIS2_PLACEMENT_3D ( 'NONE', #4377, #6554, #4668 ) ;
#3040 = FACE_OUTER_BOUND ( 'NONE', #3738, .T. ) ;
#3041 = ORIENTED_EDGE ( 'NONE', *, *, #2233, .F. ) ;
#3042 = ORIENTED_EDGE ( 'NONE', *, *, #10933, .T. ) ;
#3043 = EDGE_CURVE ( 'NONE', #5931, #2265, #1328, .T. ) ;
#3044 = EDGE_LOOP ( 'NONE', ( #6507, #7479, #7940, #4823 ) ) ;
#3045 = VECTOR ( 'NONE', #5220, 1000.000000000000114 ) ;
#3046 = LINE ( 'NONE', #10836, #6792 ) ;
#3047 = DIRECTION ( 'NONE',  ( 0.000000000000000000, 0.000000000000000000, 1.000000000000000000 ) ) ;
#3048 = EDGE_CURVE ( 'NONE', #11306, #6474, #9110, .T. ) ;
#3049 = CARTESIAN_POINT ( 'NONE',  ( -2.915460667173242815, 3.090000000000000746, -5.036781010732885200 ) ) ;
#3050 = CARTESIAN_POINT ( 'NONE',  ( -1.399999999999999689, 12.48000000000000220, -1.214306433183764720E-16 ) ) ;
#3051 = CARTESIAN_POINT ( 'NONE',  ( 1.380279994234274277, 6.500000000000000000, 4.549233012451844083 ) ) ;
#3052 = DIRECTION ( 'NONE',  ( -0.9943490029226537130, -0.1061605406293899129, 0.000000000000000000 ) ) ;
#3053 = VERTEX_POINT ( 'NONE', #3899 ) ;
#3054 = CARTESIAN_POINT ( 'NONE',  ( 2.280939751330912202, 4.472858868585460002, 0.000000000000000000 ) ) ;
#3055 = ORIENTED_EDGE ( 'NONE', *, *, #6155, .T. ) ;
#3056 = ORIENTED_EDGE ( 'NONE', *, *, #10942, .T. ) ;
#3057 = DIRECTION ( 'NONE',  ( 0.7203422578024066825, 0.000000000000000000, 0.6936187941687647074 ) ) ;
#3058 = APPLICATION_PROTOCOL_DEFINITION ( 'draft international standard', 'automotive_design', 1998, #10873 ) ;
#3059 = CARTESIAN_POINT ( 'NONE',  ( -4.433344562587833160, 1.500000000000000888, -2.312024219028187666 ) ) ;
#3060 = ADVANCED_FACE ( 'NONE', ( #7394 ), #10885, .T. ) ;
#3061 = DIRECTION ( 'NONE',  ( 1.000000000000000000, 0.000000000000000000, 0.000000000000000000 ) ) ;
#3062 = ADVANCED_FACE ( 'NONE', ( #8083 ), #240, .F. ) ;
#3063 = EDGE_LOOP ( 'NONE', ( #4897, #11320, #3465, #2586, #6413, #826, #8238, #3056, #8929, #836, #10008, #1724, #2864, #903, #885, #1140, #3348, #3986, #1626, #7055, #400, #7823, #3709, #326, #5984, #9670, #2114, #7340, #7666, #9735, #5690, #10961, #69, #5595, #1912, #6873, #10957, #7018, #1117, #735 ) ) ;
#3064 = LINE ( 'NONE', #6619, #363 ) ;
#3065 = DIRECTION ( 'NONE',  ( 0.000000000000000000, 0.000000000000000000, 1.000000000000000000 ) ) ;
#3066 = ORIENTED_EDGE ( 'NONE', *, *, #4552, .T. ) ;
#3067 = VECTOR ( 'NONE', #3108, 1000.000000000000000 ) ;
#3068 = CARTESIAN_POINT ( 'NONE',  ( 3.372160293666206066, 5.568675347532885844, -2.457261515329064672 ) ) ;
#3069 = VERTEX_POINT ( 'NONE', #5498 ) ;
#3070 = DIRECTION ( 'NONE',  ( -0.7071067811865475727, -3.056747976430751296E-16, 0.7071067811865475727 ) ) ;
#3071 = VERTEX_POINT ( 'NONE', #1152 ) ;
#3072 = DIRECTION ( 'NONE',  ( -1.000000000000000000, 0.000000000000000000, 0.000000000000000000 ) ) ;
#3073 = AXIS2_PLACEMENT_3D ( 'NONE', #4941, #8435, #594 ) ;
#3074 = CARTESIAN_POINT ( 'NONE',  ( -4.694468754111173148, 3.930269601434693172, 0.000000000000000000 ) ) ;
#3075 = EDGE_CURVE ( 'NONE', #5285, #11204, #7186, .T. ) ;
#3076 = LINE ( 'NONE', #2214, #5188 ) ;
#3077 = LINE ( 'NONE', #397, #1705 ) ;
#3078 = EDGE_LOOP ( 'NONE', ( #9250, #4034, #65, #6379 ) ) ;
#3079 = EDGE_LOOP ( 'NONE', ( #8673, #6565, #10314, #668 ) ) ;
#3080 = LINE ( 'NONE', #6582, #2534 ) ;
#3081 =( GEOMETRIC_REPRESENTATION_CONTEXT ( 3 ) GLOBAL_UNCERTAINTY_ASSIGNED_CONTEXT ( ( #3471 ) ) GLOBAL_UNIT_ASSIGNED_CONTEXT ( ( #6751, #1533, #3202 ) ) REPRESENTATION_CONTEXT ( 'NONE', 'WORKASPACE' ) );
#3082 = CARTESIAN_POINT ( 'NONE',  ( 0.000000000000000000, 1.499999999999999556, -7.049999999999998046 ) ) ;
#3083 = EDGE_CURVE ( 'NONE', #10716, #1821, #8695, .T. ) ;
#3084 = COLOUR_RGB ( '',0.7921568627450980005, 0.8196078431372548767, 0.9333333333333333481 ) ;
#3085 = EDGE_CURVE ( 'NONE', #695, #5776, #1480, .T. ) ;
#3086 = DIRECTION ( 'NONE',  ( -1.000000000000000000, 0.000000000000000000, 0.000000000000000000 ) ) ;
#3087 = DIRECTION ( 'NONE',  ( -7.968020348514244863E-17, 0.6561787149247864104, 0.7546055221635050714 ) ) ;
#3088 = ORIENTED_EDGE ( 'NONE', *, *, #7316, .T. ) ;
#3089 = ADVANCED_FACE ( 'NONE', ( #1429 ), #3473, .F. ) ;
#3090 = CARTESIAN_POINT ( 'NONE',  ( -1.045004651996027434, -1.407485477710246791, -1.045004651996026768 ) ) ;
#3091 = DIRECTION ( 'NONE',  ( -1.000000000000000000, 0.000000000000000000, 0.000000000000000000 ) ) ;
#3092 = DIRECTION ( 'NONE',  ( -0.000000000000000000, -1.000000000000000000, -0.000000000000000000 ) ) ;
#3093 = ORIENTED_EDGE ( 'NONE', *, *, #10964, .F. ) ;
#3094 = VERTEX_POINT ( 'NONE', #3419 ) ;
#3095 = EDGE_LOOP ( 'NONE', ( #9107, #8318 ) ) ;
#3096 = VECTOR ( 'NONE', #9651, 1000.000000000000114 ) ;
#3097 = CARTESIAN_POINT ( 'NONE',  ( 3.649999999999999467, 6.965469875665467825, -2.454779244514313952 ) ) ;
#3098 = EDGE_CURVE ( 'NONE', #282, #70, #418, .T. ) ;
#3099 = DIRECTION ( 'NONE',  ( -0.9906889957247186906, 0.1361444591231988355, 0.000000000000000000 ) ) ;
#3100 = DIRECTION ( 'NONE',  ( -0.7781777610061624273, 0.6280440846592187931, 0.000000000000000000 ) ) ;
#3101 = CARTESIAN_POINT ( 'NONE',  ( -3.405877273185284881, 6.500000000000000000, -6.849999999999998757 ) ) ;
#3102 = ADVANCED_FACE ( 'NONE', ( #9538 ), #2556, .T. ) ;
#3103 = DIRECTION ( 'NONE',  ( 0.000000000000000000, 0.000000000000000000, 1.000000000000000000 ) ) ;
#3104 = FACE_OUTER_BOUND ( 'NONE', #1532, .T. ) ;
#3105 = DIRECTION ( 'NONE',  ( 0.000000000000000000, 0.000000000000000000, 1.000000000000000000 ) ) ;
#3106 = VECTOR ( 'NONE', #7636, 1000.000000000000000 ) ;
#3107 = VERTEX_POINT ( 'NONE', #2167 ) ;
#3108 = DIRECTION ( 'NONE',  ( 1.239088197126290817E-16, 0.000000000000000000, 1.000000000000000000 ) ) ;
#3109 = CARTESIAN_POINT ( 'NONE',  ( -3.648334813386797659, 7.075710927138663564, -2.457261515329064672 ) ) ;
#3110 = VERTEX_POINT ( 'NONE', #5668 ) ;
#3111 = ORIENTED_EDGE ( 'NONE', *, *, #4648, .T. ) ;
#3112 = EDGE_CURVE ( 'NONE', #7916, #1056, #10289, .T. ) ;
#3113 = LINE ( 'NONE', #9936, #7883 ) ;
#3114 = AXIS2_PLACEMENT_3D ( 'NONE', #7605, #9480, #787 ) ;
#3115 = DIRECTION ( 'NONE',  ( -0.000000000000000000, 0.000000000000000000, 1.000000000000000000 ) ) ;
#3116 = DIRECTION ( 'NONE',  ( 0.7071067811865474617, 0.000000000000000000, 0.7071067811865474617 ) ) ;
#3117 = EDGE_LOOP ( 'NONE', ( #8451, #3216, #8649, #4675 ) ) ;
#3118 = DIRECTION ( 'NONE',  ( -0.7967915771908288258, -0.6042542366568491863, 0.000000000000000000 ) ) ;
#3119 = DIRECTION ( 'NONE',  ( 0.5049013445390058141, 0.8631770573194725849, -0.000000000000000000 ) ) ;
#3120 = ORIENTED_EDGE ( 'NONE', *, *, #5223, .F. ) ;
#3122 = DIRECTION ( 'NONE',  ( -1.000000000000000000, 0.000000000000000000, 0.000000000000000000 ) ) ;
#3121 = AXIS2_PLACEMENT_3D ( 'NONE', #997, #4317, #9635 ) ;
#3123 = ORIENTED_EDGE ( 'NONE', *, *, #6530, .F. ) ;
#3124 = LINE ( 'NONE', #8458, #7580 ) ;
#3125 = ORIENTED_EDGE ( 'NONE', *, *, #1414, .T. ) ;
#3126 = PRODUCT_DEFINITION_FORMATION_WITH_SPECIFIED_SOURCE ( 'ANY', '', #6847, .NOT_KNOWN. ) ;
#3127 = EDGE_CURVE ( 'NONE', #724, #4762, #6900, .T. ) ;
#3128 = CARTESIAN_POINT ( 'NONE',  ( -4.926415935006075664, 3.869526707277702204, -2.613951291675116195 ) ) ;
#3129 = VECTOR ( 'NONE', #8473, 1000.000000000000000 ) ;
#3130 = DIRECTION ( 'NONE',  ( 0.000000000000000000, -2.312964634635743213E-14, -1.000000000000000000 ) ) ;
#3131 = FACE_OUTER_BOUND ( 'NONE', #9202, .T. ) ;
#3132 = CARTESIAN_POINT ( 'NONE',  ( 2.580939751330912024, 4.384530124334557577, 0.2999999999999999334 ) ) ;
#3133 = DIRECTION ( 'NONE',  ( 0.000000000000000000, 0.000000000000000000, 1.000000000000000000 ) ) ;
#3134 = AXIS2_PLACEMENT_3D ( 'NONE', #5231, #11302, #2596 ) ;
#3135 = ORIENTED_EDGE ( 'NONE', *, *, #7937, .F. ) ;
#3136 = EDGE_LOOP ( 'NONE', ( #2819, #7262, #2520, #5834, #6880, #7836, #778, #5413, #8782, #5167, #8090, #1372, #7809, #10817, #2986, #2970, #3640, #7482, #1859, #7537, #4137, #8115, #10802, #8484, #273, #9464, #3463, #5959, #2522, #7570, #5637, #8978, #5718, #2024, #4072, #10071, #9543, #10929, #8292, #11228 ) ) ;
#3137 = DIRECTION ( 'NONE',  ( -1.000000000000000000, 0.000000000000000000, 0.000000000000000000 ) ) ;
#3138 = LINE ( 'NONE', #3305, #5182 ) ;
#3139 = VECTOR ( 'NONE', #8180, 1000.000000000000000 ) ;
#3140 = CLOSED_SHELL ( 'NONE', ( #7555, #7619, #1036 ) ) ;
#3141 = EDGE_CURVE ( 'NONE', #11300, #7850, #8310, .T. ) ;
#3142 = DIRECTION ( 'NONE',  ( 0.000000000000000000, 0.000000000000000000, 1.000000000000000000 ) ) ;
#3143 = TOROIDAL_SURFACE ( 'NONE', #56, 0.1299999999999999767, 0.02000000000000000042 ) ;
#3144 = AXIS2_PLACEMENT_3D ( 'NONE', #9245, #2694, #11289 ) ;
#3145 = DIRECTION ( 'NONE',  ( 0.000000000000000000, 0.000000000000000000, -1.000000000000000000 ) ) ;
#3146 = DIRECTION ( 'NONE',  ( 1.000000000000000000, 1.680321552529715428E-16, 0.000000000000000000 ) ) ;
#3147 = ORIENTED_EDGE ( 'NONE', *, *, #7432, .T. ) ;
#3148 = LINE ( 'NONE', #9338, #2344 ) ;
#3149 = LINE ( 'NONE', #4131, #4496 ) ;
#3150 = CARTESIAN_POINT ( 'NONE',  ( 0.000000000000000000, 7.500000000000000000, 0.000000000000000000 ) ) ;
#3151 = ORIENTED_EDGE ( 'NONE', *, *, #3807, .T. ) ;
#3152 = ORIENTED_EDGE ( 'NONE', *, *, #9389, .T. ) ;
#3153 = EDGE_CURVE ( 'NONE', #4850, #10947, #4010, .T. ) ;
#3154 = CIRCLE ( 'NONE', #9198, 3.649999999999999467 ) ;
#3155 = ORIENTED_EDGE ( 'NONE', *, *, #7513, .T. ) ;
#3156 = AXIS2_PLACEMENT_3D ( 'NONE', #8029, #2747, #9060 ) ;
#3157 = AXIS2_PLACEMENT_3D ( 'NONE', #1799, #9829, #7084 ) ;
#3158 = EDGE_CURVE ( 'NONE', #1228, #6370, #4070, .T. ) ;
#3159 = DIRECTION ( 'NONE',  ( -0.000000000000000000, 0.000000000000000000, 1.000000000000000000 ) ) ;
#3160 = VECTOR ( 'NONE', #2502, 1000.000000000000000 ) ;
#3161 = LINE ( 'NONE', #5742, #8460 ) ;
#3162 = DIRECTION ( 'NONE',  ( -1.000000000000000000, 0.000000000000000000, 0.000000000000000000 ) ) ;
#3163 = CARTESIAN_POINT ( 'NONE',  ( -2.580939751330911580, -2.084296772316891477, 3.675000000000000266 ) ) ;
#3164 = CARTESIAN_POINT ( 'NONE',  ( -2.091014652896255654, 3.836142472419358906, 11.17499999999999893 ) ) ;
#3165 = CIRCLE ( 'NONE', #9561, 3.649999999999999467 ) ;
#3166 = FACE_OUTER_BOUND ( 'NONE', #8373, .T. ) ;
#3167 = CARTESIAN_POINT ( 'NONE',  ( -2.594966336091574455, 6.531657196332630200, 0.000000000000000000 ) ) ;
#3168 = ORIENTED_EDGE ( 'NONE', *, *, #8426, .T. ) ;
#3169 = VECTOR ( 'NONE', #1099, 1000.000000000000114 ) ;
#3170 = VERTEX_POINT ( 'NONE', #5835 ) ;
#3171 = EDGE_CURVE ( 'NONE', #3723, #9512, #3312, .T. ) ;
#3172 = EDGE_CURVE ( 'NONE', #547, #3635, #783, .T. ) ;
#3173 = ORIENTED_EDGE ( 'NONE', *, *, #8491, .T. ) ;
#3174 = EDGE_CURVE ( 'NONE', #1613, #10725, #6587, .T. ) ;
#3175 = VECTOR ( 'NONE', #10584, 999.9999999999998863 ) ;
#3176 = CARTESIAN_POINT ( 'NONE',  ( 6.505213034913026604E-16, 2.565469875665443045, 15.29999999999999893 ) ) ;
#3177 = APPLICATION_PROTOCOL_DEFINITION ( 'draft international standard', 'automotive_design', 1998, #2087 ) ;
#3178 = VECTOR ( 'NONE', #6528, 1000.000000000000000 ) ;
#3179 = LINE ( 'NONE', #2426, #967 ) ;
#3180 = LINE ( 'NONE', #7531, #1134 ) ;
#3181 = PRODUCT_DEFINITION_SHAPE ( 'NONE', 'NONE',  #5263 ) ;
#3182 = ORIENTED_EDGE ( 'NONE', *, *, #7393, .F. ) ;
#3183 = DIRECTION ( 'NONE',  ( -0.000000000000000000, -0.000000000000000000, 1.000000000000000000 ) ) ;
#3184 = DIRECTION ( 'NONE',  ( 0.000000000000000000, 0.000000000000000000, 1.000000000000000000 ) ) ;
#3185 = VERTEX_POINT ( 'NONE', #2228 ) ;
#3186 = CARTESIAN_POINT ( 'NONE',  ( 0.000000000000000000, 1.500000000000000444, 0.000000000000000000 ) ) ;
#3187 = ORIENTED_EDGE ( 'NONE', *, *, #4475, .F. ) ;
#3188 = CARTESIAN_POINT ( 'NONE',  ( 2.580939751330912468, 4.384530124334556689, 11.17499999999999893 ) ) ;
#3189 = ORIENTED_EDGE ( 'NONE', *, *, #3043, .T. ) ;
#3190 = VECTOR ( 'NONE', #8980, 1000.000000000000000 ) ;
#3191 = EDGE_CURVE ( 'NONE', #2533, #4657, #9230, .T. ) ;
#3192 = CARTESIAN_POINT ( 'NONE',  ( -1.030666926558653025E-16, 6.965469875665441180, 15.29999999999999893 ) ) ;
#3193 = VECTOR ( 'NONE', #2319, 1000.000000000000000 ) ;
#3194 = LINE ( 'NONE', #6691, #5678 ) ;
#3195 = PLANE ( 'NONE',  #8234 ) ;
#3196 = DIRECTION ( 'NONE',  ( -1.000000000000000000, 0.000000000000000000, 0.000000000000000000 ) ) ;
#3197 = VECTOR ( 'NONE', #6123, 1000.000000000000000 ) ;
#3198 = LINE ( 'NONE', #2333, #10483 ) ;
#3199 = EDGE_CURVE ( 'NONE', #3071, #2022, #524, .T. ) ;
#3200 = ORIENTED_EDGE ( 'NONE', *, *, #6953, .T. ) ;
#3201 = VERTEX_POINT ( 'NONE', #6704 ) ;
#3202 =( NAMED_UNIT ( * ) SI_UNIT ( $, .STERADIAN. ) SOLID_ANGLE_UNIT ( ) );
#3203 = VECTOR ( 'NONE', #5686, 1000.000000000000000 ) ;
#3204 = CARTESIAN_POINT ( 'NONE',  ( 0.000000000000000000, 2.775349838536065761, 2.413347685683533417 ) ) ;
#3205 = DIRECTION ( 'NONE',  ( 0.000000000000000000, 0.000000000000000000, -1.000000000000000000 ) ) ;
#3206 = ORIENTED_EDGE ( 'NONE', *, *, #3926, .F. ) ;
#3207 = DIRECTION ( 'NONE',  ( 0.000000000000000000, 0.000000000000000000, -1.000000000000000000 ) ) ;
#3208 = DIRECTION ( 'NONE',  ( 0.000000000000000000, -0.1643989873053572914, -0.9863939238321437486 ) ) ;
#3209 = EDGE_CURVE ( 'NONE', #3227, #6541, #10198, .T. ) ;
#3210 = EDGE_CURVE ( 'NONE', #301, #7049, #5162, .T. ) ;
#3211 = EDGE_LOOP ( 'NONE', ( #7401, #612, #7642, #10453 ) ) ;
#3212 = LINE ( 'NONE', #10997, #894 ) ;
#3213 = DIRECTION ( 'NONE',  ( -0.7071067811865474617, 0.000000000000000000, -0.7071067811865474617 ) ) ;
#3214 = CARTESIAN_POINT ( 'NONE',  ( 1.753688622889470249E-15, -4.084530124334555978, 15.29999999999999893 ) ) ;
#3215 = ORIENTED_EDGE ( 'NONE', *, *, #375, .T. ) ;
#3216 = ORIENTED_EDGE ( 'NONE', *, *, #3662, .F. ) ;
#3217 = ORIENTED_EDGE ( 'NONE', *, *, #1813, .F. ) ;
#3218 = CARTESIAN_POINT ( 'NONE',  ( -1.650000000000000355, 6.965469875665441180, 0.000000000000000000 ) ) ;
#3219 = VECTOR ( 'NONE', #10843, 1000.000000000000000 ) ;
#3220 = CARTESIAN_POINT ( 'NONE',  ( -1.379999999999999893, 12.37465984809580277, -1.879109974682634077 ) ) ;
#3221 = DIRECTION ( 'NONE',  ( -0.8631770573194725849, 0.5049013445390058141, 0.000000000000000000 ) ) ;
#3222 = EDGE_CURVE ( 'NONE', #6144, #9860, #7947, .T. ) ;
#3223 = PLANE ( 'NONE',  #1792 ) ;
#3224 = DIRECTION ( 'NONE',  ( -0.000000000000000000, 0.6561787149247862994, 0.7546055221635049604 ) ) ;
#3225 = DIRECTION ( 'NONE',  ( 0.2533391860415180052, -0.9673775151489830693, 0.000000000000000000 ) ) ;
#3226 = CARTESIAN_POINT ( 'NONE',  ( -1.030666926558653025E-16, 6.965469875665441180, 15.29999999999999893 ) ) ;
#3227 = VERTEX_POINT ( 'NONE', #3531 ) ;
#3228 = ORIENTED_EDGE ( 'NONE', *, *, #2963, .F. ) ;
#3229 = ORIENTED_EDGE ( 'NONE', *, *, #3394, .F. ) ;
#3230 = AXIS2_PLACEMENT_3D ( 'NONE', #6485, #3903, #7336 ) ;
#3231 = CARTESIAN_POINT ( 'NONE',  ( 1.379999999999999671, 11.43165542625050435, 5.400000000000000355 ) ) ;
#3232 = ITEM_DEFINED_TRANSFORMATION ( 'NONE', 'NONE', #8615,  #2013 ) ;
#3233 = LINE ( 'NONE', #5009, #6815 ) ;
#3234 = CARTESIAN_POINT ( 'NONE',  ( 0.01715630721368240769, 0.004492935629502566378, 7.800000000000000711 ) ) ;
#3235 = ORIENTED_EDGE ( 'NONE', *, *, #10726, .F. ) ;
#3237 = ADVANCED_FACE ( 'NONE', ( #1923, #4619 ), #8057, .T. ) ;
#3236 = LINE ( 'NONE', #6732, #2369 ) ;
#3238 = FACE_OUTER_BOUND ( 'NONE', #7224, .T. ) ;
#3239 = AXIS2_PLACEMENT_3D ( 'NONE', #5088, #4015, #3213 ) ;
#3240 = ORIENTED_EDGE ( 'NONE', *, *, #3454, .T. ) ;
#3241 = CARTESIAN_POINT ( 'NONE',  ( 0.000000000000000000, 1.500000000000000444, 4.500000000000000000 ) ) ;
#3242 = EDGE_CURVE ( 'NONE', #10270, #960, #4806, .T. ) ;
#3243 = ORIENTED_EDGE ( 'NONE', *, *, #8761, .T. ) ;
#3244 = DIRECTION ( 'NONE',  ( -1.000000000000000000, 0.000000000000000000, 0.000000000000000000 ) ) ;
#3245 = ORIENTED_EDGE ( 'NONE', *, *, #10368, .T. ) ;
#3246 = CARTESIAN_POINT ( 'NONE',  ( -3.903127820947815962E-14, 10.61546987566544153, 11.17499999999999893 ) ) ;
#3247 = CARTESIAN_POINT ( 'NONE',  ( -3.405877273185280885, 1.699999999999999734, 6.850000000000000533 ) ) ;
#3248 = LINE ( 'NONE', #5825, #3397 ) ;
#3249 = CARTESIAN_POINT ( 'NONE',  ( 2.969848480983500405, 1.499999999999999556, 7.049999999999999822 ) ) ;
#3250 = DIRECTION ( 'NONE',  ( 2.472789881105115160E-16, -1.000000000000000000, 0.000000000000000000 ) ) ;
#3251 = ORIENTED_EDGE ( 'NONE', *, *, #6389, .F. ) ;
#3252 = EDGE_CURVE ( 'NONE', #1684, #5517, #10521, .T. ) ;
#3253 = ORIENTED_EDGE ( 'NONE', *, *, #866, .F. ) ;
#3254 = DIRECTION ( 'NONE',  ( -0.000000000000000000, -0.000000000000000000, -1.000000000000000000 ) ) ;
#3255 = LINE ( 'NONE', #8811, #10496 ) ;
#3256 = AXIS2_PLACEMENT_3D ( 'NONE', #10376, #5852, #8605 ) ;
#3257 = ADVANCED_FACE ( 'NONE', ( #1978 ), #10572, .T. ) ;
#3258 = CARTESIAN_POINT ( 'NONE',  ( 4.400384907664998124, 6.000000000000000000, -2.279064564105333979 ) ) ;
#3259 = CARTESIAN_POINT ( 'NONE',  ( -1.030666926558653025E-16, 6.965469875665441180, 7.800000000000000711 ) ) ;
#3260 = EDGE_LOOP ( 'NONE', ( #4962, #7694, #8742, #896 ) ) ;
#3261 = AXIS2_PLACEMENT_3D ( 'NONE', #11111, #4985, #10150 ) ;
#3262 = PLANE ( 'NONE',  #156 ) ;
#3263 = DIRECTION ( 'NONE',  ( 0.000000000000000000, 0.000000000000000000, 1.000000000000000000 ) ) ;
#3264 = CARTESIAN_POINT ( 'NONE',  ( 1.380839982702823265, 6.500000000000000000, -4.547699037355532603 ) ) ;
#3265 = VERTEX_POINT ( 'NONE', #3760 ) ;
#3266 = ORIENTED_EDGE ( 'NONE', *, *, #6155, .F. ) ;
#3267 = ORIENTED_EDGE ( 'NONE', *, *, #2653, .T. ) ;
#3268 = EDGE_CURVE ( 'NONE', #343, #7807, #4567, .T. ) ;
#3269 = AXIS2_PLACEMENT_3D ( 'NONE', #6233, #11219, #6875 ) ;
#3270 = FACE_OUTER_BOUND ( 'NONE', #3619, .T. ) ;
#3271 = PLANE ( 'NONE',  #3323 ) ;
#3272 = DIRECTION ( 'NONE',  ( 0.7071067811865474617, 0.000000000000000000, 0.7071067811865474617 ) ) ;
#3273 = CYLINDRICAL_SURFACE ( 'NONE', #8053, 0.2999999999999999334 ) ;
#3274 = PLANE ( 'NONE',  #9284 ) ;
#3275 = CARTESIAN_POINT ( 'NONE',  ( 1.379999999999999671, 6.500000000000000000, 4.549999999999999822 ) ) ;
#3276 = LINE ( 'NONE', #6835, #496 ) ;
#3277 = ORIENTED_EDGE ( 'NONE', *, *, #2312, .T. ) ;
#3278 = ORIENTED_EDGE ( 'NONE', *, *, #3895, .F. ) ;
#3279 = AXIS2_PLACEMENT_3D ( 'NONE', #904, #8751, #7885 ) ;
#3280 = ORIENTED_EDGE ( 'NONE', *, *, #11131, .F. ) ;
#3281 = ADVANCED_FACE ( 'NONE', ( #5362 ), #1123, .T. ) ;
#3282 = FACE_OUTER_BOUND ( 'NONE', #7584, .T. ) ;
#3283 = DIRECTION ( 'NONE',  ( 0.000000000000000000, 0.1643989873053572914, -0.9863939238321437486 ) ) ;
#3284 = DIRECTION ( 'NONE',  ( -0.1361444591231988355, -0.9906889957247186906, 0.000000000000000000 ) ) ;
#3285 = VECTOR ( 'NONE', #5515, 1000.000000000000000 ) ;
#3286 = ORIENTED_EDGE ( 'NONE', *, *, #6362, .T. ) ;
#3287 = DIRECTION ( 'NONE',  ( -0.7967915771908310463, -0.6042542366568464107, 0.000000000000000000 ) ) ;
#3288 = DIRECTION ( 'NONE',  ( -0.000000000000000000, 1.000000000000000000, -0.000000000000000000 ) ) ;
#3289 = ORIENTED_EDGE ( 'NONE', *, *, #9620, .F. ) ;
#3290 = DIRECTION ( 'NONE',  ( -0.7967915771908288258, -0.6042542366568491863, 0.000000000000000000 ) ) ;
#3291 = ORIENTED_EDGE ( 'NONE', *, *, #4125, .T. ) ;
#3292 = VERTEX_POINT ( 'NONE', #49 ) ;
#3293 = ADVANCED_FACE ( 'NONE', ( #6163 ), #2550, .T. ) ;
#3294 = AXIS2_PLACEMENT_3D ( 'NONE', #8232, #458, #3946 ) ;
#3295 = CARTESIAN_POINT ( 'NONE',  ( 2.580939751330914245, -2.084296772316889701, 3.675000000000000266 ) ) ;
#3296 = EDGE_CURVE ( 'NONE', #2107, #6758, #7087, .T. ) ;
#3297 = DIRECTION ( 'NONE',  ( -1.000000000000000000, 0.000000000000000000, 0.000000000000000000 ) ) ;
#3298 = CARTESIAN_POINT ( 'NONE',  ( -2.580939751330911580, 4.384530124334556689, 15.00000000000000000 ) ) ;
#3299 = VECTOR ( 'NONE', #8759, 1000.000000000000114 ) ;
#3300 = FACE_OUTER_BOUND ( 'NONE', #11026, .T. ) ;
#3301 = CARTESIAN_POINT ( 'NONE',  ( 2.580939751330912912, 5.105697360666424760E-16, 3.675000000000000266 ) ) ;
#3302 = EDGE_LOOP ( 'NONE', ( #1013, #4717, #8750, #3901 ) ) ;
#3303 = ORIENTED_EDGE ( 'NONE', *, *, #10469, .F. ) ;
#3304 = CARTESIAN_POINT ( 'NONE',  ( 2.472299299311649268, 0.2639522234558860925, 7.800000000000000711 ) ) ;
#3305 = CARTESIAN_POINT ( 'NONE',  ( 7.296724953260060431, 3.200000000000000178, 2.297891415291849704 ) ) ;
#3306 = EDGE_CURVE ( 'NONE', #3566, #10912, #1069, .T. ) ;
#3307 = AXIS2_PLACEMENT_3D ( 'NONE', #548, #2311, #1566 ) ;
#3308 = EDGE_CURVE ( 'NONE', #3700, #2758, #10055, .T. ) ;
#3309 = LINE ( 'NONE', #3372, #4597 ) ;
#3310 = EDGE_CURVE ( 'NONE', #792, #6816, #6218, .T. ) ;
#3311 = AXIS2_PLACEMENT_3D ( 'NONE', #1602, #4992, #11007 ) ;
#3312 = B_SPLINE_CURVE_WITH_KNOTS ( 'NONE', 3,
 ( #577, #10401, #6046, #2289, #4336, #4814 ),
 .UNSPECIFIED., .F., .F.,
 ( 4, 2, 4 ),
 ( 0.000000000000000000, 0.0003953464452561770677, 0.0007906928905123541355 ),
 .UNSPECIFIED. ) ;
#3313 = DIRECTION ( 'NONE',  ( 0.000000000000000000, 0.000000000000000000, 1.000000000000000000 ) ) ;
#3314 = CARTESIAN_POINT ( 'NONE',  ( 1.399999999999999689, 11.43165542625050435, 5.530000000000000249 ) ) ;
#3315 = ORIENTED_EDGE ( 'NONE', *, *, #603, .T. ) ;
#3316 = AXIS2_PLACEMENT_3D ( 'NONE', #1035, #1823, #236 ) ;
#3317 = DIRECTION ( 'NONE',  ( 0.9592845720430316359, -0.2824413387594271740, 0.000000000000000000 ) ) ;
#3318 = DIRECTION ( 'NONE',  ( 0.000000000000000000, 0.000000000000000000, 1.000000000000000000 ) ) ;
#3319 = LINE ( 'NONE', #4236, #4266 ) ;
#3320 = EDGE_LOOP ( 'NONE', ( #8229, #4078, #7629, #5706 ) ) ;
#3321 = ORIENTED_EDGE ( 'NONE', *, *, #9691, .F. ) ;
#3322 = ORIENTED_EDGE ( 'NONE', *, *, #5985, .F. ) ;
#3323 = AXIS2_PLACEMENT_3D ( 'NONE', #5096, #3099, #698 ) ;
#3324 = EDGE_CURVE ( 'NONE', #7163, #4184, #7202, .T. ) ;
#3325 = AXIS2_PLACEMENT_3D ( 'NONE', #6157, #9827, #4381 ) ;
#3326 = VECTOR ( 'NONE', #1962, 1000.000000000000114 ) ;
#3327 = CARTESIAN_POINT ( 'NONE',  ( 1.393841279746829143, 4.734046515325193383, -2.625562286609687046 ) ) ;
#3328 = DIRECTION ( 'NONE',  ( -1.000000000000000000, -0.000000000000000000, -0.000000000000000000 ) ) ;
#3329 = PLANE ( 'NONE',  #6266 ) ;
#3330 = DIRECTION ( 'NONE',  ( 0.000000000000000000, -1.000000000000000000, 0.000000000000000000 ) ) ;
#3331 = LINE ( 'NONE', #3164, #6531 ) ;
#3332 = ORIENTED_EDGE ( 'NONE', *, *, #9428, .F. ) ;
#3333 = EDGE_CURVE ( 'NONE', #5572, #2601, #1803, .T. ) ;
#3334 = DIRECTION ( 'NONE',  ( 1.000000000000000000, -0.000000000000000000, -0.000000000000000000 ) ) ;
#3335 = AXIS2_PLACEMENT_3D ( 'NONE', #108, #9832, #5250 ) ;
#3336 = CARTESIAN_POINT ( 'NONE',  ( 4.999999999999999112, 7.500000000000000000, 0.000000000000000000 ) ) ;
#3337 = ORIENTED_EDGE ( 'NONE', *, *, #5200, .T. ) ;
#3338 = CIRCLE ( 'NONE', #10112, 0.1000000000000001443 ) ;
#3339 = VERTEX_POINT ( 'NONE', #8005 ) ;
#3340 = AXIS2_PLACEMENT_3D ( 'NONE', #3984, #1119, #8111 ) ;
#3341 = VERTEX_POINT ( 'NONE', #5304 ) ;
#3342 = B_SPLINE_CURVE_WITH_KNOTS ( 'NONE', 3,
 ( #5185, #8691, #5938, #8464, #11095, #846, #1632, #6859, #3468, #3247 ),
 .UNSPECIFIED., .F., .F.,
 ( 4, 2, 2, 2, 4 ),
 ( 0.000000000000000000, 0.0002774483335560879328, 0.0004161725003341318449, 0.0004855345837231531234, 0.0005548966671121744560 ),
 .UNSPECIFIED. ) ;
#3343 = DIRECTION ( 'NONE',  ( -1.000000000000000000, 0.000000000000000000, 0.000000000000000000 ) ) ;
#3344 = SHAPE_DEFINITION_REPRESENTATION ( #2449, #4925 ) ;
#3345 = CARTESIAN_POINT ( 'NONE',  ( -2.580939751330913801, -4.384530124334558465, 15.00000000000000000 ) ) ;
#3346 = CARTESIAN_POINT ( 'NONE',  ( -2.280939751330911758, 4.384530124334556689, 0.000000000000000000 ) ) ;
#3347 = CIRCLE ( 'NONE', #2978, 0.02000000000000005246 ) ;
#3348 = ORIENTED_EDGE ( 'NONE', *, *, #1538, .T. ) ;
#3349 = DIRECTION ( 'NONE',  ( -0.8028956459037006610, 0.5961196035938418625, 0.000000000000000000 ) ) ;
#3350 = DIRECTION ( 'NONE',  ( -0.7071067811865473507, 0.000000000000000000, 0.7071067811865477948 ) ) ;
#3351 = ADVANCED_FACE ( 'NONE', ( #4446 ), #9711, .T. ) ;
#3352 = ORIENTED_EDGE ( 'NONE', *, *, #9147, .T. ) ;
#3353 = CARTESIAN_POINT ( 'NONE',  ( -2.580939751330912912, -2.003873909248936602, 15.00000000000000000 ) ) ;
#3354 = ORIENTED_EDGE ( 'NONE', *, *, #7826, .F. ) ;
#3355 = ORIENTED_EDGE ( 'NONE', *, *, #1614, .F. ) ;
#3356 = AXIS2_PLACEMENT_3D ( 'NONE', #3546, #4178, #11276 ) ;
#3357 = DIRECTION ( 'NONE',  ( 0.000000000000000000, 0.000000000000000000, 1.000000000000000000 ) ) ;
#3358 = DIRECTION ( 'NONE',  ( 0.000000000000000000, 0.000000000000000000, 1.000000000000000000 ) ) ;
#3359 = LINE ( 'NONE', #4276, #10123 ) ;
#3360 = VECTOR ( 'NONE', #224, 1000.000000000000114 ) ;
#3361 = FACE_OUTER_BOUND ( 'NONE', #10022, .T. ) ;
#3362 = DIRECTION ( 'NONE',  ( 0.4853175911454119529, -0.8743379413732510486, 0.000000000000000000 ) ) ;
#3363 = EDGE_CURVE ( 'NONE', #7143, #9699, #6023, .T. ) ;
#3364 = ORIENTED_EDGE ( 'NONE', *, *, #7330, .T. ) ;
#3365 = CIRCLE ( 'NONE', #7734, 3.649999999999999467 ) ;
#3366 = EDGE_LOOP ( 'NONE', ( #2099, #9943, #7500, #4528 ) ) ;
#3367 = CYLINDRICAL_SURFACE ( 'NONE', #173, 0.02000000000000005246 ) ;
#3368 = STYLED_ITEM ( 'NONE', ( #8825 ), #8525 ) ;
#3369 = DIRECTION ( 'NONE',  ( -0.2533391860415146746, 0.9673775151489840685, 0.000000000000000000 ) ) ;
#3370 = PRODUCT_DEFINITION_SHAPE ( 'NONE', 'NONE',  #11325 ) ;
#3371 = CIRCLE ( 'NONE', #4104, 3.649999999999999467 ) ;
#3372 = CARTESIAN_POINT ( 'NONE',  ( -2.580939751330911580, -2.084296772316891477, 11.17499999999999893 ) ) ;
#3373 = CARTESIAN_POINT ( 'NONE',  ( 0.000000000000000000, 1.499999999999999556, -7.650000000000000355 ) ) ;
#3374 =( NAMED_UNIT ( * ) SI_UNIT ( $, .STERADIAN. ) SOLID_ANGLE_UNIT ( ) );
#3375 = AXIS2_PLACEMENT_3D ( 'NONE', #2145, #10058, #9090 ) ;
#3376 = VERTEX_POINT ( 'NONE', #4728 ) ;
#3377 = CARTESIAN_POINT ( 'NONE',  ( -1.380000000000000115, 9.296555435952635449, 8.083961248654471632 ) ) ;
#3378 = EDGE_CURVE ( 'NONE', #8548, #7708, #4903, .T. ) ;
#3379 = LINE ( 'NONE', #10085, #1565 ) ;
#3380 = CARTESIAN_POINT ( 'NONE',  ( 1.397319086605161687, 6.500000000000000000, -4.496202024374977846 ) ) ;
#3381 = ORIENTED_EDGE ( 'NONE', *, *, #9641, .T. ) ;
#3382 = EDGE_CURVE ( 'NONE', #1943, #10520, #3064, .T. ) ;
#3383 = ORIENTED_EDGE ( 'NONE', *, *, #8351, .F. ) ;
#3384 = ORIENTED_EDGE ( 'NONE', *, *, #3769, .F. ) ;
#3385 = CIRCLE ( 'NONE', #5214, 0.01999999999999996225 ) ;
#3386 = DIRECTION ( 'NONE',  ( 0.000000000000000000, 0.000000000000000000, -1.000000000000000000 ) ) ;
#3387 = CARTESIAN_POINT ( 'NONE',  ( -1.294307837705274800, 10.37827916146719787, 11.17499999999999893 ) ) ;
#3388 = DIRECTION ( 'NONE',  ( 0.000000000000000000, 1.000000000000000000, -0.000000000000000000 ) ) ;
#3389 = DIRECTION ( 'NONE',  ( 1.000000000000000000, 0.000000000000000000, 0.000000000000000000 ) ) ;
#3390 = ORIENTED_EDGE ( 'NONE', *, *, #6530, .T. ) ;
#3391 = DIRECTION ( 'NONE',  ( 0.4918069879902069452, 0.8707042474709769664, 0.000000000000000000 ) ) ;
#3392 = CARTESIAN_POINT ( 'NONE',  ( -0.1126976677028311696, -4.802724943655748646, -1.741077270331111260 ) ) ;
#3393 = EDGE_LOOP ( 'NONE', ( #6962, #2466, #204, #9358 ) ) ;
#3394 = EDGE_CURVE ( 'NONE', #9369, #8142, #1093, .T. ) ;
#3395 = VERTEX_POINT ( 'NONE', #7368 ) ;
#3396 = EDGE_LOOP ( 'NONE', ( #5614, #276, #7021, #908, #2885 ) ) ;
#3397 = VECTOR ( 'NONE', #6042, 1000.000000000000114 ) ;
#3398 = AXIS2_PLACEMENT_3D ( 'NONE', #7052, #2956, #5705 ) ;
#3399 = ADVANCED_FACE ( 'NONE', ( #383 ), #2953, .T. ) ;
#3400 = LINE ( 'NONE', #711, #6419 ) ;
#3401 = SHAPE_DEFINITION_REPRESENTATION ( #11135, #3754 ) ;
#3402 = FACE_BOUND ( 'NONE', #2208, .T. ) ;
#3403 = LINE ( 'NONE', #5290, #6808 ) ;
#3404 = ORIENTED_EDGE ( 'NONE', *, *, #2680, .F. ) ;
#3405 = DIRECTION ( 'NONE',  ( -1.000000000000000000, 0.000000000000000000, 0.000000000000000000 ) ) ;
#3406 = DIRECTION ( 'NONE',  ( -1.000000000000000000, 0.000000000000000000, 0.000000000000000000 ) ) ;
#3407 = ORIENTED_EDGE ( 'NONE', *, *, #2327, .F. ) ;
#3408 = CARTESIAN_POINT ( 'NONE',  ( -2.625752043686317094, 3.101480656498023958, -7.185283574223201519 ) ) ;
#3409 = ORIENTED_EDGE ( 'NONE', *, *, #5098, .T. ) ;
#3410 = AXIS2_PLACEMENT_3D ( 'NONE', #6961, #11086, #5983 ) ;
#3411 = ORIENTED_EDGE ( 'NONE', *, *, #923, .F. ) ;
#3412 = ADVANCED_FACE ( 'NONE', ( #8396 ), #10057, .T. ) ;
#3413 = CARTESIAN_POINT ( 'NONE',  ( -2.489362245493005776, 3.101558808504982334, 7.233668728588426688 ) ) ;
#3414 = ADVANCED_FACE ( 'NONE', ( #10744 ), #1239, .T. ) ;
#3415 = PLANE ( 'NONE',  #6033 ) ;
#3416 = AXIS2_PLACEMENT_3D ( 'NONE', #10163, #10213, #4942 ) ;
#3417 = LINE ( 'NONE', #6860, #5192 ) ;
#3418 = CARTESIAN_POINT ( 'NONE',  ( -3.035200274230737350, 11.65993862977662410, 11.17499999999999893 ) ) ;
#3419 = CARTESIAN_POINT ( 'NONE',  ( 4.694468754111195352, 10.00067014989615544, 0.000000000000000000 ) ) ;
#3420 = CARTESIAN_POINT ( 'NONE',  ( -1.060660171779822525, 4.585121964646132860E-16, 1.060660171779822525 ) ) ;
#3421 = LINE ( 'NONE', #3301, #7749 ) ;
#3422 = ORIENTED_EDGE ( 'NONE', *, *, #285, .F. ) ;
#3423 = ORIENTED_EDGE ( 'NONE', *, *, #8112, .F. ) ;
#3424 = DIRECTION ( 'NONE',  ( -0.000000000000000000, 0.000000000000000000, 1.000000000000000000 ) ) ;
#3425 = CARTESIAN_POINT ( 'NONE',  ( -1.380000000000000115, 9.768344573749500270, -5.400000000000000355 ) ) ;
#3426 = EDGE_CURVE ( 'NONE', #2784, #1114, #10001, .T. ) ;
#3427 = CARTESIAN_POINT ( 'NONE',  ( 1.399999999999999689, 12.34999999999999964, 2.027069063257455728 ) ) ;
#3428 = CARTESIAN_POINT ( 'NONE',  ( 1.379999999999999671, 6.649999999999999467, 4.379999999999999893 ) ) ;
#3429 = ORIENTED_EDGE ( 'NONE', *, *, #5270, .T. ) ;
#3430 = PLANE ( 'NONE',  #6931 ) ;
#3431 = FACE_OUTER_BOUND ( 'NONE', #7397, .T. ) ;
#3432 = VECTOR ( 'NONE', #10693, 1000.000000000000000 ) ;
#3433 = LINE ( 'NONE', #68, #8124 ) ;
#3434 = ORIENTED_EDGE ( 'NONE', *, *, #10367, .F. ) ;
#3435 = VERTEX_POINT ( 'NONE', #7480 ) ;
#3436 = VERTEX_POINT ( 'NONE', #10795 ) ;
#3437 = ADVANCED_FACE ( 'NONE', ( #7310 ), #10118, .F. ) ;
#3438 = TOROIDAL_SURFACE ( 'NONE', #8758, 0.1299999999999999767, 0.02000000000000000042 ) ;
#3439 = ADVANCED_FACE ( 'NONE', ( #5761 ), #3987, .T. ) ;
#3440 = CARTESIAN_POINT ( 'NONE',  ( 1.399999999999999689, 6.500000000000000000, -4.549999999999999822 ) ) ;
#3441 = CARTESIAN_POINT ( 'NONE',  ( 4.694468754111191799, 10.00067014989615899, -2.613951291675112643 ) ) ;
#3442 = FACE_OUTER_BOUND ( 'NONE', #6713, .T. ) ;
#3443 = LINE ( 'NONE', #928, #1947 ) ;
#3444 = EDGE_LOOP ( 'NONE', ( #11309, #11164, #3679, #7351 ) ) ;
#3445 = PLANE ( 'NONE',  #1919 ) ;
#3446 = FACE_OUTER_BOUND ( 'NONE', #9094, .T. ) ;
#3447 = EDGE_LOOP ( 'NONE', ( #1230, #3215, #11192, #10406, #11284, #3088, #3676, #10861, #10571, #7236, #8036, #3055, #6469, #6470 ) ) ;
#3448 = ORIENTED_EDGE ( 'NONE', *, *, #1445, .T. ) ;
#3449 = DIRECTION ( 'NONE',  ( -1.680321552529715921E-16, 1.000000000000000000, 0.000000000000000000 ) ) ;
#3450 = CIRCLE ( 'NONE', #6380, 3.649999999999999467 ) ;
#3451 = ORIENTED_EDGE ( 'NONE', *, *, #5139, .T. ) ;
#3452 = EDGE_CURVE ( 'NONE', #2725, #9940, #2033, .T. ) ;
#3453 = CARTESIAN_POINT ( 'NONE',  ( -2.580939751330913801, -4.384530124334558465, 0.2999999999999999334 ) ) ;
#3454 = EDGE_CURVE ( 'NONE', #3563, #9088, #9263, .T. ) ;
#3455 = DIRECTION ( 'NONE',  ( 0.000000000000000000, -0.6561787149247869655, -0.7546055221635044052 ) ) ;
#3456 = CARTESIAN_POINT ( 'NONE',  ( -1.030666926558653025E-16, 6.965469875665441180, 15.29999999999999893 ) ) ;
#3457 = B_SPLINE_CURVE_WITH_KNOTS ( 'NONE', 3,
 ( #3917, #11236, #6770, #2303, #4998, #1606, #5907, #5800, #10264, #7578 ),
 .UNSPECIFIED., .F., .F.,
 ( 4, 2, 2, 2, 4 ),
 ( 0.000000000000000000, 7.024607880191381085E-05, 0.0001404921576038276217, 0.0002809843152076559481, 0.0005619686304153131973 ),
 .UNSPECIFIED. ) ;
#3458 = ORIENTED_EDGE ( 'NONE', *, *, #6330, .T. ) ;
#3459 = CARTESIAN_POINT ( 'NONE',  ( 2.712967541895487944, 3.008500636646441961, -7.153346357285052193 ) ) ;
#3460 = DIRECTION ( 'NONE',  ( 0.000000000000000000, 0.6561787149247870765, -0.7546055221635045163 ) ) ;
#3461 = ORIENTED_EDGE ( 'NONE', *, *, #6642, .T. ) ;
#3462 = DIRECTION ( 'NONE',  ( 0.000000000000000000, 0.000000000000000000, 1.000000000000000000 ) ) ;
#3463 = ORIENTED_EDGE ( 'NONE', *, *, #1334, .T. ) ;
#3464 = EDGE_CURVE ( 'NONE', #6816, #9382, #7424, .T. ) ;
#3465 = ORIENTED_EDGE ( 'NONE', *, *, #10207, .T. ) ;
#3466 = FACE_BOUND ( 'NONE', #8515, .T. ) ;
#3467 = AXIS2_PLACEMENT_3D ( 'NONE', #5702, #6509, #556 ) ;
#3468 = CARTESIAN_POINT ( 'NONE',  ( -3.405877273185281773, 1.676175380897986456, 6.850000000000000533 ) ) ;
#3469 = DIRECTION ( 'NONE',  ( 0.4853175911454119529, 0.8743379413732510486, 0.000000000000000000 ) ) ;
#3470 = DIRECTION ( 'NONE',  ( 0.000000000000000000, 0.000000000000000000, 1.000000000000000000 ) ) ;
#3471 = UNCERTAINTY_MEASURE_WITH_UNIT (LENGTH_MEASURE( 1.000000000000000082E-05 ), #6751, 'distance_accuracy_value', 'NONE');
#3472 = ORIENTED_EDGE ( 'NONE', *, *, #1550, .T. ) ;
#3473 = PLANE ( 'NONE',  #3887 ) ;
#3474 = CARTESIAN_POINT ( 'NONE',  ( -1.030666926558653025E-16, 6.965469875665441180, 0.000000000000000000 ) ) ;
#3475 = CARTESIAN_POINT ( 'NONE',  ( -5.498644456795159563, 5.957805881184944141, -2.454779244514313952 ) ) ;
#3476 = VERTEX_POINT ( 'NONE', #8170 ) ;
#3477 = ORIENTED_EDGE ( 'NONE', *, *, #4923, .F. ) ;
#3478 = EDGE_CURVE ( 'NONE', #9949, #7257, #4198, .T. ) ;
#3479 = DIRECTION ( 'NONE',  ( 0.000000000000000000, 0.000000000000000000, 1.000000000000000000 ) ) ;
#3480 = AXIS2_PLACEMENT_3D ( 'NONE', #4686, #8181, #3386 ) ;
#3481 = CARTESIAN_POINT ( 'NONE',  ( -1.771168402671605879E-15, 6.965469875665441180, 15.29999999999999893 ) ) ;
#3482 = ADVANCED_BREP_SHAPE_REPRESENTATION ( '', ( #8577, #2013 ), #10620 ) ;
#3483 = LINE ( 'NONE', #5773, #10515 ) ;
#3484 = CARTESIAN_POINT ( 'NONE',  ( -7.085102807365159627, 3.000000000000000000, 2.885102807365165223 ) ) ;
#3485 = DIRECTION ( 'NONE',  ( -0.9943490029226537130, -0.1061605406293898990, 0.000000000000000000 ) ) ;
#3486 = ORIENTED_EDGE ( 'NONE', *, *, #8426, .F. ) ;
#3487 = CARTESIAN_POINT ( 'NONE',  ( 2.179449471770337432, 7.499999999999998224, 4.500000000000000000 ) ) ;
#3488 = CARTESIAN_POINT ( 'NONE',  ( 2.657714481646620719, 9.467279967188341416, 11.17499999999999893 ) ) ;
#3489 = EDGE_CURVE ( 'NONE', #10798, #11218, #5647, .T. ) ;
#3490 = CARTESIAN_POINT ( 'NONE',  ( -2.501810091522912671, 9.623184357312055681, -2.613951291675116195 ) ) ;
#3491 = AXIS2_PLACEMENT_3D ( 'NONE', #7419, #1345, #7358 ) ;
#3492 = ORIENTED_EDGE ( 'NONE', *, *, #1101, .F. ) ;
#3493 = ORIENTED_EDGE ( 'NONE', *, *, #11211, .T. ) ;
#3494 = CARTESIAN_POINT ( 'NONE',  ( -1.030666926558653025E-16, 6.965469875665441180, 0.000000000000000000 ) ) ;
#3495 = TOROIDAL_SURFACE ( 'NONE', #10272, 0.1699999999999999845, 0.02000000000000000042 ) ;
#3496 = CARTESIAN_POINT ( 'NONE',  ( -5.036781010732885200, 3.090000000000000746, -2.915460667173241038 ) ) ;
#3497 = DIRECTION ( 'NONE',  ( 1.000000000000000000, 0.000000000000000000, 0.000000000000000000 ) ) ;
#3498 = CARTESIAN_POINT ( 'NONE',  ( -2.456675682618985057, -4.260266055622629722, -2.192794176220782385E-17 ) ) ;
#3499 = CARTESIAN_POINT ( 'NONE',  ( 7.138355639750680659, 3.000000000000000000, 2.750705138767090663 ) ) ;
#3500 = ORIENTED_EDGE ( 'NONE', *, *, #6229, .T. ) ;
#3501 = VECTOR ( 'NONE', #648, 1000.000000000000000 ) ;
#3502 = EDGE_CURVE ( 'NONE', #8927, #2010, #9089, .T. ) ;
#3503 = DIRECTION ( 'NONE',  ( -0.9906889957247181355, 0.1361444591232022772, 0.000000000000000000 ) ) ;
#3504 = CARTESIAN_POINT ( 'NONE',  ( -3.018470195263256439, 3.000000000000000000, -7.029319859012494121 ) ) ;
#3505 = ORIENTED_EDGE ( 'NONE', *, *, #9983, .F. ) ;
#3506 = ORIENTED_EDGE ( 'NONE', *, *, #3031, .T. ) ;
#3507 = CARTESIAN_POINT ( 'NONE',  ( 3.648334813386796327, 6.855228824192193926, 7.800000000000000711 ) ) ;
#3508 = EDGE_CURVE ( 'NONE', #6947, #7077, #4786, .T. ) ;
#3509 = VERTEX_POINT ( 'NONE', #9470 ) ;
#3510 = VECTOR ( 'NONE', #7645, 1000.000000000000114 ) ;
#3511 = LINE ( 'NONE', #1050, #4601 ) ;
#3512 = LINE ( 'NONE', #8042, #64 ) ;
#3513 = DIRECTION ( 'NONE',  ( -0.4786004400550697424, 0.8780328119034582768, 0.000000000000000000 ) ) ;
#3514 = CIRCLE ( 'NONE', #9728, 3.649999999999999467 ) ;
#3515 = FACE_OUTER_BOUND ( 'NONE', #1205, .T. ) ;
#3516 = CARTESIAN_POINT ( 'NONE',  ( 2.456675682618985945, -1.860425245698976049, 15.29999999999999893 ) ) ;
#3517 = AXIS2_PLACEMENT_3D ( 'NONE', #7633, #11121, #10263 ) ;
#3518 = ORIENTED_EDGE ( 'NONE', *, *, #508, .T. ) ;
#3519 = ADVANCED_FACE ( 'NONE', ( #9314 ), #8511, .T. ) ;
#3520 = DIRECTION ( 'NONE',  ( 0.000000000000000000, 0.000000000000000000, 1.000000000000000000 ) ) ;
#3521 = ORIENTED_EDGE ( 'NONE', *, *, #5619, .F. ) ;
#3522 = EDGE_CURVE ( 'NONE', #6129, #7916, #666, .T. ) ;
#3523 = ADVANCED_FACE ( 'NONE', ( #8452 ), #5863, .T. ) ;
#3524 = VERTEX_POINT ( 'NONE', #610 ) ;
#3525 = CIRCLE ( 'NONE', #9384, 0.1299999999999998934 ) ;
#3526 = CARTESIAN_POINT ( 'NONE',  ( 4.745536286357737055, 3.598821182761699156, 3.675000000000000266 ) ) ;
#3527 = AXIS2_PLACEMENT_3D ( 'NONE', #7409, #6495, #1107 ) ;
#3528 = DIRECTION ( 'NONE',  ( 0.000000000000000000, 0.7546055221635005195, -0.6561787149247915174 ) ) ;
#3529 = FACE_OUTER_BOUND ( 'NONE', #4197, .T. ) ;
#3530 = EDGE_LOOP ( 'NONE', ( #6457, #9750, #4269, #1794 ) ) ;
#3531 = CARTESIAN_POINT ( 'NONE',  ( 1.173279993932573539, 12.43117126193364186, 7.800000000000000711 ) ) ;
#3532 = DIRECTION ( 'NONE',  ( -0.7071067811865473507, 8.049116928532377276E-17, 0.7071067811865477948 ) ) ;
#3533 = CARTESIAN_POINT ( 'NONE',  ( 1.399999999999999689, 6.500000000000000000, 4.469999999999999751 ) ) ;
#3534 = ORIENTED_EDGE ( 'NONE', *, *, #5431, .F. ) ;
#3535 = ORIENTED_EDGE ( 'NONE', *, *, #11278, .T. ) ;
#3536 = DIRECTION ( 'NONE',  ( -0.7781777610061610950, 0.6280440846592203474, 0.000000000000000000 ) ) ;
#3537 = DIRECTION ( 'NONE',  ( 0.000000000000000000, 0.000000000000000000, -1.000000000000000000 ) ) ;
#3538 = EDGE_CURVE ( 'NONE', #5172, #10192, #7865, .T. ) ;
#3539 = AXIS2_PLACEMENT_3D ( 'NONE', #8372, #8315, #9174 ) ;
#3540 = DIRECTION ( 'NONE',  ( -1.000000000000000000, 0.000000000000000000, 0.000000000000000000 ) ) ;
#3541 = VECTOR ( 'NONE', #10630, 1000.000000000000114 ) ;
#3542 = EDGE_CURVE ( 'NONE', #4544, #10446, #5115, .T. ) ;
#3543 = DIRECTION ( 'NONE',  ( 0.000000000000000000, 0.7546055221635206145, -0.6561787149247685358 ) ) ;
#3544 = DIRECTION ( 'NONE',  ( 0.7071067811865477948, 0.000000000000000000, 0.7071067811865473507 ) ) ;
#3545 = AXIS2_PLACEMENT_3D ( 'NONE', #6991, #10649, #9 ) ;
#3546 = CARTESIAN_POINT ( 'NONE',  ( -1.379999999999999893, -2.992397996059991005E-17, -4.379999999999999893 ) ) ;
#3547 = ORIENTED_EDGE ( 'NONE', *, *, #1272, .T. ) ;
#3548 = CARTESIAN_POINT ( 'NONE',  ( -1.379999999999999671, 6.500000000000000000, -0.7729309367425445387 ) ) ;
#3549 = LINE ( 'NONE', #919, #295 ) ;
#3550 = VECTOR ( 'NONE', #4688, 1000.000000000000114 ) ;
#3551 = DIRECTION ( 'NONE',  ( 0.000000000000000000, 0.000000000000000000, 1.000000000000000000 ) ) ;
#3552 = VERTEX_POINT ( 'NONE', #7764 ) ;
#3553 = EDGE_LOOP ( 'NONE', ( #8383, #2477, #6442, #7006 ) ) ;
#3554 = CIRCLE ( 'NONE', #9956, 3.649999999999999467 ) ;
#3555 = FACE_OUTER_BOUND ( 'NONE', #4596, .T. ) ;
#3556 = EDGE_CURVE ( 'NONE', #10234, #9949, #6031, .T. ) ;
#3557 = EDGE_CURVE ( 'NONE', #10288, #2770, #10595, .T. ) ;
#3558 = TOROIDAL_SURFACE ( 'NONE', #10877, 0.1699999999999999845, 0.02000000000000000042 ) ;
#3559 = DIRECTION ( 'NONE',  ( 1.000000000000000000, -0.000000000000000000, 0.000000000000000000 ) ) ;
#3560 = LINE ( 'NONE', #3441, #9547 ) ;
#3561 = DIRECTION ( 'NONE',  ( -0.5049013445390018173, -0.8631770573194749163, 0.000000000000000000 ) ) ;
#3562 = FACE_OUTER_BOUND ( 'NONE', #10481, .T. ) ;
#3563 = VERTEX_POINT ( 'NONE', #10174 ) ;
#3564 = DIRECTION ( 'NONE',  ( 0.000000000000000000, 0.000000000000000000, 1.000000000000000000 ) ) ;
#3565 = CYLINDRICAL_SURFACE ( 'NONE', #5551, 3.649999999999999467 ) ;
#3566 = VERTEX_POINT ( 'NONE', #8619 ) ;
#3567 = ORIENTED_EDGE ( 'NONE', *, *, #9526, .F. ) ;
#3568 = DIRECTION ( 'NONE',  ( 0.000000000000000000, 0.000000000000000000, 1.000000000000000000 ) ) ;
#3569 = ORIENTED_EDGE ( 'NONE', *, *, #9526, .T. ) ;
#3570 = PLANE ( 'NONE',  #3121 ) ;
#3571 = EDGE_CURVE ( 'NONE', #138, #9165, #11137, .T. ) ;
#3572 = CARTESIAN_POINT ( 'NONE',  ( -2.280939751330911758, 4.115941168879269974, 0.000000000000000000 ) ) ;
#3573 = DIRECTION ( 'NONE',  ( 0.000000000000000000, 0.000000000000000000, 1.000000000000000000 ) ) ;
#3574 = FACE_OUTER_BOUND ( 'NONE', #7220, .T. ) ;
#3575 = FACE_OUTER_BOUND ( 'NONE', #9414, .T. ) ;
#3576 = ORIENTED_EDGE ( 'NONE', *, *, #1538, .F. ) ;
#3577 = LINE ( 'NONE', #8048, #7985 ) ;
#3578 = ORIENTED_EDGE ( 'NONE', *, *, #5840, .F. ) ;
#3579 = ORIENTED_EDGE ( 'NONE', *, *, #9754, .T. ) ;
#3580 = AXIS2_PLACEMENT_3D ( 'NONE', #9556, #1712, #8174 ) ;
#3581 = FACE_OUTER_BOUND ( 'NONE', #602, .T. ) ;
#3582 = ADVANCED_FACE ( 'NONE', ( #775 ), #5062, .T. ) ;
#3583 = ADVANCED_FACE ( 'NONE', ( #11253 ), #6905, .T. ) ;
#3584 = CARTESIAN_POINT ( 'NONE',  ( 0.7016507962251111730, 5.105736415116989058, 7.800000000000000711 ) ) ;
#3585 = LINE ( 'NONE', #5187, #3913 ) ;
#3586 = ADVANCED_FACE ( 'NONE', ( #4206 ), #7703, .T. ) ;
#3587 = ORIENTED_EDGE ( 'NONE', *, *, #7654, .T. ) ;
#3588 = CARTESIAN_POINT ( 'NONE',  ( -2.141670180522088796, 8.493636281545676070, -2.457261515329064672 ) ) ;
#3589 = DIRECTION ( 'NONE',  ( 1.000000000000000000, 2.168404344971008252E-17, 8.673617379884035472E-17 ) ) ;
#3590 = CIRCLE ( 'NONE', #7261, 3.649999999999999467 ) ;
#3591 = CARTESIAN_POINT ( 'NONE',  ( -1.400000000000000133, 8.759938365018300033, -4.438449618462786184 ) ) ;
#3592 = ORIENTED_EDGE ( 'NONE', *, *, #5851, .F. ) ;
#3593 = ORIENTED_EDGE ( 'NONE', *, *, #5446, .F. ) ;
#3594 = FACE_OUTER_BOUND ( 'NONE', #9776, .T. ) ;
#3595 = LINE ( 'NONE', #965, #2078 ) ;
#3596 = CIRCLE ( 'NONE', #5055, 3.649999999999999467 ) ;
#3597 = LINE ( 'NONE', #10752, #5711 ) ;
#3598 = EDGE_CURVE ( 'NONE', #2772, #11115, #6849, .T. ) ;
#3599 = CARTESIAN_POINT ( 'NONE',  ( -1.399999999999999911, 6.500000000000000000, 4.483107698211994396 ) ) ;
#3600 = ADVANCED_FACE ( 'NONE', ( #7596 ), #1677, .T. ) ;
#3601 = CARTESIAN_POINT ( 'NONE',  ( -3.870068605369191950, 5.212479532407042093, 3.870068605369113790 ) ) ;
#3602 = DIRECTION ( 'NONE',  ( 1.000000000000000000, 0.000000000000000000, 0.000000000000000000 ) ) ;
#3603 = B_SPLINE_CURVE_WITH_KNOTS ( 'NONE', 3,
 ( #1054, #6149, #891, #6958, #3686, #9761, #2830, #3459, #34, #145 ),
 .UNSPECIFIED., .F., .F.,
 ( 4, 2, 2, 2, 4 ),
 ( 0.000000000000000000, 7.024607880191473242E-05, 0.0001404921576038294648, 0.0002809843152076581707, 0.0005619686304153155825 ),
 .UNSPECIFIED. ) ;
#3604 = VERTEX_POINT ( 'NONE', #5173 ) ;
#3605 = DIRECTION ( 'NONE',  ( -0.000000000000000000, -0.000000000000000000, -1.000000000000000000 ) ) ;
#3606 = LINE ( 'NONE', #2739, #7431 ) ;
#3607 = CARTESIAN_POINT ( 'NONE',  ( 0.1102410514732280883, 10.61380468905223751, 7.800000000000000711 ) ) ;
#3608 = ORIENTED_EDGE ( 'NONE', *, *, #10724, .F. ) ;
#3609 = EDGE_CURVE ( 'NONE', #3094, #10520, #3236, .T. ) ;
#3610 = VERTEX_POINT ( 'NONE', #2372 ) ;
#3611 = DIRECTION ( 'NONE',  ( 0.000000000000000000, 0.6561787149247684248, -0.7546055221635205035 ) ) ;
#3612 = CARTESIAN_POINT ( 'NONE',  ( -1.030666926558653025E-16, 6.965469875665441180, 3.675000000000000266 ) ) ;
#3613 = DIRECTION ( 'NONE',  ( -0.2824413387594271740, -0.9592845720430317469, 0.000000000000000000 ) ) ;
#3614 = CIRCLE ( 'NONE', #6916, 3.649999999999999467 ) ;
#3615 = DIRECTION ( 'NONE',  ( 0.000000000000000000, -0.1643989873053274264, 0.9863939238321487446 ) ) ;
#3616 = LINE ( 'NONE', #9568, #2868 ) ;
#3617 = LINE ( 'NONE', #7114, #1376 ) ;
#3618 = CARTESIAN_POINT ( 'NONE',  ( 2.141670180522074585, 5.437303469785192966, 0.000000000000000000 ) ) ;
#3619 = EDGE_LOOP ( 'NONE', ( #4134, #7032, #4700, #3352 ) ) ;
#3620 = ADVANCED_FACE ( 'NONE', ( #9365 ), #10612, .T. ) ;
#3621 = VERTEX_POINT ( 'NONE', #8851 ) ;
#3622 = CARTESIAN_POINT ( 'NONE',  ( 2.179449471770337432, 7.499999999999998224, -4.500000000000000000 ) ) ;
#3623 = ORIENTED_EDGE ( 'NONE', *, *, #6109, .F. ) ;
#3624 = AXIS2_PLACEMENT_3D ( 'NONE', #10826, #5502, #3902 ) ;
#3625 = CARTESIAN_POINT ( 'NONE',  ( 1.399999999999999689, 0.000000000000000000, 4.379999999999999893 ) ) ;
#3626 = CARTESIAN_POINT ( 'NONE',  ( 1.379999999999999671, 11.54484625457503277, -5.498426807238717018 ) ) ;
#3627 = DIRECTION ( 'NONE',  ( 0.8780328119034582768, 0.4786004400550697424, -0.000000000000000000 ) ) ;
#3628 = LINE ( 'NONE', #10444, #1103 ) ;
#3629 = CARTESIAN_POINT ( 'NONE',  ( -1.771168402671605879E-15, 6.965469875665441180, 15.29999999999999893 ) ) ;
#3630 = ORIENTED_EDGE ( 'NONE', *, *, #3502, .F. ) ;
#3631 = MECHANICAL_DESIGN_GEOMETRIC_PRESENTATION_REPRESENTATION (  '', ( #2161 ), #3081 ) ;
#3632 = DIRECTION ( 'NONE',  ( -0.000000000000000000, 0.000000000000000000, 1.000000000000000000 ) ) ;
#3633 = ORIENTED_EDGE ( 'NONE', *, *, #10709, .T. ) ;
#3634 = EDGE_CURVE ( 'NONE', #4027, #4221, #7075, .T. ) ;
#3635 = VERTEX_POINT ( 'NONE', #6264 ) ;
#3636 = DIRECTION ( 'NONE',  ( 1.000000000000000000, 2.168404344971008252E-17, -8.673617379884035472E-17 ) ) ;
#3637 = STYLED_ITEM ( 'NONE', ( #8638 ), #4792 ) ;
#3638 = CARTESIAN_POINT ( 'NONE',  ( 0.000000000000000000, 1.500000000000000444, 0.000000000000000000 ) ) ;
#3639 = CARTESIAN_POINT ( 'NONE',  ( 1.379999999999999671, 6.649999999999999467, -0.7729309367425445387 ) ) ;
#3640 = ORIENTED_EDGE ( 'NONE', *, *, #441, .T. ) ;
#3641 = DIRECTION ( 'NONE',  ( -1.000000000000000000, 0.000000000000000000, 0.000000000000000000 ) ) ;
#3642 = LINE ( 'NONE', #10522, #633 ) ;
#3643 = PLANE ( 'NONE',  #9569 ) ;
#3644 = ORIENTED_EDGE ( 'NONE', *, *, #8371, .F. ) ;
#3645 = ORIENTED_EDGE ( 'NONE', *, *, #3542, .T. ) ;
#3646 = CARTESIAN_POINT ( 'NONE',  ( -1.771168402671605879E-15, 6.965469875665441180, 11.17499999999999893 ) ) ;
#3647 = EDGE_CURVE ( 'NONE', #1578, #1652, #4489, .T. ) ;
#3648 = DIRECTION ( 'NONE',  ( -1.000000000000000000, -0.000000000000000000, -0.000000000000000000 ) ) ;
#3649 = ORIENTED_EDGE ( 'NONE', *, *, #7316, .F. ) ;
#3650 = VECTOR ( 'NONE', #2843, 1000.000000000000000 ) ;
#3651 = EDGE_CURVE ( 'NONE', #331, #10049, #4021, .T. ) ;
#3652 = DIRECTION ( 'NONE',  ( 1.000000000000000000, 0.000000000000000000, 0.000000000000000000 ) ) ;
#3653 = DIRECTION ( 'NONE',  ( 9.817739357990838818E-14, -0.6561787149247684248, -0.7546055221635207255 ) ) ;
#3654 = CARTESIAN_POINT ( 'NONE',  ( -1.400000000000000133, 12.44809871788125477, -4.429206973128303915 ) ) ;
#3655 = CARTESIAN_POINT ( 'NONE',  ( -5.465701386268206008, 8.138749869597992515, -2.457261515329064672 ) ) ;
#3656 = AXIS2_PLACEMENT_3D ( 'NONE', #6205, #4374, #5235 ) ;
#3657 = VERTEX_POINT ( 'NONE', #7930 ) ;
#3658 = CARTESIAN_POINT ( 'NONE',  ( -2.280939751330911758, 4.384530124334556689, 0.000000000000000000 ) ) ;
#3659 = LINE ( 'NONE', #7160, #9227 ) ;
#3660 = EDGE_CURVE ( 'NONE', #4647, #294, #1909, .T. ) ;
#3661 = ORIENTED_EDGE ( 'NONE', *, *, #8163, .T. ) ;
#3662 = EDGE_CURVE ( 'NONE', #9096, #3053, #9696, .T. ) ;
#3663 = EDGE_CURVE ( 'NONE', #9710, #1684, #4431, .T. ) ;
#3664 = VERTEX_POINT ( 'NONE', #11307 ) ;
#3665 = LINE ( 'NONE', #7280, #7525 ) ;
#3666 = VECTOR ( 'NONE', #7659, 1000.000000000000000 ) ;
#3667 = CARTESIAN_POINT ( 'NONE',  ( -4.433344562587855364, 1.500000000000000444, 2.312024219028143257 ) ) ;
#3668 = CARTESIAN_POINT ( 'NONE',  ( -2.969848480983500405, 1.499999999999999556, 7.049999999999999822 ) ) ;
#3669 = ORIENTED_EDGE ( 'NONE', *, *, #11097, .T. ) ;
#3670 = FACE_OUTER_BOUND ( 'NONE', #2323, .T. ) ;
#3671 = CARTESIAN_POINT ( 'NONE',  ( 2.141670180522074585, 5.437303469785192966, -2.457261515329064672 ) ) ;
#3672 = CARTESIAN_POINT ( 'NONE',  ( 3.956290731841335173, 5.626078208432425676, 3.226782805549678113 ) ) ;
#3673 = LINE ( 'NONE', #7174, #5728 ) ;
#3674 = ORIENTED_EDGE ( 'NONE', *, *, #6229, .F. ) ;
#3675 = AXIS2_PLACEMENT_3D ( 'NONE', #7473, #2947, #8166 ) ;
#3676 = ORIENTED_EDGE ( 'NONE', *, *, #3522, .T. ) ;
#3677 = DIRECTION ( 'NONE',  ( -0.1361444591231988355, -0.9906889957247186906, 0.000000000000000000 ) ) ;
#3678 = EDGE_CURVE ( 'NONE', #3069, #1422, #7683, .T. ) ;
#3679 = ORIENTED_EDGE ( 'NONE', *, *, #1609, .F. ) ;
#3680 = AXIS2_PLACEMENT_3D ( 'NONE', #7970, #10594, #2744 ) ;
#3681 = CARTESIAN_POINT ( 'NONE',  ( 2.472299299311649268, 0.2639522234558860925, 11.17499999999999893 ) ) ;
#3682 = DIRECTION ( 'NONE',  ( -0.000000000000000000, 0.000000000000000000, 1.000000000000000000 ) ) ;
#3683 = ADVANCED_FACE ( 'NONE', ( #3574 ), #7818, .T. ) ;
#3684 = CARTESIAN_POINT ( 'NONE',  ( -4.543562660682159304, 2.657682890112502250, 3.675000000000000266 ) ) ;
#3685 = VECTOR ( 'NONE', #8151, 1000.000000000000114 ) ;
#3686 = CARTESIAN_POINT ( 'NONE',  ( 2.489362245493009329, 3.101558808504984110, -7.233668728588426688 ) ) ;
#3687 = ORIENTED_EDGE ( 'NONE', *, *, #10746, .T. ) ;
#3689 = FACE_OUTER_BOUND ( 'NONE', #7101, .T. ) ;
#3688 = CIRCLE ( 'NONE', #10637, 0.1499999999999999667 ) ;
#3690 = ORIENTED_EDGE ( 'NONE', *, *, #9122, .T. ) ;
#3691 = VERTEX_POINT ( 'NONE', #1738 ) ;
#3692 = DIRECTION ( 'NONE',  ( -0.000000000000000000, 0.000000000000000000, 1.000000000000000000 ) ) ;
#3693 = VECTOR ( 'NONE', #3559, 1000.000000000000000 ) ;
#3695 = VECTOR ( 'NONE', #10009, 1000.000000000000000 ) ;
#3694 = LINE ( 'NONE', #4614, #7501 ) ;
#3696 = CARTESIAN_POINT ( 'NONE',  ( 2.280939751330914422, -4.384530124334556689, 0.2999999999999999334 ) ) ;
#3697 = EDGE_CURVE ( 'NONE', #2981, #1957, #2734, .T. ) ;
#3698 = ORIENTED_EDGE ( 'NONE', *, *, #734, .T. ) ;
#3699 = EDGE_CURVE ( 'NONE', #6750, #2136, #3603, .T. ) ;
#3700 = VERTEX_POINT ( 'NONE', #5408 ) ;
#3701 = DIRECTION ( 'NONE',  ( 0.000000000000000000, -0.000000000000000000, -1.000000000000000000 ) ) ;
#3702 = LINE ( 'NONE', #8869, #5753 ) ;
#3703 = CARTESIAN_POINT ( 'NONE',  ( 0.1102410514732280883, 10.61380468905223751, 3.675000000000000266 ) ) ;
#3704 = ORIENTED_EDGE ( 'NONE', *, *, #2888, .F. ) ;
#3705 = EDGE_LOOP ( 'NONE', ( #2547, #11298, #2896, #7175 ) ) ;
#3706 = FACE_OUTER_BOUND ( 'NONE', #5254, .T. ) ;
#3707 = AXIS2_PLACEMENT_3D ( 'NONE', #4926, #5190, #3086 ) ;
#3708 = CARTESIAN_POINT ( 'NONE',  ( 1.379999999999999449, 9.768344573749500270, -5.549999999999999822 ) ) ;
#3709 = ORIENTED_EDGE ( 'NONE', *, *, #5075, .T. ) ;
#3710 = CIRCLE ( 'NONE', #10290, 0.02000000000000005246 ) ;
#3711 = AXIS2_PLACEMENT_3D ( 'NONE', #10053, #2893, #5698 ) ;
#3712 = DIRECTION ( 'NONE',  ( 1.000000000000000000, 0.000000000000000000, 0.000000000000000000 ) ) ;
#3713 = DIRECTION ( 'NONE',  ( 0.000000000000000000, 0.000000000000000000, 1.000000000000000000 ) ) ;
#3714 = CARTESIAN_POINT ( 'NONE',  ( -1.379999999999999893, 12.34999999999999964, 2.027069063257455728 ) ) ;
#3715 = EDGE_CURVE ( 'NONE', #3923, #5509, #3628, .T. ) ;
#3716 = AXIS2_PLACEMENT_3D ( 'NONE', #3900, #8478, #3036 ) ;
#3717 = DIRECTION ( 'NONE',  ( -0.7071067811865473507, 0.000000000000000000, 0.7071067811865477948 ) ) ;
#3718 = CARTESIAN_POINT ( 'NONE',  ( 2.594966336091577119, 7.399282554998233508, -2.613951291675112643 ) ) ;
#3719 = ORIENTED_EDGE ( 'NONE', *, *, #9686, .F. ) ;
#3720 = FACE_OUTER_BOUND ( 'NONE', #4406, .T. ) ;
#3721 = VECTOR ( 'NONE', #529, 1000.000000000000000 ) ;
#3722 = CARTESIAN_POINT ( 'NONE',  ( -2.312024219028189886, 1.500000000000000444, -4.433344562587831383 ) ) ;
#3723 = VERTEX_POINT ( 'NONE', #6325 ) ;
#3724 = ORIENTED_EDGE ( 'NONE', *, *, #2270, .T. ) ;
#3725 = CIRCLE ( 'NONE', #6832, 3.649999999999999467 ) ;
#3726 = CARTESIAN_POINT ( 'NONE',  ( 2.986171345291897872, 4.909999999999999254, 5.107491688851538925 ) ) ;
#3727 = VECTOR ( 'NONE', #9557, 1000.000000000000000 ) ;
#3728 = EDGE_CURVE ( 'NONE', #492, #6418, #8910, .T. ) ;
#3729 = CARTESIAN_POINT ( 'NONE',  ( -5.736181009075441040, 5.990449107840077225, -2.454779244514313952 ) ) ;
#3730 = LINE ( 'NONE', #7974, #3897 ) ;
#3731 = VECTOR ( 'NONE', #2156, 1000.000000000000000 ) ;
#3732 = ORIENTED_EDGE ( 'NONE', *, *, #5865, .F. ) ;
#3733 = ADVANCED_FACE ( 'NONE', ( #3515 ), #4545, .T. ) ;
#3734 = DIRECTION ( 'NONE',  ( 0.000000000000000000, 0.000000000000000000, 1.000000000000000000 ) ) ;
#3735 = CARTESIAN_POINT ( 'NONE',  ( -2.580939751330911580, -2.084296772316891477, 15.00000000000000000 ) ) ;
#3736 = CARTESIAN_POINT ( 'NONE',  ( -1.030666926558653025E-16, 6.965469875665441180, 3.675000000000000266 ) ) ;
#3737 = LINE ( 'NONE', #1727, #438 ) ;
#3738 = EDGE_LOOP ( 'NONE', ( #10794, #8715, #1585, #2444 ) ) ;
#3739 = AXIS2_PLACEMENT_3D ( 'NONE', #6118, #3648, #3537 ) ;
#3740 = ORIENTED_EDGE ( 'NONE', *, *, #1550, .F. ) ;
#3741 = ORIENTED_EDGE ( 'NONE', *, *, #8114, .T. ) ;
#3742 = CARTESIAN_POINT ( 'NONE',  ( -2.312024219028235184, 5.951057409446828039, 4.433344562587808291 ) ) ;
#3743 = VECTOR ( 'NONE', #3, 1000.000000000000000 ) ;
#3744 = CARTESIAN_POINT ( 'NONE',  ( -3.372160293666176756, 5.568675347532809461, 11.17499999999999893 ) ) ;
#3745 = DIRECTION ( 'NONE',  ( -0.1061605406293885112, 0.9943490029226539351, 0.000000000000000000 ) ) ;
#3746 = ADVANCED_FACE ( 'NONE', ( #9638 ), #3973, .T. ) ;
#3747 = CARTESIAN_POINT ( 'NONE',  ( -2.435362535369391956, 3.200000000000000178, 7.252000366886309557 ) ) ;
#3748 = CARTESIAN_POINT ( 'NONE',  ( -2.580939751330911580, -2.084296772316891477, 11.17499999999999893 ) ) ;
#3749 = ORIENTED_EDGE ( 'NONE', *, *, #7366, .T. ) ;
#3750 = DIRECTION ( 'NONE',  ( -0.000000000000000000, -0.000000000000000000, -1.000000000000000000 ) ) ;
#3751 = EDGE_LOOP ( 'NONE', ( #10903, #8859, #7067, #7623 ) ) ;
#3752 = ORIENTED_EDGE ( 'NONE', *, *, #4253, .T. ) ;
#3753 = ADVANCED_FACE ( 'NONE', ( #5291 ), #8230, .T. ) ;
#3754 = SHAPE_REPRESENTATION ( 'Part1^HJOINT_assem_NewConnect', ( #2013 ), #23 ) ;
#3755 = DIRECTION ( 'NONE',  ( -0.000000000000000000, 0.000000000000000000, 1.000000000000000000 ) ) ;
#3756 = AXIS2_PLACEMENT_3D ( 'NONE', #3736, #6367, #6422 ) ;
#3757 = CARTESIAN_POINT ( 'NONE',  ( 4.694468754111191799, 10.00067014989615899, -2.613951291675112643 ) ) ;
#3758 = ORIENTED_EDGE ( 'NONE', *, *, #2056, .T. ) ;
#3759 = ORIENTED_EDGE ( 'NONE', *, *, #9964, .T. ) ;
#3760 = CARTESIAN_POINT ( 'NONE',  ( 1.396794528132544899, 10.33763016933165169, 7.800000000000000711 ) ) ;
#3761 = DIRECTION ( 'NONE',  ( 0.000000000000000000, 0.7546055221635206145, -0.6561787149247685358 ) ) ;
#3762 = ORIENTED_EDGE ( 'NONE', *, *, #5496, .T. ) ;
#3763 = ORIENTED_EDGE ( 'NONE', *, *, #10796, .F. ) ;
#3764 = FACE_BOUND ( 'NONE', #9979, .T. ) ;
#3765 = AXIS2_PLACEMENT_3D ( 'NONE', #125, #5316, #976 ) ;
#3766 = CARTESIAN_POINT ( 'NONE',  ( -5.736181009075438375, 5.990449107840071896, -2.454779244514317504 ) ) ;
#3767 = VERTEX_POINT ( 'NONE', #1170 ) ;
#3768 = EDGE_CURVE ( 'NONE', #10687, #9577, #9892, .T. ) ;
#3769 = EDGE_CURVE ( 'NONE', #9792, #544, #4204, .T. ) ;
#3770 = CARTESIAN_POINT ( 'NONE',  ( 1.379999999999999671, 6.500000000000000000, -4.549999999999999822 ) ) ;
#3771 = DIRECTION ( 'NONE',  ( 0.000000000000000000, 1.000000000000000000, 0.000000000000000000 ) ) ;
#3772 = AXIS2_PLACEMENT_3D ( 'NONE', #5146, #4679, #8651 ) ;
#3773 = ORIENTED_EDGE ( 'NONE', *, *, #1476, .F. ) ;
#3774 = CARTESIAN_POINT ( 'NONE',  ( 1.060660171779816974, 0.000000000000000000, 1.060660171779824301 ) ) ;
#3775 = CARTESIAN_POINT ( 'NONE',  ( 1.379999999999999671, 2.790441948979335951, 2.426471259982029505 ) ) ;
#3776 = DIRECTION ( 'NONE',  ( 0.7071067811865451302, -3.056747976430751789E-16, 0.7071067811865500152 ) ) ;
#3777 = VERTEX_POINT ( 'NONE', #8264 ) ;
#3778 = VERTEX_POINT ( 'NONE', #4713 ) ;
#3779 = DIRECTION ( 'NONE',  ( -0.9673775151489842905, -0.2533391860415135644, 0.000000000000000000 ) ) ;
#3780 = DIRECTION ( 'NONE',  ( -0.000000000000000000, 1.000000000000000000, -0.000000000000000000 ) ) ;
#3781 = VERTEX_POINT ( 'NONE', #2019 ) ;
#3782 = VECTOR ( 'NONE', #1341, 1000.000000000000000 ) ;
#3783 = EDGE_CURVE ( 'NONE', #10230, #9687, #10098, .T. ) ;
#3784 = CARTESIAN_POINT ( 'NONE',  ( -1.380279994234274721, 6.500000000000000000, -4.549233012451844083 ) ) ;
#3785 = AXIS2_PLACEMENT_3D ( 'NONE', #5850, #9302, #8495 ) ;
#3786 = DIRECTION ( 'NONE',  ( 0.8631770573194761376, -0.5049013445389997079, 0.000000000000000000 ) ) ;
#3787 = PLANE ( 'NONE',  #8471 ) ;
#3788 = ORIENTED_EDGE ( 'NONE', *, *, #1969, .F. ) ;
#3789 = CARTESIAN_POINT ( 'NONE',  ( -1.400000000000000133, 11.52975414413175947, -5.485303232940223594 ) ) ;
#3790 = DIRECTION ( 'NONE',  ( 1.000000000000000000, 0.000000000000000000, 0.000000000000000000 ) ) ;
#3791 = DIRECTION ( 'NONE',  ( -8.673617379884035472E-17, -0.000000000000000000, -1.000000000000000000 ) ) ;
#3792 = CYLINDRICAL_SURFACE ( 'NONE', #8853, 0.02000000000000005246 ) ;
#3793 = ORIENTED_EDGE ( 'NONE', *, *, #2839, .T. ) ;
#3794 = ORIENTED_EDGE ( 'NONE', *, *, #4355, .T. ) ;
#3795 = EDGE_CURVE ( 'NONE', #3053, #4468, #4831, .T. ) ;
#3796 = ORIENTED_EDGE ( 'NONE', *, *, #882, .T. ) ;
#3797 = ADVANCED_FACE ( 'NONE', ( #6549 ), #8326, .T. ) ;
#3798 = CARTESIAN_POINT ( 'NONE',  ( 7.120239627063077670, 2.999999999999999556, -2.798815421262988767 ) ) ;
#3799 = CARTESIAN_POINT ( 'NONE',  ( 5.465701386268196238, 5.792189881732848988, -2.457261515329064672 ) ) ;
#3800 = CARTESIAN_POINT ( 'NONE',  ( 4.745536286357737055, 3.598821182761699156, 7.800000000000000711 ) ) ;
#3801 = CYLINDRICAL_SURFACE ( 'NONE', #1639, 3.649999999999999467 ) ;
#3802 = DIRECTION ( 'NONE',  ( 0.7203422578024066825, 0.000000000000000000, 0.6936187941687647074 ) ) ;
#3803 = VERTEX_POINT ( 'NONE', #2935 ) ;
#3804 = CARTESIAN_POINT ( 'NONE',  ( -2.044841472878144994, 1.650330625545604724, 7.800000000000000711 ) ) ;
#3805 = ORIENTED_EDGE ( 'NONE', *, *, #1969, .T. ) ;
#3806 = AXIS2_PLACEMENT_3D ( 'NONE', #7918, #5398, #5330 ) ;
#3807 = EDGE_CURVE ( 'NONE', #11142, #4009, #7134, .T. ) ;
#3808 = VERTEX_POINT ( 'NONE', #1109 ) ;
#3809 = EDGE_CURVE ( 'NONE', #4221, #5958, #9872, .T. ) ;
#3810 = CARTESIAN_POINT ( 'NONE',  ( 1.399999999999999689, 12.48000000000000220, -2.027069063257456172 ) ) ;
#3811 = CARTESIAN_POINT ( 'NONE',  ( 1.379999999999999671, 9.768344573749500270, -5.400000000000000355 ) ) ;
#3812 = DIRECTION ( 'NONE',  ( 0.000000000000000000, 0.000000000000000000, -1.000000000000000000 ) ) ;
#3813 = AXIS2_PLACEMENT_3D ( 'NONE', #1155, #4649, #9913 ) ;
#3814 = VERTEX_POINT ( 'NONE', #9926 ) ;
#3815 = DIRECTION ( 'NONE',  ( -0.000000000000000000, 0.000000000000000000, 1.000000000000000000 ) ) ;
#3816 = DIRECTION ( 'NONE',  ( 0.000000000000000000, -2.891205793294679017E-15, -1.000000000000000000 ) ) ;
#3817 = EDGE_CURVE ( 'NONE', #10136, #10665, #10978, .T. ) ;
#3818 = ORIENTED_EDGE ( 'NONE', *, *, #6692, .T. ) ;
#3819 = LINE ( 'NONE', #3068, #483 ) ;
#3820 = EDGE_LOOP ( 'NONE', ( #2051, #221, #371, #8389 ) ) ;
#3821 = CARTESIAN_POINT ( 'NONE',  ( -1.400000000000000133, 6.500000000000000000, 0.000000000000000000 ) ) ;
#3822 = ORIENTED_EDGE ( 'NONE', *, *, #9109, .F. ) ;
#3823 = AXIS2_PLACEMENT_3D ( 'NONE', #8021, #10017, #4520 ) ;
#3824 = CARTESIAN_POINT ( 'NONE',  ( -1.399999999999999911, 12.37137186834969604, -1.898837853159277334 ) ) ;
#3825 = CARTESIAN_POINT ( 'NONE',  ( 5.107491688851549583, 3.089999999999999858, -2.986171345291879664 ) ) ;
#3826 = CARTESIAN_POINT ( 'NONE',  ( 4.741006527942210447, 7.947084575471273560, -2.234154015110208835 ) ) ;
#3827 = CARTESIAN_POINT ( 'NONE',  ( 5.498644456795164892, 7.973133870145901803, -2.454779244514317504 ) ) ;
#3828 = CARTESIAN_POINT ( 'NONE',  ( -0.5498284151365187000, 5.149948682704894587, 11.17499999999999893 ) ) ;
#3829 = EDGE_CURVE ( 'NONE', #10631, #2519, #259, .T. ) ;
#3830 = EDGE_LOOP ( 'NONE', ( #8410, #9958, #6137, #4451 ) ) ;
#3831 = VERTEX_POINT ( 'NONE', #10730 ) ;
#3832 = CARTESIAN_POINT ( 'NONE',  ( 2.280939751330911758, 6.965469875665442068, 15.00000000000000000 ) ) ;
#3833 = AXIS2_PLACEMENT_3D ( 'NONE', #5980, #9422, #2542 ) ;
#3834 = ORIENTED_EDGE ( 'NONE', *, *, #9983, .T. ) ;
#3835 = LINE ( 'NONE', #7447, #3866 ) ;
#3836 = AXIS2_PLACEMENT_3D ( 'NONE', #1571, #1514, #3405 ) ;
#3837 = CARTESIAN_POINT ( 'NONE',  ( 3.648334813386794551, 6.855228824192198367, 7.800000000000000711 ) ) ;
#3838 = CARTESIAN_POINT ( 'NONE',  ( -2.657714481646604288, 4.463659784142519626, 11.17499999999999893 ) ) ;
#3839 = EDGE_CURVE ( 'NONE', #6453, #7328, #2883, .T. ) ;
#3840 = VERTEX_POINT ( 'NONE', #316 ) ;
#3841 = DIRECTION ( 'NONE',  ( 0.000000000000000000, 0.000000000000000000, 1.000000000000000000 ) ) ;
#3842 = CARTESIAN_POINT ( 'NONE',  ( 2.580939751330913356, -4.384530124334560242, 15.17573593128807197 ) ) ;
#3843 = DIRECTION ( 'NONE',  ( 5.691443106081644064E-14, -0.6561787149247931827, -0.7546055221634992982 ) ) ;
#3844 = CARTESIAN_POINT ( 'NONE',  ( 3.372160293666205177, 5.568675347532885844, 7.800000000000000711 ) ) ;
#3845 = ORIENTED_EDGE ( 'NONE', *, *, #9918, .T. ) ;
#3846 = ORIENTED_EDGE ( 'NONE', *, *, #7162, .T. ) ;
#3847 =( REPRESENTATION_RELATIONSHIP ('NONE','NONE', #4126, #6089 ) REPRESENTATION_RELATIONSHIP_WITH_TRANSFORMATION ( #11247 )SHAPE_REPRESENTATION_RELATIONSHIP( ) );
#3848 = ORIENTED_EDGE ( 'NONE', *, *, #9754, .F. ) ;
#3849 = FACE_OUTER_BOUND ( 'NONE', #1769, .T. ) ;
#3850 = CARTESIAN_POINT ( 'NONE',  ( 1.498006739902556506, 10.29390431353657220, -2.625562286609687046 ) ) ;
#3851 = DIRECTION ( 'NONE',  ( -0.6042542366568471879, 0.7967915771908303801, 0.000000000000000000 ) ) ;
#3852 = ADVANCED_FACE ( 'NONE', ( #9016 ), #3801, .T. ) ;
#3853 = CARTESIAN_POINT ( 'NONE',  ( -1.771168402671605879E-15, 6.965469875665441180, 3.675000000000000266 ) ) ;
#3854 = CARTESIAN_POINT ( 'NONE',  ( 4.600654826388332452, 3.789867136586406282, -2.625562286609687046 ) ) ;
#3855 =( GEOMETRIC_REPRESENTATION_CONTEXT ( 3 ) GLOBAL_UNCERTAINTY_ASSIGNED_CONTEXT ( ( #5641 ) ) GLOBAL_UNIT_ASSIGNED_CONTEXT ( ( #9258, #2088, #8277 ) ) REPRESENTATION_CONTEXT ( 'NONE', 'WORKASPACE' ) );
#3856 = ORIENTED_EDGE ( 'NONE', *, *, #8440, .F. ) ;
#3857 = LINE ( 'NONE', #491, #1215 ) ;
#3858 = ORIENTED_EDGE ( 'NONE', *, *, #3651, .F. ) ;
#3859 = AXIS2_PLACEMENT_3D ( 'NONE', #10051, #10965, #9135 ) ;
#3860 = ORIENTED_EDGE ( 'NONE', *, *, #8440, .T. ) ;
#3861 = FACE_OUTER_BOUND ( 'NONE', #8526, .T. ) ;
#3862 = CIRCLE ( 'NONE', #10267, 0.02000000000000005246 ) ;
#3863 =( NAMED_UNIT ( * ) SI_UNIT ( $, .STERADIAN. ) SOLID_ANGLE_UNIT ( ) );
#3864 = DIRECTION ( 'NONE',  ( 0.000000000000000000, 0.000000000000000000, -1.000000000000000000 ) ) ;
#3865 = EDGE_LOOP ( 'NONE', ( #5054, #2204, #1219, #6167, #4749, #3472, #1548, #526 ) ) ;
#3866 = VECTOR ( 'NONE', #5667, 1000.000000000000000 ) ;
#3867 = ORIENTED_EDGE ( 'NONE', *, *, #6130, .T. ) ;
#3869 = ADVANCED_FACE ( 'NONE', ( #2995 ), #6497, .T. ) ;
#3868 = CARTESIAN_POINT ( 'NONE',  ( -1.771168402671605879E-15, 6.965469875665441180, 7.800000000000000711 ) ) ;
#3870 = CARTESIAN_POINT ( 'NONE',  ( -1.380000000000000115, 6.649999999999999467, -4.549999999999999822 ) ) ;
#3871 = B_SPLINE_CURVE_WITH_KNOTS ( 'NONE', 3,
 ( #5841, #8539, #692, #1436, #4931, #584, #8424, #9340 ),
 .UNSPECIFIED., .F., .F.,
 ( 4, 2, 2, 4 ),
 ( 4.365361530575720416E-19, 0.0002749524152068825132, 0.0004124286228103246372, 0.0005499048304137667612 ),
 .UNSPECIFIED. ) ;
#3872 = VERTEX_POINT ( 'NONE', #4769 ) ;
#3873 = CARTESIAN_POINT ( 'NONE',  ( -3.372160293666218056, 8.362264403797974310, -2.457261515329064672 ) ) ;
#3874 = EDGE_CURVE ( 'NONE', #1654, #8319, #3457, .T. ) ;
#3875 = ORIENTED_EDGE ( 'NONE', *, *, #11179, .F. ) ;
#3876 = CARTESIAN_POINT ( 'NONE',  ( -1.399999999999999911, 6.649999999999999467, 4.379999999999999893 ) ) ;
#3877 = ORIENTED_EDGE ( 'NONE', *, *, #2474, .T. ) ;
#3878 = VECTOR ( 'NONE', #10713, 1000.000000000000114 ) ;
#3879 = AXIS2_PLACEMENT_3D ( 'NONE', #3192, #7657, #785 ) ;
#3880 = AXIS2_PLACEMENT_3D ( 'NONE', #1789, #91, #3573 ) ;
#3881 = DIRECTION ( 'NONE',  ( 0.9592845720430323020, -0.2824413387594251756, 0.000000000000000000 ) ) ;
#3882 = CARTESIAN_POINT ( 'NONE',  ( 1.379999999999999671, 12.34999999999999964, -4.343903740188082452 ) ) ;
#3883 = PLANE ( 'NONE',  #4277 ) ;
#3884 = LINE ( 'NONE', #3827, #3924 ) ;
#3885 = DIRECTION ( 'NONE',  ( 0.6280440846592231230, 0.7781777610061588746, 0.000000000000000000 ) ) ;
#3886 = ORIENTED_EDGE ( 'NONE', *, *, #6692, .F. ) ;
#3887 = AXIS2_PLACEMENT_3D ( 'NONE', #10993, #6971, #7448 ) ;
#3888 = EDGE_CURVE ( 'NONE', #6947, #19, #5849, .T. ) ;
#3889 = ORIENTED_EDGE ( 'NONE', *, *, #2044, .F. ) ;
#3890 = DIRECTION ( 'NONE',  ( 0.000000000000000000, -0.000000000000000000, 1.000000000000000000 ) ) ;
#3891 = VECTOR ( 'NONE', #4142, 1000.000000000000000 ) ;
#3892 = VECTOR ( 'NONE', #5473, 1000.000000000000114 ) ;
#3893 = DIRECTION ( 'NONE',  ( 0.000000000000000000, 0.000000000000000000, 1.000000000000000000 ) ) ;
#3894 = EDGE_LOOP ( 'NONE', ( #2011, #9393, #8443, #8395 ) ) ;
#3895 = EDGE_CURVE ( 'NONE', #1355, #4547, #9301, .T. ) ;
#3896 = CARTESIAN_POINT ( 'NONE',  ( 1.396794528132541791, 10.33763016933165346, -2.457261515329068224 ) ) ;
#3897 = VECTOR ( 'NONE', #7230, 1000.000000000000000 ) ;
#3898 = VECTOR ( 'NONE', #3455, 1000.000000000000114 ) ;
#3899 = CARTESIAN_POINT ( 'NONE',  ( 1.379999999999999671, 12.50000000000000000, -4.343903740188082452 ) ) ;
#3900 = CARTESIAN_POINT ( 'NONE',  ( 4.745536286357737055, 3.598821182761691606, -2.625562286609687046 ) ) ;
#3901 = ORIENTED_EDGE ( 'NONE', *, *, #1801, .F. ) ;
#3902 = DIRECTION ( 'NONE',  ( 0.000000000000000000, 0.000000000000000000, -1.000000000000000000 ) ) ;
#3903 = DIRECTION ( 'NONE',  ( 1.000000000000000000, 0.000000000000000000, 0.000000000000000000 ) ) ;
#3904 = CARTESIAN_POINT ( 'NONE',  ( 4.501358611527427556, 5.577406509138441493, 11.17499999999999893 ) ) ;
#3905 = ORIENTED_EDGE ( 'NONE', *, *, #8672, .T. ) ;
#3906 = AXIS2_PLACEMENT_3D ( 'NONE', #4970, #3024, #8408 ) ;
#3907 = VERTEX_POINT ( 'NONE', #1497 ) ;
#3908 = ORIENTED_EDGE ( 'NONE', *, *, #673, .T. ) ;
#3909 = CIRCLE ( 'NONE', #7932, 5.500000000000000000 ) ;
#3910 = ADVANCED_FACE ( 'NONE', ( #8494 ), #758, .T. ) ;
#3911 = ADVANCED_FACE ( 'NONE', ( #651 ), #3273, .T. ) ;
#3912 = CARTESIAN_POINT ( 'NONE',  ( 2.657714481646620719, 9.467279967188341416, 7.800000000000000711 ) ) ;
#3913 = VECTOR ( 'NONE', #8746, 999.9999999999998863 ) ;
#3914 = CARTESIAN_POINT ( 'NONE',  ( -1.771168402671605879E-15, 6.965469875665441180, 11.17499999999999893 ) ) ;
#3915 = CARTESIAN_POINT ( 'NONE',  ( -2.580939751330912912, -2.003873909248936602, 7.800000000000000711 ) ) ;
#3916 = AXIS2_PLACEMENT_3D ( 'NONE', #8279, #3115, #550 ) ;
#3917 = CARTESIAN_POINT ( 'NONE',  ( -7.296724953260062208, 3.200000000000000178, -2.297891415291845707 ) ) ;
#3918 = CARTESIAN_POINT ( 'NONE',  ( 4.500000000000000000, 7.499999999999998224, 2.179449471770337432 ) ) ;
#3919 = CARTESIAN_POINT ( 'NONE',  ( -2.141670180522094569, 8.493636281545670741, -2.457261515329064672 ) ) ;
#3920 = VECTOR ( 'NONE', #3893, 1000.000000000000000 ) ;
#3921 = EDGE_LOOP ( 'NONE', ( #2235, #1846, #3228, #689 ) ) ;
#3922 = DIRECTION ( 'NONE',  ( -0.000000000000000000, -0.000000000000000000, -1.000000000000000000 ) ) ;
#3923 = VERTEX_POINT ( 'NONE', #3163 ) ;
#3924 = VECTOR ( 'NONE', #4056, 1000.000000000000000 ) ;
#3925 = VERTEX_POINT ( 'NONE', #5967 ) ;
#3926 = EDGE_CURVE ( 'NONE', #10696, #6383, #8546, .T. ) ;
#3927 = PRODUCT_DEFINITION_CONTEXT ( 'detailed design', #2087, 'design' ) ;
#3928 = VECTOR ( 'NONE', #10436, 1000.000000000000000 ) ;
#3929 = FACE_OUTER_BOUND ( 'NONE', #3211, .T. ) ;
#3930 = CARTESIAN_POINT ( 'NONE',  ( -0.1126976677028358464, 10.51274493200969218, 5.908922729668890206 ) ) ;
#3931 = CYLINDRICAL_SURFACE ( 'NONE', #3711, 0.02000000000000005246 ) ;
#3932 = ORIENTED_EDGE ( 'NONE', *, *, #9592, .F. ) ;
#3933 = VECTOR ( 'NONE', #8171, 999.9999999999998863 ) ;
#3934 = ORIENTED_EDGE ( 'NONE', *, *, #10370, .T. ) ;
#3935 = CARTESIAN_POINT ( 'NONE',  ( 3.366648692903733586, 11.71100616202318889, -2.625562286609687046 ) ) ;
#3936 = LINE ( 'NONE', #4904, #7043 ) ;
#3937 = ORIENTED_EDGE ( 'NONE', *, *, #9257, .F. ) ;
#3938 = LINE ( 'NONE', #10974, #3955 ) ;
#3939 = ORIENTED_EDGE ( 'NONE', *, *, #7330, .F. ) ;
#3940 = PLANE ( 'NONE',  #2272 ) ;
#3941 = ORIENTED_EDGE ( 'NONE', *, *, #1129, .F. ) ;
#3942 = EDGE_CURVE ( 'NONE', #4788, #7339, #2416, .T. ) ;
#3943 = ADVANCED_FACE ( 'NONE', ( #6830 ), #10373, .T. ) ;
#3944 = DIRECTION ( 'NONE',  ( -1.000000000000000000, -2.168404344971008252E-17, -8.673617379884035472E-17 ) ) ;
#3945 = EDGE_CURVE ( 'NONE', #3110, #2981, #4889, .T. ) ;
#3946 = DIRECTION ( 'NONE',  ( -1.000000000000000000, 0.000000000000000000, 0.000000000000000000 ) ) ;
#3947 = DIRECTION ( 'NONE',  ( -0.4786004400550727955, 0.8780328119034566114, 0.000000000000000000 ) ) ;
#3948 = DIRECTION ( 'NONE',  ( -0.000000000000000000, 0.000000000000000000, 1.000000000000000000 ) ) ;
#3949 = FACE_OUTER_BOUND ( 'NONE', #6821, .T. ) ;
#3950 = ORIENTED_EDGE ( 'NONE', *, *, #537, .T. ) ;
#3951 = ORIENTED_EDGE ( 'NONE', *, *, #5695, .F. ) ;
#3952 = LINE ( 'NONE', #4748, #3178 ) ;
#3953 = AXIS2_PLACEMENT_3D ( 'NONE', #155, #2613, #6215 ) ;
#3954 = EDGE_CURVE ( 'NONE', #4881, #7328, #7747, .T. ) ;
#3955 = VECTOR ( 'NONE', #2322, 1000.000000000000000 ) ;
#3956 = CARTESIAN_POINT ( 'NONE',  ( 2.608461341437267933, 3.116536647565486984, 7.191567056828626292 ) ) ;
#3957 = EDGE_CURVE ( 'NONE', #9265, #9134, #11122, .T. ) ;
#3958 = DIRECTION ( 'NONE',  ( 0.000000000000000000, 0.000000000000000000, 1.000000000000000000 ) ) ;
#3959 = DIRECTION ( 'NONE',  ( -0.000000000000000000, -0.000000000000000000, -1.000000000000000000 ) ) ;
#3960 = ORIENTED_EDGE ( 'NONE', *, *, #3954, .T. ) ;
#3961 = DIRECTION ( 'NONE',  ( -0.000000000000000000, -1.000000000000000000, 0.000000000000000000 ) ) ;
#3962 = FACE_OUTER_BOUND ( 'NONE', #308, .T. ) ;
#3963 = VECTOR ( 'NONE', #10327, 1000.000000000000000 ) ;
#3964 = ADVANCED_FACE ( 'NONE', ( #2356 ), #3223, .T. ) ;
#3965 = DIRECTION ( 'NONE',  ( 0.000000000000000000, -0.9863939238321488556, 0.1643989873053274264 ) ) ;
#3966 = ORIENTED_EDGE ( 'NONE', *, *, #7955, .T. ) ;
#3967 = EDGE_LOOP ( 'NONE', ( #11245, #10812, #2189, #8250 ) ) ;
#3968 = ORIENTED_EDGE ( 'NONE', *, *, #11, .F. ) ;
#3969 = AXIS2_PLACEMENT_3D ( 'NONE', #4087, #7688, #3389 ) ;
#3970 = DIRECTION ( 'NONE',  ( 0.000000000000000000, 0.6561787149247501061, -0.7546055221635364907 ) ) ;
#3971 = LINE ( 'NONE', #8544, #9190 ) ;
#3972 = CARTESIAN_POINT ( 'NONE',  ( -1.007663994480482605, 12.46411433246060341, 7.800000000000000711 ) ) ;
#3973 = SPHERICAL_SURFACE ( 'NONE', #9150, 0.2999999999999999889 ) ;
#3974 = DIRECTION ( 'NONE',  ( -0.000000000000000000, -0.000000000000000000, -1.000000000000000000 ) ) ;
#3975 = CARTESIAN_POINT ( 'NONE',  ( -2.179449471770337432, 1.500000000000000444, 4.500000000000000000 ) ) ;
#3976 = EDGE_CURVE ( 'NONE', #6474, #10696, #6465, .T. ) ;
#3977 = ORIENTED_EDGE ( 'NONE', *, *, #6427, .F. ) ;
#3978 = LINE ( 'NONE', #4028, #4906 ) ;
#3979 = DIRECTION ( 'NONE',  ( -0.000000000000000000, -0.000000000000000000, -1.000000000000000000 ) ) ;
#3980 = ORIENTED_EDGE ( 'NONE', *, *, #1915, .F. ) ;
#3981 = EDGE_LOOP ( 'NONE', ( #644, #6737, #6409, #4822 ) ) ;
#3982 = DIRECTION ( 'NONE',  ( 0.000000000000000000, 0.000000000000000000, 1.000000000000000000 ) ) ;
#3983 = SHAPE_DEFINITION_REPRESENTATION ( #9675, #4126 ) ;
#3984 = CARTESIAN_POINT ( 'NONE',  ( 1.379999999999999671, 6.649999999999999467, 0.7729309367425446498 ) ) ;
#3985 = CARTESIAN_POINT ( 'NONE',  ( -2.091014652896255654, 3.836142472419358906, 3.675000000000000266 ) ) ;
#3986 = ORIENTED_EDGE ( 'NONE', *, *, #357, .T. ) ;
#3987 = PLANE ( 'NONE',  #10784 ) ;
#3988 = PLANE ( 'NONE',  #7407 ) ;
#3989 = ADVANCED_FACE ( 'NONE', ( #10162 ), #1392, .T. ) ;
#3990 = ORIENTED_EDGE ( 'NONE', *, *, #3817, .F. ) ;
#3991 = VECTOR ( 'NONE', #5994, 1000.000000000000227 ) ;
#3992 = CARTESIAN_POINT ( 'NONE',  ( -4.400384907664991019, 6.000000000000000000, -2.279064564105347301 ) ) ;
#3993 = ORIENTED_EDGE ( 'NONE', *, *, #6716, .T. ) ;
#3994 = FACE_BOUND ( 'NONE', #2261, .T. ) ;
#3995 = ORIENTED_EDGE ( 'NONE', *, *, #3242, .F. ) ;
#3996 = B_SPLINE_CURVE_WITH_KNOTS ( 'NONE', 3,
 ( #3484, #801, #2512, #7842, #2396, #11157, #5142, #9612, #8762, #6813 ),
 .UNSPECIFIED., .F., .F.,
 ( 4, 2, 2, 2, 4 ),
 ( 4.336808689942017736E-19, 0.0002774483335560877159, 0.0004161725003341313570, 0.0004855345837231531776, 0.0005548966671121749981 ),
 .UNSPECIFIED. ) ;
#3997 = CARTESIAN_POINT ( 'NONE',  ( -1.379999999999999671, 12.50000000000000000, 1.196959198423996649E-16 ) ) ;
#3998 = DIRECTION ( 'NONE',  ( -0.000000000000000000, 0.6561787149247870765, 0.7546055221635045163 ) ) ;
#3999 = CARTESIAN_POINT ( 'NONE',  ( -3.903127820947815962E-14, 10.61546987566544153, 7.800000000000000711 ) ) ;
#4000 = CARTESIAN_POINT ( 'NONE',  ( -1.771168402671605879E-15, 6.965469875665441180, 0.000000000000000000 ) ) ;
#4001 = DIRECTION ( 'NONE',  ( 0.000000000000000000, 1.000000000000000000, -0.000000000000000000 ) ) ;
#4002 = ADVANCED_FACE ( 'NONE', ( #4086 ), #2527, .T. ) ;
#4003 = ORIENTED_EDGE ( 'NONE', *, *, #882, .F. ) ;
#4004 = ORIENTED_EDGE ( 'NONE', *, *, #1067, .T. ) ;
#4005 = PRESENTATION_STYLE_ASSIGNMENT (( #5882 ) ) ;
#4006 = CARTESIAN_POINT ( 'NONE',  ( 4.433344562587833160, 1.500000000000000888, 2.312024219028187666 ) ) ;
#4007 = ADVANCED_FACE ( 'NONE', ( #3442 ), #184, .T. ) ;
#4008 = DIRECTION ( 'NONE',  ( 0.000000000000000000, 0.000000000000000000, -1.000000000000000000 ) ) ;
#4009 = VERTEX_POINT ( 'NONE', #986 ) ;
#4010 = LINE ( 'NONE', #1319, #2787 ) ;
#4011 = DIRECTION ( 'NONE',  ( 0.7071067811865403563, 1.360023205165816614E-16, 0.7071067811865549002 ) ) ;
#4012 = EDGE_LOOP ( 'NONE', ( #5077, #8309, #10365, #8872 ) ) ;
#4013 = DIRECTION ( 'NONE',  ( -1.978231904884091487E-16, 1.000000000000000000, 0.000000000000000000 ) ) ;
#4014 = ADVANCED_FACE ( 'NONE', ( #7171 ), #9567, .F. ) ;
#4015 = DIRECTION ( 'NONE',  ( 0.7071067811865473507, 8.049116928532377276E-17, -0.7071067811865477948 ) ) ;
#4016 = CARTESIAN_POINT ( 'NONE',  ( 1.390180519077591104, 6.500000000000000000, -4.521998694580438460 ) ) ;
#4017 = VERTEX_POINT ( 'NONE', #10489 ) ;
#4018 = ADVANCED_FACE ( 'NONE', ( #3670 ), #7802, .T. ) ;
#4019 = EDGE_LOOP ( 'NONE', ( #5332, #8637, #2040, #10747 ) ) ;
#4020 = ORIENTED_EDGE ( 'NONE', *, *, #7381, .F. ) ;
#4021 = CIRCLE ( 'NONE', #10413, 0.02000000000000005246 ) ;
#4022 = FACE_OUTER_BOUND ( 'NONE', #1791, .T. ) ;
#4023 = DIRECTION ( 'NONE',  ( -0.9943490029226534910, -0.1061605406293919668, 0.000000000000000000 ) ) ;
#4024 = CARTESIAN_POINT ( 'NONE',  ( 7.138355639750680659, 3.000000000000000000, 2.750705138767090663 ) ) ;
#4025 = CARTESIAN_POINT ( 'NONE',  ( -3.226782805549720301, 5.626078208432425676, 3.956290731841301422 ) ) ;
#4026 = DIRECTION ( 'NONE',  ( 1.000000000000000000, 0.000000000000000000, 0.000000000000000000 ) ) ;
#4027 = VERTEX_POINT ( 'NONE', #1722 ) ;
#4028 = CARTESIAN_POINT ( 'NONE',  ( -4.843681451127849868, 8.000000000000000000, 4.843681451127852533 ) ) ;
#4029 = LINE ( 'NONE', #3167, #6145 ) ;
#4030 = ORIENTED_EDGE ( 'NONE', *, *, #5237, .F. ) ;
#4031 = EDGE_CURVE ( 'NONE', #5517, #1300, #4354, .T. ) ;
#4032 = AXIS2_PLACEMENT_3D ( 'NONE', #2500, #4114, #6105 ) ;
#4033 = VERTEX_POINT ( 'NONE', #17 ) ;
#4034 = ORIENTED_EDGE ( 'NONE', *, *, #8569, .F. ) ;
#4035 = ADVANCED_FACE ( 'NONE', ( #7976 ), #9473, .T. ) ;
#4036 = CARTESIAN_POINT ( 'NONE',  ( -3.035200274230731132, 11.65993862977662765, -2.613951291675112643 ) ) ;
#4037 = CARTESIAN_POINT ( 'NONE',  ( 0.000000000000000000, 0.000000000000000000, 0.000000000000000000 ) ) ;
#4038 = CARTESIAN_POINT ( 'NONE',  ( 1.379999999999999671, 6.649999999999999467, 4.400000000000000355 ) ) ;
#4039 = LINE ( 'NONE', #3985, #2771 ) ;
#4040 = ORIENTED_EDGE ( 'NONE', *, *, #441, .F. ) ;
#4041 = CARTESIAN_POINT ( 'NONE',  ( -1.030666926558653025E-16, 6.965469875665441180, 15.29999999999999893 ) ) ;
#4042 = LINE ( 'NONE', #3012, #3933 ) ;
#4043 = ORIENTED_EDGE ( 'NONE', *, *, #1426, .F. ) ;
#4045 = CARTESIAN_POINT ( 'NONE',  ( -1.396794528132615953, 10.33763016933162149, 0.000000000000000000 ) ) ;
#4044 = AXIS2_PLACEMENT_3D ( 'NONE', #6385, #1402, #8109 ) ;
#4046 = EDGE_LOOP ( 'NONE', ( #8340, #2821, #6384, #2335 ) ) ;
#4047 = CARTESIAN_POINT ( 'NONE',  ( 1.399999999999999689, 6.649999999999999467, -4.549999999999999822 ) ) ;
#4048 = ORIENTED_EDGE ( 'NONE', *, *, #10161, .T. ) ;
#4049 = ADVANCED_FACE ( 'NONE', ( #11292 ), #6015, .F. ) ;
#4050 = CARTESIAN_POINT ( 'NONE',  ( -2.280939751330913534, -1.472748324171861301, 15.29999999999999893 ) ) ;
#4051 = EDGE_CURVE ( 'NONE', #8596, #8510, #4530, .T. ) ;
#4052 = AXIS2_PLACEMENT_3D ( 'NONE', #5497, #8995, #7226 ) ;
#4053 = DIRECTION ( 'NONE',  ( -1.000000000000000000, -0.000000000000000000, -0.000000000000000000 ) ) ;
#4054 = CLOSED_SHELL ( 'NONE', ( #7213, #11291, #9072, #7056, #4922, #2470, #3237, #5537, #7461, #8216, #7587, #9505, #1269, #6790, #6925, #7867, #7444, #3753, #5995, #7243, #9755, #3089, #1901, #5710, #7182, #10296, #3060, #9034, #963, #687, #3062, #6615, #10890, #1525, #5899, #179, #4380, #6408, #7082, #423, #4347, #4993, #5615, #7196, #10250, #3586, #9050, #8969, #2748, #7128, #5717, #797, #2221, #4524, #4984, #1037, #7126, #6072, #593, #6597, #1006 ) ) ;
#4055 = CARTESIAN_POINT ( 'NONE',  ( -2.501810091522907342, 9.623184357312057458, -2.613951291675112643 ) ) ;
#4056 = DIRECTION ( 'NONE',  ( 0.000000000000000000, 0.000000000000000000, 1.000000000000000000 ) ) ;
#4057 = DIRECTION ( 'NONE',  ( 0.000000000000000000, 0.000000000000000000, 1.000000000000000000 ) ) ;
#4058 = CIRCLE ( 'NONE', #3311, 0.01999999999999996225 ) ;
#4059 = ORIENTED_EDGE ( 'NONE', *, *, #4659, .T. ) ;
#4060 = EDGE_LOOP ( 'NONE', ( #465, #2952, #4683, #4093 ) ) ;
#4061 = CYLINDRICAL_SURFACE ( 'NONE', #8572, 3.649999999999999467 ) ;
#4062 = LINE ( 'NONE', #7554, #9041 ) ;
#4063 = VECTOR ( 'NONE', #2549, 1000.000000000000114 ) ;
#4064 = DIRECTION ( 'NONE',  ( -0.000000000000000000, 0.000000000000000000, 1.000000000000000000 ) ) ;
#4065 = EDGE_CURVE ( 'NONE', #4162, #9867, #697, .T. ) ;
#4066 =( REPRESENTATION_RELATIONSHIP ('NONE','NONE', #4126, #4925 ) REPRESENTATION_RELATIONSHIP_WITH_TRANSFORMATION ( #7699 )SHAPE_REPRESENTATION_RELATIONSHIP( ) );
#4067 = ORIENTED_EDGE ( 'NONE', *, *, #5603, .T. ) ;
#4068 = CIRCLE ( 'NONE', #951, 0.02000000000000005246 ) ;
#4069 = CIRCLE ( 'NONE', #4980, 7.650000000000000355 ) ;
#4070 = LINE ( 'NONE', #6917, #6811 ) ;
#4071 = CARTESIAN_POINT ( 'NONE',  ( -2.580939751330912468, 6.382121700833030950E-16, 7.800000000000000711 ) ) ;
#4072 = ORIENTED_EDGE ( 'NONE', *, *, #923, .T. ) ;
#4073 = LINE ( 'NONE', #7676, #10762 ) ;
#4074 = CYLINDRICAL_SURFACE ( 'NONE', #3239, 0.1000000000000001443 ) ;
#4075 = CARTESIAN_POINT ( 'NONE',  ( 1.399999999999999689, 6.500000000000000000, -4.483107698211994396 ) ) ;
#4076 = VERTEX_POINT ( 'NONE', #6191 ) ;
#4077 = ORIENTED_EDGE ( 'NONE', *, *, #7156, .T. ) ;
#4078 = ORIENTED_EDGE ( 'NONE', *, *, #3954, .F. ) ;
#4079 = CIRCLE ( 'NONE', #6458, 0.1299999999999998934 ) ;
#4080 = AXIS2_PLACEMENT_3D ( 'NONE', #32, #2655, #10441 ) ;
#4081 = EDGE_CURVE ( 'NONE', #10590, #6668, #8434, .T. ) ;
#4082 = LINE ( 'NONE', #11064, #5697 ) ;
#4083 = EDGE_CURVE ( 'NONE', #11294, #1096, #10598, .T. ) ;
#4084 = CARTESIAN_POINT ( 'NONE',  ( -1.500000000000001998, 6.965469875665441180, 7.800000000000000711 ) ) ;
#4085 = LINE ( 'NONE', #5683, #7911 ) ;
#4086 = FACE_OUTER_BOUND ( 'NONE', #6045, .T. ) ;
#4087 = CARTESIAN_POINT ( 'NONE',  ( -1.771168402671605879E-15, 6.965469875665441180, 7.800000000000000711 ) ) ;
#4088 = AXIS2_PLACEMENT_3D ( 'NONE', #7549, #6634, #6696 ) ;
#4089 = LINE ( 'NONE', #6666, #1425 ) ;
#4090 = DIRECTION ( 'NONE',  ( 1.000000000000000000, 0.000000000000000000, 0.000000000000000000 ) ) ;
#4091 = ORIENTED_EDGE ( 'NONE', *, *, #1375, .F. ) ;
#4092 = CONICAL_SURFACE ( 'NONE', #10850, 1529.999999999999091, 0.9918981757768768892 ) ;
#4093 = ORIENTED_EDGE ( 'NONE', *, *, #11059, .F. ) ;
#4094 = ORIENTED_EDGE ( 'NONE', *, *, #7070, .T. ) ;
#4095 = VECTOR ( 'NONE', #7778, 999.9999999999998863 ) ;
#4096 = DIRECTION ( 'NONE',  ( 0.000000000000000000, -0.000000000000000000, -1.000000000000000000 ) ) ;
#4097 = EDGE_CURVE ( 'NONE', #8168, #6025, #8658, .T. ) ;
#4098 = PRESENTATION_LAYER_ASSIGNMENT (  '', '', ( #11045 ) ) ;
#4099 = LINE ( 'NONE', #7761, #5349 ) ;
#4100 = DIRECTION ( 'NONE',  ( 0.000000000000000000, 0.000000000000000000, 1.000000000000000000 ) ) ;
#4101 = ORIENTED_EDGE ( 'NONE', *, *, #1523, .F. ) ;
#4102 = CARTESIAN_POINT ( 'NONE',  ( 0.01715630721367612105, 0.004492935629500899308, 11.17499999999999893 ) ) ;
#4103 = PLANE ( 'NONE',  #2641 ) ;
#4104 = AXIS2_PLACEMENT_3D ( 'NONE', #4000, #341, #2278 ) ;
#4105 = ORIENTED_EDGE ( 'NONE', *, *, #1147, .F. ) ;
#4106 = CARTESIAN_POINT ( 'NONE',  ( -2.966664951328182198, 3.021034482758621742, 5.087985294887741539 ) ) ;
#4107 = ORIENTED_EDGE ( 'NONE', *, *, #8112, .T. ) ;
#4108 = ADVANCED_FACE ( 'NONE', ( #876 ), #4410, .T. ) ;
#4109 = CARTESIAN_POINT ( 'NONE',  ( 2.580939751330912024, 4.384530124334557577, 0.2999999999999999334 ) ) ;
#4110 = ORIENTED_EDGE ( 'NONE', *, *, #3382, .F. ) ;
#4111 = AXIS2_PLACEMENT_3D ( 'NONE', #6625, #2378, #10182 ) ;
#4112 = DIRECTION ( 'NONE',  ( -1.680321552529714689E-16, 1.000000000000000000, 0.000000000000000000 ) ) ;
#4113 = CIRCLE ( 'NONE', #96, 0.1299999999999998934 ) ;
#4114 = DIRECTION ( 'NONE',  ( 1.000000000000000000, 2.168404344971008252E-17, 8.673617379884035472E-17 ) ) ;
#4115 = DIRECTION ( 'NONE',  ( -1.000000000000000000, -2.168404344971008252E-17, 8.673617379884035472E-17 ) ) ;
#4116 = CARTESIAN_POINT ( 'NONE',  ( 3.405877273185280885, 1.699999999999999734, 6.850000000000000533 ) ) ;
#4117 = DIRECTION ( 'NONE',  ( 0.000000000000000000, 1.000000000000000000, 0.000000000000000000 ) ) ;
#4118 = ORIENTED_EDGE ( 'NONE', *, *, #2498, .T. ) ;
#4119 = EDGE_LOOP ( 'NONE', ( #6036, #2646, #8419, #4917 ) ) ;
#4120 = CARTESIAN_POINT ( 'NONE',  ( 3.372160293666184305, 8.362264403798048917, -2.613951291675112643 ) ) ;
#4121 = ADVANCED_FACE ( 'NONE', ( #10717 ), #6365, .T. ) ;
#4122 = CARTESIAN_POINT ( 'NONE',  ( -1.379999999999999893, 12.34999999999999964, -2.027069063257456172 ) ) ;
#4123 = AXIS2_PLACEMENT_3D ( 'NONE', #9066, #3843, #8146 ) ;
#4124 = CYLINDRICAL_SURFACE ( 'NONE', #2759, 0.1499999999999999667 ) ;
#4125 = EDGE_CURVE ( 'NONE', #3767, #4184, #2170, .T. ) ;
#4126 = SHAPE_REPRESENTATION ( 'Hinge_Joint_KitV2', ( #5136, #7154, #207, #2937, #8615, #3675 ), #3855 ) ;
#4127 = DIRECTION ( 'NONE',  ( -0.5049013445390029275, -0.8631770573194744722, 0.000000000000000000 ) ) ;
#4128 = DIRECTION ( 'NONE',  ( -0.7071067811865475727, 0.000000000000000000, 0.7071067811865475727 ) ) ;
#4129 = VERTEX_POINT ( 'NONE', #9003 ) ;
#4130 = FACE_OUTER_BOUND ( 'NONE', #9830, .T. ) ;
#4131 = CARTESIAN_POINT ( 'NONE',  ( 4.027325123107964089, 3.021034482758620410, -4.027325123107938332 ) ) ;
#4132 = EDGE_CURVE ( 'NONE', #10330, #6424, #9121, .T. ) ;
#4133 = CARTESIAN_POINT ( 'NONE',  ( 0.000000000000000000, 11.43165542625050435, 5.400000000000000355 ) ) ;
#4134 = ORIENTED_EDGE ( 'NONE', *, *, #6998, .T. ) ;
#4135 = VECTOR ( 'NONE', #3290, 999.9999999999998863 ) ;
#4136 = ORIENTED_EDGE ( 'NONE', *, *, #1772, .T. ) ;
#4137 = ORIENTED_EDGE ( 'NONE', *, *, #4895, .T. ) ;
#4138 = B_SPLINE_CURVE_WITH_KNOTS ( 'NONE', 3,
 ( #5389, #7164, #131, #8027, #178, #1149, #6186, #6359, #3784, #9906 ),
 .UNSPECIFIED., .F., .F.,
 ( 4, 3, 3, 4 ),
 ( 0.000000000000000000, 3.932309463598233521E-05, 8.009671586239441431E-05, 8.254620561176652350E-05 ),
 .UNSPECIFIED. ) ;
#4139 = DIRECTION ( 'NONE',  ( -0.4786004400550714633, 0.8780328119034571666, 0.000000000000000000 ) ) ;
#4140 = AXIS2_PLACEMENT_3D ( 'NONE', #7468, #5751, #9252 ) ;
#4141 = LINE ( 'NONE', #8492, #7543 ) ;
#4142 = DIRECTION ( 'NONE',  ( -2.168404344971008252E-17, 1.000000000000000000, 0.000000000000000000 ) ) ;
#4143 = CARTESIAN_POINT ( 'NONE',  ( -2.580939751330911136, -4.084530124334557755, 0.2999999999999999334 ) ) ;
#4144 = DIRECTION ( 'NONE',  ( -0.2533391860415135644, 0.9673775151489842905, 0.000000000000000000 ) ) ;
#4145 = EDGE_CURVE ( 'NONE', #4667, #6992, #2982, .T. ) ;
#4146 = CARTESIAN_POINT ( 'NONE',  ( -1.380000000000000115, 12.50000000000000000, 4.343903740188081564 ) ) ;
#4147 = DIRECTION ( 'NONE',  ( 0.000000000000000000, 0.000000000000000000, 1.000000000000000000 ) ) ;
#4148 = EDGE_LOOP ( 'NONE', ( #10183, #9626, #4935, #7291 ) ) ;
#4149 = ORIENTED_EDGE ( 'NONE', *, *, #2041, .T. ) ;
#4150 = EDGE_CURVE ( 'NONE', #9889, #878, #474, .T. ) ;
#4151 = ORIENTED_EDGE ( 'NONE', *, *, #5116, .F. ) ;
#4152 = AXIS2_PLACEMENT_3D ( 'NONE', #4702, #9862, #3790 ) ;
#4153 = CARTESIAN_POINT ( 'NONE',  ( 1.379999999999999671, 12.48000000000000220, 4.343903740188081564 ) ) ;
#4154 = DIRECTION ( 'NONE',  ( -0.000000000000000000, 0.000000000000000000, 1.000000000000000000 ) ) ;
#4155 = FACE_OUTER_BOUND ( 'NONE', #10061, .T. ) ;
#4156 = EDGE_LOOP ( 'NONE', ( #1669, #1175, #10015, #10079 ) ) ;
#4157 = CARTESIAN_POINT ( 'NONE',  ( -1.771168402671605879E-15, 6.965469875665441180, 15.29999999999999893 ) ) ;
#4158 = LINE ( 'NONE', #10389, #3009 ) ;
#4159 = AXIS2_PLACEMENT_3D ( 'NONE', #4818, #10943, #3091 ) ;
#4160 = VERTEX_POINT ( 'NONE', #5453 ) ;
#4161 = CARTESIAN_POINT ( 'NONE',  ( -2.291287847478249429, 8.000000000000000000, -4.999999999999848121 ) ) ;
#4162 = VERTEX_POINT ( 'NONE', #7285 ) ;
#4163 = ADVANCED_FACE ( 'NONE', ( #2923 ), #9972, .T. ) ;
#4164 = EDGE_CURVE ( 'NONE', #3170, #4237, #6420, .T. ) ;
#4165 = EDGE_LOOP ( 'NONE', ( #9822, #4957, #7936, #4043, #7664, #2097, #10287, #3280, #3315, #863 ) ) ;
#4166 = DIRECTION ( 'NONE',  ( 0.000000000000000000, 0.000000000000000000, 1.000000000000000000 ) ) ;
#4167 = CARTESIAN_POINT ( 'NONE',  ( -2.280939751330911758, 6.965469875665441180, 15.29999999999999893 ) ) ;
#4168 = DIRECTION ( 'NONE',  ( -1.000000000000000000, 0.000000000000000000, 0.000000000000000000 ) ) ;
#4169 = DIRECTION ( 'NONE',  ( -2.472789881105115160E-16, -1.000000000000000000, 0.000000000000000000 ) ) ;
#4170 = ORIENTED_EDGE ( 'NONE', *, *, #3942, .F. ) ;
#4171 = ORIENTED_EDGE ( 'NONE', *, *, #7730, .F. ) ;
#4172 = CARTESIAN_POINT ( 'NONE',  ( 1.499999999999998446, 6.965469875665441180, 3.674999999999999378 ) ) ;
#4173 = PLANE ( 'NONE',  #10139 ) ;
#4174 = AXIS2_PLACEMENT_3D ( 'NONE', #5224, #7002, #6313 ) ;
#4175 = DIRECTION ( 'NONE',  ( 1.000000000000000000, 0.000000000000000000, 0.000000000000000000 ) ) ;
#4176 = EDGE_CURVE ( 'NONE', #9413, #4160, #4540, .T. ) ;
#4177 = FACE_OUTER_BOUND ( 'NONE', #7308, .T. ) ;
#4178 = DIRECTION ( 'NONE',  ( 2.168404344971008252E-17, -1.000000000000000000, 0.000000000000000000 ) ) ;
#4179 = ORIENTED_EDGE ( 'NONE', *, *, #4849, .F. ) ;
#4180 = AXIS2_PLACEMENT_3D ( 'NONE', #2644, #6134, #2695 ) ;
#4181 = LINE ( 'NONE', #11160, #2153 ) ;
#4182 = DIRECTION ( 'NONE',  ( -0.7071067811865453523, 2.775557561562891351E-17, -0.7071067811865499042 ) ) ;
#4183 = CARTESIAN_POINT ( 'NONE',  ( -7.138355639750679771, 3.000000000000000000, -2.750705138767092883 ) ) ;
#4184 = VERTEX_POINT ( 'NONE', #10888 ) ;
#4185 = VERTEX_POINT ( 'NONE', #4817 ) ;
#4186 = EDGE_LOOP ( 'NONE', ( #1882, #4378, #601, #2421 ) ) ;
#4187 = PLANE ( 'NONE',  #10454 ) ;
#4188 = EDGE_CURVE ( 'NONE', #4160, #11159, #8195, .T. ) ;
#4189 = DIRECTION ( 'NONE',  ( -0.7967915771908282707, -0.6042542366568497414, 0.000000000000000000 ) ) ;
#4190 = LINE ( 'NONE', #7462, #5348 ) ;
#4191 = DIRECTION ( 'NONE',  ( 1.000000000000000000, -0.000000000000000000, 0.000000000000000000 ) ) ;
#4192 = CARTESIAN_POINT ( 'NONE',  ( 1.399999999999999689, 12.48000000000000043, -4.343903740188082452 ) ) ;
#4193 = ORIENTED_EDGE ( 'NONE', *, *, #5416, .F. ) ;
#4194 = CARTESIAN_POINT ( 'NONE',  ( -1.393841279746829365, 9.196893236005688976, -2.625562286609687046 ) ) ;
#4195 = FACE_OUTER_BOUND ( 'NONE', #4736, .T. ) ;
#4196 = ORIENTED_EDGE ( 'NONE', *, *, #5654, .T. ) ;
#4197 = EDGE_LOOP ( 'NONE', ( #10285, #5213, #3939, #9061 ) ) ;
#4198 = CIRCLE ( 'NONE', #2002, 3.649999999999999467 ) ;
#4199 = VERTEX_POINT ( 'NONE', #413 ) ;
#4200 = DIRECTION ( 'NONE',  ( 0.4918069879902069452, -0.8707042474709769664, 0.000000000000000000 ) ) ;
#4201 = EDGE_CURVE ( 'NONE', #4719, #5443, #7109, .T. ) ;
#4202 = FACE_OUTER_BOUND ( 'NONE', #8469, .T. ) ;
#4203 = SPHERICAL_SURFACE ( 'NONE', #6064, 0.2999999999999999889 ) ;
#4204 = CIRCLE ( 'NONE', #4575, 3.649999999999999467 ) ;
#4205 = ORIENTED_EDGE ( 'NONE', *, *, #4642, .T. ) ;
#4206 = FACE_OUTER_BOUND ( 'NONE', #10438, .T. ) ;
#4207 = CARTESIAN_POINT ( 'NONE',  ( 3.412809285801760684, 8.259777713370699104, 11.17499999999999893 ) ) ;
#4208 = VERTEX_POINT ( 'NONE', #3789 ) ;
#4209 = FACE_OUTER_BOUND ( 'NONE', #2134, .T. ) ;
#4210 = ORIENTED_EDGE ( 'NONE', *, *, #3199, .F. ) ;
#4211 = ORIENTED_EDGE ( 'NONE', *, *, #937, .T. ) ;
#4212 = AXIS2_PLACEMENT_3D ( 'NONE', #14, #1934, #9842 ) ;
#4213 = CYLINDRICAL_SURFACE ( 'NONE', #2042, 3.649999999999999467 ) ;
#4214 = PRODUCT_DEFINITION ( 'UNKNOWN', '', #2568, #2191 ) ;
#4215 = EDGE_CURVE ( 'NONE', #9699, #3069, #4588, .T. ) ;
#4216 = CARTESIAN_POINT ( 'NONE',  ( -4.433344562587856252, 2.048942590553170628, 2.312024219028144145 ) ) ;
#4217 = DIRECTION ( 'NONE',  ( 0.000000000000000000, 0.000000000000000000, 1.000000000000000000 ) ) ;
#4218 = ADVANCED_FACE ( 'NONE', ( #9170 ), #3438, .T. ) ;
#4219 = CARTESIAN_POINT ( 'NONE',  ( -2.501810091522911339, 9.623184357312055681, 7.800000000000000711 ) ) ;
#4220 = CARTESIAN_POINT ( 'NONE',  ( 1.088609894901982456, 0.6042532376681478690, 11.17499999999999893 ) ) ;
#4221 = VERTEX_POINT ( 'NONE', #10660 ) ;
#4222 = ORIENTED_EDGE ( 'NONE', *, *, #7304, .T. ) ;
#4223 = DIRECTION ( 'NONE',  ( 1.000000000000000000, 0.000000000000000000, 0.000000000000000000 ) ) ;
#4224 = CARTESIAN_POINT ( 'NONE',  ( -4.926415935006080105, 3.869526707277708422, -2.613951291675112643 ) ) ;
#4225 = VECTOR ( 'NONE', #4643, 1000.000000000000000 ) ;
#4226 = CARTESIAN_POINT ( 'NONE',  ( -2.312024219028192551, 2.048942590553173293, -4.433344562587834048 ) ) ;
#4227 = VECTOR ( 'NONE', #2129, 1000.000000000000114 ) ;
#4228 = EDGE_CURVE ( 'NONE', #4637, #6418, #8086, .T. ) ;
#4229 = CARTESIAN_POINT ( 'NONE',  ( -1.007663994480481273, 12.46411433246060341, -2.454779244514317504 ) ) ;
#4230 = LINE ( 'NONE', #686, #7208 ) ;
#4231 = ORIENTED_EDGE ( 'NONE', *, *, #9519, .T. ) ;
#4232 = VECTOR ( 'NONE', #10700, 1000.000000000000114 ) ;
#4233 = CARTESIAN_POINT ( 'NONE',  ( -2.580939751330913801, -4.384530124334558465, 15.29999999999999893 ) ) ;
#4234 = DIRECTION ( 'NONE',  ( 0.7071067811865473507, 0.000000000000000000, -0.7071067811865477948 ) ) ;
#4235 = CLOSED_SHELL ( 'NONE', ( #10801, #8301, #5831 ) ) ;
#4236 = CARTESIAN_POINT ( 'NONE',  ( -3.763140835808880702, 6.903798770585686029, 3.675000000000000266 ) ) ;
#4237 = VERTEX_POINT ( 'NONE', #6537 ) ;
#4238 = EDGE_CURVE ( 'NONE', #1957, #5843, #6311, .T. ) ;
#4239 = ORIENTED_EDGE ( 'NONE', *, *, #8940, .T. ) ;
#4240 = ORIENTED_EDGE ( 'NONE', *, *, #3795, .T. ) ;
#4241 = VECTOR ( 'NONE', #3047, 1000.000000000000000 ) ;
#4242 = AXIS2_PLACEMENT_3D ( 'NONE', #7269, #5258, #1761 ) ;
#4243 = CARTESIAN_POINT ( 'NONE',  ( -1.771168402671605879E-15, 6.965469875665441180, 0.000000000000000000 ) ) ;
#4244 = CARTESIAN_POINT ( 'NONE',  ( -1.380000000000000115, 8.631655426250503638, 4.549999999999999822 ) ) ;
#4245 = CARTESIAN_POINT ( 'NONE',  ( -1.399999999999999467, -3.035766082959410566E-17, -1.214306433183764720E-16 ) ) ;
#4246 = CARTESIAN_POINT ( 'NONE',  ( 3.917693825320296419, 6.697671662384333757, 7.800000000000000711 ) ) ;
#4247 = FACE_OUTER_BOUND ( 'NONE', #4606, .T. ) ;
#4248 = ORIENTED_EDGE ( 'NONE', *, *, #8672, .F. ) ;
#4249 = CARTESIAN_POINT ( 'NONE',  ( 1.098581491038425728, 0.6205207517233434222, 11.17499999999999893 ) ) ;
#4250 = AXIS2_PLACEMENT_3D ( 'NONE', #7229, #9000, #2869 ) ;
#4251 = PLANE ( 'NONE',  #8659 ) ;
#4252 = EDGE_LOOP ( 'NONE', ( #2433, #3980, #10056, #8578 ) ) ;
#4253 = EDGE_CURVE ( 'NONE', #2754, #100, #2119, .T. ) ;
#4254 = ORIENTED_EDGE ( 'NONE', *, *, #9286, .F. ) ;
#4256 = EDGE_CURVE ( 'NONE', #403, #2464, #9805, .T. ) ;
#4255 = CIRCLE ( 'NONE', #9226, 0.1000000000000001443 ) ;
#4257 = ORIENTED_EDGE ( 'NONE', *, *, #5281, .T. ) ;
#4258 = CARTESIAN_POINT ( 'NONE',  ( -1.030666926558653025E-16, 6.965469875665441180, 3.675000000000000266 ) ) ;
#4259 = ITEM_DEFINED_TRANSFORMATION ( 'NONE', 'NONE', #2937,  #2013 ) ;
#4260 = MECHANICAL_DESIGN_GEOMETRIC_PRESENTATION_REPRESENTATION (  '', ( #5354 ), #2437 ) ;
#4261 = FACE_OUTER_BOUND ( 'NONE', #9457, .T. ) ;
#4262 = CARTESIAN_POINT ( 'NONE',  ( -1.385521695682327969, 6.500000000000000000, -0.7880629224027729807 ) ) ;
#4263 = ORIENTED_EDGE ( 'NONE', *, *, #7038, .T. ) ;
#4264 = DIRECTION ( 'NONE',  ( -0.000000000000000000, -0.000000000000000000, -1.000000000000000000 ) ) ;
#4265 = CARTESIAN_POINT ( 'NONE',  ( 3.372160293666184305, 8.362264403798045365, 11.17499999999999893 ) ) ;
#4266 = VECTOR ( 'NONE', #10363, 1000.000000000000000 ) ;
#4267 = EDGE_LOOP ( 'NONE', ( #744, #8957, #4954, #5091, #2576, #8792, #9192, #2619, #11043, #6068, #4537, #11277, #5337, #1531, #11072, #665, #531, #1237, #9293, #10686, #1755, #2495, #2633, #10513, #1835, #434, #9877, #9835, #7756, #8243, #4805, #10844, #6396, #3951, #4312, #4972, #8368, #3229, #5653, #2374 ) ) ;
#4268 = CARTESIAN_POINT ( 'NONE',  ( 2.141670180522074585, 5.437303469785192966, -2.457261515329064672 ) ) ;
#4269 = ORIENTED_EDGE ( 'NONE', *, *, #5436, .T. ) ;
#4270 = EDGE_CURVE ( 'NONE', #11188, #1163, #4181, .T. ) ;
#4271 = ORIENTED_EDGE ( 'NONE', *, *, #2328, .T. ) ;
#4272 = AXIS2_PLACEMENT_3D ( 'NONE', #11217, #1709, #10533 ) ;
#4273 = CIRCLE ( 'NONE', #4455, 3.649999999999999467 ) ;
#4274 = CARTESIAN_POINT ( 'NONE',  ( 3.175602739079018910, 11.56612470205378607, -2.625562286609687046 ) ) ;
#4275 = CARTESIAN_POINT ( 'NONE',  ( -1.379999999999999893, 8.744846254575030287, 4.451573192761281383 ) ) ;
#4276 = CARTESIAN_POINT ( 'NONE',  ( -4.400384907665015000, 2.000000000000000444, 2.279064564105303337 ) ) ;
#4277 = AXIS2_PLACEMENT_3D ( 'NONE', #4687, #3947, #10984 ) ;
#4278 = DIRECTION ( 'NONE',  ( 0.9592845720430317469, -0.2824413387594271740, 0.000000000000000000 ) ) ;
#4279 = LINE ( 'NONE', #10463, #4095 ) ;
#4280 = VERTEX_POINT ( 'NONE', #5894 ) ;
#4281 = CIRCLE ( 'NONE', #10115, 0.01999999999999996225 ) ;
#4282 = VERTEX_POINT ( 'NONE', #527 ) ;
#4283 = LINE ( 'NONE', #5135, #6180 ) ;
#4284 = EDGE_CURVE ( 'NONE', #1267, #5160, #4073, .T. ) ;
#4285 = CARTESIAN_POINT ( 'NONE',  ( 3.648334813386795883, 6.855228824192199255, 0.000000000000000000 ) ) ;
#4286 = ADVANCED_FACE ( 'NONE', ( #4130 ), #7506, .T. ) ;
#4287 = CARTESIAN_POINT ( 'NONE',  ( 2.580939751330914245, -2.084296772316889701, 11.17499999999999893 ) ) ;
#4288 = AXIS2_PLACEMENT_3D ( 'NONE', #910, #5996, #9488 ) ;
#4289 = CARTESIAN_POINT ( 'NONE',  ( 1.396794528132544455, 10.33763016933165169, -2.457261515329064672 ) ) ;
#4290 = CYLINDRICAL_SURFACE ( 'NONE', #3356, 0.02000000000000005246 ) ;
#4291 = AXIS2_PLACEMENT_3D ( 'NONE', #3919, #7350, #3052 ) ;
#4292 = ORIENTED_EDGE ( 'NONE', *, *, #63, .T. ) ;
#4293 = CARTESIAN_POINT ( 'NONE',  ( 0.000000000000000000, 6.500000000000000000, 0.7729309367425446498 ) ) ;
#4294 = CYLINDRICAL_SURFACE ( 'NONE', #8152, 1.500000000000000222 ) ;
#4295 = SURFACE_STYLE_FILL_AREA ( #920 ) ;
#4296 = ADVANCED_FACE ( 'NONE', ( #7622 ), #3262, .F. ) ;
#4297 = ORIENTED_EDGE ( 'NONE', *, *, #9640, .T. ) ;
#4298 = EDGE_LOOP ( 'NONE', ( #7822, #10977, #2146, #4263 ) ) ;
#4299 = ADVANCED_FACE ( 'NONE', ( #1380 ), #5952, .T. ) ;
#4300 = ORIENTED_EDGE ( 'NONE', *, *, #3141, .T. ) ;
#4301 = AXIS2_PLACEMENT_3D ( 'NONE', #2814, #8953, #1726 ) ;
#4302 = FACE_OUTER_BOUND ( 'NONE', #1073, .T. ) ;
#4303 = DIRECTION ( 'NONE',  ( 0.7071067811865475727, -3.056747976430751789E-16, -0.7071067811865475727 ) ) ;
#4304 = EDGE_CURVE ( 'NONE', #7551, #3476, #7839, .T. ) ;
#4305 = CARTESIAN_POINT ( 'NONE',  ( -1.030666926558653025E-16, 6.965469875665441180, 0.000000000000000000 ) ) ;
#4306 = CARTESIAN_POINT ( 'NONE',  ( 3.302397983560366068, 1.563623187575865048, -6.900591489566306080 ) ) ;
#4307 = CARTESIAN_POINT ( 'NONE',  ( -3.035200274230737350, 11.65993862977662410, 0.000000000000000000 ) ) ;
#4308 = ORIENTED_EDGE ( 'NONE', *, *, #10147, .T. ) ;
#4309 = LINE ( 'NONE', #2305, #11301 ) ;
#4310 = LINE ( 'NONE', #706, #7071 ) ;
#4311 = ORIENTED_EDGE ( 'NONE', *, *, #167, .T. ) ;
#4312 = ORIENTED_EDGE ( 'NONE', *, *, #3697, .F. ) ;
#4313 = DIRECTION ( 'NONE',  ( 0.000000000000000000, 0.000000000000000000, 1.000000000000000000 ) ) ;
#4314 = ORIENTED_EDGE ( 'NONE', *, *, #6742, .T. ) ;
#4315 = VECTOR ( 'NONE', #1800, 1000.000000000000000 ) ;
#4316 = VECTOR ( 'NONE', #7371, 1000.000000000000000 ) ;
#4317 = DIRECTION ( 'NONE',  ( 0.1361444591232023327, 0.9906889957247182465, -0.000000000000000000 ) ) ;
#4318 = CARTESIAN_POINT ( 'NONE',  ( 5.036781010732892305, 3.089999999999999858, -2.915460667173224607 ) ) ;
#4319 = EDGE_CURVE ( 'NONE', #8769, #1246, #3212, .T. ) ;
#4320 = PLANE ( 'NONE',  #953 ) ;
#4321 = ORIENTED_EDGE ( 'NONE', *, *, #9136, .T. ) ;
#4322 = DIRECTION ( 'NONE',  ( 0.000000000000000000, 0.000000000000000000, 1.000000000000000000 ) ) ;
#4323 = CARTESIAN_POINT ( 'NONE',  ( 1.294339706053157180, 12.63813439878883038, -2.457261515329068224 ) ) ;
#4324 = EDGE_LOOP ( 'NONE', ( #1781, #5350, #8387, #10433 ) ) ;
#4325 = CARTESIAN_POINT ( 'NONE',  ( -2.680182346543768190, 3.063623187575866158, -7.165236767684207919 ) ) ;
#4326 = ORIENTED_EDGE ( 'NONE', *, *, #1007, .T. ) ;
#4327 = CIRCLE ( 'NONE', #1400, 7.650000000000000355 ) ;
#4328 = ORIENTED_EDGE ( 'NONE', *, *, #6024, .T. ) ;
#4329 = FACE_OUTER_BOUND ( 'NONE', #9971, .T. ) ;
#4330 = CARTESIAN_POINT ( 'NONE',  ( 2.279064564105362400, 2.000000000000000444, -4.400384907664983913 ) ) ;
#4331 = AXIS2_PLACEMENT_3D ( 'NONE', #7112, #10547, #1043 ) ;
#4332 = CARTESIAN_POINT ( 'NONE',  ( 2.580939751330914689, -4.084530124334557755, 15.00000000000000000 ) ) ;
#4333 = LINE ( 'NONE', #8002, #11262 ) ;
#4334 = EDGE_CURVE ( 'NONE', #7807, #4076, #8591, .T. ) ;
#4335 = EDGE_LOOP ( 'NONE', ( #5114, #4744, #6697, #7720 ) ) ;
#4336 = CARTESIAN_POINT ( 'NONE',  ( -4.871246803257019309, 8.000000000000001776, -2.263182533822205134 ) ) ;
#4337 = CARTESIAN_POINT ( 'NONE',  ( 3.397045344066838890, 1.653845617810561608, 6.854399480517453291 ) ) ;
#4338 = FACE_OUTER_BOUND ( 'NONE', #11034, .T. ) ;
#4339 = ORIENTED_EDGE ( 'NONE', *, *, #7682, .T. ) ;
#4340 = ORIENTED_EDGE ( 'NONE', *, *, #2946, .F. ) ;
#4341 = FACE_OUTER_BOUND ( 'NONE', #9529, .T. ) ;
#4342 = CARTESIAN_POINT ( 'NONE',  ( 2.280939751330914422, -4.084530124334556866, 15.00000000000000000 ) ) ;
#4343 = EDGE_CURVE ( 'NONE', #7469, #9977, #2292, .T. ) ;
#4344 = CARTESIAN_POINT ( 'NONE',  ( -1.380279994234274055, 6.500000000000000000, 0.7736979242907003895 ) ) ;
#4345 = SURFACE_STYLE_USAGE ( .BOTH. , #2513 ) ;
#4346 = EDGE_LOOP ( 'NONE', ( #5625, #5929, #3404, #11257 ) ) ;
#4347 = ADVANCED_FACE ( 'NONE', ( #5838 ), #10307, .T. ) ;
#4348 = CARTESIAN_POINT ( 'NONE',  ( 1.294339706053157180, 12.63813439878883038, 0.000000000000000000 ) ) ;
#4349 = LINE ( 'NONE', #6179, #9433 ) ;
#4350 = CARTESIAN_POINT ( 'NONE',  ( -3.372160293666218056, 8.362264403797974310, -2.457261515329064672 ) ) ;
#4351 = ORIENTED_EDGE ( 'NONE', *, *, #2823, .F. ) ;
#4352 = EDGE_LOOP ( 'NONE', ( #6943, #9748, #4105, #7588 ) ) ;
#4353 = DIRECTION ( 'NONE',  ( 0.8780328119034598311, 0.4786004400550665783, 0.000000000000000000 ) ) ;
#4354 = CIRCLE ( 'NONE', #4180, 3.649999999999999467 ) ;
#4355 = EDGE_CURVE ( 'NONE', #7004, #3808, #3148, .T. ) ;
#4356 = EDGE_CURVE ( 'NONE', #4547, #8981, #5787, .T. ) ;
#4357 = LINE ( 'NONE', #9742, #7352 ) ;
#4358 = FACE_OUTER_BOUND ( 'NONE', #165, .T. ) ;
#4359 = EDGE_CURVE ( 'NONE', #6839, #2095, #7293, .T. ) ;
#4360 = CARTESIAN_POINT ( 'NONE',  ( -2.580939751330911580, 4.384530124334556689, 15.29999999999999893 ) ) ;
#4361 = DIRECTION ( 'NONE',  ( 0.000000000000000000, 0.000000000000000000, -1.000000000000000000 ) ) ;
#4362 = ORIENTED_EDGE ( 'NONE', *, *, #5777, .F. ) ;
#4363 = DIRECTION ( 'NONE',  ( 0.000000000000000000, 1.000000000000000000, -0.000000000000000000 ) ) ;
#4364 = CARTESIAN_POINT ( 'NONE',  ( -2.580939751330911136, -4.084530124334557755, 15.00000000000000000 ) ) ;
#4365 = ORIENTED_EDGE ( 'NONE', *, *, #9796, .T. ) ;
#4366 = ORIENTED_EDGE ( 'NONE', *, *, #11059, .T. ) ;
#4367 = CARTESIAN_POINT ( 'NONE',  ( -4.871246803257019309, 8.000000000000001776, 2.263182533822205134 ) ) ;
#4368 = VECTOR ( 'NONE', #11153, 1000.000000000000000 ) ;
#4369 = EDGE_LOOP ( 'NONE', ( #830, #1629, #1211, #5519 ) ) ;
#4370 = DIRECTION ( 'NONE',  ( -1.000000000000000000, -0.000000000000000000, 0.000000000000000000 ) ) ;
#4371 = CARTESIAN_POINT ( 'NONE',  ( -1.088609894901982011, 0.6042532376681476469, 11.17499999999999893 ) ) ;
#4372 = CARTESIAN_POINT ( 'NONE',  ( 4.745536286357737055, 3.598821182761698267, -2.625562286609687046 ) ) ;
#4373 = ADVANCED_FACE ( 'NONE', ( #8535 ), #5272, .T. ) ;
#4374 = DIRECTION ( 'NONE',  ( -0.000000000000000000, -0.000000000000000000, -1.000000000000000000 ) ) ;
#4375 = CARTESIAN_POINT ( 'NONE',  ( 1.393841279746818262, 4.734046515325192495, -2.625562286609687046 ) ) ;
#4376 = ORIENTED_EDGE ( 'NONE', *, *, #4449, .F. ) ;
#4377 = CARTESIAN_POINT ( 'NONE',  ( -1.400000000000000133, 8.631655426250503638, 4.549999999999999822 ) ) ;
#4378 = ORIENTED_EDGE ( 'NONE', *, *, #3141, .F. ) ;
#4379 = ORIENTED_EDGE ( 'NONE', *, *, #3522, .F. ) ;
#4380 = ADVANCED_FACE ( 'NONE', ( #2231 ), #10254, .T. ) ;
#4381 = DIRECTION ( 'NONE',  ( 0.000000000000000000, 0.000000000000000000, -1.000000000000000000 ) ) ;
#4382 = AXIS2_PLACEMENT_3D ( 'NONE', #8116, #158, #2670 ) ;
#4383 = CARTESIAN_POINT ( 'NONE',  ( 2.279064564105349078, 2.000000000000000444, 4.400384907664990131 ) ) ;
#4384 = CARTESIAN_POINT ( 'NONE',  ( -1.399999999999999467, 0.02644174998362248258, 0.1586504999017351869 ) ) ;
#4385 = ORIENTED_EDGE ( 'NONE', *, *, #3382, .T. ) ;
#4386 = CARTESIAN_POINT ( 'NONE',  ( -1.380000000000000115, 11.43165542625050435, 5.400000000000000355 ) ) ;
#4387 = LINE ( 'NONE', #6164, #11232 ) ;
#4388 = DIRECTION ( 'NONE',  ( 0.8780328119034598311, 0.4786004400550665783, 0.000000000000000000 ) ) ;
#4389 = ORIENTED_EDGE ( 'NONE', *, *, #3663, .F. ) ;
#4390 = ORIENTED_EDGE ( 'NONE', *, *, #1870, .F. ) ;
#4391 = CARTESIAN_POINT ( 'NONE',  ( 2.231423360340242468, 8.359311155412278538, 0.000000000000000000 ) ) ;
#4392 = FACE_OUTER_BOUND ( 'NONE', #10104, .T. ) ;
#4393 = CIRCLE ( 'NONE', #10614, 0.2999999999999999889 ) ;
#4394 = EDGE_CURVE ( 'NONE', #6758, #9400, #4877, .T. ) ;
#4395 = ADVANCED_FACE ( 'NONE', ( #6932 ), #8650, .T. ) ;
#4396 = CARTESIAN_POINT ( 'NONE',  ( 0.7016507962251063990, 5.105736415116992610, 7.800000000000000711 ) ) ;
#4397 = DIRECTION ( 'NONE',  ( 0.000000000000000000, -0.6561787149247684248, 0.7546055221635205035 ) ) ;
#4398 = LINE ( 'NONE', #4289, #9439 ) ;
#4399 = ORIENTED_EDGE ( 'NONE', *, *, #9964, .F. ) ;
#4400 = DIRECTION ( 'NONE',  ( -1.000000000000000000, 0.000000000000000000, 0.000000000000000000 ) ) ;
#4401 = DIRECTION ( 'NONE',  ( 0.000000000000000000, 0.000000000000000000, 1.000000000000000000 ) ) ;
#4402 = LINE ( 'NONE', #4350, #2997 ) ;
#4403 = CIRCLE ( 'NONE', #3307, 0.02000000000000005246 ) ;
#4404 = ORIENTED_EDGE ( 'NONE', *, *, #6820, .T. ) ;
#4405 = ADVANCED_FACE ( 'NONE', ( #918 ), #7846, .T. ) ;
#4406 = EDGE_LOOP ( 'NONE', ( #7106, #10016, #2928, #11126 ) ) ;
#4407 = VECTOR ( 'NONE', #6658, 1000.000000000000000 ) ;
#4408 = CARTESIAN_POINT ( 'NONE',  ( -3.095943168387713662, 11.89188581067153549, 0.000000000000000000 ) ) ;
#4409 = DIRECTION ( 'NONE',  ( 0.000000000000000000, 0.000000000000000000, 1.000000000000000000 ) ) ;
#4410 = CYLINDRICAL_SURFACE ( 'NONE', #1976, 3.649999999999999467 ) ;
#4411 = CARTESIAN_POINT ( 'NONE',  ( 7.247201726393520893, 3.046453914618040049, 2.450016609050683858 ) ) ;
#4412 = ORIENTED_EDGE ( 'NONE', *, *, #169, .F. ) ;
#4413 = AXIS2_PLACEMENT_3D ( 'NONE', #3494, #2523, #4630 ) ;
#4414 = CARTESIAN_POINT ( 'NONE',  ( -1.771168402671605879E-15, 6.965469875665441180, 0.000000000000000000 ) ) ;
#4415 = FACE_OUTER_BOUND ( 'NONE', #3820, .T. ) ;
#4416 = ORIENTED_EDGE ( 'NONE', *, *, #9492, .F. ) ;
#4417 = VERTEX_POINT ( 'NONE', #3548 ) ;
#4418 = DIRECTION ( 'NONE',  ( 0.000000000000000000, 0.000000000000000000, 1.000000000000000000 ) ) ;
#4419 = AXIS2_PLACEMENT_3D ( 'NONE', #2581, #6996, #9677 ) ;
#4420 = PRODUCT_DEFINITION ( 'UNKNOWN', '', #9516, #9046 ) ;
#4421 = EDGE_CURVE ( 'NONE', #11062, #10590, #4463, .T. ) ;
#4422 = VECTOR ( 'NONE', #5542, 1000.000000000000000 ) ;
#4423 = ORIENTED_EDGE ( 'NONE', *, *, #9978, .F. ) ;
#4424 = VECTOR ( 'NONE', #1404, 1000.000000000000000 ) ;
#4425 = EDGE_CURVE ( 'NONE', #3107, #6081, #6126, .T. ) ;
#4426 = LINE ( 'NONE', #9580, #1309 ) ;
#4427 = LINE ( 'NONE', #7870, #5903 ) ;
#4428 = PLANE ( 'NONE',  #5886 ) ;
#4429 = ORIENTED_EDGE ( 'NONE', *, *, #123, .T. ) ;
#4430 = AXIS2_PLACEMENT_3D ( 'NONE', #4938, #10210, #2472 ) ;
#4431 = LINE ( 'NONE', #2765, #10605 ) ;
#4432 = CARTESIAN_POINT ( 'NONE',  ( 1.498006739902556506, 10.29390431353657220, -2.625562286609687046 ) ) ;
#4433 = AXIS2_PLACEMENT_3D ( 'NONE', #5848, #5799, #3162 ) ;
#4434 = ORIENTED_EDGE ( 'NONE', *, *, #10516, .F. ) ;
#4435 = CARTESIAN_POINT ( 'NONE',  ( -1.380000000000000115, 8.631655426250503638, -4.549999999999998934 ) ) ;
#4436 = VERTEX_POINT ( 'NONE', #3487 ) ;
#4437 = EDGE_CURVE ( 'NONE', #878, #10270, #1711, .T. ) ;
#4438 = VERTEX_POINT ( 'NONE', #9729 ) ;
#4439 = ADVANCED_FACE ( 'NONE', ( #5264 ), #3430, .F. ) ;
#4440 = AXIS2_PLACEMENT_3D ( 'NONE', #5890, #3959, #9336 ) ;
#4441 = CARTESIAN_POINT ( 'NONE',  ( -1.380000000000000115, 12.34999999999999964, 4.343903740188081564 ) ) ;
#4442 = AXIS2_PLACEMENT_3D ( 'NONE', #2539, #5342, #10557 ) ;
#4443 = DIRECTION ( 'NONE',  ( 0.9906889957247191347, -0.1361444591231953660, 0.000000000000000000 ) ) ;
#4444 = LINE ( 'NONE', #1749, #10350 ) ;
#4445 = ORIENTED_EDGE ( 'NONE', *, *, #5369, .T. ) ;
#4446 = FACE_OUTER_BOUND ( 'NONE', #10380, .T. ) ;
#4447 = DIRECTION ( 'NONE',  ( 0.9673775151489824031, 0.2533391860415208363, 0.000000000000000000 ) ) ;
#4448 = CARTESIAN_POINT ( 'NONE',  ( -3.870068605369154202, 5.212479532407042093, -3.870068605369151538 ) ) ;
#4449 = EDGE_CURVE ( 'NONE', #8329, #7279, #10415, .T. ) ;
#4450 = VERTEX_POINT ( 'NONE', #2572 ) ;
#4451 = ORIENTED_EDGE ( 'NONE', *, *, #3016, .F. ) ;
#4452 = LINE ( 'NONE', #9437, #338 ) ;
#4453 = VECTOR ( 'NONE', #1815, 1000.000000000000000 ) ;
#4454 = CARTESIAN_POINT ( 'NONE',  ( 0.000000000000000000, 0.000000000000000000, 0.000000000000000000 ) ) ;
#4455 = AXIS2_PLACEMENT_3D ( 'NONE', #5225, #10663, #7979 ) ;
#4456 = FACE_OUTER_BOUND ( 'NONE', #2036, .T. ) ;
#4457 = CARTESIAN_POINT ( 'NONE',  ( 4.934344465946484348, 8.000000000000000000, 4.751288740056039295 ) ) ;
#4458 = DIRECTION ( 'NONE',  ( 0.5120428415488840201, -0.6896551724137937045, -0.5120428415488735840 ) ) ;
#4459 =( GEOMETRIC_REPRESENTATION_CONTEXT ( 3 ) GLOBAL_UNCERTAINTY_ASSIGNED_CONTEXT ( ( #10459 ) ) GLOBAL_UNIT_ASSIGNED_CONTEXT ( ( #10932, #8242, #3028 ) ) REPRESENTATION_CONTEXT ( 'NONE', 'WORKASPACE' ) );
#4460 = DIRECTION ( 'NONE',  ( -1.000000000000000000, 0.000000000000000000, 0.000000000000000000 ) ) ;
#4461 = EDGE_CURVE ( 'NONE', #3201, #9512, #7736, .T. ) ;
#4462 = ORIENTED_EDGE ( 'NONE', *, *, #5631, .T. ) ;
#4463 = LINE ( 'NONE', #4233, #900 ) ;
#4464 = CARTESIAN_POINT ( 'NONE',  ( 1.045004651996030542, -1.407485477710246791, -1.045004651996023881 ) ) ;
#4465 = CIRCLE ( 'NONE', #7396, 0.1700000000000000122 ) ;
#4466 = DIRECTION ( 'NONE',  ( 0.000000000000000000, 0.000000000000000000, 1.000000000000000000 ) ) ;
#4467 = EDGE_LOOP ( 'NONE', ( #1218, #3026, #6626, #8169 ) ) ;
#4468 = VERTEX_POINT ( 'NONE', #6987 ) ;
#4469 = AXIS2_PLACEMENT_3D ( 'NONE', #164, #8757, #7893 ) ;
#4470 = CARTESIAN_POINT ( 'NONE',  ( 2.231423360340241580, 8.359311155412269656, 0.000000000000000000 ) ) ;
#4471 = PRODUCT_DEFINITION_SHAPE ( 'NONE', 'NONE',  #11327 ) ;
#4472 = AXIS2_PLACEMENT_3D ( 'NONE', #4323, #7819, #1572 ) ;
#4473 = DIRECTION ( 'NONE',  ( 0.7781777610061603179, -0.6280440846592214577, 0.000000000000000000 ) ) ;
#4474 = DIRECTION ( 'NONE',  ( 0.000000000000000000, 0.000000000000000000, -1.000000000000000000 ) ) ;
#4475 = EDGE_CURVE ( 'NONE', #2022, #10330, #11316, .T. ) ;
#4476 = DIRECTION ( 'NONE',  ( 1.000000000000000000, 4.945579762210229334E-17, -0.000000000000000000 ) ) ;
#4477 = LINE ( 'NONE', #4531, #10362 ) ;
#4478 = CARTESIAN_POINT ( 'NONE',  ( 3.226782805549681221, 5.626078208432424788, 3.956290731841334285 ) ) ;
#4479 = DIRECTION ( 'NONE',  ( 0.000000000000000000, 0.000000000000000000, 1.000000000000000000 ) ) ;
#4480 = ORIENTED_EDGE ( 'NONE', *, *, #6104, .T. ) ;
#4481 = ORIENTED_EDGE ( 'NONE', *, *, #10673, .F. ) ;
#4482 = CARTESIAN_POINT ( 'NONE',  ( -1.397319086605161464, 6.500000000000000000, 0.8267289123675667373 ) ) ;
#4483 = VECTOR ( 'NONE', #2797, 1000.000000000000227 ) ;
#4484 = VERTEX_POINT ( 'NONE', #10360 ) ;
#4485 = DIRECTION ( 'NONE',  ( 0.000000000000000000, 0.9863939238321437486, 0.1643989873053572637 ) ) ;
#4486 = DIRECTION ( 'NONE',  ( -0.7071067811865451302, 0.000000000000000000, -0.7071067811865500152 ) ) ;
#4487 = FACE_OUTER_BOUND ( 'NONE', #3302, .T. ) ;
#4488 = EDGE_CURVE ( 'NONE', #3395, #844, #9555, .T. ) ;
#4489 = LINE ( 'NONE', #7872, #8589 ) ;
#4490 = CARTESIAN_POINT ( 'NONE',  ( -1.380000000000000115, 12.48000000000000220, -4.343903740188082452 ) ) ;
#4491 = ORIENTED_EDGE ( 'NONE', *, *, #1101, .T. ) ;
#4492 = CARTESIAN_POINT ( 'NONE',  ( -2.580939751330911580, -1.276424340166605450E-16, 7.800000000000000711 ) ) ;
#4493 = EDGE_CURVE ( 'NONE', #4221, #10561, #1765, .T. ) ;
#4494 = VERTEX_POINT ( 'NONE', #5381 ) ;
#4495 = ORIENTED_EDGE ( 'NONE', *, *, #7304, .F. ) ;
#4496 = VECTOR ( 'NONE', #2462, 1000.000000000000000 ) ;
#4497 = LINE ( 'NONE', #10567, #7334 ) ;
#4498 =( NAMED_UNIT ( * ) SI_UNIT ( $, .STERADIAN. ) SOLID_ANGLE_UNIT ( ) );
#4499 = DIRECTION ( 'NONE',  ( -0.1061605406293919668, 0.9943490029226536020, 0.000000000000000000 ) ) ;
#4500 = EDGE_CURVE ( 'NONE', #2772, #6060, #2515, .T. ) ;
#4501 = VERTEX_POINT ( 'NONE', #2634 ) ;
#4503 = EDGE_CURVE ( 'NONE', #2989, #282, #1818, .T. ) ;
#4502 = CARTESIAN_POINT ( 'NONE',  ( -1.380000000000000115, 12.34999999999999964, -4.343903740188082452 ) ) ;
#4504 = LINE ( 'NONE', #110, #9232 ) ;
#4505 = VECTOR ( 'NONE', #3520, 1000.000000000000000 ) ;
#4506 = DIRECTION ( 'NONE',  ( -1.000000000000000000, 0.000000000000000000, 0.000000000000000000 ) ) ;
#4507 = VERTEX_POINT ( 'NONE', #7 ) ;
#4508 = ADVANCED_FACE ( 'NONE', ( #8886 ), #975, .T. ) ;
#4509 = ORIENTED_EDGE ( 'NONE', *, *, #9389, .F. ) ;
#4510 = CARTESIAN_POINT ( 'NONE',  ( -1.399999999999999689, 6.622052172158088723, 0.9406179037940091137 ) ) ;
#4511 = DIRECTION ( 'NONE',  ( 0.6042542366568471879, -0.7967915771908303801, 0.000000000000000000 ) ) ;
#4512 = ORIENTED_EDGE ( 'NONE', *, *, #6122, .T. ) ;
#4513 = AXIS2_PLACEMENT_3D ( 'NONE', #5747, #9927, #8266 ) ;
#4514 = LINE ( 'NONE', #4396, #7166 ) ;
#4515 = CARTESIAN_POINT ( 'NONE',  ( -1.771168402671605879E-15, 6.965469875665441180, 0.000000000000000000 ) ) ;
#4516 = CYLINDRICAL_SURFACE ( 'NONE', #103, 0.01999999999999992062 ) ;
#4517 = DIRECTION ( 'NONE',  ( 0.000000000000000000, 0.000000000000000000, 1.000000000000000000 ) ) ;
#4518 = ORIENTED_EDGE ( 'NONE', *, *, #9796, .F. ) ;
#4519 = EDGE_CURVE ( 'NONE', #9963, #9768, #7789, .T. ) ;
#4520 = DIRECTION ( 'NONE',  ( 1.000000000000000000, 0.000000000000000000, 0.000000000000000000 ) ) ;
#4521 = LINE ( 'NONE', #2740, #6297 ) ;
#4522 = EDGE_LOOP ( 'NONE', ( #2976, #7314, #2321, #6589 ) ) ;
#4523 = ORIENTED_EDGE ( 'NONE', *, *, #7070, .F. ) ;
#4524 = ADVANCED_FACE ( 'NONE', ( #10478 ), #8766, .T. ) ;
#4525 = LINE ( 'NONE', #6239, #2031 ) ;
#4526 = PLANE ( 'NONE',  #1685 ) ;
#4527 = DIRECTION ( 'NONE',  ( 0.000000000000000000, 0.000000000000000000, -1.000000000000000000 ) ) ;
#4528 = ORIENTED_EDGE ( 'NONE', *, *, #9319, .T. ) ;
#4529 = VECTOR ( 'NONE', #7952, 1000.000000000000000 ) ;
#4530 = LINE ( 'NONE', #9506, #5645 ) ;
#4531 = CARTESIAN_POINT ( 'NONE',  ( -0.5498284151365187000, 5.149948682704894587, 7.800000000000000711 ) ) ;
#4532 = DIRECTION ( 'NONE',  ( -0.9592845720430317469, 0.2824413387594271740, 0.000000000000000000 ) ) ;
#4533 = DIRECTION ( 'NONE',  ( -0.000000000000000000, 0.000000000000000000, 1.000000000000000000 ) ) ;
#4534 = VERTEX_POINT ( 'NONE', #292 ) ;
#4535 = ORIENTED_EDGE ( 'NONE', *, *, #3083, .F. ) ;
#4536 = CARTESIAN_POINT ( 'NONE',  ( -4.741034782807846071, 7.947103280109118373, 2.234160359978236254 ) ) ;
#4537 = ORIENTED_EDGE ( 'NONE', *, *, #6671, .F. ) ;
#4538 = EDGE_CURVE ( 'NONE', #9891, #2725, #5655, .T. ) ;
#4539 = ADVANCED_FACE ( 'NONE', ( #8992, #401, #2160 ), #4638, .T. ) ;
#4540 = CIRCLE ( 'NONE', #3813, 0.09999999999999983902 ) ;
#4541 = DIRECTION ( 'NONE',  ( 0.000000000000000000, -0.7546055221635206145, 0.6561787149247685358 ) ) ;
#4542 = LINE ( 'NONE', #10385, #430 ) ;
#4543 = CARTESIAN_POINT ( 'NONE',  ( 2.472299299311668364, 0.2639522234558933644, 7.800000000000000711 ) ) ;
#4544 = VERTEX_POINT ( 'NONE', #1143 ) ;
#4545 = CYLINDRICAL_SURFACE ( 'NONE', #7498, 3.649999999999999467 ) ;
#4546 = CARTESIAN_POINT ( 'NONE',  ( 2.580939751330912024, 4.384530124334557577, 15.29999999999999893 ) ) ;
#4547 = VERTEX_POINT ( 'NONE', #8187 ) ;
#4548 = AXIS2_PLACEMENT_3D ( 'NONE', #6003, #9495, #5145 ) ;
#4549 = DIRECTION ( 'NONE',  ( 0.000000000000000000, 0.000000000000000000, 1.000000000000000000 ) ) ;
#4550 = ORIENTED_EDGE ( 'NONE', *, *, #92, .F. ) ;
#4551 = VERTEX_POINT ( 'NONE', #2800 ) ;
#4552 = EDGE_CURVE ( 'NONE', #3094, #10443, #9960, .T. ) ;
#4553 =( BOUNDED_CURVE ( )  B_SPLINE_CURVE ( 3, ( #990, #2815, #6080, #10601 ),
 .UNSPECIFIED., .F., .F. ) 
 B_SPLINE_CURVE_WITH_KNOTS ( ( 4, 4 ),
 ( 5.978492653164188653, 6.587877961194983811 ),
 .UNSPECIFIED. ) 
 CURVE ( )  GEOMETRIC_REPRESENTATION_ITEM ( )  RATIONAL_B_SPLINE_CURVE ( ( 1.000000000000000000, 0.9692928009446304394, 0.9692928009446304394, 1.000000000000000000 ) ) 
 REPRESENTATION_ITEM ( '' )  );
#4554 = FACE_OUTER_BOUND ( 'NONE', #7981, .T. ) ;
#4555 = DIRECTION ( 'NONE',  ( 0.000000000000000000, -1.000000000000000000, 0.000000000000000000 ) ) ;
#4556 = LINE ( 'NONE', #6214, #2422 ) ;
#4557 = ORIENTED_EDGE ( 'NONE', *, *, #6272, .F. ) ;
#4558 = ORIENTED_EDGE ( 'NONE', *, *, #8289, .T. ) ;
#4559 = DIRECTION ( 'NONE',  ( -0.000000000000000000, -0.000000000000000000, 1.000000000000000000 ) ) ;
#4560 = CYLINDRICAL_SURFACE ( 'NONE', #3002, 0.5000000000000004441 ) ;
#4561 = CARTESIAN_POINT ( 'NONE',  ( 4.999999999999999112, 8.000000000000000000, 2.291287847478249429 ) ) ;
#4562 = EDGE_LOOP ( 'NONE', ( #5969, #8564, #2173, #3364, #8188, #2364, #10390, #1282 ) ) ;
#4563 = ORIENTED_EDGE ( 'NONE', *, *, #1672, .F. ) ;
#4564 = CARTESIAN_POINT ( 'NONE',  ( 3.175602739079014025, 11.56612470205378784, -2.625562286609687046 ) ) ;
#4565 = DIRECTION ( 'NONE',  ( 0.7071067811865475727, 0.000000000000000000, -0.7071067811865475727 ) ) ;
#4566 = ORIENTED_EDGE ( 'NONE', *, *, #10235, .F. ) ;
#4567 = CIRCLE ( 'NONE', #3279, 0.1299999999999998934 ) ;
#4568 = EDGE_CURVE ( 'NONE', #6021, #2230, #2914, .T. ) ;
#4569 = DIRECTION ( 'NONE',  ( 0.000000000000000000, 1.000000000000000000, 0.000000000000000000 ) ) ;
#4570 = EDGE_CURVE ( 'NONE', #6668, #8200, #6410, .T. ) ;
#4571 = CARTESIAN_POINT ( 'NONE',  ( -2.580939751330913801, -4.384530124334558465, 15.00000000000000000 ) ) ;
#4572 = DIRECTION ( 'NONE',  ( 0.000000000000000000, -0.7546055221635206145, -0.6561787149247685358 ) ) ;
#4573 = CARTESIAN_POINT ( 'NONE',  ( -3.226782805549681221, 5.626078208432424788, -3.956290731841334285 ) ) ;
#4574 = LINE ( 'NONE', #9791, #4632 ) ;
#4575 = AXIS2_PLACEMENT_3D ( 'NONE', #3853, #7463, #1276 ) ;
#4576 = ORIENTED_EDGE ( 'NONE', *, *, #10834, .F. ) ;
#4577 = CARTESIAN_POINT ( 'NONE',  ( -1.045004651996037648, -1.407485477710246791, 1.045004651996016554 ) ) ;
#4578 = DIRECTION ( 'NONE',  ( 1.000000000000000000, 2.168404344971008252E-17, 8.673617379884035472E-17 ) ) ;
#4579 = ORIENTED_EDGE ( 'NONE', *, *, #5961, .F. ) ;
#4580 = ORIENTED_EDGE ( 'NONE', *, *, #3660, .F. ) ;
#4581 = PLANE ( 'NONE',  #10626 ) ;
#4582 = EDGE_CURVE ( 'NONE', #4637, #5539, #3450, .T. ) ;
#4583 = CIRCLE ( 'NONE', #10979, 5.000000000000000000 ) ;
#4584 = DIRECTION ( 'NONE',  ( 0.000000000000000000, 0.000000000000000000, 1.000000000000000000 ) ) ;
#4585 = DIRECTION ( 'NONE',  ( 0.000000000000000000, 0.000000000000000000, 1.000000000000000000 ) ) ;
#4586 = ORIENTED_EDGE ( 'NONE', *, *, #4493, .T. ) ;
#4587 = AXIS2_PLACEMENT_3D ( 'NONE', #322, #8336, #436 ) ;
#4588 = LINE ( 'NONE', #7398, #6188 ) ;
#4589 = CARTESIAN_POINT ( 'NONE',  ( 2.280939751330913978, -4.084530124334558643, 15.29999999999999893 ) ) ;
#4590 = ADVANCED_FACE ( 'NONE', ( #3720 ), #2860, .T. ) ;
#4591 = CARTESIAN_POINT ( 'NONE',  ( -1.385521695682326637, 6.500000000000000000, 4.534868014339770603 ) ) ;
#4592 = CARTESIAN_POINT ( 'NONE',  ( 1.173279993932573095, 12.43117126193364186, 0.000000000000000000 ) ) ;
#4593 = ORIENTED_EDGE ( 'NONE', *, *, #3647, .F. ) ;
#4594 =( GEOMETRIC_REPRESENTATION_CONTEXT ( 3 ) GLOBAL_UNCERTAINTY_ASSIGNED_CONTEXT ( ( #1285 ) ) GLOBAL_UNIT_ASSIGNED_CONTEXT ( ( #8218, #498, #6562 ) ) REPRESENTATION_CONTEXT ( 'NONE', 'WORKASPACE' ) );
#4595 = ORIENTED_EDGE ( 'NONE', *, *, #30, .T. ) ;
#4596 = EDGE_LOOP ( 'NONE', ( #9281, #10364, #8624, #2480 ) ) ;
#4597 = VECTOR ( 'NONE', #1590, 1000.000000000000000 ) ;
#4598 = CARTESIAN_POINT ( 'NONE',  ( -1.030666926558653025E-16, 6.965469875665441180, 7.800000000000000711 ) ) ;
#4599 = CYLINDRICAL_SURFACE ( 'NONE', #608, 0.1499999999999999667 ) ;
#4600 = DIRECTION ( 'NONE',  ( -0.1061605406293885112, 0.9943490029226539351, 0.000000000000000000 ) ) ;
#4601 = VECTOR ( 'NONE', #6200, 1000.000000000000000 ) ;
#4602 = CARTESIAN_POINT ( 'NONE',  ( -4.600654826388332452, 10.14107261474447697, -2.625562286609687046 ) ) ;
#4603 = CARTESIAN_POINT ( 'NONE',  ( -0.9207303298070397268, 8.623988536384677772, 11.17499999999999893 ) ) ;
#4604 = EDGE_CURVE ( 'NONE', #3436, #10000, #6355, .T. ) ;
#4605 = EDGE_CURVE ( 'NONE', #6081, #6492, #11134, .T. ) ;
#4606 = EDGE_LOOP ( 'NONE', ( #5249, #3135, #11183, #2423 ) ) ;
#4607 = CYLINDRICAL_SURFACE ( 'NONE', #8353, 0.02000000000000005246 ) ;
#4608 = ORIENTED_EDGE ( 'NONE', *, *, #9772, .T. ) ;
#4609 = AXIS2_PLACEMENT_3D ( 'NONE', #10066, #10981, #8350 ) ;
#4610 = AXIS2_PLACEMENT_3D ( 'NONE', #8973, #2894, #3812 ) ;
#4611 = ORIENTED_EDGE ( 'NONE', *, *, #10681, .T. ) ;
#4612 = CYLINDRICAL_SURFACE ( 'NONE', #5501, 0.2999999999999999334 ) ;
#4613 = CIRCLE ( 'NONE', #2775, 3.649999999999999467 ) ;
#4614 = CARTESIAN_POINT ( 'NONE',  ( 1.379999999999999671, 0.000000000000000000, -5.549999999999999822 ) ) ;
#4615 = CIRCLE ( 'NONE', #3517, 5.500000000000000000 ) ;
#4616 = LINE ( 'NONE', #10851, #6295 ) ;
#4617 = CARTESIAN_POINT ( 'NONE',  ( 0.000000000000000000, 8.744846254575030287, 4.451573192761281383 ) ) ;
#4618 = ORIENTED_EDGE ( 'NONE', *, *, #866, .T. ) ;
#4619 = FACE_OUTER_BOUND ( 'NONE', #5307, .T. ) ;
#4620 = CARTESIAN_POINT ( 'NONE',  ( -1.400000000000000133, 6.649999999999999467, -4.400000000000000355 ) ) ;
#4621 = EDGE_CURVE ( 'NONE', #1438, #7466, #10707, .T. ) ;
#4622 = VERTEX_POINT ( 'NONE', #5550 ) ;
#4623 = ORIENTED_EDGE ( 'NONE', *, *, #9438, .T. ) ;
#4624 = CARTESIAN_POINT ( 'NONE',  ( 1.399999999999999689, 9.670245855868245144, 5.485303232940223594 ) ) ;
#4625 = CARTESIAN_POINT ( 'NONE',  ( -2.179449471770337432, 1.500000000000000444, 4.500000000000000000 ) ) ;
#4626 = ORIENTED_EDGE ( 'NONE', *, *, #5253, .F. ) ;
#4627 = CIRCLE ( 'NONE', #249, 0.1499999999999999667 ) ;
#4628 = VECTOR ( 'NONE', #954, 1000.000000000000114 ) ;
#4629 = LINE ( 'NONE', #1024, #3299 ) ;
#4630 = DIRECTION ( 'NONE',  ( -1.000000000000000000, 0.000000000000000000, 0.000000000000000000 ) ) ;
#4631 = LINE ( 'NONE', #10582, #3360 ) ;
#4632 = VECTOR ( 'NONE', #9663, 1000.000000000000000 ) ;
#4633 = CARTESIAN_POINT ( 'NONE',  ( -0.1126976677028354579, 9.897275056344248867, -1.741077270331109261 ) ) ;
#4634 = CARTESIAN_POINT ( 'NONE',  ( -5.498644456795161339, 5.957805881184940588, 7.800000000000000711 ) ) ;
#4635 = EDGE_CURVE ( 'NONE', #6270, #2148, #7276, .T. ) ;
#4636 = ORIENTED_EDGE ( 'NONE', *, *, #8114, .F. ) ;
#4637 = VERTEX_POINT ( 'NONE', #5663 ) ;
#4638 = PLANE ( 'NONE',  #6752 ) ;
#4639 = VECTOR ( 'NONE', #2123, 1000.000000000000000 ) ;
#4640 = SURFACE_STYLE_USAGE ( .BOTH. , #293 ) ;
#4641 = ORIENTED_EDGE ( 'NONE', *, *, #5731, .F. ) ;
#4642 = EDGE_CURVE ( 'NONE', #1599, #2186, #6300, .T. ) ;
#4643 = DIRECTION ( 'NONE',  ( -0.9943490029226534910, -0.1061605406293919668, 0.000000000000000000 ) ) ;
#4644 = CARTESIAN_POINT ( 'NONE',  ( 1.379999999999999671, 6.649999999999999467, -0.7729309367425445387 ) ) ;
#4645 = PLANE ( 'NONE',  #2246 ) ;
#4646 = CIRCLE ( 'NONE', #6659, 1.500000000000000222 ) ;
#4647 = VERTEX_POINT ( 'NONE', #1996 ) ;
#4648 = EDGE_CURVE ( 'NONE', #4788, #6331, #9794, .T. ) ;
#4649 = DIRECTION ( 'NONE',  ( -0.7071067811865451302, 0.000000000000000000, -0.7071067811865500152 ) ) ;
#4650 = CARTESIAN_POINT ( 'NONE',  ( -0.1126976677028369844, -7.802724943655746870, -9.391077270331109617 ) ) ;
#4651 = LINE ( 'NONE', #9006, #7238 ) ;
#4652 = LINE ( 'NONE', #1217, #3721 ) ;
#4653 = ORIENTED_EDGE ( 'NONE', *, *, #8017, .F. ) ;
#4654 = ADVANCED_FACE ( 'NONE', ( #5608 ), #9053, .T. ) ;
#4655 = AXIS2_PLACEMENT_3D ( 'NONE', #4047, #7433, #5768 ) ;
#4656 = ORIENTED_EDGE ( 'NONE', *, *, #10329, .F. ) ;
#4657 = VERTEX_POINT ( 'NONE', #1256 ) ;
#4658 = VECTOR ( 'NONE', #3184, 1000.000000000000000 ) ;
#4659 = EDGE_CURVE ( 'NONE', #202, #10379, #8394, .T. ) ;
#4660 = CARTESIAN_POINT ( 'NONE',  ( -5.107491688851570011, 3.089999999999999858, 2.986171345291844581 ) ) ;
#4661 = VECTOR ( 'NONE', #3677, 1000.000000000000000 ) ;
#4662 = CARTESIAN_POINT ( 'NONE',  ( 1.379999999999999671, 9.768344573749498494, 5.549999999999999822 ) ) ;
#4663 = DIRECTION ( 'NONE',  ( 0.000000000000000000, 1.133806193448894182E-16, -1.000000000000000000 ) ) ;
#4664 = CARTESIAN_POINT ( 'NONE',  ( -2.234154015110208835, 7.947084575471273560, 4.741006527942210447 ) ) ;
#4665 = DIRECTION ( 'NONE',  ( 0.6042542366568471879, -0.7967915771908303801, 0.000000000000000000 ) ) ;
#4666 = VECTOR ( 'NONE', #6499, 1000.000000000000000 ) ;
#4667 = VERTEX_POINT ( 'NONE', #2447 ) ;
#4668 = DIRECTION ( 'NONE',  ( 0.000000000000000000, 0.000000000000000000, -1.000000000000000000 ) ) ;
#4669 = VERTEX_POINT ( 'NONE', #5830 ) ;
#4670 = ORIENTED_EDGE ( 'NONE', *, *, #6289, .F. ) ;
#4671 = EDGE_CURVE ( 'NONE', #8990, #2049, #8470, .T. ) ;
#4672 = PLANE ( 'NONE',  #8611 ) ;
#4673 = LINE ( 'NONE', #2141, #5891 ) ;
#4674 = ORIENTED_EDGE ( 'NONE', *, *, #6538, .F. ) ;
#4675 = ORIENTED_EDGE ( 'NONE', *, *, #10345, .F. ) ;
#4676 = DIRECTION ( 'NONE',  ( 0.000000000000000000, 0.000000000000000000, 1.000000000000000000 ) ) ;
#4677 = CYLINDRICAL_SURFACE ( 'NONE', #5937, 0.1499999999999999667 ) ;
#4678 = VERTEX_POINT ( 'NONE', #4172 ) ;
#4679 = DIRECTION ( 'NONE',  ( -0.000000000000000000, -0.000000000000000000, -1.000000000000000000 ) ) ;
#4680 = ORIENTED_EDGE ( 'NONE', *, *, #11085, .T. ) ;
#4681 = AXIS2_PLACEMENT_3D ( 'NONE', #1410, #1356, #5765 ) ;
#4682 = CARTESIAN_POINT ( 'NONE',  ( -5.672664523123394531, 8.259809581718581484, -2.457261515329064672 ) ) ;
#4683 = ORIENTED_EDGE ( 'NONE', *, *, #5339, .F. ) ;
#4684 = FACE_OUTER_BOUND ( 'NONE', #10343, .T. ) ;
#4685 = ADVANCED_FACE ( 'NONE', ( #1373 ), #7667, .T. ) ;
#4686 = CARTESIAN_POINT ( 'NONE',  ( -1.379999999999999893, 6.649999999999999467, -4.379999999999999893 ) ) ;
#4687 = CARTESIAN_POINT ( 'NONE',  ( -2.563449210601385975, 7.557729844653361617, -2.454779244514313952 ) ) ;
#4688 = DIRECTION ( 'NONE',  ( 0.8780328119034589429, 0.4786004400550684101, 0.000000000000000000 ) ) ;
#4689 = DIRECTION ( 'NONE',  ( 0.000000000000000000, 0.000000000000000000, 1.000000000000000000 ) ) ;
#4690 = ORIENTED_EDGE ( 'NONE', *, *, #3478, .F. ) ;
#4691 = ORIENTED_EDGE ( 'NONE', *, *, #9772, .F. ) ;
#4692 = DIRECTION ( 'NONE',  ( 0.000000000000000000, 1.000000000000000000, 0.000000000000000000 ) ) ;
#4693 = EDGE_LOOP ( 'NONE', ( #2767, #271, #9523, #3093 ) ) ;
#4694 = CIRCLE ( 'NONE', #7625, 5.000000000000000000 ) ;
#4695 = CARTESIAN_POINT ( 'NONE',  ( -4.694468754111173148, 3.930269601434693172, -2.613951291675112643 ) ) ;
#4696 = EDGE_CURVE ( 'NONE', #6492, #10716, #629, .T. ) ;
#4697 = AXIS2_PLACEMENT_3D ( 'NONE', #5896, #3318, #8536 ) ;
#4698 = CARTESIAN_POINT ( 'NONE',  ( -2.580939751330911580, 4.384530124334556689, 11.17499999999999893 ) ) ;
#4699 = DIRECTION ( 'NONE',  ( 0.000000000000000000, 0.000000000000000000, -1.000000000000000000 ) ) ;
#4700 = ORIENTED_EDGE ( 'NONE', *, *, #1168, .T. ) ;
#4701 = DIRECTION ( 'NONE',  ( -0.000000000000000000, -0.000000000000000000, -1.000000000000000000 ) ) ;
#4702 = CARTESIAN_POINT ( 'NONE',  ( 0.000000000000000000, 0.000000000000000000, 3.675000000000000266 ) ) ;
#4703 = CARTESIAN_POINT ( 'NONE',  ( 2.179449471770337876, 7.633700821002010528, -4.499999999999998224 ) ) ;
#4704 = DIRECTION ( 'NONE',  ( -0.000000000000000000, 0.000000000000000000, 1.000000000000000000 ) ) ;
#4705 = ORIENTED_EDGE ( 'NONE', *, *, #6820, .F. ) ;
#4706 = ORIENTED_EDGE ( 'NONE', *, *, #5151, .T. ) ;
#4707 = VERTEX_POINT ( 'NONE', #4868 ) ;
#4708 = EDGE_CURVE ( 'NONE', #5443, #3227, #682, .T. ) ;
#4709 = CARTESIAN_POINT ( 'NONE',  ( 7.233617738330956115, 3.101480656498026178, -2.489507632570827411 ) ) ;
#4710 = EDGE_CURVE ( 'NONE', #4507, #7142, #4974, .T. ) ;
#4711 = DIRECTION ( 'NONE',  ( -0.6280440846592173498, -0.7781777610061635375, 0.000000000000000000 ) ) ;
#4712 = CARTESIAN_POINT ( 'NONE',  ( 2.986171345291913415, 3.090000000000001190, -5.107491688851530043 ) ) ;
#4713 = CARTESIAN_POINT ( 'NONE',  ( -5.087985294887772625, 4.978965517241379146, -2.966664951328128907 ) ) ;
#4714 = FACE_OUTER_BOUND ( 'NONE', #1327, .T. ) ;
#4715 = ORIENTED_EDGE ( 'NONE', *, *, #1148, .T. ) ;
#4716 = DIRECTION ( 'NONE',  ( 0.000000000000000000, 0.000000000000000000, 1.000000000000000000 ) ) ;
#4717 = ORIENTED_EDGE ( 'NONE', *, *, #854, .T. ) ;
#4718 = AXIS2_PLACEMENT_3D ( 'NONE', #823, #2417, #7581 ) ;
#4719 = VERTEX_POINT ( 'NONE', #8359 ) ;
#4720 = UNCERTAINTY_MEASURE_WITH_UNIT (LENGTH_MEASURE( 1.000000000000000082E-05 ), #7880, 'distance_accuracy_value', 'NONE');
#4721 = DIRECTION ( 'NONE',  ( -0.000000000000000000, 1.000000000000000000, -0.000000000000000000 ) ) ;
#4722 = EDGE_CURVE ( 'NONE', #3003, #6316, #6802, .T. ) ;
#4723 = DIRECTION ( 'NONE',  ( 1.000000000000000000, 0.000000000000000000, 0.000000000000000000 ) ) ;
#4724 = CARTESIAN_POINT ( 'NONE',  ( 2.885102807365163891, 3.000000000000000000, -7.085102807365160515 ) ) ;
#4725 = VERTEX_POINT ( 'NONE', #9223 ) ;
#4726 = ORIENTED_EDGE ( 'NONE', *, *, #9122, .F. ) ;
#4727 = ORIENTED_EDGE ( 'NONE', *, *, #6088, .F. ) ;
#4728 = CARTESIAN_POINT ( 'NONE',  ( -5.465701386268206008, 8.138749869597990738, 0.000000000000000000 ) ) ;
#4729 = FACE_OUTER_BOUND ( 'NONE', #4252, .T. ) ;
#4730 = VERTEX_POINT ( 'NONE', #518 ) ;
#4731 = CYLINDRICAL_SURFACE ( 'NONE', #7252, 3.649999999999999467 ) ;
#4732 = ORIENTED_EDGE ( 'NONE', *, *, #9147, .F. ) ;
#4733 = ADVANCED_FACE ( 'NONE', ( #2336 ), #4061, .T. ) ;
#4734 = MANIFOLD_SOLID_BREP ( 'Fillet2', #9721 ) ;
#4735 = DIRECTION ( 'NONE',  ( -0.1361444591231944223, -0.9906889957247193568, 0.000000000000000000 ) ) ;
#4736 = EDGE_LOOP ( 'NONE', ( #6623, #10510, #11166, #9146 ) ) ;
#4737 = VECTOR ( 'NONE', #10647, 1000.000000000000000 ) ;
#4738 = FACE_OUTER_BOUND ( 'NONE', #2555, .T. ) ;
#4739 = DIRECTION ( 'NONE',  ( -0.000000000000000000, -0.000000000000000000, -1.000000000000000000 ) ) ;
#4740 = CARTESIAN_POINT ( 'NONE',  ( -1.380000000000000115, 6.500000000000000000, -4.549999999999999822 ) ) ;
#4741 = CARTESIAN_POINT ( 'NONE',  ( -3.354731286224077902, 1.601558808504983666, -6.875221135459822719 ) ) ;
#4742 = FACE_OUTER_BOUND ( 'NONE', #1916, .T. ) ;
#4743 = ORIENTED_EDGE ( 'NONE', *, *, #3647, .T. ) ;
#4744 = ORIENTED_EDGE ( 'NONE', *, *, #2331, .T. ) ;
#4745 = CARTESIAN_POINT ( 'NONE',  ( 2.141670180522084355, 5.437303469785196519, -2.457261515329064672 ) ) ;
#4746 = EDGE_CURVE ( 'NONE', #8500, #724, #10931, .T. ) ;
#4747 = EDGE_CURVE ( 'NONE', #11062, #7523, #3080, .T. ) ;
#4748 = CARTESIAN_POINT ( 'NONE',  ( 2.571963978632909598, 3.000000000000000000, 7.204686064820227109 ) ) ;
#4749 = ORIENTED_EDGE ( 'NONE', *, *, #10928, .F. ) ;
#4750 = LINE ( 'NONE', #1427, #4964 ) ;
#4751 = AXIS2_PLACEMENT_3D ( 'NONE', #10041, #5684, #8963 ) ;
#4752 = VERTEX_POINT ( 'NONE', #7495 ) ;
#4753 = ORIENTED_EDGE ( 'NONE', *, *, #8827, .T. ) ;
#4754 = LINE ( 'NONE', #7281, #3878 ) ;
#4755 = CARTESIAN_POINT ( 'NONE',  ( -3.976120838953104641, 3.090000000000000746, 3.976120838953022041 ) ) ;
#4756 = VERTEX_POINT ( 'NONE', #10138 ) ;
#4757 = CARTESIAN_POINT ( 'NONE',  ( -0.5498284151365088190, 5.149948682704902581, 7.800000000000000711 ) ) ;
#4758 = CARTESIAN_POINT ( 'NONE',  ( -2.280939751330911758, -1.543823096526748540, 15.29999999999999893 ) ) ;
#4759 = ADVANCED_FACE ( 'NONE', ( #6638 ), #2283, .F. ) ;
#4760 = LINE ( 'NONE', #3904, #7017 ) ;
#4761 = ORIENTED_EDGE ( 'NONE', *, *, #9686, .T. ) ;
#4762 = VERTEX_POINT ( 'NONE', #572 ) ;
#4763 = ORIENTED_EDGE ( 'NONE', *, *, #1225, .F. ) ;
#4764 = VECTOR ( 'NONE', #7379, 1000.000000000000000 ) ;
#4765 = LINE ( 'NONE', #1960, #2038 ) ;
#4766 = AXIS2_PLACEMENT_3D ( 'NONE', #1507, #5808, #7591 ) ;
#4767 = CARTESIAN_POINT ( 'NONE',  ( 1.173279993932568432, 12.43117126193364186, -2.457261515329068224 ) ) ;
#4768 = FACE_OUTER_BOUND ( 'NONE', #107, .T. ) ;
#4769 = CARTESIAN_POINT ( 'NONE',  ( 7.252000366886311333, 8.000000000000000000, -2.435362535369390180 ) ) ;
#4770 = LINE ( 'NONE', #427, #5555 ) ;
#4771 = DIRECTION ( 'NONE',  ( 1.000000000000000000, 0.000000000000000000, 0.000000000000000000 ) ) ;
#4772 = ADVANCED_FACE ( 'NONE', ( #8580 ), #6116, .T. ) ;
#4773 = EDGE_LOOP ( 'NONE', ( #5380, #8807, #6166, #5752 ) ) ;
#4774 = CARTESIAN_POINT ( 'NONE',  ( -1.380000000000000115, 9.768344573749500270, -5.400000000000000355 ) ) ;
#4775 = VERTEX_POINT ( 'NONE', #9605 ) ;
#4776 = ADVANCED_FACE ( 'NONE', ( #3594, #736 ), #11206, .F. ) ;
#4777 = VECTOR ( 'NONE', #9197, 1000.000000000000000 ) ;
#4778 = EDGE_CURVE ( 'NONE', #9178, #6114, #962, .T. ) ;
#4779 = EDGE_LOOP ( 'NONE', ( #477, #9642, #6791, #1647 ) ) ;
#4780 = CARTESIAN_POINT ( 'NONE',  ( -1.030666926558653025E-16, 6.965469875665441180, 15.29999999999999893 ) ) ;
#4781 = AXIS2_PLACEMENT_3D ( 'NONE', #8070, #5487, #10423 ) ;
#4782 = DIRECTION ( 'NONE',  ( -1.000000000000000000, 0.000000000000000000, 0.000000000000000000 ) ) ;
#4783 = ORIENTED_EDGE ( 'NONE', *, *, #8289, .F. ) ;
#4784 = CIRCLE ( 'NONE', #9357, 3.649999999999999467 ) ;
#4785 = ORIENTED_EDGE ( 'NONE', *, *, #5133, .T. ) ;
#4786 = LINE ( 'NONE', #8681, #6583 ) ;
#4787 = CARTESIAN_POINT ( 'NONE',  ( 1.379999999999999671, 11.43165542625050435, 5.530000000000000249 ) ) ;
#4788 = VERTEX_POINT ( 'NONE', #857 ) ;
#4789 = ADVANCED_FACE ( 'NONE', ( #7721 ), #3367, .T. ) ;
#4790 = CARTESIAN_POINT ( 'NONE',  ( 1.380279994234274055, 6.500000000000000000, -0.7736979242907003895 ) ) ;
#4791 = ORIENTED_EDGE ( 'NONE', *, *, #1182, .T. ) ;
#4792 = MANIFOLD_SOLID_BREP ( 'Fillet3', #8999 ) ;
#4793 = CARTESIAN_POINT ( 'NONE',  ( -3.035200274230737350, 11.65993862977662410, 3.675000000000000266 ) ) ;
#4794 = EDGE_CURVE ( 'NONE', #1114, #1995, #1597, .T. ) ;
#4795 = VERTEX_POINT ( 'NONE', #7040 ) ;
#4796 = VECTOR ( 'NONE', #1720, 999.9999999999998863 ) ;
#4797 = AXIS2_PLACEMENT_3D ( 'NONE', #674, #3692, #2665 ) ;
#4798 = CIRCLE ( 'NONE', #6447, 0.1700000000000000122 ) ;
#4799 = DIRECTION ( 'NONE',  ( 0.000000000000000000, 0.000000000000000000, 1.000000000000000000 ) ) ;
#4800 = LINE ( 'NONE', #3021, #1824 ) ;
#4801 = EDGE_CURVE ( 'NONE', #8596, #8548, #4452, .T. ) ;
#4802 = CARTESIAN_POINT ( 'NONE',  ( -1.396794528132613955, 10.33763016933162149, 0.000000000000000000 ) ) ;
#4803 = CARTESIAN_POINT ( 'NONE',  ( -4.027325123107992511, 4.978965517241379146, 4.027325123107910798 ) ) ;
#4804 = DIRECTION ( 'NONE',  ( 0.000000000000000000, 0.000000000000000000, 1.000000000000000000 ) ) ;
#4805 = ORIENTED_EDGE ( 'NONE', *, *, #1162, .F. ) ;
#4806 = CIRCLE ( 'NONE', #5293, 0.1499999999999999667 ) ;
#4807 = ORIENTED_EDGE ( 'NONE', *, *, #7937, .T. ) ;
#4808 = FILL_AREA_STYLE ('',( #10245 ) ) ;
#4809 = AXIS2_PLACEMENT_3D ( 'NONE', #11023, #713, #10223 ) ;
#4810 = SURFACE_STYLE_USAGE ( .BOTH. , #7388 ) ;
#4811 = CARTESIAN_POINT ( 'NONE',  ( -3.412809285801754466, 5.671162037960158386, 0.000000000000000000 ) ) ;
#4812 = EDGE_CURVE ( 'NONE', #10607, #10798, #2507, .T. ) ;
#4813 = AXIS2_PLACEMENT_3D ( 'NONE', #2597, #940, #9581 ) ;
#4814 = CARTESIAN_POINT ( 'NONE',  ( -4.999999999999999112, 8.000000000000000000, -2.291287847478249429 ) ) ;
#4815 = DIRECTION ( 'NONE',  ( 0.000000000000000000, 1.000000000000000000, -0.000000000000000000 ) ) ;
#4816 = ORIENTED_EDGE ( 'NONE', *, *, #2414, .T. ) ;
#4817 = CARTESIAN_POINT ( 'NONE',  ( 1.399999999999999689, 11.52975414413176125, -5.485303232940222706 ) ) ;
#4818 = CARTESIAN_POINT ( 'NONE',  ( 2.280939751330914422, -4.084530124334557755, 0.2999999999999999334 ) ) ;
#4819 = DIRECTION ( 'NONE',  ( 0.000000000000000000, -0.1643989873053274264, -0.9863939238321487446 ) ) ;
#4820 = EDGE_LOOP ( 'NONE', ( #643, #7709, #10306, #9847 ) ) ;
#4821 = VECTOR ( 'NONE', #8184, 1000.000000000000000 ) ;
#4822 = ORIENTED_EDGE ( 'NONE', *, *, #7603, .T. ) ;
#4823 = ORIENTED_EDGE ( 'NONE', *, *, #8306, .F. ) ;
#4824 = VECTOR ( 'NONE', #7565, 1000.000000000000000 ) ;
#4825 = DIRECTION ( 'NONE',  ( 5.122298795473439605E-17, 0.6561787149247869655, 0.7546055221635044052 ) ) ;
#4826 = EDGE_CURVE ( 'NONE', #992, #2325, #9544, .T. ) ;
#4827 = AXIS2_PLACEMENT_3D ( 'NONE', #2008, #10773, #2925 ) ;
#4828 = CARTESIAN_POINT ( 'NONE',  ( 1.379999999999999671, 9.768344573749498494, 5.530000000000000249 ) ) ;
#4829 = DIRECTION ( 'NONE',  ( 0.000000000000000000, -0.000000000000000000, 1.000000000000000000 ) ) ;
#4830 = VECTOR ( 'NONE', #11147, 1000.000000000000000 ) ;
#4831 = LINE ( 'NONE', #9077, #2563 ) ;
#4832 = CARTESIAN_POINT ( 'NONE',  ( 0.7016507962251063990, 5.105736415116992610, 3.675000000000000266 ) ) ;
#4833 = CARTESIAN_POINT ( 'NONE',  ( -1.771168402671605879E-15, 6.965469875665441180, 7.800000000000000711 ) ) ;
#4834 = MECHANICAL_DESIGN_GEOMETRIC_PRESENTATION_REPRESENTATION (  '', ( #3368 ), #4459 ) ;
#4835 = VERTEX_POINT ( 'NONE', #11270 ) ;
#4836 = DIRECTION ( 'NONE',  ( -0.1361444591231978363, -0.9906889957247189127, 0.000000000000000000 ) ) ;
#4837 = CARTESIAN_POINT ( 'NONE',  ( -3.650000000000002132, 6.965469875665392330, 3.675000000000000266 ) ) ;
#4838 = VERTEX_POINT ( 'NONE', #10466 ) ;
#4839 = VECTOR ( 'NONE', #5478, 1000.000000000000000 ) ;
#4840 = ORIENTED_EDGE ( 'NONE', *, *, #3976, .T. ) ;
#4841 = AXIS2_PLACEMENT_3D ( 'NONE', #335, #1130, #1076 ) ;
#4842 = LINE ( 'NONE', #497, #10261 ) ;
#4843 = EDGE_CURVE ( 'NONE', #11016, #2989, #7092, .T. ) ;
#4844 = SHAPE_REPRESENTATION_RELATIONSHIP ( 'NONE' , 'NONE' ,  #9974, #5125 ) ;
#4845 = FACE_OUTER_BOUND ( 'NONE', #5792, .T. ) ;
#4846 = CARTESIAN_POINT ( 'NONE',  ( -1.379999999999999893, 12.48000000000000220, 2.027069063257455728 ) ) ;
#4847 = AXIS2_PLACEMENT_3D ( 'NONE', #4787, #7481, #3065 ) ;
#4848 = ORIENTED_EDGE ( 'NONE', *, *, #822, .T. ) ;
#4849 = EDGE_CURVE ( 'NONE', #6022, #138, #7890, .T. ) ;
#4850 = VERTEX_POINT ( 'NONE', #1638 ) ;
#4851 = DIRECTION ( 'NONE',  ( 0.000000000000000000, 0.1643989873053574580, 0.9863939238321437486 ) ) ;
#4852 = EDGE_LOOP ( 'NONE', ( #7862, #7612, #7876, #3534 ) ) ;
#4853 = CARTESIAN_POINT ( 'NONE',  ( 3.412809285801763348, 8.259777713370697327, 3.675000000000000266 ) ) ;
#4854 = EDGE_LOOP ( 'NONE', ( #8158, #4947 ) ) ;
#4855 = PLANE ( 'NONE',  #8131 ) ;
#4856 = ORIENTED_EDGE ( 'NONE', *, *, #6651, .T. ) ;
#4857 = CIRCLE ( 'NONE', #5946, 3.649999999999999467 ) ;
#4858 = DIRECTION ( 'NONE',  ( 0.9943490029226544902, 0.1061605406293829462, 0.000000000000000000 ) ) ;
#4859 = EDGE_CURVE ( 'NONE', #1232, #4707, #4283, .T. ) ;
#4860 = EDGE_CURVE ( 'NONE', #10512, #8945, #7144, .T. ) ;
#4861 = CARTESIAN_POINT ( 'NONE',  ( 1.379999999999999671, 6.625340151904196340, -0.9208900253173660788 ) ) ;
#4862 = CARTESIAN_POINT ( 'NONE',  ( -1.030666926558653025E-16, 6.965469875665441180, 15.29999999999999893 ) ) ;
#4863 = ADVANCED_FACE ( 'NONE', ( #10749 ), #5750, .F. ) ;
#4864 = LINE ( 'NONE', #3132, #3731 ) ;
#4865 = LINE ( 'NONE', #8356, #6090 ) ;
#4866 = VERTEX_POINT ( 'NONE', #1340 ) ;
#4867 = ORIENTED_EDGE ( 'NONE', *, *, #10238, .T. ) ;
#4868 = CARTESIAN_POINT ( 'NONE',  ( -5.498644456795161339, 5.957805881184940588, 11.17499999999999893 ) ) ;
#4869 = DIRECTION ( 'NONE',  ( 0.000000000000000000, -0.6561787149247862994, 0.7546055221635049604 ) ) ;
#4870 = AXIS2_PLACEMENT_3D ( 'NONE', #1921, #6161, #7944 ) ;
#4871 = CIRCLE ( 'NONE', #3580, 0.02000000000000003511 ) ;
#4872 = CARTESIAN_POINT ( 'NONE',  ( 5.498644456795165780, 7.973133870145905355, 7.800000000000000711 ) ) ;
#4873 = EDGE_CURVE ( 'NONE', #2938, #1995, #10633, .T. ) ;
#4874 = CARTESIAN_POINT ( 'NONE',  ( 2.580939751330913356, -2.003873909248935270, 15.00000000000000000 ) ) ;
#4875 = FACE_OUTER_BOUND ( 'NONE', #4335, .T. ) ;
#4876 = VERTEX_POINT ( 'NONE', #4624 ) ;
#4877 = LINE ( 'NONE', #8369, #5086 ) ;
#4878 = DIRECTION ( 'NONE',  ( 0.6042542366568462997, -0.7967915771908309353, 0.000000000000000000 ) ) ;
#4879 = CONICAL_SURFACE ( 'NONE', #3410, 7.649999999999996803, 1.197069506829342878 ) ;
#4880 = DIRECTION ( 'NONE',  ( 0.000000000000000000, 0.000000000000000000, -1.000000000000000000 ) ) ;
#4881 = VERTEX_POINT ( 'NONE', #2249 ) ;
#4882 = EDGE_CURVE ( 'NONE', #10748, #2386, #3978, .T. ) ;
#4883 = ORIENTED_EDGE ( 'NONE', *, *, #9062, .T. ) ;
#4884 = EDGE_LOOP ( 'NONE', ( #4445, #1102, #3990, #6800 ) ) ;
#4885 = TOROIDAL_SURFACE ( 'NONE', #6709, 0.1699999999999999845, 0.02000000000000000042 ) ;
#4886 = LINE ( 'NONE', #5962, #7892 ) ;
#4887 = CARTESIAN_POINT ( 'NONE',  ( 1.399999999999999689, 6.649999999999999467, -4.379999999999999893 ) ) ;
#4888 = CARTESIAN_POINT ( 'NONE',  ( -1.380000000000000115, 12.48000000000000220, 4.343903740188081564 ) ) ;
#4889 = LINE ( 'NONE', #4246, #1603 ) ;
#4890 = FACE_OUTER_BOUND ( 'NONE', #5584, .T. ) ;
#4891 = VERTEX_POINT ( 'NONE', #9717 ) ;
#4892 = DIRECTION ( 'NONE',  ( -0.000000000000000000, 0.000000000000000000, 1.000000000000000000 ) ) ;
#4893 = CARTESIAN_POINT ( 'NONE',  ( -1.650000000000000355, 6.965469875665441180, 7.800000000000000711 ) ) ;
#4894 = ORIENTED_EDGE ( 'NONE', *, *, #4270, .F. ) ;
#4895 = EDGE_CURVE ( 'NONE', #8020, #2785, #1396, .T. ) ;
#4896 = EDGE_CURVE ( 'NONE', #162, #9469, #8874, .T. ) ;
#4897 = ORIENTED_EDGE ( 'NONE', *, *, #1426, .T. ) ;
#4898 = DIRECTION ( 'NONE',  ( 0.000000000000000000, 0.000000000000000000, 1.000000000000000000 ) ) ;
#4899 = CARTESIAN_POINT ( 'NONE',  ( 0.000000000000000000, 0.000000000000000000, 0.000000000000000000 ) ) ;
#4900 = DIRECTION ( 'NONE',  ( 0.2824413387594217895, 0.9592845720430331902, 0.000000000000000000 ) ) ;
#4901 = DIRECTION ( 'NONE',  ( 1.000000000000000000, 0.000000000000000000, 0.000000000000000000 ) ) ;
#4902 = EDGE_LOOP ( 'NONE', ( #10553, #1922, #2169, #3506 ) ) ;
#4903 = LINE ( 'NONE', #8284, #6207 ) ;
#4904 = CARTESIAN_POINT ( 'NONE',  ( 0.1102410514732272279, 10.61380468905223928, -2.457261515329068224 ) ) ;
#4905 = VERTEX_POINT ( 'NONE', #9782 ) ;
#4906 = VECTOR ( 'NONE', #2901, 1000.000000000000000 ) ;
#4907 = CARTESIAN_POINT ( 'NONE',  ( -3.328434437871129692, 8.463476615568003680, 0.000000000000000000 ) ) ;
#4908 = ORIENTED_EDGE ( 'NONE', *, *, #734, .F. ) ;
#4909 = ADVANCED_FACE ( 'NONE', ( #7521 ), #279, .T. ) ;
#4910 = LINE ( 'NONE', #4961, #9048 ) ;
#4911 = ORIENTED_EDGE ( 'NONE', *, *, #4270, .T. ) ;
#4912 = DIRECTION ( 'NONE',  ( -1.000000000000000000, 0.000000000000000000, 0.000000000000000000 ) ) ;
#4913 = CARTESIAN_POINT ( 'NONE',  ( 1.379999999999999671, 9.281463325509363926, -8.070837674355974656 ) ) ;
#4914 = FACE_OUTER_BOUND ( 'NONE', #9959, .T. ) ;
#4915 = CARTESIAN_POINT ( 'NONE',  ( 0.000000000000000000, 6.500000000000000000, -7.650000000000000355 ) ) ;
#4916 = PLANE ( 'NONE',  #3906 ) ;
#4917 = ORIENTED_EDGE ( 'NONE', *, *, #5820, .F. ) ;
#4918 = VERTEX_POINT ( 'NONE', #6343 ) ;
#4919 = DIRECTION ( 'NONE',  ( 0.000000000000000000, 0.000000000000000000, 1.000000000000000000 ) ) ;
#4920 = VECTOR ( 'NONE', #5315, 1000.000000000000000 ) ;
#4921 = CARTESIAN_POINT ( 'NONE',  ( -1.650000000000000355, 6.965469875665441180, 15.29999999999999893 ) ) ;
#4922 = ADVANCED_FACE ( 'NONE', ( #2786, #3764 ), #1127, .F. ) ;
#4923 = EDGE_CURVE ( 'NONE', #7279, #6022, #8014, .T. ) ;
#4924 = CARTESIAN_POINT ( 'NONE',  ( -1.771168402671605879E-15, 6.965469875665441180, 11.17499999999999893 ) ) ;
#4925 = SHAPE_REPRESENTATION ( 'RJOINT_V1.3_Shaft', ( #2013 ), #6411 ) ;
#4926 = CARTESIAN_POINT ( 'NONE',  ( -1.030666926558653025E-16, 6.965469875665441180, 0.000000000000000000 ) ) ;
#4927 = CYLINDRICAL_SURFACE ( 'NONE', #2425, 0.01999999999999992062 ) ;
#4928 = EDGE_LOOP ( 'NONE', ( #10930, #3846, #480, #7719 ) ) ;
#4929 = DIRECTION ( 'NONE',  ( -0.9592845720430323020, 0.2824413387594251756, 0.000000000000000000 ) ) ;
#4930 = FACE_OUTER_BOUND ( 'NONE', #6001, .T. ) ;
#4931 = CARTESIAN_POINT ( 'NONE',  ( -2.532477009453950600, 4.336832001555858795, 0.1310042035077486899 ) ) ;
#4932 = ORIENTED_EDGE ( 'NONE', *, *, #3030, .F. ) ;
#4933 = VERTEX_POINT ( 'NONE', #4510 ) ;
#4934 = EDGE_CURVE ( 'NONE', #1756, #7788, #8010, .T. ) ;
#4935 = ORIENTED_EDGE ( 'NONE', *, *, #7287, .F. ) ;
#4936 = AXIS2_PLACEMENT_3D ( 'NONE', #3011, #5531, #10913 ) ;
#4937 = DIRECTION ( 'NONE',  ( -0.2824413387594271740, -0.9592845720430317469, 0.000000000000000000 ) ) ;
#4938 = CARTESIAN_POINT ( 'NONE',  ( 1.045004651996027434, -1.407485477710246791, 1.045004651996026768 ) ) ;
#4939 = ADVANCED_FACE ( 'NONE', ( #163 ), #5688, .T. ) ;
#4940 = LINE ( 'NONE', #6769, #8278 ) ;
#4941 = CARTESIAN_POINT ( 'NONE',  ( 1.294339706053165839, 12.63813439878883216, -2.457261515329064672 ) ) ;
#4942 = DIRECTION ( 'NONE',  ( -0.1061605406293864157, 0.9943490029226541571, 0.000000000000000000 ) ) ;
#4943 = FACE_OUTER_BOUND ( 'NONE', #5404, .T. ) ;
#4944 = DIRECTION ( 'NONE',  ( -0.000000000000000000, 1.000000000000000000, -0.000000000000000000 ) ) ;
#4945 = ORIENTED_EDGE ( 'NONE', *, *, #8335, .F. ) ;
#4946 = VECTOR ( 'NONE', #6402, 1000.000000000000000 ) ;
#4947 = ORIENTED_EDGE ( 'NONE', *, *, #11069, .T. ) ;
#4948 = EDGE_LOOP ( 'NONE', ( #8316, #5736, #5144, #3277 ) ) ;
#4949 = CARTESIAN_POINT ( 'NONE',  ( 1.379999999999999671, 11.43165542625050612, -5.400000000000000355 ) ) ;
#4950 = FACE_OUTER_BOUND ( 'NONE', #5829, .T. ) ;
#4951 = EDGE_CURVE ( 'NONE', #10912, #2049, #8384, .T. ) ;
#4952 = CARTESIAN_POINT ( 'NONE',  ( -2.670106700085400853, 0.3669367824343605089, 7.800000000000000711 ) ) ;
#4953 = VERTEX_POINT ( 'NONE', #542 ) ;
#4954 = ORIENTED_EDGE ( 'NONE', *, *, #1414, .F. ) ;
#4955 = CARTESIAN_POINT ( 'NONE',  ( 1.399999999999999689, 11.52975414413175947, 5.485303232940220930 ) ) ;
#4956 = CARTESIAN_POINT ( 'NONE',  ( -1.379999999999999893, 9.768344573749498494, 5.549999999999999822 ) ) ;
#4957 = ORIENTED_EDGE ( 'NONE', *, *, #5807, .T. ) ;
#4959 = CARTESIAN_POINT ( 'NONE',  ( 1.379999999999999671, 6.500000000000000000, -0.7729309367425445387 ) ) ;
#4958 = VECTOR ( 'NONE', #5108, 1000.000000000000000 ) ;
#4960 = ORIENTED_EDGE ( 'NONE', *, *, #1286, .F. ) ;
#4961 = CARTESIAN_POINT ( 'NONE',  ( -4.409194422298677196, 5.814123865017238657, 7.800000000000000711 ) ) ;
#4962 = ORIENTED_EDGE ( 'NONE', *, *, #4794, .F. ) ;
#4963 = DIRECTION ( 'NONE',  ( 1.000000000000000000, 1.680321552529715921E-16, 0.000000000000000000 ) ) ;
#4964 = VECTOR ( 'NONE', #575, 1000.000000000000000 ) ;
#4965 = DIRECTION ( 'NONE',  ( 0.000000000000000000, 0.000000000000000000, -1.000000000000000000 ) ) ;
#4966 = VECTOR ( 'NONE', #8338, 1000.000000000000000 ) ;
#4967 = CARTESIAN_POINT ( 'NONE',  ( 0.000000000000000000, 3.000000000000000000, 0.000000000000000000 ) ) ;
#4968 = EDGE_CURVE ( 'NONE', #10705, #7267, #9189, .T. ) ;
#4969 = DIRECTION ( 'NONE',  ( -0.000000000000000000, 0.000000000000000000, -1.000000000000000000 ) ) ;
#4970 = CARTESIAN_POINT ( 'NONE',  ( 0.5922599689879302076, 9.528919086266823157, -2.454779244514313952 ) ) ;
#4971 = VECTOR ( 'NONE', #1440, 999.9999999999998863 ) ;
#4972 = ORIENTED_EDGE ( 'NONE', *, *, #3945, .F. ) ;
#4973 = ORIENTED_EDGE ( 'NONE', *, *, #1225, .T. ) ;
#4974 = LINE ( 'NONE', #4120, #4368 ) ;
#4975 = CARTESIAN_POINT ( 'NONE',  ( 1.399999999999999689, 6.500000000000000000, 0.8398232385305505199 ) ) ;
#4976 = AXIS2_PLACEMENT_3D ( 'NONE', #845, #7604, #11198 ) ;
#4977 = CYLINDRICAL_SURFACE ( 'NONE', #1659, 3.649999999999999467 ) ;
#4978 = EDGE_CURVE ( 'NONE', #6370, #6354, #3614, .T. ) ;
#4979 = AXIS2_PLACEMENT_3D ( 'NONE', #1826, #4473, #7973 ) ;
#4980 = AXIS2_PLACEMENT_3D ( 'NONE', #8834, #3388, #1776 ) ;
#4981 = CARTESIAN_POINT ( 'NONE',  ( -4.543562660682161081, 2.657682890112509799, 7.800000000000000711 ) ) ;
#4982 = FACE_OUTER_BOUND ( 'NONE', #10344, .T. ) ;
#4983 = ORIENTED_EDGE ( 'NONE', *, *, #1286, .T. ) ;
#4984 = ADVANCED_FACE ( 'NONE', ( #3706 ), #9836, .F. ) ;
#4985 = DIRECTION ( 'NONE',  ( 0.000000000000000000, 0.000000000000000000, -1.000000000000000000 ) ) ;
#4986 = CARTESIAN_POINT ( 'NONE',  ( 1.393841279746818262, 4.734046515325192495, 3.675000000000000266 ) ) ;
#4987 = LINE ( 'NONE', #5790, #9214 ) ;
#4988 = ORIENTED_EDGE ( 'NONE', *, *, #7393, .T. ) ;
#4989 = VERTEX_POINT ( 'NONE', #1559 ) ;
#4990 = VERTEX_POINT ( 'NONE', #3275 ) ;
#4991 = AXIS2_PLACEMENT_3D ( 'NONE', #6955, #7928, #10504 ) ;
#4992 = DIRECTION ( 'NONE',  ( -0.000000000000000000, 0.6561787149247684248, 0.7546055221635205035 ) ) ;
#4993 = ADVANCED_FACE ( 'NONE', ( #6834 ), #9458, .T. ) ;
#4994 = EDGE_CURVE ( 'NONE', #2784, #1189, #6772, .T. ) ;
#4995 = DIRECTION ( 'NONE',  ( -0.7071067811865474617, 0.000000000000000000, -0.7071067811865474617 ) ) ;
#4996 = DIRECTION ( 'NONE',  ( -0.000000000000000000, 0.000000000000000000, 1.000000000000000000 ) ) ;
#4997 = EDGE_CURVE ( 'NONE', #8967, #1100, #8497, .T. ) ;
#4998 = CARTESIAN_POINT ( 'NONE',  ( -7.279416985118926320, 3.101558808504983666, -2.352227884582228867 ) ) ;
#4999 = FACE_OUTER_BOUND ( 'NONE', #7541, .T. ) ;
#5000 = VECTOR ( 'NONE', #6863, 1000.000000000000000 ) ;
#5001 = PLANE ( 'NONE',  #2517 ) ;
#5002 = DIRECTION ( 'NONE',  ( 0.000000000000000000, 0.000000000000000000, 1.000000000000000000 ) ) ;
#5003 = ORIENTED_EDGE ( 'NONE', *, *, #7038, .F. ) ;
#5004 = AXIS2_PLACEMENT_3D ( 'NONE', #10310, #6761, #747 ) ;
#5005 = ORIENTED_EDGE ( 'NONE', *, *, #4951, .F. ) ;
#5006 = EDGE_LOOP ( 'NONE', ( #10332, #2720, #4196, #2702, #8534, #1983, #7640, #2802, #3960, #8428, #4385, #3500, #1547, #4077, #5732, #8540, #4807, #3042, #1740, #6439, #1460, #6833, #177, #1636, #7434, #1350, #6725, #10853, #10324, #1409, #4595, #9008, #10190, #278, #2398, #8687, #8056, #11139, #8222, #3966 ) ) ;
#5007 = CARTESIAN_POINT ( 'NONE',  ( -1.030666926558653025E-16, 6.965469875665441180, 15.29999999999999893 ) ) ;
#5008 = MECHANICAL_DESIGN_GEOMETRIC_PRESENTATION_REPRESENTATION (  '', ( #11045 ), #7211 ) ;
#5009 = CARTESIAN_POINT ( 'NONE',  ( 2.563449210601374428, 6.373209906677494985, 0.000000000000000000 ) ) ;
#5010 = FACE_OUTER_BOUND ( 'NONE', #9316, .T. ) ;
#5011 = ORIENTED_EDGE ( 'NONE', *, *, #7277, .T. ) ;
#5012 = DIRECTION ( 'NONE',  ( 1.000000000000000000, -0.000000000000000000, 0.000000000000000000 ) ) ;
#5013 = DIRECTION ( 'NONE',  ( 1.000000000000000000, 0.000000000000000000, 0.000000000000000000 ) ) ;
#5014 = VECTOR ( 'NONE', #9154, 1000.000000000000114 ) ;
#5015 = ORIENTED_EDGE ( 'NONE', *, *, #3783, .T. ) ;
#5016 = FACE_OUTER_BOUND ( 'NONE', #4352, .T. ) ;
#5017 = ORIENTED_EDGE ( 'NONE', *, *, #7589, .T. ) ;
#5018 = CARTESIAN_POINT ( 'NONE',  ( 1.060660171779822525, 4.585121964646132860E-16, -1.060660171779822525 ) ) ;
#5019 = EDGE_LOOP ( 'NONE', ( #1563, #5866, #2741, #7389 ) ) ;
#5020 = VECTOR ( 'NONE', #5370, 1000.000000000000000 ) ;
#5021 = ADVANCED_FACE ( 'NONE', ( #9411 ), #652, .T. ) ;
#5022 = DIRECTION ( 'NONE',  ( 0.000000000000000000, 0.000000000000000000, 1.000000000000000000 ) ) ;
#5023 = VECTOR ( 'NONE', #1407, 1000.000000000000000 ) ;
#5024 = CARTESIAN_POINT ( 'NONE',  ( 4.433344562587840265, 2.048942590553171961, -2.312024219028176120 ) ) ;
#5025 = DIRECTION ( 'NONE',  ( -0.000000000000000000, -0.000000000000000000, -1.000000000000000000 ) ) ;
#5026 = DIRECTION ( 'NONE',  ( 0.7071067811865475727, -3.056747976430751296E-16, -0.7071067811865475727 ) ) ;
#5027 = CARTESIAN_POINT ( 'NONE',  ( 2.231423360340242468, 8.359311155412278538, -2.625562286609687046 ) ) ;
#5028 = ORIENTED_EDGE ( 'NONE', *, *, #186, .T. ) ;
#5029 = ORIENTED_EDGE ( 'NONE', *, *, #10982, .T. ) ;
#5030 = CARTESIAN_POINT ( 'NONE',  ( 1.380560112054757926, 6.500000000000000000, 0.7744648667341184067 ) ) ;
#5031 = VECTOR ( 'NONE', #6230, 1000.000000000000114 ) ;
#5032 = EDGE_CURVE ( 'NONE', #6358, #2609, #5102, .T. ) ;
#5033 = CARTESIAN_POINT ( 'NONE',  ( -3.650000000000001688, 6.965469875665389665, -2.454779244514317504 ) ) ;
#5034 = FACE_OUTER_BOUND ( 'NONE', #4019, .T. ) ;
#5035 = VERTEX_POINT ( 'NONE', #4146 ) ;
#5036 = CARTESIAN_POINT ( 'NONE',  ( -1.098581491038424840, 0.6205207517233428671, 3.675000000000000266 ) ) ;
#5037 = PLANE ( 'NONE',  #1231 ) ;
#5038 = DIRECTION ( 'NONE',  ( -1.000000000000000000, -1.680321552529715428E-16, -0.000000000000000000 ) ) ;
#5039 = ORIENTED_EDGE ( 'NONE', *, *, #4801, .F. ) ;
#5040 = ORIENTED_EDGE ( 'NONE', *, *, #8914, .T. ) ;
#5041 = ADVANCED_FACE ( 'NONE', ( #3166 ), #762, .T. ) ;
#5042 = VERTEX_POINT ( 'NONE', #7638 ) ;
#5043 = DIRECTION ( 'NONE',  ( 1.000000000000000000, 1.680321552529715428E-16, 0.000000000000000000 ) ) ;
#5044 = AXIS2_PLACEMENT_3D ( 'NONE', #1611, #10269, #11177 ) ;
#5045 = DIRECTION ( 'NONE',  ( 0.9673775151489824031, 0.2533391860415208363, 0.000000000000000000 ) ) ;
#5046 = DIRECTION ( 'NONE',  ( 1.000000000000000000, 0.000000000000000000, 0.000000000000000000 ) ) ;
#5047 = CARTESIAN_POINT ( 'NONE',  ( -3.405877273185280885, 1.499999999999999556, 6.850000000000000533 ) ) ;
#5048 = FACE_OUTER_BOUND ( 'NONE', #9156, .T. ) ;
#5049 = FACE_OUTER_BOUND ( 'NONE', #3396, .T. ) ;
#5050 = DIRECTION ( 'NONE',  ( 0.4853175911454119529, -0.8743379413732510486, 0.000000000000000000 ) ) ;
#5051 = EDGE_LOOP ( 'NONE', ( #9040, #2866 ) ) ;
#5052 = ORIENTED_EDGE ( 'NONE', *, *, #9997, .F. ) ;
#5053 = ADVANCED_FACE ( 'NONE', ( #6893 ), #8550, .T. ) ;
#5054 = ORIENTED_EDGE ( 'NONE', *, *, #8924, .T. ) ;
#5055 = AXIS2_PLACEMENT_3D ( 'NONE', #6591, #414, #5672 ) ;
#5056 = EDGE_CURVE ( 'NONE', #6865, #9164, #11124, .T. ) ;
#5057 = DIRECTION ( 'NONE',  ( 0.000000000000000000, -0.000000000000000000, -1.000000000000000000 ) ) ;
#5058 = APPLICATION_PROTOCOL_DEFINITION ( 'draft international standard', 'automotive_design', 1998, #10506 ) ;
#5059 = DIRECTION ( 'NONE',  ( -0.7071067811865475727, -3.056747976430751789E-16, 0.7071067811865475727 ) ) ;
#5060 = DIRECTION ( 'NONE',  ( -0.000000000000000000, 0.000000000000000000, 1.000000000000000000 ) ) ;
#5061 = ORIENTED_EDGE ( 'NONE', *, *, #8204, .T. ) ;
#5062 = PLANE ( 'NONE',  #3833 ) ;
#5063 = LINE ( 'NONE', #7650, #2457 ) ;
#5064 = ORIENTED_EDGE ( 'NONE', *, *, #11274, .T. ) ;
#5065 = LINE ( 'NONE', #722, #4135 ) ;
#5066 = ORIENTED_EDGE ( 'NONE', *, *, #63, .F. ) ;
#5067 = ORIENTED_EDGE ( 'NONE', *, *, #1080, .F. ) ;
#5068 = ADVANCED_FACE ( 'NONE', ( #4943 ), #1610, .T. ) ;
#5069 = LINE ( 'NONE', #6912, #5885 ) ;
#5070 = LINE ( 'NONE', #1526, #3666 ) ;
#5071 = LINE ( 'NONE', #10240, #9803 ) ;
#5072 = VECTOR ( 'NONE', #2358, 1000.000000000000000 ) ;
#5073 = DIRECTION ( 'NONE',  ( -1.000000000000000000, 0.000000000000000000, 0.000000000000000000 ) ) ;
#5074 = LINE ( 'NONE', #10242, #2068 ) ;
#5075 = EDGE_CURVE ( 'NONE', #9804, #8967, #4309, .T. ) ;
#5076 = EDGE_LOOP ( 'NONE', ( #8345, #3173, #8185, #3041 ) ) ;
#5077 = ORIENTED_EDGE ( 'NONE', *, *, #5893, .T. ) ;
#5078 = CARTESIAN_POINT ( 'NONE',  ( 1.380839982702822599, 6.500000000000000000, 0.7752318993870117581 ) ) ;
#5079 = VECTOR ( 'NONE', #745, 1000.000000000000114 ) ;
#5080 = CARTESIAN_POINT ( 'NONE',  ( -1.396794528132619950, 10.33763016933162149, -2.613951291675116195 ) ) ;
#5081 = DIRECTION ( 'NONE',  ( 0.000000000000000000, 0.000000000000000000, -1.000000000000000000 ) ) ;
#5082 = CARTESIAN_POINT ( 'NONE',  ( 2.280939751330914422, -4.384530124334556689, 15.00000000000000000 ) ) ;
#5083 = ADVANCED_FACE ( 'NONE', ( #5049 ), #9353, .F. ) ;
#5084 = EDGE_CURVE ( 'NONE', #376, #9889, #2478, .T. ) ;
#5085 = ORIENTED_EDGE ( 'NONE', *, *, #2407, .F. ) ;
#5086 = VECTOR ( 'NONE', #4013, 1000.000000000000000 ) ;
#5087 = DIRECTION ( 'NONE',  ( -1.000000000000000000, -2.168404344971008252E-17, -8.673617379884035472E-17 ) ) ;
#5088 = CARTESIAN_POINT ( 'NONE',  ( -3.976120838953064673, 4.909999999999999254, -3.976120838953062009 ) ) ;
#5089 = DIRECTION ( 'NONE',  ( 0.9673775151489824031, 0.2533391860415208363, 0.000000000000000000 ) ) ;
#5090 = ORIENTED_EDGE ( 'NONE', *, *, #2041, .F. ) ;
#5091 = ORIENTED_EDGE ( 'NONE', *, *, #887, .F. ) ;
#5092 = VERTEX_POINT ( 'NONE', #5970 ) ;
#5093 = AXIS2_PLACEMENT_3D ( 'NONE', #1587, #909, #6922 ) ;
#5094 = PRODUCT_DEFINITION_SHAPE ( 'NONE', 'NONE',  #4214 ) ;
#5095 = DIRECTION ( 'NONE',  ( -1.000000000000000000, 0.000000000000000000, 0.000000000000000000 ) ) ;
#5096 = CARTESIAN_POINT ( 'NONE',  ( -0.9750207678253433041, 12.70165088474088400, -2.454779244514313952 ) ) ;
#5097 = DIRECTION ( 'NONE',  ( 1.000000000000000000, 2.168404344971008252E-17, 8.673617379884035472E-17 ) ) ;
#5098 = EDGE_CURVE ( 'NONE', #9904, #8500, #7752, .T. ) ;
#5099 = DIRECTION ( 'NONE',  ( -1.000000000000000000, -1.680321552529715921E-16, 0.000000000000000000 ) ) ;
#5100 = FACE_OUTER_BOUND ( 'NONE', #6789, .T. ) ;
#5101 = ORIENTED_EDGE ( 'NONE', *, *, #8163, .F. ) ;
#5102 = LINE ( 'NONE', #1666, #691 ) ;
#5103 = FACE_OUTER_BOUND ( 'NONE', #449, .T. ) ;
#5104 = ORIENTED_EDGE ( 'NONE', *, *, #8946, .T. ) ;
#5105 = ORIENTED_EDGE ( 'NONE', *, *, #7808, .T. ) ;
#5106 = VECTOR ( 'NONE', #11027, 1000.000000000000114 ) ;
#5107 = ORIENTED_EDGE ( 'NONE', *, *, #7586, .T. ) ;
#5108 = DIRECTION ( 'NONE',  ( -0.000000000000000000, -1.000000000000000000, -0.000000000000000000 ) ) ;
#5109 = CONTEXT_DEPENDENT_SHAPE_REPRESENTATION ( #1075, #4471 ) ;
#5110 = PLANE ( 'NONE',  #1330 ) ;
#5111 = FACE_OUTER_BOUND ( 'NONE', #7066, .T. ) ;
#5112 = VECTOR ( 'NONE', #10322, 1000.000000000000114 ) ;
#5113 = EDGE_CURVE ( 'NONE', #9092, #9811, #8194, .T. ) ;
#5114 = ORIENTED_EDGE ( 'NONE', *, *, #4708, .T. ) ;
#5116 = EDGE_CURVE ( 'NONE', #8258, #9092, #4089, .T. ) ;
#5115 = LINE ( 'NONE', #2431, #5845 ) ;
#5117 = DIRECTION ( 'NONE',  ( 0.4853175911454119529, 0.8743379413732510486, 0.000000000000000000 ) ) ;
#5118 = ORIENTED_EDGE ( 'NONE', *, *, #2607, .F. ) ;
#5119 = DIRECTION ( 'NONE',  ( 0.1061605406293850001, -0.9943490029226543792, 0.000000000000000000 ) ) ;
#5120 = ADVANCED_FACE ( 'NONE', ( #1499 ), #5001, .T. ) ;
#5121 = ORIENTED_EDGE ( 'NONE', *, *, #10023, .F. ) ;
#5122 = ORIENTED_EDGE ( 'NONE', *, *, #715, .F. ) ;
#5123 = CIRCLE ( 'NONE', #13, 0.1499999999999999667 ) ;
#5124 = PLANE ( 'NONE',  #5153 ) ;
#5125 = ADVANCED_BREP_SHAPE_REPRESENTATION ( '', ( #4792, #2013 ), #4594 ) ;
#5126 = CARTESIAN_POINT ( 'NONE',  ( 2.312024219028204541, 2.048942590553171517, -4.433344562587826054 ) ) ;
#5127 = DIRECTION ( 'NONE',  ( 0.000000000000000000, 0.000000000000000000, 1.000000000000000000 ) ) ;
#5128 = EDGE_CURVE ( 'NONE', #6252, #9296, #879, .T. ) ;
#5129 = CIRCLE ( 'NONE', #11169, 3.649999999999999467 ) ;
#5130 = FACE_BOUND ( 'NONE', #6083, .T. ) ;
#5131 = CARTESIAN_POINT ( 'NONE',  ( -3.763140835808864715, 6.903798770585690470, 7.800000000000000711 ) ) ;
#5132 = ORIENTED_EDGE ( 'NONE', *, *, #6243, .T. ) ;
#5133 = EDGE_CURVE ( 'NONE', #7024, #6865, #6250, .T. ) ;
#5134 = ORIENTED_EDGE ( 'NONE', *, *, #9193, .F. ) ;
#5135 = CARTESIAN_POINT ( 'NONE',  ( -5.498644456795161339, 5.957805881184941477, -2.454779244514317504 ) ) ;
#5136 = AXIS2_PLACEMENT_3D ( 'NONE', #4899, #1235, #4723 ) ;
#5137 = DIRECTION ( 'NONE',  ( 0.7071067811865473507, -2.775557561562890735E-17, -0.7071067811865477948 ) ) ;
#5138 = AXIS2_PLACEMENT_3D ( 'NONE', #9163, #10142, #5783 ) ;
#5139 = EDGE_CURVE ( 'NONE', #294, #6424, #7805, .T. ) ;
#5140 = CARTESIAN_POINT ( 'NONE',  ( 1.088609894901982456, 0.6042532376681478690, 7.800000000000000711 ) ) ;
#5141 = AXIS2_PLACEMENT_3D ( 'NONE', #6259, #8847, #1905 ) ;
#5142 = CARTESIAN_POINT ( 'NONE',  ( -7.239573367979930119, 3.116536647565487872, 2.472101282769620934 ) ) ;
#5143 = FACE_OUTER_BOUND ( 'NONE', #1575, .T. ) ;
#5144 = ORIENTED_EDGE ( 'NONE', *, *, #7649, .F. ) ;
#5145 = DIRECTION ( 'NONE',  ( -1.000000000000000000, 0.000000000000000000, 0.000000000000000000 ) ) ;
#5146 = CARTESIAN_POINT ( 'NONE',  ( 2.280939751330914422, -4.084530124334556866, 15.00000000000000000 ) ) ;
#5147 = DIRECTION ( 'NONE',  ( 0.000000000000000000, 0.000000000000000000, -1.000000000000000000 ) ) ;
#5148 = ORIENTED_EDGE ( 'NONE', *, *, #10012, .T. ) ;
#5149 = ORIENTED_EDGE ( 'NONE', *, *, #3464, .T. ) ;
#5150 = ORIENTED_EDGE ( 'NONE', *, *, #201, .F. ) ;
#5151 = EDGE_CURVE ( 'NONE', #3185, #10548, #7064, .T. ) ;
#5152 = AXIS2_PLACEMENT_3D ( 'NONE', #4244, #10544, #7912 ) ;
#5153 = AXIS2_PLACEMENT_3D ( 'NONE', #9322, #9478, #5935 ) ;
#5154 = AXIS2_PLACEMENT_3D ( 'NONE', #8262, #8043, #7410 ) ;
#5155 = CARTESIAN_POINT ( 'NONE',  ( 1.379999999999999671, 12.48000000000000043, -4.343903740188082452 ) ) ;
#5156 = DIRECTION ( 'NONE',  ( -0.7071067811865474617, 0.000000000000000000, -0.7071067811865474617 ) ) ;
#5157 = PLANE ( 'NONE',  #6995 ) ;
#5158 = CARTESIAN_POINT ( 'NONE',  ( -2.280939751330913978, -4.084530124334558643, 0.000000000000000000 ) ) ;
#5159 = CARTESIAN_POINT ( 'NONE',  ( -3.372160293666214947, 8.362264403797976087, 11.17499999999999893 ) ) ;
#5160 = VERTEX_POINT ( 'NONE', #9746 ) ;
#5161 = DIRECTION ( 'NONE',  ( -0.9592845720430317469, 0.2824413387594271740, 0.000000000000000000 ) ) ;
#5162 = CIRCLE ( 'NONE', #237, 0.02000000000000005246 ) ;
#5163 = CARTESIAN_POINT ( 'NONE',  ( -4.745536286357740607, 10.33211856856918409, -2.625562286609690599 ) ) ;
#5164 = EDGE_LOOP ( 'NONE', ( #5570, #2217, #8502, #5282 ) ) ;
#5165 = ORIENTED_EDGE ( 'NONE', *, *, #6053, .F. ) ;
#5166 = VECTOR ( 'NONE', #1181, 1000.000000000000000 ) ;
#5167 = ORIENTED_EDGE ( 'NONE', *, *, #4978, .T. ) ;
#5168 = EDGE_CURVE ( 'NONE', #9265, #19, #2338, .T. ) ;
#5169 = CARTESIAN_POINT ( 'NONE',  ( -2.291287847478249429, 8.000000000000000000, 4.999999999999999112 ) ) ;
#5170 = VECTOR ( 'NONE', #8533, 1000.000000000000227 ) ;
#5171 = DIRECTION ( 'NONE',  ( 0.7967915771908303801, 0.6042542366568471879, -0.000000000000000000 ) ) ;
#5172 = VERTEX_POINT ( 'NONE', #10549 ) ;
#5173 = CARTESIAN_POINT ( 'NONE',  ( -1.400000000000000133, 9.768344573749500270, -5.530000000000000249 ) ) ;
#5174 = DIRECTION ( 'NONE',  ( -0.8780328119034565004, -0.4786004400550727400, 0.000000000000000000 ) ) ;
#5175 = VECTOR ( 'NONE', #930, 1000.000000000000000 ) ;
#5176 = ORIENTED_EDGE ( 'NONE', *, *, #11234, .F. ) ;
#5177 = LINE ( 'NONE', #6098, #2663 ) ;
#5178 = ORIENTED_EDGE ( 'NONE', *, *, #3634, .F. ) ;
#5179 = ORIENTED_EDGE ( 'NONE', *, *, #813, .T. ) ;
#5180 = AXIS2_PLACEMENT_3D ( 'NONE', #3718, #2969, #3885 ) ;
#5181 = EDGE_CURVE ( 'NONE', #10725, #1438, #1249, .T. ) ;
#5182 = VECTOR ( 'NONE', #8360, 1000.000000000000114 ) ;
#5183 = CARTESIAN_POINT ( 'NONE',  ( 0.7016507962251063990, 5.105736415116992610, 11.17499999999999893 ) ) ;
#5184 = EDGE_CURVE ( 'NONE', #2988, #8595, #8837, .T. ) ;
#5185 = CARTESIAN_POINT ( 'NONE',  ( -2.969848480983500405, 1.499999999999999556, 7.049999999999999822 ) ) ;
#5186 = DIRECTION ( 'NONE',  ( 1.978231904884091733E-16, -1.000000000000000000, 0.000000000000000000 ) ) ;
#5187 = CARTESIAN_POINT ( 'NONE',  ( -5.736181009075438375, 5.990449107840071896, 0.000000000000000000 ) ) ;
#5188 = VECTOR ( 'NONE', #9219, 1000.000000000000000 ) ;
#5189 = ORIENTED_EDGE ( 'NONE', *, *, #9823, .F. ) ;
#5190 = DIRECTION ( 'NONE',  ( 0.000000000000000000, 0.000000000000000000, 1.000000000000000000 ) ) ;
#5191 = CARTESIAN_POINT ( 'NONE',  ( -1.380000000000000115, 9.768344573749498494, 5.530000000000000249 ) ) ;
#5192 = VECTOR ( 'NONE', #4217, 1000.000000000000000 ) ;
#5193 = LINE ( 'NONE', #4220, #9038 ) ;
#5194 = ORIENTED_EDGE ( 'NONE', *, *, #632, .F. ) ;
#5195 = ORIENTED_EDGE ( 'NONE', *, *, #6427, .T. ) ;
#5196 =( NAMED_UNIT ( * ) SI_UNIT ( $, .STERADIAN. ) SOLID_ANGLE_UNIT ( ) );
#5197 = CIRCLE ( 'NONE', #1718, 0.02000000000000005246 ) ;
#5198 = DIRECTION ( 'NONE',  ( -0.6280440846592157955, -0.7781777610061649808, 0.000000000000000000 ) ) ;
#5199 = AXIS2_PLACEMENT_3D ( 'NONE', #3629, #5466, #9585 ) ;
#5200 = EDGE_CURVE ( 'NONE', #4551, #8258, #11119, .T. ) ;
#5201 = EDGE_CURVE ( 'NONE', #9963, #7484, #9113, .T. ) ;
#5202 = DIRECTION ( 'NONE',  ( -0.4786004400550714633, 0.8780328119034571666, 0.000000000000000000 ) ) ;
#5203 = EDGE_CURVE ( 'NONE', #9328, #10760, #10565, .T. ) ;
#5204 = AXIS2_PLACEMENT_3D ( 'NONE', #3427, #7672, #741 ) ;
#5205 = DIRECTION ( 'NONE',  ( 0.000000000000000000, 0.000000000000000000, 1.000000000000000000 ) ) ;
#5206 = CARTESIAN_POINT ( 'NONE',  ( 3.976120838953075776, 4.910000000000000142, -3.976120838953050907 ) ) ;
#5207 = TOROIDAL_SURFACE ( 'NONE', #283, 0.1699999999999999845, 0.02000000000000000042 ) ;
#5208 = ORIENTED_EDGE ( 'NONE', *, *, #7277, .F. ) ;
#5209 = CARTESIAN_POINT ( 'NONE',  ( 3.366648692903733586, 11.71100616202318889, 0.000000000000000000 ) ) ;
#5210 = DIRECTION ( 'NONE',  ( 0.6042542366568462997, -0.7967915771908309353, 0.000000000000000000 ) ) ;
#5211 = SURFACE_STYLE_USAGE ( .BOTH. , #7792 ) ;
#5212 = ORIENTED_EDGE ( 'NONE', *, *, #3508, .F. ) ;
#5213 = ORIENTED_EDGE ( 'NONE', *, *, #3075, .F. ) ;
#5214 = AXIS2_PLACEMENT_3D ( 'NONE', #10702, #3653, #3543 ) ;
#5215 = EDGE_CURVE ( 'NONE', #8729, #6049, #9253, .T. ) ;
#5216 = CARTESIAN_POINT ( 'NONE',  ( -3.412809285801754910, 5.671162037960161051, 0.000000000000000000 ) ) ;
#5217 = DIRECTION ( 'NONE',  ( -2.168404344971008252E-17, 1.000000000000000000, 0.000000000000000000 ) ) ;
#5218 = CARTESIAN_POINT ( 'NONE',  ( 2.580939751330913356, -2.003873909248935270, 11.17499999999999893 ) ) ;
#5219 = DIRECTION ( 'NONE',  ( 1.000000000000000000, 0.000000000000000000, 0.000000000000000000 ) ) ;
#5220 = DIRECTION ( 'NONE',  ( -0.4786004400550714633, 0.8780328119034571666, 0.000000000000000000 ) ) ;
#5221 = AXIS2_PLACEMENT_3D ( 'NONE', #7429, #1461, #5650 ) ;
#5222 = EDGE_LOOP ( 'NONE', ( #10737, #11224, #1833, #7441 ) ) ;
#5223 = EDGE_CURVE ( 'NONE', #7950, #2938, #1771, .T. ) ;
#5224 = CARTESIAN_POINT ( 'NONE',  ( -1.379999999999999671, 6.649999999999999467, 0.7729309367425446498 ) ) ;
#5225 = CARTESIAN_POINT ( 'NONE',  ( -1.771168402671605879E-15, 6.965469875665441180, 3.675000000000000266 ) ) ;
#5226 = ORIENTED_EDGE ( 'NONE', *, *, #1851, .F. ) ;
#5227 = ORIENTED_EDGE ( 'NONE', *, *, #7113, .F. ) ;
#5228 = DIRECTION ( 'NONE',  ( -0.000000000000000000, 0.000000000000000000, 1.000000000000000000 ) ) ;
#5229 = ORIENTED_EDGE ( 'NONE', *, *, #8321, .T. ) ;
#5230 = CIRCLE ( 'NONE', #2865, 0.1499999999999999667 ) ;
#5231 = CARTESIAN_POINT ( 'NONE',  ( -2.915460667173294773, 4.909999999999999254, 5.036781010732853225 ) ) ;
#5232 = PLANE ( 'NONE',  #4080 ) ;
#5233 = CARTESIAN_POINT ( 'NONE',  ( 2.280939751330914422, -4.084530124334556866, 0.000000000000000000 ) ) ;
#5234 =( REPRESENTATION_RELATIONSHIP ('NONE','NONE', #4126, #7635 ) REPRESENTATION_RELATIONSHIP_WITH_TRANSFORMATION ( #3232 )SHAPE_REPRESENTATION_RELATIONSHIP( ) );
#5235 = DIRECTION ( 'NONE',  ( -1.000000000000000000, 0.000000000000000000, 0.000000000000000000 ) ) ;
#5236 = DIRECTION ( 'NONE',  ( -0.2824413387594251756, -0.9592845720430323020, 0.000000000000000000 ) ) ;
#5237 = EDGE_CURVE ( 'NONE', #5450, #3872, #3617, .T. ) ;
#5238 = ADVANCED_FACE ( 'NONE', ( #10600 ), #3445, .T. ) ;
#5239 = ORIENTED_EDGE ( 'NONE', *, *, #5383, .F. ) ;
#5240 = CARTESIAN_POINT ( 'NONE',  ( -2.608461341437269265, 3.116536647565486540, -7.191567056828625404 ) ) ;
#5241 = EDGE_LOOP ( 'NONE', ( #3794, #5791, #8552, #2360 ) ) ;
#5242 = AXIS2_PLACEMENT_3D ( 'NONE', #8966, #7192, #4549 ) ;
#5243 = ORIENTED_EDGE ( 'NONE', *, *, #9542, .F. ) ;
#5244 = DIRECTION ( 'NONE',  ( -0.000000000000000000, 0.000000000000000000, 1.000000000000000000 ) ) ;
#5245 =( LENGTH_UNIT ( ) NAMED_UNIT ( * ) SI_UNIT ( .MILLI., .METRE. ) );
#5246 = AXIS2_PLACEMENT_3D ( 'NONE', #1893, #5396, #2813 ) ;
#5247 = LINE ( 'NONE', #3584, #2239 ) ;
#5248 = DIRECTION ( 'NONE',  ( 1.499645472258066861E-16, 0.5471019487890927957, -0.8370659816473113857 ) ) ;
#5249 = ORIENTED_EDGE ( 'NONE', *, *, #109, .T. ) ;
#5250 = DIRECTION ( 'NONE',  ( 0.000000000000000000, -0.000000000000000000, 1.000000000000000000 ) ) ;
#5251 = CARTESIAN_POINT ( 'NONE',  ( -2.580939751330912024, 9.546409626996325670, 11.17499999999999893 ) ) ;
#5252 = CARTESIAN_POINT ( 'NONE',  ( -2.657714481646607396, 4.463659784142524956, 3.675000000000000266 ) ) ;
#5253 = EDGE_CURVE ( 'NONE', #10538, #1096, #6868, .T. ) ;
#5254 = EDGE_LOOP ( 'NONE', ( #1349, #8819, #4518, #7292 ) ) ;
#5255 = EDGE_LOOP ( 'NONE', ( #7423, #11225, #9052, #4706 ) ) ;
#5256 = CARTESIAN_POINT ( 'NONE',  ( 5.036781010732885200, 4.909999999999999254, 2.915460667173241482 ) ) ;
#5257 = CARTESIAN_POINT ( 'NONE',  ( -3.372160293666174535, 5.568675347532812125, -2.613951291675112643 ) ) ;
#5258 = DIRECTION ( 'NONE',  ( 1.000000000000000000, -0.000000000000000000, 0.000000000000000000 ) ) ;
#5259 = CARTESIAN_POINT ( 'NONE',  ( 0.000000000000000000, 3.000000000000000000, 0.000000000000000000 ) ) ;
#5260 = DIRECTION ( 'NONE',  ( 0.000000000000000000, 0.000000000000000000, 1.000000000000000000 ) ) ;
#5261 = DIRECTION ( 'NONE',  ( 0.000000000000000000, 0.000000000000000000, 1.000000000000000000 ) ) ;
#5262 = EDGE_LOOP ( 'NONE', ( #2150, #3217, #399, #11003 ) ) ;
#5263 = PRODUCT_DEFINITION ( 'UNKNOWN', '', #6965, #3927 ) ;
#5264 = FACE_OUTER_BOUND ( 'NONE', #4165, .T. ) ;
#5265 = EDGE_CURVE ( 'NONE', #8956, #9554, #8703, .T. ) ;
#5266 = DIRECTION ( 'NONE',  ( 2.168404344971008252E-17, -1.000000000000000000, -0.000000000000000000 ) ) ;
#5267 = AXIS2_PLACEMENT_3D ( 'NONE', #5256, #8809, #8756 ) ;
#5268 = FACE_OUTER_BOUND ( 'NONE', #2877, .T. ) ;
#5269 = ORIENTED_EDGE ( 'NONE', *, *, #6742, .F. ) ;
#5270 = EDGE_CURVE ( 'NONE', #6555, #10169, #1098, .T. ) ;
#5271 = EDGE_LOOP ( 'NONE', ( #3243, #3168, #3411, #10764 ) ) ;
#5272 = TOROIDAL_SURFACE ( 'NONE', #11128, 0.1699999999999999845, 0.02000000000000000042 ) ;
#5273 = DIRECTION ( 'NONE',  ( -0.000000000000000000, -0.000000000000000000, 1.000000000000000000 ) ) ;
#5274 = DIRECTION ( 'NONE',  ( 1.000000000000000000, 0.000000000000000000, 0.000000000000000000 ) ) ;
#5275 = CARTESIAN_POINT ( 'NONE',  ( 3.354592426478618439, 1.601480656498023070, -6.875287884091610735 ) ) ;
#5276 = DIRECTION ( 'NONE',  ( 0.000000000000000000, 0.000000000000000000, 1.000000000000000000 ) ) ;
#5277 = EDGE_LOOP ( 'NONE', ( #825, #11031, #6282, #781 ) ) ;
#5278 = DIRECTION ( 'NONE',  ( 0.000000000000000000, 0.000000000000000000, 1.000000000000000000 ) ) ;
#5279 = PLANE ( 'NONE',  #7559 ) ;
#5280 = ORIENTED_EDGE ( 'NONE', *, *, #723, .F. ) ;
#5281 = EDGE_CURVE ( 'NONE', #10270, #2095, #8509, .T. ) ;
#5282 = ORIENTED_EDGE ( 'NONE', *, *, #2287, .F. ) ;
#5283 = DIRECTION ( 'NONE',  ( 0.4876598490941707609, 0.7241379310344824294, 0.4876598490941710939 ) ) ;
#5284 = VECTOR ( 'NONE', #9329, 1000.000000000000114 ) ;
#5285 = VERTEX_POINT ( 'NONE', #20 ) ;
#5286 = EDGE_CURVE ( 'NONE', #7551, #1715, #4651, .T. ) ;
#5287 = LINE ( 'NONE', #8734, #219 ) ;
#5288 =( BOUNDED_CURVE ( )  B_SPLINE_CURVE ( 3, ( #873, #2794, #6293, #4571 ),
 .UNSPECIFIED., .F., .F. ) 
 B_SPLINE_CURVE_WITH_KNOTS ( ( 4, 4 ),
 ( 4.712388980384689674, 6.283185307179586232 ),
 .UNSPECIFIED. ) 
 CURVE ( )  GEOMETRIC_REPRESENTATION_ITEM ( )  RATIONAL_B_SPLINE_CURVE ( ( 1.000000000000000000, 0.8047378541243649375, 0.8047378541243649375, 1.000000000000000000 ) ) 
 REPRESENTATION_ITEM ( '' )  );
#5289 = FACE_OUTER_BOUND ( 'NONE', #1710, .T. ) ;
#5290 = CARTESIAN_POINT ( 'NONE',  ( 1.399999999999999689, 8.759938365018303585, 4.438449618462789736 ) ) ;
#5291 = FACE_OUTER_BOUND ( 'NONE', #8778, .T. ) ;
#5292 = CARTESIAN_POINT ( 'NONE',  ( -1.007663994480482827, 12.46411433246060341, 0.000000000000000000 ) ) ;
#5293 = AXIS2_PLACEMENT_3D ( 'NONE', #4386, #9777, #8975 ) ;
#5294 = ORIENTED_EDGE ( 'NONE', *, *, #5628, .F. ) ;
#5295 = CARTESIAN_POINT ( 'NONE',  ( -2.141670180522094569, 8.493636281545670741, 0.000000000000000000 ) ) ;
#5296 = VERTEX_POINT ( 'NONE', #5504 ) ;
#5297 = VERTEX_POINT ( 'NONE', #245 ) ;
#5298 = EDGE_CURVE ( 'NONE', #9421, #8656, #8088, .T. ) ;
#5299 = CARTESIAN_POINT ( 'NONE',  ( -1.400000000000000133, 8.631655426250503638, -4.549999999999998934 ) ) ;
#5300 =( LENGTH_UNIT ( ) NAMED_UNIT ( * ) SI_UNIT ( .MILLI., .METRE. ) );
#5301 = CYLINDRICAL_SURFACE ( 'NONE', #2791, 0.01999999999999992062 ) ;
#5302 = CARTESIAN_POINT ( 'NONE',  ( -4.600654826388336893, 10.14107261474447164, 11.17499999999999893 ) ) ;
#5303 = ORIENTED_EDGE ( 'NONE', *, *, #9319, .F. ) ;
#5304 = CARTESIAN_POINT ( 'NONE',  ( 3.648334813386794551, 6.855228824192198367, 11.17499999999999893 ) ) ;
#5305 = CARTESIAN_POINT ( 'NONE',  ( 0.000000000000000000, 1.499999999999999556, 0.000000000000000000 ) ) ;
#5306 = CARTESIAN_POINT ( 'NONE',  ( -1.399999999999999245, 2.790441948979337283, -2.426471259982029949 ) ) ;
#5307 = EDGE_LOOP ( 'NONE', ( #4983, #6774, #7430, #949, #4423, #5107, #11029, #6723, #2236, #2032 ) ) ;
#5308 = ORIENTED_EDGE ( 'NONE', *, *, #5919, .F. ) ;
#5309 = CARTESIAN_POINT ( 'NONE',  ( -2.280939751330911314, 6.965469875665442068, 15.00000000000000000 ) ) ;
#5310 = DIRECTION ( 'NONE',  ( 0.9906889957247192458, -0.1361444591231943668, 0.000000000000000000 ) ) ;
#5311 = EDGE_CURVE ( 'NONE', #2590, #9900, #7784, .T. ) ;
#5312 = DIRECTION ( 'NONE',  ( 1.000000000000000000, 2.168404344971008252E-17, 8.673617379884035472E-17 ) ) ;
#5313 = CARTESIAN_POINT ( 'NONE',  ( 2.986171345291897872, 3.090000000000000746, 5.107491688851538925 ) ) ;
#5314 = ORIENTED_EDGE ( 'NONE', *, *, #9332, .F. ) ;
#5315 = DIRECTION ( 'NONE',  ( 0.000000000000000000, 0.000000000000000000, 1.000000000000000000 ) ) ;
#5316 = DIRECTION ( 'NONE',  ( 0.000000000000000000, 1.000000000000000000, -0.000000000000000000 ) ) ;
#5317 = DIRECTION ( 'NONE',  ( -0.8631770573194743612, 0.5049013445390029275, 0.000000000000000000 ) ) ;
#5318 = AXIS2_PLACEMENT_3D ( 'NONE', #102, #1918, #11315 ) ;
#5319 = VERTEX_POINT ( 'NONE', #7288 ) ;
#5320 = VERTEX_POINT ( 'NONE', #9915 ) ;
#5321 = DIRECTION ( 'NONE',  ( 0.2824413387594251756, 0.9592845720430323020, -0.000000000000000000 ) ) ;
#5322 = TOROIDAL_SURFACE ( 'NONE', #1842, 0.1299999999999999767, 0.02000000000000000042 ) ;
#5323 = EDGE_CURVE ( 'NONE', #10798, #7994, #8305, .T. ) ;
#5324 = ADVANCED_FACE ( 'NONE', ( #2065 ), #9863, .T. ) ;
#5325 = AXIS2_PLACEMENT_3D ( 'NONE', #11024, #5060, #6677 ) ;
#5326 = DIRECTION ( 'NONE',  ( 1.000000000000000000, 0.000000000000000000, 0.000000000000000000 ) ) ;
#5327 = CYLINDRICAL_SURFACE ( 'NONE', #6070, 0.1000000000000001443 ) ;
#5328 = DIRECTION ( 'NONE',  ( -0.000000000000000000, -0.000000000000000000, -1.000000000000000000 ) ) ;
#5329 = LINE ( 'NONE', #1723, #2501 ) ;
#5330 = DIRECTION ( 'NONE',  ( 0.7071067811865563435, 0.000000000000000000, -0.7071067811865388020 ) ) ;
#5331 = CARTESIAN_POINT ( 'NONE',  ( -3.903127820947815962E-14, 10.61546987566544153, 3.675000000000000266 ) ) ;
#5332 = ORIENTED_EDGE ( 'NONE', *, *, #4421, .T. ) ;
#5333 = VERTEX_POINT ( 'NONE', #5566 ) ;
#5334 = LINE ( 'NONE', #6143, #1725 ) ;
#5335 = CIRCLE ( 'NONE', #1141, 0.1000000000000001443 ) ;
#5336 = VECTOR ( 'NONE', #1988, 1000.000000000000114 ) ;
#5337 = ORIENTED_EDGE ( 'NONE', *, *, #2678, .F. ) ;
#5338 = CIRCLE ( 'NONE', #6441, 7.649999999999995026 ) ;
#5339 = EDGE_CURVE ( 'NONE', #9130, #547, #6412, .T. ) ;
#5340 = DIRECTION ( 'NONE',  ( -0.1061605406293864434, 0.9943490029226541571, 0.000000000000000000 ) ) ;
#5341 = EDGE_CURVE ( 'NONE', #2770, #10894, #11056, .T. ) ;
#5342 = DIRECTION ( 'NONE',  ( -0.000000000000000000, -0.000000000000000000, -1.000000000000000000 ) ) ;
#5343 = DIRECTION ( 'NONE',  ( -0.000000000000000000, -0.000000000000000000, -1.000000000000000000 ) ) ;
#5344 = EDGE_LOOP ( 'NONE', ( #5400, #5593, #10435, #4743 ) ) ;
#5345 = VECTOR ( 'NONE', #636, 1000.000000000000000 ) ;
#5346 = DIRECTION ( 'NONE',  ( -0.000000000000000000, 0.000000000000000000, 1.000000000000000000 ) ) ;
#5347 = DIRECTION ( 'NONE',  ( -0.000000000000000000, -0.000000000000000000, -1.000000000000000000 ) ) ;
#5348 = VECTOR ( 'NONE', #9300, 1000.000000000000000 ) ;
#5349 = VECTOR ( 'NONE', #1568, 1000.000000000000000 ) ;
#5350 = ORIENTED_EDGE ( 'NONE', *, *, #10592, .T. ) ;
#5351 = LINE ( 'NONE', #4492, #2310 ) ;
#5352 = EDGE_LOOP ( 'NONE', ( #8255, #7627, #10973, #5150 ) ) ;
#5353 = ORIENTED_EDGE ( 'NONE', *, *, #7113, .T. ) ;
#5354 = STYLED_ITEM ( 'NONE', ( #7048 ), #1061 ) ;
#5355 = CARTESIAN_POINT ( 'NONE',  ( 3.405877273185284881, 1.499999999999999556, -6.849999999999998757 ) ) ;
#5356 = VECTOR ( 'NONE', #6201, 1000.000000000000114 ) ;
#5357 = ADVANCED_FACE ( 'NONE', ( #9724 ), #7152, .T. ) ;
#5358 =( NAMED_UNIT ( * ) PLANE_ANGLE_UNIT ( ) SI_UNIT ( $, .RADIAN. ) );
#5359 = DIRECTION ( 'NONE',  ( 1.000000000000000000, 2.168404344971008252E-17, 8.673617379884035472E-17 ) ) ;
#5360 = CARTESIAN_POINT ( 'NONE',  ( 1.498006739902551177, 10.29390431353657398, 11.17499999999999893 ) ) ;
#5361 = ORIENTED_EDGE ( 'NONE', *, *, #6500, .F. ) ;
#5362 = FACE_OUTER_BOUND ( 'NONE', #4948, .T. ) ;
#5363 = DIRECTION ( 'NONE',  ( -0.000000000000000000, -0.6561787149247684248, -0.7546055221635205035 ) ) ;
#5364 = LINE ( 'NONE', #5685, #6101 ) ;
#5365 = ORIENTED_EDGE ( 'NONE', *, *, #456, .F. ) ;
#5366 = ORIENTED_EDGE ( 'NONE', *, *, #10023, .T. ) ;
#5367 = DIRECTION ( 'NONE',  ( 0.4876598490941712050, -0.7241379310344822073, 0.4876598490941709274 ) ) ;
#5368 = VECTOR ( 'NONE', #1584, 1000.000000000000000 ) ;
#5369 = EDGE_CURVE ( 'NONE', #11218, #5428, #3385, .T. ) ;
#5370 = DIRECTION ( 'NONE',  ( -0.000000000000000000, -0.000000000000000000, 1.000000000000000000 ) ) ;
#5371 = ORIENTED_EDGE ( 'NONE', *, *, #2583, .F. ) ;
#5372 = AXIS2_PLACEMENT_3D ( 'NONE', #7003, #4533, #7065 ) ;
#5373 = DIRECTION ( 'NONE',  ( -0.000000000000000000, 0.000000000000000000, 1.000000000000000000 ) ) ;
#5374 = CIRCLE ( 'NONE', #5917, 3.649999999999999467 ) ;
#5375 = CARTESIAN_POINT ( 'NONE',  ( -2.594966336091574455, 6.531657196332630200, -2.613951291675112643 ) ) ;
#5376 = CARTESIAN_POINT ( 'NONE',  ( 4.843681451127850757, 3.200000000000000178, -4.843681451127848980 ) ) ;
#5377 = AXIS2_PLACEMENT_3D ( 'NONE', #3204, #9330, #4869 ) ;
#5378 = CARTESIAN_POINT ( 'NONE',  ( -2.044841472878135669, 1.650330625545589402, 7.800000000000000711 ) ) ;
#5379 =( BOUNDED_CURVE ( )  B_SPLINE_CURVE ( 3, ( #2102, #1197, #6577, #8182 ),
 .UNSPECIFIED., .F., .F. ) 
 B_SPLINE_CURVE_WITH_KNOTS ( ( 4, 4 ),
 ( 2.836899999574395981, 3.446285307605190251 ),
 .UNSPECIFIED. ) 
 CURVE ( )  GEOMETRIC_REPRESENTATION_ITEM ( )  RATIONAL_B_SPLINE_CURVE ( ( 1.000000000000000000, 0.9692928009446305504, 0.9692928009446305504, 1.000000000000000000 ) ) 
 REPRESENTATION_ITEM ( '' )  );
#5380 = ORIENTED_EDGE ( 'NONE', *, *, #6272, .T. ) ;
#5381 = CARTESIAN_POINT ( 'NONE',  ( -3.649999999999999911, 6.965469875665391442, 0.000000000000000000 ) ) ;
#5382 = CYLINDRICAL_SURFACE ( 'NONE', #1935, 0.5000000000000004441 ) ;
#5383 = EDGE_CURVE ( 'NONE', #4162, #10947, #1551, .T. ) ;
#5384 = TOROIDAL_SURFACE ( 'NONE', #455, 0.1699999999999999845, 0.02000000000000000042 ) ;
#5385 = CARTESIAN_POINT ( 'NONE',  ( -3.328434437871126583, 8.463476615568009009, 7.800000000000000711 ) ) ;
#5386 = ORIENTED_EDGE ( 'NONE', *, *, #7572, .T. ) ;
#5387 = ORIENTED_EDGE ( 'NONE', *, *, #1732, .F. ) ;
#5388 = AXIS2_PLACEMENT_3D ( 'NONE', #6923, #1020, #8011 ) ;
#5389 = CARTESIAN_POINT ( 'NONE',  ( -1.400000000000000133, 6.500000000000000000, -4.469999999999999751 ) ) ;
#5390 = AXIS2_PLACEMENT_3D ( 'NONE', #7125, #3460, #1055 ) ;
#5391 = DIRECTION ( 'NONE',  ( -3.564834783817703950E-17, 0.9863939238321437486, 0.1643989873053572637 ) ) ;
#5392 = FACE_OUTER_BOUND ( 'NONE', #6394, .T. ) ;
#5393 = ORIENTED_EDGE ( 'NONE', *, *, #2710, .F. ) ;
#5394 = ORIENTED_EDGE ( 'NONE', *, *, #10076, .F. ) ;
#5395 = DIRECTION ( 'NONE',  ( -1.000000000000000000, 0.000000000000000000, 0.000000000000000000 ) ) ;
#5396 = DIRECTION ( 'NONE',  ( 1.000000000000000000, 2.168404344971008252E-17, -8.673617379884035472E-17 ) ) ;
#5397 = EDGE_CURVE ( 'NONE', #5042, #6852, #1762, .T. ) ;
#5398 = DIRECTION ( 'NONE',  ( 0.7071067811865401342, 0.000000000000000000, 0.7071067811865550112 ) ) ;
#5399 = CARTESIAN_POINT ( 'NONE',  ( 2.280939751330914422, -4.084530124334556866, 0.2999999999999999334 ) ) ;
#5400 = ORIENTED_EDGE ( 'NONE', *, *, #346, .T. ) ;
#5401 = ORIENTED_EDGE ( 'NONE', *, *, #1627, .F. ) ;
#5402 = DIRECTION ( 'NONE',  ( 1.000000000000000000, 0.000000000000000000, 0.000000000000000000 ) ) ;
#5403 = AXIS2_PLACEMENT_3D ( 'NONE', #395, #2909, #1305 ) ;
#5404 = EDGE_LOOP ( 'NONE', ( #1311, #1491, #4040, #1986 ) ) ;
#5405 = CARTESIAN_POINT ( 'NONE',  ( -4.763625870545991958, 3.844580505176282248, 3.675000000000000266 ) ) ;
#5406 = PLANE ( 'NONE',  #8842 ) ;
#5407 = CARTESIAN_POINT ( 'NONE',  ( 1.379999999999999671, 11.54484625457503100, 5.498426807238718794 ) ) ;
#5408 = CARTESIAN_POINT ( 'NONE',  ( 1.499999999999998446, 6.965469875665441180, 7.800000000000000711 ) ) ;
#5409 = DIRECTION ( 'NONE',  ( 0.9592845720430323020, -0.2824413387594251756, 0.000000000000000000 ) ) ;
#5410 = EDGE_LOOP ( 'NONE', ( #3123, #10359, #5811, #3337 ) ) ;
#5411 = PRODUCT_DEFINITION ( 'UNKNOWN', '', #1655, #6559 ) ;
#5412 = CARTESIAN_POINT ( 'NONE',  ( 3.366648692903724704, 11.71100616202319245, 0.000000000000000000 ) ) ;
#5413 = ORIENTED_EDGE ( 'NONE', *, *, #5985, .T. ) ;
#5414 = EDGE_CURVE ( 'NONE', #10948, #9998, #7415, .T. ) ;
#5415 = VECTOR ( 'NONE', #2330, 1000.000000000000000 ) ;
#5416 = EDGE_CURVE ( 'NONE', #6303, #489, #9793, .T. ) ;
#5417 = ORIENTED_EDGE ( 'NONE', *, *, #7743, .F. ) ;
#5418 = AXIS2_PLACEMENT_3D ( 'NONE', #9445, #4182, #7677 ) ;
#5419 = DIRECTION ( 'NONE',  ( -0.6042542366568471879, 0.7967915771908303801, 0.000000000000000000 ) ) ;
#5420 = DIRECTION ( 'NONE',  ( 1.000000000000000000, 0.000000000000000000, 0.000000000000000000 ) ) ;
#5421 = DIRECTION ( 'NONE',  ( 0.9592845720430323020, -0.2824413387594251756, 0.000000000000000000 ) ) ;
#5422 = LINE ( 'NONE', #9648, #4315 ) ;
#5423 = VERTEX_POINT ( 'NONE', #1026 ) ;
#5424 = DIRECTION ( 'NONE',  ( 0.2533391860415168950, -0.9673775151489835133, 0.000000000000000000 ) ) ;
#5425 = VECTOR ( 'NONE', #1667, 1000.000000000000000 ) ;
#5426 = LINE ( 'NONE', #10042, #8483 ) ;
#5427 = ORIENTED_EDGE ( 'NONE', *, *, #8958, .T. ) ;
#5428 = VERTEX_POINT ( 'NONE', #59 ) ;
#5429 = CARTESIAN_POINT ( 'NONE',  ( 2.280939751330912202, 6.965469875665442068, 15.29999999999999893 ) ) ;
#5430 = LINE ( 'NONE', #4625, #9238 ) ;
#5431 = EDGE_CURVE ( 'NONE', #3723, #6331, #5488, .T. ) ;
#5432 = EDGE_LOOP ( 'NONE', ( #7781, #4399, #9766, #10636 ) ) ;
#5433 = CIRCLE ( 'NONE', #4331, 3.649999999999999467 ) ;
#5434 = FACE_OUTER_BOUND ( 'NONE', #7611, .T. ) ;
#5435 = FACE_OUTER_BOUND ( 'NONE', #1405, .T. ) ;
#5436 = EDGE_CURVE ( 'NONE', #560, #4017, #4857, .T. ) ;
#5437 = CARTESIAN_POINT ( 'NONE',  ( -1.393823247546298383, 6.500000000000000000, 4.508834952051935296 ) ) ;
#5438 = CARTESIAN_POINT ( 'NONE',  ( -4.163336342344337027E-14, 10.61546987566543976, -2.454779244514317504 ) ) ;
#5439 = LINE ( 'NONE', #10704, #4453 ) ;
#5440 = ORIENTED_EDGE ( 'NONE', *, *, #8139, .T. ) ;
#5441 = CARTESIAN_POINT ( 'NONE',  ( 0.000000000000000000, 6.500000000000000000, 0.000000000000000000 ) ) ;
#5442 = DIRECTION ( 'NONE',  ( -0.7781777610061649808, 0.6280440846592157955, 0.000000000000000000 ) ) ;
#5443 = VERTEX_POINT ( 'NONE', #8936 ) ;
#5444 = ORIENTED_EDGE ( 'NONE', *, *, #10581, .T. ) ;
#5445 = DIRECTION ( 'NONE',  ( -0.000000000000000000, 1.000000000000000000, -0.000000000000000000 ) ) ;
#5446 = EDGE_CURVE ( 'NONE', #6474, #9364, #2856, .T. ) ;
#5447 = EDGE_CURVE ( 'NONE', #10393, #6341, #11251, .T. ) ;
#5448 = DIRECTION ( 'NONE',  ( 1.000000000000000000, 0.000000000000000000, 0.000000000000000000 ) ) ;
#5449 = CARTESIAN_POINT ( 'NONE',  ( 1.393841279746829143, 4.734046515325193383, -2.625562286609687046 ) ) ;
#5450 = VERTEX_POINT ( 'NONE', #8016 ) ;
#5451 = ORIENTED_EDGE ( 'NONE', *, *, #6352, .F. ) ;
#5452 = VECTOR ( 'NONE', #5367, 1000.000000000000114 ) ;
#5453 = CARTESIAN_POINT ( 'NONE',  ( 5.107491688851549583, 4.910000000000001030, -2.986171345291880108 ) ) ;
#5454 = CARTESIAN_POINT ( 'NONE',  ( -5.498644456795159563, 5.957805881184944141, 7.800000000000000711 ) ) ;
#5455 = CARTESIAN_POINT ( 'NONE',  ( -1.393841279746829365, 9.196893236005688976, -2.625562286609687046 ) ) ;
#5456 = LINE ( 'NONE', #2753, #3169 ) ;
#5457 = ORIENTED_EDGE ( 'NONE', *, *, #3268, .F. ) ;
#5458 = VERTEX_POINT ( 'NONE', #1874 ) ;
#5459 = ORIENTED_EDGE ( 'NONE', *, *, #2152, .F. ) ;
#5460 = VECTOR ( 'NONE', #4191, 1000.000000000000000 ) ;
#5461 = DIRECTION ( 'NONE',  ( -0.9592845720430323020, 0.2824413387594251756, 0.000000000000000000 ) ) ;
#5462 = EDGE_CURVE ( 'NONE', #8439, #7418, #6228, .T. ) ;
#5463 = FACE_OUTER_BOUND ( 'NONE', #5410, .T. ) ;
#5464 = LINE ( 'NONE', #258, #7362 ) ;
#5465 = CARTESIAN_POINT ( 'NONE',  ( 1.379999999999999671, 12.50000000000000000, -4.343903740188081564 ) ) ;
#5466 = DIRECTION ( 'NONE',  ( -0.000000000000000000, -0.000000000000000000, -1.000000000000000000 ) ) ;
#5467 = ORIENTED_EDGE ( 'NONE', *, *, #4475, .T. ) ;
#5468 = DIRECTION ( 'NONE',  ( 0.7071067811865474617, 0.000000000000000000, -0.7071067811865474617 ) ) ;
#5469 = EDGE_LOOP ( 'NONE', ( #8343, #1177, #3458, #749, #4566 ) ) ;
#5470 = ORIENTED_EDGE ( 'NONE', *, *, #2535, .F. ) ;
#5471 = DIRECTION ( 'NONE',  ( 0.8631770573194761376, -0.5049013445389998189, 0.000000000000000000 ) ) ;
#5472 = EDGE_CURVE ( 'NONE', #9341, #7137, #10337, .T. ) ;
#5473 = DIRECTION ( 'NONE',  ( 0.9592845720430316359, -0.2824413387594271740, 0.000000000000000000 ) ) ;
#5474 = ORIENTED_EDGE ( 'NONE', *, *, #8959, .F. ) ;
#5475 = ADVANCED_FACE ( 'NONE', ( #9844 ), #10530, .T. ) ;
#5476 = EDGE_LOOP ( 'NONE', ( #7194, #10875, #1292, #9342 ) ) ;
#5477 = CARTESIAN_POINT ( 'NONE',  ( -1.771168402671605879E-15, 6.965469875665441180, 7.800000000000000711 ) ) ;
#5478 = DIRECTION ( 'NONE',  ( -0.000000000000000000, 1.000000000000000000, -0.000000000000000000 ) ) ;
#5479 = ORIENTED_EDGE ( 'NONE', *, *, #6184, .T. ) ;
#5480 = ORIENTED_EDGE ( 'NONE', *, *, #9257, .T. ) ;
#5481 = CARTESIAN_POINT ( 'NONE',  ( 2.657714481646620275, 9.467279967188341416, -2.613951291675112643 ) ) ;
#5482 = CARTESIAN_POINT ( 'NONE',  ( 2.179449471770337432, 1.500000000000000444, 4.500000000000000000 ) ) ;
#5483 = VERTEX_POINT ( 'NONE', #8987 ) ;
#5484 = VECTOR ( 'NONE', #837, 1000.000000000000000 ) ;
#5485 = CYLINDRICAL_SURFACE ( 'NONE', #7534, 3.649999999999999467 ) ;
#5486 = EDGE_CURVE ( 'NONE', #523, #8729, #4631, .T. ) ;
#5487 = DIRECTION ( 'NONE',  ( -0.000000000000000000, 0.000000000000000000, 1.000000000000000000 ) ) ;
#5488 = LINE ( 'NONE', #6294, #835 ) ;
#5489 = EDGE_CURVE ( 'NONE', #1778, #7739, #1137, .T. ) ;
#5490 = CARTESIAN_POINT ( 'NONE',  ( 2.580939751330912468, 4.384530124334557577, 0.2999999999999999334 ) ) ;
#5491 = CARTESIAN_POINT ( 'NONE',  ( 3.175602739079014025, 11.56612470205378784, -2.625562286609687046 ) ) ;
#5492 = ORIENTED_EDGE ( 'NONE', *, *, #1371, .F. ) ;
#5493 = ORIENTED_EDGE ( 'NONE', *, *, #2773, .F. ) ;
#5494 = CARTESIAN_POINT ( 'NONE',  ( -4.500000000000000000, 1.500000000000000444, 2.179449471770337432 ) ) ;
#5495 = ORIENTED_EDGE ( 'NONE', *, *, #1813, .T. ) ;
#5496 = EDGE_CURVE ( 'NONE', #8555, #1142, #10405, .T. ) ;
#5497 = CARTESIAN_POINT ( 'NONE',  ( -0.1126976677028369844, -7.802724943655747758, -1.741077270331110816 ) ) ;
#5498 = CARTESIAN_POINT ( 'NONE',  ( 1.499999999999998446, 6.965469875665441180, 11.17499999999999893 ) ) ;
#5499 = PLANE ( 'NONE',  #10473 ) ;
#5500 = EDGE_LOOP ( 'NONE', ( #5842, #1623, #3245, #10219 ) ) ;
#5501 = AXIS2_PLACEMENT_3D ( 'NONE', #899, #8797, #7942 ) ;
#5502 = DIRECTION ( 'NONE',  ( -0.000000000000000000, -1.000000000000000000, -0.000000000000000000 ) ) ;
#5503 = CARTESIAN_POINT ( 'NONE',  ( -1.030666926558653025E-16, 6.965469875665441180, 15.29999999999999893 ) ) ;
#5504 = CARTESIAN_POINT ( 'NONE',  ( 2.580939751330913801, -4.384530124334557577, 15.00000000000000000 ) ) ;
#5505 = CARTESIAN_POINT ( 'NONE',  ( 0.000000000000000000, 8.000000000000000000, 0.000000000000000000 ) ) ;
#5506 = EDGE_LOOP ( 'NONE', ( #5533, #10585, #6237, #189 ) ) ;
#5507 = EDGE_CURVE ( 'NONE', #7628, #8781, #3483, .T. ) ;
#5508 = ORIENTED_EDGE ( 'NONE', *, *, #2710, .T. ) ;
#5509 = VERTEX_POINT ( 'NONE', #2155 ) ;
#5510 = CIRCLE ( 'NONE', #8622, 3.649999999999999467 ) ;
#5511 = CARTESIAN_POINT ( 'NONE',  ( 7.085102807365161404, 3.000000000000000000, -2.885102807365161670 ) ) ;
#5512 = CARTESIAN_POINT ( 'NONE',  ( 0.000000000000000000, 1.500000000000000444, -4.500000000000000000 ) ) ;
#5513 = CARTESIAN_POINT ( 'NONE',  ( -2.149616066072687293, 8.208324503659552462, 7.800000000000000711 ) ) ;
#5514 = AXIS2_PLACEMENT_3D ( 'NONE', #2298, #3159, #11168 ) ;
#5515 = DIRECTION ( 'NONE',  ( 0.000000000000000000, 0.000000000000000000, 1.000000000000000000 ) ) ;
#5516 = CARTESIAN_POINT ( 'NONE',  ( -5.087985294887773513, 3.021034482758621298, -2.966664951328128907 ) ) ;
#5517 = VERTEX_POINT ( 'NONE', #6464 ) ;
#5518 = DIRECTION ( 'NONE',  ( -0.6280440846592173498, -0.7781777610061635375, 0.000000000000000000 ) ) ;
#5519 = ORIENTED_EDGE ( 'NONE', *, *, #9062, .F. ) ;
#5520 = AXIS2_PLACEMENT_3D ( 'NONE', #8627, #6690, #3357 ) ;
#5521 = CIRCLE ( 'NONE', #7726, 1.500000000000000222 ) ;
#5522 = EDGE_CURVE ( 'NONE', #9798, #4484, #9767, .T. ) ;
#5523 = ORIENTED_EDGE ( 'NONE', *, *, #3557, .T. ) ;
#5524 = DIRECTION ( 'NONE',  ( 0.8743379413732511596, -0.4853175911454120084, 0.000000000000000000 ) ) ;
#5525 = VECTOR ( 'NONE', #10371, 1000.000000000000000 ) ;
#5526 = DIRECTION ( 'NONE',  ( -1.143378704878243439E-17, 1.219297567591130895E-16, -1.000000000000000000 ) ) ;
#5527 = AXIS2_PLACEMENT_3D ( 'NONE', #9566, #8774, #3497 ) ;
#5528 = DIRECTION ( 'NONE',  ( 0.000000000000000000, -0.7546055221635206145, -0.6561787149247685358 ) ) ;
#5529 = VERTEX_POINT ( 'NONE', #9153 ) ;
#5530 = VERTEX_POINT ( 'NONE', #6403 ) ;
#5531 = DIRECTION ( 'NONE',  ( -0.000000000000000000, 0.000000000000000000, 1.000000000000000000 ) ) ;
#5532 = DIRECTION ( 'NONE',  ( -0.9673775151489842905, -0.2533391860415135644, 0.000000000000000000 ) ) ;
#5533 = ORIENTED_EDGE ( 'NONE', *, *, #6727, .T. ) ;
#5534 = ORIENTED_EDGE ( 'NONE', *, *, #10408, .T. ) ;
#5535 = ORIENTED_EDGE ( 'NONE', *, *, #1939, .T. ) ;
#5536 = B_SPLINE_CURVE_WITH_KNOTS ( 'NONE', 3,
 ( #5511, #3798, #2072, #5574, #1222, #4709, #8205, #5740, #9242, #8376 ),
 .UNSPECIFIED., .F., .F.,
 ( 4, 2, 2, 2, 4 ),
 ( 3.186890520727777483E-18, 0.0002774483335560889085, 0.0004161725003341317907, 0.0004855345837231526897, 0.0005548966671121734803 ),
 .UNSPECIFIED. ) ;
#5537 = ADVANCED_FACE ( 'NONE', ( #340 ), #6632, .F. ) ;
#5538 = CYLINDRICAL_SURFACE ( 'NONE', #1368, 0.1499999999999999667 ) ;
#5539 = VERTEX_POINT ( 'NONE', #4802 ) ;
#5540 = COLOUR_RGB ( '',0.7921568627450980005, 0.8196078431372548767, 0.9333333333333333481 ) ;
#5541 = EDGE_CURVE ( 'NONE', #6637, #10905, #10884, .T. ) ;
#5542 = DIRECTION ( 'NONE',  ( 8.673617379884035472E-17, 0.000000000000000000, 1.000000000000000000 ) ) ;
#5543 = DIRECTION ( 'NONE',  ( 1.000000000000000000, 0.000000000000000000, 0.000000000000000000 ) ) ;
#5544 = FACE_OUTER_BOUND ( 'NONE', #6512, .T. ) ;
#5545 = AXIS2_PLACEMENT_3D ( 'NONE', #10986, #11150, #2504 ) ;
#5546 = LINE ( 'NONE', #9047, #5031 ) ;
#5547 = CARTESIAN_POINT ( 'NONE',  ( -1.030666926558653025E-16, 6.965469875665441180, 0.000000000000000000 ) ) ;
#5548 = ORIENTED_EDGE ( 'NONE', *, *, #3598, .F. ) ;
#5549 = ORIENTED_EDGE ( 'NONE', *, *, #4860, .F. ) ;
#5550 = CARTESIAN_POINT ( 'NONE',  ( -1.400000000000000133, 12.44809871788125477, 4.429206973128303026 ) ) ;
#5551 = AXIS2_PLACEMENT_3D ( 'NONE', #8089, #1780, #9572 ) ;
#5552 = DIRECTION ( 'NONE',  ( -0.8631770573194726959, 0.5049013445390057031, 0.000000000000000000 ) ) ;
#5553 = ORIENTED_EDGE ( 'NONE', *, *, #5934, .T. ) ;
#5554 = ADVANCED_FACE ( 'NONE', ( #6521 ), #9954, .F. ) ;
#5555 = VECTOR ( 'NONE', #2183, 1000.000000000000000 ) ;
#5556 = ADVANCED_FACE ( 'NONE', ( #5544 ), #3883, .T. ) ;
#5557 = CIRCLE ( 'NONE', #624, 7.650000000000000355 ) ;
#5558 = DIRECTION ( 'NONE',  ( -0.9592845720430323020, 0.2824413387594251756, 0.000000000000000000 ) ) ;
#5559 = CIRCLE ( 'NONE', #630, 7.650000000000000355 ) ;
#5560 = CARTESIAN_POINT ( 'NONE',  ( 1.399999999999999689, 9.768344573749500270, -5.400000000000000355 ) ) ;
#5561 = CARTESIAN_POINT ( 'NONE',  ( 1.379999999999999671, 12.34999999999999964, 2.027069063257455728 ) ) ;
#5562 = VECTOR ( 'NONE', #1861, 1000.000000000000000 ) ;
#5563 = VERTEX_POINT ( 'NONE', #7437 ) ;
#5564 = DIRECTION ( 'NONE',  ( -0.9906889957247189127, 0.1361444591231978085, 0.000000000000000000 ) ) ;
#5565 = LINE ( 'NONE', #2007, #7268 ) ;
#5566 = CARTESIAN_POINT ( 'NONE',  ( -2.280939751330911758, -1.543823096526748540, 15.29999999999999893 ) ) ;
#5567 = DIRECTION ( 'NONE',  ( 1.000000000000000000, 0.000000000000000000, 0.000000000000000000 ) ) ;
#5568 = VERTEX_POINT ( 'NONE', #10068 ) ;
#5569 = VECTOR ( 'NONE', #4418, 1000.000000000000000 ) ;
#5570 = ORIENTED_EDGE ( 'NONE', *, *, #92, .T. ) ;
#5571 = EDGE_CURVE ( 'NONE', #3635, #3552, #2461, .T. ) ;
#5572 = VERTEX_POINT ( 'NONE', #8233 ) ;
#5573 = VECTOR ( 'NONE', #8739, 1000.000000000000000 ) ;
#5574 = CARTESIAN_POINT ( 'NONE',  ( 7.199799341529545593, 3.046643593403177253, -2.586003223429768738 ) ) ;
#5575 = CARTESIAN_POINT ( 'NONE',  ( 1.379999999999999671, 12.34999999999999964, -2.027069063257456172 ) ) ;
#5576 = EDGE_CURVE ( 'NONE', #5035, #4835, #7380, .T. ) ;
#5577 = CARTESIAN_POINT ( 'NONE',  ( -5.107491688851539813, 4.910000000000000142, -2.986171345291896095 ) ) ;
#5578 = CARTESIAN_POINT ( 'NONE',  ( 1.379999999999999671, 12.44809871788125477, -4.429206973128303026 ) ) ;
#5579 = DIRECTION ( 'NONE',  ( -8.673617379884035472E-17, -1.880790961315659671E-33, -1.000000000000000000 ) ) ;
#5580 = EDGE_LOOP ( 'NONE', ( #6110, #10777, #1850, #2080 ) ) ;
#5581 = CARTESIAN_POINT ( 'NONE',  ( -4.694468754111173148, 3.930269601434693172, -2.613951291675112643 ) ) ;
#5582 = VECTOR ( 'NONE', #10925, 1000.000000000000000 ) ;
#5583 = VERTEX_POINT ( 'NONE', #459 ) ;
#5584 = EDGE_LOOP ( 'NONE', ( #9461, #9780, #4763, #10963 ) ) ;
#5585 = CYLINDRICAL_SURFACE ( 'NONE', #2392, 3.649999999999999467 ) ;
#5586 = DIRECTION ( 'NONE',  ( 0.000000000000000000, 0.000000000000000000, 1.000000000000000000 ) ) ;
#5587 = EDGE_CURVE ( 'NONE', #4208, #6369, #647, .T. ) ;
#5588 = LINE ( 'NONE', #7200, #404 ) ;
#5589 = EDGE_CURVE ( 'NONE', #10450, #7628, #5379, .T. ) ;
#5590 = ORIENTED_EDGE ( 'NONE', *, *, #2698, .F. ) ;
#5591 = DIRECTION ( 'NONE',  ( 7.968020348514244863E-17, -0.6561787149247862994, -0.7546055221635049604 ) ) ;
#5592 = LINE ( 'NONE', #557, #5023 ) ;
#5593 = ORIENTED_EDGE ( 'NONE', *, *, #27, .F. ) ;
#5594 = CARTESIAN_POINT ( 'NONE',  ( -1.771168402671605879E-15, 6.965469875665441180, 15.29999999999999893 ) ) ;
#5595 = ORIENTED_EDGE ( 'NONE', *, *, #2964, .T. ) ;
#5596 = AXIS2_PLACEMENT_3D ( 'NONE', #2375, #9588, #6788 ) ;
#5597 = CARTESIAN_POINT ( 'NONE',  ( 0.000000000000000000, 9.768344573749498494, 5.400000000000000355 ) ) ;
#5598 = VERTEX_POINT ( 'NONE', #3999 ) ;
#5599 = PLANE ( 'NONE',  #9702 ) ;
#5600 = CARTESIAN_POINT ( 'NONE',  ( -2.280939751330911314, -4.084530124334557755, 15.00000000000000000 ) ) ;
#5601 = AXIS2_PLACEMENT_3D ( 'NONE', #1281, #1229, #8269 ) ;
#5602 = CARTESIAN_POINT ( 'NONE',  ( -2.149616066072678411, 8.208324503659556015, 7.800000000000000711 ) ) ;
#5603 = EDGE_CURVE ( 'NONE', #9710, #2490, #9218, .T. ) ;
#5604 = CARTESIAN_POINT ( 'NONE',  ( -1.098581491038424840, 0.6205207517233428671, 3.675000000000000266 ) ) ;
#5605 = CARTESIAN_POINT ( 'NONE',  ( -2.280939751330911314, -4.084530124334557755, 15.29999999999999893 ) ) ;
#5606 = VERTEX_POINT ( 'NONE', #4740 ) ;
#5607 = ORIENTED_EDGE ( 'NONE', *, *, #567, .T. ) ;
#5608 = FACE_OUTER_BOUND ( 'NONE', #5344, .T. ) ;
#5609 = CARTESIAN_POINT ( 'NONE',  ( 1.173279993932565768, 12.43117126193364186, 11.17499999999999893 ) ) ;
#5610 = ORIENTED_EDGE ( 'NONE', *, *, #10867, .F. ) ;
#5611 = AXIS2_PLACEMENT_3D ( 'NONE', #2528, #4144, #595 ) ;
#5612 = LINE ( 'NONE', #7556, #7894 ) ;
#5613 = ADVANCED_FACE ( 'NONE', ( #3131 ), #10869, .F. ) ;
#5614 = ORIENTED_EDGE ( 'NONE', *, *, #4746, .T. ) ;
#5615 = ADVANCED_FACE ( 'NONE', ( #4914 ), #287, .T. ) ;
#5616 = DIRECTION ( 'NONE',  ( 1.000000000000000000, 0.000000000000000000, 0.000000000000000000 ) ) ;
#5617 = CYLINDRICAL_SURFACE ( 'NONE', #3156, 3.649999999999999467 ) ;
#5618 = ORIENTED_EDGE ( 'NONE', *, *, #2607, .T. ) ;
#5619 = EDGE_CURVE ( 'NONE', #4775, #4647, #9173, .T. ) ;
#5620 = CARTESIAN_POINT ( 'NONE',  ( -3.649999999999999467, 6.965469875665388777, -2.454779244514313952 ) ) ;
#5621 = CARTESIAN_POINT ( 'NONE',  ( 2.580939751330913801, -4.384530124334557577, 15.00000000000000000 ) ) ;
#5622 = CARTESIAN_POINT ( 'NONE',  ( 1.379999999999999671, 12.37137186834969604, -1.898837853159277334 ) ) ;
#5623 = VERTEX_POINT ( 'NONE', #8988 ) ;
#5624 = ORIENTED_EDGE ( 'NONE', *, *, #6289, .T. ) ;
#5625 = ORIENTED_EDGE ( 'NONE', *, *, #254, .F. ) ;
#5626 = LINE ( 'NONE', #1273, #6982 ) ;
#5627 = AXIS2_PLACEMENT_3D ( 'NONE', #136, #4363, #6193 ) ;
#5628 = EDGE_CURVE ( 'NONE', #1267, #4775, #288, .T. ) ;
#5629 = DIRECTION ( 'NONE',  ( 0.000000000000000000, 0.000000000000000000, 1.000000000000000000 ) ) ;
#5630 = LINE ( 'NONE', #4543, #6812 ) ;
#5631 = EDGE_CURVE ( 'NONE', #992, #10117, #3034, .T. ) ;
#5632 = DIRECTION ( 'NONE',  ( -1.000000000000000000, 0.000000000000000000, 0.000000000000000000 ) ) ;
#5633 = CARTESIAN_POINT ( 'NONE',  ( 1.098581491038425728, 0.6205207517233434222, 3.675000000000000266 ) ) ;
#5634 = FACE_OUTER_BOUND ( 'NONE', #9024, .T. ) ;
#5635 = ORIENTED_EDGE ( 'NONE', *, *, #5113, .T. ) ;
#5636 = CARTESIAN_POINT ( 'NONE',  ( 2.580939751330912024, 4.384530124334557577, 0.2999999999999999334 ) ) ;
#5637 = ORIENTED_EDGE ( 'NONE', *, *, #2903, .T. ) ;
#5638 = AXIS2_PLACEMENT_3D ( 'NONE', #4194, #1446, #5161 ) ;
#5639 = ORIENTED_EDGE ( 'NONE', *, *, #9348, .F. ) ;
#5640 = ADVANCED_FACE ( 'NONE', ( #2732 ), #4516, .T. ) ;
#5641 = UNCERTAINTY_MEASURE_WITH_UNIT (LENGTH_MEASURE( 1.000000000000000082E-05 ), #9258, 'distance_accuracy_value', 'NONE');
#5642 = DIRECTION ( 'NONE',  ( -0.7071067811865473507, 5.551115123125781470E-17, 0.7071067811865477948 ) ) ;
#5643 = DIRECTION ( 'NONE',  ( 0.000000000000000000, -1.000000000000000000, 0.000000000000000000 ) ) ;
#5644 = VERTEX_POINT ( 'NONE', #2682 ) ;
#5645 = VECTOR ( 'NONE', #3561, 1000.000000000000114 ) ;
#5646 = ORIENTED_EDGE ( 'NONE', *, *, #2393, .F. ) ;
#5647 = LINE ( 'NONE', #2092, #553 ) ;
#5648 = CARTESIAN_POINT ( 'NONE',  ( -1.396794528132614621, 10.33763016933162149, 7.800000000000000711 ) ) ;
#5649 = VERTEX_POINT ( 'NONE', #9898 ) ;
#5650 = DIRECTION ( 'NONE',  ( 0.000000000000000000, 0.000000000000000000, 1.000000000000000000 ) ) ;
#5651 = ORIENTED_EDGE ( 'NONE', *, *, #8857, .F. ) ;
#5652 = CARTESIAN_POINT ( 'NONE',  ( -2.986171345291897872, 3.090000000000000746, -5.107491688851538925 ) ) ;
#5653 = ORIENTED_EDGE ( 'NONE', *, *, #334, .F. ) ;
#5654 = EDGE_CURVE ( 'NONE', #5160, #9382, #5546, .T. ) ;
#5655 = CIRCLE ( 'NONE', #716, 0.01999999999999999695 ) ;
#5656 = DIRECTION ( 'NONE',  ( 0.000000000000000000, 0.000000000000000000, -1.000000000000000000 ) ) ;
#5657 = CARTESIAN_POINT ( 'NONE',  ( -4.600654826388333341, 10.14107261474447874, 7.800000000000000711 ) ) ;
#5658 = DIRECTION ( 'NONE',  ( 0.4876598490941726483, -0.7241379310344822073, -0.4876598490941694841 ) ) ;
#5659 = CARTESIAN_POINT ( 'NONE',  ( 3.648334813386796327, 6.855228824192193926, 3.675000000000000266 ) ) ;
#5660 = PLANE ( 'NONE',  #8121 ) ;
#5661 = ORIENTED_EDGE ( 'NONE', *, *, #3363, .T. ) ;
#5662 = VERTEX_POINT ( 'NONE', #3654 ) ;
#5663 = CARTESIAN_POINT ( 'NONE',  ( -1.294307837705266806, 10.37827916146720142, 0.000000000000000000 ) ) ;
#5664 = AXIS2_PLACEMENT_3D ( 'NONE', #1844, #8790, #7124 ) ;
#5665 =( LENGTH_UNIT ( ) NAMED_UNIT ( * ) SI_UNIT ( .MILLI., .METRE. ) );
#5666 = EDGE_CURVE ( 'NONE', #440, #8553, #7153, .T. ) ;
#5667 = DIRECTION ( 'NONE',  ( -2.472789881105114667E-16, 1.000000000000000000, 0.000000000000000000 ) ) ;
#5668 = CARTESIAN_POINT ( 'NONE',  ( 5.465701386268194462, 5.792189881732856094, 7.800000000000000711 ) ) ;
#5669 = PLANE ( 'NONE',  #2796 ) ;
#5670 = ORIENTED_EDGE ( 'NONE', *, *, #357, .F. ) ;
#5671 = DIRECTION ( 'NONE',  ( 0.000000000000000000, 0.000000000000000000, 1.000000000000000000 ) ) ;
#5672 = DIRECTION ( 'NONE',  ( 1.000000000000000000, 0.000000000000000000, 0.000000000000000000 ) ) ;
#5673 = DIRECTION ( 'NONE',  ( 0.9943490029226543792, 0.1061605406293850001, 0.000000000000000000 ) ) ;
#5674 = ORIENTED_EDGE ( 'NONE', *, *, #9408, .F. ) ;
#5675 = ORIENTED_EDGE ( 'NONE', *, *, #8488, .T. ) ;
#5676 = EDGE_CURVE ( 'NONE', #8273, #10948, #10532, .T. ) ;
#5677 = ORIENTED_EDGE ( 'NONE', *, *, #7711, .F. ) ;
#5678 = VECTOR ( 'NONE', #10185, 1000.000000000000114 ) ;
#5679 = ADVANCED_FACE ( 'NONE', ( #61 ), #6296, .T. ) ;
#5680 = CARTESIAN_POINT ( 'NONE',  ( -2.969848480983505290, 1.499999999999999556, -7.049999999999998046 ) ) ;
#5681 = VECTOR ( 'NONE', #938, 1000.000000000000227 ) ;
#5682 = CARTESIAN_POINT ( 'NONE',  ( -1.771168402671605879E-15, 6.965469875665441180, 7.800000000000000711 ) ) ;
#5683 = CARTESIAN_POINT ( 'NONE',  ( 1.399999999999999689, 12.48000000000000220, 4.343903740188081564 ) ) ;
#5684 = DIRECTION ( 'NONE',  ( 0.000000000000000000, 1.000000000000000000, 0.000000000000000000 ) ) ;
#5685 = CARTESIAN_POINT ( 'NONE',  ( 2.472299299311668364, 0.2639522234558933644, 3.675000000000000266 ) ) ;
#5686 = DIRECTION ( 'NONE',  ( -0.000000000000000000, -0.000000000000000000, -1.000000000000000000 ) ) ;
#5687 = ORIENTED_EDGE ( 'NONE', *, *, #4488, .F. ) ;
#5688 = CYLINDRICAL_SURFACE ( 'NONE', #8377, 0.01999999999999992062 ) ;
#5689 = LINE ( 'NONE', #9191, #3782 ) ;
#5690 = ORIENTED_EDGE ( 'NONE', *, *, #8320, .T. ) ;
#5691 = EDGE_CURVE ( 'NONE', #5767, #8856, #1937, .T. ) ;
#5692 = AXIS2_PLACEMENT_3D ( 'NONE', #1207, #3611, #7909 ) ;
#5693 = ADVANCED_FACE ( 'NONE', ( #8937 ), #120, .T. ) ;
#5694 = VERTEX_POINT ( 'NONE', #7099 ) ;
#5695 = EDGE_CURVE ( 'NONE', #1957, #9599, #2910, .T. ) ;
#5696 = FACE_OUTER_BOUND ( 'NONE', #3013, .T. ) ;
#5697 = VECTOR ( 'NONE', #4139, 1000.000000000000114 ) ;
#5698 = DIRECTION ( 'NONE',  ( 1.000000000000000000, 2.168404344971005170E-17, 0.000000000000000000 ) ) ;
#5699 = ORIENTED_EDGE ( 'NONE', *, *, #4934, .F. ) ;
#5700 = CIRCLE ( 'NONE', #766, 3.649999999999999467 ) ;
#5701 = ORIENTED_EDGE ( 'NONE', *, *, #3310, .F. ) ;
#5702 = CARTESIAN_POINT ( 'NONE',  ( -0.4338126793328013764, 9.560436211757018299, -2.613951291675112643 ) ) ;
#5703 = CARTESIAN_POINT ( 'NONE',  ( -3.372160293666216280, 8.362264403797977863, 7.800000000000000711 ) ) ;
#5704 = ORIENTED_EDGE ( 'NONE', *, *, #7031, .F. ) ;
#5705 = DIRECTION ( 'NONE',  ( 0.000000000000000000, 0.000000000000000000, -1.000000000000000000 ) ) ;
#5706 = ORIENTED_EDGE ( 'NONE', *, *, #9160, .T. ) ;
#5707 = FACE_OUTER_BOUND ( 'NONE', #9424, .T. ) ;
#5708 = ORIENTED_EDGE ( 'NONE', *, *, #7241, .T. ) ;
#5709 = AXIS2_PLACEMENT_3D ( 'NONE', #1390, #5905, #9406 ) ;
#5710 = ADVANCED_FACE ( 'NONE', ( #6174 ), #225, .T. ) ;
#5711 = VECTOR ( 'NONE', #9608, 1000.000000000000000 ) ;
#5712 = LINE ( 'NONE', #3997, #4422 ) ;
#5713 = DIRECTION ( 'NONE',  ( 1.000000000000000000, 2.168404344971008252E-17, 8.673617379884035472E-17 ) ) ;
#5714 = DIRECTION ( 'NONE',  ( -1.000000000000000000, 0.000000000000000000, 0.000000000000000000 ) ) ;
#5715 = LINE ( 'NONE', #5604, #5014 ) ;
#5716 = DIRECTION ( 'NONE',  ( 1.000000000000000000, 0.000000000000000000, 0.000000000000000000 ) ) ;
#5717 = ADVANCED_FACE ( 'NONE', ( #1814 ), #971, .T. ) ;
#5718 = ORIENTED_EDGE ( 'NONE', *, *, #10090, .T. ) ;
#5719 = AXIS2_PLACEMENT_3D ( 'NONE', #11052, #11108, #6646 ) ;
#5720 = ORIENTED_EDGE ( 'NONE', *, *, #10502, .T. ) ;
#5721 = DIRECTION ( 'NONE',  ( -2.472789881105114667E-16, -1.000000000000000000, 0.000000000000000000 ) ) ;
#5722 = AXIS2_PLACEMENT_3D ( 'NONE', #2526, #6133, #9678 ) ;
#5723 = CIRCLE ( 'NONE', #8648, 7.649999999999996803 ) ;
#5724 = DIRECTION ( 'NONE',  ( -0.000000000000000000, -0.000000000000000000, -1.000000000000000000 ) ) ;
#5725 = PLANE ( 'NONE',  #755 ) ;
#5726 = VECTOR ( 'NONE', #9001, 1000.000000000000000 ) ;
#5727 = EDGE_LOOP ( 'NONE', ( #10555, #4379, #1959, #40 ) ) ;
#5728 = VECTOR ( 'NONE', #880, 1000.000000000000114 ) ;
#5729 = CARTESIAN_POINT ( 'NONE',  ( 2.280939751330913534, -1.472748324171860190, 15.29999999999999893 ) ) ;
#5730 = EDGE_CURVE ( 'NONE', #5450, #6750, #1875, .T. ) ;
#5731 = EDGE_CURVE ( 'NONE', #4678, #2297, #4646, .T. ) ;
#5732 = ORIENTED_EDGE ( 'NONE', *, *, #2908, .T. ) ;
#5733 = DIRECTION ( 'NONE',  ( 0.000000000000000000, 0.000000000000000000, 1.000000000000000000 ) ) ;
#5734 = CARTESIAN_POINT ( 'NONE',  ( -1.380000000000000115, 6.649999999999999467, 4.379999999999999893 ) ) ;
#5735 = LINE ( 'NONE', #9864, #2071 ) ;
#5736 = ORIENTED_EDGE ( 'NONE', *, *, #10942, .F. ) ;
#5737 = CIRCLE ( 'NONE', #7557, 0.01999999999999996225 ) ;
#5738 = EDGE_LOOP ( 'NONE', ( #9035, #1967, #3409, #1914, #22 ) ) ;
#5739 = VERTEX_POINT ( 'NONE', #6578 ) ;
#5740 = CARTESIAN_POINT ( 'NONE',  ( 7.248827492908197279, 3.153668633940834187, -2.444832771519089842 ) ) ;
#5741 = AXIS2_PLACEMENT_3D ( 'NONE', #9725, #3717, #3544 ) ;
#5742 = CARTESIAN_POINT ( 'NONE',  ( -2.670106700085400853, 0.3669367824343605089, 11.17499999999999893 ) ) ;
#5743 = FACE_OUTER_BOUND ( 'NONE', #10987, .T. ) ;
#5744 = EDGE_CURVE ( 'NONE', #10894, #8917, #4465, .T. ) ;
#5745 = DIRECTION ( 'NONE',  ( 1.000000000000000000, 0.000000000000000000, 0.000000000000000000 ) ) ;
#5746 = DIRECTION ( 'NONE',  ( -0.000000000000000000, 1.000000000000000000, -0.000000000000000000 ) ) ;
#5747 = CARTESIAN_POINT ( 'NONE',  ( -1.030666926558653025E-16, 6.965469875665441180, 15.29999999999999893 ) ) ;
#5748 = PRESENTATION_LAYER_ASSIGNMENT (  '', '', ( #9574 ) ) ;
#5749 = ORIENTED_EDGE ( 'NONE', *, *, #3098, .T. ) ;
#5750 = CYLINDRICAL_SURFACE ( 'NONE', #10381, 0.1499999999999999667 ) ;
#5751 = DIRECTION ( 'NONE',  ( 0.9943490029226539351, 0.1061605406293884973, -0.000000000000000000 ) ) ;
#5752 = ORIENTED_EDGE ( 'NONE', *, *, #9243, .F. ) ;
#5753 = VECTOR ( 'NONE', #8752, 1000.000000000000000 ) ;
#5754 = ORIENTED_EDGE ( 'NONE', *, *, #8613, .T. ) ;
#5755 = AXIS2_PLACEMENT_3D ( 'NONE', #9372, #3449, #7485 ) ;
#5756 = CARTESIAN_POINT ( 'NONE',  ( 1.379999999999999671, 11.54484625457503100, -5.498426807238717906 ) ) ;
#5757 = CARTESIAN_POINT ( 'NONE',  ( 5.036781010732885200, 3.090000000000000746, 2.915460667173241038 ) ) ;
#5758 = CARTESIAN_POINT ( 'NONE',  ( 1.399999999999999689, 12.37137186834969604, 1.898837853159276889 ) ) ;
#5759 = CIRCLE ( 'NONE', #6119, 0.2999999999999999334 ) ;
#5760 = ORIENTED_EDGE ( 'NONE', *, *, #9261, .F. ) ;
#5762 = EDGE_CURVE ( 'NONE', #7223, #10760, #829, .T. ) ;
#5761 = FACE_OUTER_BOUND ( 'NONE', #6689, .T. ) ;
#5763 = CARTESIAN_POINT ( 'NONE',  ( 0.000000000000000000, 12.37465984809580277, 1.879109974682634077 ) ) ;
#5764 = ORIENTED_EDGE ( 'NONE', *, *, #3829, .F. ) ;
#5765 = DIRECTION ( 'NONE',  ( -1.000000000000000000, 0.000000000000000000, 0.000000000000000000 ) ) ;
#5766 = EDGE_CURVE ( 'NONE', #11300, #4507, #3371, .T. ) ;
#5767 = VERTEX_POINT ( 'NONE', #2103 ) ;
#5768 = DIRECTION ( 'NONE',  ( 0.000000000000000000, 0.000000000000000000, -1.000000000000000000 ) ) ;
#5769 = EDGE_LOOP ( 'NONE', ( #2900, #6897, #2218, #7780, #9070, #9537, #2594, #1258, #1431, #10316 ) ) ;
#5770 = AXIS2_PLACEMENT_3D ( 'NONE', #5259, #7960, #8760 ) ;
#5771 = CARTESIAN_POINT ( 'NONE',  ( -3.328434437871126583, 8.463476615568009009, -2.625562286609687046 ) ) ;
#5772 = CARTESIAN_POINT ( 'NONE',  ( -2.280939751330911314, -4.084530124334557755, 0.2999999999999999889 ) ) ;
#5773 = CARTESIAN_POINT ( 'NONE',  ( 2.279064564105362400, 6.000000000000000000, -4.400384907664983025 ) ) ;
#5774 = CARTESIAN_POINT ( 'NONE',  ( -5.107491688851570011, 4.950000000000000178, 2.986171345291844137 ) ) ;
#5775 = CYLINDRICAL_SURFACE ( 'NONE', #11035, 0.2999999999999999334 ) ;
#5776 = VERTEX_POINT ( 'NONE', #568 ) ;
#5777 = EDGE_CURVE ( 'NONE', #10856, #4280, #9325, .T. ) ;
#5778 = ORIENTED_EDGE ( 'NONE', *, *, #1828, .F. ) ;
#5779 = CARTESIAN_POINT ( 'NONE',  ( 0.000000000000000000, 6.649999999999999467, -4.549999999999999822 ) ) ;
#5780 = LINE ( 'NONE', #573, #1708 ) ;
#5781 = AXIS2_PLACEMENT_3D ( 'NONE', #6004, #1819, #806 ) ;
#5782 = EDGE_CURVE ( 'NONE', #9157, #2772, #8674, .T. ) ;
#5783 = DIRECTION ( 'NONE',  ( 1.000000000000000000, 0.000000000000000000, 0.000000000000000000 ) ) ;
#5784 = CARTESIAN_POINT ( 'NONE',  ( 0.000000000000000000, 8.000000000000000000, 0.000000000000000000 ) ) ;
#5785 = CARTESIAN_POINT ( 'NONE',  ( -1.379999999999999227, 2.790441948979335951, -2.426471259982029505 ) ) ;
#5786 = ORIENTED_EDGE ( 'NONE', *, *, #4150, .T. ) ;
#5787 = LINE ( 'NONE', #6759, #8203 ) ;
#5788 = CARTESIAN_POINT ( 'NONE',  ( 1.399999999999999689, 8.631655426250503638, 4.379999999999999893 ) ) ;
#5789 = VECTOR ( 'NONE', #3979, 1000.000000000000000 ) ;
#5790 = CARTESIAN_POINT ( 'NONE',  ( -0.2114695168097532052, 0.06226278955716994801, 11.17499999999999893 ) ) ;
#5791 = ORIENTED_EDGE ( 'NONE', *, *, #7542, .F. ) ;
#5792 = EDGE_LOOP ( 'NONE', ( #3587, #2940, #9865, #4059, #10906, #5195, #6594, #5708, #4816, #4048, #1998, #7946, #2650, #4867 ) ) ;
#5793 = ORIENTED_EDGE ( 'NONE', *, *, #9562, .T. ) ;
#5794 = EDGE_CURVE ( 'NONE', #9599, #1228, #3884, .T. ) ;
#5795 = EDGE_CURVE ( 'NONE', #5483, #10856, #5715, .T. ) ;
#5796 = VECTOR ( 'NONE', #8145, 1000.000000000000114 ) ;
#5797 = LINE ( 'NONE', #9345, #4971 ) ;
#5798 = LINE ( 'NONE', #9299, #9010 ) ;
#5799 = DIRECTION ( 'NONE',  ( 0.000000000000000000, 0.000000000000000000, 1.000000000000000000 ) ) ;
#5800 = CARTESIAN_POINT ( 'NONE',  ( -7.203334277753509873, 3.008500636646442405, -2.577311054879313446 ) ) ;
#5801 = FACE_OUTER_BOUND ( 'NONE', #4060, .T. ) ;
#5802 = CARTESIAN_POINT ( 'NONE',  ( 1.379999999999999671, 12.46319082832452629, 4.442330547426799114 ) ) ;
#5803 = DIRECTION ( 'NONE',  ( -0.7967915771908303801, -0.6042542366568471879, 0.000000000000000000 ) ) ;
#5804 = ORIENTED_EDGE ( 'NONE', *, *, #7869, .F. ) ;
#5805 = ORIENTED_EDGE ( 'NONE', *, *, #11274, .F. ) ;
#5806 = ORIENTED_EDGE ( 'NONE', *, *, #2724, .T. ) ;
#5807 = EDGE_CURVE ( 'NONE', #9280, #9031, #4864, .T. ) ;
#5808 = DIRECTION ( 'NONE',  ( 1.000000000000000000, 2.168404344971008252E-17, 8.673617379884035472E-17 ) ) ;
#5809 = PLANE ( 'NONE',  #8281 ) ;
#5810 = DIRECTION ( 'NONE',  ( 0.000000000000000000, -0.000000000000000000, -1.000000000000000000 ) ) ;
#5811 = ORIENTED_EDGE ( 'NONE', *, *, #9069, .F. ) ;
#5812 = DIRECTION ( 'NONE',  ( 0.000000000000000000, 0.000000000000000000, -1.000000000000000000 ) ) ;
#5813 = CYLINDRICAL_SURFACE ( 'NONE', #10148, 1.650000000000000355 ) ;
#5814 = ORIENTED_EDGE ( 'NONE', *, *, #9463, .F. ) ;
#5815 = VECTOR ( 'NONE', #3391, 1000.000000000000114 ) ;
#5816 = CARTESIAN_POINT ( 'NONE',  ( 1.393823247546297939, 6.500000000000000000, -0.8140959846906093977 ) ) ;
#5817 = VERTEX_POINT ( 'NONE', #5659 ) ;
#5818 = PLANE ( 'NONE',  #10143 ) ;
#5819 = ORIENTED_EDGE ( 'NONE', *, *, #2964, .F. ) ;
#5820 = EDGE_CURVE ( 'NONE', #7628, #1029, #9101, .T. ) ;
#5821 = CARTESIAN_POINT ( 'NONE',  ( -2.472118714102114367, 3.116491533522731672, 7.239567554180997178 ) ) ;
#5822 = AXIS2_PLACEMENT_3D ( 'NONE', #2400, #1544, #11057 ) ;
#5823 = EDGE_CURVE ( 'NONE', #6383, #9364, #6633, .T. ) ;
#5824 = DIRECTION ( 'NONE',  ( 1.000000000000000000, 0.000000000000000000, 0.000000000000000000 ) ) ;
#5825 = CARTESIAN_POINT ( 'NONE',  ( 4.046831517071730389, 4.910000000000000142, -4.046831517071705520 ) ) ;
#5826 = FACE_OUTER_BOUND ( 'NONE', #8455, .T. ) ;
#5827 = DIRECTION ( 'NONE',  ( -0.7967915771908303801, -0.6042542366568471879, 0.000000000000000000 ) ) ;
#5828 = ORIENTED_EDGE ( 'NONE', *, *, #1387, .T. ) ;
#5829 = EDGE_LOOP ( 'NONE', ( #5394, #7811 ) ) ;
#5830 = CARTESIAN_POINT ( 'NONE',  ( -2.571963978632912706, 3.200000000000000178, -7.204686064820227998 ) ) ;
#5831 = ADVANCED_FACE ( 'NONE', ( #7383 ), #10133, .T. ) ;
#5832 = DIRECTION ( 'NONE',  ( -3.166629535138675662E-17, -0.3650875288184563527, -0.9309731984870631694 ) ) ;
#5833 = EDGE_CURVE ( 'NONE', #1183, #10725, #8298, .T. ) ;
#5834 = ORIENTED_EDGE ( 'NONE', *, *, #7998, .T. ) ;
#5835 = CARTESIAN_POINT ( 'NONE',  ( 3.372160293666205177, 5.568675347532884068, 7.800000000000000711 ) ) ;
#5836 = DIRECTION ( 'NONE',  ( 1.000000000000000000, 0.000000000000000000, 0.000000000000000000 ) ) ;
#5837 = ORIENTED_EDGE ( 'NONE', *, *, #5496, .F. ) ;
#5838 = FACE_OUTER_BOUND ( 'NONE', #129, .T. ) ;
#5839 = CARTESIAN_POINT ( 'NONE',  ( -3.328434437871129692, 8.463476615568003680, 3.675000000000000266 ) ) ;
#5840 = EDGE_CURVE ( 'NONE', #9328, #4756, #461, .T. ) ;
#5841 = CARTESIAN_POINT ( 'NONE',  ( -2.280939751330912202, 4.115941168879268197, 0.000000000000000000 ) ) ;
#5842 = ORIENTED_EDGE ( 'NONE', *, *, #2537, .F. ) ;
#5843 = VERTEX_POINT ( 'NONE', #10926 ) ;
#5844 = EDGE_LOOP ( 'NONE', ( #7884, #452, #8468, #9990 ) ) ;
#5845 = VECTOR ( 'NONE', #3183, 1000.000000000000000 ) ;
#5846 = DIRECTION ( 'NONE',  ( 1.000000000000000000, 2.168404344971008252E-17, -8.673617379884035472E-17 ) ) ;
#5847 = CARTESIAN_POINT ( 'NONE',  ( -2.986171345291949830, 4.909999999999999254, 5.107491688851508727 ) ) ;
#5848 = CARTESIAN_POINT ( 'NONE',  ( -1.030666926558653025E-16, 6.965469875665441180, 0.000000000000000000 ) ) ;
#5849 = LINE ( 'NONE', #5047, #369 ) ;
#5850 = CARTESIAN_POINT ( 'NONE',  ( 0.000000000000000000, 7.500000000000000000, 0.000000000000000000 ) ) ;
#5851 = EDGE_CURVE ( 'NONE', #1473, #9087, #3076, .T. ) ;
#5852 = DIRECTION ( 'NONE',  ( 0.7071067811865451302, -3.056747976430751789E-16, 0.7071067811865500152 ) ) ;
#5853 = PLANE ( 'NONE',  #671 ) ;
#5854 = VERTEX_POINT ( 'NONE', #1367 ) ;
#5855 = TOROIDAL_SURFACE ( 'NONE', #3114, 0.1699999999999999845, 0.02000000000000000042 ) ;
#5856 = VERTEX_POINT ( 'NONE', #8407 ) ;
#5857 = ORIENTED_EDGE ( 'NONE', *, *, #7359, .T. ) ;
#5858 = DIRECTION ( 'NONE',  ( 0.000000000000000000, 0.000000000000000000, -1.000000000000000000 ) ) ;
#5859 = CONTEXT_DEPENDENT_SHAPE_REPRESENTATION ( #4066, #3370 ) ;
#5860 = FACE_OUTER_BOUND ( 'NONE', #1782, .T. ) ;
#5861 = CARTESIAN_POINT ( 'NONE',  ( 2.280939751330914422, -4.084530124334556866, 15.29999999999999893 ) ) ;
#5862 = ORIENTED_EDGE ( 'NONE', *, *, #5807, .F. ) ;
#5863 = CYLINDRICAL_SURFACE ( 'NONE', #8413, 3.649999999999999467 ) ;
#5864 = DIRECTION ( 'NONE',  ( 4.945579762210229334E-17, -1.000000000000000000, 0.000000000000000000 ) ) ;
#5865 = EDGE_CURVE ( 'NONE', #3767, #320, #2450, .T. ) ;
#5866 = ORIENTED_EDGE ( 'NONE', *, *, #532, .T. ) ;
#5868 = CARTESIAN_POINT ( 'NONE',  ( -2.932862173304878972, 3.000000000000000444, -7.066080920955845279 ) ) ;
#5867 = CIRCLE ( 'NONE', #8801, 1.650000000000000355 ) ;
#5869 = ORIENTED_EDGE ( 'NONE', *, *, #782, .F. ) ;
#5870 = DIRECTION ( 'NONE',  ( 0.6936187941687647074, 0.000000000000000000, -0.7203422578024065714 ) ) ;
#5871 = ORIENTED_EDGE ( 'NONE', *, *, #8843, .F. ) ;
#5872 = CIRCLE ( 'NONE', #10089, 3.649999999999999467 ) ;
#5873 = DIRECTION ( 'NONE',  ( 0.000000000000000000, 1.000000000000000000, 0.000000000000000000 ) ) ;
#5874 = AXIS2_PLACEMENT_3D ( 'NONE', #5889, #10411, #2455 ) ;
#5875 = FACE_BOUND ( 'NONE', #6093, .T. ) ;
#5876 = DIRECTION ( 'NONE',  ( 3.564834783817703950E-17, -0.9863939238321437486, -0.1643989873053572637 ) ) ;
#5877 = LINE ( 'NONE', #6798, #8866 ) ;
#5878 = DIRECTION ( 'NONE',  ( 0.2824413387594238434, 0.9592845720430326351, 0.000000000000000000 ) ) ;
#5879 = ADVANCED_FACE ( 'NONE', ( #5826 ), #8183, .T. ) ;
#5880 = ORIENTED_EDGE ( 'NONE', *, *, #7094, .T. ) ;
#5881 = ORIENTED_EDGE ( 'NONE', *, *, #6392, .T. ) ;
#5882 = SURFACE_STYLE_USAGE ( .BOTH. , #1312 ) ;
#5883 = VECTOR ( 'NONE', #5045, 1000.000000000000000 ) ;
#5884 = CARTESIAN_POINT ( 'NONE',  ( 1.379999999999999671, 6.500000000000000000, 0.7729309367425446498 ) ) ;
#5885 = VECTOR ( 'NONE', #10236, 1000.000000000000000 ) ;
#5886 = AXIS2_PLACEMENT_3D ( 'NONE', #890, #6092, #9582 ) ;
#5887 = AXIS2_PLACEMENT_3D ( 'NONE', #4644, #8140, #3145 ) ;
#5888 = VECTOR ( 'NONE', #11010, 1000.000000000000114 ) ;
#5889 = CARTESIAN_POINT ( 'NONE',  ( -2.580939751330913801, -4.384530124334558465, 15.29999999999999893 ) ) ;
#5890 = CARTESIAN_POINT ( 'NONE',  ( -1.030666926558653025E-16, 6.965469875665441180, 15.29999999999999893 ) ) ;
#5891 = VECTOR ( 'NONE', #5643, 1000.000000000000000 ) ;
#5892 = ORIENTED_EDGE ( 'NONE', *, *, #9741, .F. ) ;
#5893 = EDGE_CURVE ( 'NONE', #3292, #4436, #6274, .T. ) ;
#5894 = CARTESIAN_POINT ( 'NONE',  ( 2.168404344971008868E-16, 2.565469875665443045, 7.800000000000000711 ) ) ;
#5895 = ADVANCED_FACE ( 'NONE', ( #8634, #5130 ), #7777, .T. ) ;
#5896 = CARTESIAN_POINT ( 'NONE',  ( -1.771168402671605879E-15, 6.965469875665441180, 0.000000000000000000 ) ) ;
#5897 = DIRECTION ( 'NONE',  ( 0.2824413387594237879, 0.9592845720430326351, 0.000000000000000000 ) ) ;
#5898 = EDGE_LOOP ( 'NONE', ( #3125, #4362, #9002, #2067 ) ) ;
#5899 = ADVANCED_FACE ( 'NONE', ( #5990 ), #10402, .T. ) ;
#5900 = ORIENTED_EDGE ( 'NONE', *, *, #7170, .F. ) ;
#5901 = ORIENTED_EDGE ( 'NONE', *, *, #10329, .T. ) ;
#5902 = VECTOR ( 'NONE', #2870, 1000.000000000000000 ) ;
#5903 = VECTOR ( 'NONE', #90, 1000.000000000000000 ) ;
#5904 = DIRECTION ( 'NONE',  ( 0.9592845720430317469, -0.2824413387594271740, 0.000000000000000000 ) ) ;
#5905 = DIRECTION ( 'NONE',  ( 0.000000000000000000, 0.9863939238321415282, -0.1643989873053704753 ) ) ;
#5906 = CARTESIAN_POINT ( 'NONE',  ( -0.4338126793327944375, 9.560436211757014746, 0.000000000000000000 ) ) ;
#5907 = CARTESIAN_POINT ( 'NONE',  ( -7.247201726393521781, 3.046453914618040937, -2.450016609050683414 ) ) ;
#5908 = CARTESIAN_POINT ( 'NONE',  ( 3.372160293666184305, 8.362264403798048917, -2.613951291675112643 ) ) ;
#5909 = CIRCLE ( 'NONE', #10670, 0.1000000000000001305 ) ;
#5910 = CARTESIAN_POINT ( 'NONE',  ( -0.9207303298070211861, 8.623988536384672443, 11.17499999999999893 ) ) ;
#5911 = CARTESIAN_POINT ( 'NONE',  ( 2.312024219028190775, 5.951057409446828039, 4.433344562587832272 ) ) ;
#5912 = ORIENTED_EDGE ( 'NONE', *, *, #1051, .F. ) ;
#5913 = EDGE_CURVE ( 'NONE', #8781, #9413, #1583, .T. ) ;
#5914 = AXIS2_PLACEMENT_3D ( 'NONE', #3150, #11162, #9397 ) ;
#5915 = EDGE_LOOP ( 'NONE', ( #2847, #5366, #9934, #114 ) ) ;
#5916 = ORIENTED_EDGE ( 'NONE', *, *, #6778, .F. ) ;
#5917 = AXIS2_PLACEMENT_3D ( 'NONE', #10624, #8920, #10400 ) ;
#5918 = B_SPLINE_CURVE_WITH_KNOTS ( 'NONE', 3,
 ( #3533, #1862, #6550, #2132, #8265, #8806, #8870, #9185, #3051, #8926 ),
 .UNSPECIFIED., .F., .F.,
 ( 4, 3, 3, 4 ),
 ( 0.000000000000000000, 3.932309463598236910E-05, 8.009671586239446852E-05, 8.254620561176657771E-05 ),
 .UNSPECIFIED. ) ;
#5919 = EDGE_CURVE ( 'NONE', #1513, #440, #996, .T. ) ;
#5920 = DIRECTION ( 'NONE',  ( 1.000000000000000000, 0.000000000000000000, 0.000000000000000000 ) ) ;
#5921 = AXIS2_PLACEMENT_3D ( 'NONE', #3811, #7307, #3864 ) ;
#5922 = VECTOR ( 'NONE', #1088, 1000.000000000000000 ) ;
#5923 = CARTESIAN_POINT ( 'NONE',  ( -1.380000000000000115, 6.649999999999999467, -4.400000000000000355 ) ) ;
#5924 = DIRECTION ( 'NONE',  ( 0.8780328119034598311, 0.4786004400550665783, 0.000000000000000000 ) ) ;
#5925 = ORIENTED_EDGE ( 'NONE', *, *, #786, .T. ) ;
#5926 = DIRECTION ( 'NONE',  ( -1.000000000000000000, -2.168404344971008252E-17, -8.673617379884035472E-17 ) ) ;
#5927 = FACE_OUTER_BOUND ( 'NONE', #3530, .T. ) ;
#5928 = AXIS2_PLACEMENT_3D ( 'NONE', #3601, #4458, #10583 ) ;
#5929 = ORIENTED_EDGE ( 'NONE', *, *, #719, .F. ) ;
#5930 = CARTESIAN_POINT ( 'NONE',  ( -3.763140835808864715, 6.903798770585690470, 3.675000000000000266 ) ) ;
#5931 = VERTEX_POINT ( 'NONE', #4219 ) ;
#5932 = ORIENTED_EDGE ( 'NONE', *, *, #2205, .T. ) ;
#5933 = VECTOR ( 'NONE', #4313, 1000.000000000000000 ) ;
#5934 = EDGE_CURVE ( 'NONE', #6358, #4725, #8126, .T. ) ;
#5935 = DIRECTION ( 'NONE',  ( 0.2824413387594217895, 0.9592845720430331902, 0.000000000000000000 ) ) ;
#5936 = EDGE_CURVE ( 'NONE', #1086, #4775, #5877, .T. ) ;
#5937 = AXIS2_PLACEMENT_3D ( 'NONE', #10119, #7425, #9143 ) ;
#5938 = CARTESIAN_POINT ( 'NONE',  ( -3.140055051430238109, 1.508506057664685152, 6.976435135045778502 ) ) ;
#5939 = PLANE ( 'NONE',  #6641 ) ;
#5940 = CARTESIAN_POINT ( 'NONE',  ( 2.179449471770337432, 7.633692192606185145, 4.500000000000000000 ) ) ;
#5941 = DIRECTION ( 'NONE',  ( 0.8780328119034589429, 0.4786004400550684101, 0.000000000000000000 ) ) ;
#5942 = ORIENTED_EDGE ( 'NONE', *, *, #4256, .T. ) ;
#5943 = ORIENTED_EDGE ( 'NONE', *, *, #4319, .F. ) ;
#5944 = SURFACE_STYLE_USAGE ( .BOTH. , #8429 ) ;
#5945 = PLANE ( 'NONE',  #8308 ) ;
#5946 = AXIS2_PLACEMENT_3D ( 'NONE', #4515, #2795, #9789 ) ;
#5947 = CARTESIAN_POINT ( 'NONE',  ( -2.915460667173294329, 3.090000000000000746, 5.036781010732854114 ) ) ;
#5948 = ADVANCED_FACE ( 'NONE', ( #9539 ), #10462, .T. ) ;
#5949 = CARTESIAN_POINT ( 'NONE',  ( -1.380839982702822599, 6.500000000000000000, 0.7752318993870117581 ) ) ;
#5950 = CARTESIAN_POINT ( 'NONE',  ( 3.372160293666206066, 5.568675347532886732, -2.457261515329064672 ) ) ;
#5951 = ORIENTED_EDGE ( 'NONE', *, *, #374, .F. ) ;
#5952 = CYLINDRICAL_SURFACE ( 'NONE', #6926, 3.649999999999999467 ) ;
#5953 = LINE ( 'NONE', #7564, #7630 ) ;
#5954 = CIRCLE ( 'NONE', #4870, 0.02000000000000005246 ) ;
#5955 = CARTESIAN_POINT ( 'NONE',  ( 1.393823247546297939, 6.500000000000000000, -4.508834952051935296 ) ) ;
#5956 = ORIENTED_EDGE ( 'NONE', *, *, #7366, .F. ) ;
#5957 = CIRCLE ( 'NONE', #9268, 3.649999999999999467 ) ;
#5958 = VERTEX_POINT ( 'NONE', #2557 ) ;
#5959 = ORIENTED_EDGE ( 'NONE', *, *, #9536, .T. ) ;
#5960 = ADVANCED_FACE ( 'NONE', ( #3361 ), #11149, .T. ) ;
#5961 = EDGE_CURVE ( 'NONE', #4647, #792, #1696, .T. ) ;
#5962 = CARTESIAN_POINT ( 'NONE',  ( 2.312024219028189886, 1.500000000000000444, 4.433344562587831383 ) ) ;
#5963 = EDGE_CURVE ( 'NONE', #7077, #7655, #545, .T. ) ;
#5964 = VECTOR ( 'NONE', #1113, 999.9999999999998863 ) ;
#5965 = CARTESIAN_POINT ( 'NONE',  ( -3.649999999999999467, 6.965469875665389665, 7.800000000000000711 ) ) ;
#5966 = DIRECTION ( 'NONE',  ( 0.7071067811865473507, -2.775557561562891351E-17, -0.7071067811865477948 ) ) ;
#5967 = CARTESIAN_POINT ( 'NONE',  ( 2.580939751330875609, 9.546409626996362974, 3.675000000000000266 ) ) ;
#5968 = FACE_OUTER_BOUND ( 'NONE', #8060, .T. ) ;
#5969 = ORIENTED_EDGE ( 'NONE', *, *, #2888, .T. ) ;
#5970 = CARTESIAN_POINT ( 'NONE',  ( 5.498644456795164892, 7.973133870145903579, 0.000000000000000000 ) ) ;
#5971 = DIRECTION ( 'NONE',  ( -1.000000000000000000, 0.000000000000000000, 0.000000000000000000 ) ) ;
#5972 = ORIENTED_EDGE ( 'NONE', *, *, #1772, .F. ) ;
#5973 = ORIENTED_EDGE ( 'NONE', *, *, #9856, .T. ) ;
#5974 = EDGE_LOOP ( 'NONE', ( #7191, #8579, #9799, #5590 ) ) ;
#5975 = ADVANCED_FACE ( 'NONE', ( #6747 ), #2384, .T. ) ;
#5976 = FACE_OUTER_BOUND ( 'NONE', #10664, .T. ) ;
#5977 = ADVANCED_FACE ( 'NONE', ( #3300 ), #5384, .T. ) ;
#5978 = PLANE ( 'NONE',  #6244 ) ;
#5979 = ORIENTED_EDGE ( 'NONE', *, *, #10796, .T. ) ;
#5980 = CARTESIAN_POINT ( 'NONE',  ( -1.393841279746821593, 9.196893236005690753, -2.625562286609690599 ) ) ;
#5981 = DIRECTION ( 'NONE',  ( 0.000000000000000000, 0.000000000000000000, 1.000000000000000000 ) ) ;
#5982 = ORIENTED_EDGE ( 'NONE', *, *, #2755, .T. ) ;
#5983 = DIRECTION ( 'NONE',  ( 0.000000000000000000, 1.133806193448893935E-16, -1.000000000000000000 ) ) ;
#5984 = ORIENTED_EDGE ( 'NONE', *, *, #10333, .T. ) ;
#5985 = EDGE_CURVE ( 'NONE', #5843, #1228, #8006, .T. ) ;
#5986 = ORIENTED_EDGE ( 'NONE', *, *, #4334, .F. ) ;
#5987 = FACE_OUTER_BOUND ( 'NONE', #10404, .T. ) ;
#5988 = DIRECTION ( 'NONE',  ( 5.122298795473438989E-17, 0.6561787149247869655, -0.7546055221635044052 ) ) ;
#5989 = CARTESIAN_POINT ( 'NONE',  ( -1.771168402671605879E-15, 6.965469875665441180, 15.29999999999999893 ) ) ;
#5990 = FACE_OUTER_BOUND ( 'NONE', #11268, .T. ) ;
#5991 = LINE ( 'NONE', #8635, #6466 ) ;
#5992 = ORIENTED_EDGE ( 'NONE', *, *, #3874, .T. ) ;
#5993 = ORIENTED_EDGE ( 'NONE', *, *, #7634, .T. ) ;
#5994 = DIRECTION ( 'NONE',  ( 0.2824413387594238434, 0.9592845720430326351, 0.000000000000000000 ) ) ;
#5995 = ADVANCED_FACE ( 'NONE', ( #10629 ), #4560, .T. ) ;
#5996 = DIRECTION ( 'NONE',  ( -0.8631770573194750273, 0.5049013445390019283, 0.000000000000000000 ) ) ;
#5997 = VECTOR ( 'NONE', #5671, 1000.000000000000000 ) ;
#5998 = CARTESIAN_POINT ( 'NONE',  ( 0.000000000000000000, 6.500000000000000000, 6.850000000000000533 ) ) ;
#5999 = CARTESIAN_POINT ( 'NONE',  ( 1.379999999999999671, 11.43165542625050435, 5.400000000000000355 ) ) ;
#6000 = CARTESIAN_POINT ( 'NONE',  ( -2.435362535369392845, 3.000000000000000000, 7.252000366886310445 ) ) ;
#6001 = EDGE_LOOP ( 'NONE', ( #7161, #6580, #9875, #10298 ) ) ;
#6002 = PRESENTATION_LAYER_ASSIGNMENT (  '', '', ( #2161 ) ) ;
#6003 = CARTESIAN_POINT ( 'NONE',  ( -1.771168402671605879E-15, 6.965469875665441180, 15.29999999999999893 ) ) ;
#6004 = CARTESIAN_POINT ( 'NONE',  ( 0.000000000000000000, 8.000000000000000000, 0.000000000000000000 ) ) ;
#6005 = EDGE_CURVE ( 'NONE', #2186, #1773, #3642, .T. ) ;
#6006 = FACE_OUTER_BOUND ( 'NONE', #10, .T. ) ;
#6007 = VERTEX_POINT ( 'NONE', #1924 ) ;
#6008 = EDGE_LOOP ( 'NONE', ( #8339, #8104, #9558, #7975 ) ) ;
#6009 = VERTEX_POINT ( 'NONE', #7203 ) ;
#6010 = AXIS2_PLACEMENT_3D ( 'NONE', #1700, #1808, #4223 ) ;
#6011 = PRODUCT_DEFINITION_SHAPE ( 'NONE', 'NONE',  #11326 ) ;
#6012 = CARTESIAN_POINT ( 'NONE',  ( -2.580939751330913801, -4.384530124334558465, 15.00000000000000000 ) ) ;
#6013 = LINE ( 'NONE', #4408, #9921 ) ;
#6014 = CARTESIAN_POINT ( 'NONE',  ( 1.379999999999999671, 6.649999999999999467, 4.549999999999999822 ) ) ;
#6015 = CYLINDRICAL_SURFACE ( 'NONE', #709, 1.650000000000000355 ) ;
#6016 = CARTESIAN_POINT ( 'NONE',  ( 3.175602739079014025, 11.56612470205379140, 0.000000000000000000 ) ) ;
#6017 = EDGE_LOOP ( 'NONE', ( #6783, #8754, #1398, #4107 ) ) ;
#6018 = EDGE_CURVE ( 'NONE', #2148, #9157, #159, .T. ) ;
#6019 = CARTESIAN_POINT ( 'NONE',  ( 1.379999999999999671, 6.649999999999999467, -4.549999999999999822 ) ) ;
#6020 = CARTESIAN_POINT ( 'NONE',  ( 1.088609894901982456, 0.6042532376681478690, 3.675000000000000266 ) ) ;
#6021 = VERTEX_POINT ( 'NONE', #9652 ) ;
#6022 = VERTEX_POINT ( 'NONE', #6219 ) ;
#6023 = CIRCLE ( 'NONE', #4936, 1.500000000000000222 ) ;
#6024 = EDGE_CURVE ( 'NONE', #7852, #10450, #2782, .T. ) ;
#6025 = VERTEX_POINT ( 'NONE', #905 ) ;
#6026 = LINE ( 'NONE', #4036, #8069 ) ;
#6027 = LINE ( 'NONE', #9693, #5356 ) ;
#6028 = CARTESIAN_POINT ( 'NONE',  ( 2.966664951328145339, 3.021034482758619522, -5.087985294887761079 ) ) ;
#6029 = AXIS2_PLACEMENT_3D ( 'NONE', #11067, #7518, #11172 ) ;
#6030 = VERTEX_POINT ( 'NONE', #8976 ) ;
#6031 = LINE ( 'NONE', #7648, #5106 ) ;
#6032 = CARTESIAN_POINT ( 'NONE',  ( 3.649999999999999467, 6.965469875665467825, 0.000000000000000000 ) ) ;
#6033 = AXIS2_PLACEMENT_3D ( 'NONE', #11200, #2551, #3297 ) ;
#6034 = ORIENTED_EDGE ( 'NONE', *, *, #5628, .T. ) ;
#6035 = CARTESIAN_POINT ( 'NONE',  ( -2.580939751330913356, 9.546409626996329223, 3.675000000000000266 ) ) ;
#6036 = ORIENTED_EDGE ( 'NONE', *, *, #5589, .F. ) ;
#6037 = EDGE_CURVE ( 'NONE', #2297, #4678, #2822, .T. ) ;
#6038 = EDGE_CURVE ( 'NONE', #3265, #1284, #4387, .T. ) ;
#6039 = ORIENTED_EDGE ( 'NONE', *, *, #4859, .F. ) ;
#6040 = DIRECTION ( 'NONE',  ( -1.000000000000000000, 0.000000000000000000, 0.000000000000000000 ) ) ;
#6041 = DIRECTION ( 'NONE',  ( 0.000000000000000000, 0.000000000000000000, 1.000000000000000000 ) ) ;
#6042 = DIRECTION ( 'NONE',  ( -0.7071067811865453523, 5.273559366969486541E-17, -0.7071067811865497932 ) ) ;
#6043 = DIRECTION ( 'NONE',  ( -3.564834783817703950E-17, 0.9863939238321437486, -0.1643989873053572637 ) ) ;
#6044 = TOROIDAL_SURFACE ( 'NONE', #1477, 0.1299999999999999767, 0.02000000000000000042 ) ;
#6045 = EDGE_LOOP ( 'NONE', ( #9781, #8895, #4412, #3608 ) ) ;
#6046 = CARTESIAN_POINT ( 'NONE',  ( -4.555813038156334649, 7.763936109177590694, -2.192316302326503763 ) ) ;
#6047 = DIRECTION ( 'NONE',  ( -0.6042542366568462997, 0.7967915771908309353, 0.000000000000000000 ) ) ;
#6048 = LINE ( 'NONE', #6799, #617 ) ;
#6049 = VERTEX_POINT ( 'NONE', #1070 ) ;
#6050 = ORIENTED_EDGE ( 'NONE', *, *, #9627, .F. ) ;
#6051 = DIRECTION ( 'NONE',  ( 1.000000000000000000, 2.168404344971005170E-17, 0.000000000000000000 ) ) ;
#6052 = DIRECTION ( 'NONE',  ( 0.000000000000000000, 0.000000000000000000, 1.000000000000000000 ) ) ;
#6053 = EDGE_CURVE ( 'NONE', #7849, #7655, #7575, .T. ) ;
#6054 = VECTOR ( 'NONE', #1946, 1000.000000000000000 ) ;
#6055 = CARTESIAN_POINT ( 'NONE',  ( -5.498644456795161339, 5.957805881184940588, 3.675000000000000266 ) ) ;
#6056 = EDGE_CURVE ( 'NONE', #5285, #4417, #4504, .T. ) ;
#6057 = AXIS2_PLACEMENT_3D ( 'NONE', #4243, #9297, #5095 ) ;
#6058 = LINE ( 'NONE', #11215, #9169 ) ;
#6059 = PLANE ( 'NONE',  #4272 ) ;
#6060 = VERTEX_POINT ( 'NONE', #5251 ) ;
#6061 = CARTESIAN_POINT ( 'NONE',  ( -4.999999999999999112, 8.000000000000000000, 0.000000000000000000 ) ) ;
#6063 = FACE_OUTER_BOUND ( 'NONE', #9655, .T. ) ;
#6062 = CIRCLE ( 'NONE', #1855, 0.1299999999999998934 ) ;
#6064 = AXIS2_PLACEMENT_3D ( 'NONE', #10224, #607, #6782 ) ;
#6065 = DIRECTION ( 'NONE',  ( 0.8707042474709770774, -0.4918069879902070007, 0.000000000000000000 ) ) ;
#6066 = ORIENTED_EDGE ( 'NONE', *, *, #7854, .F. ) ;
#6067 = ORIENTED_EDGE ( 'NONE', *, *, #4538, .F. ) ;
#6068 = ORIENTED_EDGE ( 'NONE', *, *, #2620, .F. ) ;
#6069 = AXIS2_PLACEMENT_3D ( 'NONE', #8961, #1332, #10779 ) ;
#6070 = AXIS2_PLACEMENT_3D ( 'NONE', #8601, #5966, #926 ) ;
#6071 = DIRECTION ( 'NONE',  ( 0.4786004400550666338, -0.8780328119034599421, 0.000000000000000000 ) ) ;
#6072 = ADVANCED_FACE ( 'NONE', ( #7088 ), #8058, .F. ) ;
#6073 = EDGE_CURVE ( 'NONE', #9587, #5694, #3702, .T. ) ;
#6074 = CARTESIAN_POINT ( 'NONE',  ( 3.405877273185280885, 6.500000000000000000, 6.850000000000000533 ) ) ;
#6075 = CARTESIAN_POINT ( 'NONE',  ( 0.1102410514732341668, 10.61380468905223928, -2.457261515329064672 ) ) ;
#6076 = CARTESIAN_POINT ( 'NONE',  ( 3.371111840569788853, 1.616536647565485652, -6.867191002222497787 ) ) ;
#6077 = DIRECTION ( 'NONE',  ( 1.000000000000000000, 0.000000000000000000, 0.000000000000000000 ) ) ;
#6078 = ORIENTED_EDGE ( 'NONE', *, *, #10106, .T. ) ;
#6079 = DIRECTION ( 'NONE',  ( -3.272579785996980772E-14, -0.6561787149247684248, 0.7546055221635205035 ) ) ;
#6080 = CARTESIAN_POINT ( 'NONE',  ( -3.226782805549681665, 2.373921791567575657, -3.956290731841335173 ) ) ;
#6081 = VERTEX_POINT ( 'NONE', #2671 ) ;
#6082 = AXIS2_PLACEMENT_3D ( 'NONE', #3259, #9167, #5836 ) ;
#6083 = EDGE_LOOP ( 'NONE', ( #3818, #9289 ) ) ;
#6084 = LINE ( 'NONE', #1048, #5569 ) ;
#6085 = AXIS2_PLACEMENT_3D ( 'NONE', #9534, #5127, #1691 ) ;
#6086 = ORIENTED_EDGE ( 'NONE', *, *, #6524, .F. ) ;
#6087 = CARTESIAN_POINT ( 'NONE',  ( 0.000000000000000000, 0.02972972972972967240, -0.1783783783783780552 ) ) ;
#6088 = EDGE_CURVE ( 'NONE', #820, #10434, #2636, .T. ) ;
#6089 = SHAPE_REPRESENTATION ( 'RJOINT_V1.3_Hole', ( #2013 ), #10620 ) ;
#6090 = VECTOR ( 'NONE', #515, 1000.000000000000000 ) ;
#6091 = CARTESIAN_POINT ( 'NONE',  ( 3.648334813386795883, 6.855228824192199255, -2.457261515329064672 ) ) ;
#6092 = DIRECTION ( 'NONE',  ( 0.4786004400550666338, -0.8780328119034599421, 0.000000000000000000 ) ) ;
#6093 = EDGE_LOOP ( 'NONE', ( #11063, #8665, #4003, #6558 ) ) ;
#6094 = CARTESIAN_POINT ( 'NONE',  ( -2.670106700085400853, 0.3669367824343605089, 3.675000000000000266 ) ) ;
#6095 = CARTESIAN_POINT ( 'NONE',  ( -4.433344562587855364, 5.951057409446828927, 2.312024219028143701 ) ) ;
#6096 = AXIS2_PLACEMENT_3D ( 'NONE', #9007, #2009, #10891 ) ;
#6097 = ORIENTED_EDGE ( 'NONE', *, *, #1577, .F. ) ;
#6098 = CARTESIAN_POINT ( 'NONE',  ( -1.264503870837300870, 4.828517181176895434, 3.675000000000000266 ) ) ;
#6099 = EDGE_LOOP ( 'NONE', ( #1612, #127, #6975, #11127 ) ) ;
#6100 = ORIENTED_EDGE ( 'NONE', *, *, #9578, .F. ) ;
#6101 = VECTOR ( 'NONE', #2845, 1000.000000000000114 ) ;
#6102 = COLOUR_RGB ( '',0.7921568627450980005, 0.8196078431372548767, 0.9333333333333333481 ) ;
#6103 = CARTESIAN_POINT ( 'NONE',  ( -1.380000000000000115, 8.631655426250503638, 4.400000000000000355 ) ) ;
#6104 = EDGE_CURVE ( 'NONE', #8785, #6021, #958, .T. ) ;
#6105 = DIRECTION ( 'NONE',  ( 8.673617379884035472E-17, 1.880790961315659671E-33, -1.000000000000000000 ) ) ;
#6106 = CARTESIAN_POINT ( 'NONE',  ( -2.280939751330911314, -4.384530124334557577, 0.2999999999999999334 ) ) ;
#6107 = FACE_OUTER_BOUND ( 'NONE', #764, .T. ) ;
#6108 = AXIS2_PLACEMENT_3D ( 'NONE', #8925, #7948, #6338 ) ;
#6109 = EDGE_CURVE ( 'NONE', #9092, #2308, #1980, .T. ) ;
#6110 = ORIENTED_EDGE ( 'NONE', *, *, #1308, .F. ) ;
#6111 = DIRECTION ( 'NONE',  ( -0.9943490029226534910, -0.1061605406293919529, 0.000000000000000000 ) ) ;
#6112 = CARTESIAN_POINT ( 'NONE',  ( 3.354731286224073905, 1.601558808504983666, 6.875221135459824495 ) ) ;
#6113 = CARTESIAN_POINT ( 'NONE',  ( -4.500000000000000000, 1.500000000000000444, -2.179449471770337432 ) ) ;
#6114 = VERTEX_POINT ( 'NONE', #8117 ) ;
#6115 = ORIENTED_EDGE ( 'NONE', *, *, #2826, .T. ) ;
#6116 = CYLINDRICAL_SURFACE ( 'NONE', #5093, 0.2999999999999999334 ) ;
#6117 = CIRCLE ( 'NONE', #5388, 0.02000000000000003511 ) ;
#6118 = CARTESIAN_POINT ( 'NONE',  ( 1.379999999999999671, 12.34999999999999964, -2.027069063257456172 ) ) ;
#6119 = AXIS2_PLACEMENT_3D ( 'NONE', #1294, #6510, #10002 ) ;
#6120 = DIRECTION ( 'NONE',  ( -0.000000000000000000, -0.000000000000000000, 1.000000000000000000 ) ) ;
#6121 = DIRECTION ( 'NONE',  ( -0.6280440846592173498, -0.7781777610061635375, 0.000000000000000000 ) ) ;
#6122 = EDGE_CURVE ( 'NONE', #5662, #137, #7030, .T. ) ;
#6123 = DIRECTION ( 'NONE',  ( -0.000000000000000000, -0.000000000000000000, 1.000000000000000000 ) ) ;
#6124 =( LENGTH_UNIT ( ) NAMED_UNIT ( * ) SI_UNIT ( .MILLI., .METRE. ) );
#6125 = ORIENTED_EDGE ( 'NONE', *, *, #6443, .T. ) ;
#6126 = LINE ( 'NONE', #7965, #1987 ) ;
#6127 = DIRECTION ( 'NONE',  ( 0.6280440846592214577, 0.7781777610061602068, 0.000000000000000000 ) ) ;
#6128 = FILL_AREA_STYLE_COLOUR ( '', #10683 ) ;
#6129 = VERTEX_POINT ( 'NONE', #7260 ) ;
#6130 = EDGE_CURVE ( 'NONE', #10667, #6555, #8322, .T. ) ;
#6131 = VERTEX_POINT ( 'NONE', #5703 ) ;
#6132 = CARTESIAN_POINT ( 'NONE',  ( 2.594966336091572678, 7.399282554998224626, 0.000000000000000000 ) ) ;
#6133 = DIRECTION ( 'NONE',  ( -3.564834783817704567E-17, 0.9863939238321438596, 0.1643989873053572914 ) ) ;
#6134 = DIRECTION ( 'NONE',  ( -0.000000000000000000, 0.000000000000000000, 1.000000000000000000 ) ) ;
#6135 = PLANE ( 'NONE',  #6898 ) ;
#6136 = VECTOR ( 'NONE', #10178, 1000.000000000000000 ) ;
#6137 = ORIENTED_EDGE ( 'NONE', *, *, #4500, .T. ) ;
#6138 = CARTESIAN_POINT ( 'NONE',  ( 0.000000000000000000, 6.500000000000000000, 0.000000000000000000 ) ) ;
#6139 = FACE_OUTER_BOUND ( 'NONE', #3393, .T. ) ;
#6140 = ORIENTED_EDGE ( 'NONE', *, *, #7603, .F. ) ;
#6141 = ADVANCED_FACE ( 'NONE', ( #9206 ), #4677, .T. ) ;
#6142 = EDGE_LOOP ( 'NONE', ( #4067, #897, #228, #4389 ) ) ;
#6143 = CARTESIAN_POINT ( 'NONE',  ( 3.372160293666206066, 5.568675347532885844, -2.457261515329064672 ) ) ;
#6144 = VERTEX_POINT ( 'NONE', #2200 ) ;
#6145 = VECTOR ( 'NONE', #5518, 1000.000000000000000 ) ;
#6146 = CARTESIAN_POINT ( 'NONE',  ( 2.580939751330875609, 9.546409626996362974, 7.800000000000000711 ) ) ;
#6147 = CARTESIAN_POINT ( 'NONE',  ( -1.030666926558653025E-16, 6.965469875665441180, 11.17499999999999893 ) ) ;
#6148 = LINE ( 'NONE', #9637, #6990 ) ;
#6149 = CARTESIAN_POINT ( 'NONE',  ( 2.435362535369389736, 3.176207172489684982, -7.252000366886310445 ) ) ;
#6150 = CARTESIAN_POINT ( 'NONE',  ( -2.580939751330912468, 9.546409626996325670, -2.625562286609687046 ) ) ;
#6151 = ORIENTED_EDGE ( 'NONE', *, *, #2951, .T. ) ;
#6152 = DIRECTION ( 'NONE',  ( 0.000000000000000000, 0.000000000000000000, 1.000000000000000000 ) ) ;
#6153 = ORIENTED_EDGE ( 'NONE', *, *, #7634, .F. ) ;
#6154 = VECTOR ( 'NONE', #4665, 1000.000000000000000 ) ;
#6155 = EDGE_CURVE ( 'NONE', #10617, #7049, #9586, .T. ) ;
#6156 = VERTEX_POINT ( 'NONE', #9942 ) ;
#6157 = CARTESIAN_POINT ( 'NONE',  ( -1.400000000000000133, 9.768344573749500270, -5.400000000000000355 ) ) ;
#6158 =( NAMED_UNIT ( * ) PLANE_ANGLE_UNIT ( ) SI_UNIT ( $, .RADIAN. ) );
#6159 = VECTOR ( 'NONE', #3263, 1000.000000000000000 ) ;
#6160 = DIRECTION ( 'NONE',  ( -0.000000000000000000, 0.000000000000000000, 1.000000000000000000 ) ) ;
#6161 = DIRECTION ( 'NONE',  ( -0.000000000000000000, 1.000000000000000000, 0.000000000000000000 ) ) ;
#6162 = ORIENTED_EDGE ( 'NONE', *, *, #752, .T. ) ;
#6163 = FACE_OUTER_BOUND ( 'NONE', #599, .T. ) ;
#6164 = CARTESIAN_POINT ( 'NONE',  ( 1.396794528132541791, 10.33763016933165346, -2.457261515329068224 ) ) ;
#6165 = CARTESIAN_POINT ( 'NONE',  ( -1.771168402671605879E-15, 6.965469875665441180, 15.29999999999999893 ) ) ;
#6166 = ORIENTED_EDGE ( 'NONE', *, *, #10036, .F. ) ;
#6167 = ORIENTED_EDGE ( 'NONE', *, *, #8586, .T. ) ;
#6168 =( NAMED_UNIT ( * ) PLANE_ANGLE_UNIT ( ) SI_UNIT ( $, .RADIAN. ) );
#6169 = ADVANCED_FACE ( 'NONE', ( #10855 ), #8286, .T. ) ;
#6170 = CARTESIAN_POINT ( 'NONE',  ( -3.648334813386797659, 7.075710927138663564, 0.000000000000000000 ) ) ;
#6171 = EDGE_CURVE ( 'NONE', #544, #10234, #4042, .T. ) ;
#6172 = DIRECTION ( 'NONE',  ( -0.8743379413732511596, -0.4853175911454120084, 0.000000000000000000 ) ) ;
#6173 = CARTESIAN_POINT ( 'NONE',  ( 1.098581491038425728, 0.6205207517233434222, 11.17499999999999893 ) ) ;
#6174 = FACE_OUTER_BOUND ( 'NONE', #1573, .T. ) ;
#6175 = CARTESIAN_POINT ( 'NONE',  ( -2.580939751330911580, 4.384530124334556689, 7.800000000000000711 ) ) ;
#6176 = VERTEX_POINT ( 'NONE', #329 ) ;
#6177 = DIRECTION ( 'NONE',  ( -5.122298795473439605E-17, -0.6561787149247869655, 0.7546055221635044052 ) ) ;
#6178 = ORIENTED_EDGE ( 'NONE', *, *, #2120, .T. ) ;
#6179 = CARTESIAN_POINT ( 'NONE',  ( 1.961719250185138819, 1.487687874707246394, 7.800000000000000711 ) ) ;
#6180 = VECTOR ( 'NONE', #7782, 1000.000000000000000 ) ;
#6181 = LINE ( 'NONE', #3490, #9402 ) ;
#6182 = EDGE_LOOP ( 'NONE', ( #9511, #3860, #5104, #8148 ) ) ;
#6183 = EDGE_CURVE ( 'NONE', #1018, #2785, #5592, .T. ) ;
#6184 = EDGE_CURVE ( 'NONE', #2010, #162, #1542, .T. ) ;
#6185 = ORIENTED_EDGE ( 'NONE', *, *, #7620, .F. ) ;
#6186 = CARTESIAN_POINT ( 'NONE',  ( -1.380839982702823709, 6.500000000000000000, -4.547699037355532603 ) ) ;
#6187 = APPLICATION_CONTEXT ( 'automotive_design' ) ;
#6188 = VECTOR ( 'NONE', #4701, 1000.000000000000000 ) ;
#6189 = LINE ( 'NONE', #6887, #2971 ) ;
#6190 = CARTESIAN_POINT ( 'NONE',  ( 0.000000000000000000, 1.499999999999999556, 6.850000000000000533 ) ) ;
#6191 = CARTESIAN_POINT ( 'NONE',  ( 1.399999999999999689, 6.622052172158088723, -0.9406179037940091137 ) ) ;
#6192 = CARTESIAN_POINT ( 'NONE',  ( 1.379999999999999671, 6.649999999999999467, 4.549999999999999822 ) ) ;
#6193 = DIRECTION ( 'NONE',  ( 0.000000000000000000, 0.000000000000000000, 1.000000000000000000 ) ) ;
#6194 = CARTESIAN_POINT ( 'NONE',  ( -4.926415935006075664, 3.869526707277702204, 0.000000000000000000 ) ) ;
#6195 = ORIENTED_EDGE ( 'NONE', *, *, #10021, .F. ) ;
#6196 = ORIENTED_EDGE ( 'NONE', *, *, #10864, .F. ) ;
#6197 = CARTESIAN_POINT ( 'NONE',  ( -0.9750207678253433041, 12.70165088474088400, 0.000000000000000000 ) ) ;
#6198 = VECTOR ( 'NONE', #10876, 1000.000000000000000 ) ;
#6199 = ORIENTED_EDGE ( 'NONE', *, *, #2620, .T. ) ;
#6200 = DIRECTION ( 'NONE',  ( 0.000000000000000000, 0.000000000000000000, 1.000000000000000000 ) ) ;
#6201 = DIRECTION ( 'NONE',  ( -0.000000000000000000, -0.9863939238321437486, -0.1643989873053572637 ) ) ;
#6202 = EDGE_CURVE ( 'NONE', #2490, #5517, #7535, .T. ) ;
#6203 = CARTESIAN_POINT ( 'NONE',  ( -1.393823247546297939, 6.500000000000000000, -0.8140959846906093977 ) ) ;
#6204 = PRODUCT ( 'RJOINT_V1.3_Hole', 'RJOINT_V1.3_Hole', '', ( #604 ) ) ;
#6205 = CARTESIAN_POINT ( 'NONE',  ( -1.030666926558653025E-16, 6.965469875665441180, 15.29999999999999893 ) ) ;
#6206 = LINE ( 'NONE', #6326, #2832 ) ;
#6207 = VECTOR ( 'NONE', #2897, 1000.000000000000114 ) ;
#6208 = VERTEX_POINT ( 'NONE', #10914 ) ;
#6209 = CARTESIAN_POINT ( 'NONE',  ( -2.179449471770337432, 7.633700821002010528, -4.499999999999998224 ) ) ;
#6210 = ORIENTED_EDGE ( 'NONE', *, *, #1386, .F. ) ;
#6211 = ORIENTED_EDGE ( 'NONE', *, *, #554, .T. ) ;
#6212 = PLANE ( 'NONE',  #5318 ) ;
#6213 = CARTESIAN_POINT ( 'NONE',  ( 0.000000000000000000, 0.000000000000000000, 0.000000000000000000 ) ) ;
#6214 = CARTESIAN_POINT ( 'NONE',  ( 3.372160293666185193, 8.362264403798047141, -2.613951291675112643 ) ) ;
#6215 = DIRECTION ( 'NONE',  ( -1.000000000000000000, 0.000000000000000000, 0.000000000000000000 ) ) ;
#6216 = EDGE_CURVE ( 'NONE', #4162, #10680, #2263, .T. ) ;
#6217 = ORIENTED_EDGE ( 'NONE', *, *, #11165, .F. ) ;
#6218 = LINE ( 'NONE', #9600, #3096 ) ;
#6219 = CARTESIAN_POINT ( 'NONE',  ( -1.396794528132614621, 10.33763016933162149, 11.17499999999999893 ) ) ;
#6220 = CARTESIAN_POINT ( 'NONE',  ( -2.986171345291949830, 3.090000000000001190, 5.107491688851508727 ) ) ;
#6221 = EDGE_LOOP ( 'NONE', ( #7239, #3182, #917, #7428 ) ) ;
#6222 = EDGE_LOOP ( 'NONE', ( #8730, #9321, #6777, #2701, #2591 ) ) ;
#6223 = DIRECTION ( 'NONE',  ( 0.000000000000000000, 0.000000000000000000, 1.000000000000000000 ) ) ;
#6224 = LINE ( 'NONE', #57, #5020 ) ;
#6225 = AXIS2_PLACEMENT_3D ( 'NONE', #5600, #2965, #9953 ) ;
#6226 = CARTESIAN_POINT ( 'NONE',  ( 0.000000000000000000, 0.000000000000000000, 0.000000000000000000 ) ) ;
#6227 = VECTOR ( 'NONE', #4721, 1000.000000000000000 ) ;
#6228 = LINE ( 'NONE', #7897, #3019 ) ;
#6229 = EDGE_CURVE ( 'NONE', #10520, #3691, #2034, .T. ) ;
#6230 = DIRECTION ( 'NONE',  ( -0.6042542366568462997, 0.7967915771908309353, 0.000000000000000000 ) ) ;
#6231 = CARTESIAN_POINT ( 'NONE',  ( -1.399999999999999245, 2.790441948979335507, 2.426471259982028617 ) ) ;
#6232 = ORIENTED_EDGE ( 'NONE', *, *, #10452, .F. ) ;
#6233 = CARTESIAN_POINT ( 'NONE',  ( -2.280939751330911314, -4.084530124334557755, 0.2999999999999999334 ) ) ;
#6234 = DIRECTION ( 'NONE',  ( 2.803295164711174453E-15, 0.5961196035938423066, -0.8028956459037004390 ) ) ;
#6235 = CARTESIAN_POINT ( 'NONE',  ( -3.648334813386799880, 7.075710927138659123, -2.457261515329064672 ) ) ;
#6236 = VECTOR ( 'NONE', #9800, 1000.000000000000000 ) ;
#6237 = ORIENTED_EDGE ( 'NONE', *, *, #6037, .F. ) ;
#6238 = ORIENTED_EDGE ( 'NONE', *, *, #5782, .F. ) ;
#6239 = CARTESIAN_POINT ( 'NONE',  ( 1.528166405880238443, 9.107140056187530419, 0.000000000000000000 ) ) ;
#6240 = VECTOR ( 'NONE', #9868, 1000.000000000000000 ) ;
#6241 = PRODUCT_RELATED_PRODUCT_CATEGORY ( 'part', '', ( #6847 ) ) ;
#6242 = CIRCLE ( 'NONE', #1314, 3.649999999999999467 ) ;
#6243 = EDGE_CURVE ( 'NONE', #844, #1615, #3936, .T. ) ;
#6244 = AXIS2_PLACEMENT_3D ( 'NONE', #1569, #552, #9363 ) ;
#6245 = DIRECTION ( 'NONE',  ( 2.168404344971008252E-17, -1.000000000000000000, -0.000000000000000000 ) ) ;
#6246 = DIRECTION ( 'NONE',  ( 0.2533391860415180052, -0.9673775151489830693, 0.000000000000000000 ) ) ;
#6247 = ADVANCED_FACE ( 'NONE', ( #4729 ), #3558, .T. ) ;
#6248 = CARTESIAN_POINT ( 'NONE',  ( -1.771168402671605879E-15, 6.965469875665441180, 15.29999999999999893 ) ) ;
#6249 = CARTESIAN_POINT ( 'NONE',  ( 7.261110302808396533, 3.063075121266646939, 2.408386976261426060 ) ) ;
#6250 = LINE ( 'NONE', #8034, #9298 ) ;
#6251 = DIRECTION ( 'NONE',  ( 0.000000000000000000, 0.000000000000000000, -1.000000000000000000 ) ) ;
#6252 = VERTEX_POINT ( 'NONE', #7369 ) ;
#6253 = ORIENTED_EDGE ( 'NONE', *, *, #10437, .T. ) ;
#6254 = CARTESIAN_POINT ( 'NONE',  ( -1.385521695682327525, 6.500000000000000000, 0.7880629224027729807 ) ) ;
#6255 = CIRCLE ( 'NONE', #1317, 3.649999999999999467 ) ;
#6256 = VECTOR ( 'NONE', #2610, 1000.000000000000000 ) ;
#6257 = ORIENTED_EDGE ( 'NONE', *, *, #2862, .T. ) ;
#6258 = VECTOR ( 'NONE', #7348, 1000.000000000000000 ) ;
#6259 = CARTESIAN_POINT ( 'NONE',  ( 0.000000000000000000, 3.000000000000000000, 0.000000000000000000 ) ) ;
#6260 = CARTESIAN_POINT ( 'NONE',  ( 2.986171345291913415, 4.910000000000001030, -5.107491688851530043 ) ) ;
#6261 = CARTESIAN_POINT ( 'NONE',  ( 3.650000000000000355, 6.965469875665467825, 11.17499999999999893 ) ) ;
#6262 = VECTOR ( 'NONE', #9969, 1000.000000000000000 ) ;
#6263 = EDGE_CURVE ( 'NONE', #8040, #3071, #5759, .T. ) ;
#6264 = CARTESIAN_POINT ( 'NONE',  ( 4.999999999999848121, 8.000000000000000000, -2.291287847478249429 ) ) ;
#6265 = CARTESIAN_POINT ( 'NONE',  ( -1.294307837705266584, 10.37827916146720142, 3.675000000000000266 ) ) ;
#6266 = AXIS2_PLACEMENT_3D ( 'NONE', #6190, #75, #875 ) ;
#6267 = VECTOR ( 'NONE', #8219, 1000.000000000000000 ) ;
#6268 = VERTEX_POINT ( 'NONE', #2954 ) ;
#6269 = DIRECTION ( 'NONE',  ( 1.000000000000000000, 0.000000000000000000, 0.000000000000000000 ) ) ;
#6270 = VERTEX_POINT ( 'NONE', #5648 ) ;
#6271 = EDGE_LOOP ( 'NONE', ( #8621, #1897, #5101, #5457 ) ) ;
#6272 = EDGE_CURVE ( 'NONE', #5530, #1056, #9786, .T. ) ;
#6273 = FACE_OUTER_BOUND ( 'NONE', #382, .T. ) ;
#6274 = B_SPLINE_CURVE_WITH_KNOTS ( 'NONE', 3,
 ( #11322, #10241, #9432, #8696, #5940, #6972 ),
 .UNSPECIFIED., .F., .F.,
 ( 4, 2, 4 ),
 ( -6.928927488288963206E-06, 0.0003913249075196660468, 0.0007895787425276210763 ),
 .UNSPECIFIED. ) ;
#6275 = DIRECTION ( 'NONE',  ( 0.000000000000000000, 0.000000000000000000, 1.000000000000000000 ) ) ;
#6276 = CARTESIAN_POINT ( 'NONE',  ( -1.380000000000000115, 11.43165542625050435, 5.400000000000000355 ) ) ;
#6277 = CARTESIAN_POINT ( 'NONE',  ( 1.399999999999999689, 6.500000000000000000, -4.469999999999999751 ) ) ;
#6278 = ORIENTED_EDGE ( 'NONE', *, *, #8714, .T. ) ;
#6279 = CARTESIAN_POINT ( 'NONE',  ( -2.149616066072678411, 8.208324503659556015, 11.17499999999999893 ) ) ;
#6280 = DIRECTION ( 'NONE',  ( 0.000000000000000000, 0.000000000000000000, 1.000000000000000000 ) ) ;
#6281 = CARTESIAN_POINT ( 'NONE',  ( 3.372160293666205622, 5.568675347532885844, 0.000000000000000000 ) ) ;
#6282 = ORIENTED_EDGE ( 'NONE', *, *, #8098, .F. ) ;
#6283 = EDGE_LOOP ( 'NONE', ( #7859, #932, #4535, #10788 ) ) ;
#6284 = CARTESIAN_POINT ( 'NONE',  ( 0.000000000000000000, 1.500000000000000444, 0.000000000000000000 ) ) ;
#6285 = AXIS2_PLACEMENT_3D ( 'NONE', #5027, #853, #5878 ) ;
#6286 = FACE_OUTER_BOUND ( 'NONE', #10918, .T. ) ;
#6287 = ORIENTED_EDGE ( 'NONE', *, *, #2363, .F. ) ;
#6288 = CIRCLE ( 'NONE', #2806, 7.650000000000000355 ) ;
#6289 = EDGE_CURVE ( 'NONE', #1189, #4905, #1374, .T. ) ;
#6290 = ADVANCED_FACE ( 'NONE', ( #503 ), #3988, .T. ) ;
#6291 = CARTESIAN_POINT ( 'NONE',  ( -1.030666926558653025E-16, 6.965469875665441180, 7.800000000000000711 ) ) ;
#6292 = VECTOR ( 'NONE', #8880, 1000.000000000000114 ) ;
#6293 = CARTESIAN_POINT ( 'NONE',  ( -2.580939751330914245, -4.384530124334559353, 15.17573593128806841 ) ) ;
#6294 = CARTESIAN_POINT ( 'NONE',  ( -4.500000000000000000, 7.500000000000000000, 0.000000000000000000 ) ) ;
#6295 = VECTOR ( 'NONE', #6448, 1000.000000000000000 ) ;
#6296 = CYLINDRICAL_SURFACE ( 'NONE', #10141, 0.02000000000000005246 ) ;
#6297 = VECTOR ( 'NONE', #1942, 1000.000000000000000 ) ;
#6298 = CARTESIAN_POINT ( 'NONE',  ( 1.379999999999999671, 8.759938365018300033, 4.438449618462787072 ) ) ;
#6299 = ORIENTED_EDGE ( 'NONE', *, *, #7446, .T. ) ;
#6300 = LINE ( 'NONE', #10761, #10950 ) ;
#6301 = AXIS2_PLACEMENT_3D ( 'NONE', #6862, #2442, #7607 ) ;
#6302 = DIRECTION ( 'NONE',  ( -0.6280440846592157955, -0.7781777610061649808, 0.000000000000000000 ) ) ;
#6303 = VERTEX_POINT ( 'NONE', #8397 ) ;
#6304 = ADVANCED_FACE ( 'NONE', ( #8620 ), #8512, .T. ) ;
#6305 = ORIENTED_EDGE ( 'NONE', *, *, #8946, .F. ) ;
#6306 = AXIS2_PLACEMENT_3D ( 'NONE', #2039, #4565, #9837 ) ;
#6307 = CARTESIAN_POINT ( 'NONE',  ( -4.027325123107952543, 4.978965517241379146, -4.027325123107949878 ) ) ;
#6308 = DIRECTION ( 'NONE',  ( 0.9906889957247191347, -0.1361444591231953660, 0.000000000000000000 ) ) ;
#6309 = CARTESIAN_POINT ( 'NONE',  ( 1.060660171779811423, 4.585121964646132860E-16, 1.060660171779833627 ) ) ;
#6310 = EDGE_LOOP ( 'NONE', ( #11136, #2846, #147, #10541 ) ) ;
#6311 = LINE ( 'NONE', #9063, #8942 ) ;
#6312 = CARTESIAN_POINT ( 'NONE',  ( -2.657714481646606508, 4.463659784142524067, -2.613951291675112643 ) ) ;
#6313 = DIRECTION ( 'NONE',  ( 0.000000000000000000, 0.000000000000000000, -1.000000000000000000 ) ) ;
#6314 = DIRECTION ( 'NONE',  ( -0.8631770573194731400, 0.5049013445390048149, 0.000000000000000000 ) ) ;
#6315 = EDGE_LOOP ( 'NONE', ( #5132, #5670, #907, #7647 ) ) ;
#6316 = VERTEX_POINT ( 'NONE', #10176 ) ;
#6317 = DIRECTION ( 'NONE',  ( 2.168404344971008252E-17, -1.000000000000000000, -0.000000000000000000 ) ) ;
#6318 = ADVANCED_FACE ( 'NONE', ( #2373 ), #5813, .F. ) ;
#6319 = AXIS2_PLACEMENT_3D ( 'NONE', #10641, #2681, #1082 ) ;
#6320 = ORIENTED_EDGE ( 'NONE', *, *, #8686, .T. ) ;
#6321 = EDGE_CURVE ( 'NONE', #3923, #3185, #5063, .T. ) ;
#6322 = CARTESIAN_POINT ( 'NONE',  ( 1.379999999999999671, 12.37465984809580277, 1.879109974682634077 ) ) ;
#6323 = DIRECTION ( 'NONE',  ( 0.000000000000000000, 1.000000000000000000, 0.000000000000000000 ) ) ;
#6324 = CARTESIAN_POINT ( 'NONE',  ( -2.580939751330911580, 4.384530124334556689, 3.675000000000000266 ) ) ;
#6325 = CARTESIAN_POINT ( 'NONE',  ( -4.500000000000000000, 7.499999999999998224, -2.179449471770337432 ) ) ;
#6326 = CARTESIAN_POINT ( 'NONE',  ( 0.000000000000000000, 8.631655426250503638, -4.400000000000000355 ) ) ;
#6327 = ORIENTED_EDGE ( 'NONE', *, *, #5507, .T. ) ;
#6328 = DIRECTION ( 'NONE',  ( 0.000000000000000000, 0.000000000000000000, -1.000000000000000000 ) ) ;
#6329 = ORIENTED_EDGE ( 'NONE', *, *, #3557, .F. ) ;
#6330 = EDGE_CURVE ( 'NONE', #4534, #8200, #10331, .T. ) ;
#6331 = VERTEX_POINT ( 'NONE', #1458 ) ;
#6332 = EDGE_CURVE ( 'NONE', #3566, #8990, #8454, .T. ) ;
#6333 = DIRECTION ( 'NONE',  ( 0.000000000000000000, 0.000000000000000000, -1.000000000000000000 ) ) ;
#6334 = CYLINDRICAL_SURFACE ( 'NONE', #3157, 3.649999999999999467 ) ;
#6335 = CARTESIAN_POINT ( 'NONE',  ( -1.030666926558653025E-16, 6.965469875665441180, 3.675000000000000266 ) ) ;
#6336 = ORIENTED_EDGE ( 'NONE', *, *, #5128, .T. ) ;
#6337 = CARTESIAN_POINT ( 'NONE',  ( -3.372160293666176756, 5.568675347532809461, -2.613951291675116195 ) ) ;
#6338 = DIRECTION ( 'NONE',  ( 1.000000000000000000, 0.000000000000000000, 0.000000000000000000 ) ) ;
#6339 = VECTOR ( 'NONE', #9765, 1000.000000000000114 ) ;
#6340 = EDGE_CURVE ( 'NONE', #5529, #6370, #9367, .T. ) ;
#6341 = VERTEX_POINT ( 'NONE', #6032 ) ;
#6342 = ORIENTED_EDGE ( 'NONE', *, *, #2474, .F. ) ;
#6343 = CARTESIAN_POINT ( 'NONE',  ( 1.399999999999999689, 9.768344573749500270, -5.530000000000000249 ) ) ;
#6344 = DIRECTION ( 'NONE',  ( 0.8631770573194766927, -0.5049013445389989307, 0.000000000000000000 ) ) ;
#6345 = ORIENTED_EDGE ( 'NONE', *, *, #3378, .F. ) ;
#6346 = AXIS2_PLACEMENT_3D ( 'NONE', #9456, #8547, #540 ) ;
#6347 = DIRECTION ( 'NONE',  ( 1.000000000000000000, 2.168404344971008252E-17, -8.673617379884035472E-17 ) ) ;
#6348 = LINE ( 'NONE', #9788, #2380 ) ;
#6349 = CARTESIAN_POINT ( 'NONE',  ( -1.397319086605161909, 6.500000000000000000, 4.496202024374977846 ) ) ;
#6350 = DIRECTION ( 'NONE',  ( 0.000000000000000000, 0.000000000000000000, 1.000000000000000000 ) ) ;
#6351 = CARTESIAN_POINT ( 'NONE',  ( -2.571963978632912706, 8.000000000000000000, -7.204686064820227998 ) ) ;
#6352 = EDGE_CURVE ( 'NONE', #4494, #7004, #9522, .T. ) ;
#6353 = ORIENTED_EDGE ( 'NONE', *, *, #11223, .F. ) ;
#6354 = VERTEX_POINT ( 'NONE', #4265 ) ;
#6355 = LINE ( 'NONE', #6527, #7845 ) ;
#6356 =( NAMED_UNIT ( * ) SI_UNIT ( $, .STERADIAN. ) SOLID_ANGLE_UNIT ( ) );
#6357 = EDGE_LOOP ( 'NONE', ( #8118, #4945, #11000, #6864 ) ) ;
#6358 = VERTEX_POINT ( 'NONE', #4956 ) ;
#6359 = CARTESIAN_POINT ( 'NONE',  ( -1.380560112054759037, 6.500000000000000000, -4.548466070008426065 ) ) ;
#6360 = DIRECTION ( 'NONE',  ( 0.000000000000000000, 0.000000000000000000, -1.000000000000000000 ) ) ;
#6361 = DIRECTION ( 'NONE',  ( 0.000000000000000000, 0.000000000000000000, 1.000000000000000000 ) ) ;
#6362 = EDGE_CURVE ( 'NONE', #7863, #6593, #6733, .T. ) ;
#6363 = ORIENTED_EDGE ( 'NONE', *, *, #4994, .T. ) ;
#6364 = VECTOR ( 'NONE', #11176, 1000.000000000000114 ) ;
#6365 = PLANE ( 'NONE',  #8022 ) ;
#6366 = CARTESIAN_POINT ( 'NONE',  ( 1.379999999999999671, 9.768344573749498494, 5.400000000000000355 ) ) ;
#6367 = DIRECTION ( 'NONE',  ( -0.000000000000000000, 0.000000000000000000, 1.000000000000000000 ) ) ;
#6368 = CARTESIAN_POINT ( 'NONE',  ( 1.379999999999999671, 8.631655426250503638, -4.400000000000000355 ) ) ;
#6369 = VERTEX_POINT ( 'NONE', #10229 ) ;
#6370 = VERTEX_POINT ( 'NONE', #4207 ) ;
#6371 = ORIENTED_EDGE ( 'NONE', *, *, #9124, .F. ) ;
#6372 = VECTOR ( 'NONE', #7232, 1000.000000000000000 ) ;
#6373 = CARTESIAN_POINT ( 'NONE',  ( 4.400384907664998124, 2.000000000000000444, -2.279064564105333979 ) ) ;
#6374 = PLANE ( 'NONE',  #10476 ) ;
#6375 = DIRECTION ( 'NONE',  ( 0.000000000000000000, 0.000000000000000000, -1.000000000000000000 ) ) ;
#6376 = ADVANCED_FACE ( 'NONE', ( #3238 ), #4103, .F. ) ;
#6377 = DIRECTION ( 'NONE',  ( 0.000000000000000000, 0.000000000000000000, 1.000000000000000000 ) ) ;
#6378 = LINE ( 'NONE', #2245, #6154 ) ;
#6379 = ORIENTED_EDGE ( 'NONE', *, *, #2489, .T. ) ;
#6380 = AXIS2_PLACEMENT_3D ( 'NONE', #7327, #6471, #230 ) ;
#6381 = CARTESIAN_POINT ( 'NONE',  ( 2.969848480983500405, 1.499999999999999556, 7.049999999999999822 ) ) ;
#6382 = ADVANCED_FACE ( 'NONE', ( #7704 ), #6906, .T. ) ;
#6383 = VERTEX_POINT ( 'NONE', #8682 ) ;
#6384 = ORIENTED_EDGE ( 'NONE', *, *, #10681, .F. ) ;
#6385 = CARTESIAN_POINT ( 'NONE',  ( -0.9750207678253501875, 12.70165088474088044, -2.454779244514317504 ) ) ;
#6386 =( NAMED_UNIT ( * ) PLANE_ANGLE_UNIT ( ) SI_UNIT ( $, .RADIAN. ) );
#6387 = CARTESIAN_POINT ( 'NONE',  ( 2.580939751330913356, -2.003873909248935270, 3.675000000000000266 ) ) ;
#6388 = DIRECTION ( 'NONE',  ( -0.000000000000000000, 0.000000000000000000, 1.000000000000000000 ) ) ;
#6389 = EDGE_CURVE ( 'NONE', #8956, #4436, #4158, .T. ) ;
#6390 = ORIENTED_EDGE ( 'NONE', *, *, #5486, .T. ) ;
#6392 = EDGE_CURVE ( 'NONE', #7539, #6852, #11191, .T. ) ;
#6391 = DIRECTION ( 'NONE',  ( 0.000000000000000000, 1.000000000000000000, 0.000000000000000000 ) ) ;
#6393 = CARTESIAN_POINT ( 'NONE',  ( -1.379999999999999671, 6.649999999999999467, 0.7729309367425446498 ) ) ;
#6394 = EDGE_LOOP ( 'NONE', ( #5720, #9541, #710, #11258 ) ) ;
#6395 = ADVANCED_FACE ( 'NONE', ( #1679 ), #838, .T. ) ;
#6396 = ORIENTED_EDGE ( 'NONE', *, *, #9918, .F. ) ;
#6397 = CARTESIAN_POINT ( 'NONE',  ( -2.670106700085394635, 0.3669367824343569562, 11.17499999999999893 ) ) ;
#6398 = FACE_OUTER_BOUND ( 'NONE', #7037, .T. ) ;
#6399 = ORIENTED_EDGE ( 'NONE', *, *, #2807, .F. ) ;
#6400 = VECTOR ( 'NONE', #7533, 1000.000000000000114 ) ;
#6401 = LINE ( 'NONE', #8295, #7725 ) ;
#6402 = DIRECTION ( 'NONE',  ( -0.000000000000000000, -0.000000000000000000, 1.000000000000000000 ) ) ;
#6403 = CARTESIAN_POINT ( 'NONE',  ( 1.379999999999999671, 11.43165542625050435, 5.549999999999999822 ) ) ;
#6404 = VECTOR ( 'NONE', #10187, 1000.000000000000000 ) ;
#6405 = CARTESIAN_POINT ( 'NONE',  ( -2.091014652896256099, 3.836142472419340699, 7.800000000000000711 ) ) ;
#6406 = CARTESIAN_POINT ( 'NONE',  ( 5.498644456795165780, 7.973133870145905355, 11.17499999999999893 ) ) ;
#6407 = ORIENTED_EDGE ( 'NONE', *, *, #8549, .F. ) ;
#6408 = ADVANCED_FACE ( 'NONE', ( #6682 ), #2432, .F. ) ;
#6409 = ORIENTED_EDGE ( 'NONE', *, *, #8189, .F. ) ;
#6410 = LINE ( 'NONE', #3658, #7119 ) ;
#6411 =( GEOMETRIC_REPRESENTATION_CONTEXT ( 3 ) GLOBAL_UNCERTAINTY_ASSIGNED_CONTEXT ( ( #9083 ) ) GLOBAL_UNIT_ASSIGNED_CONTEXT ( ( #5300, #8000, #2666 ) ) REPRESENTATION_CONTEXT ( 'NONE', 'WORKASPACE' ) );
#6412 = B_SPLINE_CURVE_WITH_KNOTS ( 'NONE', 3,
 ( #1216, #4703, #304, #7234, #358, #7337 ),
 .UNSPECIFIED., .F., .F.,
 ( 4, 2, 4 ),
 ( 0.000000000000000000, 0.0003953464452561773388, 0.0007906928905123546776 ),
 .UNSPECIFIED. ) ;
#6413 = ORIENTED_EDGE ( 'NONE', *, *, #6171, .T. ) ;
#6414 = ADVANCED_FACE ( 'NONE', ( #5927 ), #9423, .T. ) ;
#6415 = CARTESIAN_POINT ( 'NONE',  ( -3.035200274230730688, 11.65993862977662765, 3.675000000000000266 ) ) ;
#6416 = DIRECTION ( 'NONE',  ( 0.000000000000000000, 0.000000000000000000, -1.000000000000000000 ) ) ;
#6417 = CARTESIAN_POINT ( 'NONE',  ( 1.399999999999999689, 11.43165542625050612, -5.400000000000000355 ) ) ;
#6418 = VERTEX_POINT ( 'NONE', #6265 ) ;
#6419 = VECTOR ( 'NONE', #9466, 1000.000000000000000 ) ;
#6420 = LINE ( 'NONE', #4757, #8388 ) ;
#6421 = CARTESIAN_POINT ( 'NONE',  ( -2.456675682618981948, -1.860425245698970720, 15.29999999999999716 ) ) ;
#6422 = DIRECTION ( 'NONE',  ( 1.000000000000000000, 0.000000000000000000, 0.000000000000000000 ) ) ;
#6423 = DIRECTION ( 'NONE',  ( 1.000000000000000000, 0.000000000000000000, 0.000000000000000000 ) ) ;
#6424 = VERTEX_POINT ( 'NONE', #9697 ) ;
#6425 = ORIENTED_EDGE ( 'NONE', *, *, #2459, .T. ) ;
#6426 = ORIENTED_EDGE ( 'NONE', *, *, #4503, .F. ) ;
#6427 = EDGE_CURVE ( 'NONE', #9891, #7551, #4113, .T. ) ;
#6428 = ADVANCED_FACE ( 'NONE', ( #944 ), #1002, .T. ) ;
#6429 = TOROIDAL_SURFACE ( 'NONE', #402, 0.1299999999999999767, 0.02000000000000000042 ) ;
#6430 = CIRCLE ( 'NONE', #5325, 3.649999999999999467 ) ;
#6431 = LINE ( 'NONE', #6373, #3685 ) ;
#6432 = DIRECTION ( 'NONE',  ( 0.000000000000000000, 0.000000000000000000, 1.000000000000000000 ) ) ;
#6433 = DIRECTION ( 'NONE',  ( 0.5049013445390058141, 0.8631770573194725849, -0.000000000000000000 ) ) ;
#6434 = CIRCLE ( 'NONE', #9907, 7.650000000000000355 ) ;
#6435 = CARTESIAN_POINT ( 'NONE',  ( -1.380000000000000115, 8.631655426250503638, 4.379999999999999893 ) ) ;
#6436 = CARTESIAN_POINT ( 'NONE',  ( -1.030666926558653025E-16, 6.965469875665441180, 11.17499999999999893 ) ) ;
#6437 = ORIENTED_EDGE ( 'NONE', *, *, #7499, .T. ) ;
#6438 = LINE ( 'NONE', #5581, #9618 ) ;
#6439 = ORIENTED_EDGE ( 'NONE', *, *, #10610, .T. ) ;
#6440 = CIRCLE ( 'NONE', #3325, 0.1299999999999998934 ) ;
#6441 = AXIS2_PLACEMENT_3D ( 'NONE', #315, #8962, #4663 ) ;
#6442 = ORIENTED_EDGE ( 'NONE', *, *, #3333, .T. ) ;
#6443 = EDGE_CURVE ( 'NONE', #6750, #5856, #9762, .T. ) ;
#6444 = CARTESIAN_POINT ( 'NONE',  ( 3.648334813386797659, 6.855228824192193926, 0.000000000000000000 ) ) ;
#6445 = AXIS2_PLACEMENT_3D ( 'NONE', #2354, #2241, #10095 ) ;
#6446 = DIRECTION ( 'NONE',  ( 0.000000000000000000, 0.000000000000000000, 1.000000000000000000 ) ) ;
#6447 = AXIS2_PLACEMENT_3D ( 'NONE', #10838, #9871, #6375 ) ;
#6448 = DIRECTION ( 'NONE',  ( 0.000000000000000000, 0.000000000000000000, 1.000000000000000000 ) ) ;
#6449 = EDGE_LOOP ( 'NONE', ( #1291, #5229, #5699, #4883, #10615, #870, #3724, #6151, #5179, #5925, #7925, #193, #11194, #10087 ) ) ;
#6450 = EDGE_LOOP ( 'NONE', ( #1255, #9685, #11152, #5005 ) ) ;
#6451 = DIRECTION ( 'NONE',  ( -0.8743379413732511596, -0.4853175911454120084, 0.000000000000000000 ) ) ;
#6452 = CARTESIAN_POINT ( 'NONE',  ( 2.280939751330914422, -4.084530124334557755, 15.00000000000000000 ) ) ;
#6453 = VERTEX_POINT ( 'NONE', #1910 ) ;
#6454 = DIRECTION ( 'NONE',  ( 0.000000000000000000, 0.000000000000000000, 1.000000000000000000 ) ) ;
#6455 = ORIENTED_EDGE ( 'NONE', *, *, #5794, .F. ) ;
#6456 = PLANE ( 'NONE',  #7402 ) ;
#6457 = ORIENTED_EDGE ( 'NONE', *, *, #10333, .F. ) ;
#6458 = AXIS2_PLACEMENT_3D ( 'NONE', #10475, #8708, #9552 ) ;
#6459 = AXIS2_PLACEMENT_3D ( 'NONE', #8735, #1907, #8849 ) ;
#6460 = ADVANCED_FACE ( 'NONE', ( #10560 ), #8791, .T. ) ;
#6461 = CARTESIAN_POINT ( 'NONE',  ( -1.771168402671605879E-15, 6.965469875665441180, 0.000000000000000000 ) ) ;
#6462 = EDGE_CURVE ( 'NONE', #3053, #4009, #9415, .T. ) ;
#6463 = CARTESIAN_POINT ( 'NONE',  ( 2.580939751330873388, 9.546409626996362974, -2.625562286609687046 ) ) ;
#6464 = CARTESIAN_POINT ( 'NONE',  ( 2.657714481646626936, 9.467279967188336087, 11.17499999999999893 ) ) ;
#6465 =( BOUNDED_CURVE ( )  B_SPLINE_CURVE ( 3, ( #8380, #539, #4025, #6662 ),
 .UNSPECIFIED., .F., .F. ) 
 B_SPLINE_CURVE_WITH_KNOTS ( ( 4, 4 ),
 ( 2.836899999574395981, 3.446285307605190251 ),
 .UNSPECIFIED. ) 
 CURVE ( )  GEOMETRIC_REPRESENTATION_ITEM ( )  RATIONAL_B_SPLINE_CURVE ( ( 1.000000000000000000, 0.9692928009446305504, 0.9692928009446305504, 1.000000000000000000 ) ) 
 REPRESENTATION_ITEM ( '' )  );
#6466 = VECTOR ( 'NONE', #4169, 1000.000000000000000 ) ;
#6467 = DIRECTION ( 'NONE',  ( 1.000000000000000000, 0.000000000000000000, 0.000000000000000000 ) ) ;
#6468 = CARTESIAN_POINT ( 'NONE',  ( -3.372160293666174535, 5.568675347532812125, 11.17499999999999893 ) ) ;
#6469 = ORIENTED_EDGE ( 'NONE', *, *, #10655, .T. ) ;
#6470 = ORIENTED_EDGE ( 'NONE', *, *, #8079, .T. ) ;
#6471 = DIRECTION ( 'NONE',  ( 0.000000000000000000, 0.000000000000000000, 1.000000000000000000 ) ) ;
#6472 = AXIS2_PLACEMENT_3D ( 'NONE', #11113, #10256, #5147 ) ;
#6473 = FACE_OUTER_BOUND ( 'NONE', #11269, .T. ) ;
#6474 = VERTEX_POINT ( 'NONE', #6095 ) ;
#6475 = EDGE_CURVE ( 'NONE', #4730, #5172, #198, .T. ) ;
#6476 = VECTOR ( 'NONE', #1336, 1000.000000000000000 ) ;
#6477 = DIRECTION ( 'NONE',  ( -0.000000000000000000, 0.000000000000000000, 1.000000000000000000 ) ) ;
#6478 = EDGE_CURVE ( 'NONE', #1715, #4468, #8501, .T. ) ;
#6479 = TOROIDAL_SURFACE ( 'NONE', #453, 0.1299999999999999767, 0.02000000000000000042 ) ;
#6480 = LINE ( 'NONE', #410, #6262 ) ;
#6481 = CARTESIAN_POINT ( 'NONE',  ( 3.412809285801763348, 8.259777713370697327, 11.17499999999999893 ) ) ;
#6482 = AXIS2_PLACEMENT_3D ( 'NONE', #10069, #3948, #6467 ) ;
#6483 = ORIENTED_EDGE ( 'NONE', *, *, #4201, .T. ) ;
#6484 = DIRECTION ( 'NONE',  ( 0.000000000000000000, 0.000000000000000000, 1.000000000000000000 ) ) ;
#6485 = CARTESIAN_POINT ( 'NONE',  ( 0.000000000000000000, 7.500000000000000000, -4.999999999999999112 ) ) ;
#6486 = EDGE_CURVE ( 'NONE', #6970, #9031, #2603, .T. ) ;
#6487 = CARTESIAN_POINT ( 'NONE',  ( -1.380839982702823709, 6.500000000000000000, 4.547699037355532603 ) ) ;
#6488 = FACE_OUTER_BOUND ( 'NONE', #3921, .T. ) ;
#6489 = ORIENTED_EDGE ( 'NONE', *, *, #5676, .F. ) ;
#6490 = CIRCLE ( 'NONE', #821, 3.649999999999999467 ) ;
#6491 = ORIENTED_EDGE ( 'NONE', *, *, #8037, .F. ) ;
#6492 = VERTEX_POINT ( 'NONE', #8045 ) ;
#6493 = VECTOR ( 'NONE', #7873, 1000.000000000000000 ) ;
#6494 = DIRECTION ( 'NONE',  ( 8.234503941052878180E-17, -0.3650875288184564638, 0.9309731984870630583 ) ) ;
#6495 = DIRECTION ( 'NONE',  ( -1.000000000000000000, -0.000000000000000000, -0.000000000000000000 ) ) ;
#6496 = CARTESIAN_POINT ( 'NONE',  ( 1.399999999999999689, 12.48000000000000220, -2.027069063257456172 ) ) ;
#6497 = CYLINDRICAL_SURFACE ( 'NONE', #1279, 3.649999999999999467 ) ;
#6498 = DIRECTION ( 'NONE',  ( 0.9906889957247192458, -0.1361444591231943668, 0.000000000000000000 ) ) ;
#6499 = DIRECTION ( 'NONE',  ( 0.000000000000000000, 0.000000000000000000, 1.000000000000000000 ) ) ;
#6500 = EDGE_CURVE ( 'NONE', #4719, #6637, #10675, .T. ) ;
#6501 = VERTEX_POINT ( 'NONE', #5292 ) ;
#6502 = VECTOR ( 'NONE', #10703, 1000.000000000000000 ) ;
#6503 = ORIENTED_EDGE ( 'NONE', *, *, #5963, .T. ) ;
#6504 = ORIENTED_EDGE ( 'NONE', *, *, #5397, .F. ) ;
#6505 = CARTESIAN_POINT ( 'NONE',  ( -1.007663994480476832, 12.46411433246060341, -2.454779244514313952 ) ) ;
#6506 = CARTESIAN_POINT ( 'NONE',  ( 1.393841279746829143, 4.734046515325193383, 7.800000000000000711 ) ) ;
#6507 = ORIENTED_EDGE ( 'NONE', *, *, #7670, .T. ) ;
#6508 = ORIENTED_EDGE ( 'NONE', *, *, #9519, .F. ) ;
#6509 = DIRECTION ( 'NONE',  ( 0.6280440846592203474, 0.7781777610061610950, -0.000000000000000000 ) ) ;
#6510 = DIRECTION ( 'NONE',  ( 0.000000000000000000, 0.000000000000000000, 1.000000000000000000 ) ) ;
#6511 = ADVANCED_FACE ( 'NONE', ( #892 ), #7188, .T. ) ;
#6512 = EDGE_LOOP ( 'NONE', ( #1742, #7091, #9656, #8994 ) ) ;
#6513 = LINE ( 'NONE', #3992, #7795 ) ;
#6514 = ORIENTED_EDGE ( 'NONE', *, *, #3556, .F. ) ;
#6515 = CIRCLE ( 'NONE', #1944, 3.649999999999999467 ) ;
#6516 = DIRECTION ( 'NONE',  ( -0.000000000000000000, 0.000000000000000000, -1.000000000000000000 ) ) ;
#6517 = ORIENTED_EDGE ( 'NONE', *, *, #1021, .T. ) ;
#6518 = CARTESIAN_POINT ( 'NONE',  ( 0.000000000000000000, 0.000000000000000000, -7.650000000000000355 ) ) ;
#6519 = CARTESIAN_POINT ( 'NONE',  ( -2.353341366820553837, 4.173895918532293692, 9.529120656610875733E-18 ) ) ;
#6520 = AXIS2_PLACEMENT_3D ( 'NONE', #8498, #8438, #7691 ) ;
#6521 = FACE_OUTER_BOUND ( 'NONE', #9912, .T. ) ;
#6522 = DIRECTION ( 'NONE',  ( 0.000000000000000000, -8.673617379884030542E-17, 1.000000000000000000 ) ) ;
#6523 = CARTESIAN_POINT ( 'NONE',  ( 1.961719250185141483, 1.487687874707251501, 11.17499999999999893 ) ) ;
#6524 = EDGE_CURVE ( 'NONE', #9469, #8927, #6552, .T. ) ;
#6525 = VERTEX_POINT ( 'NONE', #2709 ) ;
#6526 = ORIENTED_EDGE ( 'NONE', *, *, #152, .T. ) ;
#6527 = CARTESIAN_POINT ( 'NONE',  ( -3.903127820947815962E-14, 10.61546987566543976, -2.454779244514313952 ) ) ;
#6528 = DIRECTION ( 'NONE',  ( -0.000000000000000000, 1.000000000000000000, -0.000000000000000000 ) ) ;
#6529 = VERTEX_POINT ( 'NONE', #10508 ) ;
#6530 = EDGE_CURVE ( 'NONE', #10049, #8258, #6206, .T. ) ;
#6531 = VECTOR ( 'NONE', #1607, 1000.000000000000114 ) ;
#6532 = CARTESIAN_POINT ( 'NONE',  ( 0.000000000000000000, 0.000000000000000000, 3.675000000000000266 ) ) ;
#6533 = DIRECTION ( 'NONE',  ( -1.000000000000000000, 0.000000000000000000, 0.000000000000000000 ) ) ;
#6534 = LINE ( 'NONE', #4071, #8293 ) ;
#6535 = ORIENTED_EDGE ( 'NONE', *, *, #9855, .T. ) ;
#6536 = EDGE_CURVE ( 'NONE', #5568, #609, #2658, .T. ) ;
#6537 = CARTESIAN_POINT ( 'NONE',  ( 5.465701386268194462, 5.792189881732849877, 7.800000000000000711 ) ) ;
#6538 = EDGE_CURVE ( 'NONE', #4027, #3610, #10445, .T. ) ;
#6539 = CYLINDRICAL_SURFACE ( 'NONE', #6714, 3.649999999999999467 ) ;
#6540 = LINE ( 'NONE', #6592, #10484 ) ;
#6541 = VERTEX_POINT ( 'NONE', #1790 ) ;
#6542 = ADVANCED_FACE ( 'NONE', ( #3575 ), #7076, .T. ) ;
#6543 = ORIENTED_EDGE ( 'NONE', *, *, #7610, .F. ) ;
#6544 = EDGE_LOOP ( 'NONE', ( #3690, #3674, #3037, #3066 ) ) ;
#6545 = LINE ( 'NONE', #9815, #2945 ) ;
#6546 = VECTOR ( 'NONE', #3564, 1000.000000000000000 ) ;
#6547 = CYLINDRICAL_SURFACE ( 'NONE', #6069, 0.02000000000000005246 ) ;
#6548 = DIRECTION ( 'NONE',  ( 1.000000000000000000, 0.000000000000000000, 0.000000000000000000 ) ) ;
#6549 = FACE_OUTER_BOUND ( 'NONE', #2836, .T. ) ;
#6550 = CARTESIAN_POINT ( 'NONE',  ( 1.397319086605161687, 6.500000000000000000, 4.496202024374977846 ) ) ;
#6551 = FACE_OUTER_BOUND ( 'NONE', #9878, .T. ) ;
#6552 =( BOUNDED_CURVE ( )  B_SPLINE_CURVE ( 3, ( #9819, #3516, #1966, #95 ),
 .UNSPECIFIED., .F., .F. ) 
 B_SPLINE_CURVE_WITH_KNOTS ( ( 4, 4 ),
 ( 1.570796326794897890, 3.141592653589793116 ),
 .UNSPECIFIED. ) 
 CURVE ( )  GEOMETRIC_REPRESENTATION_ITEM ( )  RATIONAL_B_SPLINE_CURVE ( ( 1.000000000000000000, 0.8047378541243652705, 0.8047378541243652705, 1.000000000000000000 ) ) 
 REPRESENTATION_ITEM ( '' )  );
#6553 = ORIENTED_EDGE ( 'NONE', *, *, #6263, .F. ) ;
#6554 = DIRECTION ( 'NONE',  ( 1.000000000000000000, 2.168404344971008252E-17, 8.673617379884035472E-17 ) ) ;
#6555 = VERTEX_POINT ( 'NONE', #8157 ) ;
#6556 = ADVANCED_FACE ( 'NONE', ( #10840 ), #2133, .T. ) ;
#6557 = AXIS2_PLACEMENT_3D ( 'NONE', #6890, #10212, #5745 ) ;
#6558 = ORIENTED_EDGE ( 'NONE', *, *, #2179, .F. ) ;
#6559 = PRODUCT_DEFINITION_CONTEXT ( 'detailed design', #1288, 'design' ) ;
#6560 = ADVANCED_FACE ( 'NONE', ( #4890 ), #488, .T. ) ;
#6561 = DIRECTION ( 'NONE',  ( -0.7071067811865453523, 0.000000000000000000, -0.7071067811865497932 ) ) ;
#6562 =( NAMED_UNIT ( * ) SI_UNIT ( $, .STERADIAN. ) SOLID_ANGLE_UNIT ( ) );
#6563 = FACE_OUTER_BOUND ( 'NONE', #8499, .T. ) ;
#6564 = ORIENTED_EDGE ( 'NONE', *, *, #2287, .T. ) ;
#6565 = ORIENTED_EDGE ( 'NONE', *, *, #4968, .T. ) ;
#6566 = CARTESIAN_POINT ( 'NONE',  ( 1.399999999999999689, 0.000000000000000000, 0.000000000000000000 ) ) ;
#6567 = CARTESIAN_POINT ( 'NONE',  ( 2.915460667173242815, 3.090000000000000746, 5.036781010732885200 ) ) ;
#6568 = EDGE_LOOP ( 'NONE', ( #361, #1263, #7656, #2536 ) ) ;
#6569 = FACE_OUTER_BOUND ( 'NONE', #7090, .T. ) ;
#6570 = VERTEX_POINT ( 'NONE', #3975 ) ;
#6571 = LINE ( 'NONE', #10921, #2085 ) ;
#6572 = ORIENTED_EDGE ( 'NONE', *, *, #7572, .F. ) ;
#6573 = MECHANICAL_DESIGN_GEOMETRIC_PRESENTATION_REPRESENTATION (  '', ( #3637 ), #6735 ) ;
#6574 = LINE ( 'NONE', #9151, #776 ) ;
#6575 = EDGE_CURVE ( 'NONE', #6525, #3107, #1227, .T. ) ;
#6576 = LINE ( 'NONE', #6463, #4764 ) ;
#6577 = CARTESIAN_POINT ( 'NONE',  ( 3.226782805549693212, 5.626078208432424788, -3.956290731841324959 ) ) ;
#6578 = CARTESIAN_POINT ( 'NONE',  ( 1.650000000000000355, 6.965469875665441180, 0.000000000000000000 ) ) ;
#6579 = CARTESIAN_POINT ( 'NONE',  ( 2.580939751330874721, 9.546409626996361197, 3.675000000000000266 ) ) ;
#6580 = ORIENTED_EDGE ( 'NONE', *, *, #7589, .F. ) ;
#6581 = VERTEX_POINT ( 'NONE', #10731 ) ;
#6582 = CARTESIAN_POINT ( 'NONE',  ( -2.580939751330911580, 4.384530124334556689, 15.00000000000000000 ) ) ;
#6583 = VECTOR ( 'NONE', #5012, 1000.000000000000000 ) ;
#6584 =( NAMED_UNIT ( * ) PLANE_ANGLE_UNIT ( ) SI_UNIT ( $, .RADIAN. ) );
#6585 = CARTESIAN_POINT ( 'NONE',  ( 2.280939751330914422, -1.543823096526753202, 15.29999999999999893 ) ) ;
#6586 = ADVANCED_FACE ( 'NONE', ( #5634 ), #5207, .T. ) ;
#6587 = LINE ( 'NONE', #11321, #1866 ) ;
#6588 = CYLINDRICAL_SURFACE ( 'NONE', #7195, 0.1000000000000001305 ) ;
#6589 = ORIENTED_EDGE ( 'NONE', *, *, #9465, .T. ) ;
#6590 = DIRECTION ( 'NONE',  ( -0.000000000000000000, -0.000000000000000000, -1.000000000000000000 ) ) ;
#6591 = CARTESIAN_POINT ( 'NONE',  ( -1.771168402671605879E-15, 6.965469875665441180, 7.800000000000000711 ) ) ;
#6592 = CARTESIAN_POINT ( 'NONE',  ( -0.4338126793328013764, 9.560436211757018299, 0.000000000000000000 ) ) ;
#6593 = VERTEX_POINT ( 'NONE', #5516 ) ;
#6594 = ORIENTED_EDGE ( 'NONE', *, *, #5286, .T. ) ;
#6595 = ORIENTED_EDGE ( 'NONE', *, *, #4493, .F. ) ;
#6596 = CIRCLE ( 'NONE', #1465, 3.649999999999999467 ) ;
#6597 = ADVANCED_FACE ( 'NONE', ( #6551 ), #9987, .F. ) ;
#6598 = DIRECTION ( 'NONE',  ( -0.7071067811865477948, 0.000000000000000000, -0.7071067811865473507 ) ) ;
#6599 = AXIS2_PLACEMENT_3D ( 'NONE', #2140, #3057, #2192 ) ;
#6600 = EDGE_CURVE ( 'NONE', #10692, #733, #7465, .T. ) ;
#6601 = LINE ( 'NONE', #11065, #773 ) ;
#6602 = DIRECTION ( 'NONE',  ( -0.000000000000000000, 0.000000000000000000, 1.000000000000000000 ) ) ;
#6603 = DIRECTION ( 'NONE',  ( -0.6280440846592157955, -0.7781777610061649808, 0.000000000000000000 ) ) ;
#6604 = DIRECTION ( 'NONE',  ( -0.000000000000000000, 0.6561787149247931827, 0.7546055221634992982 ) ) ;
#6605 = DIRECTION ( 'NONE',  ( -1.000000000000000000, 0.000000000000000000, 0.000000000000000000 ) ) ;
#6606 = CARTESIAN_POINT ( 'NONE',  ( 5.078412917506966551, 3.200000000000000178, 4.890012498889792170 ) ) ;
#6607 = EDGE_LOOP ( 'NONE', ( #8699, #4110, #3025, #1068 ) ) ;
#6608 = CARTESIAN_POINT ( 'NONE',  ( -1.379999999999999227, 2.790441948979335951, 2.426471259982029505 ) ) ;
#6609 = DIRECTION ( 'NONE',  ( -1.000000000000000000, 0.000000000000000000, 0.000000000000000000 ) ) ;
#6610 = ORIENTED_EDGE ( 'NONE', *, *, #2331, .F. ) ;
#6611 = CIRCLE ( 'NONE', #8077, 1.650000000000000355 ) ;
#6612 = VERTEX_POINT ( 'NONE', #10783 ) ;
#6613 = CARTESIAN_POINT ( 'NONE',  ( -1.399999999999999689, 6.622052172158088723, -0.9406179037940088916 ) ) ;
#6614 = VECTOR ( 'NONE', #4370, 1000.000000000000000 ) ;
#6615 = ADVANCED_FACE ( 'NONE', ( #4714 ), #9129, .F. ) ;
#6616 = CARTESIAN_POINT ( 'NONE',  ( -1.380000000000000115, 12.44809871788125477, 4.429206973128303915 ) ) ;
#6617 = DIRECTION ( 'NONE',  ( 0.000000000000000000, -1.000000000000000000, 0.000000000000000000 ) ) ;
#6618 = ORIENTED_EDGE ( 'NONE', *, *, #4708, .F. ) ;
#6619 = CARTESIAN_POINT ( 'NONE',  ( -2.044841472878144994, 1.650330625545604724, 3.675000000000000266 ) ) ;
#6620 = DIRECTION ( 'NONE',  ( -0.8631770573194725849, 0.5049013445390058141, 0.000000000000000000 ) ) ;
#6621 = ORIENTED_EDGE ( 'NONE', *, *, #5522, .F. ) ;
#6622 = DIRECTION ( 'NONE',  ( -0.000000000000000000, -0.000000000000000000, -1.000000000000000000 ) ) ;
#6623 = ORIENTED_EDGE ( 'NONE', *, *, #6018, .T. ) ;
#6624 = EDGE_CURVE ( 'NONE', #7889, #9023, #1171, .T. ) ;
#6625 = CARTESIAN_POINT ( 'NONE',  ( 0.000000000000000000, 1.500000000000000444, 0.000000000000000000 ) ) ;
#6626 = ORIENTED_EDGE ( 'NONE', *, *, #4604, .T. ) ;
#6627 = CIRCLE ( 'NONE', #4419, 3.649999999999999467 ) ;
#6628 = AXIS2_PLACEMENT_3D ( 'NONE', #6226, #4569, #58 ) ;
#6629 = CIRCLE ( 'NONE', #8831, 3.649999999999999467 ) ;
#6630 = CARTESIAN_POINT ( 'NONE',  ( -1.400000000000000133, 9.768344573749498494, 5.400000000000000355 ) ) ;
#6631 = CYLINDRICAL_SURFACE ( 'NONE', #8971, 3.649999999999999467 ) ;
#6632 = PLANE ( 'NONE',  #5403 ) ;
#6633 = LINE ( 'NONE', #4803, #815 ) ;
#6634 = DIRECTION ( 'NONE',  ( -0.000000000000000000, 0.000000000000000000, 1.000000000000000000 ) ) ;
#6635 = ORIENTED_EDGE ( 'NONE', *, *, #3945, .T. ) ;
#6636 = AXIS2_PLACEMENT_3D ( 'NONE', #5784, #7617, #3958 ) ;
#6637 = VERTEX_POINT ( 'NONE', #10043 ) ;
#6638 = FACE_OUTER_BOUND ( 'NONE', #10619, .T. ) ;
#6639 = VECTOR ( 'NONE', #6246, 1000.000000000000114 ) ;
#6640 = ADVANCED_FACE ( 'NONE', ( #10100 ), #2936, .T. ) ;
#6642 = EDGE_CURVE ( 'NONE', #6, #4667, #6378, .T. ) ;
#6641 = AXIS2_PLACEMENT_3D ( 'NONE', #9431, #1582, #8919 ) ;
#6643 = CARTESIAN_POINT ( 'NONE',  ( 4.600654826388334229, 3.789867136586410279, 7.800000000000000711 ) ) ;
#6644 = CARTESIAN_POINT ( 'NONE',  ( -0.1126976677028369844, -7.802724943655746870, -9.391077270331107840 ) ) ;
#6645 = CIRCLE ( 'NONE', #10126, 0.01999999999999996225 ) ;
#6646 = DIRECTION ( 'NONE',  ( -0.9673775151489839574, -0.2533391860415146191, 0.000000000000000000 ) ) ;
#6647 = LINE ( 'NONE', #6000, #6825 ) ;
#6648 = VERTEX_POINT ( 'NONE', #3748 ) ;
#6649 = DIRECTION ( 'NONE',  ( 0.000000000000000000, 0.000000000000000000, 1.000000000000000000 ) ) ;
#6650 = FACE_OUTER_BOUND ( 'NONE', #9237, .T. ) ;
#6651 = EDGE_CURVE ( 'NONE', #10576, #100, #9446, .T. ) ;
#6652 = CYLINDRICAL_SURFACE ( 'NONE', #1347, 0.1499999999999999667 ) ;
#6653 = ORIENTED_EDGE ( 'NONE', *, *, #3210, .F. ) ;
#6654 = AXIS2_PLACEMENT_3D ( 'NONE', #10070, #10134, #8467 ) ;
#6655 = ORIENTED_EDGE ( 'NONE', *, *, #8422, .T. ) ;
#6656 = ORIENTED_EDGE ( 'NONE', *, *, #2805, .T. ) ;
#6657 = VECTOR ( 'NONE', #7496, 1000.000000000000000 ) ;
#6658 = DIRECTION ( 'NONE',  ( 0.000000000000000000, 0.000000000000000000, 1.000000000000000000 ) ) ;
#6659 = AXIS2_PLACEMENT_3D ( 'NONE', #8018, #170, #6694 ) ;
#6660 = CARTESIAN_POINT ( 'NONE',  ( -3.035200274230730688, 11.65993862977662765, 0.000000000000000000 ) ) ;
#6661 = FACE_OUTER_BOUND ( 'NONE', #6357, .T. ) ;
#6662 = CARTESIAN_POINT ( 'NONE',  ( -2.312024219028235184, 5.951057409446828039, 4.433344562587808291 ) ) ;
#6663 = CARTESIAN_POINT ( 'NONE',  ( -3.859759734048395785E-14, 10.61546987566544153, 0.000000000000000000 ) ) ;
#6664 = AXIS2_PLACEMENT_3D ( 'NONE', #10062, #2206, #5870 ) ;
#6665 = ADVANCED_FACE ( 'NONE', ( #368 ), #1337, .T. ) ;
#6666 = CARTESIAN_POINT ( 'NONE',  ( 1.379999999999999671, 0.000000000000000000, -4.400000000000000355 ) ) ;
#6667 = LINE ( 'NONE', #10165, #5789 ) ;
#6668 = VERTEX_POINT ( 'NONE', #9249 ) ;
#6669 = ORIENTED_EDGE ( 'NONE', *, *, #3888, .F. ) ;
#6670 = VECTOR ( 'NONE', #667, 1000.000000000000114 ) ;
#6671 = EDGE_CURVE ( 'NONE', #10426, #2533, #10194, .T. ) ;
#6672 = EDGE_LOOP ( 'NONE', ( #1421, #9848, #473, #956, #3645 ) ) ;
#6673 = VECTOR ( 'NONE', #5260, 1000.000000000000000 ) ;
#6674 = DIRECTION ( 'NONE',  ( 0.000000000000000000, 0.000000000000000000, -1.000000000000000000 ) ) ;
#6675 = SHAPE_REPRESENTATION_RELATIONSHIP ( 'NONE' , 'NONE' ,  #7635, #10880 ) ;
#6676 = CARTESIAN_POINT ( 'NONE',  ( 1.173279993932573539, 12.43117126193364186, -2.457261515329064672 ) ) ;
#6677 = DIRECTION ( 'NONE',  ( 1.000000000000000000, 0.000000000000000000, 0.000000000000000000 ) ) ;
#6678 = AXIS2_PLACEMENT_3D ( 'NONE', #317, #1394, #2020 ) ;
#6679 = ORIENTED_EDGE ( 'NONE', *, *, #2266, .F. ) ;
#6680 = ORIENTED_EDGE ( 'NONE', *, *, #8093, .F. ) ;
#6681 = CARTESIAN_POINT ( 'NONE',  ( -1.380000000000000115, 6.649999999999999467, 4.549999999999999822 ) ) ;
#6682 = FACE_OUTER_BOUND ( 'NONE', #9673, .T. ) ;
#6683 = ORIENTED_EDGE ( 'NONE', *, *, #6340, .T. ) ;
#6684 = ADVANCED_FACE ( 'NONE', ( #5968 ), #311, .T. ) ;
#6685 = LINE ( 'NONE', #8456, #8898 ) ;
#6686 = VERTEX_POINT ( 'NONE', #4192 ) ;
#6687 = CARTESIAN_POINT ( 'NONE',  ( 1.379999999999999671, 6.649999999999999467, -4.400000000000000355 ) ) ;
#6688 = EDGE_CURVE ( 'NONE', #6208, #6637, #10374, .T. ) ;
#6689 = EDGE_LOOP ( 'NONE', ( #6437, #8479, #1411, #1329 ) ) ;
#6690 = DIRECTION ( 'NONE',  ( 0.000000000000000000, 1.000000000000000000, 0.000000000000000000 ) ) ;
#6691 = CARTESIAN_POINT ( 'NONE',  ( 3.917693825320296419, 6.697671662384333757, 11.17499999999999893 ) ) ;
#6692 = EDGE_CURVE ( 'NONE', #10859, #5739, #8733, .T. ) ;
#6693 = DIRECTION ( 'NONE',  ( 0.000000000000000000, 1.000000000000000000, -0.000000000000000000 ) ) ;
#6694 = DIRECTION ( 'NONE',  ( 1.000000000000000000, 0.000000000000000000, 0.000000000000000000 ) ) ;
#6695 = CIRCLE ( 'NONE', #1389, 3.649999999999999467 ) ;
#6696 = DIRECTION ( 'NONE',  ( 1.000000000000000000, 0.000000000000000000, 0.000000000000000000 ) ) ;
#6697 = ORIENTED_EDGE ( 'NONE', *, *, #10564, .F. ) ;
#6698 = EDGE_LOOP ( 'NONE', ( #10180, #6883, #979, #3977 ) ) ;
#6699 = CARTESIAN_POINT ( 'NONE',  ( 1.098581491038425728, 0.6205207517233434222, 15.29999999999999893 ) ) ;
#6700 = CARTESIAN_POINT ( 'NONE',  ( 1.385521695682327525, 6.500000000000000000, 0.7880629224027729807 ) ) ;
#6701 = VECTOR ( 'NONE', #8793, 1000.000000000000227 ) ;
#6702 = PLANE ( 'NONE',  #8993 ) ;
#6703 = ADVANCED_FACE ( 'NONE', ( #10265 ), #9351, .T. ) ;
#6704 = CARTESIAN_POINT ( 'NONE',  ( -4.999999999999999112, 8.000000000000000000, 2.291287847478249429 ) ) ;
#6705 = DIRECTION ( 'NONE',  ( 0.9943490029226541571, 0.1061605406293864157, -0.000000000000000000 ) ) ;
#6706 = ORIENTED_EDGE ( 'NONE', *, *, #9064, .T. ) ;
#6707 = CARTESIAN_POINT ( 'NONE',  ( 1.399999999999999689, 6.622052172158090499, -0.9406179037940094467 ) ) ;
#6708 = CARTESIAN_POINT ( 'NONE',  ( -1.380000000000000338, 9.655153745424975398, -5.498426807238719682 ) ) ;
#6709 = AXIS2_PLACEMENT_3D ( 'NONE', #6192, #6077, #9682 ) ;
#6710 = CARTESIAN_POINT ( 'NONE',  ( -2.580939751330913801, -4.084530124334558643, 0.000000000000000000 ) ) ;
#6711 = ORIENTED_EDGE ( 'NONE', *, *, #1182, .F. ) ;
#6712 = VERTEX_POINT ( 'NONE', #6663 ) ;
#6713 = EDGE_LOOP ( 'NONE', ( #4753, #2481, #2949 ) ) ;
#6714 = AXIS2_PLACEMENT_3D ( 'NONE', #5503, #9065, #2873 ) ;
#6715 = DIRECTION ( 'NONE',  ( -0.000000000000000000, 1.000000000000000000, -0.000000000000000000 ) ) ;
#6716 = EDGE_CURVE ( 'NONE', #1683, #9280, #7722, .T. ) ;
#6717 = LINE ( 'NONE', #7685, #2600 ) ;
#6718 = LINE ( 'NONE', #699, #2604 ) ;
#6719 = CARTESIAN_POINT ( 'NONE',  ( -0.2114695168097346090, 0.06226278955716398750, 3.675000000000000266 ) ) ;
#6720 = PLANE ( 'NONE',  #3416 ) ;
#6721 = CARTESIAN_POINT ( 'NONE',  ( -1.771168402671605879E-15, 6.965469875665441180, 15.29999999999999893 ) ) ;
#6722 = FACE_OUTER_BOUND ( 'NONE', #3444, .T. ) ;
#6723 = ORIENTED_EDGE ( 'NONE', *, *, #4083, .F. ) ;
#6724 = ORIENTED_EDGE ( 'NONE', *, *, #5084, .T. ) ;
#6725 = ORIENTED_EDGE ( 'NONE', *, *, #7170, .T. ) ;
#6726 = CARTESIAN_POINT ( 'NONE',  ( -3.648334813386798992, 7.075710927138658235, 7.800000000000000711 ) ) ;
#6727 = EDGE_CURVE ( 'NONE', #2758, #3700, #675, .T. ) ;
#6728 = PRODUCT_CONTEXT ( 'NONE', #8165, 'mechanical' ) ;
#6729 = DIRECTION ( 'NONE',  ( 0.8780328119034589429, 0.4786004400550684101, 0.000000000000000000 ) ) ;
#6730 = CARTESIAN_POINT ( 'NONE',  ( 3.175602739079020687, 11.56612470205378429, 7.800000000000000711 ) ) ;
#6731 = VERTEX_POINT ( 'NONE', #6016 ) ;
#6732 = CARTESIAN_POINT ( 'NONE',  ( 4.694468754111195352, 10.00067014989615544, -2.613951291675112643 ) ) ;
#6733 = LINE ( 'NONE', #7765, #6670 ) ;
#6734 = VERTEX_POINT ( 'NONE', #2476 ) ;
#6735 =( GEOMETRIC_REPRESENTATION_CONTEXT ( 3 ) GLOBAL_UNCERTAINTY_ASSIGNED_CONTEXT ( ( #8749 ) ) GLOBAL_UNIT_ASSIGNED_CONTEXT ( ( #6866, #6168, #5196 ) ) REPRESENTATION_CONTEXT ( 'NONE', 'WORKASPACE' ) );
#6736 = CARTESIAN_POINT ( 'NONE',  ( 7.296724953260060431, 3.200000000000000178, 2.297891415291850148 ) ) ;
#6737 = ORIENTED_EDGE ( 'NONE', *, *, #8704, .F. ) ;
#6738 = FACE_OUTER_BOUND ( 'NONE', #1022, .T. ) ;
#6739 = ORIENTED_EDGE ( 'NONE', *, *, #9420, .F. ) ;
#6740 = DIRECTION ( 'NONE',  ( -1.000000000000000000, 0.000000000000000000, 0.000000000000000000 ) ) ;
#6741 = VECTOR ( 'NONE', #4929, 1000.000000000000000 ) ;
#6742 = EDGE_CURVE ( 'NONE', #5623, #10607, #6891, .T. ) ;
#6743 = EDGE_CURVE ( 'NONE', #3781, #6354, #1558, .T. ) ;
#6744 = CARTESIAN_POINT ( 'NONE',  ( 3.226782805549691879, 2.373921791567574324, -3.956290731841326735 ) ) ;
#6745 = CARTESIAN_POINT ( 'NONE',  ( 2.153677983850733391, 3.681918150191078709, 3.675000000000000266 ) ) ;
#6746 = EDGE_CURVE ( 'NONE', #9889, #4835, #1038, .T. ) ;
#6747 = FACE_OUTER_BOUND ( 'NONE', #9051, .T. ) ;
#6748 = CARTESIAN_POINT ( 'NONE',  ( -4.926415935006080105, 3.869526707277708422, 0.000000000000000000 ) ) ;
#6749 = ORIENTED_EDGE ( 'NONE', *, *, #6104, .F. ) ;
#6750 = VERTEX_POINT ( 'NONE', #8381 ) ;
#6751 =( LENGTH_UNIT ( ) NAMED_UNIT ( * ) SI_UNIT ( .MILLI., .METRE. ) );
#6752 = AXIS2_PLACEMENT_3D ( 'NONE', #5441, #4692, #3890 ) ;
#6753 = CARTESIAN_POINT ( 'NONE',  ( 2.594966336091572678, 7.399282554998224626, -2.613951291675112643 ) ) ;
#6754 = DIRECTION ( 'NONE',  ( 0.4876598490941728703, -0.7241379310344820963, -0.4876598490941694286 ) ) ;
#6755 = ADVANCED_FACE ( 'NONE', ( #4247 ), #6720, .T. ) ;
#6756 = DIRECTION ( 'NONE',  ( 0.000000000000000000, 0.000000000000000000, 1.000000000000000000 ) ) ;
#6757 = AXIS2_PLACEMENT_3D ( 'NONE', #1860, #1014, #3641 ) ;
#6758 = VERTEX_POINT ( 'NONE', #1663 ) ;
#6759 = CARTESIAN_POINT ( 'NONE',  ( -4.409194422298677196, 5.814123865017238657, 3.675000000000000266 ) ) ;
#6760 = DIRECTION ( 'NONE',  ( -0.000000000000000000, 0.000000000000000000, -1.000000000000000000 ) ) ;
#6761 = DIRECTION ( 'NONE',  ( -0.000000000000000000, 0.000000000000000000, 1.000000000000000000 ) ) ;
#6762 = EDGE_LOOP ( 'NONE', ( #9946, #9118, #1516, #10922 ) ) ;
#6763 = ADVANCED_FACE ( 'NONE', ( #5048 ), #1444, .T. ) ;
#6764 = ORIENTED_EDGE ( 'NONE', *, *, #9124, .T. ) ;
#6765 = ORIENTED_EDGE ( 'NONE', *, *, #6575, .T. ) ;
#6766 = AXIS2_PLACEMENT_3D ( 'NONE', #9818, #5346, #7990 ) ;
#6767 = FACE_OUTER_BOUND ( 'NONE', #9812, .T. ) ;
#6768 = DIRECTION ( 'NONE',  ( -0.000000000000000000, 0.000000000000000000, 1.000000000000000000 ) ) ;
#6769 = CARTESIAN_POINT ( 'NONE',  ( -1.396794528132616398, 10.33763016933162149, -2.613951291675112643 ) ) ;
#6770 = CARTESIAN_POINT ( 'NONE',  ( -7.293768092963841099, 3.153845617810560498, -2.307304989425262853 ) ) ;
#6771 = CARTESIAN_POINT ( 'NONE',  ( -4.409194422298670979, 5.814123865017243098, 11.17499999999999893 ) ) ;
#6772 = LINE ( 'NONE', #2530, #1971 ) ;
#6773 = FACE_OUTER_BOUND ( 'NONE', #7524, .T. ) ;
#6774 = ORIENTED_EDGE ( 'NONE', *, *, #42, .T. ) ;
#6775 = AXIS2_PLACEMENT_3D ( 'NONE', #4913, #3998, #8405 ) ;
#6776 = ADVANCED_FACE ( 'NONE', ( #5100 ), #11173, .T. ) ;
#6777 = ORIENTED_EDGE ( 'NONE', *, *, #9195, .F. ) ;
#6778 = EDGE_CURVE ( 'NONE', #336, #791, #3331, .T. ) ;
#6779 = ORIENTED_EDGE ( 'NONE', *, *, #3296, .F. ) ;
#6780 = CARTESIAN_POINT ( 'NONE',  ( 4.433344562587839377, 5.951057409446828039, -2.312024219028175231 ) ) ;
#6781 = DIRECTION ( 'NONE',  ( 1.000000000000000000, 0.000000000000000000, 0.000000000000000000 ) ) ;
#6782 = DIRECTION ( 'NONE',  ( 0.000000000000000000, 0.000000000000000000, 1.000000000000000000 ) ) ;
#6783 = ORIENTED_EDGE ( 'NONE', *, *, #1063, .T. ) ;
#6784 = DIRECTION ( 'NONE',  ( 0.6042542366568462997, -0.7967915771908309353, 0.000000000000000000 ) ) ;
#6785 = CARTESIAN_POINT ( 'NONE',  ( -4.046831517071719730, 0.000000000000000000, -4.046831517071717066 ) ) ;
#6786 = ORIENTED_EDGE ( 'NONE', *, *, #1212, .T. ) ;
#6788 = DIRECTION ( 'NONE',  ( 1.000000000000000000, 0.000000000000000000, 0.000000000000000000 ) ) ;
#6787 = VECTOR ( 'NONE', #7643, 1000.000000000000000 ) ;
#6789 = EDGE_LOOP ( 'NONE', ( #8485, #7205, #8561, #9254 ) ) ;
#6790 = ADVANCED_FACE ( 'NONE', ( #5801 ), #7080, .T. ) ;
#6791 = ORIENTED_EDGE ( 'NONE', *, *, #8775, .F. ) ;
#6792 = VECTOR ( 'NONE', #255, 1000.000000000000000 ) ;
#6793 = CYLINDRICAL_SURFACE ( 'NONE', #3879, 3.649999999999999467 ) ;
#6794 = CIRCLE ( 'NONE', #5138, 1.650000000000000355 ) ;
#6795 = CARTESIAN_POINT ( 'NONE',  ( -7.296724953260060431, 8.000000000000000000, -2.297891415291851924 ) ) ;
#6796 = VECTOR ( 'NONE', #8507, 1000.000000000000114 ) ;
#6797 = CARTESIAN_POINT ( 'NONE',  ( 3.372160293666186082, 8.362264403798045365, 3.675000000000000266 ) ) ;
#6798 = CARTESIAN_POINT ( 'NONE',  ( 2.580939751330912468, 4.384530124334557577, 0.2999999999999999334 ) ) ;
#6799 = CARTESIAN_POINT ( 'NONE',  ( 0.000000000000000000, 8.000000000000000000, -4.999999999999999112 ) ) ;
#6800 = ORIENTED_EDGE ( 'NONE', *, *, #2826, .F. ) ;
#6801 = EDGE_LOOP ( 'NONE', ( #10708, #4366, #1413, #4020 ) ) ;
#6802 = LINE ( 'NONE', #10299, #9131 ) ;
#6803 = ADVANCED_FACE ( 'NONE', ( #4999 ), #3274, .T. ) ;
#6804 = AXIS2_PLACEMENT_3D ( 'NONE', #3612, #2693, #5326 ) ;
#6805 = FACE_OUTER_BOUND ( 'NONE', #4148, .T. ) ;
#6806 = EDGE_CURVE ( 'NONE', #8142, #3110, #4477, .T. ) ;
#6807 = AXIS2_PLACEMENT_3D ( 'NONE', #911, #5373, #9660 ) ;
#6808 = VECTOR ( 'NONE', #7816, 1000.000000000000114 ) ;
#6809 = EDGE_CURVE ( 'NONE', #8656, #3610, #5433, .T. ) ;
#6810 = CARTESIAN_POINT ( 'NONE',  ( 4.694468754111195352, 10.00067014989615366, 7.800000000000000711 ) ) ;
#6811 = VECTOR ( 'NONE', #471, 1000.000000000000000 ) ;
#6812 = VECTOR ( 'NONE', #4600, 1000.000000000000114 ) ;
#6813 = CARTESIAN_POINT ( 'NONE',  ( -7.252000366886311333, 3.200000000000000178, 2.435362535369389292 ) ) ;
#6814 = SURFACE_STYLE_FILL_AREA ( #10305 ) ;
#6815 = VECTOR ( 'NONE', #6729, 1000.000000000000114 ) ;
#6816 = VERTEX_POINT ( 'NONE', #79 ) ;
#6817 = DIRECTION ( 'NONE',  ( 1.000000000000000000, 2.168404344971008252E-17, 8.673617379884035472E-17 ) ) ;
#6818 = CARTESIAN_POINT ( 'NONE',  ( 3.372160293666184305, 8.362264403798045365, 3.675000000000000266 ) ) ;
#6819 = CARTESIAN_POINT ( 'NONE',  ( 5.087985294887781507, 3.021034482758619522, -2.966664951328112476 ) ) ;
#6820 = EDGE_CURVE ( 'NONE', #10759, #2136, #7812, .T. ) ;
#6821 = EDGE_LOOP ( 'NONE', ( #10048, #570, #2084, #4314 ) ) ;
#6822 = ORIENTED_EDGE ( 'NONE', *, *, #3807, .F. ) ;
#6823 = EDGE_CURVE ( 'NONE', #4450, #8020, #819, .T. ) ;
#6824 = ORIENTED_EDGE ( 'NONE', *, *, #11179, .T. ) ;
#6825 = VECTOR ( 'NONE', #7787, 1000.000000000000000 ) ;
#6826 = CARTESIAN_POINT ( 'NONE',  ( -2.091014652896256099, 3.836142472419340699, 3.675000000000000266 ) ) ;
#6827 = CARTESIAN_POINT ( 'NONE',  ( -1.264503870837297317, 4.828517181176899875, 11.17499999999999893 ) ) ;
#6828 = EDGE_CURVE ( 'NONE', #560, #1100, #5329, .T. ) ;
#6829 = DIRECTION ( 'NONE',  ( 0.000000000000000000, 0.000000000000000000, 1.000000000000000000 ) ) ;
#6830 = FACE_OUTER_BOUND ( 'NONE', #10032, .T. ) ;
#6831 = CARTESIAN_POINT ( 'NONE',  ( 2.580939751330914245, -4.384530124334557577, 0.1242640687119284659 ) ) ;
#6832 = AXIS2_PLACEMENT_3D ( 'NONE', #5547, #4689, #4460 ) ;
#6833 = ORIENTED_EDGE ( 'NONE', *, *, #9905, .T. ) ;
#6834 = FACE_OUTER_BOUND ( 'NONE', #8541, .T. ) ;
#6835 = CARTESIAN_POINT ( 'NONE',  ( -4.027325123107952543, 3.021034482758621298, -4.027325123107949878 ) ) ;
#6836 = ORIENTED_EDGE ( 'NONE', *, *, #1658, .T. ) ;
#6837 = CIRCLE ( 'NONE', #10668, 0.2999999999999999889 ) ;
#6838 = ORIENTED_EDGE ( 'NONE', *, *, #10964, .T. ) ;
#6839 = VERTEX_POINT ( 'NONE', #7000 ) ;
#6840 = AXIS2_PLACEMENT_3D ( 'NONE', #7216, #9611, #7098 ) ;
#6841 = CARTESIAN_POINT ( 'NONE',  ( -1.030666926558653025E-16, 6.965469875665441180, 7.800000000000000711 ) ) ;
#6842 = AXIS2_PLACEMENT_3D ( 'NONE', #1920, #5186, #7828 ) ;
#6843 = CONTEXT_DEPENDENT_SHAPE_REPRESENTATION ( #5234, #1619 ) ;
#6844 = CARTESIAN_POINT ( 'NONE',  ( 2.231423360340241580, 8.359311155412269656, -2.625562286609687046 ) ) ;
#6845 = ADVANCED_FACE ( 'NONE', ( #7977 ), #6135, .T. ) ;
#6846 = CARTESIAN_POINT ( 'NONE',  ( -1.771168402671605879E-15, 6.965469875665441180, 11.17499999999999893 ) ) ;
#6847 = PRODUCT ( 'Snap Fit Female V2', 'Snap Fit Female V2', '', ( #1346 ) ) ;
#6848 = EDGE_LOOP ( 'NONE', ( #11087, #2037, #9435, #11313 ) ) ;
#6849 = LINE ( 'NONE', #9521, #11144 ) ;
#6850 = DIRECTION ( 'NONE',  ( -5.122298795473439605E-17, -0.6561787149247870765, 0.7546055221635045163 ) ) ;
#6851 = VECTOR ( 'NONE', #2898, 1000.000000000000114 ) ;
#6852 = VERTEX_POINT ( 'NONE', #10599 ) ;
#6853 = CARTESIAN_POINT ( 'NONE',  ( 2.580939751330914245, -2.084296772316889701, 3.675000000000000266 ) ) ;
#6854 = ORIENTED_EDGE ( 'NONE', *, *, #8586, .F. ) ;
#6855 = ORIENTED_EDGE ( 'NONE', *, *, #6088, .T. ) ;
#6856 = VECTOR ( 'NONE', #4511, 1000.000000000000000 ) ;
#6857 = CARTESIAN_POINT ( 'NONE',  ( 1.379999999999999671, 11.52975414413175947, 5.485303232940222706 ) ) ;
#6858 = AXIS2_PLACEMENT_3D ( 'NONE', #6567, #1353, #8342 ) ;
#6859 = CARTESIAN_POINT ( 'NONE',  ( -3.396937244278616319, 1.653668633940834631, 6.854452907495114822 ) ) ;
#6860 = CARTESIAN_POINT ( 'NONE',  ( -3.035200274230735573, 11.65993862977662410, -2.613951291675116195 ) ) ;
#6861 = EDGE_CURVE ( 'NONE', #5296, #9280, #3616, .T. ) ;
#6862 = CARTESIAN_POINT ( 'NONE',  ( -1.030666926558653025E-16, 6.965469875665441180, 3.675000000000000266 ) ) ;
#6863 = DIRECTION ( 'NONE',  ( 1.978231904884091733E-16, -1.000000000000000000, -0.000000000000000000 ) ) ;
#6864 = ORIENTED_EDGE ( 'NONE', *, *, #4778, .T. ) ;
#6865 = VERTEX_POINT ( 'NONE', #5159 ) ;
#6866 =( LENGTH_UNIT ( ) NAMED_UNIT ( * ) SI_UNIT ( .MILLI., .METRE. ) );
#6867 = FACE_OUTER_BOUND ( 'NONE', #4324, .T. ) ;
#6868 = CIRCLE ( 'NONE', #2288, 7.650000000000000355 ) ;
#6869 = CARTESIAN_POINT ( 'NONE',  ( -1.399999999999999911, 12.48000000000000220, 2.027069063257455728 ) ) ;
#6870 = EDGE_CURVE ( 'NONE', #5423, #1513, #987, .T. ) ;
#6871 = FACE_OUTER_BOUND ( 'NONE', #9460, .T. ) ;
#6872 = LINE ( 'NONE', #8763, #5170 ) ;
#6873 = ORIENTED_EDGE ( 'NONE', *, *, #7477, .T. ) ;
#6874 = EDGE_CURVE ( 'NONE', #10590, #9280, #3443, .T. ) ;
#6875 = DIRECTION ( 'NONE',  ( -1.000000000000000000, 0.000000000000000000, 0.000000000000000000 ) ) ;
#6876 = PLANE ( 'NONE',  #10896 ) ;
#6877 = B_SPLINE_CURVE_WITH_KNOTS ( 'NONE', 3,
 ( #10604, #7007, #8903, #4536, #4367, #2651 ),
 .UNSPECIFIED., .F., .F.,
 ( 4, 2, 4 ),
 ( 0.000000000000000000, 0.0003953464452561770677, 0.0007906928905123541355 ),
 .UNSPECIFIED. ) ;
#6878 = VECTOR ( 'NONE', #9774, 1000.000000000000000 ) ;
#6879 = CARTESIAN_POINT ( 'NONE',  ( 0.000000000000000000, 6.649999999999999467, 0.7729309367425446498 ) ) ;
#6880 = ORIENTED_EDGE ( 'NONE', *, *, #1147, .T. ) ;
#6881 = VECTOR ( 'NONE', #7507, 1000.000000000000114 ) ;
#6882 = VERTEX_POINT ( 'NONE', #8725 ) ;
#6883 = ORIENTED_EDGE ( 'NONE', *, *, #10863, .F. ) ;
#6884 = CARTESIAN_POINT ( 'NONE',  ( -0.1126976677028350138, 14.89727505634425064, 5.908922729668888429 ) ) ;
#6885 = EDGE_CURVE ( 'NONE', #6358, #10798, #9824, .T. ) ;
#6886 = EDGE_CURVE ( 'NONE', #11167, #4033, #8897, .T. ) ;
#6887 = CARTESIAN_POINT ( 'NONE',  ( 4.460905893435742620, 2.431562345619206589, 11.17499999999999893 ) ) ;
#6888 = FACE_OUTER_BOUND ( 'NONE', #7996, .T. ) ;
#6889 = EDGE_CURVE ( 'NONE', #7539, #489, #11017, .T. ) ;
#6890 = CARTESIAN_POINT ( 'NONE',  ( 0.000000000000000000, 0.000000000000000000, 15.29999999999999893 ) ) ;
#6891 = LINE ( 'NONE', #11012, #10915 ) ;
#6892 = ORIENTED_EDGE ( 'NONE', *, *, #3728, .F. ) ;
#6893 = FACE_OUTER_BOUND ( 'NONE', #753, .T. ) ;
#6894 = DIRECTION ( 'NONE',  ( 0.7071067811865475727, -3.056747976430751789E-16, -0.7071067811865475727 ) ) ;
#6895 = EDGE_LOOP ( 'NONE', ( #3661, #4340, #10257, #5986 ) ) ;
#6896 = EDGE_LOOP ( 'NONE', ( #4257, #7550, #6342, #3995 ) ) ;
#6897 = ORIENTED_EDGE ( 'NONE', *, *, #1471, .T. ) ;
#6898 = AXIS2_PLACEMENT_3D ( 'NONE', #3671, #7803, #7172 ) ;
#6899 = DIRECTION ( 'NONE',  ( -1.000000000000000000, 0.000000000000000000, 0.000000000000000000 ) ) ;
#6900 =( BOUNDED_CURVE ( )  B_SPLINE_CURVE ( 3, ( #5729, #10936, #7560, #4874 ),
 .UNSPECIFIED., .F., .F. ) 
 B_SPLINE_CURVE_WITH_KNOTS ( ( 4, 4 ),
 ( 1.570796326794897890, 3.141592653589793116 ),
 .UNSPECIFIED. ) 
 CURVE ( )  GEOMETRIC_REPRESENTATION_ITEM ( )  RATIONAL_B_SPLINE_CURVE ( ( 1.000000000000000000, 0.8047378541243652705, 0.8047378541243652705, 1.000000000000000000 ) ) 
 REPRESENTATION_ITEM ( '' )  );
#6901 = CARTESIAN_POINT ( 'NONE',  ( 4.500000000000000000, 7.500000000000000000, -2.179449471770337432 ) ) ;
#6902 = CARTESIAN_POINT ( 'NONE',  ( -1.380839982702822599, 6.500000000000000000, -0.7752318993870118691 ) ) ;
#6903 = ADVANCED_FACE ( 'NONE', ( #7915 ), #10735, .T. ) ;
#6904 = ORIENTED_EDGE ( 'NONE', *, *, #4343, .F. ) ;
#6905 = PLANE ( 'NONE',  #180 ) ;
#6906 = CYLINDRICAL_SURFACE ( 'NONE', #7957, 0.2999999999999999334 ) ;
#6907 = ORIENTED_EDGE ( 'NONE', *, *, #1115, .F. ) ;
#6908 = CARTESIAN_POINT ( 'NONE',  ( -2.571963978632910930, 3.176175380897987566, -7.204686064820229774 ) ) ;
#6909 = ORIENTED_EDGE ( 'NONE', *, *, #8772, .F. ) ;
#6910 = EDGE_LOOP ( 'NONE', ( #7679, #10153, #7568, #1593 ) ) ;
#6911 = ADVANCED_FACE ( 'NONE', ( #3562 ), #4885, .T. ) ;
#6912 = CARTESIAN_POINT ( 'NONE',  ( 4.046831517071719730, 4.909999999999999254, 4.046831517071717066 ) ) ;
#6913 = CARTESIAN_POINT ( 'NONE',  ( 1.379999999999999671, 8.631655426250503638, 4.549999999999999822 ) ) ;
#6914 = FACE_OUTER_BOUND ( 'NONE', #442, .T. ) ;
#6915 = CARTESIAN_POINT ( 'NONE',  ( -2.580939751330915577, 9.546409626996325670, -2.625562286609690599 ) ) ;
#6916 = AXIS2_PLACEMENT_3D ( 'NONE', #3646, #8062, #218 ) ;
#6917 = CARTESIAN_POINT ( 'NONE',  ( 1.177310021971325504, 8.566988997091348423, 11.17499999999999893 ) ) ;
#6918 = CARTESIAN_POINT ( 'NONE',  ( -1.771168402671605879E-15, 6.965469875665441180, 15.29999999999999893 ) ) ;
#6919 = CARTESIAN_POINT ( 'NONE',  ( 2.580939751330912468, 4.384530124334557577, 15.29999999999999893 ) ) ;
#6920 = VERTEX_POINT ( 'NONE', #4307 ) ;
#6921 = VERTEX_POINT ( 'NONE', #8196 ) ;
#6922 = DIRECTION ( 'NONE',  ( -1.000000000000000000, 0.000000000000000000, 0.000000000000000000 ) ) ;
#6923 = CARTESIAN_POINT ( 'NONE',  ( 1.379999999999999671, 6.622052172158088723, -0.9406179037940091137 ) ) ;
#6924 = EDGE_CURVE ( 'NONE', #5296, #6581, #10039, .T. ) ;
#6925 = ADVANCED_FACE ( 'NONE', ( #3962 ), #9115, .T. ) ;
#6926 = AXIS2_PLACEMENT_3D ( 'NONE', #7563, #6590, #8480 ) ;
#6927 = DIRECTION ( 'NONE',  ( -0.7071067811865401342, -3.056747976430751789E-16, -0.7071067811865550112 ) ) ;
#6928 = LINE ( 'NONE', #9490, #10448 ) ;
#6929 = CARTESIAN_POINT ( 'NONE',  ( -0.1126976677028369844, -7.802724943655747758, -1.741077270331110816 ) ) ;
#6930 = ORIENTED_EDGE ( 'NONE', *, *, #10135, .T. ) ;
#6931 = AXIS2_PLACEMENT_3D ( 'NONE', #2737, #8710, #2685 ) ;
#6932 = FACE_OUTER_BOUND ( 'NONE', #122, .T. ) ;
#6933 = DIRECTION ( 'NONE',  ( 0.000000000000000000, 0.000000000000000000, 1.000000000000000000 ) ) ;
#6934 = CARTESIAN_POINT ( 'NONE',  ( 0.000000000000000000, 1.699999999999999734, -6.849999999999998757 ) ) ;
#6935 = EDGE_LOOP ( 'NONE', ( #5165, #5534, #8486, #3578, #8177, #1126, #4308, #10775, #1464, #6503 ) ) ;
#6936 = EDGE_LOOP ( 'NONE', ( #6210, #4726, #7105, #10091 ) ) ;
#6937 = ADVANCED_FACE ( 'NONE', ( #1265, #1214 ), #7452, .T. ) ;
#6938 = ORIENTED_EDGE ( 'NONE', *, *, #1915, .T. ) ;
#6939 = CARTESIAN_POINT ( 'NONE',  ( -5.465701386268203343, 8.138749869597994291, -2.457261515329064672 ) ) ;
#6940 = DIRECTION ( 'NONE',  ( 1.000000000000000000, 2.168404344971008252E-17, -8.673617379884035472E-17 ) ) ;
#6941 = DIRECTION ( 'NONE',  ( 0.000000000000000000, 0.000000000000000000, 1.000000000000000000 ) ) ;
#6942 = CARTESIAN_POINT ( 'NONE',  ( 7.296724953260061319, 3.176207172489686315, 2.297891415291850148 ) ) ;
#6943 = ORIENTED_EDGE ( 'NONE', *, *, #6806, .T. ) ;
#6944 = CARTESIAN_POINT ( 'NONE',  ( 1.399999999999999689, 11.43165542625050612, -5.549999999999999822 ) ) ;
#6945 = DIRECTION ( 'NONE',  ( 0.5049013445390049259, 0.8631770573194732510, -0.000000000000000000 ) ) ;
#6946 = VERTEX_POINT ( 'NONE', #5454 ) ;
#6947 = VERTEX_POINT ( 'NONE', #7399 ) ;
#6948 = CARTESIAN_POINT ( 'NONE',  ( 0.000000000000000000, 1.499999999999999556, 0.000000000000000000 ) ) ;
#6949 = VECTOR ( 'NONE', #10559, 1000.000000000000000 ) ;
#6950 = PRODUCT_RELATED_PRODUCT_CATEGORY ( 'part', '', ( #7573 ) ) ;
#6951 = EDGE_CURVE ( 'NONE', #3376, #7274, #475, .T. ) ;
#6952 = ORIENTED_EDGE ( 'NONE', *, *, #4696, .T. ) ;
#6953 = EDGE_CURVE ( 'NONE', #4725, #6839, #5565, .T. ) ;
#6954 = DIRECTION ( 'NONE',  ( -0.4786004400550697424, 0.8780328119034581658, 0.000000000000000000 ) ) ;
#6955 = CARTESIAN_POINT ( 'NONE',  ( 0.000000000000000000, 8.000000000000000000, 0.000000000000000000 ) ) ;
#6956 = DIRECTION ( 'NONE',  ( -1.000000000000000000, 0.000000000000000000, 0.000000000000000000 ) ) ;
#6957 = ORIENTED_EDGE ( 'NONE', *, *, #6243, .F. ) ;
#6958 = CARTESIAN_POINT ( 'NONE',  ( 2.472118714102116588, 3.116491533522731672, -7.239567554180995401 ) ) ;
#6959 = DIRECTION ( 'NONE',  ( -1.000000000000000000, 0.000000000000000000, 0.000000000000000000 ) ) ;
#6960 = ORIENTED_EDGE ( 'NONE', *, *, #6600, .T. ) ;
#6961 = CARTESIAN_POINT ( 'NONE',  ( -0.1126976677028369844, -7.802724943655747758, -1.741077270331110816 ) ) ;
#6962 = ORIENTED_EDGE ( 'NONE', *, *, #2583, .T. ) ;
#6963 = VERTEX_POINT ( 'NONE', #4650 ) ;
#6964 = ADVANCED_FACE ( 'NONE', ( #9914 ), #6539, .T. ) ;
#6965 = PRODUCT_DEFINITION_FORMATION_WITH_SPECIFIED_SOURCE ( 'ANY', '', #7956, .NOT_KNOWN. ) ;
#6966 = FACE_OUTER_BOUND ( 'NONE', #9617, .T. ) ;
#6967 = CARTESIAN_POINT ( 'NONE',  ( -2.279064564105393487, 2.000000000000000444, 4.400384907664967926 ) ) ;
#6968 = CARTESIAN_POINT ( 'NONE',  ( 1.379999999999999671, 2.790441948979335951, -2.426471259982029505 ) ) ;
#6969 = DIRECTION ( 'NONE',  ( 1.000000000000000000, 2.168404344971008252E-17, -8.673617379884035472E-17 ) ) ;
#6970 = VERTEX_POINT ( 'NONE', #9004 ) ;
#6971 = DIRECTION ( 'NONE',  ( -0.7071067811865476838, 0.000000000000000000, 0.7071067811865474617 ) ) ;
#6972 = CARTESIAN_POINT ( 'NONE',  ( 2.179449471770337432, 7.499999999999998224, 4.500000000000000000 ) ) ;
#6973 = PLANE ( 'NONE',  #2628 ) ;
#6974 = EDGE_CURVE ( 'NONE', #489, #6303, #10029, .T. ) ;
#6975 = ORIENTED_EDGE ( 'NONE', *, *, #9348, .T. ) ;
#6976 = EDGE_LOOP ( 'NONE', ( #4311, #7081, #9071, #516, #2673, #8607, #5451, #6572, #5052, #6140, #1270, #6595, #5178, #9144, #4351, #9727, #290, #5134, #2387, #385, #6680, #1676, #1931, #6426, #10842, #10226, #1807, #5314, #5639, #2811, #7405, #1940, #1399, #4593, #495, #5701, #4579, #2158, #3451 ) ) ;
#6977 = CARTESIAN_POINT ( 'NONE',  ( 1.961719250185141483, 1.487687874707251501, 3.675000000000000266 ) ) ;
#6978 = VECTOR ( 'NONE', #2691, 1000.000000000000227 ) ;
#6979 = CIRCLE ( 'NONE', #4610, 0.1700000000000000122 ) ;
#6980 = DIRECTION ( 'NONE',  ( -1.000000000000000000, 0.000000000000000000, 0.000000000000000000 ) ) ;
#6981 = CARTESIAN_POINT ( 'NONE',  ( 4.433344562587834048, 2.048942590553171961, 2.312024219028189886 ) ) ;
#6982 = VECTOR ( 'NONE', #4825, 1000.000000000000114 ) ;
#6983 = DIRECTION ( 'NONE',  ( -1.000000000000000000, -0.000000000000000000, -0.000000000000000000 ) ) ;
#6984 = CARTESIAN_POINT ( 'NONE',  ( -1.294307837705274800, 10.37827916146719787, 7.800000000000000711 ) ) ;
#6985 = EDGE_CURVE ( 'NONE', #8031, #5333, #2207, .T. ) ;
#6986 = ORIENTED_EDGE ( 'NONE', *, *, #6974, .F. ) ;
#6987 = CARTESIAN_POINT ( 'NONE',  ( -1.380000000000000115, 12.50000000000000000, -4.343903740188082452 ) ) ;
#6989 = LINE ( 'NONE', #10479, #9610 ) ;
#6988 = CIRCLE ( 'NONE', #4976, 7.650000000000000355 ) ;
#6990 = VECTOR ( 'NONE', #7929, 1000.000000000000000 ) ;
#6991 = CARTESIAN_POINT ( 'NONE',  ( -1.771168402671605879E-15, 6.965469875665441180, 7.800000000000000711 ) ) ;
#6992 = VERTEX_POINT ( 'NONE', #7286 ) ;
#6993 = ORIENTED_EDGE ( 'NONE', *, *, #4238, .T. ) ;
#6994 = AXIS2_PLACEMENT_3D ( 'NONE', #983, #9503, #874 ) ;
#6995 = AXIS2_PLACEMENT_3D ( 'NONE', #4245, #5097, #6997 ) ;
#6996 = DIRECTION ( 'NONE',  ( -0.000000000000000000, 0.000000000000000000, 1.000000000000000000 ) ) ;
#6997 = DIRECTION ( 'NONE',  ( -8.673617379884035472E-17, 0.000000000000000000, 1.000000000000000000 ) ) ;
#6998 = EDGE_CURVE ( 'NONE', #301, #10136, #10889, .T. ) ;
#6999 = DIRECTION ( 'NONE',  ( -4.945579762210229334E-17, 1.000000000000000000, 0.000000000000000000 ) ) ;
#7000 = CARTESIAN_POINT ( 'NONE',  ( -1.400000000000000133, 11.43165542625050435, 5.530000000000000249 ) ) ;
#7001 = ORIENTED_EDGE ( 'NONE', *, *, #10238, .F. ) ;
#7002 = DIRECTION ( 'NONE',  ( -1.000000000000000000, -2.168404344971008252E-17, -8.673617379884035472E-17 ) ) ;
#7003 = CARTESIAN_POINT ( 'NONE',  ( -1.771168402671605879E-15, 6.965469875665441180, 11.17499999999999893 ) ) ;
#7004 = VERTEX_POINT ( 'NONE', #2171 ) ;
#7005 = VECTOR ( 'NONE', #4585, 1000.000000000000000 ) ;
#7006 = ORIENTED_EDGE ( 'NONE', *, *, #2559, .F. ) ;
#7007 = CARTESIAN_POINT ( 'NONE',  ( -4.499999999999998224, 7.633700821002010528, 2.179449471770337432 ) ) ;
#7008 = VECTOR ( 'NONE', #2762, 1000.000000000000000 ) ;
#7009 = ORIENTED_EDGE ( 'NONE', *, *, #4215, .F. ) ;
#7010 = CARTESIAN_POINT ( 'NONE',  ( 1.399999999999999689, 8.759938365018300033, 4.438449618462785295 ) ) ;
#7011 = AXIS2_PLACEMENT_3D ( 'NONE', #6919, #7718, #3250 ) ;
#7012 = DIRECTION ( 'NONE',  ( -0.000000000000000000, 0.000000000000000000, 1.000000000000000000 ) ) ;
#7013 = DIRECTION ( 'NONE',  ( -0.9673775151489831803, -0.2533391860415180052, 0.000000000000000000 ) ) ;
#7014 = EDGE_CURVE ( 'NONE', #6268, #7339, #4694, .T. ) ;
#7015 = DIRECTION ( 'NONE',  ( -0.000000000000000000, -0.000000000000000000, -1.000000000000000000 ) ) ;
#7016 = DIRECTION ( 'NONE',  ( -1.000000000000000000, -1.680321552529715428E-16, 0.000000000000000000 ) ) ;
#7017 = VECTOR ( 'NONE', #2876, 1000.000000000000000 ) ;
#7018 = ORIENTED_EDGE ( 'NONE', *, *, #8528, .T. ) ;
#7019 = CARTESIAN_POINT ( 'NONE',  ( -1.030666926558653025E-16, 6.965469875665441180, 3.675000000000000266 ) ) ;
#7020 = EDGE_CURVE ( 'NONE', #5509, #10548, #10772, .T. ) ;
#7021 = ORIENTED_EDGE ( 'NONE', *, *, #603, .F. ) ;
#7022 = B_SPLINE_CURVE_WITH_KNOTS ( 'NONE', 3,
 ( #5884, #1589, #5030, #5078, #6700, #7724, #1475, #9283, #4975, #11210 ),
 .UNSPECIFIED., .F., .F.,
 ( 4, 3, 3, 4 ),
 ( -2.449489749371179143E-06, 0.000000000000000000, 4.097538642259669319E-05, 8.049306843309114701E-05 ),
 .UNSPECIFIED. ) ;
#7023 = TOROIDAL_SURFACE ( 'NONE', #2073, 0.1699999999999999845, 0.02000000000000000042 ) ;
#7024 = VERTEX_POINT ( 'NONE', #2063 ) ;
#7025 = VECTOR ( 'NONE', #5137, 1000.000000000000000 ) ;
#7026 = PLANE ( 'NONE',  #8251 ) ;
#7027 = FACE_OUTER_BOUND ( 'NONE', #217, .T. ) ;
#7028 = CYLINDRICAL_SURFACE ( 'NONE', #3953, 3.649999999999999467 ) ;
#7029 = B_SPLINE_CURVE_WITH_KNOTS ( 'NONE', 3,
 ( #10868, #6519, #512, #10010, #2154, #9152, #1304, #1365 ),
 .UNSPECIFIED., .F., .F.,
 ( 4, 2, 2, 4 ),
 ( 0.000000000000000000, 0.0002749524152068823506, 0.0004124286228103245830, 0.0005499048304137668696 ),
 .UNSPECIFIED. ) ;
#7030 = CIRCLE ( 'NONE', #2083, 0.01999999999999996225 ) ;
#7031 = EDGE_CURVE ( 'NONE', #2010, #1086, #356, .T. ) ;
#7032 = ORIENTED_EDGE ( 'NONE', *, *, #2824, .T. ) ;
#7034 = EDGE_CURVE ( 'NONE', #8510, #5598, #3596, .T. ) ;
#7033 = CARTESIAN_POINT ( 'NONE',  ( 1.379999999999999671, 8.631655426250503638, 4.379999999999999893 ) ) ;
#7035 = CARTESIAN_POINT ( 'NONE',  ( -2.091014652896256099, 3.836142472419340699, 11.17499999999999893 ) ) ;
#7036 = DIRECTION ( 'NONE',  ( -0.000000000000000000, -0.000000000000000000, -1.000000000000000000 ) ) ;
#7037 = EDGE_LOOP ( 'NONE', ( #11001, #9813, #4557, #5778 ) ) ;
#7038 = EDGE_CURVE ( 'NONE', #10607, #2609, #132, .T. ) ;
#7039 = ORIENTED_EDGE ( 'NONE', *, *, #3699, .F. ) ;
#7040 = CARTESIAN_POINT ( 'NONE',  ( -3.372160293666214947, 8.362264403797976087, 3.675000000000000266 ) ) ;
#7041 = AXIS2_PLACEMENT_3D ( 'NONE', #7373, #1299, #7209 ) ;
#7042 = LINE ( 'NONE', #10750, #8677 ) ;
#7043 = VECTOR ( 'NONE', #1240, 1000.000000000000000 ) ;
#7044 = EDGE_CURVE ( 'NONE', #2030, #1086, #7995, .T. ) ;
#7045 = CARTESIAN_POINT ( 'NONE',  ( -1.030666926558653025E-16, 6.965469875665441180, 15.29999999999999893 ) ) ;
#7046 = DIRECTION ( 'NONE',  ( -0.4876598490941762565, -0.7241379310344820963, 0.4876598490941660424 ) ) ;
#7047 = DIRECTION ( 'NONE',  ( 0.000000000000000000, -0.7546055221635005195, -0.6561787149247915174 ) ) ;
#7048 = PRESENTATION_STYLE_ASSIGNMENT (( #4345 ) ) ;
#7049 = VERTEX_POINT ( 'NONE', #5788 ) ;
#7050 = AXIS2_PLACEMENT_3D ( 'NONE', #3022, #9276, #1418 ) ;
#7051 = DIRECTION ( 'NONE',  ( 0.6042542366568462997, -0.7967915771908309353, 0.000000000000000000 ) ) ;
#7052 = CARTESIAN_POINT ( 'NONE',  ( 1.399999999999999689, 12.34999999999999964, 4.343903740188081564 ) ) ;
#7053 = DIRECTION ( 'NONE',  ( 0.000000000000000000, 0.000000000000000000, 1.000000000000000000 ) ) ;
#7054 = VERTEX_POINT ( 'NONE', #5839 ) ;
#7055 = ORIENTED_EDGE ( 'NONE', *, *, #10835, .T. ) ;
#7056 = ADVANCED_FACE ( 'NONE', ( #9291, #1545 ), #11220, .F. ) ;
#7057 = CARTESIAN_POINT ( 'NONE',  ( 1.399999999999999689, 12.48000000000000043, 4.343903740188081564 ) ) ;
#7058 = DIRECTION ( 'NONE',  ( 0.2533391860415169505, -0.9673775151489834023, 0.000000000000000000 ) ) ;
#7059 = LINE ( 'NONE', #7856, #600 ) ;
#7060 = CARTESIAN_POINT ( 'NONE',  ( -1.379999999999999893, 12.37137186834969604, 1.898837853159277334 ) ) ;
#7061 = CARTESIAN_POINT ( 'NONE',  ( 7.293768092963841099, 3.153845617810560942, 2.307304989425264186 ) ) ;
#7062 = AXIS2_PLACEMENT_3D ( 'NONE', #11256, #9370, #1682 ) ;
#7063 = ORIENTED_EDGE ( 'NONE', *, *, #5576, .T. ) ;
#7064 = LINE ( 'NONE', #2752, #7284 ) ;
#7065 = DIRECTION ( 'NONE',  ( 1.000000000000000000, 0.000000000000000000, 0.000000000000000000 ) ) ;
#7066 = EDGE_LOOP ( 'NONE', ( #3015, #327, #5303, #5675 ) ) ;
#7067 = ORIENTED_EDGE ( 'NONE', *, *, #2377, .T. ) ;
#7068 = CARTESIAN_POINT ( 'NONE',  ( -1.030666926558653025E-16, 6.965469875665441180, 7.800000000000000711 ) ) ;
#7069 = ORIENTED_EDGE ( 'NONE', *, *, #10284, .T. ) ;
#7070 = EDGE_CURVE ( 'NONE', #10288, #8917, #2687, .T. ) ;
#7071 = VECTOR ( 'NONE', #5002, 1000.000000000000000 ) ;
#7072 = FACE_OUTER_BOUND ( 'NONE', #3320, .T. ) ;
#7073 = CYLINDRICAL_SURFACE ( 'NONE', #4442, 3.649999999999999467 ) ;
#7074 = FACE_OUTER_BOUND ( 'NONE', #587, .T. ) ;
#7075 = LINE ( 'NONE', #943, #2176 ) ;
#7076 = PLANE ( 'NONE',  #4291 ) ;
#7077 = VERTEX_POINT ( 'NONE', #2293 ) ;
#7078 = CARTESIAN_POINT ( 'NONE',  ( -1.030666926558653025E-16, 6.965469875665441180, 15.29999999999999893 ) ) ;
#7079 = VERTEX_POINT ( 'NONE', #7624 ) ;
#7080 = TOROIDAL_SURFACE ( 'NONE', #3785, 5.500000000000000000, 0.5000000000000000000 ) ;
#7081 = ORIENTED_EDGE ( 'NONE', *, *, #1148, .F. ) ;
#7082 = ADVANCED_FACE ( 'NONE', ( #6650 ), #4074, .F. ) ;
#7083 = DIRECTION ( 'NONE',  ( 0.8631770573194766927, -0.5049013445389989307, 0.000000000000000000 ) ) ;
#7084 = DIRECTION ( 'NONE',  ( -1.000000000000000000, 0.000000000000000000, 0.000000000000000000 ) ) ;
#7085 = LINE ( 'NONE', #6915, #623 ) ;
#7086 = ORIENTED_EDGE ( 'NONE', *, *, #5265, .T. ) ;
#7087 = LINE ( 'NONE', #8923, #1271 ) ;
#7088 = FACE_OUTER_BOUND ( 'NONE', #3260, .T. ) ;
#7089 = CARTESIAN_POINT ( 'NONE',  ( 4.500000000000000000, 7.633692192606185145, 2.179449471770337432 ) ) ;
#7090 = EDGE_LOOP ( 'NONE', ( #5427, #2082, #3251, #8590 ) ) ;
#7091 = ORIENTED_EDGE ( 'NONE', *, *, #1476, .T. ) ;
#7092 = LINE ( 'NONE', #4391, #3991 ) ;
#7093 = LINE ( 'NONE', #9719, #7941 ) ;
#7094 = EDGE_CURVE ( 'NONE', #8142, #1358, #1381, .T. ) ;
#7095 = CARTESIAN_POINT ( 'NONE',  ( -1.294307837705274800, 10.37827916146719787, 3.675000000000000266 ) ) ;
#7096 = VECTOR ( 'NONE', #3225, 1000.000000000000114 ) ;
#7097 = EDGE_CURVE ( 'NONE', #9587, #11188, #9634, .T. ) ;
#7098 = DIRECTION ( 'NONE',  ( 0.000000000000000000, 0.000000000000000000, -1.000000000000000000 ) ) ;
#7099 = CARTESIAN_POINT ( 'NONE',  ( -3.412809285801754466, 5.671162037960158386, 3.675000000000000266 ) ) ;
#7100 = LINE ( 'NONE', #5491, #2255 ) ;
#7101 = EDGE_LOOP ( 'NONE', ( #4004, #8150, #6653, #4732 ) ) ;
#7102 = DIRECTION ( 'NONE',  ( -1.000000000000000000, 0.000000000000000000, 0.000000000000000000 ) ) ;
#7103 = CARTESIAN_POINT ( 'NONE',  ( -1.400000000000000133, 12.34999999999999964, -4.343903740188082452 ) ) ;
#7104 = PLANE ( 'NONE',  #8862 ) ;
#7105 = ORIENTED_EDGE ( 'NONE', *, *, #493, .T. ) ;
#7106 = ORIENTED_EDGE ( 'NONE', *, *, #3127, .F. ) ;
#7107 = LINE ( 'NONE', #9854, #4225 ) ;
#7108 = ADVANCED_FACE ( 'NONE', ( #9396 ), #5037, .F. ) ;
#7109 = CIRCLE ( 'NONE', #8565, 3.649999999999999467 ) ;
#7110 = FACE_OUTER_BOUND ( 'NONE', #6310, .T. ) ;
#7111 = CARTESIAN_POINT ( 'NONE',  ( -3.412809285801754466, 5.671162037960158386, 11.17499999999999893 ) ) ;
#7112 = CARTESIAN_POINT ( 'NONE',  ( -1.030666926558653025E-16, 6.965469875665441180, 3.675000000000000266 ) ) ;
#7113 = EDGE_CURVE ( 'NONE', #3664, #995, #5953, .T. ) ;
#7114 = CARTESIAN_POINT ( 'NONE',  ( 7.252000366886311333, 3.000000000000000000, -2.435362535369390180 ) ) ;
#7115 = DIRECTION ( 'NONE',  ( 0.4918069879902069452, -0.8707042474709769664, 0.000000000000000000 ) ) ;
#7116 = ORIENTED_EDGE ( 'NONE', *, *, #2094, .T. ) ;
#7117 = ORIENTED_EDGE ( 'NONE', *, *, #10564, .T. ) ;
#7118 = CARTESIAN_POINT ( 'NONE',  ( 1.173279993932573539, 12.43117126193364186, 3.675000000000000266 ) ) ;
#7119 = VECTOR ( 'NONE', #7158, 1000.000000000000000 ) ;
#7120 = EDGE_LOOP ( 'NONE', ( #277, #419, #1849, #8939 ) ) ;
#7121 = LINE ( 'NONE', #3681, #748 ) ;
#7122 = DIRECTION ( 'NONE',  ( 0.000000000000000000, 0.000000000000000000, -1.000000000000000000 ) ) ;
#7123 = CARTESIAN_POINT ( 'NONE',  ( -1.380560112054757704, 6.500000000000000000, -0.7744648667341185178 ) ) ;
#7124 = DIRECTION ( 'NONE',  ( 0.9906889957247191347, -0.1361444591231953660, 0.000000000000000000 ) ) ;
#7125 = CARTESIAN_POINT ( 'NONE',  ( 1.379999999999999671, 9.281463325509363926, 8.070837674355974656 ) ) ;
#7126 = ADVANCED_FACE ( 'NONE', ( #4930 ), #746, .F. ) ;
#7127 = AXIS2_PLACEMENT_3D ( 'NONE', #6681, #5926, #5812 ) ;
#7128 = ADVANCED_FACE ( 'NONE', ( #11058 ), #8423, .F. ) ;
#7129 = ORIENTED_EDGE ( 'NONE', *, *, #8714, .F. ) ;
#7130 = CARTESIAN_POINT ( 'NONE',  ( -2.179449471770337432, 7.499999999999998224, -4.500000000000000000 ) ) ;
#7131 = EDGE_LOOP ( 'NONE', ( #10259, #266, #10155, #7263 ) ) ;
#7132 = ORIENTED_EDGE ( 'NONE', *, *, #730, .F. ) ;
#7133 = CARTESIAN_POINT ( 'NONE',  ( -1.400000000000000133, 11.43165542625050612, -5.400000000000000355 ) ) ;
#7134 = CIRCLE ( 'NONE', #9689, 0.02000000000000053471 ) ;
#7135 = FACE_OUTER_BOUND ( 'NONE', #6896, .T. ) ;
#7136 = CARTESIAN_POINT ( 'NONE',  ( 5.465701386268196238, 5.792189881732848100, 0.000000000000000000 ) ) ;
#7137 = VERTEX_POINT ( 'NONE', #6708 ) ;
#7138 = DIRECTION ( 'NONE',  ( -0.9673775151489839574, -0.2533391860415146191, 0.000000000000000000 ) ) ;
#7139 = DIRECTION ( 'NONE',  ( 0.000000000000000000, 0.000000000000000000, 1.000000000000000000 ) ) ;
#7140 = DIRECTION ( 'NONE',  ( -0.8707042474709770774, -0.4918069879902070007, 0.000000000000000000 ) ) ;
#7141 = EDGE_CURVE ( 'NONE', #9149, #4881, #10202, .T. ) ;
#7142 = VERTEX_POINT ( 'NONE', #6818 ) ;
#7143 = VERTEX_POINT ( 'NONE', #11161 ) ;
#7144 = LINE ( 'NONE', #8330, #8934 ) ;
#7145 =( REPRESENTATION_RELATIONSHIP ('NONE','NONE', #4126, #9974 ) REPRESENTATION_RELATIONSHIP_WITH_TRANSFORMATION ( #1452 )SHAPE_REPRESENTATION_RELATIONSHIP( ) );
#7146 = DIRECTION ( 'NONE',  ( 0.9673775151489824031, 0.2533391860415208363, 0.000000000000000000 ) ) ;
#7147 = ORIENTED_EDGE ( 'NONE', *, *, #10437, .F. ) ;
#7148 = VECTOR ( 'NONE', #10239, 1000.000000000000227 ) ;
#7149 = CYLINDRICAL_SURFACE ( 'NONE', #4242, 0.1999999999999996503 ) ;
#7150 = AXIS2_PLACEMENT_3D ( 'NONE', #7133, #1746, #6333 ) ;
#7151 = CARTESIAN_POINT ( 'NONE',  ( 0.000000000000000000, 7.500000000000000000, 0.000000000000000000 ) ) ;
#7152 = PLANE ( 'NONE',  #11221 ) ;
#7153 = LINE ( 'NONE', #8072, #6502 ) ;
#7154 = AXIS2_PLACEMENT_3D ( 'NONE', #2257, #9137, #324 ) ;
#7155 = CARTESIAN_POINT ( 'NONE',  ( -5.736181009075438375, 5.990449107840071896, -2.454779244514317504 ) ) ;
#7156 = EDGE_CURVE ( 'NONE', #3925, #3509, #9339, .T. ) ;
#7157 = EDGE_LOOP ( 'NONE', ( #5805, #2649, #10197, #5212 ) ) ;
#7158 = DIRECTION ( 'NONE',  ( 2.472789881105115160E-16, 1.000000000000000000, -0.000000000000000000 ) ) ;
#7159 = EDGE_CURVE ( 'NONE', #6970, #5297, #1487, .T. ) ;
#7160 = CARTESIAN_POINT ( 'NONE',  ( 0.5922599689879302076, 9.528919086266823157, 0.000000000000000000 ) ) ;
#7161 = ORIENTED_EDGE ( 'NONE', *, *, #2427, .F. ) ;
#7162 = EDGE_CURVE ( 'NONE', #8348, #211, #3149, .T. ) ;
#7163 = VERTEX_POINT ( 'NONE', #7737 ) ;
#7164 = CARTESIAN_POINT ( 'NONE',  ( -1.399999999999999911, 6.500000000000000000, -4.483107698211994396 ) ) ;
#7165 = CIRCLE ( 'NONE', #1128, 0.01999999999999996225 ) ;
#7166 = VECTOR ( 'NONE', #5310, 1000.000000000000114 ) ;
#7167 = DIRECTION ( 'NONE',  ( -0.5049013445389998189, -0.8631770573194762486, 0.000000000000000000 ) ) ;
#7168 = DIRECTION ( 'NONE',  ( -0.7781777610061610950, 0.6280440846592203474, 0.000000000000000000 ) ) ;
#7169 = EDGE_LOOP ( 'NONE', ( #4339, #4151, #8239, #4932 ) ) ;
#7170 = EDGE_CURVE ( 'NONE', #5958, #10421, #10309, .T. ) ;
#7171 = FACE_OUTER_BOUND ( 'NONE', #7520, .T. ) ;
#7172 = DIRECTION ( 'NONE',  ( 0.9943490029226543792, 0.1061605406293850001, 0.000000000000000000 ) ) ;
#7173 = DIRECTION ( 'NONE',  ( 0.000000000000000000, 1.000000000000000000, 0.000000000000000000 ) ) ;
#7174 = CARTESIAN_POINT ( 'NONE',  ( 1.399999999999999689, 12.44809871788125477, -4.429206973128302138 ) ) ;
#7175 = ORIENTED_EDGE ( 'NONE', *, *, #3489, .F. ) ;
#7176 = EDGE_CURVE ( 'NONE', #2049, #1694, #3379, .T. ) ;
#7177 = EDGE_LOOP ( 'NONE', ( #7595, #3381, #6097, #10710 ) ) ;
#7178 = LINE ( 'NONE', #10666, #8137 ) ;
#7179 = AXIS2_PLACEMENT_3D ( 'NONE', #8600, #7800, #925 ) ;
#7180 = CIRCLE ( 'NONE', #4609, 3.649999999999999467 ) ;
#7181 = ORIENTED_EDGE ( 'NONE', *, *, #2698, .T. ) ;
#7182 = ADVANCED_FACE ( 'NONE', ( #3431 ), #10536, .T. ) ;
#7183 = PLANE ( 'NONE',  #9177 ) ;
#7184 = DIRECTION ( 'NONE',  ( 1.000000000000000000, 0.000000000000000000, 0.000000000000000000 ) ) ;
#7185 = CARTESIAN_POINT ( 'NONE',  ( -2.580939751330911580, 4.384530124334556689, 15.29999999999999893 ) ) ;
#7186 = CIRCLE ( 'NONE', #5887, 0.1499999999999999667 ) ;
#7187 = DIRECTION ( 'NONE',  ( 0.000000000000000000, -0.000000000000000000, -1.000000000000000000 ) ) ;
#7188 = CYLINDRICAL_SURFACE ( 'NONE', #9961, 0.2999999999999999334 ) ;
#7189 = VECTOR ( 'NONE', #366, 1000.000000000000227 ) ;
#7190 = AXIS2_PLACEMENT_3D ( 'NONE', #2778, #2612, #5421 ) ;
#7191 = ORIENTED_EDGE ( 'NONE', *, *, #11195, .F. ) ;
#7192 = DIRECTION ( 'NONE',  ( -0.000000000000000000, 1.000000000000000000, 0.000000000000000000 ) ) ;
#7193 = ORIENTED_EDGE ( 'NONE', *, *, #8554, .T. ) ;
#7194 = ORIENTED_EDGE ( 'NONE', *, *, #8398, .F. ) ;
#7195 = AXIS2_PLACEMENT_3D ( 'NONE', #4755, #4011, #7503 ) ;
#7196 = ADVANCED_FACE ( 'NONE', ( #11280 ), #6876, .T. ) ;
#7197 = DIRECTION ( 'NONE',  ( 0.7071067811865497932, 0.000000000000000000, -0.7071067811865453523 ) ) ;
#7198 = AXIS2_PLACEMENT_3D ( 'NONE', #5622, #3965, #4819 ) ;
#7199 = FACE_OUTER_BOUND ( 'NONE', #5500, .T. ) ;
#7200 = CARTESIAN_POINT ( 'NONE',  ( -0.5498284151365088190, 5.149948682704902581, 3.675000000000000266 ) ) ;
#7201 = ORIENTED_EDGE ( 'NONE', *, *, #4065, .T. ) ;
#7202 = LINE ( 'NONE', #10461, #9676 ) ;
#7203 = CARTESIAN_POINT ( 'NONE',  ( 9.368548013477252244E-16, 0.000000000000000000, 7.650000000000000355 ) ) ;
#7204 = LINE ( 'NONE', #5306, #3541 ) ;
#7205 = ORIENTED_EDGE ( 'NONE', *, *, #9894, .T. ) ;
#7206 = ORIENTED_EDGE ( 'NONE', *, *, #898, .F. ) ;
#7207 = CARTESIAN_POINT ( 'NONE',  ( -4.046831517071759698, 0.000000000000000000, 4.046831517071677098 ) ) ;
#7208 = VECTOR ( 'NONE', #10412, 1000.000000000000114 ) ;
#7209 = DIRECTION ( 'NONE',  ( 0.000000000000000000, -0.7546055221635206145, -0.6561787149247685358 ) ) ;
#7210 = ORIENTED_EDGE ( 'NONE', *, *, #5576, .F. ) ;
#7211 =( GEOMETRIC_REPRESENTATION_CONTEXT ( 3 ) GLOBAL_UNCERTAINTY_ASSIGNED_CONTEXT ( ( #377 ) ) GLOBAL_UNIT_ASSIGNED_CONTEXT ( ( #10763, #2109, #7669 ) ) REPRESENTATION_CONTEXT ( 'NONE', 'WORKASPACE' ) );
#7212 = DIRECTION ( 'NONE',  ( -0.000000000000000000, 0.000000000000000000, 1.000000000000000000 ) ) ;
#7213 = ADVANCED_FACE ( 'NONE', ( #6063 ), #8823, .T. ) ;
#7214 = AXIS2_PLACEMENT_3D ( 'NONE', #213, #3532, #1124 ) ;
#7215 = DIRECTION ( 'NONE',  ( 1.000000000000000000, 0.000000000000000000, 0.000000000000000000 ) ) ;
#7216 = CARTESIAN_POINT ( 'NONE',  ( -0.1126976677028350138, 14.89727505634425064, -1.741077270331108817 ) ) ;
#7217 = DIRECTION ( 'NONE',  ( -0.7071067811865500152, 0.000000000000000000, 0.7071067811865451302 ) ) ;
#7218 = CIRCLE ( 'NONE', #3739, 0.1499999999999999667 ) ;
#7219 = LINE ( 'NONE', #5378, #9025 ) ;
#7220 = EDGE_LOOP ( 'NONE', ( #4171, #6930, #3752, #10279 ) ) ;
#7221 = DIRECTION ( 'NONE',  ( 0.000000000000000000, 0.9863939238321478564, -0.1643989873053327000 ) ) ;
#7222 = VECTOR ( 'NONE', #5347, 1000.000000000000000 ) ;
#7223 = VERTEX_POINT ( 'NONE', #9731 ) ;
#7224 = EDGE_LOOP ( 'NONE', ( #4240, #7367, #8175, #11055 ) ) ;
#7225 = CIRCLE ( 'NONE', #4655, 0.1700000000000000122 ) ;
#7226 = DIRECTION ( 'NONE',  ( 0.000000000000000000, 1.133806193448894182E-16, -1.000000000000000000 ) ) ;
#7227 = ADVANCED_FACE ( 'NONE', ( #67 ), #7966, .T. ) ;
#7228 = ADVANCED_FACE ( 'NONE', ( #1880 ), #4294, .T. ) ;
#7229 = CARTESIAN_POINT ( 'NONE',  ( 4.985102807365161759, 3.200000000000000178, -4.985102807365159983 ) ) ;
#7230 = DIRECTION ( 'NONE',  ( 0.000000000000000000, 0.000000000000000000, 1.000000000000000000 ) ) ;
#7231 = ORIENTED_EDGE ( 'NONE', *, *, #8985, .F. ) ;
#7232 = DIRECTION ( 'NONE',  ( -1.000000000000000000, -0.000000000000000000, -0.000000000000000000 ) ) ;
#7233 = DIRECTION ( 'NONE',  ( -1.000000000000000000, 0.000000000000000000, 0.000000000000000000 ) ) ;
#7234 = CARTESIAN_POINT ( 'NONE',  ( 2.234160359978237143, 7.947103280109118373, -4.741034782807846071 ) ) ;
#7235 = FACE_OUTER_BOUND ( 'NONE', #7131, .T. ) ;
#7236 = ORIENTED_EDGE ( 'NONE', *, *, #782, .T. ) ;
#7237 = ORIENTED_EDGE ( 'NONE', *, *, #4635, .T. ) ;
#7238 = VECTOR ( 'NONE', #3791, 1000.000000000000000 ) ;
#7239 = ORIENTED_EDGE ( 'NONE', *, *, #6809, .F. ) ;
#7240 = EDGE_CURVE ( 'NONE', #9088, #3107, #3606, .T. ) ;
#7241 = EDGE_CURVE ( 'NONE', #1715, #5662, #11266, .T. ) ;
#7242 = CARTESIAN_POINT ( 'NONE',  ( -2.580939751330911580, 4.384530124334556689, 7.800000000000000711 ) ) ;
#7243 = ADVANCED_FACE ( 'NONE', ( #2516 ), #5382, .T. ) ;
#7244 = CARTESIAN_POINT ( 'NONE',  ( -5.465701386268206896, 8.138749869597990738, 3.675000000000000266 ) ) ;
#7245 = FACE_OUTER_BOUND ( 'NONE', #6283, .T. ) ;
#7246 = DIRECTION ( 'NONE',  ( 0.7071067811865477948, -0.000000000000000000, 0.7071067811865473507 ) ) ;
#7247 = CARTESIAN_POINT ( 'NONE',  ( -3.412809285801754466, 5.671162037960158386, -2.454779244514317504 ) ) ;
#7248 = VERTEX_POINT ( 'NONE', #1766 ) ;
#7249 = CARTESIAN_POINT ( 'NONE',  ( 0.1102410514732280883, 10.61380468905223751, 11.17499999999999893 ) ) ;
#7250 = ORIENTED_EDGE ( 'NONE', *, *, #2105, .T. ) ;
#7251 = ORIENTED_EDGE ( 'NONE', *, *, #937, .F. ) ;
#7252 = AXIS2_PLACEMENT_3D ( 'NONE', #5594, #6622, #3122 ) ;
#7253 = CARTESIAN_POINT ( 'NONE',  ( -1.088609894901982011, 0.6042532376681476469, 3.675000000000000266 ) ) ;
#7254 = EDGE_CURVE ( 'NONE', #10651, #190, #2573, .T. ) ;
#7255 =( LENGTH_UNIT ( ) NAMED_UNIT ( * ) SI_UNIT ( .MILLI., .METRE. ) );
#7256 = PLANE ( 'NONE',  #451 ) ;
#7257 = VERTEX_POINT ( 'NONE', #2635 ) ;
#7258 = ORIENTED_EDGE ( 'NONE', *, *, #10769, .F. ) ;
#7259 = DIRECTION ( 'NONE',  ( 0.6280440846592231230, 0.7781777610061588746, 0.000000000000000000 ) ) ;
#7260 = CARTESIAN_POINT ( 'NONE',  ( 1.399999999999999689, 12.44809871788125477, 4.429206973128303026 ) ) ;
#7261 = AXIS2_PLACEMENT_3D ( 'NONE', #7019, #3632, #6269 ) ;
#7262 = ORIENTED_EDGE ( 'NONE', *, *, #9880, .T. ) ;
#7263 = ORIENTED_EDGE ( 'NONE', *, *, #3942, .T. ) ;
#7264 = DIRECTION ( 'NONE',  ( 0.000000000000000000, 0.000000000000000000, 1.000000000000000000 ) ) ;
#7265 = EDGE_CURVE ( 'NONE', #2010, #1077, #3032, .T. ) ;
#7266 = CARTESIAN_POINT ( 'NONE',  ( 2.580939751330914245, -2.084296772316889701, 15.00000000000000000 ) ) ;
#7267 = VERTEX_POINT ( 'NONE', #3488 ) ;
#7268 = VECTOR ( 'NONE', #244, 1000.000000000000000 ) ;
#7269 = CARTESIAN_POINT ( 'NONE',  ( 0.000000000000000000, 1.699999999999999734, -7.049999999999998046 ) ) ;
#7270 = CARTESIAN_POINT ( 'NONE',  ( -2.580939751330912912, -2.003873909248936602, 3.675000000000000266 ) ) ;
#7271 = DIRECTION ( 'NONE',  ( -0.7071067811865451302, 0.000000000000000000, -0.7071067811865500152 ) ) ;
#7272 =( BOUNDED_CURVE ( )  B_SPLINE_CURVE ( 3, ( #8678, #1052, #195, #889 ),
 .UNSPECIFIED., .F., .F. ) 
 B_SPLINE_CURVE_WITH_KNOTS ( ( 4, 4 ),
 ( 0.000000000000000000, 1.570796326794899445 ),
 .UNSPECIFIED. ) 
 CURVE ( )  GEOMETRIC_REPRESENTATION_ITEM ( )  RATIONAL_B_SPLINE_CURVE ( ( 1.000000000000000000, 0.8047378541243643824, 0.8047378541243643824, 1.000000000000000000 ) ) 
 REPRESENTATION_ITEM ( '' )  );
#7273 = PLANE ( 'NONE',  #1160 ) ;
#7274 = VERTEX_POINT ( 'NONE', #8767 ) ;
#7275 = ORIENTED_EDGE ( 'NONE', *, *, #9212, .T. ) ;
#7276 = LINE ( 'NONE', #9849, #6198 ) ;
#7277 = EDGE_CURVE ( 'NONE', #6882, #9037, #4871, .T. ) ;
#7278 = EDGE_CURVE ( 'NONE', #11115, #8439, #4349, .T. ) ;
#7279 = VERTEX_POINT ( 'NONE', #8711 ) ;
#7280 = CARTESIAN_POINT ( 'NONE',  ( -5.465701386268203343, 8.138749869597994291, -2.457261515329064672 ) ) ;
#7281 = CARTESIAN_POINT ( 'NONE',  ( 1.379999999999999671, 12.37465984809580810, -1.879109974682634965 ) ) ;
#7282 = CARTESIAN_POINT ( 'NONE',  ( 1.393841279746818262, 4.734046515325192495, 0.000000000000000000 ) ) ;
#7283 = ORIENTED_EDGE ( 'NONE', *, *, #11278, .F. ) ;
#7284 = VECTOR ( 'NONE', #7978, 1000.000000000000000 ) ;
#7285 = CARTESIAN_POINT ( 'NONE',  ( -1.379999999999999893, 12.37465984809580277, 1.879109974682634077 ) ) ;
#7286 = CARTESIAN_POINT ( 'NONE',  ( -3.328434437871129692, 8.463476615568003680, 11.17499999999999893 ) ) ;
#7287 = EDGE_CURVE ( 'NONE', #6354, #1505, #6989, .T. ) ;
#7288 = CARTESIAN_POINT ( 'NONE',  ( -4.694468754111172260, 3.930269601434686066, 7.800000000000000711 ) ) ;
#7289 = CARTESIAN_POINT ( 'NONE',  ( 1.379999999999999671, 12.48000000000000220, 0.000000000000000000 ) ) ;
#7290 = ORIENTED_EDGE ( 'NONE', *, *, #6688, .T. ) ;
#7291 = ORIENTED_EDGE ( 'NONE', *, *, #6743, .F. ) ;
#7292 = ORIENTED_EDGE ( 'NONE', *, *, #3174, .T. ) ;
#7293 = CIRCLE ( 'NONE', #10218, 0.1299999999999998934 ) ;
#7294 = LINE ( 'NONE', #9923, #4227 ) ;
#7295 = CARTESIAN_POINT ( 'NONE',  ( 1.498006739902556284, 10.29390431353657220, 3.675000000000000266 ) ) ;
#7296 = CARTESIAN_POINT ( 'NONE',  ( 5.465701386268196238, 5.792189881732848988, -2.457261515329064672 ) ) ;
#7297 = CARTESIAN_POINT ( 'NONE',  ( -1.030666926558653025E-16, 6.965469875665441180, 15.29999999999999893 ) ) ;
#7298 = DIRECTION ( 'NONE',  ( -0.6936187941687648184, 0.000000000000000000, 0.7203422578024065714 ) ) ;
#7299 = ORIENTED_EDGE ( 'NONE', *, *, #10917, .T. ) ;
#7300 = VECTOR ( 'NONE', #865, 1000.000000000000000 ) ;
#7301 = LINE ( 'NONE', #3109, #1033 ) ;
#7302 = ORIENTED_EDGE ( 'NONE', *, *, #11249, .F. ) ;
#7303 = EDGE_CURVE ( 'NONE', #10667, #3604, #9669, .T. ) ;
#7304 = EDGE_CURVE ( 'NONE', #11115, #8008, #3549, .T. ) ;
#7305 = ORIENTED_EDGE ( 'NONE', *, *, #6475, .F. ) ;
#7306 = LINE ( 'NONE', #7472, #10806 ) ;
#7307 = DIRECTION ( 'NONE',  ( 1.000000000000000000, 0.000000000000000000, 0.000000000000000000 ) ) ;
#7308 = EDGE_LOOP ( 'NONE', ( #10366, #2198, #5064, #7440, #11116, #6305, #8915, #250, #9427, #10137 ) ) ;
#7309 = ORIENTED_EDGE ( 'NONE', *, *, #10724, .T. ) ;
#7310 = FACE_OUTER_BOUND ( 'NONE', #6672, .T. ) ;
#7311 = CARTESIAN_POINT ( 'NONE',  ( 2.657714481646625604, 9.467279967188337864, -2.613951291675112643 ) ) ;
#7312 = EDGE_LOOP ( 'NONE', ( #4988, #8513, #811, #7416 ) ) ;
#7313 = DIRECTION ( 'NONE',  ( 0.000000000000000000, 0.000000000000000000, 1.000000000000000000 ) ) ;
#7314 = ORIENTED_EDGE ( 'NONE', *, *, #9680, .F. ) ;
#7315 = CARTESIAN_POINT ( 'NONE',  ( 4.600654826388334229, 3.789867136586410279, 11.17499999999999893 ) ) ;
#7316 = EDGE_CURVE ( 'NONE', #9436, #6129, #11076, .T. ) ;
#7317 = ORIENTED_EDGE ( 'NONE', *, *, #10540, .F. ) ;
#7318 = VECTOR ( 'NONE', #1187, 1000.000000000000000 ) ;
#7319 = LINE ( 'NONE', #10805, #2777 ) ;
#7320 = CARTESIAN_POINT ( 'NONE',  ( -3.372160293666177200, 5.568675347532813902, 0.000000000000000000 ) ) ;
#7321 = ADVANCED_FACE ( 'NONE', ( #9209 ), #4731, .T. ) ;
#7322 = CARTESIAN_POINT ( 'NONE',  ( 4.500000000000000000, 7.633692192606185145, -2.179449471770337432 ) ) ;
#7323 = CARTESIAN_POINT ( 'NONE',  ( -3.405877273185284881, 1.676207172489686537, -6.849999999999997868 ) ) ;
#7324 = LINE ( 'NONE', #10810, #4821 ) ;
#7325 = ORIENTED_EDGE ( 'NONE', *, *, #10902, .T. ) ;
#7326 = ORIENTED_EDGE ( 'NONE', *, *, #2454, .T. ) ;
#7327 = CARTESIAN_POINT ( 'NONE',  ( -1.030666926558653025E-16, 6.965469875665441180, 0.000000000000000000 ) ) ;
#7328 = VERTEX_POINT ( 'NONE', #4853 ) ;
#7329 = DIRECTION ( 'NONE',  ( 1.000000000000000000, 0.000000000000000000, 0.000000000000000000 ) ) ;
#7330 = EDGE_CURVE ( 'NONE', #7788, #5285, #2552, .T. ) ;
#7331 = CARTESIAN_POINT ( 'NONE',  ( 1.379999999999999671, 12.48000000000000220, 2.027069063257455728 ) ) ;
#7332 = DIRECTION ( 'NONE',  ( -0.7071067811865550112, 0.000000000000000000, 0.7071067811865401342 ) ) ;
#7333 = ORIENTED_EDGE ( 'NONE', *, *, #323, .T. ) ;
#7334 = VECTOR ( 'NONE', #5471, 1000.000000000000000 ) ;
#7335 = DIRECTION ( 'NONE',  ( 1.000000000000000000, 0.000000000000000000, 0.000000000000000000 ) ) ;
#7336 = DIRECTION ( 'NONE',  ( 0.000000000000000000, 0.000000000000000000, -1.000000000000000000 ) ) ;
#7337 = CARTESIAN_POINT ( 'NONE',  ( 2.291287847478249429, 8.000000000000000000, -4.999999999999999112 ) ) ;
#7338 = PLANE ( 'NONE',  #9763 ) ;
#7339 = VERTEX_POINT ( 'NONE', #9093 ) ;
#7340 = ORIENTED_EDGE ( 'NONE', *, *, #10834, .T. ) ;
#7341 = AXIS2_PLACEMENT_3D ( 'NONE', #3327, #4937, #5904 ) ;
#7342 = ORIENTED_EDGE ( 'NONE', *, *, #9362, .T. ) ;
#7343 = VECTOR ( 'NONE', #296, 1000.000000000000000 ) ;
#7344 = AXIS2_PLACEMENT_3D ( 'NONE', #6335, #6388, #3061 ) ;
#7345 = DIRECTION ( 'NONE',  ( -0.7781777610061635375, 0.6280440846592173498, 0.000000000000000000 ) ) ;
#7346 = ADVANCED_FACE ( 'NONE', ( #10919 ), #8288, .T. ) ;
#7347 = DIRECTION ( 'NONE',  ( -0.8780328119034556122, -0.4786004400550745719, 0.000000000000000000 ) ) ;
#7348 = DIRECTION ( 'NONE',  ( 0.000000000000000000, 0.000000000000000000, 1.000000000000000000 ) ) ;
#7349 = DIRECTION ( 'NONE',  ( -0.000000000000000000, -0.000000000000000000, -1.000000000000000000 ) ) ;
#7350 = DIRECTION ( 'NONE',  ( -0.1061605406293899129, 0.9943490029226537130, 0.000000000000000000 ) ) ;
#7351 = ORIENTED_EDGE ( 'NONE', *, *, #9212, .F. ) ;
#7352 = VECTOR ( 'NONE', #5273, 1000.000000000000000 ) ;
#7353 = DIRECTION ( 'NONE',  ( 0.000000000000000000, 0.000000000000000000, -1.000000000000000000 ) ) ;
#7354 = ORIENTED_EDGE ( 'NONE', *, *, #6073, .T. ) ;
#7355 = CIRCLE ( 'NONE', #10456, 3.649999999999999467 ) ;
#7356 = EDGE_LOOP ( 'NONE', ( #5361, #6483, #10831, #7695 ) ) ;
#7357 = UNCERTAINTY_MEASURE_WITH_UNIT (LENGTH_MEASURE( 1.000000000000000082E-05 ), #5665, 'distance_accuracy_value', 'NONE');
#7358 = DIRECTION ( 'NONE',  ( 0.000000000000000000, 0.1643989873053274264, -0.9863939238321487446 ) ) ;
#7359 = EDGE_CURVE ( 'NONE', #2490, #10651, #6695, .T. ) ;
#7360 = VECTOR ( 'NONE', #5391, 1000.000000000000114 ) ;
#7361 = CARTESIAN_POINT ( 'NONE',  ( -0.1126976677027821672, -7.802724943655748646, -1.741077270331110149 ) ) ;
#7362 = VECTOR ( 'NONE', #3745, 1000.000000000000114 ) ;
#7363 = DIRECTION ( 'NONE',  ( 0.7071067811865550112, 0.000000000000000000, -0.7071067811865401342 ) ) ;
#7364 = CARTESIAN_POINT ( 'NONE',  ( -4.600654826388336893, 10.14107261474447164, 7.800000000000000711 ) ) ;
#7365 = CIRCLE ( 'NONE', #6085, 3.649999999999999467 ) ;
#7366 = EDGE_CURVE ( 'NONE', #10117, #3778, #6513, .T. ) ;
#7367 = ORIENTED_EDGE ( 'NONE', *, *, #9947, .T. ) ;
#7368 = CARTESIAN_POINT ( 'NONE',  ( 1.173279993932566878, 12.43117126193364186, 0.000000000000000000 ) ) ;
#7369 = CARTESIAN_POINT ( 'NONE',  ( -4.694468754111173148, 3.930269601434686066, 0.000000000000000000 ) ) ;
#7370 = EDGE_LOOP ( 'NONE', ( #2446, #8755, #318, #3669 ) ) ;
#7371 = DIRECTION ( 'NONE',  ( 0.000000000000000000, 0.000000000000000000, 1.000000000000000000 ) ) ;
#7372 = VERTEX_POINT ( 'NONE', #4907 ) ;
#7373 = CARTESIAN_POINT ( 'NONE',  ( -1.380000000000000115, 8.759938365018300033, -4.438449618462786184 ) ) ;
#7374 = EDGE_LOOP ( 'NONE', ( #694, #7796, #3492, #5993 ) ) ;
#7375 = VECTOR ( 'NONE', #411, 1000.000000000000000 ) ;
#7376 = CIRCLE ( 'NONE', #10841, 0.09999999999999983902 ) ;
#7377 = DIRECTION ( 'NONE',  ( -0.000000000000000000, 0.000000000000000000, 1.000000000000000000 ) ) ;
#7378 = EDGE_CURVE ( 'NONE', #11167, #6712, #5957, .T. ) ;
#7379 = DIRECTION ( 'NONE',  ( 0.000000000000000000, 0.000000000000000000, 1.000000000000000000 ) ) ;
#7380 = LINE ( 'NONE', #8297, #5582 ) ;
#7381 = EDGE_CURVE ( 'NONE', #3657, #8215, #2300, .T. ) ;
#7382 = AXIS2_PLACEMENT_3D ( 'NONE', #463, #9279, #7492 ) ;
#7383 = FACE_OUTER_BOUND ( 'NONE', #3095, .T. ) ;
#7384 = DIRECTION ( 'NONE',  ( 0.000000000000000000, 0.000000000000000000, 1.000000000000000000 ) ) ;
#7385 = VERTEX_POINT ( 'NONE', #4045 ) ;
#7386 = ORIENTED_EDGE ( 'NONE', *, *, #3663, .T. ) ;
#7387 = CARTESIAN_POINT ( 'NONE',  ( -4.027325123107993399, 3.021034482758622186, 4.027325123107909910 ) ) ;
#7388 = SURFACE_SIDE_STYLE ('',( #10878 ) ) ;
#7389 = ORIENTED_EDGE ( 'NONE', *, *, #8178, .F. ) ;
#7390 = DIRECTION ( 'NONE',  ( 0.000000000000000000, 0.000000000000000000, 1.000000000000000000 ) ) ;
#7391 = AXIS2_PLACEMENT_3D ( 'NONE', #9361, #771, #7593 ) ;
#7392 = VECTOR ( 'NONE', #5724, 1000.000000000000000 ) ;
#7393 = EDGE_CURVE ( 'NONE', #3000, #8656, #6685, .T. ) ;
#7394 = FACE_OUTER_BOUND ( 'NONE', #4854, .T. ) ;
#7395 = DIRECTION ( 'NONE',  ( 0.7071067811865474617, 0.000000000000000000, 0.7071067811865474617 ) ) ;
#7396 = AXIS2_PLACEMENT_3D ( 'NONE', #9955, #10188, #10809 ) ;
#7397 = EDGE_LOOP ( 'NONE', ( #2684, #5353 ) ) ;
#7398 = CARTESIAN_POINT ( 'NONE',  ( 1.499999999999998446, 6.965469875665441180, 15.29999999999999893 ) ) ;
#7399 = CARTESIAN_POINT ( 'NONE',  ( -3.405877273185280885, 1.699999999999999734, 6.850000000000000533 ) ) ;
#7400 = DIRECTION ( 'NONE',  ( -0.000000000000000000, 0.000000000000000000, 1.000000000000000000 ) ) ;
#7401 = ORIENTED_EDGE ( 'NONE', *, *, #7020, .T. ) ;
#7402 = AXIS2_PLACEMENT_3D ( 'NONE', #4682, #10007, #6344 ) ;
#7403 = EDGE_CURVE ( 'NONE', #8508, #6734, #387, .T. ) ;
#7404 = ORIENTED_EDGE ( 'NONE', *, *, #7156, .F. ) ;
#7405 = ORIENTED_EDGE ( 'NONE', *, *, #1445, .F. ) ;
#7406 = B_SPLINE_CURVE_WITH_KNOTS ( 'NONE', 3,
 ( #10820, #10196, #2977, #9966, #1260, #2224, #3956, #8245, #8363, #9225 ),
 .UNSPECIFIED., .F., .F.,
 ( 4, 2, 2, 2, 4 ),
 ( 4.336808689942017736E-19, 0.0002774483335560873907, 0.0004161725003341309776, 0.0004855345837231528523, 0.0005548966671121746729 ),
 .UNSPECIFIED. ) ;
#7407 = AXIS2_PLACEMENT_3D ( 'NONE', #10972, #3119, #6620 ) ;
#7408 = CARTESIAN_POINT ( 'NONE',  ( -0.1126976677028360546, -7.802724943655748646, 5.908922729668885765 ) ) ;
#7409 = CARTESIAN_POINT ( 'NONE',  ( 1.379999999999999671, 9.768344573749500270, -5.400000000000000355 ) ) ;
#7410 = DIRECTION ( 'NONE',  ( 0.7071067811865474617, 0.000000000000000000, 0.7071067811865474617 ) ) ;
#7411 = CARTESIAN_POINT ( 'NONE',  ( 1.498006739902551177, 10.29390431353657398, 7.800000000000000711 ) ) ;
#7412 = DIRECTION ( 'NONE',  ( 0.2533391860415169505, -0.9673775151489834023, 0.000000000000000000 ) ) ;
#7413 = ORIENTED_EDGE ( 'NONE', *, *, #4570, .T. ) ;
#7414 = DIRECTION ( 'NONE',  ( -1.000000000000000000, 0.000000000000000000, 0.000000000000000000 ) ) ;
#7415 = CIRCLE ( 'NONE', #6840, 7.649999999999996803 ) ;
#7416 = ORIENTED_EDGE ( 'NONE', *, *, #2823, .T. ) ;
#7417 = EDGE_CURVE ( 'NONE', #4669, #1096, #7538, .T. ) ;
#7418 = VERTEX_POINT ( 'NONE', #9944 ) ;
#7419 = CARTESIAN_POINT ( 'NONE',  ( 1.379999999999999671, 12.37137186834969604, 1.898837853159276889 ) ) ;
#7420 = DIRECTION ( 'NONE',  ( 0.000000000000000000, 0.000000000000000000, 1.000000000000000000 ) ) ;
#7421 = FACE_OUTER_BOUND ( 'NONE', #2351, .T. ) ;
#7422 = CARTESIAN_POINT ( 'NONE',  ( -3.405877273185280885, 6.500000000000000000, 6.850000000000000533 ) ) ;
#7423 = ORIENTED_EDGE ( 'NONE', *, *, #9620, .T. ) ;
#7424 = LINE ( 'NONE', #2144, #9140 ) ;
#7425 = DIRECTION ( 'NONE',  ( 1.000000000000000000, 0.000000000000000000, 0.000000000000000000 ) ) ;
#7426 = VECTOR ( 'NONE', #622, 1000.000000000000000 ) ;
#7427 = ORIENTED_EDGE ( 'NONE', *, *, #8717, .F. ) ;
#7428 = ORIENTED_EDGE ( 'NONE', *, *, #6538, .T. ) ;
#7429 = CARTESIAN_POINT ( 'NONE',  ( 0.000000000000000000, 7.500000000000000000, 0.000000000000000000 ) ) ;
#7430 = ORIENTED_EDGE ( 'NONE', *, *, #5397, .T. ) ;
#7431 = VECTOR ( 'NONE', #10416, 1000.000000000000114 ) ;
#7432 = EDGE_CURVE ( 'NONE', #4835, #4850, #3938, .T. ) ;
#7433 = DIRECTION ( 'NONE',  ( -1.000000000000000000, -0.000000000000000000, -0.000000000000000000 ) ) ;
#7434 = ORIENTED_EDGE ( 'NONE', *, *, #6809, .T. ) ;
#7435 = CARTESIAN_POINT ( 'NONE',  ( 4.843681451127850757, 8.000000000000000000, -4.843681451127848980 ) ) ;
#7436 = CARTESIAN_POINT ( 'NONE',  ( 1.399999999999999689, 12.44809871788125477, -4.429206973128303026 ) ) ;
#7437 = CARTESIAN_POINT ( 'NONE',  ( -2.280939751330911314, -4.084530124334557755, 15.29999999999999893 ) ) ;
#7438 = CARTESIAN_POINT ( 'NONE',  ( -3.371095403779724275, 1.616491533522732116, -6.867199217059261507 ) ) ;
#7439 = DIRECTION ( 'NONE',  ( 0.6042542366568471879, -0.7967915771908303801, 0.000000000000000000 ) ) ;
#7440 = ORIENTED_EDGE ( 'NONE', *, *, #3888, .T. ) ;
#7441 = ORIENTED_EDGE ( 'NONE', *, *, #1917, .F. ) ;
#7442 = LINE ( 'NONE', #3722, #9950 ) ;
#7443 = PRODUCT_RELATED_PRODUCT_CATEGORY ( 'part', '', ( #93 ) ) ;
#7444 = ADVANCED_FACE ( 'NONE', ( #10005 ), #8706, .T. ) ;
#7445 = AXIS2_PLACEMENT_3D ( 'NONE', #2304, #1498, #759 ) ;
#7446 = EDGE_CURVE ( 'NONE', #1578, #1017, #3819, .T. ) ;
#7447 = CARTESIAN_POINT ( 'NONE',  ( 2.580939751330913356, 6.382121700833032922E-16, 7.800000000000000711 ) ) ;
#7448 = DIRECTION ( 'NONE',  ( 0.7071067811865474617, 0.000000000000000000, 0.7071067811865476838 ) ) ;
#7449 = FACE_OUTER_BOUND ( 'NONE', #1456, .T. ) ;
#7450 = ORIENTED_EDGE ( 'NONE', *, *, #6953, .F. ) ;
#7451 = DIRECTION ( 'NONE',  ( -0.5120428415488804674, -0.6896551724137937045, 0.5120428415488771368 ) ) ;
#7452 = PLANE ( 'NONE',  #4152 ) ;
#7453 = CARTESIAN_POINT ( 'NONE',  ( -2.280939751330912202, 4.115941168879268197, 0.000000000000000000 ) ) ;
#7454 = ORIENTED_EDGE ( 'NONE', *, *, #7877, .F. ) ;
#7455 = ORIENTED_EDGE ( 'NONE', *, *, #4031, .F. ) ;
#7456 = EDGE_CURVE ( 'NONE', #6060, #8008, #9145, .T. ) ;
#7457 = EDGE_LOOP ( 'NONE', ( #6854, #11102, #5011, #8012 ) ) ;
#7458 = DIRECTION ( 'NONE',  ( 0.000000000000000000, 1.000000000000000000, -0.000000000000000000 ) ) ;
#7459 = AXIS2_PLACEMENT_3D ( 'NONE', #6721, #9509, #11013 ) ;
#7460 = DIRECTION ( 'NONE',  ( -0.000000000000000000, 1.000000000000000000, 0.000000000000000000 ) ) ;
#7461 = ADVANCED_FACE ( 'NONE', ( #6569 ), #2203, .F. ) ;
#7462 = CARTESIAN_POINT ( 'NONE',  ( 1.177310021971325504, 8.566988997091348423, 3.675000000000000266 ) ) ;
#7463 = DIRECTION ( 'NONE',  ( -0.000000000000000000, 0.000000000000000000, 1.000000000000000000 ) ) ;
#7464 = DIRECTION ( 'NONE',  ( 0.000000000000000000, -0.7546055221635044052, 0.6561787149247869655 ) ) ;
#7465 = LINE ( 'NONE', #7247, #1733 ) ;
#7466 = VERTEX_POINT ( 'NONE', #4106 ) ;
#7467 = DIRECTION ( 'NONE',  ( 0.000000000000000000, 0.000000000000000000, -1.000000000000000000 ) ) ;
#7468 = CARTESIAN_POINT ( 'NONE',  ( 1.528166405880239997, 9.107140056187523314, -2.457261515329068224 ) ) ;
#7469 = VERTEX_POINT ( 'NONE', #6035 ) ;
#7470 = VECTOR ( 'NONE', #818, 1000.000000000000114 ) ;
#7471 = ORIENTED_EDGE ( 'NONE', *, *, #3310, .T. ) ;
#7472 = CARTESIAN_POINT ( 'NONE',  ( 0.000000000000000000, 6.625340151904196340, 0.9208900253173660788 ) ) ;
#7473 = CARTESIAN_POINT ( 'NONE',  ( -0.1126976677028347917, 14.89727505634425242, -1.741077270331109261 ) ) ;
#7474 = CARTESIAN_POINT ( 'NONE',  ( -2.657714481646607396, 4.463659784142524956, 11.17499999999999893 ) ) ;
#7475 = EDGE_CURVE ( 'NONE', #7004, #10995, #613, .T. ) ;
#7476 = DIRECTION ( 'NONE',  ( 0.000000000000000000, 0.000000000000000000, 1.000000000000000000 ) ) ;
#7477 = EDGE_CURVE ( 'NONE', #9296, #412, #5177, .T. ) ;
#7478 = COLOUR_RGB ( '',0.7921568627450980005, 0.8196078431372548767, 0.9333333333333333481 ) ;
#7479 = ORIENTED_EDGE ( 'NONE', *, *, #2626, .F. ) ;
#7480 = CARTESIAN_POINT ( 'NONE',  ( -1.650000000000000355, 6.965469875665441180, 11.17499999999999893 ) ) ;
#7481 = DIRECTION ( 'NONE',  ( 0.000000000000000000, 1.000000000000000000, 0.000000000000000000 ) ) ;
#7482 = ORIENTED_EDGE ( 'NONE', *, *, #3378, .T. ) ;
#7483 = CARTESIAN_POINT ( 'NONE',  ( -1.030666926558653025E-16, 6.965469875665441180, 7.800000000000000711 ) ) ;
#7484 = VERTEX_POINT ( 'NONE', #1625 ) ;
#7485 = DIRECTION ( 'NONE',  ( -1.000000000000000000, -1.680321552529715921E-16, 0.000000000000000000 ) ) ;
#7486 = ORIENTED_EDGE ( 'NONE', *, *, #10384, .T. ) ;
#7487 = PLANE ( 'NONE',  #2227 ) ;
#7488 = FACE_OUTER_BOUND ( 'NONE', #3553, .T. ) ;
#7489 = DIRECTION ( 'NONE',  ( -0.9673775151489842905, -0.2533391860415135644, 0.000000000000000000 ) ) ;
#7490 = ADVANCED_FACE ( 'NONE', ( #5016 ), #669, .T. ) ;
#7491 = DIRECTION ( 'NONE',  ( -0.7071067811865403563, 1.406920557068085481E-16, -0.7071067811865547892 ) ) ;
#7492 = DIRECTION ( 'NONE',  ( 0.000000000000000000, 0.000000000000000000, 1.000000000000000000 ) ) ;
#7493 = VERTEX_POINT ( 'NONE', #4161 ) ;
#7494 = ORIENTED_EDGE ( 'NONE', *, *, #3324, .F. ) ;
#7495 = CARTESIAN_POINT ( 'NONE',  ( 1.379999999999999671, 12.37465984809580277, -1.879109974682634077 ) ) ;
#7496 = DIRECTION ( 'NONE',  ( 0.000000000000000000, -1.000000000000000000, 0.000000000000000000 ) ) ;
#7497 = LINE ( 'NONE', #3082, #8442 ) ;
#7498 = AXIS2_PLACEMENT_3D ( 'NONE', #197, #7015, #10507 ) ;
#7499 = EDGE_CURVE ( 'NONE', #190, #4719, #5065, .T. ) ;
#7500 = ORIENTED_EDGE ( 'NONE', *, *, #7378, .T. ) ;
#7501 = VECTOR ( 'NONE', #4555, 1000.000000000000000 ) ;
#7502 = CARTESIAN_POINT ( 'NONE',  ( 3.917693825320299972, 6.697671662384327540, 11.17499999999999893 ) ) ;
#7503 = DIRECTION ( 'NONE',  ( 0.7071067811865563435, 0.000000000000000000, -0.7071067811865388020 ) ) ;
#7504 = ORIENTED_EDGE ( 'NONE', *, *, #9869, .T. ) ;
#7505 = EDGE_CURVE ( 'NONE', #791, #820, #9525, .T. ) ;
#7506 = CYLINDRICAL_SURFACE ( 'NONE', #5822, 3.649999999999999467 ) ;
#7507 = DIRECTION ( 'NONE',  ( 0.2824413387594237879, 0.9592845720430326351, 0.000000000000000000 ) ) ;
#7508 = DIRECTION ( 'NONE',  ( 0.000000000000000000, 0.000000000000000000, -1.000000000000000000 ) ) ;
#7509 = ORIENTED_EDGE ( 'NONE', *, *, #11097, .F. ) ;
#7510 = ORIENTED_EDGE ( 'NONE', *, *, #9715, .F. ) ;
#7511 = ORIENTED_EDGE ( 'NONE', *, *, #10781, .F. ) ;
#7512 = LINE ( 'NONE', #10208, #4407 ) ;
#7513 = EDGE_CURVE ( 'NONE', #8439, #7024, #660, .T. ) ;
#7514 = CIRCLE ( 'NONE', #1651, 1.650000000000000355 ) ;
#7515 = CARTESIAN_POINT ( 'NONE',  ( 2.915460667173242815, 4.909999999999999254, 5.036781010732885200 ) ) ;
#7516 = PLANE ( 'NONE',  #420 ) ;
#7517 = ADVANCED_FACE ( 'NONE', ( #7821 ), #1574, .T. ) ;
#7518 = DIRECTION ( 'NONE',  ( -0.6042542366568498524, 0.7967915771908283817, 0.000000000000000000 ) ) ;
#7519 = CARTESIAN_POINT ( 'NONE',  ( 0.000000000000000000, 12.34999999999999964, -4.343903740188082452 ) ) ;
#7520 = EDGE_LOOP ( 'NONE', ( #10232, #7181, #1945, #5535, #9633, #7621, #2282, #2350, #2435, #2571 ) ) ;
#7521 = FACE_OUTER_BOUND ( 'NONE', #893, .T. ) ;
#7522 = CARTESIAN_POINT ( 'NONE',  ( 1.400000000000000133, 6.500000000000000000, -0.8529309367425446098 ) ) ;
#7523 = VERTEX_POINT ( 'NONE', #3353 ) ;
#7524 = EDGE_LOOP ( 'NONE', ( #7201, #8610, #4550, #5239 ) ) ;
#7525 = VECTOR ( 'NONE', #10652, 1000.000000000000000 ) ;
#7526 = ORIENTED_EDGE ( 'NONE', *, *, #6575, .F. ) ;
#7527 = EDGE_CURVE ( 'NONE', #10120, #4989, #779, .T. ) ;
#7528 = DIRECTION ( 'NONE',  ( 1.000000000000000000, 0.000000000000000000, 0.000000000000000000 ) ) ;
#7529 = VECTOR ( 'NONE', #6494, 1000.000000000000114 ) ;
#7530 = DIRECTION ( 'NONE',  ( -1.000000000000000000, -1.680321552529715428E-16, -0.000000000000000000 ) ) ;
#7531 = CARTESIAN_POINT ( 'NONE',  ( 1.173279993932573539, 12.43117126193364186, -2.457261515329064672 ) ) ;
#7532 = ORIENTED_EDGE ( 'NONE', *, *, #10606, .T. ) ;
#7533 = DIRECTION ( 'NONE',  ( 0.000000000000000000, -0.6561787149247869655, 0.7546055221635044052 ) ) ;
#7534 = AXIS2_PLACEMENT_3D ( 'NONE', #7045, #7896, #3540 ) ;
#7535 = LINE ( 'NONE', #7311, #4658 ) ;
#7536 = CIRCLE ( 'NONE', #2595, 5.000000000000000000 ) ;
#7537 = ORIENTED_EDGE ( 'NONE', *, *, #6823, .T. ) ;
#7538 = LINE ( 'NONE', #10857, #6136 ) ;
#7539 = VERTEX_POINT ( 'NONE', #6736 ) ;
#7540 = FACE_OUTER_BOUND ( 'NONE', #5915, .T. ) ;
#7541 = EDGE_LOOP ( 'NONE', ( #10216, #6514, #11044, #6390 ) ) ;
#7542 = EDGE_CURVE ( 'NONE', #1254, #3808, #8684, .T. ) ;
#7543 = VECTOR ( 'NONE', #4023, 1000.000000000000000 ) ;
#7544 = VECTOR ( 'NONE', #6829, 1000.000000000000000 ) ;
#7545 = CARTESIAN_POINT ( 'NONE',  ( -4.600654826388336893, 10.14107261474447164, 3.675000000000000266 ) ) ;
#7546 = FACE_OUTER_BOUND ( 'NONE', #7356, .T. ) ;
#7547 = DIRECTION ( 'NONE',  ( 0.000000000000000000, 0.000000000000000000, 1.000000000000000000 ) ) ;
#7548 = CARTESIAN_POINT ( 'NONE',  ( -1.771168402671605879E-15, 6.965469875665441180, 0.000000000000000000 ) ) ;
#7549 = CARTESIAN_POINT ( 'NONE',  ( -1.030666926558653025E-16, 6.965469875665441180, 3.675000000000000266 ) ) ;
#7550 = ORIENTED_EDGE ( 'NONE', *, *, #4359, .F. ) ;
#7551 = VERTEX_POINT ( 'NONE', #842 ) ;
#7552 = VECTOR ( 'NONE', #10358, 1000.000000000000000 ) ;
#7553 = CIRCLE ( 'NONE', #6459, 3.649999999999999467 ) ;
#7554 = CARTESIAN_POINT ( 'NONE',  ( -1.400000000000000133, 6.500000000000000000, -4.400000000000000355 ) ) ;
#7555 = ADVANCED_FACE ( 'NONE', ( #7769 ), #4879, .T. ) ;
#7556 = CARTESIAN_POINT ( 'NONE',  ( -2.044841472878144994, 1.650330625545604724, 11.17499999999999893 ) ) ;
#7557 = AXIS2_PLACEMENT_3D ( 'NONE', #6298, #1200, #8882 ) ;
#7558 = VERTEX_POINT ( 'NONE', #8623 ) ;
#7559 = AXIS2_PLACEMENT_3D ( 'NONE', #7861, #4479, #21 ) ;
#7560 = CARTESIAN_POINT ( 'NONE',  ( 2.580939751330913356, -2.003873909248935714, 15.17573593128807197 ) ) ;
#7561 = CYLINDRICAL_SURFACE ( 'NONE', #8657, 0.01999999999999999001 ) ;
#7562 = ORIENTED_EDGE ( 'NONE', *, *, #839, .T. ) ;
#7563 = CARTESIAN_POINT ( 'NONE',  ( -1.771168402671605879E-15, 6.965469875665441180, 15.29999999999999893 ) ) ;
#7564 = CARTESIAN_POINT ( 'NONE',  ( -7.393421723123622336, 3.000000000000000000, 2.576783891606700738 ) ) ;
#7565 = DIRECTION ( 'NONE',  ( 1.000000000000000000, 1.680321552529715921E-16, 0.000000000000000000 ) ) ;
#7566 = EDGE_LOOP ( 'NONE', ( #7598, #333, #5040, #4641 ) ) ;
#7567 = VECTOR ( 'NONE', #790, 1000.000000000000227 ) ;
#7568 = ORIENTED_EDGE ( 'NONE', *, *, #6536, .F. ) ;
#7569 = EDGE_CURVE ( 'NONE', #8065, #4669, #8712, .T. ) ;
#7570 = ORIENTED_EDGE ( 'NONE', *, *, #456, .T. ) ;
#7571 = AXIS2_PLACEMENT_3D ( 'NONE', #6753, #9386, #1535 ) ;
#7572 = EDGE_CURVE ( 'NONE', #8769, #4494, #6515, .T. ) ;
#7573 = PRODUCT ( 'RJOINT_V1.3_Shaft', 'RJOINT_V1.3_Shaft', '', ( #2366 ) ) ;
#7574 = DIRECTION ( 'NONE',  ( -0.7071067811865474617, 0.000000000000000000, 0.7071067811865474617 ) ) ;
#7575 = CIRCLE ( 'NONE', #7767, 7.650000000000000355 ) ;
#7576 = CARTESIAN_POINT ( 'NONE',  ( -2.580939751330911580, -1.276424340166605450E-16, 11.17499999999999893 ) ) ;
#7577 = LINE ( 'NONE', #1333, #2420 ) ;
#7578 = CARTESIAN_POINT ( 'NONE',  ( -7.138355639750679771, 3.000000000000000000, -2.750705138767092883 ) ) ;
#7579 = DIRECTION ( 'NONE',  ( -0.7967915771908288258, -0.6042542366568491863, 0.000000000000000000 ) ) ;
#7580 = VECTOR ( 'NONE', #3244, 1000.000000000000000 ) ;
#7581 = DIRECTION ( 'NONE',  ( -1.000000000000000000, 0.000000000000000000, 0.000000000000000000 ) ) ;
#7582 = CARTESIAN_POINT ( 'NONE',  ( 1.650000000000000355, 6.965469875665441180, 11.17499999999999893 ) ) ;
#7583 = EDGE_LOOP ( 'NONE', ( #10414, #1448, #614, #546 ) ) ;
#7584 = EDGE_LOOP ( 'NONE', ( #1902, #7832, #6196, #1122 ) ) ;
#7585 = VECTOR ( 'NONE', #11308, 1000.000000000000000 ) ;
#7586 = EDGE_CURVE ( 'NONE', #5856, #10538, #4327, .T. ) ;
#7587 = ADVANCED_FACE ( 'NONE', ( #4209 ), #7707, .T. ) ;
#7588 = ORIENTED_EDGE ( 'NONE', *, *, #7094, .F. ) ;
#7589 = EDGE_CURVE ( 'NONE', #403, #11159, #8913, .T. ) ;
#7590 = ADVANCED_BREP_SHAPE_REPRESENTATION ( '', ( #8558, #8525, #2013 ), #23 ) ;
#7591 = DIRECTION ( 'NONE',  ( 0.000000000000000000, 0.000000000000000000, -1.000000000000000000 ) ) ;
#7592 = APPLICATION_PROTOCOL_DEFINITION ( 'draft international standard', 'automotive_design', 1998, #9119 ) ;
#7593 = DIRECTION ( 'NONE',  ( 0.000000000000000000, -0.000000000000000000, 1.000000000000000000 ) ) ;
#7594 = DIRECTION ( 'NONE',  ( 0.000000000000000000, -0.000000000000000000, 1.000000000000000000 ) ) ;
#7595 = ORIENTED_EDGE ( 'NONE', *, *, #4568, .F. ) ;
#7596 = FACE_OUTER_BOUND ( 'NONE', #6008, .T. ) ;
#7597 = DIRECTION ( 'NONE',  ( 0.000000000000000000, -1.000000000000000000, 0.000000000000000000 ) ) ;
#7598 = ORIENTED_EDGE ( 'NONE', *, *, #1564, .F. ) ;
#7599 = CARTESIAN_POINT ( 'NONE',  ( -3.018470195263256439, 3.000000000000000000, -7.029319859012494121 ) ) ;
#7600 = EDGE_LOOP ( 'NONE', ( #3867, #10814, #4434, #530 ) ) ;
#7601 = DIRECTION ( 'NONE',  ( 0.000000000000000000, 0.000000000000000000, 1.000000000000000000 ) ) ;
#7602 = ORIENTED_EDGE ( 'NONE', *, *, #10447, .T. ) ;
#7603 = EDGE_CURVE ( 'NONE', #8227, #8955, #9821, .T. ) ;
#7604 = DIRECTION ( 'NONE',  ( 0.000000000000000000, 1.000000000000000000, 0.000000000000000000 ) ) ;
#7605 = CARTESIAN_POINT ( 'NONE',  ( 1.379999999999999671, 8.631655426250503638, -4.549999999999998934 ) ) ;
#7606 = CARTESIAN_POINT ( 'NONE',  ( 2.168404344971008868E-16, 2.565469875665443045, 11.17499999999999893 ) ) ;
#7607 = DIRECTION ( 'NONE',  ( 1.000000000000000000, 0.000000000000000000, 0.000000000000000000 ) ) ;
#7608 = VECTOR ( 'NONE', #2686, 1000.000000000000114 ) ;
#7609 = FACE_OUTER_BOUND ( 'NONE', #934, .T. ) ;
#7610 = EDGE_CURVE ( 'NONE', #10049, #10920, #5230, .T. ) ;
#7611 = EDGE_LOOP ( 'NONE', ( #1653, #2370, #8365, #1280 ) ) ;
#7612 = ORIENTED_EDGE ( 'NONE', *, *, #4461, .F. ) ;
#7613 = CARTESIAN_POINT ( 'NONE',  ( -0.2114695168097346090, 0.06226278955716398750, 11.17499999999999893 ) ) ;
#7614 = DIRECTION ( 'NONE',  ( 1.000000000000000000, 2.168404344971008252E-17, -8.673617379884035472E-17 ) ) ;
#7615 = AXIS2_PLACEMENT_3D ( 'NONE', #4774, #2081, #7353 ) ;
#7616 = DIRECTION ( 'NONE',  ( 0.000000000000000000, 0.000000000000000000, 1.000000000000000000 ) ) ;
#7617 = DIRECTION ( 'NONE',  ( -0.000000000000000000, -1.000000000000000000, -0.000000000000000000 ) ) ;
#7618 = CARTESIAN_POINT ( 'NONE',  ( -2.312024219028236960, 2.048942590553174181, 4.433344562587810955 ) ) ;
#7619 = ADVANCED_FACE ( 'NONE', ( #9643 ), #1913, .T. ) ;
#7620 = EDGE_CURVE ( 'NONE', #10732, #5509, #5351, .T. ) ;
#7621 = ORIENTED_EDGE ( 'NONE', *, *, #2653, .F. ) ;
#7622 = FACE_OUTER_BOUND ( 'NONE', #5898, .T. ) ;
#7623 = ORIENTED_EDGE ( 'NONE', *, *, #9578, .T. ) ;
#7624 = CARTESIAN_POINT ( 'NONE',  ( 4.694468754111191799, 10.00067014989615899, 0.000000000000000000 ) ) ;
#7625 = AXIS2_PLACEMENT_3D ( 'NONE', #8952, #8253, #303 ) ;
#7626 = LINE ( 'NONE', #6710, #11216 ) ;
#7627 = ORIENTED_EDGE ( 'NONE', *, *, #7959, .T. ) ;
#7628 = VERTEX_POINT ( 'NONE', #7993 ) ;
#7629 = ORIENTED_EDGE ( 'NONE', *, *, #7141, .F. ) ;
#7630 = VECTOR ( 'NONE', #690, 1000.000000000000000 ) ;
#7631 = CARTESIAN_POINT ( 'NONE',  ( 1.396794528132546231, 10.33763016933164991, 11.17499999999999893 ) ) ;
#7632 = CARTESIAN_POINT ( 'NONE',  ( 3.366648692903724704, 11.71100616202319245, -2.625562286609687046 ) ) ;
#7633 = CARTESIAN_POINT ( 'NONE',  ( 0.000000000000000000, 8.000000000000000000, 0.000000000000000000 ) ) ;
#7634 = EDGE_CURVE ( 'NONE', #6731, #3621, #8855, .T. ) ;
#7635 = SHAPE_REPRESENTATION ( 'Snap Fit Female V2', ( #2013 ), #1834 ) ;
#7636 = DIRECTION ( 'NONE',  ( 0.000000000000000000, 0.000000000000000000, -1.000000000000000000 ) ) ;
#7637 = CARTESIAN_POINT ( 'NONE',  ( 2.280939751330913978, -4.084530124334557755, 0.000000000000000000 ) ) ;
#7638 = CARTESIAN_POINT ( 'NONE',  ( 2.571963978632909598, 8.000000000000000000, 7.204686064820227109 ) ) ;
#7639 = DIRECTION ( 'NONE',  ( -0.1061605406293864434, 0.9943490029226541571, 0.000000000000000000 ) ) ;
#7640 = ORIENTED_EDGE ( 'NONE', *, *, #1308, .T. ) ;
#7641 = ORIENTED_EDGE ( 'NONE', *, *, #5936, .F. ) ;
#7642 = ORIENTED_EDGE ( 'NONE', *, *, #6321, .F. ) ;
#7643 = DIRECTION ( 'NONE',  ( 0.9906889957247191347, -0.1361444591231953660, 0.000000000000000000 ) ) ;
#7644 = LINE ( 'NONE', #3345, #9553 ) ;
#7645 = DIRECTION ( 'NONE',  ( 0.4876598490941711495, -0.7241379310344820963, 0.4876598490941711495 ) ) ;
#7646 = EDGE_CURVE ( 'NONE', #2464, #8781, #9275, .T. ) ;
#7647 = ORIENTED_EDGE ( 'NONE', *, *, #4488, .T. ) ;
#7649 = EDGE_CURVE ( 'NONE', #6049, #7257, #7935, .T. ) ;
#7648 = CARTESIAN_POINT ( 'NONE',  ( 3.917693825320296419, 6.697671662384333757, 3.675000000000000266 ) ) ;
#7650 = CARTESIAN_POINT ( 'NONE',  ( -1.088609894901982011, 0.6042532376681476469, 3.675000000000000266 ) ) ;
#7651 = ORIENTED_EDGE ( 'NONE', *, *, #4359, .T. ) ;
#7652 = AXIS2_PLACEMENT_3D ( 'NONE', #8779, #9809, #2699 ) ;
#7653 = DIRECTION ( 'NONE',  ( -0.000000000000000000, -0.000000000000000000, 1.000000000000000000 ) ) ;
#7654 = EDGE_CURVE ( 'NONE', #331, #4891, #3577, .T. ) ;
#7655 = VERTEX_POINT ( 'NONE', #6381 ) ;
#7656 = ORIENTED_EDGE ( 'NONE', *, *, #2755, .F. ) ;
#7657 = DIRECTION ( 'NONE',  ( -0.000000000000000000, -0.000000000000000000, -1.000000000000000000 ) ) ;
#7658 = AXIS2_PLACEMENT_3D ( 'NONE', #4360, #4476, #6999 ) ;
#7659 = DIRECTION ( 'NONE',  ( 1.000000000000000000, 0.000000000000000000, 0.000000000000000000 ) ) ;
#7660 = LINE ( 'NONE', #3298, #4830 ) ;
#7661 = ADVANCED_FACE ( 'NONE', ( #2714 ), #9876, .T. ) ;
#7662 = DIRECTION ( 'NONE',  ( 0.7071067811865453523, 0.000000000000000000, 0.7071067811865497932 ) ) ;
#7663 = CARTESIAN_POINT ( 'NONE',  ( 2.563449210601374428, 6.373209906677494985, -2.454779244514317504 ) ) ;
#7664 = ORIENTED_EDGE ( 'NONE', *, *, #3296, .T. ) ;
#7665 = EDGE_CURVE ( 'NONE', #4033, #7992, #3590, .T. ) ;
#7666 = ORIENTED_EDGE ( 'NONE', *, *, #9405, .T. ) ;
#7667 = CYLINDRICAL_SURFACE ( 'NONE', #9312, 0.1499999999999999667 ) ;
#7668 = VECTOR ( 'NONE', #1474, 1000.000000000000000 ) ;
#7669 =( NAMED_UNIT ( * ) SI_UNIT ( $, .STERADIAN. ) SOLID_ANGLE_UNIT ( ) );
#7670 = EDGE_CURVE ( 'NONE', #8808, #7493, #253, .T. ) ;
#7671 = FACE_OUTER_BOUND ( 'NONE', #4046, .T. ) ;
#7672 = DIRECTION ( 'NONE',  ( 1.000000000000000000, 0.000000000000000000, 0.000000000000000000 ) ) ;
#7673 = DIRECTION ( 'NONE',  ( 0.000000000000000000, 0.000000000000000000, 1.000000000000000000 ) ) ;
#7674 = VECTOR ( 'NONE', #212, 1000.000000000000114 ) ;
#7675 = ORIENTED_EDGE ( 'NONE', *, *, #8409, .F. ) ;
#7676 = CARTESIAN_POINT ( 'NONE',  ( 1.393841279746829143, 4.734046515325193383, 3.675000000000000266 ) ) ;
#7677 = DIRECTION ( 'NONE',  ( -0.7071067811865496822, 0.000000000000000000, 0.7071067811865453523 ) ) ;
#7678 = CARTESIAN_POINT ( 'NONE',  ( -1.294307837705266584, 10.37827916146720142, 7.800000000000000711 ) ) ;
#7679 = ORIENTED_EDGE ( 'NONE', *, *, #2678, .T. ) ;
#7680 = EDGE_LOOP ( 'NONE', ( #6526, #9690, #7132, #1795 ) ) ;
#7681 = ORIENTED_EDGE ( 'NONE', *, *, #2735, .T. ) ;
#7682 = EDGE_CURVE ( 'NONE', #2674, #9092, #10186, .T. ) ;
#7683 = CIRCLE ( 'NONE', #9501, 1.500000000000000222 ) ;
#7684 = CARTESIAN_POINT ( 'NONE',  ( 8.558691287372994388E-17, -4.084530124334559531, 15.00000000000000000 ) ) ;
#7685 = CARTESIAN_POINT ( 'NONE',  ( 0.000000000000000000, 12.37465984809580277, -1.879109974682634077 ) ) ;
#7686 = CARTESIAN_POINT ( 'NONE',  ( -1.380000000000000115, 11.43165542625050612, -5.549999999999999822 ) ) ;
#7687 = CARTESIAN_POINT ( 'NONE',  ( -2.563449210601381534, 7.557729844653369611, -2.454779244514317504 ) ) ;
#7688 = DIRECTION ( 'NONE',  ( 0.000000000000000000, -0.000000000000000000, -1.000000000000000000 ) ) ;
#7689 = ORIENTED_EDGE ( 'NONE', *, *, #3394, .T. ) ;
#7690 = DIRECTION ( 'NONE',  ( -0.1061605406293884973, 0.9943490029226539351, 0.000000000000000000 ) ) ;
#7691 = DIRECTION ( 'NONE',  ( -1.000000000000000000, 0.000000000000000000, 0.000000000000000000 ) ) ;
#7692 = ORIENTED_EDGE ( 'NONE', *, *, #9737, .T. ) ;
#7693 = AXIS2_PLACEMENT_3D ( 'NONE', #10067, #10924, #9274 ) ;
#7694 = ORIENTED_EDGE ( 'NONE', *, *, #10012, .F. ) ;
#7695 = ORIENTED_EDGE ( 'NONE', *, *, #5541, .F. ) ;
#7696 = EDGE_CURVE ( 'NONE', #7142, #7163, #2660, .T. ) ;
#7697 = AXIS2_PLACEMENT_3D ( 'NONE', #4441, #8918, #153 ) ;
#7698 = DIRECTION ( 'NONE',  ( 1.000000000000000000, 0.000000000000000000, 0.000000000000000000 ) ) ;
#7699 = ITEM_DEFINED_TRANSFORMATION ( 'NONE', 'NONE', #7154,  #2013 ) ;
#7700 = FACE_OUTER_BOUND ( 'NONE', #7370, .T. ) ;
#7701 = CARTESIAN_POINT ( 'NONE',  ( 0.000000000000000000, 7.500000000000000000, 0.000000000000000000 ) ) ;
#7702 = ORIENTED_EDGE ( 'NONE', *, *, #8568, .F. ) ;
#7703 = PLANE ( 'NONE',  #916 ) ;
#7704 = FACE_OUTER_BOUND ( 'NONE', #5222, .T. ) ;
#7705 = ORIENTED_EDGE ( 'NONE', *, *, #2903, .F. ) ;
#7707 = PLANE ( 'NONE',  #11272 ) ;
#7706 = AXIS2_PLACEMENT_3D ( 'NONE', #5947, #6927, #2394 ) ;
#7708 = VERTEX_POINT ( 'NONE', #7249 ) ;
#7709 = ORIENTED_EDGE ( 'NONE', *, *, #7905, .T. ) ;
#7710 = VECTOR ( 'NONE', #2991, 1000.000000000000000 ) ;
#7711 = EDGE_CURVE ( 'NONE', #7248, #5739, #8741, .T. ) ;
#7712 = DIRECTION ( 'NONE',  ( 0.000000000000000000, 0.7546055221635206145, 0.6561787149247685358 ) ) ;
#7713 = AXIS2_PLACEMENT_3D ( 'NONE', #1811, #9722, #1873 ) ;
#7714 = ADVANCED_FACE ( 'NONE', ( #3689 ), #4607, .T. ) ;
#7715 = DIRECTION ( 'NONE',  ( -1.000000000000000000, 0.000000000000000000, 0.000000000000000000 ) ) ;
#7716 = DIRECTION ( 'NONE',  ( -0.000000000000000000, -0.000000000000000000, -1.000000000000000000 ) ) ;
#7717 = DIRECTION ( 'NONE',  ( -0.1061605406293899129, 0.9943490029226537130, 0.000000000000000000 ) ) ;
#7718 = DIRECTION ( 'NONE',  ( -1.000000000000000000, -2.472789881105115160E-16, 0.000000000000000000 ) ) ;
#7719 = ORIENTED_EDGE ( 'NONE', *, *, #11287, .T. ) ;
#7720 = ORIENTED_EDGE ( 'NONE', *, *, #9277, .F. ) ;
#7721 = FACE_OUTER_BOUND ( 'NONE', #9839, .T. ) ;
#7722 =( BOUNDED_CURVE ( )  B_SPLINE_CURVE ( 3, ( #7637, #10323, #6831, #8436 ),
 .UNSPECIFIED., .F., .F. ) 
 B_SPLINE_CURVE_WITH_KNOTS ( ( 4, 4 ),
 ( 4.712388980384689674, 6.283185307179586232 ),
 .UNSPECIFIED. ) 
 CURVE ( )  GEOMETRIC_REPRESENTATION_ITEM ( )  RATIONAL_B_SPLINE_CURVE ( ( 1.000000000000000000, 0.8047378541243649375, 0.8047378541243649375, 1.000000000000000000 ) ) 
 REPRESENTATION_ITEM ( '' )  );
#7723 = VECTOR ( 'NONE', #7347, 1000.000000000000000 ) ;
#7724 = CARTESIAN_POINT ( 'NONE',  ( 1.390180519077590882, 6.500000000000000000, 0.8009322421621057897 ) ) ;
#7725 = VECTOR ( 'NONE', #1415, 1000.000000000000000 ) ;
#7726 = AXIS2_PLACEMENT_3D ( 'NONE', #6846, #5810, #664 ) ;
#7727 = EDGE_CURVE ( 'NONE', #10665, #5428, #10181, .T. ) ;
#7728 = ADVANCED_FACE ( 'NONE', ( #1397 ), #10904, .T. ) ;
#7729 = DIRECTION ( 'NONE',  ( -1.000000000000000000, 0.000000000000000000, 0.000000000000000000 ) ) ;
#7730 = EDGE_CURVE ( 'NONE', #6156, #10576, #7301, .T. ) ;
#7731 = VECTOR ( 'NONE', #1261, 1000.000000000000000 ) ;
#7732 = VECTOR ( 'NONE', #1827, 1000.000000000000227 ) ;
#7733 = CYLINDRICAL_SURFACE ( 'NONE', #2580, 7.650000000000000355 ) ;
#7734 = AXIS2_PLACEMENT_3D ( 'NONE', #8167, #439, #4782 ) ;
#7735 = ORIENTED_EDGE ( 'NONE', *, *, #2946, .T. ) ;
#7736 = LINE ( 'NONE', #6061, #2905 ) ;
#7737 = CARTESIAN_POINT ( 'NONE',  ( 4.694468754111191799, 10.00067014989616077, 3.675000000000000266 ) ) ;
#7738 = FACE_OUTER_BOUND ( 'NONE', #8567, .T. ) ;
#7739 = VERTEX_POINT ( 'NONE', #10047 ) ;
#7740 = ORIENTED_EDGE ( 'NONE', *, *, #5472, .F. ) ;
#7741 = ORIENTED_EDGE ( 'NONE', *, *, #8796, .F. ) ;
#7742 = CIRCLE ( 'NONE', #11022, 0.1000000000000001443 ) ;
#7743 = EDGE_CURVE ( 'NONE', #9088, #9401, #6667, .T. ) ;
#7744 = CARTESIAN_POINT ( 'NONE',  ( -1.771168402671605879E-15, 6.965469875665441180, 3.675000000000000266 ) ) ;
#7745 = FACE_OUTER_BOUND ( 'NONE', #10482, .T. ) ;
#7746 = FACE_OUTER_BOUND ( 'NONE', #7120, .T. ) ;
#7747 = LINE ( 'NONE', #1557, #9850 ) ;
#7748 = CARTESIAN_POINT ( 'NONE',  ( 1.379999999999999671, 12.34999999999999964, 4.343903740188081564 ) ) ;
#7749 = VECTOR ( 'NONE', #9540, 1000.000000000000000 ) ;
#7750 = ORIENTED_EDGE ( 'NONE', *, *, #9869, .F. ) ;
#7751 = EDGE_CURVE ( 'NONE', #7137, #5458, #8720, .T. ) ;
#7752 = LINE ( 'NONE', #11240, #5815 ) ;
#7753 = CARTESIAN_POINT ( 'NONE',  ( 4.500000000000000000, 1.500000000000000444, -2.179449471770337432 ) ) ;
#7754 = ORIENTED_EDGE ( 'NONE', *, *, #5666, .F. ) ;
#7755 = ORIENTED_EDGE ( 'NONE', *, *, #4778, .F. ) ;
#7756 = ORIENTED_EDGE ( 'NONE', *, *, #532, .F. ) ;
#7757 = AXIS2_PLACEMENT_3D ( 'NONE', #9896, #2966, #1366 ) ;
#7758 = CYLINDRICAL_SURFACE ( 'NONE', #9514, 3.649999999999999467 ) ;
#7759 = VECTOR ( 'NONE', #901, 1000.000000000000000 ) ;
#7760 = AXIS2_PLACEMENT_3D ( 'NONE', #4122, #7614, #683 ) ;
#7761 = CARTESIAN_POINT ( 'NONE',  ( -1.379999999999999671, 12.50000000000000000, -1.196959198423996649E-16 ) ) ;
#7762 = CARTESIAN_POINT ( 'NONE',  ( -1.399999999999999689, 6.500000000000000000, -0.8398232385305504089 ) ) ;
#7763 = VERTEX_POINT ( 'NONE', #4893 ) ;
#7764 = CARTESIAN_POINT ( 'NONE',  ( 4.500000000000000000, 7.499999999999998224, -2.179449471770337432 ) ) ;
#7765 = CARTESIAN_POINT ( 'NONE',  ( -4.400384907664991907, 2.000000000000000444, -2.279064564105347301 ) ) ;
#7766 = ADVANCED_FACE ( 'NONE', ( #11015 ), #9931, .T. ) ;
#7767 = AXIS2_PLACEMENT_3D ( 'NONE', #5305, #7886, #6280 ) ;
#7768 = ORIENTED_EDGE ( 'NONE', *, *, #2125, .T. ) ;
#7769 = FACE_OUTER_BOUND ( 'NONE', #9785, .T. ) ;
#7770 = ORIENTED_EDGE ( 'NONE', *, *, #11195, .T. ) ;
#7771 = ORIENTED_EDGE ( 'NONE', *, *, #4747, .F. ) ;
#7772 = VECTOR ( 'NONE', #450, 1000.000000000000227 ) ;
#7773 = CARTESIAN_POINT ( 'NONE',  ( -2.712967541895485279, 3.008500636646443738, 7.153346357285057522 ) ) ;
#7774 = LINE ( 'NONE', #7827, #199 ) ;
#7775 = DIRECTION ( 'NONE',  ( -1.000000000000000000, 0.000000000000000000, 0.000000000000000000 ) ) ;
#7776 = LINE ( 'NONE', #2554, #8858 ) ;
#7777 = PLANE ( 'NONE',  #265 ) ;
#7778 = DIRECTION ( 'NONE',  ( -0.1361444591231978363, -0.9906889957247189127, 0.000000000000000000 ) ) ;
#7779 = ADVANCED_FACE ( 'NONE', ( #10103 ), #2188, .F. ) ;
#7780 = ORIENTED_EDGE ( 'NONE', *, *, #4747, .T. ) ;
#7781 = ORIENTED_EDGE ( 'NONE', *, *, #8237, .F. ) ;
#7782 = DIRECTION ( 'NONE',  ( 0.000000000000000000, 0.000000000000000000, 1.000000000000000000 ) ) ;
#7783 = CARTESIAN_POINT ( 'NONE',  ( 2.966664951328146227, 4.978965517241379146, -5.087985294887762855 ) ) ;
#7784 = CIRCLE ( 'NONE', #3756, 3.649999999999999467 ) ;
#7785 = DIRECTION ( 'NONE',  ( 0.000000000000000000, 0.000000000000000000, -1.000000000000000000 ) ) ;
#7786 = LINE ( 'NONE', #8646, #3743 ) ;
#7787 = DIRECTION ( 'NONE',  ( -0.000000000000000000, 1.000000000000000000, -0.000000000000000000 ) ) ;
#7788 = VERTEX_POINT ( 'NONE', #7522 ) ;
#7789 = LINE ( 'NONE', #4293, #7300 ) ;
#7790 = ADVANCED_FACE ( 'NONE', ( #8385 ), #2250, .T. ) ;
#7791 = DIRECTION ( 'NONE',  ( -0.5120428415488806895, 0.6896551724137933714, 0.5120428415488774698 ) ) ;
#7792 = SURFACE_SIDE_STYLE ('',( #4295 ) ) ;
#7793 = ORIENTED_EDGE ( 'NONE', *, *, #9465, .F. ) ;
#7794 = EDGE_CURVE ( 'NONE', #9613, #11178, #4029, .T. ) ;
#7795 = VECTOR ( 'NONE', #9317, 1000.000000000000114 ) ;
#7796 = ORIENTED_EDGE ( 'NONE', *, *, #4356, .F. ) ;
#7797 = ORIENTED_EDGE ( 'NONE', *, *, #4319, .T. ) ;
#7798 = CARTESIAN_POINT ( 'NONE',  ( 2.563449210601381534, 6.373209906677502090, -2.454779244514313952 ) ) ;
#7799 = VECTOR ( 'NONE', #10733, 1000.000000000000000 ) ;
#7800 = DIRECTION ( 'NONE',  ( 0.000000000000000000, 0.9863939238321415282, 0.1643989873053704753 ) ) ;
#7801 = CARTESIAN_POINT ( 'NONE',  ( -5.465701386268203343, 8.138749869597994291, 7.800000000000000711 ) ) ;
#7802 = CYLINDRICAL_SURFACE ( 'NONE', #2713, 0.02000000000000005246 ) ;
#7803 = DIRECTION ( 'NONE',  ( 0.1061605406293850001, -0.9943490029226543792, 0.000000000000000000 ) ) ;
#7804 = EDGE_LOOP ( 'NONE', ( #3759, #5900, #8334, #4586 ) ) ;
#7805 = LINE ( 'NONE', #10493, #886 ) ;
#7806 = CARTESIAN_POINT ( 'NONE',  ( -3.095943168387713662, 11.89188581067153549, -2.613951291675112643 ) ) ;
#7807 = VERTEX_POINT ( 'NONE', #9022 ) ;
#7808 = EDGE_CURVE ( 'NONE', #11174, #9710, #1174, .T. ) ;
#7809 = ORIENTED_EDGE ( 'NONE', *, *, #8178, .T. ) ;
#7810 = DIRECTION ( 'NONE',  ( 0.000000000000000000, 1.000000000000000000, 0.000000000000000000 ) ) ;
#7811 = ORIENTED_EDGE ( 'NONE', *, *, #9783, .F. ) ;
#7812 = CIRCLE ( 'NONE', #10543, 7.650000000000000355 ) ;
#7813 = ADVANCED_FACE ( 'NONE', ( #2135 ), #10786, .T. ) ;
#7814 = FACE_OUTER_BOUND ( 'NONE', #2704, .T. ) ;
#7815 = DIRECTION ( 'NONE',  ( 0.8743379413732511596, -0.4853175911454120084, 0.000000000000000000 ) ) ;
#7816 = DIRECTION ( 'NONE',  ( 0.000000000000000000, -0.6561787149247862994, -0.7546055221635049604 ) ) ;
#7817 = VERTEX_POINT ( 'NONE', #2939 ) ;
#7818 = CYLINDRICAL_SURFACE ( 'NONE', #3656, 3.649999999999999467 ) ;
#7819 = DIRECTION ( 'NONE',  ( -0.8631770573194750273, 0.5049013445390019283, 0.000000000000000000 ) ) ;
#7820 = ORIENTED_EDGE ( 'NONE', *, *, #2738, .F. ) ;
#7821 = FACE_OUTER_BOUND ( 'NONE', #8078, .T. ) ;
#7822 = ORIENTED_EDGE ( 'NONE', *, *, #5032, .F. ) ;
#7823 = ORIENTED_EDGE ( 'NONE', *, *, #2711, .T. ) ;
#7824 = EDGE_CURVE ( 'NONE', #8785, #2506, #6438, .T. ) ;
#7825 = CARTESIAN_POINT ( 'NONE',  ( -2.444718554847590486, 3.153845617810561386, 7.248866152423289577 ) ) ;
#7826 = EDGE_CURVE ( 'NONE', #10603, #1246, #3857, .T. ) ;
#7827 = CARTESIAN_POINT ( 'NONE',  ( -1.400000000000000355, 9.281463325509362150, 8.070837674355974656 ) ) ;
#7828 = DIRECTION ( 'NONE',  ( 1.000000000000000000, 0.000000000000000000, 0.000000000000000000 ) ) ;
#7829 = DIRECTION ( 'NONE',  ( 1.000000000000000000, 0.000000000000000000, 0.000000000000000000 ) ) ;
#7830 = VECTOR ( 'NONE', #6223, 1000.000000000000000 ) ;
#7831 = UNCERTAINTY_MEASURE_WITH_UNIT (LENGTH_MEASURE( 1.000000000000000082E-05 ), #6124, 'distance_accuracy_value', 'NONE');
#7832 = ORIENTED_EDGE ( 'NONE', *, *, #11148, .F. ) ;
#7833 = DIRECTION ( 'NONE',  ( -0.000000000000000000, -0.000000000000000000, -1.000000000000000000 ) ) ;
#7834 = CARTESIAN_POINT ( 'NONE',  ( 1.498006739902550288, 10.29390431353657398, -2.625562286609687046 ) ) ;
#7835 = ORIENTED_EDGE ( 'NONE', *, *, #2427, .T. ) ;
#7836 = ORIENTED_EDGE ( 'NONE', *, *, #11165, .T. ) ;
#7837 = CARTESIAN_POINT ( 'NONE',  ( -2.563449210601381534, 7.557729844653369611, 0.000000000000000000 ) ) ;
#7838 = DIRECTION ( 'NONE',  ( 1.000000000000000000, 0.000000000000000000, 0.000000000000000000 ) ) ;
#7839 = CIRCLE ( 'NONE', #3261, 0.02000000000000005246 ) ;
#7840 = DIRECTION ( 'NONE',  ( 1.000000000000000000, 0.000000000000000000, -0.000000000000000000 ) ) ;
#7841 = EDGE_CURVE ( 'NONE', #9031, #8267, #2943, .T. ) ;
#7842 = CARTESIAN_POINT ( 'NONE',  ( -7.199799341529544705, 3.046643593403177697, 2.586003223429774955 ) ) ;
#7843 = FACE_OUTER_BOUND ( 'NONE', #10845, .T. ) ;
#7844 = VERTEX_POINT ( 'NONE', #4837 ) ;
#7845 = VECTOR ( 'NONE', #345, 1000.000000000000000 ) ;
#7846 = CYLINDRICAL_SURFACE ( 'NONE', #351, 0.2999999999999999334 ) ;
#7847 = DIRECTION ( 'NONE',  ( -1.000000000000000000, 0.000000000000000000, 0.000000000000000000 ) ) ;
#7848 = CARTESIAN_POINT ( 'NONE',  ( 2.380630087592832123, 8.085578849045335303, 7.800000000000000711 ) ) ;
#7849 = VERTEX_POINT ( 'NONE', #9989 ) ;
#7850 = VERTEX_POINT ( 'NONE', #8331 ) ;
#7851 = EDGE_CURVE ( 'NONE', #8729, #9949, #5689, .T. ) ;
#7852 = VERTEX_POINT ( 'NONE', #9304 ) ;
#7853 = FACE_OUTER_BOUND ( 'NONE', #10676, .T. ) ;
#7854 = EDGE_CURVE ( 'NONE', #11188, #6252, #11241, .T. ) ;
#7855 = LINE ( 'NONE', #8833, #1675 ) ;
#7856 = CARTESIAN_POINT ( 'NONE',  ( 3.405877273185280885, 1.499999999999999556, 6.850000000000000533 ) ) ;
#7857 = DIRECTION ( 'NONE',  ( 0.000000000000000000, 1.000000000000000000, -0.000000000000000000 ) ) ;
#7858 = CARTESIAN_POINT ( 'NONE',  ( 0.1102410514732341668, 10.61380468905223928, -2.457261515329064672 ) ) ;
#7859 = ORIENTED_EDGE ( 'NONE', *, *, #8568, .T. ) ;
#7860 = CARTESIAN_POINT ( 'NONE',  ( 0.000000000000000000, 8.000000000000000000, 0.000000000000000000 ) ) ;
#7861 = CARTESIAN_POINT ( 'NONE',  ( 0.000000000000000000, 1.499999999999999556, -6.849999999999998757 ) ) ;
#7862 = ORIENTED_EDGE ( 'NONE', *, *, #3171, .T. ) ;
#7863 = VERTEX_POINT ( 'NONE', #11125 ) ;
#7864 = DIRECTION ( 'NONE',  ( 0.4853175911454119529, -0.8743379413732510486, 0.000000000000000000 ) ) ;
#7865 = CIRCLE ( 'NONE', #3836, 3.649999999999999467 ) ;
#7866 = ORIENTED_EDGE ( 'NONE', *, *, #11107, .T. ) ;
#7867 = ADVANCED_FACE ( 'NONE', ( #6722 ), #2359, .T. ) ;
#7868 = LINE ( 'NONE', #7926, #5681 ) ;
#7869 = EDGE_CURVE ( 'NONE', #354, #3778, #2496, .T. ) ;
#7870 = CARTESIAN_POINT ( 'NONE',  ( -1.396794528132619950, 10.33763016933162149, -2.613951291675116195 ) ) ;
#7871 = DIRECTION ( 'NONE',  ( -0.000000000000000000, 0.000000000000000000, 1.000000000000000000 ) ) ;
#7872 = CARTESIAN_POINT ( 'NONE',  ( 2.141670180522084355, 5.437303469785196519, 0.000000000000000000 ) ) ;
#7873 = DIRECTION ( 'NONE',  ( -0.000000000000000000, 1.000000000000000000, -0.000000000000000000 ) ) ;
#7874 = ORIENTED_EDGE ( 'NONE', *, *, #10659, .T. ) ;
#7875 = DIRECTION ( 'NONE',  ( 1.000000000000000000, 0.000000000000000000, -0.000000000000000000 ) ) ;
#7876 = ORIENTED_EDGE ( 'NONE', *, *, #9159, .F. ) ;
#7877 = EDGE_CURVE ( 'NONE', #3657, #3552, #10215, .T. ) ;
#7878 = ORIENTED_EDGE ( 'NONE', *, *, #1596, .F. ) ;
#7879 = CARTESIAN_POINT ( 'NONE',  ( 2.153677983850733391, 3.681918150191078709, 7.800000000000000711 ) ) ;
#7880 =( LENGTH_UNIT ( ) NAMED_UNIT ( * ) SI_UNIT ( .MILLI., .METRE. ) );
#7881 = CARTESIAN_POINT ( 'NONE',  ( 3.175602739079013581, 11.56612470205379140, 11.17499999999999893 ) ) ;
#7882 = CARTESIAN_POINT ( 'NONE',  ( 4.694468754111195352, 10.00067014989615366, 11.17499999999999893 ) ) ;
#7883 = VECTOR ( 'NONE', #5642, 1000.000000000000000 ) ;
#7884 = ORIENTED_EDGE ( 'NONE', *, *, #9005, .F. ) ;
#7885 = DIRECTION ( 'NONE',  ( 0.000000000000000000, 0.000000000000000000, -1.000000000000000000 ) ) ;
#7886 = DIRECTION ( 'NONE',  ( 0.000000000000000000, 1.000000000000000000, -0.000000000000000000 ) ) ;
#7887 = DIRECTION ( 'NONE',  ( 0.000000000000000000, 0.000000000000000000, 1.000000000000000000 ) ) ;
#7888 = ORIENTED_EDGE ( 'NONE', *, *, #5823, .F. ) ;
#7889 = VERTEX_POINT ( 'NONE', #7582 ) ;
#7890 = LINE ( 'NONE', #9487, #10753 ) ;
#7891 = ADVANCED_FACE ( 'NONE', ( #4195 ), #5853, .T. ) ;
#7892 = VECTOR ( 'NONE', #6715, 1000.000000000000000 ) ;
#7893 = DIRECTION ( 'NONE',  ( 0.000000000000000000, 0.000000000000000000, -1.000000000000000000 ) ) ;
#7894 = VECTOR ( 'NONE', #8307, 1000.000000000000000 ) ;
#7895 = AXIS2_PLACEMENT_3D ( 'NONE', #1975, #10054, #2197 ) ;
#7896 = DIRECTION ( 'NONE',  ( -0.000000000000000000, -0.000000000000000000, -1.000000000000000000 ) ) ;
#7897 = CARTESIAN_POINT ( 'NONE',  ( -3.328434437871126583, 8.463476615568009009, -2.625562286609687046 ) ) ;
#7898 = AXIS2_PLACEMENT_3D ( 'NONE', #7684, #5043, #589 ) ;
#7899 = DIRECTION ( 'NONE',  ( 0.000000000000000000, 0.000000000000000000, 1.000000000000000000 ) ) ;
#7900 = ORIENTED_EDGE ( 'NONE', *, *, #10606, .F. ) ;
#7901 = CARTESIAN_POINT ( 'NONE',  ( -1.030666926558653025E-16, 6.965469875665441180, 15.29999999999999893 ) ) ;
#7903 = CARTESIAN_POINT ( 'NONE',  ( -0.2114695168097532052, 0.06226278955716994801, 7.800000000000000711 ) ) ;
#7902 = AXIS2_PLACEMENT_3D ( 'NONE', #6461, #2210, #3072 ) ;
#7904 = VECTOR ( 'NONE', #9984, 1000.000000000000000 ) ;
#7905 = EDGE_CURVE ( 'NONE', #7817, #6593, #3276, .T. ) ;
#7906 = PLANE ( 'NONE',  #8669 ) ;
#7907 = ORIENTED_EDGE ( 'NONE', *, *, #4150, .F. ) ;
#7908 = ORIENTED_EDGE ( 'NONE', *, *, #1067, .F. ) ;
#7909 = DIRECTION ( 'NONE',  ( 0.000000000000000000, 0.7546055221635206145, 0.6561787149247685358 ) ) ;
#7910 = CIRCLE ( 'NONE', #7179, 0.02000000000000003511 ) ;
#7911 = VECTOR ( 'NONE', #9349, 1000.000000000000000 ) ;
#7912 = DIRECTION ( 'NONE',  ( 0.000000000000000000, -3.469446951953614820E-14, -1.000000000000000000 ) ) ;
#7913 = LINE ( 'NONE', #6075, #7544 ) ;
#7914 = CARTESIAN_POINT ( 'NONE',  ( 1.379999999999999671, 6.649999999999999467, -4.549999999999999822 ) ) ;
#7915 = FACE_OUTER_BOUND ( 'NONE', #4346, .T. ) ;
#7916 = VERTEX_POINT ( 'NONE', #1501 ) ;
#7917 = EDGE_CURVE ( 'NONE', #4017, #7469, #4310, .T. ) ;
#7918 = CARTESIAN_POINT ( 'NONE',  ( -5.036781010732915398, 3.090000000000000746, 2.915460667173189968 ) ) ;
#7919 = DIRECTION ( 'NONE',  ( 1.000000000000000000, 0.000000000000000000, 0.000000000000000000 ) ) ;
#7920 = ORIENTED_EDGE ( 'NONE', *, *, #6478, .T. ) ;
#7921 = VECTOR ( 'NONE', #3146, 1000.000000000000000 ) ;
#7922 = ORIENTED_EDGE ( 'NONE', *, *, #5237, .T. ) ;
#7923 = CARTESIAN_POINT ( 'NONE',  ( 3.405877273185284881, 6.500000000000000000, -6.849999999999998757 ) ) ;
#7924 = CIRCLE ( 'NONE', #973, 3.649999999999999467 ) ;
#7925 = ORIENTED_EDGE ( 'NONE', *, *, #8037, .T. ) ;
#7926 = CARTESIAN_POINT ( 'NONE',  ( 4.926415935006096092, 10.06141304405314152, 0.000000000000000000 ) ) ;
#7927 = VECTOR ( 'NONE', #1085, 1000.000000000000000 ) ;
#7928 = DIRECTION ( 'NONE',  ( -0.000000000000000000, -1.000000000000000000, -0.000000000000000000 ) ) ;
#7929 = DIRECTION ( 'NONE',  ( 0.000000000000000000, 0.000000000000000000, 1.000000000000000000 ) ) ;
#7930 = CARTESIAN_POINT ( 'NONE',  ( 4.500000000000000000, 1.500000000000000444, -2.179449471770337432 ) ) ;
#7931 = DIRECTION ( 'NONE',  ( -1.000000000000000000, -2.168404344971008252E-17, 8.673617379884035472E-17 ) ) ;
#7932 = AXIS2_PLACEMENT_3D ( 'NONE', #5505, #3092, #2234 ) ;
#7933 = VERTEX_POINT ( 'NONE', #3392 ) ;
#7934 = ADVANCED_FACE ( 'NONE', ( #6773 ), #2122, .T. ) ;
#7935 = LINE ( 'NONE', #98, #4505 ) ;
#7936 = ORIENTED_EDGE ( 'NONE', *, *, #6486, .F. ) ;
#7937 = EDGE_CURVE ( 'NONE', #9900, #9176, #11296, .T. ) ;
#7938 = VECTOR ( 'NONE', #5746, 1000.000000000000000 ) ;
#7939 = ADVANCED_FACE ( 'NONE', ( #3446 ), #9354, .F. ) ;
#7940 = ORIENTED_EDGE ( 'NONE', *, *, #3171, .F. ) ;
#7941 = VECTOR ( 'NONE', #7146, 1000.000000000000000 ) ;
#7942 = DIRECTION ( 'NONE',  ( 1.000000000000000000, 0.000000000000000000, 0.000000000000000000 ) ) ;
#7943 = DIRECTION ( 'NONE',  ( 0.000000000000000000, 1.000000000000000000, -0.000000000000000000 ) ) ;
#7944 = DIRECTION ( 'NONE',  ( 0.000000000000000000, 0.000000000000000000, 1.000000000000000000 ) ) ;
#7945 = VECTOR ( 'NONE', #4278, 1000.000000000000114 ) ;
#7946 = ORIENTED_EDGE ( 'NONE', *, *, #10146, .T. ) ;
#7947 = LINE ( 'NONE', #2781, #8100 ) ;
#7948 = DIRECTION ( 'NONE',  ( 0.000000000000000000, -0.000000000000000000, -1.000000000000000000 ) ) ;
#7949 = FACE_OUTER_BOUND ( 'NONE', #5076, .T. ) ;
#7950 = VERTEX_POINT ( 'NONE', #5911 ) ;
#7951 = ORIENTED_EDGE ( 'NONE', *, *, #10370, .F. ) ;
#7952 = DIRECTION ( 'NONE',  ( -1.000000000000000000, 0.000000000000000000, 0.000000000000000000 ) ) ;
#7953 = VECTOR ( 'NONE', #10554, 1000.000000000000000 ) ;
#7954 = DIRECTION ( 'NONE',  ( -0.9943490029226537130, -0.1061605406293898990, 0.000000000000000000 ) ) ;
#7955 = EDGE_CURVE ( 'NONE', #3185, #10120, #11071, .T. ) ;
#7956 = PRODUCT ( 'Snap Fit Male', 'Snap Fit Male', '', ( #10849 ) ) ;
#7957 = AXIS2_PLACEMENT_3D ( 'NONE', #10340, #5864, #5013 ) ;
#7958 = FACE_OUTER_BOUND ( 'NONE', #5255, .T. ) ;
#7959 = EDGE_CURVE ( 'NONE', #8595, #820, #2306, .T. ) ;
#7960 = DIRECTION ( 'NONE',  ( 0.000000000000000000, 1.000000000000000000, -0.000000000000000000 ) ) ;
#7961 = CARTESIAN_POINT ( 'NONE',  ( -3.956290731841335173, 5.626078208432425676, -3.226782805549678113 ) ) ;
#7962 = CARTESIAN_POINT ( 'NONE',  ( -5.036781010732915398, 4.909999999999999254, 2.915460667173190412 ) ) ;
#7963 = ORIENTED_EDGE ( 'NONE', *, *, #10819, .T. ) ;
#7964 = VECTOR ( 'NONE', #7489, 1000.000000000000000 ) ;
#7965 = CARTESIAN_POINT ( 'NONE',  ( 4.745536286357737055, 3.598821182761691606, 11.17499999999999893 ) ) ;
#7966 = PLANE ( 'NONE',  #2855 ) ;
#7967 = CARTESIAN_POINT ( 'NONE',  ( 5.498644456795164892, 7.973133870145901803, -2.454779244514317504 ) ) ;
#7968 = ORIENTED_EDGE ( 'NONE', *, *, #8067, .F. ) ;
#7969 = ORIENTED_EDGE ( 'NONE', *, *, #1716, .T. ) ;
#7970 = CARTESIAN_POINT ( 'NONE',  ( -1.030666926558653025E-16, 6.965469875665441180, 11.17499999999999893 ) ) ;
#7971 = ADVANCED_FACE ( 'NONE', ( #8606 ), #9412, .T. ) ;
#7972 = ADVANCED_FACE ( 'NONE', ( #5103 ), #9510, .T. ) ;
#7973 = DIRECTION ( 'NONE',  ( 0.6280440846592213466, 0.7781777610061602068, 0.000000000000000000 ) ) ;
#7974 = CARTESIAN_POINT ( 'NONE',  ( 3.328434437871126583, 5.467463135762877791, -2.625562286609687046 ) ) ;
#7975 = ORIENTED_EDGE ( 'NONE', *, *, #576, .T. ) ;
#7976 = FACE_OUTER_BOUND ( 'NONE', #4369, .T. ) ;
#7977 = FACE_OUTER_BOUND ( 'NONE', #6017, .T. ) ;
#7978 = DIRECTION ( 'NONE',  ( -0.000000000000000000, -0.000000000000000000, 1.000000000000000000 ) ) ;
#7979 = DIRECTION ( 'NONE',  ( 1.000000000000000000, 0.000000000000000000, 0.000000000000000000 ) ) ;
#7980 = ORIENTED_EDGE ( 'NONE', *, *, #1025, .T. ) ;
#7981 = EDGE_LOOP ( 'NONE', ( #3521, #7641, #5951, #4580 ) ) ;
#7982 = CARTESIAN_POINT ( 'NONE',  ( -1.393823247546297717, 6.500000000000000000, 0.8140959846906092867 ) ) ;
#7983 = ORIENTED_EDGE ( 'NONE', *, *, #8569, .T. ) ;
#7984 = ADVANCED_BREP_SHAPE_REPRESENTATION ( '', ( #4734, #2013 ), #6411 ) ;
#7985 = VECTOR ( 'NONE', #148, 1000.000000000000000 ) ;
#7986 = CARTESIAN_POINT ( 'NONE',  ( 1.379999999999999893, 9.655153745424975398, 5.498426807238718794 ) ) ;
#7987 = ADVANCED_FACE ( 'NONE', ( #8667 ), #4251, .T. ) ;
#7988 = DIRECTION ( 'NONE',  ( 0.4853175911454119529, 0.8743379413732510486, 0.000000000000000000 ) ) ;
#7989 = CARTESIAN_POINT ( 'NONE',  ( 2.580939751330875165, 9.546409626996361197, 0.000000000000000000 ) ) ;
#7990 = DIRECTION ( 'NONE',  ( 1.000000000000000000, 0.000000000000000000, 0.000000000000000000 ) ) ;
#7991 = CARTESIAN_POINT ( 'NONE',  ( -2.580939751330913801, -4.084530124334558643, 0.2999999999999999334 ) ) ;
#7992 = VERTEX_POINT ( 'NONE', #5331 ) ;
#7993 = CARTESIAN_POINT ( 'NONE',  ( 2.312024219028203653, 5.951057409446828039, -4.433344562587824278 ) ) ;
#7994 = VERTEX_POINT ( 'NONE', #246 ) ;
#7995 = CIRCLE ( 'NONE', #4159, 0.2999999999999999334 ) ;
#7996 = EDGE_LOOP ( 'NONE', ( #4670, #10804, #6679, #7427 ) ) ;
#7997 = CARTESIAN_POINT ( 'NONE',  ( 1.379999999999999671, 11.43165542625050612, -5.549999999999999822 ) ) ;
#7998 = EDGE_CURVE ( 'NONE', #2652, #1358, #8110, .T. ) ;
#7999 = EDGE_CURVE ( 'NONE', #10856, #2107, #3737, .T. ) ;
#8000 =( NAMED_UNIT ( * ) PLANE_ANGLE_UNIT ( ) SI_UNIT ( $, .RADIAN. ) );
#8001 = PLANE ( 'NONE',  #9769 ) ;
#8002 = CARTESIAN_POINT ( 'NONE',  ( -4.163336342344337027E-14, 10.61546987566543976, -2.454779244514317504 ) ) ;
#8003 = ADVANCED_FACE ( 'NONE', ( #4415 ), #9810, .T. ) ;
#8004 = ORIENTED_EDGE ( 'NONE', *, *, #8921, .F. ) ;
#8005 = CARTESIAN_POINT ( 'NONE',  ( -2.580939751330911580, 4.384530124334556689, 3.675000000000000266 ) ) ;
#8006 = LINE ( 'NONE', #7035, #6851 ) ;
#8007 = DIRECTION ( 'NONE',  ( 0.8028956459037006610, 0.5961196035938418625, 0.000000000000000000 ) ) ;
#8008 = VERTEX_POINT ( 'NONE', #2648 ) ;
#8009 = EDGE_LOOP ( 'NONE', ( #7768, #6765, #8290, #8867 ) ) ;
#8010 = LINE ( 'NONE', #1984, #3067 ) ;
#8011 = DIRECTION ( 'NONE',  ( 0.000000000000000000, -0.1643989873053704753, -0.9863939238321415282 ) ) ;
#8012 = ORIENTED_EDGE ( 'NONE', *, *, #375, .F. ) ;
#8013 = DIRECTION ( 'NONE',  ( 0.4853175911454119529, -0.8743379413732510486, 0.000000000000000000 ) ) ;
#8014 = CIRCLE ( 'NONE', #1785, 3.649999999999999467 ) ;
#8015 = ADVANCED_FACE ( 'NONE', ( #8838 ), #3565, .T. ) ;
#8016 = CARTESIAN_POINT ( 'NONE',  ( 7.252000366886311333, 3.200000000000000178, -2.435362535369390180 ) ) ;
#8017 = EDGE_CURVE ( 'NONE', #1615, #8856, #4273, .T. ) ;
#8018 = CARTESIAN_POINT ( 'NONE',  ( -1.771168402671605879E-15, 6.965469875665441180, 3.674999999999999378 ) ) ;
#8019 = DIRECTION ( 'NONE',  ( 7.968020348514244863E-17, -0.6561787149247862994, 0.7546055221635049604 ) ) ;
#8020 = VERTEX_POINT ( 'NONE', #10432 ) ;
#8021 = CARTESIAN_POINT ( 'NONE',  ( -1.030666926558653025E-16, 6.965469875665441180, 11.17499999999999893 ) ) ;
#8022 = AXIS2_PLACEMENT_3D ( 'NONE', #1097, #5564, #9861 ) ;
#8023 = DIRECTION ( 'NONE',  ( 0.000000000000000000, 0.000000000000000000, 1.000000000000000000 ) ) ;
#8024 = ORIENTED_EDGE ( 'NONE', *, *, #42, .F. ) ;
#8025 = ADVANCED_FACE ( 'NONE', ( #6139 ), #8900, .T. ) ;
#8026 = ORIENTED_EDGE ( 'NONE', *, *, #2454, .F. ) ;
#8027 = CARTESIAN_POINT ( 'NONE',  ( -1.393823247546298383, 6.500000000000000000, -4.508834952051935296 ) ) ;
#8028 = CARTESIAN_POINT ( 'NONE',  ( 1.399999999999999911, 9.655153745424975398, -5.498426807238719682 ) ) ;
#8029 = CARTESIAN_POINT ( 'NONE',  ( -1.030666926558653025E-16, 6.965469875665441180, 15.29999999999999893 ) ) ;
#8030 = EDGE_LOOP ( 'NONE', ( #921, #8386, #6399, #3773 ) ) ;
#8031 = VERTEX_POINT ( 'NONE', #8954 ) ;
#8032 = DIRECTION ( 'NONE',  ( 0.000000000000000000, 0.000000000000000000, -1.000000000000000000 ) ) ;
#8033 = CARTESIAN_POINT ( 'NONE',  ( 4.460905893435753278, 2.431562345619224352, 11.17499999999999893 ) ) ;
#8034 = CARTESIAN_POINT ( 'NONE',  ( -3.372160293666214947, 8.362264403797974310, -2.457261515329064672 ) ) ;
#8035 = DIRECTION ( 'NONE',  ( 0.6280440846592187931, 0.7781777610061624273, -0.000000000000000000 ) ) ;
#8036 = ORIENTED_EDGE ( 'NONE', *, *, #285, .T. ) ;
#8037 = EDGE_CURVE ( 'NONE', #4185, #11142, #3673, .T. ) ;
#8038 = ORIENTED_EDGE ( 'NONE', *, *, #2389, .F. ) ;
#8039 = LINE ( 'NONE', #933, #8496 ) ;
#8040 = VERTEX_POINT ( 'NONE', #4364 ) ;
#8041 = CARTESIAN_POINT ( 'NONE',  ( -2.657714481646605620, 4.463659784142518738, -2.613951291675116195 ) ) ;
#8042 = CARTESIAN_POINT ( 'NONE',  ( 4.500000000000000000, 1.500000000000000444, 0.000000000000000000 ) ) ;
#8043 = DIRECTION ( 'NONE',  ( -0.7071067811865473507, -2.775557561562891351E-17, 0.7071067811865477948 ) ) ;
#8044 = DIRECTION ( 'NONE',  ( -0.1361444591231988355, -0.9906889957247186906, 0.000000000000000000 ) ) ;
#8045 = CARTESIAN_POINT ( 'NONE',  ( 3.372160293666205177, 5.568675347532884068, 11.17499999999999893 ) ) ;
#8046 = AXIS2_PLACEMENT_3D ( 'NONE', #4502, #8803, #2616 ) ;
#8047 = ORIENTED_EDGE ( 'NONE', *, *, #7477, .F. ) ;
#8048 = CARTESIAN_POINT ( 'NONE',  ( -1.399999999999999911, 6.649999999999999467, -4.379999999999999893 ) ) ;
#8049 = ORIENTED_EDGE ( 'NONE', *, *, #7513, .F. ) ;
#8050 = EDGE_CURVE ( 'NONE', #7863, #9644, #4553, .T. ) ;
#8051 = ORIENTED_EDGE ( 'NONE', *, *, #2165, .T. ) ;
#8052 = LINE ( 'NONE', #5355, #6256 ) ;
#8053 = AXIS2_PLACEMENT_3D ( 'NONE', #4143, #5099, #3330 ) ;
#8054 = CARTESIAN_POINT ( 'NONE',  ( 3.649999999999998135, 6.965469875665465160, 7.800000000000000711 ) ) ;
#8055 = ORIENTED_EDGE ( 'NONE', *, *, #9978, .T. ) ;
#8056 = ORIENTED_EDGE ( 'NONE', *, *, #5919, .T. ) ;
#8057 = PLANE ( 'NONE',  #3335 ) ;
#8058 = CYLINDRICAL_SURFACE ( 'NONE', #7214, 0.1000000000000001443 ) ;
#8059 = CARTESIAN_POINT ( 'NONE',  ( 4.741006527942212223, 7.947084575471273560, 2.234154015110207947 ) ) ;
#8060 = EDGE_LOOP ( 'NONE', ( #2371, #5760, #3434, #53 ) ) ;
#8061 = VERTEX_POINT ( 'NONE', #4592 ) ;
#8062 = DIRECTION ( 'NONE',  ( -0.000000000000000000, 0.000000000000000000, 1.000000000000000000 ) ) ;
#8063 = ADVANCED_FACE ( 'NONE', ( #9629 ), #5279, .F. ) ;
#8064 = DIRECTION ( 'NONE',  ( 0.9906889957247192458, -0.1361444591231943946, 0.000000000000000000 ) ) ;
#8065 = VERTEX_POINT ( 'NONE', #3504 ) ;
#8066 = AXIS2_PLACEMENT_3D ( 'NONE', #1690, #6041, #11317 ) ;
#8067 = EDGE_CURVE ( 'NONE', #6252, #4534, #9684, .T. ) ;
#8068 = LINE ( 'NONE', #2679, #10092 ) ;
#8069 = VECTOR ( 'NONE', #4898, 1000.000000000000000 ) ;
#8070 = CARTESIAN_POINT ( 'NONE',  ( -1.771168402671605879E-15, 6.965469875665441180, 3.675000000000000266 ) ) ;
#8071 = DIRECTION ( 'NONE',  ( -1.000000000000000000, 0.000000000000000000, 0.000000000000000000 ) ) ;
#8072 = CARTESIAN_POINT ( 'NONE',  ( -2.580939751330911580, 4.384530124334556689, 15.29999999999999893 ) ) ;
#8073 = FACE_OUTER_BOUND ( 'NONE', #6607, .T. ) ;
#8074 = EDGE_LOOP ( 'NONE', ( #7797, #3354, #5674, #8618 ) ) ;
#8075 = DIRECTION ( 'NONE',  ( 0.000000000000000000, 0.1643989873053274264, 0.9863939238321487446 ) ) ;
#8076 = CARTESIAN_POINT ( 'NONE',  ( 3.917693825320299972, 6.697671662384327540, 7.800000000000000711 ) ) ;
#8077 = AXIS2_PLACEMENT_3D ( 'NONE', #10470, #2627, #1478 ) ;
#8078 = EDGE_LOOP ( 'NONE', ( #1298, #6892, #6907, #2697 ) ) ;
#8079 = EDGE_CURVE ( 'NONE', #4129, #10566, #1703, .T. ) ;
#8080 = EDGE_CURVE ( 'NONE', #6316, #1778, #5456, .T. ) ;
#8081 = VERTEX_POINT ( 'NONE', #10550 ) ;
#8082 = DIRECTION ( 'NONE',  ( -1.000000000000000000, 0.000000000000000000, 0.000000000000000000 ) ) ;
#8083 = FACE_OUTER_BOUND ( 'NONE', #558, .T. ) ;
#8084 = LINE ( 'NONE', #7282, #5902 ) ;
#8085 = ORIENTED_EDGE ( 'NONE', *, *, #768, .T. ) ;
#8086 = LINE ( 'NONE', #2812, #11310 ) ;
#8087 = CARTESIAN_POINT ( 'NONE',  ( -5.672664523123394531, 8.259809581718581484, 0.000000000000000000 ) ) ;
#8088 = LINE ( 'NONE', #1157, #10706 ) ;
#8089 = CARTESIAN_POINT ( 'NONE',  ( -1.030666926558653025E-16, 6.965469875665441180, 15.29999999999999893 ) ) ;
#8090 = ORIENTED_EDGE ( 'NONE', *, *, #7287, .T. ) ;
#8091 = ORIENTED_EDGE ( 'NONE', *, *, #1486, .F. ) ;
#8092 = VECTOR ( 'NONE', #74, 999.9999999999998863 ) ;
#8093 = EDGE_CURVE ( 'NONE', #8061, #11167, #10494, .T. ) ;
#8094 = ORIENTED_EDGE ( 'NONE', *, *, #1770, .F. ) ;
#8095 = AXIS2_PLACEMENT_3D ( 'NONE', #2934, #6433, #8099 ) ;
#8096 = CARTESIAN_POINT ( 'NONE',  ( -0.1126976677027487217, 1009.897275056344142, -1.741077270331022442 ) ) ;
#8097 = DIRECTION ( 'NONE',  ( -1.000000000000000000, 0.000000000000000000, 0.000000000000000000 ) ) ;
#8098 = EDGE_CURVE ( 'NONE', #2030, #294, #6837, .T. ) ;
#8099 = DIRECTION ( 'NONE',  ( -0.8631770573194725849, 0.5049013445390058141, 0.000000000000000000 ) ) ;
#8100 = VECTOR ( 'NONE', #1751, 999.9999999999998863 ) ;
#8101 = DIRECTION ( 'NONE',  ( 0.000000000000000000, -1.000000000000000000, 0.000000000000000000 ) ) ;
#8102 = DIRECTION ( 'NONE',  ( -0.9943490029226534910, -0.1061605406293919668, 0.000000000000000000 ) ) ;
#8103 = CIRCLE ( 'NONE', #1508, 0.1299999999999998934 ) ;
#8104 = ORIENTED_EDGE ( 'NONE', *, *, #4228, .F. ) ;
#8105 = DIRECTION ( 'NONE',  ( 0.000000000000000000, 1.000000000000000000, 0.000000000000000000 ) ) ;
#8106 = EDGE_LOOP ( 'NONE', ( #7299, #6904, #216, #446 ) ) ;
#8107 = ORIENTED_EDGE ( 'NONE', *, *, #5215, .F. ) ;
#8108 = VECTOR ( 'NONE', #5261, 1000.000000000000000 ) ;
#8109 = DIRECTION ( 'NONE',  ( -0.1361444591231978085, -0.9906889957247189127, 0.000000000000000000 ) ) ;
#8110 = CIRCLE ( 'NONE', #5372, 3.649999999999999467 ) ;
#8111 = DIRECTION ( 'NONE',  ( 0.000000000000000000, 0.000000000000000000, -1.000000000000000000 ) ) ;
#8112 = EDGE_CURVE ( 'NONE', #10192, #523, #1832, .T. ) ;
#8113 = ORIENTED_EDGE ( 'NONE', *, *, #10064, .F. ) ;
#8114 = EDGE_CURVE ( 'NONE', #5092, #11300, #9916, .T. ) ;
#8115 = ORIENTED_EDGE ( 'NONE', *, *, #2299, .T. ) ;
#8116 = CARTESIAN_POINT ( 'NONE',  ( 2.563449210601374428, 6.373209906677494985, -2.454779244514317504 ) ) ;
#8117 = CARTESIAN_POINT ( 'NONE',  ( -5.498644456795161339, 5.957805881184940588, 0.000000000000000000 ) ) ;
#8118 = ORIENTED_EDGE ( 'NONE', *, *, #8843, .T. ) ;
#8119 = ORIENTED_EDGE ( 'NONE', *, *, #2152, .T. ) ;
#8120 = DIRECTION ( 'NONE',  ( 0.7071067811865403563, 0.000000000000000000, 0.7071067811865547892 ) ) ;
#8121 = AXIS2_PLACEMENT_3D ( 'NONE', #11042, #5827, #7439 ) ;
#8122 = CARTESIAN_POINT ( 'NONE',  ( -5.465701386268203343, 8.138749869597994291, 0.000000000000000000 ) ) ;
#8123 = ORIENTED_EDGE ( 'NONE', *, *, #3153, .T. ) ;
#8124 = VECTOR ( 'NONE', #8023, 1000.000000000000000 ) ;
#8125 = DIRECTION ( 'NONE',  ( 1.000000000000000000, 0.000000000000000000, 0.000000000000000000 ) ) ;
#8126 = CIRCLE ( 'NONE', #10866, 0.02000000000000005246 ) ;
#8127 = DIRECTION ( 'NONE',  ( 0.000000000000000000, 0.000000000000000000, 1.000000000000000000 ) ) ;
#8128 = DIRECTION ( 'NONE',  ( 0.4918069879902069452, -0.8707042474709769664, 0.000000000000000000 ) ) ;
#8129 = ADVANCED_FACE ( 'NONE', ( #8198 ), #359, .T. ) ;
#8130 = DIRECTION ( 'NONE',  ( 0.9592845720430327461, -0.2824413387594238989, 0.000000000000000000 ) ) ;
#8131 = AXIS2_PLACEMENT_3D ( 'NONE', #5018, #3070, #8402 ) ;
#8132 = DIRECTION ( 'NONE',  ( 0.000000000000000000, 0.000000000000000000, 1.000000000000000000 ) ) ;
#8133 = ORIENTED_EDGE ( 'NONE', *, *, #2680, .T. ) ;
#8134 = ORIENTED_EDGE ( 'NONE', *, *, #2137, .T. ) ;
#8135 = DIRECTION ( 'NONE',  ( 0.5120428415488842422, 0.6896551724137934825, -0.5120428415488739171 ) ) ;
#8136 = EDGE_LOOP ( 'NONE', ( #7793, #7147 ) ) ;
#8137 = VECTOR ( 'NONE', #7864, 1000.000000000000114 ) ;
#8138 = CARTESIAN_POINT ( 'NONE',  ( 2.580939751330912024, 4.384530124334557577, 7.800000000000000711 ) ) ;
#8139 = EDGE_CURVE ( 'NONE', #6581, #724, #1325, .T. ) ;
#8140 = DIRECTION ( 'NONE',  ( 1.000000000000000000, 0.000000000000000000, 0.000000000000000000 ) ) ;
#8141 = CARTESIAN_POINT ( 'NONE',  ( -4.046831517071719730, 3.090000000000000746, -4.046831517071717066 ) ) ;
#8142 = VERTEX_POINT ( 'NONE', #3844 ) ;
#8143 = EDGE_CURVE ( 'NONE', #9130, #8808, #9067, .T. ) ;
#8144 = DIRECTION ( 'NONE',  ( -5.122298795473439605E-17, -0.6561787149247870765, -0.7546055221635045163 ) ) ;
#8145 = DIRECTION ( 'NONE',  ( 0.8631770573194766927, -0.5049013445389989307, 0.000000000000000000 ) ) ;
#8146 = DIRECTION ( 'NONE',  ( 0.000000000000000000, 0.7546055221634990762, -0.6561787149247930717 ) ) ;
#8147 = CARTESIAN_POINT ( 'NONE',  ( 2.179449471770337432, 1.500000000000000444, -4.500000000000000000 ) ) ;
#8148 = ORIENTED_EDGE ( 'NONE', *, *, #3957, .T. ) ;
#8149 = ORIENTED_EDGE ( 'NONE', *, *, #4826, .T. ) ;
#8150 = ORIENTED_EDGE ( 'NONE', *, *, #10655, .F. ) ;
#8151 = DIRECTION ( 'NONE',  ( 0.4876598490941728703, 0.7241379310344820963, -0.4876598490941694286 ) ) ;
#8152 = AXIS2_PLACEMENT_3D ( 'NONE', #8, #10588, #7847 ) ;
#8153 = FACE_OUTER_BOUND ( 'NONE', #5241, .T. ) ;
#8154 = LINE ( 'NONE', #3800, #1856 ) ;
#8155 = EDGE_CURVE ( 'NONE', #5539, #2726, #6540, .T. ) ;
#8156 = CARTESIAN_POINT ( 'NONE',  ( 3.412809285801764236, 8.259777713370697327, -2.454779244514313952 ) ) ;
#8157 = CARTESIAN_POINT ( 'NONE',  ( -1.380000000000000115, 11.43165542625050612, -5.549999999999999822 ) ) ;
#8158 = ORIENTED_EDGE ( 'NONE', *, *, #10578, .T. ) ;
#8159 = DIRECTION ( 'NONE',  ( 0.000000000000000000, 0.000000000000000000, -1.000000000000000000 ) ) ;
#8160 = ORIENTED_EDGE ( 'NONE', *, *, #9542, .T. ) ;
#8161 = ORIENTED_EDGE ( 'NONE', *, *, #1627, .T. ) ;
#8162 = AXIS2_PLACEMENT_3D ( 'NONE', #8212, #3922, #6609 ) ;
#8163 = EDGE_CURVE ( 'NONE', #7807, #4752, #11036, .T. ) ;
#8164 = FACE_OUTER_BOUND ( 'NONE', #10156, .T. ) ;
#8165 = APPLICATION_CONTEXT ( 'automotive_design' ) ;
#8166 = DIRECTION ( 'NONE',  ( 0.03334880389682193941, 0.000000000000000000, -0.9994437739456140113 ) ) ;
#8167 = CARTESIAN_POINT ( 'NONE',  ( -1.030666926558653025E-16, 6.965469875665441180, 0.000000000000000000 ) ) ;
#8168 = VERTEX_POINT ( 'NONE', #9116 ) ;
#8169 = ORIENTED_EDGE ( 'NONE', *, *, #10883, .F. ) ;
#8170 = CARTESIAN_POINT ( 'NONE',  ( -1.379999999999999893, 12.50000000000000000, -2.027069063257456172 ) ) ;
#8171 = DIRECTION ( 'NONE',  ( 0.9943490029226543792, 0.1061605406293850001, 0.000000000000000000 ) ) ;
#8172 = VECTOR ( 'NONE', #7233, 1000.000000000000000 ) ;
#8173 = ORIENTED_EDGE ( 'NONE', *, *, #8717, .T. ) ;
#8174 = DIRECTION ( 'NONE',  ( 0.000000000000000000, 0.1643989873053704753, -0.9863939238321415282 ) ) ;
#8175 = ORIENTED_EDGE ( 'NONE', *, *, #11227, .T. ) ;
#8176 = DIRECTION ( 'NONE',  ( -0.000000000000000000, 0.000000000000000000, 1.000000000000000000 ) ) ;
#8177 = ORIENTED_EDGE ( 'NONE', *, *, #310, .F. ) ;
#8178 = EDGE_CURVE ( 'NONE', #7267, #8990, #10128, .T. ) ;
#8179 = AXIS2_PLACEMENT_3D ( 'NONE', #5734, #10255, #10151 ) ;
#8180 = DIRECTION ( 'NONE',  ( -1.000000000000000000, -1.680321552529715921E-16, -0.000000000000000000 ) ) ;
#8181 = DIRECTION ( 'NONE',  ( -0.000000000000000000, -1.000000000000000000, 0.000000000000000000 ) ) ;
#8182 = CARTESIAN_POINT ( 'NONE',  ( 2.312024219028203653, 5.951057409446828039, -4.433344562587824278 ) ) ;
#8183 = CYLINDRICAL_SURFACE ( 'NONE', #807, 3.649999999999999467 ) ;
#8184 = DIRECTION ( 'NONE',  ( -0.000000000000000000, -0.000000000000000000, 1.000000000000000000 ) ) ;
#8185 = ORIENTED_EDGE ( 'NONE', *, *, #6038, .T. ) ;
#8186 = ORIENTED_EDGE ( 'NONE', *, *, #6462, .F. ) ;
#8187 = CARTESIAN_POINT ( 'NONE',  ( 3.175602739079013581, 11.56612470205379140, 3.675000000000000266 ) ) ;
#8188 = ORIENTED_EDGE ( 'NONE', *, *, #6056, .T. ) ;
#8189 = EDGE_CURVE ( 'NONE', #8227, #4795, #4652, .T. ) ;
#8190 = FACE_BOUND ( 'NONE', #5051, .T. ) ;
#8191 = CARTESIAN_POINT ( 'NONE',  ( 4.433344562587833160, 5.951057409446828039, 2.312024219028188554 ) ) ;
#8192 = DIRECTION ( 'NONE',  ( 0.000000000000000000, 0.7546055221635206145, 0.6561787149247685358 ) ) ;
#8193 = EDGE_LOOP ( 'NONE', ( #8570, #1046, #9327, #1730, #3788 ) ) ;
#8194 = CIRCLE ( 'NONE', #10570, 0.1499999999999999667 ) ;
#8195 = LINE ( 'NONE', #8313, #10939 ) ;
#8196 = CARTESIAN_POINT ( 'NONE',  ( -5.465701386268206896, 8.138749869597990738, 7.800000000000000711 ) ) ;
#8197 = DIRECTION ( 'NONE',  ( 0.2533391860415168950, -0.9673775151489835133, 0.000000000000000000 ) ) ;
#8198 = FACE_OUTER_BOUND ( 'NONE', #6142, .T. ) ;
#8199 = ORIENTED_EDGE ( 'NONE', *, *, #4176, .F. ) ;
#8200 = VERTEX_POINT ( 'NONE', #7453 ) ;
#8201 = EDGE_CURVE ( 'NONE', #137, #4009, #5735, .T. ) ;
#8202 = ORIENTED_EDGE ( 'NONE', *, *, #6746, .T. ) ;
#8203 = VECTOR ( 'NONE', #8421, 1000.000000000000114 ) ;
#8204 = EDGE_CURVE ( 'NONE', #3907, #3292, #3909, .T. ) ;
#8205 = CARTESIAN_POINT ( 'NONE',  ( 7.239573367979934559, 3.116536647565487428, -2.472101282769616493 ) ) ;
#8206 = LINE ( 'NONE', #365, #7723 ) ;
#8207 = CARTESIAN_POINT ( 'NONE',  ( -2.657714481646604288, 4.463659784142519626, 3.675000000000000266 ) ) ;
#8208 = DIRECTION ( 'NONE',  ( -1.000000000000000000, 0.000000000000000000, 0.000000000000000000 ) ) ;
#8209 = DIRECTION ( 'NONE',  ( 1.000000000000000000, 0.000000000000000000, 0.000000000000000000 ) ) ;
#8210 = ORIENTED_EDGE ( 'NONE', *, *, #52, .F. ) ;
#8211 = AXIS2_PLACEMENT_3D ( 'NONE', #7901, #3605, #4400 ) ;
#8212 = CARTESIAN_POINT ( 'NONE',  ( -1.771168402671605879E-15, 6.965469875665441180, 15.29999999999999893 ) ) ;
#8213 = EDGE_LOOP ( 'NONE', ( #4973, #8450, #1186, #10776 ) ) ;
#8214 = ADVANCED_FACE ( 'NONE', ( #9236 ), #7338, .T. ) ;
#8215 = VERTEX_POINT ( 'NONE', #8147 ) ;
#8216 = ADVANCED_FACE ( 'NONE', ( #7235 ), #1382, .T. ) ;
#8217 = CARTESIAN_POINT ( 'NONE',  ( -2.580939751330911136, -4.084530124334557755, 0.2999999999999999334 ) ) ;
#8218 =( LENGTH_UNIT ( ) NAMED_UNIT ( * ) SI_UNIT ( .MILLI., .METRE. ) );
#8219 = DIRECTION ( 'NONE',  ( 1.978231904884091733E-16, -1.000000000000000000, -0.000000000000000000 ) ) ;
#8220 = ORIENTED_EDGE ( 'NONE', *, *, #2125, .F. ) ;
#8221 = VECTOR ( 'NONE', #1293, 1000.000000000000000 ) ;
#8222 = ORIENTED_EDGE ( 'NONE', *, *, #6321, .T. ) ;
#8223 = DIRECTION ( 'NONE',  ( -3.564834783817704567E-17, 0.9863939238321438596, -0.1643989873053572914 ) ) ;
#8224 = DIRECTION ( 'NONE',  ( 1.000000000000000000, 2.168404344971008252E-17, -8.673617379884035472E-17 ) ) ;
#8225 = ORIENTED_EDGE ( 'NONE', *, *, #7851, .F. ) ;
#8226 = CARTESIAN_POINT ( 'NONE',  ( -1.030666926558653025E-16, 6.965469875665441180, 0.000000000000000000 ) ) ;
#8227 = VERTEX_POINT ( 'NONE', #2985 ) ;
#8228 = CARTESIAN_POINT ( 'NONE',  ( 1.379999999999999671, 0.000000000000000000, 5.530000000000000249 ) ) ;
#8229 = ORIENTED_EDGE ( 'NONE', *, *, #3839, .T. ) ;
#8230 = TOROIDAL_SURFACE ( 'NONE', #4751, 5.500000000000000000, 0.5000000000000000000 ) ;
#8231 = CYLINDRICAL_SURFACE ( 'NONE', #2593, 3.649999999999999467 ) ;
#8232 = CARTESIAN_POINT ( 'NONE',  ( -1.771168402671605879E-15, 6.965469875665441180, 15.29999999999999893 ) ) ;
#8233 = CARTESIAN_POINT ( 'NONE',  ( -3.372160293666177644, 5.568675347532813902, 7.800000000000000711 ) ) ;
#8234 = AXIS2_PLACEMENT_3D ( 'NONE', #4967, #6693, #2553 ) ;
#8235 = DIRECTION ( 'NONE',  ( -0.000000000000000000, -0.000000000000000000, 1.000000000000000000 ) ) ;
#8236 = CYLINDRICAL_SURFACE ( 'NONE', #7382, 0.1499999999999999667 ) ;
#8237 = EDGE_CURVE ( 'NONE', #10421, #4795, #2252, .T. ) ;
#8238 = ORIENTED_EDGE ( 'NONE', *, *, #3478, .T. ) ;
#8239 = ORIENTED_EDGE ( 'NONE', *, *, #8940, .F. ) ;
#8240 = CARTESIAN_POINT ( 'NONE',  ( -1.399999999999999689, 6.649999999999999467, -0.7729309367425445387 ) ) ;
#8241 = TOROIDAL_SURFACE ( 'NONE', #8416, 0.1299999999999999767, 0.02000000000000000042 ) ;
#8242 =( NAMED_UNIT ( * ) PLANE_ANGLE_UNIT ( ) SI_UNIT ( $, .RADIAN. ) );
#8243 = ORIENTED_EDGE ( 'NONE', *, *, #406, .F. ) ;
#8244 = CIRCLE ( 'NONE', #6628, 7.650000000000000355 ) ;
#8245 = CARTESIAN_POINT ( 'NONE',  ( 2.581372568141801604, 3.153668633940835520, 7.201334804540089785 ) ) ;
#8246 = EDGE_LOOP ( 'NONE', ( #7342, #7333 ) ) ;
#8247 = CARTESIAN_POINT ( 'NONE',  ( -1.379999999999999449, 0.02972972972972962383, -0.1783783783783780552 ) ) ;
#8248 = CARTESIAN_POINT ( 'NONE',  ( 2.153677983850734279, 3.681918150191071604, 7.800000000000000711 ) ) ;
#8249 = EDGE_CURVE ( 'NONE', #4282, #1773, #4760, .T. ) ;
#8250 = ORIENTED_EDGE ( 'NONE', *, *, #2299, .F. ) ;
#8251 = AXIS2_PLACEMENT_3D ( 'NONE', #10621, #950, #8863 ) ;
#8252 = DIRECTION ( 'NONE',  ( 0.9943490029226544902, 0.1061605406293829323, 0.000000000000000000 ) ) ;
#8253 = DIRECTION ( 'NONE',  ( 0.000000000000000000, 1.000000000000000000, -0.000000000000000000 ) ) ;
#8254 = DIRECTION ( 'NONE',  ( -0.9906889957247183576, 0.1361444591232013057, 0.000000000000000000 ) ) ;
#8255 = ORIENTED_EDGE ( 'NONE', *, *, #5184, .T. ) ;
#8256 = ORIENTED_EDGE ( 'NONE', *, *, #169, .T. ) ;
#8257 = VECTOR ( 'NONE', #3713, 1000.000000000000000 ) ;
#8258 = VERTEX_POINT ( 'NONE', #6368 ) ;
#8259 = VECTOR ( 'NONE', #8642, 1000.000000000000114 ) ;
#8260 = CARTESIAN_POINT ( 'NONE',  ( -1.380000000000000115, 8.631655426250501861, -4.400000000000000355 ) ) ;
#8261 = DIRECTION ( 'NONE',  ( -0.4786004400550727955, 0.8780328119034566114, 0.000000000000000000 ) ) ;
#8262 = CARTESIAN_POINT ( 'NONE',  ( -3.976120838953064673, 3.090000000000000746, -3.976120838953062009 ) ) ;
#8263 = ADVANCED_FACE ( 'NONE', ( #6488 ), #3792, .T. ) ;
#8264 = CARTESIAN_POINT ( 'NONE',  ( -1.007663994480476610, 12.46411433246060341, 11.17499999999999893 ) ) ;
#8265 = CARTESIAN_POINT ( 'NONE',  ( 1.390180519077591104, 6.500000000000000000, 4.521998694580438460 ) ) ;
#8266 = DIRECTION ( 'NONE',  ( -1.000000000000000000, 0.000000000000000000, 0.000000000000000000 ) ) ;
#8267 = VERTEX_POINT ( 'NONE', #10829 ) ;
#8268 = CIRCLE ( 'NONE', #11187, 0.02000000000000005246 ) ;
#8269 = DIRECTION ( 'NONE',  ( 1.000000000000000000, 2.168404344971005170E-17, 0.000000000000000000 ) ) ;
#8270 = ORIENTED_EDGE ( 'NONE', *, *, #5934, .F. ) ;
#8271 = AXIS2_PLACEMENT_3D ( 'NONE', #1466, #5873, #4166 ) ;
#8272 = AXIS2_PLACEMENT_3D ( 'NONE', #3456, #10505, #6956 ) ;
#8273 = VERTEX_POINT ( 'NONE', #9975 ) ;
#8274 = PRODUCT_DEFINITION_CONTEXT ( 'detailed design', #6187, 'design' ) ;
#8275 = DIRECTION ( 'NONE',  ( -0.000000000000000000, -0.000000000000000000, -1.000000000000000000 ) ) ;
#8276 = VECTOR ( 'NONE', #3207, 1000.000000000000000 ) ;
#8277 =( NAMED_UNIT ( * ) SI_UNIT ( $, .STERADIAN. ) SOLID_ANGLE_UNIT ( ) );
#8278 = VECTOR ( 'NONE', #10953, 1000.000000000000000 ) ;
#8279 = CARTESIAN_POINT ( 'NONE',  ( -1.771168402671605879E-15, 6.965469875665441180, 11.17499999999999893 ) ) ;
#8280 = ORIENTED_EDGE ( 'NONE', *, *, #1588, .F. ) ;
#8281 = AXIS2_PLACEMENT_3D ( 'NONE', #8392, #9310, #1453 ) ;
#8282 = PRODUCT_RELATED_PRODUCT_CATEGORY ( 'part', '', ( #7956 ) ) ;
#8283 = EDGE_LOOP ( 'NONE', ( #8743, #855, #2251 ) ) ;
#8285 = ADVANCED_FACE ( 'NONE', ( #3040 ), #10030, .T. ) ;
#8284 = CARTESIAN_POINT ( 'NONE',  ( -4.543562660682159304, 2.657682890112502250, 11.17499999999999893 ) ) ;
#8286 = CYLINDRICAL_SURFACE ( 'NONE', #3375, 7.650000000000000355 ) ;
#8287 = ORIENTED_EDGE ( 'NONE', *, *, #10769, .T. ) ;
#8288 = CYLINDRICAL_SURFACE ( 'NONE', #4681, 3.649999999999999467 ) ;
#8289 = EDGE_CURVE ( 'NONE', #1300, #6208, #4987, .T. ) ;
#8290 = ORIENTED_EDGE ( 'NONE', *, *, #7240, .F. ) ;
#8291 = FACE_OUTER_BOUND ( 'NONE', #10734, .T. ) ;
#8292 = ORIENTED_EDGE ( 'NONE', *, *, #8080, .T. ) ;
#8293 = VECTOR ( 'NONE', #578, 1000.000000000000000 ) ;
#8294 = CIRCLE ( 'NONE', #4813, 0.02000000000000005246 ) ;
#8295 = CARTESIAN_POINT ( 'NONE',  ( 1.177310021971325504, 8.566988997091348423, 7.800000000000000711 ) ) ;
#8296 = DIRECTION ( 'NONE',  ( 0.000000000000000000, 0.000000000000000000, -1.000000000000000000 ) ) ;
#8297 = CARTESIAN_POINT ( 'NONE',  ( 0.000000000000000000, 12.50000000000000000, 4.343903740188081564 ) ) ;
#8298 = LINE ( 'NONE', #5774, #8490 ) ;
#8299 = CARTESIAN_POINT ( 'NONE',  ( 1.396794528132544899, 10.33763016933165169, 11.17499999999999893 ) ) ;
#8300 = VERTEX_POINT ( 'NONE', #11222 ) ;
#8301 = ADVANCED_FACE ( 'NONE', ( #6006 ), #4092, .T. ) ;
#8302 = EDGE_LOOP ( 'NONE', ( #1439, #306, #3322, #9527 ) ) ;
#8303 = DIRECTION ( 'NONE',  ( 1.000000000000000000, 0.000000000000000000, 0.000000000000000000 ) ) ;
#8304 = AXIS2_PLACEMENT_3D ( 'NONE', #3226, #8551, #5971 ) ;
#8305 = CIRCLE ( 'NONE', #4123, 0.02000000000000053471 ) ;
#8306 = EDGE_CURVE ( 'NONE', #8808, #3723, #619, .T. ) ;
#8307 = DIRECTION ( 'NONE',  ( 0.6280440846592231230, 0.7781777610061588746, 0.000000000000000000 ) ) ;
#8308 = AXIS2_PLACEMENT_3D ( 'NONE', #4224, #11048, #10355 ) ;
#8309 = ORIENTED_EDGE ( 'NONE', *, *, #10108, .F. ) ;
#8310 = LINE ( 'NONE', #1695, #5345 ) ;
#8311 = DIRECTION ( 'NONE',  ( -0.1061605406293864157, 0.9943490029226541571, 0.000000000000000000 ) ) ;
#8312 = ORIENTED_EDGE ( 'NONE', *, *, #4437, .F. ) ;
#8313 = CARTESIAN_POINT ( 'NONE',  ( 5.107491688851549583, 4.950000000000000178, -2.986171345291879664 ) ) ;
#8314 = DIRECTION ( 'NONE',  ( -1.000000000000000000, -0.000000000000000000, -0.000000000000000000 ) ) ;
#8315 = DIRECTION ( 'NONE',  ( -0.2533391860415135644, 0.9673775151489842905, 0.000000000000000000 ) ) ;
#8316 = ORIENTED_EDGE ( 'NONE', *, *, #8461, .T. ) ;
#8317 = VECTOR ( 'NONE', #3485, 1000.000000000000000 ) ;
#8318 = ORIENTED_EDGE ( 'NONE', *, *, #2120, .F. ) ;
#8319 = VERTEX_POINT ( 'NONE', #4183 ) ;
#8320 = EDGE_CURVE ( 'NONE', #8685, #7844, #9937, .T. ) ;
#8321 = EDGE_CURVE ( 'NONE', #4076, #7788, #73, .T. ) ;
#8322 = CIRCLE ( 'NONE', #272, 0.02000000000000005246 ) ;
#8323 = DIRECTION ( 'NONE',  ( 0.000000000000000000, 0.000000000000000000, 1.000000000000000000 ) ) ;
#8324 = DIRECTION ( 'NONE',  ( 0.000000000000000000, 0.000000000000000000, 1.000000000000000000 ) ) ;
#8325 = CARTESIAN_POINT ( 'NONE',  ( -1.771168402671605879E-15, 6.965469875665441180, 3.675000000000000266 ) ) ;
#8326 = PLANE ( 'NONE',  #10246 ) ;
#8327 = PLANE ( 'NONE',  #9398 ) ;
#8328 = DIRECTION ( 'NONE',  ( 1.000000000000000000, 0.000000000000000000, 0.000000000000000000 ) ) ;
#8329 = VERTEX_POINT ( 'NONE', #7678 ) ;
#8330 = CARTESIAN_POINT ( 'NONE',  ( -2.986171345291897428, 4.950000000000000178, -5.107491688851538925 ) ) ;
#8331 = CARTESIAN_POINT ( 'NONE',  ( 3.412809285801760684, 8.259777713370699104, 3.675000000000000266 ) ) ;
#8332 = AXIS2_PLACEMENT_3D ( 'NONE', #2588, #6079, #8727 ) ;
#8333 = ORIENTED_EDGE ( 'NONE', *, *, #4188, .T. ) ;
#8334 = ORIENTED_EDGE ( 'NONE', *, *, #3809, .F. ) ;
#8335 = EDGE_CURVE ( 'NONE', #7844, #9645, #3319, .T. ) ;
#8336 = DIRECTION ( 'NONE',  ( -0.7967915771908310463, -0.6042542366568464107, 0.000000000000000000 ) ) ;
#8337 = PLANE ( 'NONE',  #11025 ) ;
#8338 = DIRECTION ( 'NONE',  ( -4.945579762210229334E-17, 1.000000000000000000, -0.000000000000000000 ) ) ;
#8339 = ORIENTED_EDGE ( 'NONE', *, *, #9905, .F. ) ;
#8340 = ORIENTED_EDGE ( 'NONE', *, *, #5270, .F. ) ;
#8341 = CARTESIAN_POINT ( 'NONE',  ( 5.107491688851539813, 4.950000000000000178, 2.986171345291895651 ) ) ;
#8342 = DIRECTION ( 'NONE',  ( -0.7071067811865474617, 0.000000000000000000, -0.7071067811865474617 ) ) ;
#8343 = ORIENTED_EDGE ( 'NONE', *, *, #457, .F. ) ;
#8344 = CARTESIAN_POINT ( 'NONE',  ( 1.380560112054757704, 6.500000000000000000, -0.7744648667341185178 ) ) ;
#8345 = ORIENTED_EDGE ( 'NONE', *, *, #1435, .F. ) ;
#8346 = VECTOR ( 'NONE', #1297, 1000.000000000000114 ) ;
#8347 = CARTESIAN_POINT ( 'NONE',  ( 1.399999999999999689, 6.622052172158088723, 0.9406179037940088916 ) ) ;
#8348 = VERTEX_POINT ( 'NONE', #6819 ) ;
#8349 = EDGE_CURVE ( 'NONE', #9811, #1756, #8805, .T. ) ;
#8350 = DIRECTION ( 'NONE',  ( 1.000000000000000000, 0.000000000000000000, 0.000000000000000000 ) ) ;
#8351 = EDGE_CURVE ( 'NONE', #6525, #6176, #9497, .T. ) ;
#8352 = CARTESIAN_POINT ( 'NONE',  ( -4.694468754111173148, 3.930269601434693172, 3.675000000000000266 ) ) ;
#8353 = AXIS2_PLACEMENT_3D ( 'NONE', #2023, #8105, #263 ) ;
#8354 = CARTESIAN_POINT ( 'NONE',  ( 4.555805433952621719, 7.763919350724530766, -2.192314546146025389 ) ) ;
#8355 = CARTESIAN_POINT ( 'NONE',  ( -3.139821971399057610, 1.508500636646441739, -6.976537463425643182 ) ) ;
#8356 = CARTESIAN_POINT ( 'NONE',  ( -3.763140835808880702, 6.903798770585686029, 11.17499999999999893 ) ) ;
#8357 = ORIENTED_EDGE ( 'NONE', *, *, #656, .F. ) ;
#8358 = ORIENTED_EDGE ( 'NONE', *, *, #7031, .T. ) ;
#8359 = CARTESIAN_POINT ( 'NONE',  ( 1.498006739902556284, 10.29390431353657220, 7.800000000000000711 ) ) ;
#8360 = DIRECTION ( 'NONE',  ( 0.6936187941687647074, -0.000000000000000000, -0.7203422578024065714 ) ) ;
#8361 = AXIS2_PLACEMENT_3D ( 'NONE', #1278, #8209, #260 ) ;
#8362 = ADVANCED_FACE ( 'NONE', ( #7738 ), #1546, .F. ) ;
#8363 = CARTESIAN_POINT ( 'NONE',  ( 2.571963978632909154, 3.176175380897986233, 7.204686064820229774 ) ) ;
#8364 = ADVANCED_FACE ( 'NONE', ( #10999 ), #6652, .T. ) ;
#8365 = ORIENTED_EDGE ( 'NONE', *, *, #3768, .T. ) ;
#8366 = DIRECTION ( 'NONE',  ( 0.000000000000000000, 0.000000000000000000, 1.000000000000000000 ) ) ;
#8367 = CARTESIAN_POINT ( 'NONE',  ( -1.380000000000000115, 11.43165542625050435, 5.549999999999999822 ) ) ;
#8368 = ORIENTED_EDGE ( 'NONE', *, *, #6806, .F. ) ;
#8369 = CARTESIAN_POINT ( 'NONE',  ( 2.580939751330912912, 5.105697360666424760E-16, 7.800000000000000711 ) ) ;
#8370 = CARTESIAN_POINT ( 'NONE',  ( 1.961719250185138819, 1.487687874707246394, 3.675000000000000266 ) ) ;
#8371 = EDGE_CURVE ( 'NONE', #5563, #162, #2294, .T. ) ;
#8372 = CARTESIAN_POINT ( 'NONE',  ( 4.926415935006103197, 10.06141304405313797, -2.613951291675112643 ) ) ;
#8373 = EDGE_LOOP ( 'NONE', ( #7009, #586, #7309, #2712 ) ) ;
#8374 = ORIENTED_EDGE ( 'NONE', *, *, #3809, .T. ) ;
#8375 = ORIENTED_EDGE ( 'NONE', *, *, #1624, .F. ) ;
#8376 = CARTESIAN_POINT ( 'NONE',  ( 7.252000366886311333, 3.200000000000000178, -2.435362535369390180 ) ) ;
#8377 = AXIS2_PLACEMENT_3D ( 'NONE', #6608, #1074, #2848 ) ;
#8378 = LINE ( 'NONE', #6827, #5883 ) ;
#8379 = CARTESIAN_POINT ( 'NONE',  ( 2.153677983850733391, 3.681918150191078709, 11.17499999999999893 ) ) ;
#8380 = CARTESIAN_POINT ( 'NONE',  ( -4.433344562587855364, 5.951057409446828927, 2.312024219028143701 ) ) ;
#8381 = CARTESIAN_POINT ( 'NONE',  ( 2.435362535369389292, 3.200000000000000178, -7.252000366886311333 ) ) ;
#8382 = EDGE_CURVE ( 'NONE', #1683, #6668, #7626, .T. ) ;
#8383 = ORIENTED_EDGE ( 'NONE', *, *, #6600, .F. ) ;
#8384 = LINE ( 'NONE', #4564, #150 ) ;
#8385 = FACE_OUTER_BOUND ( 'NONE', #2493, .T. ) ;
#8386 = ORIENTED_EDGE ( 'NONE', *, *, #5851, .T. ) ;
#8387 = ORIENTED_EDGE ( 'NONE', *, *, #2987, .T. ) ;
#8388 = VECTOR ( 'NONE', #8252, 1000.000000000000000 ) ;
#8389 = ORIENTED_EDGE ( 'NONE', *, *, #581, .T. ) ;
#8390 = CARTESIAN_POINT ( 'NONE',  ( -1.771168402671605879E-15, 6.965469875665441180, 15.29999999999999893 ) ) ;
#8391 = PRODUCT_CONTEXT ( 'NONE', #9695, 'mechanical' ) ;
#8392 = CARTESIAN_POINT ( 'NONE',  ( 5.736181009075442816, 7.940490643490770495, -2.454779244514317504 ) ) ;
#8393 = FACE_OUTER_BOUND ( 'NONE', #9472, .T. ) ;
#8394 = CIRCLE ( 'NONE', #10225, 0.1700000000000000122 ) ;
#8395 = ORIENTED_EDGE ( 'NONE', *, *, #2760, .T. ) ;
#8396 = FACE_OUTER_BOUND ( 'NONE', #10107, .T. ) ;
#8397 = CARTESIAN_POINT ( 'NONE',  ( 3.018470195263254219, 3.000000000000000000, 7.029319859012494121 ) ) ;
#8398 = EDGE_CURVE ( 'NONE', #8200, #10217, #3871, .T. ) ;
#8399 = EDGE_LOOP ( 'NONE', ( #5819, #533, #2916, #4911 ) ) ;
#8400 = CARTESIAN_POINT ( 'NONE',  ( 1.385521695682327969, 6.500000000000000000, -0.7880629224027728696 ) ) ;
#8401 = ORIENTED_EDGE ( 'NONE', *, *, #6130, .F. ) ;
#8402 = DIRECTION ( 'NONE',  ( 0.7071067811865474617, 0.000000000000000000, 0.7071067811865474617 ) ) ;
#8403 = ORIENTED_EDGE ( 'NONE', *, *, #7240, .T. ) ;
#8404 = DIRECTION ( 'NONE',  ( 1.000000000000000000, 0.000000000000000000, 0.000000000000000000 ) ) ;
#8405 = DIRECTION ( 'NONE',  ( 0.000000000000000000, -0.7546055221634990762, 0.6561787149247930717 ) ) ;
#8406 = LINE ( 'NONE', #729, #2483 ) ;
#8407 = CARTESIAN_POINT ( 'NONE',  ( 2.435362535369395953, 8.000000000000000000, -7.252000366886309557 ) ) ;
#8408 = DIRECTION ( 'NONE',  ( -0.4786004400550697424, 0.8780328119034582768, 0.000000000000000000 ) ) ;
#8409 = EDGE_CURVE ( 'NONE', #9932, #6009, #6288, .T. ) ;
#8410 = ORIENTED_EDGE ( 'NONE', *, *, #1825, .F. ) ;
#8411 = ORIENTED_EDGE ( 'NONE', *, *, #11314, .T. ) ;
#8412 = CARTESIAN_POINT ( 'NONE',  ( -1.030666926558653025E-16, 6.965469875665441180, 15.29999999999999893 ) ) ;
#8413 = AXIS2_PLACEMENT_3D ( 'NONE', #4157, #4264, #1621 ) ;
#8414 = ADVANCED_FACE ( 'NONE', ( #11281 ), #1881, .T. ) ;
#8415 = LINE ( 'NONE', #6644, #1847 ) ;
#8416 = AXIS2_PLACEMENT_3D ( 'NONE', #3882, #5824, #8296 ) ;
#8417 = CARTESIAN_POINT ( 'NONE',  ( -2.280939751330911314, -4.384530124334557577, 15.29999999999999893 ) ) ;
#8418 = CYLINDRICAL_SURFACE ( 'NONE', #4440, 3.649999999999999467 ) ;
#8419 = ORIENTED_EDGE ( 'NONE', *, *, #11287, .F. ) ;
#8420 = EDGE_CURVE ( 'NONE', #7274, #8685, #10589, .T. ) ;
#8421 = DIRECTION ( 'NONE',  ( -0.7967915771908282707, -0.6042542366568498524, 0.000000000000000000 ) ) ;
#8422 = EDGE_CURVE ( 'NONE', #2148, #138, #4521, .T. ) ;
#8423 = PLANE ( 'NONE',  #852 ) ;
#8424 = CARTESIAN_POINT ( 'NONE',  ( -2.580939751330912468, 4.384530124334555801, 0.2532510153636467476 ) ) ;
#8425 = ORIENTED_EDGE ( 'NONE', *, *, #4201, .F. ) ;
#8426 = EDGE_CURVE ( 'NONE', #5319, #10495, #3433, .T. ) ;
#8427 = ORIENTED_EDGE ( 'NONE', *, *, #4696, .F. ) ;
#8428 = ORIENTED_EDGE ( 'NONE', *, *, #2849, .T. ) ;
#8429 = SURFACE_SIDE_STYLE ('',( #2675 ) ) ;
#8430 = CYLINDRICAL_SURFACE ( 'NONE', #8447, 0.2000000000000002887 ) ;
#8431 = AXIS2_PLACEMENT_3D ( 'NONE', #5299, #3636, #1973 ) ;
#8432 = DIRECTION ( 'NONE',  ( 0.000000000000000000, 0.000000000000000000, 1.000000000000000000 ) ) ;
#8433 = CARTESIAN_POINT ( 'NONE',  ( -2.580939751330911580, 4.384530124334556689, 11.17499999999999893 ) ) ;
#8434 =( BOUNDED_CURVE ( )  B_SPLINE_CURVE ( 3, ( #78, #1662, #3498, #5158 ),
 .UNSPECIFIED., .F., .F. ) 
 B_SPLINE_CURVE_WITH_KNOTS ( ( 4, 4 ),
 ( 3.141592653589793116, 4.712388980384689674 ),
 .UNSPECIFIED. ) 
 CURVE ( )  GEOMETRIC_REPRESENTATION_ITEM ( )  RATIONAL_B_SPLINE_CURVE ( ( 1.000000000000000000, 0.8047378541243649375, 0.8047378541243649375, 1.000000000000000000 ) ) 
 REPRESENTATION_ITEM ( '' )  );
#8435 = DIRECTION ( 'NONE',  ( -0.8631770573194743612, 0.5049013445390029275, 0.000000000000000000 ) ) ;
#8436 = CARTESIAN_POINT ( 'NONE',  ( 2.580939751330913801, -4.384530124334557577, 0.2999999999999999334 ) ) ;
#8437 = DIRECTION ( 'NONE',  ( -0.8707042474709770774, -0.4918069879902070007, 0.000000000000000000 ) ) ;
#8438 = DIRECTION ( 'NONE',  ( -0.000000000000000000, 0.000000000000000000, -1.000000000000000000 ) ) ;
#8439 = VERTEX_POINT ( 'NONE', #5385 ) ;
#8440 = EDGE_CURVE ( 'NONE', #6025, #7223, #869, .T. ) ;
#8441 = EDGE_LOOP ( 'NONE', ( #7675, #7129 ) ) ;
#8442 = VECTOR ( 'NONE', #10882, 1000.000000000000000 ) ;
#8443 = ORIENTED_EDGE ( 'NONE', *, *, #4710, .F. ) ;
#8444 = CIRCLE ( 'NONE', #7344, 3.649999999999999467 ) ;
#8445 = EDGE_CURVE ( 'NONE', #6131, #5568, #4402, .T. ) ;
#8446 = FACE_OUTER_BOUND ( 'NONE', #4773, .T. ) ;
#8447 = AXIS2_PLACEMENT_3D ( 'NONE', #535, #6598, #7574 ) ;
#8448 = DIRECTION ( 'NONE',  ( 1.000000000000000000, 0.000000000000000000, 0.000000000000000000 ) ) ;
#8449 = CYLINDRICAL_SURFACE ( 'NONE', #10818, 0.2999999999999999334 ) ;
#8450 = ORIENTED_EDGE ( 'NONE', *, *, #9405, .F. ) ;
#8451 = ORIENTED_EDGE ( 'NONE', *, *, #10992, .T. ) ;
#8452 = FACE_OUTER_BOUND ( 'NONE', #9443, .T. ) ;
#8453 = VECTOR ( 'NONE', #1524, 1000.000000000000000 ) ;
#8454 = LINE ( 'NONE', #1515, #828 ) ;
#8455 = EDGE_LOOP ( 'NONE', ( #1238, #3189, #7969, #2379 ) ) ;
#8456 = CARTESIAN_POINT ( 'NONE',  ( -2.501810091522907342, 9.623184357312057458, -2.613951291675112643 ) ) ;
#8457 = EDGE_LOOP ( 'NONE', ( #8828, #7258, #2419, #980 ) ) ;
#8458 = CARTESIAN_POINT ( 'NONE',  ( 0.000000000000000000, 8.744846254575030287, -4.451573192761281383 ) ) ;
#8459 = ORIENTED_EDGE ( 'NONE', *, *, #5744, .T. ) ;
#8460 = VECTOR ( 'NONE', #591, 1000.000000000000000 ) ;
#8461 = EDGE_CURVE ( 'NONE', #5092, #10892, #8713, .T. ) ;
#8462 = CARTESIAN_POINT ( 'NONE',  ( 1.399999999999999689, 12.37137186834970137, 1.898837853159277556 ) ) ;
#8463 = EDGE_CURVE ( 'NONE', #2265, #6, #1767, .T. ) ;
#8464 = CARTESIAN_POINT ( 'NONE',  ( -3.262446522120520331, 1.546643593403175920, 6.919607353035441832 ) ) ;
#8465 = CARTESIAN_POINT ( 'NONE',  ( -1.264503870837300870, 4.828517181176895434, 11.17499999999999893 ) ) ;
#8466 = CARTESIAN_POINT ( 'NONE',  ( -2.141670180522094569, 8.493636281545670741, -2.457261515329064672 ) ) ;
#8467 = DIRECTION ( 'NONE',  ( 0.000000000000000000, -0.6561787149247862994, -0.7546055221635049604 ) ) ;
#8468 = ORIENTED_EDGE ( 'NONE', *, *, #9187, .T. ) ;
#8469 = EDGE_LOOP ( 'NONE', ( #1543, #8113, #5208, #6287 ) ) ;
#8470 = LINE ( 'NONE', #7613, #5284 ) ;
#8471 = AXIS2_PLACEMENT_3D ( 'NONE', #182, #2116, #7168 ) ;
#8472 = DIRECTION ( 'NONE',  ( -0.9592845720430316359, 0.2824413387594271740, 0.000000000000000000 ) ) ;
#8473 = DIRECTION ( 'NONE',  ( 1.000000000000000000, -0.000000000000000000, 0.000000000000000000 ) ) ;
#8474 = ADVANCED_FACE ( 'NONE', ( #1820 ), #1031, .F. ) ;
#8475 = VECTOR ( 'NONE', #11203, 1000.000000000000000 ) ;
#8476 = VECTOR ( 'NONE', #5673, 999.9999999999998863 ) ;
#8477 = DIRECTION ( 'NONE',  ( 0.000000000000000000, 0.000000000000000000, -1.000000000000000000 ) ) ;
#8478 = DIRECTION ( 'NONE',  ( 0.7967915771908310463, 0.6042542366568464107, -0.000000000000000000 ) ) ;
#8479 = ORIENTED_EDGE ( 'NONE', *, *, #6500, .T. ) ;
#8480 = DIRECTION ( 'NONE',  ( -1.000000000000000000, 0.000000000000000000, 0.000000000000000000 ) ) ;
#8481 = CARTESIAN_POINT ( 'NONE',  ( 4.046831517071719730, 0.000000000000000000, 4.046831517071717066 ) ) ;
#8482 = CARTESIAN_POINT ( 'NONE',  ( -4.926415935006080105, 3.869526707277708422, -2.613951291675112643 ) ) ;
#8483 = VECTOR ( 'NONE', #7036, 1000.000000000000000 ) ;
#8484 = ORIENTED_EDGE ( 'NONE', *, *, #730, .T. ) ;
#8485 = ORIENTED_EDGE ( 'NONE', *, *, #8201, .F. ) ;
#8486 = ORIENTED_EDGE ( 'NONE', *, *, #9783, .T. ) ;
#8487 = AXIS2_PLACEMENT_3D ( 'NONE', #9733, #9616, #175 ) ;
#8488 = EDGE_CURVE ( 'NONE', #6712, #2482, #3659, .T. ) ;
#8489 = CARTESIAN_POINT ( 'NONE',  ( 5.498644456795165780, 7.973133870145905355, 3.675000000000000266 ) ) ;
#8490 = VECTOR ( 'NONE', #9278, 1000.000000000000000 ) ;
#8491 = EDGE_CURVE ( 'NONE', #1620, #3265, #10862, .T. ) ;
#8492 = CARTESIAN_POINT ( 'NONE',  ( -0.9207303298070397268, 8.623988536384677772, 7.800000000000000711 ) ) ;
#8493 = DIRECTION ( 'NONE',  ( 1.000000000000000000, 0.000000000000000000, 0.000000000000000000 ) ) ;
#8494 = FACE_OUTER_BOUND ( 'NONE', #7374, .T. ) ;
#8495 = DIRECTION ( 'NONE',  ( 0.000000000000000000, 0.000000000000000000, 1.000000000000000000 ) ) ;
#8496 = VECTOR ( 'NONE', #5283, 1000.000000000000114 ) ;
#8497 = LINE ( 'NONE', #10164, #7096 ) ;
#8498 = CARTESIAN_POINT ( 'NONE',  ( -1.771168402671605879E-15, 6.965469875665441180, 15.29999999999999893 ) ) ;
#8499 = EDGE_LOOP ( 'NONE', ( #2922, #1668, #9701, #1898, #9559, #9679 ) ) ;
#8500 = VERTEX_POINT ( 'NONE', #10480 ) ;
#8501 = CIRCLE ( 'NONE', #466, 0.02000000000000005246 ) ;
#8502 = ORIENTED_EDGE ( 'NONE', *, *, #460, .F. ) ;
#8503 = ADVANCED_FACE ( 'NONE', ( #2801 ), #7906, .T. ) ;
#8504 = DIRECTION ( 'NONE',  ( -0.000000000000000000, -0.000000000000000000, -1.000000000000000000 ) ) ;
#8505 = EDGE_CURVE ( 'NONE', #5931, #5644, #6181, .T. ) ;
#8506 = CARTESIAN_POINT ( 'NONE',  ( 1.379999999999999671, 0.02644174998362252768, -0.1586504999017351591 ) ) ;
#8507 = DIRECTION ( 'NONE',  ( 0.2533391860415180052, -0.9673775151489830693, 0.000000000000000000 ) ) ;
#8508 = VERTEX_POINT ( 'NONE', #978 ) ;
#8509 = CIRCLE ( 'NONE', #8332, 0.01999999999999996225 ) ;
#8510 = VERTEX_POINT ( 'NONE', #3607 ) ;
#8511 = CYLINDRICAL_SURFACE ( 'NONE', #1455, 3.649999999999999467 ) ;
#8512 = CYLINDRICAL_SURFACE ( 'NONE', #10699, 0.02000000000000053471 ) ;
#8513 = ORIENTED_EDGE ( 'NONE', *, *, #5298, .F. ) ;
#8514 = DIRECTION ( 'NONE',  ( 0.9673775151489821811, 0.2533391860415217245, 0.000000000000000000 ) ) ;
#8515 = EDGE_LOOP ( 'NONE', ( #8256, #10799 ) ) ;
#8516 = ADVANCED_FACE ( 'NONE', ( #5268 ), #7104, .T. ) ;
#8517 = CARTESIAN_POINT ( 'NONE',  ( -3.412809285801754910, 5.671162037960161051, 11.17499999999999893 ) ) ;
#8518 = ORIENTED_EDGE ( 'NONE', *, *, #4461, .T. ) ;
#8519 = CARTESIAN_POINT ( 'NONE',  ( -2.435362535369391956, 3.176207172489686759, 7.252000366886312221 ) ) ;
#8520 = CARTESIAN_POINT ( 'NONE',  ( 0.000000000000000000, 1.500000000000000444, 0.000000000000000000 ) ) ;
#8521 = LINE ( 'NONE', #4167, #3160 ) ;
#8522 = CARTESIAN_POINT ( 'NONE',  ( -1.771168402671605879E-15, 6.965469875665441180, 15.29999999999999893 ) ) ;
#8523 = AXIS2_PLACEMENT_3D ( 'NONE', #3186, #10121, #559 ) ;
#8524 = DIRECTION ( 'NONE',  ( 0.000000000000000000, 0.000000000000000000, 1.000000000000000000 ) ) ;
#8525 = MANIFOLD_SOLID_BREP ( 'Revolve1[2]', #4235 ) ;
#8526 = EDGE_LOOP ( 'NONE', ( #10173, #5029, #8653, #2638 ) ) ;
#8527 = ORIENTED_EDGE ( 'NONE', *, *, #5436, .F. ) ;
#8528 = EDGE_CURVE ( 'NONE', #3339, #5483, #9797, .T. ) ;
#8529 = CARTESIAN_POINT ( 'NONE',  ( -2.501810091522905566, 9.623184357312057458, 3.675000000000000266 ) ) ;
#8530 = AXIS2_PLACEMENT_3D ( 'NONE', #319, #543, #372 ) ;
#8531 = CARTESIAN_POINT ( 'NONE',  ( -3.372160293666174535, 5.568675347532813014, 0.000000000000000000 ) ) ;
#8532 = CARTESIAN_POINT ( 'NONE',  ( -4.694468754111172260, 3.930269601434686066, 3.675000000000000266 ) ) ;
#8533 = DIRECTION ( 'NONE',  ( -0.8780328119034565004, -0.4786004400550726290, 0.000000000000000000 ) ) ;
#8534 = ORIENTED_EDGE ( 'NONE', *, *, #27, .T. ) ;
#8535 = FACE_OUTER_BOUND ( 'NONE', #4884, .T. ) ;
#8536 = DIRECTION ( 'NONE',  ( -1.000000000000000000, 0.000000000000000000, 0.000000000000000000 ) ) ;
#8537 = VECTOR ( 'NONE', #10718, 1000.000000000000000 ) ;
#8538 = ADVANCED_FACE ( 'NONE', ( #6473 ), #6479, .T. ) ;
#8539 = CARTESIAN_POINT ( 'NONE',  ( -2.353341366820553837, 4.173895918532291027, -1.524659305057739994E-17 ) ) ;
#8540 = ORIENTED_EDGE ( 'NONE', *, *, #5311, .T. ) ;
#8541 = EDGE_LOOP ( 'NONE', ( #5942, #9449, #210, #9104, #3493, #6786 ) ) ;
#8542 = ORIENTED_EDGE ( 'NONE', *, *, #4873, .F. ) ;
#8543 = CARTESIAN_POINT ( 'NONE',  ( 3.175602739079013581, 11.56612470205379140, 7.800000000000000711 ) ) ;
#8544 = CARTESIAN_POINT ( 'NONE',  ( 2.580939751330914689, -4.384530124334556689, 0.2999999999999999334 ) ) ;
#8545 = LINE ( 'NONE', #2302, #1680 ) ;
#8546 = LINE ( 'NONE', #1443, #192 ) ;
#8547 = DIRECTION ( 'NONE',  ( 0.7967915771908303801, 0.6042542366568471879, -0.000000000000000000 ) ) ;
#8548 = VERTEX_POINT ( 'NONE', #5609 ) ;
#8549 = EDGE_CURVE ( 'NONE', #9644, #992, #7442, .T. ) ;
#8550 = PLANE ( 'NONE',  #5638 ) ;
#8551 = DIRECTION ( 'NONE',  ( -0.000000000000000000, -0.000000000000000000, -1.000000000000000000 ) ) ;
#8552 = ORIENTED_EDGE ( 'NONE', *, *, #11021, .F. ) ;
#8553 = VERTEX_POINT ( 'NONE', #467 ) ;
#8554 = EDGE_CURVE ( 'NONE', #1972, #5042, #3952, .T. ) ;
#8555 = VERTEX_POINT ( 'NONE', #1997 ) ;
#8556 = AXIS2_PLACEMENT_3D ( 'NONE', #6284, #10958, #1929 ) ;
#8557 = CARTESIAN_POINT ( 'NONE',  ( 9.368548013477250272E-16, 6.500000000000000000, 7.650000000000000355 ) ) ;
#8558 = MANIFOLD_SOLID_BREP ( 'Revolve1[1]', #3140 ) ;
#8559 = CARTESIAN_POINT ( 'NONE',  ( -2.966664951328131128, 4.978965517241379146, -5.087985294887771737 ) ) ;
#8560 = CARTESIAN_POINT ( 'NONE',  ( -3.035200274230730688, 11.65993862977662765, 11.17499999999999893 ) ) ;
#8561 = ORIENTED_EDGE ( 'NONE', *, *, #3795, .F. ) ;
#8562 = DIRECTION ( 'NONE',  ( -0.000000000000000000, -0.000000000000000000, -1.000000000000000000 ) ) ;
#8563 = CARTESIAN_POINT ( 'NONE',  ( -2.563449210601385975, 7.557729844653361617, 0.000000000000000000 ) ) ;
#8564 = ORIENTED_EDGE ( 'NONE', *, *, #8349, .T. ) ;
#8565 = AXIS2_PLACEMENT_3D ( 'NONE', #302, #2062, #7335 ) ;
#8566 = DIRECTION ( 'NONE',  ( 0.000000000000000000, 0.000000000000000000, 1.000000000000000000 ) ) ;
#8567 = EDGE_LOOP ( 'NONE', ( #681, #8977, #7951, #8051 ) ) ;
#8568 = EDGE_CURVE ( 'NONE', #4237, #9141, #1313, .T. ) ;
#8569 = EDGE_CURVE ( 'NONE', #3814, #9860, #2222, .T. ) ;
#8570 = ORIENTED_EDGE ( 'NONE', *, *, #9704, .T. ) ;
#8571 = DIRECTION ( 'NONE',  ( -0.000000000000000000, -0.000000000000000000, -1.000000000000000000 ) ) ;
#8572 = AXIS2_PLACEMENT_3D ( 'NONE', #8412, #3254, #3137 ) ;
#8573 = CARTESIAN_POINT ( 'NONE',  ( 4.501358611527429332, 5.577406509138420176, 3.675000000000000266 ) ) ;
#8574 = CARTESIAN_POINT ( 'NONE',  ( 2.179449471770337432, 1.500000000000000444, -4.500000000000000000 ) ) ;
#8575 = DIRECTION ( 'NONE',  ( -1.000000000000000000, 0.000000000000000000, 0.000000000000000000 ) ) ;
#8576 = FACE_OUTER_BOUND ( 'NONE', #1005, .T. ) ;
#8577 = MANIFOLD_SOLID_BREP ( 'Fillet1', #10638 ) ;
#8578 = ORIENTED_EDGE ( 'NONE', *, *, #2890, .F. ) ;
#8579 = ORIENTED_EDGE ( 'NONE', *, *, #167, .F. ) ;
#8580 = FACE_OUTER_BOUND ( 'NONE', #5476, .T. ) ;
#8581 = AXIS2_PLACEMENT_3D ( 'NONE', #3832, #1203, #8941 ) ;
#8582 = CARTESIAN_POINT ( 'NONE',  ( 4.926415935006096092, 10.06141304405314152, -2.613951291675112643 ) ) ;
#8583 = ADVANCED_FACE ( 'NONE', ( #6805 ), #2863, .T. ) ;
#8584 = PRODUCT ( 'Part1^HJOINT_assem_NewConnect', 'Part1^HJOINT_assem_NewConnect', '', ( #6728 ) ) ;
#8585 = DIRECTION ( 'NONE',  ( 0.000000000000000000, 0.000000000000000000, 1.000000000000000000 ) ) ;
#8586 = EDGE_CURVE ( 'NONE', #9768, #1822, #7022, .T. ) ;
#8587 = LINE ( 'NONE', #8707, #946 ) ;
#8588 = FILL_AREA_STYLE_COLOUR ( '', #5540 ) ;
#8589 = VECTOR ( 'NONE', #1001, 1000.000000000000114 ) ;
#8590 = ORIENTED_EDGE ( 'NONE', *, *, #2205, .F. ) ;
#8591 = LINE ( 'NONE', #6707, #5079 ) ;
#8592 = CARTESIAN_POINT ( 'NONE',  ( -0.2114695168097532052, 0.06226278955716994801, 3.675000000000000266 ) ) ;
#8593 = DIRECTION ( 'NONE',  ( 0.000000000000000000, 0.000000000000000000, 1.000000000000000000 ) ) ;
#8594 = ORIENTED_EDGE ( 'NONE', *, *, #215, .F. ) ;
#8595 = VERTEX_POINT ( 'NONE', #2448 ) ;
#8596 = VERTEX_POINT ( 'NONE', #2337 ) ;
#8597 = VECTOR ( 'NONE', #6377, 1000.000000000000000 ) ;
#8598 = CARTESIAN_POINT ( 'NONE',  ( 0.000000000000000000, 0.000000000000000000, 4.400000000000000355 ) ) ;
#8599 = ADVANCED_FACE ( 'NONE', ( #11154 ), #4173, .T. ) ;
#8600 = CARTESIAN_POINT ( 'NONE',  ( -1.379999999999999671, 6.622052172158088723, 0.9406179037940091137 ) ) ;
#8601 = CARTESIAN_POINT ( 'NONE',  ( 3.976120838953064673, 3.090000000000000746, 3.976120838953062009 ) ) ;
#8602 = DIRECTION ( 'NONE',  ( -0.8780328119034556122, -0.4786004400550746274, 0.000000000000000000 ) ) ;
#8603 = CARTESIAN_POINT ( 'NONE',  ( 1.379999999999999671, 12.34999999999999964, 2.027069063257455728 ) ) ;
#8604 = ORIENTED_EDGE ( 'NONE', *, *, #977, .F. ) ;
#8605 = DIRECTION ( 'NONE',  ( 0.7071067811865500152, 0.000000000000000000, -0.7071067811865451302 ) ) ;
#8606 = FACE_OUTER_BOUND ( 'NONE', #9448, .T. ) ;
#8607 = ORIENTED_EDGE ( 'NONE', *, *, #7475, .F. ) ;
#8608 = CIRCLE ( 'NONE', #8066, 3.649999999999999467 ) ;
#8609 = EDGE_LOOP ( 'NONE', ( #3687, #2307, #7454, #344 ) ) ;
#8610 = ORIENTED_EDGE ( 'NONE', *, *, #8747, .F. ) ;
#8611 = AXIS2_PLACEMENT_3D ( 'NONE', #7253, #5524, #2086 ) ;
#8612 = DIRECTION ( 'NONE',  ( 0.000000000000000000, 0.000000000000000000, -1.000000000000000000 ) ) ;
#8613 = EDGE_CURVE ( 'NONE', #1972, #7539, #3138, .T. ) ;
#8614 = SHAPE_DEFINITION_REPRESENTATION ( #2021, #7635 ) ;
#8615 = AXIS2_PLACEMENT_3D ( 'NONE', #7361, #1289, #9027 ) ;
#8616 = DIRECTION ( 'NONE',  ( 0.000000000000000000, 0.6561787149247862994, -0.7546055221635049604 ) ) ;
#8617 = CARTESIAN_POINT ( 'NONE',  ( -1.379999999999999671, 6.500000000000000000, -0.7729309367425445387 ) ) ;
#8618 = ORIENTED_EDGE ( 'NONE', *, *, #9997, .T. ) ;
#8619 = CARTESIAN_POINT ( 'NONE',  ( 2.580939751330874721, 9.546409626996361197, 7.800000000000000711 ) ) ;
#8620 = FACE_OUTER_BOUND ( 'NONE', #2225, .T. ) ;
#8621 = ORIENTED_EDGE ( 'NONE', *, *, #10946, .T. ) ;
#8623 = CARTESIAN_POINT ( 'NONE',  ( 5.465701386268194462, 5.792189881732849877, 3.675000000000000266 ) ) ;
#8622 = AXIS2_PLACEMENT_3D ( 'NONE', #2001, #72, #8082 ) ;
#8624 = ORIENTED_EDGE ( 'NONE', *, *, #10813, .F. ) ;
#8625 = ORIENTED_EDGE ( 'NONE', *, *, #520, .F. ) ;
#8626 = AXIS2_PLACEMENT_3D ( 'NONE', #4598, #9013, #10778 ) ;
#8627 = CARTESIAN_POINT ( 'NONE',  ( 0.000000000000000000, 7.500000000000000000, 0.000000000000000000 ) ) ;
#8628 = VECTOR ( 'NONE', #8585, 1000.000000000000000 ) ;
#8629 = EDGE_CURVE ( 'NONE', #3610, #5958, #1424, .T. ) ;
#8630 = LINE ( 'NONE', #8573, #9360 ) ;
#8631 = VECTOR ( 'NONE', #10793, 1000.000000000000000 ) ;
#8632 = CARTESIAN_POINT ( 'NONE',  ( 1.399999999999999689, 6.500000000000000000, 0.8529309367425446098 ) ) ;
#8633 = ADVANCED_FACE ( 'NONE', ( #6867 ), #2285, .F. ) ;
#8634 = FACE_OUTER_BOUND ( 'NONE', #6976, .T. ) ;
#8635 = CARTESIAN_POINT ( 'NONE',  ( -2.580939751330913801, -4.384530124334558465, 0.2999999999999999334 ) ) ;
#8636 = ORIENTED_EDGE ( 'NONE', *, *, #10673, .T. ) ;
#8637 = ORIENTED_EDGE ( 'NONE', *, *, #6874, .T. ) ;
#8638 = PRESENTATION_STYLE_ASSIGNMENT (( #5944 ) ) ;
#8639 = CIRCLE ( 'NONE', #6804, 3.649999999999999467 ) ;
#8640 = LINE ( 'NONE', #5257, #1906 ) ;
#8641 = CIRCLE ( 'NONE', #7902, 3.649999999999999467 ) ;
#8642 = DIRECTION ( 'NONE',  ( 0.4853175911454119529, -0.8743379413732510486, 0.000000000000000000 ) ) ;
#8643 = AXIS2_PLACEMENT_3D ( 'NONE', #2341, #9166, #8477 ) ;
#8644 = ADVANCED_FACE ( 'NONE', ( #10300 ), #5945, .T. ) ;
#8645 = AXIS2_PLACEMENT_3D ( 'NONE', #2018, #10729, #1224 ) ;
#8646 = CARTESIAN_POINT ( 'NONE',  ( 2.986171345291897428, 4.950000000000000178, 5.107491688851538925 ) ) ;
#8647 =( NAMED_UNIT ( * ) PLANE_ANGLE_UNIT ( ) SI_UNIT ( $, .RADIAN. ) );
#8648 = AXIS2_PLACEMENT_3D ( 'NONE', #3007, #9882, #1236 ) ;
#8649 = ORIENTED_EDGE ( 'NONE', *, *, #10946, .F. ) ;
#8650 = CYLINDRICAL_SURFACE ( 'NONE', #8211, 3.649999999999999467 ) ;
#8651 = DIRECTION ( 'NONE',  ( 1.000000000000000000, -2.891205793294679017E-15, 0.000000000000000000 ) ) ;
#8652 = CARTESIAN_POINT ( 'NONE',  ( 1.379999999999999671, 6.500000000000000000, -4.549999999999999822 ) ) ;
#8653 = ORIENTED_EDGE ( 'NONE', *, *, #9343, .T. ) ;
#8654 = EDGE_CURVE ( 'NONE', #3435, #7763, #2390, .T. ) ;
#8655 = ORIENTED_EDGE ( 'NONE', *, *, #6974, .T. ) ;
#8656 = VERTEX_POINT ( 'NONE', #8529 ) ;
#8657 = AXIS2_PLACEMENT_3D ( 'NONE', #1430, #11053, #3208 ) ;
#8658 = B_SPLINE_CURVE_WITH_KNOTS ( 'NONE', 3,
 ( #10427, #2584, #9744, #1777, #4306, #5275, #6076, #2750, #8724, #1892 ),
 .UNSPECIFIED., .F., .F.,
 ( 4, 2, 2, 2, 4 ),
 ( 0.000000000000000000, 0.0002774483335560877159, 0.0004161725003341309233, 0.0004855345837231522560, 0.0005548966671121735887 ),
 .UNSPECIFIED. ) ;
#8659 = AXIS2_PLACEMENT_3D ( 'NONE', #824, #6945, #6314 ) ;
#8660 = DIRECTION ( 'NONE',  ( 0.000000000000000000, 0.000000000000000000, 1.000000000000000000 ) ) ;
#8661 = DIRECTION ( 'NONE',  ( -0.000000000000000000, 0.000000000000000000, 1.000000000000000000 ) ) ;
#8662 = CARTESIAN_POINT ( 'NONE',  ( 1.399999999999999689, 12.48000000000000220, 2.027069063257455728 ) ) ;
#8663 = CARTESIAN_POINT ( 'NONE',  ( -2.280939751330911314, -4.084530124334557755, 15.00000000000000000 ) ) ;
#8664 = AXIS2_PLACEMENT_3D ( 'NONE', #3428, #9442, #7673 ) ;
#8665 = ORIENTED_EDGE ( 'NONE', *, *, #3048, .F. ) ;
#8666 = DIRECTION ( 'NONE',  ( 1.000000000000000000, 0.000000000000000000, 0.000000000000000000 ) ) ;
#8667 = FACE_OUTER_BOUND ( 'NONE', #2514, .T. ) ;
#8668 = ORIENTED_EDGE ( 'NONE', *, *, #10447, .F. ) ;
#8669 = AXIS2_PLACEMENT_3D ( 'NONE', #10537, #5442, #6302 ) ;
#8670 = ADVANCED_FACE ( 'NONE', ( #9224 ), #1362, .T. ) ;
#8671 = VERTEX_POINT ( 'NONE', #6643 ) ;
#8672 = EDGE_CURVE ( 'NONE', #2938, #8555, #519, .T. ) ;
#8673 = ORIENTED_EDGE ( 'NONE', *, *, #406, .T. ) ;
#8674 = CIRCLE ( 'NONE', #6482, 3.649999999999999467 ) ;
#8675 = AXIS2_PLACEMENT_3D ( 'NONE', #5989, #5025, #7775 ) ;
#8676 = CARTESIAN_POINT ( 'NONE',  ( -3.412809285801754466, 5.671162037960158386, 7.800000000000000711 ) ) ;
#8677 = VECTOR ( 'NONE', #1985, 1000.000000000000000 ) ;
#8678 = CARTESIAN_POINT ( 'NONE',  ( -2.580939751330912912, -2.003873909248936602, 15.00000000000000000 ) ) ;
#8679 = DIRECTION ( 'NONE',  ( 0.2533391860415180052, -0.9673775151489831803, 0.000000000000000000 ) ) ;
#8680 = ORIENTED_EDGE ( 'NONE', *, *, #2027, .F. ) ;
#8681 = CARTESIAN_POINT ( 'NONE',  ( 3.405877273185280885, 1.699999999999999734, 6.850000000000000533 ) ) ;
#8682 = CARTESIAN_POINT ( 'NONE',  ( -2.966664951328182642, 4.978965517241378258, 5.087985294887742427 ) ) ;
#8683 = ORIENTED_EDGE ( 'NONE', *, *, #5762, .F. ) ;
#8684 = LINE ( 'NONE', #5930, #118 ) ;
#8685 = VERTEX_POINT ( 'NONE', #10989 ) ;
#8686 = EDGE_CURVE ( 'NONE', #3436, #4199, #5780, .T. ) ;
#8687 = ORIENTED_EDGE ( 'NONE', *, *, #8736, .T. ) ;
#8688 = CIRCLE ( 'NONE', #9591, 0.1499999999999999667 ) ;
#8689 = DIRECTION ( 'NONE',  ( -0.000000000000000000, -0.000000000000000000, -1.000000000000000000 ) ) ;
#8690 = AXIS2_PLACEMENT_3D ( 'NONE', #10901, #10956, #428 ) ;
#8691 = CARTESIAN_POINT ( 'NONE',  ( -3.055708360304932203, 1.499999999999999556, 7.013831087634018857 ) ) ;
#8692 = CARTESIAN_POINT ( 'NONE',  ( 2.571963978632909598, 3.200000000000000178, 7.204686064820227109 ) ) ;
#8693 = CARTESIAN_POINT ( 'NONE',  ( -1.400000000000000133, 12.48000000000000043, -4.343903740188082452 ) ) ;
#8694 = ORIENTED_EDGE ( 'NONE', *, *, #6216, .T. ) ;
#8695 = LINE ( 'NONE', #7502, #964 ) ;
#8696 = CARTESIAN_POINT ( 'NONE',  ( 2.192314546146025389, 7.763919350724530766, 4.555805433952621719 ) ) ;
#8697 = LINE ( 'NONE', #6748, #5368 ) ;
#8698 = ORIENTED_EDGE ( 'NONE', *, *, #1851, .T. ) ;
#8699 = ORIENTED_EDGE ( 'NONE', *, *, #3609, .T. ) ;
#8700 = DIRECTION ( 'NONE',  ( -0.4876598490941711495, -0.7241379310344820963, -0.4876598490941711495 ) ) ;
#8701 = EDGE_CURVE ( 'NONE', #8873, #202, #4062, .T. ) ;
#8702 = LINE ( 'NONE', #6977, #6856 ) ;
#8703 = CIRCLE ( 'NONE', #4301, 5.000000000000000000 ) ;
#8704 = EDGE_CURVE ( 'NONE', #4795, #10603, #3255, .T. ) ;
#8705 = DIRECTION ( 'NONE',  ( -0.000000000000000000, 0.000000000000000000, 1.000000000000000000 ) ) ;
#8706 = TOROIDAL_SURFACE ( 'NONE', #5221, 5.500000000000000000, 0.5000000000000000000 ) ;
#8707 = CARTESIAN_POINT ( 'NONE',  ( 4.745536286357737055, 3.598821182761699156, 11.17499999999999893 ) ) ;
#8708 = DIRECTION ( 'NONE',  ( -1.000000000000000000, -2.168404344971008252E-17, -8.673617379884035472E-17 ) ) ;
#8709 = ORIENTED_EDGE ( 'NONE', *, *, #9228, .F. ) ;
#8710 = DIRECTION ( 'NONE',  ( -1.000000000000000000, -1.978231904884091733E-16, 0.000000000000000000 ) ) ;
#8711 = CARTESIAN_POINT ( 'NONE',  ( -1.294307837705266584, 10.37827916146720142, 11.17499999999999893 ) ) ;
#8712 = B_SPLINE_CURVE_WITH_KNOTS ( 'NONE', 3,
 ( #7599, #5868, #11140, #10286, #4325, #3408, #5240, #2434, #6908, #10392 ),
 .UNSPECIFIED., .F., .F.,
 ( 4, 2, 2, 2, 4 ),
 ( 8.673617379884035472E-19, 0.0002774483335560882580, 0.0004161725003341315739, 0.0004855345837231535571, 0.0005548966671121755402 ),
 .UNSPECIFIED. ) ;
#8713 = LINE ( 'NONE', #7967, #2818 ) ;
#8714 = EDGE_CURVE ( 'NONE', #6009, #9932, #5559, .T. ) ;
#8715 = ORIENTED_EDGE ( 'NONE', *, *, #8736, .F. ) ;
#8716 = AXIS2_PLACEMENT_3D ( 'NONE', #3241, #11193, #9474 ) ;
#8717 = EDGE_CURVE ( 'NONE', #4905, #5854, #116, .T. ) ;
#8718 = EDGE_LOOP ( 'NONE', ( #6669, #655, #3908, #3719 ) ) ;
#8719 = FACE_OUTER_BOUND ( 'NONE', #10420, .T. ) ;
#8720 = CIRCLE ( 'NONE', #7615, 0.1499999999999999667 ) ;
#8721 = CARTESIAN_POINT ( 'NONE',  ( -1.399999999999999911, 6.649999999999999467, -4.549999999999999822 ) ) ;
#8722 = EDGE_CURVE ( 'NONE', #440, #3923, #3595, .T. ) ;
#8723 = FACE_OUTER_BOUND ( 'NONE', #8718, .T. ) ;
#8724 = CARTESIAN_POINT ( 'NONE',  ( 3.405877273185284881, 1.676175380897986900, -6.849999999999997868 ) ) ;
#8725 = CARTESIAN_POINT ( 'NONE',  ( 1.379999999999999671, 6.625340151904196340, 0.9208900253173660788 ) ) ;
#8726 = ORIENTED_EDGE ( 'NONE', *, *, #6885, .F. ) ;
#8727 = DIRECTION ( 'NONE',  ( 0.000000000000000000, -0.7546055221635206145, -0.6561787149247685358 ) ) ;
#8728 = DIRECTION ( 'NONE',  ( -0.7781777610061624273, 0.6280440846592187931, 0.000000000000000000 ) ) ;
#8729 = VERTEX_POINT ( 'NONE', #4285 ) ;
#8730 = ORIENTED_EDGE ( 'NONE', *, *, #8371, .T. ) ;
#8731 = PLANE ( 'NONE',  #5755 ) ;
#8732 = ORIENTED_EDGE ( 'NONE', *, *, #3454, .F. ) ;
#8733 = CIRCLE ( 'NONE', #7445, 1.650000000000000355 ) ;
#8734 = CARTESIAN_POINT ( 'NONE',  ( 4.460905893435742620, 2.431562345619206589, 3.675000000000000266 ) ) ;
#8735 = CARTESIAN_POINT ( 'NONE',  ( -1.771168402671605879E-15, 6.965469875665441180, 0.000000000000000000 ) ) ;
#8736 = EDGE_CURVE ( 'NONE', #11205, #1513, #7093, .T. ) ;
#8737 = DIRECTION ( 'NONE',  ( -0.9943490029226534910, -0.1061605406293919668, 0.000000000000000000 ) ) ;
#8738 = DIRECTION ( 'NONE',  ( 0.000000000000000000, 0.000000000000000000, -1.000000000000000000 ) ) ;
#8739 = DIRECTION ( 'NONE',  ( -0.6042542366568471879, 0.7967915771908303801, 0.000000000000000000 ) ) ;
#8740 = ORIENTED_EDGE ( 'NONE', *, *, #8409, .T. ) ;
#8741 = LINE ( 'NONE', #203, #9814 ) ;
#8742 = ORIENTED_EDGE ( 'NONE', *, *, #2677, .F. ) ;
#8743 = ORIENTED_EDGE ( 'NONE', *, *, #8098, .T. ) ;
#8744 = FACE_OUTER_BOUND ( 'NONE', #3136, .T. ) ;
#8745 = DIRECTION ( 'NONE',  ( 0.4853175911454119529, 0.8743379413732510486, 0.000000000000000000 ) ) ;
#8746 = DIRECTION ( 'NONE',  ( 0.9906889957247193568, -0.1361444591231944223, 0.000000000000000000 ) ) ;
#8747 = EDGE_CURVE ( 'NONE', #9687, #9867, #9410, .T. ) ;
#8748 = AXIS2_PLACEMENT_3D ( 'NONE', #1019, #8930, #7467 ) ;
#8749 = UNCERTAINTY_MEASURE_WITH_UNIT (LENGTH_MEASURE( 1.000000000000000082E-05 ), #6866, 'distance_accuracy_value', 'NONE');
#8750 = ORIENTED_EDGE ( 'NONE', *, *, #9308, .F. ) ;
#8751 = DIRECTION ( 'NONE',  ( 1.000000000000000000, 0.000000000000000000, 0.000000000000000000 ) ) ;
#8752 = DIRECTION ( 'NONE',  ( 0.000000000000000000, 0.000000000000000000, 1.000000000000000000 ) ) ;
#8753 = CARTESIAN_POINT ( 'NONE',  ( 0.000000000000000000, 8.000000000000000000, 0.000000000000000000 ) ) ;
#8754 = ORIENTED_EDGE ( 'NONE', *, *, #6171, .F. ) ;
#8755 = ORIENTED_EDGE ( 'NONE', *, *, #4125, .F. ) ;
#8756 = DIRECTION ( 'NONE',  ( 0.7071067811865474617, 0.000000000000000000, 0.7071067811865474617 ) ) ;
#8757 = DIRECTION ( 'NONE',  ( 0.000000000000000000, -1.000000000000000000, 0.000000000000000000 ) ) ;
#8758 = AXIS2_PLACEMENT_3D ( 'NONE', #9114, #355, #3038 ) ;
#8759 = DIRECTION ( 'NONE',  ( -0.000000000000000000, -0.6561787149247862994, 0.7546055221635049604 ) ) ;
#8760 = DIRECTION ( 'NONE',  ( 0.000000000000000000, 0.000000000000000000, 1.000000000000000000 ) ) ;
#8761 = EDGE_CURVE ( 'NONE', #5572, #5319, #1867, .T. ) ;
#8762 = CARTESIAN_POINT ( 'NONE',  ( -7.252000366886311333, 3.176175380897988454, 2.435362535369395509 ) ) ;
#8763 = CARTESIAN_POINT ( 'NONE',  ( -3.763140835808864715, 6.903798770585690470, 11.17499999999999893 ) ) ;
#8764 = ORIENTED_EDGE ( 'NONE', *, *, #4895, .F. ) ;
#8765 = VECTOR ( 'NONE', #9105, 1000.000000000000000 ) ;
#8766 = PLANE ( 'NONE',  #2718 ) ;
#8767 = CARTESIAN_POINT ( 'NONE',  ( -3.648334813386799880, 7.075710927138659123, 0.000000000000000000 ) ) ;
#8768 = DIRECTION ( 'NONE',  ( 0.000000000000000000, 0.000000000000000000, 1.000000000000000000 ) ) ;
#8769 = VERTEX_POINT ( 'NONE', #6170 ) ;
#8770 = ORIENTED_EDGE ( 'NONE', *, *, #1628, .F. ) ;
#8771 = AXIS2_PLACEMENT_3D ( 'NONE', #3588, #10628, #6111 ) ;
#8772 = EDGE_CURVE ( 'NONE', #9977, #7054, #8702, .T. ) ;
#8773 = FACE_OUTER_BOUND ( 'NONE', #3894, .T. ) ;
#8774 = DIRECTION ( 'NONE',  ( -0.000000000000000000, 0.000000000000000000, 1.000000000000000000 ) ) ;
#8775 = EDGE_CURVE ( 'NONE', #9613, #4484, #8640, .T. ) ;
#8776 = DIRECTION ( 'NONE',  ( -3.564834783817047766E-15, 0.9863939238321488556, 0.1643989873053274264 ) ) ;
#8777 = DIRECTION ( 'NONE',  ( 0.5049013445390049259, 0.8631770573194732510, -0.000000000000000000 ) ) ;
#8778 = EDGE_LOOP ( 'NONE', ( #10271, #5121, #1728, #10534 ) ) ;
#8779 = CARTESIAN_POINT ( 'NONE',  ( 1.379999999999999671, 8.631655426250503638, -4.549999999999998934 ) ) ;
#8780 = CARTESIAN_POINT ( 'NONE',  ( 1.294339706053165839, 12.63813439878883216, 0.000000000000000000 ) ) ;
#8781 = VERTEX_POINT ( 'NONE', #7783 ) ;
#8782 = ORIENTED_EDGE ( 'NONE', *, *, #3158, .T. ) ;
#8783 = LINE ( 'NONE', #6197, #4661 ) ;
#8784 = AXIS2_PLACEMENT_3D ( 'NONE', #5477, #3701, #2721 ) ;
#8785 = VERTEX_POINT ( 'NONE', #2728 ) ;
#8786 = LINE ( 'NONE', #888, #6614 ) ;
#8787 = FACE_OUTER_BOUND ( 'NONE', #8193, .T. ) ;
#8788 = CARTESIAN_POINT ( 'NONE',  ( -3.095943168387719879, 11.89188581067152839, -2.613951291675116195 ) ) ;
#8789 = EDGE_CURVE ( 'NONE', #1778, #8500, #6224, .T. ) ;
#8790 = DIRECTION ( 'NONE',  ( -0.1361444591231953660, -0.9906889957247191347, 0.000000000000000000 ) ) ;
#8791 = PLANE ( 'NONE',  #10509 ) ;
#8792 = ORIENTED_EDGE ( 'NONE', *, *, #1775, .F. ) ;
#8793 = DIRECTION ( 'NONE',  ( -0.7967915771908282707, -0.6042542366568497414, 0.000000000000000000 ) ) ;
#8794 = EDGE_LOOP ( 'NONE', ( #9021, #541, #2190, #1891 ) ) ;
#8795 = ORIENTED_EDGE ( 'NONE', *, *, #4794, .T. ) ;
#8796 = EDGE_CURVE ( 'NONE', #7024, #627, #9658, .T. ) ;
#8797 = DIRECTION ( 'NONE',  ( 2.472789881105115160E-16, -1.000000000000000000, 0.000000000000000000 ) ) ;
#8798 = SHAPE_REPRESENTATION_RELATIONSHIP ( 'NONE' , 'NONE' ,  #4925, #7984 ) ;
#8799 = DIRECTION ( 'NONE',  ( 0.000000000000000000, 0.000000000000000000, 1.000000000000000000 ) ) ;
#8800 = LINE ( 'NONE', #955, #1023 ) ;
#8801 = AXIS2_PLACEMENT_3D ( 'NONE', #6841, #11184, #7528 ) ;
#8802 = ORIENTED_EDGE ( 'NONE', *, *, #2793, .T. ) ;
#8803 = DIRECTION ( 'NONE',  ( 1.000000000000000000, 2.168404344971008252E-17, -8.673617379884035472E-17 ) ) ;
#8804 = DIRECTION ( 'NONE',  ( -1.000000000000000000, -0.000000000000000000, -0.000000000000000000 ) ) ;
#8805 = B_SPLINE_CURVE_WITH_KNOTS ( 'NONE', 3,
 ( #8652, #11060, #2347, #3264, #2403, #4016, #5955, #3380, #4075, #2463 ),
 .UNSPECIFIED., .F., .F.,
 ( 4, 3, 3, 4 ),
 ( -2.449489749372115115E-06, 0.000000000000000000, 4.097538642259614431E-05, 8.049306843309046939E-05 ),
 .UNSPECIFIED. ) ;
#8806 = CARTESIAN_POINT ( 'NONE',  ( 1.385521695682326193, 6.500000000000000000, 4.534868014339770603 ) ) ;
#8807 = ORIENTED_EDGE ( 'NONE', *, *, #3112, .F. ) ;
#8808 = VERTEX_POINT ( 'NONE', #1809 ) ;
#8809 = DIRECTION ( 'NONE',  ( -0.7071067811865475727, -3.056747976430751789E-16, 0.7071067811865475727 ) ) ;
#8810 = VECTOR ( 'NONE', #10318, 1000.000000000000114 ) ;
#8811 = CARTESIAN_POINT ( 'NONE',  ( -0.9207303298070211861, 8.623988536384672443, 3.675000000000000266 ) ) ;
#8812 = ADVANCED_FACE ( 'NONE', ( #4392 ), #858, .T. ) ;
#8813 = EDGE_CURVE ( 'NONE', #4076, #11204, #6117, .T. ) ;
#8814 = VECTOR ( 'NONE', #3142, 1000.000000000000000 ) ;
#8815 = LINE ( 'NONE', #8879, #9194 ) ;
#8816 = DIRECTION ( 'NONE',  ( 0.000000000000000000, 0.000000000000000000, 1.000000000000000000 ) ) ;
#8817 = DIRECTION ( 'NONE',  ( -0.000000000000000000, -0.000000000000000000, -1.000000000000000000 ) ) ;
#8818 = CARTESIAN_POINT ( 'NONE',  ( 1.396794528132544899, 10.33763016933165169, 3.675000000000000266 ) ) ;
#8819 = ORIENTED_EDGE ( 'NONE', *, *, #9808, .T. ) ;
#8820 = VECTOR ( 'NONE', #1167, 1000.000000000000000 ) ;
#8821 = DIRECTION ( 'NONE',  ( -0.7967915771908288258, -0.6042542366568491863, 0.000000000000000000 ) ) ;
#8823 = CYLINDRICAL_SURFACE ( 'NONE', #5781, 7.650000000000000355 ) ;
#8822 = CIRCLE ( 'NONE', #10105, 0.1499999999999999667 ) ;
#8824 = AXIS2_PLACEMENT_3D ( 'NONE', #9468, #3627, #3513 ) ;
#8825 = PRESENTATION_STYLE_ASSIGNMENT (( #5211 ) ) ;
#8826 = ORIENTED_EDGE ( 'NONE', *, *, #10050, .T. ) ;
#8827 = EDGE_CURVE ( 'NONE', #5563, #8040, #10871, .T. ) ;
#8828 = ORIENTED_EDGE ( 'NONE', *, *, #3651, .T. ) ;
#8829 = CARTESIAN_POINT ( 'NONE',  ( 5.087985294887782395, 4.978965517241380034, -2.966664951328113364 ) ) ;
#8830 = VECTOR ( 'NONE', #9287, 999.9999999999998863 ) ;
#8831 = AXIS2_PLACEMENT_3D ( 'NONE', #2242, #4996, #5046 ) ;
#8832 = AXIS2_PLACEMENT_3D ( 'NONE', #105, #6160, #9647 ) ;
#8833 = CARTESIAN_POINT ( 'NONE',  ( -1.380000000000000115, 6.649999999999999467, 4.400000000000000355 ) ) ;
#8834 = CARTESIAN_POINT ( 'NONE',  ( 0.000000000000000000, 1.499999999999999556, 0.000000000000000000 ) ) ;
#8835 = DIRECTION ( 'NONE',  ( 0.000000000000000000, 0.000000000000000000, 1.000000000000000000 ) ) ;
#8836 = CARTESIAN_POINT ( 'NONE',  ( -1.380000000000000115, 9.768344573749498494, 5.400000000000000355 ) ) ;
#8837 = LINE ( 'NONE', #187, #10209 ) ;
#8838 = FACE_OUTER_BOUND ( 'NONE', #6936, .T. ) ;
#8839 = ORIENTED_EDGE ( 'NONE', *, *, #7403, .T. ) ;
#8840 = ORIENTED_EDGE ( 'NONE', *, *, #5116, .T. ) ;
#8841 = DIRECTION ( 'NONE',  ( -0.9906889957247181355, 0.1361444591232023049, 0.000000000000000000 ) ) ;
#8842 = AXIS2_PLACEMENT_3D ( 'NONE', #4371, #7815, #7988 ) ;
#8843 = EDGE_CURVE ( 'NONE', #6114, #9645, #10409, .T. ) ;
#8844 = EDGE_CURVE ( 'NONE', #4752, #9096, #7218, .T. ) ;
#8845 = ORIENTED_EDGE ( 'NONE', *, *, #4500, .F. ) ;
#8846 = ADVANCED_FACE ( 'NONE', ( #4341 ), #2564, .T. ) ;
#8847 = DIRECTION ( 'NONE',  ( 0.000000000000000000, 1.000000000000000000, -0.000000000000000000 ) ) ;
#8848 = CIRCLE ( 'NONE', #4088, 3.649999999999999467 ) ;
#8849 = DIRECTION ( 'NONE',  ( -1.000000000000000000, 0.000000000000000000, 0.000000000000000000 ) ) ;
#8850 = DIRECTION ( 'NONE',  ( -1.000000000000000000, 0.000000000000000000, 0.000000000000000000 ) ) ;
#8851 = CARTESIAN_POINT ( 'NONE',  ( 1.498006739902550288, 10.29390431353657398, 0.000000000000000000 ) ) ;
#8852 = CARTESIAN_POINT ( 'NONE',  ( 4.745536286357737055, 3.598821182761698267, 0.000000000000000000 ) ) ;
#8853 = AXIS2_PLACEMENT_3D ( 'NONE', #7289, #4704, #6423 ) ;
#8854 = ORIENTED_EDGE ( 'NONE', *, *, #5200, .F. ) ;
#8855 = LINE ( 'NONE', #5412, #6701 ) ;
#8856 = VERTEX_POINT ( 'NONE', #794 ) ;
#8857 = EDGE_CURVE ( 'NONE', #3341, #5843, #6490, .T. ) ;
#8858 = VECTOR ( 'NONE', #9535, 1000.000000000000000 ) ;
#8859 = ORIENTED_EDGE ( 'NONE', *, *, #370, .F. ) ;
#8860 = CIRCLE ( 'NONE', #8832, 1.500000000000000222 ) ;
#8861 = EDGE_CURVE ( 'NONE', #3003, #1089, #7042, .T. ) ;
#8862 = AXIS2_PLACEMENT_3D ( 'NONE', #1714, #5317, #2637 ) ;
#8863 = DIRECTION ( 'NONE',  ( 1.000000000000000000, 0.000000000000000000, 0.000000000000000000 ) ) ;
#8864 = LINE ( 'NONE', #1857, #9203 ) ;
#8865 = LINE ( 'NONE', #9708, #448 ) ;
#8866 = VECTOR ( 'NONE', #11202, 1000.000000000000000 ) ;
#8867 = ORIENTED_EDGE ( 'NONE', *, *, #7743, .T. ) ;
#8868 = CARTESIAN_POINT ( 'NONE',  ( -0.2114695168097346090, 0.06226278955716398750, 7.800000000000000711 ) ) ;
#8869 = CARTESIAN_POINT ( 'NONE',  ( -3.412809285801754466, 5.671162037960158386, -2.454779244514317504 ) ) ;
#8870 = CARTESIAN_POINT ( 'NONE',  ( 1.380839982702823265, 6.500000000000000000, 4.547699037355532603 ) ) ;
#8871 = ADVANCED_FACE ( 'NONE', ( #6398 ), #281, .T. ) ;
#8872 = ORIENTED_EDGE ( 'NONE', *, *, #1759, .F. ) ;
#8873 = VERTEX_POINT ( 'NONE', #10803 ) ;
#8874 = LINE ( 'NONE', #5429, #3432 ) ;
#8875 = VECTOR ( 'NONE', #6317, 1000.000000000000000 ) ;
#8876 = DIRECTION ( 'NONE',  ( -2.472789881105115160E-16, -1.000000000000000000, 0.000000000000000000 ) ) ;
#8877 = ORIENTED_EDGE ( 'NONE', *, *, #7869, .T. ) ;
#8878 = AXIS2_PLACEMENT_3D ( 'NONE', #1739, #146, #2766 ) ;
#8879 = CARTESIAN_POINT ( 'NONE',  ( -2.986171345291948942, 4.950000000000000178, 5.107491688851508727 ) ) ;
#8880 = DIRECTION ( 'NONE',  ( 0.6936187941687647074, 0.000000000000000000, -0.7203422578024065714 ) ) ;
#8881 = DIRECTION ( 'NONE',  ( -0.7071067811865474617, -0.000000000000000000, -0.7071067811865476838 ) ) ;
#8882 = DIRECTION ( 'NONE',  ( 0.000000000000000000, -0.7546055221635206145, 0.6561787149247685358 ) ) ;
#8883 = ADVANCED_FACE ( 'NONE', ( #6286 ), #10695, .T. ) ;
#8884 = ORIENTED_EDGE ( 'NONE', *, *, #6184, .F. ) ;
#8885 = AXIS2_PLACEMENT_3D ( 'NONE', #2629, #4397, #4572 ) ;
#8886 = FACE_OUTER_BOUND ( 'NONE', #2497, .T. ) ;
#8887 = DIRECTION ( 'NONE',  ( -1.000000000000000000, -0.000000000000000000, -0.000000000000000000 ) ) ;
#8888 = VERTEX_POINT ( 'NONE', #3708 ) ;
#8889 = ORIENTED_EDGE ( 'NONE', *, *, #6183, .T. ) ;
#8890 = LINE ( 'NONE', #981, #6236 ) ;
#8891 = DIRECTION ( 'NONE',  ( -0.1361444591231953660, -0.9906889957247191347, 0.000000000000000000 ) ) ;
#8892 = CARTESIAN_POINT ( 'NONE',  ( -2.280939751330911314, 6.965469875665442068, 15.29999999999999893 ) ) ;
#8893 = VECTOR ( 'NONE', #5876, 1000.000000000000114 ) ;
#8894 = EDGE_CURVE ( 'NONE', #1600, #10920, #89, .T. ) ;
#8895 = ORIENTED_EDGE ( 'NONE', *, *, #4215, .T. ) ;
#8896 = DIRECTION ( 'NONE',  ( -0.000000000000000000, -0.000000000000000000, -1.000000000000000000 ) ) ;
#8897 = LINE ( 'NONE', #7858, #2128 ) ;
#8898 = VECTOR ( 'NONE', #10060, 1000.000000000000000 ) ;
#8899 = DIRECTION ( 'NONE',  ( 0.000000000000000000, 1.000000000000000000, 0.000000000000000000 ) ) ;
#8900 = PLANE ( 'NONE',  #252 ) ;
#8901 = ORIENTED_EDGE ( 'NONE', *, *, #130, .T. ) ;
#8902 = ORIENTED_EDGE ( 'NONE', *, *, #10486, .T. ) ;
#8903 = CARTESIAN_POINT ( 'NONE',  ( -4.555813038156334649, 7.763936109177590694, 2.192316302326503763 ) ) ;
#8904 = ORIENTED_EDGE ( 'NONE', *, *, #1775, .T. ) ;
#8905 = AXIS2_PLACEMENT_3D ( 'NONE', #1560, #6894, #1447 ) ;
#8906 = DIRECTION ( 'NONE',  ( 0.000000000000000000, -1.000000000000000000, -0.000000000000000000 ) ) ;
#8907 = DIRECTION ( 'NONE',  ( 1.000000000000000000, 0.000000000000000000, 0.000000000000000000 ) ) ;
#8908 = CARTESIAN_POINT ( 'NONE',  ( 1.498006739902550288, 10.29390431353657398, -2.625562286609687046 ) ) ;
#8909 = ADVANCED_FACE ( 'NONE', ( #2850 ), #3940, .T. ) ;
#8910 = LINE ( 'NONE', #6094, #1816 ) ;
#8911 = DIRECTION ( 'NONE',  ( 0.000000000000000000, 0.000000000000000000, -1.000000000000000000 ) ) ;
#8912 = ORIENTED_EDGE ( 'NONE', *, *, #4997, .F. ) ;
#8913 = LINE ( 'NONE', #1004, #6339 ) ;
#8914 = EDGE_CURVE ( 'NONE', #2758, #2297, #389, .T. ) ;
#8915 = ORIENTED_EDGE ( 'NONE', *, *, #5762, .T. ) ;
#8916 = AXIS2_PLACEMENT_3D ( 'NONE', #8836, #877, #4361 ) ;
#8917 = VERTEX_POINT ( 'NONE', #3876 ) ;
#8918 = DIRECTION ( 'NONE',  ( 1.000000000000000000, 2.168404344971008252E-17, 8.673617379884035472E-17 ) ) ;
#8919 = DIRECTION ( 'NONE',  ( -1.000000000000000000, 0.000000000000000000, 0.000000000000000000 ) ) ;
#8920 = DIRECTION ( 'NONE',  ( -0.000000000000000000, 0.000000000000000000, 1.000000000000000000 ) ) ;
#8921 = EDGE_CURVE ( 'NONE', #7558, #5817, #3017, .T. ) ;
#8922 = ORIENTED_EDGE ( 'NONE', *, *, #6778, .T. ) ;
#8924 = EDGE_CURVE ( 'NONE', #10894, #2268, #2098, .T. ) ;
#8923 = CARTESIAN_POINT ( 'NONE',  ( 2.580939751330913356, -2.003873909248935270, 3.675000000000000266 ) ) ;
#8925 = CARTESIAN_POINT ( 'NONE',  ( -1.771168402671605879E-15, 6.965469875665441180, 3.674999999999999378 ) ) ;
#8926 = CARTESIAN_POINT ( 'NONE',  ( 1.379999999999999671, 6.500000000000000000, 4.549999999999999822 ) ) ;
#8927 = VERTEX_POINT ( 'NONE', #7266 ) ;
#8928 = ADVANCED_FACE ( 'NONE', ( #9784 ), #6456, .T. ) ;
#8929 = ORIENTED_EDGE ( 'NONE', *, *, #520, .T. ) ;
#8930 = DIRECTION ( 'NONE',  ( 1.000000000000000000, 0.000000000000000000, 0.000000000000000000 ) ) ;
#8931 = PLANE ( 'NONE',  #6306 ) ;
#8932 = VERTEX_POINT ( 'NONE', #7315 ) ;
#8933 = CARTESIAN_POINT ( 'NONE',  ( -3.412809285801754910, 5.671162037960161051, 3.675000000000000266 ) ) ;
#8934 = VECTOR ( 'NONE', #1865, 1000.000000000000000 ) ;
#8935 = FACE_OUTER_BOUND ( 'NONE', #2348, .T. ) ;
#8936 = CARTESIAN_POINT ( 'NONE',  ( 1.396794528132546231, 10.33763016933164991, 7.800000000000000711 ) ) ;
#8937 = FACE_OUTER_BOUND ( 'NONE', #1370, .T. ) ;
#8938 = DIRECTION ( 'NONE',  ( 0.6042542366568462997, -0.7967915771908309353, 0.000000000000000000 ) ) ;
#8939 = ORIENTED_EDGE ( 'NONE', *, *, #11069, .F. ) ;
#8940 = EDGE_CURVE ( 'NONE', #10243, #8258, #5197, .T. ) ;
#8941 = DIRECTION ( 'NONE',  ( -1.000000000000000000, 0.000000000000000000, 0.000000000000000000 ) ) ;
#8942 = VECTOR ( 'NONE', #3841, 1000.000000000000000 ) ;
#8943 = SURFACE_STYLE_FILL_AREA ( #9851 ) ;
#8944 = ORIENTED_EDGE ( 'NONE', *, *, #4031, .T. ) ;
#8945 = VERTEX_POINT ( 'NONE', #5652 ) ;
#8946 = EDGE_CURVE ( 'NONE', #7223, #9265, #1930, .T. ) ;
#8947 = CARTESIAN_POINT ( 'NONE',  ( -5.087985294887803711, 4.978965517241379146, 2.966664951328077837 ) ) ;
#8948 = CARTESIAN_POINT ( 'NONE',  ( -1.771168402671605879E-15, 6.965469875665441180, 3.675000000000000266 ) ) ;
#8949 = DIRECTION ( 'NONE',  ( 0.9592845720430317469, -0.2824413387594271740, 0.000000000000000000 ) ) ;
#8950 = EDGE_LOOP ( 'NONE', ( #3592, #6836, #3547, #2026 ) ) ;
#8951 = DIRECTION ( 'NONE',  ( 0.000000000000000000, 0.7546055221634990762, -0.6561787149247930717 ) ) ;
#8952 = CARTESIAN_POINT ( 'NONE',  ( 0.000000000000000000, 1.500000000000000444, 0.000000000000000000 ) ) ;
#8953 = DIRECTION ( 'NONE',  ( 0.000000000000000000, 1.000000000000000000, -0.000000000000000000 ) ) ;
#8954 = CARTESIAN_POINT ( 'NONE',  ( -2.580939751330911580, -2.084296772316891477, 15.00000000000000000 ) ) ;
#8955 = VERTEX_POINT ( 'NONE', #8122 ) ;
#8956 = VERTEX_POINT ( 'NONE', #5482 ) ;
#8957 = ORIENTED_EDGE ( 'NONE', *, *, #10451, .F. ) ;
#8958 = EDGE_CURVE ( 'NONE', #6570, #9577, #5430, .T. ) ;
#8959 = EDGE_CURVE ( 'NONE', #9141, #5649, #3005, .T. ) ;
#8960 = FACE_OUTER_BOUND ( 'NONE', #4779, .T. ) ;
#8961 = CARTESIAN_POINT ( 'NONE',  ( -1.379999999999999671, 12.48000000000000220, -1.196959198423996649E-16 ) ) ;
#8962 = DIRECTION ( 'NONE',  ( -8.673617379884030542E-17, -1.000000000000000000, -8.673617379884030542E-17 ) ) ;
#8963 = DIRECTION ( 'NONE',  ( 0.000000000000000000, 0.000000000000000000, 1.000000000000000000 ) ) ;
#8964 = DIRECTION ( 'NONE',  ( 0.000000000000000000, -1.000000000000000000, 0.000000000000000000 ) ) ;
#8965 = EDGE_LOOP ( 'NONE', ( #10167, #3422, #9494, #5269 ) ) ;
#8966 = CARTESIAN_POINT ( 'NONE',  ( 1.379999999999999671, 6.649999999999999467, -4.379999999999999893 ) ) ;
#8967 = VERTEX_POINT ( 'NONE', #4793 ) ;
#8968 = ORIENTED_EDGE ( 'NONE', *, *, #657, .T. ) ;
#8969 = ADVANCED_FACE ( 'NONE', ( #8291 ), #8931, .T. ) ;
#8970 = DIRECTION ( 'NONE',  ( 1.000000000000000000, 0.000000000000000000, 0.000000000000000000 ) ) ;
#8971 = AXIS2_PLACEMENT_3D ( 'NONE', #11038, #4739, #2101 ) ;
#8972 = DIRECTION ( 'NONE',  ( 0.2533391860415217245, -0.9673775151489821811, 0.000000000000000000 ) ) ;
#8973 = CARTESIAN_POINT ( 'NONE',  ( 1.399999999999999689, 8.631655426250503638, -4.549999999999998934 ) ) ;
#8974 = ORIENTED_EDGE ( 'NONE', *, *, #4604, .F. ) ;
#8975 = DIRECTION ( 'NONE',  ( 0.000000000000000000, 0.000000000000000000, -1.000000000000000000 ) ) ;
#8976 = CARTESIAN_POINT ( 'NONE',  ( 1.399999999999999689, 11.43165542625050612, -5.530000000000000249 ) ) ;
#8977 = ORIENTED_EDGE ( 'NONE', *, *, #5201, .T. ) ;
#8978 = ORIENTED_EDGE ( 'NONE', *, *, #1375, .T. ) ;
#8979 = DIRECTION ( 'NONE',  ( -0.7071067811865547892, -0.000000000000000000, 0.7071067811865403563 ) ) ;
#8980 = DIRECTION ( 'NONE',  ( -0.000000000000000000, 1.000000000000000000, -0.000000000000000000 ) ) ;
#8981 = VERTEX_POINT ( 'NONE', #220 ) ;
#8982 = ADVANCED_FACE ( 'NONE', ( #9948 ), #5538, .T. ) ;
#8983 = PLANE ( 'NONE',  #1678 ) ;
#8984 = VECTOR ( 'NONE', #1179, 1000.000000000000000 ) ;
#8985 = EDGE_CURVE ( 'NONE', #5172, #9792, #6571, .T. ) ;
#8986 = DIRECTION ( 'NONE',  ( -0.6936187941687647074, -0.000000000000000000, 0.7203422578024066825 ) ) ;
#8987 = CARTESIAN_POINT ( 'NONE',  ( -2.580939751330912912, -2.003873909248936602, 3.675000000000000266 ) ) ;
#8988 = CARTESIAN_POINT ( 'NONE',  ( 1.379999999999999671, 8.744846254575030287, 4.451573192761281383 ) ) ;
#8989 = DIRECTION ( 'NONE',  ( 0.6280440846592214577, 0.7781777610061602068, 0.000000000000000000 ) ) ;
#8990 = VERTEX_POINT ( 'NONE', #9320 ) ;
#8991 = ORIENTED_EDGE ( 'NONE', *, *, #4860, .T. ) ;
#8992 = FACE_OUTER_BOUND ( 'NONE', #1698, .T. ) ;
#8993 = AXIS2_PLACEMENT_3D ( 'NONE', #9108, #10078, #4008 ) ;
#8994 = ORIENTED_EDGE ( 'NONE', *, *, #4253, .F. ) ;
#8995 = DIRECTION ( 'NONE',  ( -8.673617379884030542E-17, -1.000000000000000000, -8.673617379884030542E-17 ) ) ;
#8996 = CIRCLE ( 'NONE', #3134, 0.1000000000000001305 ) ;
#8997 = ADVANCED_FACE ( 'NONE', ( #1359 ), #5818, .T. ) ;
#8998 = VECTOR ( 'NONE', #5022, 1000.000000000000000 ) ;
#8999 = CLOSED_SHELL ( 'NONE', ( #6169, #4539, #9306, #10881, #5120, #2340, #6376, #2111, #2471, #347, #1951, #8633, #1643, #6141, #9548, #4759, #2548, #6776, #4685, #9664, #5613, #659, #10591, #3399, #3797, #1259, #11032, #4909, #8362, #4863, #1301, #6640, #8982, #8364, #618, #11004, #8063, #8997, #6903, #3414, #8670, #8414, #3293, #4163, #1743, #2118, #9609, #4939, #6586, #1064, #6247, #4035, #5679, #11212, #5640, #2220, #4018, #10430, #11088, #11145, #7766, #2599, #912, #1729, #5977, #700, #7934, #2570, #10220, #6304, #1963, #7813, #8538, #939, #4373, #4789, #11286, #6911, #7714, #9331, #2014, #4218, #8871, #10531, #6428, #10962, #8263, #6684, #2349, #9595, #9843, #7779 ) ) ;
#9000 = DIRECTION ( 'NONE',  ( 0.7071067811865474617, 0.000000000000000000, 0.7071067811865476838 ) ) ;
#9001 = DIRECTION ( 'NONE',  ( -0.000000000000000000, 1.000000000000000000, -0.000000000000000000 ) ) ;
#9002 = ORIENTED_EDGE ( 'NONE', *, *, #5795, .F. ) ;
#9003 = CARTESIAN_POINT ( 'NONE',  ( 1.399999999999999689, 6.649999999999999467, 4.379999999999999893 ) ) ;
#9004 = CARTESIAN_POINT ( 'NONE',  ( 2.580939751330911580, 4.384530124334554912, 3.675000000000000266 ) ) ;
#9005 = EDGE_CURVE ( 'NONE', #6176, #6081, #9269, .T. ) ;
#9006 = CARTESIAN_POINT ( 'NONE',  ( -1.399999999999999689, 12.48000000000000220, 1.214306433183764720E-16 ) ) ;
#9007 = CARTESIAN_POINT ( 'NONE',  ( -1.771168402671605879E-15, 6.965469875665441180, 11.17499999999999893 ) ) ;
#9008 = ORIENTED_EDGE ( 'NONE', *, *, #7542, .T. ) ;
#9009 = ORIENTED_EDGE ( 'NONE', *, *, #2391, .T. ) ;
#9010 = VECTOR ( 'NONE', #1441, 1000.000000000000114 ) ;
#9011 = ORIENTED_EDGE ( 'NONE', *, *, #5823, .T. ) ;
#9012 = AXIS2_PLACEMENT_3D ( 'NONE', #11235, #10488, #16 ) ;
#9013 = DIRECTION ( 'NONE',  ( -0.000000000000000000, 0.000000000000000000, 1.000000000000000000 ) ) ;
#9014 = FACE_OUTER_BOUND ( 'NONE', #5164, .T. ) ;
#9015 = CYLINDRICAL_SURFACE ( 'NONE', #5154, 0.1000000000000001443 ) ;
#9016 = FACE_OUTER_BOUND ( 'NONE', #4467, .T. ) ;
#9017 = DIRECTION ( 'NONE',  ( 1.000000000000000000, 2.168404344971008252E-17, -8.673617379884035472E-17 ) ) ;
#9018 = AXIS2_PLACEMENT_3D ( 'NONE', #5206, #1646, #1541 ) ;
#9019 = EDGE_CURVE ( 'NONE', #10692, #5572, #10694, .T. ) ;
#9020 = AXIS2_PLACEMENT_3D ( 'NONE', #6147, #7012, #8907 ) ;
#9021 = ORIENTED_EDGE ( 'NONE', *, *, #1689, .T. ) ;
#9022 = CARTESIAN_POINT ( 'NONE',  ( 1.399999999999999689, 12.37137186834969604, -1.898837853159277334 ) ) ;
#9023 = VERTEX_POINT ( 'NONE', #11090 ) ;
#9024 = EDGE_LOOP ( 'NONE', ( #1326, #6543, #3858, #7001 ) ) ;
#9025 = VECTOR ( 'NONE', #8989, 999.9999999999998863 ) ;
#9026 = CYLINDRICAL_SURFACE ( 'NONE', #936, 3.649999999999999467 ) ;
#9027 = DIRECTION ( 'NONE',  ( -0.7071067811865465735, -4.940492459581946605E-15, -0.7071067811865486830 ) ) ;
#9028 = AXIS2_PLACEMENT_3D ( 'NONE', #8482, #9447, #5089 ) ;
#9029 = DIRECTION ( 'NONE',  ( 0.9673775151489821811, 0.2533391860415217245, 0.000000000000000000 ) ) ;
#9030 = ORIENTED_EDGE ( 'NONE', *, *, #1503, .T. ) ;
#9031 = VERTEX_POINT ( 'NONE', #4109 ) ;
#9032 = DIRECTION ( 'NONE',  ( 3.564834783817703950E-17, -0.9863939238321437486, 0.1643989873053572637 ) ) ;
#9033 = DIRECTION ( 'NONE',  ( -1.000000000000000000, -0.000000000000000000, -0.000000000000000000 ) ) ;
#9034 = ADVANCED_FACE ( 'NONE', ( #884 ), #2592, .T. ) ;
#9035 = ORIENTED_EDGE ( 'NONE', *, *, #1198, .T. ) ;
#9036 = CARTESIAN_POINT ( 'NONE',  ( 0.000000000000000000, 7.500000000000000000, 4.999999999999999112 ) ) ;
#9037 = VERTEX_POINT ( 'NONE', #8347 ) ;
#9038 = VECTOR ( 'NONE', #3362, 1000.000000000000114 ) ;
#9039 = CARTESIAN_POINT ( 'NONE',  ( -3.405877273185284881, 1.499999999999999556, -6.849999999999998757 ) ) ;
#9040 = ORIENTED_EDGE ( 'NONE', *, *, #6037, .T. ) ;
#9041 = VECTOR ( 'NONE', #11104, 1000.000000000000000 ) ;
#9042 = DIRECTION ( 'NONE',  ( 0.000000000000000000, 0.000000000000000000, -1.000000000000000000 ) ) ;
#9043 = AXIS2_PLACEMENT_3D ( 'NONE', #2844, #9833, #10573 ) ;
#9044 = PLANE ( 'NONE',  #10251 ) ;
#9045 = CARTESIAN_POINT ( 'NONE',  ( -1.380000000000000115, 11.52975414413175947, -5.485303232940222706 ) ) ;
#9046 = PRODUCT_DEFINITION_CONTEXT ( 'detailed design', #10506, 'design' ) ;
#9047 = CARTESIAN_POINT ( 'NONE',  ( 4.745536286357737055, 3.598821182761691606, 3.675000000000000266 ) ) ;
#9048 = VECTOR ( 'NONE', #11033, 1000.000000000000114 ) ;
#9049 = DIRECTION ( 'NONE',  ( -0.1361444591231944223, -0.9906889957247193568, 0.000000000000000000 ) ) ;
#9050 = ADVANCED_FACE ( 'NONE', ( #5707 ), #4855, .T. ) ;
#9051 = EDGE_LOOP ( 'NONE', ( #4576, #2942, #6162, #8839 ) ) ;
#9052 = ORIENTED_EDGE ( 'NONE', *, *, #7955, .F. ) ;
#9053 = PLANE ( 'NONE',  #1797 ) ;
#9054 = AXIS2_PLACEMENT_3D ( 'NONE', #6785, #10282, #3350 ) ;
#9055 = CARTESIAN_POINT ( 'NONE',  ( -1.294307837705273023, 10.37827916146719787, -2.454779244514317504 ) ) ;
#9056 = ORIENTED_EDGE ( 'NONE', *, *, #8613, .F. ) ;
#9057 = ADVANCED_FACE ( 'NONE', ( #6738 ), #8731, .F. ) ;
#9058 = CARTESIAN_POINT ( 'NONE',  ( 2.580939751330912468, 4.384530124334557577, 7.800000000000000711 ) ) ;
#9059 = LINE ( 'NONE', #8247, #7360 ) ;
#9060 = DIRECTION ( 'NONE',  ( -1.000000000000000000, 0.000000000000000000, 0.000000000000000000 ) ) ;
#9061 = ORIENTED_EDGE ( 'NONE', *, *, #8321, .F. ) ;
#9062 = EDGE_CURVE ( 'NONE', #1756, #2674, #7225, .T. ) ;
#9063 = CARTESIAN_POINT ( 'NONE',  ( 3.649999999999998579, 6.965469875665468713, -2.454779244514317504 ) ) ;
#9064 = EDGE_CURVE ( 'NONE', #2989, #3509, #509, .T. ) ;
#9065 = DIRECTION ( 'NONE',  ( -0.000000000000000000, -0.000000000000000000, -1.000000000000000000 ) ) ;
#9066 = CARTESIAN_POINT ( 'NONE',  ( -1.380000000000000115, 9.670245855868245144, 5.485303232940222706 ) ) ;
#9067 = LINE ( 'NONE', #476, #1887 ) ;
#9068 = ORIENTED_EDGE ( 'NONE', *, *, #3571, .T. ) ;
#9069 = EDGE_CURVE ( 'NONE', #4551, #10920, #3124, .T. ) ;
#9070 = ORIENTED_EDGE ( 'NONE', *, *, #1198, .F. ) ;
#9071 = ORIENTED_EDGE ( 'NONE', *, *, #1401, .F. ) ;
#9072 = ADVANCED_FACE ( 'NONE', ( #7540, #3994 ), #1519, .F. ) ;
#9073 = DIRECTION ( 'NONE',  ( -0.6280440846592173498, -0.7781777610061635375, 0.000000000000000000 ) ) ;
#9074 = AXIS2_PLACEMENT_3D ( 'NONE', #4268, #5119, #2545 ) ;
#9075 = CARTESIAN_POINT ( 'NONE',  ( -4.763625870545991958, 3.844580505176282248, 11.17499999999999893 ) ) ;
#9076 = CYLINDRICAL_SURFACE ( 'NONE', #8645, 1.500000000000000222 ) ;
#9077 = CARTESIAN_POINT ( 'NONE',  ( 0.000000000000000000, 12.50000000000000000, -4.343903740188082452 ) ) ;
#9078 = ORIENTED_EDGE ( 'NONE', *, *, #3426, .F. ) ;
#9079 = CARTESIAN_POINT ( 'NONE',  ( 1.379999999999999671, 12.48000000000000220, 0.000000000000000000 ) ) ;
#9080 = ORIENTED_EDGE ( 'NONE', *, *, #2266, .T. ) ;
#9081 = ORIENTED_EDGE ( 'NONE', *, *, #8775, .T. ) ;
#9082 = AXIS2_PLACEMENT_3D ( 'NONE', #947, #2886, #1848 ) ;
#9083 = UNCERTAINTY_MEASURE_WITH_UNIT (LENGTH_MEASURE( 1.000000000000000082E-05 ), #5300, 'distance_accuracy_value', 'NONE');
#9084 = EDGE_CURVE ( 'NONE', #10912, #1620, #4910, .T. ) ;
#9085 = PLANE ( 'NONE',  #6599 ) ;
#9086 = DIRECTION ( 'NONE',  ( -8.673617379884035472E-17, 0.000000000000000000, -1.000000000000000000 ) ) ;
#9087 = VERTEX_POINT ( 'NONE', #8517 ) ;
#9088 = VERTEX_POINT ( 'NONE', #3188 ) ;
#9089 = LINE ( 'NONE', #9142, #8221 ) ;
#9090 = DIRECTION ( 'NONE',  ( 0.000000000000000000, 0.000000000000000000, -1.000000000000000000 ) ) ;
#9091 = AXIS2_PLACEMENT_3D ( 'NONE', #8603, #702, #11237 ) ;
#9092 = VERTEX_POINT ( 'NONE', #6687 ) ;
#9093 = CARTESIAN_POINT ( 'NONE',  ( -4.500000000000000000, 1.500000000000000444, -2.179449471770337432 ) ) ;
#9094 = EDGE_LOOP ( 'NONE', ( #2127, #8085, #9196, #5440, #10464 ) ) ;
#9095 = DIRECTION ( 'NONE',  ( 0.000000000000000000, 0.000000000000000000, -1.000000000000000000 ) ) ;
#9096 = VERTEX_POINT ( 'NONE', #2324 ) ;
#9097 = CARTESIAN_POINT ( 'NONE',  ( 3.648334813386794551, 6.855228824192198367, 3.675000000000000266 ) ) ;
#9098 = EDGE_CURVE ( 'NONE', #6852, #3872, #10503, .T. ) ;
#9099 = DIRECTION ( 'NONE',  ( 1.000000000000000000, -0.000000000000000000, 0.000000000000000000 ) ) ;
#9100 = CARTESIAN_POINT ( 'NONE',  ( -1.030666926558653025E-16, 6.965469875665441180, 11.17499999999999893 ) ) ;
#9101 = LINE ( 'NONE', #1306, #9404 ) ;
#9102 = FACE_OUTER_BOUND ( 'NONE', #1032, .T. ) ;
#9103 = ORIENTED_EDGE ( 'NONE', *, *, #10452, .T. ) ;
#9104 = ORIENTED_EDGE ( 'NONE', *, *, #5820, .T. ) ;
#9105 = DIRECTION ( 'NONE',  ( -0.000000000000000000, 1.000000000000000000, -0.000000000000000000 ) ) ;
#9106 = DIRECTION ( 'NONE',  ( 8.673617379884035472E-17, 1.880790961315659329E-33, -1.000000000000000000 ) ) ;
#9107 = ORIENTED_EDGE ( 'NONE', *, *, #5414, .F. ) ;
#9108 = CARTESIAN_POINT ( 'NONE',  ( 4.500000000000000000, 1.500000000000000444, 0.000000000000000000 ) ) ;
#9109 = EDGE_CURVE ( 'NONE', #10995, #9798, #10233, .T. ) ;
#9110 = LINE ( 'NONE', #3667, #7731 ) ;
#9111 = CARTESIAN_POINT ( 'NONE',  ( 0.1102410514732272279, 10.61380468905223928, 0.000000000000000000 ) ) ;
#9112 = ORIENTED_EDGE ( 'NONE', *, *, #8549, .T. ) ;
#9113 = CIRCLE ( 'NONE', #4174, 0.1499999999999999667 ) ;
#9114 = CARTESIAN_POINT ( 'NONE',  ( 1.379999999999999671, 9.768344573749498494, 5.400000000000000355 ) ) ;
#9115 = CYLINDRICAL_SURFACE ( 'NONE', #3230, 0.5000000000000004441 ) ;
#9116 = CARTESIAN_POINT ( 'NONE',  ( 2.969848480983505290, 1.499999999999999556, -7.049999999999998046 ) ) ;
#9117 = EDGE_LOOP ( 'NONE', ( #4300, #8625, #86, #3741 ) ) ;
#9118 = ORIENTED_EDGE ( 'NONE', *, *, #10592, .F. ) ;
#9119 = APPLICATION_CONTEXT ( 'automotive_design' ) ;
#9120 = ORIENTED_EDGE ( 'NONE', *, *, #9463, .T. ) ;
#9121 = CIRCLE ( 'NONE', #3624, 0.2999999999999999889 ) ;
#9122 = EDGE_CURVE ( 'NONE', #10443, #3691, #6084, .T. ) ;
#9123 = CARTESIAN_POINT ( 'NONE',  ( -1.500000000000001998, 6.965469875665441180, 15.29999999999999893 ) ) ;
#9124 = EDGE_CURVE ( 'NONE', #8555, #5854, #8039, .T. ) ;
#9125 = CARTESIAN_POINT ( 'NONE',  ( -4.694468754111173148, 3.930269601434693172, 11.17499999999999893 ) ) ;
#9126 = FACE_OUTER_BOUND ( 'NONE', #5506, .T. ) ;
#9127 = DIRECTION ( 'NONE',  ( 8.673617379884035472E-17, 0.000000000000000000, -1.000000000000000000 ) ) ;
#9128 = FACE_OUTER_BOUND ( 'NONE', #1561, .T. ) ;
#9129 = CYLINDRICAL_SURFACE ( 'NONE', #10157, 0.2000000000000002331 ) ;
#9130 = VERTEX_POINT ( 'NONE', #3622 ) ;
#9131 = VECTOR ( 'NONE', #5721, 1000.000000000000000 ) ;
#9132 = CARTESIAN_POINT ( 'NONE',  ( 2.580939751330912024, 4.384530124334555801, 0.1242640687119284243 ) ) ;
#9133 = EDGE_LOOP ( 'NONE', ( #2296, #28, #3993, #1202 ) ) ;
#9134 = VERTEX_POINT ( 'NONE', #7923 ) ;
#9135 = DIRECTION ( 'NONE',  ( 1.000000000000000000, 0.000000000000000000, 0.000000000000000000 ) ) ;
#9136 = EDGE_CURVE ( 'NONE', #8329, #6270, #3554, .T. ) ;
#9137 = DIRECTION ( 'NONE',  ( 0.000000000000000000, 0.000000000000000000, 1.000000000000000000 ) ) ;
#9138 = CARTESIAN_POINT ( 'NONE',  ( -3.035200274230737350, 11.65993862977662410, 7.800000000000000711 ) ) ;
#9139 = CARTESIAN_POINT ( 'NONE',  ( -1.400000000000000133, 6.500000000000000000, 4.549999999999999822 ) ) ;
#9140 = VECTOR ( 'NONE', #4676, 1000.000000000000000 ) ;
#9141 = VERTEX_POINT ( 'NONE', #3507 ) ;
#9142 = CARTESIAN_POINT ( 'NONE',  ( 2.580939751330912468, 4.384530124334557577, 15.00000000000000000 ) ) ;
#9143 = DIRECTION ( 'NONE',  ( 0.000000000000000000, 0.000000000000000000, -1.000000000000000000 ) ) ;
#9144 = ORIENTED_EDGE ( 'NONE', *, *, #2193, .F. ) ;
#9145 = LINE ( 'NONE', #10800, #8346 ) ;
#9146 = ORIENTED_EDGE ( 'NONE', *, *, #8422, .F. ) ;
#9147 = EDGE_CURVE ( 'NONE', #2317, #301, #25, .T. ) ;
#9148 = DIRECTION ( 'NONE',  ( 1.000000000000000000, 0.000000000000000000, 0.000000000000000000 ) ) ;
#9149 = VERTEX_POINT ( 'NONE', #10498 ) ;
#9150 = AXIS2_PLACEMENT_3D ( 'NONE', #9184, #10899, #486 ) ;
#9151 = CARTESIAN_POINT ( 'NONE',  ( 1.393841279746818262, 4.734046515325192495, 11.17499999999999893 ) ) ;
#9152 = CARTESIAN_POINT ( 'NONE',  ( -2.569691144530352300, 4.373199770460650448, 0.2080586905602896941 ) ) ;
#9153 = CARTESIAN_POINT ( 'NONE',  ( 3.412809285801760684, 8.259777713370699104, 7.800000000000000711 ) ) ;
#9154 = DIRECTION ( 'NONE',  ( 0.4918069879902069452, 0.8707042474709769664, 0.000000000000000000 ) ) ;
#9155 = CARTESIAN_POINT ( 'NONE',  ( -1.771168402671605879E-15, 6.965469875665441180, 11.17499999999999893 ) ) ;
#9156 = EDGE_LOOP ( 'NONE', ( #2201, #1385, #5492, #11290 ) ) ;
#9157 = VERTEX_POINT ( 'NONE', #2757 ) ;
#9158 = CARTESIAN_POINT ( 'NONE',  ( -0.5498284151365088190, 5.149948682704902581, 11.17499999999999893 ) ) ;
#9159 = EDGE_CURVE ( 'NONE', #6331, #3201, #6877, .T. ) ;
#9160 = EDGE_CURVE ( 'NONE', #9149, #6453, #1899, .T. ) ;
#9161 = CARTESIAN_POINT ( 'NONE',  ( -1.380000000000000115, 9.768344573749498494, 5.400000000000000355 ) ) ;
#9162 = AXIS2_PLACEMENT_3D ( 'NONE', #1796, #5244, #8970 ) ;
#9163 = CARTESIAN_POINT ( 'NONE',  ( -1.030666926558653025E-16, 6.965469875665441180, 7.800000000000000711 ) ) ;
#9164 = VERTEX_POINT ( 'NONE', #2776 ) ;
#9165 = VERTEX_POINT ( 'NONE', #2820 ) ;
#9166 = DIRECTION ( 'NONE',  ( 1.000000000000000000, 0.000000000000000000, 0.000000000000000000 ) ) ;
#9167 = DIRECTION ( 'NONE',  ( -0.000000000000000000, 0.000000000000000000, 1.000000000000000000 ) ) ;
#9168 = EDGE_LOOP ( 'NONE', ( #6199, #112, #4091, #2143 ) ) ;
#9169 = VECTOR ( 'NONE', #5205, 1000.000000000000000 ) ;
#9170 = FACE_OUTER_BOUND ( 'NONE', #1504, .T. ) ;
#9171 = DIRECTION ( 'NONE',  ( 0.000000000000000000, 1.156482317317871607E-14, -1.000000000000000000 ) ) ;
#9172 = EDGE_CURVE ( 'NONE', #960, #6358, #85, .T. ) ;
#9173 =( BOUNDED_CURVE ( )  B_SPLINE_CURVE ( 3, ( #5490, #9662, #9845, #1084 ),
 .UNSPECIFIED., .F., .F. ) 
 B_SPLINE_CURVE_WITH_KNOTS ( ( 4, 4 ),
 ( 0.000000000000000000, 1.570796326794896558 ),
 .UNSPECIFIED. ) 
 CURVE ( )  GEOMETRIC_REPRESENTATION_ITEM ( )  RATIONAL_B_SPLINE_CURVE ( ( 1.000000000000000000, 0.8047378541243649375, 0.8047378541243649375, 1.000000000000000000 ) ) 
 REPRESENTATION_ITEM ( '' )  );
#9174 = DIRECTION ( 'NONE',  ( -0.9673775151489842905, -0.2533391860415135644, 0.000000000000000000 ) ) ;
#9175 = EDGE_LOOP ( 'NONE', ( #10465, #7486, #9399, #929 ) ) ;
#9176 = VERTEX_POINT ( 'NONE', #7118 ) ;
#9177 = AXIS2_PLACEMENT_3D ( 'NONE', #6087, #10556, #4485 ) ;
#9178 = VERTEX_POINT ( 'NONE', #9632 ) ;
#9179 = AXIS2_PLACEMENT_3D ( 'NONE', #6291, #7212, #3652 ) ;
#9180 = VECTOR ( 'NONE', #9883, 1000.000000000000000 ) ;
#9181 = CARTESIAN_POINT ( 'NONE',  ( 1.379999999999999671, 9.670245855868246920, -5.485303232940222706 ) ) ;
#9182 = CARTESIAN_POINT ( 'NONE',  ( 2.657714481646626936, 9.467279967188336087, 7.800000000000000711 ) ) ;
#9183 = DIRECTION ( 'NONE',  ( -0.4786004400550746274, 0.8780328119034556122, 0.000000000000000000 ) ) ;
#9184 = CARTESIAN_POINT ( 'NONE',  ( 2.280939751330914422, -4.084530124334556866, 0.2999999999999999889 ) ) ;
#9185 = CARTESIAN_POINT ( 'NONE',  ( 1.380560112054758592, 6.500000000000000000, 4.548466070008426065 ) ) ;
#9186 = CARTESIAN_POINT ( 'NONE',  ( 1.650000000000000355, 6.965469875665441180, 15.29999999999999893 ) ) ;
#9187 = EDGE_CURVE ( 'NONE', #3170, #6492, #5334, .T. ) ;
#9188 = VERTEX_POINT ( 'NONE', #2703 ) ;
#9189 = LINE ( 'NONE', #5481, #7830 ) ;
#9190 = VECTOR ( 'NONE', #10159, 1000.000000000000000 ) ;
#9191 = CARTESIAN_POINT ( 'NONE',  ( 3.648334813386795883, 6.855228824192199255, -2.457261515329064672 ) ) ;
#9192 = ORIENTED_EDGE ( 'NONE', *, *, #8761, .F. ) ;
#9193 = EDGE_CURVE ( 'NONE', #2482, #4637, #8783, .T. ) ;
#9194 = VECTOR ( 'NONE', #284, 1000.000000000000000 ) ;
#9195 = EDGE_CURVE ( 'NONE', #10446, #9469, #7178, .T. ) ;
#9196 = ORIENTED_EDGE ( 'NONE', *, *, #977, .T. ) ;
#9197 = DIRECTION ( 'NONE',  ( 0.000000000000000000, 0.000000000000000000, 1.000000000000000000 ) ) ;
#9198 = AXIS2_PLACEMENT_3D ( 'NONE', #10823, #181, #2979 ) ;
#9199 = APPLICATION_PROTOCOL_DEFINITION ( 'draft international standard', 'automotive_design', 1998, #2453 ) ;
#9200 = CIRCLE ( 'NONE', #5527, 3.649999999999999467 ) ;
#9201 = DIRECTION ( 'NONE',  ( 1.000000000000000000, -0.000000000000000000, 0.000000000000000000 ) ) ;
#9202 = EDGE_LOOP ( 'NONE', ( #8123, #6564, #7063, #3147 ) ) ;
#9203 = VECTOR ( 'NONE', #8745, 1000.000000000000114 ) ;
#9204 = ORIENTED_EDGE ( 'NONE', *, *, #3210, .T. ) ;
#9205 = CARTESIAN_POINT ( 'NONE',  ( -1.379999999999999449, 0.02644174998362247564, 0.1586504999017351591 ) ) ;
#9206 = FACE_OUTER_BOUND ( 'NONE', #2998, .T. ) ;
#9207 = ORIENTED_EDGE ( 'NONE', *, *, #5541, .T. ) ;
#9208 = EDGE_CURVE ( 'NONE', #2268, #9963, #1133, .T. ) ;
#9209 = FACE_OUTER_BOUND ( 'NONE', #9175, .T. ) ;
#9210 = ORIENTED_EDGE ( 'NONE', *, *, #9005, .T. ) ;
#9211 = DIRECTION ( 'NONE',  ( 0.000000000000000000, 0.000000000000000000, 1.000000000000000000 ) ) ;
#9212 = EDGE_CURVE ( 'NONE', #3635, #3907, #2630, .T. ) ;
#9213 = ORIENTED_EDGE ( 'NONE', *, *, #4843, .T. ) ;
#9214 = VECTOR ( 'NONE', #5897, 1000.000000000000114 ) ;
#9215 = CARTESIAN_POINT ( 'NONE',  ( -1.379999999999999671, 6.625340151904196340, -0.9208900253173660788 ) ) ;
#9216 = FACE_OUTER_BOUND ( 'NONE', #10833, .T. ) ;
#9217 = EDGE_CURVE ( 'NONE', #995, #10631, #3996, .T. ) ;
#9218 = LINE ( 'NONE', #5602, #7964 ) ;
#9219 = DIRECTION ( 'NONE',  ( 0.000000000000000000, 0.000000000000000000, 1.000000000000000000 ) ) ;
#9220 = CARTESIAN_POINT ( 'NONE',  ( 3.372160293666205177, 5.568675347532885844, 11.17499999999999893 ) ) ;
#9221 = ORIENTED_EDGE ( 'NONE', *, *, #201, .T. ) ;
#9222 = ORIENTED_EDGE ( 'NONE', *, *, #1624, .T. ) ;
#9223 = CARTESIAN_POINT ( 'NONE',  ( -1.400000000000000133, 9.768344573749498494, 5.530000000000000249 ) ) ;
#9224 = FACE_OUTER_BOUND ( 'NONE', #6698, .T. ) ;
#9225 = CARTESIAN_POINT ( 'NONE',  ( 2.571963978632909598, 3.200000000000000178, 7.204686064820227109 ) ) ;
#9226 = AXIS2_PLACEMENT_3D ( 'NONE', #5757, #5059, #11079 ) ;
#9227 = VECTOR ( 'NONE', #126, 1000.000000000000000 ) ;
#9228 = EDGE_CURVE ( 'NONE', #6501, #6144, #10474, .T. ) ;
#9229 = ORIENTED_EDGE ( 'NONE', *, *, #11234, .T. ) ;
#9230 = LINE ( 'NONE', #1377, #2237 ) ;
#9231 = LINE ( 'NONE', #8248, #7375 ) ;
#9232 = VECTOR ( 'NONE', #8804, 1000.000000000000000 ) ;
#9233 = ORIENTED_EDGE ( 'NONE', *, *, #346, .F. ) ;
#9234 = DIRECTION ( 'NONE',  ( 0.000000000000000000, 1.000000000000000000, 0.000000000000000000 ) ) ;
#9235 = DIRECTION ( 'NONE',  ( 0.000000000000000000, 0.000000000000000000, 1.000000000000000000 ) ) ;
#9236 = FACE_OUTER_BOUND ( 'NONE', #9117, .T. ) ;
#9237 = EDGE_LOOP ( 'NONE', ( #5804, #9295, #11114, #5814 ) ) ;
#9238 = VECTOR ( 'NONE', #2959, 1000.000000000000000 ) ;
#9239 = ORIENTED_EDGE ( 'NONE', *, *, #4145, .F. ) ;
#9240 = ORIENTED_EDGE ( 'NONE', *, *, #3209, .F. ) ;
#9241 = VECTOR ( 'NONE', #9639, 1000.000000000000000 ) ;
#9242 = CARTESIAN_POINT ( 'NONE',  ( 7.252000366886313998, 3.176175380897988898, -2.435362535369390624 ) ) ;
#9243 = EDGE_CURVE ( 'NONE', #5530, #376, #8688, .T. ) ;
#9244 = FACE_OUTER_BOUND ( 'NONE', #2833, .T. ) ;
#9245 = CARTESIAN_POINT ( 'NONE',  ( 2.280939751330912202, 6.965469875665442068, 15.00000000000000000 ) ) ;
#9246 =( BOUNDED_CURVE ( )  B_SPLINE_CURVE ( 3, ( #5126, #6744, #2382, #5024 ),
 .UNSPECIFIED., .F., .F. ) 
 B_SPLINE_CURVE_WITH_KNOTS ( ( 4, 4 ),
 ( 5.978492653164188653, 6.587877961194983811 ),
 .UNSPECIFIED. ) 
 CURVE ( )  GEOMETRIC_REPRESENTATION_ITEM ( )  RATIONAL_B_SPLINE_CURVE ( ( 1.000000000000000000, 0.9692928009446304394, 0.9692928009446304394, 1.000000000000000000 ) ) 
 REPRESENTATION_ITEM ( '' )  );
#9247 = DIRECTION ( 'NONE',  ( -0.9906889957247181355, 0.1361444591232022772, 0.000000000000000000 ) ) ;
#9248 = FACE_OUTER_BOUND ( 'NONE', #3751, .T. ) ;
#9249 = CARTESIAN_POINT ( 'NONE',  ( -2.280939751330913978, -4.084530124334558643, 0.000000000000000000 ) ) ;
#9250 = ORIENTED_EDGE ( 'NONE', *, *, #2711, .F. ) ;
#9251 = CARTESIAN_POINT ( 'NONE',  ( 0.000000000000000000, 6.649999999999999467, 4.549999999999999822 ) ) ;
#9252 = DIRECTION ( 'NONE',  ( -0.1061605406293884973, 0.9943490029226539351, 0.000000000000000000 ) ) ;
#9253 = CIRCLE ( 'NONE', #10166, 3.649999999999999467 ) ;
#9254 = ORIENTED_EDGE ( 'NONE', *, *, #6462, .T. ) ;
#9255 = ORIENTED_EDGE ( 'NONE', *, *, #5181, .F. ) ;
#9256 = DIRECTION ( 'NONE',  ( -0.000000000000000000, 0.000000000000000000, 1.000000000000000000 ) ) ;
#9257 = EDGE_CURVE ( 'NONE', #9344, #1189, #7786, .T. ) ;
#9258 =( LENGTH_UNIT ( ) NAMED_UNIT ( * ) SI_UNIT ( .MILLI., .METRE. ) );
#9259 = DIRECTION ( 'NONE',  ( 0.9592845720430333012, -0.2824413387594218450, 0.000000000000000000 ) ) ;
#9260 = CARTESIAN_POINT ( 'NONE',  ( -3.649999999999999467, 6.965469875665389665, 11.17499999999999893 ) ) ;
#9261 = EDGE_CURVE ( 'NONE', #83, #646, #10154, .T. ) ;
#9262 = ORIENTED_EDGE ( 'NONE', *, *, #7241, .F. ) ;
#9263 = LINE ( 'NONE', #1406, #7318 ) ;
#9264 = DIRECTION ( 'NONE',  ( -0.000000000000000000, -1.000000000000000000, -0.000000000000000000 ) ) ;
#9265 = VERTEX_POINT ( 'NONE', #3101 ) ;
#9266 = DIRECTION ( 'NONE',  ( 1.000000000000000000, 0.000000000000000000, 0.000000000000000000 ) ) ;
#9267 = ORIENTED_EDGE ( 'NONE', *, *, #799, .T. ) ;
#9268 = AXIS2_PLACEMENT_3D ( 'NONE', #8226, #6454, #1243 ) ;
#9269 = LINE ( 'NONE', #9576, #1539 ) ;
#9270 = ORIENTED_EDGE ( 'NONE', *, *, #4437, .T. ) ;
#9271 = CARTESIAN_POINT ( 'NONE',  ( -1.771168402671605879E-15, 6.965469875665441180, 15.29999999999999893 ) ) ;
#9272 = EDGE_CURVE ( 'NONE', #1163, #9296, #1540, .T. ) ;
#9273 = EDGE_CURVE ( 'NONE', #70, #9900, #1763, .T. ) ;
#9274 = DIRECTION ( 'NONE',  ( -1.000000000000000000, 0.000000000000000000, 0.000000000000000000 ) ) ;
#9275 = CIRCLE ( 'NONE', #1753, 0.1000000000000001443 ) ;
#9276 = DIRECTION ( 'NONE',  ( 0.000000000000000000, -1.000000000000000000, 0.000000000000000000 ) ) ;
#9277 = EDGE_CURVE ( 'NONE', #5443, #10905, #4398, .T. ) ;
#9278 = DIRECTION ( 'NONE',  ( 0.000000000000000000, -1.000000000000000000, 0.000000000000000000 ) ) ;
#9279 = DIRECTION ( 'NONE',  ( -1.000000000000000000, 0.000000000000000000, 0.000000000000000000 ) ) ;
#9280 = VERTEX_POINT ( 'NONE', #11275 ) ;
#9281 = ORIENTED_EDGE ( 'NONE', *, *, #8463, .T. ) ;
#9282 = CARTESIAN_POINT ( 'NONE',  ( 0.000000000000000000, 9.768344573749500270, -5.400000000000000355 ) ) ;
#9283 = CARTESIAN_POINT ( 'NONE',  ( 1.397319086605161464, 6.500000000000000000, 0.8267289123675667373 ) ) ;
#9284 = AXIS2_PLACEMENT_3D ( 'NONE', #10490, #8777, #9806 ) ;
#9285 = DIRECTION ( 'NONE',  ( 0.000000000000000000, 0.000000000000000000, 1.000000000000000000 ) ) ;
#9286 = EDGE_CURVE ( 'NONE', #2136, #10759, #6928, .T. ) ;
#9287 = DIRECTION ( 'NONE',  ( -0.5049013445390029275, -0.8631770573194744722, 0.000000000000000000 ) ) ;
#9288 = LINE ( 'NONE', #637, #7921 ) ;
#9289 = ORIENTED_EDGE ( 'NONE', *, *, #723, .T. ) ;
#9290 = CARTESIAN_POINT ( 'NONE',  ( -1.400000000000000133, 11.43165542625050435, 5.400000000000000355 ) ) ;
#9291 = FACE_OUTER_BOUND ( 'NONE', #6801, .T. ) ;
#9292 = DIRECTION ( 'NONE',  ( 0.000000000000000000, 0.000000000000000000, 1.000000000000000000 ) ) ;
#9293 = ORIENTED_EDGE ( 'NONE', *, *, #4642, .F. ) ;
#9294 = ADVANCED_FACE ( 'NONE', ( #5034 ), #10097, .F. ) ;
#9295 = ORIENTED_EDGE ( 'NONE', *, *, #10417, .F. ) ;
#9296 = VERTEX_POINT ( 'NONE', #8532 ) ;
#9297 = DIRECTION ( 'NONE',  ( 0.000000000000000000, 0.000000000000000000, 1.000000000000000000 ) ) ;
#9298 = VECTOR ( 'NONE', #2647, 1000.000000000000000 ) ;
#9299 = CARTESIAN_POINT ( 'NONE',  ( -3.095943168387719879, 11.89188581067152839, 0.000000000000000000 ) ) ;
#9300 = DIRECTION ( 'NONE',  ( -0.9906889957247183576, 0.1361444591232013335, 0.000000000000000000 ) ) ;
#9301 = LINE ( 'NONE', #6719, #5112 ) ;
#9302 = DIRECTION ( 'NONE',  ( 0.000000000000000000, 1.000000000000000000, 0.000000000000000000 ) ) ;
#9303 = DIRECTION ( 'NONE',  ( 0.000000000000000000, 0.000000000000000000, -1.000000000000000000 ) ) ;
#9304 = CARTESIAN_POINT ( 'NONE',  ( 4.433344562587840265, 2.048942590553171961, -2.312024219028176120 ) ) ;
#9305 = ORIENTED_EDGE ( 'NONE', *, *, #3957, .F. ) ;
#9306 = ADVANCED_FACE ( 'NONE', ( #4177 ), #7733, .T. ) ;
#9307 = ORIENTED_EDGE ( 'NONE', *, *, #9654, .T. ) ;
#9308 = EDGE_CURVE ( 'NONE', #8932, #2652, #8587, .T. ) ;
#9309 = ORIENTED_EDGE ( 'NONE', *, *, #1689, .F. ) ;
#9310 = DIRECTION ( 'NONE',  ( 0.1361444591232013057, 0.9906889957247183576, -0.000000000000000000 ) ) ;
#9311 = DIRECTION ( 'NONE',  ( -0.7071067811865475727, 0.000000000000000000, 0.7071067811865475727 ) ) ;
#9312 = AXIS2_PLACEMENT_3D ( 'NONE', #9282, #8303, #10193 ) ;
#9313 = ORIENTED_EDGE ( 'NONE', *, *, #7499, .F. ) ;
#9314 = FACE_OUTER_BOUND ( 'NONE', #7177, .T. ) ;
#9315 = CARTESIAN_POINT ( 'NONE',  ( -1.771168402671605879E-15, 6.965469875665441180, 0.000000000000000000 ) ) ;
#9316 = EDGE_LOOP ( 'NONE', ( #5467, #11282, #708 ) ) ;
#9317 = DIRECTION ( 'NONE',  ( -0.4876598490941712050, -0.7241379310344822073, -0.4876598490941709274 ) ) ;
#9318 = ORIENTED_EDGE ( 'NONE', *, *, #839, .F. ) ;
#9319 = EDGE_CURVE ( 'NONE', #6712, #7992, #6058, .T. ) ;
#9320 = CARTESIAN_POINT ( 'NONE',  ( 2.580939751330874721, 9.546409626996361197, 11.17499999999999893 ) ) ;
#9321 = ORIENTED_EDGE ( 'NONE', *, *, #4896, .T. ) ;
#9322 = CARTESIAN_POINT ( 'NONE',  ( 2.231423360340241580, 8.359311155412269656, -2.625562286609687046 ) ) ;
#9323 = CARTESIAN_POINT ( 'NONE',  ( 0.1102410514732341668, 10.61380468905223928, 0.000000000000000000 ) ) ;
#9324 = LINE ( 'NONE', #1468, #8893 ) ;
#9325 = LINE ( 'NONE', #2968, #87 ) ;
#9326 = CARTESIAN_POINT ( 'NONE',  ( 0.000000000000000000, 1.500000000000000444, 0.000000000000000000 ) ) ;
#9327 = ORIENTED_EDGE ( 'NONE', *, *, #1994, .T. ) ;
#9328 = VERTEX_POINT ( 'NONE', #3373 ) ;
#9329 = DIRECTION ( 'NONE',  ( 0.2824413387594218450, 0.9592845720430331902, 0.000000000000000000 ) ) ;
#9330 = DIRECTION ( 'NONE',  ( 0.000000000000000000, 0.7546055221635050714, 0.6561787149247864104 ) ) ;
#9331 = ADVANCED_FACE ( 'NONE', ( #6871 ), #10996, .T. ) ;
#9332 = EDGE_CURVE ( 'NONE', #3524, #3094, #10765, .T. ) ;
#9333 = CARTESIAN_POINT ( 'NONE',  ( 0.000000000000000000, 6.649999999999999467, -0.7729309367425445387 ) ) ;
#9334 = AXIS2_PLACEMENT_3D ( 'NONE', #223, #10701, #8660 ) ;
#9335 = DIRECTION ( 'NONE',  ( -0.8631770573194726959, 0.5049013445390057031, 0.000000000000000000 ) ) ;
#9336 = DIRECTION ( 'NONE',  ( -1.000000000000000000, 0.000000000000000000, 0.000000000000000000 ) ) ;
#9337 = ORIENTED_EDGE ( 'NONE', *, *, #7751, .F. ) ;
#9338 = CARTESIAN_POINT ( 'NONE',  ( -5.498644456795159563, 5.957805881184944141, -2.454779244514313952 ) ) ;
#9339 = LINE ( 'NONE', #8592, #6881 ) ;
#9340 = CARTESIAN_POINT ( 'NONE',  ( -2.580939751330911580, 4.384530124334556689, 0.2999999999999999334 ) ) ;
#9341 = VERTEX_POINT ( 'NONE', #9674 ) ;
#9342 = ORIENTED_EDGE ( 'NONE', *, *, #1471, .F. ) ;
#9343 = EDGE_CURVE ( 'NONE', #1654, #11294, #10542, .T. ) ;
#9344 = VERTEX_POINT ( 'NONE', #3726 ) ;
#9345 = CARTESIAN_POINT ( 'NONE',  ( -4.543562660682161081, 2.657682890112509799, 3.675000000000000266 ) ) ;
#9346 = AXIS2_PLACEMENT_3D ( 'NONE', #2424, #5057, #2365 ) ;
#9347 = DIRECTION ( 'NONE',  ( 4.945579762210229334E-17, -1.000000000000000000, 0.000000000000000000 ) ) ;
#9348 = EDGE_CURVE ( 'NONE', #6453, #3524, #5510, .T. ) ;
#9349 = DIRECTION ( 'NONE',  ( -0.000000000000000000, 0.000000000000000000, 1.000000000000000000 ) ) ;
#9350 = DIRECTION ( 'NONE',  ( -0.000000000000000000, 1.000000000000000000, -0.000000000000000000 ) ) ;
#9351 = PLANE ( 'NONE',  #5611 ) ;
#9352 = CIRCLE ( 'NONE', #5514, 3.649999999999999467 ) ;
#9353 = PLANE ( 'NONE',  #2889 ) ;
#9354 = PLANE ( 'NONE',  #6520 ) ;
#9355 = ORIENTED_EDGE ( 'NONE', *, *, #8796, .T. ) ;
#9356 = ORIENTED_EDGE ( 'NONE', *, *, #8382, .T. ) ;
#9357 = AXIS2_PLACEMENT_3D ( 'NONE', #684, #8705, #4175 ) ;
#9358 = ORIENTED_EDGE ( 'NONE', *, *, #4503, .T. ) ;
#9359 = CARTESIAN_POINT ( 'NONE',  ( -2.986171345291897872, 4.909999999999999254, -5.107491688851538925 ) ) ;
#9360 = VECTOR ( 'NONE', #728, 1000.000000000000000 ) ;
#9361 = CARTESIAN_POINT ( 'NONE',  ( 0.000000000000000000, 0.000000000000000000, 0.000000000000000000 ) ) ;
#9362 = EDGE_CURVE ( 'NONE', #6963, #8081, #1121, .T. ) ;
#9363 = DIRECTION ( 'NONE',  ( 0.2533391860415180052, -0.9673775151489831803, 0.000000000000000000 ) ) ;
#9364 = VERTEX_POINT ( 'NONE', #8947 ) ;
#9365 = FACE_OUTER_BOUND ( 'NONE', #8030, .T. ) ;
#9366 = AXIS2_PLACEMENT_3D ( 'NONE', #117, #1135, #8125 ) ;
#9367 = LINE ( 'NONE', #777, #7585 ) ;
#9368 = CIRCLE ( 'NONE', #3880, 7.650000000000000355 ) ;
#9369 = VERTEX_POINT ( 'NONE', #2055 ) ;
#9370 = DIRECTION ( 'NONE',  ( -0.9906889957247186906, 0.1361444591231988355, 0.000000000000000000 ) ) ;
#9371 = ORIENTED_EDGE ( 'NONE', *, *, #9493, .F. ) ;
#9372 = CARTESIAN_POINT ( 'NONE',  ( -2.580939751330911136, -4.384530124334557577, 15.29999999999999893 ) ) ;
#9373 = EDGE_LOOP ( 'NONE', ( #4149, #8173, #6371, #3762 ) ) ;
#9374 = CIRCLE ( 'NONE', #229, 0.1700000000000000122 ) ;
#9375 = CIRCLE ( 'NONE', #232, 0.1299999999999998934 ) ;
#9376 = CARTESIAN_POINT ( 'NONE',  ( -1.771168402671605879E-15, 6.965469875665441180, 15.29999999999999893 ) ) ;
#9377 = CYLINDRICAL_SURFACE ( 'NONE', #10422, 5.000000000000000000 ) ;
#9378 = LINE ( 'NONE', #11039, #5415 ) ;
#9379 = ADVANCED_FACE ( 'NONE', ( #3555 ), #4581, .T. ) ;
#9380 = CARTESIAN_POINT ( 'NONE',  ( 3.301579660418290096, 1.563075121266647605, 6.900987060043524579 ) ) ;
#9381 = CARTESIAN_POINT ( 'NONE',  ( -5.087985294887802823, 3.021034482758620854, 2.966664951328077393 ) ) ;
#9382 = VERTEX_POINT ( 'NONE', #2917 ) ;
#9383 = ORIENTED_EDGE ( 'NONE', *, *, #3502, .T. ) ;
#9384 = AXIS2_PLACEMENT_3D ( 'NONE', #6417, #9970, #4527 ) ;
#9385 = VECTOR ( 'NONE', #9924, 1000.000000000000000 ) ;
#9386 = DIRECTION ( 'NONE',  ( 0.7781777610061603179, -0.6280440846592214577, 0.000000000000000000 ) ) ;
#9387 = LINE ( 'NONE', #4287, #2211 ) ;
#9388 = VECTOR ( 'NONE', #4804, 1000.000000000000000 ) ;
#9389 = EDGE_CURVE ( 'NONE', #320, #6731, #10712, .T. ) ;
#9390 = DIRECTION ( 'NONE',  ( 0.7071067811865474617, 0.000000000000000000, 0.7071067811865476838 ) ) ;
#9391 = AXIS2_PLACEMENT_3D ( 'NONE', #2700, #8035, #8728 ) ;
#9392 = CARTESIAN_POINT ( 'NONE',  ( -2.312024219028190775, 5.951057409446828039, -4.433344562587832272 ) ) ;
#9393 = ORIENTED_EDGE ( 'NONE', *, *, #7696, .F. ) ;
#9394 = EDGE_CURVE ( 'NONE', #8873, #5606, #4138, .T. ) ;
#9395 = DIRECTION ( 'NONE',  ( -0.8028956459037004390, 0.5961196035938423066, 0.000000000000000000 ) ) ;
#9396 = FACE_OUTER_BOUND ( 'NONE', #6222, .T. ) ;
#9397 = DIRECTION ( 'NONE',  ( 0.000000000000000000, 0.000000000000000000, 1.000000000000000000 ) ) ;
#9398 = AXIS2_PLACEMENT_3D ( 'NONE', #487, #7464, #902 ) ;
#9399 = ORIENTED_EDGE ( 'NONE', *, *, #6743, .T. ) ;
#9400 = VERTEX_POINT ( 'NONE', #8138 ) ;
#9401 = VERTEX_POINT ( 'NONE', #9058 ) ;
#9402 = VECTOR ( 'NONE', #3551, 1000.000000000000000 ) ;
#9403 = LINE ( 'NONE', #6826, #8810 ) ;
#9404 = VECTOR ( 'NONE', #514, 1000.000000000000000 ) ;
#9405 = EDGE_CURVE ( 'NONE', #6734, #2605, #7107, .T. ) ;
#9406 = DIRECTION ( 'NONE',  ( 0.000000000000000000, 0.1643989873053704753, 0.9863939238321415282 ) ) ;
#9407 = DIRECTION ( 'NONE',  ( -0.7071067811865475727, 0.000000000000000000, 0.7071067811865475727 ) ) ;
#9408 = EDGE_CURVE ( 'NONE', #8955, #10603, #3665, .T. ) ;
#9409 = CARTESIAN_POINT ( 'NONE',  ( -4.500000000000000000, 1.500000000000000444, 0.000000000000000000 ) ) ;
#9410 = CIRCLE ( 'NONE', #998, 0.1299999999999998934 ) ;
#9411 = FACE_OUTER_BOUND ( 'NONE', #2012, .T. ) ;
#9412 = CYLINDRICAL_SURFACE ( 'NONE', #8304, 3.649999999999999467 ) ;
#9413 = VERTEX_POINT ( 'NONE', #8829 ) ;
#9414 = EDGE_LOOP ( 'NONE', ( #9355, #6838, #9573, #717 ) ) ;
#9415 = CIRCLE ( 'NONE', #8878, 0.1499999999999999667 ) ;
#9416 = ORIENTED_EDGE ( 'NONE', *, *, #2677, .T. ) ;
#9417 = CARTESIAN_POINT ( 'NONE',  ( -4.694468754111172260, 3.930269601434686066, 11.17499999999999893 ) ) ;
#9418 = FACE_OUTER_BOUND ( 'NONE', #10258, .T. ) ;
#9419 = AXIS2_PLACEMENT_3D ( 'NONE', #9045, #10808, #2277 ) ;
#9420 = EDGE_CURVE ( 'NONE', #3831, #6009, #8890, .T. ) ;
#9421 = VERTEX_POINT ( 'NONE', #6415 ) ;
#9422 = DIRECTION ( 'NONE',  ( 0.2824413387594251756, 0.9592845720430323020, -0.000000000000000000 ) ) ;
#9423 = CYLINDRICAL_SURFACE ( 'NONE', #5199, 3.649999999999999467 ) ;
#9424 = EDGE_LOOP ( 'NONE', ( #1462, #8795, #8542, #3905, #6764, #9080 ) ) ;
#9425 = DIRECTION ( 'NONE',  ( 0.000000000000000000, 1.000000000000000000, 0.000000000000000000 ) ) ;
#9426 = ORIENTED_EDGE ( 'NONE', *, *, #10135, .F. ) ;
#9427 = ORIENTED_EDGE ( 'NONE', *, *, #5840, .T. ) ;
#9428 = EDGE_CURVE ( 'NONE', #1734, #4551, #580, .T. ) ;
#9429 = CARTESIAN_POINT ( 'NONE',  ( -1.380000000000000115, 8.631655426250503638, -4.400000000000000355 ) ) ;
#9430 = LINE ( 'NONE', #4330, #7148 ) ;
#9431 = CARTESIAN_POINT ( 'NONE',  ( 0.000000000000000000, 0.000000000000000000, -5.549999999999999822 ) ) ;
#9432 = CARTESIAN_POINT ( 'NONE',  ( 2.234154015110208835, 7.947084575471273560, 4.741006527942210447 ) ) ;
#9433 = VECTOR ( 'NONE', #5210, 1000.000000000000114 ) ;
#9434 = LINE ( 'NONE', #5131, #7567 ) ;
#9435 = ORIENTED_EDGE ( 'NONE', *, *, #10642, .F. ) ;
#9436 = VERTEX_POINT ( 'NONE', #7057 ) ;
#9437 = CARTESIAN_POINT ( 'NONE',  ( 1.173279993932568432, 12.43117126193364186, -2.457261515329068224 ) ) ;
#9438 = EDGE_CURVE ( 'NONE', #7418, #6865, #1484, .T. ) ;
#9439 = VECTOR ( 'NONE', #7899, 1000.000000000000000 ) ;
#9440 = LINE ( 'NONE', #5140, #8259 ) ;
#9441 = CARTESIAN_POINT ( 'NONE',  ( 0.000000000000000000, 6.500000000000000000, 0.000000000000000000 ) ) ;
#9442 = DIRECTION ( 'NONE',  ( 0.000000000000000000, 1.000000000000000000, 0.000000000000000000 ) ) ;
#9443 = EDGE_LOOP ( 'NONE', ( #5646, #349, #6993, #5651 ) ) ;
#9444 = CARTESIAN_POINT ( 'NONE',  ( 3.870068605369164860, 5.212479532407042093, -3.870068605369140435 ) ) ;
#9445 = CARTESIAN_POINT ( 'NONE',  ( 3.976120838953074887, 3.089999999999999858, -3.976120838953049130 ) ) ;
#9446 = CIRCLE ( 'NONE', #1408, 3.649999999999999467 ) ;
#9447 = DIRECTION ( 'NONE',  ( 0.2533391860415208363, -0.9673775151489824031, 0.000000000000000000 ) ) ;
#9448 = EDGE_LOOP ( 'NONE', ( #8594, #1449, #1806, #6299 ) ) ;
#9449 = ORIENTED_EDGE ( 'NONE', *, *, #7646, .T. ) ;
#9450 = EDGE_CURVE ( 'NONE', #70, #8061, #4525, .T. ) ;
#9451 = ORIENTED_EDGE ( 'NONE', *, *, #1051, .T. ) ;
#9452 = FACE_OUTER_BOUND ( 'NONE', #10988, .T. ) ;
#9453 = CARTESIAN_POINT ( 'NONE',  ( 1.379999999999999671, 9.768344573749500270, -5.530000000000000249 ) ) ;
#9454 = CARTESIAN_POINT ( 'NONE',  ( -2.149616066072687293, 8.208324503659552462, 11.17499999999999893 ) ) ;
#9455 = DIRECTION ( 'NONE',  ( -0.4786004400550746274, 0.8780328119034556122, 0.000000000000000000 ) ) ;
#9456 = CARTESIAN_POINT ( 'NONE',  ( 4.745536286357737055, 3.598821182761698267, -2.625562286609687046 ) ) ;
#9457 = EDGE_LOOP ( 'NONE', ( #4491, #3278, #7509, #3152 ) ) ;
#9458 = PLANE ( 'NONE',  #3256 ) ;
#9459 = DIRECTION ( 'NONE',  ( 0.2533391860415169505, -0.9673775151489834023, 0.000000000000000000 ) ) ;
#9460 = EDGE_LOOP ( 'NONE', ( #9204, #3266, #9853, #5176 ) ) ;
#9461 = ORIENTED_EDGE ( 'NONE', *, *, #8420, .T. ) ;
#9462 = PRODUCT_RELATED_PRODUCT_CATEGORY ( 'part', '', ( #6204 ) ) ;
#9463 = EDGE_CURVE ( 'NONE', #3778, #2325, #2804, .T. ) ;
#9464 = ORIENTED_EDGE ( 'NONE', *, *, #10813, .T. ) ;
#9465 = EDGE_CURVE ( 'NONE', #7763, #9023, #6794, .T. ) ;
#9466 = DIRECTION ( 'NONE',  ( -0.7071067811865473507, -8.049116928532377276E-17, 0.7071067811865477948 ) ) ;
#9467 = CARTESIAN_POINT ( 'NONE',  ( -1.400000000000000133, 6.500000000000000000, 0.8529309367425446098 ) ) ;
#9468 = CARTESIAN_POINT ( 'NONE',  ( 0.5922599689879302076, 9.528919086266823157, -2.454779244514313952 ) ) ;
#9469 = VERTEX_POINT ( 'NONE', #6585 ) ;
#9470 = CARTESIAN_POINT ( 'NONE',  ( 3.175602739079020687, 11.56612470205378429, 3.675000000000000266 ) ) ;
#9471 = CARTESIAN_POINT ( 'NONE',  ( -1.380000000000000338, 9.281463325509363926, 8.070837674355974656 ) ) ;
#9472 = EDGE_LOOP ( 'NONE', ( #1161, #8912, #1744, #2743 ) ) ;
#9473 = TOROIDAL_SURFACE ( 'NONE', #9659, 0.1699999999999999845, 0.02000000000000000042 ) ;
#9474 = DIRECTION ( 'NONE',  ( 1.000000000000000000, 0.000000000000000000, -0.000000000000000000 ) ) ;
#9475 = ORIENTED_EDGE ( 'NONE', *, *, #9562, .F. ) ;
#9476 = ORIENTED_EDGE ( 'NONE', *, *, #5587, .F. ) ;
#9477 = ADVANCED_FACE ( 'NONE', ( #2113, #8190 ), #5725, .T. ) ;
#9478 = DIRECTION ( 'NONE',  ( 0.9592845720430333012, -0.2824413387594218450, 0.000000000000000000 ) ) ;
#9479 = VECTOR ( 'NONE', #2219, 1000.000000000000114 ) ;
#9480 = DIRECTION ( 'NONE',  ( 1.000000000000000000, 0.000000000000000000, 0.000000000000000000 ) ) ;
#9481 = DIRECTION ( 'NONE',  ( 0.8631770573194766927, -0.5049013445389989307, 0.000000000000000000 ) ) ;
#9482 = DIRECTION ( 'NONE',  ( 0.000000000000000000, 0.000000000000000000, -1.000000000000000000 ) ) ;
#9483 = LINE ( 'NONE', #3475, #1521 ) ;
#9484 = EDGE_CURVE ( 'NONE', #11178, #11205, #2286, .T. ) ;
#9485 = ORIENTED_EDGE ( 'NONE', *, *, #2393, .T. ) ;
#9486 = ORIENTED_EDGE ( 'NONE', *, *, #2793, .F. ) ;
#9487 = CARTESIAN_POINT ( 'NONE',  ( 4.501358611527429332, 5.577406509138420176, 11.17499999999999893 ) ) ;
#9488 = DIRECTION ( 'NONE',  ( -0.5049013445390018173, -0.8631770573194749163, 0.000000000000000000 ) ) ;
#9489 = DIRECTION ( 'NONE',  ( -0.000000000000000000, 0.000000000000000000, 1.000000000000000000 ) ) ;
#9490 = CARTESIAN_POINT ( 'NONE',  ( 4.985102807365161759, 3.000000000000000000, -4.985102807365159983 ) ) ;
#9491 = CARTESIAN_POINT ( 'NONE',  ( 2.312024219028204541, 2.048942590553171517, -4.433344562587826054 ) ) ;
#9492 = EDGE_CURVE ( 'NONE', #7933, #6963, #8415, .T. ) ;
#9493 = EDGE_CURVE ( 'NONE', #10651, #1300, #4750, .T. ) ;
#9494 = ORIENTED_EDGE ( 'NONE', *, *, #10581, .F. ) ;
#9495 = DIRECTION ( 'NONE',  ( -0.000000000000000000, -0.000000000000000000, -1.000000000000000000 ) ) ;
#9496 = DIRECTION ( 'NONE',  ( 0.8631770573194761376, -0.5049013445389997079, 0.000000000000000000 ) ) ;
#9497 = LINE ( 'NONE', #2518, #982 ) ;
#9498 = ORIENTED_EDGE ( 'NONE', *, *, #10642, .T. ) ;
#9499 = ORIENTED_EDGE ( 'NONE', *, *, #1872, .T. ) ;
#9500 = ORIENTED_EDGE ( 'NONE', *, *, #8420, .F. ) ;
#9501 = AXIS2_PLACEMENT_3D ( 'NONE', #2708, #7187, #2657 ) ;
#9502 = LINE ( 'NONE', #6939, #8257 ) ;
#9503 = DIRECTION ( 'NONE',  ( 0.8780328119034572776, 0.4786004400550714633, -0.000000000000000000 ) ) ;
#9504 = DIRECTION ( 'NONE',  ( -1.000000000000000000, -2.168404344971008252E-17, 8.673617379884035472E-17 ) ) ;
#9505 = ADVANCED_FACE ( 'NONE', ( #350 ), #6702, .F. ) ;
#9506 = CARTESIAN_POINT ( 'NONE',  ( -4.543562660682159304, 2.657682890112502250, 7.800000000000000711 ) ) ;
#9507 = DIRECTION ( 'NONE',  ( -1.000000000000000000, -0.000000000000000000, -0.000000000000000000 ) ) ;
#9508 = ORIENTED_EDGE ( 'NONE', *, *, #7854, .T. ) ;
#9509 = DIRECTION ( 'NONE',  ( -0.000000000000000000, -0.000000000000000000, -1.000000000000000000 ) ) ;
#9510 = PLANE ( 'NONE',  #2990 ) ;
#9511 = ORIENTED_EDGE ( 'NONE', *, *, #10147, .F. ) ;
#9512 = VERTEX_POINT ( 'NONE', #522 ) ;
#9513 = ORIENTED_EDGE ( 'NONE', *, *, #9098, .F. ) ;
#9514 = AXIS2_PLACEMENT_3D ( 'NONE', #8390, #11246, #6899 ) ;
#9515 = LINE ( 'NONE', #8557, #4958 ) ;
#9516 = PRODUCT_DEFINITION_FORMATION_WITH_SPECIFIED_SOURCE ( 'ANY', '', #7573, .NOT_KNOWN. ) ;
#9517 = DIRECTION ( 'NONE',  ( 0.000000000000000000, 0.000000000000000000, 1.000000000000000000 ) ) ;
#9518 = PLANE ( 'NONE',  #8824 ) ;
#9519 = EDGE_CURVE ( 'NONE', #10426, #4438, #1315, .T. ) ;
#9520 = ORIENTED_EDGE ( 'NONE', *, *, #11021, .T. ) ;
#9521 = CARTESIAN_POINT ( 'NONE',  ( 2.380630087592845445, 8.085578849045317540, 7.800000000000000711 ) ) ;
#9522 = LINE ( 'NONE', #8563, #638 ) ;
#9523 = ORIENTED_EDGE ( 'NONE', *, *, #10195, .F. ) ;
#9525 = LINE ( 'NONE', #10231, #10529 ) ;
#9524 = VECTOR ( 'NONE', #6754, 1000.000000000000114 ) ;
#9526 = EDGE_CURVE ( 'NONE', #4989, #9401, #3835, .T. ) ;
#9527 = ORIENTED_EDGE ( 'NONE', *, *, #4238, .F. ) ;
#9528 =( BOUNDED_CURVE ( )  B_SPLINE_CURVE ( 3, ( #7618, #10937, #2342, #2397 ),
 .UNSPECIFIED., .F., .F. ) 
 B_SPLINE_CURVE_WITH_KNOTS ( ( 4, 4 ),
 ( 5.978492653164188653, 6.587877961194983811 ),
 .UNSPECIFIED. ) 
 CURVE ( )  GEOMETRIC_REPRESENTATION_ITEM ( )  RATIONAL_B_SPLINE_CURVE ( ( 1.000000000000000000, 0.9692928009446304394, 0.9692928009446304394, 1.000000000000000000 ) ) 
 REPRESENTATION_ITEM ( '' )  );
#9529 = EDGE_LOOP ( 'NONE', ( #2878, #1072, #6345, #5039 ) ) ;
#9530 = VECTOR ( 'NONE', #2705, 1000.000000000000000 ) ;
#9531 = LINE ( 'NONE', #11143, #8453 ) ;
#9533 = CIRCLE ( 'NONE', #8271, 7.650000000000000355 ) ;
#9532 = DIRECTION ( 'NONE',  ( 1.000000000000000000, 0.000000000000000000, 0.000000000000000000 ) ) ;
#9534 = CARTESIAN_POINT ( 'NONE',  ( -1.030666926558653025E-16, 6.965469875665441180, 0.000000000000000000 ) ) ;
#9535 = DIRECTION ( 'NONE',  ( -0.6280440846592173498, -0.7781777610061635375, 0.000000000000000000 ) ) ;
#9536 = EDGE_CURVE ( 'NONE', #6992, #5568, #6242, .T. ) ;
#9537 = ORIENTED_EDGE ( 'NONE', *, *, #4722, .F. ) ;
#9538 = FACE_OUTER_BOUND ( 'NONE', #2117, .T. ) ;
#9539 = FACE_OUTER_BOUND ( 'NONE', #3981, .T. ) ;
#9540 = DIRECTION ( 'NONE',  ( -1.978231904884091487E-16, 1.000000000000000000, 0.000000000000000000 ) ) ;
#9541 = ORIENTED_EDGE ( 'NONE', *, *, #11305, .F. ) ;
#9542 = EDGE_CURVE ( 'NONE', #10434, #1684, #5612, .T. ) ;
#9543 = ORIENTED_EDGE ( 'NONE', *, *, #656, .T. ) ;
#9544 = LINE ( 'NONE', #115, #2147 ) ;
#9545 = AXIS2_PLACEMENT_3D ( 'NONE', #10837, #9982, #5629 ) ;
#9546 = DIRECTION ( 'NONE',  ( 0.000000000000000000, 1.000000000000000000, 0.000000000000000000 ) ) ;
#9547 = VECTOR ( 'NONE', #6941, 1000.000000000000000 ) ;
#9548 = ADVANCED_FACE ( 'NONE', ( #11050 ), #2164, .F. ) ;
#9549 = DIRECTION ( 'NONE',  ( -8.673617379884035472E-17, -1.880790961315659329E-33, -1.000000000000000000 ) ) ;
#9550 = AXIS2_PLACEMENT_3D ( 'NONE', #1948, #2115, #5616 ) ;
#9551 = CIRCLE ( 'NONE', #1686, 3.649999999999999467 ) ;
#9552 = DIRECTION ( 'NONE',  ( 0.000000000000000000, 0.000000000000000000, -1.000000000000000000 ) ) ;
#9553 = VECTOR ( 'NONE', #7530, 1000.000000000000000 ) ;
#9554 = VERTEX_POINT ( 'NONE', #10991 ) ;
#9555 = LINE ( 'NONE', #4348, #10766 ) ;
#9556 = CARTESIAN_POINT ( 'NONE',  ( 1.379999999999999671, 6.622052172158088723, 0.9406179037940093357 ) ) ;
#9557 = DIRECTION ( 'NONE',  ( -0.9592845720430323020, 0.2824413387594251756, 0.000000000000000000 ) ) ;
#9558 = ORIENTED_EDGE ( 'NONE', *, *, #4582, .T. ) ;
#9559 = ORIENTED_EDGE ( 'NONE', *, *, #1872, .F. ) ;
#9560 = ORIENTED_EDGE ( 'NONE', *, *, #5587, .T. ) ;
#9561 = AXIS2_PLACEMENT_3D ( 'NONE', #9155, #2215, #5716 ) ;
#9562 = EDGE_CURVE ( 'NONE', #6303, #1972, #7406, .T. ) ;
#9563 = VECTOR ( 'NONE', #9747, 1000.000000000000114 ) ;
#9564 = DIRECTION ( 'NONE',  ( 0.000000000000000000, 0.000000000000000000, 1.000000000000000000 ) ) ;
#9565 = CARTESIAN_POINT ( 'NONE',  ( -1.030666926558653025E-16, 6.965469875665441180, 11.17499999999999893 ) ) ;
#9566 = CARTESIAN_POINT ( 'NONE',  ( -1.771168402671605879E-15, 6.965469875665441180, 3.675000000000000266 ) ) ;
#9567 = PLANE ( 'NONE',  #7658 ) ;
#9568 = CARTESIAN_POINT ( 'NONE',  ( 2.580939751330913801, -4.384530124334557577, 15.29999999999999893 ) ) ;
#9569 = AXIS2_PLACEMENT_3D ( 'NONE', #4448, #51, #8007 ) ;
#9570 = ORIENTED_EDGE ( 'NONE', *, *, #2363, .T. ) ;
#9571 = CARTESIAN_POINT ( 'NONE',  ( 2.312024219028190775, 5.951057409446828039, 4.433344562587832272 ) ) ;
#9572 = DIRECTION ( 'NONE',  ( -1.000000000000000000, 0.000000000000000000, 0.000000000000000000 ) ) ;
#9573 = ORIENTED_EDGE ( 'NONE', *, *, #5056, .F. ) ;
#9574 = STYLED_ITEM ( 'NONE', ( #2915 ), #8558 ) ;
#9575 = ORIENTED_EDGE ( 'NONE', *, *, #7044, .T. ) ;
#9576 = CARTESIAN_POINT ( 'NONE',  ( 3.328434437871126583, 5.467463135762873350, -2.625562286609687046 ) ) ;
#9577 = VERTEX_POINT ( 'NONE', #405 ) ;
#9578 = EDGE_CURVE ( 'NONE', #3840, #1220, #10935, .T. ) ;
#9579 = VECTOR ( 'NONE', #1469, 1000.000000000000000 ) ;
#9580 = CARTESIAN_POINT ( 'NONE',  ( -1.379999999999999227, 2.775349838536065761, 2.413347685683533417 ) ) ;
#9581 = DIRECTION ( 'NONE',  ( 0.000000000000000000, 0.000000000000000000, -1.000000000000000000 ) ) ;
#9582 = DIRECTION ( 'NONE',  ( 0.8780328119034598311, 0.4786004400550665783, 0.000000000000000000 ) ) ;
#9583 = ORIENTED_EDGE ( 'NONE', *, *, #5416, .T. ) ;
#9584 = CARTESIAN_POINT ( 'NONE',  ( 2.280939751330914422, -4.384530124334557577, 0.000000000000000000 ) ) ;
#9585 = DIRECTION ( 'NONE',  ( -1.000000000000000000, 0.000000000000000000, 0.000000000000000000 ) ) ;
#9586 = CIRCLE ( 'NONE', #1911, 0.1700000000000000122 ) ;
#9587 = VERTEX_POINT ( 'NONE', #4811 ) ;
#9588 = DIRECTION ( 'NONE',  ( -0.000000000000000000, 0.000000000000000000, 1.000000000000000000 ) ) ;
#9589 = ORIENTED_EDGE ( 'NONE', *, *, #5654, .F. ) ;
#9590 = ORIENTED_EDGE ( 'NONE', *, *, #10516, .T. ) ;
#9591 = AXIS2_PLACEMENT_3D ( 'NONE', #5999, #6983, #1707 ) ;
#9592 = EDGE_CURVE ( 'NONE', #10760, #8168, #7497, .T. ) ;
#9593 = CARTESIAN_POINT ( 'NONE',  ( -1.400000000000000133, 12.48000000000000043, 4.343903740188081564 ) ) ;
#9594 = AXIS2_PLACEMENT_3D ( 'NONE', #2996, #9873, #7412 ) ;
#9595 = ADVANCED_FACE ( 'NONE', ( #3033 ), #3495, .T. ) ;
#9596 = FACE_OUTER_BOUND ( 'NONE', #10575, .T. ) ;
#9597 = PLANE ( 'NONE',  #7190 ) ;
#9598 = FACE_OUTER_BOUND ( 'NONE', #464, .T. ) ;
#9599 = VERTEX_POINT ( 'NONE', #4872 ) ;
#9600 = CARTESIAN_POINT ( 'NONE',  ( 4.745536286357737055, 3.598821182761691606, 0.000000000000000000 ) ) ;
#9601 = CARTESIAN_POINT ( 'NONE',  ( 3.261944826741900894, 1.546453914618039605, 6.919843220402990269 ) ) ;
#9602 = LINE ( 'NONE', #10403, #9935 ) ;
#9603 = EDGE_LOOP ( 'NONE', ( #6739, #4960, #10204, #1884, #9885, #9866, #2090, #4101, #1379, #5992, #585, #12, #416, #4626, #1384, #8740 ) ) ;
#9604 = ORIENTED_EDGE ( 'NONE', *, *, #1567, .T. ) ;
#9605 = CARTESIAN_POINT ( 'NONE',  ( 2.580939751330912468, 4.384530124334557577, 0.2999999999999999334 ) ) ;
#9606 = CARTESIAN_POINT ( 'NONE',  ( -5.498644456795161339, 5.957805881184941477, -2.454779244514317504 ) ) ;
#9607 = EDGE_CURVE ( 'NONE', #9178, #7844, #10249, .T. ) ;
#9608 = DIRECTION ( 'NONE',  ( 0.6042542366568471879, -0.7967915771908303801, 0.000000000000000000 ) ) ;
#9609 = ADVANCED_FACE ( 'NONE', ( #1642 ), #6429, .T. ) ;
#9610 = VECTOR ( 'NONE', #6127, 999.9999999999998863 ) ;
#9611 = DIRECTION ( 'NONE',  ( -8.673617379884030542E-17, -1.000000000000000000, -8.673617379884030542E-17 ) ) ;
#9612 = CARTESIAN_POINT ( 'NONE',  ( -7.248827492908195502, 3.153668633940836852, 2.444832771519096060 ) ) ;
#9613 = VERTEX_POINT ( 'NONE', #8531 ) ;
#9614 = DIRECTION ( 'NONE',  ( 0.000000000000000000, 0.000000000000000000, -1.000000000000000000 ) ) ;
#9615 = CARTESIAN_POINT ( 'NONE',  ( -1.400000000000000133, 9.768344573749500270, -5.530000000000000249 ) ) ;
#9616 = DIRECTION ( 'NONE',  ( 8.673617379884035472E-17, 0.000000000000000000, 1.000000000000000000 ) ) ;
#9617 = EDGE_LOOP ( 'NONE', ( #1492, #5912, #2406, #1322 ) ) ;
#9618 = VECTOR ( 'NONE', #4716, 1000.000000000000000 ) ;
#9619 = ORIENTED_EDGE ( 'NONE', *, *, #7959, .F. ) ;
#9620 = EDGE_CURVE ( 'NONE', #10548, #4989, #9440, .T. ) ;
#9621 = AXIS2_PLACEMENT_3D ( 'NONE', #7748, #9507, #11068 ) ;
#9622 = LINE ( 'NONE', #3440, #3693 ) ;
#9623 = CARTESIAN_POINT ( 'NONE',  ( -1.379999999999999671, 6.649999999999999467, -0.7729309367425445387 ) ) ;
#9624 = CARTESIAN_POINT ( 'NONE',  ( -1.030666926558653025E-16, 6.965469875665441180, 15.29999999999999893 ) ) ;
#9625 = CARTESIAN_POINT ( 'NONE',  ( 7.296724953260060431, 3.200000000000000178, 2.297891415291850148 ) ) ;
#9626 = ORIENTED_EDGE ( 'NONE', *, *, #2177, .T. ) ;
#9627 = EDGE_CURVE ( 'NONE', #7466, #1613, #1303, .T. ) ;
#9628 = CARTESIAN_POINT ( 'NONE',  ( 4.433344562587833160, 5.951057409446828039, 2.312024219028188554 ) ) ;
#9629 = FACE_OUTER_BOUND ( 'NONE', #6182, .T. ) ;
#9630 = ORIENTED_EDGE ( 'NONE', *, *, #5936, .T. ) ;
#9631 = ORIENTED_EDGE ( 'NONE', *, *, #5676, .T. ) ;
#9632 = CARTESIAN_POINT ( 'NONE',  ( -3.650000000000001688, 6.965469875665390553, 0.000000000000000000 ) ) ;
#9633 = ORIENTED_EDGE ( 'NONE', *, *, #9704, .F. ) ;
#9634 = CIRCLE ( 'NONE', #4697, 3.649999999999999467 ) ;
#9635 = DIRECTION ( 'NONE',  ( -0.9906889957247181355, 0.1361444591232023049, 0.000000000000000000 ) ) ;
#9636 = CARTESIAN_POINT ( 'NONE',  ( 1.400000000000000133, 11.54484625457503100, 5.498426807238718794 ) ) ;
#9637 = CARTESIAN_POINT ( 'NONE',  ( -3.328434437871129692, 8.463476615568003680, -2.625562286609690599 ) ) ;
#9638 = FACE_OUTER_BOUND ( 'NONE', #8283, .T. ) ;
#9639 = DIRECTION ( 'NONE',  ( 0.000000000000000000, 0.000000000000000000, 1.000000000000000000 ) ) ;
#9640 = EDGE_CURVE ( 'NONE', #5598, #562, #10410, .T. ) ;
#9641 = EDGE_CURVE ( 'NONE', #6021, #10732, #4784, .T. ) ;
#9642 = ORIENTED_EDGE ( 'NONE', *, *, #10625, .F. ) ;
#9643 = FACE_OUTER_BOUND ( 'NONE', #8246, .T. ) ;
#9644 = VERTEX_POINT ( 'NONE', #4226 ) ;
#9645 = VERTEX_POINT ( 'NONE', #6055 ) ;
#9646 = DIRECTION ( 'NONE',  ( -0.000000000000000000, -0.000000000000000000, -1.000000000000000000 ) ) ;
#9647 = DIRECTION ( 'NONE',  ( 1.000000000000000000, 0.000000000000000000, 0.000000000000000000 ) ) ;
#9648 = CARTESIAN_POINT ( 'NONE',  ( 0.5922599689879362028, 9.528919086266816052, 0.000000000000000000 ) ) ;
#9649 = AXIS2_PLACEMENT_3D ( 'NONE', #6138, #8899, #5278 ) ;
#9650 = ORIENTED_EDGE ( 'NONE', *, *, #2569, .T. ) ;
#9651 = DIRECTION ( 'NONE',  ( -0.6042542366568462997, 0.7967915771908309353, 0.000000000000000000 ) ) ;
#9652 = CARTESIAN_POINT ( 'NONE',  ( -2.657714481646607396, 4.463659784142524956, 7.800000000000000711 ) ) ;
#9653 = CARTESIAN_POINT ( 'NONE',  ( 2.580939751330913356, 6.382121700833032922E-16, 3.675000000000000266 ) ) ;
#9654 = EDGE_CURVE ( 'NONE', #3563, #8927, #9387, .T. ) ;
#9655 = EDGE_LOOP ( 'NONE', ( #8024, #2124, #6278, #1395, #2608, #2955, #10004, #4705, #7963, #7922, #9513, #11084, #1190, #4193, #5793, #7193 ) ) ;
#9656 = ORIENTED_EDGE ( 'NONE', *, *, #1021, .F. ) ;
#9657 = DIRECTION ( 'NONE',  ( 2.168404344971008252E-17, -1.000000000000000000, 0.000000000000000000 ) ) ;
#9658 = LINE ( 'NONE', #1758, #8317 ) ;
#9659 = AXIS2_PLACEMENT_3D ( 'NONE', #7914, #5219, #927 ) ;
#9660 = DIRECTION ( 'NONE',  ( 1.000000000000000000, 0.000000000000000000, 0.000000000000000000 ) ) ;
#9661 = CARTESIAN_POINT ( 'NONE',  ( -4.400384907665015000, 6.000000000000000000, 2.279064564105303337 ) ) ;
#9662 = CARTESIAN_POINT ( 'NONE',  ( 2.580939751330912468, 4.384530124334556689, 0.1242640687119284104 ) ) ;
#9663 = DIRECTION ( 'NONE',  ( 0.000000000000000000, 0.000000000000000000, 1.000000000000000000 ) ) ;
#9664 = ADVANCED_FACE ( 'NONE', ( #7671 ), #4124, .T. ) ;
#9665 = VERTEX_POINT ( 'NONE', #860 ) ;
#9666 = PRODUCT_DEFINITION ( 'UNKNOWN', '', #3126, #10907 ) ;
#9667 = CARTESIAN_POINT ( 'NONE',  ( -2.580939751330912468, 9.546409626996325670, -2.625562286609687046 ) ) ;
#9668 = EDGE_CURVE ( 'NONE', #162, #1077, #10816, .T. ) ;
#9669 = LINE ( 'NONE', #9615, #9981 ) ;
#9670 = ORIENTED_EDGE ( 'NONE', *, *, #4343, .T. ) ;
#9671 = ADVANCED_FACE ( 'NONE', ( #2 ), #4977, .T. ) ;
#9672 = B_SPLINE_CURVE_WITH_KNOTS ( 'NONE', 3,
 ( #8617, #1618, #7123, #6902, #4262, #2707, #6203, #772, #7762, #33 ),
 .UNSPECIFIED., .F., .F.,
 ( 4, 3, 3, 4 ),
 ( -2.449489749371383278E-06, 0.000000000000000000, 4.097538642259676095E-05, 8.049306843309084886E-05 ),
 .UNSPECIFIED. ) ;
#9673 = EDGE_LOOP ( 'NONE', ( #5549, #1518, #8770, #4618 ) ) ;
#9674 = CARTESIAN_POINT ( 'NONE',  ( -1.400000000000000133, 9.670245855868245144, -5.485303232940222706 ) ) ;
#9675 = PRODUCT_DEFINITION_SHAPE ( 'NONE', 'NONE',  #864 ) ;
#9676 = VECTOR ( 'NONE', #7138, 1000.000000000000227 ) ;
#9677 = DIRECTION ( 'NONE',  ( 1.000000000000000000, 0.000000000000000000, 0.000000000000000000 ) ) ;
#9678 = DIRECTION ( 'NONE',  ( 0.000000000000000000, -0.1643989873053572914, 0.9863939238321437486 ) ) ;
#9679 = ORIENTED_EDGE ( 'NONE', *, *, #3048, .T. ) ;
#9680 = EDGE_CURVE ( 'NONE', #3435, #7889, #6611, .T. ) ;
#9681 = CARTESIAN_POINT ( 'NONE',  ( -4.934344465946485236, 8.000000000000000000, -4.751288740056038407 ) ) ;
#9682 = DIRECTION ( 'NONE',  ( 0.000000000000000000, 0.000000000000000000, -1.000000000000000000 ) ) ;
#9683 = CARTESIAN_POINT ( 'NONE',  ( -4.694468754111173148, 3.930269601434688731, -2.613951291675116195 ) ) ;
#9684 = LINE ( 'NONE', #6194, #5175 ) ;
#9685 = ORIENTED_EDGE ( 'NONE', *, *, #1435, .T. ) ;
#9686 = EDGE_CURVE ( 'NONE', #19, #2789, #2451, .T. ) ;
#9687 = VERTEX_POINT ( 'NONE', #6869 ) ;
#9688 = CARTESIAN_POINT ( 'NONE',  ( -1.380000000000000115, 9.768344573749503823, 5.549999999999999822 ) ) ;
#9689 = AXIS2_PLACEMENT_3D ( 'NONE', #5578, #6604, #2243 ) ;
#9690 = ORIENTED_EDGE ( 'NONE', *, *, #8505, .T. ) ;
#9691 = EDGE_CURVE ( 'NONE', #10450, #9413, #11213, .T. ) ;
#9692 = CARTESIAN_POINT ( 'NONE',  ( -1.400000000000000133, 11.43165542625050612, -5.530000000000000249 ) ) ;
#9693 = CARTESIAN_POINT ( 'NONE',  ( 1.379999999999999671, 6.625340151904198116, 0.9208900253173666339 ) ) ;
#9694 = CYLINDRICAL_SURFACE ( 'NONE', #45, 3.649999999999999467 ) ;
#9695 = APPLICATION_CONTEXT ( 'automotive_design' ) ;
#9696 = LINE ( 'NONE', #5465, #6949 ) ;
#9697 = CARTESIAN_POINT ( 'NONE',  ( -2.280939751330911314, -4.084530124334557755, 0.000000000000000000 ) ) ;
#9698 = CIRCLE ( 'NONE', #6225, 0.2999999999999999334 ) ;
#9699 = VERTEX_POINT ( 'NONE', #1537 ) ;
#9700 = DIRECTION ( 'NONE',  ( 0.7071067811865451302, -3.056747976430751789E-16, 0.7071067811865500152 ) ) ;
#9701 = ORIENTED_EDGE ( 'NONE', *, *, #5833, .T. ) ;
#9702 = AXIS2_PLACEMENT_3D ( 'NONE', #10865, #3020, #4858 ) ;
#9703 = VERTEX_POINT ( 'NONE', #11155 ) ;
#9704 = EDGE_CURVE ( 'NONE', #6648, #8031, #3309, .T. ) ;
#9705 = CARTESIAN_POINT ( 'NONE',  ( -2.580939751330911580, 4.384530124334556689, 15.29999999999999893 ) ) ;
#9706 =( NAMED_UNIT ( * ) SI_UNIT ( $, .STERADIAN. ) SOLID_ANGLE_UNIT ( ) );
#9707 = LINE ( 'NONE', #154, #6267 ) ;
#9708 = CARTESIAN_POINT ( 'NONE',  ( -1.396794528132616398, 10.33763016933162149, -2.613951291675112643 ) ) ;
#9709 = CIRCLE ( 'NONE', #4766, 0.1499999999999999667 ) ;
#9710 = VERTEX_POINT ( 'NONE', #6810 ) ;
#9711 = CYLINDRICAL_SURFACE ( 'NONE', #6757, 3.649999999999999467 ) ;
#9712 = CARTESIAN_POINT ( 'NONE',  ( -1.264503870837297317, 4.828517181176899875, 7.800000000000000711 ) ) ;
#9713 = DIRECTION ( 'NONE',  ( -0.000000000000000000, -0.000000000000000000, -1.000000000000000000 ) ) ;
#9714 = ORIENTED_EDGE ( 'NONE', *, *, #7527, .T. ) ;
#9715 = EDGE_CURVE ( 'NONE', #1599, #4282, #10301, .T. ) ;
#9716 = ORIENTED_EDGE ( 'NONE', *, *, #309, .T. ) ;
#9717 = CARTESIAN_POINT ( 'NONE',  ( -1.399999999999999911, 6.649999999999999467, -4.379999999999999893 ) ) ;
#9718 = CIRCLE ( 'NONE', #4781, 3.649999999999999467 ) ;
#9719 = CARTESIAN_POINT ( 'NONE',  ( -1.264503870837297317, 4.828517181176899875, 3.675000000000000266 ) ) ;
#9720 = VECTOR ( 'NONE', #9285, 1000.000000000000000 ) ;
#9721 = CLOSED_SHELL ( 'NONE', ( #4002, #394, #9671, #4108, #9999, #5975, #6414, #7728, #10471, #1641, #2361, #1883, #1757, #313, #6763, #2015, #6803, #6845, #8214, #3281, #3102, #2918, #3910, #2276, #6395, #7790, #10382, #1083, #99, #8003, #1352, #3582, #6560, #2079, #8909, #494, #2139, #2640, #437, #4439, #4286, #11181, #3869, #9965, #5879, #10093, #4508, #1552, #4299, #7321, #3523, #3351, #268, #6460, #7987, #7490, #2316, #1483, #8599, #8583, #2692, #10027, #8846, #5068, #4121, #2861, #227, #10248, #7972, #9379, #8928, #3257, #1090, #3964, #9962, #8503, #7939, #11209, #9294, #5083, #8474, #10191, #1554, #4296, #9477, #10175, #7228, #3943, #5041, #4772, #1979, #6511, #8812, #4590, #10846 ) ) ;
#9722 = DIRECTION ( 'NONE',  ( 0.000000000000000000, 1.000000000000000000, 0.000000000000000000 ) ) ;
#9723 = EDGE_CURVE ( 'NONE', #2230, #501, #5700, .T. ) ;
#9724 = FACE_OUTER_BOUND ( 'NONE', #8794, .T. ) ;
#9725 = CARTESIAN_POINT ( 'NONE',  ( -4.843681451127849868, 3.000000000000000000, 4.843681451127852533 ) ) ;
#9726 = CARTESIAN_POINT ( 'NONE',  ( 5.107491688851539813, 4.910000000000000142, 2.986171345291896095 ) ) ;
#9727 = ORIENTED_EDGE ( 'NONE', *, *, #8155, .F. ) ;
#9728 = AXIS2_PLACEMENT_3D ( 'NONE', #9565, #8661, #11288 ) ;
#9729 = CARTESIAN_POINT ( 'NONE',  ( -3.648334813386798992, 7.075710927138658235, 11.17499999999999893 ) ) ;
#9731 = CARTESIAN_POINT ( 'NONE',  ( -3.405877273185284881, 1.699999999999999734, -6.849999999999998757 ) ) ;
#9730 = CIRCLE ( 'NONE', #10281, 3.649999999999999467 ) ;
#9732 = AXIS2_PLACEMENT_3D ( 'NONE', #1275, #2130, #10780 ) ;
#9733 = CARTESIAN_POINT ( 'NONE',  ( -1.379999999999999671, 12.48000000000000220, 1.196959198423996649E-16 ) ) ;
#9734 = ORIENTED_EDGE ( 'NONE', *, *, #5913, .F. ) ;
#9735 = ORIENTED_EDGE ( 'NONE', *, *, #1843, .T. ) ;
#9736 = CARTESIAN_POINT ( 'NONE',  ( -1.393841279746821593, 9.196893236005690753, -2.625562286609690599 ) ) ;
#9737 = EDGE_CURVE ( 'NONE', #1232, #10692, #4514, .T. ) ;
#9738 = AXIS2_PLACEMENT_3D ( 'NONE', #2003, #1094, #4584 ) ;
#9739 = VECTOR ( 'NONE', #3100, 1000.000000000000000 ) ;
#9740 = AXIS2_PLACEMENT_3D ( 'NONE', #10335, #2314, #6781 ) ;
#9741 = EDGE_CURVE ( 'NONE', #6555, #6369, #3688, .T. ) ;
#9742 = CARTESIAN_POINT ( 'NONE',  ( 2.280939751330914422, -4.384530124334556689, 15.29999999999999893 ) ) ;
#9743 = DIRECTION ( 'NONE',  ( 1.000000000000000000, 0.000000000000000000, 0.000000000000000000 ) ) ;
#9744 = CARTESIAN_POINT ( 'NONE',  ( 3.140055051430242106, 1.508506057664685152, -6.976435135045774061 ) ) ;
#9745 = CARTESIAN_POINT ( 'NONE',  ( 7.203334277753511650, 3.008500636646443294, 2.577311054879312557 ) ) ;
#9746 = CARTESIAN_POINT ( 'NONE',  ( 4.600654826388332452, 3.789867136586405838, 3.675000000000000266 ) ) ;
#9747 = DIRECTION ( 'NONE',  ( -0.5049013445390029275, -0.8631770573194743612, 0.000000000000000000 ) ) ;
#9748 = ORIENTED_EDGE ( 'NONE', *, *, #1129, .T. ) ;
#9749 = AXIS2_PLACEMENT_3D ( 'NONE', #4305, #4409, #9743 ) ;
#9750 = ORIENTED_EDGE ( 'NONE', *, *, #6828, .F. ) ;
#9751 = DIRECTION ( 'NONE',  ( -0.000000000000000000, 0.000000000000000000, 1.000000000000000000 ) ) ;
#9752 = AXIS2_PLACEMENT_3D ( 'NONE', #8506, #11132, #3283 ) ;
#9753 = EDGE_LOOP ( 'NONE', ( #6508, #9976, #849, #7705 ) ) ;
#9754 = EDGE_CURVE ( 'NONE', #6501, #3814, #8068, .T. ) ;
#9755 = ADVANCED_FACE ( 'NONE', ( #5434 ), #2223, .T. ) ;
#9756 = CARTESIAN_POINT ( 'NONE',  ( -3.648334813386796771, 7.075710927138665340, 11.17499999999999893 ) ) ;
#9757 = EDGE_CURVE ( 'NONE', #6176, #3170, #2768, .T. ) ;
#9758 = VECTOR ( 'NONE', #8019, 1000.000000000000114 ) ;
#9759 = FACE_OUTER_BOUND ( 'NONE', #9603, .T. ) ;
#9760 = LINE ( 'NONE', #7296, #7904 ) ;
#9761 = CARTESIAN_POINT ( 'NONE',  ( 2.545165380528044974, 3.063075121266646494, -7.214304113546741171 ) ) ;
#9762 = LINE ( 'NONE', #1845, #6493 ) ;
#9763 = AXIS2_PLACEMENT_3D ( 'NONE', #2172, #1158, #8254 ) ;
#9764 = ORIENTED_EDGE ( 'NONE', *, *, #768, .F. ) ;
#9765 = DIRECTION ( 'NONE',  ( 0.7071067811865453523, -2.775557561562891043E-17, 0.7071067811865497932 ) ) ;
#9766 = ORIENTED_EDGE ( 'NONE', *, *, #1926, .T. ) ;
#9767 = CIRCLE ( 'NONE', #7757, 3.649999999999999467 ) ;
#9768 = VERTEX_POINT ( 'NONE', #10639 ) ;
#9769 = AXIS2_PLACEMENT_3D ( 'NONE', #2719, #4499, #10685 ) ;
#9770 = MECHANICAL_DESIGN_GEOMETRIC_PRESENTATION_REPRESENTATION (  '', ( #9574 ), #11229 ) ;
#9771 = CARTESIAN_POINT ( 'NONE',  ( 5.465701386268194462, 5.792189881732856094, 3.675000000000000266 ) ) ;
#9772 = EDGE_CURVE ( 'NONE', #5649, #2988, #968, .T. ) ;
#9773 = CYLINDRICAL_SURFACE ( 'NONE', #6842, 0.2999999999999999334 ) ;
#9774 = DIRECTION ( 'NONE',  ( -0.000000000000000000, 1.000000000000000000, -0.000000000000000000 ) ) ;
#9775 = VECTOR ( 'NONE', #5424, 999.9999999999998863 ) ;
#9776 = EDGE_LOOP ( 'NONE', ( #3567, #3289, #251, #6185, #373, #6749, #9309, #10830, #3889, #8091, #9426, #7206, #7741, #8049, #750, #5548, #6238, #2621, #10938, #3029, #5066, #974, #3235, #9240, #6618, #8425, #9313, #161, #307, #10419, #1637, #7251, #1194, #4691, #5474, #7702, #10751, #10205, #3383, #8220 ) ) ;
#9777 = DIRECTION ( 'NONE',  ( 1.000000000000000000, 2.168404344971008252E-17, 8.673617379884035472E-17 ) ) ;
#9778 = DIRECTION ( 'NONE',  ( 8.673617379884035472E-17, 1.880790961315659329E-33, -1.000000000000000000 ) ) ;
#9779 = DIRECTION ( 'NONE',  ( -2.472789881105114667E-16, 1.000000000000000000, 0.000000000000000000 ) ) ;
#9780 = ORIENTED_EDGE ( 'NONE', *, *, #1843, .F. ) ;
#9781 = ORIENTED_EDGE ( 'NONE', *, *, #2056, .F. ) ;
#9782 = CARTESIAN_POINT ( 'NONE',  ( 2.966664951328131128, 3.021034482758621298, 5.087985294887771737 ) ) ;
#9783 = EDGE_CURVE ( 'NONE', #4866, #4756, #8244, .T. ) ;
#9784 = FACE_OUTER_BOUND ( 'NONE', #2505, .T. ) ;
#9785 = EDGE_LOOP ( 'NONE', ( #4416, #3633, #242 ) ) ;
#9786 = CIRCLE ( 'NONE', #4847, 0.02000000000000005246 ) ;
#9787 = CARTESIAN_POINT ( 'NONE',  ( 3.328434437871126583, 5.467463135762877791, 3.675000000000000266 ) ) ;
#9788 = CARTESIAN_POINT ( 'NONE',  ( -3.649999999999999467, 6.965469875665388777, -2.454779244514313952 ) ) ;
#9789 = DIRECTION ( 'NONE',  ( -1.000000000000000000, 0.000000000000000000, 0.000000000000000000 ) ) ;
#9790 = CARTESIAN_POINT ( 'NONE',  ( 1.379999999999999671, 0.000000000000000000, -4.379999999999999893 ) ) ;
#9791 = CARTESIAN_POINT ( 'NONE',  ( -1.007663994480476832, 12.46411433246060341, -2.454779244514313952 ) ) ;
#9792 = VERTEX_POINT ( 'NONE', #9787 ) ;
#9793 = CIRCLE ( 'NONE', #5770, 7.650000000000000355 ) ;
#9794 = LINE ( 'NONE', #5494, #8765 ) ;
#9795 = EDGE_CURVE ( 'NONE', #5644, #5583, #11190, .T. ) ;
#9796 = EDGE_CURVE ( 'NONE', #1613, #2736, #8815, .T. ) ;
#9797 = LINE ( 'NONE', #10018, #5922 ) ;
#9798 = VERTEX_POINT ( 'NONE', #8933 ) ;
#9799 = ORIENTED_EDGE ( 'NONE', *, *, #4132, .F. ) ;
#9800 = DIRECTION ( 'NONE',  ( -0.000000000000000000, -1.000000000000000000, -0.000000000000000000 ) ) ;
#9801 = CARTESIAN_POINT ( 'NONE',  ( 2.580939751330912024, 4.384530124334557577, 15.29999999999999893 ) ) ;
#9802 = LINE ( 'NONE', #8892, #1338 ) ;
#9803 = VECTOR ( 'NONE', #7716, 1000.000000000000000 ) ;
#9804 = VERTEX_POINT ( 'NONE', #2853 ) ;
#9805 = LINE ( 'NONE', #2460, #1066 ) ;
#9806 = DIRECTION ( 'NONE',  ( -0.8631770573194731400, 0.5049013445390048149, 0.000000000000000000 ) ) ;
#9807 = VECTOR ( 'NONE', #4878, 1000.000000000000114 ) ;
#9808 = EDGE_CURVE ( 'NONE', #1183, #2736, #9840, .T. ) ;
#9809 = DIRECTION ( 'NONE',  ( 1.000000000000000000, 0.000000000000000000, 0.000000000000000000 ) ) ;
#9810 = PLANE ( 'NONE',  #9391 ) ;
#9811 = VERTEX_POINT ( 'NONE', #3770 ) ;
#9812 = EDGE_LOOP ( 'NONE', ( #8161, #176, #6034, #3018, #2927 ) ) ;
#9813 = ORIENTED_EDGE ( 'NONE', *, *, #200, .F. ) ;
#9814 = VECTOR ( 'NONE', #3750, 1000.000000000000000 ) ;
#9815 = CARTESIAN_POINT ( 'NONE',  ( 4.500000000000000000, 1.500000000000000444, 2.179449471770337432 ) ) ;
#9816 = LINE ( 'NONE', #3799, #4241 ) ;
#9817 = DIRECTION ( 'NONE',  ( 1.000000000000000000, 0.000000000000000000, 0.000000000000000000 ) ) ;
#9818 = CARTESIAN_POINT ( 'NONE',  ( -1.771168402671605879E-15, 6.965469875665441180, 7.800000000000000711 ) ) ;
#9819 = CARTESIAN_POINT ( 'NONE',  ( 2.280939751330914422, -1.543823096526753202, 15.29999999999999893 ) ) ;
#9820 = ORIENTED_EDGE ( 'NONE', *, *, #1768, .F. ) ;
#9821 = LINE ( 'NONE', #5295, #7799 ) ;
#9822 = ORIENTED_EDGE ( 'NONE', *, *, #6861, .T. ) ;
#9823 = EDGE_CURVE ( 'NONE', #4838, #4551, #4629, .T. ) ;
#9824 = CIRCLE ( 'NONE', #8916, 0.1499999999999999667 ) ;
#9825 = ADVANCED_FACE ( 'NONE', ( #4456 ), #5485, .T. ) ;
#9826 = ORIENTED_EDGE ( 'NONE', *, *, #7265, .T. ) ;
#9827 = DIRECTION ( 'NONE',  ( -1.000000000000000000, -2.168404344971008252E-17, 8.673617379884035472E-17 ) ) ;
#9828 = LINE ( 'NONE', #10740, #2565 ) ;
#9829 = DIRECTION ( 'NONE',  ( -0.000000000000000000, -0.000000000000000000, -1.000000000000000000 ) ) ;
#9830 = EDGE_LOOP ( 'NONE', ( #4481, #4429, #11196, #8357 ) ) ;
#9831 = ORIENTED_EDGE ( 'NONE', *, *, #4256, .F. ) ;
#9832 = DIRECTION ( 'NONE',  ( 0.000000000000000000, 1.000000000000000000, 0.000000000000000000 ) ) ;
#9833 = DIRECTION ( 'NONE',  ( -0.000000000000000000, 0.000000000000000000, 1.000000000000000000 ) ) ;
#9834 = EDGE_LOOP ( 'NONE', ( #8133, #172, #6067, #10969 ) ) ;
#9835 = ORIENTED_EDGE ( 'NONE', *, *, #3306, .F. ) ;
#9836 = PLANE ( 'NONE',  #1059 ) ;
#9837 = DIRECTION ( 'NONE',  ( -0.7071067811865474617, 0.000000000000000000, -0.7071067811865474617 ) ) ;
#9838 = ADVANCED_FACE ( 'NONE', ( #7958 ), #8983, .F. ) ;
#9839 = EDGE_LOOP ( 'NONE', ( #1489, #1928, #4523, #680 ) ) ;
#9840 = LINE ( 'NONE', #1079, #5336 ) ;
#9841 = AXIS2_PLACEMENT_3D ( 'NONE', #11070, #10326, #7690 ) ;
#9842 = DIRECTION ( 'NONE',  ( 0.000000000000000000, -0.6561787149247869655, 0.7546055221635044052 ) ) ;
#9843 = ADVANCED_FACE ( 'NONE', ( #168 ), #7149, .F. ) ;
#9844 = FACE_OUTER_BOUND ( 'NONE', #5580, .T. ) ;
#9845 = CARTESIAN_POINT ( 'NONE',  ( 2.456675682618984169, 4.421117088150666063, -9.765949496119464823E-17 ) ) ;
#9846 = FACE_OUTER_BOUND ( 'NONE', #693, .T. ) ;
#9847 = ORIENTED_EDGE ( 'NONE', *, *, #8050, .T. ) ;
#9848 = ORIENTED_EDGE ( 'NONE', *, *, #6524, .T. ) ;
#9849 = CARTESIAN_POINT ( 'NONE',  ( 4.501358611527429332, 5.577406509138420176, 7.800000000000000711 ) ) ;
#9850 = VECTOR ( 'NONE', #9247, 1000.000000000000114 ) ;
#9851 = FILL_AREA_STYLE ('',( #2975 ) ) ;
#9852 = ORIENTED_EDGE ( 'NONE', *, *, #5383, .T. ) ;
#9853 = ORIENTED_EDGE ( 'NONE', *, *, #1208, .F. ) ;
#9854 = CARTESIAN_POINT ( 'NONE',  ( -0.9207303298070397268, 8.623988536384677772, 3.675000000000000266 ) ) ;
#9855 = EDGE_CURVE ( 'NONE', #7889, #3435, #10648, .T. ) ;
#9856 = EDGE_CURVE ( 'NONE', #11129, #7372, #3597, .T. ) ;
#9857 = AXIS2_PLACEMENT_3D ( 'NONE', #3090, #1433, #9395 ) ;
#9858 = CARTESIAN_POINT ( 'NONE',  ( -2.501810091522907342, 9.623184357312057458, 0.000000000000000000 ) ) ;
#9859 = DIRECTION ( 'NONE',  ( 1.000000000000000000, 0.000000000000000000, 0.000000000000000000 ) ) ;
#9860 = VERTEX_POINT ( 'NONE', #7095 ) ;
#9861 = DIRECTION ( 'NONE',  ( -0.1361444591231978085, -0.9906889957247189127, 0.000000000000000000 ) ) ;
#9862 = DIRECTION ( 'NONE',  ( -0.000000000000000000, 0.000000000000000000, 1.000000000000000000 ) ) ;
#9863 = PLANE ( 'NONE',  #4827 ) ;
#9864 = CARTESIAN_POINT ( 'NONE',  ( -0.000000000000000000, 12.46319082832452629, -4.442330547426800003 ) ) ;
#9865 = ORIENTED_EDGE ( 'NONE', *, *, #8701, .T. ) ;
#9866 = ORIENTED_EDGE ( 'NONE', *, *, #9217, .T. ) ;
#9867 = VERTEX_POINT ( 'NONE', #2906 ) ;
#9868 = DIRECTION ( 'NONE',  ( -2.168404344971008252E-17, 1.000000000000000000, 0.000000000000000000 ) ) ;
#9869 = EDGE_CURVE ( 'NONE', #7994, #4725, #6062, .T. ) ;
#9870 = CARTESIAN_POINT ( 'NONE',  ( -2.435362535369392845, 3.200000000000000178, 7.252000366886310445 ) ) ;
#9871 = DIRECTION ( 'NONE',  ( -1.000000000000000000, -0.000000000000000000, -0.000000000000000000 ) ) ;
#9872 = LINE ( 'NONE', #4602, #3285 ) ;
#9873 = DIRECTION ( 'NONE',  ( -0.9673775151489835133, -0.2533391860415170060, 0.000000000000000000 ) ) ;
#9874 = AXIS2_PLACEMENT_3D ( 'NONE', #9205, #8223, #4851 ) ;
#9875 = ORIENTED_EDGE ( 'NONE', *, *, #1212, .F. ) ;
#9876 = CYLINDRICAL_SURFACE ( 'NONE', #11089, 3.649999999999999467 ) ;
#9877 = ORIENTED_EDGE ( 'NONE', *, *, #9084, .F. ) ;
#9878 = EDGE_LOOP ( 'NONE', ( #7900, #1112, #321, #7888 ) ) ;
#9879 = DIRECTION ( 'NONE',  ( 1.000000000000000000, 0.000000000000000000, 0.000000000000000000 ) ) ;
#9880 = EDGE_CURVE ( 'NONE', #8300, #8932, #6574, .T. ) ;
#9881 = SHAPE_REPRESENTATION_RELATIONSHIP ( 'NONE' , 'NONE' ,  #6089, #3482 ) ;
#9882 = DIRECTION ( 'NONE',  ( -8.673617379884030542E-17, -1.000000000000000000, -8.673617379884030542E-17 ) ) ;
#9883 = DIRECTION ( 'NONE',  ( 1.000000000000000000, -0.000000000000000000, -0.000000000000000000 ) ) ;
#9884 = EDGE_CURVE ( 'NONE', #7850, #7142, #9730, .T. ) ;
#9885 = ORIENTED_EDGE ( 'NONE', *, *, #10698, .F. ) ;
#9886 = CARTESIAN_POINT ( 'NONE',  ( 1.088609894901982456, 0.6042532376681478690, 11.17499999999999893 ) ) ;
#9887 = DIRECTION ( 'NONE',  ( 1.000000000000000000, 0.000000000000000000, 0.000000000000000000 ) ) ;
#9888 = ORIENTED_EDGE ( 'NONE', *, *, #8554, .F. ) ;
#9889 = VERTEX_POINT ( 'NONE', #337 ) ;
#9890 = CARTESIAN_POINT ( 'NONE',  ( -1.030666926558653025E-16, 6.965469875665441180, 7.800000000000000711 ) ) ;
#9891 = VERTEX_POINT ( 'NONE', #3824 ) ;
#9892 = B_SPLINE_CURVE_WITH_KNOTS ( 'NONE', 3,
 ( #1335, #10954, #4664, #10782, #426, #2076 ),
 .UNSPECIFIED., .F., .F.,
 ( 4, 2, 4 ),
 ( -6.928927488288393153E-06, 0.0003913249075196667515, 0.0007895787425276218352 ),
 .UNSPECIFIED. ) ;
#9893 = LINE ( 'NONE', #7435, #3695 ) ;
#9894 = EDGE_CURVE ( 'NONE', #137, #4468, #8822, .T. ) ;
#9895 = DIRECTION ( 'NONE',  ( 0.000000000000000000, 0.000000000000000000, 1.000000000000000000 ) ) ;
#9896 = CARTESIAN_POINT ( 'NONE',  ( -1.030666926558653025E-16, 6.965469875665441180, 3.675000000000000266 ) ) ;
#9897 = ADVANCED_FACE ( 'NONE', ( #564 ), #5599, .T. ) ;
#9898 = CARTESIAN_POINT ( 'NONE',  ( 3.650000000000000355, 6.965469875665467825, 7.800000000000000711 ) ) ;
#9899 = CARTESIAN_POINT ( 'NONE',  ( 5.465701386268194462, 5.792189881732853429, -2.457261515329064672 ) ) ;
#9900 = VERTEX_POINT ( 'NONE', #10923 ) ;
#9901 = ORIENTED_EDGE ( 'NONE', *, *, #8079, .F. ) ;
#9902 = CARTESIAN_POINT ( 'NONE',  ( 4.926415935006103197, 10.06141304405313797, 0.000000000000000000 ) ) ;
#9903 = VECTOR ( 'NONE', #7390, 1000.000000000000000 ) ;
#9904 = VERTEX_POINT ( 'NONE', #4050 ) ;
#9905 = EDGE_CURVE ( 'NONE', #6418, #10497, #7180, .T. ) ;
#9906 = CARTESIAN_POINT ( 'NONE',  ( -1.380000000000000115, 6.500000000000000000, -4.549999999999999822 ) ) ;
#9907 = AXIS2_PLACEMENT_3D ( 'NONE', #2931, #7458, #1165 ) ;
#9908 = AXIS2_PLACEMENT_3D ( 'NONE', #10291, #4963, #4112 ) ;
#9909 = VECTOR ( 'NONE', #8737, 1000.000000000000000 ) ;
#9910 = LINE ( 'NONE', #8028, #11197 ) ;
#9911 = DIRECTION ( 'NONE',  ( -2.472789881105115160E-16, -1.000000000000000000, 0.000000000000000000 ) ) ;
#9912 = EDGE_LOOP ( 'NONE', ( #9988, #1049, #6253, #10916 ) ) ;
#9913 = DIRECTION ( 'NONE',  ( -0.7071067811865496822, 0.000000000000000000, 0.7071067811865453523 ) ) ;
#9914 = FACE_OUTER_BOUND ( 'NONE', #8950, .T. ) ;
#9915 = CARTESIAN_POINT ( 'NONE',  ( 4.500000000000000000, 7.499999999999998224, 2.179449471770337432 ) ) ;
#9916 = LINE ( 'NONE', #10086, #4639 ) ;
#9917 = ORIENTED_EDGE ( 'NONE', *, *, #10933, .F. ) ;
#9918 = EDGE_CURVE ( 'NONE', #9599, #5529, #6401, .T. ) ;
#9919 = ORIENTED_EDGE ( 'NONE', *, *, #10313, .T. ) ;
#9920 = APPLICATION_CONTEXT ( 'automotive_design' ) ;
#9921 = VECTOR ( 'NONE', #7058, 1000.000000000000000 ) ;
#9922 = ORIENTED_EDGE ( 'NONE', *, *, #4882, .F. ) ;
#9923 = CARTESIAN_POINT ( 'NONE',  ( -1.393841279746821593, 9.196893236005690753, 0.000000000000000000 ) ) ;
#9924 = DIRECTION ( 'NONE',  ( 0.000000000000000000, 0.000000000000000000, 1.000000000000000000 ) ) ;
#9925 = FACE_OUTER_BOUND ( 'NONE', #6449, .T. ) ;
#9926 = CARTESIAN_POINT ( 'NONE',  ( -1.294307837705273023, 10.37827916146719787, 0.000000000000000000 ) ) ;
#9927 = DIRECTION ( 'NONE',  ( -0.000000000000000000, -0.000000000000000000, -1.000000000000000000 ) ) ;
#9928 = AXIS2_PLACEMENT_3D ( 'NONE', #5561, #1210, #4699 ) ;
#9929 = CIRCLE ( 'NONE', #3527, 0.1499999999999999667 ) ;
#9930 = EDGE_LOOP ( 'NONE', ( #10354, #5607, #8518, #10006, #5828, #1970, #7275, #5061 ) ) ;
#9931 = CYLINDRICAL_SURFACE ( 'NONE', #859, 0.02000000000000005246 ) ;
#9932 = VERTEX_POINT ( 'NONE', #6518 ) ;
#9933 = EDGE_CURVE ( 'NONE', #7274, #9178, #8641, .T. ) ;
#9934 = ORIENTED_EDGE ( 'NONE', *, *, #10746, .F. ) ;
#9935 = VECTOR ( 'NONE', #4388, 1000.000000000000114 ) ;
#9936 = CARTESIAN_POINT ( 'NONE',  ( 4.027325123107952543, 4.978965517241379146, 4.027325123107949878 ) ) ;
#9937 = CIRCLE ( 'NONE', #5004, 3.649999999999999467 ) ;
#9938 = CARTESIAN_POINT ( 'NONE',  ( -1.399999999999999467, -3.035766082959410566E-17, 1.214306433183764720E-16 ) ) ;
#9939 = LINE ( 'NONE', #9139, #8631 ) ;
#9940 = VERTEX_POINT ( 'NONE', #9215 ) ;
#9941 = DIRECTION ( 'NONE',  ( 1.000000000000000000, 0.000000000000000000, 0.000000000000000000 ) ) ;
#9942 = CARTESIAN_POINT ( 'NONE',  ( -3.648334813386796771, 7.075710927138665340, 7.800000000000000711 ) ) ;
#9943 = ORIENTED_EDGE ( 'NONE', *, *, #6886, .F. ) ;
#9945 = VECTOR ( 'NONE', #1925, 1000.000000000000000 ) ;
#9944 = CARTESIAN_POINT ( 'NONE',  ( -3.328434437871126583, 8.463476615568009009, 11.17499999999999893 ) ) ;
#9946 = ORIENTED_EDGE ( 'NONE', *, *, #5472, .T. ) ;
#9947 = EDGE_CURVE ( 'NONE', #4468, #3476, #5712, .T. ) ;
#9948 = FACE_OUTER_BOUND ( 'NONE', #4298, .T. ) ;
#9949 = VERTEX_POINT ( 'NONE', #9097 ) ;
#9950 = VECTOR ( 'NONE', #3780, 1000.000000000000000 ) ;
#9951 = DIRECTION ( 'NONE',  ( 0.9673775151489821811, 0.2533391860415217245, 0.000000000000000000 ) ) ;
#9952 = VECTOR ( 'NONE', #8881, 1000.000000000000000 ) ;
#9953 = DIRECTION ( 'NONE',  ( 0.000000000000000000, 0.000000000000000000, 1.000000000000000000 ) ) ;
#9954 = CYLINDRICAL_SURFACE ( 'NONE', #10679, 1.650000000000000355 ) ;
#9955 = CARTESIAN_POINT ( 'NONE',  ( -1.399999999999999911, 6.649999999999999467, 4.549999999999999822 ) ) ;
#9956 = AXIS2_PLACEMENT_3D ( 'NONE', #7068, #9751, #5402 ) ;
#9957 = CARTESIAN_POINT ( 'NONE',  ( 2.580939751330875165, 9.546409626996362974, -2.625562286609687046 ) ) ;
#9958 = ORIENTED_EDGE ( 'NONE', *, *, #5782, .T. ) ;
#9959 = EDGE_LOOP ( 'NONE', ( #11073, #841, #8333, #7835, #639, #4328 ) ) ;
#9960 = LINE ( 'NONE', #9902, #2166 ) ;
#9961 = AXIS2_PLACEMENT_3D ( 'NONE', #7991, #7016, #8964 ) ;
#9962 = ADVANCED_FACE ( 'NONE', ( #2151 ), #7487, .T. ) ;
#9963 = VERTEX_POINT ( 'NONE', #11037 ) ;
#9964 = EDGE_CURVE ( 'NONE', #10561, #10421, #1302, .T. ) ;
#9965 = ADVANCED_FACE ( 'NONE', ( #4684 ), #2273, .T. ) ;
#9966 = CARTESIAN_POINT ( 'NONE',  ( 2.721591361078369520, 3.046643593403176808, 7.149647802037663702 ) ) ;
#9967 = ORIENTED_EDGE ( 'NONE', *, *, #10863, .T. ) ;
#9968 = AXIS2_PLACEMENT_3D ( 'NONE', #3774, #7271, #7217 ) ;
#9969 = DIRECTION ( 'NONE',  ( -0.000000000000000000, 1.000000000000000000, 0.000000000000000000 ) ) ;
#9970 = DIRECTION ( 'NONE',  ( 1.000000000000000000, 0.000000000000000000, 0.000000000000000000 ) ) ;
#9971 = EDGE_LOOP ( 'NONE', ( #7866, #3505, #10253, #3644 ) ) ;
#9972 = CYLINDRICAL_SURFACE ( 'NONE', #1257, 0.02000000000000053471 ) ;
#9973 = CARTESIAN_POINT ( 'NONE',  ( 2.716032430193390912, 3.000000000000000000, 7.343409823653981761 ) ) ;
#9974 = SHAPE_REPRESENTATION ( 'Snap Fit Male', ( #2013 ), #4594 ) ;
#9975 = CARTESIAN_POINT ( 'NONE',  ( -0.1126976677028354579, 9.897275056344248867, -1.741077270331109261 ) ) ;
#9976 = ORIENTED_EDGE ( 'NONE', *, *, #6671, .T. ) ;
#9977 = VERTEX_POINT ( 'NONE', #7545 ) ;
#9978 = EDGE_CURVE ( 'NONE', #5856, #3872, #9893, .T. ) ;
#9979 = EDGE_LOOP ( 'NONE', ( #10678, #6407, #1999, #5459 ) ) ;
#9980 = DIRECTION ( 'NONE',  ( 0.000000000000000000, 0.000000000000000000, 1.000000000000000000 ) ) ;
#9981 = VECTOR ( 'NONE', #5266, 1000.000000000000000 ) ;
#9982 = DIRECTION ( 'NONE',  ( -0.000000000000000000, -1.000000000000000000, -0.000000000000000000 ) ) ;
#9983 = EDGE_CURVE ( 'NONE', #1077, #3071, #2043, .T. ) ;
#9984 = DIRECTION ( 'NONE',  ( 0.000000000000000000, 0.000000000000000000, 1.000000000000000000 ) ) ;
#9985 = CARTESIAN_POINT ( 'NONE',  ( -1.771168402671605879E-15, 6.965469875665441180, 15.29999999999999893 ) ) ;
#9986 = DIRECTION ( 'NONE',  ( -0.1061605406293884973, 0.9943490029226539351, 0.000000000000000000 ) ) ;
#9987 = CYLINDRICAL_SURFACE ( 'NONE', #6678, 0.1000000000000001305 ) ;
#9988 = ORIENTED_EDGE ( 'NONE', *, *, #9855, .F. ) ;
#9989 = CARTESIAN_POINT ( 'NONE',  ( 9.368548013477250272E-16, 1.499999999999999556, 7.650000000000000355 ) ) ;
#9990 = ORIENTED_EDGE ( 'NONE', *, *, #4605, .F. ) ;
#9991 = ORIENTED_EDGE ( 'NONE', *, *, #3926, .T. ) ;
#9992 = VECTOR ( 'NONE', #4944, 1000.000000000000000 ) ;
#9993 = UNCERTAINTY_MEASURE_WITH_UNIT (LENGTH_MEASURE( 1.000000000000000082E-05 ), #7255, 'distance_accuracy_value', 'NONE');
#9994 = CARTESIAN_POINT ( 'NONE',  ( -1.380000000000000115, 6.649999999999999467, 4.400000000000000355 ) ) ;
#9995 = DIRECTION ( 'NONE',  ( 1.000000000000000222, 4.163336342344337027E-16, -1.143378704878236043E-17 ) ) ;
#9996 = PLANE ( 'NONE',  #1360 ) ;
#9997 = EDGE_CURVE ( 'NONE', #8955, #8769, #7319, .T. ) ;
#9998 = VERTEX_POINT ( 'NONE', #1248 ) ;
#9999 = ADVANCED_FACE ( 'NONE', ( #4738 ), #8231, .T. ) ;
#10000 = VERTEX_POINT ( 'NONE', #3246 ) ;
#10001 = LINE ( 'NONE', #8341, #1631 ) ;
#10002 = DIRECTION ( 'NONE',  ( 1.000000000000000000, 0.000000000000000000, 0.000000000000000000 ) ) ;
#10003 = AXIS2_PLACEMENT_3D ( 'NONE', #7519, #4026, #2357 ) ;
#10004 = ORIENTED_EDGE ( 'NONE', *, *, #3699, .T. ) ;
#10005 = FACE_OUTER_BOUND ( 'NONE', #3044, .T. ) ;
#10006 = ORIENTED_EDGE ( 'NONE', *, *, #2626, .T. ) ;
#10007 = DIRECTION ( 'NONE',  ( -0.5049013445389989307, -0.8631770573194766927, 0.000000000000000000 ) ) ;
#10008 = ORIENTED_EDGE ( 'NONE', *, *, #7696, .T. ) ;
#10009 = DIRECTION ( 'NONE',  ( 0.7071067811865474617, 0.000000000000000000, 0.7071067811865476838 ) ) ;
#10010 = CARTESIAN_POINT ( 'NONE',  ( -2.507177854626950975, 4.312539809669615032, 0.09943092771398570617 ) ) ;
#10011 = CARTESIAN_POINT ( 'NONE',  ( 4.870299948342240448, 8.000000000000000000, -2.262975846493096022 ) ) ;
#10012 = EDGE_CURVE ( 'NONE', #9344, #1114, #5069, .T. ) ;
#10013 = CARTESIAN_POINT ( 'NONE',  ( -3.301579660418292317, 1.563075121266647161, -6.900987060043524579 ) ) ;
#10014 = CARTESIAN_POINT ( 'NONE',  ( -3.649999999999999467, 6.965469875665389665, 3.675000000000000266 ) ) ;
#10015 = ORIENTED_EDGE ( 'NONE', *, *, #6478, .F. ) ;
#10016 = ORIENTED_EDGE ( 'NONE', *, *, #8139, .F. ) ;
#10017 = DIRECTION ( 'NONE',  ( -0.000000000000000000, 0.000000000000000000, 1.000000000000000000 ) ) ;
#10018 = CARTESIAN_POINT ( 'NONE',  ( -2.580939751330912468, 6.382121700833030950E-16, 3.675000000000000266 ) ) ;
#10019 = ORIENTED_EDGE ( 'NONE', *, *, #109, .F. ) ;
#10020 = DIRECTION ( 'NONE',  ( 1.000000000000000000, 0.000000000000000000, 0.000000000000000000 ) ) ;
#10021 = EDGE_CURVE ( 'NONE', #2519, #3664, #10949, .T. ) ;
#10022 = EDGE_LOOP ( 'NONE', ( #5149, #9589, #5401, #7471 ) ) ;
#10023 = EDGE_CURVE ( 'NONE', #4436, #5320, #2410, .T. ) ;
#10024 = CARTESIAN_POINT ( 'NONE',  ( -2.657714481646604288, 4.463659784142519626, 7.800000000000000711 ) ) ;
#10025 = CARTESIAN_POINT ( 'NONE',  ( 1.528166405880238443, 9.107140056187530419, -2.457261515329064672 ) ) ;
#10026 = EDGE_LOOP ( 'NONE', ( #10328, #5862, #381, #10297 ) ) ;
#10027 = ADVANCED_FACE ( 'NONE', ( #5987 ), #5124, .T. ) ;
#10028 = DIRECTION ( 'NONE',  ( 0.000000000000000000, 0.000000000000000000, 1.000000000000000000 ) ) ;
#10029 = LINE ( 'NONE', #9973, #1760 ) ;
#10030 = PLANE ( 'NONE',  #9028 ) ;
#10031 = ORIENTED_EDGE ( 'NONE', *, *, #7381, .T. ) ;
#10032 = EDGE_LOOP ( 'NONE', ( #5661, #3758 ) ) ;
#10033 = ORIENTED_EDGE ( 'NONE', *, *, #9668, .T. ) ;
#10034 = VECTOR ( 'NONE', #6177, 1000.000000000000114 ) ;
#10035 = CARTESIAN_POINT ( 'NONE',  ( -2.594966336091574455, 6.531657196332630200, -2.613951291675112643 ) ) ;
#10036 = EDGE_CURVE ( 'NONE', #376, #7916, #231, .T. ) ;
#10037 = LINE ( 'NONE', #3850, #2226 ) ;
#10038 = CARTESIAN_POINT ( 'NONE',  ( 3.372160293666205177, 5.568675347532885844, 3.675000000000000266 ) ) ;
#10039 =( BOUNDED_CURVE ( )  B_SPLINE_CURVE ( 3, ( #5621, #3842, #2924, #4589 ),
 .UNSPECIFIED., .F., .F. ) 
 B_SPLINE_CURVE_WITH_KNOTS ( ( 4, 4 ),
 ( 3.141592653589793116, 4.712388980384691450 ),
 .UNSPECIFIED. ) 
 CURVE ( )  GEOMETRIC_REPRESENTATION_ITEM ( )  RATIONAL_B_SPLINE_CURVE ( ( 1.000000000000000000, 0.8047378541243646044, 0.8047378541243646044, 1.000000000000000000 ) ) 
 REPRESENTATION_ITEM ( '' )  );
#10040 = ADVANCED_FACE ( 'NONE', ( #10346 ), #6793, .T. ) ;
#10041 = CARTESIAN_POINT ( 'NONE',  ( 0.000000000000000000, 7.500000000000000000, 0.000000000000000000 ) ) ;
#10042 = CARTESIAN_POINT ( 'NONE',  ( -2.580939751330911580, 4.384530124334556689, 15.29999999999999893 ) ) ;
#10043 = CARTESIAN_POINT ( 'NONE',  ( 1.498006739902556284, 10.29390431353657220, 11.17499999999999893 ) ) ;
#10044 = EDGE_LOOP ( 'NONE', ( #9590, #9337, #7740, #1549 ) ) ;
#10045 = CARTESIAN_POINT ( 'NONE',  ( -1.030666926558653025E-16, 6.965469875665441180, 11.17499999999999893 ) ) ;
#10046 = VECTOR ( 'NONE', #10407, 1000.000000000000000 ) ;
#10047 = CARTESIAN_POINT ( 'NONE',  ( 2.580939751330913356, -2.003873909248935270, 11.17499999999999893 ) ) ;
#10048 = ORIENTED_EDGE ( 'NONE', *, *, #4812, .T. ) ;
#10049 = VERTEX_POINT ( 'NONE', #9429 ) ;
#10050 = EDGE_CURVE ( 'NONE', #190, #6208, #2381, .T. ) ;
#10051 = CARTESIAN_POINT ( 'NONE',  ( -1.771168402671605879E-15, 6.965469875665441180, 3.675000000000000266 ) ) ;
#10052 = CARTESIAN_POINT ( 'NONE',  ( 0.000000000000000000, 0.000000000000000000, 0.000000000000000000 ) ) ;
#10053 = CARTESIAN_POINT ( 'NONE',  ( -1.379999999999999893, -2.992397996059991005E-17, -5.530000000000000249 ) ) ;
#10054 = DIRECTION ( 'NONE',  ( 0.000000000000000000, 1.000000000000000000, 0.000000000000000000 ) ) ;
#10055 = CIRCLE ( 'NONE', #8784, 1.500000000000000222 ) ;
#10056 = ORIENTED_EDGE ( 'NONE', *, *, #9394, .F. ) ;
#10057 = PLANE ( 'NONE',  #3467 ) ;
#10058 = DIRECTION ( 'NONE',  ( -0.000000000000000000, -1.000000000000000000, -0.000000000000000000 ) ) ;
#10059 = ORIENTED_EDGE ( 'NONE', *, *, #2742, .F. ) ;
#10060 = DIRECTION ( 'NONE',  ( 0.000000000000000000, 0.000000000000000000, 1.000000000000000000 ) ) ;
#10061 = EDGE_LOOP ( 'NONE', ( #8149, #2639, #8991, #3518, #5067, #9112 ) ) ;
#10062 = CARTESIAN_POINT ( 'NONE',  ( 4.934344465946484348, 3.000000000000000000, 4.751288740056039295 ) ) ;
#10063 = ORIENTED_EDGE ( 'NONE', *, *, #1706, .T. ) ;
#10064 = EDGE_CURVE ( 'NONE', #9037, #83, #2499, .T. ) ;
#10065 = AXIS2_PLACEMENT_3D ( 'NONE', #6435, #8101, #367 ) ;
#10066 = CARTESIAN_POINT ( 'NONE',  ( -1.030666926558653025E-16, 6.965469875665441180, 3.675000000000000266 ) ) ;
#10067 = CARTESIAN_POINT ( 'NONE',  ( -1.030666926558653025E-16, 6.965469875665441180, 15.29999999999999893 ) ) ;
#10068 = CARTESIAN_POINT ( 'NONE',  ( -3.372160293666216280, 8.362264403797977863, 11.17499999999999893 ) ) ;
#10069 = CARTESIAN_POINT ( 'NONE',  ( -1.030666926558653025E-16, 6.965469875665441180, 7.800000000000000711 ) ) ;
#10070 = CARTESIAN_POINT ( 'NONE',  ( 0.000000000000000000, 2.775349838536065761, -2.413347685683533417 ) ) ;
#10071 = ORIENTED_EDGE ( 'NONE', *, *, #1904, .T. ) ;
#10072 = EDGE_LOOP ( 'NONE', ( #8038, #1993, #1450, #11252 ) ) ;
#10073 = DIRECTION ( 'NONE',  ( 2.472789881105115160E-16, 1.000000000000000000, -0.000000000000000000 ) ) ;
#10074 = CIRCLE ( 'NONE', #3480, 0.02000000000000005246 ) ;
#10075 = FILL_AREA_STYLE_COLOUR ( '', #6102 ) ;
#10076 = EDGE_CURVE ( 'NONE', #4756, #4866, #9533, .T. ) ;
#10077 = CIRCLE ( 'NONE', #8431, 0.1700000000000000122 ) ;
#10078 = DIRECTION ( 'NONE',  ( 1.000000000000000000, 0.000000000000000000, 0.000000000000000000 ) ) ;
#10079 = ORIENTED_EDGE ( 'NONE', *, *, #5286, .F. ) ;
#10080 = DIRECTION ( 'NONE',  ( -0.7071067811865403563, -1.360023205165816121E-16, -0.7071067811865547892 ) ) ;
#10081 = FACE_OUTER_BOUND ( 'NONE', #3705, .T. ) ;
#10082 = ORIENTED_EDGE ( 'NONE', *, *, #1247, .F. ) ;
#10083 = AXIS2_PLACEMENT_3D ( 'NONE', #9333, #7329, #3205 ) ;
#10084 = CARTESIAN_POINT ( 'NONE',  ( -1.380000000000000115, 8.631655426250503638, 4.549999999999999822 ) ) ;
#10085 = CARTESIAN_POINT ( 'NONE',  ( -4.409194422298677196, 5.814123865017238657, 11.17499999999999893 ) ) ;
#10086 = CARTESIAN_POINT ( 'NONE',  ( 5.736181009075442816, 7.940490643490770495, 0.000000000000000000 ) ) ;
#10087 = ORIENTED_EDGE ( 'NONE', *, *, #3268, .T. ) ;
#10088 = ORIENTED_EDGE ( 'NONE', *, *, #11227, .F. ) ;
#10089 = AXIS2_PLACEMENT_3D ( 'NONE', #7744, #696, #10094 ) ;
#10090 = EDGE_CURVE ( 'NONE', #4707, #733, #10396, .T. ) ;
#10091 = ORIENTED_EDGE ( 'NONE', *, *, #1247, .T. ) ;
#10092 = VECTOR ( 'NONE', #222, 999.9999999999998863 ) ;
#10093 = ADVANCED_FACE ( 'NONE', ( #620 ), #4213, .T. ) ;
#10094 = DIRECTION ( 'NONE',  ( 1.000000000000000000, 0.000000000000000000, 0.000000000000000000 ) ) ;
#10095 = DIRECTION ( 'NONE',  ( -0.6280440846592157955, -0.7781777610061649808, 0.000000000000000000 ) ) ;
#10096 = DIRECTION ( 'NONE',  ( 0.000000000000000000, 0.000000000000000000, -1.000000000000000000 ) ) ;
#10097 = PLANE ( 'NONE',  #5874 ) ;
#10098 = LINE ( 'NONE', #3050, #737 ) ;
#10099 = CARTESIAN_POINT ( 'NONE',  ( -1.771168402671605879E-15, 6.965469875665441180, 15.29999999999999893 ) ) ;
#10100 = FACE_OUTER_BOUND ( 'NONE', #11018, .T. ) ;
#10101 = ORIENTED_EDGE ( 'NONE', *, *, #2179, .T. ) ;
#10102 = DIRECTION ( 'NONE',  ( 0.000000000000000000, 0.000000000000000000, 1.000000000000000000 ) ) ;
#10103 = FACE_OUTER_BOUND ( 'NONE', #7157, .T. ) ;
#10104 = EDGE_LOOP ( 'NONE', ( #5085, #7771, #11061, #9764 ) ) ;
#10105 = AXIS2_PLACEMENT_3D ( 'NONE', #1363, #511, #9042 ) ;
#10106 = EDGE_CURVE ( 'NONE', #2789, #9134, #6988, .T. ) ;
#10107 = EDGE_LOOP ( 'NONE', ( #7237, #6655, #4179, #10227 ) ) ;
#10108 = EDGE_CURVE ( 'NONE', #9577, #4436, #9531, .T. ) ;
#10109 = DIRECTION ( 'NONE',  ( -1.000000000000000000, -0.000000000000000000, -0.000000000000000000 ) ) ;
#10110 = VECTOR ( 'NONE', #4127, 999.9999999999998863 ) ;
#10111 = DIRECTION ( 'NONE',  ( 1.000000000000000000, 0.000000000000000000, 0.000000000000000000 ) ) ;
#10112 = AXIS2_PLACEMENT_3D ( 'NONE', #3049, #9407, #3272 ) ;
#10113 = SPHERICAL_SURFACE ( 'NONE', #9740, 0.2999999999999999889 ) ;
#10114 = LINE ( 'NONE', #2260, #4424 ) ;
#10115 = AXIS2_PLACEMENT_3D ( 'NONE', #6616, #2029, #5528 ) ;
#10116 = ORIENTED_EDGE ( 'NONE', *, *, #9856, .F. ) ;
#10117 = VERTEX_POINT ( 'NONE', #1687 ) ;
#10118 = PLANE ( 'NONE',  #727 ) ;
#10119 = CARTESIAN_POINT ( 'NONE',  ( 0.000000000000000000, 12.34999999999999964, -2.027069063257456172 ) ) ;
#10120 = VERTEX_POINT ( 'NONE', #3295 ) ;
#10121 = DIRECTION ( 'NONE',  ( 0.000000000000000000, 1.000000000000000000, -0.000000000000000000 ) ) ;
#10122 = ORIENTED_EDGE ( 'NONE', *, *, #1904, .F. ) ;
#10123 = VECTOR ( 'NONE', #676, 1000.000000000000114 ) ;
#10124 = DIRECTION ( 'NONE',  ( 0.000000000000000000, 0.000000000000000000, -1.000000000000000000 ) ) ;
#10125 = ORIENTED_EDGE ( 'NONE', *, *, #6951, .F. ) ;
#10126 = AXIS2_PLACEMENT_3D ( 'NONE', #241, #1262, #8192 ) ;
#10127 = ADVANCED_FACE ( 'NONE', ( #4329 ), #10184, .T. ) ;
#10128 = CIRCLE ( 'NONE', #6096, 3.649999999999999467 ) ;
#10129 = CARTESIAN_POINT ( 'NONE',  ( -1.771168402671605879E-15, 6.965469875665441180, 3.675000000000000266 ) ) ;
#10130 = CARTESIAN_POINT ( 'NONE',  ( -1.399999999999999689, 6.649999999999999467, 0.7729309367425446498 ) ) ;
#10131 = CARTESIAN_POINT ( 'NONE',  ( 4.500000000000000000, 7.499999999999998224, -2.179449471770337432 ) ) ;
#10132 = CIRCLE ( 'NONE', #1885, 0.1000000000000001443 ) ;
#10133 = PLANE ( 'NONE',  #1536 ) ;
#10134 = DIRECTION ( 'NONE',  ( 0.000000000000000000, 0.7546055221635050714, -0.6561787149247864104 ) ) ;
#10135 = EDGE_CURVE ( 'NONE', #6156, #2754, #44, .T. ) ;
#10136 = VERTEX_POINT ( 'NONE', #6103 ) ;
#10137 = ORIENTED_EDGE ( 'NONE', *, *, #10076, .T. ) ;
#10138 = CARTESIAN_POINT ( 'NONE',  ( 0.000000000000000000, 0.000000000000000000, -7.650000000000000355 ) ) ;
#10139 = AXIS2_PLACEMENT_3D ( 'NONE', #8582, #3369, #738 ) ;
#10140 = CARTESIAN_POINT ( 'NONE',  ( 2.380630087592845445, 8.085578849045317540, 3.675000000000000266 ) ) ;
#10141 = AXIS2_PLACEMENT_3D ( 'NONE', #9790, #2857, #6350 ) ;
#10142 = DIRECTION ( 'NONE',  ( 0.000000000000000000, -0.000000000000000000, -1.000000000000000000 ) ) ;
#10143 = AXIS2_PLACEMENT_3D ( 'NONE', #6948, #1731, #10976 ) ;
#10144 = DIRECTION ( 'NONE',  ( -1.000000000000000000, -0.000000000000000000, -0.000000000000000000 ) ) ;
#10145 = CARTESIAN_POINT ( 'NONE',  ( -4.763625870545998175, 3.844580505176269813, 11.17499999999999893 ) ) ;
#10146 = EDGE_CURVE ( 'NONE', #3604, #9341, #6440, .T. ) ;
#10147 = EDGE_CURVE ( 'NONE', #6025, #9134, #8052, .T. ) ;
#10148 = AXIS2_PLACEMENT_3D ( 'NONE', #1622, #611, #2492 ) ;
#10149 = ORIENTED_EDGE ( 'NONE', *, *, #5056, .T. ) ;
#10150 = DIRECTION ( 'NONE',  ( -1.000000000000000000, 0.000000000000000000, 0.000000000000000000 ) ) ;
#10151 = DIRECTION ( 'NONE',  ( 0.000000000000000000, 0.000000000000000000, -1.000000000000000000 ) ) ;
#10152 = DIRECTION ( 'NONE',  ( -1.000000000000000000, 0.000000000000000000, 0.000000000000000000 ) ) ;
#10153 = ORIENTED_EDGE ( 'NONE', *, *, #11324, .T. ) ;
#10154 = CIRCLE ( 'NONE', #5204, 0.1299999999999998934 ) ;
#10155 = ORIENTED_EDGE ( 'NONE', *, *, #4648, .F. ) ;
#10156 = EDGE_LOOP ( 'NONE', ( #7983, #1784, #8709, #3579 ) ) ;
#10157 = AXIS2_PLACEMENT_3D ( 'NONE', #6606, #7298, #3802 ) ;
#10158 = LINE ( 'NONE', #2353, #3501 ) ;
#10159 = DIRECTION ( 'NONE',  ( 1.000000000000000000, 1.680321552529715921E-16, 0.000000000000000000 ) ) ;
#10160 = DIRECTION ( 'NONE',  ( -0.8780328119034556122, -0.4786004400550746274, 0.000000000000000000 ) ) ;
#10161 = EDGE_CURVE ( 'NONE', #4208, #10667, #1318, .T. ) ;
#10162 = FACE_OUTER_BOUND ( 'NONE', #10722, .T. ) ;
#10163 = CARTESIAN_POINT ( 'NONE',  ( 1.528166405880238443, 9.107140056187530419, -2.457261515329064672 ) ) ;
#10164 = CARTESIAN_POINT ( 'NONE',  ( 0.01715630721368240769, 0.004492935629502566378, 3.675000000000000266 ) ) ;
#10165 = CARTESIAN_POINT ( 'NONE',  ( 2.580939751330912468, 4.384530124334557577, 15.29999999999999893 ) ) ;
#10166 = AXIS2_PLACEMENT_3D ( 'NONE', #4414, #1955, #989 ) ;
#10167 = ORIENTED_EDGE ( 'NONE', *, *, #1208, .T. ) ;
#10168 = ORIENTED_EDGE ( 'NONE', *, *, #3306, .T. ) ;
#10169 = VERTEX_POINT ( 'NONE', #7997 ) ;
#10170 = DIRECTION ( 'NONE',  ( -1.000000000000000000, 0.000000000000000000, -0.000000000000000000 ) ) ;
#10171 = DIRECTION ( 'NONE',  ( 0.000000000000000000, 0.000000000000000000, 1.000000000000000000 ) ) ;
#10172 = CARTESIAN_POINT ( 'NONE',  ( -1.380000000000000115, 12.46319082832452629, -4.442330547426800003 ) ) ;
#10173 = ORIENTED_EDGE ( 'NONE', *, *, #7417, .F. ) ;
#10175 = ADVANCED_FACE ( 'NONE', ( #1062, #1852 ), #7026, .F. ) ;
#10174 = CARTESIAN_POINT ( 'NONE',  ( 2.580939751330914245, -2.084296772316889701, 11.17499999999999893 ) ) ;
#10176 = CARTESIAN_POINT ( 'NONE',  ( -2.580939751330912912, -2.003873909248936602, 11.17499999999999893 ) ) ;
#10177 = ORIENTED_EDGE ( 'NONE', *, *, #5201, .F. ) ;
#10178 = DIRECTION ( 'NONE',  ( -0.000000000000000000, 1.000000000000000000, -0.000000000000000000 ) ) ;
#10179 = EDGE_CURVE ( 'NONE', #6921, #10426, #10514, .T. ) ;
#10180 = ORIENTED_EDGE ( 'NONE', *, *, #4538, .T. ) ;
#10181 = CIRCLE ( 'NONE', #3039, 0.1700000000000000122 ) ;
#10182 = DIRECTION ( 'NONE',  ( 0.000000000000000000, 0.000000000000000000, 1.000000000000000000 ) ) ;
#10183 = ORIENTED_EDGE ( 'NONE', *, *, #1162, .T. ) ;
#10184 = CYLINDRICAL_SURFACE ( 'NONE', #9908, 0.2999999999999999334 ) ;
#10185 = DIRECTION ( 'NONE',  ( -0.8631770573194731400, 0.5049013445390049259, 0.000000000000000000 ) ) ;
#10186 = CIRCLE ( 'NONE', #5242, 0.02000000000000005246 ) ;
#10187 = DIRECTION ( 'NONE',  ( 0.9673775151489821811, 0.2533391860415217245, 0.000000000000000000 ) ) ;
#10188 = DIRECTION ( 'NONE',  ( 1.000000000000000000, 2.168404344971008252E-17, 8.673617379884035472E-17 ) ) ;
#10189 = FACE_OUTER_BOUND ( 'NONE', #1047, .T. ) ;
#10190 = ORIENTED_EDGE ( 'NONE', *, *, #10485, .T. ) ;
#10191 = ADVANCED_FACE ( 'NONE', ( #8744, #3466 ), #1009, .T. ) ;
#10192 = VERTEX_POINT ( 'NONE', #2837 ) ;
#10193 = DIRECTION ( 'NONE',  ( 0.000000000000000000, 0.000000000000000000, -1.000000000000000000 ) ) ;
#10194 = CIRCLE ( 'NONE', #2320, 3.649999999999999467 ) ;
#10195 = EDGE_CURVE ( 'NONE', #9164, #10576, #4497, .T. ) ;
#10196 = CARTESIAN_POINT ( 'NONE',  ( 2.932862173304877196, 3.000000000000000000, 7.066080920955845279 ) ) ;
#10197 = ORIENTED_EDGE ( 'NONE', *, *, #5963, .F. ) ;
#10198 = LINE ( 'NONE', #4981, #10110 ) ;
#10199 = CARTESIAN_POINT ( 'NONE',  ( -1.380000000000000115, 12.46319082832452629, 4.442330547426800003 ) ) ;
#10200 = ORIENTED_EDGE ( 'NONE', *, *, #5777, .T. ) ;
#10201 = CARTESIAN_POINT ( 'NONE',  ( 2.380630087592832123, 8.085578849045335303, 3.675000000000000266 ) ) ;
#10202 = LINE ( 'NONE', #2346, #10719 ) ;
#10203 = DIRECTION ( 'NONE',  ( 1.000000000000000000, 0.000000000000000000, -0.000000000000000000 ) ) ;
#10204 = ORIENTED_EDGE ( 'NONE', *, *, #1007, .F. ) ;
#10205 = ORIENTED_EDGE ( 'NONE', *, *, #9757, .F. ) ;
#10206 = ORIENTED_EDGE ( 'NONE', *, *, #4425, .T. ) ;
#10207 = EDGE_CURVE ( 'NONE', #5297, #9792, #10684, .T. ) ;
#10208 = CARTESIAN_POINT ( 'NONE',  ( -4.600654826388336005, 10.14107261474447341, -2.625562286609690599 ) ) ;
#10209 = VECTOR ( 'NONE', #3503, 1000.000000000000114 ) ;
#10210 = DIRECTION ( 'NONE',  ( -0.5120428415488792462, 0.6896551724137933714, -0.5120428415488789131 ) ) ;
#10211 = CARTESIAN_POINT ( 'NONE',  ( 2.291287847478249429, 8.000000000000000000, -4.999999999999999112 ) ) ;
#10212 = DIRECTION ( 'NONE',  ( -0.000000000000000000, 0.000000000000000000, 1.000000000000000000 ) ) ;
#10213 = DIRECTION ( 'NONE',  ( 0.9943490029226541571, 0.1061605406293864157, -0.000000000000000000 ) ) ;
#10214 = DIRECTION ( 'NONE',  ( -0.7781777610061624273, 0.6280440846592187931, 0.000000000000000000 ) ) ;
#10215 = LINE ( 'NONE', #7753, #9992 ) ;
#10216 = ORIENTED_EDGE ( 'NONE', *, *, #7851, .T. ) ;
#10217 = VERTEX_POINT ( 'NONE', #2717 ) ;
#10218 = AXIS2_PLACEMENT_3D ( 'NONE', #9290, #5087, #582 ) ;
#10219 = ORIENTED_EDGE ( 'NONE', *, *, #2391, .F. ) ;
#10220 = ADVANCED_FACE ( 'NONE', ( #6966 ), #11163, .T. ) ;
#10221 = DIRECTION ( 'NONE',  ( 1.000000000000000000, 0.000000000000000000, 0.000000000000000000 ) ) ;
#10222 = SHAPE_DEFINITION_REPRESENTATION ( #5094, #6089 ) ;
#10223 = DIRECTION ( 'NONE',  ( 1.000000000000000000, 0.000000000000000000, 0.000000000000000000 ) ) ;
#10224 = CARTESIAN_POINT ( 'NONE',  ( -2.280939751330911314, -4.084530124334557755, 0.2999999999999999889 ) ) ;
#10225 = AXIS2_PLACEMENT_3D ( 'NONE', #8240, #1030, #174 ) ;
#10226 = ORIENTED_EDGE ( 'NONE', *, *, #493, .F. ) ;
#10227 = ORIENTED_EDGE ( 'NONE', *, *, #1706, .F. ) ;
#10228 = DIRECTION ( 'NONE',  ( 0.000000000000000000, 0.000000000000000000, 1.000000000000000000 ) ) ;
#10229 = CARTESIAN_POINT ( 'NONE',  ( -1.380000000000000115, 11.54484625457503100, -5.498426807238717906 ) ) ;
#10230 = VERTEX_POINT ( 'NONE', #9593 ) ;
#10231 = CARTESIAN_POINT ( 'NONE',  ( 1.177310021971333942, 8.566988997091346647, 11.17499999999999893 ) ) ;
#10232 = ORIENTED_EDGE ( 'NONE', *, *, #5666, .T. ) ;
#10233 = LINE ( 'NONE', #11299, #3928 ) ;
#10234 = VERTEX_POINT ( 'NONE', #9771 ) ;
#10235 = EDGE_CURVE ( 'NONE', #3339, #10217, #1118, .T. ) ;
#10236 = DIRECTION ( 'NONE',  ( 0.7071067811865473507, -8.049116928532377276E-17, -0.7071067811865477948 ) ) ;
#10237 = AXIS2_PLACEMENT_3D ( 'NONE', #11082, #10339, #2491 ) ;
#10238 = EDGE_CURVE ( 'NONE', #1600, #331, #10077, .T. ) ;
#10239 = DIRECTION ( 'NONE',  ( 0.4876598490941728148, 0.7241379310344824294, -0.4876598490941689845 ) ) ;
#10240 = CARTESIAN_POINT ( 'NONE',  ( -1.650000000000000355, 6.965469875665441180, 15.29999999999999893 ) ) ;
#10241 = CARTESIAN_POINT ( 'NONE',  ( 2.262975846493154641, 8.000000000000000000, 4.870299948342226237 ) ) ;
#10242 = CARTESIAN_POINT ( 'NONE',  ( -1.098581491038424840, 0.6205207517233428671, 7.800000000000000711 ) ) ;
#10243 = VERTEX_POINT ( 'NONE', #2774 ) ;
#10244 = ORIENTED_EDGE ( 'NONE', *, *, #5215, .T. ) ;
#10245 = FILL_AREA_STYLE_COLOUR ( '', #7478 ) ;
#10246 = AXIS2_PLACEMENT_3D ( 'NONE', #2182, #3103, #8208 ) ;
#10247 = ADVANCED_FACE ( 'NONE', ( #4554 ), #4612, .T. ) ;
#10248 = ADVANCED_FACE ( 'NONE', ( #6273 ), #6212, .T. ) ;
#10249 = LINE ( 'NONE', #5033, #37 ) ;
#10250 = ADVANCED_FACE ( 'NONE', ( #3581 ), #43, .F. ) ;
#10251 = AXIS2_PLACEMENT_3D ( 'NONE', #7798, #6071, #4353 ) ;
#10252 = FACE_OUTER_BOUND ( 'NONE', #5844, .T. ) ;
#10253 = ORIENTED_EDGE ( 'NONE', *, *, #9668, .F. ) ;
#10254 = PLANE ( 'NONE',  #9857 ) ;
#10255 = DIRECTION ( 'NONE',  ( 0.000000000000000000, -1.000000000000000000, 0.000000000000000000 ) ) ;
#10256 = DIRECTION ( 'NONE',  ( -1.000000000000000000, -0.000000000000000000, -0.000000000000000000 ) ) ;
#10257 = ORIENTED_EDGE ( 'NONE', *, *, #8813, .F. ) ;
#10258 = EDGE_LOOP ( 'NONE', ( #3845, #6683, #1242, #6455 ) ) ;
#10259 = ORIENTED_EDGE ( 'NONE', *, *, #1506, .T. ) ;
#10260 = DIRECTION ( 'NONE',  ( 0.000000000000000000, 0.000000000000000000, 1.000000000000000000 ) ) ;
#10261 = VECTOR ( 'NONE', #3982, 1000.000000000000000 ) ;
#10262 = DIRECTION ( 'NONE',  ( 0.7071067811865475727, 0.000000000000000000, -0.7071067811865475727 ) ) ;
#10263 = DIRECTION ( 'NONE',  ( 0.000000000000000000, 0.000000000000000000, 1.000000000000000000 ) ) ;
#10264 = CARTESIAN_POINT ( 'NONE',  ( -7.171856393899841642, 2.999999999999999556, -2.663767322733573639 ) ) ;
#10265 = FACE_OUTER_BOUND ( 'NONE', #6544, .T. ) ;
#10266 = EDGE_CURVE ( 'NONE', #8510, #7708, #2892, .T. ) ;
#10267 = AXIS2_PLACEMENT_3D ( 'NONE', #2469, #8127, #7215 ) ;
#10268 = DIRECTION ( 'NONE',  ( -0.7071067811865473507, 2.775557561562891351E-17, 0.7071067811865477948 ) ) ;
#10269 = DIRECTION ( 'NONE',  ( 1.000000000000000000, 2.168404344971008252E-17, 8.673617379884035472E-17 ) ) ;
#10270 = VERTEX_POINT ( 'NONE', #2944 ) ;
#10271 = ORIENTED_EDGE ( 'NONE', *, *, #1609, .T. ) ;
#10272 = AXIS2_PLACEMENT_3D ( 'NONE', #11273, #634, #7785 ) ;
#10273 = ORIENTED_EDGE ( 'NONE', *, *, #8143, .T. ) ;
#10274 = AXIS2_PLACEMENT_3D ( 'NONE', #4846, #7594, #4901 ) ;
#10275 = CARTESIAN_POINT ( 'NONE',  ( 0.7016507962251111730, 5.105736415116989058, 3.675000000000000266 ) ) ;
#10276 = CARTESIAN_POINT ( 'NONE',  ( -1.771168402671605879E-15, 6.965469875665441180, 11.17499999999999893 ) ) ;
#10277 = CARTESIAN_POINT ( 'NONE',  ( 1.060660171779820526, 0.000000000000000000, -1.060660171779820526 ) ) ;
#10278 = CIRCLE ( 'NONE', #1853, 0.1299999999999998934 ) ;
#10279 = ORIENTED_EDGE ( 'NONE', *, *, #6651, .F. ) ;
#10280 = DIRECTION ( 'NONE',  ( -1.000000000000000000, 0.000000000000000000, 0.000000000000000000 ) ) ;
#10281 = AXIS2_PLACEMENT_3D ( 'NONE', #10129, #7377, #8404 ) ;
#10282 = DIRECTION ( 'NONE',  ( -0.7071067811865477948, 0.000000000000000000, -0.7071067811865473507 ) ) ;
#10283 = AXIS2_PLACEMENT_3D ( 'NONE', #10277, #9311, #3116 ) ;
#10284 = EDGE_CURVE ( 'NONE', #4199, #3777, #10908, .T. ) ;
#10285 = ORIENTED_EDGE ( 'NONE', *, *, #8813, .T. ) ;
#10286 = CARTESIAN_POINT ( 'NONE',  ( -2.721591361078370852, 3.046643593403176808, -7.149647802037665478 ) ) ;
#10287 = ORIENTED_EDGE ( 'NONE', *, *, #3031, .F. ) ;
#10288 = VERTEX_POINT ( 'NONE', #9994 ) ;
#10289 = CIRCLE ( 'NONE', #8643, 0.1299999999999998934 ) ;
#10290 = AXIS2_PLACEMENT_3D ( 'NONE', #4888, #4829, #8493 ) ;
#10291 = CARTESIAN_POINT ( 'NONE',  ( 1.753688622889470644E-15, -4.084530124334557755, 15.00000000000000000 ) ) ;
#10292 = CIRCLE ( 'NONE', #3340, 0.1499999999999999667 ) ;
#10293 = CARTESIAN_POINT ( 'NONE',  ( 3.412809285801760240, 8.259777713370700880, 0.000000000000000000 ) ) ;
#10294 = LINE ( 'NONE', #8465, #6404 ) ;
#10295 = LINE ( 'NONE', #7834, #8475 ) ;
#10296 = ADVANCED_FACE ( 'NONE', ( #3861 ), #9085, .F. ) ;
#10297 = ORIENTED_EDGE ( 'NONE', *, *, #2094, .F. ) ;
#10298 = ORIENTED_EDGE ( 'NONE', *, *, #7162, .F. ) ;
#10299 = CARTESIAN_POINT ( 'NONE',  ( -2.580939751330912468, 6.382121700833030950E-16, 11.17499999999999893 ) ) ;
#10300 = FACE_OUTER_BOUND ( 'NONE', #1173, .T. ) ;
#10301 = LINE ( 'NONE', #5080, #8628 ) ;
#10302 = AXIS2_PLACEMENT_3D ( 'NONE', #9326, #4001, #7384 ) ;
#10303 = CARTESIAN_POINT ( 'NONE',  ( 4.999999999999999112, 8.000000000000000000, 2.179449471770337432 ) ) ;
#10304 = AXIS2_PLACEMENT_3D ( 'NONE', #6879, #10203, #7508 ) ;
#10305 = FILL_AREA_STYLE ('',( #8588 ) ) ;
#10306 = ORIENTED_EDGE ( 'NONE', *, *, #6362, .F. ) ;
#10307 = PLANE ( 'NONE',  #2895 ) ;
#10308 = ADVANCED_FACE ( 'NONE', ( #1234 ), #2256, .T. ) ;
#10309 = LINE ( 'NONE', #8370, #9807 ) ;
#10310 = CARTESIAN_POINT ( 'NONE',  ( -1.771168402671605879E-15, 6.965469875665441180, 3.675000000000000266 ) ) ;
#10311 = VECTOR ( 'NONE', #9986, 1000.000000000000000 ) ;
#10312 = ORIENTED_EDGE ( 'NONE', *, *, #679, .T. ) ;
#10313 = EDGE_CURVE ( 'NONE', #1995, #4953, #3113, .T. ) ;
#10314 = ORIENTED_EDGE ( 'NONE', *, *, #645, .F. ) ;
#10315 = AXIS2_PLACEMENT_3D ( 'NONE', #10276, #4154, #8448 ) ;
#10316 = ORIENTED_EDGE ( 'NONE', *, *, #8528, .F. ) ;
#10317 = PRESENTATION_LAYER_ASSIGNMENT (  '', '', ( #3368 ) ) ;
#10318 = DIRECTION ( 'NONE',  ( 0.8780328119034589429, 0.4786004400550684101, 0.000000000000000000 ) ) ;
#10319 = AXIS2_PLACEMENT_3D ( 'NONE', #8522, #677, #4168 ) ;
#10320 = PLANE ( 'NONE',  #4430 ) ;
#10321 = CARTESIAN_POINT ( 'NONE',  ( -1.650000000000000355, 6.965469875665441180, 3.675000000000000266 ) ) ;
#10322 = DIRECTION ( 'NONE',  ( 0.2824413387594218450, 0.9592845720430331902, 0.000000000000000000 ) ) ;
#10323 = CARTESIAN_POINT ( 'NONE',  ( 2.456675682618985057, -4.260266055622629722, -3.228216686206738553E-17 ) ) ;
#10324 = ORIENTED_EDGE ( 'NONE', *, *, #8704, .T. ) ;
#10325 = AXIS2_PLACEMENT_3D ( 'NONE', #827, #7810, #615 ) ;
#10326 = DIRECTION ( 'NONE',  ( 0.9943490029226539351, 0.1061605406293884973, -0.000000000000000000 ) ) ;
#10327 = DIRECTION ( 'NONE',  ( 0.000000000000000000, 0.000000000000000000, 1.000000000000000000 ) ) ;
#10328 = ORIENTED_EDGE ( 'NONE', *, *, #7841, .F. ) ;
#10329 = EDGE_CURVE ( 'NONE', #6268, #8808, #378, .T. ) ;
#10330 = VERTEX_POINT ( 'NONE', #8217 ) ;
#10331 = CIRCLE ( 'NONE', #2284, 3.649999999999999467 ) ;
#10332 = ORIENTED_EDGE ( 'NONE', *, *, #1588, .T. ) ;
#10333 = EDGE_CURVE ( 'NONE', #1100, #7469, #2025, .T. ) ;
#10334 = DIRECTION ( 'NONE',  ( -1.000000000000000000, 0.000000000000000000, 0.000000000000000000 ) ) ;
#10335 = CARTESIAN_POINT ( 'NONE',  ( 2.280939751330914422, -4.084530124334556866, 15.00000000000000000 ) ) ;
#10336 = CARTESIAN_POINT ( 'NONE',  ( 1.399999999999999689, 0.000000000000000000, 5.530000000000000249 ) ) ;
#10337 = CIRCLE ( 'NONE', #8885, 0.01999999999999996225 ) ;
#10338 = VERTEX_POINT ( 'NONE', #5756 ) ;
#10339 = DIRECTION ( 'NONE',  ( -0.000000000000000000, -0.000000000000000000, -1.000000000000000000 ) ) ;
#10340 = CARTESIAN_POINT ( 'NONE',  ( -2.280939751330911758, 6.965469875665441180, 15.00000000000000000 ) ) ;
#10341 = ORIENTED_EDGE ( 'NONE', *, *, #9723, .T. ) ;
#10342 = DIRECTION ( 'NONE',  ( -0.8780328119034565004, -0.4786004400550726290, 0.000000000000000000 ) ) ;
#10343 = EDGE_LOOP ( 'NONE', ( #9239, #4271, #2295, #479 ) ) ;
#10344 = EDGE_LOOP ( 'NONE', ( #9583, #8655 ) ) ;
#10345 = EDGE_CURVE ( 'NONE', #6686, #343, #1287, .T. ) ;
#10346 = FACE_OUTER_BOUND ( 'NONE', #2254, .T. ) ;
#10347 = ADVANCED_FACE ( 'NONE', ( #3929 ), #4672, .F. ) ;
#10348 = FACE_OUTER_BOUND ( 'NONE', #843, .T. ) ;
#10349 = DIRECTION ( 'NONE',  ( 0.000000000000000000, 0.000000000000000000, -1.000000000000000000 ) ) ;
#10350 = VECTOR ( 'NONE', #11263, 1000.000000000000000 ) ;
#10351 = CARTESIAN_POINT ( 'NONE',  ( 4.745536286357737055, 3.598821182761691606, -2.625562286609687046 ) ) ;
#10352 = CARTESIAN_POINT ( 'NONE',  ( -3.412809285801754910, 5.671162037960161051, 7.800000000000000711 ) ) ;
#10353 = ORIENTED_EDGE ( 'NONE', *, *, #2270, .F. ) ;
#10354 = ORIENTED_EDGE ( 'NONE', *, *, #1759, .T. ) ;
#10355 = DIRECTION ( 'NONE',  ( 0.9673775151489824031, 0.2533391860415208363, 0.000000000000000000 ) ) ;
#10356 = CARTESIAN_POINT ( 'NONE',  ( -1.030666926558653025E-16, 6.965469875665441180, 11.17499999999999893 ) ) ;
#10357 = ADVANCED_FACE ( 'NONE', ( #5696 ), #5585, .T. ) ;
#10358 = DIRECTION ( 'NONE',  ( 0.000000000000000000, 0.000000000000000000, 1.000000000000000000 ) ) ;
#10359 = ORIENTED_EDGE ( 'NONE', *, *, #7610, .T. ) ;
#10360 = CARTESIAN_POINT ( 'NONE',  ( -3.372160293666176312, 5.568675347532812125, 3.675000000000000266 ) ) ;
#10361 = DIRECTION ( 'NONE',  ( -1.000000000000000000, -2.168404344971008252E-17, 8.673617379884035472E-17 ) ) ;
#10362 = VECTOR ( 'NONE', #2696, 999.9999999999998863 ) ;
#10363 = DIRECTION ( 'NONE',  ( -0.8780328119034556122, -0.4786004400550745719, 0.000000000000000000 ) ) ;
#10364 = ORIENTED_EDGE ( 'NONE', *, *, #1596, .T. ) ;
#10365 = ORIENTED_EDGE ( 'NONE', *, *, #3768, .F. ) ;
#10366 = ORIENTED_EDGE ( 'NONE', *, *, #10408, .F. ) ;
#10367 = EDGE_CURVE ( 'NONE', #10680, #83, #10990, .T. ) ;
#10368 = EDGE_CURVE ( 'NONE', #5649, #336, #4842, .T. ) ;
#10369 = CARTESIAN_POINT ( 'NONE',  ( 1.379999999999999671, 12.34999999999999964, 4.343903740188081564 ) ) ;
#10370 = EDGE_CURVE ( 'NONE', #6882, #7484, #7306, .T. ) ;
#10371 = DIRECTION ( 'NONE',  ( 0.9906889957247191347, -0.1361444591231953660, 0.000000000000000000 ) ) ;
#10372 = CYLINDRICAL_SURFACE ( 'NONE', #9012, 0.2000000000000002331 ) ;
#10373 = PLANE ( 'NONE',  #6557 ) ;
#10374 = LINE ( 'NONE', #6771, #868 ) ;
#10375 = EDGE_LOOP ( 'NONE', ( #9888, #5754, #5881, #6504 ) ) ;
#10376 = CARTESIAN_POINT ( 'NONE',  ( -1.060660171779818750, 4.585121964646132860E-16, -1.060660171779826300 ) ) ;
#10377 = DIRECTION ( 'NONE',  ( -0.9673775151489835133, -0.2533391860415170060, 0.000000000000000000 ) ) ;
#10378 = ORIENTED_EDGE ( 'NONE', *, *, #4621, .F. ) ;
#10379 = VERTEX_POINT ( 'NONE', #6613 ) ;
#10380 = EDGE_LOOP ( 'NONE', ( #84, #7689, #5880, #2561 ) ) ;
#10381 = AXIS2_PLACEMENT_3D ( 'NONE', #9251, #2727, #7264 ) ;
#10382 = ADVANCED_FACE ( 'NONE', ( #8164 ), #10739, .T. ) ;
#10383 = LINE ( 'NONE', #11130, #1838 ) ;
#10384 = EDGE_CURVE ( 'NONE', #5529, #3781, #5129, .T. ) ;
#10385 = CARTESIAN_POINT ( 'NONE',  ( -1.400000000000000355, 9.281463325509363926, -8.070837674355974656 ) ) ;
#10386 = FACE_OUTER_BOUND ( 'NONE', #7680, .T. ) ;
#10387 = ORIENTED_EDGE ( 'NONE', *, *, #5730, .F. ) ;
#10388 = DIRECTION ( 'NONE',  ( -0.9592845720430316359, 0.2824413387594271740, 0.000000000000000000 ) ) ;
#10389 = CARTESIAN_POINT ( 'NONE',  ( 2.179449471770337432, 1.500000000000000444, 4.500000000000000000 ) ) ;
#10390 = ORIENTED_EDGE ( 'NONE', *, *, #8701, .F. ) ;
#10391 = AXIS2_PLACEMENT_3D ( 'NONE', #6248, #5328, #10546 ) ;
#10392 = CARTESIAN_POINT ( 'NONE',  ( -2.571963978632912706, 3.200000000000000178, -7.204686064820227998 ) ) ;
#10393 = VERTEX_POINT ( 'NONE', #6444 ) ;
#10394 = ADVANCED_FACE ( 'NONE', ( #2028 ), #9026, .T. ) ;
#10395 = EDGE_LOOP ( 'NONE', ( #4512, #3763, #9476, #2291 ) ) ;
#10396 = LINE ( 'NONE', #5183, #4063 ) ;
#10397 = AXIS2_PLACEMENT_3D ( 'NONE', #5779, #1423, #4919 ) ;
#10398 = DIRECTION ( 'NONE',  ( 0.000000000000000000, 0.000000000000000000, -1.000000000000000000 ) ) ;
#10399 = FACE_OUTER_BOUND ( 'NONE', #4186, .T. ) ;
#10400 = DIRECTION ( 'NONE',  ( 1.000000000000000000, 0.000000000000000000, 0.000000000000000000 ) ) ;
#10401 = CARTESIAN_POINT ( 'NONE',  ( -4.499999999999998224, 7.633700821002010528, -2.179449471770337432 ) ) ;
#10402 = PLANE ( 'NONE',  #1176 ) ;
#10403 = CARTESIAN_POINT ( 'NONE',  ( 2.563449210601381534, 6.373209906677502090, 0.000000000000000000 ) ) ;
#10404 = EDGE_LOOP ( 'NONE', ( #10168, #2175, #10499, #774 ) ) ;
#10405 =( BOUNDED_CURVE ( )  B_SPLINE_CURVE ( 3, ( #6981, #1812, #10472, #10755 ),
 .UNSPECIFIED., .F., .F. ) 
 B_SPLINE_CURVE_WITH_KNOTS ( ( 4, 4 ),
 ( 5.978492653164188653, 6.587877961194983811 ),
 .UNSPECIFIED. ) 
 CURVE ( )  GEOMETRIC_REPRESENTATION_ITEM ( )  RATIONAL_B_SPLINE_CURVE ( ( 1.000000000000000000, 0.9692928009446304394, 0.9692928009446304394, 1.000000000000000000 ) ) 
 REPRESENTATION_ITEM ( '' )  );
#10406 = ORIENTED_EDGE ( 'NONE', *, *, #9261, .T. ) ;
#10407 = DIRECTION ( 'NONE',  ( -0.8780328119034556122, -0.4786004400550746274, 0.000000000000000000 ) ) ;
#10408 = EDGE_CURVE ( 'NONE', #7849, #4866, #9515, .T. ) ;
#10409 = LINE ( 'NONE', #9606, #1178 ) ;
#10410 = LINE ( 'NONE', #798, #2950 ) ;
#10411 = DIRECTION ( 'NONE',  ( -1.680321552529715428E-16, 1.000000000000000000, 0.000000000000000000 ) ) ;
#10412 = DIRECTION ( 'NONE',  ( -0.4876598490941711495, 0.7241379310344820963, -0.4876598490941711495 ) ) ;
#10413 = AXIS2_PLACEMENT_3D ( 'NONE', #1965, #94, #8738 ) ;
#10414 = ORIENTED_EDGE ( 'NONE', *, *, #1145, .F. ) ;
#10415 = LINE ( 'NONE', #1648, #166 ) ;
#10416 = DIRECTION ( 'NONE',  ( 0.9592845720430316359, -0.2824413387594271740, 0.000000000000000000 ) ) ;
#10417 = EDGE_CURVE ( 'NONE', #10512, #354, #3400, .T. ) ;
#10418 = DIRECTION ( 'NONE',  ( 0.000000000000000000, 1.000000000000000000, 0.000000000000000000 ) ) ;
#10419 = ORIENTED_EDGE ( 'NONE', *, *, #5603, .F. ) ;
#10420 = EDGE_LOOP ( 'NONE', ( #1159, #8026, #6822, #6491 ) ) ;
#10421 = VERTEX_POINT ( 'NONE', #2485 ) ;
#10422 = AXIS2_PLACEMENT_3D ( 'NONE', #8520, #11146, #1580 ) ;
#10423 = DIRECTION ( 'NONE',  ( 1.000000000000000000, 0.000000000000000000, 0.000000000000000000 ) ) ;
#10424 = PLANE ( 'NONE',  #6994 ) ;
#10425 = LINE ( 'NONE', #9454, #7732 ) ;
#10426 = VERTEX_POINT ( 'NONE', #6726 ) ;
#10427 = CARTESIAN_POINT ( 'NONE',  ( 2.969848480983505290, 1.499999999999999556, -7.049999999999998046 ) ) ;
#10428 = DIRECTION ( 'NONE',  ( 0.000000000000000000, 0.000000000000000000, 1.000000000000000000 ) ) ;
#10429 = ORIENTED_EDGE ( 'NONE', *, *, #2389, .T. ) ;
#10430 = ADVANCED_FACE ( 'NONE', ( #3282 ), #6044, .T. ) ;
#10431 = DIRECTION ( 'NONE',  ( 1.000000000000000000, 0.000000000000000000, 0.000000000000000000 ) ) ;
#10432 = CARTESIAN_POINT ( 'NONE',  ( -1.007663994480482605, 12.46411433246060341, 11.17499999999999893 ) ) ;
#10433 = ORIENTED_EDGE ( 'NONE', *, *, #9823, .T. ) ;
#10434 = VERTEX_POINT ( 'NONE', #10622 ) ;
#10435 = ORIENTED_EDGE ( 'NONE', *, *, #7446, .F. ) ;
#10436 = DIRECTION ( 'NONE',  ( 0.000000000000000000, 0.000000000000000000, 1.000000000000000000 ) ) ;
#10437 = EDGE_CURVE ( 'NONE', #9023, #7763, #5867, .T. ) ;
#10438 = EDGE_LOOP ( 'NONE', ( #1750, #9919, #1104, #101 ) ) ;
#10439 = CIRCLE ( 'NONE', #5141, 7.650000000000000355 ) ;
#10440 = CARTESIAN_POINT ( 'NONE',  ( 6.505213034913026604E-16, 2.565469875665443045, 7.800000000000000711 ) ) ;
#10441 = DIRECTION ( 'NONE',  ( 0.000000000000000000, 0.9863939238321437486, -0.1643989873053572637 ) ) ;
#10442 = FACE_OUTER_BOUND ( 'NONE', #330, .T. ) ;
#10443 = VERTEX_POINT ( 'NONE', #661 ) ;
#10444 = CARTESIAN_POINT ( 'NONE',  ( -2.580939751330911580, -2.084296772316891477, 3.675000000000000266 ) ) ;
#10445 = LINE ( 'NONE', #6150, #9241 ) ;
#10446 = VERTEX_POINT ( 'NONE', #3176 ) ;
#10447 = EDGE_CURVE ( 'NONE', #7248, #721, #1116, .T. ) ;
#10449 = DIRECTION ( 'NONE',  ( -1.000000000000000000, 0.000000000000000000, 0.000000000000000000 ) ) ;
#10448 = VECTOR ( 'NONE', #9390, 1000.000000000000000 ) ;
#10450 = VERTEX_POINT ( 'NONE', #6780 ) ;
#10451 = EDGE_CURVE ( 'NONE', #4280, #6758, #769, .T. ) ;
#10452 = EDGE_CURVE ( 'NONE', #721, #7248, #7514, .T. ) ;
#10453 = ORIENTED_EDGE ( 'NONE', *, *, #3715, .T. ) ;
#10454 = AXIS2_PLACEMENT_3D ( 'NONE', #8598, #10260, #754 ) ;
#10455 = CARTESIAN_POINT ( 'NONE',  ( -1.030666926558653025E-16, 6.965469875665441180, 0.000000000000000000 ) ) ;
#10456 = AXIS2_PLACEMENT_3D ( 'NONE', #834, #7871, #10558 ) ;
#10457 = DIRECTION ( 'NONE',  ( 0.000000000000000000, -0.6561787149247864104, -0.7546055221635050714 ) ) ;
#10458 = DIRECTION ( 'NONE',  ( -8.673617379884035472E-17, -1.880790961315659329E-33, -1.000000000000000000 ) ) ;
#10459 = UNCERTAINTY_MEASURE_WITH_UNIT (LENGTH_MEASURE( 1.000000000000000082E-05 ), #10932, 'distance_accuracy_value', 'NONE');
#10460 = ORIENTED_EDGE ( 'NONE', *, *, #1506, .F. ) ;
#10461 = CARTESIAN_POINT ( 'NONE',  ( -2.149616066072687293, 8.208324503659552462, 3.675000000000000266 ) ) ;
#10462 = PLANE ( 'NONE',  #11049 ) ;
#10463 = CARTESIAN_POINT ( 'NONE',  ( -2.670106700085394635, 0.3669367824343569562, 7.800000000000000711 ) ) ;
#10464 = ORIENTED_EDGE ( 'NONE', *, *, #4746, .F. ) ;
#10465 = ORIENTED_EDGE ( 'NONE', *, *, #6340, .F. ) ;
#10466 = CARTESIAN_POINT ( 'NONE',  ( 1.379999999999999671, 9.655153745424975398, -5.498426807238719682 ) ) ;
#10467 = AXIS2_PLACEMENT_3D ( 'NONE', #7632, #2301, #4189 ) ;
#10468 = DIRECTION ( 'NONE',  ( 0.000000000000000000, 0.000000000000000000, 1.000000000000000000 ) ) ;
#10469 = EDGE_CURVE ( 'NONE', #4835, #9436, #574, .T. ) ;
#10470 = CARTESIAN_POINT ( 'NONE',  ( -1.030666926558653025E-16, 6.965469875665441180, 11.17499999999999893 ) ) ;
#10471 = ADVANCED_FACE ( 'NONE', ( #5976 ), #7758, .T. ) ;
#10472 = CARTESIAN_POINT ( 'NONE',  ( 3.226782805549681665, 2.373921791567575657, 3.956290731841335173 ) ) ;
#10473 = AXIS2_PLACEMENT_3D ( 'NONE', #6309, #10768, #7332 ) ;
#10474 = LINE ( 'NONE', #4229, #2279 ) ;
#10475 = CARTESIAN_POINT ( 'NONE',  ( -1.400000000000000133, 12.34999999999999964, 4.343903740188081564 ) ) ;
#10476 = AXIS2_PLACEMENT_3D ( 'NONE', #2074, #8261, #1274 ) ;
#10477 = EDGE_LOOP ( 'NONE', ( #431, #5523, #3968, #10627 ) ) ;
#10478 = FACE_OUTER_BOUND ( 'NONE', #235, .T. ) ;
#10479 = CARTESIAN_POINT ( 'NONE',  ( -2.044841472878135669, 1.650330625545589402, 11.17499999999999893 ) ) ;
#10480 = CARTESIAN_POINT ( 'NONE',  ( 2.168404344971008868E-16, 2.565469875665443045, 15.29999999999999893 ) ) ;
#10481 = EDGE_LOOP ( 'NONE', ( #3740, #9901, #7908, #5122 ) ) ;
#10482 = EDGE_LOOP ( 'NONE', ( #4297, #7874, #2458, #5387 ) ) ;
#10483 = VECTOR ( 'NONE', #1369, 1000.000000000000000 ) ;
#10484 = VECTOR ( 'NONE', #305, 1000.000000000000000 ) ;
#10485 = EDGE_CURVE ( 'NONE', #3808, #9798, #11020, .T. ) ;
#10486 = EDGE_CURVE ( 'NONE', #5530, #960, #10383, .T. ) ;
#10487 = LINE ( 'NONE', #2642, #8092 ) ;
#10488 = DIRECTION ( 'NONE',  ( 0.6936187941687648184, -0.000000000000000000, -0.7203422578024066825 ) ) ;
#10489 = CARTESIAN_POINT ( 'NONE',  ( -2.580939751330914245, 9.546409626996325670, 0.000000000000000000 ) ) ;
#10490 = CARTESIAN_POINT ( 'NONE',  ( 5.672664523123383873, 5.671130169612262684, -2.457261515329064672 ) ) ;
#10491 = VECTOR ( 'NONE', #1754, 1000.000000000000000 ) ;
#10492 = ORIENTED_EDGE ( 'NONE', *, *, #10451, .T. ) ;
#10493 = CARTESIAN_POINT ( 'NONE',  ( -2.580939751330911136, -4.084530124334557755, 0.000000000000000000 ) ) ;
#10494 = LINE ( 'NONE', #8780, #9563 ) ;
#10495 = VERTEX_POINT ( 'NONE', #9417 ) ;
#10496 = VECTOR ( 'NONE', #7954, 1000.000000000000000 ) ;
#10497 = VERTEX_POINT ( 'NONE', #2538 ) ;
#10498 = CARTESIAN_POINT ( 'NONE',  ( 5.498644456795168445, 7.973133870145900026, 0.000000000000000000 ) ) ;
#10499 = ORIENTED_EDGE ( 'NONE', *, *, #4671, .F. ) ;
#10500 = VECTOR ( 'NONE', #4447, 1000.000000000000000 ) ;
#10501 = CARTESIAN_POINT ( 'NONE',  ( 1.399999999999999689, 6.500000000000000000, 4.469999999999999751 ) ) ;
#10502 = EDGE_CURVE ( 'NONE', #2726, #9421, #6026, .T. ) ;
#10503 = CIRCLE ( 'NONE', #10325, 7.650000000000000355 ) ;
#10504 = DIRECTION ( 'NONE',  ( 0.000000000000000000, 0.000000000000000000, -1.000000000000000000 ) ) ;
#10505 = DIRECTION ( 'NONE',  ( -0.000000000000000000, -0.000000000000000000, -1.000000000000000000 ) ) ;
#10506 = APPLICATION_CONTEXT ( 'automotive_design' ) ;
#10507 = DIRECTION ( 'NONE',  ( -1.000000000000000000, 0.000000000000000000, 0.000000000000000000 ) ) ;
#10508 = CARTESIAN_POINT ( 'NONE',  ( -2.312024219028236960, 2.048942590553174181, 4.433344562587810955 ) ) ;
#10509 = AXIS2_PLACEMENT_3D ( 'NONE', #4375, #5236, #5409 ) ;
#10510 = ORIENTED_EDGE ( 'NONE', *, *, #1825, .T. ) ;
#10511 = CARTESIAN_POINT ( 'NONE',  ( -2.044841472878135669, 1.650330625545589402, 3.675000000000000266 ) ) ;
#10512 = VERTEX_POINT ( 'NONE', #9359 ) ;
#10513 = ORIENTED_EDGE ( 'NONE', *, *, #4051, .F. ) ;
#10514 = LINE ( 'NONE', #7879, #205 ) ;
#10515 = VECTOR ( 'NONE', #5658, 1000.000000000000114 ) ;
#10516 = EDGE_CURVE ( 'NONE', #3604, #5458, #4403, .T. ) ;
#10517 = LINE ( 'NONE', #4383, #4628 ) ;
#10518 = LINE ( 'NONE', #2668, #6878 ) ;
#10519 = EDGE_CURVE ( 'NONE', #5035, #878, #9709, .T. ) ;
#10520 = VERTEX_POINT ( 'NONE', #1451 ) ;
#10521 = LINE ( 'NONE', #6279, #3650 ) ;
#10522 = CARTESIAN_POINT ( 'NONE',  ( -3.035200274230735573, 11.65993862977662410, -2.613951291675116195 ) ) ;
#10523 = CYLINDRICAL_SURFACE ( 'NONE', #1166, 3.649999999999999467 ) ;
#10524 = ORIENTED_EDGE ( 'NONE', *, *, #9286, .T. ) ;
#10525 = ORIENTED_EDGE ( 'NONE', *, *, #9273, .T. ) ;
#10526 = FILL_AREA_STYLE_COLOUR ( '', #3084 ) ;
#10527 = CARTESIAN_POINT ( 'NONE',  ( 4.027325123107952543, 3.021034482758621298, 4.027325123107949878 ) ) ;
#10528 = CARTESIAN_POINT ( 'NONE',  ( 1.088609894901982456, 0.6042532376681478690, 3.675000000000000266 ) ) ;
#10529 = VECTOR ( 'NONE', #11311, 1000.000000000000114 ) ;
#10530 = CYLINDRICAL_SURFACE ( 'NONE', #1890, 3.649999999999999467 ) ;
#10531 = ADVANCED_FACE ( 'NONE', ( #8446 ), #2749, .T. ) ;
#10532 = LINE ( 'NONE', #4633, #4483 ) ;
#10533 = DIRECTION ( 'NONE',  ( -0.4786004400550714633, 0.8780328119034572776, 0.000000000000000000 ) ) ;
#10534 = ORIENTED_EDGE ( 'NONE', *, *, #8204, .F. ) ;
#10535 = DIRECTION ( 'NONE',  ( -0.5049013445390018173, -0.8631770573194749163, 0.000000000000000000 ) ) ;
#10536 = PLANE ( 'NONE',  #3765 ) ;
#10537 = CARTESIAN_POINT ( 'NONE',  ( -2.594966336091573567, 6.531657196332637305, -2.613951291675116195 ) ) ;
#10538 = VERTEX_POINT ( 'NONE', #11077 ) ;
#10539 = AXIS2_PLACEMENT_3D ( 'NONE', #3336, #4147, #4090 ) ;
#10540 = EDGE_CURVE ( 'NONE', #7079, #3767, #7868, .T. ) ;
#10541 = ORIENTED_EDGE ( 'NONE', *, *, #7475, .T. ) ;
#10542 = LINE ( 'NONE', #1092, #2399 ) ;
#10543 = AXIS2_PLACEMENT_3D ( 'NONE', #2645, #185, #10428 ) ;
#10544 = DIRECTION ( 'NONE',  ( -1.000000000000000000, -2.168404344971008252E-17, -8.673617379884035472E-17 ) ) ;
#10545 = DIRECTION ( 'NONE',  ( 1.000000000000000000, 0.000000000000000000, 0.000000000000000000 ) ) ;
#10546 = DIRECTION ( 'NONE',  ( -1.000000000000000000, 0.000000000000000000, 0.000000000000000000 ) ) ;
#10547 = DIRECTION ( 'NONE',  ( -0.000000000000000000, 0.000000000000000000, 1.000000000000000000 ) ) ;
#10548 = VERTEX_POINT ( 'NONE', #10440 ) ;
#10549 = CARTESIAN_POINT ( 'NONE',  ( 3.328434437871126583, 5.467463135762877791, 0.000000000000000000 ) ) ;
#10550 = CARTESIAN_POINT ( 'NONE',  ( -0.1126976677028360546, -7.802724943655748646, 5.908922729668884877 ) ) ;
#10551 = ORIENTED_EDGE ( 'NONE', *, *, #9607, .T. ) ;
#10552 = ADVANCED_FACE ( 'NONE', ( #7072 ), #3570, .T. ) ;
#10553 = ORIENTED_EDGE ( 'NONE', *, *, #521, .T. ) ;
#10554 = DIRECTION ( 'NONE',  ( 0.000000000000000000, 1.000000000000000000, 0.000000000000000000 ) ) ;
#10555 = ORIENTED_EDGE ( 'NONE', *, *, #10036, .T. ) ;
#10556 = DIRECTION ( 'NONE',  ( 0.000000000000000000, -0.1643989873053572637, 0.9863939238321437486 ) ) ;
#10557 = DIRECTION ( 'NONE',  ( -1.000000000000000000, 0.000000000000000000, 0.000000000000000000 ) ) ;
#10558 = DIRECTION ( 'NONE',  ( 1.000000000000000000, 0.000000000000000000, 0.000000000000000000 ) ) ;
#10559 = DIRECTION ( 'NONE',  ( -0.000000000000000000, -0.000000000000000000, -1.000000000000000000 ) ) ;
#10560 = FACE_OUTER_BOUND ( 'NONE', #4902, .T. ) ;
#10561 = VERTEX_POINT ( 'NONE', #88 ) ;
#10562 = DIRECTION ( 'NONE',  ( -0.000000000000000000, -0.000000000000000000, -1.000000000000000000 ) ) ;
#10563 = EDGE_LOOP ( 'NONE', ( #809, #1863, #6711, #4495 ) ) ;
#10564 = EDGE_CURVE ( 'NONE', #10905, #695, #7121, .T. ) ;
#10565 = CIRCLE ( 'NONE', #5627, 7.650000000000000355 ) ;
#10566 = VERTEX_POINT ( 'NONE', #10501 ) ;
#10567 = CARTESIAN_POINT ( 'NONE',  ( 2.153677983850734279, 3.681918150191071604, 11.17499999999999893 ) ) ;
#10568 = FACE_OUTER_BOUND ( 'NONE', #8213, .T. ) ;
#10569 = CARTESIAN_POINT ( 'NONE',  ( 2.280939751330913978, -4.084530124334557755, 0.000000000000000000 ) ) ;
#10570 = AXIS2_PLACEMENT_3D ( 'NONE', #6019, #8666, #9303 ) ;
#10571 = ORIENTED_EDGE ( 'NONE', *, *, #200, .T. ) ;
#10572 = PLANE ( 'NONE',  #8771 ) ;
#10573 = DIRECTION ( 'NONE',  ( 1.000000000000000000, 0.000000000000000000, 0.000000000000000000 ) ) ;
#10574 = CARTESIAN_POINT ( 'NONE',  ( 4.870299948342268870, 8.000000000000000000, 2.262975846492969012 ) ) ;
#10575 = EDGE_LOOP ( 'NONE', ( #3111, #8901, #658, #8680 ) ) ;
#10576 = VERTEX_POINT ( 'NONE', #9756 ) ;
#10577 = DIRECTION ( 'NONE',  ( 0.000000000000000000, 0.000000000000000000, 1.000000000000000000 ) ) ;
#10578 = EDGE_CURVE ( 'NONE', #8065, #8319, #10439, .T. ) ;
#10579 = DIRECTION ( 'NONE',  ( 0.000000000000000000, 0.000000000000000000, -1.000000000000000000 ) ) ;
#10580 = VECTOR ( 'NONE', #10028, 1000.000000000000000 ) ;
#10581 = EDGE_CURVE ( 'NONE', #10607, #4876, #7165, .T. ) ;
#10582 = CARTESIAN_POINT ( 'NONE',  ( 5.672664523123383873, 5.671130169612262684, 0.000000000000000000 ) ) ;
#10583 = DIRECTION ( 'NONE',  ( 8.409885494133524543E-15, 0.5961196035938418625, -0.8028956459037006610 ) ) ;
#10584 = DIRECTION ( 'NONE',  ( 0.9943490029226543792, 0.1061605406293850001, 0.000000000000000000 ) ) ;
#10585 = ORIENTED_EDGE ( 'NONE', *, *, #1564, .T. ) ;
#10586 = VECTOR ( 'NONE', #8821, 999.9999999999998863 ) ;
#10587 = DIRECTION ( 'NONE',  ( -0.000000000000000000, -0.000000000000000000, -1.000000000000000000 ) ) ;
#10588 = DIRECTION ( 'NONE',  ( -0.000000000000000000, -0.000000000000000000, -1.000000000000000000 ) ) ;
#10589 = LINE ( 'NONE', #6235, #1172 ) ;
#10590 = VERTEX_POINT ( 'NONE', #3453 ) ;
#10591 = ADVANCED_FACE ( 'NONE', ( #7814 ), #7183, .F. ) ;
#10592 = EDGE_CURVE ( 'NONE', #10920, #7137, #4426, .T. ) ;
#10593 = ORIENTED_EDGE ( 'NONE', *, *, #8201, .T. ) ;
#10594 = DIRECTION ( 'NONE',  ( -0.000000000000000000, 0.000000000000000000, 1.000000000000000000 ) ) ;
#10595 = CIRCLE ( 'NONE', #7127, 0.1499999999999999667 ) ;
#10596 = DIRECTION ( 'NONE',  ( -0.4786004400550697424, 0.8780328119034581658, 0.000000000000000000 ) ) ;
#10597 = CARTESIAN_POINT ( 'NONE',  ( 1.399999999999999689, 0.000000000000000000, -5.530000000000000249 ) ) ;
#10598 = LINE ( 'NONE', #9681, #7470 ) ;
#10599 = CARTESIAN_POINT ( 'NONE',  ( 7.296724953260060431, 8.000000000000000000, 2.297891415291850148 ) ) ;
#10600 = FACE_OUTER_BOUND ( 'NONE', #10658, .T. ) ;
#10601 = CARTESIAN_POINT ( 'NONE',  ( -2.312024219028192551, 2.048942590553173293, -4.433344562587834048 ) ) ;
#10602 = ORIENTED_EDGE ( 'NONE', *, *, #5032, .T. ) ;
#10603 = VERTEX_POINT ( 'NONE', #1735 ) ;
#10604 = CARTESIAN_POINT ( 'NONE',  ( -4.500000000000000000, 7.499999999999998224, 2.179449471770337432 ) ) ;
#10605 = VECTOR ( 'NONE', #4322, 1000.000000000000000 ) ;
#10606 = EDGE_CURVE ( 'NONE', #2736, #6383, #8996, .T. ) ;
#10607 = VERTEX_POINT ( 'NONE', #7986 ) ;
#10608 = CARTESIAN_POINT ( 'NONE',  ( 1.379999999999999893, 9.670245855868245144, 5.485303232940222706 ) ) ;
#10609 = LINE ( 'NONE', #9636, #7008 ) ;
#10610 = EDGE_CURVE ( 'NONE', #7992, #492, #5287, .T. ) ;
#10611 = FACE_OUTER_BOUND ( 'NONE', #6221, .T. ) ;
#10612 = PLANE ( 'NONE',  #5664 ) ;
#10613 = DIRECTION ( 'NONE',  ( 0.000000000000000000, 0.000000000000000000, -1.000000000000000000 ) ) ;
#10614 = AXIS2_PLACEMENT_3D ( 'NONE', #5772, #9099, #10807 ) ;
#10615 = ORIENTED_EDGE ( 'NONE', *, *, #3030, .T. ) ;
#10616 = CARTESIAN_POINT ( 'NONE',  ( -2.234160359978236698, 7.947103280109118373, -4.741034782807846071 ) ) ;
#10617 = VERTEX_POINT ( 'NONE', #7010 ) ;
#10618 = AXIS2_PLACEMENT_3D ( 'NONE', #3231, #10221, #5858 ) ;
#10619 = EDGE_LOOP ( 'NONE', ( #3704, #6938, #3623, #5635 ) ) ;
#10620 =( GEOMETRIC_REPRESENTATION_CONTEXT ( 3 ) GLOBAL_UNCERTAINTY_ASSIGNED_CONTEXT ( ( #4720 ) ) GLOBAL_UNIT_ASSIGNED_CONTEXT ( ( #7880, #6386, #4498 ) ) REPRESENTATION_CONTEXT ( 'NONE', 'WORKASPACE' ) );
#10621 = CARTESIAN_POINT ( 'NONE',  ( 0.000000000000000000, 0.000000000000000000, 7.800000000000000711 ) ) ;
#10622 = CARTESIAN_POINT ( 'NONE',  ( 3.372160293666186082, 8.362264403798045365, 11.17499999999999893 ) ) ;
#10623 = CARTESIAN_POINT ( 'NONE',  ( 5.087985294887772625, 4.978965517241379146, 2.966664951328128907 ) ) ;
#10624 = CARTESIAN_POINT ( 'NONE',  ( -1.030666926558653025E-16, 6.965469875665441180, 7.800000000000000711 ) ) ;
#10625 = EDGE_CURVE ( 'NONE', #4484, #11205, #2654, .T. ) ;
#10626 = AXIS2_PLACEMENT_3D ( 'NONE', #9736, #5321, #5558 ) ;
#10627 = ORIENTED_EDGE ( 'NONE', *, *, #715, .T. ) ;
#10628 = DIRECTION ( 'NONE',  ( -0.1061605406293919668, 0.9943490029226536020, 0.000000000000000000 ) ) ;
#10629 = FACE_OUTER_BOUND ( 'NONE', #4852, .T. ) ;
#10630 = DIRECTION ( 'NONE',  ( -7.968020348514244863E-17, 0.6561787149247862994, 0.7546055221635049604 ) ) ;
#10631 = VERTEX_POINT ( 'NONE', #2761 ) ;
#10632 = ORIENTED_EDGE ( 'NONE', *, *, #9592, .T. ) ;
#10633 = LINE ( 'NONE', #490, #5452 ) ;
#10634 = AXIS2_PLACEMENT_3D ( 'NONE', #8096, #2016, #8323 ) ;
#10635 = CARTESIAN_POINT ( 'NONE',  ( -1.500000000000001998, 6.965469875665441180, 15.29999999999999893 ) ) ;
#10636 = ORIENTED_EDGE ( 'NONE', *, *, #8189, .T. ) ;
#10637 = AXIS2_PLACEMENT_3D ( 'NONE', #1933, #6347, #2792 ) ;
#10638 = CLOSED_SHELL ( 'NONE', ( #5554, #11118, #10357, #796, #4395, #6665, #297, #3600, #7661, #10040, #8015, #7346, #5475, #7971, #6318, #5960, #10940, #6290, #4654, #10552, #11008, #6703, #1233, #8025, #5693, #3989, #6755, #7517, #243, #6556, #739, #10308, #5053, #3001, #5948, #2932, #2521, #8285, #10697, #4014, #1428, #3519, #6964, #3683, #9825, #4733, #5021, #3852, #11156, #3733, #10394, #2064, #988, #4049, #924, #840, #390, #9897, #5324, #298, #8129, #8883, #3439, #1416, #8516, #935, #2664, #1321, #7891, #3412, #3583, #5238, #7227, #6542, #3620, #5556, #8644, #5357, #7108, #5895, #9057, #3437, #2441, #2247, #9838, #10347, #6937, #4776, #6382, #4405, #1283, #4007, #76, #10127, #590, #10247, #3911, #2253, #3746, #141 ) ) ;
#10639 = CARTESIAN_POINT ( 'NONE',  ( 1.379999999999999671, 6.500000000000000000, 0.7729309367425446498 ) ) ;
#10640 = CARTESIAN_POINT ( 'NONE',  ( -3.372160293666176312, 5.568675347532812125, 7.800000000000000711 ) ) ;
#10641 = CARTESIAN_POINT ( 'NONE',  ( -1.030666926558653025E-16, 6.965469875665441180, 0.000000000000000000 ) ) ;
#10642 = EDGE_CURVE ( 'NONE', #8888, #5458, #8786, .T. ) ;
#10643 = CARTESIAN_POINT ( 'NONE',  ( -4.433344562587833160, 5.951057409446828039, -2.312024219028188554 ) ) ;
#10644 = LINE ( 'NONE', #2048, #256 ) ;
#10645 = EDGE_LOOP ( 'NONE', ( #6320, #7069, #1927, #8974 ) ) ;
#10646 = CIRCLE ( 'NONE', #5709, 0.02000000000000003511 ) ;
#10647 = DIRECTION ( 'NONE',  ( 0.000000000000000000, 0.000000000000000000, 1.000000000000000000 ) ) ;
#10648 = CIRCLE ( 'NONE', #9366, 1.650000000000000355 ) ;
#10649 = DIRECTION ( 'NONE',  ( -0.000000000000000000, 0.000000000000000000, 1.000000000000000000 ) ) ;
#10650 = ORIENTED_EDGE ( 'NONE', *, *, #323, .F. ) ;
#10651 = VERTEX_POINT ( 'NONE', #6146 ) ;
#10652 = DIRECTION ( 'NONE',  ( 0.000000000000000000, 0.000000000000000000, 1.000000000000000000 ) ) ;
#10653 = CIRCLE ( 'NONE', #784, 0.1499999999999999667 ) ;
#10654 = AXIS2_PLACEMENT_3D ( 'NONE', #6276, #5359, #847 ) ;
#10655 = EDGE_CURVE ( 'NONE', #7049, #4129, #142, .T. ) ;
#10656 = LINE ( 'NONE', #9801, #2418 ) ;
#10657 = DIRECTION ( 'NONE',  ( 0.000000000000000000, 0.000000000000000000, -1.000000000000000000 ) ) ;
#10658 = EDGE_LOOP ( 'NONE', ( #1570, #4222, #1131, #8845 ) ) ;
#10659 = EDGE_CURVE ( 'NONE', #562, #8020, #3511, .T. ) ;
#10660 = CARTESIAN_POINT ( 'NONE',  ( -4.600654826388331564, 10.14107261474447697, 0.000000000000000000 ) ) ;
#10661 = CARTESIAN_POINT ( 'NONE',  ( 7.171856393899841642, 3.000000000000000000, 2.663767322733572751 ) ) ;
#10662 = DIRECTION ( 'NONE',  ( 0.000000000000000000, 0.000000000000000000, 1.000000000000000000 ) ) ;
#10663 = DIRECTION ( 'NONE',  ( -0.000000000000000000, 0.000000000000000000, 1.000000000000000000 ) ) ;
#10664 = EDGE_LOOP ( 'NONE', ( #4653, #6957, #1295, #2238 ) ) ;
#10665 = VERTEX_POINT ( 'NONE', #1786 ) ;
#10666 = CARTESIAN_POINT ( 'NONE',  ( 1.088609894901982456, 0.6042532376681478690, 15.29999999999999893 ) ) ;
#10667 = VERTEX_POINT ( 'NONE', #9692 ) ;
#10668 = AXIS2_PLACEMENT_3D ( 'NONE', #5399, #7919, #82 ) ;
#10669 = LINE ( 'NONE', #2825, #398 ) ;
#10670 = AXIS2_PLACEMENT_3D ( 'NONE', #7962, #1992, #226 ) ;
#10671 = CARTESIAN_POINT ( 'NONE',  ( -3.650000000000002132, 6.965469875665392330, 7.800000000000000711 ) ) ;
#10672 = PLANE ( 'NONE',  #8095 ) ;
#10673 = EDGE_CURVE ( 'NONE', #3010, #767, #1839, .T. ) ;
#10674 = DIRECTION ( 'NONE',  ( -0.9592845720430317469, 0.2824413387594271740, 0.000000000000000000 ) ) ;
#10675 = LINE ( 'NONE', #4432, #2274 ) ;
#10676 = EDGE_LOOP ( 'NONE', ( #10312, #2577, #881 ) ) ;
#10677 = CARTESIAN_POINT ( 'NONE',  ( -2.192316302326503763, 7.763936109177590694, -4.555813038156334649 ) ) ;
#10678 = ORIENTED_EDGE ( 'NONE', *, *, #5631, .F. ) ;
#10679 = AXIS2_PLACEMENT_3D ( 'NONE', #4862, #2046, #5714 ) ;
#10680 = VERTEX_POINT ( 'NONE', #6322 ) ;
#10681 = EDGE_CURVE ( 'NONE', #10338, #6369, #10669, .T. ) ;
#10682 = AXIS2_PLACEMENT_3D ( 'NONE', #6844, #9259, #4900 ) ;
#10683 = COLOUR_RGB ( '',0.7921568627450980005, 0.8196078431372548767, 0.9333333333333333481 ) ;
#10684 = LINE ( 'NONE', #3526, #2575 ) ;
#10685 = DIRECTION ( 'NONE',  ( -0.9943490029226534910, -0.1061605406293919529, 0.000000000000000000 ) ) ;
#10686 = ORIENTED_EDGE ( 'NONE', *, *, #2510, .F. ) ;
#10687 = VERTEX_POINT ( 'NONE', #5169 ) ;
#10688 = DIRECTION ( 'NONE',  ( 0.000000000000000000, 1.000000000000000000, 0.000000000000000000 ) ) ;
#10689 = CARTESIAN_POINT ( 'NONE',  ( 0.01715630721367612105, 0.004492935629500899308, 7.800000000000000711 ) ) ;
#10690 = CARTESIAN_POINT ( 'NONE',  ( 1.528166405880239997, 9.107140056187523314, 0.000000000000000000 ) ) ;
#10691 = ORIENTED_EDGE ( 'NONE', *, *, #6216, .F. ) ;
#10692 = VERTEX_POINT ( 'NONE', #8676 ) ;
#10693 = DIRECTION ( 'NONE',  ( -2.472789881105115160E-16, 1.000000000000000000, 0.000000000000000000 ) ) ;
#10694 = CIRCLE ( 'NONE', #2827, 3.649999999999999467 ) ;
#10695 = PLANE ( 'NONE',  #4841 ) ;
#10696 = VERTEX_POINT ( 'NONE', #3742 ) ;
#10697 = ADVANCED_FACE ( 'NONE', ( #8960 ), #1106, .T. ) ;
#10698 = EDGE_CURVE ( 'NONE', #995, #3664, #6434, .T. ) ;
#10699 = AXIS2_PLACEMENT_3D ( 'NONE', #9471, #6850, #11083 ) ;
#10700 = DIRECTION ( 'NONE',  ( 0.8780328119034598311, 0.4786004400550665783, 0.000000000000000000 ) ) ;
#10701 = DIRECTION ( 'NONE',  ( 0.000000000000000000, 1.000000000000000000, -0.000000000000000000 ) ) ;
#10702 = CARTESIAN_POINT ( 'NONE',  ( -1.379999999999999893, 8.759938365018300033, 4.438449618462787072 ) ) ;
#10703 = DIRECTION ( 'NONE',  ( -0.000000000000000000, -0.000000000000000000, -1.000000000000000000 ) ) ;
#10704 = CARTESIAN_POINT ( 'NONE',  ( 1.399999999999999689, 6.649999999999999467, 4.400000000000000355 ) ) ;
#10705 = VERTEX_POINT ( 'NONE', #3912 ) ;
#10706 = VECTOR ( 'NONE', #8197, 999.9999999999998863 ) ;
#10707 = LINE ( 'NONE', #7387, #2352 ) ;
#10708 = ORIENTED_EDGE ( 'NONE', *, *, #7877, .T. ) ;
#10709 = EDGE_CURVE ( 'NONE', #7933, #8081, #2880, .T. ) ;
#10710 = ORIENTED_EDGE ( 'NONE', *, *, #9723, .F. ) ;
#10711 = B_SPLINE_CURVE_WITH_KNOTS ( 'NONE', 3,
 ( #4561, #10574, #8059, #2723, #7089, #3918 ),
 .UNSPECIFIED., .F., .F.,
 ( 4, 2, 4 ),
 ( -6.928927488287607953E-06, 0.0003913249075196675105, 0.0007895787425276227026 ),
 .UNSPECIFIED. ) ;
#10712 = LINE ( 'NONE', #4470, #6978 ) ;
#10713 = DIRECTION ( 'NONE',  ( 0.000000000000000000, 0.9863939238321437486, -0.1643989873053572637 ) ) ;
#10714 = LINE ( 'NONE', #8141, #60 ) ;
#10715 = VECTOR ( 'NONE', #7547, 1000.000000000000000 ) ;
#10716 = VERTEX_POINT ( 'NONE', #10895 ) ;
#10717 = FACE_OUTER_BOUND ( 'NONE', #945, .T. ) ;
#10718 = DIRECTION ( 'NONE',  ( 0.000000000000000000, 0.000000000000000000, -1.000000000000000000 ) ) ;
#10719 = VECTOR ( 'NONE', #641, 1000.000000000000000 ) ;
#10720 = CARTESIAN_POINT ( 'NONE',  ( -1.380000000000000115, 6.500000000000000000, 4.549999999999999822 ) ) ;
#10721 = CARTESIAN_POINT ( 'NONE',  ( -1.030666926558653025E-16, 6.965469875665441180, 3.675000000000000266 ) ) ;
#10722 = EDGE_LOOP ( 'NONE', ( #760, #9917, #10019, #1146 ) ) ;
#10723 = ORIENTED_EDGE ( 'NONE', *, *, #5341, .F. ) ;
#10724 = EDGE_CURVE ( 'NONE', #7143, #1422, #481, .T. ) ;
#10725 = VERTEX_POINT ( 'NONE', #4660 ) ;
#10726 = EDGE_CURVE ( 'NONE', #6541, #3436, #41, .T. ) ;
#10727 = CARTESIAN_POINT ( 'NONE',  ( -7.252000366886311333, 8.000000000000000000, 2.435362535369389292 ) ) ;
#10728 = LINE ( 'NONE', #4767, #1511 ) ;
#10729 = DIRECTION ( 'NONE',  ( -0.000000000000000000, -0.000000000000000000, -1.000000000000000000 ) ) ;
#10730 = CARTESIAN_POINT ( 'NONE',  ( 9.368548013477252244E-16, 8.000000000000000000, 7.650000000000000355 ) ) ;
#10731 = CARTESIAN_POINT ( 'NONE',  ( 2.280939751330913978, -4.084530124334558643, 15.29999999999999893 ) ) ;
#10732 = VERTEX_POINT ( 'NONE', #7242 ) ;
#10733 = DIRECTION ( 'NONE',  ( -0.9943490029226537130, -0.1061605406293898990, 0.000000000000000000 ) ) ;
#10734 = EDGE_LOOP ( 'NONE', ( #5028, #9416, #5480, #5624, #5090, #7325 ) ) ;
#10735 = TOROIDAL_SURFACE ( 'NONE', #5246, 0.1699999999999999845, 0.02000000000000000042 ) ;
#10736 = EDGE_CURVE ( 'NONE', #4534, #412, #3046, .T. ) ;
#10737 = ORIENTED_EDGE ( 'NONE', *, *, #6985, .F. ) ;
#10738 = EDGE_CURVE ( 'NONE', #7852, #8348, #6431, .T. ) ;
#10739 = PLANE ( 'NONE',  #4044 ) ;
#10740 = CARTESIAN_POINT ( 'NONE',  ( -5.465701386268206008, 8.138749869597992515, -2.457261515329064672 ) ) ;
#10741 = CARTESIAN_POINT ( 'NONE',  ( -1.400000000000000133, 11.52975414413175947, 5.485303232940221818 ) ) ;
#10742 = ORIENTED_EDGE ( 'NONE', *, *, #4145, .T. ) ;
#10743 = ORIENTED_EDGE ( 'NONE', *, *, #9172, .F. ) ;
#10744 = FACE_OUTER_BOUND ( 'NONE', #9834, .T. ) ;
#10745 = CARTESIAN_POINT ( 'NONE',  ( -1.380000000000000115, 11.43165542625050612, -5.530000000000000249 ) ) ;
#10746 = EDGE_CURVE ( 'NONE', #9554, #5320, #6545, .T. ) ;
#10747 = ORIENTED_EDGE ( 'NONE', *, *, #2327, .T. ) ;
#10748 = VERTEX_POINT ( 'NONE', #10727 ) ;
#10749 = FACE_OUTER_BOUND ( 'NONE', #10477, .T. ) ;
#10750 = CARTESIAN_POINT ( 'NONE',  ( -2.580939751330911580, 4.384530124334556689, 15.29999999999999893 ) ) ;
#10751 = ORIENTED_EDGE ( 'NONE', *, *, #4164, .F. ) ;
#10752 = CARTESIAN_POINT ( 'NONE',  ( -4.745536286357740607, 10.33211856856918409, 0.000000000000000000 ) ) ;
#10753 = VECTOR ( 'NONE', #3536, 1000.000000000000000 ) ;
#10754 = LINE ( 'NONE', #2045, #379 ) ;
#10755 = CARTESIAN_POINT ( 'NONE',  ( 2.312024219028192551, 2.048942590553173293, 4.433344562587834048 ) ) ;
#10756 = CARTESIAN_POINT ( 'NONE',  ( 2.580939751330912468, 4.384530124334557577, 15.29999999999999893 ) ) ;
#10757 = CARTESIAN_POINT ( 'NONE',  ( -2.501810091522911339, 9.623184357312055681, 3.675000000000000266 ) ) ;
#10758 = EDGE_CURVE ( 'NONE', #11242, #4838, #10811, .T. ) ;
#10759 = VERTEX_POINT ( 'NONE', #10951 ) ;
#10760 = VERTEX_POINT ( 'NONE', #5680 ) ;
#10761 = CARTESIAN_POINT ( 'NONE',  ( 4.501358611527427556, 5.577406509138441493, 7.800000000000000711 ) ) ;
#10762 = VECTOR ( 'NONE', #3317, 1000.000000000000114 ) ;
#10763 =( LENGTH_UNIT ( ) NAMED_UNIT ( * ) SI_UNIT ( .MILLI., .METRE. ) );
#10764 = ORIENTED_EDGE ( 'NONE', *, *, #3333, .F. ) ;
#10765 = LINE ( 'NONE', #2867, #7343 ) ;
#10766 = VECTOR ( 'NONE', #10535, 1000.000000000000114 ) ;
#10767 = PLANE ( 'NONE',  #10832 ) ;
#10768 = DIRECTION ( 'NONE',  ( -0.7071067811865401342, -3.056747976430752282E-16, -0.7071067811865550112 ) ) ;
#10769 = EDGE_CURVE ( 'NONE', #2308, #10049, #422, .T. ) ;
#10770 = EDGE_LOOP ( 'NONE', ( #9619, #4211, #7562, #4727 ) ) ;
#10771 = DIRECTION ( 'NONE',  ( -0.000000000000000000, -0.000000000000000000, -1.000000000000000000 ) ) ;
#10772 = LINE ( 'NONE', #1324, #1221 ) ;
#10773 = DIRECTION ( 'NONE',  ( 0.1361444591232023327, 0.9906889957247182465, -0.000000000000000000 ) ) ;
#10774 = DIRECTION ( 'NONE',  ( -1.978231904884091733E-16, 1.000000000000000000, 0.000000000000000000 ) ) ;
#10775 = ORIENTED_EDGE ( 'NONE', *, *, #10106, .F. ) ;
#10776 = ORIENTED_EDGE ( 'NONE', *, *, #248, .T. ) ;
#10777 = ORIENTED_EDGE ( 'NONE', *, *, #2105, .F. ) ;
#10778 = DIRECTION ( 'NONE',  ( 1.000000000000000000, 0.000000000000000000, 0.000000000000000000 ) ) ;
#10779 = DIRECTION ( 'NONE',  ( -1.000000000000000000, 0.000000000000000000, -8.673617379884020681E-17 ) ) ;
#10780 = DIRECTION ( 'NONE',  ( 1.000000000000000000, -2.891205793294679017E-15, 0.000000000000000000 ) ) ;
#10781 = EDGE_CURVE ( 'NONE', #6341, #3803, #312, .T. ) ;
#10782 = CARTESIAN_POINT ( 'NONE',  ( -2.192314546146025389, 7.763919350724530766, 4.555805433952621719 ) ) ;
#10783 = CARTESIAN_POINT ( 'NONE',  ( -5.498644456795159563, 5.957805881184944141, 11.17499999999999893 ) ) ;
#10784 = AXIS2_PLACEMENT_3D ( 'NONE', #3935, #10971, #3118 ) ;
#10785 = ORIENTED_EDGE ( 'NONE', *, *, #3153, .F. ) ;
#10786 = CYLINDRICAL_SURFACE ( 'NONE', #5601, 0.02000000000000005246 ) ;
#10787 = EDGE_CURVE ( 'NONE', #4017, #11129, #7294, .T. ) ;
#10788 = ORIENTED_EDGE ( 'NONE', *, *, #2569, .F. ) ;
#10789 = ORIENTED_EDGE ( 'NONE', *, *, #7649, .T. ) ;
#10790 = DIRECTION ( 'NONE',  ( -1.000000000000000000, 0.000000000000000000, 0.000000000000000000 ) ) ;
#10791 = CIRCLE ( 'NONE', #2195, 0.1700000000000000122 ) ;
#10792 = CARTESIAN_POINT ( 'NONE',  ( -1.060660171779809424, 0.000000000000000000, -1.060660171779831629 ) ) ;
#10793 = DIRECTION ( 'NONE',  ( -1.000000000000000000, 0.000000000000000000, -0.000000000000000000 ) ) ;
#10794 = ORIENTED_EDGE ( 'NONE', *, *, #6870, .T. ) ;
#10796 = EDGE_CURVE ( 'NONE', #6369, #137, #5626, .T. ) ;
#10795 = CARTESIAN_POINT ( 'NONE',  ( -3.903127820947815962E-14, 10.61546987566544153, 7.800000000000000711 ) ) ;
#10797 = CARTESIAN_POINT ( 'NONE',  ( -2.149616066072678411, 8.208324503659556015, 3.675000000000000266 ) ) ;
#10798 = VERTEX_POINT ( 'NONE', #364 ) ;
#10799 = ORIENTED_EDGE ( 'NONE', *, *, #3678, .T. ) ;
#10800 = CARTESIAN_POINT ( 'NONE',  ( 2.380630087592845445, 8.085578849045317540, 11.17499999999999893 ) ) ;
#10801 = ADVANCED_FACE ( 'NONE', ( #3849 ), #2395, .T. ) ;
#10802 = ORIENTED_EDGE ( 'NONE', *, *, #8249, .T. ) ;
#10803 = CARTESIAN_POINT ( 'NONE',  ( -1.400000000000000133, 6.500000000000000000, -4.469999999999999751 ) ) ;
#10804 = ORIENTED_EDGE ( 'NONE', *, *, #4994, .F. ) ;
#10805 = CARTESIAN_POINT ( 'NONE',  ( -5.672664523123394531, 8.259809581718586813, 0.000000000000000000 ) ) ;
#10806 = VECTOR ( 'NONE', #10109, 1000.000000000000000 ) ;
#10807 = DIRECTION ( 'NONE',  ( 0.000000000000000000, 0.000000000000000000, 1.000000000000000000 ) ) ;
#10808 = DIRECTION ( 'NONE',  ( -0.000000000000000000, -0.6561787149247436668, -0.7546055221635421528 ) ) ;
#10809 = DIRECTION ( 'NONE',  ( 0.000000000000000000, 0.000000000000000000, -1.000000000000000000 ) ) ;
#10810 = CARTESIAN_POINT ( 'NONE',  ( -2.580939751330912912, -2.003873909248936602, 11.17499999999999893 ) ) ;
#10811 = CIRCLE ( 'NONE', #2587, 0.01999999999999996225 ) ;
#10812 = ORIENTED_EDGE ( 'NONE', *, *, #2510, .T. ) ;
#10813 = EDGE_CURVE ( 'NONE', #5583, #1681, #4765, .T. ) ;
#10814 = ORIENTED_EDGE ( 'NONE', *, *, #554, .F. ) ;
#10815 = DIRECTION ( 'NONE',  ( -0.7781777610061624273, 0.6280440846592187931, 0.000000000000000000 ) ) ;
#10816 = CIRCLE ( 'NONE', #11182, 0.2999999999999999334 ) ;
#10817 = ORIENTED_EDGE ( 'NONE', *, *, #4671, .T. ) ;
#10818 = AXIS2_PLACEMENT_3D ( 'NONE', #1348, #500, #714 ) ;
#10819 = EDGE_CURVE ( 'NONE', #10759, #5450, #5536, .T. ) ;
#10820 = CARTESIAN_POINT ( 'NONE',  ( 3.018470195263254219, 3.000000000000000000, 7.029319859012494121 ) ) ;
#10821 = VECTOR ( 'NONE', #4711, 1000.000000000000000 ) ;
#10822 = VECTOR ( 'NONE', #4799, 1000.000000000000000 ) ;
#10823 = CARTESIAN_POINT ( 'NONE',  ( -1.030666926558653025E-16, 6.965469875665441180, 11.17499999999999893 ) ) ;
#10824 = CARTESIAN_POINT ( 'NONE',  ( 2.280939751330913534, -1.472748324171860190, 15.29999999999999893 ) ) ;
#10825 = ORIENTED_EDGE ( 'NONE', *, *, #7999, .F. ) ;
#10826 = CARTESIAN_POINT ( 'NONE',  ( -2.280939751330911314, -4.084530124334557755, 0.2999999999999999334 ) ) ;
#10827 = DIRECTION ( 'NONE',  ( 0.4853175911454119529, 0.8743379413732510486, 0.000000000000000000 ) ) ;
#10828 = CARTESIAN_POINT ( 'NONE',  ( -1.380279994234274721, 6.500000000000000000, 4.549233012451844083 ) ) ;
#10829 = CARTESIAN_POINT ( 'NONE',  ( 2.280939751330912202, 4.472858868585460002, 0.000000000000000000 ) ) ;
#10830 = ORIENTED_EDGE ( 'NONE', *, *, #1658, .F. ) ;
#10831 = ORIENTED_EDGE ( 'NONE', *, *, #9277, .T. ) ;
#10832 = AXIS2_PLACEMENT_3D ( 'NONE', #3729, #8891, #6308 ) ;
#10833 = EDGE_LOOP ( 'NONE', ( #8668, #948, #3886, #4390 ) ) ;
#10834 = EDGE_CURVE ( 'NONE', #7054, #6734, #5872, .T. ) ;
#10835 = EDGE_CURVE ( 'NONE', #8856, #6144, #4082, .T. ) ;
#10836 = CARTESIAN_POINT ( 'NONE',  ( -2.657714481646605620, 4.463659784142518738, -2.613951291675116195 ) ) ;
#10837 = CARTESIAN_POINT ( 'NONE',  ( 0.000000000000000000, 8.000000000000000000, 0.000000000000000000 ) ) ;
#10838 = CARTESIAN_POINT ( 'NONE',  ( 1.399999999999999689, 6.649999999999999467, 0.7729309367425446498 ) ) ;
#10839 = DIRECTION ( 'NONE',  ( -1.000000000000000000, 0.000000000000000000, 0.000000000000000000 ) ) ;
#10840 = FACE_OUTER_BOUND ( 'NONE', #7312, .T. ) ;
#10841 = AXIS2_PLACEMENT_3D ( 'NONE', #4318, #4486, #2706 ) ;
#10842 = ORIENTED_EDGE ( 'NONE', *, *, #4843, .F. ) ;
#10843 = DIRECTION ( 'NONE',  ( 0.6280440846592231230, 0.7781777610061588746, 0.000000000000000000 ) ) ;
#10844 = ORIENTED_EDGE ( 'NONE', *, *, #10384, .F. ) ;
#10845 = EDGE_LOOP ( 'NONE', ( #1361, #2005, #10650 ) ) ;
#10846 = ADVANCED_FACE ( 'NONE', ( #9452 ), #11231, .T. ) ;
#10847 = CIRCLE ( 'NONE', #2623, 7.650000000000000355 ) ;
#10848 = CARTESIAN_POINT ( 'NONE',  ( -2.179449471770337432, 1.500000000000000444, -4.500000000000000000 ) ) ;
#10849 = PRODUCT_CONTEXT ( 'NONE', #10873, 'mechanical' ) ;
#10850 = AXIS2_PLACEMENT_3D ( 'NONE', #1598, #642, #8593 ) ;
#10851 = CARTESIAN_POINT ( 'NONE',  ( 3.648334813386797659, 6.855228824192193926, -2.457261515329064672 ) ) ;
#10852 = DIRECTION ( 'NONE',  ( 0.9943490029226544902, 0.1061605406293829323, 0.000000000000000000 ) ) ;
#10853 = ORIENTED_EDGE ( 'NONE', *, *, #8237, .T. ) ;
#10854 = DIRECTION ( 'NONE',  ( 1.000000000000000000, 0.000000000000000000, -0.000000000000000000 ) ) ;
#10855 = FACE_OUTER_BOUND ( 'NONE', #6935, .T. ) ;
#10856 = VERTEX_POINT ( 'NONE', #1553 ) ;
#10858 = VECTOR ( 'NONE', #6043, 1000.000000000000114 ) ;
#10857 = CARTESIAN_POINT ( 'NONE',  ( -2.571963978632912706, 3.000000000000000000, -7.204686064820227998 ) ) ;
#10859 = VERTEX_POINT ( 'NONE', #3218 ) ;
#10860 = CARTESIAN_POINT ( 'NONE',  ( 3.917693825320299972, 6.697671662384327540, 3.675000000000000266 ) ) ;
#10861 = ORIENTED_EDGE ( 'NONE', *, *, #3112, .T. ) ;
#10862 = CIRCLE ( 'NONE', #3545, 3.649999999999999467 ) ;
#10863 = EDGE_CURVE ( 'NONE', #3476, #2725, #2958, .T. ) ;
#10864 = EDGE_CURVE ( 'NONE', #4185, #10338, #4058, .T. ) ;
#10865 = CARTESIAN_POINT ( 'NONE',  ( 2.141670180522084355, 5.437303469785196519, -2.457261515329064672 ) ) ;
#10866 = AXIS2_PLACEMENT_3D ( 'NONE', #5191, #2503, #9482 ) ;
#10867 = EDGE_CURVE ( 'NONE', #3814, #7385, #761, .T. ) ;
#10868 = CARTESIAN_POINT ( 'NONE',  ( -2.280939751330911758, 4.115941168879269974, 0.000000000000000000 ) ) ;
#10869 = PLANE ( 'NONE',  #7050 ) ;
#10870 = CARTESIAN_POINT ( 'NONE',  ( -3.405877273185284881, 1.699999999999999734, -6.849999999999998757 ) ) ;
#10871 = CIRCLE ( 'NONE', #4469, 0.2999999999999999334 ) ;
#10872 = DIRECTION ( 'NONE',  ( 0.000000000000000000, 0.000000000000000000, -1.000000000000000000 ) ) ;
#10873 = APPLICATION_CONTEXT ( 'automotive_design' ) ;
#10874 = ORIENTED_EDGE ( 'NONE', *, *, #1490, .T. ) ;
#10875 = ORIENTED_EDGE ( 'NONE', *, *, #4570, .F. ) ;
#10876 = DIRECTION ( 'NONE',  ( -0.7781777610061610950, 0.6280440846592203474, 0.000000000000000000 ) ) ;
#10877 = AXIS2_PLACEMENT_3D ( 'NONE', #3870, #8224, #384 ) ;
#10878 = SURFACE_STYLE_FILL_AREA ( #2162 ) ;
#10879 = ORIENTED_EDGE ( 'NONE', *, *, #813, .F. ) ;
#10880 = ADVANCED_BREP_SHAPE_REPRESENTATION ( '', ( #1061, #2013 ), #1834 ) ;
#10881 = ADVANCED_FACE ( 'NONE', ( #3270 ), #4187, .T. ) ;
#10882 = DIRECTION ( 'NONE',  ( 1.000000000000000000, -0.000000000000000000, 0.000000000000000000 ) ) ;
#10883 = EDGE_CURVE ( 'NONE', #5776, #10000, #9352, .T. ) ;
#10884 = CIRCLE ( 'NONE', #2810, 3.649999999999999467 ) ;
#10885 = PLANE ( 'NONE',  #9738 ) ;
#10886 = DIRECTION ( 'NONE',  ( -0.6280440846592157955, -0.7781777610061649808, 0.000000000000000000 ) ) ;
#10887 = ORIENTED_EDGE ( 'NONE', *, *, #9272, .F. ) ;
#10888 = CARTESIAN_POINT ( 'NONE',  ( 2.657714481646620719, 9.467279967188341416, 3.675000000000000266 ) ) ;
#10889 = LINE ( 'NONE', #2121, #8172 ) ;
#10890 = ADVANCED_FACE ( 'NONE', ( #4022 ), #8430, .F. ) ;
#10891 = DIRECTION ( 'NONE',  ( 1.000000000000000000, 0.000000000000000000, 0.000000000000000000 ) ) ;
#10892 = VERTEX_POINT ( 'NONE', #8489 ) ;
#10893 = ORIENTED_EDGE ( 'NONE', *, *, #10266, .F. ) ;
#10894 = VERTEX_POINT ( 'NONE', #2240 ) ;
#10895 = CARTESIAN_POINT ( 'NONE',  ( 5.465701386268194462, 5.792189881732849877, 11.17499999999999893 ) ) ;
#10896 = AXIS2_PLACEMENT_3D ( 'NONE', #4464, #7791, #6234 ) ;
#10897 = CARTESIAN_POINT ( 'NONE',  ( 3.648334813386797659, 6.855228824192193926, -2.457261515329064672 ) ) ;
#10898 = FACE_OUTER_BOUND ( 'NONE', #5769, .T. ) ;
#10899 = DIRECTION ( 'NONE',  ( 0.000000000000000000, 1.000000000000000000, 0.000000000000000000 ) ) ;
#10900 = LINE ( 'NONE', #10690, #10311 ) ;
#10901 = CARTESIAN_POINT ( 'NONE',  ( -5.672664523123394531, 8.259809581718581484, -2.457261515329064672 ) ) ;
#10902 = EDGE_CURVE ( 'NONE', #1142, #7950, #4886, .T. ) ;
#10903 = ORIENTED_EDGE ( 'NONE', *, *, #10980, .F. ) ;
#10904 = CYLINDRICAL_SURFACE ( 'NONE', #8162, 3.649999999999999467 ) ;
#10905 = VERTEX_POINT ( 'NONE', #7631 ) ;
#10906 = ORIENTED_EDGE ( 'NONE', *, *, #1657, .T. ) ;
#10907 = PRODUCT_DEFINITION_CONTEXT ( 'detailed design', #704, 'design' ) ;
#10908 = LINE ( 'NONE', #6505, #8984 ) ;
#10909 = APPLICATION_PROTOCOL_DEFINITION ( 'draft international standard', 'automotive_design', 1998, #9695 ) ;
#10910 = LINE ( 'NONE', #3059, #5166 ) ;
#10911 = ORIENTED_EDGE ( 'NONE', *, *, #10835, .F. ) ;
#10912 = VERTEX_POINT ( 'NONE', #8543 ) ;
#10913 = DIRECTION ( 'NONE',  ( 1.000000000000000000, 0.000000000000000000, 0.000000000000000000 ) ) ;
#10914 = CARTESIAN_POINT ( 'NONE',  ( 3.175602739079020687, 11.56612470205378429, 11.17499999999999893 ) ) ;
#10915 = VECTOR ( 'NONE', #3224, 1000.000000000000114 ) ;
#10916 = ORIENTED_EDGE ( 'NONE', *, *, #8654, .F. ) ;
#10917 = EDGE_CURVE ( 'NONE', #11129, #9977, #7512, .T. ) ;
#10918 = EDGE_LOOP ( 'NONE', ( #5105, #7386, #5243, #9318 ) ) ;
#10919 = FACE_OUTER_BOUND ( 'NONE', #6099, .T. ) ;
#10920 = VERTEX_POINT ( 'NONE', #11117 ) ;
#10921 = CARTESIAN_POINT ( 'NONE',  ( 3.328434437871126583, 5.467463135762877791, -2.625562286609687046 ) ) ;
#10922 = ORIENTED_EDGE ( 'NONE', *, *, #1184, .F. ) ;
#10923 = CARTESIAN_POINT ( 'NONE',  ( 1.396794528132546231, 10.33763016933164991, 3.675000000000000266 ) ) ;
#10924 = DIRECTION ( 'NONE',  ( -0.000000000000000000, -0.000000000000000000, -1.000000000000000000 ) ) ;
#10925 = DIRECTION ( 'NONE',  ( 1.000000000000000000, 0.000000000000000000, 0.000000000000000000 ) ) ;
#10926 = CARTESIAN_POINT ( 'NONE',  ( 3.649999999999998135, 6.965469875665465160, 11.17499999999999893 ) ) ;
#10927 = PLANE ( 'NONE',  #6654 ) ;
#10928 = EDGE_CURVE ( 'NONE', #10566, #1822, #10158, .T. ) ;
#10929 = ORIENTED_EDGE ( 'NONE', *, *, #4722, .T. ) ;
#10930 = ORIENTED_EDGE ( 'NONE', *, *, #10738, .T. ) ;
#10931 = LINE ( 'NONE', #6699, #9479 ) ;
#10932 =( LENGTH_UNIT ( ) NAMED_UNIT ( * ) SI_UNIT ( .MILLI., .METRE. ) );
#10933 = EDGE_CURVE ( 'NONE', #9176, #4033, #5797, .T. ) ;
#10934 = VECTOR ( 'NONE', #4836, 999.9999999999998863 ) ;
#10935 = LINE ( 'NONE', #3896, #9903 ) ;
#10936 = CARTESIAN_POINT ( 'NONE',  ( 2.456675682618984613, -1.783874488586666196, 15.29999999999999893 ) ) ;
#10937 = CARTESIAN_POINT ( 'NONE',  ( -3.226782805549718969, 2.373921791567575657, 3.956290731841304975 ) ) ;
#10938 = ORIENTED_EDGE ( 'NONE', *, *, #4635, .F. ) ;
#10939 = VECTOR ( 'NONE', #3961, 1000.000000000000000 ) ;
#10940 = ADVANCED_FACE ( 'NONE', ( #6767 ), #2412, .T. ) ;
#10941 = DIRECTION ( 'NONE',  ( 8.673617379884035472E-17, 1.880790961315659671E-33, -1.000000000000000000 ) ) ;
#10942 = EDGE_CURVE ( 'NONE', #7257, #10892, #9403, .T. ) ;
#10943 = DIRECTION ( 'NONE',  ( -0.000000000000000000, -0.000000000000000000, 1.000000000000000000 ) ) ;
#10944 = CARTESIAN_POINT ( 'NONE',  ( 2.280939751330911758, 6.965469875665442068, 15.29999999999999893 ) ) ;
#10945 = ORIENTED_EDGE ( 'NONE', *, *, #10195, .T. ) ;
#10946 = EDGE_CURVE ( 'NONE', #343, #9096, #3862, .T. ) ;
#10947 = VERTEX_POINT ( 'NONE', #814 ) ;
#10948 = VERTEX_POINT ( 'NONE', #6884 ) ;
#10949 = B_SPLINE_CURVE_WITH_KNOTS ( 'NONE', 3,
 ( #1630, #8519, #7825, #5821, #3413, #726, #2438, #7773, #2326, #11094 ),
 .UNSPECIFIED., .F., .F.,
 ( 4, 2, 2, 2, 4 ),
 ( 0.000000000000000000, 7.024607880191202191E-05, 0.0001404921576038240438, 0.0002809843152076488466, 0.0005619686304152986690 ),
 .UNSPECIFIED. ) ;
#10950 = VECTOR ( 'NONE', #10815, 1000.000000000000000 ) ;
#10951 = CARTESIAN_POINT ( 'NONE',  ( 7.085102807365161404, 3.000000000000000000, -2.885102807365161670 ) ) ;
#10952 = PLANE ( 'NONE',  #6445 ) ;
#10953 = DIRECTION ( 'NONE',  ( 0.000000000000000000, 0.000000000000000000, 1.000000000000000000 ) ) ;
#10954 = CARTESIAN_POINT ( 'NONE',  ( -2.262975846493129772, 8.000000000000000000, 4.870299948342232454 ) ) ;
#10955 = CARTESIAN_POINT ( 'NONE',  ( -5.107491688851539813, 4.950000000000000178, -2.986171345291895651 ) ) ;
#10956 = DIRECTION ( 'NONE',  ( -0.5049013445389989307, -0.8631770573194766927, 0.000000000000000000 ) ) ;
#10957 = ORIENTED_EDGE ( 'NONE', *, *, #457, .T. ) ;
#10958 = DIRECTION ( 'NONE',  ( -0.000000000000000000, 1.000000000000000000, -0.000000000000000000 ) ) ;
#10959 = PRESENTATION_LAYER_ASSIGNMENT (  '', '', ( #3637 ) ) ;
#10960 = DIRECTION ( 'NONE',  ( 0.000000000000000000, 0.000000000000000000, 1.000000000000000000 ) ) ;
#10961 = ORIENTED_EDGE ( 'NONE', *, *, #8335, .T. ) ;
#10962 = ADVANCED_FACE ( 'NONE', ( #5435 ), #5322, .T. ) ;
#10963 = ORIENTED_EDGE ( 'NONE', *, *, #6951, .T. ) ;
#10964 = EDGE_CURVE ( 'NONE', #627, #9164, #9502, .T. ) ;
#10965 = DIRECTION ( 'NONE',  ( -0.000000000000000000, 0.000000000000000000, 1.000000000000000000 ) ) ;
#10966 = DIRECTION ( 'NONE',  ( 1.000000000000000000, 2.168404344971008252E-17, -8.673617379884035472E-17 ) ) ;
#10967 = PLANE ( 'NONE',  #10283 ) ;
#10968 = VECTOR ( 'NONE', #274, 1000.000000000000000 ) ;
#10969 = ORIENTED_EDGE ( 'NONE', *, *, #1657, .F. ) ;
#10970 = ORIENTED_EDGE ( 'NONE', *, *, #9933, .F. ) ;
#10971 = DIRECTION ( 'NONE',  ( -0.6042542366568491863, 0.7967915771908288258, 0.000000000000000000 ) ) ;
#10972 = CARTESIAN_POINT ( 'NONE',  ( 5.672664523123385649, 5.671130169612255578, -2.457261515329064672 ) ) ;
#10973 = ORIENTED_EDGE ( 'NONE', *, *, #7505, .F. ) ;
#10974 = CARTESIAN_POINT ( 'NONE',  ( 1.379999999999999671, 12.50000000000000000, 2.027069063257455728 ) ) ;
#10975 = ORIENTED_EDGE ( 'NONE', *, *, #6746, .F. ) ;
#10976 = DIRECTION ( 'NONE',  ( 0.000000000000000000, 0.000000000000000000, 1.000000000000000000 ) ) ;
#10977 = ORIENTED_EDGE ( 'NONE', *, *, #6885, .T. ) ;
#10978 = CIRCLE ( 'NONE', #10065, 0.02000000000000005246 ) ;
#10979 = AXIS2_PLACEMENT_3D ( 'NONE', #7151, #3771, #9564 ) ;
#10980 = EDGE_CURVE ( 'NONE', #8981, #1220, #9718, .T. ) ;
#10981 = DIRECTION ( 'NONE',  ( -0.000000000000000000, 0.000000000000000000, 1.000000000000000000 ) ) ;
#10982 = EDGE_CURVE ( 'NONE', #4669, #1654, #286, .T. ) ;
#10983 = FACE_OUTER_BOUND ( 'NONE', #11110, .T. ) ;
#10984 = DIRECTION ( 'NONE',  ( -0.8780328119034565004, -0.4786004400550727400, 0.000000000000000000 ) ) ;
#10985 = CARTESIAN_POINT ( 'NONE',  ( -3.261944826741905334, 1.546453914618039827, -6.919843220402987605 ) ) ;
#10986 = CARTESIAN_POINT ( 'NONE',  ( -1.030666926558653025E-16, 6.965469875665441180, 3.675000000000000266 ) ) ;
#10987 = EDGE_LOOP ( 'NONE', ( #6086, #1837, #8884, #3630 ) ) ;
#10988 = EDGE_LOOP ( 'NONE', ( #4680, #3407, #2817, #8604 ) ) ;
#10989 = CARTESIAN_POINT ( 'NONE',  ( -3.648334813386798992, 7.075710927138658235, 3.675000000000000266 ) ) ;
#10990 = CIRCLE ( 'NONE', #3491, 0.01999999999999999695 ) ;
#10991 = CARTESIAN_POINT ( 'NONE',  ( 4.500000000000000000, 1.500000000000000444, 2.179449471770337432 ) ) ;
#10992 = EDGE_CURVE ( 'NONE', #6686, #3053, #11158, .T. ) ;
#10993 = CARTESIAN_POINT ( 'NONE',  ( 4.843681451127850757, 3.000000000000000000, -4.843681451127848980 ) ) ;
#10994 = PLANE ( 'NONE',  #1150 ) ;
#10995 = VERTEX_POINT ( 'NONE', #5216 ) ;
#10996 = TOROIDAL_SURFACE ( 'NONE', #3316, 0.1699999999999999845, 0.02000000000000000042 ) ;
#10997 = CARTESIAN_POINT ( 'NONE',  ( -3.648334813386797659, 7.075710927138663564, -2.457261515329064672 ) ) ;
#10998 = DIRECTION ( 'NONE',  ( 0.9592845720430323020, -0.2824413387594251756, 0.000000000000000000 ) ) ;
#10999 = FACE_OUTER_BOUND ( 'NONE', #10072, .T. ) ;
#11000 = ORIENTED_EDGE ( 'NONE', *, *, #9607, .F. ) ;
#11001 = ORIENTED_EDGE ( 'NONE', *, *, #2535, .T. ) ;
#11002 = AXIS2_PLACEMENT_3D ( 'NONE', #1494, #5846, #1388 ) ;
#11003 = ORIENTED_EDGE ( 'NONE', *, *, #2967, .F. ) ;
#11004 = ADVANCED_FACE ( 'NONE', ( #7853 ), #2907, .T. ) ;
#11005 = VECTOR ( 'NONE', #1579, 1000.000000000000114 ) ;
#11006 = VECTOR ( 'NONE', #3284, 1000.000000000000000 ) ;
#11007 = DIRECTION ( 'NONE',  ( 0.000000000000000000, -0.7546055221635206145, 0.6561787149247685358 ) ) ;
#11008 = ADVANCED_FACE ( 'NONE', ( #4302 ), #9044, .T. ) ;
#11009 = PLANE ( 'NONE',  #10467 ) ;
#11010 = DIRECTION ( 'NONE',  ( 0.8631770573194766927, -0.5049013445389989307, 0.000000000000000000 ) ) ;
#11011 = DIRECTION ( 'NONE',  ( -0.8631770573194731400, 0.5049013445390049259, 0.000000000000000000 ) ) ;
#11012 = CARTESIAN_POINT ( 'NONE',  ( 1.379999999999999671, 9.655153745424977174, 5.498426807238720571 ) ) ;
#11013 = DIRECTION ( 'NONE',  ( -1.000000000000000000, 0.000000000000000000, 0.000000000000000000 ) ) ;
#11014 = CIRCLE ( 'NONE', #9545, 5.500000000000000000 ) ;
#11015 = FACE_OUTER_BOUND ( 'NONE', #3117, .T. ) ;
#11016 = VERTEX_POINT ( 'NONE', #2854 ) ;
#11017 = B_SPLINE_CURVE_WITH_KNOTS ( 'NONE', 3,
 ( #9625, #6942, #7061, #2585, #1830, #6249, #4411, #9745, #10661, #3499 ),
 .UNSPECIFIED., .F., .F.,
 ( 4, 2, 2, 2, 4 ),
 ( 0.000000000000000000, 7.024607880191284862E-05, 0.0001404921576038256972, 0.0002809843152076510692, 0.0005619686304153021384 ),
 .UNSPECIFIED. ) ;
#11018 = EDGE_LOOP ( 'NONE', ( #7210, #1125, #7907, #8202 ) ) ;
#11019 = ORIENTED_EDGE ( 'NONE', *, *, #30, .F. ) ;
#11020 = LINE ( 'NONE', #10275, #6787 ) ;
#11021 = EDGE_CURVE ( 'NONE', #4494, #1254, #6348, .T. ) ;
#11022 = AXIS2_PLACEMENT_3D ( 'NONE', #2229, #4128, #7395 ) ;
#11023 = CARTESIAN_POINT ( 'NONE',  ( -1.771168402671605879E-15, 6.965469875665441180, 7.800000000000000711 ) ) ;
#11024 = CARTESIAN_POINT ( 'NONE',  ( -1.771168402671605879E-15, 6.965469875665441180, 7.800000000000000711 ) ) ;
#11025 = AXIS2_PLACEMENT_3D ( 'NONE', #10792, #499, #7363 ) ;
#11026 = EDGE_LOOP ( 'NONE', ( #157, #3875, #5493, #10177 ) ) ;
#11027 = DIRECTION ( 'NONE',  ( -0.8631770573194731400, 0.5049013445390049259, 0.000000000000000000 ) ) ;
#11028 = DIRECTION ( 'NONE',  ( 0.000000000000000000, -1.000000000000000000, 2.891205793294679411E-15 ) ) ;
#11029 = ORIENTED_EDGE ( 'NONE', *, *, #5253, .T. ) ;
#11030 = CARTESIAN_POINT ( 'NONE',  ( 1.397319086605161687, 6.500000000000000000, -0.8267289123675667373 ) ) ;
#11031 = ORIENTED_EDGE ( 'NONE', *, *, #5139, .F. ) ;
#11032 = ADVANCED_FACE ( 'NONE', ( #8935 ), #1989, .F. ) ;
#11033 = DIRECTION ( 'NONE',  ( -0.7967915771908282707, -0.6042542366568498524, 0.000000000000000000 ) ) ;
#11034 = EDGE_LOOP ( 'NONE', ( #8358, #9630, #5294, #8280, #9714, #3569, #5417, #8732, #9307, #9383 ) ) ;
#11035 = AXIS2_PLACEMENT_3D ( 'NONE', #5605, #10872, #1253 ) ;
#11036 = CIRCLE ( 'NONE', #7198, 0.01999999999999999695 ) ;
#11037 = CARTESIAN_POINT ( 'NONE',  ( -1.379999999999999671, 6.500000000000000000, 0.7729309367425446498 ) ) ;
#11038 = CARTESIAN_POINT ( 'NONE',  ( -1.030666926558653025E-16, 6.965469875665441180, 15.29999999999999893 ) ) ;
#11039 = CARTESIAN_POINT ( 'NONE',  ( 1.379999999999999671, 0.000000000000000000, 5.549999999999999822 ) ) ;
#11040 = AXIS2_PLACEMENT_3D ( 'NONE', #5633, #7140, #1277 ) ;
#11041 = DIRECTION ( 'NONE',  ( 0.000000000000000000, 0.000000000000000000, 1.000000000000000000 ) ) ;
#11042 = CARTESIAN_POINT ( 'NONE',  ( -4.745536286357740607, 10.33211856856918409, -2.625562286609690599 ) ) ;
#11043 = ORIENTED_EDGE ( 'NONE', *, *, #9737, .F. ) ;
#11044 = ORIENTED_EDGE ( 'NONE', *, *, #1063, .F. ) ;
#11045 = STYLED_ITEM ( 'NONE', ( #1204 ), #8577 ) ;
#11046 = EDGE_CURVE ( 'NONE', #5483, #391, #1081, .T. ) ;
#11047 = EDGE_CURVE ( 'NONE', #10995, #9613, #2930, .T. ) ;
#11048 = DIRECTION ( 'NONE',  ( 0.2533391860415208363, -0.9673775151489824031, 0.000000000000000000 ) ) ;
#11049 = AXIS2_PLACEMENT_3D ( 'NONE', #8466, #7717, #1634 ) ;
#11050 = FACE_OUTER_BOUND ( 'NONE', #7583, .T. ) ;
#11051 = AXIS2_PLACEMENT_3D ( 'NONE', #5309, #8876, #2624 ) ;
#11052 = CARTESIAN_POINT ( 'NONE',  ( 4.926415935006096092, 10.06141304405314152, -2.613951291675112643 ) ) ;
#11053 = DIRECTION ( 'NONE',  ( 0.000000000000000000, -0.9863939238321438596, 0.1643989873053572914 ) ) ;
#11054 = VECTOR ( 'NONE', #5532, 1000.000000000000000 ) ;
#11055 = ORIENTED_EDGE ( 'NONE', *, *, #3662, .T. ) ;
#11056 = B_SPLINE_CURVE_WITH_KNOTS ( 'NONE', 3,
 ( #10720, #10828, #2984, #6487, #4591, #2875, #5437, #6349, #3599, #1936 ),
 .UNSPECIFIED., .F., .F.,
 ( 4, 3, 3, 4 ),
 ( -2.449489749372115115E-06, 0.000000000000000000, 4.097538642259614431E-05, 8.049306843309046939E-05 ),
 .UNSPECIFIED. ) ;
#11057 = DIRECTION ( 'NONE',  ( -1.000000000000000000, 0.000000000000000000, 0.000000000000000000 ) ) ;
#11058 = FACE_OUTER_BOUND ( 'NONE', #2408, .T. ) ;
#11059 = EDGE_CURVE ( 'NONE', #3552, #9130, #4583, .T. ) ;
#11060 = CARTESIAN_POINT ( 'NONE',  ( 1.380279994234274277, 6.500000000000000000, -4.549233012451844083 ) ) ;
#11061 = ORIENTED_EDGE ( 'NONE', *, *, #11085, .F. ) ;
#11062 = VERTEX_POINT ( 'NONE', #6012 ) ;
#11063 = ORIENTED_EDGE ( 'NONE', *, *, #3976, .F. ) ;
#11064 = CARTESIAN_POINT ( 'NONE',  ( 4.460905893435753278, 2.431562345619224352, 3.675000000000000266 ) ) ;
#11065 = CARTESIAN_POINT ( 'NONE',  ( -2.580939751330911136, -4.384530124334558465, 0.2999999999999999334 ) ) ;
#11066 = CARTESIAN_POINT ( 'NONE',  ( 5.465701386268194462, 5.792189881732855206, 0.000000000000000000 ) ) ;
#11067 = CARTESIAN_POINT ( 'NONE',  ( 3.366648692903724704, 11.71100616202319245, -2.625562286609687046 ) ) ;
#11068 = DIRECTION ( 'NONE',  ( 0.000000000000000000, 0.000000000000000000, -1.000000000000000000 ) ) ;
#11069 = EDGE_CURVE ( 'NONE', #8319, #8065, #10754, .T. ) ;
#11070 = CARTESIAN_POINT ( 'NONE',  ( 1.528166405880239997, 9.107140056187523314, -2.457261515329068224 ) ) ;
#11071 = LINE ( 'NONE', #6020, #1576 ) ;
#11072 = ORIENTED_EDGE ( 'NONE', *, *, #6642, .F. ) ;
#11073 = ORIENTED_EDGE ( 'NONE', *, *, #9691, .T. ) ;
#11074 = EDGE_CURVE ( 'NONE', #4891, #2308, #10074, .T. ) ;
#11075 = ORIENTED_EDGE ( 'NONE', *, *, #4849, .T. ) ;
#11076 = CIRCLE ( 'NONE', #3398, 0.1299999999999998934 ) ;
#11077 = CARTESIAN_POINT ( 'NONE',  ( 0.000000000000000000, 8.000000000000000000, -7.650000000000000355 ) ) ;
#11078 = APPLICATION_PROTOCOL_DEFINITION ( 'draft international standard', 'automotive_design', 1998, #9920 ) ;
#11079 = DIRECTION ( 'NONE',  ( 0.7071067811865474617, 0.000000000000000000, 0.7071067811865474617 ) ) ;
#11080 = LINE ( 'NONE', #3234, #6796 ) ;
#11081 = VERTEX_POINT ( 'NONE', #10640 ) ;
#11082 = CARTESIAN_POINT ( 'NONE',  ( -1.030666926558653025E-16, 6.965469875665441180, 15.29999999999999893 ) ) ;
#11083 = DIRECTION ( 'NONE',  ( 0.000000000000000000, -0.7546055221634990762, -0.6561787149247930717 ) ) ;
#11084 = ORIENTED_EDGE ( 'NONE', *, *, #6392, .F. ) ;
#11085 = EDGE_CURVE ( 'NONE', #9703, #11062, #5288, .T. ) ;
#11086 = DIRECTION ( 'NONE',  ( -8.673617379884030542E-17, -1.000000000000000000, -8.673617379884030542E-17 ) ) ;
#11087 = ORIENTED_EDGE ( 'NONE', *, *, #2987, .F. ) ;
#11088 = ADVANCED_FACE ( 'NONE', ( #8719 ), #1417, .T. ) ;
#11089 = AXIS2_PLACEMENT_3D ( 'NONE', #7078, #10562, #38 ) ;
#11090 = CARTESIAN_POINT ( 'NONE',  ( 1.650000000000000355, 6.965469875665441180, 7.800000000000000711 ) ) ;
#11091 = EDGE_CURVE ( 'NONE', #2022, #6424, #4393, .T. ) ;
#11092 = ORIENTED_EDGE ( 'NONE', *, *, #6727, .F. ) ;
#11093 = APPLICATION_CONTEXT ( 'automotive_design' ) ;
#11094 = CARTESIAN_POINT ( 'NONE',  ( -2.885102807365160338, 3.000000000000000000, 7.085102807365162292 ) ) ;
#11095 = CARTESIAN_POINT ( 'NONE',  ( -3.302397983560361183, 1.563623187575864382, 6.900591489566306969 ) ) ;
#11096 = VECTOR ( 'NONE', #5276, 1000.000000000000000 ) ;
#11097 = EDGE_CURVE ( 'NONE', #320, #1355, #6576, .T. ) ;
#11098 = CARTESIAN_POINT ( 'NONE',  ( 3.648334813386796327, 6.855228824192193926, 11.17499999999999893 ) ) ;
#11099 = CARTESIAN_POINT ( 'NONE',  ( 3.055710216370180365, 1.499999999999999334, 7.013830305757053907 ) ) ;
#11100 = LINE ( 'NONE', #6523, #11214 ) ;
#11101 = ORIENTED_EDGE ( 'NONE', *, *, #8249, .F. ) ;
#11102 = ORIENTED_EDGE ( 'NONE', *, *, #2165, .F. ) ;
#11103 = SURFACE_STYLE_FILL_AREA ( #4808 ) ;
#11104 = DIRECTION ( 'NONE',  ( 1.239088197126290817E-16, 0.000000000000000000, 1.000000000000000000 ) ) ;
#11105 = AXIS2_PLACEMENT_3D ( 'NONE', #528, #11112, #9235 ) ;
#11106 = DIRECTION ( 'NONE',  ( -0.000000000000000000, -0.000000000000000000, -1.000000000000000000 ) ) ;
#11107 = EDGE_CURVE ( 'NONE', #5563, #3071, #9698, .T. ) ;
#11108 = DIRECTION ( 'NONE',  ( -0.2533391860415146746, 0.9673775151489840685, 0.000000000000000000 ) ) ;
#11109 = FACE_OUTER_BOUND ( 'NONE', #1601, .T. ) ;
#11110 = EDGE_LOOP ( 'NONE', ( #4908, #7116, #9356, #7413, #2879, #7968, #6066, #1562, #151, #7755, #10970, #10125, #2799, #810, #10116, #1764, #8527, #10059, #1343, #5610, #3848, #5972, #6353, #5687, #8375, #2541, #6153, #4509, #3732, #7317, #247, #1964, #4636, #2248, #8107, #1952, #3423, #883, #7305 ) ) ;
#11111 = CARTESIAN_POINT ( 'NONE',  ( -1.379999999999999893, 12.48000000000000043, -2.027069063257456172 ) ) ;
#11112 = DIRECTION ( 'NONE',  ( -0.000000000000000000, 1.000000000000000000, -0.000000000000000000 ) ) ;
#11113 = CARTESIAN_POINT ( 'NONE',  ( 1.399999999999999689, 6.649999999999999467, -0.7729309367425445387 ) ) ;
#11114 = ORIENTED_EDGE ( 'NONE', *, *, #871, .F. ) ;
#11115 = VERTEX_POINT ( 'NONE', #5657 ) ;
#11116 = ORIENTED_EDGE ( 'NONE', *, *, #5168, .F. ) ;
#11117 = CARTESIAN_POINT ( 'NONE',  ( -1.379999999999999893, 8.744846254575030287, -4.451573192761281383 ) ) ;
#11118 = ADVANCED_FACE ( 'NONE', ( #9216 ), #2329, .F. ) ;
#11119 = CIRCLE ( 'NONE', #7652, 0.1499999999999999667 ) ;
#11120 = CARTESIAN_POINT ( 'NONE',  ( -1.771168402671605879E-15, 6.965469875665441180, 3.675000000000000266 ) ) ;
#11121 = DIRECTION ( 'NONE',  ( -0.000000000000000000, -1.000000000000000000, -0.000000000000000000 ) ) ;
#11122 = LINE ( 'NONE', #2475, #5460 ) ;
#11123 = DIRECTION ( 'NONE',  ( 0.000000000000000000, 0.000000000000000000, 1.000000000000000000 ) ) ;
#11124 = LINE ( 'NONE', #5910, #5072 ) ;
#11125 = CARTESIAN_POINT ( 'NONE',  ( -4.433344562587834048, 2.048942590553171961, -2.312024219028189886 ) ) ;
#11126 = ORIENTED_EDGE ( 'NONE', *, *, #1459, .F. ) ;
#11127 = ORIENTED_EDGE ( 'NONE', *, *, #2000, .T. ) ;
#11128 = AXIS2_PLACEMENT_3D ( 'NONE', #10084, #6817, #10941 ) ;
#11129 = VERTEX_POINT ( 'NONE', #2275 ) ;
#11130 = CARTESIAN_POINT ( 'NONE',  ( -1.400000000000000133, 11.43165542625050435, 5.549999999999999822 ) ) ;
#11131 = EDGE_CURVE ( 'NONE', #7739, #8300, #4800, .T. ) ;
#11132 = DIRECTION ( 'NONE',  ( 0.000000000000000000, -0.9863939238321438596, -0.1643989873053572914 ) ) ;
#11133 = LINE ( 'NONE', #10336, #588 ) ;
#11134 = CIRCLE ( 'NONE', #3823, 3.649999999999999467 ) ;
#11135 = PRODUCT_DEFINITION_SHAPE ( 'NONE', 'NONE',  #5411 ) ;
#11136 = ORIENTED_EDGE ( 'NONE', *, *, #9109, .T. ) ;
#11137 = LINE ( 'NONE', #4102, #2919 ) ;
#11138 = CARTESIAN_POINT ( 'NONE',  ( 0.000000000000000000, 12.50000000000000000, 0.000000000000000000 ) ) ;
#11139 = ORIENTED_EDGE ( 'NONE', *, *, #8722, .T. ) ;
#11140 = CARTESIAN_POINT ( 'NONE',  ( -2.847419838194335195, 3.008506057664686040, -7.100900871338165388 ) ) ;
#11141 = ORIENTED_EDGE ( 'NONE', *, *, #1334, .F. ) ;
#11142 = VERTEX_POINT ( 'NONE', #7436 ) ;
#11143 = CARTESIAN_POINT ( 'NONE',  ( 2.179449471770337432, 7.500000000000000000, 4.500000000000000000 ) ) ;
#11144 = VECTOR ( 'NONE', #10388, 1000.000000000000114 ) ;
#11145 = ADVANCED_FACE ( 'NONE', ( #2212 ), #8241, .T. ) ;
#11146 = DIRECTION ( 'NONE',  ( -0.000000000000000000, 1.000000000000000000, -0.000000000000000000 ) ) ;
#11147 = DIRECTION ( 'NONE',  ( -4.945579762210229334E-17, 1.000000000000000000, -0.000000000000000000 ) ) ;
#11148 = EDGE_CURVE ( 'NONE', #10338, #10169, #2745, .T. ) ;
#11149 = PLANE ( 'NONE',  #1364 ) ;
#11150 = DIRECTION ( 'NONE',  ( -0.000000000000000000, 0.000000000000000000, 1.000000000000000000 ) ) ;
#11151 = ORIENTED_EDGE ( 'NONE', *, *, #11314, .F. ) ;
#11152 = ORIENTED_EDGE ( 'NONE', *, *, #7176, .F. ) ;
#11153 = DIRECTION ( 'NONE',  ( 0.000000000000000000, 0.000000000000000000, 1.000000000000000000 ) ) ;
#11154 = FACE_OUTER_BOUND ( 'NONE', #3079, .T. ) ;
#11155 = CARTESIAN_POINT ( 'NONE',  ( -2.280939751330913978, -4.084530124334559531, 15.29999999999999893 ) ) ;
#11156 = ADVANCED_FACE ( 'NONE', ( #7546 ), #6631, .T. ) ;
#11157 = CARTESIAN_POINT ( 'NONE',  ( -7.233617738330952562, 3.101480656498024846, 2.489507632570832296 ) ) ;
#11158 = CIRCLE ( 'NONE', #742, 0.02000000000000005246 ) ;
#11159 = VERTEX_POINT ( 'NONE', #3825 ) ;
#11160 = CARTESIAN_POINT ( 'NONE',  ( -3.372160293666176756, 5.568675347532809461, -2.613951291675116195 ) ) ;
#11161 = CARTESIAN_POINT ( 'NONE',  ( -1.500000000000001998, 6.965469875665441180, 15.29999999999999893 ) ) ;
#11162 = DIRECTION ( 'NONE',  ( 0.000000000000000000, 1.000000000000000000, 0.000000000000000000 ) ) ;
#11163 = TOROIDAL_SURFACE ( 'NONE', #7697, 0.1299999999999999767, 0.02000000000000000042 ) ;
#11164 = ORIENTED_EDGE ( 'NONE', *, *, #2404, .F. ) ;
#11165 = EDGE_CURVE ( 'NONE', #2659, #3341, #3194, .T. ) ;
#11166 = ORIENTED_EDGE ( 'NONE', *, *, #3571, .F. ) ;
#11167 = VERTEX_POINT ( 'NONE', #9323 ) ;
#11168 = DIRECTION ( 'NONE',  ( 1.000000000000000000, 0.000000000000000000, 0.000000000000000000 ) ) ;
#11169 = AXIS2_PLACEMENT_3D ( 'NONE', #269, #3755, #9879 ) ;
#11170 = FACE_OUTER_BOUND ( 'NONE', #9373, .T. ) ;
#11171 = CARTESIAN_POINT ( 'NONE',  ( -5.465701386268206896, 8.138749869597990738, 11.17499999999999893 ) ) ;
#11172 = DIRECTION ( 'NONE',  ( -0.7967915771908282707, -0.6042542366568497414, 0.000000000000000000 ) ) ;
#11173 = CYLINDRICAL_SURFACE ( 'NONE', #10003, 0.1499999999999999667 ) ;
#11174 = VERTEX_POINT ( 'NONE', #1467 ) ;
#11175 = VECTOR ( 'NONE', #8986, 1000.000000000000114 ) ;
#11176 = DIRECTION ( 'NONE',  ( -0.000000000000000000, 0.6561787149247869655, -0.7546055221635044052 ) ) ;
#11177 = DIRECTION ( 'NONE',  ( 8.673617379884035472E-17, 1.880790961315659329E-33, -1.000000000000000000 ) ) ;
#11178 = VERTEX_POINT ( 'NONE', #3074 ) ;
#11179 = EDGE_CURVE ( 'NONE', #4933, #2268, #10791, .T. ) ;
#11180 = ORIENTED_EDGE ( 'NONE', *, *, #5311, .F. ) ;
#11181 = ADVANCED_FACE ( 'NONE', ( #7488 ), #339, .T. ) ;
#11182 = AXIS2_PLACEMENT_3D ( 'NONE', #4342, #7840, #2511 ) ;
#11183 = ORIENTED_EDGE ( 'NONE', *, *, #9273, .F. ) ;
#11184 = DIRECTION ( 'NONE',  ( 0.000000000000000000, -0.000000000000000000, -1.000000000000000000 ) ) ;
#11185 = PLANE ( 'NONE',  #10682 ) ;
#11186 = LINE ( 'NONE', #4952, #11006 ) ;
#11187 = AXIS2_PLACEMENT_3D ( 'NONE', #7331, #6360, #6533 ) ;
#11188 = VERTEX_POINT ( 'NONE', #7320 ) ;
#11189 = CARTESIAN_POINT ( 'NONE',  ( 3.870068605369154202, 5.212479532407042093, 3.870068605369151538 ) ) ;
#11190 = CIRCLE ( 'NONE', #6807, 3.649999999999999467 ) ;
#11191 = LINE ( 'NONE', #2543, #3193 ) ;
#11192 = ORIENTED_EDGE ( 'NONE', *, *, #10064, .T. ) ;
#11193 = DIRECTION ( 'NONE',  ( 0.000000000000000000, 0.000000000000000000, 1.000000000000000000 ) ) ;
#11194 = ORIENTED_EDGE ( 'NONE', *, *, #10345, .T. ) ;
#11195 = EDGE_CURVE ( 'NONE', #2405, #8553, #7029, .T. ) ;
#11196 = ORIENTED_EDGE ( 'NONE', *, *, #8861, .F. ) ;
#11197 = VECTOR ( 'NONE', #352, 1000.000000000000000 ) ;
#11198 = DIRECTION ( 'NONE',  ( 0.000000000000000000, 0.000000000000000000, 1.000000000000000000 ) ) ;
#11199 = VECTOR ( 'NONE', #10171, 1000.000000000000000 ) ;
#11200 = CARTESIAN_POINT ( 'NONE',  ( -1.771168402671605879E-15, 6.965469875665441180, 0.000000000000000000 ) ) ;
#11201 = CARTESIAN_POINT ( 'NONE',  ( -1.380000000000000115, 6.649999999999999467, -4.549999999999999822 ) ) ;
#11202 = DIRECTION ( 'NONE',  ( -2.472789881105115160E-16, 1.000000000000000000, 0.000000000000000000 ) ) ;
#11203 = DIRECTION ( 'NONE',  ( 0.000000000000000000, 0.000000000000000000, 1.000000000000000000 ) ) ;
#11204 = VERTEX_POINT ( 'NONE', #4861 ) ;
#11205 = VERTEX_POINT ( 'NONE', #8352 ) ;
#11206 = PLANE ( 'NONE',  #6010 ) ;
#11207 = CONICAL_SURFACE ( 'NONE', #1701, 7.649999999999996803, 1.197069506829342878 ) ;
#11208 = CIRCLE ( 'NONE', #2611, 3.649999999999999467 ) ;
#11209 = ADVANCED_FACE ( 'NONE', ( #10983 ), #3415, .T. ) ;
#11210 = CARTESIAN_POINT ( 'NONE',  ( 1.399999999999999689, 6.500000000000000000, 0.8529309367425446098 ) ) ;
#11211 = EDGE_CURVE ( 'NONE', #1029, #211, #9430, .T. ) ;
#11212 = ADVANCED_FACE ( 'NONE', ( #2439 ), #5855, .T. ) ;
#11213 = LINE ( 'NONE', #3258, #9524 ) ;
#11214 = VECTOR ( 'NONE', #2157, 1000.000000000000000 ) ;
#11215 = CARTESIAN_POINT ( 'NONE',  ( -3.903127820947815962E-14, 10.61546987566543976, -2.454779244514313952 ) ) ;
#11216 = VECTOR ( 'NONE', #5038, 1000.000000000000000 ) ;
#11217 = CARTESIAN_POINT ( 'NONE',  ( 0.5922599689879362028, 9.528919086266816052, -2.454779244514317504 ) ) ;
#11218 = VERTEX_POINT ( 'NONE', #4275 ) ;
#11219 = DIRECTION ( 'NONE',  ( -0.000000000000000000, -0.000000000000000000, -1.000000000000000000 ) ) ;
#11220 = CYLINDRICAL_SURFACE ( 'NONE', #11105, 5.000000000000000000 ) ;
#11221 = AXIS2_PLACEMENT_3D ( 'NONE', #5375, #969, #6121 ) ;
#11222 = CARTESIAN_POINT ( 'NONE',  ( 2.580939751330911580, 4.384530124334554912, 11.17499999999999893 ) ) ;
#11223 = EDGE_CURVE ( 'NONE', #844, #5767, #8608, .T. ) ;
#11224 = ORIENTED_EDGE ( 'NONE', *, *, #1939, .F. ) ;
#11225 = ORIENTED_EDGE ( 'NONE', *, *, #7527, .F. ) ;
#11226 = CIRCLE ( 'NONE', #1896, 5.000000000000000000 ) ;
#11227 = EDGE_CURVE ( 'NONE', #3476, #9096, #5070, .T. ) ;
#11228 = ORIENTED_EDGE ( 'NONE', *, *, #5489, .T. ) ;
#11229 =( GEOMETRIC_REPRESENTATION_CONTEXT ( 3 ) GLOBAL_UNCERTAINTY_ASSIGNED_CONTEXT ( ( #7357 ) ) GLOBAL_UNIT_ASSIGNED_CONTEXT ( ( #5665, #6584, #6356 ) ) REPRESENTATION_CONTEXT ( 'NONE', 'WORKASPACE' ) );
#11230 = PRODUCT_DEFINITION_SHAPE ( 'NONE', 'NONE',  #11329 ) ;
#11231 = CYLINDRICAL_SURFACE ( 'NONE', #7898, 0.2999999999999999334 ) ;
#11232 = VECTOR ( 'NONE', #50, 1000.000000000000000 ) ;
#11233 = LINE ( 'NONE', #6132, #4796 ) ;
#11234 = EDGE_CURVE ( 'NONE', #301, #5623, #5123, .T. ) ;
#11235 = CARTESIAN_POINT ( 'NONE',  ( -5.078412917506967439, 3.200000000000000178, -4.890012498889791281 ) ) ;
#11236 = CARTESIAN_POINT ( 'NONE',  ( -7.296724953260063984, 3.176207172489685870, -2.297891415291847039 ) ) ;
#11237 = DIRECTION ( 'NONE',  ( 0.000000000000000000, 0.000000000000000000, -1.000000000000000000 ) ) ;
#11238 = ORIENTED_EDGE ( 'NONE', *, *, #3085, .T. ) ;
#11239 = VECTOR ( 'NONE', #1245, 1000.000000000000000 ) ;
#11240 = CARTESIAN_POINT ( 'NONE',  ( -1.098581491038424840, 0.6205207517233428671, 15.29999999999999893 ) ) ;
#11241 = LINE ( 'NONE', #598, #5425 ) ;
#11242 = VERTEX_POINT ( 'NONE', #1747 ) ;
#11243 = ORIENTED_EDGE ( 'NONE', *, *, #4621, .T. ) ;
#11244 = VECTOR ( 'NONE', #8102, 1000.000000000000000 ) ;
#11245 = ORIENTED_EDGE ( 'NONE', *, *, #6183, .F. ) ;
#11246 = DIRECTION ( 'NONE',  ( -0.000000000000000000, -0.000000000000000000, -1.000000000000000000 ) ) ;
#11247 = ITEM_DEFINED_TRANSFORMATION ( 'NONE', 'NONE', #207,  #2013 ) ;
#11248 = DIRECTION ( 'NONE',  ( -0.000000000000000000, 0.000000000000000000, 1.000000000000000000 ) ) ;
#11249 = EDGE_CURVE ( 'NONE', #2095, #4622, #7774, .T. ) ;
#11250 = PLANE ( 'NONE',  #409 ) ;
#11251 = CIRCLE ( 'NONE', #6319, 3.649999999999999467 ) ;
#11252 = ORIENTED_EDGE ( 'NONE', *, *, #9243, .T. ) ;
#11253 = FACE_OUTER_BOUND ( 'NONE', #10563, .T. ) ;
#11254 = DIRECTION ( 'NONE',  ( 0.000000000000000000, 0.000000000000000000, 1.000000000000000000 ) ) ;
#11255 = ORIENTED_EDGE ( 'NONE', *, *, #9680, .T. ) ;
#11256 = CARTESIAN_POINT ( 'NONE',  ( -0.9750207678253433041, 12.70165088474088400, -2.454779244514313952 ) ) ;
#11257 = ORIENTED_EDGE ( 'NONE', *, *, #4659, .F. ) ;
#11258 = ORIENTED_EDGE ( 'NONE', *, *, #8155, .T. ) ;
#11259 = DIRECTION ( 'NONE',  ( -3.272579785996980772E-14, 0.6561787149247684248, -0.7546055221635205035 ) ) ;
#11260 = LINE ( 'NONE', #6967, #1105 ) ;
#11261 = LINE ( 'NONE', #6745, #1932 ) ;
#11262 = VECTOR ( 'NONE', #47, 1000.000000000000000 ) ;
#11263 = DIRECTION ( 'NONE',  ( -1.000000000000000000, 0.000000000000000000, -0.000000000000000000 ) ) ;
#11264 = EDGE_CURVE ( 'NONE', #6816, #1578, #6596, .T. ) ;
#11265 = CARTESIAN_POINT ( 'NONE',  ( 3.405877273185280441, 1.676207172489686315, 6.849999999999999645 ) ) ;
#11266 = CIRCLE ( 'NONE', #2484, 0.1299999999999998934 ) ;
#11267 = CARTESIAN_POINT ( 'NONE',  ( 4.694468754111191799, 10.00067014989616077, 11.17499999999999893 ) ) ;
#11268 = EDGE_LOOP ( 'NONE', ( #1864, #8877, #5956, #8119, #3286, #6257 ) ) ;
#11269 = EDGE_LOOP ( 'NONE', ( #5553, #7750, #2780, #8726 ) ) ;
#11270 = CARTESIAN_POINT ( 'NONE',  ( 1.379999999999999671, 12.50000000000000000, 4.343903740188081564 ) ) ;
#11271 = CARTESIAN_POINT ( 'NONE',  ( -1.771168402671605879E-15, 6.965469875665441180, 11.17499999999999893 ) ) ;
#11272 = AXIS2_PLACEMENT_3D ( 'NONE', #2834, #6152, #7875 ) ;
#11273 = CARTESIAN_POINT ( 'NONE',  ( 1.379999999999999671, 6.649999999999999467, 0.7729309367425446498 ) ) ;
#11274 = EDGE_CURVE ( 'NONE', #725, #6947, #3342, .T. ) ;
#11275 = CARTESIAN_POINT ( 'NONE',  ( 2.580939751330913801, -4.384530124334557577, 0.2999999999999999334 ) ) ;
#11276 = DIRECTION ( 'NONE',  ( 1.000000000000000000, 2.168404344971005170E-17, 0.000000000000000000 ) ) ;
#11277 = ORIENTED_EDGE ( 'NONE', *, *, #10179, .F. ) ;
#11278 = EDGE_CURVE ( 'NONE', #6529, #7466, #11260, .T. ) ;
#11279 = DIRECTION ( 'NONE',  ( -0.6042542366568462997, 0.7967915771908309353, 0.000000000000000000 ) ) ;
#11280 = FACE_OUTER_BOUND ( 'NONE', #4928, .T. ) ;
#11281 = FACE_OUTER_BOUND ( 'NONE', #4156, .T. ) ;
#11282 = ORIENTED_EDGE ( 'NONE', *, *, #4132, .T. ) ;
#11283 = ORIENTED_EDGE ( 'NONE', *, *, #3538, .T. ) ;
#11284 = ORIENTED_EDGE ( 'NONE', *, *, #470, .T. ) ;
#11285 = DIRECTION ( 'NONE',  ( 0.000000000000000000, 0.000000000000000000, 1.000000000000000000 ) ) ;
#11286 = ADVANCED_FACE ( 'NONE', ( #10348 ), #1645, .T. ) ;
#11287 = EDGE_CURVE ( 'NONE', #1029, #7852, #9246, .T. ) ;
#11288 = DIRECTION ( 'NONE',  ( 1.000000000000000000, 0.000000000000000000, 0.000000000000000000 ) ) ;
#11289 = DIRECTION ( 'NONE',  ( -1.000000000000000000, 0.000000000000000000, 0.000000000000000000 ) ) ;
#11290 = ORIENTED_EDGE ( 'NONE', *, *, #6475, .T. ) ;
#11291 = ADVANCED_FACE ( 'NONE', ( #9596, #5875 ), #9377, .F. ) ;
#11292 = FACE_OUTER_BOUND ( 'NONE', #4522, .T. ) ;
#11293 = DIRECTION ( 'NONE',  ( 0.000000000000000000, 0.000000000000000000, 1.000000000000000000 ) ) ;
#11294 = VERTEX_POINT ( 'NONE', #6795 ) ;
#11295 = DIRECTION ( 'NONE',  ( 0.2824413387594271740, 0.9592845720430317469, -0.000000000000000000 ) ) ;
#11296 = LINE ( 'NONE', #2531, #128 ) ;
#11297 = ORIENTED_EDGE ( 'NONE', *, *, #5339, .T. ) ;
#11298 = ORIENTED_EDGE ( 'NONE', *, *, #1567, .F. ) ;
#11299 = CARTESIAN_POINT ( 'NONE',  ( -3.412809285801754910, 5.671162037960161051, -2.454779244514313952 ) ) ;
#11300 = VERTEX_POINT ( 'NONE', #10293 ) ;
#11301 = VECTOR ( 'NONE', #10214, 1000.000000000000000 ) ;
#11302 = DIRECTION ( 'NONE',  ( -0.7071067811865401342, -3.056747976430751789E-16, -0.7071067811865550112 ) ) ;
#11303 = CYLINDRICAL_SURFACE ( 'NONE', #4991, 7.650000000000000355 ) ;
#11304 = CYLINDRICAL_SURFACE ( 'NONE', #8272, 3.649999999999999467 ) ;
#11305 = EDGE_CURVE ( 'NONE', #10497, #9421, #8630, .T. ) ;
#11306 = VERTEX_POINT ( 'NONE', #4216 ) ;
#11307 = CARTESIAN_POINT ( 'NONE',  ( -2.885102807365160338, 3.000000000000000000, 7.085102807365162292 ) ) ;
#11308 = DIRECTION ( 'NONE',  ( 0.000000000000000000, 0.000000000000000000, 1.000000000000000000 ) ) ;
#11309 = ORIENTED_EDGE ( 'NONE', *, *, #5571, .T. ) ;
#11310 = VECTOR ( 'NONE', #3734, 1000.000000000000000 ) ;
#11311 = DIRECTION ( 'NONE',  ( -0.9906889957247181355, 0.1361444591232022772, 0.000000000000000000 ) ) ;
#11312 = ORIENTED_EDGE ( 'NONE', *, *, #4826, .F. ) ;
#11313 = ORIENTED_EDGE ( 'NONE', *, *, #2509, .T. ) ;
#11314 = EDGE_CURVE ( 'NONE', #10169, #8888, #3694, .T. ) ;
#11315 = DIRECTION ( 'NONE',  ( -0.7781777610061624273, 0.6280440846592187931, 0.000000000000000000 ) ) ;
#11316 = CIRCLE ( 'NONE', #3269, 0.2999999999999999334 ) ;
#11317 = DIRECTION ( 'NONE',  ( -1.000000000000000000, 0.000000000000000000, 0.000000000000000000 ) ) ;
#11318 = LINE ( 'NONE', #2840, #7759 ) ;
#11319 = CARTESIAN_POINT ( 'NONE',  ( -7.296724953260062208, 3.200000000000000178, -2.297891415291845707 ) ) ;
#11320 = ORIENTED_EDGE ( 'NONE', *, *, #7159, .T. ) ;
#11321 = CARTESIAN_POINT ( 'NONE',  ( -4.046831517071759698, 3.090000000000000746, 4.046831517071677098 ) ) ;
#11322 = CARTESIAN_POINT ( 'NONE',  ( 2.291287847478249429, 8.000000000000000000, 4.999999999999848121 ) ) ;
#11323 = DIRECTION ( 'NONE',  ( 0.4918069879902069452, 0.8707042474709769664, 0.000000000000000000 ) ) ;
#11324 = EDGE_CURVE ( 'NONE', #6921, #609, #9828, .T. ) ;
#11325 = NEXT_ASSEMBLY_USAGE_OCCURRENCE ( 'NAUO1', ' ', ' ', #864, #4420, $ ) ;
#11326 = NEXT_ASSEMBLY_USAGE_OCCURRENCE ( 'NAUO2', ' ', ' ', #864, #4214, $ ) ;
#11327 = NEXT_ASSEMBLY_USAGE_OCCURRENCE ( 'NAUO3', ' ', ' ', #864, #5411, $ ) ;
#11328 = NEXT_ASSEMBLY_USAGE_OCCURRENCE ( 'NAUO4', ' ', ' ', #864, #9666, $ ) ;
#11329 = NEXT_ASSEMBLY_USAGE_OCCURRENCE ( 'NAUO5', ' ', ' ', #864, #5263, $ ) ;
ENDSEC;
END-ISO-10303-21;
