ISO-10303-21;
HEADER;
FILE_DESCRIPTION (( 'STEP AP214' ),
    '1' );
FILE_NAME ('Snap Fit Female.STEP',
    '2026-10-05T20:37:48',
    ( '' ),
    ( '' ),
    'SwSTEP 2.0',
    'SolidWorks 2023',
    '' );
FILE_SCHEMA (( 'AUTOMOTIVE_DESIGN' ));
ENDSEC;

DATA;
#1 = CARTESIAN_POINT ( 'NONE',  ( 2.435362535369395953, 8.000000000000000000, -7.252000366886309557 ) ) ;
#2 = CARTESIAN_POINT ( 'NONE',  ( 2.571963978632909598, 3.000000000000000000, 7.204686064820227109 ) ) ;
#3 = FACE_OUTER_BOUND ( 'NONE', #982, .T. ) ;
#4 = ADVANCED_FACE ( 'NONE', ( #520 ), #1736, .T. ) ;
#5 = ORIENTED_EDGE ( 'NONE', *, *, #185, .T. ) ;
#6 = CARTESIAN_POINT ( 'NONE',  ( 2.721591361078369520, 3.046643593403176808, 7.149647802037663702 ) ) ;
#7 = CARTESIAN_POINT ( 'NONE',  ( 4.500000000000000000, 7.499999999999998224, -2.179449471770337432 ) ) ;
#8 = CARTESIAN_POINT ( 'NONE',  ( -4.433344562587833160, 5.951057409446828039, -2.312024219028188554 ) ) ;
#9 = VECTOR ( 'NONE', #149, 1000.000000000000114 ) ;
#10 = CARTESIAN_POINT ( 'NONE',  ( 0.000000000000000000, 3.000000000000000000, 0.000000000000000000 ) ) ;
#11 = DIRECTION ( 'NONE',  ( -0.4876598490941760344, -0.7241379310344822073, 0.4876598490941660979 ) ) ;
#12 = ORIENTED_EDGE ( 'NONE', *, *, #989, .T. ) ;
#13 = VECTOR ( 'NONE', #598, 1000.000000000000000 ) ;
#14 = EDGE_LOOP ( 'NONE', ( #1576, #1567, #1305, #1943 ) ) ;
#15 = CARTESIAN_POINT ( 'NONE',  ( -4.046831517071719730, 3.090000000000000746, -4.046831517071717066 ) ) ;
#16 = FACE_OUTER_BOUND ( 'NONE', #553, .T. ) ;
#17 = ORIENTED_EDGE ( 'NONE', *, *, #672, .F. ) ;
#18 = DIRECTION ( 'NONE',  ( 0.000000000000000000, 0.000000000000000000, 1.000000000000000000 ) ) ;
#19 = LINE ( 'NONE', #1806, #487 ) ;
#20 = AXIS2_PLACEMENT_3D ( 'NONE', #1332, #1921, #287 ) ;
#21 = CARTESIAN_POINT ( 'NONE',  ( 5.087985294887773513, 3.021034482758621298, 2.966664951328128907 ) ) ;
#22 = EDGE_CURVE ( 'NONE', #493, #1148, #1372, .T. ) ;
#23 = CARTESIAN_POINT ( 'NONE',  ( 2.234154015110208835, 7.947084575471273560, 4.741006527942210447 ) ) ;
#24 = CARTESIAN_POINT ( 'NONE',  ( 7.261110302808396533, 3.063075121266646939, 2.408386976261426060 ) ) ;
#25 = VERTEX_POINT ( 'NONE', #1573 ) ;
#26 = CARTESIAN_POINT ( 'NONE',  ( 3.956290731841337838, 2.373921791567575657, 3.226782805549678557 ) ) ;
#27 = ORIENTED_EDGE ( 'NONE', *, *, #865, .T. ) ;
#28 = DIRECTION ( 'NONE',  ( -0.000000000000000000, -0.000000000000000000, 1.000000000000000000 ) ) ;
#29 = CIRCLE ( 'NONE', #1127, 0.1000000000000001443 ) ;
#30 = ORIENTED_EDGE ( 'NONE', *, *, #327, .T. ) ;
#31 = ADVANCED_FACE ( 'NONE', ( #222 ), #1591, .T. ) ;
#32 = CARTESIAN_POINT ( 'NONE',  ( -4.999999999999999112, 8.000000000000000000, -2.291287847478249429 ) ) ;
#33 = FACE_OUTER_BOUND ( 'NONE', #465, .T. ) ;
#34 = ORIENTED_EDGE ( 'NONE', *, *, #159, .F. ) ;
#35 = ORIENTED_EDGE ( 'NONE', *, *, #1901, .F. ) ;
#36 =( BOUNDED_CURVE ( )  B_SPLINE_CURVE ( 3, ( #1768, #1932, #1333, #1659 ),
 .UNSPECIFIED., .F., .F. ) 
 B_SPLINE_CURVE_WITH_KNOTS ( ( 4, 4 ),
 ( 5.978492653164188653, 6.587877961194983811 ),
 .UNSPECIFIED. ) 
 CURVE ( )  GEOMETRIC_REPRESENTATION_ITEM ( )  RATIONAL_B_SPLINE_CURVE ( ( 1.000000000000000000, 0.9692928009446304394, 0.9692928009446304394, 1.000000000000000000 ) ) 
 REPRESENTATION_ITEM ( '' )  );
#37 = ORIENTED_EDGE ( 'NONE', *, *, #1750, .F. ) ;
#38 = DIRECTION ( 'NONE',  ( -0.7071067811865453523, 5.273559366969486541E-17, -0.7071067811865497932 ) ) ;
#39 = AXIS2_PLACEMENT_3D ( 'NONE', #769, #1476, #1341 ) ;
#40 = LINE ( 'NONE', #609, #504 ) ;
#41 = ORIENTED_EDGE ( 'NONE', *, *, #105, .F. ) ;
#42 = DIRECTION ( 'NONE',  ( -0.000000000000000000, 1.000000000000000000, -0.000000000000000000 ) ) ;
#43 = EDGE_CURVE ( 'NONE', #666, #573, #94, .T. ) ;
#44 = DIRECTION ( 'NONE',  ( -0.7071067811865474617, 0.000000000000000000, -0.7071067811865474617 ) ) ;
#45 = ORIENTED_EDGE ( 'NONE', *, *, #1410, .F. ) ;
#46 = CARTESIAN_POINT ( 'NONE',  ( 7.248827492908197279, 3.153668633940834187, -2.444832771519089842 ) ) ;
#47 = CARTESIAN_POINT ( 'NONE',  ( -2.966664951328182642, 4.978965517241378258, 5.087985294887742427 ) ) ;
#48 = ADVANCED_FACE ( 'NONE', ( #1145 ), #1430, .T. ) ;
#49 = ORIENTED_EDGE ( 'NONE', *, *, #461, .T. ) ;
#50 = CARTESIAN_POINT ( 'NONE',  ( -4.046831517071719730, 0.000000000000000000, -4.046831517071717066 ) ) ;
#51 =( BOUNDED_CURVE ( )  B_SPLINE_CURVE ( 3, ( #1859, #1821, #1219, #518 ),
 .UNSPECIFIED., .F., .F. ) 
 B_SPLINE_CURVE_WITH_KNOTS ( ( 4, 4 ),
 ( 5.978492653164188653, 6.587877961194983811 ),
 .UNSPECIFIED. ) 
 CURVE ( )  GEOMETRIC_REPRESENTATION_ITEM ( )  RATIONAL_B_SPLINE_CURVE ( ( 1.000000000000000000, 0.9692928009446304394, 0.9692928009446304394, 1.000000000000000000 ) ) 
 REPRESENTATION_ITEM ( '' )  );
#52 = VECTOR ( 'NONE', #483, 1000.000000000000000 ) ;
#53 = CARTESIAN_POINT ( 'NONE',  ( 2.986171345291913415, 4.950000000000000178, -5.107491688851529155 ) ) ;
#54 = APPLICATION_PROTOCOL_DEFINITION ( 'draft international standard', 'automotive_design', 1998, #1809 ) ;
#55 = ORIENTED_EDGE ( 'NONE', *, *, #1552, .F. ) ;
#56 = LINE ( 'NONE', #1113, #1021 ) ;
#57 = CARTESIAN_POINT ( 'NONE',  ( 2.435362535369389292, 3.000000000000000000, -7.252000366886311333 ) ) ;
#58 = VERTEX_POINT ( 'NONE', #277 ) ;
#59 = ORIENTED_EDGE ( 'NONE', *, *, #1552, .T. ) ;
#60 = CARTESIAN_POINT ( 'NONE',  ( 4.985102807365161759, 3.200000000000000178, -4.985102807365159983 ) ) ;
#61 = ORIENTED_EDGE ( 'NONE', *, *, #541, .F. ) ;
#62 = PLANE ( 'NONE',  #678 ) ;
#63 = VECTOR ( 'NONE', #1631, 1000.000000000000000 ) ;
#64 = EDGE_CURVE ( 'NONE', #1194, #25, #1900, .T. ) ;
#65 = FACE_OUTER_BOUND ( 'NONE', #616, .T. ) ;
#66 = DIRECTION ( 'NONE',  ( 0.4876598490941728703, -0.7241379310344820963, -0.4876598490941694286 ) ) ;
#67 = DIRECTION ( 'NONE',  ( 0.7071067811865474617, 0.000000000000000000, 0.7071067811865476838 ) ) ;
#68 = CARTESIAN_POINT ( 'NONE',  ( 2.312024219028192551, 2.048942590553173293, 4.433344562587834048 ) ) ;
#69 = ORIENTED_EDGE ( 'NONE', *, *, #1126, .F. ) ;
#70 = CARTESIAN_POINT ( 'NONE',  ( 4.500000000000000000, 7.499999999999998224, 2.179449471770337432 ) ) ;
#71 = EDGE_CURVE ( 'NONE', #1520, #1086, #1767, .T. ) ;
#72 = CARTESIAN_POINT ( 'NONE',  ( -1.060660171779818750, 4.585121964646132860E-16, -1.060660171779826300 ) ) ;
#73 = EDGE_CURVE ( 'NONE', #1453, #457, #1301, .T. ) ;
#74 = AXIS2_PLACEMENT_3D ( 'NONE', #812, #1671, #67 ) ;
#75 = DIRECTION ( 'NONE',  ( 0.7071067811865563435, 0.000000000000000000, -0.7071067811865388020 ) ) ;
#76 = ORIENTED_EDGE ( 'NONE', *, *, #1635, .F. ) ;
#77 = DIRECTION ( 'NONE',  ( -0.000000000000000000, -0.000000000000000000, 1.000000000000000000 ) ) ;
#78 = ORIENTED_EDGE ( 'NONE', *, *, #687, .F. ) ;
#79 = PLANE ( 'NONE',  #1678 ) ;
#80 = CYLINDRICAL_SURFACE ( 'NONE', #939, 5.000000000000000000 ) ;
#81 = ORIENTED_EDGE ( 'NONE', *, *, #1710, .T. ) ;
#82 = EDGE_CURVE ( 'NONE', #311, #274, #889, .T. ) ;
#83 = CARTESIAN_POINT ( 'NONE',  ( -3.870068605369191950, 5.212479532407042093, 3.870068605369113790 ) ) ;
#84 = LINE ( 'NONE', #688, #476 ) ;
#85 = ORIENTED_EDGE ( 'NONE', *, *, #1455, .F. ) ;
#86 = FACE_OUTER_BOUND ( 'NONE', #908, .T. ) ;
#87 = CYLINDRICAL_SURFACE ( 'NONE', #228, 0.1000000000000001443 ) ;
#88 = LINE ( 'NONE', #692, #813 ) ;
#89 = EDGE_LOOP ( 'NONE', ( #1548, #1582, #1721, #948, #192, #234 ) ) ;
#90 = AXIS2_PLACEMENT_3D ( 'NONE', #543, #1122, #376 ) ;
#91 = LINE ( 'NONE', #1447, #355 ) ;
#92 = EDGE_CURVE ( 'NONE', #1249, #1239, #410, .T. ) ;
#93 = EDGE_LOOP ( 'NONE', ( #280, #128, #767, #1850 ) ) ;
#94 = LINE ( 'NONE', #1889, #1243 ) ;
#95 = EDGE_CURVE ( 'NONE', #168, #784, #855, .T. ) ;
#96 = VERTEX_POINT ( 'NONE', #1309 ) ;
#97 = CARTESIAN_POINT ( 'NONE',  ( -4.046831517071759698, 3.090000000000000746, 4.046831517071677098 ) ) ;
#98 = UNCERTAINTY_MEASURE_WITH_UNIT (LENGTH_MEASURE( 1.000000000000000082E-05 ), #166, 'distance_accuracy_value', 'NONE');
#99 = ORIENTED_EDGE ( 'NONE', *, *, #1615, .T. ) ;
#100 = EDGE_LOOP ( 'NONE', ( #1625, #306, #539, #1734 ) ) ;
#101 = PRODUCT_DEFINITION ( 'UNKNOWN', '', #425, #396 ) ;
#102 = EDGE_LOOP ( 'NONE', ( #1428, #1438, #1325, #1891 ) ) ;
#103 = CARTESIAN_POINT ( 'NONE',  ( 2.312024219028190775, 5.951057409446828039, 4.433344562587832272 ) ) ;
#104 = AXIS2_PLACEMENT_3D ( 'NONE', #554, #1155, #1744 ) ;
#105 = EDGE_CURVE ( 'NONE', #1655, #1602, #401, .T. ) ;
#106 = AXIS2_PLACEMENT_3D ( 'NONE', #1267, #559, #533 ) ;
#107 = PLANE ( 'NONE',  #160 ) ;
#108 = DIRECTION ( 'NONE',  ( 0.7071067811865473507, -8.049116928532377276E-17, -0.7071067811865477948 ) ) ;
#109 = DIRECTION ( 'NONE',  ( -0.000000000000000000, 1.000000000000000000, -0.000000000000000000 ) ) ;
#110 = ORIENTED_EDGE ( 'NONE', *, *, #1218, .T. ) ;
#111 = DIRECTION ( 'NONE',  ( 1.000000000000000000, 0.000000000000000000, -0.000000000000000000 ) ) ;
#112 = ADVANCED_FACE ( 'NONE', ( #1197 ), #745, .F. ) ;
#113 = DIRECTION ( 'NONE',  ( 0.7071067811865474617, 0.000000000000000000, -0.7071067811865474617 ) ) ;
#114 = CARTESIAN_POINT ( 'NONE',  ( -2.625752043686317094, 3.101480656498023958, -7.185283574223201519 ) ) ;
#115 = VERTEX_POINT ( 'NONE', #884 ) ;
#116 = DIRECTION ( 'NONE',  ( 0.7071067811865475727, -3.056747976430751789E-16, -0.7071067811865475727 ) ) ;
#117 = CARTESIAN_POINT ( 'NONE',  ( 3.018470195263254219, 3.000000000000000000, 7.029319859012494121 ) ) ;
#118 = ADVANCED_FACE ( 'NONE', ( #1330 ), #875, .T. ) ;
#119 = EDGE_CURVE ( 'NONE', #164, #58, #140, .T. ) ;
#120 = CARTESIAN_POINT ( 'NONE',  ( 0.000000000000000000, 8.000000000000000000, 0.000000000000000000 ) ) ;
#121 = TOROIDAL_SURFACE ( 'NONE', #39, 5.500000000000000000, 0.5000000000000000000 ) ;
#122 = CARTESIAN_POINT ( 'NONE',  ( 4.500000000000000000, 1.500000000000000444, 0.000000000000000000 ) ) ;
#123 = ORIENTED_EDGE ( 'NONE', *, *, #876, .T. ) ;
#124 = DIRECTION ( 'NONE',  ( 0.7071067811865474617, 0.000000000000000000, 0.7071067811865474617 ) ) ;
#125 = CARTESIAN_POINT ( 'NONE',  ( 2.279064564105349078, 6.000000000000000000, 4.400384907664990131 ) ) ;
#126 = DIRECTION ( 'NONE',  ( -0.000000000000000000, -1.000000000000000000, -0.000000000000000000 ) ) ;
#127 = VECTOR ( 'NONE', #1144, 1000.000000000000000 ) ;
#128 = ORIENTED_EDGE ( 'NONE', *, *, #763, .T. ) ;
#129 = CARTESIAN_POINT ( 'NONE',  ( -3.870068605369154202, 5.212479532407042093, -3.870068605369151538 ) ) ;
#130 = AXIS2_PLACEMENT_3D ( 'NONE', #1771, #729, #423 ) ;
#131 = EDGE_CURVE ( 'NONE', #303, #1391, #718, .T. ) ;
#132 = CARTESIAN_POINT ( 'NONE',  ( 0.000000000000000000, 8.000000000000000000, 0.000000000000000000 ) ) ;
#133 = CARTESIAN_POINT ( 'NONE',  ( 2.312024219028189886, 1.500000000000000444, 4.433344562587831383 ) ) ;
#134 = ORIENTED_EDGE ( 'NONE', *, *, #619, .F. ) ;
#135 = CARTESIAN_POINT ( 'NONE',  ( 2.986171345291913415, 3.090000000000001190, -5.107491688851530043 ) ) ;
#136 = DIRECTION ( 'NONE',  ( 0.4876598490941711495, -0.7241379310344820963, 0.4876598490941711495 ) ) ;
#137 = DIRECTION ( 'NONE',  ( 0.000000000000000000, 0.000000000000000000, -1.000000000000000000 ) ) ;
#138 = ORIENTED_EDGE ( 'NONE', *, *, #1741, .F. ) ;
#139 = DIRECTION ( 'NONE',  ( 0.000000000000000000, 0.000000000000000000, 1.000000000000000000 ) ) ;
#140 = B_SPLINE_CURVE_WITH_KNOTS ( 'NONE', 3,
 ( #117, #568, #577, #6, #1616, #1204, #267, #1753, #1178, #743 ),
 .UNSPECIFIED., .F., .F.,
 ( 4, 2, 2, 2, 4 ),
 ( 4.336808689942017736E-19, 0.0002774483335560873907, 0.0004161725003341309776, 0.0004855345837231528523, 0.0005548966671121746729 ),
 .UNSPECIFIED. ) ;
#141 = AXIS2_PLACEMENT_3D ( 'NONE', #1643, #1052, #466 ) ;
#142 = EDGE_CURVE ( 'NONE', #178, #1870, #1296, .T. ) ;
#143 = FACE_BOUND ( 'NONE', #800, .T. ) ;
#144 = ORIENTED_EDGE ( 'NONE', *, *, #856, .F. ) ;
#145 = CARTESIAN_POINT ( 'NONE',  ( 0.000000000000000000, 1.500000000000000444, 4.500000000000000000 ) ) ;
#146 = CARTESIAN_POINT ( 'NONE',  ( -5.107491688851570011, 4.950000000000000178, 2.986171345291844137 ) ) ;
#147 = ORIENTED_EDGE ( 'NONE', *, *, #735, .T. ) ;
#148 = DIRECTION ( 'NONE',  ( 0.8028956459037006610, 0.5961196035938418625, 0.000000000000000000 ) ) ;
#149 = DIRECTION ( 'NONE',  ( -0.4876598490941762565, 0.7241379310344820963, 0.4876598490941660424 ) ) ;
#150 = CARTESIAN_POINT ( 'NONE',  ( 0.000000000000000000, 8.000000000000000000, 0.000000000000000000 ) ) ;
#151 = CARTESIAN_POINT ( 'NONE',  ( -2.915460667173294329, 3.090000000000000746, 5.036781010732854114 ) ) ;
#152 = DIRECTION ( 'NONE',  ( -0.000000000000000000, 1.000000000000000000, -0.000000000000000000 ) ) ;
#153 = ORIENTED_EDGE ( 'NONE', *, *, #298, .F. ) ;
#154 = AXIS2_PLACEMENT_3D ( 'NONE', #481, #826, #1223 ) ;
#155 = ADVANCED_FACE ( 'NONE', ( #1775 ), #458, .F. ) ;
#156 = LINE ( 'NONE', #1039, #1339 ) ;
#157 = ORIENTED_EDGE ( 'NONE', *, *, #288, .T. ) ;
#158 = CARTESIAN_POINT ( 'NONE',  ( 0.000000000000000000, 1.500000000000000444, -4.500000000000000000 ) ) ;
#159 = EDGE_CURVE ( 'NONE', #184, #846, #1530, .T. ) ;
#160 = AXIS2_PLACEMENT_3D ( 'NONE', #83, #686, #607 ) ;
#161 = CARTESIAN_POINT ( 'NONE',  ( -2.179449471770337432, 7.633700821002010528, -4.499999999999998224 ) ) ;
#162 = LINE ( 'NONE', #175, #181 ) ;
#163 = DIRECTION ( 'NONE',  ( 0.7071067811865474617, 0.000000000000000000, 0.7071067811865474617 ) ) ;
#164 = VERTEX_POINT ( 'NONE', #1312 ) ;
#165 = EDGE_LOOP ( 'NONE', ( #1544, #1801, #793, #1691 ) ) ;
#166 =( LENGTH_UNIT ( ) NAMED_UNIT ( * ) SI_UNIT ( .MILLI., .METRE. ) );
#167 = CARTESIAN_POINT ( 'NONE',  ( -4.046831517071719730, 4.909999999999999254, -4.046831517071717066 ) ) ;
#168 = VERTEX_POINT ( 'NONE', #1783 ) ;
#169 = CARTESIAN_POINT ( 'NONE',  ( -4.027325123107992511, 4.978965517241379146, 4.027325123107910798 ) ) ;
#170 = DIRECTION ( 'NONE',  ( 0.7071067811865451302, -3.056747976430751789E-16, 0.7071067811865500152 ) ) ;
#171 = ADVANCED_FACE ( 'NONE', ( #1019 ), #1656, .T. ) ;
#172 = AXIS2_PLACEMENT_3D ( 'NONE', #1284, #538, #707 ) ;
#173 = DIRECTION ( 'NONE',  ( 0.000000000000000000, 0.000000000000000000, 1.000000000000000000 ) ) ;
#174 = VERTEX_POINT ( 'NONE', #1646 ) ;
#175 = CARTESIAN_POINT ( 'NONE',  ( -2.435362535369391956, 3.200000000000000178, 7.252000366886309557 ) ) ;
#176 = CARTESIAN_POINT ( 'NONE',  ( -4.027325123107952543, 4.978965517241379146, -4.027325123107949878 ) ) ;
#177 = ORIENTED_EDGE ( 'NONE', *, *, #415, .T. ) ;
#178 = VERTEX_POINT ( 'NONE', #1909 ) ;
#179 = DIRECTION ( 'NONE',  ( 0.000000000000000000, 1.000000000000000000, 0.000000000000000000 ) ) ;
#180 = VERTEX_POINT ( 'NONE', #307 ) ;
#181 = VECTOR ( 'NONE', #1701, 1000.000000000000000 ) ;
#182 = DIRECTION ( 'NONE',  ( 0.4876598490941728148, 0.7241379310344824294, -0.4876598490941689845 ) ) ;
#183 = CARTESIAN_POINT ( 'NONE',  ( -5.078412917506967439, 3.200000000000000178, -4.890012498889791281 ) ) ;
#184 = VERTEX_POINT ( 'NONE', #733 ) ;
#185 = EDGE_CURVE ( 'NONE', #883, #1177, #1442, .T. ) ;
#186 = CARTESIAN_POINT ( 'NONE',  ( -2.435362535369392845, 3.000000000000000000, 7.252000366886310445 ) ) ;
#187 = FACE_OUTER_BOUND ( 'NONE', #1266, .T. ) ;
#188 = EDGE_LOOP ( 'NONE', ( #704, #1532, #27, #12, #325, #739 ) ) ;
#189 = ORIENTED_EDGE ( 'NONE', *, *, #848, .T. ) ;
#190 = CARTESIAN_POINT ( 'NONE',  ( 7.239573367979934559, 3.116536647565487428, -2.472101282769616493 ) ) ;
#191 = CARTESIAN_POINT ( 'NONE',  ( 2.545165380528044974, 3.063075121266646494, -7.214304113546741171 ) ) ;
#192 = ORIENTED_EDGE ( 'NONE', *, *, #1710, .F. ) ;
#193 = LINE ( 'NONE', #1237, #52 ) ;
#194 = AXIS2_PLACEMENT_3D ( 'NONE', #60, #1431, #1863 ) ;
#195 = FACE_OUTER_BOUND ( 'NONE', #188, .T. ) ;
#196 = PRODUCT ( 'Snap Fit Female', 'Snap Fit Female', '', ( #683 ) ) ;
#197 = ORIENTED_EDGE ( 'NONE', *, *, #751, .F. ) ;
#198 = LINE ( 'NONE', #186, #1938 ) ;
#199 = CARTESIAN_POINT ( 'NONE',  ( 7.171856393899841642, 3.000000000000000000, 2.663767322733572751 ) ) ;
#200 = ADVANCED_FACE ( 'NONE', ( #1479 ), #909, .T. ) ;
#201 = ORIENTED_EDGE ( 'NONE', *, *, #1062, .T. ) ;
#202 = ORIENTED_EDGE ( 'NONE', *, *, #1498, .F. ) ;
#203 = FACE_BOUND ( 'NONE', #657, .T. ) ;
#204 = CARTESIAN_POINT ( 'NONE',  ( 2.312024219028202765, 1.500000000000000888, -4.433344562587824278 ) ) ;
#205 = ORIENTED_EDGE ( 'NONE', *, *, #1410, .T. ) ;
#206 = CARTESIAN_POINT ( 'NONE',  ( 5.087985294887772625, 4.978965517241379146, 2.966664951328128907 ) ) ;
#207 = DIRECTION ( 'NONE',  ( 1.000000000000000000, -0.000000000000000000, 0.000000000000000000 ) ) ;
#208 = CARTESIAN_POINT ( 'NONE',  ( -2.915460667173242815, 3.090000000000000746, -5.036781010732885200 ) ) ;
#209 = VECTOR ( 'NONE', #386, 1000.000000000000114 ) ;
#210 = VECTOR ( 'NONE', #108, 1000.000000000000000 ) ;
#211 = CARTESIAN_POINT ( 'NONE',  ( -2.312024219028235184, 5.951057409446828039, 4.433344562587808291 ) ) ;
#212 = DIRECTION ( 'NONE',  ( 0.000000000000000000, 0.000000000000000000, -1.000000000000000000 ) ) ;
#213 = CARTESIAN_POINT ( 'NONE',  ( 7.120239627063077670, 2.999999999999999556, -2.798815421262988767 ) ) ;
#214 = CARTESIAN_POINT ( 'NONE',  ( -5.087985294887802823, 3.021034482758620854, 2.966664951328077393 ) ) ;
#215 = ORIENTED_EDGE ( 'NONE', *, *, #672, .T. ) ;
#216 = EDGE_CURVE ( 'NONE', #1870, #1186, #1090, .T. ) ;
#217 = LINE ( 'NONE', #663, #1539 ) ;
#218 = CARTESIAN_POINT ( 'NONE',  ( 0.000000000000000000, 0.000000000000000000, 0.000000000000000000 ) ) ;
#219 = ORIENTED_EDGE ( 'NONE', *, *, #632, .T. ) ;
#220 = FACE_BOUND ( 'NONE', #1789, .T. ) ;
#221 = ORIENTED_EDGE ( 'NONE', *, *, #725, .F. ) ;
#222 = FACE_OUTER_BOUND ( 'NONE', #1580, .T. ) ;
#223 = FACE_OUTER_BOUND ( 'NONE', #532, .T. ) ;
#224 = CARTESIAN_POINT ( 'NONE',  ( 0.000000000000000000, 8.000000000000000000, -7.650000000000000355 ) ) ;
#225 = ORIENTED_EDGE ( 'NONE', *, *, #1893, .F. ) ;
#226 = DIRECTION ( 'NONE',  ( -0.000000000000000000, 1.000000000000000000, -0.000000000000000000 ) ) ;
#227 = EDGE_CURVE ( 'NONE', #457, #1870, #417, .T. ) ;
#228 = AXIS2_PLACEMENT_3D ( 'NONE', #1175, #567, #1164 ) ;
#229 = CARTESIAN_POINT ( 'NONE',  ( 7.138355639750680659, 3.000000000000000000, 2.750705138767090663 ) ) ;
#230 = ORIENTED_EDGE ( 'NONE', *, *, #22, .F. ) ;
#231 = VECTOR ( 'NONE', #590, 1000.000000000000114 ) ;
#232 = CARTESIAN_POINT ( 'NONE',  ( 0.000000000000000000, 7.500000000000000000, 0.000000000000000000 ) ) ;
#233 = DIRECTION ( 'NONE',  ( 2.803295164711174453E-15, 0.5961196035938423066, -0.8028956459037004390 ) ) ;
#234 = ORIENTED_EDGE ( 'NONE', *, *, #1578, .T. ) ;
#235 = CYLINDRICAL_SURFACE ( 'NONE', #419, 7.650000000000000355 ) ;
#236 = CIRCLE ( 'NONE', #1486, 0.09999999999999982514 ) ;
#237 = CARTESIAN_POINT ( 'NONE',  ( -5.036781010732885200, 4.909999999999999254, -2.915460667173241482 ) ) ;
#238 = EDGE_CURVE ( 'NONE', #851, #666, #252, .T. ) ;
#239 = ORIENTED_EDGE ( 'NONE', *, *, #1698, .F. ) ;
#240 = EDGE_CURVE ( 'NONE', #1896, #827, #782, .T. ) ;
#241 = CARTESIAN_POINT ( 'NONE',  ( 3.226782805549691879, 2.373921791567574324, -3.956290731841326735 ) ) ;
#242 = ORIENTED_EDGE ( 'NONE', *, *, #1827, .F. ) ;
#243 = ORIENTED_EDGE ( 'NONE', *, *, #1258, .T. ) ;
#244 = VECTOR ( 'NONE', #1930, 1000.000000000000000 ) ;
#245 = EDGE_LOOP ( 'NONE', ( #1510, #1398, #1111, #1746 ) ) ;
#246 = FACE_OUTER_BOUND ( 'NONE', #93, .T. ) ;
#247 = ORIENTED_EDGE ( 'NONE', *, *, #717, .F. ) ;
#248 =( BOUNDED_CURVE ( )  B_SPLINE_CURVE ( 3, ( #1226, #651, #1358, #8 ),
 .UNSPECIFIED., .F., .T. ) 
 B_SPLINE_CURVE_WITH_KNOTS ( ( 4, 4 ),
 ( 2.836899999574395981, 3.446285307605190251 ),
 .UNSPECIFIED. ) 
 CURVE ( )  GEOMETRIC_REPRESENTATION_ITEM ( )  RATIONAL_B_SPLINE_CURVE ( ( 1.000000000000000000, 0.9692928009446305504, 0.9692928009446305504, 1.000000000000000000 ) ) 
 REPRESENTATION_ITEM ( '' )  );
#249 = DIRECTION ( 'NONE',  ( -0.7071067811865474617, 0.000000000000000000, -0.7071067811865474617 ) ) ;
#250 = EDGE_CURVE ( 'NONE', #1812, #633, #513, .T. ) ;
#251 = VECTOR ( 'NONE', #776, 1000.000000000000000 ) ;
#252 = B_SPLINE_CURVE_WITH_KNOTS ( 'NONE', 3,
 ( #1042, #1633, #1195, #1355, #1009, #1536, #1696, #1842, #1414, #771 ),
 .UNSPECIFIED., .F., .F.,
 ( 4, 2, 2, 2, 4 ),
 ( 0.000000000000000000, 7.024607880191381085E-05, 0.0001404921576038276217, 0.0002809843152076559481, 0.0005619686304153131973 ),
 .UNSPECIFIED. ) ;
#253 = ORIENTED_EDGE ( 'NONE', *, *, #1483, .T. ) ;
#254 = PRESENTATION_STYLE_ASSIGNMENT (( #1604 ) ) ;
#255 = DIRECTION ( 'NONE',  ( -0.7071067811865474617, -0.000000000000000000, -0.7071067811865476838 ) ) ;
#256 = DIRECTION ( 'NONE',  ( 0.000000000000000000, 0.000000000000000000, 1.000000000000000000 ) ) ;
#257 = CARTESIAN_POINT ( 'NONE',  ( -2.179449471770337432, 8.000000000000000000, 4.999999999999999112 ) ) ;
#258 = EDGE_CURVE ( 'NONE', #837, #1877, #1490, .T. ) ;
#259 = CARTESIAN_POINT ( 'NONE',  ( -7.153438812664350444, 3.008506057664686484, 2.712730372333567175 ) ) ;
#260 = VERTEX_POINT ( 'NONE', #1102 ) ;
#261 = CARTESIAN_POINT ( 'NONE',  ( -7.085102807365159627, 3.000000000000000000, 2.885102807365165223 ) ) ;
#262 = LINE ( 'NONE', #413, #888 ) ;
#263 = CARTESIAN_POINT ( 'NONE',  ( 2.279064564105362400, 2.000000000000000444, -4.400384907664983913 ) ) ;
#264 = ORIENTED_EDGE ( 'NONE', *, *, #1882, .T. ) ;
#265 = DIRECTION ( 'NONE',  ( 0.4876598490941707609, 0.7241379310344824294, 0.4876598490941710939 ) ) ;
#266 = LINE ( 'NONE', #384, #1817 ) ;
#267 = CARTESIAN_POINT ( 'NONE',  ( 2.608461341437267933, 3.116536647565486984, 7.191567056828626292 ) ) ;
#268 = EDGE_CURVE ( 'NONE', #164, #1018, #644, .T. ) ;
#269 = CARTESIAN_POINT ( 'NONE',  ( -4.871246803257019309, 8.000000000000001776, -2.263182533822205134 ) ) ;
#270 = AXIS2_PLACEMENT_3D ( 'NONE', #932, #1688, #1647 ) ;
#271 = CARTESIAN_POINT ( 'NONE',  ( 4.433344562587839377, 5.951057409446828039, -2.312024219028175231 ) ) ;
#272 = EDGE_LOOP ( 'NONE', ( #1385, #41, #1294, #1228, #1064, #1354, #295, #802, #1699, #1388, #76, #1214, #1680, #1681, #1874, #1263 ) ) ;
#273 = CARTESIAN_POINT ( 'NONE',  ( -4.934344465946485236, 3.000000000000000000, -4.751288740056038407 ) ) ;
#274 = VERTEX_POINT ( 'NONE', #1805 ) ;
#275 = CARTESIAN_POINT ( 'NONE',  ( 4.027325123107952543, 4.978965517241379146, 4.027325123107949878 ) ) ;
#276 = EDGE_CURVE ( 'NONE', #503, #1861, #1666, .T. ) ;
#277 = CARTESIAN_POINT ( 'NONE',  ( 2.571963978632909598, 3.200000000000000178, 7.204686064820227109 ) ) ;
#278 = DIRECTION ( 'NONE',  ( 0.000000000000000000, 0.000000000000000000, 1.000000000000000000 ) ) ;
#279 = CYLINDRICAL_SURFACE ( 'NONE', #1669, 5.000000000000000000 ) ;
#280 = ORIENTED_EDGE ( 'NONE', *, *, #450, .T. ) ;
#281 = DIRECTION ( 'NONE',  ( -0.4876598490941712050, -0.7241379310344822073, -0.4876598490941709274 ) ) ;
#282 = LINE ( 'NONE', #892, #650 ) ;
#283 = ORIENTED_EDGE ( 'NONE', *, *, #450, .F. ) ;
#284 = CARTESIAN_POINT ( 'NONE',  ( 0.000000000000000000, 0.000000000000000000, 0.000000000000000000 ) ) ;
#285 = EDGE_CURVE ( 'NONE', #851, #1194, #193, .T. ) ;
#286 = CIRCLE ( 'NONE', #550, 0.1000000000000001443 ) ;
#287 = DIRECTION ( 'NONE',  ( 0.000000000000000000, 0.000000000000000000, 1.000000000000000000 ) ) ;
#288 = EDGE_CURVE ( 'NONE', #1078, #827, #1079, .T. ) ;
#289 = LINE ( 'NONE', #746, #13 ) ;
#290 = DIRECTION ( 'NONE',  ( 0.000000000000000000, 0.000000000000000000, -1.000000000000000000 ) ) ;
#291 = EDGE_LOOP ( 'NONE', ( #1466, #1555, #1590, #49 ) ) ;
#292 = DIRECTION ( 'NONE',  ( 0.000000000000000000, 0.000000000000000000, 1.000000000000000000 ) ) ;
#293 = DIRECTION ( 'NONE',  ( 0.000000000000000000, 1.000000000000000000, 0.000000000000000000 ) ) ;
#294 = CARTESIAN_POINT ( 'NONE',  ( -1.045004651996037648, -1.407485477710246791, 1.045004651996016554 ) ) ;
#295 = ORIENTED_EDGE ( 'NONE', *, *, #1495, .T. ) ;
#296 = CARTESIAN_POINT ( 'NONE',  ( 0.000000000000000000, 7.500000000000000000, 0.000000000000000000 ) ) ;
#297 = LINE ( 'NONE', #618, #341 ) ;
#298 = EDGE_CURVE ( 'NONE', #1812, #1148, #1830, .T. ) ;
#299 = VECTOR ( 'NONE', #255, 1000.000000000000000 ) ;
#300 = CARTESIAN_POINT ( 'NONE',  ( 2.279064564105349078, 2.000000000000000444, 4.400384907664990131 ) ) ;
#301 = DIRECTION ( 'NONE',  ( 0.000000000000000000, 0.000000000000000000, 1.000000000000000000 ) ) ;
#302 = EDGE_CURVE ( 'NONE', #453, #883, #329, .T. ) ;
#303 = VERTEX_POINT ( 'NONE', #206 ) ;
#304 = EDGE_LOOP ( 'NONE', ( #1142, #1906, #937, #1673 ) ) ;
#305 = CARTESIAN_POINT ( 'NONE',  ( 2.291287847478249429, 8.000000000000000000, 4.999999999999848121 ) ) ;
#306 = ORIENTED_EDGE ( 'NONE', *, *, #276, .F. ) ;
#307 = CARTESIAN_POINT ( 'NONE',  ( -4.500000000000000000, 7.499999999999998224, 2.179449471770337432 ) ) ;
#308 = CARTESIAN_POINT ( 'NONE',  ( 5.087985294887782395, 4.978965517241380034, -2.966664951328113364 ) ) ;
#309 = CYLINDRICAL_SURFACE ( 'NONE', #779, 0.5000000000000004441 ) ;
#310 = CARTESIAN_POINT ( 'NONE',  ( -2.721591361078370852, 3.046643593403176808, -7.149647802037665478 ) ) ;
#311 = VERTEX_POINT ( 'NONE', #1705 ) ;
#312 = ORIENTED_EDGE ( 'NONE', *, *, #1687, .T. ) ;
#313 = AXIS2_PLACEMENT_3D ( 'NONE', #1513, #1028, #1489 ) ;
#314 = DIRECTION ( 'NONE',  ( 0.6936187941687647074, 0.000000000000000000, -0.7203422578024066825 ) ) ;
#315 = ADVANCED_FACE ( 'NONE', ( #761 ), #62, .T. ) ;
#316 = DIRECTION ( 'NONE',  ( 3.552713678800500929E-15, 0.000000000000000000, 1.000000000000000000 ) ) ;
#317 = ORIENTED_EDGE ( 'NONE', *, *, #1196, .T. ) ;
#318 = CARTESIAN_POINT ( 'NONE',  ( 5.107491688851549583, 3.089999999999999858, -2.986171345291879664 ) ) ;
#319 = DIRECTION ( 'NONE',  ( 0.4876598490941728703, 0.7241379310344820963, -0.4876598490941694286 ) ) ;
#320 = VECTOR ( 'NONE', #182, 1000.000000000000227 ) ;
#321 = DIRECTION ( 'NONE',  ( 0.000000000000000000, 0.000000000000000000, 1.000000000000000000 ) ) ;
#322 = CARTESIAN_POINT ( 'NONE',  ( 4.999999999999999112, 8.000000000000000000, 2.291287847478249429 ) ) ;
#323 = VERTEX_POINT ( 'NONE', #1245 ) ;
#324 = VECTOR ( 'NONE', #28, 1000.000000000000000 ) ;
#325 = ORIENTED_EDGE ( 'NONE', *, *, #699, .F. ) ;
#326 = CARTESIAN_POINT ( 'NONE',  ( 2.435362535369389292, 3.200000000000000178, -7.252000366886311333 ) ) ;
#327 = EDGE_CURVE ( 'NONE', #614, #748, #1366, .T. ) ;
#328 = ORIENTED_EDGE ( 'NONE', *, *, #359, .F. ) ;
#329 = LINE ( 'NONE', #351, #801 ) ;
#330 = EDGE_CURVE ( 'NONE', #626, #1553, #794, .T. ) ;
#331 = AXIS2_PLACEMENT_3D ( 'NONE', #284, #1187, #429 ) ;
#332 = CARTESIAN_POINT ( 'NONE',  ( -2.291287847478249429, 8.000000000000000000, -4.999999999999848121 ) ) ;
#333 = ORIENTED_EDGE ( 'NONE', *, *, #1356, .T. ) ;
#334 = CARTESIAN_POINT ( 'NONE',  ( -4.999999999999999112, 8.000000000000000000, 2.291287847478249429 ) ) ;
#335 = CARTESIAN_POINT ( 'NONE',  ( -3.956290731841368036, 5.626078208432424788, 3.226782805549640365 ) ) ;
#336 = ORIENTED_EDGE ( 'NONE', *, *, #570, .T. ) ;
#337 = ORIENTED_EDGE ( 'NONE', *, *, #563, .F. ) ;
#338 = FACE_OUTER_BOUND ( 'NONE', #1108, .T. ) ;
#339 = ORIENTED_EDGE ( 'NONE', *, *, #713, .T. ) ;
#340 = DIRECTION ( 'NONE',  ( -0.8028956459037004390, 0.5961196035938423066, 0.000000000000000000 ) ) ;
#341 = VECTOR ( 'NONE', #319, 1000.000000000000114 ) ;
#342 = CARTESIAN_POINT ( 'NONE',  ( 2.915460667173242815, 3.090000000000000746, 5.036781010732885200 ) ) ;
#343 = EDGE_CURVE ( 'NONE', #1177, #486, #494, .T. ) ;
#344 = EDGE_LOOP ( 'NONE', ( #1524, #1283, #966, #752 ) ) ;
#345 = CARTESIAN_POINT ( 'NONE',  ( -2.291287847478249429, 8.000000000000000000, -4.999999999999848121 ) ) ;
#346 = CARTESIAN_POINT ( 'NONE',  ( 7.293768092963841099, 3.153845617810560942, 2.307304989425264186 ) ) ;
#347 = ORIENTED_EDGE ( 'NONE', *, *, #1757, .T. ) ;
#348 =( NAMED_UNIT ( * ) PLANE_ANGLE_UNIT ( ) SI_UNIT ( $, .RADIAN. ) );
#349 = CARTESIAN_POINT ( 'NONE',  ( -2.915460667173294773, 4.909999999999999254, 5.036781010732853225 ) ) ;
#350 = ORIENTED_EDGE ( 'NONE', *, *, #1167, .F. ) ;
#351 = CARTESIAN_POINT ( 'NONE',  ( 4.027325123107952543, 3.021034482758621298, 4.027325123107949878 ) ) ;
#352 = AXIS2_PLACEMENT_3D ( 'NONE', #1085, #500, #1405 ) ;
#353 = PLANE ( 'NONE',  #1060 ) ;
#354 = ORIENTED_EDGE ( 'NONE', *, *, #850, .T. ) ;
#355 = VECTOR ( 'NONE', #1888, 1000.000000000000000 ) ;
#356 = ADVANCED_FACE ( 'NONE', ( #363 ), #961, .F. ) ;
#357 = CARTESIAN_POINT ( 'NONE',  ( 4.999999999999999112, 7.500000000000000000, 0.000000000000000000 ) ) ;
#358 = CARTESIAN_POINT ( 'NONE',  ( -4.433344562587855364, 5.951057409446828927, 2.312024219028143701 ) ) ;
#359 = EDGE_CURVE ( 'NONE', #178, #806, #1068, .T. ) ;
#360 = DIRECTION ( 'NONE',  ( 0.000000000000000000, -1.000000000000000000, 0.000000000000000000 ) ) ;
#361 = CIRCLE ( 'NONE', #1733, 5.000000000000000000 ) ;
#362 = VERTEX_POINT ( 'NONE', #1722 ) ;
#363 = FACE_OUTER_BOUND ( 'NONE', #245, .T. ) ;
#364 = B_SPLINE_CURVE_WITH_KNOTS ( 'NONE', 3,
 ( #1933, #747, #1660, #310, #737, #114, #870, #1497, #1036, #572 ),
 .UNSPECIFIED., .F., .F.,
 ( 4, 2, 2, 2, 4 ),
 ( 8.673617379884035472E-19, 0.0002774483335560882580, 0.0004161725003341315739, 0.0004855345837231535571, 0.0005548966671121755402 ),
 .UNSPECIFIED. ) ;
#365 = LINE ( 'NONE', #1585, #1412 ) ;
#366 = ORIENTED_EDGE ( 'NONE', *, *, #785, .F. ) ;
#367 = CYLINDRICAL_SURFACE ( 'NONE', #1285, 5.000000000000000000 ) ;
#368 = ADVANCED_FACE ( 'NONE', ( #1277 ), #79, .F. ) ;
#369 = CYLINDRICAL_SURFACE ( 'NONE', #484, 0.1000000000000001443 ) ;
#370 = ORIENTED_EDGE ( 'NONE', *, *, #886, .F. ) ;
#371 = CARTESIAN_POINT ( 'NONE',  ( -3.018470195263256439, 3.000000000000000000, -7.029319859012494121 ) ) ;
#372 = ADVANCED_FACE ( 'NONE', ( #246 ), #987, .T. ) ;
#373 = LINE ( 'NONE', #969, #1032 ) ;
#374 = ORIENTED_EDGE ( 'NONE', *, *, #1901, .T. ) ;
#375 = PLANE ( 'NONE',  #106 ) ;
#376 = DIRECTION ( 'NONE',  ( 0.8028956459037004390, 0.5961196035938423066, 0.000000000000000000 ) ) ;
#377 = VECTOR ( 'NONE', #798, 1000.000000000000000 ) ;
#378 = ORIENTED_EDGE ( 'NONE', *, *, #1031, .T. ) ;
#379 = CARTESIAN_POINT ( 'NONE',  ( -2.444718554847590486, 3.153845617810561386, 7.248866152423289577 ) ) ;
#380 = ORIENTED_EDGE ( 'NONE', *, *, #1750, .T. ) ;
#381 = ORIENTED_EDGE ( 'NONE', *, *, #43, .F. ) ;
#382 = DIRECTION ( 'NONE',  ( 0.7071067811865497932, 0.000000000000000000, -0.7071067811865453523 ) ) ;
#383 = EDGE_CURVE ( 'NONE', #498, #1453, #1674, .T. ) ;
#384 = CARTESIAN_POINT ( 'NONE',  ( 4.046831517071730389, 3.089999999999999858, -4.046831517071705520 ) ) ;
#385 = AXIS2_PLACEMENT_3D ( 'NONE', #1762, #907, #1928 ) ;
#386 = DIRECTION ( 'NONE',  ( -0.6936187941687647074, -0.000000000000000000, 0.7203422578024066825 ) ) ;
#387 = ORIENTED_EDGE ( 'NONE', *, *, #838, .T. ) ;
#388 = CARTESIAN_POINT ( 'NONE',  ( -2.489362245493005776, 3.101558808504982334, 7.233668728588426688 ) ) ;
#389 = TOROIDAL_SURFACE ( 'NONE', #1480, 5.500000000000000000, 0.5000000000000000000 ) ;
#390 = ORIENTED_EDGE ( 'NONE', *, *, #285, .T. ) ;
#391 = ORIENTED_EDGE ( 'NONE', *, *, #1356, .F. ) ;
#392 = DIRECTION ( 'NONE',  ( -1.000000000000000000, 0.000000000000000000, 0.000000000000000000 ) ) ;
#393 = AXIS2_PLACEMENT_3D ( 'NONE', #1703, #179, #1222 ) ;
#394 = VECTOR ( 'NONE', #637, 1000.000000000000000 ) ;
#395 = CARTESIAN_POINT ( 'NONE',  ( 2.179449471770337432, 7.500000000000000000, 4.500000000000000000 ) ) ;
#396 = PRODUCT_DEFINITION_CONTEXT ( 'detailed design', #1809, 'design' ) ;
#397 = EDGE_CURVE ( 'NONE', #443, #457, #361, .T. ) ;
#398 = ORIENTED_EDGE ( 'NONE', *, *, #1624, .T. ) ;
#399 = FACE_OUTER_BOUND ( 'NONE', #1136, .T. ) ;
#400 = CARTESIAN_POINT ( 'NONE',  ( 0.000000000000000000, 1.500000000000000444, 0.000000000000000000 ) ) ;
#401 = CIRCLE ( 'NONE', #991, 7.650000000000000355 ) ;
#402 = CARTESIAN_POINT ( 'NONE',  ( -7.199799341529544705, 3.046643593403177697, 2.586003223429774955 ) ) ;
#403 = ORIENTED_EDGE ( 'NONE', *, *, #788, .F. ) ;
#404 = SURFACE_SIDE_STYLE ('',( #1738 ) ) ;
#405 = PLANE ( 'NONE',  #897 ) ;
#406 = VECTOR ( 'NONE', #293, 1000.000000000000000 ) ;
#407 = ADVANCED_FACE ( 'NONE', ( #978 ), #1875, .T. ) ;
#408 = CIRCLE ( 'NONE', #999, 0.1000000000000001443 ) ;
#409 = FACE_OUTER_BOUND ( 'NONE', #1672, .T. ) ;
#410 = LINE ( 'NONE', #257, #1121 ) ;
#411 = CARTESIAN_POINT ( 'NONE',  ( -4.433344562587834048, 2.048942590553171961, -2.312024219028189886 ) ) ;
#412 = ORIENTED_EDGE ( 'NONE', *, *, #1246, .T. ) ;
#413 = CARTESIAN_POINT ( 'NONE',  ( -4.027325123107952543, 3.021034482758621298, -4.027325123107949878 ) ) ;
#414 = VECTOR ( 'NONE', #467, 1000.000000000000000 ) ;
#415 = EDGE_CURVE ( 'NONE', #1640, #1244, #1766, .T. ) ;
#416 = CARTESIAN_POINT ( 'NONE',  ( 4.985102807365161759, 3.000000000000000000, -4.985102807365159983 ) ) ;
#417 = LINE ( 'NONE', #753, #244 ) ;
#418 =( GEOMETRIC_REPRESENTATION_CONTEXT ( 3 ) GLOBAL_UNCERTAINTY_ASSIGNED_CONTEXT ( ( #694 ) ) GLOBAL_UNIT_ASSIGNED_CONTEXT ( ( #1306, #592, #574 ) ) REPRESENTATION_CONTEXT ( 'NONE', 'WORKASPACE' ) );
#419 = AXIS2_PLACEMENT_3D ( 'NONE', #834, #1158, #1425 ) ;
#420 = CARTESIAN_POINT ( 'NONE',  ( -4.555813038156334649, 7.763936109177590694, -2.192316302326503763 ) ) ;
#421 = DIRECTION ( 'NONE',  ( -2.803295164711175242E-15, 0.5961196035938418625, 0.8028956459037006610 ) ) ;
#422 = ORIENTED_EDGE ( 'NONE', *, *, #687, .T. ) ;
#423 = DIRECTION ( 'NONE',  ( -0.7071067811865474617, 0.000000000000000000, -0.7071067811865474617 ) ) ;
#424 = DIRECTION ( 'NONE',  ( 0.000000000000000000, 0.000000000000000000, 1.000000000000000000 ) ) ;
#425 = PRODUCT_DEFINITION_FORMATION_WITH_SPECIFIED_SOURCE ( 'ANY', '', #196, .NOT_KNOWN. ) ;
#426 = EDGE_CURVE ( 'NONE', #775, #1864, #1714, .T. ) ;
#427 = CARTESIAN_POINT ( 'NONE',  ( -3.976120838953103753, 4.909999999999999254, 3.976120838953022929 ) ) ;
#428 = EDGE_LOOP ( 'NONE', ( #317, #558, #679, #347, #1221, #1478 ) ) ;
#429 = DIRECTION ( 'NONE',  ( 0.000000000000000000, 0.000000000000000000, 1.000000000000000000 ) ) ;
#430 = DIRECTION ( 'NONE',  ( -0.7071067811865401342, -3.056747976430751789E-16, -0.7071067811865550112 ) ) ;
#431 = CIRCLE ( 'NONE', #1905, 7.650000000000000355 ) ;
#432 = LINE ( 'NONE', #1024, #231 ) ;
#433 = CARTESIAN_POINT ( 'NONE',  ( 1.060660171779816974, 0.000000000000000000, 1.060660171779824301 ) ) ;
#434 = CARTESIAN_POINT ( 'NONE',  ( 4.433344562587833160, 5.951057409446828039, 2.312024219028188554 ) ) ;
#435 = DIRECTION ( 'NONE',  ( 1.000000000000000000, 0.000000000000000000, 0.000000000000000000 ) ) ;
#436 = ADVANCED_FACE ( 'NONE', ( #817 ), #375, .F. ) ;
#437 = ORIENTED_EDGE ( 'NONE', *, *, #1831, .F. ) ;
#438 = DIRECTION ( 'NONE',  ( 0.7071067811865474617, 0.000000000000000000, 0.7071067811865474617 ) ) ;
#439 = ADVANCED_FACE ( 'NONE', ( #86 ), #235, .T. ) ;
#440 = DIRECTION ( 'NONE',  ( 0.000000000000000000, 0.000000000000000000, -1.000000000000000000 ) ) ;
#441 = VECTOR ( 'NONE', #109, 1000.000000000000000 ) ;
#442 = CARTESIAN_POINT ( 'NONE',  ( 2.179449471770337432, 7.499999999999998224, -4.500000000000000000 ) ) ;
#443 = VERTEX_POINT ( 'NONE', #710 ) ;
#444 = CARTESIAN_POINT ( 'NONE',  ( 4.500000000000000000, 1.500000000000000444, -2.179449471770337432 ) ) ;
#445 = LINE ( 'NONE', #167, #990 ) ;
#446 =( BOUNDED_CURVE ( )  B_SPLINE_CURVE ( 3, ( #358, #335, #1702, #211 ),
 .UNSPECIFIED., .F., .F. ) 
 B_SPLINE_CURVE_WITH_KNOTS ( ( 4, 4 ),
 ( 2.836899999574395981, 3.446285307605190251 ),
 .UNSPECIFIED. ) 
 CURVE ( )  GEOMETRIC_REPRESENTATION_ITEM ( )  RATIONAL_B_SPLINE_CURVE ( ( 1.000000000000000000, 0.9692928009446305504, 0.9692928009446305504, 1.000000000000000000 ) ) 
 REPRESENTATION_ITEM ( '' )  );
#447 = FACE_OUTER_BOUND ( 'NONE', #1514, .T. ) ;
#448 = EDGE_LOOP ( 'NONE', ( #59, #1083, #1363, #582 ) ) ;
#449 = CARTESIAN_POINT ( 'NONE',  ( 5.036781010732885200, 3.090000000000000746, 2.915460667173241038 ) ) ;
#450 = EDGE_CURVE ( 'NONE', #1148, #1186, #971, .T. ) ;
#451 = TOROIDAL_SURFACE ( 'NONE', #712, 5.500000000000000000, 0.5000000000000000000 ) ;
#452 = FACE_BOUND ( 'NONE', #1632, .T. ) ;
#453 = VERTEX_POINT ( 'NONE', #690 ) ;
#454 = ORIENTED_EDGE ( 'NONE', *, *, #1193, .F. ) ;
#455 = DIRECTION ( 'NONE',  ( -0.7071067811865473507, -8.049116928532377276E-17, 0.7071067811865477948 ) ) ;
#456 = LINE ( 'NONE', #146, #1135 ) ;
#457 = VERTEX_POINT ( 'NONE', #70 ) ;
#458 = CYLINDRICAL_SURFACE ( 'NONE', #684, 0.1000000000000001305 ) ;
#459 = CARTESIAN_POINT ( 'NONE',  ( -4.400384907665015000, 2.000000000000000444, 2.279064564105303337 ) ) ;
#460 = CARTESIAN_POINT ( 'NONE',  ( 0.000000000000000000, 1.500000000000000444, 0.000000000000000000 ) ) ;
#461 = EDGE_CURVE ( 'NONE', #695, #1131, #1287, .T. ) ;
#462 = DIRECTION ( 'NONE',  ( 0.000000000000000000, 1.000000000000000000, 0.000000000000000000 ) ) ;
#463 = LINE ( 'NONE', #1335, #910 ) ;
#464 = EDGE_LOOP ( 'NONE', ( #1694, #412, #833, #1588 ) ) ;
#465 = EDGE_LOOP ( 'NONE', ( #1293, #1271 ) ) ;
#466 = DIRECTION ( 'NONE',  ( 0.000000000000000000, 0.000000000000000000, 1.000000000000000000 ) ) ;
#467 = DIRECTION ( 'NONE',  ( -0.000000000000000000, 1.000000000000000000, -0.000000000000000000 ) ) ;
#468 = VERTEX_POINT ( 'NONE', #828 ) ;
#469 = DIRECTION ( 'NONE',  ( 0.000000000000000000, 1.000000000000000000, -0.000000000000000000 ) ) ;
#470 = CARTESIAN_POINT ( 'NONE',  ( 2.915460667173259246, 4.910000000000000142, -5.036781010732874542 ) ) ;
#471 = DIRECTION ( 'NONE',  ( 0.7071067811865474617, 0.000000000000000000, 0.7071067811865474617 ) ) ;
#472 = CARTESIAN_POINT ( 'NONE',  ( -4.741034782807846071, 7.947103280109118373, 2.234160359978236254 ) ) ;
#473 = CARTESIAN_POINT ( 'NONE',  ( 0.000000000000000000, 8.000000000000000000, 0.000000000000000000 ) ) ;
#474 = EDGE_LOOP ( 'NONE', ( #1419, #789, #890, #378, #960, #205 ) ) ;
#475 = ORIENTED_EDGE ( 'NONE', *, *, #788, .T. ) ;
#476 = VECTOR ( 'NONE', #612, 1000.000000000000000 ) ;
#477 =( NAMED_UNIT ( * ) SI_UNIT ( $, .STERADIAN. ) SOLID_ANGLE_UNIT ( ) );
#478 = CARTESIAN_POINT ( 'NONE',  ( 3.226782805549681665, 2.373921791567575657, 3.956290731841335173 ) ) ;
#479 = MANIFOLD_SOLID_BREP ( 'CirPattern1', #1494 ) ;
#480 = EDGE_CURVE ( 'NONE', #1063, #1449, #1191, .T. ) ;
#481 = CARTESIAN_POINT ( 'NONE',  ( 1.060660171779820526, 0.000000000000000000, -1.060660171779820526 ) ) ;
#482 = ORIENTED_EDGE ( 'NONE', *, *, #119, .F. ) ;
#483 = DIRECTION ( 'NONE',  ( -0.000000000000000000, 1.000000000000000000, -0.000000000000000000 ) ) ;
#484 = AXIS2_PLACEMENT_3D ( 'NONE', #1073, #1230, #44 ) ;
#485 = DIRECTION ( 'NONE',  ( 0.000000000000000000, 0.000000000000000000, 1.000000000000000000 ) ) ;
#486 = VERTEX_POINT ( 'NONE', #549 ) ;
#487 = VECTOR ( 'NONE', #1205, 1000.000000000000000 ) ;
#488 = CARTESIAN_POINT ( 'NONE',  ( -4.500000000000000000, 7.499999999999998224, 2.179449471770337432 ) ) ;
#489 = CIRCLE ( 'NONE', #1367, 5.000000000000000000 ) ;
#490 = LINE ( 'NONE', #621, #1166 ) ;
#491 = EDGE_LOOP ( 'NONE', ( #697, #1171, #1232, #1535 ) ) ;
#492 = ORIENTED_EDGE ( 'NONE', *, *, #82, .T. ) ;
#493 = VERTEX_POINT ( 'NONE', #444 ) ;
#494 = LINE ( 'NONE', #617, #922 ) ;
#495 = ADVANCED_FACE ( 'NONE', ( #1337 ), #1006, .T. ) ;
#496 = AXIS2_PLACEMENT_3D ( 'NONE', #296, #1030, #595 ) ;
#497 = CARTESIAN_POINT ( 'NONE',  ( -3.976120838953064673, 3.090000000000000746, -3.976120838953062009 ) ) ;
#498 = VERTEX_POINT ( 'NONE', #1182 ) ;
#499 = CARTESIAN_POINT ( 'NONE',  ( -2.966664951328182198, 3.021034482758621742, 5.087985294887741539 ) ) ;
#500 = DIRECTION ( 'NONE',  ( 0.7203422578024066825, 0.000000000000000000, 0.6936187941687648184 ) ) ;
#501 = VERTEX_POINT ( 'NONE', #261 ) ;
#502 = FACE_OUTER_BOUND ( 'NONE', #1939, .T. ) ;
#503 = VERTEX_POINT ( 'NONE', #583 ) ;
#504 = VECTOR ( 'NONE', #1206, 1000.000000000000000 ) ;
#505 = EDGE_CURVE ( 'NONE', #536, #986, #1614, .T. ) ;
#506 = VECTOR ( 'NONE', #66, 1000.000000000000114 ) ;
#507 = DIRECTION ( 'NONE',  ( 0.000000000000000000, 1.000000000000000000, 0.000000000000000000 ) ) ;
#508 = EDGE_CURVE ( 'NONE', #831, #1274, #1015, .T. ) ;
#509 = CARTESIAN_POINT ( 'NONE',  ( 2.716032430193390912, 3.000000000000000000, 7.343409823653981761 ) ) ;
#510 = CARTESIAN_POINT ( 'NONE',  ( 7.203334277753511650, 3.008500636646443294, 2.577311054879312557 ) ) ;
#511 = CARTESIAN_POINT ( 'NONE',  ( -2.435362535369392845, 3.200000000000000178, 7.252000366886310445 ) ) ;
#512 = ORIENTED_EDGE ( 'NONE', *, *, #931, .T. ) ;
#513 = LINE ( 'NONE', #1676, #394 ) ;
#514 = VECTOR ( 'NONE', #290, 1000.000000000000000 ) ;
#515 = DIRECTION ( 'NONE',  ( -0.7071067811865474617, 0.000000000000000000, 0.7071067811865474617 ) ) ;
#516 = ORIENTED_EDGE ( 'NONE', *, *, #92, .F. ) ;
#517 = ADVANCED_FACE ( 'NONE', ( #1173 ), #1779, .F. ) ;
#518 = CARTESIAN_POINT ( 'NONE',  ( -4.433344562587856252, 2.048942590553170628, 2.312024219028144145 ) ) ;
#519 = CARTESIAN_POINT ( 'NONE',  ( -2.312024219028235184, 5.951057409446828039, 4.433344562587808291 ) ) ;
#520 = FACE_OUTER_BOUND ( 'NONE', #1445, .T. ) ;
#521 = CARTESIAN_POINT ( 'NONE',  ( -2.179449471770337432, 7.499999999999998224, 4.500000000000000000 ) ) ;
#522 = LINE ( 'NONE', #1118, #1913 ) ;
#523 = CIRCLE ( 'NONE', #985, 7.650000000000000355 ) ;
#524 = ORIENTED_EDGE ( 'NONE', *, *, #1000, .T. ) ;
#525 = DIRECTION ( 'NONE',  ( -0.7071067811865453523, 0.000000000000000000, -0.7071067811865497932 ) ) ;
#526 = FACE_BOUND ( 'NONE', #1119, .T. ) ;
#527 = EDGE_LOOP ( 'NONE', ( #594, #1432, #1782, #1462 ) ) ;
#528 = PLANE ( 'NONE',  #706 ) ;
#529 = ADVANCED_FACE ( 'NONE', ( #1760 ), #1350, .F. ) ;
#530 = ORIENTED_EDGE ( 'NONE', *, *, #73, .T. ) ;
#531 = PLANE ( 'NONE',  #703 ) ;
#532 = EDGE_LOOP ( 'NONE', ( #810, #312, #1375, #1871, #1134, #5 ) ) ;
#533 = DIRECTION ( 'NONE',  ( 0.000000000000000000, -0.000000000000000000, 1.000000000000000000 ) ) ;
#534 = DIRECTION ( 'NONE',  ( -0.7071067811865474617, 0.000000000000000000, -0.7071067811865474617 ) ) ;
#535 = CIRCLE ( 'NONE', #1881, 7.650000000000000355 ) ;
#536 = VERTEX_POINT ( 'NONE', #1 ) ;
#537 = PLANE ( 'NONE',  #638 ) ;
#538 = DIRECTION ( 'NONE',  ( -0.5120428415488789131, -0.6896551724137937045, -0.5120428415488786911 ) ) ;
#539 = ORIENTED_EDGE ( 'NONE', *, *, #719, .F. ) ;
#540 = CARTESIAN_POINT ( 'NONE',  ( 0.000000000000000000, 1.500000000000000444, -4.500000000000000000 ) ) ;
#541 = EDGE_CURVE ( 'NONE', #1422, #548, #286, .T. ) ;
#542 = AXIS2_PLACEMENT_3D ( 'NONE', #1040, #435, #137 ) ;
#543 = CARTESIAN_POINT ( 'NONE',  ( 1.045004651996027434, -1.407485477710246791, 1.045004651996026768 ) ) ;
#544 = AXIS2_PLACEMENT_3D ( 'NONE', #1519, #1543, #787 ) ;
#545 = ORIENTED_EDGE ( 'NONE', *, *, #956, .T. ) ;
#546 = CARTESIAN_POINT ( 'NONE',  ( -2.179449471770337432, 7.499999999999998224, 4.500000000000000000 ) ) ;
#547 = DIRECTION ( 'NONE',  ( 0.6936187941687647074, -0.000000000000000000, -0.7203422578024066825 ) ) ;
#548 = VERTEX_POINT ( 'NONE', #135 ) ;
#549 = CARTESIAN_POINT ( 'NONE',  ( 2.986171345291897872, 3.090000000000000746, 5.107491688851538925 ) ) ;
#550 = AXIS2_PLACEMENT_3D ( 'NONE', #1038, #880, #1487 ) ;
#551 = EDGE_CURVE ( 'NONE', #784, #775, #1895, .T. ) ;
#552 = B_SPLINE_CURVE_WITH_KNOTS ( 'NONE', 3,
 ( #442, #902, #721, #912, #1473, #1758 ),
 .UNSPECIFIED., .F., .F.,
 ( 4, 2, 4 ),
 ( 0.000000000000000000, 0.0003953464452561773388, 0.0007906928905123546776 ),
 .UNSPECIFIED. ) ;
#553 = EDGE_LOOP ( 'NONE', ( #482, #403, #138, #350 ) ) ;
#554 = CARTESIAN_POINT ( 'NONE',  ( -4.046831517071759698, 0.000000000000000000, 4.046831517071677098 ) ) ;
#555 = DIRECTION ( 'NONE',  ( 0.000000000000000000, 0.000000000000000000, 1.000000000000000000 ) ) ;
#556 = VECTOR ( 'NONE', #715, 1000.000000000000000 ) ;
#557 = DIRECTION ( 'NONE',  ( 0.000000000000000000, 1.000000000000000000, -0.000000000000000000 ) ) ;
#558 = ORIENTED_EDGE ( 'NONE', *, *, #1020, .T. ) ;
#559 = DIRECTION ( 'NONE',  ( 0.000000000000000000, 1.000000000000000000, 0.000000000000000000 ) ) ;
#560 = VECTOR ( 'NONE', #1192, 1000.000000000000000 ) ;
#561 = ADVANCED_BREP_SHAPE_REPRESENTATION ( 'Snap Fit Female', ( #479, #1496 ), #1557 ) ;
#562 = ADVANCED_FACE ( 'NONE', ( #891 ), #1501, .F. ) ;
#563 = EDGE_CURVE ( 'NONE', #1239, #1752, #1045, .T. ) ;
#564 = LINE ( 'NONE', #1868, #127 ) ;
#565 = ORIENTED_EDGE ( 'NONE', *, *, #82, .F. ) ;
#566 = CARTESIAN_POINT ( 'NONE',  ( -2.234154015110208835, 7.947084575471273560, 4.741006527942210447 ) ) ;
#567 = DIRECTION ( 'NONE',  ( 0.7071067811865453523, -5.273559366969487158E-17, 0.7071067811865497932 ) ) ;
#568 = CARTESIAN_POINT ( 'NONE',  ( 2.932862173304877196, 3.000000000000000000, 7.066080920955845279 ) ) ;
#569 = CIRCLE ( 'NONE', #1477, 5.500000000000000000 ) ;
#570 = EDGE_CURVE ( 'NONE', #115, #1063, #1499, .T. ) ;
#571 = DIRECTION ( 'NONE',  ( -0.7071067811865496822, 0.000000000000000000, 0.7071067811865453523 ) ) ;
#572 = CARTESIAN_POINT ( 'NONE',  ( -2.571963978632912706, 3.200000000000000178, -7.204686064820227998 ) ) ;
#573 = VERTEX_POINT ( 'NONE', #371 ) ;
#574 =( NAMED_UNIT ( * ) SI_UNIT ( $, .STERADIAN. ) SOLID_ANGLE_UNIT ( ) );
#575 = DIRECTION ( 'NONE',  ( -0.000000000000000000, -1.000000000000000000, -0.000000000000000000 ) ) ;
#576 = DIRECTION ( 'NONE',  ( 0.000000000000000000, 1.000000000000000000, -0.000000000000000000 ) ) ;
#577 = CARTESIAN_POINT ( 'NONE',  ( 2.847419838194332531, 3.008506057664685596, 7.100900871338162723 ) ) ;
#578 = VECTOR ( 'NONE', #1747, 1000.000000000000114 ) ;
#579 = LINE ( 'NONE', #1047, #610 ) ;
#580 = ADVANCED_FACE ( 'NONE', ( #203, #502 ), #1075, .T. ) ;
#581 = DIRECTION ( 'NONE',  ( 0.000000000000000000, 1.000000000000000000, -0.000000000000000000 ) ) ;
#582 = ORIENTED_EDGE ( 'NONE', *, *, #763, .F. ) ;
#583 = CARTESIAN_POINT ( 'NONE',  ( 5.107491688851549583, 4.910000000000001030, -2.986171345291880108 ) ) ;
#584 = CARTESIAN_POINT ( 'NONE',  ( -2.291287847478249429, 8.000000000000000000, 4.999999999999999112 ) ) ;
#585 = ADVANCED_FACE ( 'NONE', ( #958 ), #451, .T. ) ;
#586 = ORIENTED_EDGE ( 'NONE', *, *, #1723, .T. ) ;
#587 = CARTESIAN_POINT ( 'NONE',  ( -1.060660171779822525, 4.585121964646132860E-16, 1.060660171779822525 ) ) ;
#588 = CARTESIAN_POINT ( 'NONE',  ( -2.986171345291949830, 3.090000000000001190, 5.107491688851508727 ) ) ;
#589 = CIRCLE ( 'NONE', #1153, 7.650000000000000355 ) ;
#590 = DIRECTION ( 'NONE',  ( 0.7071067811865453523, 0.000000000000000000, 0.7071067811865497932 ) ) ;
#591 = ORIENTED_EDGE ( 'NONE', *, *, #1314, .F. ) ;
#592 =( NAMED_UNIT ( * ) PLANE_ANGLE_UNIT ( ) SI_UNIT ( $, .RADIAN. ) );
#593 = CARTESIAN_POINT ( 'NONE',  ( 9.368548013477252244E-16, 8.000000000000000000, 7.650000000000000355 ) ) ;
#594 = ORIENTED_EDGE ( 'NONE', *, *, #1193, .T. ) ;
#595 = DIRECTION ( 'NONE',  ( 0.000000000000000000, 0.000000000000000000, 1.000000000000000000 ) ) ;
#596 = ADVANCED_FACE ( 'NONE', ( #223 ), #1088, .T. ) ;
#597 = DIRECTION ( 'NONE',  ( 0.000000000000000000, 0.000000000000000000, 1.000000000000000000 ) ) ;
#598 = DIRECTION ( 'NONE',  ( -0.000000000000000000, 1.000000000000000000, -0.000000000000000000 ) ) ;
#599 = CARTESIAN_POINT ( 'NONE',  ( -2.571963978632912706, 8.000000000000000000, -7.204686064820227998 ) ) ;
#600 = VECTOR ( 'NONE', #1315, 1000.000000000000000 ) ;
#601 = ORIENTED_EDGE ( 'NONE', *, *, #95, .T. ) ;
#602 = DIRECTION ( 'NONE',  ( 0.000000000000000000, 1.000000000000000000, -0.000000000000000000 ) ) ;
#603 = DIRECTION ( 'NONE',  ( -0.7071067811865403563, 1.082467449009526863E-16, -0.7071067811865547892 ) ) ;
#604 = VERTEX_POINT ( 'NONE', #1423 ) ;
#605 = CARTESIAN_POINT ( 'NONE',  ( 4.555805433952621719, 7.763919350724530766, -2.192314546146025389 ) ) ;
#606 = B_SPLINE_CURVE_WITH_KNOTS ( 'NONE', 3,
 ( #488, #1106, #923, #472, #1835, #334 ),
 .UNSPECIFIED., .F., .F.,
 ( 4, 2, 4 ),
 ( 0.000000000000000000, 0.0003953464452561770677, 0.0007906928905123541355 ),
 .UNSPECIFIED. ) ;
#607 = DIRECTION ( 'NONE',  ( 8.409885494133524543E-15, 0.5961196035938418625, -0.8028956459037006610 ) ) ;
#608 = EDGE_CURVE ( 'NONE', #1424, #626, #1790, .T. ) ;
#609 = CARTESIAN_POINT ( 'NONE',  ( -2.312024219028234295, 1.500000000000000888, 4.433344562587807403 ) ) ;
#610 = VECTOR ( 'NONE', #1198, 1000.000000000000000 ) ;
#611 = CARTESIAN_POINT ( 'NONE',  ( -7.138355639750679771, 3.000000000000000000, -2.750705138767092883 ) ) ;
#612 = DIRECTION ( 'NONE',  ( -0.000000000000000000, 1.000000000000000000, -0.000000000000000000 ) ) ;
#613 = ORIENTED_EDGE ( 'NONE', *, *, #343, .F. ) ;
#614 = VERTEX_POINT ( 'NONE', #214 ) ;
#615 = LINE ( 'NONE', #1212, #1742 ) ;
#616 = EDGE_LOOP ( 'NONE', ( #1097, #668, #1403, #1841 ) ) ;
#617 = CARTESIAN_POINT ( 'NONE',  ( 4.046831517071719730, 3.090000000000000746, 4.046831517071717066 ) ) ;
#618 = CARTESIAN_POINT ( 'NONE',  ( 4.400384907664998124, 2.000000000000000444, -2.279064564105333979 ) ) ;
#619 = EDGE_CURVE ( 'NONE', #1386, #362, #1649, .T. ) ;
#620 = DIRECTION ( 'NONE',  ( 0.7071067811865474617, 0.000000000000000000, 0.7071067811865474617 ) ) ;
#621 = CARTESIAN_POINT ( 'NONE',  ( 4.500000000000000000, 1.500000000000000444, -2.179449471770337432 ) ) ;
#622 = ORIENTED_EDGE ( 'NONE', *, *, #92, .T. ) ;
#623 = EDGE_LOOP ( 'NONE', ( #1540, #858, #1190, #1713 ) ) ;
#624 = CARTESIAN_POINT ( 'NONE',  ( 4.433344562587834048, 2.048942590553171961, 2.312024219028189886 ) ) ;
#625 = AXIS2_PLACEMENT_3D ( 'NONE', #1507, #1247, #173 ) ;
#626 = VERTEX_POINT ( 'NONE', #47 ) ;
#627 = CARTESIAN_POINT ( 'NONE',  ( 0.000000000000000000, 3.000000000000000000, 0.000000000000000000 ) ) ;
#628 = CARTESIAN_POINT ( 'NONE',  ( -2.571963978632912706, 3.200000000000000178, -7.204686064820227998 ) ) ;
#629 = CARTESIAN_POINT ( 'NONE',  ( -2.179449471770337432, 7.499999999999998224, -4.500000000000000000 ) ) ;
#630 = ORIENTED_EDGE ( 'NONE', *, *, #105, .T. ) ;
#631 = DIRECTION ( 'NONE',  ( -0.7071067811865475727, 0.000000000000000000, 0.7071067811865475727 ) ) ;
#632 = EDGE_CURVE ( 'NONE', #1620, #915, #1777, .T. ) ;
#633 = VERTEX_POINT ( 'NONE', #1242 ) ;
#634 = VERTEX_POINT ( 'NONE', #511 ) ;
#635 = CARTESIAN_POINT ( 'NONE',  ( 2.712967541895487944, 3.008500636646441961, -7.153346357285052193 ) ) ;
#636 = ORIENTED_EDGE ( 'NONE', *, *, #901, .T. ) ;
#637 = DIRECTION ( 'NONE',  ( -0.000000000000000000, 1.000000000000000000, -0.000000000000000000 ) ) ;
#638 = AXIS2_PLACEMENT_3D ( 'NONE', #994, #1132, #1572 ) ;
#639 = DIRECTION ( 'NONE',  ( -0.7203422578024066825, 0.000000000000000000, -0.6936187941687647074 ) ) ;
#640 = EDGE_LOOP ( 'NONE', ( #1211, #874 ) ) ;
#641 = LINE ( 'NONE', #946, #377 ) ;
#642 = AXIS2_PLACEMENT_3D ( 'NONE', #844, #392, #701 ) ;
#643 = DIRECTION ( 'NONE',  ( -0.000000000000000000, -1.000000000000000000, -0.000000000000000000 ) ) ;
#644 = CIRCLE ( 'NONE', #1897, 7.650000000000000355 ) ;
#645 = ORIENTED_EDGE ( 'NONE', *, *, #1893, .T. ) ;
#646 = ADVANCED_FACE ( 'NONE', ( #1565 ), #667, .T. ) ;
#647 = VERTEX_POINT ( 'NONE', #411 ) ;
#648 = DIRECTION ( 'NONE',  ( -0.7071067811865477948, 0.000000000000000000, -0.7071067811865473507 ) ) ;
#649 = EDGE_CURVE ( 'NONE', #1452, #846, #579, .T. ) ;
#650 = VECTOR ( 'NONE', #750, 1000.000000000000000 ) ;
#651 = CARTESIAN_POINT ( 'NONE',  ( -3.226782805549681221, 5.626078208432424788, -3.956290731841334285 ) ) ;
#652 =( BOUNDED_CURVE ( )  B_SPLINE_CURVE ( 3, ( #965, #241, #839, #1726 ),
 .UNSPECIFIED., .F., .F. ) 
 B_SPLINE_CURVE_WITH_KNOTS ( ( 4, 4 ),
 ( 5.978492653164188653, 6.587877961194983811 ),
 .UNSPECIFIED. ) 
 CURVE ( )  GEOMETRIC_REPRESENTATION_ITEM ( )  RATIONAL_B_SPLINE_CURVE ( ( 1.000000000000000000, 0.9692928009446304394, 0.9692928009446304394, 1.000000000000000000 ) ) 
 REPRESENTATION_ITEM ( '' )  );
#653 = EDGE_LOOP ( 'NONE', ( #1651, #1774, #967, #926 ) ) ;
#654 = DIRECTION ( 'NONE',  ( 1.000000000000000000, 0.000000000000000000, 0.000000000000000000 ) ) ;
#655 = CARTESIAN_POINT ( 'NONE',  ( 5.036781010732885200, 4.909999999999999254, 2.915460667173241482 ) ) ;
#656 = AXIS2_PLACEMENT_3D ( 'NONE', #273, #1935, #314 ) ;
#657 = EDGE_LOOP ( 'NONE', ( #622, #586, #601, #1421, #1880, #1201, #1091, #673 ) ) ;
#658 = CARTESIAN_POINT ( 'NONE',  ( 3.226782805549693212, 5.626078208432424788, -3.956290731841324959 ) ) ;
#659 = EDGE_CURVE ( 'NONE', #604, #323, #289, .T. ) ;
#660 = ORIENTED_EDGE ( 'NONE', *, *, #856, .T. ) ;
#661 = CARTESIAN_POINT ( 'NONE',  ( 4.934344465946484348, 8.000000000000000000, 4.751288740056039295 ) ) ;
#662 = EDGE_CURVE ( 'NONE', #180, #1752, #489, .T. ) ;
#663 = CARTESIAN_POINT ( 'NONE',  ( 4.400384907664991907, 2.000000000000000444, 2.279064564105347301 ) ) ;
#664 = CARTESIAN_POINT ( 'NONE',  ( 7.296724953260060431, 8.000000000000000000, 2.297891415291850148 ) ) ;
#665 = LINE ( 'NONE', #57, #981 ) ;
#666 = VERTEX_POINT ( 'NONE', #611 ) ;
#667 = PLANE ( 'NONE',  #954 ) ;
#668 = ORIENTED_EDGE ( 'NONE', *, *, #302, .T. ) ;
#669 = CARTESIAN_POINT ( 'NONE',  ( 3.956290731841335173, 5.626078208432425676, 3.226782805549678113 ) ) ;
#670 = CIRCLE ( 'NONE', #792, 0.1000000000000001305 ) ;
#671 = FACE_OUTER_BOUND ( 'NONE', #464, .T. ) ;
#672 = EDGE_CURVE ( 'NONE', #536, #1452, #523, .T. ) ;
#673 = ORIENTED_EDGE ( 'NONE', *, *, #1426, .T. ) ;
#674 = CARTESIAN_POINT ( 'NONE',  ( -2.472118714102114367, 3.116491533522731672, 7.239567554180997178 ) ) ;
#675 = ORIENTED_EDGE ( 'NONE', *, *, #508, .T. ) ;
#676 = AXIS2_PLACEMENT_3D ( 'NONE', #1323, #1798, #1508 ) ;
#677 = CARTESIAN_POINT ( 'NONE',  ( -7.252000366886311333, 3.000000000000000000, 2.435362535369389292 ) ) ;
#678 = AXIS2_PLACEMENT_3D ( 'NONE', #1378, #918, #340 ) ;
#679 = ORIENTED_EDGE ( 'NONE', *, *, #508, .F. ) ;
#680 = CARTESIAN_POINT ( 'NONE',  ( 4.433344562587833160, 5.951057409446828039, 2.312024219028188554 ) ) ;
#681 = B_SPLINE_CURVE_WITH_KNOTS ( 'NONE', 3,
 ( #783, #213, #927, #803, #1825, #1099, #190, #46, #790, #1408 ),
 .UNSPECIFIED., .F., .F.,
 ( 4, 2, 2, 2, 4 ),
 ( 3.186890520727777483E-18, 0.0002774483335560889085, 0.0004161725003341317907, 0.0004855345837231526897, 0.0005548966671121734803 ),
 .UNSPECIFIED. ) ;
#682 = FACE_OUTER_BOUND ( 'NONE', #1456, .T. ) ;
#683 = PRODUCT_CONTEXT ( 'NONE', #1858, 'mechanical' ) ;
#684 = AXIS2_PLACEMENT_3D ( 'NONE', #896, #1321, #1918 ) ;
#685 = ORIENTED_EDGE ( 'NONE', *, *, #1184, .F. ) ;
#686 = DIRECTION ( 'NONE',  ( 0.5120428415488840201, -0.6896551724137937045, -0.5120428415488735840 ) ) ;
#687 = EDGE_CURVE ( 'NONE', #647, #1349, #36, .T. ) ;
#688 = CARTESIAN_POINT ( 'NONE',  ( 2.179449471770337432, 1.500000000000000444, 4.500000000000000000 ) ) ;
#689 = ORIENTED_EDGE ( 'NONE', *, *, #1831, .T. ) ;
#690 = CARTESIAN_POINT ( 'NONE',  ( 2.966664951328131128, 3.021034482758621298, 5.087985294887771737 ) ) ;
#691 = FACE_OUTER_BOUND ( 'NONE', #14, .T. ) ;
#692 = CARTESIAN_POINT ( 'NONE',  ( -4.400384907664991907, 2.000000000000000444, -2.279064564105347301 ) ) ;
#693 = CIRCLE ( 'NONE', #845, 0.09999999999999983902 ) ;
#694 = UNCERTAINTY_MEASURE_WITH_UNIT (LENGTH_MEASURE( 1.000000000000000082E-05 ), #1306, 'distance_accuracy_value', 'NONE');
#695 = VERTEX_POINT ( 'NONE', #588 ) ;
#696 = DIRECTION ( 'NONE',  ( 0.000000000000000000, 0.000000000000000000, -1.000000000000000000 ) ) ;
#697 = ORIENTED_EDGE ( 'NONE', *, *, #1527, .T. ) ;
#698 = ORIENTED_EDGE ( 'NONE', *, *, #1840, .T. ) ;
#699 = EDGE_CURVE ( 'NONE', #362, #453, #1472, .T. ) ;
#700 = ORIENTED_EDGE ( 'NONE', *, *, #1138, .T. ) ;
#701 = DIRECTION ( 'NONE',  ( 0.000000000000000000, 0.000000000000000000, 1.000000000000000000 ) ) ;
#702 = DIRECTION ( 'NONE',  ( -0.7071067811865473507, 0.000000000000000000, 0.7071067811865477948 ) ) ;
#703 = AXIS2_PLACEMENT_3D ( 'NONE', #976, #1720, #233 ) ;
#704 = ORIENTED_EDGE ( 'NONE', *, *, #1184, .T. ) ;
#705 = CARTESIAN_POINT ( 'NONE',  ( 2.312024219028204541, 2.048942590553171517, -4.433344562587826054 ) ) ;
#706 = AXIS2_PLACEMENT_3D ( 'NONE', #1735, #1589, #696 ) ;
#707 = DIRECTION ( 'NONE',  ( -0.8028956459037006610, 0.5961196035938418625, 0.000000000000000000 ) ) ;
#708 = CARTESIAN_POINT ( 'NONE',  ( -7.214603044822823108, 3.063623187575865270, 2.544307028118206748 ) ) ;
#709 = ORIENTED_EDGE ( 'NONE', *, *, #1495, .F. ) ;
#710 = CARTESIAN_POINT ( 'NONE',  ( 2.179449471770337432, 7.499999999999998224, 4.500000000000000000 ) ) ;
#711 = ADVANCED_FACE ( 'NONE', ( #899 ), #727, .T. ) ;
#712 = AXIS2_PLACEMENT_3D ( 'NONE', #1826, #1233, #1574 ) ;
#713 = EDGE_CURVE ( 'NONE', #748, #695, #236, .T. ) ;
#714 = CARTESIAN_POINT ( 'NONE',  ( -2.545165380528041421, 3.063075121266646494, 7.214304113546739394 ) ) ;
#715 = DIRECTION ( 'NONE',  ( 0.000000000000000000, 0.000000000000000000, -1.000000000000000000 ) ) ;
#716 = CARTESIAN_POINT ( 'NONE',  ( -2.291287847478249429, 8.000000000000000000, 4.999999999999999112 ) ) ;
#717 = EDGE_CURVE ( 'NONE', #827, #986, #1523, .T. ) ;
#718 = LINE ( 'NONE', #275, #1278 ) ;
#719 = EDGE_CURVE ( 'NONE', #934, #503, #920, .T. ) ;
#720 = LINE ( 'NONE', #1618, #1627 ) ;
#721 = CARTESIAN_POINT ( 'NONE',  ( 2.192316302326503763, 7.763936109177590694, -4.555813038156334649 ) ) ;
#722 = ORIENTED_EDGE ( 'NONE', *, *, #956, .F. ) ;
#723 = PLANE ( 'NONE',  #1690 ) ;
#724 = CARTESIAN_POINT ( 'NONE',  ( 4.999999999999848121, 8.000000000000000000, -2.291287847478249429 ) ) ;
#725 = EDGE_CURVE ( 'NONE', #1449, #1063, #535, .T. ) ;
#726 = DIRECTION ( 'NONE',  ( -0.000000000000000000, -1.000000000000000000, -0.000000000000000000 ) ) ;
#727 = CYLINDRICAL_SURFACE ( 'NONE', #676, 0.5000000000000004441 ) ;
#728 = DIRECTION ( 'NONE',  ( -0.000000000000000000, 1.000000000000000000, -0.000000000000000000 ) ) ;
#729 = DIRECTION ( 'NONE',  ( 0.7071067811865473507, -2.775557561562891351E-17, -0.7071067811865477948 ) ) ;
#730 = DIRECTION ( 'NONE',  ( -0.4876598490941711495, -0.7241379310344820963, -0.4876598490941711495 ) ) ;
#731 = DIRECTION ( 'NONE',  ( 0.000000000000000000, -1.000000000000000000, 0.000000000000000000 ) ) ;
#732 = ORIENTED_EDGE ( 'NONE', *, *, #751, .T. ) ;
#733 = CARTESIAN_POINT ( 'NONE',  ( 9.368548013477252244E-16, 0.000000000000000000, 7.650000000000000355 ) ) ;
#734 = VECTOR ( 'NONE', #38, 1000.000000000000114 ) ;
#735 = EDGE_CURVE ( 'NONE', #1244, #303, #720, .T. ) ;
#736 = DIRECTION ( 'NONE',  ( 0.000000000000000000, 1.000000000000000000, 0.000000000000000000 ) ) ;
#737 = CARTESIAN_POINT ( 'NONE',  ( -2.680182346543768190, 3.063623187575866158, -7.165236767684207919 ) ) ;
#738 = EDGE_CURVE ( 'NONE', #1630, #784, #1150, .T. ) ;
#739 = ORIENTED_EDGE ( 'NONE', *, *, #1586, .T. ) ;
#740 = DIRECTION ( 'NONE',  ( -0.7071067811865500152, 0.000000000000000000, 0.7071067811865451302 ) ) ;
#741 = LINE ( 'NONE', #1338, #808 ) ;
#742 = EDGE_LOOP ( 'NONE', ( #81, #840, #1181, #422 ) ) ;
#743 = CARTESIAN_POINT ( 'NONE',  ( 2.571963978632909598, 3.200000000000000178, 7.204686064820227109 ) ) ;
#744 = AXIS2_PLACEMENT_3D ( 'NONE', #1521, #602, #424 ) ;
#745 = PLANE ( 'NONE',  #1154 ) ;
#746 = CARTESIAN_POINT ( 'NONE',  ( -4.433344562587855364, 1.500000000000000444, 2.312024219028143257 ) ) ;
#747 = CARTESIAN_POINT ( 'NONE',  ( -2.932862173304878972, 3.000000000000000444, -7.066080920955845279 ) ) ;
#748 = VERTEX_POINT ( 'NONE', #499 ) ;
#749 = DIRECTION ( 'NONE',  ( 0.000000000000000000, 0.000000000000000000, 1.000000000000000000 ) ) ;
#750 = DIRECTION ( 'NONE',  ( 0.000000000000000000, -1.000000000000000000, 0.000000000000000000 ) ) ;
#751 = EDGE_CURVE ( 'NONE', #1194, #1652, #1393, .T. ) ;
#752 = ORIENTED_EDGE ( 'NONE', *, *, #1748, .T. ) ;
#753 = CARTESIAN_POINT ( 'NONE',  ( 4.500000000000000000, 7.500000000000000000, -2.179449471770337432 ) ) ;
#754 = CARTESIAN_POINT ( 'NONE',  ( -2.234160359978236698, 7.947103280109118373, -4.741034782807846071 ) ) ;
#755 = CARTESIAN_POINT ( 'NONE',  ( 5.036781010732894082, 4.910000000000000142, -2.915460667173225939 ) ) ;
#756 = LINE ( 'NONE', #133, #600 ) ;
#757 = ORIENTED_EDGE ( 'NONE', *, *, #717, .T. ) ;
#758 = EDGE_LOOP ( 'NONE', ( #1101, #1728, #1685, #1682 ) ) ;
#759 = LINE ( 'NONE', #1183, #63 ) ;
#760 = ORIENTED_EDGE ( 'NONE', *, *, #830, .T. ) ;
#761 = FACE_OUTER_BOUND ( 'NONE', #742, .T. ) ;
#762 = VECTOR ( 'NONE', #1056, 1000.000000000000000 ) ;
#763 = EDGE_CURVE ( 'NONE', #1186, #633, #1808, .T. ) ;
#764 = DIRECTION ( 'NONE',  ( -0.7071067811865474617, 0.000000000000000000, -0.7071067811865474617 ) ) ;
#765 = CARTESIAN_POINT ( 'NONE',  ( 2.262975846493154641, 8.000000000000000000, 4.870299948342226237 ) ) ;
#766 = CARTESIAN_POINT ( 'NONE',  ( 4.500000000000000000, 7.633692192606185145, 2.179449471770337432 ) ) ;
#767 = ORIENTED_EDGE ( 'NONE', *, *, #250, .F. ) ;
#768 = LINE ( 'NONE', #1761, #1248 ) ;
#769 = CARTESIAN_POINT ( 'NONE',  ( 0.000000000000000000, 7.500000000000000000, 0.000000000000000000 ) ) ;
#770 = ORIENTED_EDGE ( 'NONE', *, *, #830, .F. ) ;
#771 = CARTESIAN_POINT ( 'NONE',  ( -7.138355639750679771, 3.000000000000000000, -2.750705138767092883 ) ) ;
#772 = LINE ( 'NONE', #1667, #1400 ) ;
#773 = CARTESIAN_POINT ( 'NONE',  ( -2.192316302326503763, 7.763936109177590694, -4.555813038156334649 ) ) ;
#774 = EDGE_CURVE ( 'NONE', #1620, #934, #1550, .T. ) ;
#775 = VERTEX_POINT ( 'NONE', #345 ) ;
#776 = DIRECTION ( 'NONE',  ( -1.000000000000000000, -0.000000000000000000, 0.000000000000000000 ) ) ;
#777 = CARTESIAN_POINT ( 'NONE',  ( -2.279064564105349078, 2.000000000000000444, -4.400384907664990131 ) ) ;
#778 = ORIENTED_EDGE ( 'NONE', *, *, #131, .T. ) ;
#779 = AXIS2_PLACEMENT_3D ( 'NONE', #357, #321, #654 ) ;
#780 = DIRECTION ( 'NONE',  ( 0.5120428415488842422, 0.6896551724137934825, -0.5120428415488739171 ) ) ;
#781 = ORIENTED_EDGE ( 'NONE', *, *, #1840, .F. ) ;
#782 = LINE ( 'NONE', #1225, #1595 ) ;
#783 = CARTESIAN_POINT ( 'NONE',  ( 7.085102807365161404, 3.000000000000000000, -2.885102807365161670 ) ) ;
#784 = VERTEX_POINT ( 'NONE', #32 ) ;
#785 = EDGE_CURVE ( 'NONE', #180, #168, #606, .T. ) ;
#786 = CARTESIAN_POINT ( 'NONE',  ( -4.934344465946485236, 8.000000000000000000, -4.751288740056038407 ) ) ;
#787 = DIRECTION ( 'NONE',  ( 0.000000000000000000, 0.000000000000000000, 1.000000000000000000 ) ) ;
#788 = EDGE_CURVE ( 'NONE', #1018, #164, #911, .T. ) ;
#789 = ORIENTED_EDGE ( 'NONE', *, *, #719, .T. ) ;
#790 = CARTESIAN_POINT ( 'NONE',  ( 7.252000366886313998, 3.176175380897988898, -2.435362535369390624 ) ) ;
#791 = CARTESIAN_POINT ( 'NONE',  ( 4.433344562587834048, 2.048942590553171961, 2.312024219028189886 ) ) ;
#792 = AXIS2_PLACEMENT_3D ( 'NONE', #1348, #1169, #1619 ) ;
#793 = ORIENTED_EDGE ( 'NONE', *, *, #876, .F. ) ;
#794 = LINE ( 'NONE', #169, #1756 ) ;
#795 = FACE_OUTER_BOUND ( 'NONE', #1853, .T. ) ;
#796 = DIRECTION ( 'NONE',  ( 1.000000000000000000, 0.000000000000000000, 0.000000000000000000 ) ) ;
#797 = ORIENTED_EDGE ( 'NONE', *, *, #415, .F. ) ;
#798 = DIRECTION ( 'NONE',  ( -0.000000000000000000, 1.000000000000000000, -0.000000000000000000 ) ) ;
#799 = DIRECTION ( 'NONE',  ( -0.000000000000000000, 1.000000000000000000, -0.000000000000000000 ) ) ;
#800 = EDGE_LOOP ( 'NONE', ( #1929, #1362, #770, #1290 ) ) ;
#801 = VECTOR ( 'NONE', #951, 1000.000000000000000 ) ;
#802 = ORIENTED_EDGE ( 'NONE', *, *, #64, .F. ) ;
#803 = CARTESIAN_POINT ( 'NONE',  ( 7.199799341529545593, 3.046643593403177253, -2.586003223429768738 ) ) ;
#804 = CARTESIAN_POINT ( 'NONE',  ( 4.433344562587839377, 5.951057409446828039, -2.312024219028175231 ) ) ;
#805 = EDGE_CURVE ( 'NONE', #25, #1655, #56, .T. ) ;
#806 = VERTEX_POINT ( 'NONE', #1260 ) ;
#807 = DIRECTION ( 'NONE',  ( 0.6936187941687647074, 0.000000000000000000, -0.7203422578024065714 ) ) ;
#808 = VECTOR ( 'NONE', #1376, 1000.000000000000000 ) ;
#809 = CARTESIAN_POINT ( 'NONE',  ( 5.107491688851539813, 4.910000000000000142, 2.986171345291896095 ) ) ;
#810 = ORIENTED_EDGE ( 'NONE', *, *, #1272, .T. ) ;
#811 = CARTESIAN_POINT ( 'NONE',  ( 2.291287847478249429, 8.000000000000000000, 4.999999999999848121 ) ) ;
#812 = CARTESIAN_POINT ( 'NONE',  ( 4.843681451127850757, 3.000000000000000000, -4.843681451127848980 ) ) ;
#813 = VECTOR ( 'NONE', #1732, 1000.000000000000114 ) ;
#814 = ORIENTED_EDGE ( 'NONE', *, *, #1000, .F. ) ;
#815 = CARTESIAN_POINT ( 'NONE',  ( 2.586524759049138922, 3.046453914618040049, -7.199611372740284843 ) ) ;
#816 = EDGE_LOOP ( 'NONE', ( #144, #1485, #380, #1823 ) ) ;
#817 = FACE_OUTER_BOUND ( 'NONE', #1014, .T. ) ;
#818 = EDGE_CURVE ( 'NONE', #843, #1834, #29, .T. ) ;
#819 = CARTESIAN_POINT ( 'NONE',  ( 2.571963978632909598, 8.000000000000000000, 7.204686064820227109 ) ) ;
#820 = SHAPE_DEFINITION_REPRESENTATION ( #1034, #561 ) ;
#821 = CARTESIAN_POINT ( 'NONE',  ( 2.179449471770337432, 7.633692192606185145, 4.500000000000000000 ) ) ;
#822 = CARTESIAN_POINT ( 'NONE',  ( -2.435362535369392845, 3.200000000000000178, 7.252000366886310445 ) ) ;
#823 = ORIENTED_EDGE ( 'NONE', *, *, #64, .T. ) ;
#824 = DIRECTION ( 'NONE',  ( -1.000000000000000000, 0.000000000000000000, 0.000000000000000000 ) ) ;
#825 = CARTESIAN_POINT ( 'NONE',  ( 1.060660171779822525, 4.585121964646132860E-16, -1.060660171779822525 ) ) ;
#826 = DIRECTION ( 'NONE',  ( -0.7071067811865475727, 0.000000000000000000, 0.7071067811865475727 ) ) ;
#827 = VERTEX_POINT ( 'NONE', #664 ) ;
#828 = CARTESIAN_POINT ( 'NONE',  ( 5.087985294887781507, 3.021034482758619522, -2.966664951328112476 ) ) ;
#829 = DIRECTION ( 'NONE',  ( 0.7071067811865451302, -3.056747976430751789E-16, 0.7071067811865500152 ) ) ;
#830 = EDGE_CURVE ( 'NONE', #174, #604, #51, .T. ) ;
#831 = VERTEX_POINT ( 'NONE', #1072 ) ;
#832 = DIRECTION ( 'NONE',  ( -0.000000000000000000, -1.000000000000000000, -0.000000000000000000 ) ) ;
#833 = ORIENTED_EDGE ( 'NONE', *, *, #1483, .F. ) ;
#834 = CARTESIAN_POINT ( 'NONE',  ( 0.000000000000000000, 8.000000000000000000, 0.000000000000000000 ) ) ;
#835 = CARTESIAN_POINT ( 'NONE',  ( 5.036781010732892305, 3.089999999999999858, -2.915460667173224607 ) ) ;
#836 = AXIS2_PLACEMENT_3D ( 'NONE', #449, #1492, #438 ) ;
#837 = VERTEX_POINT ( 'NONE', #935 ) ;
#838 = EDGE_CURVE ( 'NONE', #1286, #634, #162, .T. ) ;
#839 = CARTESIAN_POINT ( 'NONE',  ( 3.956290731841346719, 2.373921791567574324, -3.226782805549668343 ) ) ;
#840 = ORIENTED_EDGE ( 'NONE', *, *, #1334, .T. ) ;
#841 = ORIENTED_EDGE ( 'NONE', *, *, #774, .F. ) ;
#842 = CARTESIAN_POINT ( 'NONE',  ( -7.252000366886311333, 3.176175380897988454, 2.435362535369395509 ) ) ;
#843 = VERTEX_POINT ( 'NONE', #1541 ) ;
#844 = CARTESIAN_POINT ( 'NONE',  ( 0.000000000000000000, 7.500000000000000000, 4.999999999999999112 ) ) ;
#845 = AXIS2_PLACEMENT_3D ( 'NONE', #835, #1416, #1697 ) ;
#846 = VERTEX_POINT ( 'NONE', #1518 ) ;
#847 = CARTESIAN_POINT ( 'NONE',  ( -2.798813555956164656, 3.000000000000000888, 7.120240386628901241 ) ) ;
#848 = EDGE_CURVE ( 'NONE', #634, #1655, #198, .T. ) ;
#849 = ORIENTED_EDGE ( 'NONE', *, *, #1455, .T. ) ;
#850 = EDGE_CURVE ( 'NONE', #695, #1424, #1095, .T. ) ;
#851 = VERTEX_POINT ( 'NONE', #1670 ) ;
#852 = FACE_OUTER_BOUND ( 'NONE', #914, .T. ) ;
#853 = CIRCLE ( 'NONE', #1609, 5.500000000000000000 ) ;
#854 = CARTESIAN_POINT ( 'NONE',  ( 0.000000000000000000, 8.000000000000000000, 0.000000000000000000 ) ) ;
#855 = LINE ( 'NONE', #1460, #556 ) ;
#856 = EDGE_CURVE ( 'NONE', #970, #986, #641, .T. ) ;
#857 = CARTESIAN_POINT ( 'NONE',  ( -7.233617738330952562, 3.101480656498024846, 2.489507632570832296 ) ) ;
#858 = ORIENTED_EDGE ( 'NONE', *, *, #71, .T. ) ;
#859 = CARTESIAN_POINT ( 'NONE',  ( 3.976120838953064673, 4.909999999999999254, 3.976120838953062009 ) ) ;
#860 = ADVANCED_FACE ( 'NONE', ( #1404 ), #309, .T. ) ;
#861 = MECHANICAL_DESIGN_GEOMETRIC_PRESENTATION_REPRESENTATION (  '', ( #1303 ), #418 ) ;
#862 = CARTESIAN_POINT ( 'NONE',  ( -4.500000000000000000, 7.499999999999998224, -2.179449471770337432 ) ) ;
#863 = EDGE_LOOP ( 'NONE', ( #700, #1793, #454, #565 ) ) ;
#864 = CARTESIAN_POINT ( 'NONE',  ( -2.986171345291897872, 4.909999999999999254, -5.107491688851538925 ) ) ;
#865 = EDGE_CURVE ( 'NONE', #1520, #486, #1250, .T. ) ;
#866 = DIRECTION ( 'NONE',  ( -0.7071067811865473507, 5.551115123125781470E-17, 0.7071067811865477948 ) ) ;
#867 = AXIS2_PLACEMENT_3D ( 'NONE', #497, #898, #471 ) ;
#868 = VECTOR ( 'NONE', #1692, 1000.000000000000000 ) ;
#869 = CARTESIAN_POINT ( 'NONE',  ( -4.999999999999999112, 8.000000000000000000, -2.291287847478249429 ) ) ;
#870 = CARTESIAN_POINT ( 'NONE',  ( -2.608461341437269265, 3.116536647565486540, -7.191567056828625404 ) ) ;
#871 = ORIENTED_EDGE ( 'NONE', *, *, #1924, .T. ) ;
#872 = DIRECTION ( 'NONE',  ( -0.7071067811865473507, 8.049116928532377276E-17, 0.7071067811865477948 ) ) ;
#873 = LINE ( 'NONE', #15, #1843 ) ;
#874 = ORIENTED_EDGE ( 'NONE', *, *, #480, .T. ) ;
#875 = PLANE ( 'NONE',  #1010 ) ;
#876 = EDGE_CURVE ( 'NONE', #1249, #443, #1517, .T. ) ;
#877 = ADVANCED_FACE ( 'NONE', ( #964, #220 ), #367, .F. ) ;
#878 = DIRECTION ( 'NONE',  ( -0.000000000000000000, 1.000000000000000000, -0.000000000000000000 ) ) ;
#879 = DIRECTION ( 'NONE',  ( -0.000000000000000000, 1.000000000000000000, -0.000000000000000000 ) ) ;
#880 = DIRECTION ( 'NONE',  ( 0.7071067811865451302, -3.056747976430751789E-16, 0.7071067811865500152 ) ) ;
#881 = CARTESIAN_POINT ( 'NONE',  ( 5.107491688851549583, 4.950000000000000178, -2.986171345291879664 ) ) ;
#882 = DIRECTION ( 'NONE',  ( -0.7071067811865563435, 0.000000000000000000, 0.7071067811865388020 ) ) ;
#883 = VERTEX_POINT ( 'NONE', #21 ) ;
#884 = CARTESIAN_POINT ( 'NONE',  ( 2.435362535369389292, 3.200000000000000178, -7.252000366886311333 ) ) ;
#885 = AXIS2_PLACEMENT_3D ( 'NONE', #859, #872, #124 ) ;
#886 = EDGE_CURVE ( 'NONE', #174, #748, #1070, .T. ) ;
#887 = CARTESIAN_POINT ( 'NONE',  ( 2.312024219028190775, 5.951057409446828039, 4.433344562587832272 ) ) ;
#888 = VECTOR ( 'NONE', #1908, 1000.000000000000000 ) ;
#889 = CIRCLE ( 'NONE', #1765, 5.000000000000000000 ) ;
#890 = ORIENTED_EDGE ( 'NONE', *, *, #1170, .T. ) ;
#891 = FACE_OUTER_BOUND ( 'NONE', #527, .T. ) ;
#892 = CARTESIAN_POINT ( 'NONE',  ( -2.986171345291897428, 4.950000000000000178, -5.107491688851538925 ) ) ;
#893 = CYLINDRICAL_SURFACE ( 'NONE', #1227, 0.1000000000000001305 ) ;
#894 = B_SPLINE_CURVE_WITH_KNOTS ( 'NONE', 3,
 ( #1608, #1304, #259, #402, #708, #857, #1465, #1873, #842, #1745 ),
 .UNSPECIFIED., .F., .F.,
 ( 4, 2, 2, 2, 4 ),
 ( 4.336808689942017736E-19, 0.0002774483335560877159, 0.0004161725003341313570, 0.0004855345837231531776, 0.0005548966671121749981 ),
 .UNSPECIFIED. ) ;
#895 = EDGE_LOOP ( 'NONE', ( #530, #1125, #1407, #1592 ) ) ;
#896 = CARTESIAN_POINT ( 'NONE',  ( -3.976120838953104641, 3.090000000000000746, 3.976120838953022041 ) ) ;
#897 = AXIS2_PLACEMENT_3D ( 'NONE', #1319, #702, #1288 ) ;
#898 = DIRECTION ( 'NONE',  ( -0.7071067811865473507, -2.775557561562891351E-17, 0.7071067811865477948 ) ) ;
#899 = FACE_OUTER_BOUND ( 'NONE', #448, .T. ) ;
#900 = VECTOR ( 'NONE', #1561, 1000.000000000000000 ) ;
#901 = EDGE_CURVE ( 'NONE', #1396, #468, #297, .T. ) ;
#902 = CARTESIAN_POINT ( 'NONE',  ( 2.179449471770337876, 7.633700821002010528, -4.499999999999998224 ) ) ;
#903 = ORIENTED_EDGE ( 'NONE', *, *, #383, .T. ) ;
#904 = ORIENTED_EDGE ( 'NONE', *, *, #1606, .F. ) ;
#905 = CARTESIAN_POINT ( 'NONE',  ( -2.885102807365160338, 3.000000000000000000, 7.085102807365162292 ) ) ;
#906 = ADVANCED_FACE ( 'NONE', ( #1807 ), #1832, .F. ) ;
#907 = DIRECTION ( 'NONE',  ( -0.7071067811865453523, 2.775557561562891351E-17, -0.7071067811865499042 ) ) ;
#908 = EDGE_LOOP ( 'NONE', ( #1800, #957, #950, #1866, #17, #37, #336, #221, #1316, #660, #247, #1661, #925, #1718, #1067, #1133 ) ) ;
#909 = PLANE ( 'NONE',  #1931 ) ;
#910 = VECTOR ( 'NONE', #152, 1000.000000000000000 ) ;
#911 = LINE ( 'NONE', #509, #1345 ) ;
#912 = CARTESIAN_POINT ( 'NONE',  ( 2.234160359978237143, 7.947103280109118373, -4.741034782807846071 ) ) ;
#913 = VECTOR ( 'NONE', #936, 1000.000000000000000 ) ;
#914 = EDGE_LOOP ( 'NONE', ( #1665, #1105, #55, #1491 ) ) ;
#915 = VERTEX_POINT ( 'NONE', #1390 ) ;
#916 = LINE ( 'NONE', #1662, #1418 ) ;
#917 = ORIENTED_EDGE ( 'NONE', *, *, #1481, .T. ) ;
#918 = DIRECTION ( 'NONE',  ( 0.5120428415488792462, 0.6896551724137933714, 0.5120428415488789131 ) ) ;
#919 = ADVANCED_FACE ( 'NONE', ( #1528 ), #1093, .T. ) ;
#920 = CIRCLE ( 'NONE', #940, 0.09999999999999983902 ) ;
#921 = DIRECTION ( 'NONE',  ( -0.000000000000000000, 1.000000000000000000, -0.000000000000000000 ) ) ;
#922 = VECTOR ( 'NONE', #1399, 1000.000000000000000 ) ;
#923 = CARTESIAN_POINT ( 'NONE',  ( -4.555813038156334649, 7.763936109177590694, 2.192316302326503763 ) ) ;
#924 = LINE ( 'NONE', #176, #913 ) ;
#925 = ORIENTED_EDGE ( 'NONE', *, *, #1741, .T. ) ;
#926 = ORIENTED_EDGE ( 'NONE', *, *, #131, .F. ) ;
#927 = CARTESIAN_POINT ( 'NONE',  ( 7.153438812664353996, 3.008506057664686928, -2.712730372333560069 ) ) ;
#928 = CARTESIAN_POINT ( 'NONE',  ( -2.179449471770337432, 7.633692192606185145, 4.500000000000000000 ) ) ;
#929 = ORIENTED_EDGE ( 'NONE', *, *, #1723, .F. ) ;
#930 = DIRECTION ( 'NONE',  ( 0.7071067811865402453, 1.263357234918281393E-16, 0.7071067811865547892 ) ) ;
#931 = EDGE_CURVE ( 'NONE', #1602, #1078, #431, .T. ) ;
#932 = CARTESIAN_POINT ( 'NONE',  ( -1.060660171779820526, 0.000000000000000000, 1.060660171779820526 ) ) ;
#933 = EDGE_CURVE ( 'NONE', #633, #775, #1162, .T. ) ;
#934 = VERTEX_POINT ( 'NONE', #308 ) ;
#935 = CARTESIAN_POINT ( 'NONE',  ( -5.087985294887773513, 3.021034482758621298, -2.966664951328128907 ) ) ;
#936 = DIRECTION ( 'NONE',  ( 0.7071067811865473507, 5.551115123125781470E-17, -0.7071067811865477948 ) ) ;
#937 = ORIENTED_EDGE ( 'NONE', *, *, #240, .T. ) ;
#938 = ORIENTED_EDGE ( 'NONE', *, *, #570, .F. ) ;
#939 = AXIS2_PLACEMENT_3D ( 'NONE', #1269, #1434, #1318 ) ;
#940 = AXIS2_PLACEMENT_3D ( 'NONE', #755, #1360, #571 ) ;
#941 = EDGE_LOOP ( 'NONE', ( #253, #917, #1440, #243 ) ) ;
#942 = DIRECTION ( 'NONE',  ( -0.7071067811865403563, 1.406920557068085481E-16, -0.7071067811865547892 ) ) ;
#943 = DIRECTION ( 'NONE',  ( 0.000000000000000000, 0.000000000000000000, 1.000000000000000000 ) ) ;
#944 = ORIENTED_EDGE ( 'NONE', *, *, #785, .T. ) ;
#945 = ADVANCED_FACE ( 'NONE', ( #195 ), #1380, .T. ) ;
#946 = CARTESIAN_POINT ( 'NONE',  ( 7.252000366886311333, 3.000000000000000000, -2.435362535369390180 ) ) ;
#947 = CARTESIAN_POINT ( 'NONE',  ( 7.284988917792942331, 3.116491533522732116, 2.334875965827334365 ) ) ;
#948 = ORIENTED_EDGE ( 'NONE', *, *, #818, .T. ) ;
#949 = CARTESIAN_POINT ( 'NONE',  ( 2.885102807365163891, 3.000000000000000000, -7.085102807365160515 ) ) ;
#950 = ORIENTED_EDGE ( 'NONE', *, *, #159, .T. ) ;
#951 = DIRECTION ( 'NONE',  ( 0.7071067811865473507, -2.775557561562890735E-17, -0.7071067811865477948 ) ) ;
#952 = CARTESIAN_POINT ( 'NONE',  ( 0.000000000000000000, 1.500000000000000444, 4.500000000000000000 ) ) ;
#953 = CARTESIAN_POINT ( 'NONE',  ( 0.000000000000000000, 7.500000000000000000, -4.500000000000000000 ) ) ;
#954 = AXIS2_PLACEMENT_3D ( 'NONE', #1302, #557, #1611 ) ;
#955 = CARTESIAN_POINT ( 'NONE',  ( 4.555805433952622607, 7.763919350724530766, 2.192314546146025389 ) ) ;
#956 = EDGE_CURVE ( 'NONE', #96, #831, #248, .T. ) ;
#957 = ORIENTED_EDGE ( 'NONE', *, *, #1160, .T. ) ;
#958 = FACE_OUTER_BOUND ( 'NONE', #165, .T. ) ;
#959 = CYLINDRICAL_SURFACE ( 'NONE', #194, 0.2000000000000002887 ) ;
#960 = ORIENTED_EDGE ( 'NONE', *, *, #901, .F. ) ;
#961 = PLANE ( 'NONE',  #1082 ) ;
#962 = LINE ( 'NONE', #395, #1470 ) ;
#963 = ORIENTED_EDGE ( 'NONE', *, *, #1882, .F. ) ;
#964 = FACE_OUTER_BOUND ( 'NONE', #1406, .T. ) ;
#965 = CARTESIAN_POINT ( 'NONE',  ( 2.312024219028204541, 2.048942590553171517, -4.433344562587826054 ) ) ;
#966 = ORIENTED_EDGE ( 'NONE', *, *, #1924, .F. ) ;
#967 = ORIENTED_EDGE ( 'NONE', *, *, #1797, .F. ) ;
#968 = CARTESIAN_POINT ( 'NONE',  ( 2.472118714102116588, 3.116491533522731672, -7.239567554180995401 ) ) ;
#969 = CARTESIAN_POINT ( 'NONE',  ( -4.500000000000000000, 1.500000000000000444, -2.179449471770337432 ) ) ;
#970 = VERTEX_POINT ( 'NONE', #1819 ) ;
#971 = LINE ( 'NONE', #1129, #1587 ) ;
#972 = EDGE_CURVE ( 'NONE', #1695, #174, #40, .T. ) ;
#973 = CARTESIAN_POINT ( 'NONE',  ( -4.985102807365159983, 3.200000000000000178, 4.985102807365162647 ) ) ;
#974 = ORIENTED_EDGE ( 'NONE', *, *, #608, .F. ) ;
#975 = EDGE_LOOP ( 'NONE', ( #1365, #1545, #841, #219 ) ) ;
#976 = CARTESIAN_POINT ( 'NONE',  ( 1.045004651996030542, -1.407485477710246791, -1.045004651996023881 ) ) ;
#977 = ORIENTED_EDGE ( 'NONE', *, *, #541, .T. ) ;
#978 = FACE_OUTER_BOUND ( 'NONE', #1276, .T. ) ;
#979 = ADVANCED_FACE ( 'NONE', ( #1796 ), #1658, .T. ) ;
#980 = CARTESIAN_POINT ( 'NONE',  ( -5.107491688851570011, 3.089999999999999858, 2.986171345291844581 ) ) ;
#981 = VECTOR ( 'NONE', #1262, 1000.000000000000000 ) ;
#982 = EDGE_LOOP ( 'NONE', ( #1231, #391, #61, #1163 ) ) ;
#983 = FACE_OUTER_BOUND ( 'NONE', #941, .T. ) ;
#984 = DIRECTION ( 'NONE',  ( 0.000000000000000000, 1.000000000000000000, -0.000000000000000000 ) ) ;
#985 = AXIS2_PLACEMENT_3D ( 'NONE', #1787, #462, #1208 ) ;
#986 = VERTEX_POINT ( 'NONE', #1845 ) ;
#987 = PLANE ( 'NONE',  #1922 ) ;
#988 = CARTESIAN_POINT ( 'NONE',  ( 2.179449471770337432, 1.500000000000000444, -4.500000000000000000 ) ) ;
#989 = EDGE_CURVE ( 'NONE', #486, #453, #1098, .T. ) ;
#990 = VECTOR ( 'NONE', #455, 1000.000000000000000 ) ;
#991 = AXIS2_PLACEMENT_3D ( 'NONE', #1904, #1786, #597 ) ;
#992 = ORIENTED_EDGE ( 'NONE', *, *, #1235, .F. ) ;
#993 = ADVANCED_FACE ( 'NONE', ( #795 ), #1238, .F. ) ;
#994 = CARTESIAN_POINT ( 'NONE',  ( 1.060660171779811423, 4.585121964646132860E-16, 1.060660171779833627 ) ) ;
#995 = CIRCLE ( 'NONE', #141, 5.000000000000000000 ) ;
#996 = ORIENTED_EDGE ( 'NONE', *, *, #268, .T. ) ;
#997 = DIRECTION ( 'NONE',  ( 0.000000000000000000, 0.000000000000000000, 1.000000000000000000 ) ) ;
#998 = CARTESIAN_POINT ( 'NONE',  ( 4.843681451127850757, 3.200000000000000178, -4.843681451127848980 ) ) ;
#999 = AXIS2_PLACEMENT_3D ( 'NONE', #237, #116, #534 ) ;
#1000 = EDGE_CURVE ( 'NONE', #548, #1861, #1402, .T. ) ;
#1001 = EDGE_LOOP ( 'NONE', ( #1504, #1824, #390, #732 ) ) ;
#1002 = CARTESIAN_POINT ( 'NONE',  ( 0.000000000000000000, 7.500000000000000000, 0.000000000000000000 ) ) ;
#1003 = LINE ( 'NONE', #263, #320 ) ;
#1004 = EDGE_CURVE ( 'NONE', #1386, #883, #217, .T. ) ;
#1005 = ORIENTED_EDGE ( 'NONE', *, *, #632, .F. ) ;
#1006 = PLANE ( 'NONE',  #1270 ) ;
#1007 = CARTESIAN_POINT ( 'NONE',  ( -2.312024219028192551, 2.048942590553173293, -4.433344562587834048 ) ) ;
#1008 = AXIS2_PLACEMENT_3D ( 'NONE', #1137, #1892, #997 ) ;
#1009 = CARTESIAN_POINT ( 'NONE',  ( -7.279416985118926320, 3.101558808504983666, -2.352227884582228867 ) ) ;
#1010 = AXIS2_PLACEMENT_3D ( 'NONE', #587, #1940, #1055 ) ;
#1011 = LINE ( 'NONE', #1795, #762 ) ;
#1012 = CARTESIAN_POINT ( 'NONE',  ( -4.741034782807846071, 7.947103280109118373, -2.234160359978236254 ) ) ;
#1013 = DIRECTION ( 'NONE',  ( -0.5120428415488804674, -0.6896551724137937045, 0.5120428415488771368 ) ) ;
#1014 = EDGE_LOOP ( 'NONE', ( #1546, #34 ) ) ;
#1015 = LINE ( 'NONE', #1621, #1828 ) ;
#1016 = LINE ( 'NONE', #1326, #406 ) ;
#1017 = CARTESIAN_POINT ( 'NONE',  ( 2.966664951328145339, 3.021034482758619522, -5.087985294887761079 ) ) ;
#1018 = VERTEX_POINT ( 'NONE', #229 ) ;
#1019 = FACE_OUTER_BOUND ( 'NONE', #1934, .T. ) ;
#1020 = EDGE_CURVE ( 'NONE', #1829, #1274, #408, .T. ) ;
#1021 = VECTOR ( 'NONE', #1529, 1000.000000000000000 ) ;
#1022 = CARTESIAN_POINT ( 'NONE',  ( 4.046831517071719730, 4.909999999999999254, 4.046831517071717066 ) ) ;
#1023 = DIRECTION ( 'NONE',  ( 0.000000000000000000, 1.000000000000000000, 0.000000000000000000 ) ) ;
#1024 = CARTESIAN_POINT ( 'NONE',  ( 4.027325123107964089, 4.978965517241379146, -4.027325123107939220 ) ) ;
#1025 = VERTEX_POINT ( 'NONE', #864 ) ;
#1026 = DIRECTION ( 'NONE',  ( 0.7071067811865474617, 0.000000000000000000, 0.7071067811865476838 ) ) ;
#1027 = LINE ( 'NONE', #2, #1089 ) ;
#1028 = DIRECTION ( 'NONE',  ( -0.6936187941687648184, 0.000000000000000000, 0.7203422578024065714 ) ) ;
#1029 = ORIENTED_EDGE ( 'NONE', *, *, #1104, .T. ) ;
#1030 = DIRECTION ( 'NONE',  ( 0.000000000000000000, 1.000000000000000000, 0.000000000000000000 ) ) ;
#1031 = EDGE_CURVE ( 'NONE', #1883, #468, #693, .T. ) ;
#1032 = VECTOR ( 'NONE', #1575, 1000.000000000000000 ) ;
#1033 = AXIS2_PLACEMENT_3D ( 'NONE', #655, #1810, #163 ) ;
#1034 = PRODUCT_DEFINITION_SHAPE ( 'NONE', 'NONE',  #101 ) ;
#1035 = DIRECTION ( 'NONE',  ( 0.4876598490941711495, 0.7241379310344820963, 0.4876598490941711495 ) ) ;
#1036 = CARTESIAN_POINT ( 'NONE',  ( -2.571963978632910930, 3.176175380897987566, -7.204686064820229774 ) ) ;
#1037 = ORIENTED_EDGE ( 'NONE', *, *, #227, .F. ) ;
#1038 = CARTESIAN_POINT ( 'NONE',  ( 2.915460667173257026, 3.089999999999999858, -5.036781010732873654 ) ) ;
#1039 = CARTESIAN_POINT ( 'NONE',  ( 7.296724953260060431, 3.200000000000000178, 2.297891415291849704 ) ) ;
#1040 = CARTESIAN_POINT ( 'NONE',  ( 4.500000000000000000, 1.500000000000000444, 0.000000000000000000 ) ) ;
#1041 = ORIENTED_EDGE ( 'NONE', *, *, #480, .F. ) ;
#1042 = CARTESIAN_POINT ( 'NONE',  ( -7.296724953260062208, 3.200000000000000178, -2.297891415291845707 ) ) ;
#1043 = AXIS2_PLACEMENT_3D ( 'NONE', #145, #749, #111 ) ;
#1044 = ADVANCED_FACE ( 'NONE', ( #1103 ), #353, .T. ) ;
#1045 = B_SPLINE_CURVE_WITH_KNOTS ( 'NONE', 3,
 ( #716, #1907, #566, #1862, #928, #521 ),
 .UNSPECIFIED., .F., .F.,
 ( 4, 2, 4 ),
 ( -6.928927488288393153E-06, 0.0003913249075196667515, 0.0007895787425276218352 ),
 .UNSPECIFIED. ) ;
#1046 = ADVANCED_FACE ( 'NONE', ( #671, #526 ), #80, .F. ) ;
#1047 = CARTESIAN_POINT ( 'NONE',  ( 0.000000000000000000, 8.000000000000000000, -7.650000000000000355 ) ) ;
#1048 = CYLINDRICAL_SURFACE ( 'NONE', #1261, 5.000000000000000000 ) ;
#1049 = AXIS2_PLACEMENT_3D ( 'NONE', #973, #1724, #515 ) ;
#1050 = ORIENTED_EDGE ( 'NONE', *, *, #1256, .F. ) ;
#1051 = ORIENTED_EDGE ( 'NONE', *, *, #1578, .F. ) ;
#1052 = DIRECTION ( 'NONE',  ( 0.000000000000000000, 1.000000000000000000, 0.000000000000000000 ) ) ;
#1053 = CARTESIAN_POINT ( 'NONE',  ( 2.966664951328146227, 4.978965517241379146, -5.087985294887762855 ) ) ;
#1054 = EDGE_LOOP ( 'NONE', ( #374, #30, #370, #760 ) ) ;
#1055 = DIRECTION ( 'NONE',  ( -0.7071067811865474617, 0.000000000000000000, -0.7071067811865474617 ) ) ;
#1056 = DIRECTION ( 'NONE',  ( -0.7071067811865452413, 1.531342102931251612E-17, -0.7071067811865497932 ) ) ;
#1057 = CARTESIAN_POINT ( 'NONE',  ( -2.263182533822390319, 8.000000000000001776, -4.871246803256979341 ) ) ;
#1058 = ADVANCED_FACE ( 'NONE', ( #682 ), #723, .T. ) ;
#1059 = DIRECTION ( 'NONE',  ( 0.000000000000000000, 1.000000000000000000, -0.000000000000000000 ) ) ;
#1060 = AXIS2_PLACEMENT_3D ( 'NONE', #72, #829, #1579 ) ;
#1061 = CARTESIAN_POINT ( 'NONE',  ( 3.870068605369164860, 5.212479532407042093, -3.870068605369140435 ) ) ;
#1062 = EDGE_CURVE ( 'NONE', #274, #498, #1279, .T. ) ;
#1063 = VERTEX_POINT ( 'NONE', #1559 ) ;
#1064 = ORIENTED_EDGE ( 'NONE', *, *, #1313, .F. ) ;
#1065 = DIRECTION ( 'NONE',  ( 0.000000000000000000, -1.000000000000000000, 0.000000000000000000 ) ) ;
#1066 = CARTESIAN_POINT ( 'NONE',  ( -2.986171345291949830, 4.909999999999999254, 5.107491688851508727 ) ) ;
#1067 = ORIENTED_EDGE ( 'NONE', *, *, #119, .T. ) ;
#1068 = LINE ( 'NONE', #1525, #324 ) ;
#1069 = LINE ( 'NONE', #459, #9 ) ;
#1070 = LINE ( 'NONE', #1668, #1344 ) ;
#1071 = AXIS2_PLACEMENT_3D ( 'NONE', #1061, #1013, #421 ) ;
#1072 = CARTESIAN_POINT ( 'NONE',  ( -4.433344562587833160, 5.951057409446828039, -2.312024219028188554 ) ) ;
#1073 = CARTESIAN_POINT ( 'NONE',  ( -3.976120838953064673, 4.909999999999999254, -3.976120838953062009 ) ) ;
#1074 = ORIENTED_EDGE ( 'NONE', *, *, #505, .F. ) ;
#1075 = PLANE ( 'NONE',  #393 ) ;
#1076 = EDGE_CURVE ( 'NONE', #1752, #443, #962, .T. ) ;
#1077 = CARTESIAN_POINT ( 'NONE',  ( 4.500000000000000000, 1.500000000000000444, 2.179449471770337432 ) ) ;
#1078 = VERTEX_POINT ( 'NONE', #819 ) ;
#1079 = LINE ( 'NONE', #661, #1176 ) ;
#1080 = AXIS2_PLACEMENT_3D ( 'NONE', #349, #1683, #1813 ) ;
#1081 = DIRECTION ( 'NONE',  ( -0.4876598490941761455, 0.7241379310344824294, 0.4876598490941655983 ) ) ;
#1082 = AXIS2_PLACEMENT_3D ( 'NONE', #50, #648, #1215 ) ;
#1083 = ORIENTED_EDGE ( 'NONE', *, *, #426, .F. ) ;
#1084 = CARTESIAN_POINT ( 'NONE',  ( 4.400384907664998124, 6.000000000000000000, -2.279064564105333979 ) ) ;
#1085 = CARTESIAN_POINT ( 'NONE',  ( 4.934344465946484348, 3.000000000000000000, 4.751288740056039295 ) ) ;
#1086 = VERTEX_POINT ( 'NONE', #809 ) ;
#1087 = EDGE_LOOP ( 'NONE', ( #675, #1759, #1050, #545 ) ) ;
#1088 = PLANE ( 'NONE',  #1558 ) ;
#1089 = VECTOR ( 'NONE', #1780, 1000.000000000000000 ) ;
#1090 = CIRCLE ( 'NONE', #496, 5.000000000000000000 ) ;
#1091 = ORIENTED_EDGE ( 'NONE', *, *, #359, .T. ) ;
#1092 = ADVANCED_FACE ( 'NONE', ( #65 ), #1427, .T. ) ;
#1093 = PLANE ( 'NONE',  #625 ) ;
#1094 = ORIENTED_EDGE ( 'NONE', *, *, #1910, .T. ) ;
#1095 = LINE ( 'NONE', #1371, #868 ) ;
#1096 = CARTESIAN_POINT ( 'NONE',  ( 4.870299948342268870, 8.000000000000000000, 2.262975846492969012 ) ) ;
#1097 = ORIENTED_EDGE ( 'NONE', *, *, #699, .T. ) ;
#1098 = CIRCLE ( 'NONE', #1623, 0.1000000000000001443 ) ;
#1099 = CARTESIAN_POINT ( 'NONE',  ( 7.233617738330956115, 3.101480656498026178, -2.489507632570827411 ) ) ;
#1100 = DIRECTION ( 'NONE',  ( 0.7071067811865474617, 0.000000000000000000, 0.7071067811865474617 ) ) ;
#1101 = ORIENTED_EDGE ( 'NONE', *, *, #1615, .F. ) ;
#1102 = CARTESIAN_POINT ( 'NONE',  ( -4.500000000000000000, 1.500000000000000444, -2.179449471770337432 ) ) ;
#1103 = FACE_OUTER_BOUND ( 'NONE', #1299, .T. ) ;
#1104 = EDGE_CURVE ( 'NONE', #1452, #1652, #1188, .T. ) ;
#1105 = ORIENTED_EDGE ( 'NONE', *, *, #1867, .F. ) ;
#1106 = CARTESIAN_POINT ( 'NONE',  ( -4.499999999999998224, 7.633700821002010528, 2.179449471770337432 ) ) ;
#1107 = CARTESIAN_POINT ( 'NONE',  ( 7.138355639750680659, 3.000000000000000000, 2.750705138767090663 ) ) ;
#1108 = EDGE_LOOP ( 'NONE', ( #938, #591, #1374, #1041 ) ) ;
#1109 = DIRECTION ( 'NONE',  ( 0.7071067811865475727, -3.056747976430751789E-16, -0.7071067811865475727 ) ) ;
#1110 = LINE ( 'NONE', #1707, #209 ) ;
#1111 = ORIENTED_EDGE ( 'NONE', *, *, #1196, .F. ) ;
#1112 = EDGE_CURVE ( 'NONE', #846, #184, #589, .T. ) ;
#1113 = CARTESIAN_POINT ( 'NONE',  ( -4.843681451127849868, 8.000000000000000000, 4.843681451127852533 ) ) ;
#1114 = CARTESIAN_POINT ( 'NONE',  ( 4.500000000000000000, 7.499999999999998224, 2.179449471770337432 ) ) ;
#1115 = ADVANCED_FACE ( 'NONE', ( #1715 ), #1130, .F. ) ;
#1116 = CARTESIAN_POINT ( 'NONE',  ( -4.999999999999999112, 7.500000000000000000, 0.000000000000000000 ) ) ;
#1117 = CARTESIAN_POINT ( 'NONE',  ( 2.489362245493009329, 3.101558808504984110, -7.233668728588426688 ) ) ;
#1118 = CARTESIAN_POINT ( 'NONE',  ( -4.500000000000000000, 7.500000000000000000, 0.000000000000000000 ) ) ;
#1119 = EDGE_LOOP ( 'NONE', ( #722, #1051, #78, #1820 ) ) ;
#1120 = CARTESIAN_POINT ( 'NONE',  ( 3.226782805549681221, 5.626078208432424788, 3.956290731841334285 ) ) ;
#1121 = VECTOR ( 'NONE', #1607, 1000.000000000000000 ) ;
#1122 = DIRECTION ( 'NONE',  ( -0.5120428415488792462, 0.6896551724137933714, -0.5120428415488789131 ) ) ;
#1123 = EDGE_LOOP ( 'NONE', ( #709, #387, #189, #1770 ) ) ;
#1124 = CARTESIAN_POINT ( 'NONE',  ( -2.586524759049135813, 3.046453914618040937, 7.199611372740288395 ) ) ;
#1125 = ORIENTED_EDGE ( 'NONE', *, *, #227, .T. ) ;
#1126 = EDGE_CURVE ( 'NONE', #1925, #851, #1110, .T. ) ;
#1127 = AXIS2_PLACEMENT_3D ( 'NONE', #208, #631, #620 ) ;
#1128 = ORIENTED_EDGE ( 'NONE', *, *, #1298, .F. ) ;
#1129 = CARTESIAN_POINT ( 'NONE',  ( 2.179449471770337432, 1.500000000000000444, -4.500000000000000000 ) ) ;
#1130 = CYLINDRICAL_SURFACE ( 'NONE', #1049, 0.2000000000000002887 ) ;
#1131 = VERTEX_POINT ( 'NONE', #980 ) ;
#1132 = DIRECTION ( 'NONE',  ( -0.7071067811865401342, -3.056747976430752282E-16, -0.7071067811865550112 ) ) ;
#1133 = ORIENTED_EDGE ( 'NONE', *, *, #1229, .T. ) ;
#1134 = ORIENTED_EDGE ( 'NONE', *, *, #1004, .T. ) ;
#1135 = VECTOR ( 'NONE', #731, 1000.000000000000000 ) ;
#1136 = EDGE_LOOP ( 'NONE', ( #354, #1342, #1716, #1500, #1210, #339 ) ) ;
#1137 = CARTESIAN_POINT ( 'NONE',  ( 0.000000000000000000, 1.500000000000000444, 0.000000000000000000 ) ) ;
#1138 = EDGE_CURVE ( 'NONE', #311, #180, #365, .T. ) ;
#1139 = FACE_OUTER_BOUND ( 'NONE', #100, .T. ) ;
#1140 = EDGE_CURVE ( 'NONE', #647, #837, #88, .T. ) ;
#1141 = DIRECTION ( 'NONE',  ( 0.000000000000000000, 1.000000000000000000, 0.000000000000000000 ) ) ;
#1142 = ORIENTED_EDGE ( 'NONE', *, *, #1229, .F. ) ;
#1143 = VECTOR ( 'NONE', #1216, 1000.000000000000114 ) ;
#1144 = DIRECTION ( 'NONE',  ( 0.000000000000000000, -1.000000000000000000, 0.000000000000000000 ) ) ;
#1145 = FACE_OUTER_BOUND ( 'NONE', #272, .T. ) ;
#1146 = VECTOR ( 'NONE', #1026, 1000.000000000000000 ) ;
#1147 = VECTOR ( 'NONE', #1686, 1000.000000000000000 ) ;
#1148 = VERTEX_POINT ( 'NONE', #988 ) ;
#1149 = FILL_AREA_STYLE ('',( #1433 ) ) ;
#1150 = B_SPLINE_CURVE_WITH_KNOTS ( 'NONE', 3,
 ( #862, #1912, #420, #1012, #269, #869 ),
 .UNSPECIFIED., .F., .F.,
 ( 4, 2, 4 ),
 ( 0.000000000000000000, 0.0003953464452561770677, 0.0007906928905123541355 ),
 .UNSPECIFIED. ) ;
#1151 = ADVANCED_FACE ( 'NONE', ( #1597 ), #1927, .F. ) ;
#1152 = EDGE_CURVE ( 'NONE', #1244, #1386, #1653, .T. ) ;
#1153 = AXIS2_PLACEMENT_3D ( 'NONE', #1855, #1569, #1876 ) ;
#1154 = AXIS2_PLACEMENT_3D ( 'NONE', #1346, #1941, #1343 ) ;
#1155 = DIRECTION ( 'NONE',  ( -0.7071067811865547892, -0.000000000000000000, 0.7071067811865403563 ) ) ;
#1156 = AXIS2_PLACEMENT_3D ( 'NONE', #1443, #576, #1884 ) ;
#1157 = ORIENTED_EDGE ( 'NONE', *, *, #185, .F. ) ;
#1158 = DIRECTION ( 'NONE',  ( -0.000000000000000000, -1.000000000000000000, -0.000000000000000000 ) ) ;
#1159 = LINE ( 'NONE', #998, #299 ) ;
#1160 = EDGE_CURVE ( 'NONE', #1602, #184, #1791, .T. ) ;
#1161 = CARTESIAN_POINT ( 'NONE',  ( 2.291287847478249429, 8.000000000000000000, -4.999999999999999112 ) ) ;
#1162 = B_SPLINE_CURVE_WITH_KNOTS ( 'NONE', 3,
 ( #629, #161, #773, #754, #1057, #332 ),
 .UNSPECIFIED., .F., .F.,
 ( 4, 2, 4 ),
 ( 0.000000000000000000, 0.0003953464452561771219, 0.0007906928905123542439 ),
 .UNSPECIFIED. ) ;
#1163 = ORIENTED_EDGE ( 'NONE', *, *, #1910, .F. ) ;
#1164 = DIRECTION ( 'NONE',  ( 0.7071067811865474617, 0.000000000000000000, -0.7071067811865474617 ) ) ;
#1165 = CARTESIAN_POINT ( 'NONE',  ( 4.870299948342240448, 8.000000000000000000, -2.262975846493096022 ) ) ;
#1166 = VECTOR ( 'NONE', #799, 1000.000000000000000 ) ;
#1167 = EDGE_CURVE ( 'NONE', #58, #1896, #156, .T. ) ;
#1168 = DIRECTION ( 'NONE',  ( -0.7071067811865540120, 0.000000000000000000, 0.7071067811865410224 ) ) ;
#1169 = DIRECTION ( 'NONE',  ( 0.7071067811865401342, 0.000000000000000000, 0.7071067811865550112 ) ) ;
#1170 = EDGE_CURVE ( 'NONE', #503, #1883, #1174, .T. ) ;
#1171 = ORIENTED_EDGE ( 'NONE', *, *, #397, .T. ) ;
#1172 = VECTOR ( 'NONE', #1467, 1000.000000000000000 ) ;
#1173 = FACE_OUTER_BOUND ( 'NONE', #653, .T. ) ;
#1174 = LINE ( 'NONE', #881, #560 ) ;
#1175 = CARTESIAN_POINT ( 'NONE',  ( 3.976120838953075776, 4.910000000000000142, -3.976120838953050907 ) ) ;
#1176 = VECTOR ( 'NONE', #807, 1000.000000000000114 ) ;
#1177 = VERTEX_POINT ( 'NONE', #1772 ) ;
#1178 = CARTESIAN_POINT ( 'NONE',  ( 2.571963978632909154, 3.176175380897986233, 7.204686064820229774 ) ) ;
#1179 = DIRECTION ( 'NONE',  ( 0.000000000000000000, 0.000000000000000000, 1.000000000000000000 ) ) ;
#1180 = DIRECTION ( 'NONE',  ( 0.000000000000000000, 0.000000000000000000, 1.000000000000000000 ) ) ;
#1181 = ORIENTED_EDGE ( 'NONE', *, *, #1140, .F. ) ;
#1182 = CARTESIAN_POINT ( 'NONE',  ( 2.179449471770337432, 1.500000000000000444, 4.500000000000000000 ) ) ;
#1183 = CARTESIAN_POINT ( 'NONE',  ( -4.500000000000000000, 1.500000000000000444, 0.000000000000000000 ) ) ;
#1184 = EDGE_CURVE ( 'NONE', #1640, #1391, #1502, .T. ) ;
#1185 = CARTESIAN_POINT ( 'NONE',  ( 4.433344562587840265, 2.048942590553171961, -2.312024219028176120 ) ) ;
#1186 = VERTEX_POINT ( 'NONE', #1622 ) ;
#1187 = DIRECTION ( 'NONE',  ( 0.000000000000000000, 1.000000000000000000, 0.000000000000000000 ) ) ;
#1188 = CIRCLE ( 'NONE', #1451, 7.650000000000000355 ) ;
#1189 = CARTESIAN_POINT ( 'NONE',  ( -2.279064564105393487, 6.000000000000000000, 4.400384907664967038 ) ) ;
#1190 = ORIENTED_EDGE ( 'NONE', *, *, #1272, .F. ) ;
#1191 = LINE ( 'NONE', #416, #1172 ) ;
#1192 = DIRECTION ( 'NONE',  ( -0.000000000000000000, -1.000000000000000000, 0.000000000000000000 ) ) ;
#1193 = EDGE_CURVE ( 'NONE', #274, #1752, #741, .T. ) ;
#1194 = VERTEX_POINT ( 'NONE', #1202 ) ;
#1195 = CARTESIAN_POINT ( 'NONE',  ( -7.293768092963841099, 3.153845617810560498, -2.307304989425262853 ) ) ;
#1196 = EDGE_CURVE ( 'NONE', #1877, #1829, #916, .T. ) ;
#1197 = FACE_OUTER_BOUND ( 'NONE', #623, .T. ) ;
#1198 = DIRECTION ( 'NONE',  ( -0.000000000000000000, -1.000000000000000000, -0.000000000000000000 ) ) ;
#1199 = CIRCLE ( 'NONE', #1458, 5.500000000000000000 ) ;
#1200 = CARTESIAN_POINT ( 'NONE',  ( 0.000000000000000000, 1.500000000000000444, 0.000000000000000000 ) ) ;
#1201 = ORIENTED_EDGE ( 'NONE', *, *, #1867, .T. ) ;
#1202 = CARTESIAN_POINT ( 'NONE',  ( -7.296724953260060431, 8.000000000000000000, -2.297891415291851924 ) ) ;
#1203 = ORIENTED_EDGE ( 'NONE', *, *, #1170, .F. ) ;
#1204 = CARTESIAN_POINT ( 'NONE',  ( 2.625752043686317538, 3.101480656498022626, 7.185283574223202407 ) ) ;
#1205 = DIRECTION ( 'NONE',  ( -0.7071067811865477948, -0.000000000000000000, -0.7071067811865473507 ) ) ;
#1206 = DIRECTION ( 'NONE',  ( 0.000000000000000000, -1.000000000000000000, 0.000000000000000000 ) ) ;
#1207 = EDGE_CURVE ( 'NONE', #1877, #843, #873, .T. ) ;
#1208 = DIRECTION ( 'NONE',  ( 0.000000000000000000, 0.000000000000000000, 1.000000000000000000 ) ) ;
#1209 = CARTESIAN_POINT ( 'NONE',  ( -2.915460667173242815, 4.909999999999999254, -5.036781010732885200 ) ) ;
#1210 = ORIENTED_EDGE ( 'NONE', *, *, #886, .T. ) ;
#1211 = ORIENTED_EDGE ( 'NONE', *, *, #725, .T. ) ;
#1212 = CARTESIAN_POINT ( 'NONE',  ( 2.279064564105362400, 6.000000000000000000, -4.400384907664983025 ) ) ;
#1213 = CYLINDRICAL_SURFACE ( 'NONE', #385, 0.09999999999999983902 ) ;
#1214 = ORIENTED_EDGE ( 'NONE', *, *, #1606, .T. ) ;
#1215 = DIRECTION ( 'NONE',  ( -0.7071067811865473507, 0.000000000000000000, 0.7071067811865477948 ) ) ;
#1216 = DIRECTION ( 'NONE',  ( 0.7071067811865403563, -1.082467449009526616E-16, 0.7071067811865547892 ) ) ;
#1217 = CARTESIAN_POINT ( 'NONE',  ( 0.000000000000000000, 3.000000000000000000, 0.000000000000000000 ) ) ;
#1218 = EDGE_CURVE ( 'NONE', #1812, #260, #1836, .T. ) ;
#1219 = CARTESIAN_POINT ( 'NONE',  ( -3.956290731841368036, 2.373921791567575657, 3.226782805549640809 ) ) ;
#1220 = FACE_OUTER_BOUND ( 'NONE', #304, .T. ) ;
#1221 = ORIENTED_EDGE ( 'NONE', *, *, #1140, .T. ) ;
#1222 = DIRECTION ( 'NONE',  ( 0.000000000000000000, -0.000000000000000000, 1.000000000000000000 ) ) ;
#1223 = DIRECTION ( 'NONE',  ( 0.7071067811865474617, 0.000000000000000000, 0.7071067811865474617 ) ) ;
#1224 = ORIENTED_EDGE ( 'NONE', *, *, #1549, .F. ) ;
#1225 = CARTESIAN_POINT ( 'NONE',  ( 7.296724953260060431, 3.000000000000000000, 2.297891415291850148 ) ) ;
#1226 = CARTESIAN_POINT ( 'NONE',  ( -2.312024219028190775, 5.951057409446828039, -4.433344562587832272 ) ) ;
#1227 = AXIS2_PLACEMENT_3D ( 'NONE', #427, #603, #882 ) ;
#1228 = ORIENTED_EDGE ( 'NONE', *, *, #1827, .T. ) ;
#1229 = EDGE_CURVE ( 'NONE', #58, #1078, #1027, .T. ) ;
#1230 = DIRECTION ( 'NONE',  ( 0.7071067811865473507, 8.049116928532377276E-17, -0.7071067811865477948 ) ) ;
#1231 = ORIENTED_EDGE ( 'NONE', *, *, #1031, .F. ) ;
#1232 = ORIENTED_EDGE ( 'NONE', *, *, #73, .F. ) ;
#1233 = DIRECTION ( 'NONE',  ( 0.000000000000000000, 1.000000000000000000, 0.000000000000000000 ) ) ;
#1234 = AXIS2_PLACEMENT_3D ( 'NONE', #1454, #1273, #75 ) ;
#1235 = EDGE_CURVE ( 'NONE', #1025, #1829, #445, .T. ) ;
#1236 = ORIENTED_EDGE ( 'NONE', *, *, #738, .T. ) ;
#1237 = CARTESIAN_POINT ( 'NONE',  ( -7.296724953260062208, 3.000000000000000000, -2.297891415291845707 ) ) ;
#1238 = CYLINDRICAL_SURFACE ( 'NONE', #1878, 0.2000000000000002331 ) ;
#1239 = VERTEX_POINT ( 'NONE', #584 ) ;
#1240 = DIRECTION ( 'NONE',  ( 0.6936187941687647074, 0.000000000000000000, -0.7203422578024066825 ) ) ;
#1241 = FACE_OUTER_BOUND ( 'NONE', #816, .T. ) ;
#1242 = CARTESIAN_POINT ( 'NONE',  ( -2.179449471770337432, 7.499999999999998224, -4.500000000000000000 ) ) ;
#1243 = VECTOR ( 'NONE', #547, 1000.000000000000114 ) ;
#1244 = VERTEX_POINT ( 'NONE', #434 ) ;
#1245 = CARTESIAN_POINT ( 'NONE',  ( -4.433344562587855364, 5.951057409446828927, 2.312024219028143701 ) ) ;
#1246 = EDGE_CURVE ( 'NONE', #633, #1630, #995, .T. ) ;
#1247 = DIRECTION ( 'NONE',  ( 0.000000000000000000, 1.000000000000000000, -0.000000000000000000 ) ) ;
#1248 = VECTOR ( 'NONE', #730, 1000.000000000000114 ) ;
#1249 = VERTEX_POINT ( 'NONE', #305 ) ;
#1250 = LINE ( 'NONE', #1848, #900 ) ;
#1251 = CARTESIAN_POINT ( 'NONE',  ( -2.435362535369392845, 8.000000000000000000, 7.252000366886310445 ) ) ;
#1252 = EDGE_LOOP ( 'NONE', ( #1264, #613, #1157, #1563 ) ) ;
#1253 = CARTESIAN_POINT ( 'NONE',  ( 2.312024219028203653, 5.951057409446828039, -4.433344562587824278 ) ) ;
#1254 = ORIENTED_EDGE ( 'NONE', *, *, #1689, .F. ) ;
#1255 = CARTESIAN_POINT ( 'NONE',  ( -4.027325123107993399, 3.021034482758622186, 4.027325123107909910 ) ) ;
#1256 = EDGE_CURVE ( 'NONE', #96, #1675, #768, .T. ) ;
#1257 = DIRECTION ( 'NONE',  ( 0.000000000000000000, 0.000000000000000000, 1.000000000000000000 ) ) ;
#1258 = EDGE_CURVE ( 'NONE', #311, #260, #759, .T. ) ;
#1259 = VERTEX_POINT ( 'NONE', #905 ) ;
#1260 = CARTESIAN_POINT ( 'NONE',  ( 4.999999999999999112, 8.000000000000000000, 2.291287847478249429 ) ) ;
#1261 = AXIS2_PLACEMENT_3D ( 'NONE', #1361, #728, #301 ) ;
#1262 = DIRECTION ( 'NONE',  ( -0.000000000000000000, 1.000000000000000000, -0.000000000000000000 ) ) ;
#1263 = ORIENTED_EDGE ( 'NONE', *, *, #1112, .T. ) ;
#1264 = ORIENTED_EDGE ( 'NONE', *, *, #989, .F. ) ;
#1265 = LINE ( 'NONE', #204, #1320 ) ;
#1266 = EDGE_LOOP ( 'NONE', ( #1725, #992, #1224, #239 ) ) ;
#1267 = CARTESIAN_POINT ( 'NONE',  ( 0.000000000000000000, 0.000000000000000000, 0.000000000000000000 ) ) ;
#1268 = CIRCLE ( 'NONE', #1785, 0.1000000000000001443 ) ;
#1269 = CARTESIAN_POINT ( 'NONE',  ( 0.000000000000000000, 1.500000000000000444, 0.000000000000000000 ) ) ;
#1270 = AXIS2_PLACEMENT_3D ( 'NONE', #433, #1926, #740 ) ;
#1271 = ORIENTED_EDGE ( 'NONE', *, *, #43, .T. ) ;
#1272 = EDGE_CURVE ( 'NONE', #1177, #1086, #1016, .T. ) ;
#1273 = DIRECTION ( 'NONE',  ( 0.7071067811865401342, 0.000000000000000000, 0.7071067811865550112 ) ) ;
#1274 = VERTEX_POINT ( 'NONE', #1511 ) ;
#1275 = FACE_OUTER_BOUND ( 'NONE', #1847, .T. ) ;
#1276 = EDGE_LOOP ( 'NONE', ( #123, #1915, #337, #516 ) ) ;
#1277 = FACE_OUTER_BOUND ( 'NONE', #1857, .T. ) ;
#1278 = VECTOR ( 'NONE', #866, 1000.000000000000000 ) ;
#1279 = LINE ( 'NONE', #952, #1773 ) ;
#1280 = ORIENTED_EDGE ( 'NONE', *, *, #1743, .T. ) ;
#1281 = CARTESIAN_POINT ( 'NONE',  ( -2.885102807365160338, 3.000000000000000000, 7.085102807365162292 ) ) ;
#1282 = EDGE_CURVE ( 'NONE', #1025, #843, #282, .T. ) ;
#1283 = ORIENTED_EDGE ( 'NONE', *, *, #330, .T. ) ;
#1284 = CARTESIAN_POINT ( 'NONE',  ( 3.870068605369154202, 5.212479532407042093, 3.870068605369151538 ) ) ;
#1285 = AXIS2_PLACEMENT_3D ( 'NONE', #460, #921, #485 ) ;
#1286 = VERTEX_POINT ( 'NONE', #1364 ) ;
#1287 = LINE ( 'NONE', #97, #578 ) ;
#1288 = DIRECTION ( 'NONE',  ( 0.7071067811865477948, 0.000000000000000000, 0.7071067811865473507 ) ) ;
#1289 = CARTESIAN_POINT ( 'NONE',  ( 0.000000000000000000, 8.000000000000000000, 0.000000000000000000 ) ) ;
#1290 = ORIENTED_EDGE ( 'NONE', *, *, #972, .F. ) ;
#1291 = DIRECTION ( 'NONE',  ( 0.7071067811865475727, 0.000000000000000000, -0.7071067811865475727 ) ) ;
#1292 = ORIENTED_EDGE ( 'NONE', *, *, #1481, .F. ) ;
#1293 = ORIENTED_EDGE ( 'NONE', *, *, #1635, .T. ) ;
#1294 = ORIENTED_EDGE ( 'NONE', *, *, #848, .F. ) ;
#1295 = DIRECTION ( 'NONE',  ( 0.000000000000000000, 0.000000000000000000, 1.000000000000000000 ) ) ;
#1296 = B_SPLINE_CURVE_WITH_KNOTS ( 'NONE', 3,
 ( #724, #1165, #1764, #605, #1469, #1794 ),
 .UNSPECIFIED., .F., .F.,
 ( 4, 2, 4 ),
 ( -6.928927488288763306E-06, 0.0003913249075196664263, 0.0007895787425276216184 ),
 .UNSPECIFIED. ) ;
#1297 = AXIS2_PLACEMENT_3D ( 'NONE', #1923, #581, #1180 ) ;
#1298 = EDGE_CURVE ( 'NONE', #915, #1413, #615, .T. ) ;
#1299 = EDGE_LOOP ( 'NONE', ( #524, #1310, #1128, #849, #645, #977 ) ) ;
#1300 = CARTESIAN_POINT ( 'NONE',  ( -2.712967541895485279, 3.008500636646443738, 7.153346357285057522 ) ) ;
#1301 = LINE ( 'NONE', #1628, #1837 ) ;
#1302 = CARTESIAN_POINT ( 'NONE',  ( 0.000000000000000000, 3.000000000000000000, 0.000000000000000000 ) ) ;
#1303 = STYLED_ITEM ( 'NONE', ( #254 ), #479 ) ;
#1304 = CARTESIAN_POINT ( 'NONE',  ( -7.120239627063072341, 3.000000000000000000, 2.798815421262993652 ) ) ;
#1305 = ORIENTED_EDGE ( 'NONE', *, *, #738, .F. ) ;
#1306 =( LENGTH_UNIT ( ) NAMED_UNIT ( * ) SI_UNIT ( .MILLI., .METRE. ) );
#1307 = ADVANCED_FACE ( 'NONE', ( #1584 ), #405, .T. ) ;
#1308 = CARTESIAN_POINT ( 'NONE',  ( -5.107491688851539813, 4.910000000000000142, -2.986171345291896095 ) ) ;
#1309 = CARTESIAN_POINT ( 'NONE',  ( -2.312024219028190775, 5.951057409446828039, -4.433344562587832272 ) ) ;
#1310 = ORIENTED_EDGE ( 'NONE', *, *, #1894, .T. ) ;
#1311 = DIRECTION ( 'NONE',  ( 0.000000000000000000, 1.000000000000000000, 0.000000000000000000 ) ) ;
#1312 = CARTESIAN_POINT ( 'NONE',  ( 3.018470195263254219, 3.000000000000000000, 7.029319859012494121 ) ) ;
#1313 = EDGE_CURVE ( 'NONE', #501, #1259, #1503, .T. ) ;
#1314 = EDGE_CURVE ( 'NONE', #970, #115, #1159, .T. ) ;
#1315 = DIRECTION ( 'NONE',  ( -0.000000000000000000, 1.000000000000000000, -0.000000000000000000 ) ) ;
#1316 = ORIENTED_EDGE ( 'NONE', *, *, #1936, .T. ) ;
#1317 = CARTESIAN_POINT ( 'NONE',  ( 4.843681451127850757, 8.000000000000000000, -4.843681451127848980 ) ) ;
#1318 = DIRECTION ( 'NONE',  ( 0.000000000000000000, 0.000000000000000000, 1.000000000000000000 ) ) ;
#1319 = CARTESIAN_POINT ( 'NONE',  ( -4.843681451127849868, 3.000000000000000000, 4.843681451127852533 ) ) ;
#1320 = VECTOR ( 'NONE', #360, 1000.000000000000000 ) ;
#1321 = DIRECTION ( 'NONE',  ( 0.7071067811865403563, 1.360023205165816614E-16, 0.7071067811865549002 ) ) ;
#1322 = ADVANCED_FACE ( 'NONE', ( #852 ), #1739, .T. ) ;
#1323 = CARTESIAN_POINT ( 'NONE',  ( 0.000000000000000000, 7.500000000000000000, -4.999999999999999112 ) ) ;
#1324 = CARTESIAN_POINT ( 'NONE',  ( -4.500000000000000000, 7.499999999999998224, -2.179449471770337432 ) ) ;
#1325 = ORIENTED_EDGE ( 'NONE', *, *, #258, .F. ) ;
#1326 = CARTESIAN_POINT ( 'NONE',  ( 5.107491688851539813, 4.950000000000000178, 2.986171345291895651 ) ) ;
#1327 = PLANE ( 'NONE',  #542 ) ;
#1328 = AXIS2_PLACEMENT_3D ( 'NONE', #1389, #1109, #1815 ) ;
#1329 = ORIENTED_EDGE ( 'NONE', *, *, #142, .T. ) ;
#1330 = FACE_OUTER_BOUND ( 'NONE', #428, .T. ) ;
#1331 = AXIS2_PLACEMENT_3D ( 'NONE', #1626, #1505, #139 ) ;
#1332 = CARTESIAN_POINT ( 'NONE',  ( 0.000000000000000000, 8.000000000000000000, 0.000000000000000000 ) ) ;
#1333 = CARTESIAN_POINT ( 'NONE',  ( -3.226782805549681665, 2.373921791567575657, -3.956290731841335173 ) ) ;
#1334 = EDGE_CURVE ( 'NONE', #1834, #837, #262, .T. ) ;
#1335 = CARTESIAN_POINT ( 'NONE',  ( -2.312024219028189886, 1.500000000000000444, -4.433344562587831383 ) ) ;
#1336 = ORIENTED_EDGE ( 'NONE', *, *, #659, .T. ) ;
#1337 = FACE_OUTER_BOUND ( 'NONE', #474, .T. ) ;
#1338 = CARTESIAN_POINT ( 'NONE',  ( -2.179449471770337432, 1.500000000000000444, 4.500000000000000000 ) ) ;
#1339 = VECTOR ( 'NONE', #1802, 1000.000000000000114 ) ;
#1340 = ADVANCED_FACE ( 'NONE', ( #1139 ), #87, .F. ) ;
#1341 = DIRECTION ( 'NONE',  ( 0.000000000000000000, 0.000000000000000000, 1.000000000000000000 ) ) ;
#1342 = ORIENTED_EDGE ( 'NONE', *, *, #608, .T. ) ;
#1343 = DIRECTION ( 'NONE',  ( 0.7071067811865473507, 0.000000000000000000, -0.7071067811865477948 ) ) ;
#1344 = VECTOR ( 'NONE', #1081, 1000.000000000000227 ) ;
#1345 = VECTOR ( 'NONE', #1383, 1000.000000000000114 ) ;
#1346 = CARTESIAN_POINT ( 'NONE',  ( 4.046831517071719730, 0.000000000000000000, 4.046831517071717066 ) ) ;
#1347 = CARTESIAN_POINT ( 'NONE',  ( 0.000000000000000000, 7.500000000000000000, 0.000000000000000000 ) ) ;
#1348 = CARTESIAN_POINT ( 'NONE',  ( -5.036781010732915398, 3.090000000000000746, 2.915460667173189968 ) ) ;
#1349 = VERTEX_POINT ( 'NONE', #1007 ) ;
#1350 = CYLINDRICAL_SURFACE ( 'NONE', #130, 0.1000000000000001443 ) ;
#1351 = PRODUCT_RELATED_PRODUCT_CATEGORY ( 'part', '', ( #196 ) ) ;
#1352 = DIRECTION ( 'NONE',  ( -0.000000000000000000, 1.000000000000000000, -0.000000000000000000 ) ) ;
#1353 = CYLINDRICAL_SURFACE ( 'NONE', #313, 0.2000000000000002331 ) ;
#1354 = ORIENTED_EDGE ( 'NONE', *, *, #1498, .T. ) ;
#1355 = CARTESIAN_POINT ( 'NONE',  ( -7.284988917792943219, 3.116491533522731672, -2.334875965827334365 ) ) ;
#1356 = EDGE_CURVE ( 'NONE', #548, #1883, #266, .T. ) ;
#1357 = B_SPLINE_CURVE_WITH_KNOTS ( 'NONE', 3,
 ( #1373, #1860, #346, #947, #1822, #24, #1562, #510, #199, #1107 ),
 .UNSPECIFIED., .F., .F.,
 ( 4, 2, 2, 2, 4 ),
 ( 0.000000000000000000, 7.024607880191284862E-05, 0.0001404921576038256972, 0.0002809843152076510692, 0.0005619686304153021384 ),
 .UNSPECIFIED. ) ;
#1358 = CARTESIAN_POINT ( 'NONE',  ( -3.956290731841335173, 5.626078208432425676, -3.226782805549678113 ) ) ;
#1359 = VECTOR ( 'NONE', #11, 1000.000000000000114 ) ;
#1360 = DIRECTION ( 'NONE',  ( -0.7071067811865451302, 0.000000000000000000, -0.7071067811865500152 ) ) ;
#1361 = CARTESIAN_POINT ( 'NONE',  ( 0.000000000000000000, 1.500000000000000444, 0.000000000000000000 ) ) ;
#1362 = ORIENTED_EDGE ( 'NONE', *, *, #659, .F. ) ;
#1363 = ORIENTED_EDGE ( 'NONE', *, *, #933, .F. ) ;
#1364 = CARTESIAN_POINT ( 'NONE',  ( -7.252000366886311333, 3.200000000000000178, 2.435362535369389292 ) ) ;
#1365 = ORIENTED_EDGE ( 'NONE', *, *, #1298, .T. ) ;
#1366 = LINE ( 'NONE', #1255, #1526 ) ;
#1367 = AXIS2_PLACEMENT_3D ( 'NONE', #1347, #1023, #1755 ) ;
#1368 = CARTESIAN_POINT ( 'NONE',  ( -4.046831517071759698, 4.909999999999999254, 4.046831517071677098 ) ) ;
#1369 = ADVANCED_FACE ( 'NONE', ( #691 ), #121, .T. ) ;
#1370 = DIRECTION ( 'NONE',  ( 0.6936187941687648184, -0.000000000000000000, -0.7203422578024066825 ) ) ;
#1371 = CARTESIAN_POINT ( 'NONE',  ( -2.986171345291948942, 4.950000000000000178, 5.107491688851508727 ) ) ;
#1372 = CIRCLE ( 'NONE', #1740, 5.000000000000000000 ) ;
#1373 = CARTESIAN_POINT ( 'NONE',  ( 7.296724953260060431, 3.200000000000000178, 2.297891415291850148 ) ) ;
#1374 = ORIENTED_EDGE ( 'NONE', *, *, #1936, .F. ) ;
#1375 = ORIENTED_EDGE ( 'NONE', *, *, #735, .F. ) ;
#1376 = DIRECTION ( 'NONE',  ( -0.000000000000000000, 1.000000000000000000, -0.000000000000000000 ) ) ;
#1377 = ORIENTED_EDGE ( 'NONE', *, *, #1258, .F. ) ;
#1378 = CARTESIAN_POINT ( 'NONE',  ( -1.045004651996027434, -1.407485477710246791, -1.045004651996026768 ) ) ;
#1379 = DIRECTION ( 'NONE',  ( -0.4876598490941762565, -0.7241379310344820963, 0.4876598490941660424 ) ) ;
#1380 = PLANE ( 'NONE',  #270 ) ;
#1381 = ORIENTED_EDGE ( 'NONE', *, *, #330, .F. ) ;
#1382 = ADVANCED_FACE ( 'NONE', ( #3 ), #1213, .F. ) ;
#1383 = DIRECTION ( 'NONE',  ( -0.6936187941687647074, 0.000000000000000000, 0.7203422578024065714 ) ) ;
#1384 = PLANE ( 'NONE',  #74 ) ;
#1385 = ORIENTED_EDGE ( 'NONE', *, *, #1160, .F. ) ;
#1386 = VERTEX_POINT ( 'NONE', #624 ) ;
#1387 = DIRECTION ( 'NONE',  ( -0.7071067811865475727, -3.056747976430751296E-16, 0.7071067811865475727 ) ) ;
#1388 = ORIENTED_EDGE ( 'NONE', *, *, #238, .T. ) ;
#1389 = CARTESIAN_POINT ( 'NONE',  ( -5.036781010732885200, 3.090000000000000746, -2.915460667173241038 ) ) ;
#1390 = CARTESIAN_POINT ( 'NONE',  ( 2.312024219028203653, 5.951057409446828039, -4.433344562587824278 ) ) ;
#1391 = VERTEX_POINT ( 'NONE', #1522 ) ;
#1392 = CIRCLE ( 'NONE', #1297, 7.650000000000000355 ) ;
#1393 = LINE ( 'NONE', #786, #1542 ) ;
#1394 = PLANE ( 'NONE',  #352 ) ;
#1395 = ADVANCED_FACE ( 'NONE', ( #16 ), #1353, .F. ) ;
#1396 = VERTEX_POINT ( 'NONE', #1185 ) ;
#1397 = CARTESIAN_POINT ( 'NONE',  ( 2.435362535369389736, 3.176207172489684982, -7.252000366886310445 ) ) ;
#1398 = ORIENTED_EDGE ( 'NONE', *, *, #1235, .T. ) ;
#1399 = DIRECTION ( 'NONE',  ( -0.7071067811865473507, 2.775557561562891351E-17, 0.7071067811865477948 ) ) ;
#1400 = VECTOR ( 'NONE', #1379, 1000.000000000000114 ) ;
#1401 = AXIS2_PLACEMENT_3D ( 'NONE', #1642, #1463, #292 ) ;
#1402 = LINE ( 'NONE', #53, #1846 ) ;
#1403 = ORIENTED_EDGE ( 'NONE', *, *, #1004, .F. ) ;
#1404 = FACE_OUTER_BOUND ( 'NONE', #1474, .T. ) ;
#1405 = DIRECTION ( 'NONE',  ( 0.6936187941687647074, 0.000000000000000000, -0.7203422578024065714 ) ) ;
#1406 = EDGE_LOOP ( 'NONE', ( #1280, #1839, #283, #230 ) ) ;
#1407 = ORIENTED_EDGE ( 'NONE', *, *, #1743, .F. ) ;
#1408 = CARTESIAN_POINT ( 'NONE',  ( 7.252000366886311333, 3.200000000000000178, -2.435362535369390180 ) ) ;
#1409 = CARTESIAN_POINT ( 'NONE',  ( 3.956290731841345831, 5.626078208432423011, -3.226782805549667899 ) ) ;
#1410 = EDGE_CURVE ( 'NONE', #1396, #1620, #1803, .T. ) ;
#1411 = FACE_OUTER_BOUND ( 'NONE', #89, .T. ) ;
#1412 = VECTOR ( 'NONE', #1444, 1000.000000000000000 ) ;
#1413 = VERTEX_POINT ( 'NONE', #1053 ) ;
#1414 = CARTESIAN_POINT ( 'NONE',  ( -7.171856393899841642, 2.999999999999999556, -2.663767322733573639 ) ) ;
#1415 = ADVANCED_FACE ( 'NONE', ( #447 ), #893, .F. ) ;
#1416 = DIRECTION ( 'NONE',  ( -0.7071067811865451302, 0.000000000000000000, -0.7071067811865500152 ) ) ;
#1417 = DIRECTION ( 'NONE',  ( 0.000000000000000000, 0.000000000000000000, 1.000000000000000000 ) ) ;
#1418 = VECTOR ( 'NONE', #1352, 1000.000000000000000 ) ;
#1419 = ORIENTED_EDGE ( 'NONE', *, *, #774, .T. ) ;
#1420 = CARTESIAN_POINT ( 'NONE',  ( -2.966664951328131128, 4.978965517241379146, -5.087985294887771737 ) ) ;
#1421 = ORIENTED_EDGE ( 'NONE', *, *, #551, .T. ) ;
#1422 = VERTEX_POINT ( 'NONE', #1017 ) ;
#1423 = CARTESIAN_POINT ( 'NONE',  ( -4.433344562587856252, 2.048942590553170628, 2.312024219028144145 ) ) ;
#1424 = VERTEX_POINT ( 'NONE', #1066 ) ;
#1425 = DIRECTION ( 'NONE',  ( 0.000000000000000000, 0.000000000000000000, -1.000000000000000000 ) ) ;
#1426 = EDGE_CURVE ( 'NONE', #806, #1249, #569, .T. ) ;
#1427 = PLANE ( 'NONE',  #90 ) ;
#1428 = ORIENTED_EDGE ( 'NONE', *, *, #818, .F. ) ;
#1429 = CARTESIAN_POINT ( 'NONE',  ( -2.966664951328131128, 3.021034482758621298, -5.087985294887771737 ) ) ;
#1430 = CYLINDRICAL_SURFACE ( 'NONE', #1872, 7.650000000000000355 ) ;
#1431 = DIRECTION ( 'NONE',  ( 0.7071067811865474617, 0.000000000000000000, 0.7071067811865476838 ) ) ;
#1432 = ORIENTED_EDGE ( 'NONE', *, *, #1076, .T. ) ;
#1433 = FILL_AREA_STYLE_COLOUR ( '', #1641 ) ;
#1434 = DIRECTION ( 'NONE',  ( -0.000000000000000000, 1.000000000000000000, -0.000000000000000000 ) ) ;
#1435 = EDGE_CURVE ( 'NONE', #1727, #1131, #456, .T. ) ;
#1436 = ORIENTED_EDGE ( 'NONE', *, *, #22, .T. ) ;
#1437 = FACE_OUTER_BOUND ( 'NONE', #344, .T. ) ;
#1438 = ORIENTED_EDGE ( 'NONE', *, *, #1207, .F. ) ;
#1439 = CARTESIAN_POINT ( 'NONE',  ( 2.986171345291897872, 4.909999999999999254, 5.107491688851538925 ) ) ;
#1440 = ORIENTED_EDGE ( 'NONE', *, *, #1138, .F. ) ;
#1441 = DIRECTION ( 'NONE',  ( 0.000000000000000000, 0.000000000000000000, 1.000000000000000000 ) ) ;
#1442 = CIRCLE ( 'NONE', #836, 0.1000000000000001443 ) ;
#1443 = CARTESIAN_POINT ( 'NONE',  ( 0.000000000000000000, 3.000000000000000000, 0.000000000000000000 ) ) ;
#1444 = DIRECTION ( 'NONE',  ( -0.000000000000000000, 1.000000000000000000, -0.000000000000000000 ) ) ;
#1445 = EDGE_LOOP ( 'NONE', ( #147, #778, #685, #177 ) ) ;
#1446 = ADVANCED_FACE ( 'NONE', ( #1654 ), #1327, .F. ) ;
#1447 = CARTESIAN_POINT ( 'NONE',  ( -2.571963978632912706, 3.000000000000000000, -7.204686064820227998 ) ) ;
#1448 = ADVANCED_FACE ( 'NONE', ( #1937 ), #1644, .T. ) ;
#1449 = VERTEX_POINT ( 'NONE', #1554 ) ;
#1450 = DIRECTION ( 'NONE',  ( 0.000000000000000000, 0.000000000000000000, 1.000000000000000000 ) ) ;
#1451 = AXIS2_PLACEMENT_3D ( 'NONE', #1289, #1141, #1257 ) ;
#1452 = VERTEX_POINT ( 'NONE', #224 ) ;
#1453 = VERTEX_POINT ( 'NONE', #1077 ) ;
#1454 = CARTESIAN_POINT ( 'NONE',  ( -5.036781010732915398, 4.909999999999999254, 2.915460667173190412 ) ) ;
#1455 = EDGE_CURVE ( 'NONE', #915, #1804, #1265, .T. ) ;
#1456 = EDGE_LOOP ( 'NONE', ( #871, #698, #1704, #99, #35, #1336 ) ) ;
#1457 = VECTOR ( 'NONE', #1693, 1000.000000000000114 ) ;
#1458 = AXIS2_PLACEMENT_3D ( 'NONE', #854, #832, #1459 ) ;
#1459 = DIRECTION ( 'NONE',  ( 0.000000000000000000, 0.000000000000000000, 1.000000000000000000 ) ) ;
#1460 = CARTESIAN_POINT ( 'NONE',  ( -4.999999999999999112, 8.000000000000000000, 0.000000000000000000 ) ) ;
#1461 = PRESENTATION_LAYER_ASSIGNMENT (  '', '', ( #1303 ) ) ;
#1462 = ORIENTED_EDGE ( 'NONE', *, *, #1062, .F. ) ;
#1463 = DIRECTION ( 'NONE',  ( -0.000000000000000000, -1.000000000000000000, -0.000000000000000000 ) ) ;
#1464 = ADVANCED_FACE ( 'NONE', ( #1411 ), #1852, .T. ) ;
#1465 = CARTESIAN_POINT ( 'NONE',  ( -7.239573367979930119, 3.116536647565487872, 2.472101282769620934 ) ) ;
#1466 = ORIENTED_EDGE ( 'NONE', *, *, #1435, .F. ) ;
#1467 = DIRECTION ( 'NONE',  ( 0.7071067811865474617, 0.000000000000000000, 0.7071067811865476838 ) ) ;
#1468 = CARTESIAN_POINT ( 'NONE',  ( -1.060660171779809424, 0.000000000000000000, -1.060660171779831629 ) ) ;
#1469 = CARTESIAN_POINT ( 'NONE',  ( 4.500000000000000000, 7.633692192606185145, -2.179449471770337432 ) ) ;
#1470 = VECTOR ( 'NONE', #207, 1000.000000000000000 ) ;
#1471 = ADVANCED_FACE ( 'NONE', ( #338 ), #959, .F. ) ;
#1472 = LINE ( 'NONE', #300, #1612 ) ;
#1473 = CARTESIAN_POINT ( 'NONE',  ( 2.263182533822364562, 8.000000000000001776, -4.871246803256983782 ) ) ;
#1474 = EDGE_LOOP ( 'NONE', ( #1329, #1037, #1254, #328 ) ) ;
#1475 = CARTESIAN_POINT ( 'NONE',  ( 4.433344562587833160, 1.500000000000000888, 2.312024219028187666 ) ) ;
#1476 = DIRECTION ( 'NONE',  ( 0.000000000000000000, 1.000000000000000000, 0.000000000000000000 ) ) ;
#1477 = AXIS2_PLACEMENT_3D ( 'NONE', #1664, #126, #316 ) ;
#1478 = ORIENTED_EDGE ( 'NONE', *, *, #258, .T. ) ;
#1479 = FACE_OUTER_BOUND ( 'NONE', #1087, .T. ) ;
#1480 = AXIS2_PLACEMENT_3D ( 'NONE', #232, #1879, #256 ) ;
#1481 = EDGE_CURVE ( 'NONE', #1630, #180, #522, .T. ) ;
#1482 = DIRECTION ( 'NONE',  ( 0.000000000000000000, 1.000000000000000000, -0.000000000000000000 ) ) ;
#1483 = EDGE_CURVE ( 'NONE', #260, #1630, #373, .T. ) ;
#1484 = LINE ( 'NONE', #1189, #1359 ) ;
#1485 = ORIENTED_EDGE ( 'NONE', *, *, #1314, .T. ) ;
#1486 = AXIS2_PLACEMENT_3D ( 'NONE', #151, #430, #1168 ) ;
#1487 = DIRECTION ( 'NONE',  ( 0.7071067811865474617, 0.000000000000000000, -0.7071067811865474617 ) ) ;
#1488 = DIRECTION ( 'NONE',  ( 0.7071067811865473507, 2.775557561562891351E-17, -0.7071067811865477948 ) ) ;
#1489 = DIRECTION ( 'NONE',  ( 0.7203422578024066825, 0.000000000000000000, 0.6936187941687647074 ) ) ;
#1490 = CIRCLE ( 'NONE', #1328, 0.1000000000000001443 ) ;
#1491 = ORIENTED_EDGE ( 'NONE', *, *, #216, .F. ) ;
#1492 = DIRECTION ( 'NONE',  ( -0.7071067811865475727, -3.056747976430751789E-16, 0.7071067811865475727 ) ) ;
#1493 = AXIS2_PLACEMENT_3D ( 'NONE', #1002, #1311, #1917 ) ;
#1494 = CLOSED_SHELL ( 'NONE', ( #439, #1648, #1538, #877, #1046, #48, #580, #436, #562, #1784, #372, #1446, #171, #1322, #711, #860, #1369, #585, #31, #407, #1856, #1731, #646, #1307, #979, #1151, #1677, #1700, #919, #993, #1471, #1395, #1115, #200, #118, #1464, #315, #356, #1663, #906, #1566, #1044, #495, #1512, #368, #4, #596, #945, #1092, #112, #1869, #1811, #1058, #1448, #1844, #1340, #1382, #517, #529, #1415, #155 ) ) ;
#1495 = EDGE_CURVE ( 'NONE', #1286, #25, #1890, .T. ) ;
#1496 = AXIS2_PLACEMENT_3D ( 'NONE', #218, #1417, #796 ) ;
#1497 = CARTESIAN_POINT ( 'NONE',  ( -2.581372568141803381, 3.153668633940836408, -7.201334804540089785 ) ) ;
#1498 = EDGE_CURVE ( 'NONE', #501, #1286, #894, .T. ) ;
#1499 = B_SPLINE_CURVE_WITH_KNOTS ( 'NONE', 3,
 ( #326, #1397, #1711, #968, #1117, #191, #815, #635, #1534, #949 ),
 .UNSPECIFIED., .F., .F.,
 ( 4, 2, 2, 2, 4 ),
 ( 0.000000000000000000, 7.024607880191473242E-05, 0.0001404921576038294648, 0.0002809843152076581707, 0.0005619686304153155825 ),
 .UNSPECIFIED. ) ;
#1500 = ORIENTED_EDGE ( 'NONE', *, *, #972, .T. ) ;
#1501 = PLANE ( 'NONE',  #1043 ) ;
#1502 = LINE ( 'NONE', #125, #1599 ) ;
#1503 = CIRCLE ( 'NONE', #1156, 7.650000000000000355 ) ;
#1504 = ORIENTED_EDGE ( 'NONE', *, *, #1776, .F. ) ;
#1505 = DIRECTION ( 'NONE',  ( 0.000000000000000000, 1.000000000000000000, -0.000000000000000000 ) ) ;
#1506 = AXIS2_PLACEMENT_3D ( 'NONE', #1217, #1679, #1537 ) ;
#1507 = CARTESIAN_POINT ( 'NONE',  ( 0.000000000000000000, 3.000000000000000000, 0.000000000000000000 ) ) ;
#1508 = DIRECTION ( 'NONE',  ( 0.000000000000000000, 0.000000000000000000, -1.000000000000000000 ) ) ;
#1509 = FACE_OUTER_BOUND ( 'NONE', #975, .T. ) ;
#1510 = ORIENTED_EDGE ( 'NONE', *, *, #1282, .F. ) ;
#1511 = CARTESIAN_POINT ( 'NONE',  ( -5.087985294887772625, 4.978965517241379146, -2.966664951328128907 ) ) ;
#1512 = ADVANCED_FACE ( 'NONE', ( #1275 ), #531, .T. ) ;
#1513 = CARTESIAN_POINT ( 'NONE',  ( 5.078412917506966551, 3.200000000000000178, 4.890012498889792170 ) ) ;
#1514 = EDGE_LOOP ( 'NONE', ( #974, #1533, #781, #1381 ) ) ;
#1515 = DIRECTION ( 'NONE',  ( 0.5120428415488789131, -0.6896551724137937045, 0.5120428415488786911 ) ) ;
#1516 = DIRECTION ( 'NONE',  ( 0.000000000000000000, 1.000000000000000000, 0.000000000000000000 ) ) ;
#1517 = B_SPLINE_CURVE_WITH_KNOTS ( 'NONE', 3,
 ( #811, #765, #23, #1708, #821, #1571 ),
 .UNSPECIFIED., .F., .F.,
 ( 4, 2, 4 ),
 ( -6.928927488288963206E-06, 0.0003913249075196660468, 0.0007895787425276210763 ),
 .UNSPECIFIED. ) ;
#1518 = CARTESIAN_POINT ( 'NONE',  ( 0.000000000000000000, 0.000000000000000000, -7.650000000000000355 ) ) ;
#1519 = CARTESIAN_POINT ( 'NONE',  ( 0.000000000000000000, 3.000000000000000000, 0.000000000000000000 ) ) ;
#1520 = VERTEX_POINT ( 'NONE', #1439 ) ;
#1521 = CARTESIAN_POINT ( 'NONE',  ( 0.000000000000000000, 1.500000000000000444, 0.000000000000000000 ) ) ;
#1522 = CARTESIAN_POINT ( 'NONE',  ( 2.966664951328131128, 4.978965517241379146, 5.087985294887771737 ) ) ;
#1523 = CIRCLE ( 'NONE', #1754, 7.650000000000000355 ) ;
#1524 = ORIENTED_EDGE ( 'NONE', *, *, #1600, .T. ) ;
#1525 = CARTESIAN_POINT ( 'NONE',  ( 4.999999999999999112, 8.000000000000000000, 2.179449471770337432 ) ) ;
#1526 = VECTOR ( 'NONE', #930, 1000.000000000000227 ) ;
#1527 = EDGE_CURVE ( 'NONE', #498, #443, #84, .T. ) ;
#1528 = FACE_OUTER_BOUND ( 'NONE', #1719, .T. ) ;
#1529 = DIRECTION ( 'NONE',  ( 0.7071067811865477948, 0.000000000000000000, 0.7071067811865473507 ) ) ;
#1530 = CIRCLE ( 'NONE', #331, 7.650000000000000355 ) ;
#1531 = PLANE ( 'NONE',  #544 ) ;
#1532 = ORIENTED_EDGE ( 'NONE', *, *, #1797, .T. ) ;
#1533 = ORIENTED_EDGE ( 'NONE', *, *, #1920, .F. ) ;
#1534 = CARTESIAN_POINT ( 'NONE',  ( 2.798813555956165544, 3.000000000000000000, -7.120240386628898577 ) ) ;
#1535 = ORIENTED_EDGE ( 'NONE', *, *, #383, .F. ) ;
#1536 = CARTESIAN_POINT ( 'NONE',  ( -7.261110302808396533, 3.063075121266647827, -2.408386976261427836 ) ) ;
#1537 = DIRECTION ( 'NONE',  ( 0.000000000000000000, 0.000000000000000000, 1.000000000000000000 ) ) ;
#1538 = ADVANCED_FACE ( 'NONE', ( #1788, #452 ), #1048, .F. ) ;
#1539 = VECTOR ( 'NONE', #265, 1000.000000000000114 ) ;
#1540 = ORIENTED_EDGE ( 'NONE', *, *, #865, .F. ) ;
#1541 = CARTESIAN_POINT ( 'NONE',  ( -2.986171345291897872, 3.090000000000000746, -5.107491688851538925 ) ) ;
#1542 = VECTOR ( 'NONE', #1240, 1000.000000000000114 ) ;
#1543 = DIRECTION ( 'NONE',  ( 0.000000000000000000, 1.000000000000000000, -0.000000000000000000 ) ) ;
#1544 = ORIENTED_EDGE ( 'NONE', *, *, #1689, .T. ) ;
#1545 = ORIENTED_EDGE ( 'NONE', *, *, #1637, .T. ) ;
#1546 = ORIENTED_EDGE ( 'NONE', *, *, #1112, .F. ) ;
#1547 = DIRECTION ( 'NONE',  ( 0.7071067811865475727, 0.000000000000000000, -0.7071067811865475727 ) ) ;
#1548 = ORIENTED_EDGE ( 'NONE', *, *, #1256, .T. ) ;
#1549 = EDGE_CURVE ( 'NONE', #1675, #1025, #1781, .T. ) ;
#1550 = LINE ( 'NONE', #1084, #506 ) ;
#1551 = LINE ( 'NONE', #777, #1457 ) ;
#1552 = EDGE_CURVE ( 'NONE', #1186, #1864, #552, .T. ) ;
#1553 = VERTEX_POINT ( 'NONE', #1799 ) ;
#1554 = CARTESIAN_POINT ( 'NONE',  ( 7.085102807365161404, 3.000000000000000000, -2.885102807365161670 ) ) ;
#1555 = ORIENTED_EDGE ( 'NONE', *, *, #1920, .T. ) ;
#1556 = CARTESIAN_POINT ( 'NONE',  ( 4.046831517071730389, 4.910000000000000142, -4.046831517071705520 ) ) ;
#1557 =( GEOMETRIC_REPRESENTATION_CONTEXT ( 3 ) GLOBAL_UNCERTAINTY_ASSIGNED_CONTEXT ( ( #98 ) ) GLOBAL_UNIT_ASSIGNED_CONTEXT ( ( #166, #348, #477 ) ) REPRESENTATION_CONTEXT ( 'NONE', 'WORKASPACE' ) );
#1558 = AXIS2_PLACEMENT_3D ( 'NONE', #825, #1387, #1100 ) ;
#1559 = CARTESIAN_POINT ( 'NONE',  ( 2.885102807365163891, 3.000000000000000000, -7.085102807365160515 ) ) ;
#1560 = EDGE_LOOP ( 'NONE', ( #202, #963, #242, #1570 ) ) ;
#1561 = DIRECTION ( 'NONE',  ( 0.000000000000000000, -1.000000000000000000, 0.000000000000000000 ) ) ;
#1562 = CARTESIAN_POINT ( 'NONE',  ( 7.247201726393520893, 3.046453914618040049, 2.450016609050683858 ) ) ;
#1563 = ORIENTED_EDGE ( 'NONE', *, *, #302, .F. ) ;
#1564 = ORIENTED_EDGE ( 'NONE', *, *, #662, .F. ) ;
#1565 = FACE_OUTER_BOUND ( 'NONE', #640, .T. ) ;
#1566 = ADVANCED_FACE ( 'NONE', ( #1509 ), #1914, .T. ) ;
#1567 = ORIENTED_EDGE ( 'NONE', *, *, #551, .F. ) ;
#1568 = CARTESIAN_POINT ( 'NONE',  ( 0.000000000000000000, 7.500000000000000000, 0.000000000000000000 ) ) ;
#1569 = DIRECTION ( 'NONE',  ( 0.000000000000000000, 1.000000000000000000, 0.000000000000000000 ) ) ;
#1570 = ORIENTED_EDGE ( 'NONE', *, *, #838, .F. ) ;
#1571 = CARTESIAN_POINT ( 'NONE',  ( 2.179449471770337432, 7.499999999999998224, 4.500000000000000000 ) ) ;
#1572 = DIRECTION ( 'NONE',  ( -0.7071067811865550112, 0.000000000000000000, 0.7071067811865401342 ) ) ;
#1573 = CARTESIAN_POINT ( 'NONE',  ( -7.252000366886311333, 8.000000000000000000, 2.435362535369389292 ) ) ;
#1574 = DIRECTION ( 'NONE',  ( 0.000000000000000000, 0.000000000000000000, 1.000000000000000000 ) ) ;
#1575 = DIRECTION ( 'NONE',  ( -0.000000000000000000, 1.000000000000000000, -0.000000000000000000 ) ) ;
#1576 = ORIENTED_EDGE ( 'NONE', *, *, #933, .T. ) ;
#1577 = DIRECTION ( 'NONE',  ( 1.000000000000000000, 0.000000000000000000, 0.000000000000000000 ) ) ;
#1578 = EDGE_CURVE ( 'NONE', #1349, #96, #463, .T. ) ;
#1579 = DIRECTION ( 'NONE',  ( 0.7071067811865500152, 0.000000000000000000, -0.7071067811865451302 ) ) ;
#1580 = EDGE_LOOP ( 'NONE', ( #1236, #1814, #366, #1292 ) ) ;
#1581 = PLANE ( 'NONE',  #104 ) ;
#1582 = ORIENTED_EDGE ( 'NONE', *, *, #1549, .T. ) ;
#1583 = DIRECTION ( 'NONE',  ( 0.000000000000000000, 1.000000000000000000, 0.000000000000000000 ) ) ;
#1584 = FACE_OUTER_BOUND ( 'NONE', #1123, .T. ) ;
#1585 = CARTESIAN_POINT ( 'NONE',  ( -4.500000000000000000, 1.500000000000000444, 2.179449471770337432 ) ) ;
#1586 = EDGE_CURVE ( 'NONE', #362, #1640, #756, .T. ) ;
#1587 = VECTOR ( 'NONE', #226, 1000.000000000000000 ) ;
#1588 = ORIENTED_EDGE ( 'NONE', *, *, #1218, .F. ) ;
#1589 = DIRECTION ( 'NONE',  ( 1.000000000000000000, 0.000000000000000000, 0.000000000000000000 ) ) ;
#1590 = ORIENTED_EDGE ( 'NONE', *, *, #850, .F. ) ;
#1591 = CYLINDRICAL_SURFACE ( 'NONE', #1617, 0.5000000000000004441 ) ;
#1592 = ORIENTED_EDGE ( 'NONE', *, *, #1624, .F. ) ;
#1593 = CARTESIAN_POINT ( 'NONE',  ( 4.046831517071730389, 0.000000000000000000, -4.046831517071705520 ) ) ;
#1594 = VECTOR ( 'NONE', #575, 1000.000000000000000 ) ;
#1595 = VECTOR ( 'NONE', #1854, 1000.000000000000000 ) ;
#1596 = DIRECTION ( 'NONE',  ( 0.4876598490941726483, -0.7241379310344822073, -0.4876598490941694841 ) ) ;
#1597 = FACE_OUTER_BOUND ( 'NONE', #1001, .T. ) ;
#1598 = ORIENTED_EDGE ( 'NONE', *, *, #276, .T. ) ;
#1599 = VECTOR ( 'NONE', #136, 1000.000000000000114 ) ;
#1600 = EDGE_CURVE ( 'NONE', #1695, #626, #1484, .T. ) ;
#1601 = CARTESIAN_POINT ( 'NONE',  ( -2.179449471770337432, 1.500000000000000444, -4.500000000000000000 ) ) ;
#1602 = VERTEX_POINT ( 'NONE', #1769 ) ;
#1603 = ORIENTED_EDGE ( 'NONE', *, *, #1152, .F. ) ;
#1604 = SURFACE_STYLE_USAGE ( .BOTH. , #404 ) ;
#1605 = CARTESIAN_POINT ( 'NONE',  ( 2.986171345291913415, 4.910000000000001030, -5.107491688851530043 ) ) ;
#1606 = EDGE_CURVE ( 'NONE', #573, #1925, #364, .T. ) ;
#1607 = DIRECTION ( 'NONE',  ( -1.000000000000000000, 0.000000000000000000, -0.000000000000000000 ) ) ;
#1608 = CARTESIAN_POINT ( 'NONE',  ( -7.085102807365159627, 3.000000000000000000, 2.885102807365165223 ) ) ;
#1609 = AXIS2_PLACEMENT_3D ( 'NONE', #473, #643, #1709 ) ;
#1610 = AXIS2_PLACEMENT_3D ( 'NONE', #470, #170, #113 ) ;
#1611 = DIRECTION ( 'NONE',  ( 0.000000000000000000, 0.000000000000000000, 1.000000000000000000 ) ) ;
#1612 = VECTOR ( 'NONE', #1035, 1000.000000000000114 ) ;
#1613 = EDGE_LOOP ( 'NONE', ( #1851, #264 ) ) ;
#1614 = LINE ( 'NONE', #1317, #1146 ) ;
#1615 = EDGE_CURVE ( 'NONE', #1131, #614, #670, .T. ) ;
#1616 = CARTESIAN_POINT ( 'NONE',  ( 2.680182346543767746, 3.063623187575865714, 7.165236767684211472 ) ) ;
#1617 = AXIS2_PLACEMENT_3D ( 'NONE', #1116, #212, #824 ) ;
#1618 = CARTESIAN_POINT ( 'NONE',  ( 4.400384907664991019, 6.000000000000000000, 2.279064564105347301 ) ) ;
#1619 = DIRECTION ( 'NONE',  ( 0.7071067811865563435, 0.000000000000000000, -0.7071067811865388020 ) ) ;
#1620 = VERTEX_POINT ( 'NONE', #271 ) ;
#1621 = CARTESIAN_POINT ( 'NONE',  ( -4.400384907664991019, 6.000000000000000000, -2.279064564105347301 ) ) ;
#1622 = CARTESIAN_POINT ( 'NONE',  ( 2.179449471770337432, 7.499999999999998224, -4.500000000000000000 ) ) ;
#1623 = AXIS2_PLACEMENT_3D ( 'NONE', #342, #1547, #764 ) ;
#1624 = EDGE_CURVE ( 'NONE', #1453, #493, #1639, .T. ) ;
#1625 = ORIENTED_EDGE ( 'NONE', *, *, #1894, .F. ) ;
#1626 = CARTESIAN_POINT ( 'NONE',  ( 0.000000000000000000, 1.500000000000000444, 0.000000000000000000 ) ) ;
#1627 = VECTOR ( 'NONE', #1638, 1000.000000000000114 ) ;
#1628 = CARTESIAN_POINT ( 'NONE',  ( 4.500000000000000000, 1.500000000000000444, 2.179449471770337432 ) ) ;
#1629 = FACE_OUTER_BOUND ( 'NONE', #863, .T. ) ;
#1630 = VERTEX_POINT ( 'NONE', #1324 ) ;
#1631 = DIRECTION ( 'NONE',  ( 0.000000000000000000, 0.000000000000000000, -1.000000000000000000 ) ) ;
#1632 = EDGE_LOOP ( 'NONE', ( #797, #1737, #134, #1603 ) ) ;
#1633 = CARTESIAN_POINT ( 'NONE',  ( -7.296724953260063984, 3.176207172489685870, -2.297891415291847039 ) ) ;
#1634 = CIRCLE ( 'NONE', #1033, 0.1000000000000001443 ) ;
#1635 = EDGE_CURVE ( 'NONE', #573, #666, #1392, .T. ) ;
#1636 = CIRCLE ( 'NONE', #1234, 0.1000000000000001305 ) ;
#1637 = EDGE_CURVE ( 'NONE', #1413, #934, #432, .T. ) ;
#1638 = DIRECTION ( 'NONE',  ( 0.4876598490941712050, -0.7241379310344822073, 0.4876598490941709274 ) ) ;
#1639 = LINE ( 'NONE', #122, #514 ) ;
#1640 = VERTEX_POINT ( 'NONE', #887 ) ;
#1641 = COLOUR_RGB ( '',0.7921568627450980005, 0.8196078431372548767, 0.9333333333333333481 ) ;
#1642 = CARTESIAN_POINT ( 'NONE',  ( 0.000000000000000000, 8.000000000000000000, 0.000000000000000000 ) ) ;
#1643 = CARTESIAN_POINT ( 'NONE',  ( 0.000000000000000000, 7.500000000000000000, 0.000000000000000000 ) ) ;
#1644 = PLANE ( 'NONE',  #1887 ) ;
#1645 = ORIENTED_EDGE ( 'NONE', *, *, #805, .T. ) ;
#1646 = CARTESIAN_POINT ( 'NONE',  ( -2.312024219028236960, 2.048942590553174181, 4.433344562587810955 ) ) ;
#1647 = DIRECTION ( 'NONE',  ( -0.7071067811865474617, 0.000000000000000000, -0.7071067811865474617 ) ) ;
#1648 = ADVANCED_FACE ( 'NONE', ( #1629, #143 ), #279, .F. ) ;
#1649 =( BOUNDED_CURVE ( )  B_SPLINE_CURVE ( 3, ( #791, #26, #478, #68 ),
 .UNSPECIFIED., .F., .T. ) 
 B_SPLINE_CURVE_WITH_KNOTS ( ( 4, 4 ),
 ( 5.978492653164188653, 6.587877961194983811 ),
 .UNSPECIFIED. ) 
 CURVE ( )  GEOMETRIC_REPRESENTATION_ITEM ( )  RATIONAL_B_SPLINE_CURVE ( ( 1.000000000000000000, 0.9692928009446304394, 0.9692928009446304394, 1.000000000000000000 ) ) 
 REPRESENTATION_ITEM ( '' )  );
#1650 = DIRECTION ( 'NONE',  ( -0.7071067811865475727, 0.000000000000000000, 0.7071067811865475727 ) ) ;
#1651 = ORIENTED_EDGE ( 'NONE', *, *, #1687, .F. ) ;
#1652 = VERTEX_POINT ( 'NONE', #599 ) ;
#1653 = LINE ( 'NONE', #1475, #1902 ) ;
#1654 = FACE_OUTER_BOUND ( 'NONE', #895, .T. ) ;
#1655 = VERTEX_POINT ( 'NONE', #1251 ) ;
#1656 = PLANE ( 'NONE',  #1331 ) ;
#1657 = LINE ( 'NONE', #1368, #1143 ) ;
#1658 = PLANE ( 'NONE',  #1506 ) ;
#1659 = CARTESIAN_POINT ( 'NONE',  ( -2.312024219028192551, 2.048942590553173293, -4.433344562587834048 ) ) ;
#1660 = CARTESIAN_POINT ( 'NONE',  ( -2.847419838194335195, 3.008506057664686040, -7.100900871338165388 ) ) ;
#1661 = ORIENTED_EDGE ( 'NONE', *, *, #240, .F. ) ;
#1662 = CARTESIAN_POINT ( 'NONE',  ( -5.107491688851539813, 4.950000000000000178, -2.986171345291895651 ) ) ;
#1663 = ADVANCED_FACE ( 'NONE', ( #187 ), #369, .F. ) ;
#1664 = CARTESIAN_POINT ( 'NONE',  ( 0.000000000000000000, 8.000000000000000000, 0.000000000000000000 ) ) ;
#1665 = ORIENTED_EDGE ( 'NONE', *, *, #142, .F. ) ;
#1666 = LINE ( 'NONE', #1556, #734 ) ;
#1667 = CARTESIAN_POINT ( 'NONE',  ( -4.400384907665015000, 6.000000000000000000, 2.279064564105303337 ) ) ;
#1668 = CARTESIAN_POINT ( 'NONE',  ( -2.279064564105393487, 2.000000000000000444, 4.400384907664967926 ) ) ;
#1669 = AXIS2_PLACEMENT_3D ( 'NONE', #1200, #879, #1942 ) ;
#1670 = CARTESIAN_POINT ( 'NONE',  ( -7.296724953260062208, 3.200000000000000178, -2.297891415291845707 ) ) ;
#1671 = DIRECTION ( 'NONE',  ( -0.7071067811865476838, 0.000000000000000000, 0.7071067811865474617 ) ) ;
#1672 = EDGE_LOOP ( 'NONE', ( #944, #929, #1886, #1564 ) ) ;
#1673 = ORIENTED_EDGE ( 'NONE', *, *, #288, .F. ) ;
#1674 = CIRCLE ( 'NONE', #1008, 5.000000000000000000 ) ;
#1675 = VERTEX_POINT ( 'NONE', #1420 ) ;
#1676 = CARTESIAN_POINT ( 'NONE',  ( -2.179449471770337432, 1.500000000000000444, -4.500000000000000000 ) ) ;
#1677 = ADVANCED_FACE ( 'NONE', ( #33 ), #1531, .T. ) ;
#1678 = AXIS2_PLACEMENT_3D ( 'NONE', #1593, #382, #525 ) ;
#1679 = DIRECTION ( 'NONE',  ( 0.000000000000000000, 1.000000000000000000, -0.000000000000000000 ) ) ;
#1680 = ORIENTED_EDGE ( 'NONE', *, *, #1776, .T. ) ;
#1681 = ORIENTED_EDGE ( 'NONE', *, *, #1104, .F. ) ;
#1682 = ORIENTED_EDGE ( 'NONE', *, *, #327, .F. ) ;
#1683 = DIRECTION ( 'NONE',  ( -0.7071067811865401342, -3.056747976430751789E-16, -0.7071067811865550112 ) ) ;
#1684 = B_SPLINE_CURVE_WITH_KNOTS ( 'NONE', 3,
 ( #322, #1096, #1849, #955, #766, #1114 ),
 .UNSPECIFIED., .F., .F.,
 ( 4, 2, 4 ),
 ( -6.928927488287607953E-06, 0.0003913249075196675105, 0.0007895787425276227026 ),
 .UNSPECIFIED. ) ;
#1685 = ORIENTED_EDGE ( 'NONE', *, *, #713, .F. ) ;
#1686 = DIRECTION ( 'NONE',  ( 1.000000000000000000, -0.000000000000000000, 0.000000000000000000 ) ) ;
#1687 = EDGE_CURVE ( 'NONE', #1086, #303, #1634, .T. ) ;
#1688 = DIRECTION ( 'NONE',  ( 0.7071067811865475727, 0.000000000000000000, -0.7071067811865475727 ) ) ;
#1689 = EDGE_CURVE ( 'NONE', #806, #457, #1684, .T. ) ;
#1690 = AXIS2_PLACEMENT_3D ( 'NONE', #1468, #1865, #1885 ) ;
#1691 = ORIENTED_EDGE ( 'NONE', *, *, #1426, .F. ) ;
#1692 = DIRECTION ( 'NONE',  ( 0.000000000000000000, 1.000000000000000000, 0.000000000000000000 ) ) ;
#1693 = DIRECTION ( 'NONE',  ( -0.4876598490941711495, 0.7241379310344820963, -0.4876598490941711495 ) ) ;
#1694 = ORIENTED_EDGE ( 'NONE', *, *, #250, .T. ) ;
#1695 = VERTEX_POINT ( 'NONE', #519 ) ;
#1696 = CARTESIAN_POINT ( 'NONE',  ( -7.247201726393521781, 3.046453914618040937, -2.450016609050683414 ) ) ;
#1697 = DIRECTION ( 'NONE',  ( -0.7071067811865496822, 0.000000000000000000, 0.7071067811865453523 ) ) ;
#1698 = EDGE_CURVE ( 'NONE', #1274, #1675, #924, .T. ) ;
#1699 = ORIENTED_EDGE ( 'NONE', *, *, #285, .F. ) ;
#1700 = ADVANCED_FACE ( 'NONE', ( #1220 ), #1394, .T. ) ;
#1701 = DIRECTION ( 'NONE',  ( 0.7071067811865477948, -0.000000000000000000, 0.7071067811865473507 ) ) ;
#1702 = CARTESIAN_POINT ( 'NONE',  ( -3.226782805549720301, 5.626078208432425676, 3.956290731841301422 ) ) ;
#1703 = CARTESIAN_POINT ( 'NONE',  ( 0.000000000000000000, 8.000000000000000000, 0.000000000000000000 ) ) ;
#1704 = ORIENTED_EDGE ( 'NONE', *, *, #1435, .T. ) ;
#1705 = CARTESIAN_POINT ( 'NONE',  ( -4.500000000000000000, 1.500000000000000444, 2.179449471770337432 ) ) ;
#1706 = VECTOR ( 'NONE', #1577, 1000.000000000000000 ) ;
#1707 = CARTESIAN_POINT ( 'NONE',  ( -4.934344465946485236, 3.200000000000000178, -4.751288740056038407 ) ) ;
#1708 = CARTESIAN_POINT ( 'NONE',  ( 2.192314546146025389, 7.763919350724530766, 4.555805433952621719 ) ) ;
#1709 = DIRECTION ( 'NONE',  ( 0.000000000000000000, 0.000000000000000000, 1.000000000000000000 ) ) ;
#1710 = EDGE_CURVE ( 'NONE', #1349, #1834, #1551, .T. ) ;
#1711 = CARTESIAN_POINT ( 'NONE',  ( 2.444718554847592706, 3.153845617810561830, -7.248866152423288689 ) ) ;
#1712 = DIRECTION ( 'NONE',  ( -8.409885494133522965E-15, 0.5961196035938423066, 0.8028956459037004390 ) ) ;
#1713 = ORIENTED_EDGE ( 'NONE', *, *, #343, .T. ) ;
#1714 = LINE ( 'NONE', #1899, #1706 ) ;
#1715 = FACE_OUTER_BOUND ( 'NONE', #1560, .T. ) ;
#1716 = ORIENTED_EDGE ( 'NONE', *, *, #1600, .F. ) ;
#1717 = FACE_OUTER_BOUND ( 'NONE', #291, .T. ) ;
#1718 = ORIENTED_EDGE ( 'NONE', *, *, #268, .F. ) ;
#1719 = EDGE_LOOP ( 'NONE', ( #996, #475 ) ) ;
#1720 = DIRECTION ( 'NONE',  ( -0.5120428415488806895, 0.6896551724137933714, 0.5120428415488774698 ) ) ;
#1721 = ORIENTED_EDGE ( 'NONE', *, *, #1282, .T. ) ;
#1722 = CARTESIAN_POINT ( 'NONE',  ( 2.312024219028192551, 2.048942590553173293, 4.433344562587834048 ) ) ;
#1723 = EDGE_CURVE ( 'NONE', #1239, #168, #853, .T. ) ;
#1724 = DIRECTION ( 'NONE',  ( -0.7071067811865477948, 0.000000000000000000, -0.7071067811865473507 ) ) ;
#1725 = ORIENTED_EDGE ( 'NONE', *, *, #1020, .F. ) ;
#1726 = CARTESIAN_POINT ( 'NONE',  ( 4.433344562587840265, 2.048942590553171961, -2.312024219028176120 ) ) ;
#1727 = VERTEX_POINT ( 'NONE', #1838 ) ;
#1728 = ORIENTED_EDGE ( 'NONE', *, *, #461, .F. ) ;
#1729 = DIRECTION ( 'NONE',  ( 1.000000000000000000, 0.000000000000000000, -0.000000000000000000 ) ) ;
#1730 = DIRECTION ( 'NONE',  ( 0.7071067811865453523, -2.775557561562891043E-17, 0.7071067811865497932 ) ) ;
#1731 = ADVANCED_FACE ( 'NONE', ( #1241 ), #1384, .F. ) ;
#1732 = DIRECTION ( 'NONE',  ( -0.4876598490941707609, 0.7241379310344824294, -0.4876598490941710939 ) ) ;
#1733 = AXIS2_PLACEMENT_3D ( 'NONE', #1568, #1583, #1441 ) ;
#1734 = ORIENTED_EDGE ( 'NONE', *, *, #1637, .F. ) ;
#1735 = CARTESIAN_POINT ( 'NONE',  ( -4.500000000000000000, 1.500000000000000444, 0.000000000000000000 ) ) ;
#1736 = PLANE ( 'NONE',  #172 ) ;
#1737 = ORIENTED_EDGE ( 'NONE', *, *, #1586, .F. ) ;
#1738 = SURFACE_STYLE_FILL_AREA ( #1149 ) ;
#1739 = TOROIDAL_SURFACE ( 'NONE', #1493, 5.500000000000000000, 0.5000000000000000000 ) ;
#1740 = AXIS2_PLACEMENT_3D ( 'NONE', #400, #984, #1450 ) ;
#1741 = EDGE_CURVE ( 'NONE', #1896, #1018, #1357, .T. ) ;
#1742 = VECTOR ( 'NONE', #1596, 1000.000000000000114 ) ;
#1743 = EDGE_CURVE ( 'NONE', #493, #1870, #490, .T. ) ;
#1744 = DIRECTION ( 'NONE',  ( 0.7071067811865403563, 0.000000000000000000, 0.7071067811865547892 ) ) ;
#1745 = CARTESIAN_POINT ( 'NONE',  ( -7.252000366886311333, 3.200000000000000178, 2.435362535369389292 ) ) ;
#1746 = ORIENTED_EDGE ( 'NONE', *, *, #1207, .T. ) ;
#1747 = DIRECTION ( 'NONE',  ( -0.7071067811865403563, -1.360023205165816121E-16, -0.7071067811865547892 ) ) ;
#1748 = EDGE_CURVE ( 'NONE', #323, #1695, #446, .T. ) ;
#1749 = CARTESIAN_POINT ( 'NONE',  ( -2.435362535369391956, 3.176207172489686759, 7.252000366886312221 ) ) ;
#1750 = EDGE_CURVE ( 'NONE', #115, #536, #665, .T. ) ;
#1751 = AXIS2_PLACEMENT_3D ( 'NONE', #1209, #1650, #1778 ) ;
#1752 = VERTEX_POINT ( 'NONE', #546 ) ;
#1753 = CARTESIAN_POINT ( 'NONE',  ( 2.581372568141801604, 3.153668633940835520, 7.201334804540089785 ) ) ;
#1754 = AXIS2_PLACEMENT_3D ( 'NONE', #132, #736, #278 ) ;
#1755 = DIRECTION ( 'NONE',  ( 0.000000000000000000, 0.000000000000000000, 1.000000000000000000 ) ) ;
#1756 = VECTOR ( 'NONE', #942, 1000.000000000000114 ) ;
#1757 = EDGE_CURVE ( 'NONE', #831, #647, #564, .T. ) ;
#1758 = CARTESIAN_POINT ( 'NONE',  ( 2.291287847478249429, 8.000000000000000000, -4.999999999999999112 ) ) ;
#1759 = ORIENTED_EDGE ( 'NONE', *, *, #1698, .T. ) ;
#1760 = FACE_OUTER_BOUND ( 'NONE', #1252, .T. ) ;
#1761 = CARTESIAN_POINT ( 'NONE',  ( -2.279064564105349078, 6.000000000000000000, -4.400384907664990131 ) ) ;
#1762 = CARTESIAN_POINT ( 'NONE',  ( 3.976120838953074887, 3.089999999999999858, -3.976120838953049130 ) ) ;
#1763 = ORIENTED_EDGE ( 'NONE', *, *, #238, .F. ) ;
#1764 = CARTESIAN_POINT ( 'NONE',  ( 4.741006527942210447, 7.947084575471273560, -2.234154015110208835 ) ) ;
#1765 = AXIS2_PLACEMENT_3D ( 'NONE', #1898, #1482, #555 ) ;
#1766 =( BOUNDED_CURVE ( )  B_SPLINE_CURVE ( 3, ( #103, #1120, #669, #680 ),
 .UNSPECIFIED., .F., .F. ) 
 B_SPLINE_CURVE_WITH_KNOTS ( ( 4, 4 ),
 ( 2.836899999574395981, 3.446285307605190251 ),
 .UNSPECIFIED. ) 
 CURVE ( )  GEOMETRIC_REPRESENTATION_ITEM ( )  RATIONAL_B_SPLINE_CURVE ( ( 1.000000000000000000, 0.9692928009446305504, 0.9692928009446305504, 1.000000000000000000 ) ) 
 REPRESENTATION_ITEM ( '' )  );
#1767 = LINE ( 'NONE', #1022, #210 ) ;
#1768 = CARTESIAN_POINT ( 'NONE',  ( -4.433344562587834048, 2.048942590553171961, -2.312024219028189886 ) ) ;
#1769 = CARTESIAN_POINT ( 'NONE',  ( 9.368548013477252244E-16, 8.000000000000000000, 7.650000000000000355 ) ) ;
#1770 = ORIENTED_EDGE ( 'NONE', *, *, #805, .F. ) ;
#1771 = CARTESIAN_POINT ( 'NONE',  ( 3.976120838953064673, 3.090000000000000746, 3.976120838953062009 ) ) ;
#1772 = CARTESIAN_POINT ( 'NONE',  ( 5.107491688851539813, 3.090000000000000746, 2.986171345291896095 ) ) ;
#1773 = VECTOR ( 'NONE', #1916, 1000.000000000000000 ) ;
#1774 = ORIENTED_EDGE ( 'NONE', *, *, #71, .F. ) ;
#1775 = FACE_OUTER_BOUND ( 'NONE', #758, .T. ) ;
#1776 = EDGE_CURVE ( 'NONE', #1925, #1652, #91, .T. ) ;
#1777 =( BOUNDED_CURVE ( )  B_SPLINE_CURVE ( 3, ( #804, #1409, #658, #1253 ),
 .UNSPECIFIED., .F., .F. ) 
 B_SPLINE_CURVE_WITH_KNOTS ( ( 4, 4 ),
 ( 2.836899999574395981, 3.446285307605190251 ),
 .UNSPECIFIED. ) 
 CURVE ( )  GEOMETRIC_REPRESENTATION_ITEM ( )  RATIONAL_B_SPLINE_CURVE ( ( 1.000000000000000000, 0.9692928009446305504, 0.9692928009446305504, 1.000000000000000000 ) ) 
 REPRESENTATION_ITEM ( '' )  );
#1778 = DIRECTION ( 'NONE',  ( 0.7071067811865474617, 0.000000000000000000, 0.7071067811865474617 ) ) ;
#1779 = CYLINDRICAL_SURFACE ( 'NONE', #885, 0.1000000000000001443 ) ;
#1780 = DIRECTION ( 'NONE',  ( -0.000000000000000000, 1.000000000000000000, -0.000000000000000000 ) ) ;
#1781 = CIRCLE ( 'NONE', #1751, 0.1000000000000001443 ) ;
#1782 = ORIENTED_EDGE ( 'NONE', *, *, #1527, .F. ) ;
#1783 = CARTESIAN_POINT ( 'NONE',  ( -4.999999999999999112, 8.000000000000000000, 2.291287847478249429 ) ) ;
#1784 = ADVANCED_FACE ( 'NONE', ( #983 ), #528, .T. ) ;
#1785 = AXIS2_PLACEMENT_3D ( 'NONE', #1903, #1291, #249 ) ;
#1786 = DIRECTION ( 'NONE',  ( 0.000000000000000000, 1.000000000000000000, 0.000000000000000000 ) ) ;
#1787 = CARTESIAN_POINT ( 'NONE',  ( 0.000000000000000000, 8.000000000000000000, 0.000000000000000000 ) ) ;
#1788 = FACE_OUTER_BOUND ( 'NONE', #491, .T. ) ;
#1789 = EDGE_LOOP ( 'NONE', ( #1005, #45, #437, #85 ) ) ;
#1790 = CIRCLE ( 'NONE', #1080, 0.1000000000000001305 ) ;
#1791 = LINE ( 'NONE', #593, #1594 ) ;
#1792 = CARTESIAN_POINT ( 'NONE',  ( 4.433344562587839377, 1.500000000000000444, -2.312024219028174343 ) ) ;
#1793 = ORIENTED_EDGE ( 'NONE', *, *, #662, .T. ) ;
#1794 = CARTESIAN_POINT ( 'NONE',  ( 4.500000000000000000, 7.499999999999998224, -2.179449471770337432 ) ) ;
#1795 = CARTESIAN_POINT ( 'NONE',  ( 4.027325123107964089, 3.021034482758620410, -4.027325123107938332 ) ) ;
#1796 = FACE_OUTER_BOUND ( 'NONE', #1613, .T. ) ;
#1797 = EDGE_CURVE ( 'NONE', #1391, #1520, #1268, .T. ) ;
#1798 = DIRECTION ( 'NONE',  ( 1.000000000000000000, 0.000000000000000000, 0.000000000000000000 ) ) ;
#1799 = CARTESIAN_POINT ( 'NONE',  ( -5.087985294887803711, 4.978965517241379146, 2.966664951328077837 ) ) ;
#1800 = ORIENTED_EDGE ( 'NONE', *, *, #931, .F. ) ;
#1801 = ORIENTED_EDGE ( 'NONE', *, *, #397, .F. ) ;
#1802 = DIRECTION ( 'NONE',  ( 0.6936187941687647074, -0.000000000000000000, -0.7203422578024065714 ) ) ;
#1803 = LINE ( 'NONE', #1792, #414 ) ;
#1804 = VERTEX_POINT ( 'NONE', #705 ) ;
#1805 = CARTESIAN_POINT ( 'NONE',  ( -2.179449471770337432, 1.500000000000000444, 4.500000000000000000 ) ) ;
#1806 = CARTESIAN_POINT ( 'NONE',  ( -7.393421723123622336, 3.000000000000000000, 2.576783891606700738 ) ) ;
#1807 = FACE_OUTER_BOUND ( 'NONE', #102, .T. ) ;
#1808 = LINE ( 'NONE', #953, #251 ) ;
#1809 = APPLICATION_CONTEXT ( 'automotive_design' ) ;
#1810 = DIRECTION ( 'NONE',  ( -0.7071067811865475727, -3.056747976430751789E-16, 0.7071067811865475727 ) ) ;
#1811 = ADVANCED_FACE ( 'NONE', ( #399 ), #537, .T. ) ;
#1812 = VERTEX_POINT ( 'NONE', #1601 ) ;
#1813 = DIRECTION ( 'NONE',  ( -0.7071067811865563435, 0.000000000000000000, 0.7071067811865388020 ) ) ;
#1814 = ORIENTED_EDGE ( 'NONE', *, *, #95, .F. ) ;
#1815 = DIRECTION ( 'NONE',  ( -0.7071067811865474617, 0.000000000000000000, -0.7071067811865474617 ) ) ;
#1816 = B_SPLINE_CURVE_WITH_KNOTS ( 'NONE', 3,
 ( #822, #1749, #379, #674, #388, #714, #1124, #1300, #847, #1281 ),
 .UNSPECIFIED., .F., .F.,
 ( 4, 2, 2, 2, 4 ),
 ( 0.000000000000000000, 7.024607880191202191E-05, 0.0001404921576038240438, 0.0002809843152076488466, 0.0005619686304152986690 ),
 .UNSPECIFIED. ) ;
#1817 = VECTOR ( 'NONE', #1730, 1000.000000000000114 ) ;
#1818 = CARTESIAN_POINT ( 'NONE',  ( -5.107491688851539813, 3.090000000000000746, -2.986171345291896095 ) ) ;
#1819 = CARTESIAN_POINT ( 'NONE',  ( 7.252000366886311333, 3.200000000000000178, -2.435362535369390180 ) ) ;
#1820 = ORIENTED_EDGE ( 'NONE', *, *, #1757, .F. ) ;
#1821 = CARTESIAN_POINT ( 'NONE',  ( -3.226782805549718969, 2.373921791567575657, 3.956290731841304975 ) ) ;
#1822 = CARTESIAN_POINT ( 'NONE',  ( 7.279416985118927208, 3.101558808504984110, 2.352227884582229311 ) ) ;
#1823 = ORIENTED_EDGE ( 'NONE', *, *, #505, .T. ) ;
#1824 = ORIENTED_EDGE ( 'NONE', *, *, #1126, .T. ) ;
#1825 = CARTESIAN_POINT ( 'NONE',  ( 7.214603044822826661, 3.063623187575866158, -2.544307028118201419 ) ) ;
#1826 = CARTESIAN_POINT ( 'NONE',  ( 0.000000000000000000, 7.500000000000000000, 0.000000000000000000 ) ) ;
#1827 = EDGE_CURVE ( 'NONE', #634, #1259, #1816, .T. ) ;
#1828 = VECTOR ( 'NONE', #281, 1000.000000000000114 ) ;
#1829 = VERTEX_POINT ( 'NONE', #1308 ) ;
#1830 = LINE ( 'NONE', #158, #1147 ) ;
#1831 = EDGE_CURVE ( 'NONE', #1804, #1396, #652, .T. ) ;
#1832 = CYLINDRICAL_SURFACE ( 'NONE', #867, 0.1000000000000001443 ) ;
#1833 = APPLICATION_PROTOCOL_DEFINITION ( 'draft international standard', 'automotive_design', 1998, #1858 ) ;
#1834 = VERTEX_POINT ( 'NONE', #1429 ) ;
#1835 = CARTESIAN_POINT ( 'NONE',  ( -4.871246803257019309, 8.000000000000001776, 2.263182533822205134 ) ) ;
#1836 = CIRCLE ( 'NONE', #744, 5.000000000000000000 ) ;
#1837 = VECTOR ( 'NONE', #878, 1000.000000000000000 ) ;
#1838 = CARTESIAN_POINT ( 'NONE',  ( -5.107491688851570011, 4.909999999999999254, 2.986171345291844581 ) ) ;
#1839 = ORIENTED_EDGE ( 'NONE', *, *, #216, .T. ) ;
#1840 = EDGE_CURVE ( 'NONE', #1553, #1727, #1636, .T. ) ;
#1841 = ORIENTED_EDGE ( 'NONE', *, *, #619, .T. ) ;
#1842 = CARTESIAN_POINT ( 'NONE',  ( -7.203334277753509873, 3.008500636646442405, -2.577311054879313446 ) ) ;
#1843 = VECTOR ( 'NONE', #1488, 1000.000000000000000 ) ;
#1844 = ADVANCED_FACE ( 'NONE', ( #1717 ), #1581, .F. ) ;
#1845 = CARTESIAN_POINT ( 'NONE',  ( 7.252000366886311333, 8.000000000000000000, -2.435362535369390180 ) ) ;
#1846 = VECTOR ( 'NONE', #507, 1000.000000000000000 ) ;
#1847 = EDGE_LOOP ( 'NONE', ( #636, #1094, #225, #689 ) ) ;
#1848 = CARTESIAN_POINT ( 'NONE',  ( 2.986171345291897428, 4.950000000000000178, 5.107491688851538925 ) ) ;
#1849 = CARTESIAN_POINT ( 'NONE',  ( 4.741006527942212223, 7.947084575471273560, 2.234154015110207947 ) ) ;
#1850 = ORIENTED_EDGE ( 'NONE', *, *, #298, .T. ) ;
#1851 = ORIENTED_EDGE ( 'NONE', *, *, #1313, .T. ) ;
#1852 = PLANE ( 'NONE',  #154 ) ;
#1853 = EDGE_LOOP ( 'NONE', ( #1763, #69, #904, #381 ) ) ;
#1854 = DIRECTION ( 'NONE',  ( -0.000000000000000000, 1.000000000000000000, -0.000000000000000000 ) ) ;
#1855 = CARTESIAN_POINT ( 'NONE',  ( 0.000000000000000000, 0.000000000000000000, 0.000000000000000000 ) ) ;
#1856 = ADVANCED_FACE ( 'NONE', ( #409 ), #389, .T. ) ;
#1857 = EDGE_LOOP ( 'NONE', ( #1203, #1598, #814, #333 ) ) ;
#1858 = APPLICATION_CONTEXT ( 'automotive_design' ) ;
#1859 = CARTESIAN_POINT ( 'NONE',  ( -2.312024219028236960, 2.048942590553174181, 4.433344562587810955 ) ) ;
#1860 = CARTESIAN_POINT ( 'NONE',  ( 7.296724953260061319, 3.176207172489686315, 2.297891415291850148 ) ) ;
#1861 = VERTEX_POINT ( 'NONE', #1605 ) ;
#1862 = CARTESIAN_POINT ( 'NONE',  ( -2.192314546146025389, 7.763919350724530766, 4.555805433952621719 ) ) ;
#1863 = DIRECTION ( 'NONE',  ( 0.7071067811865474617, 0.000000000000000000, -0.7071067811865474617 ) ) ;
#1864 = VERTEX_POINT ( 'NONE', #1161 ) ;
#1865 = DIRECTION ( 'NONE',  ( 0.7071067811865401342, 0.000000000000000000, 0.7071067811865550112 ) ) ;
#1866 = ORIENTED_EDGE ( 'NONE', *, *, #649, .F. ) ;
#1867 = EDGE_CURVE ( 'NONE', #1864, #178, #1199, .T. ) ;
#1868 = CARTESIAN_POINT ( 'NONE',  ( -4.433344562587833160, 1.500000000000000888, -2.312024219028187666 ) ) ;
#1869 = ADVANCED_FACE ( 'NONE', ( #1437 ), #107, .T. ) ;
#1870 = VERTEX_POINT ( 'NONE', #7 ) ;
#1871 = ORIENTED_EDGE ( 'NONE', *, *, #1152, .T. ) ;
#1872 = AXIS2_PLACEMENT_3D ( 'NONE', #120, #726, #440 ) ;
#1873 = CARTESIAN_POINT ( 'NONE',  ( -7.248827492908195502, 3.153668633940836852, 2.444832771519096060 ) ) ;
#1874 = ORIENTED_EDGE ( 'NONE', *, *, #649, .T. ) ;
#1875 = CYLINDRICAL_SURFACE ( 'NONE', #642, 0.5000000000000004441 ) ;
#1876 = DIRECTION ( 'NONE',  ( 0.000000000000000000, 0.000000000000000000, 1.000000000000000000 ) ) ;
#1877 = VERTEX_POINT ( 'NONE', #1818 ) ;
#1878 = AXIS2_PLACEMENT_3D ( 'NONE', #183, #1370, #639 ) ;
#1879 = DIRECTION ( 'NONE',  ( 0.000000000000000000, 1.000000000000000000, 0.000000000000000000 ) ) ;
#1880 = ORIENTED_EDGE ( 'NONE', *, *, #426, .T. ) ;
#1881 = AXIS2_PLACEMENT_3D ( 'NONE', #10, #1059, #1179 ) ;
#1882 = EDGE_CURVE ( 'NONE', #1259, #501, #19, .T. ) ;
#1883 = VERTEX_POINT ( 'NONE', #318 ) ;
#1884 = DIRECTION ( 'NONE',  ( 0.000000000000000000, 0.000000000000000000, 1.000000000000000000 ) ) ;
#1885 = DIRECTION ( 'NONE',  ( 0.7071067811865550112, 0.000000000000000000, -0.7071067811865401342 ) ) ;
#1886 = ORIENTED_EDGE ( 'NONE', *, *, #563, .T. ) ;
#1887 = AXIS2_PLACEMENT_3D ( 'NONE', #294, #780, #1712 ) ;
#1888 = DIRECTION ( 'NONE',  ( -0.000000000000000000, 1.000000000000000000, -0.000000000000000000 ) ) ;
#1889 = CARTESIAN_POINT ( 'NONE',  ( -5.078412917506967439, 3.000000000000000000, -4.890012498889791281 ) ) ;
#1890 = LINE ( 'NONE', #677, #441 ) ;
#1891 = ORIENTED_EDGE ( 'NONE', *, *, #1334, .F. ) ;
#1892 = DIRECTION ( 'NONE',  ( 0.000000000000000000, 1.000000000000000000, -0.000000000000000000 ) ) ;
#1893 = EDGE_CURVE ( 'NONE', #1804, #1422, #1003, .T. ) ;
#1894 = EDGE_CURVE ( 'NONE', #1861, #1413, #1919, .T. ) ;
#1895 = CIRCLE ( 'NONE', #1401, 5.500000000000000000 ) ;
#1896 = VERTEX_POINT ( 'NONE', #1911 ) ;
#1897 = AXIS2_PLACEMENT_3D ( 'NONE', #627, #469, #18 ) ;
#1898 = CARTESIAN_POINT ( 'NONE',  ( 0.000000000000000000, 1.500000000000000444, 0.000000000000000000 ) ) ;
#1899 = CARTESIAN_POINT ( 'NONE',  ( 0.000000000000000000, 8.000000000000000000, -4.999999999999999112 ) ) ;
#1900 = CIRCLE ( 'NONE', #20, 7.650000000000000355 ) ;
#1901 = EDGE_CURVE ( 'NONE', #604, #614, #1069, .T. ) ;
#1902 = VECTOR ( 'NONE', #1065, 1000.000000000000000 ) ;
#1903 = CARTESIAN_POINT ( 'NONE',  ( 2.915460667173242815, 4.909999999999999254, 5.036781010732885200 ) ) ;
#1904 = CARTESIAN_POINT ( 'NONE',  ( 0.000000000000000000, 8.000000000000000000, 0.000000000000000000 ) ) ;
#1905 = AXIS2_PLACEMENT_3D ( 'NONE', #150, #1516, #943 ) ;
#1906 = ORIENTED_EDGE ( 'NONE', *, *, #1167, .T. ) ;
#1907 = CARTESIAN_POINT ( 'NONE',  ( -2.262975846493129772, 8.000000000000000000, 4.870299948342232454 ) ) ;
#1908 = DIRECTION ( 'NONE',  ( -0.7071067811865473507, -2.775557561562890735E-17, 0.7071067811865477948 ) ) ;
#1909 = CARTESIAN_POINT ( 'NONE',  ( 4.999999999999848121, 8.000000000000000000, -2.291287847478249429 ) ) ;
#1910 = EDGE_CURVE ( 'NONE', #468, #1422, #1011, .T. ) ;
#1911 = CARTESIAN_POINT ( 'NONE',  ( 7.296724953260060431, 3.200000000000000178, 2.297891415291850148 ) ) ;
#1912 = CARTESIAN_POINT ( 'NONE',  ( -4.499999999999998224, 7.633700821002010528, -2.179449471770337432 ) ) ;
#1913 = VECTOR ( 'NONE', #77, 1000.000000000000000 ) ;
#1914 = PLANE ( 'NONE',  #1071 ) ;
#1915 = ORIENTED_EDGE ( 'NONE', *, *, #1076, .F. ) ;
#1916 = DIRECTION ( 'NONE',  ( 1.000000000000000000, -0.000000000000000000, 0.000000000000000000 ) ) ;
#1917 = DIRECTION ( 'NONE',  ( 0.000000000000000000, 0.000000000000000000, 1.000000000000000000 ) ) ;
#1918 = DIRECTION ( 'NONE',  ( 0.7071067811865563435, 0.000000000000000000, -0.7071067811865388020 ) ) ;
#1919 = CIRCLE ( 'NONE', #1610, 0.1000000000000001443 ) ;
#1920 = EDGE_CURVE ( 'NONE', #1727, #1424, #1657, .T. ) ;
#1921 = DIRECTION ( 'NONE',  ( 0.000000000000000000, 1.000000000000000000, 0.000000000000000000 ) ) ;
#1922 = AXIS2_PLACEMENT_3D ( 'NONE', #540, #1295, #1729 ) ;
#1923 = CARTESIAN_POINT ( 'NONE',  ( 0.000000000000000000, 3.000000000000000000, 0.000000000000000000 ) ) ;
#1924 = EDGE_CURVE ( 'NONE', #323, #1553, #772, .T. ) ;
#1925 = VERTEX_POINT ( 'NONE', #628 ) ;
#1926 = DIRECTION ( 'NONE',  ( -0.7071067811865451302, 0.000000000000000000, -0.7071067811865500152 ) ) ;
#1927 = PLANE ( 'NONE',  #656 ) ;
#1928 = DIRECTION ( 'NONE',  ( -0.7071067811865496822, 0.000000000000000000, 0.7071067811865453523 ) ) ;
#1929 = ORIENTED_EDGE ( 'NONE', *, *, #1748, .F. ) ;
#1930 = DIRECTION ( 'NONE',  ( 0.000000000000000000, 0.000000000000000000, -1.000000000000000000 ) ) ;
#1931 = AXIS2_PLACEMENT_3D ( 'NONE', #129, #1515, #148 ) ;
#1932 = CARTESIAN_POINT ( 'NONE',  ( -3.956290731841337838, 2.373921791567575657, -3.226782805549678557 ) ) ;
#1933 = CARTESIAN_POINT ( 'NONE',  ( -3.018470195263256439, 3.000000000000000000, -7.029319859012494121 ) ) ;
#1934 = EDGE_LOOP ( 'NONE', ( #201, #903, #398, #1436, #153, #110, #1377, #492 ) ) ;
#1935 = DIRECTION ( 'NONE',  ( 0.7203422578024066825, 0.000000000000000000, 0.6936187941687647074 ) ) ;
#1936 = EDGE_CURVE ( 'NONE', #1449, #970, #681, .T. ) ;
#1937 = FACE_OUTER_BOUND ( 'NONE', #1054, .T. ) ;
#1938 = VECTOR ( 'NONE', #42, 1000.000000000000000 ) ;
#1939 = EDGE_LOOP ( 'NONE', ( #630, #512, #157, #757, #1074, #215, #1029, #197, #823, #1645 ) ) ;
#1940 = DIRECTION ( 'NONE',  ( 0.7071067811865475727, -3.056747976430751296E-16, -0.7071067811865475727 ) ) ;
#1941 = DIRECTION ( 'NONE',  ( 0.7071067811865477948, -0.000000000000000000, 0.7071067811865473507 ) ) ;
#1942 = DIRECTION ( 'NONE',  ( 0.000000000000000000, 0.000000000000000000, 1.000000000000000000 ) ) ;
#1943 = ORIENTED_EDGE ( 'NONE', *, *, #1246, .F. ) ;
ENDSEC;
END-ISO-10303-21;
