ISO-10303-21;
HEADER;
FILE_DESCRIPTION (( 'STEP AP214' ),
    '1' );
FILE_NAME ('Snap Fit Male.STEP',
    '2026-10-05T20:37:05',
    ( '' ),
    ( '' ),
    'SwSTEP 2.0',
    'SolidWorks 2023',
    '' );
FILE_SCHEMA (( 'AUTOMOTIVE_DESIGN' ));
ENDSEC;

DATA;
#1 = CARTESIAN_POINT ( 'NONE',  ( 1.399999999999999689, 9.768344573749500270, -5.400000000000000355 ) ) ;
#2 = LINE ( 'NONE', #2568, #1559 ) ;
#3 = CARTESIAN_POINT ( 'NONE',  ( -3.371111840569784412, 1.616536647565486318, 6.867191002222499563 ) ) ;
#4 = VECTOR ( 'NONE', #1289, 1000.000000000000000 ) ;
#5 = ORIENTED_EDGE ( 'NONE', *, *, #899, .T. ) ;
#6 = ORIENTED_EDGE ( 'NONE', *, *, #1803, .T. ) ;
#7 = CARTESIAN_POINT ( 'NONE',  ( -1.379999999999999671, 6.649999999999999467, -0.7729309367425445387 ) ) ;
#8 = DIRECTION ( 'NONE',  ( 0.000000000000000000, 1.156482317317871607E-14, -1.000000000000000000 ) ) ;
#9 = AXIS2_PLACEMENT_3D ( 'NONE', #184, #1729, #2573 ) ;
#10 = CARTESIAN_POINT ( 'NONE',  ( -1.399999999999999911, 12.34999999999999964, -2.027069063257456172 ) ) ;
#11 = CIRCLE ( 'NONE', #319, 0.1299999999999998934 ) ;
#12 = DIRECTION ( 'NONE',  ( 0.000000000000000000, -0.7546055221635044052, 0.6561787149247869655 ) ) ;
#13 = DIRECTION ( 'NONE',  ( 0.000000000000000000, 0.7546055221635206145, 0.6561787149247685358 ) ) ;
#14 = EDGE_CURVE ( 'NONE', #1553, #571, #1533, .T. ) ;
#15 = ORIENTED_EDGE ( 'NONE', *, *, #1400, .T. ) ;
#16 = ORIENTED_EDGE ( 'NONE', *, *, #2678, .F. ) ;
#17 = CYLINDRICAL_SURFACE ( 'NONE', #330, 0.1499999999999999667 ) ;
#18 = CARTESIAN_POINT ( 'NONE',  ( 0.000000000000000000, 0.000000000000000000, 0.000000000000000000 ) ) ;
#19 = DIRECTION ( 'NONE',  ( -1.000000000000000000, -0.000000000000000000, -0.000000000000000000 ) ) ;
#20 = AXIS2_PLACEMENT_3D ( 'NONE', #2393, #2407, #1967 ) ;
#21 = VERTEX_POINT ( 'NONE', #951 ) ;
#22 = ORIENTED_EDGE ( 'NONE', *, *, #1619, .T. ) ;
#23 = CIRCLE ( 'NONE', #1129, 0.02000000000000003511 ) ;
#24 = CARTESIAN_POINT ( 'NONE',  ( 1.399999999999999911, 9.655153745424975398, -5.498426807238719682 ) ) ;
#25 = DIRECTION ( 'NONE',  ( 0.000000000000000000, -0.000000000000000000, 1.000000000000000000 ) ) ;
#26 = ADVANCED_FACE ( 'NONE', ( #143 ), #1807, .T. ) ;
#27 = ORIENTED_EDGE ( 'NONE', *, *, #1207, .T. ) ;
#28 = EDGE_CURVE ( 'NONE', #268, #1382, #1620, .T. ) ;
#29 = CARTESIAN_POINT ( 'NONE',  ( -1.380000000000000115, 11.52975414413175947, -5.485303232940222706 ) ) ;
#30 = VERTEX_POINT ( 'NONE', #114 ) ;
#31 = DIRECTION ( 'NONE',  ( 8.673617379884035472E-17, 1.880790961315659329E-33, -1.000000000000000000 ) ) ;
#32 = DIRECTION ( 'NONE',  ( -1.000000000000000000, -2.168404344971008252E-17, 8.673617379884035472E-17 ) ) ;
#33 = PLANE ( 'NONE',  #675 ) ;
#34 = ADVANCED_BREP_SHAPE_REPRESENTATION ( 'Snap Fit Male', ( #1488, #1812 ), #177 ) ;
#35 = ORIENTED_EDGE ( 'NONE', *, *, #115, .T. ) ;
#36 = VERTEX_POINT ( 'NONE', #960 ) ;
#37 = CARTESIAN_POINT ( 'NONE',  ( -1.379999999999999671, 6.622052172158088723, -0.9406179037940090026 ) ) ;
#38 = DIRECTION ( 'NONE',  ( 0.000000000000000000, 0.000000000000000000, -1.000000000000000000 ) ) ;
#39 = ORIENTED_EDGE ( 'NONE', *, *, #1016, .F. ) ;
#40 = CARTESIAN_POINT ( 'NONE',  ( 0.000000000000000000, 8.631655426250503638, 4.549999999999999822 ) ) ;
#41 = ORIENTED_EDGE ( 'NONE', *, *, #922, .T. ) ;
#42 = DIRECTION ( 'NONE',  ( 0.000000000000000000, 0.000000000000000000, -1.000000000000000000 ) ) ;
#43 = CARTESIAN_POINT ( 'NONE',  ( 0.000000000000000000, 6.500000000000000000, -7.650000000000000355 ) ) ;
#44 = CARTESIAN_POINT ( 'NONE',  ( -1.379999999999999893, 12.34999999999999964, 2.027069063257455728 ) ) ;
#45 = ORIENTED_EDGE ( 'NONE', *, *, #2611, .F. ) ;
#46 = EDGE_LOOP ( 'NONE', ( #897, #2451, #1103, #533, #1300, #2405, #2165, #1531 ) ) ;
#47 = EDGE_CURVE ( 'NONE', #498, #2675, #2411, .T. ) ;
#48 = DIRECTION ( 'NONE',  ( 0.000000000000000000, 0.000000000000000000, -1.000000000000000000 ) ) ;
#49 = TOROIDAL_SURFACE ( 'NONE', #1644, 0.1699999999999999845, 0.02000000000000000042 ) ;
#50 = DIRECTION ( 'NONE',  ( -0.000000000000000000, -0.000000000000000000, -1.000000000000000000 ) ) ;
#51 = CIRCLE ( 'NONE', #674, 0.02000000000000005246 ) ;
#52 = EDGE_CURVE ( 'NONE', #1099, #1748, #1196, .T. ) ;
#53 = ORIENTED_EDGE ( 'NONE', *, *, #941, .F. ) ;
#54 = PLANE ( 'NONE',  #1605 ) ;
#55 = VECTOR ( 'NONE', #1333, 1000.000000000000000 ) ;
#56 = CYLINDRICAL_SURFACE ( 'NONE', #2698, 0.02000000000000005246 ) ;
#57 = DIRECTION ( 'NONE',  ( 1.000000000000000000, 2.168404344971008252E-17, 8.673617379884035472E-17 ) ) ;
#58 = EDGE_CURVE ( 'NONE', #74, #648, #203, .T. ) ;
#59 = ORIENTED_EDGE ( 'NONE', *, *, #1118, .F. ) ;
#60 = ORIENTED_EDGE ( 'NONE', *, *, #459, .F. ) ;
#61 = EDGE_CURVE ( 'NONE', #705, #181, #2474, .T. ) ;
#62 = LINE ( 'NONE', #284, #2281 ) ;
#63 = EDGE_CURVE ( 'NONE', #75, #1714, #291, .T. ) ;
#64 = CARTESIAN_POINT ( 'NONE',  ( 1.399999999999999689, 8.759938365018303585, 4.438449618462789736 ) ) ;
#65 = AXIS2_PLACEMENT_3D ( 'NONE', #2659, #112, #1612 ) ;
#66 = CARTESIAN_POINT ( 'NONE',  ( -1.380000000000000115, 8.631655426250503638, 4.549999999999999822 ) ) ;
#67 = TOROIDAL_SURFACE ( 'NONE', #247, 0.1699999999999999845, 0.02000000000000000042 ) ;
#68 = ORIENTED_EDGE ( 'NONE', *, *, #124, .T. ) ;
#69 = DIRECTION ( 'NONE',  ( -0.000000000000000000, 1.000000000000000000, -0.000000000000000000 ) ) ;
#70 = AXIS2_PLACEMENT_3D ( 'NONE', #511, #301, #142 ) ;
#71 = CARTESIAN_POINT ( 'NONE',  ( -1.379999999999999449, 0.02972972972972962383, 0.1783783783783780552 ) ) ;
#72 = DIRECTION ( 'NONE',  ( 0.000000000000000000, -0.000000000000000000, 1.000000000000000000 ) ) ;
#73 = ADVANCED_FACE ( 'NONE', ( #792 ), #2693, .F. ) ;
#74 = VERTEX_POINT ( 'NONE', #1660 ) ;
#75 = VERTEX_POINT ( 'NONE', #1454 ) ;
#76 = CARTESIAN_POINT ( 'NONE',  ( 1.399999999999999689, 12.44809871788125477, 4.429206973128303026 ) ) ;
#77 = CARTESIAN_POINT ( 'NONE',  ( 1.379999999999999671, 6.500000000000000000, 0.7729309367425446498 ) ) ;
#78 = CARTESIAN_POINT ( 'NONE',  ( 3.405877273185280885, 1.699999999999999734, 6.850000000000000533 ) ) ;
#79 = EDGE_LOOP ( 'NONE', ( #2140, #2647, #2515, #877 ) ) ;
#80 = DIRECTION ( 'NONE',  ( 0.000000000000000000, 0.000000000000000000, -1.000000000000000000 ) ) ;
#81 = FACE_OUTER_BOUND ( 'NONE', #859, .T. ) ;
#82 = CARTESIAN_POINT ( 'NONE',  ( 3.397045344066838890, 1.653845617810561608, 6.854399480517453291 ) ) ;
#83 = VECTOR ( 'NONE', #1878, 1000.000000000000000 ) ;
#84 = VERTEX_POINT ( 'NONE', #1245 ) ;
#85 = VERTEX_POINT ( 'NONE', #2335 ) ;
#86 = DIRECTION ( 'NONE',  ( -1.000000000000000000, -2.168404344971008252E-17, 8.673617379884035472E-17 ) ) ;
#87 = CARTESIAN_POINT ( 'NONE',  ( -1.400000000000000133, 12.44809871788125477, 4.429206973128303026 ) ) ;
#88 = DIRECTION ( 'NONE',  ( 1.000000000000000000, 0.000000000000000000, 0.000000000000000000 ) ) ;
#89 = AXIS2_PLACEMENT_3D ( 'NONE', #1897, #854, #1698 ) ;
#90 = ORIENTED_EDGE ( 'NONE', *, *, #1705, .T. ) ;
#91 = ADVANCED_FACE ( 'NONE', ( #1033 ), #721, .T. ) ;
#92 = CARTESIAN_POINT ( 'NONE',  ( -1.380000000000000115, 6.649999999999999467, -4.400000000000000355 ) ) ;
#93 = CIRCLE ( 'NONE', #1734, 0.1499999999999999667 ) ;
#94 = AXIS2_PLACEMENT_3D ( 'NONE', #1738, #2146, #1284 ) ;
#95 = CARTESIAN_POINT ( 'NONE',  ( 3.354731286224073905, 1.601558808504983666, 6.875221135459824495 ) ) ;
#96 = AXIS2_PLACEMENT_3D ( 'NONE', #1185, #1219, #2713 ) ;
#97 = ORIENTED_EDGE ( 'NONE', *, *, #311, .F. ) ;
#98 = ORIENTED_EDGE ( 'NONE', *, *, #2705, .T. ) ;
#99 = DIRECTION ( 'NONE',  ( -0.000000000000000000, 0.6561787149247869655, -0.7546055221635044052 ) ) ;
#100 = DIRECTION ( 'NONE',  ( 2.168404344971008252E-17, -1.000000000000000000, -0.000000000000000000 ) ) ;
#101 = CARTESIAN_POINT ( 'NONE',  ( -1.380000000000000115, 11.43165542625050612, -5.530000000000000249 ) ) ;
#102 = AXIS2_PLACEMENT_3D ( 'NONE', #482, #1779, #1980 ) ;
#103 = CARTESIAN_POINT ( 'NONE',  ( 0.000000000000000000, 11.43165542625050435, 5.400000000000000355 ) ) ;
#104 = DIRECTION ( 'NONE',  ( 1.000000000000000000, 2.168404344971008252E-17, 8.673617379884035472E-17 ) ) ;
#105 = AXIS2_PLACEMENT_3D ( 'NONE', #2309, #2351, #2325 ) ;
#106 = ADVANCED_FACE ( 'NONE', ( #2739 ), #1869, .T. ) ;
#107 = CARTESIAN_POINT ( 'NONE',  ( -1.379999999999999893, 12.34999999999999964, -2.027069063257456172 ) ) ;
#108 = VECTOR ( 'NONE', #1159, 1000.000000000000000 ) ;
#109 = CARTESIAN_POINT ( 'NONE',  ( 0.000000000000000000, 0.000000000000000000, 4.400000000000000355 ) ) ;
#110 = VERTEX_POINT ( 'NONE', #2089 ) ;
#111 = ORIENTED_EDGE ( 'NONE', *, *, #1321, .F. ) ;
#112 = DIRECTION ( 'NONE',  ( -1.000000000000000000, -0.000000000000000000, -0.000000000000000000 ) ) ;
#113 = DIRECTION ( 'NONE',  ( -8.673617379884035472E-17, -1.880790961315659329E-33, -1.000000000000000000 ) ) ;
#114 = CARTESIAN_POINT ( 'NONE',  ( 1.379999999999999671, 12.50000000000000000, -4.343903740188082452 ) ) ;
#115 = EDGE_CURVE ( 'NONE', #623, #679, #1970, .T. ) ;
#116 = LINE ( 'NONE', #961, #1410 ) ;
#117 = DIRECTION ( 'NONE',  ( -1.000000000000000000, 0.000000000000000000, 0.000000000000000000 ) ) ;
#118 = CARTESIAN_POINT ( 'NONE',  ( 1.399999999999999689, 6.500000000000000000, -4.469999999999999751 ) ) ;
#119 = VERTEX_POINT ( 'NONE', #1483 ) ;
#120 = VERTEX_POINT ( 'NONE', #386 ) ;
#121 = FACE_OUTER_BOUND ( 'NONE', #2731, .T. ) ;
#122 = FACE_OUTER_BOUND ( 'NONE', #490, .T. ) ;
#123 = AXIS2_PLACEMENT_3D ( 'NONE', #2504, #613, #2330 ) ;
#124 = EDGE_CURVE ( 'NONE', #485, #1387, #186, .T. ) ;
#125 = EDGE_CURVE ( 'NONE', #402, #249, #2015, .T. ) ;
#126 = CARTESIAN_POINT ( 'NONE',  ( 0.000000000000000000, 6.500000000000000000, 6.850000000000000533 ) ) ;
#127 = ORIENTED_EDGE ( 'NONE', *, *, #1696, .F. ) ;
#128 = DIRECTION ( 'NONE',  ( -1.000000000000000000, 0.000000000000000000, -0.000000000000000000 ) ) ;
#129 = AXIS2_PLACEMENT_3D ( 'NONE', #1238, #2513, #2080 ) ;
#130 = DIRECTION ( 'NONE',  ( 0.000000000000000000, 0.000000000000000000, -1.000000000000000000 ) ) ;
#131 = EDGE_CURVE ( 'NONE', #21, #1339, #370, .T. ) ;
#132 = AXIS2_PLACEMENT_3D ( 'NONE', #2023, #158, #326 ) ;
#133 = AXIS2_PLACEMENT_3D ( 'NONE', #1762, #2001, #2426 ) ;
#134 = EDGE_LOOP ( 'NONE', ( #1755, #1115, #2440, #585 ) ) ;
#135 = ORIENTED_EDGE ( 'NONE', *, *, #149, .F. ) ;
#136 = CARTESIAN_POINT ( 'NONE',  ( -1.379999999999999671, 6.500000000000000000, 0.7729309367425446498 ) ) ;
#137 = CARTESIAN_POINT ( 'NONE',  ( -1.380000000000000115, 6.500000000000000000, 4.549999999999999822 ) ) ;
#138 = CARTESIAN_POINT ( 'NONE',  ( 0.000000000000000000, 1.499999999999999556, -6.849999999999998757 ) ) ;
#139 = AXIS2_PLACEMENT_3D ( 'NONE', #29, #640, #1719 ) ;
#140 = EDGE_LOOP ( 'NONE', ( #98, #2392, #429 ) ) ;
#141 = ADVANCED_FACE ( 'NONE', ( #1261 ), #191, .T. ) ;
#142 = DIRECTION ( 'NONE',  ( 0.000000000000000000, 0.000000000000000000, -1.000000000000000000 ) ) ;
#143 = FACE_OUTER_BOUND ( 'NONE', #2377, .T. ) ;
#144 = FACE_OUTER_BOUND ( 'NONE', #1148, .T. ) ;
#145 = CARTESIAN_POINT ( 'NONE',  ( -1.380000000000000115, 11.43165542625050435, 5.549999999999999822 ) ) ;
#146 = AXIS2_PLACEMENT_3D ( 'NONE', #1991, #86, #720 ) ;
#147 = CARTESIAN_POINT ( 'NONE',  ( 0.000000000000000000, 6.500000000000000000, 0.000000000000000000 ) ) ;
#148 = AXIS2_PLACEMENT_3D ( 'NONE', #1851, #1640, #2488 ) ;
#149 = EDGE_CURVE ( 'NONE', #2427, #2600, #2192, .T. ) ;
#150 = VECTOR ( 'NONE', #2229, 1000.000000000000114 ) ;
#151 = VERTEX_POINT ( 'NONE', #1003 ) ;
#152 = ORIENTED_EDGE ( 'NONE', *, *, #215, .F. ) ;
#153 = CARTESIAN_POINT ( 'NONE',  ( 1.379999999999999671, 8.631655426250503638, 4.379999999999999893 ) ) ;
#154 = FACE_OUTER_BOUND ( 'NONE', #1947, .T. ) ;
#155 = DIRECTION ( 'NONE',  ( -1.000000000000000000, 0.000000000000000000, 0.000000000000000000 ) ) ;
#156 = EDGE_CURVE ( 'NONE', #2004, #566, #2151, .T. ) ;
#157 = DIRECTION ( 'NONE',  ( 7.968020348514244863E-17, -0.6561787149247862994, -0.7546055221635049604 ) ) ;
#158 = DIRECTION ( 'NONE',  ( 1.000000000000000000, 2.168404344971008252E-17, -8.673617379884035472E-17 ) ) ;
#159 = DIRECTION ( 'NONE',  ( 1.000000000000000000, 2.168404344971008252E-17, -8.673617379884035472E-17 ) ) ;
#160 = CARTESIAN_POINT ( 'NONE',  ( -3.261944826741905334, 1.546453914618039827, -6.919843220402987605 ) ) ;
#161 = CARTESIAN_POINT ( 'NONE',  ( 1.379999999999999671, 12.34999999999999964, 4.343903740188081564 ) ) ;
#162 = VERTEX_POINT ( 'NONE', #732 ) ;
#163 = APPLICATION_CONTEXT ( 'automotive_design' ) ;
#164 = PLANE ( 'NONE',  #806 ) ;
#165 = ORIENTED_EDGE ( 'NONE', *, *, #14, .F. ) ;
#166 = DIRECTION ( 'NONE',  ( 1.000000000000000000, 0.000000000000000000, 0.000000000000000000 ) ) ;
#167 = DIRECTION ( 'NONE',  ( -0.000000000000000000, 0.6561787149247684248, 0.7546055221635205035 ) ) ;
#168 = CARTESIAN_POINT ( 'NONE',  ( 0.000000000000000000, 12.50000000000000000, 0.000000000000000000 ) ) ;
#169 = EDGE_LOOP ( 'NONE', ( #1726, #1323, #2019, #1486 ) ) ;
#170 = CARTESIAN_POINT ( 'NONE',  ( -3.405877273185280885, 6.500000000000000000, 6.850000000000000533 ) ) ;
#171 = DIRECTION ( 'NONE',  ( -3.564834783817703950E-17, 0.9863939238321437486, -0.1643989873053572637 ) ) ;
#172 = DIRECTION ( 'NONE',  ( 0.000000000000000000, 0.000000000000000000, -1.000000000000000000 ) ) ;
#173 = ADVANCED_FACE ( 'NONE', ( #324 ), #857, .T. ) ;
#174 = B_SPLINE_CURVE_WITH_KNOTS ( 'NONE', 3,
 ( #77, #2174, #1329, #493, #1565, #920, #2212, #2588, #1968, #271 ),
 .UNSPECIFIED., .F., .F.,
 ( 4, 3, 3, 4 ),
 ( -2.449489749371179143E-06, 0.000000000000000000, 4.097538642259669319E-05, 8.049306843309114701E-05 ),
 .UNSPECIFIED. ) ;
#175 = ORIENTED_EDGE ( 'NONE', *, *, #1528, .F. ) ;
#176 = CARTESIAN_POINT ( 'NONE',  ( 0.000000000000000000, 6.649999999999999467, 4.549999999999999822 ) ) ;
#177 =( GEOMETRIC_REPRESENTATION_CONTEXT ( 3 ) GLOBAL_UNCERTAINTY_ASSIGNED_CONTEXT ( ( #285 ) ) GLOBAL_UNIT_ASSIGNED_CONTEXT ( ( #2113, #1089, #1475 ) ) REPRESENTATION_CONTEXT ( 'NONE', 'WORKASPACE' ) );
#178 = ORIENTED_EDGE ( 'NONE', *, *, #1529, .T. ) ;
#179 = FACE_OUTER_BOUND ( 'NONE', #2434, .T. ) ;
#180 = CARTESIAN_POINT ( 'NONE',  ( 1.379999999999999671, 8.631655426250503638, -4.400000000000000355 ) ) ;
#181 = VERTEX_POINT ( 'NONE', #1587 ) ;
#182 = AXIS2_PLACEMENT_3D ( 'NONE', #1752, #72, #901 ) ;
#183 = FACE_OUTER_BOUND ( 'NONE', #2638, .T. ) ;
#184 = CARTESIAN_POINT ( 'NONE',  ( 1.379999999999999671, 6.622052172158088723, 0.9406179037940093357 ) ) ;
#185 = TOROIDAL_SURFACE ( 'NONE', #2092, 0.1699999999999999845, 0.02000000000000000042 ) ;
#186 = LINE ( 'NONE', #2275, #545 ) ;
#187 = DIRECTION ( 'NONE',  ( -1.000000000000000000, 0.000000000000000000, 0.000000000000000000 ) ) ;
#188 = ORIENTED_EDGE ( 'NONE', *, *, #1093, .T. ) ;
#189 = CARTESIAN_POINT ( 'NONE',  ( 0.000000000000000000, 1.499999999999999556, 6.850000000000000533 ) ) ;
#190 = EDGE_CURVE ( 'NONE', #1524, #162, #1611, .T. ) ;
#191 = TOROIDAL_SURFACE ( 'NONE', #2371, 0.1299999999999999767, 0.02000000000000000042 ) ;
#192 = ORIENTED_EDGE ( 'NONE', *, *, #1681, .F. ) ;
#193 = CIRCLE ( 'NONE', #1485, 0.1299999999999998934 ) ;
#194 = LINE ( 'NONE', #2540, #1574 ) ;
#195 = CARTESIAN_POINT ( 'NONE',  ( 1.385521695682326193, 6.500000000000000000, -4.534868014339770603 ) ) ;
#196 = DIRECTION ( 'NONE',  ( 1.000000000000000000, 2.168404344971008252E-17, 8.673617379884035472E-17 ) ) ;
#197 = CIRCLE ( 'NONE', #725, 0.01999999999999996225 ) ;
#198 = VERTEX_POINT ( 'NONE', #1117 ) ;
#199 = EDGE_LOOP ( 'NONE', ( #1097, #1258, #2108, #2343 ) ) ;
#200 = CIRCLE ( 'NONE', #1618, 0.01999999999999996225 ) ;
#201 = CARTESIAN_POINT ( 'NONE',  ( -1.400000000000000133, 6.500000000000000000, 4.469999999999999751 ) ) ;
#202 = LINE ( 'NONE', #1941, #1866 ) ;
#203 = LINE ( 'NONE', #1065, #2099 ) ;
#204 = CARTESIAN_POINT ( 'NONE',  ( 0.000000000000000000, 1.499999999999999556, 0.000000000000000000 ) ) ;
#205 = ADVANCED_FACE ( 'NONE', ( #1168 ), #419, .T. ) ;
#206 = ORIENTED_EDGE ( 'NONE', *, *, #2321, .T. ) ;
#207 = DIRECTION ( 'NONE',  ( 0.000000000000000000, 1.000000000000000000, -0.000000000000000000 ) ) ;
#208 = ORIENTED_EDGE ( 'NONE', *, *, #2320, .F. ) ;
#209 = DIRECTION ( 'NONE',  ( 0.000000000000000000, 0.000000000000000000, -1.000000000000000000 ) ) ;
#210 = DIRECTION ( 'NONE',  ( 0.000000000000000000, -0.9863939238321438596, 0.1643989873053572914 ) ) ;
#211 = CARTESIAN_POINT ( 'NONE',  ( -3.262446522120520331, 1.546643593403175920, 6.919607353035441832 ) ) ;
#212 = EDGE_LOOP ( 'NONE', ( #323, #2685, #2161, #396 ) ) ;
#213 = DIRECTION ( 'NONE',  ( -0.000000000000000000, -1.000000000000000000, -0.000000000000000000 ) ) ;
#214 = CARTESIAN_POINT ( 'NONE',  ( 1.379999999999999671, 12.34999999999999964, -4.343903740188082452 ) ) ;
#215 = EDGE_CURVE ( 'NONE', #2199, #340, #686, .T. ) ;
#216 = DIRECTION ( 'NONE',  ( -0.000000000000000000, 1.000000000000000000, -0.000000000000000000 ) ) ;
#217 = EDGE_CURVE ( 'NONE', #21, #2250, #1211, .T. ) ;
#218 = CARTESIAN_POINT ( 'NONE',  ( 0.000000000000000000, 12.50000000000000000, 4.343903740188081564 ) ) ;
#219 = AXIS2_PLACEMENT_3D ( 'NONE', #371, #1699, #8 ) ;
#220 = CARTESIAN_POINT ( 'NONE',  ( 1.379999999999999671, 6.500000000000000000, -0.7729309367425445387 ) ) ;
#221 = ORIENTED_EDGE ( 'NONE', *, *, #2646, .T. ) ;
#222 = DIRECTION ( 'NONE',  ( 1.000000000000000000, 0.000000000000000000, -0.000000000000000000 ) ) ;
#223 = ADVANCED_FACE ( 'NONE', ( #1701 ), #2382, .T. ) ;
#224 = VERTEX_POINT ( 'NONE', #506 ) ;
#225 = CARTESIAN_POINT ( 'NONE',  ( -1.400000000000000133, 12.34999999999999964, 4.343903740188081564 ) ) ;
#226 = CARTESIAN_POINT ( 'NONE',  ( -1.399999999999999689, 12.48000000000000220, -1.214306433183764720E-16 ) ) ;
#227 = CARTESIAN_POINT ( 'NONE',  ( 1.379999999999999671, 12.48000000000000220, 4.343903740188081564 ) ) ;
#228 = CIRCLE ( 'NONE', #670, 0.01999999999999996225 ) ;
#229 = EDGE_LOOP ( 'NONE', ( #255, #2544, #45, #1682 ) ) ;
#230 = ORIENTED_EDGE ( 'NONE', *, *, #2147, .F. ) ;
#231 = AXIS2_PLACEMENT_3D ( 'NONE', #634, #663, #1465 ) ;
#232 = EDGE_CURVE ( 'NONE', #151, #2350, #1831, .T. ) ;
#233 = EDGE_CURVE ( 'NONE', #802, #844, #683, .T. ) ;
#234 = CIRCLE ( 'NONE', #2088, 0.02000000000000005246 ) ;
#235 = VECTOR ( 'NONE', #693, 1000.000000000000114 ) ;
#236 = LINE ( 'NONE', #1717, #2288 ) ;
#237 = ORIENTED_EDGE ( 'NONE', *, *, #1584, .F. ) ;
#238 = CARTESIAN_POINT ( 'NONE',  ( -1.399999999999999689, 6.622052172158088723, -0.9406179037940088916 ) ) ;
#239 = VERTEX_POINT ( 'NONE', #2173 ) ;
#240 = DIRECTION ( 'NONE',  ( 1.000000000000000000, 2.168404344971008252E-17, 8.673617379884035472E-17 ) ) ;
#241 = CARTESIAN_POINT ( 'NONE',  ( 1.379999999999999671, 0.02644174998362252768, 0.1586504999017351591 ) ) ;
#242 = CYLINDRICAL_SURFACE ( 'NONE', #408, 7.650000000000000355 ) ;
#243 = ORIENTED_EDGE ( 'NONE', *, *, #824, .F. ) ;
#244 = ORIENTED_EDGE ( 'NONE', *, *, #656, .T. ) ;
#245 = VECTOR ( 'NONE', #1397, 1000.000000000000114 ) ;
#246 = CARTESIAN_POINT ( 'NONE',  ( 9.368548013477250272E-16, 1.499999999999999556, 7.650000000000000355 ) ) ;
#247 = AXIS2_PLACEMENT_3D ( 'NONE', #1827, #2277, #172 ) ;
#248 = DIRECTION ( 'NONE',  ( 2.168404344971008252E-17, -1.000000000000000000, 0.000000000000000000 ) ) ;
#249 = VERTEX_POINT ( 'NONE', #1352 ) ;
#250 = PLANE ( 'NONE',  #975 ) ;
#251 = EDGE_CURVE ( 'NONE', #756, #1639, #2005, .T. ) ;
#252 = EDGE_CURVE ( 'NONE', #2167, #442, #62, .T. ) ;
#253 = VERTEX_POINT ( 'NONE', #906 ) ;
#254 = CARTESIAN_POINT ( 'NONE',  ( 1.399999999999999689, 12.48000000000000220, 2.027069063257455728 ) ) ;
#255 = ORIENTED_EDGE ( 'NONE', *, *, #334, .F. ) ;
#256 = ORIENTED_EDGE ( 'NONE', *, *, #780, .T. ) ;
#257 = CARTESIAN_POINT ( 'NONE',  ( -1.380000000000000115, 6.649999999999999467, 4.549999999999999822 ) ) ;
#258 = CARTESIAN_POINT ( 'NONE',  ( -1.400000000000000133, 8.631655426250503638, 4.549999999999999822 ) ) ;
#259 = AXIS2_PLACEMENT_3D ( 'NONE', #1987, #279, #1125 ) ;
#260 = ORIENTED_EDGE ( 'NONE', *, *, #1335, .T. ) ;
#261 = CARTESIAN_POINT ( 'NONE',  ( 3.371111840569788853, 1.616536647565485652, -6.867191002222497787 ) ) ;
#262 = EDGE_CURVE ( 'NONE', #84, #2528, #2631, .T. ) ;
#263 = EDGE_CURVE ( 'NONE', #2237, #1067, #1349, .T. ) ;
#264 = ORIENTED_EDGE ( 'NONE', *, *, #1427, .T. ) ;
#265 = DIRECTION ( 'NONE',  ( 0.000000000000000000, 0.000000000000000000, -1.000000000000000000 ) ) ;
#266 = CARTESIAN_POINT ( 'NONE',  ( -1.380000000000000115, 11.43165542625050435, 5.400000000000000355 ) ) ;
#267 = VERTEX_POINT ( 'NONE', #1132 ) ;
#268 = VERTEX_POINT ( 'NONE', #76 ) ;
#269 = CARTESIAN_POINT ( 'NONE',  ( 1.379999999999999671, 0.000000000000000000, -4.379999999999999893 ) ) ;
#270 = AXIS2_PLACEMENT_3D ( 'NONE', #393, #167, #999 ) ;
#271 = CARTESIAN_POINT ( 'NONE',  ( 1.399999999999999689, 6.500000000000000000, 0.8529309367425446098 ) ) ;
#272 = AXIS2_PLACEMENT_3D ( 'NONE', #2628, #470, #48 ) ;
#273 = EDGE_CURVE ( 'NONE', #362, #2385, #919, .T. ) ;
#274 = CARTESIAN_POINT ( 'NONE',  ( 1.399999999999999689, 6.649999999999999467, -0.7729309367425445387 ) ) ;
#275 = VECTOR ( 'NONE', #2353, 1000.000000000000000 ) ;
#276 = ORIENTED_EDGE ( 'NONE', *, *, #1016, .T. ) ;
#277 = EDGE_CURVE ( 'NONE', #1944, #2110, #987, .T. ) ;
#278 = AXIS2_PLACEMENT_3D ( 'NONE', #2730, #207, #2323 ) ;
#279 = DIRECTION ( 'NONE',  ( 1.000000000000000000, 0.000000000000000000, 0.000000000000000000 ) ) ;
#280 = DIRECTION ( 'NONE',  ( 0.000000000000000000, -0.1643989873053274264, -0.9863939238321487446 ) ) ;
#281 = DIRECTION ( 'NONE',  ( 1.000000000000000000, 2.168404344971008252E-17, -8.673617379884035472E-17 ) ) ;
#282 = ORIENTED_EDGE ( 'NONE', *, *, #735, .T. ) ;
#283 = ORIENTED_EDGE ( 'NONE', *, *, #2197, .F. ) ;
#284 = CARTESIAN_POINT ( 'NONE',  ( -1.400000000000000133, 9.768344573749500270, -5.530000000000000249 ) ) ;
#285 = UNCERTAINTY_MEASURE_WITH_UNIT (LENGTH_MEASURE( 1.000000000000000082E-05 ), #2113, 'distance_accuracy_value', 'NONE');
#286 = VECTOR ( 'NONE', #1765, 1000.000000000000000 ) ;
#287 = FACE_OUTER_BOUND ( 'NONE', #1706, .T. ) ;
#288 = CIRCLE ( 'NONE', #643, 0.1499999999999999667 ) ;
#289 = DIRECTION ( 'NONE',  ( 0.000000000000000000, 0.000000000000000000, 1.000000000000000000 ) ) ;
#290 = ORIENTED_EDGE ( 'NONE', *, *, #63, .F. ) ;
#291 = B_SPLINE_CURVE_WITH_KNOTS ( 'NONE', 3,
 ( #2291, #415, #1645, #2104, #400, #2493, #1901, #1017, #2727, #587 ),
 .UNSPECIFIED., .F., .F.,
 ( 4, 3, 3, 4 ),
 ( -2.449489749371383278E-06, 0.000000000000000000, 4.097538642259676095E-05, 8.049306843309084886E-05 ),
 .UNSPECIFIED. ) ;
#292 = DIRECTION ( 'NONE',  ( -0.000000000000000000, 0.6561787149247862994, 0.7546055221635049604 ) ) ;
#293 = CARTESIAN_POINT ( 'NONE',  ( -1.379999999999999893, 12.37137186834969604, -1.898837853159276667 ) ) ;
#294 = EDGE_CURVE ( 'NONE', #1350, #162, #1577, .T. ) ;
#295 = LINE ( 'NONE', #1360, #2535 ) ;
#296 = EDGE_LOOP ( 'NONE', ( #2186, #1109, #1697, #2735 ) ) ;
#297 = ORIENTED_EDGE ( 'NONE', *, *, #2286, .F. ) ;
#298 = DIRECTION ( 'NONE',  ( 0.000000000000000000, 0.000000000000000000, -1.000000000000000000 ) ) ;
#299 = CARTESIAN_POINT ( 'NONE',  ( 1.379999999999999671, 12.50000000000000000, 4.343903740188081564 ) ) ;
#300 = PRODUCT_DEFINITION ( 'UNKNOWN', '', #621, #1981 ) ;
#301 = DIRECTION ( 'NONE',  ( -1.000000000000000000, -0.000000000000000000, -0.000000000000000000 ) ) ;
#302 = VERTEX_POINT ( 'NONE', #309 ) ;
#303 = LINE ( 'NONE', #1532, #1256 ) ;
#304 = FILL_AREA_STYLE_COLOUR ( '', #497 ) ;
#305 = DIRECTION ( 'NONE',  ( -1.000000000000000000, 0.000000000000000000, 0.000000000000000000 ) ) ;
#306 = CIRCLE ( 'NONE', #2564, 0.1499999999999999667 ) ;
#307 = ORIENTED_EDGE ( 'NONE', *, *, #869, .F. ) ;
#308 = ORIENTED_EDGE ( 'NONE', *, *, #516, .F. ) ;
#309 = CARTESIAN_POINT ( 'NONE',  ( -1.399999999999999911, 12.37137186834969604, 1.898837853159276889 ) ) ;
#310 = CYLINDRICAL_SURFACE ( 'NONE', #1471, 0.02000000000000005246 ) ;
#311 = EDGE_CURVE ( 'NONE', #1218, #2419, #2052, .T. ) ;
#312 = EDGE_CURVE ( 'NONE', #2063, #599, #1572, .T. ) ;
#313 = PLANE ( 'NONE',  #816 ) ;
#314 = AXIS2_PLACEMENT_3D ( 'NONE', #423, #32, #1962 ) ;
#315 = CIRCLE ( 'NONE', #577, 0.02000000000000005246 ) ;
#316 = ORIENTED_EDGE ( 'NONE', *, *, #800, .F. ) ;
#317 = CARTESIAN_POINT ( 'NONE',  ( 3.055708360304935756, 1.499999999999999334, -7.013831087634015304 ) ) ;
#318 = VECTOR ( 'NONE', #2245, 1000.000000000000000 ) ;
#319 = AXIS2_PLACEMENT_3D ( 'NONE', #2436, #1358, #939 ) ;
#320 = CARTESIAN_POINT ( 'NONE',  ( -1.400000000000000355, 9.655153745424975398, 5.498426807238718794 ) ) ;
#321 = AXIS2_PLACEMENT_3D ( 'NONE', #176, #2027, #2278 ) ;
#322 = ORIENTED_EDGE ( 'NONE', *, *, #2570, .F. ) ;
#323 = ORIENTED_EDGE ( 'NONE', *, *, #2388, .T. ) ;
#324 = FACE_OUTER_BOUND ( 'NONE', #817, .T. ) ;
#325 = EDGE_CURVE ( 'NONE', #1218, #1477, #543, .T. ) ;
#326 = DIRECTION ( 'NONE',  ( -8.673617379884035472E-17, -1.880790961315659329E-33, -1.000000000000000000 ) ) ;
#327 = AXIS2_PLACEMENT_3D ( 'NONE', #103, #2663, #1795 ) ;
#328 = ORIENTED_EDGE ( 'NONE', *, *, #2035, .F. ) ;
#329 = CARTESIAN_POINT ( 'NONE',  ( -1.380000000000000115, 9.655153745424975398, 5.498426807238718794 ) ) ;
#330 = AXIS2_PLACEMENT_3D ( 'NONE', #2130, #1505, #1088 ) ;
#331 = DIRECTION ( 'NONE',  ( -8.673617379884035472E-17, -1.880790961315659329E-33, -1.000000000000000000 ) ) ;
#332 = CIRCLE ( 'NONE', #1753, 0.02000000000000005246 ) ;
#333 = DIRECTION ( 'NONE',  ( 0.000000000000000000, 0.000000000000000000, -1.000000000000000000 ) ) ;
#334 = EDGE_CURVE ( 'NONE', #1710, #1099, #985, .T. ) ;
#335 = EDGE_CURVE ( 'NONE', #1714, #1971, #466, .T. ) ;
#336 = VERTEX_POINT ( 'NONE', #2483 ) ;
#337 = ORIENTED_EDGE ( 'NONE', *, *, #619, .T. ) ;
#338 = CARTESIAN_POINT ( 'NONE',  ( 1.399999999999999689, 12.34999999999999964, 2.027069063257455728 ) ) ;
#339 = CARTESIAN_POINT ( 'NONE',  ( -1.380839982702823709, 6.500000000000000000, -4.547699037355532603 ) ) ;
#340 = VERTEX_POINT ( 'NONE', #803 ) ;
#341 = CARTESIAN_POINT ( 'NONE',  ( -2.969848480983505290, 1.499999999999999556, -7.049999999999998046 ) ) ;
#342 = FACE_OUTER_BOUND ( 'NONE', #390, .T. ) ;
#343 = LINE ( 'NONE', #539, #1782 ) ;
#344 = EDGE_CURVE ( 'NONE', #253, #1458, #23, .T. ) ;
#345 = EDGE_CURVE ( 'NONE', #1954, #1350, #2102, .T. ) ;
#346 = ORIENTED_EDGE ( 'NONE', *, *, #1740, .F. ) ;
#347 = ORIENTED_EDGE ( 'NONE', *, *, #932, .T. ) ;
#348 = DIRECTION ( 'NONE',  ( 1.000000000000000000, -0.000000000000000000, 0.000000000000000000 ) ) ;
#349 = CARTESIAN_POINT ( 'NONE',  ( -1.380560112054759037, 6.500000000000000000, 4.548466070008426065 ) ) ;
#350 = DIRECTION ( 'NONE',  ( 0.000000000000000000, 0.000000000000000000, 1.000000000000000000 ) ) ;
#351 = EDGE_LOOP ( 'NONE', ( #1978, #1881, #590, #2031 ) ) ;
#352 = CYLINDRICAL_SURFACE ( 'NONE', #2285, 0.1499999999999999667 ) ;
#353 = DIRECTION ( 'NONE',  ( 0.000000000000000000, 0.000000000000000000, -1.000000000000000000 ) ) ;
#354 = ORIENTED_EDGE ( 'NONE', *, *, #156, .T. ) ;
#355 = CARTESIAN_POINT ( 'NONE',  ( 0.000000000000000000, 1.499999999999999556, -7.650000000000000355 ) ) ;
#356 = DIRECTION ( 'NONE',  ( 1.000000000000000000, 0.000000000000000000, 0.000000000000000000 ) ) ;
#357 = ADVANCED_FACE ( 'NONE', ( #391 ), #863, .T. ) ;
#358 = ORIENTED_EDGE ( 'NONE', *, *, #1140, .T. ) ;
#359 = AXIS2_PLACEMENT_3D ( 'NONE', #37, #2121, #878 ) ;
#360 = CARTESIAN_POINT ( 'NONE',  ( -1.400000000000000133, 9.768344573749498494, 5.530000000000000249 ) ) ;
#361 = AXIS2_PLACEMENT_3D ( 'NONE', #293, #739, #1139 ) ;
#362 = VERTEX_POINT ( 'NONE', #2467 ) ;
#363 = EDGE_LOOP ( 'NONE', ( #662, #2082, #481, #2264 ) ) ;
#364 = DIRECTION ( 'NONE',  ( 0.000000000000000000, 0.000000000000000000, -1.000000000000000000 ) ) ;
#365 = CARTESIAN_POINT ( 'NONE',  ( 1.399999999999999689, 6.649999999999999467, 0.7729309367425446498 ) ) ;
#366 = CARTESIAN_POINT ( 'NONE',  ( 0.000000000000000000, 11.43165542625050612, -5.400000000000000355 ) ) ;
#367 = AXIS2_PLACEMENT_3D ( 'NONE', #2563, #1281, #2307 ) ;
#368 = DIRECTION ( 'NONE',  ( -0.000000000000000000, -1.000000000000000000, -0.000000000000000000 ) ) ;
#369 = CARTESIAN_POINT ( 'NONE',  ( 1.379999999999999671, 12.37465984809580810, -1.879109974682634965 ) ) ;
#370 = LINE ( 'NONE', #218, #1262 ) ;
#371 = CARTESIAN_POINT ( 'NONE',  ( 1.379999999999999671, 9.768344573749498494, 5.400000000000000355 ) ) ;
#372 = CYLINDRICAL_SURFACE ( 'NONE', #1539, 0.02000000000000005246 ) ;
#373 = VECTOR ( 'NONE', #348, 1000.000000000000000 ) ;
#374 = DIRECTION ( 'NONE',  ( -0.000000000000000000, 1.000000000000000000, 0.000000000000000000 ) ) ;
#375 = CIRCLE ( 'NONE', #1440, 0.1499999999999999667 ) ;
#376 = EDGE_CURVE ( 'NONE', #162, #1814, #375, .T. ) ;
#377 = ORIENTED_EDGE ( 'NONE', *, *, #376, .T. ) ;
#378 = ORIENTED_EDGE ( 'NONE', *, *, #233, .F. ) ;
#379 = DIRECTION ( 'NONE',  ( 0.000000000000000000, 0.000000000000000000, -1.000000000000000000 ) ) ;
#380 = DIRECTION ( 'NONE',  ( 0.000000000000000000, -0.6561787149247869655, -0.7546055221635044052 ) ) ;
#381 = CARTESIAN_POINT ( 'NONE',  ( 1.385521695682326193, 6.500000000000000000, 4.534868014339770603 ) ) ;
#382 = ORIENTED_EDGE ( 'NONE', *, *, #124, .F. ) ;
#383 = CARTESIAN_POINT ( 'NONE',  ( 0.000000000000000000, 12.34999999999999964, -2.027069063257456172 ) ) ;
#384 = EDGE_CURVE ( 'NONE', #2199, #1501, #2373, .T. ) ;
#385 = CARTESIAN_POINT ( 'NONE',  ( -1.399999999999999467, 0.02644174998362248258, -0.1586504999017351869 ) ) ;
#386 = CARTESIAN_POINT ( 'NONE',  ( 1.379999999999999671, 11.54484625457503100, -5.498426807238717906 ) ) ;
#387 = DIRECTION ( 'NONE',  ( 0.000000000000000000, -1.000000000000000000, 0.000000000000000000 ) ) ;
#388 = ORIENTED_EDGE ( 'NONE', *, *, #2507, .F. ) ;
#389 = LINE ( 'NONE', #798, #2709 ) ;
#390 = EDGE_LOOP ( 'NONE', ( #1953, #1735, #1849, #1829 ) ) ;
#391 = FACE_OUTER_BOUND ( 'NONE', #2580, .T. ) ;
#392 = EDGE_CURVE ( 'NONE', #784, #224, #2414, .T. ) ;
#393 = CARTESIAN_POINT ( 'NONE',  ( 1.379999999999999671, 11.52975414413176125, -5.485303232940222706 ) ) ;
#394 = CARTESIAN_POINT ( 'NONE',  ( 0.000000000000000000, 12.50000000000000000, -2.027069063257456172 ) ) ;
#395 = ORIENTED_EDGE ( 'NONE', *, *, #156, .F. ) ;
#396 = ORIENTED_EDGE ( 'NONE', *, *, #2395, .T. ) ;
#397 = DIRECTION ( 'NONE',  ( 1.000000000000000000, 0.000000000000000000, 0.000000000000000000 ) ) ;
#398 = AXIS2_PLACEMENT_3D ( 'NONE', #993, #750, #563 ) ;
#399 = CARTESIAN_POINT ( 'NONE',  ( 1.379999999999999671, 9.768344573749498494, 5.400000000000000355 ) ) ;
#400 = CARTESIAN_POINT ( 'NONE',  ( -1.385521695682327969, 6.500000000000000000, -0.7880629224027729807 ) ) ;
#401 = DIRECTION ( 'NONE',  ( 1.000000000000000000, 2.168404344971008252E-17, 8.673617379884035472E-17 ) ) ;
#402 = VERTEX_POINT ( 'NONE', #1847 ) ;
#403 = LINE ( 'NONE', #2633, #499 ) ;
#404 = ORIENTED_EDGE ( 'NONE', *, *, #392, .T. ) ;
#405 = CARTESIAN_POINT ( 'NONE',  ( -1.400000000000000133, 11.52975414413175947, 5.485303232940221818 ) ) ;
#406 = CARTESIAN_POINT ( 'NONE',  ( 1.393823247546297939, 6.500000000000000000, -4.508834952051935296 ) ) ;
#407 = DIRECTION ( 'NONE',  ( 0.000000000000000000, 1.000000000000000000, 0.000000000000000000 ) ) ;
#408 = AXIS2_PLACEMENT_3D ( 'NONE', #850, #2326, #681 ) ;
#409 = EDGE_LOOP ( 'NONE', ( #871, #2398, #1041, #2565 ) ) ;
#410 = VERTEX_POINT ( 'NONE', #2687 ) ;
#411 = CIRCLE ( 'NONE', #96, 0.01999999999999999695 ) ;
#412 = FACE_OUTER_BOUND ( 'NONE', #1430, .T. ) ;
#413 = DIRECTION ( 'NONE',  ( -1.000000000000000000, -2.168404344971008252E-17, 8.673617379884035472E-17 ) ) ;
#414 = EDGE_CURVE ( 'NONE', #1923, #1477, #2449, .T. ) ;
#415 = CARTESIAN_POINT ( 'NONE',  ( -1.380279994234274055, 6.500000000000000000, -0.7736979242907003895 ) ) ;
#416 = DIRECTION ( 'NONE',  ( -3.272579785996980772E-14, 0.6561787149247684248, -0.7546055221635205035 ) ) ;
#417 = ORIENTED_EDGE ( 'NONE', *, *, #480, .T. ) ;
#418 = CARTESIAN_POINT ( 'NONE',  ( -1.379999999999999893, -2.992397996059991005E-17, 5.530000000000000249 ) ) ;
#419 = TOROIDAL_SURFACE ( 'NONE', #2543, 0.1699999999999999845, 0.02000000000000000042 ) ;
#420 = EDGE_LOOP ( 'NONE', ( #904, #518, #1513, #1030 ) ) ;
#421 = CIRCLE ( 'NONE', #105, 0.1700000000000000122 ) ;
#422 = FACE_OUTER_BOUND ( 'NONE', #1273, .T. ) ;
#423 = CARTESIAN_POINT ( 'NONE',  ( -1.400000000000000133, 9.768344573749500270, -5.400000000000000355 ) ) ;
#424 = DIRECTION ( 'NONE',  ( -0.000000000000000000, -0.6561787149247862994, 0.7546055221635049604 ) ) ;
#425 = ADVANCED_FACE ( 'NONE', ( #121 ), #1265, .T. ) ;
#426 = ADVANCED_FACE ( 'NONE', ( #786 ), #1432, .T. ) ;
#427 = AXIS2_PLACEMENT_3D ( 'NONE', #2448, #356, #130 ) ;
#428 = ORIENTED_EDGE ( 'NONE', *, *, #1427, .F. ) ;
#429 = ORIENTED_EDGE ( 'NONE', *, *, #2230, .T. ) ;
#430 = AXIS2_PLACEMENT_3D ( 'NONE', #2641, #2422, #289 ) ;
#431 = CARTESIAN_POINT ( 'NONE',  ( -1.379999999999999227, 2.775349838536065761, -2.413347685683533417 ) ) ;
#432 = CARTESIAN_POINT ( 'NONE',  ( -3.139821971399057610, 1.508500636646441739, -6.976537463425643182 ) ) ;
#433 = CARTESIAN_POINT ( 'NONE',  ( 1.379999999999999671, 6.649999999999999467, -0.7729309367425445387 ) ) ;
#434 = CARTESIAN_POINT ( 'NONE',  ( 1.380560112054757704, 6.500000000000000000, -0.7744648667341185178 ) ) ;
#435 = AXIS2_PLACEMENT_3D ( 'NONE', #1646, #2276, #2694 ) ;
#436 = ORIENTED_EDGE ( 'NONE', *, *, #2269, .T. ) ;
#437 = CARTESIAN_POINT ( 'NONE',  ( 0.000000000000000000, 0.000000000000000000, 0.000000000000000000 ) ) ;
#438 = ORIENTED_EDGE ( 'NONE', *, *, #2715, .T. ) ;
#439 = CARTESIAN_POINT ( 'NONE',  ( 1.399999999999999689, 8.631655426250503638, -4.549999999999998934 ) ) ;
#440 = EDGE_CURVE ( 'NONE', #1624, #1319, #2502, .T. ) ;
#441 = EDGE_LOOP ( 'NONE', ( #2736, #672, #743, #1104 ) ) ;
#442 = VERTEX_POINT ( 'NONE', #2453 ) ;
#443 = LINE ( 'NONE', #1498, #4 ) ;
#444 = CIRCLE ( 'NONE', #219, 0.1499999999999999667 ) ;
#445 = LINE ( 'NONE', #1293, #1792 ) ;
#446 = ORIENTED_EDGE ( 'NONE', *, *, #2030, .T. ) ;
#447 = CARTESIAN_POINT ( 'NONE',  ( -1.380000000000000338, 9.281463325509363926, -8.070837674355974656 ) ) ;
#448 = B_SPLINE_CURVE_WITH_KNOTS ( 'NONE', 3,
 ( #772, #1627, #1222, #2266, #195, #2069, #406, #1254, #1012, #1862 ),
 .UNSPECIFIED., .F., .F.,
 ( 4, 3, 3, 4 ),
 ( -2.449489749372115115E-06, 0.000000000000000000, 4.097538642259614431E-05, 8.049306843309046939E-05 ),
 .UNSPECIFIED. ) ;
#449 = VERTEX_POINT ( 'NONE', #1403 ) ;
#450 = CARTESIAN_POINT ( 'NONE',  ( -1.380000000000000115, 8.631655426250503638, -4.549999999999998934 ) ) ;
#451 = CYLINDRICAL_SURFACE ( 'NONE', #1865, 0.1999999999999996503 ) ;
#452 = CARTESIAN_POINT ( 'NONE',  ( -1.400000000000000133, 6.500000000000000000, 0.8529309367425446098 ) ) ;
#453 = ORIENTED_EDGE ( 'NONE', *, *, #2402, .T. ) ;
#454 = EDGE_LOOP ( 'NONE', ( #1769, #1534, #2100, #829 ) ) ;
#455 = AXIS2_PLACEMENT_3D ( 'NONE', #2301, #2137, #2333 ) ;
#456 = DIRECTION ( 'NONE',  ( -8.673617379884035472E-17, -0.000000000000000000, -1.000000000000000000 ) ) ;
#457 = CIRCLE ( 'NONE', #1250, 0.1700000000000000122 ) ;
#458 = EDGE_CURVE ( 'NONE', #30, #1814, #2252, .T. ) ;
#459 = EDGE_CURVE ( 'NONE', #2600, #2528, #194, .T. ) ;
#460 = FACE_OUTER_BOUND ( 'NONE', #1986, .T. ) ;
#461 = ORIENTED_EDGE ( 'NONE', *, *, #1249, .T. ) ;
#462 = FACE_OUTER_BOUND ( 'NONE', #2585, .T. ) ;
#463 = ORIENTED_EDGE ( 'NONE', *, *, #294, .T. ) ;
#464 = CARTESIAN_POINT ( 'NONE',  ( -1.400000000000000133, 12.48000000000000043, -4.343903740188082452 ) ) ;
#465 = DIRECTION ( 'NONE',  ( 0.000000000000000000, 2.040851148208008235E-14, -1.000000000000000000 ) ) ;
#466 = CIRCLE ( 'NONE', #1084, 0.1700000000000000122 ) ;
#467 = ORIENTED_EDGE ( 'NONE', *, *, #1288, .T. ) ;
#468 = ORIENTED_EDGE ( 'NONE', *, *, #335, .T. ) ;
#469 = AXIS2_PLACEMENT_3D ( 'NONE', #644, #2732, #1043 ) ;
#470 = DIRECTION ( 'NONE',  ( 1.000000000000000000, 0.000000000000000000, 0.000000000000000000 ) ) ;
#471 = ADVANCED_FACE ( 'NONE', ( #1937 ), #1615, .T. ) ;
#472 = EDGE_CURVE ( 'NONE', #120, #673, #1659, .T. ) ;
#473 = CARTESIAN_POINT ( 'NONE',  ( 1.397319086605161687, 6.500000000000000000, -0.8267289123675667373 ) ) ;
#474 = ORIENTED_EDGE ( 'NONE', *, *, #1080, .T. ) ;
#475 = DIRECTION ( 'NONE',  ( 0.000000000000000000, 0.000000000000000000, -1.000000000000000000 ) ) ;
#476 = ORIENTED_EDGE ( 'NONE', *, *, #47, .F. ) ;
#477 = FACE_OUTER_BOUND ( 'NONE', #2279, .T. ) ;
#478 = DIRECTION ( 'NONE',  ( 0.000000000000000000, 0.1643989873053572914, -0.9863939238321437486 ) ) ;
#479 = EDGE_LOOP ( 'NONE', ( #1316, #2223, #2134, #1556 ) ) ;
#480 = EDGE_CURVE ( 'NONE', #2723, #2066, #2239, .T. ) ;
#481 = ORIENTED_EDGE ( 'NONE', *, *, #2678, .T. ) ;
#482 = CARTESIAN_POINT ( 'NONE',  ( 1.399999999999999689, 12.34999999999999964, -2.027069063257456172 ) ) ;
#483 = DIRECTION ( 'NONE',  ( 0.000000000000000000, -1.000000000000000000, 0.000000000000000000 ) ) ;
#484 = DIRECTION ( 'NONE',  ( -0.000000000000000000, 0.6561787149247870765, 0.7546055221635045163 ) ) ;
#485 = VERTEX_POINT ( 'NONE', #405 ) ;
#486 = CYLINDRICAL_SURFACE ( 'NONE', #1383, 0.02000000000000005246 ) ;
#487 = LINE ( 'NONE', #71, #1160 ) ;
#488 = FACE_OUTER_BOUND ( 'NONE', #769, .T. ) ;
#489 = VERTEX_POINT ( 'NONE', #2512 ) ;
#490 = EDGE_LOOP ( 'NONE', ( #16, #2686, #1361, #2143 ) ) ;
#491 = CARTESIAN_POINT ( 'NONE',  ( 0.000000000000000000, 1.499999999999999556, 0.000000000000000000 ) ) ;
#492 = AXIS2_PLACEMENT_3D ( 'NONE', #241, #210, #1324 ) ;
#493 = CARTESIAN_POINT ( 'NONE',  ( 1.380839982702822599, 6.500000000000000000, 0.7752318993870117581 ) ) ;
#494 = CIRCLE ( 'NONE', #624, 0.1299999999999998934 ) ;
#495 = ADVANCED_FACE ( 'NONE', ( #2556 ), #1391, .T. ) ;
#496 = CARTESIAN_POINT ( 'NONE',  ( 1.379999999999999671, 9.281463325509363926, -8.070837674355974656 ) ) ;
#497 = COLOUR_RGB ( '',0.7921568627450980005, 0.8196078431372548767, 0.9333333333333333481 ) ;
#498 = VERTEX_POINT ( 'NONE', #1491 ) ;
#499 = VECTOR ( 'NONE', #292, 1000.000000000000114 ) ;
#500 = CARTESIAN_POINT ( 'NONE',  ( 0.000000000000000000, 1.699999999999999734, 7.049999999999999822 ) ) ;
#501 = LINE ( 'NONE', #2219, #1564 ) ;
#502 = CARTESIAN_POINT ( 'NONE',  ( 1.379999999999999671, 6.500000000000000000, 0.7729309367425446498 ) ) ;
#503 = ORIENTED_EDGE ( 'NONE', *, *, #2049, .F. ) ;
#504 = ORIENTED_EDGE ( 'NONE', *, *, #414, .T. ) ;
#505 = EDGE_CURVE ( 'NONE', #1387, #1338, #193, .T. ) ;
#506 = CARTESIAN_POINT ( 'NONE',  ( 1.399999999999999689, 8.631655426250503638, 4.379999999999999893 ) ) ;
#507 = ADVANCED_FACE ( 'NONE', ( #658 ), #17, .F. ) ;
#508 = AXIS2_PLACEMENT_3D ( 'NONE', #2613, #929, #2200 ) ;
#509 = FACE_OUTER_BOUND ( 'NONE', #1415, .T. ) ;
#510 = AXIS2_PLACEMENT_3D ( 'NONE', #1666, #864, #2567 ) ;
#511 = CARTESIAN_POINT ( 'NONE',  ( 1.379999999999999671, 11.43165542625050435, 5.400000000000000355 ) ) ;
#512 = AXIS2_PLACEMENT_3D ( 'NONE', #724, #2616, #1957 ) ;
#513 = ORIENTED_EDGE ( 'NONE', *, *, #2098, .T. ) ;
#514 = CYLINDRICAL_SURFACE ( 'NONE', #540, 0.1999999999999996503 ) ;
#515 = LINE ( 'NONE', #1988, #1201 ) ;
#516 = EDGE_CURVE ( 'NONE', #1814, #198, #818, .T. ) ;
#517 = EDGE_LOOP ( 'NONE', ( #1718, #1048, #2412, #2511, #97, #1252, #2612, #1798, #2465, #917 ) ) ;
#518 = ORIENTED_EDGE ( 'NONE', *, *, #2402, .F. ) ;
#519 = DIRECTION ( 'NONE',  ( 1.000000000000000000, 0.000000000000000000, 0.000000000000000000 ) ) ;
#520 = EDGE_CURVE ( 'NONE', #2510, #2159, #1884, .T. ) ;
#521 = CARTESIAN_POINT ( 'NONE',  ( 1.379999999999999671, 6.649999999999999467, 4.379999999999999893 ) ) ;
#522 = FACE_OUTER_BOUND ( 'NONE', #1037, .T. ) ;
#523 = ORIENTED_EDGE ( 'NONE', *, *, #2566, .T. ) ;
#524 = CARTESIAN_POINT ( 'NONE',  ( 1.379999999999999671, 8.631655426250503638, -4.549999999999998934 ) ) ;
#525 = CARTESIAN_POINT ( 'NONE',  ( 3.371095403779720723, 1.616491533522731894, 6.867199217059265060 ) ) ;
#526 = AXIS2_PLACEMENT_3D ( 'NONE', #2725, #368, #2058 ) ;
#527 = EDGE_CURVE ( 'NONE', #1928, #1553, #421, .T. ) ;
#528 = ORIENTED_EDGE ( 'NONE', *, *, #2116, .F. ) ;
#529 = ORIENTED_EDGE ( 'NONE', *, *, #1321, .T. ) ;
#530 = DIRECTION ( 'NONE',  ( 1.000000000000000000, 0.000000000000000000, 0.000000000000000000 ) ) ;
#531 = CARTESIAN_POINT ( 'NONE',  ( 1.399999999999999689, 11.52975414413176125, -5.485303232940222706 ) ) ;
#532 = CARTESIAN_POINT ( 'NONE',  ( -1.400000000000000133, 6.500000000000000000, 4.549999999999999822 ) ) ;
#533 = ORIENTED_EDGE ( 'NONE', *, *, #872, .T. ) ;
#534 = EDGE_CURVE ( 'NONE', #1315, #181, #1039, .T. ) ;
#535 = CARTESIAN_POINT ( 'NONE',  ( -3.055710216370185250, 1.499999999999999112, -7.013830305757052130 ) ) ;
#536 = CIRCLE ( 'NONE', #892, 0.1299999999999998934 ) ;
#537 = VERTEX_POINT ( 'NONE', #464 ) ;
#538 = AXIS2_PLACEMENT_3D ( 'NONE', #963, #1411, #768 ) ;
#539 = CARTESIAN_POINT ( 'NONE',  ( 1.399999999999999689, 0.000000000000000000, 5.530000000000000249 ) ) ;
#540 = AXIS2_PLACEMENT_3D ( 'NONE', #500, #1370, #2606 ) ;
#541 = ORIENTED_EDGE ( 'NONE', *, *, #1773, .T. ) ;
#542 = ORIENTED_EDGE ( 'NONE', *, *, #2073, .F. ) ;
#543 = LINE ( 'NONE', #967, #373 ) ;
#544 = ADVANCED_FACE ( 'NONE', ( #1296 ), #1036, .T. ) ;
#545 = VECTOR ( 'NONE', #1885, 1000.000000000000114 ) ;
#546 = LINE ( 'NONE', #369, #1960 ) ;
#547 = AXIS2_PLACEMENT_3D ( 'NONE', #668, #1520, #209 ) ;
#548 = ADVANCED_FACE ( 'NONE', ( #422 ), #1678, .T. ) ;
#549 = ORIENTED_EDGE ( 'NONE', *, *, #52, .T. ) ;
#550 = DIRECTION ( 'NONE',  ( -3.564834783817704567E-17, 0.9863939238321438596, 0.1643989873053572914 ) ) ;
#551 = EDGE_CURVE ( 'NONE', #1182, #673, #1213, .T. ) ;
#552 = CIRCLE ( 'NONE', #1040, 0.02000000000000005246 ) ;
#553 = LINE ( 'NONE', #2248, #1578 ) ;
#554 = ORIENTED_EDGE ( 'NONE', *, *, #440, .T. ) ;
#555 = ORIENTED_EDGE ( 'NONE', *, *, #1230, .F. ) ;
#556 = DIRECTION ( 'NONE',  ( 0.000000000000000000, -0.1643989873053704753, -0.9863939238321415282 ) ) ;
#557 = DIRECTION ( 'NONE',  ( -1.000000000000000000, 0.000000000000000000, 0.000000000000000000 ) ) ;
#558 = DIRECTION ( 'NONE',  ( 0.000000000000000000, -1.000000000000000000, 0.000000000000000000 ) ) ;
#559 = FACE_OUTER_BOUND ( 'NONE', #905, .T. ) ;
#560 = CARTESIAN_POINT ( 'NONE',  ( -1.399999999999999911, 6.500000000000000000, -4.483107698211994396 ) ) ;
#561 = EDGE_CURVE ( 'NONE', #1382, #2329, #2018, .T. ) ;
#562 = DIRECTION ( 'NONE',  ( 0.000000000000000000, 0.6561787149247501061, -0.7546055221635364907 ) ) ;
#563 = DIRECTION ( 'NONE',  ( 8.673617379884035472E-17, 1.880790961315659329E-33, -1.000000000000000000 ) ) ;
#564 = CARTESIAN_POINT ( 'NONE',  ( -1.379999999999999893, 12.50000000000000000, 2.027069063257455728 ) ) ;
#565 = DIRECTION ( 'NONE',  ( 0.000000000000000000, -0.7546055221635206145, -0.6561787149247685358 ) ) ;
#566 = VERTEX_POINT ( 'NONE', #1057 ) ;
#567 = ORIENTED_EDGE ( 'NONE', *, *, #2579, .F. ) ;
#568 = VECTOR ( 'NONE', #1223, 1000.000000000000114 ) ;
#569 = CARTESIAN_POINT ( 'NONE',  ( -1.380560112054757926, 6.500000000000000000, 0.7744648667341184067 ) ) ;
#570 = PLANE ( 'NONE',  #2127 ) ;
#571 = VERTEX_POINT ( 'NONE', #1907 ) ;
#572 = FACE_OUTER_BOUND ( 'NONE', #1895, .T. ) ;
#573 = CARTESIAN_POINT ( 'NONE',  ( -1.379999999999999671, 6.500000000000000000, 0.7729309367425446498 ) ) ;
#574 = DIRECTION ( 'NONE',  ( -1.000000000000000000, 0.000000000000000000, -0.000000000000000000 ) ) ;
#575 = CARTESIAN_POINT ( 'NONE',  ( -3.405877273185284881, 1.676207172489686537, -6.849999999999997868 ) ) ;
#576 = FACE_OUTER_BOUND ( 'NONE', #2172, .T. ) ;
#577 = AXIS2_PLACEMENT_3D ( 'NONE', #1600, #1853, #353 ) ;
#578 = AXIS2_PLACEMENT_3D ( 'NONE', #107, #2206, #2644 ) ;
#579 = ORIENTED_EDGE ( 'NONE', *, *, #745, .T. ) ;
#580 = ORIENTED_EDGE ( 'NONE', *, *, #273, .F. ) ;
#581 = DIRECTION ( 'NONE',  ( 1.000000000000000000, 2.168404344971008252E-17, -8.673617379884035472E-17 ) ) ;
#582 = CYLINDRICAL_SURFACE ( 'NONE', #129, 0.01999999999999992062 ) ;
#583 = CARTESIAN_POINT ( 'NONE',  ( 1.379999999999999671, 12.48000000000000220, 2.027069063257455728 ) ) ;
#584 = AXIS2_PLACEMENT_3D ( 'NONE', #418, #1472, #1487 ) ;
#585 = ORIENTED_EDGE ( 'NONE', *, *, #2105, .T. ) ;
#586 = CARTESIAN_POINT ( 'NONE',  ( 1.399999999999999689, 0.000000000000000000, 4.379999999999999893 ) ) ;
#587 = CARTESIAN_POINT ( 'NONE',  ( -1.399999999999999689, 6.500000000000000000, -0.8529309367425446098 ) ) ;
#588 = CARTESIAN_POINT ( 'NONE',  ( 1.400000000000000133, 6.500000000000000000, -0.8529309367425446098 ) ) ;
#589 = AXIS2_PLACEMENT_3D ( 'NONE', #1052, #635, #1685 ) ;
#590 = ORIENTED_EDGE ( 'NONE', *, *, #956, .F. ) ;
#591 = FACE_OUTER_BOUND ( 'NONE', #351, .T. ) ;
#592 = AXIS2_PLACEMENT_3D ( 'NONE', #153, #2295, #998 ) ;
#593 = AXIS2_PLACEMENT_3D ( 'NONE', #204, #1468, #1053 ) ;
#594 = ORIENTED_EDGE ( 'NONE', *, *, #745, .F. ) ;
#595 = CARTESIAN_POINT ( 'NONE',  ( 1.379999999999999671, 11.43165542625050435, 5.400000000000000355 ) ) ;
#596 = CARTESIAN_POINT ( 'NONE',  ( 1.379999999999999671, 12.34999999999999964, 2.027069063257455728 ) ) ;
#597 = DIRECTION ( 'NONE',  ( 0.000000000000000000, 0.000000000000000000, -1.000000000000000000 ) ) ;
#598 = EDGE_CURVE ( 'NONE', #498, #1049, #903, .T. ) ;
#599 = VERTEX_POINT ( 'NONE', #254 ) ;
#600 = LINE ( 'NONE', #2299, #2056 ) ;
#601 = CYLINDRICAL_SURFACE ( 'NONE', #2609, 0.1499999999999999667 ) ;
#602 = FACE_OUTER_BOUND ( 'NONE', #2204, .T. ) ;
#603 = DIRECTION ( 'NONE',  ( 1.000000000000000000, 2.168404344971008252E-17, 8.673617379884035472E-17 ) ) ;
#604 = CYLINDRICAL_SURFACE ( 'NONE', #1353, 0.02000000000000005246 ) ;
#605 = EDGE_LOOP ( 'NONE', ( #2523, #2625, #59, #542 ) ) ;
#606 = DIRECTION ( 'NONE',  ( 0.000000000000000000, 0.7546055221634990762, -0.6561787149247930717 ) ) ;
#607 = ORIENTED_EDGE ( 'NONE', *, *, #1191, .F. ) ;
#608 = DIRECTION ( 'NONE',  ( -8.673617379884035472E-17, -1.880790961315659671E-33, -1.000000000000000000 ) ) ;
#609 = DIRECTION ( 'NONE',  ( 1.000000000000000000, 0.000000000000000000, 0.000000000000000000 ) ) ;
#610 = CARTESIAN_POINT ( 'NONE',  ( 1.399999999999999689, 6.500000000000000000, 0.8529309367425446098 ) ) ;
#611 = CIRCLE ( 'NONE', #435, 0.02000000000000005246 ) ;
#612 = ORIENTED_EDGE ( 'NONE', *, *, #991, .T. ) ;
#613 = DIRECTION ( 'NONE',  ( 1.000000000000000000, 0.000000000000000000, 0.000000000000000000 ) ) ;
#614 = AXIS2_PLACEMENT_3D ( 'NONE', #583, #1848, #155 ) ;
#615 = DIRECTION ( 'NONE',  ( 0.000000000000000000, 0.000000000000000000, 1.000000000000000000 ) ) ;
#616 = CARTESIAN_POINT ( 'NONE',  ( -1.399999999999999911, 6.649999999999999467, 4.549999999999999822 ) ) ;
#617 = CARTESIAN_POINT ( 'NONE',  ( 0.000000000000000000, 6.500000000000000000, -0.7729309367425445387 ) ) ;
#618 = ADVANCED_FACE ( 'NONE', ( #886 ), #2581, .F. ) ;
#619 = EDGE_CURVE ( 'NONE', #571, #1741, #288, .T. ) ;
#620 = ORIENTED_EDGE ( 'NONE', *, *, #2456, .F. ) ;
#621 = PRODUCT_DEFINITION_FORMATION_WITH_SPECIFIED_SOURCE ( 'ANY', '', #1511, .NOT_KNOWN. ) ;
#622 = DIRECTION ( 'NONE',  ( -1.000000000000000000, 0.000000000000000000, -0.000000000000000000 ) ) ;
#623 = VERTEX_POINT ( 'NONE', #1864 ) ;
#624 = AXIS2_PLACEMENT_3D ( 'NONE', #10, #413, #1260 ) ;
#625 = DIRECTION ( 'NONE',  ( -7.968020348514244863E-17, 0.6561787149247864104, 0.7546055221635050714 ) ) ;
#626 = CARTESIAN_POINT ( 'NONE',  ( 1.399999999999999689, 8.759938365018300033, -4.438449618462785295 ) ) ;
#627 = AXIS2_PLACEMENT_3D ( 'NONE', #109, #1787, #305 ) ;
#628 = ORIENTED_EDGE ( 'NONE', *, *, #459, .T. ) ;
#629 = ADVANCED_FACE ( 'NONE', ( #572 ), #2457, .T. ) ;
#630 = ORIENTED_EDGE ( 'NONE', *, *, #1192, .T. ) ;
#631 = CIRCLE ( 'NONE', #139, 0.01999999999999939326 ) ;
#632 = CARTESIAN_POINT ( 'NONE',  ( 0.000000000000000000, 12.46319082832452629, 4.442330547426800003 ) ) ;
#633 = FACE_OUTER_BOUND ( 'NONE', #1561, .T. ) ;
#634 = CARTESIAN_POINT ( 'NONE',  ( -1.399999999999999689, 6.649999999999999467, 0.7729309367425446498 ) ) ;
#635 = DIRECTION ( 'NONE',  ( -0.000000000000000000, 0.6561787149247931827, 0.7546055221634992982 ) ) ;
#636 = DIRECTION ( 'NONE',  ( -1.000000000000000000, -0.000000000000000000, -0.000000000000000000 ) ) ;
#637 = ADVANCED_FACE ( 'NONE', ( #559 ), #352, .T. ) ;
#638 = ORIENTED_EDGE ( 'NONE', *, *, #1819, .F. ) ;
#639 = EDGE_CURVE ( 'NONE', #1067, #2671, #600, .T. ) ;
#640 = DIRECTION ( 'NONE',  ( -0.000000000000000000, -0.6561787149247436668, -0.7546055221635421528 ) ) ;
#641 = AXIS2_PLACEMENT_3D ( 'NONE', #2317, #2074, #1363 ) ;
#642 = ORIENTED_EDGE ( 'NONE', *, *, #1365, .F. ) ;
#643 = AXIS2_PLACEMENT_3D ( 'NONE', #1536, #680, #42 ) ;
#644 = CARTESIAN_POINT ( 'NONE',  ( 1.379999999999999671, 11.43165542625050612, -5.400000000000000355 ) ) ;
#645 = CARTESIAN_POINT ( 'NONE',  ( -1.400000000000000133, 9.670245855868243368, 5.485303232940222706 ) ) ;
#646 = TOROIDAL_SURFACE ( 'NONE', #2450, 0.1299999999999999767, 0.02000000000000000042 ) ;
#647 = VERTEX_POINT ( 'NONE', #1838 ) ;
#648 = VERTEX_POINT ( 'NONE', #2676 ) ;
#649 = CARTESIAN_POINT ( 'NONE',  ( -1.400000000000000133, 8.631655426250503638, 4.379999999999999893 ) ) ;
#650 = EDGE_CURVE ( 'NONE', #120, #1350, #775, .T. ) ;
#651 = ADVANCED_FACE ( 'NONE', ( #342 ), #1607, .T. ) ;
#652 = DIRECTION ( 'NONE',  ( 1.000000000000000000, 0.000000000000000000, 0.000000000000000000 ) ) ;
#653 = TOROIDAL_SURFACE ( 'NONE', #2679, 0.1699999999999999845, 0.02000000000000000042 ) ;
#654 = ORIENTED_EDGE ( 'NONE', *, *, #149, .T. ) ;
#655 = DIRECTION ( 'NONE',  ( -1.000000000000000000, 0.000000000000000000, 0.000000000000000000 ) ) ;
#656 = EDGE_CURVE ( 'NONE', #1576, #498, #1184, .T. ) ;
#657 = VERTEX_POINT ( 'NONE', #1843 ) ;
#658 = FACE_OUTER_BOUND ( 'NONE', #1940, .T. ) ;
#659 = DIRECTION ( 'NONE',  ( 1.000000000000000000, 0.000000000000000000, 0.000000000000000000 ) ) ;
#660 = CARTESIAN_POINT ( 'NONE',  ( -3.140055051430238109, 1.508506057664685152, 6.976435135045778502 ) ) ;
#661 = ORIENTED_EDGE ( 'NONE', *, *, #2232, .T. ) ;
#662 = ORIENTED_EDGE ( 'NONE', *, *, #799, .T. ) ;
#663 = DIRECTION ( 'NONE',  ( 1.000000000000000000, 2.168404344971008252E-17, 8.673617379884035472E-17 ) ) ;
#664 = CIRCLE ( 'NONE', #614, 0.02000000000000005246 ) ;
#665 = DIRECTION ( 'NONE',  ( 1.000000000000000000, 2.168404344971005170E-17, 0.000000000000000000 ) ) ;
#666 = ORIENTED_EDGE ( 'NONE', *, *, #948, .F. ) ;
#667 = ORIENTED_EDGE ( 'NONE', *, *, #2629, .F. ) ;
#668 = CARTESIAN_POINT ( 'NONE',  ( 1.399999999999999689, 11.43165542625050435, 5.400000000000000355 ) ) ;
#669 = DIRECTION ( 'NONE',  ( -1.000000000000000000, 0.000000000000000000, 0.000000000000000000 ) ) ;
#670 = AXIS2_PLACEMENT_3D ( 'NONE', #1912, #2546, #2345 ) ;
#671 = CIRCLE ( 'NONE', #1299, 0.02000000000000005246 ) ;
#672 = ORIENTED_EDGE ( 'NONE', *, *, #294, .F. ) ;
#673 = VERTEX_POINT ( 'NONE', #1871 ) ;
#674 = AXIS2_PLACEMENT_3D ( 'NONE', #521, #2007, #2408 ) ;
#675 = AXIS2_PLACEMENT_3D ( 'NONE', #1298, #1522, #1951 ) ;
#676 = CARTESIAN_POINT ( 'NONE',  ( 1.399999999999999689, 12.37137186834969604, -1.898837853159277334 ) ) ;
#677 = ORIENTED_EDGE ( 'NONE', *, *, #1785, .F. ) ;
#678 = DIRECTION ( 'NONE',  ( -8.673617379884035472E-17, 0.000000000000000000, 1.000000000000000000 ) ) ;
#679 = VERTEX_POINT ( 'NONE', #2665 ) ;
#680 = DIRECTION ( 'NONE',  ( 1.000000000000000000, 0.000000000000000000, 0.000000000000000000 ) ) ;
#681 = DIRECTION ( 'NONE',  ( 0.000000000000000000, 0.000000000000000000, -1.000000000000000000 ) ) ;
#682 = AXIS2_PLACEMENT_3D ( 'NONE', #338, #1861, #379 ) ;
#683 = CIRCLE ( 'NONE', #102, 0.1299999999999998934 ) ;
#684 = ORIENTED_EDGE ( 'NONE', *, *, #2388, .F. ) ;
#685 = ORIENTED_EDGE ( 'NONE', *, *, #872, .F. ) ;
#686 = LINE ( 'NONE', #1563, #760 ) ;
#687 = ADVANCED_FACE ( 'NONE', ( #2711 ), #1616, .T. ) ;
#688 = LINE ( 'NONE', #931, #1519 ) ;
#689 = PLANE ( 'NONE',  #1216 ) ;
#690 = ORIENTED_EDGE ( 'NONE', *, *, #527, .T. ) ;
#691 = CARTESIAN_POINT ( 'NONE',  ( -1.380000000000000115, 9.296555435952635449, 8.083961248654471632 ) ) ;
#692 = LINE ( 'NONE', #1694, #1780 ) ;
#693 = DIRECTION ( 'NONE',  ( -5.122298795473438989E-17, -0.6561787149247869655, -0.7546055221635044052 ) ) ;
#694 = ORIENTED_EDGE ( 'NONE', *, *, #2432, .F. ) ;
#695 = ORIENTED_EDGE ( 'NONE', *, *, #2518, .F. ) ;
#696 = DIRECTION ( 'NONE',  ( 0.000000000000000000, -1.000000000000000000, 0.000000000000000000 ) ) ;
#697 = CARTESIAN_POINT ( 'NONE',  ( -1.400000000000000133, 9.670245855868245144, -5.485303232940222706 ) ) ;
#698 = FACE_OUTER_BOUND ( 'NONE', #1541, .T. ) ;
#699 = ORIENTED_EDGE ( 'NONE', *, *, #28, .T. ) ;
#700 = CARTESIAN_POINT ( 'NONE',  ( 3.396937244278622980, 1.653668633940834187, -6.854452907495114822 ) ) ;
#701 = EDGE_CURVE ( 'NONE', #2125, #647, #553, .T. ) ;
#702 = ADVANCED_FACE ( 'NONE', ( #1856 ), #1443, .T. ) ;
#703 = CARTESIAN_POINT ( 'NONE',  ( 0.000000000000000000, 0.000000000000000000, 0.000000000000000000 ) ) ;
#704 = ORIENTED_EDGE ( 'NONE', *, *, #1619, .F. ) ;
#705 = VERTEX_POINT ( 'NONE', #1648 ) ;
#706 = CIRCLE ( 'NONE', #969, 0.1299999999999998934 ) ;
#707 = CARTESIAN_POINT ( 'NONE',  ( 1.379999999999999671, 0.000000000000000000, -5.549999999999999822 ) ) ;
#708 = CIRCLE ( 'NONE', #1422, 0.1499999999999999667 ) ;
#709 = DIRECTION ( 'NONE',  ( 2.168404344971008252E-17, -1.000000000000000000, -0.000000000000000000 ) ) ;
#710 = TOROIDAL_SURFACE ( 'NONE', #2271, 0.1299999999999999767, 0.02000000000000000042 ) ;
#711 = ORIENTED_EDGE ( 'NONE', *, *, #1288, .F. ) ;
#712 = CIRCLE ( 'NONE', #182, 0.02000000000000005246 ) ;
#713 = DIRECTION ( 'NONE',  ( -0.000000000000000000, -0.9863939238321437486, 0.1643989873053572637 ) ) ;
#714 = ADVANCED_FACE ( 'NONE', ( #2048 ), #67, .T. ) ;
#715 = LINE ( 'NONE', #2181, #1075 ) ;
#716 = ADVANCED_FACE ( 'NONE', ( #1623 ), #372, .T. ) ;
#717 = CARTESIAN_POINT ( 'NONE',  ( -1.400000000000000133, 11.43165542625050435, 5.400000000000000355 ) ) ;
#718 = EDGE_LOOP ( 'NONE', ( #1674, #2032, #175, #2729 ) ) ;
#719 = ORIENTED_EDGE ( 'NONE', *, *, #2217, .F. ) ;
#720 = DIRECTION ( 'NONE',  ( 0.000000000000000000, 0.000000000000000000, -1.000000000000000000 ) ) ;
#721 = TOROIDAL_SURFACE ( 'NONE', #2236, 0.1299999999999999767, 0.02000000000000000042 ) ;
#722 = CARTESIAN_POINT ( 'NONE',  ( -1.380000000000000115, 11.43165542625050435, 5.530000000000000249 ) ) ;
#723 = B_SPLINE_CURVE_WITH_KNOTS ( 'NONE', 3,
 ( #1686, #2372, #473, #1932, #1918, #1902, #1484, #434, #870, #220 ),
 .UNSPECIFIED., .F., .F.,
 ( 4, 3, 3, 4 ),
 ( 3.252606517456513302E-19, 3.932309463598215903E-05, 8.009671586239488865E-05, 8.254620561176626600E-05 ),
 .UNSPECIFIED. ) ;
#724 = CARTESIAN_POINT ( 'NONE',  ( 1.379999999999999671, 8.759938365018300033, 4.438449618462787072 ) ) ;
#725 = AXIS2_PLACEMENT_3D ( 'NONE', #2090, #1035, #2653 ) ;
#726 = VERTEX_POINT ( 'NONE', #811 ) ;
#727 = DIRECTION ( 'NONE',  ( 2.168404344971008252E-17, -1.000000000000000000, 0.000000000000000000 ) ) ;
#728 =( NAMED_UNIT ( * ) SI_UNIT ( $, .STERADIAN. ) SOLID_ANGLE_UNIT ( ) );
#729 = CARTESIAN_POINT ( 'NONE',  ( 3.405877273185280441, 1.676207172489686315, 6.849999999999999645 ) ) ;
#730 = ORIENTED_EDGE ( 'NONE', *, *, #1209, .T. ) ;
#731 = VERTEX_POINT ( 'NONE', #145 ) ;
#732 = CARTESIAN_POINT ( 'NONE',  ( -1.380000000000000115, 12.46319082832452629, -4.442330547426800003 ) ) ;
#733 = CARTESIAN_POINT ( 'NONE',  ( -1.379999999999999893, 12.34999999999999964, 2.027069063257455728 ) ) ;
#734 = EDGE_CURVE ( 'NONE', #1639, #1339, #1975, .T. ) ;
#735 = EDGE_CURVE ( 'NONE', #2487, #756, #995, .T. ) ;
#736 = CARTESIAN_POINT ( 'NONE',  ( 0.000000000000000000, 12.37465984809580277, -1.879109974682634077 ) ) ;
#737 = VERTEX_POINT ( 'NONE', #564 ) ;
#738 = DIRECTION ( 'NONE',  ( 7.968020348514244863E-17, -0.6561787149247862994, 0.7546055221635049604 ) ) ;
#739 = DIRECTION ( 'NONE',  ( 0.000000000000000000, 0.9863939238321478564, -0.1643989873053327000 ) ) ;
#740 = DIRECTION ( 'NONE',  ( 0.000000000000000000, 0.000000000000000000, -1.000000000000000000 ) ) ;
#741 = AXIS2_PLACEMENT_3D ( 'NONE', #168, #558, #1000 ) ;
#742 = B_SPLINE_CURVE_WITH_KNOTS ( 'NONE', 3,
 ( #855, #2514, #2454, #2267, #2660, #381, #2311, #1239, #2070, #1027 ),
 .UNSPECIFIED., .F., .F.,
 ( 4, 3, 3, 4 ),
 ( 0.000000000000000000, 3.932309463598236910E-05, 8.009671586239446852E-05, 8.254620561176657771E-05 ),
 .UNSPECIFIED. ) ;
#743 = ORIENTED_EDGE ( 'NONE', *, *, #2030, .F. ) ;
#744 = CARTESIAN_POINT ( 'NONE',  ( 1.379999999999999671, 6.649999999999999467, -4.549999999999999822 ) ) ;
#745 = EDGE_CURVE ( 'NONE', #2487, #485, #2593, .T. ) ;
#746 = ADVANCED_FACE ( 'NONE', ( #1229 ), #604, .T. ) ;
#747 = CARTESIAN_POINT ( 'NONE',  ( -1.380560112054759037, 6.500000000000000000, -4.548466070008426065 ) ) ;
#748 = VECTOR ( 'NONE', #1079, 1000.000000000000000 ) ;
#749 = ORIENTED_EDGE ( 'NONE', *, *, #1191, .T. ) ;
#750 = DIRECTION ( 'NONE',  ( 1.000000000000000000, 2.168404344971008252E-17, 8.673617379884035472E-17 ) ) ;
#751 = AXIS2_PLACEMENT_3D ( 'NONE', #44, #196, #2527 ) ;
#752 = DIRECTION ( 'NONE',  ( -1.000000000000000000, -0.000000000000000000, 0.000000000000000000 ) ) ;
#753 = AXIS2_PLACEMENT_3D ( 'NONE', #2238, #2667, #565 ) ;
#754 = FACE_OUTER_BOUND ( 'NONE', #1257, .T. ) ;
#755 = EDGE_LOOP ( 'NONE', ( #567, #770, #15, #135 ) ) ;
#756 = VERTEX_POINT ( 'NONE', #779 ) ;
#757 = DIRECTION ( 'NONE',  ( 0.000000000000000000, 0.000000000000000000, -1.000000000000000000 ) ) ;
#758 = FACE_OUTER_BOUND ( 'NONE', #2050, .T. ) ;
#759 = ADVANCED_FACE ( 'NONE', ( #576 ), #646, .T. ) ;
#760 = VECTOR ( 'NONE', #1144, 1000.000000000000000 ) ;
#761 = LINE ( 'NONE', #1002, #933 ) ;
#762 = AXIS2_PLACEMENT_3D ( 'NONE', #1948, #2378, #1312 ) ;
#763 = VERTEX_POINT ( 'NONE', #588 ) ;
#764 = B_SPLINE_CURVE_WITH_KNOTS ( 'NONE', 3,
 ( #1171, #560, #970, #2045, #1394, #1823, #339, #747, #2692, #1406 ),
 .UNSPECIFIED., .F., .F.,
 ( 4, 3, 3, 4 ),
 ( 0.000000000000000000, 3.932309463598233521E-05, 8.009671586239441431E-05, 8.254620561176652350E-05 ),
 .UNSPECIFIED. ) ;
#765 = FACE_OUTER_BOUND ( 'NONE', #2521, .T. ) ;
#766 = DIRECTION ( 'NONE',  ( 0.000000000000000000, 0.000000000000000000, -1.000000000000000000 ) ) ;
#767 = AXIS2_PLACEMENT_3D ( 'NONE', #2191, #1136, #1985 ) ;
#768 = DIRECTION ( 'NONE',  ( 8.673617379884035472E-17, 1.880790961315659329E-33, -1.000000000000000000 ) ) ;
#769 = EDGE_LOOP ( 'NONE', ( #1585, #1581, #178, #468, #188, #1114, #461, #1676, #2423, #467, #2364, #438, #1934, #35 ) ) ;
#770 = ORIENTED_EDGE ( 'NONE', *, *, #1438, .F. ) ;
#771 = DIRECTION ( 'NONE',  ( 0.000000000000000000, 0.000000000000000000, -1.000000000000000000 ) ) ;
#772 = CARTESIAN_POINT ( 'NONE',  ( 1.379999999999999671, 6.500000000000000000, -4.549999999999999822 ) ) ;
#773 = CARTESIAN_POINT ( 'NONE',  ( 0.000000000000000000, 8.631655426250503638, 4.400000000000000355 ) ) ;
#774 = EDGE_CURVE ( 'NONE', #623, #74, #197, .T. ) ;
#775 = LINE ( 'NONE', #1632, #1087 ) ;
#776 = CARTESIAN_POINT ( 'NONE',  ( 1.399999999999999689, 12.48000000000000220, -2.027069063257456172 ) ) ;
#777 = ORIENTED_EDGE ( 'NONE', *, *, #2463, .T. ) ;
#778 = CARTESIAN_POINT ( 'NONE',  ( -3.397045344066844663, 1.653845617810561608, -6.854399480517451515 ) ) ;
#779 = CARTESIAN_POINT ( 'NONE',  ( 1.379999999999999671, 11.54484625457503100, 5.498426807238718794 ) ) ;
#780 = EDGE_CURVE ( 'NONE', #571, #2110, #1318, .T. ) ;
#781 = DIRECTION ( 'NONE',  ( 0.000000000000000000, 0.000000000000000000, -1.000000000000000000 ) ) ;
#782 = EDGE_CURVE ( 'NONE', #110, #1846, #907, .T. ) ;
#783 = EDGE_LOOP ( 'NONE', ( #404, #704, #2680, #322 ) ) ;
#784 = VERTEX_POINT ( 'NONE', #2107 ) ;
#785 = VECTOR ( 'NONE', #2081, 1000.000000000000000 ) ;
#786 = FACE_OUTER_BOUND ( 'NONE', #1200, .T. ) ;
#787 = CARTESIAN_POINT ( 'NONE',  ( -1.380279994234274721, 6.500000000000000000, 4.549233012451844083 ) ) ;
#788 = LINE ( 'NONE', #1206, #2305 ) ;
#789 = ORIENTED_EDGE ( 'NONE', *, *, #392, .F. ) ;
#790 = CYLINDRICAL_SURFACE ( 'NONE', #123, 0.1499999999999999667 ) ;
#791 = DIRECTION ( 'NONE',  ( -0.000000000000000000, 0.000000000000000000, 1.000000000000000000 ) ) ;
#792 = FACE_OUTER_BOUND ( 'NONE', #2246, .T. ) ;
#793 = DIRECTION ( 'NONE',  ( 8.673617379884035472E-17, 0.000000000000000000, 1.000000000000000000 ) ) ;
#794 = AXIS2_PLACEMENT_3D ( 'NONE', #1671, #2516, #1464 ) ;
#795 = DIRECTION ( 'NONE',  ( -1.000000000000000000, -0.000000000000000000, -0.000000000000000000 ) ) ;
#796 = EDGE_LOOP ( 'NONE', ( #417, #918, #1270, #1496 ) ) ;
#797 = VECTOR ( 'NONE', #483, 1000.000000000000000 ) ;
#798 = CARTESIAN_POINT ( 'NONE',  ( -1.400000000000000133, 11.43165542625050790, 5.530000000000000249 ) ) ;
#799 = EDGE_CURVE ( 'NONE', #2255, #2584, #236, .T. ) ;
#800 = EDGE_CURVE ( 'NONE', #679, #362, #1751, .T. ) ;
#801 = CIRCLE ( 'NONE', #2707, 0.1499999999999999667 ) ;
#802 = VERTEX_POINT ( 'NONE', #2337 ) ;
#803 = CARTESIAN_POINT ( 'NONE',  ( 1.379999999999999671, 8.744846254575030287, 4.451573192761281383 ) ) ;
#804 = CARTESIAN_POINT ( 'NONE',  ( -1.380839982702823709, 6.500000000000000000, 4.547699037355532603 ) ) ;
#805 = CARTESIAN_POINT ( 'NONE',  ( 1.379999999999999671, 9.768344573749500270, -5.400000000000000355 ) ) ;
#806 = AXIS2_PLACEMENT_3D ( 'NONE', #814, #1664, #2697 ) ;
#807 = ORIENTED_EDGE ( 'NONE', *, *, #1379, .T. ) ;
#808 = CARTESIAN_POINT ( 'NONE',  ( 0.000000000000000000, 9.768344573749500270, -5.400000000000000355 ) ) ;
#809 = CARTESIAN_POINT ( 'NONE',  ( 0.000000000000000000, 12.37465984809580277, 1.879109974682634077 ) ) ;
#810 = CARTESIAN_POINT ( 'NONE',  ( 1.379999999999999671, 12.34999999999999964, -2.027069063257456172 ) ) ;
#811 = CARTESIAN_POINT ( 'NONE',  ( 0.000000000000000000, 0.000000000000000000, -7.650000000000000355 ) ) ;
#812 = ADVANCED_FACE ( 'NONE', ( #460 ), #843, .F. ) ;
#813 = ORIENTED_EDGE ( 'NONE', *, *, #1155, .F. ) ;
#814 = CARTESIAN_POINT ( 'NONE',  ( 0.000000000000000000, 6.500000000000000000, 0.000000000000000000 ) ) ;
#815 = AXIS2_PLACEMENT_3D ( 'NONE', #1204, #1221, #2442 ) ;
#816 = AXIS2_PLACEMENT_3D ( 'NONE', #2410, #1758, #1969 ) ;
#817 = EDGE_LOOP ( 'NONE', ( #853, #377, #2381, #436 ) ) ;
#818 = LINE ( 'NONE', #2079, #2721 ) ;
#819 = CARTESIAN_POINT ( 'NONE',  ( -1.379999999999999671, 6.622052172158088723, 0.9406179037940091137 ) ) ;
#820 = LINE ( 'NONE', #1668, #1236 ) ;
#821 = ORIENTED_EDGE ( 'NONE', *, *, #28, .F. ) ;
#822 = EDGE_LOOP ( 'NONE', ( #41, #2670, #2700, #358 ) ) ;
#823 = DIRECTION ( 'NONE',  ( 0.000000000000000000, 0.000000000000000000, 1.000000000000000000 ) ) ;
#824 = EDGE_CURVE ( 'NONE', #21, #1338, #552, .T. ) ;
#825 = DIRECTION ( 'NONE',  ( 0.000000000000000000, 0.000000000000000000, -1.000000000000000000 ) ) ;
#826 = EDGE_CURVE ( 'NONE', #2528, #1501, #2334, .T. ) ;
#827 = CARTESIAN_POINT ( 'NONE',  ( 0.000000000000000000, 0.000000000000000000, -4.400000000000000355 ) ) ;
#828 = DIRECTION ( 'NONE',  ( 0.000000000000000000, 0.000000000000000000, -1.000000000000000000 ) ) ;
#829 = ORIENTED_EDGE ( 'NONE', *, *, #2400, .T. ) ;
#830 = CARTESIAN_POINT ( 'NONE',  ( 1.399999999999999689, 0.000000000000000000, 0.000000000000000000 ) ) ;
#831 = EDGE_CURVE ( 'NONE', #756, #1382, #2669, .T. ) ;
#832 = VERTEX_POINT ( 'NONE', #1730 ) ;
#833 = CARTESIAN_POINT ( 'NONE',  ( 1.379999999999999671, 9.768344573749500270, -5.400000000000000355 ) ) ;
#834 = DIRECTION ( 'NONE',  ( 0.000000000000000000, -0.7546055221635005195, -0.6561787149247915174 ) ) ;
#835 = CARTESIAN_POINT ( 'NONE',  ( 1.399999999999999689, 8.631655426250503638, 4.549999999999999822 ) ) ;
#836 = ORIENTED_EDGE ( 'NONE', *, *, #1728, .F. ) ;
#837 = ORIENTED_EDGE ( 'NONE', *, *, #1716, .F. ) ;
#838 = DIRECTION ( 'NONE',  ( 1.000000000000000000, 0.000000000000000000, 0.000000000000000000 ) ) ;
#839 = EDGE_CURVE ( 'NONE', #151, #737, #2575, .T. ) ;
#840 = CARTESIAN_POINT ( 'NONE',  ( 1.379999999999999671, 6.500000000000000000, 4.549999999999999822 ) ) ;
#841 = EDGE_CURVE ( 'NONE', #2078, #75, #1887, .T. ) ;
#842 = DIRECTION ( 'NONE',  ( 0.000000000000000000, 0.000000000000000000, -1.000000000000000000 ) ) ;
#843 = PLANE ( 'NONE',  #1442 ) ;
#844 = VERTEX_POINT ( 'NONE', #676 ) ;
#845 = DIRECTION ( 'NONE',  ( 0.000000000000000000, 0.000000000000000000, 1.000000000000000000 ) ) ;
#846 = ORIENTED_EDGE ( 'NONE', *, *, #277, .T. ) ;
#847 = TOROIDAL_SURFACE ( 'NONE', #1071, 0.1299999999999999767, 0.02000000000000000042 ) ;
#848 = DIRECTION ( 'NONE',  ( 0.000000000000000000, 0.000000000000000000, -1.000000000000000000 ) ) ;
#849 = DIRECTION ( 'NONE',  ( 8.673617379884035472E-17, 0.000000000000000000, -1.000000000000000000 ) ) ;
#850 = CARTESIAN_POINT ( 'NONE',  ( 0.000000000000000000, 6.500000000000000000, 0.000000000000000000 ) ) ;
#851 = STYLED_ITEM ( 'NONE', ( #2195 ), #1488 ) ;
#852 = ORIENTED_EDGE ( 'NONE', *, *, #527, .F. ) ;
#853 = ORIENTED_EDGE ( 'NONE', *, *, #1133, .F. ) ;
#854 = DIRECTION ( 'NONE',  ( 1.000000000000000000, 0.000000000000000000, -0.000000000000000000 ) ) ;
#855 = CARTESIAN_POINT ( 'NONE',  ( 1.399999999999999689, 6.500000000000000000, 4.469999999999999751 ) ) ;
#856 = CARTESIAN_POINT ( 'NONE',  ( 0.000000000000000000, 1.499999999999999556, 0.000000000000000000 ) ) ;
#857 = CYLINDRICAL_SURFACE ( 'NONE', #945, 0.1499999999999999667 ) ;
#858 = CARTESIAN_POINT ( 'NONE',  ( 1.399999999999999689, 11.43165542625050612, -5.400000000000000355 ) ) ;
#859 = EDGE_LOOP ( 'NONE', ( #290, #2559, #2118, #2076 ) ) ;
#860 = FACE_OUTER_BOUND ( 'NONE', #1280, .T. ) ;
#861 = AXIS2_PLACEMENT_3D ( 'NONE', #1756, #1542, #1554 ) ;
#862 = ORIENTED_EDGE ( 'NONE', *, *, #2554, .T. ) ;
#863 = TOROIDAL_SURFACE ( 'NONE', #1704, 0.1699999999999999845, 0.02000000000000000042 ) ;
#864 = DIRECTION ( 'NONE',  ( 1.000000000000000000, 2.168404344971008252E-17, -8.673617379884035472E-17 ) ) ;
#865 = APPLICATION_PROTOCOL_DEFINITION ( 'draft international standard', 'automotive_design', 1998, #163 ) ;
#866 = LINE ( 'NONE', #1507, #275 ) ;
#867 = AXIS2_PLACEMENT_3D ( 'NONE', #1278, #248, #665 ) ;
#868 = ORIENTED_EDGE ( 'NONE', *, *, #344, .F. ) ;
#869 = EDGE_CURVE ( 'NONE', #2671, #2237, #1268, .T. ) ;
#870 = CARTESIAN_POINT ( 'NONE',  ( 1.380279994234274055, 6.500000000000000000, -0.7736979242907003895 ) ) ;
#871 = ORIENTED_EDGE ( 'NONE', *, *, #1818, .F. ) ;
#872 = EDGE_CURVE ( 'NONE', #763, #2078, #723, .T. ) ;
#873 = ORIENTED_EDGE ( 'NONE', *, *, #2715, .F. ) ;
#874 = CARTESIAN_POINT ( 'NONE',  ( 1.379999999999999671, 9.768344573749498494, 5.530000000000000249 ) ) ;
#875 = CARTESIAN_POINT ( 'NONE',  ( -2.969848480983500405, 1.499999999999999556, 7.049999999999999822 ) ) ;
#876 = ORIENTED_EDGE ( 'NONE', *, *, #252, .F. ) ;
#877 = ORIENTED_EDGE ( 'NONE', *, *, #2258, .F. ) ;
#878 = DIRECTION ( 'NONE',  ( 0.000000000000000000, 0.1643989873053704753, 0.9863939238321415282 ) ) ;
#879 = VECTOR ( 'NONE', #397, 1000.000000000000000 ) ;
#880 = B_SPLINE_CURVE_WITH_KNOTS ( 'NONE', 3,
 ( #2331, #575, #778, #972, #1197, #2061, #160, #432, #535, #341 ),
 .UNSPECIFIED., .F., .F.,
 ( 4, 2, 2, 2, 4 ),
 ( 0.000000000000000000, 7.024607880191234717E-05, 0.0001404921576038246943, 0.0002809843152076487924, 0.0005619686304152991026 ),
 .UNSPECIFIED. ) ;
#881 = CYLINDRICAL_SURFACE ( 'NONE', #2549, 0.1499999999999999667 ) ;
#882 = ORIENTED_EDGE ( 'NONE', *, *, #14, .T. ) ;
#883 = CYLINDRICAL_SURFACE ( 'NONE', #2318, 0.02000000000000053471 ) ;
#884 = ORIENTED_EDGE ( 'NONE', *, *, #2208, .F. ) ;
#885 = ADVANCED_FACE ( 'NONE', ( #1512 ), #2561, .T. ) ;
#886 = FACE_OUTER_BOUND ( 'NONE', #979, .T. ) ;
#887 = CARTESIAN_POINT ( 'NONE',  ( 0.000000000000000000, 1.499999999999999556, 0.000000000000000000 ) ) ;
#888 = PLANE ( 'NONE',  #94 ) ;
#889 = VECTOR ( 'NONE', #1643, 1000.000000000000114 ) ;
#890 = ORIENTED_EDGE ( 'NONE', *, *, #1412, .F. ) ;
#891 = EDGE_LOOP ( 'NONE', ( #152, #1242, #684, #1936 ) ) ;
#892 = AXIS2_PLACEMENT_3D ( 'NONE', #2734, #2569, #2542 ) ;
#893 = CARTESIAN_POINT ( 'NONE',  ( -1.379999999999999671, 12.48000000000000220, -1.196959198423996649E-16 ) ) ;
#894 = AXIS2_PLACEMENT_3D ( 'NONE', #2249, #1022, #2462 ) ;
#895 = CIRCLE ( 'NONE', #1744, 0.1499999999999999667 ) ;
#896 = CARTESIAN_POINT ( 'NONE',  ( -1.380000000000000115, 6.649999999999999467, 4.400000000000000355 ) ) ;
#897 = ORIENTED_EDGE ( 'NONE', *, *, #1743, .T. ) ;
#898 = LINE ( 'NONE', #691, #2444 ) ;
#899 = EDGE_CURVE ( 'NONE', #1182, #1463, #1489, .T. ) ;
#900 = DIRECTION ( 'NONE',  ( -0.000000000000000000, -0.9863939238321437486, -0.1643989873053572637 ) ) ;
#901 = DIRECTION ( 'NONE',  ( 1.000000000000000000, 0.000000000000000000, 0.000000000000000000 ) ) ;
#902 = VECTOR ( 'NONE', #1854, 1000.000000000000000 ) ;
#903 = CIRCLE ( 'NONE', #1973, 0.1299999999999998934 ) ;
#904 = ORIENTED_EDGE ( 'NONE', *, *, #47, .T. ) ;
#905 = EDGE_LOOP ( 'NONE', ( #111, #2632, #1332, #453 ) ) ;
#906 = CARTESIAN_POINT ( 'NONE',  ( 1.399999999999999689, 6.622052172158088723, -0.9406179037940091137 ) ) ;
#907 = CIRCLE ( 'NONE', #1393, 0.02000000000000005246 ) ;
#908 = DIRECTION ( 'NONE',  ( -1.000000000000000000, -2.168404344971008252E-17, -8.673617379884035472E-17 ) ) ;
#909 = AXIS2_PLACEMENT_3D ( 'NONE', #274, #1122, #1344 ) ;
#910 = ADVANCED_FACE ( 'NONE', ( #1703 ), #881, .T. ) ;
#911 = DIRECTION ( 'NONE',  ( 0.000000000000000000, 0.6561787149247684248, -0.7546055221635205035 ) ) ;
#912 = ORIENTED_EDGE ( 'NONE', *, *, #1803, .F. ) ;
#913 = CARTESIAN_POINT ( 'NONE',  ( 3.140055051430242106, 1.508506057664685152, -6.976435135045774061 ) ) ;
#914 = SURFACE_STYLE_FILL_AREA ( #1797 ) ;
#915 = CARTESIAN_POINT ( 'NONE',  ( 1.399999999999999689, 6.500000000000000000, -4.549999999999999822 ) ) ;
#916 = EDGE_CURVE ( 'NONE', #1319, #2308, #445, .T. ) ;
#917 = ORIENTED_EDGE ( 'NONE', *, *, #1819, .T. ) ;
#918 = ORIENTED_EDGE ( 'NONE', *, *, #1929, .F. ) ;
#919 = LINE ( 'NONE', #2225, #286 ) ;
#920 = CARTESIAN_POINT ( 'NONE',  ( 1.390180519077590882, 6.500000000000000000, 0.8009322421621057897 ) ) ;
#921 = ADVANCED_FACE ( 'NONE', ( #2592 ), #313, .T. ) ;
#922 = EDGE_CURVE ( 'NONE', #2004, #449, #1331, .T. ) ;
#923 = DIRECTION ( 'NONE',  ( 0.000000000000000000, 0.000000000000000000, -1.000000000000000000 ) ) ;
#924 = VERTEX_POINT ( 'NONE', #2433 ) ;
#925 = CARTESIAN_POINT ( 'NONE',  ( -1.400000000000000133, 6.500000000000000000, -4.469999999999999751 ) ) ;
#926 = CARTESIAN_POINT ( 'NONE',  ( 3.261944826741900894, 1.546453914618039605, 6.919843220402990269 ) ) ;
#927 = ORIENTED_EDGE ( 'NONE', *, *, #1595, .F. ) ;
#928 = ORIENTED_EDGE ( 'NONE', *, *, #2369, .F. ) ;
#929 = DIRECTION ( 'NONE',  ( -0.000000000000000000, -0.6561787149247684248, -0.7546055221635205035 ) ) ;
#930 = CIRCLE ( 'NONE', #794, 0.01999999999999999695 ) ;
#931 = CARTESIAN_POINT ( 'NONE',  ( -1.380000000000000115, 9.768344573749503823, 5.549999999999999822 ) ) ;
#932 = EDGE_CURVE ( 'NONE', #1463, #402, #2176, .T. ) ;
#933 = VECTOR ( 'NONE', #1617, 1000.000000000000114 ) ;
#934 = DIRECTION ( 'NONE',  ( 0.000000000000000000, 0.000000000000000000, -1.000000000000000000 ) ) ;
#935 = CIRCLE ( 'NONE', #361, 0.01999999999999999695 ) ;
#936 = ORIENTED_EDGE ( 'NONE', *, *, #2232, .F. ) ;
#937 = CIRCLE ( 'NONE', #1029, 0.01999999999999996225 ) ;
#938 = FACE_OUTER_BOUND ( 'NONE', #755, .T. ) ;
#939 = DIRECTION ( 'NONE',  ( 0.000000000000000000, 0.000000000000000000, -1.000000000000000000 ) ) ;
#940 = FACE_OUTER_BOUND ( 'NONE', #212, .T. ) ;
#941 = EDGE_CURVE ( 'NONE', #84, #705, #1589, .T. ) ;
#942 = ORIENTED_EDGE ( 'NONE', *, *, #824, .T. ) ;
#943 = ORIENTED_EDGE ( 'NONE', *, *, #344, .T. ) ;
#944 = DIRECTION ( 'NONE',  ( 2.168404344971008252E-17, -1.000000000000000000, -0.000000000000000000 ) ) ;
#945 = AXIS2_PLACEMENT_3D ( 'NONE', #2429, #519, #2627 ) ;
#946 = DIRECTION ( 'NONE',  ( 1.000000000000000000, 0.000000000000000000, 0.000000000000000000 ) ) ;
#947 = AXIS2_PLACEMENT_3D ( 'NONE', #1198, #2292, #2260 ) ;
#948 = EDGE_CURVE ( 'NONE', #2209, #36, #2630, .T. ) ;
#949 = DIRECTION ( 'NONE',  ( 0.000000000000000000, 0.7546055221635206145, 0.6561787149247685358 ) ) ;
#950 = VECTOR ( 'NONE', #709, 1000.000000000000000 ) ;
#951 = CARTESIAN_POINT ( 'NONE',  ( -1.380000000000000115, 12.50000000000000000, 4.343903740188081564 ) ) ;
#952 = FACE_OUTER_BOUND ( 'NONE', #229, .T. ) ;
#953 = DIRECTION ( 'NONE',  ( 0.000000000000000000, -0.9863939238321488556, 0.1643989873053274264 ) ) ;
#954 = ORIENTED_EDGE ( 'NONE', *, *, #831, .T. ) ;
#955 = CARTESIAN_POINT ( 'NONE',  ( 3.139821971399054057, 1.508500636646441517, 6.976537463425645846 ) ) ;
#956 = EDGE_CURVE ( 'NONE', #1315, #1858, #1355, .T. ) ;
#957 = ORIENTED_EDGE ( 'NONE', *, *, #251, .F. ) ;
#958 = CARTESIAN_POINT ( 'NONE',  ( -1.385521695682327525, 6.500000000000000000, 0.7880629224027729807 ) ) ;
#959 = LINE ( 'NONE', #776, #2085 ) ;
#960 = CARTESIAN_POINT ( 'NONE',  ( 3.405877273185280885, 1.699999999999999734, 6.850000000000000533 ) ) ;
#961 = CARTESIAN_POINT ( 'NONE',  ( -3.405877273185280885, 1.499999999999999556, 7.049999999999999822 ) ) ;
#962 = DIRECTION ( 'NONE',  ( 0.000000000000000000, 0.000000000000000000, 1.000000000000000000 ) ) ;
#963 = CARTESIAN_POINT ( 'NONE',  ( -1.380000000000000115, 11.43165542625050435, 5.400000000000000355 ) ) ;
#964 = AXIS2_PLACEMENT_3D ( 'NONE', #805, #2719, #1448 ) ;
#965 = ORIENTED_EDGE ( 'NONE', *, *, #1820, .T. ) ;
#966 = ORIENTED_EDGE ( 'NONE', *, *, #2463, .F. ) ;
#967 = CARTESIAN_POINT ( 'NONE',  ( 0.000000000000000000, 6.500000000000000000, -6.849999999999998757 ) ) ;
#968 = DIRECTION ( 'NONE',  ( -1.000000000000000000, 0.000000000000000000, 0.000000000000000000 ) ) ;
#969 = AXIS2_PLACEMENT_3D ( 'NONE', #2136, #2041, #2688 ) ;
#970 = CARTESIAN_POINT ( 'NONE',  ( -1.397319086605161909, 6.500000000000000000, -4.496202024374977846 ) ) ;
#971 = CARTESIAN_POINT ( 'NONE',  ( 1.379999999999999671, 6.649999999999999467, -4.379999999999999893 ) ) ;
#972 = CARTESIAN_POINT ( 'NONE',  ( -3.371095403779724275, 1.616491533522732116, -6.867199217059261507 ) ) ;
#973 = CIRCLE ( 'NONE', #1868, 0.1700000000000000122 ) ;
#974 = CARTESIAN_POINT ( 'NONE',  ( 1.379999999999999671, 12.48000000000000220, 0.000000000000000000 ) ) ;
#975 = AXIS2_PLACEMENT_3D ( 'NONE', #189, #1515, #222 ) ;
#976 = PLANE ( 'NONE',  #894 ) ;
#977 = EDGE_CURVE ( 'NONE', #2199, #84, #1172, .T. ) ;
#978 = EDGE_LOOP ( 'NONE', ( #2293, #1295, #1635, #719 ) ) ;
#979 = EDGE_LOOP ( 'NONE', ( #1193, #1024, #529, #1689 ) ) ;
#980 = CARTESIAN_POINT ( 'NONE',  ( -1.397319086605161464, 6.500000000000000000, 0.8267289123675667373 ) ) ;
#981 = FACE_OUTER_BOUND ( 'NONE', #978, .T. ) ;
#982 = DIRECTION ( 'NONE',  ( -0.000000000000000000, 1.000000000000000000, -0.000000000000000000 ) ) ;
#983 = ORIENTED_EDGE ( 'NONE', *, *, #1279, .T. ) ;
#984 = DIRECTION ( 'NONE',  ( 0.000000000000000000, 0.000000000000000000, -1.000000000000000000 ) ) ;
#985 = B_SPLINE_CURVE_WITH_KNOTS ( 'NONE', 3,
 ( #2053, #1390, #980, #1188, #1416, #958, #1802, #569, #2040, #136 ),
 .UNSPECIFIED., .F., .F.,
 ( 4, 3, 3, 4 ),
 ( 1.084202172485504434E-19, 3.932309463598251140E-05, 8.009671586239517325E-05, 8.254620561176634732E-05 ),
 .UNSPECIFIED. ) ;
#986 = B_SPLINE_CURVE_WITH_KNOTS ( 'NONE', 3,
 ( #875, #2558, #660, #211, #1059, #1894, #3, #2115, #2366, #2583 ),
 .UNSPECIFIED., .F., .F.,
 ( 4, 2, 2, 2, 4 ),
 ( 0.000000000000000000, 0.0002774483335560879328, 0.0004161725003341318449, 0.0004855345837231531234, 0.0005548966671121744560 ),
 .UNSPECIFIED. ) ;
#987 = CIRCLE ( 'NONE', #146, 0.1499999999999999667 ) ;
#988 = CARTESIAN_POINT ( 'NONE',  ( -1.380000000000000115, 11.43165542625050612, -5.400000000000000355 ) ) ;
#989 = AXIS2_PLACEMENT_3D ( 'NONE', #1626, #1832, #1446 ) ;
#990 = ORIENTED_EDGE ( 'NONE', *, *, #2049, .T. ) ;
#991 = EDGE_CURVE ( 'NONE', #340, #239, #2724, .T. ) ;
#992 = ADVANCED_FACE ( 'NONE', ( #1380 ), #2244, .T. ) ;
#993 = CARTESIAN_POINT ( 'NONE',  ( -1.379999999999999671, 6.649999999999999467, 0.7729309367425446498 ) ) ;
#994 = VECTOR ( 'NONE', #1367, 1000.000000000000000 ) ;
#995 = LINE ( 'NONE', #1662, #1314 ) ;
#996 = ORIENTED_EDGE ( 'NONE', *, *, #325, .F. ) ;
#997 = EDGE_LOOP ( 'NONE', ( #1801, #328, #316, #2529 ) ) ;
#998 = DIRECTION ( 'NONE',  ( 0.000000000000000000, 0.000000000000000000, 1.000000000000000000 ) ) ;
#999 = DIRECTION ( 'NONE',  ( 0.000000000000000000, -0.7546055221635206145, 0.6561787149247685358 ) ) ;
#1000 = DIRECTION ( 'NONE',  ( 0.000000000000000000, -0.000000000000000000, -1.000000000000000000 ) ) ;
#1001 = CARTESIAN_POINT ( 'NONE',  ( 0.000000000000000000, 0.000000000000000000, -5.549999999999999822 ) ) ;
#1002 = CARTESIAN_POINT ( 'NONE',  ( -1.399999999999999245, 2.790441948979337283, -2.426471259982029949 ) ) ;
#1003 = CARTESIAN_POINT ( 'NONE',  ( 1.379999999999999671, 12.50000000000000000, 2.027069063257455728 ) ) ;
#1004 = LINE ( 'NONE', #1183, #1590 ) ;
#1005 = ADVANCED_FACE ( 'NONE', ( #698 ), #689, .T. ) ;
#1006 = DIRECTION ( 'NONE',  ( 0.000000000000000000, 0.000000000000000000, -1.000000000000000000 ) ) ;
#1007 = DIRECTION ( 'NONE',  ( 0.000000000000000000, 0.000000000000000000, 1.000000000000000000 ) ) ;
#1008 = ORIENTED_EDGE ( 'NONE', *, *, #780, .F. ) ;
#1009 = ORIENTED_EDGE ( 'NONE', *, *, #2133, .F. ) ;
#1010 = CIRCLE ( 'NONE', #1806, 7.650000000000000355 ) ;
#1011 = CARTESIAN_POINT ( 'NONE',  ( -1.380000000000000338, 9.281463325509363926, 8.070837674355974656 ) ) ;
#1012 = CARTESIAN_POINT ( 'NONE',  ( 1.399999999999999689, 6.500000000000000000, -4.483107698211994396 ) ) ;
#1013 = LINE ( 'NONE', #1863, #83 ) ;
#1014 = ORIENTED_EDGE ( 'NONE', *, *, #2395, .F. ) ;
#1015 = CARTESIAN_POINT ( 'NONE',  ( -1.400000000000000133, 6.500000000000000000, 0.000000000000000000 ) ) ;
#1016 = EDGE_CURVE ( 'NONE', #2167, #1954, #332, .T. ) ;
#1017 = CARTESIAN_POINT ( 'NONE',  ( -1.397319086605161687, 6.500000000000000000, -0.8267289123675667373 ) ) ;
#1018 = VECTOR ( 'NONE', #213, 1000.000000000000000 ) ;
#1019 = DIRECTION ( 'NONE',  ( -1.000000000000000000, -0.000000000000000000, -0.000000000000000000 ) ) ;
#1020 = AXIS2_PLACEMENT_3D ( 'NONE', #2650, #1867, #2708 ) ;
#1021 = EDGE_LOOP ( 'NONE', ( #1152, #1235, #1061, #2498 ) ) ;
#1022 = DIRECTION ( 'NONE',  ( 0.000000000000000000, -1.000000000000000000, 0.000000000000000000 ) ) ;
#1023 = AXIS2_PLACEMENT_3D ( 'NONE', #703, #1348, #2207 ) ;
#1024 = ORIENTED_EDGE ( 'NONE', *, *, #58, .T. ) ;
#1025 = DIRECTION ( 'NONE',  ( 1.000000000000000000, 2.168404344971008252E-17, -8.673617379884035472E-17 ) ) ;
#1026 = CYLINDRICAL_SURFACE ( 'NONE', #2220, 0.1499999999999999667 ) ;
#1027 = CARTESIAN_POINT ( 'NONE',  ( 1.379999999999999671, 6.500000000000000000, 4.549999999999999822 ) ) ;
#1028 = EDGE_CURVE ( 'NONE', #1576, #832, #200, .T. ) ;
#1029 = AXIS2_PLACEMENT_3D ( 'NONE', #2348, #2522, #1691 ) ;
#1030 = ORIENTED_EDGE ( 'NONE', *, *, #598, .F. ) ;
#1031 = DIRECTION ( 'NONE',  ( 0.000000000000000000, 1.000000000000000000, 0.000000000000000000 ) ) ;
#1032 = FACE_OUTER_BOUND ( 'NONE', #1845, .T. ) ;
#1033 = FACE_OUTER_BOUND ( 'NONE', #2539, .T. ) ;
#1034 = ADVANCED_FACE ( 'NONE', ( #2396 ), #1794, .T. ) ;
#1035 = DIRECTION ( 'NONE',  ( 0.000000000000000000, -0.6561787149247684248, 0.7546055221635205035 ) ) ;
#1036 = TOROIDAL_SURFACE ( 'NONE', #1750, 0.1299999999999999767, 0.02000000000000000042 ) ;
#1037 = EDGE_LOOP ( 'NONE', ( #523, #2714, #1610, #2091 ) ) ;
#1038 = CARTESIAN_POINT ( 'NONE',  ( 1.379999999999999671, 8.631655426250503638, -4.379999999999999893 ) ) ;
#1039 = CIRCLE ( 'NONE', #2589, 0.1499999999999999667 ) ;
#1040 = AXIS2_PLACEMENT_3D ( 'NONE', #2152, #25, #2519 ) ;
#1041 = ORIENTED_EDGE ( 'NONE', *, *, #841, .F. ) ;
#1042 = ADVANCED_FACE ( 'NONE', ( #522 ), #2384, .T. ) ;
#1043 = DIRECTION ( 'NONE',  ( 0.000000000000000000, -2.312964634635743213E-14, -1.000000000000000000 ) ) ;
#1044 = DIRECTION ( 'NONE',  ( 0.000000000000000000, 0.000000000000000000, -1.000000000000000000 ) ) ;
#1045 = EDGE_CURVE ( 'NONE', #253, #763, #2455, .T. ) ;
#1046 = DIRECTION ( 'NONE',  ( 0.000000000000000000, -0.9863939238321438596, -0.1643989873053572914 ) ) ;
#1047 = EDGE_CURVE ( 'NONE', #2712, #489, #1977, .T. ) ;
#1048 = ORIENTED_EDGE ( 'NONE', *, *, #2705, .F. ) ;
#1049 = VERTEX_POINT ( 'NONE', #1768 ) ;
#1050 = CYLINDRICAL_SURFACE ( 'NONE', #89, 0.1499999999999999667 ) ;
#1051 = FACE_OUTER_BOUND ( 'NONE', #2741, .T. ) ;
#1052 = CARTESIAN_POINT ( 'NONE',  ( 1.379999999999999671, 12.44809871788125477, -4.429206973128303026 ) ) ;
#1053 = DIRECTION ( 'NONE',  ( 0.000000000000000000, 0.000000000000000000, 1.000000000000000000 ) ) ;
#1054 = ORIENTED_EDGE ( 'NONE', *, *, #262, .T. ) ;
#1055 = DIRECTION ( 'NONE',  ( 0.000000000000000000, 0.7546055221634990762, 0.6561787149247930717 ) ) ;
#1056 = ORIENTED_EDGE ( 'NONE', *, *, #440, .F. ) ;
#1057 = CARTESIAN_POINT ( 'NONE',  ( 1.379999999999999671, 12.50000000000000000, -2.027069063257456172 ) ) ;
#1058 = APPLICATION_PROTOCOL_DEFINITION ( 'draft international standard', 'automotive_design', 1998, #1157 ) ;
#1059 = CARTESIAN_POINT ( 'NONE',  ( -3.302397983560361183, 1.563623187575864382, 6.900591489566306969 ) ) ;
#1060 = EDGE_LOOP ( 'NONE', ( #580, #1695, #1351, #1548 ) ) ;
#1061 = ORIENTED_EDGE ( 'NONE', *, *, #2320, .T. ) ;
#1062 = PLANE ( 'NONE',  #2691 ) ;
#1063 = DIRECTION ( 'NONE',  ( 0.000000000000000000, 0.000000000000000000, -1.000000000000000000 ) ) ;
#1064 = LINE ( 'NONE', #24, #2002 ) ;
#1065 = CARTESIAN_POINT ( 'NONE',  ( -1.379999999999999227, 2.775349838536065761, 2.413347685683533417 ) ) ;
#1066 = DIRECTION ( 'NONE',  ( -1.000000000000000000, -0.000000000000000000, 0.000000000000000000 ) ) ;
#1067 = VERTEX_POINT ( 'NONE', #1567 ) ;
#1068 = CIRCLE ( 'NONE', #2138, 0.02000000000000003511 ) ;
#1069 = CYLINDRICAL_SURFACE ( 'NONE', #584, 0.02000000000000005246 ) ;
#1070 = EDGE_LOOP ( 'NONE', ( #90, #2328, #1693, #1784 ) ) ;
#1071 = AXIS2_PLACEMENT_3D ( 'NONE', #988, #2506, #113 ) ;
#1072 = DIRECTION ( 'NONE',  ( 0.000000000000000000, 0.000000000000000000, 1.000000000000000000 ) ) ;
#1073 = DIRECTION ( 'NONE',  ( 1.000000000000000000, -0.000000000000000000, 0.000000000000000000 ) ) ;
#1074 = DIRECTION ( 'NONE',  ( 0.000000000000000000, 0.000000000000000000, -1.000000000000000000 ) ) ;
#1075 = VECTOR ( 'NONE', #1558, 1000.000000000000000 ) ;
#1076 = ORIENTED_EDGE ( 'NONE', *, *, #551, .T. ) ;
#1077 = ORIENTED_EDGE ( 'NONE', *, *, #1365, .T. ) ;
#1078 = AXIS2_PLACEMENT_3D ( 'NONE', #447, #1945, #606 ) ;
#1079 = DIRECTION ( 'NONE',  ( -0.000000000000000000, 1.000000000000000000, 0.000000000000000000 ) ) ;
#1080 = EDGE_CURVE ( 'NONE', #2374, #756, #1269, .T. ) ;
#1081 = CARTESIAN_POINT ( 'NONE',  ( 1.379999999999999671, 11.52975414413175947, 5.485303232940222706 ) ) ;
#1082 = ORIENTED_EDGE ( 'NONE', *, *, #1705, .F. ) ;
#1083 = FACE_OUTER_BOUND ( 'NONE', #1327, .T. ) ;
#1084 = AXIS2_PLACEMENT_3D ( 'NONE', #2648, #581, #771 ) ;
#1085 = ORIENTED_EDGE ( 'NONE', *, *, #1942, .F. ) ;
#1086 = PRODUCT_DEFINITION_SHAPE ( 'NONE', 'NONE',  #300 ) ;
#1087 = VECTOR ( 'NONE', #752, 1000.000000000000000 ) ;
#1088 = DIRECTION ( 'NONE',  ( 0.000000000000000000, 0.000000000000000000, 1.000000000000000000 ) ) ;
#1089 =( NAMED_UNIT ( * ) PLANE_ANGLE_UNIT ( ) SI_UNIT ( $, .RADIAN. ) );
#1090 = CYLINDRICAL_SURFACE ( 'NONE', #1341, 0.01999999999999999001 ) ;
#1091 = AXIS2_PLACEMENT_3D ( 'NONE', #974, #766, #187 ) ;
#1092 = EDGE_LOOP ( 'NONE', ( #1401, #2355, #1282, #1131, #307, #513, #2324, #2466, #1009, #1203 ) ) ;
#1093 = EDGE_CURVE ( 'NONE', #1971, #1373, #1181, .T. ) ;
#1094 = DIRECTION ( 'NONE',  ( 0.000000000000000000, 1.000000000000000000, -0.000000000000000000 ) ) ;
#1095 = DIRECTION ( 'NONE',  ( 0.000000000000000000, 0.000000000000000000, -1.000000000000000000 ) ) ;
#1096 = EDGE_CURVE ( 'NONE', #224, #1624, #1805, .T. ) ;
#1097 = ORIENTED_EDGE ( 'NONE', *, *, #2548, .F. ) ;
#1098 = CYLINDRICAL_SURFACE ( 'NONE', #1922, 0.1499999999999999667 ) ;
#1099 = VERTEX_POINT ( 'NONE', #573 ) ;
#1100 = DIRECTION ( 'NONE',  ( 1.000000000000000000, 0.000000000000000000, 0.000000000000000000 ) ) ;
#1101 = PRODUCT_CONTEXT ( 'NONE', #163, 'mechanical' ) ;
#1102 = CARTESIAN_POINT ( 'NONE',  ( -1.379999999999999893, 12.48000000000000043, -2.027069063257456172 ) ) ;
#1103 = ORIENTED_EDGE ( 'NONE', *, *, #1707, .T. ) ;
#1104 = ORIENTED_EDGE ( 'NONE', *, *, #1804, .F. ) ;
#1105 = VECTOR ( 'NONE', #713, 1000.000000000000114 ) ;
#1106 = CARTESIAN_POINT ( 'NONE',  ( -1.379999999999999671, 6.625340151904196340, -0.9208900253173660788 ) ) ;
#1107 = CIRCLE ( 'NONE', #1459, 0.1499999999999999667 ) ;
#1108 = CARTESIAN_POINT ( 'NONE',  ( 1.399999999999999689, 0.000000000000000000, 0.000000000000000000 ) ) ;
#1109 = ORIENTED_EDGE ( 'NONE', *, *, #826, .F. ) ;
#1110 = DIRECTION ( 'NONE',  ( -0.000000000000000000, 1.000000000000000000, -0.000000000000000000 ) ) ;
#1111 = CARTESIAN_POINT ( 'NONE',  ( 1.399999999999999689, 11.43165542625050612, -5.549999999999999822 ) ) ;
#1112 = DIRECTION ( 'NONE',  ( 1.000000000000000000, 0.000000000000000000, 0.000000000000000000 ) ) ;
#1113 = VECTOR ( 'NONE', #216, 1000.000000000000000 ) ;
#1114 = ORIENTED_EDGE ( 'NONE', *, *, #1230, .T. ) ;
#1115 = ORIENTED_EDGE ( 'NONE', *, *, #1392, .T. ) ;
#1116 = EDGE_CURVE ( 'NONE', #2159, #1944, #764, .T. ) ;
#1117 = CARTESIAN_POINT ( 'NONE',  ( -1.379999999999999893, 12.50000000000000000, -2.027069063257456172 ) ) ;
#1118 = EDGE_CURVE ( 'NONE', #2510, #2110, #315, .T. ) ;
#1119 = TOROIDAL_SURFACE ( 'NONE', #1426, 0.1699999999999999845, 0.02000000000000000042 ) ;
#1120 = CARTESIAN_POINT ( 'NONE',  ( 0.000000000000000000, 6.625340151904196340, 0.9208900253173660788 ) ) ;
#1121 = VECTOR ( 'NONE', #622, 1000.000000000000000 ) ;
#1122 = DIRECTION ( 'NONE',  ( -1.000000000000000000, -0.000000000000000000, -0.000000000000000000 ) ) ;
#1123 = ADVANCED_FACE ( 'NONE', ( #2662 ), #847, .T. ) ;
#1124 = ORIENTED_EDGE ( 'NONE', *, *, #534, .F. ) ;
#1125 = DIRECTION ( 'NONE',  ( 0.000000000000000000, 0.000000000000000000, -1.000000000000000000 ) ) ;
#1126 = CARTESIAN_POINT ( 'NONE',  ( -1.400000000000000133, 6.500000000000000000, -4.400000000000000355 ) ) ;
#1127 = CARTESIAN_POINT ( 'NONE',  ( -1.380000000000000115, 12.50000000000000000, -4.343903740188082452 ) ) ;
#1128 = AXIS2_PLACEMENT_3D ( 'NONE', #2601, #696, #1375 ) ;
#1129 = AXIS2_PLACEMENT_3D ( 'NONE', #2701, #1180, #556 ) ;
#1130 = ORIENTED_EDGE ( 'NONE', *, *, #956, .T. ) ;
#1131 = ORIENTED_EDGE ( 'NONE', *, *, #2673, .F. ) ;
#1132 = CARTESIAN_POINT ( 'NONE',  ( 1.399999999999999689, 12.48000000000000043, -4.343903740188082452 ) ) ;
#1133 = EDGE_CURVE ( 'NONE', #162, #249, #1421, .T. ) ;
#1134 = VECTOR ( 'NONE', #636, 1000.000000000000000 ) ;
#1135 = DIRECTION ( 'NONE',  ( 8.673617379884035472E-17, 0.000000000000000000, -1.000000000000000000 ) ) ;
#1136 = DIRECTION ( 'NONE',  ( -0.000000000000000000, 0.6561787149247685358, 0.7546055221635206145 ) ) ;
#1137 = EDGE_LOOP ( 'NONE', ( #1435, #2185, #2043, #607 ) ) ;
#1138 = CARTESIAN_POINT ( 'NONE',  ( 3.405877273185280885, 1.499999999999999556, 6.850000000000000533 ) ) ;
#1139 = DIRECTION ( 'NONE',  ( 0.000000000000000000, 0.1643989873053274264, 0.9863939238321487446 ) ) ;
#1140 = EDGE_CURVE ( 'NONE', #1458, #2004, #546, .T. ) ;
#1141 = DIRECTION ( 'NONE',  ( 0.000000000000000000, 0.000000000000000000, -1.000000000000000000 ) ) ;
#1142 = EDGE_LOOP ( 'NONE', ( #2270, #528, #1310, #127 ) ) ;
#1143 = ORIENTED_EDGE ( 'NONE', *, *, #2525, .F. ) ;
#1144 = DIRECTION ( 'NONE',  ( 1.000000000000000000, -0.000000000000000000, -0.000000000000000000 ) ) ;
#1145 = DIRECTION ( 'NONE',  ( 0.000000000000000000, 0.000000000000000000, -1.000000000000000000 ) ) ;
#1146 = CARTESIAN_POINT ( 'NONE',  ( 1.399999999999999689, 12.44809871788125477, -4.429206973128302138 ) ) ;
#1147 = AXIS2_PLACEMENT_3D ( 'NONE', #1834, #1405, #597 ) ;
#1148 = EDGE_LOOP ( 'NONE', ( #1362, #1274, #1307, #1742 ) ) ;
#1149 = CARTESIAN_POINT ( 'NONE',  ( 1.379999999999999671, 6.625340151904196340, 0.9208900253173660788 ) ) ;
#1150 = LINE ( 'NONE', #1126, #2622 ) ;
#1151 = LINE ( 'NONE', #1583, #2533 ) ;
#1152 = ORIENTED_EDGE ( 'NONE', *, *, #458, .T. ) ;
#1153 = ORIENTED_EDGE ( 'NONE', *, *, #1956, .F. ) ;
#1154 = DIRECTION ( 'NONE',  ( -0.000000000000000000, 1.000000000000000000, 0.000000000000000000 ) ) ;
#1155 = EDGE_CURVE ( 'NONE', #2078, #1458, #93, .T. ) ;
#1156 = CARTESIAN_POINT ( 'NONE',  ( -1.400000000000000133, 12.48000000000000043, 4.343903740188081564 ) ) ;
#1157 = APPLICATION_CONTEXT ( 'automotive_design' ) ;
#1158 = AXIS2_PLACEMENT_3D ( 'NONE', #722, #2202, #1982 ) ;
#1159 = DIRECTION ( 'NONE',  ( -1.000000000000000000, 0.000000000000000000, -0.000000000000000000 ) ) ;
#1160 = VECTOR ( 'NONE', #1593, 1000.000000000000114 ) ;
#1161 = ORIENTED_EDGE ( 'NONE', *, *, #551, .F. ) ;
#1162 = EDGE_CURVE ( 'NONE', #648, #2584, #2531, .T. ) ;
#1163 = AXIS2_PLACEMENT_3D ( 'NONE', #1651, #1398, #781 ) ;
#1164 = CARTESIAN_POINT ( 'NONE',  ( 3.302397983560366068, 1.563623187575865048, -6.900591489566306080 ) ) ;
#1165 = CARTESIAN_POINT ( 'NONE',  ( -1.379999999999999671, 6.649999999999999467, -0.7729309367425445387 ) ) ;
#1166 = DIRECTION ( 'NONE',  ( -1.000000000000000000, 0.000000000000000000, 0.000000000000000000 ) ) ;
#1167 = EDGE_LOOP ( 'NONE', ( #1054, #60, #1990, #53 ) ) ;
#1168 = FACE_OUTER_BOUND ( 'NONE', #1629, .T. ) ;
#1169 = AXIS2_PLACEMENT_3D ( 'NONE', #616, #603, #1214 ) ;
#1170 = AXIS2_PLACEMENT_3D ( 'NONE', #833, #1460, #848 ) ;
#1171 = CARTESIAN_POINT ( 'NONE',  ( -1.400000000000000133, 6.500000000000000000, -4.469999999999999751 ) ) ;
#1172 = CIRCLE ( 'NONE', #2416, 0.1499999999999999667 ) ;
#1173 = DIRECTION ( 'NONE',  ( -0.000000000000000000, 1.000000000000000000, 0.000000000000000000 ) ) ;
#1174 = PLANE ( 'NONE',  #1277 ) ;
#1175 = ADVANCED_FACE ( 'NONE', ( #2677 ), #1247, .T. ) ;
#1176 = FACE_OUTER_BOUND ( 'NONE', #1456, .T. ) ;
#1177 = FACE_BOUND ( 'NONE', #46, .T. ) ;
#1178 = ORIENTED_EDGE ( 'NONE', *, *, #2507, .T. ) ;
#1179 = VERTEX_POINT ( 'NONE', #2273 ) ;
#1180 = DIRECTION ( 'NONE',  ( 0.000000000000000000, -0.9863939238321414171, 0.1643989873053713635 ) ) ;
#1181 = LINE ( 'NONE', #2256, #1687 ) ;
#1182 = VERTEX_POINT ( 'NONE', #2034 ) ;
#1183 = CARTESIAN_POINT ( 'NONE',  ( -1.399999999999999245, 2.790441948979335507, 2.426471259982028617 ) ) ;
#1184 = LINE ( 'NONE', #2062, #245 ) ;
#1185 = CARTESIAN_POINT ( 'NONE',  ( -1.379999999999999893, 12.37137186834969604, 1.898837853159277334 ) ) ;
#1186 = ORIENTED_EDGE ( 'NONE', *, *, #1850, .T. ) ;
#1187 = ORIENTED_EDGE ( 'NONE', *, *, #1047, .F. ) ;
#1188 = CARTESIAN_POINT ( 'NONE',  ( -1.393823247546297717, 6.500000000000000000, 0.8140959846906092867 ) ) ;
#1189 = FACE_OUTER_BOUND ( 'NONE', #2149, .T. ) ;
#1190 = FACE_OUTER_BOUND ( 'NONE', #1021, .T. ) ;
#1191 = EDGE_CURVE ( 'NONE', #2419, #1923, #2059, .T. ) ;
#1192 = EDGE_CURVE ( 'NONE', #1501, #1591, #761, .T. ) ;
#1193 = ORIENTED_EDGE ( 'NONE', *, *, #1544, .T. ) ;
#1194 = DIRECTION ( 'NONE',  ( 1.000000000000000000, 0.000000000000000000, 0.000000000000000000 ) ) ;
#1195 = AXIS2_PLACEMENT_3D ( 'NONE', #2346, #1481, #2086 ) ;
#1196 = LINE ( 'NONE', #2046, #1309 ) ;
#1197 = CARTESIAN_POINT ( 'NONE',  ( -3.354731286224077902, 1.601558808504983666, -6.875221135459822719 ) ) ;
#1198 = CARTESIAN_POINT ( 'NONE',  ( -1.379999999999999449, 0.02644174998362247564, 0.1586504999017351591 ) ) ;
#1199 = ADVANCED_FACE ( 'NONE', ( #602 ), #2486, .T. ) ;
#1200 = EDGE_LOOP ( 'NONE', ( #1240, #382, #594, #2380 ) ) ;
#1201 = VECTOR ( 'NONE', #1976, 1000.000000000000000 ) ;
#1202 = ORIENTED_EDGE ( 'NONE', *, *, #2432, .T. ) ;
#1203 = ORIENTED_EDGE ( 'NONE', *, *, #1728, .T. ) ;
#1204 = CARTESIAN_POINT ( 'NONE',  ( -1.379999999999999893, 8.759938365018300033, 4.438449618462787072 ) ) ;
#1205 = CARTESIAN_POINT ( 'NONE',  ( 1.379999999999999671, 8.631655426250503638, 4.549999999999999822 ) ) ;
#1206 = CARTESIAN_POINT ( 'NONE',  ( 1.379999999999999671, 0.000000000000000000, 4.400000000000000355 ) ) ;
#1207 = EDGE_CURVE ( 'NONE', #267, #802, #959, .T. ) ;
#1208 = ORIENTED_EDGE ( 'NONE', *, *, #2369, .T. ) ;
#1209 = EDGE_CURVE ( 'NONE', #302, #1402, #2072, .T. ) ;
#1210 = DIRECTION ( 'NONE',  ( -1.000000000000000000, 0.000000000000000000, 0.000000000000000000 ) ) ;
#1211 = CIRCLE ( 'NONE', #861, 0.1499999999999999667 ) ;
#1212 = DIRECTION ( 'NONE',  ( 0.000000000000000000, 0.000000000000000000, -1.000000000000000000 ) ) ;
#1213 = CIRCLE ( 'NONE', #1933, 0.02000000000000005246 ) ;
#1214 = DIRECTION ( 'NONE',  ( 0.000000000000000000, 0.000000000000000000, -1.000000000000000000 ) ) ;
#1215 = DIRECTION ( 'NONE',  ( 0.000000000000000000, -0.7546055221635044052, -0.6561787149247869655 ) ) ;
#1216 = AXIS2_PLACEMENT_3D ( 'NONE', #1108, #88, #934 ) ;
#1217 = DIRECTION ( 'NONE',  ( 0.000000000000000000, 0.000000000000000000, -1.000000000000000000 ) ) ;
#1218 = VERTEX_POINT ( 'NONE', #2491 ) ;
#1219 = DIRECTION ( 'NONE',  ( -3.564834783817047766E-15, 0.9863939238321488556, 0.1643989873053274264 ) ) ;
#1220 = ORIENTED_EDGE ( 'NONE', *, *, #734, .F. ) ;
#1221 = DIRECTION ( 'NONE',  ( 9.817739357990838818E-14, -0.6561787149247684248, -0.7546055221635207255 ) ) ;
#1222 = CARTESIAN_POINT ( 'NONE',  ( 1.380560112054758592, 6.500000000000000000, -4.548466070008426065 ) ) ;
#1223 = DIRECTION ( 'NONE',  ( -0.000000000000000000, 0.9863939238321437486, 0.1643989873053572637 ) ) ;
#1224 = ADVANCED_FACE ( 'NONE', ( #1227 ), #2150, .T. ) ;
#1225 = VERTEX_POINT ( 'NONE', #246 ) ;
#1226 = DIRECTION ( 'NONE',  ( 0.000000000000000000, 0.000000000000000000, -1.000000000000000000 ) ) ;
#1227 = FACE_OUTER_BOUND ( 'NONE', #796, .T. ) ;
#1228 = CARTESIAN_POINT ( 'NONE',  ( -1.380000000000000115, 12.34999999999999964, -4.343903740188082452 ) ) ;
#1229 = FACE_OUTER_BOUND ( 'NONE', #1070, .T. ) ;
#1230 = EDGE_CURVE ( 'NONE', #1373, #657, #494, .T. ) ;
#1231 = EDGE_CURVE ( 'NONE', #2051, #1552, #2180, .T. ) ;
#1232 = ORIENTED_EDGE ( 'NONE', *, *, #472, .F. ) ;
#1233 = FACE_OUTER_BOUND ( 'NONE', #454, .T. ) ;
#1234 = AXIS2_PLACEMENT_3D ( 'NONE', #1557, #2399, #80 ) ;
#1235 = ORIENTED_EDGE ( 'NONE', *, *, #516, .T. ) ;
#1236 = VECTOR ( 'NONE', #2101, 1000.000000000000000 ) ;
#1237 = DIRECTION ( 'NONE',  ( 0.000000000000000000, -0.7546055221634990762, -0.6561787149247930717 ) ) ;
#1238 = CARTESIAN_POINT ( 'NONE',  ( -1.379999999999999227, 2.790441948979335951, 2.426471259982029505 ) ) ;
#1239 = CARTESIAN_POINT ( 'NONE',  ( 1.380560112054758592, 6.500000000000000000, 4.548466070008426065 ) ) ;
#1240 = ORIENTED_EDGE ( 'NONE', *, *, #2017, .T. ) ;
#1241 = ADVANCED_FACE ( 'NONE', ( #2532 ), #1291, .T. ) ;
#1242 = ORIENTED_EDGE ( 'NONE', *, *, #977, .T. ) ;
#1243 = DIRECTION ( 'NONE',  ( -1.000000000000000000, -2.168404344971008252E-17, -8.673617379884035472E-17 ) ) ;
#1244 = DIRECTION ( 'NONE',  ( 1.000000000000000000, 0.000000000000000000, 0.000000000000000000 ) ) ;
#1245 = CARTESIAN_POINT ( 'NONE',  ( -1.380000000000000115, 8.631655426250503638, 4.400000000000000355 ) ) ;
#1246 = DIRECTION ( 'NONE',  ( 8.673617379884035472E-17, 1.880790961315659329E-33, -1.000000000000000000 ) ) ;
#1247 = TOROIDAL_SURFACE ( 'NONE', #1817, 0.1299999999999999767, 0.02000000000000000042 ) ;
#1248 = EDGE_CURVE ( 'NONE', #1402, #1710, #2620, .T. ) ;
#1249 = EDGE_CURVE ( 'NONE', #657, #537, #202, .T. ) ;
#1250 = AXIS2_PLACEMENT_3D ( 'NONE', #439, #19, #2132 ) ;
#1251 = AXIS2_PLACEMENT_3D ( 'NONE', #1873, #374, #1007 ) ;
#1252 = ORIENTED_EDGE ( 'NONE', *, *, #1305, .F. ) ;
#1253 = DIRECTION ( 'NONE',  ( 0.000000000000000000, 0.000000000000000000, -1.000000000000000000 ) ) ;
#1254 = CARTESIAN_POINT ( 'NONE',  ( 1.397319086605161687, 6.500000000000000000, -4.496202024374977846 ) ) ;
#1255 = LINE ( 'NONE', #773, #2471 ) ;
#1256 = VECTOR ( 'NONE', #1110, 1000.000000000000000 ) ;
#1257 = EDGE_LOOP ( 'NONE', ( #579, #1636, #1763, #677 ) ) ;
#1258 = ORIENTED_EDGE ( 'NONE', *, *, #701, .T. ) ;
#1259 = CARTESIAN_POINT ( 'NONE',  ( 1.379999999999999671, 11.43165542625050435, 5.530000000000000249 ) ) ;
#1260 = DIRECTION ( 'NONE',  ( 0.000000000000000000, 0.000000000000000000, -1.000000000000000000 ) ) ;
#1261 = FACE_OUTER_BOUND ( 'NONE', #1431, .T. ) ;
#1262 = VECTOR ( 'NONE', #2534, 1000.000000000000000 ) ;
#1263 = ADVANCED_FACE ( 'NONE', ( #1032 ), #49, .T. ) ;
#1264 = DIRECTION ( 'NONE',  ( 0.000000000000000000, 0.000000000000000000, -1.000000000000000000 ) ) ;
#1265 = TOROIDAL_SURFACE ( 'NONE', #1535, 0.1299999999999999767, 0.02000000000000000042 ) ;
#1266 = ORIENTED_EDGE ( 'NONE', *, *, #190, .F. ) ;
#1267 = DIRECTION ( 'NONE',  ( 0.000000000000000000, 0.000000000000000000, 1.000000000000000000 ) ) ;
#1268 = CIRCLE ( 'NONE', #593, 7.650000000000000355 ) ;
#1269 = CIRCLE ( 'NONE', #70, 0.1499999999999999667 ) ;
#1270 = ORIENTED_EDGE ( 'NONE', *, *, #2505, .F. ) ;
#1271 = DIRECTION ( 'NONE',  ( -0.000000000000000000, 1.000000000000000000, 0.000000000000000000 ) ) ;
#1272 = DIRECTION ( 'NONE',  ( 0.000000000000000000, 0.000000000000000000, -1.000000000000000000 ) ) ;
#1273 = EDGE_LOOP ( 'NONE', ( #661, #2481, #1356, #694 ) ) ;
#1274 = ORIENTED_EDGE ( 'NONE', *, *, #1209, .F. ) ;
#1275 = CARTESIAN_POINT ( 'NONE',  ( -1.380000000000000115, 11.54484625457503100, 5.498426807238718794 ) ) ;
#1276 = CARTESIAN_POINT ( 'NONE',  ( -1.379999999999999893, 8.744846254575030287, 4.451573192761281383 ) ) ;
#1277 = AXIS2_PLACEMENT_3D ( 'NONE', #1480, #1215, #1384 ) ;
#1278 = CARTESIAN_POINT ( 'NONE',  ( -1.379999999999999893, -2.992397996059990389E-17, 4.379999999999999893 ) ) ;
#1279 = EDGE_CURVE ( 'NONE', #1553, #1179, #1304, .T. ) ;
#1280 = EDGE_LOOP ( 'NONE', ( #807, #1287, #1490, #2344 ) ) ;
#1281 = DIRECTION ( 'NONE',  ( -1.000000000000000000, -2.168404344971008252E-17, 8.673617379884035472E-17 ) ) ;
#1282 = ORIENTED_EDGE ( 'NONE', *, *, #2287, .T. ) ;
#1283 = DIRECTION ( 'NONE',  ( 0.000000000000000000, 0.000000000000000000, -1.000000000000000000 ) ) ;
#1284 = DIRECTION ( 'NONE',  ( 0.000000000000000000, 0.9863939238321437486, -0.1643989873053572637 ) ) ;
#1285 = AXIS2_PLACEMENT_3D ( 'NONE', #1606, #550, #1826 ) ;
#1286 = ORIENTED_EDGE ( 'NONE', *, *, #701, .F. ) ;
#1287 = ORIENTED_EDGE ( 'NONE', *, *, #1900, .F. ) ;
#1288 = EDGE_CURVE ( 'NONE', #410, #2167, #2706, .T. ) ;
#1289 = DIRECTION ( 'NONE',  ( -0.000000000000000000, 1.000000000000000000, -0.000000000000000000 ) ) ;
#1290 = ADVANCED_FACE ( 'NONE', ( #2738 ), #2268, .T. ) ;
#1291 = PLANE ( 'NONE',  #1469 ) ;
#1292 = ADVANCED_FACE ( 'NONE', ( #1051 ), #2547, .T. ) ;
#1293 = CARTESIAN_POINT ( 'NONE',  ( 1.399999999999999689, 6.500000000000000000, 0.000000000000000000 ) ) ;
#1294 = ORIENTED_EDGE ( 'NONE', *, *, #2017, .F. ) ;
#1295 = ORIENTED_EDGE ( 'NONE', *, *, #58, .F. ) ;
#1296 = FACE_OUTER_BOUND ( 'NONE', #1891, .T. ) ;
#1297 = DIRECTION ( 'NONE',  ( 2.168404344971008252E-17, -1.000000000000000000, 0.000000000000000000 ) ) ;
#1298 = CARTESIAN_POINT ( 'NONE',  ( 0.000000000000000000, 0.02972972972972967240, -0.1783783783783780552 ) ) ;
#1299 = AXIS2_PLACEMENT_3D ( 'NONE', #1579, #1781, #2421 ) ;
#1300 = ORIENTED_EDGE ( 'NONE', *, *, #841, .T. ) ;
#1301 = ORIENTED_EDGE ( 'NONE', *, *, #2230, .F. ) ;
#1302 = CIRCLE ( 'NONE', #1251, 0.02000000000000005246 ) ;
#1303 = EDGE_CURVE ( 'NONE', #1971, #1326, #2314, .T. ) ;
#1304 = LINE ( 'NONE', #1700, #748 ) ;
#1305 = EDGE_CURVE ( 'NONE', #647, #1218, #1499, .T. ) ;
#1306 = DIRECTION ( 'NONE',  ( 1.000000000000000000, 0.000000000000000000, 0.000000000000000000 ) ) ;
#1307 = ORIENTED_EDGE ( 'NONE', *, *, #1820, .F. ) ;
#1308 = DIRECTION ( 'NONE',  ( 0.000000000000000000, -0.000000000000000000, 1.000000000000000000 ) ) ;
#1309 = VECTOR ( 'NONE', #1841, 1000.000000000000000 ) ;
#1310 = ORIENTED_EDGE ( 'NONE', *, *, #1028, .F. ) ;
#1311 = VECTOR ( 'NONE', #2365, 1000.000000000000000 ) ;
#1312 = DIRECTION ( 'NONE',  ( 0.000000000000000000, -0.6561787149247862994, 0.7546055221635049604 ) ) ;
#1313 = FACE_OUTER_BOUND ( 'NONE', #1385, .T. ) ;
#1314 = VECTOR ( 'NONE', #2461, 1000.000000000000000 ) ;
#1315 = VERTEX_POINT ( 'NONE', #840 ) ;
#1316 = ORIENTED_EDGE ( 'NONE', *, *, #2417, .F. ) ;
#1317 = DIRECTION ( 'NONE',  ( -1.000000000000000000, -0.000000000000000000, -0.000000000000000000 ) ) ;
#1318 = LINE ( 'NONE', #2358, #2376 ) ;
#1319 = VERTEX_POINT ( 'NONE', #1683 ) ;
#1320 = CARTESIAN_POINT ( 'NONE',  ( 1.399999999999999689, 9.768344573749498494, 5.530000000000000249 ) ) ;
#1321 = EDGE_CURVE ( 'NONE', #648, #2675, #1064, .T. ) ;
#1322 = ADVANCED_FACE ( 'NONE', ( #1364 ), #2654, .T. ) ;
#1323 = ORIENTED_EDGE ( 'NONE', *, *, #277, .F. ) ;
#1324 = DIRECTION ( 'NONE',  ( 0.000000000000000000, -0.1643989873053572914, -0.9863939238321437486 ) ) ;
#1325 = PLANE ( 'NONE',  #627 ) ;
#1326 = VERTEX_POINT ( 'NONE', #1106 ) ;
#1327 = EDGE_LOOP ( 'NONE', ( #1989, #221, #1208, #2020, #2215, #2545, #699, #1503, #1720, #862, #264, #22, #1449, #554 ) ) ;
#1328 = CARTESIAN_POINT ( 'NONE',  ( 1.379999999999999671, 12.46319082832452629, 4.442330547426799114 ) ) ;
#1329 = CARTESIAN_POINT ( 'NONE',  ( 1.380560112054757926, 6.500000000000000000, 0.7744648667341184067 ) ) ;
#1330 = CIRCLE ( 'NONE', #2075, 0.1299999999999998934 ) ;
#1331 = LINE ( 'NONE', #736, #994 ) ;
#1332 = ORIENTED_EDGE ( 'NONE', *, *, #799, .F. ) ;
#1333 = DIRECTION ( 'NONE',  ( 2.168404344971008252E-17, -1.000000000000000000, -0.000000000000000000 ) ) ;
#1334 = DIRECTION ( 'NONE',  ( -8.673617379884035472E-17, -0.000000000000000000, 1.000000000000000000 ) ) ;
#1335 = EDGE_CURVE ( 'NONE', #1099, #2367, #708, .T. ) ;
#1336 = AXIS2_PLACEMENT_3D ( 'NONE', #596, #609, #1404 ) ;
#1337 = PLANE ( 'NONE',  #2492 ) ;
#1338 = VERTEX_POINT ( 'NONE', #1156 ) ;
#1339 = VERTEX_POINT ( 'NONE', #299 ) ;
#1340 = DIRECTION ( 'NONE',  ( 0.000000000000000000, 1.000000000000000000, -0.000000000000000000 ) ) ;
#1341 = AXIS2_PLACEMENT_3D ( 'NONE', #1537, #1046, #478 ) ;
#1342 = LINE ( 'NONE', #1120, #1516 ) ;
#1343 = AXIS2_PLACEMENT_3D ( 'NONE', #1038, #2553, #1267 ) ;
#1344 = DIRECTION ( 'NONE',  ( 0.000000000000000000, 0.000000000000000000, -1.000000000000000000 ) ) ;
#1345 = EDGE_LOOP ( 'NONE', ( #283, #1286, #2094, #2552 ) ) ;
#1346 = CARTESIAN_POINT ( 'NONE',  ( 3.354592426478618439, 1.601480656498023070, -6.875287884091610735 ) ) ;
#1347 = LINE ( 'NONE', #2634, #1647 ) ;
#1348 = DIRECTION ( 'NONE',  ( 0.000000000000000000, 1.000000000000000000, 0.000000000000000000 ) ) ;
#1349 = CIRCLE ( 'NONE', #2666, 7.650000000000000355 ) ;
#1350 = VERTEX_POINT ( 'NONE', #2383 ) ;
#1351 = ORIENTED_EDGE ( 'NONE', *, *, #1544, .F. ) ;
#1352 = CARTESIAN_POINT ( 'NONE',  ( 1.379999999999999671, 12.46319082832452629, -4.442330547426800003 ) ) ;
#1353 = AXIS2_PLACEMENT_3D ( 'NONE', #2695, #2683, #1455 ) ;
#1354 = DIRECTION ( 'NONE',  ( 0.000000000000000000, 0.000000000000000000, -1.000000000000000000 ) ) ;
#1355 = LINE ( 'NONE', #532, #108 ) ;
#1356 = ORIENTED_EDGE ( 'NONE', *, *, #384, .F. ) ;
#1357 = CARTESIAN_POINT ( 'NONE',  ( 1.399999999999999689, 12.37137186834969604, 1.898837853159276889 ) ) ;
#1358 = DIRECTION ( 'NONE',  ( -1.000000000000000000, -2.168404344971008252E-17, 8.673617379884035472E-17 ) ) ;
#1359 = EDGE_CURVE ( 'NONE', #673, #2255, #1992, .T. ) ;
#1360 = CARTESIAN_POINT ( 'NONE',  ( -1.380000000000000115, 8.631655426250501861, -4.400000000000000355 ) ) ;
#1361 = ORIENTED_EDGE ( 'NONE', *, *, #650, .F. ) ;
#1362 = ORIENTED_EDGE ( 'NONE', *, *, #2611, .T. ) ;
#1363 = DIRECTION ( 'NONE',  ( 0.000000000000000000, 0.000000000000000000, -1.000000000000000000 ) ) ;
#1364 = FACE_OUTER_BOUND ( 'NONE', #783, .T. ) ;
#1365 = EDGE_CURVE ( 'NONE', #1748, #2308, #174, .T. ) ;
#1366 = AXIS2_PLACEMENT_3D ( 'NONE', #2233, #793, #2435 ) ;
#1367 = DIRECTION ( 'NONE',  ( -1.000000000000000000, -0.000000000000000000, -0.000000000000000000 ) ) ;
#1368 = AXIS2_PLACEMENT_3D ( 'NONE', #1642, #1243, #1436 ) ;
#1369 = ORIENTED_EDGE ( 'NONE', *, *, #232, .F. ) ;
#1370 = DIRECTION ( 'NONE',  ( -1.000000000000000000, 0.000000000000000000, 0.000000000000000000 ) ) ;
#1371 = CARTESIAN_POINT ( 'NONE',  ( 1.379999999999999671, 12.48000000000000220, -2.027069063257456172 ) ) ;
#1372 = DIRECTION ( 'NONE',  ( 1.000000000000000000, -0.000000000000000000, 0.000000000000000000 ) ) ;
#1373 = VERTEX_POINT ( 'NONE', #1745 ) ;
#1374 = ORIENTED_EDGE ( 'NONE', *, *, #561, .F. ) ;
#1375 = DIRECTION ( 'NONE',  ( 0.000000000000000000, 0.000000000000000000, -1.000000000000000000 ) ) ;
#1376 = AXIS2_PLACEMENT_3D ( 'NONE', #399, #1244, #2726 ) ;
#1377 = B_SPLINE_CURVE_WITH_KNOTS ( 'NONE', 3,
 ( #1749, #317, #913, #1582, #1164, #1346, #261, #700, #2194, #2205 ),
 .UNSPECIFIED., .F., .F.,
 ( 4, 2, 2, 2, 4 ),
 ( 0.000000000000000000, 0.0002774483335560877159, 0.0004161725003341309233, 0.0004855345837231522560, 0.0005548966671121735887 ),
 .UNSPECIFIED. ) ;
#1378 = AXIS2_PLACEMENT_3D ( 'NONE', #2607, #953, #280 ) ;
#1379 = EDGE_CURVE ( 'NONE', #731, #85, #2359, .T. ) ;
#1380 = FACE_OUTER_BOUND ( 'NONE', #296, .T. ) ;
#1381 = CIRCLE ( 'NONE', #2443, 0.1299999999999998934 ) ;
#1382 = VERTEX_POINT ( 'NONE', #1793 ) ;
#1383 = AXIS2_PLACEMENT_3D ( 'NONE', #1959, #727, #1998 ) ;
#1384 = DIRECTION ( 'NONE',  ( 0.000000000000000000, -0.6561787149247869655, 0.7546055221635044052 ) ) ;
#1385 = EDGE_LOOP ( 'NONE', ( #1178, #928, #1597, #2555 ) ) ;
#1386 = DIRECTION ( 'NONE',  ( 0.000000000000000000, -1.000000000000000000, 0.000000000000000000 ) ) ;
#1387 = VERTEX_POINT ( 'NONE', #87 ) ;
#1388 = ORIENTED_EDGE ( 'NONE', *, *, #869, .T. ) ;
#1389 = CLOSED_SHELL ( 'NONE', ( #1622, #1874, #1835, #1727, #106, #2029, #2336, #1810, #1613, #1005, #2425, #618, #73, #2479, #2472, #507, #2603, #173, #637, #2389, #1905, #2114, #1603, #2028, #921, #812, #2189, #910, #2517, #1914, #1995, #1423, #1292, #26, #1984, #1241, #2356, #1034, #1546, #651, #1494, #2164, #141, #2008, #1123, #2664, #1199, #2590, #471, #2068, #2187, #357, #223, #714, #2598, #495, #716, #1888, #1042, #91, #702, #1175, #2682, #1263, #2216, #2201, #1452, #1413, #544, #426, #1898, #1983, #759, #548, #992, #885, #2111, #205, #2234, #1322, #629, #1290, #1224, #425, #1946, #687, #746, #2591, #1654, #2363, #2720, #2087 ) ) ;
#1390 = CARTESIAN_POINT ( 'NONE',  ( -1.399999999999999689, 6.500000000000000000, 0.8398232385305505199 ) ) ;
#1391 = TOROIDAL_SURFACE ( 'NONE', #1170, 0.1299999999999999767, 0.02000000000000000042 ) ;
#1392 = EDGE_CURVE ( 'NONE', #731, #110, #688, .T. ) ;
#1393 = AXIS2_PLACEMENT_3D ( 'NONE', #2740, #2139, #828 ) ;
#1394 = CARTESIAN_POINT ( 'NONE',  ( -1.390180519077591548, 6.500000000000000000, -4.521998694580438460 ) ) ;
#1395 = ORIENTED_EDGE ( 'NONE', *, *, #2160, .T. ) ;
#1396 = CARTESIAN_POINT ( 'NONE',  ( -1.380000000000000115, 6.649999999999999467, -4.549999999999999822 ) ) ;
#1397 = DIRECTION ( 'NONE',  ( 0.000000000000000000, 0.6561787149247862994, -0.7546055221635049604 ) ) ;
#1398 = DIRECTION ( 'NONE',  ( 1.000000000000000000, 0.000000000000000000, 0.000000000000000000 ) ) ;
#1399 = EDGE_CURVE ( 'NONE', #2051, #2367, #1342, .T. ) ;
#1400 = EDGE_CURVE ( 'NONE', #705, #2600, #671, .T. ) ;
#1401 = ORIENTED_EDGE ( 'NONE', *, *, #2016, .F. ) ;
#1402 = VERTEX_POINT ( 'NONE', #2190 ) ;
#1403 = CARTESIAN_POINT ( 'NONE',  ( -1.379999999999999893, 12.37465984809580277, -1.879109974682634077 ) ) ;
#1404 = DIRECTION ( 'NONE',  ( 0.000000000000000000, 0.000000000000000000, -1.000000000000000000 ) ) ;
#1405 = DIRECTION ( 'NONE',  ( 1.000000000000000000, 0.000000000000000000, 0.000000000000000000 ) ) ;
#1406 = CARTESIAN_POINT ( 'NONE',  ( -1.380000000000000115, 6.500000000000000000, -4.549999999999999822 ) ) ;
#1407 = DIRECTION ( 'NONE',  ( 0.000000000000000000, 0.7546055221635206145, 0.6561787149247685358 ) ) ;
#1408 = DIRECTION ( 'NONE',  ( 0.000000000000000000, 0.000000000000000000, 1.000000000000000000 ) ) ;
#1409 = CARTESIAN_POINT ( 'NONE',  ( -1.380000000000000115, 11.52975414413175947, 5.485303232940222706 ) ) ;
#1410 = VECTOR ( 'NONE', #128, 1000.000000000000000 ) ;
#1411 = DIRECTION ( 'NONE',  ( 1.000000000000000000, 2.168404344971008252E-17, 8.673617379884035472E-17 ) ) ;
#1412 = EDGE_CURVE ( 'NONE', #181, #1624, #51, .T. ) ;
#1413 = ADVANCED_FACE ( 'NONE', ( #287 ), #310, .T. ) ;
#1414 = VERTEX_POINT ( 'NONE', #697 ) ;
#1415 = EDGE_LOOP ( 'NONE', ( #2322, #1518, #966, #2391 ) ) ;
#1416 = CARTESIAN_POINT ( 'NONE',  ( -1.390180519077590882, 6.500000000000000000, 0.8009322421621057897 ) ) ;
#1417 = DIRECTION ( 'NONE',  ( 1.000000000000000000, 0.000000000000000000, 0.000000000000000000 ) ) ;
#1418 = CARTESIAN_POINT ( 'NONE',  ( -1.379999999999999671, 6.625340151904196340, 0.9208900253173660788 ) ) ;
#1419 = AXIS2_PLACEMENT_3D ( 'NONE', #365, #2096, #1044 ) ;
#1420 = DIRECTION ( 'NONE',  ( 0.000000000000000000, 0.000000000000000000, -1.000000000000000000 ) ) ;
#1421 = LINE ( 'NONE', #1840, #2437 ) ;
#1422 = AXIS2_PLACEMENT_3D ( 'NONE', #1543, #1955, #1145 ) ;
#1423 = ADVANCED_FACE ( 'NONE', ( #509 ), #1555, .T. ) ;
#1424 = DIRECTION ( 'NONE',  ( 0.000000000000000000, 0.000000000000000000, -1.000000000000000000 ) ) ;
#1425 = CYLINDRICAL_SURFACE ( 'NONE', #1285, 0.01999999999999999001 ) ;
#1426 = AXIS2_PLACEMENT_3D ( 'NONE', #1165, #1809, #331 ) ;
#1427 = EDGE_CURVE ( 'NONE', #489, #239, #2394, .T. ) ;
#1428 = VECTOR ( 'NONE', #1372, 1000.000000000000000 ) ;
#1429 = CARTESIAN_POINT ( 'NONE',  ( -1.380000000000000115, 6.500000000000000000, 4.549999999999999822 ) ) ;
#1430 = EDGE_LOOP ( 'NONE', ( #2571, #260, #1939, #2699 ) ) ;
#1431 = EDGE_LOOP ( 'NONE', ( #1540, #1575, #1266, #1837 ) ) ;
#1432 = CYLINDRICAL_SURFACE ( 'NONE', #2240, 0.02000000000000053471 ) ;
#1433 = DIRECTION ( 'NONE',  ( 0.000000000000000000, 0.9863939238321415282, 0.1643989873053704753 ) ) ;
#1434 = LINE ( 'NONE', #1655, #1952 ) ;
#1435 = ORIENTED_EDGE ( 'NONE', *, *, #1495, .F. ) ;
#1436 = DIRECTION ( 'NONE',  ( 0.000000000000000000, 0.000000000000000000, -1.000000000000000000 ) ) ;
#1437 = AXIS2_PLACEMENT_3D ( 'NONE', #2459, #562, #1407 ) ;
#1438 = EDGE_CURVE ( 'NONE', #705, #1858, #801, .T. ) ;
#1439 = DIRECTION ( 'NONE',  ( 0.000000000000000000, -1.000000000000000000, -0.000000000000000000 ) ) ;
#1440 = AXIS2_PLACEMENT_3D ( 'NONE', #1637, #2265, #364 ) ;
#1441 = CARTESIAN_POINT ( 'NONE',  ( 0.000000000000000000, 9.296555435952635449, -8.083961248654471632 ) ) ;
#1442 = AXIS2_PLACEMENT_3D ( 'NONE', #1673, #2536, #2319 ) ;
#1443 = CYLINDRICAL_SURFACE ( 'NONE', #1091, 0.02000000000000005246 ) ;
#1444 = ORIENTED_EDGE ( 'NONE', *, *, #312, .F. ) ;
#1445 = VERTEX_POINT ( 'NONE', #1757 ) ;
#1446 = DIRECTION ( 'NONE',  ( 0.000000000000000000, 0.000000000000000000, -1.000000000000000000 ) ) ;
#1447 = FACE_OUTER_BOUND ( 'NONE', #1060, .T. ) ;
#1448 = DIRECTION ( 'NONE',  ( 0.000000000000000000, 0.000000000000000000, -1.000000000000000000 ) ) ;
#1449 = ORIENTED_EDGE ( 'NONE', *, *, #1096, .T. ) ;
#1450 = DIRECTION ( 'NONE',  ( 1.000000000000000000, -0.000000000000000000, 0.000000000000000000 ) ) ;
#1451 = DIRECTION ( 'NONE',  ( -1.000000000000000000, -2.168404344971008252E-17, 8.673617379884035472E-17 ) ) ;
#1452 = ADVANCED_FACE ( 'NONE', ( #2602 ), #710, .T. ) ;
#1453 = DIRECTION ( 'NONE',  ( 0.000000000000000000, 0.9863939238321437486, -0.1643989873053572637 ) ) ;
#1454 = CARTESIAN_POINT ( 'NONE',  ( -1.379999999999999671, 6.500000000000000000, -0.7729309367425445387 ) ) ;
#1455 = DIRECTION ( 'NONE',  ( 1.000000000000000000, 0.000000000000000000, 0.000000000000000000 ) ) ;
#1456 = EDGE_LOOP ( 'NONE', ( #1966, #230, #237, #555 ) ) ;
#1457 = PLANE ( 'NONE',  #2226 ) ;
#1458 = VERTEX_POINT ( 'NONE', #2227 ) ;
#1459 = AXIS2_PLACEMENT_3D ( 'NONE', #214, #1913, #1063 ) ;
#1460 = DIRECTION ( 'NONE',  ( 1.000000000000000000, 0.000000000000000000, 0.000000000000000000 ) ) ;
#1461 = CARTESIAN_POINT ( 'NONE',  ( -1.397319086605161909, 6.500000000000000000, 4.496202024374977846 ) ) ;
#1462 = DIRECTION ( 'NONE',  ( 0.000000000000000000, 0.000000000000000000, 1.000000000000000000 ) ) ;
#1463 = VERTEX_POINT ( 'NONE', #531 ) ;
#1464 = DIRECTION ( 'NONE',  ( 0.000000000000000000, 0.1643989873053274264, -0.9863939238321487446 ) ) ;
#1465 = DIRECTION ( 'NONE',  ( 0.000000000000000000, 0.000000000000000000, -1.000000000000000000 ) ) ;
#1466 = AXIS2_PLACEMENT_3D ( 'NONE', #1259, #1031, #823 ) ;
#1467 = DIRECTION ( 'NONE',  ( -8.673617379884035472E-17, -1.880790961315659329E-33, -1.000000000000000000 ) ) ;
#1468 = DIRECTION ( 'NONE',  ( 0.000000000000000000, 1.000000000000000000, -0.000000000000000000 ) ) ;
#1469 = AXIS2_PLACEMENT_3D ( 'NONE', #856, #1094, #615 ) ;
#1470 = ORIENTED_EDGE ( 'NONE', *, *, #2496, .F. ) ;
#1471 = AXIS2_PLACEMENT_3D ( 'NONE', #893, #1135, #1766 ) ;
#1472 = DIRECTION ( 'NONE',  ( 2.168404344971008252E-17, -1.000000000000000000, 0.000000000000000000 ) ) ;
#1473 = ORIENTED_EDGE ( 'NONE', *, *, #505, .F. ) ;
#1474 = CARTESIAN_POINT ( 'NONE',  ( 1.379999999999999671, 11.43165542625050612, -5.530000000000000249 ) ) ;
#1475 =( NAMED_UNIT ( * ) SI_UNIT ( $, .STERADIAN. ) SOLID_ANGLE_UNIT ( ) );
#1476 = DIRECTION ( 'NONE',  ( -1.000000000000000000, -0.000000000000000000, -0.000000000000000000 ) ) ;
#1477 = VERTEX_POINT ( 'NONE', #1974 ) ;
#1478 = ORIENTED_EDGE ( 'NONE', *, *, #2321, .F. ) ;
#1479 = DIRECTION ( 'NONE',  ( -1.000000000000000000, -0.000000000000000000, -0.000000000000000000 ) ) ;
#1480 = CARTESIAN_POINT ( 'NONE',  ( 0.000000000000000000, 9.296555435952635449, 8.083961248654471632 ) ) ;
#1481 = DIRECTION ( 'NONE',  ( 0.000000000000000000, -1.000000000000000000, 0.000000000000000000 ) ) ;
#1482 = EDGE_CURVE ( 'NONE', #449, #1326, #487, .T. ) ;
#1483 = CARTESIAN_POINT ( 'NONE',  ( -1.399999999999999911, 12.48000000000000220, 2.027069063257455728 ) ) ;
#1484 = CARTESIAN_POINT ( 'NONE',  ( 1.380839982702822599, 6.500000000000000000, -0.7752318993870118691 ) ) ;
#1485 = AXIS2_PLACEMENT_3D ( 'NONE', #225, #1924, #1283 ) ;
#1486 = ORIENTED_EDGE ( 'NONE', *, *, #520, .F. ) ;
#1487 = DIRECTION ( 'NONE',  ( 1.000000000000000000, 2.168404344971005170E-17, 0.000000000000000000 ) ) ;
#1488 = MANIFOLD_SOLID_BREP ( 'Fillet3', #1389 ) ;
#1489 = CIRCLE ( 'NONE', #1661, 0.1299999999999998934 ) ;
#1490 = ORIENTED_EDGE ( 'NONE', *, *, #782, .F. ) ;
#1491 = CARTESIAN_POINT ( 'NONE',  ( 1.399999999999999689, 9.670245855868246920, -5.485303232940223594 ) ) ;
#1492 = SHAPE_DEFINITION_REPRESENTATION ( #1086, #34 ) ;
#1493 = CARTESIAN_POINT ( 'NONE',  ( 1.379999999999999671, 12.46319082832452629, 4.442330547426800003 ) ) ;
#1494 = ADVANCED_FACE ( 'NONE', ( #1176 ), #1870, .T. ) ;
#1495 = EDGE_CURVE ( 'NONE', #2209, #2419, #715, .T. ) ;
#1496 = ORIENTED_EDGE ( 'NONE', *, *, #2105, .F. ) ;
#1497 = ORIENTED_EDGE ( 'NONE', *, *, #639, .T. ) ;
#1498 = CARTESIAN_POINT ( 'NONE',  ( 3.405877273185284881, 1.499999999999999556, -6.849999999999998757 ) ) ;
#1499 = LINE ( 'NONE', #1930, #1113 ) ;
#1500 = DIRECTION ( 'NONE',  ( -1.000000000000000000, -0.000000000000000000, -0.000000000000000000 ) ) ;
#1501 = VERTEX_POINT ( 'NONE', #2013 ) ;
#1502 = CARTESIAN_POINT ( 'NONE',  ( 1.379999999999999671, 12.37465984809580277, -1.879109974682634077 ) ) ;
#1503 = ORIENTED_EDGE ( 'NONE', *, *, #561, .T. ) ;
#1504 = EDGE_CURVE ( 'NONE', #537, #1524, #11, .T. ) ;
#1505 = DIRECTION ( 'NONE',  ( -1.000000000000000000, 0.000000000000000000, 0.000000000000000000 ) ) ;
#1506 = LINE ( 'NONE', #1111, #2617 ) ;
#1507 = CARTESIAN_POINT ( 'NONE',  ( 1.399999999999999689, 6.500000000000000000, -4.400000000000000355 ) ) ;
#1508 = EDGE_CURVE ( 'NONE', #737, #21, #1786, .T. ) ;
#1509 = VECTOR ( 'NONE', #157, 1000.000000000000114 ) ;
#1510 = ORIENTED_EDGE ( 'NONE', *, *, #1707, .F. ) ;
#1511 = PRODUCT ( 'Snap Fit Male', 'Snap Fit Male', '', ( #1101 ) ) ;
#1512 = FACE_OUTER_BOUND ( 'NONE', #1167, .T. ) ;
#1513 = ORIENTED_EDGE ( 'NONE', *, *, #1915, .F. ) ;
#1514 = VECTOR ( 'NONE', #849, 1000.000000000000000 ) ;
#1515 = DIRECTION ( 'NONE',  ( 0.000000000000000000, 0.000000000000000000, 1.000000000000000000 ) ) ;
#1516 = VECTOR ( 'NONE', #1317, 1000.000000000000000 ) ;
#1517 = EDGE_CURVE ( 'NONE', #844, #2004, #1821, .T. ) ;
#1518 = ORIENTED_EDGE ( 'NONE', *, *, #217, .T. ) ;
#1519 = VECTOR ( 'NONE', #100, 1000.000000000000000 ) ;
#1520 = DIRECTION ( 'NONE',  ( 1.000000000000000000, 0.000000000000000000, 0.000000000000000000 ) ) ;
#1521 = DIRECTION ( 'NONE',  ( 0.000000000000000000, 0.000000000000000000, 1.000000000000000000 ) ) ;
#1522 = DIRECTION ( 'NONE',  ( 0.000000000000000000, -0.1643989873053572637, 0.9863939238321437486 ) ) ;
#1523 =( GEOMETRIC_REPRESENTATION_CONTEXT ( 3 ) GLOBAL_UNCERTAINTY_ASSIGNED_CONTEXT ( ( #2586 ) ) GLOBAL_UNIT_ASSIGNED_CONTEXT ( ( #1999, #1772, #728 ) ) REPRESENTATION_CONTEXT ( 'NONE', 'WORKASPACE' ) );
#1524 = VERTEX_POINT ( 'NONE', #2401 ) ;
#1525 = ORIENTED_EDGE ( 'NONE', *, *, #1508, .F. ) ;
#1526 = CIRCLE ( 'NONE', #1343, 0.02000000000000005246 ) ;
#1527 = DIRECTION ( 'NONE',  ( 0.000000000000000000, 0.000000000000000000, -1.000000000000000000 ) ) ;
#1528 = EDGE_CURVE ( 'NONE', #802, #566, #234, .T. ) ;
#1529 = EDGE_CURVE ( 'NONE', #2159, #1714, #1150, .T. ) ;
#1530 = DIRECTION ( 'NONE',  ( 1.000000000000000000, 2.168404344971008252E-17, 8.673617379884035472E-17 ) ) ;
#1531 = ORIENTED_EDGE ( 'NONE', *, *, #1116, .T. ) ;
#1532 = CARTESIAN_POINT ( 'NONE',  ( 1.379999999999999671, 0.000000000000000000, 5.549999999999999822 ) ) ;
#1533 = CIRCLE ( 'NONE', #2327, 0.02000000000000005246 ) ;
#1534 = ORIENTED_EDGE ( 'NONE', *, *, #1508, .T. ) ;
#1535 = AXIS2_PLACEMENT_3D ( 'NONE', #595, #166, #1815 ) ;
#1536 = CARTESIAN_POINT ( 'NONE',  ( 1.379999999999999671, 6.649999999999999467, -4.549999999999999822 ) ) ;
#1537 = CARTESIAN_POINT ( 'NONE',  ( 1.379999999999999671, 0.02644174998362252768, -0.1586504999017351591 ) ) ;
#1538 = EDGE_CURVE ( 'NONE', #566, #30, #501, .T. ) ;
#1539 = AXIS2_PLACEMENT_3D ( 'NONE', #2476, #387, #1217 ) ;
#1540 = ORIENTED_EDGE ( 'NONE', *, *, #2175, .T. ) ;
#1541 = EDGE_LOOP ( 'NONE', ( #1395, #1764, #1510, #690, #983, #2637, #244, #1830, #206, #5, #347, #2743, #27, #1880 ) ) ;
#1542 = DIRECTION ( 'NONE',  ( 1.000000000000000000, 2.168404344971008252E-17, 8.673617379884035472E-17 ) ) ;
#1543 = CARTESIAN_POINT ( 'NONE',  ( -1.379999999999999671, 6.649999999999999467, 0.7729309367425446498 ) ) ;
#1544 = EDGE_CURVE ( 'NONE', #832, #74, #1347, .T. ) ;
#1545 = EDGE_CURVE ( 'NONE', #1373, #449, #935, .T. ) ;
#1546 = ADVANCED_FACE ( 'NONE', ( #81 ), #1119, .T. ) ;
#1547 = DIRECTION ( 'NONE',  ( -0.000000000000000000, -1.000000000000000000, -0.000000000000000000 ) ) ;
#1548 = ORIENTED_EDGE ( 'NONE', *, *, #2116, .T. ) ;
#1549 = DIRECTION ( 'NONE',  ( -5.122298795473439605E-17, -0.6561787149247869655, 0.7546055221635044052 ) ) ;
#1550 = CARTESIAN_POINT ( 'NONE',  ( -1.379999999999999671, 12.50000000000000000, -1.196959198423996649E-16 ) ) ;
#1551 = CARTESIAN_POINT ( 'NONE',  ( 2.969848480983500405, 1.499999999999999556, 7.049999999999999822 ) ) ;
#1552 = VERTEX_POINT ( 'NONE', #2621 ) ;
#1553 = VERTEX_POINT ( 'NONE', #1570 ) ;
#1554 = DIRECTION ( 'NONE',  ( 0.000000000000000000, 0.000000000000000000, -1.000000000000000000 ) ) ;
#1555 = CYLINDRICAL_SURFACE ( 'NONE', #2044, 0.1499999999999999667 ) ;
#1556 = ORIENTED_EDGE ( 'NONE', *, *, #232, .T. ) ;
#1557 = CARTESIAN_POINT ( 'NONE',  ( -1.379999999999999893, 12.34999999999999964, -2.027069063257456172 ) ) ;
#1558 = DIRECTION ( 'NONE',  ( -0.000000000000000000, 1.000000000000000000, -0.000000000000000000 ) ) ;
#1559 = VECTOR ( 'NONE', #900, 1000.000000000000114 ) ;
#1560 = CARTESIAN_POINT ( 'NONE',  ( 9.368548013477250272E-16, 0.000000000000000000, 7.650000000000000355 ) ) ;
#1561 = EDGE_LOOP ( 'NONE', ( #777, #1979, #282, #1872 ) ) ;
#1562 = ORIENTED_EDGE ( 'NONE', *, *, #1573, .T. ) ;
#1563 = CARTESIAN_POINT ( 'NONE',  ( 0.000000000000000000, 8.744846254575030287, 4.451573192761281383 ) ) ;
#1564 = VECTOR ( 'NONE', #2026, 1000.000000000000000 ) ;
#1565 = CARTESIAN_POINT ( 'NONE',  ( 1.385521695682327525, 6.500000000000000000, 0.7880629224027729807 ) ) ;
#1566 = CIRCLE ( 'NONE', #1650, 0.1499999999999999667 ) ;
#1567 = CARTESIAN_POINT ( 'NONE',  ( -2.969848480983505290, 1.499999999999999556, -7.049999999999998046 ) ) ;
#1568 = EDGE_LOOP ( 'NONE', ( #2572, #2657, #1082, #1220 ) ) ;
#1569 = FACE_OUTER_BOUND ( 'NONE', #1652, .T. ) ;
#1570 = CARTESIAN_POINT ( 'NONE',  ( 1.399999999999999689, 6.649999999999999467, -4.379999999999999893 ) ) ;
#1571 = DIRECTION ( 'NONE',  ( -2.168404344971008252E-17, 1.000000000000000000, 0.000000000000000000 ) ) ;
#1572 = CIRCLE ( 'NONE', #682, 0.1299999999999998934 ) ;
#1573 = EDGE_CURVE ( 'NONE', #2367, #2576, #692, .T. ) ;
#1574 = VECTOR ( 'NONE', #2716, 1000.000000000000000 ) ;
#1575 = ORIENTED_EDGE ( 'NONE', *, *, #376, .F. ) ;
#1576 = VERTEX_POINT ( 'NONE', #626 ) ;
#1577 = LINE ( 'NONE', #2420, #1702 ) ;
#1578 = VECTOR ( 'NONE', #795, 1000.000000000000000 ) ;
#1579 = CARTESIAN_POINT ( 'NONE',  ( -1.380000000000000115, 6.649999999999999467, 4.379999999999999893 ) ) ;
#1580 = DIRECTION ( 'NONE',  ( 1.000000000000000000, -0.000000000000000000, 0.000000000000000000 ) ) ;
#1581 = ORIENTED_EDGE ( 'NONE', *, *, #520, .T. ) ;
#1582 = CARTESIAN_POINT ( 'NONE',  ( 3.262446522120524772, 1.546643593403177031, -6.919607353035441832 ) ) ;
#1583 = CARTESIAN_POINT ( 'NONE',  ( -1.380000000000000115, 11.43165542625050612, -5.549999999999999822 ) ) ;
#1584 = EDGE_CURVE ( 'NONE', #657, #198, #2141, .T. ) ;
#1585 = ORIENTED_EDGE ( 'NONE', *, *, #2073, .T. ) ;
#1586 = ORIENTED_EDGE ( 'NONE', *, *, #899, .F. ) ;
#1587 = CARTESIAN_POINT ( 'NONE',  ( 1.379999999999999671, 6.649999999999999467, 4.400000000000000355 ) ) ;
#1588 = DIRECTION ( 'NONE',  ( 8.673617379884035472E-17, 1.880790961315659329E-33, -1.000000000000000000 ) ) ;
#1589 = LINE ( 'NONE', #896, #950 ) ;
#1590 = VECTOR ( 'NONE', #738, 1000.000000000000114 ) ;
#1591 = VERTEX_POINT ( 'NONE', #645 ) ;
#1592 = DIRECTION ( 'NONE',  ( 0.000000000000000000, 0.7546055221634990762, -0.6561787149247930717 ) ) ;
#1593 = DIRECTION ( 'NONE',  ( 3.564834783817703950E-17, -0.9863939238321437486, 0.1643989873053572637 ) ) ;
#1594 = CARTESIAN_POINT ( 'NONE',  ( 3.405877273185280885, 1.699999999999999734, 6.850000000000000533 ) ) ;
#1595 = EDGE_CURVE ( 'NONE', #2576, #737, #2361, .T. ) ;
#1596 = ORIENTED_EDGE ( 'NONE', *, *, #1359, .F. ) ;
#1597 = ORIENTED_EDGE ( 'NONE', *, *, #1231, .F. ) ;
#1598 = DIRECTION ( 'NONE',  ( 0.000000000000000000, 0.000000000000000000, 1.000000000000000000 ) ) ;
#1599 = VECTOR ( 'NONE', #1439, 1000.000000000000000 ) ;
#1600 = CARTESIAN_POINT ( 'NONE',  ( -1.379999999999999893, 6.649999999999999467, -4.379999999999999893 ) ) ;
#1601 = AXIS2_PLACEMENT_3D ( 'NONE', #266, #57, #740 ) ;
#1602 = ORIENTED_EDGE ( 'NONE', *, *, #2175, .F. ) ;
#1603 = ADVANCED_FACE ( 'NONE', ( #1713 ), #33, .F. ) ;
#1604 = EDGE_CURVE ( 'NONE', #336, #2209, #986, .T. ) ;
#1605 = AXIS2_PLACEMENT_3D ( 'NONE', #2595, #104, #678 ) ;
#1606 = CARTESIAN_POINT ( 'NONE',  ( -1.379999999999999449, 0.02644174998362247911, -0.1586504999017351591 ) ) ;
#1607 = CYLINDRICAL_SURFACE ( 'NONE', #947, 0.01999999999999999001 ) ;
#1608 = FACE_OUTER_BOUND ( 'NONE', #1625, .T. ) ;
#1609 = ORIENTED_EDGE ( 'NONE', *, *, #1028, .T. ) ;
#1610 = ORIENTED_EDGE ( 'NONE', *, *, #125, .F. ) ;
#1611 = CIRCLE ( 'NONE', #508, 0.01999999999999996225 ) ;
#1612 = DIRECTION ( 'NONE',  ( 0.000000000000000000, 0.000000000000000000, -1.000000000000000000 ) ) ;
#1613 = ADVANCED_FACE ( 'NONE', ( #1909 ), #888, .F. ) ;
#1614 = LINE ( 'NONE', #394, #785 ) ;
#1615 = TOROIDAL_SURFACE ( 'NONE', #2668, 0.1699999999999999845, 0.02000000000000000042 ) ;
#1616 = TOROIDAL_SURFACE ( 'NONE', #427, 0.1299999999999999767, 0.02000000000000000042 ) ;
#1617 = DIRECTION ( 'NONE',  ( -7.968020348514244863E-17, 0.6561787149247862994, 0.7546055221635049604 ) ) ;
#1618 = AXIS2_PLACEMENT_3D ( 'NONE', #1783, #911, #949 ) ;
#1619 = EDGE_CURVE ( 'NONE', #239, #224, #973, .T. ) ;
#1620 = LINE ( 'NONE', #2024, #2587 ) ;
#1621 = CARTESIAN_POINT ( 'NONE',  ( 1.399999999999999467, 9.768344573749498494, 5.549999999999999822 ) ) ;
#1622 = ADVANCED_FACE ( 'NONE', ( #1680 ), #242, .T. ) ;
#1623 = FACE_OUTER_BOUND ( 'NONE', #1754, .T. ) ;
#1624 = VERTEX_POINT ( 'NONE', #1723 ) ;
#1625 = EDGE_LOOP ( 'NONE', ( #1076, #1232, #1910, #1586 ) ) ;
#1626 = CARTESIAN_POINT ( 'NONE',  ( -1.380000000000000115, 11.43165542625050612, -5.400000000000000355 ) ) ;
#1627 = CARTESIAN_POINT ( 'NONE',  ( 1.380279994234274277, 6.500000000000000000, -4.549233012451844083 ) ) ;
#1628 = DIRECTION ( 'NONE',  ( -1.000000000000000000, 0.000000000000000000, 0.000000000000000000 ) ) ;
#1629 = EDGE_LOOP ( 'NONE', ( #297, #1056, #890, #1124 ) ) ;
#1630 = DIRECTION ( 'NONE',  ( 1.000000000000000000, 0.000000000000000000, 0.000000000000000000 ) ) ;
#1631 = CARTESIAN_POINT ( 'NONE',  ( -1.380000000000000115, 12.46319082832452629, 4.442330547426800003 ) ) ;
#1632 = CARTESIAN_POINT ( 'NONE',  ( -1.400000000000000577, 11.54484625457503100, -5.498426807238717906 ) ) ;
#1633 = VECTOR ( 'NONE', #2025, 1000.000000000000000 ) ;
#1634 = DIRECTION ( 'NONE',  ( -2.168404344971008252E-17, 1.000000000000000000, 0.000000000000000000 ) ) ;
#1635 = ORIENTED_EDGE ( 'NONE', *, *, #774, .F. ) ;
#1636 = ORIENTED_EDGE ( 'NONE', *, *, #1773, .F. ) ;
#1637 = CARTESIAN_POINT ( 'NONE',  ( -1.380000000000000115, 12.34999999999999964, -4.343903740188082452 ) ) ;
#1638 = DIRECTION ( 'NONE',  ( 0.000000000000000000, 1.000000000000000000, 0.000000000000000000 ) ) ;
#1639 = VERTEX_POINT ( 'NONE', #1493 ) ;
#1640 = DIRECTION ( 'NONE',  ( 0.000000000000000000, -0.6561787149247864104, -0.7546055221635050714 ) ) ;
#1641 = CIRCLE ( 'NONE', #270, 0.01999999999999996225 ) ;
#1642 = CARTESIAN_POINT ( 'NONE',  ( -1.400000000000000133, 9.768344573749498494, 5.400000000000000355 ) ) ;
#1643 = DIRECTION ( 'NONE',  ( 3.564834783817703950E-17, -0.9863939238321437486, -0.1643989873053572637 ) ) ;
#1644 = AXIS2_PLACEMENT_3D ( 'NONE', #433, #1883, #2315 ) ;
#1645 = CARTESIAN_POINT ( 'NONE',  ( -1.380560112054757704, 6.500000000000000000, -0.7744648667341185178 ) ) ;
#1646 = CARTESIAN_POINT ( 'NONE',  ( -1.380000000000000115, 12.48000000000000220, -4.343903740188082452 ) ) ;
#1647 = VECTOR ( 'NONE', #117, 1000.000000000000000 ) ;
#1648 = CARTESIAN_POINT ( 'NONE',  ( -1.380000000000000115, 6.649999999999999467, 4.400000000000000355 ) ) ;
#1649 = ORIENTED_EDGE ( 'NONE', *, *, #2464, .T. ) ;
#1650 = AXIS2_PLACEMENT_3D ( 'NONE', #1811, #1844, #2684 ) ;
#1651 = CARTESIAN_POINT ( 'NONE',  ( 1.379999999999999671, 11.43165542625050612, -5.400000000000000355 ) ) ;
#1652 = EDGE_LOOP ( 'NONE', ( #2198, #308, #1602, #1920 ) ) ;
#1653 = CARTESIAN_POINT ( 'NONE',  ( -1.399999999999999911, 6.649999999999999467, 4.379999999999999893 ) ) ;
#1654 = ADVANCED_FACE ( 'NONE', ( #1313 ), #1090, .T. ) ;
#1655 = CARTESIAN_POINT ( 'NONE',  ( 1.399999999999999689, 0.000000000000000000, -5.530000000000000249 ) ) ;
#1656 = DIRECTION ( 'NONE',  ( 0.000000000000000000, 0.000000000000000000, -1.000000000000000000 ) ) ;
#1657 = AXIS2_PLACEMENT_3D ( 'NONE', #1791, #2639, #1598 ) ;
#1658 = DIRECTION ( 'NONE',  ( 1.000000000000000000, 0.000000000000000000, 0.000000000000000000 ) ) ;
#1659 = CIRCLE ( 'NONE', #469, 0.1499999999999999667 ) ;
#1660 = CARTESIAN_POINT ( 'NONE',  ( -1.379999999999999893, 8.744846254575030287, -4.451573192761281383 ) ) ;
#1661 = AXIS2_PLACEMENT_3D ( 'NONE', #858, #1306, #38 ) ;
#1662 = CARTESIAN_POINT ( 'NONE',  ( 1.400000000000000133, 11.54484625457503100, 5.498426807238718794 ) ) ;
#1663 = EDGE_LOOP ( 'NONE', ( #256, #2447, #2560, #1903 ) ) ;
#1664 = DIRECTION ( 'NONE',  ( 0.000000000000000000, 1.000000000000000000, 0.000000000000000000 ) ) ;
#1665 = ORIENTED_EDGE ( 'NONE', *, *, #831, .F. ) ;
#1666 = CARTESIAN_POINT ( 'NONE',  ( -1.399999999999999911, 6.649999999999999467, -4.549999999999999822 ) ) ;
#1667 = CARTESIAN_POINT ( 'NONE',  ( -1.390180519077591548, 6.500000000000000000, 4.521998694580438460 ) ) ;
#1668 = CARTESIAN_POINT ( 'NONE',  ( 1.399999999999999689, 12.48000000000000220, 4.343903740188081564 ) ) ;
#1669 = EDGE_LOOP ( 'NONE', ( #1470, #654, #628, #1725, #630, #1649, #2294, #541, #68, #2036, #1965, #1889, #730, #2470 ) ) ;
#1670 = ORIENTED_EDGE ( 'NONE', *, *, #916, .F. ) ;
#1671 = CARTESIAN_POINT ( 'NONE',  ( 1.379999999999999671, 12.37137186834969604, 1.898837853159276889 ) ) ;
#1672 = CARTESIAN_POINT ( 'NONE',  ( -1.400000000000000133, 8.631655426250503638, -4.549999999999998934 ) ) ;
#1673 = CARTESIAN_POINT ( 'NONE',  ( 0.000000000000000000, 2.775349838536065761, -2.413347685683533417 ) ) ;
#1674 = ORIENTED_EDGE ( 'NONE', *, *, #1740, .T. ) ;
#1675 = PLANE ( 'NONE',  #1824 ) ;
#1676 = ORIENTED_EDGE ( 'NONE', *, *, #1504, .T. ) ;
#1677 = VECTOR ( 'NONE', #2300, 1000.000000000000000 ) ;
#1678 = CYLINDRICAL_SURFACE ( 'NONE', #1836, 0.01999999999999992062 ) ;
#1679 = CARTESIAN_POINT ( 'NONE',  ( 0.000000000000000000, 8.631655426250503638, -4.549999999999998934 ) ) ;
#1680 = FACE_OUTER_BOUND ( 'NONE', #1092, .T. ) ;
#1681 = EDGE_CURVE ( 'NONE', #402, #267, #536, .T. ) ;
#1682 = ORIENTED_EDGE ( 'NONE', *, *, #1335, .F. ) ;
#1683 = CARTESIAN_POINT ( 'NONE',  ( 1.399999999999999689, 6.500000000000000000, 4.469999999999999751 ) ) ;
#1684 = VECTOR ( 'NONE', #1722, 1000.000000000000000 ) ;
#1685 = DIRECTION ( 'NONE',  ( 0.000000000000000000, -0.7546055221634990762, 0.6561787149247930717 ) ) ;
#1686 = CARTESIAN_POINT ( 'NONE',  ( 1.400000000000000133, 6.500000000000000000, -0.8529309367425446098 ) ) ;
#1687 = VECTOR ( 'NONE', #171, 1000.000000000000114 ) ;
#1688 = EDGE_CURVE ( 'NONE', #2675, #832, #2342, .T. ) ;
#1689 = ORIENTED_EDGE ( 'NONE', *, *, #1688, .T. ) ;
#1690 = CIRCLE ( 'NONE', #2577, 0.02000000000000005246 ) ;
#1691 = DIRECTION ( 'NONE',  ( 0.000000000000000000, -0.7546055221635206145, -0.6561787149247685358 ) ) ;
#1692 = CIRCLE ( 'NONE', #367, 0.1499999999999999667 ) ;
#1693 = ORIENTED_EDGE ( 'NONE', *, *, #2298, .F. ) ;
#1694 = CARTESIAN_POINT ( 'NONE',  ( -1.379999999999999449, 0.02972972972972962383, -0.1783783783783780552 ) ) ;
#1695 = ORIENTED_EDGE ( 'NONE', *, *, #2035, .T. ) ;
#1696 = EDGE_CURVE ( 'NONE', #1179, #1576, #457, .T. ) ;
#1697 = ORIENTED_EDGE ( 'NONE', *, *, #262, .F. ) ;
#1698 = DIRECTION ( 'NONE',  ( 0.000000000000000000, 0.000000000000000000, -1.000000000000000000 ) ) ;
#1699 = DIRECTION ( 'NONE',  ( -1.000000000000000000, -0.000000000000000000, -0.000000000000000000 ) ) ;
#1700 = CARTESIAN_POINT ( 'NONE',  ( 1.399999999999999689, 0.000000000000000000, -4.379999999999999893 ) ) ;
#1701 = FACE_OUTER_BOUND ( 'NONE', #1777, .T. ) ;
#1702 = VECTOR ( 'NONE', #2211, 1000.000000000000114 ) ;
#1703 = FACE_OUTER_BOUND ( 'NONE', #479, .T. ) ;
#1704 = AXIS2_PLACEMENT_3D ( 'NONE', #744, #2672, #757 ) ;
#1705 = EDGE_CURVE ( 'NONE', #1339, #1445, #2656, .T. ) ;
#1706 = EDGE_LOOP ( 'NONE', ( #6, #2157, #243, #1525 ) ) ;
#1707 = EDGE_CURVE ( 'NONE', #1928, #763, #866, .T. ) ;
#1708 = CARTESIAN_POINT ( 'NONE',  ( -1.400000000000000133, 11.43165542625050435, 5.549999999999999822 ) ) ;
#1709 = VECTOR ( 'NONE', #1580, 1000.000000000000000 ) ;
#1710 = VERTEX_POINT ( 'NONE', #452 ) ;
#1711 = DIRECTION ( 'NONE',  ( 0.000000000000000000, 1.000000000000000000, 0.000000000000000000 ) ) ;
#1712 = CARTESIAN_POINT ( 'NONE',  ( 1.379999999999999893, 9.655153745424975398, 5.498426807238718794 ) ) ;
#1713 = FACE_OUTER_BOUND ( 'NONE', #1860, .T. ) ;
#1714 = VERTEX_POINT ( 'NONE', #2169 ) ;
#1715 = ORIENTED_EDGE ( 'NONE', *, *, #1140, .F. ) ;
#1716 = EDGE_CURVE ( 'NONE', #2051, #1748, #2006, .T. ) ;
#1717 = CARTESIAN_POINT ( 'NONE',  ( -1.399999999999999911, 9.768344573749500270, -5.549999999999999822 ) ) ;
#1718 = ORIENTED_EDGE ( 'NONE', *, *, #1796, .F. ) ;
#1719 = DIRECTION ( 'NONE',  ( 0.000000000000000000, 0.7546055221635421528, -0.6561787149247437778 ) ) ;
#1720 = ORIENTED_EDGE ( 'NONE', *, *, #1929, .T. ) ;
#1721 = DIRECTION ( 'NONE',  ( 0.000000000000000000, -0.7546055221635005195, 0.6561787149247915174 ) ) ;
#1722 = DIRECTION ( 'NONE',  ( -0.000000000000000000, -1.000000000000000000, -0.000000000000000000 ) ) ;
#1723 = CARTESIAN_POINT ( 'NONE',  ( 1.399999999999999689, 6.649999999999999467, 4.379999999999999893 ) ) ;
#1724 = AXIS2_PLACEMENT_3D ( 'NONE', #1842, #1808, #1592 ) ;
#1725 = ORIENTED_EDGE ( 'NONE', *, *, #826, .T. ) ;
#1726 = ORIENTED_EDGE ( 'NONE', *, *, #1118, .T. ) ;
#1727 = ADVANCED_FACE ( 'NONE', ( #940 ), #1325, .T. ) ;
#1728 = EDGE_CURVE ( 'NONE', #36, #924, #2614, .T. ) ;
#1729 = DIRECTION ( 'NONE',  ( -3.564834783817980988E-15, -0.9863939238321415282, -0.1643989873053704753 ) ) ;
#1730 = CARTESIAN_POINT ( 'NONE',  ( 1.379999999999999671, 8.744846254575030287, -4.451573192761281383 ) ) ;
#1731 = EDGE_CURVE ( 'NONE', #2584, #1954, #1151, .T. ) ;
#1732 = ORIENTED_EDGE ( 'NONE', *, *, #263, .T. ) ;
#1733 = FACE_OUTER_BOUND ( 'NONE', #605, .T. ) ;
#1734 = AXIS2_PLACEMENT_3D ( 'NONE', #2473, #1194, #2446 ) ;
#1735 = ORIENTED_EDGE ( 'NONE', *, *, #1482, .F. ) ;
#1736 = MECHANICAL_DESIGN_GEOMETRIC_PRESENTATION_REPRESENTATION (  '', ( #851 ), #1523 ) ;
#1737 = DIRECTION ( 'NONE',  ( 1.000000000000000000, 2.168404344971005170E-17, 0.000000000000000000 ) ) ;
#1738 = CARTESIAN_POINT ( 'NONE',  ( 0.000000000000000000, 0.02972972972972967240, 0.1783783783783780552 ) ) ;
#1739 = VECTOR ( 'NONE', #2390, 1000.000000000000000 ) ;
#1740 = EDGE_CURVE ( 'NONE', #267, #30, #1690, .T. ) ;
#1741 = VERTEX_POINT ( 'NONE', #2623 ) ;
#1742 = ORIENTED_EDGE ( 'NONE', *, *, #1573, .F. ) ;
#1743 = EDGE_CURVE ( 'NONE', #1944, #1741, #1963, .T. ) ;
#1744 = AXIS2_PLACEMENT_3D ( 'NONE', #524, #2179, #475 ) ;
#1745 = CARTESIAN_POINT ( 'NONE',  ( -1.399999999999999911, 12.37137186834969604, -1.898837853159277334 ) ) ;
#1746 = DIRECTION ( 'NONE',  ( 1.000000000000000000, 2.168404344971008252E-17, 8.673617379884035472E-17 ) ) ;
#1747 = AXIS2_PLACEMENT_3D ( 'NONE', #827, #842, #574 ) ;
#1748 = VERTEX_POINT ( 'NONE', #502 ) ;
#1749 = CARTESIAN_POINT ( 'NONE',  ( 2.969848480983505290, 1.499999999999999556, -7.049999999999998046 ) ) ;
#1750 = AXIS2_PLACEMENT_3D ( 'NONE', #2144, #240, #31 ) ;
#1751 = CIRCLE ( 'NONE', #2635, 0.02000000000000005246 ) ;
#1752 = CARTESIAN_POINT ( 'NONE',  ( -1.379999999999999893, 12.48000000000000220, 2.027069063257455728 ) ) ;
#1753 = AXIS2_PLACEMENT_3D ( 'NONE', #101, #1547, #923 ) ;
#1754 = EDGE_LOOP ( 'NONE', ( #2562, #1596, #1161, #1478 ) ) ;
#1755 = ORIENTED_EDGE ( 'NONE', *, *, #1956, .T. ) ;
#1756 = CARTESIAN_POINT ( 'NONE',  ( -1.380000000000000115, 12.34999999999999964, 4.343903740188081564 ) ) ;
#1757 = CARTESIAN_POINT ( 'NONE',  ( 1.399999999999999689, 12.48000000000000043, 4.343903740188081564 ) ) ;
#1758 = DIRECTION ( 'NONE',  ( 0.000000000000000000, 0.000000000000000000, 1.000000000000000000 ) ) ;
#1759 = VERTEX_POINT ( 'NONE', #1560 ) ;
#1760 = DIRECTION ( 'NONE',  ( 8.673617379884035472E-17, 1.880790961315659671E-33, -1.000000000000000000 ) ) ;
#1761 = SURFACE_SIDE_STYLE ('',( #914 ) ) ;
#1762 = CARTESIAN_POINT ( 'NONE',  ( 1.379999999999999671, 6.649999999999999467, 0.7729309367425446498 ) ) ;
#1763 = ORIENTED_EDGE ( 'NONE', *, *, #1379, .F. ) ;
#1764 = ORIENTED_EDGE ( 'NONE', *, *, #1045, .T. ) ;
#1765 = DIRECTION ( 'NONE',  ( 1.000000000000000000, -0.000000000000000000, -0.000000000000000000 ) ) ;
#1766 = DIRECTION ( 'NONE',  ( -1.000000000000000000, 0.000000000000000000, -8.673617379884020681E-17 ) ) ;
#1767 = CIRCLE ( 'NONE', #1724, 0.02000000000000053471 ) ;
#1768 = CARTESIAN_POINT ( 'NONE',  ( 1.399999999999999689, 9.768344573749500270, -5.530000000000000249 ) ) ;
#1769 = ORIENTED_EDGE ( 'NONE', *, *, #839, .T. ) ;
#1770 = EDGE_CURVE ( 'NONE', #2712, #2224, #2221, .T. ) ;
#1771 = LINE ( 'NONE', #2619, #1105 ) ;
#1772 =( NAMED_UNIT ( * ) PLANE_ANGLE_UNIT ( ) SI_UNIT ( $, .RADIAN. ) );
#1773 = EDGE_CURVE ( 'NONE', #85, #485, #1381, .T. ) ;
#1774 = EDGE_CURVE ( 'NONE', #2110, #362, #295, .T. ) ;
#1775 = CIRCLE ( 'NONE', #314, 0.1299999999999998934 ) ;
#1776 = DIRECTION ( 'NONE',  ( -2.168404344971008252E-17, 1.000000000000000000, 0.000000000000000000 ) ) ;
#1777 = EDGE_LOOP ( 'NONE', ( #882, #695, #2135, #2696 ) ) ;
#1778 = ORIENTED_EDGE ( 'NONE', *, *, #656, .F. ) ;
#1779 = DIRECTION ( 'NONE',  ( 1.000000000000000000, 0.000000000000000000, 0.000000000000000000 ) ) ;
#1780 = VECTOR ( 'NONE', #1938, 1000.000000000000114 ) ;
#1781 = DIRECTION ( 'NONE',  ( 0.000000000000000000, -1.000000000000000000, 0.000000000000000000 ) ) ;
#1782 = VECTOR ( 'NONE', #1386, 1000.000000000000000 ) ;
#1783 = CARTESIAN_POINT ( 'NONE',  ( 1.379999999999999671, 8.759938365018300033, -4.438449618462786184 ) ) ;
#1784 = ORIENTED_EDGE ( 'NONE', *, *, #2400, .F. ) ;
#1785 = EDGE_CURVE ( 'NONE', #2487, #731, #2624, .T. ) ;
#1786 = LINE ( 'NONE', #1550, #2222 ) ;
#1787 = DIRECTION ( 'NONE',  ( 0.000000000000000000, 0.000000000000000000, 1.000000000000000000 ) ) ;
#1788 = AXIS2_PLACEMENT_3D ( 'NONE', #1672, #2060, #2508 ) ;
#1789 = ORIENTED_EDGE ( 'NONE', *, *, #650, .T. ) ;
#1790 = ORIENTED_EDGE ( 'NONE', *, *, #1517, .T. ) ;
#1791 = CARTESIAN_POINT ( 'NONE',  ( 0.000000000000000000, 6.500000000000000000, 0.000000000000000000 ) ) ;
#1792 = VECTOR ( 'NONE', #50, 1000.000000000000000 ) ;
#1793 = CARTESIAN_POINT ( 'NONE',  ( 1.399999999999999689, 11.52975414413175947, 5.485303232940221818 ) ) ;
#1794 = PLANE ( 'NONE',  #430 ) ;
#1795 = DIRECTION ( 'NONE',  ( 0.000000000000000000, 0.000000000000000000, 1.000000000000000000 ) ) ;
#1796 = EDGE_CURVE ( 'NONE', #1225, #1759, #1799, .T. ) ;
#1797 = FILL_AREA_STYLE ('',( #304 ) ) ;
#1798 = ORIENTED_EDGE ( 'NONE', *, *, #263, .F. ) ;
#1799 = LINE ( 'NONE', #2645, #1739 ) ;
#1800 = ORIENTED_EDGE ( 'NONE', *, *, #1528, .T. ) ;
#1801 = ORIENTED_EDGE ( 'NONE', *, *, #774, .T. ) ;
#1802 = CARTESIAN_POINT ( 'NONE',  ( -1.380839982702822599, 6.500000000000000000, 0.7752318993870117581 ) ) ;
#1803 = EDGE_CURVE ( 'NONE', #737, #119, #712, .T. ) ;
#1804 = EDGE_CURVE ( 'NONE', #1524, #410, #2597, .T. ) ;
#1805 = LINE ( 'NONE', #586, #1599 ) ;
#1806 = AXIS2_PLACEMENT_3D ( 'NONE', #2485, #407, #350 ) ;
#1807 = CYLINDRICAL_SURFACE ( 'NONE', #327, 0.1499999999999999667 ) ;
#1808 = DIRECTION ( 'NONE',  ( 5.691443106081644064E-14, -0.6561787149247931827, -0.7546055221634992982 ) ) ;
#1809 = DIRECTION ( 'NONE',  ( 1.000000000000000000, 2.168404344971008252E-17, -8.673617379884035472E-17 ) ) ;
#1810 = ADVANCED_FACE ( 'NONE', ( #488 ), #1337, .F. ) ;
#1811 = CARTESIAN_POINT ( 'NONE',  ( -1.380000000000000115, 9.768344573749498494, 5.400000000000000355 ) ) ;
#1812 = AXIS2_PLACEMENT_3D ( 'NONE', #18, #1521, #2541 ) ;
#1813 = ORIENTED_EDGE ( 'NONE', *, *, #125, .T. ) ;
#1814 = VERTEX_POINT ( 'NONE', #1127 ) ;
#1815 = DIRECTION ( 'NONE',  ( 0.000000000000000000, 0.000000000000000000, -1.000000000000000000 ) ) ;
#1816 = DIRECTION ( 'NONE',  ( 0.000000000000000000, 0.000000000000000000, 1.000000000000000000 ) ) ;
#1817 = AXIS2_PLACEMENT_3D ( 'NONE', #810, #1658, #1212 ) ;
#1818 = EDGE_CURVE ( 'NONE', #1326, #1458, #515, .T. ) ;
#1819 = EDGE_CURVE ( 'NONE', #726, #1759, #2009, .T. ) ;
#1820 = EDGE_CURVE ( 'NONE', #2576, #302, #411, .T. ) ;
#1821 = CIRCLE ( 'NONE', #1378, 0.01999999999999999695 ) ;
#1822 = PRODUCT_RELATED_PRODUCT_CATEGORY ( 'part', '', ( #1511 ) ) ;
#1823 = CARTESIAN_POINT ( 'NONE',  ( -1.385521695682326637, 6.500000000000000000, -4.534868014339770603 ) ) ;
#1824 = AXIS2_PLACEMENT_3D ( 'NONE', #437, #2538, #1308 ) ;
#1825 = ORIENTED_EDGE ( 'NONE', *, *, #2505, .T. ) ;
#1826 = DIRECTION ( 'NONE',  ( 0.000000000000000000, -0.1643989873053572914, 0.9863939238321437486 ) ) ;
#1827 = CARTESIAN_POINT ( 'NONE',  ( 1.379999999999999671, 8.631655426250503638, -4.549999999999998934 ) ) ;
#1828 = CARTESIAN_POINT ( 'NONE',  ( 3.405877273185280885, 6.500000000000000000, 6.850000000000000533 ) ) ;
#1829 = ORIENTED_EDGE ( 'NONE', *, *, #1093, .F. ) ;
#1830 = ORIENTED_EDGE ( 'NONE', *, *, #598, .T. ) ;
#1831 = CIRCLE ( 'NONE', #20, 0.1499999999999999667 ) ;
#1832 = DIRECTION ( 'NONE',  ( 1.000000000000000000, 2.168404344971008252E-17, -8.673617379884035472E-17 ) ) ;
#1833 = LINE ( 'NONE', #2296, #2177 ) ;
#1834 = CARTESIAN_POINT ( 'NONE',  ( 1.379999999999999671, 6.649999999999999467, 0.7729309367425446498 ) ) ;
#1835 = ADVANCED_FACE ( 'NONE', ( #2655 ), #2261, .T. ) ;
#1836 = AXIS2_PLACEMENT_3D ( 'NONE', #2095, #625, #1721 ) ;
#1837 = ORIENTED_EDGE ( 'NONE', *, *, #1504, .F. ) ;
#1838 = CARTESIAN_POINT ( 'NONE',  ( -3.405877273185284881, 1.699999999999999734, -6.849999999999998757 ) ) ;
#1839 = AXIS2_PLACEMENT_3D ( 'NONE', #258, #1530, #1264 ) ;
#1840 = CARTESIAN_POINT ( 'NONE',  ( -0.000000000000000000, 12.46319082832452629, -4.442330547426800003 ) ) ;
#1841 = DIRECTION ( 'NONE',  ( 1.000000000000000000, 0.000000000000000000, -0.000000000000000000 ) ) ;
#1842 = CARTESIAN_POINT ( 'NONE',  ( -1.380000000000000115, 9.670245855868245144, 5.485303232940222706 ) ) ;
#1843 = CARTESIAN_POINT ( 'NONE',  ( -1.399999999999999911, 12.48000000000000220, -2.027069063257456172 ) ) ;
#1844 = DIRECTION ( 'NONE',  ( 1.000000000000000000, 2.168404344971008252E-17, 8.673617379884035472E-17 ) ) ;
#1845 = EDGE_LOOP ( 'NONE', ( #943, #813, #685, #2129 ) ) ;
#1846 = VERTEX_POINT ( 'NONE', #360 ) ;
#1847 = CARTESIAN_POINT ( 'NONE',  ( 1.399999999999999689, 12.44809871788125477, -4.429206973128303026 ) ) ;
#1848 = DIRECTION ( 'NONE',  ( 0.000000000000000000, 0.000000000000000000, -1.000000000000000000 ) ) ;
#1849 = ORIENTED_EDGE ( 'NONE', *, *, #1545, .F. ) ;
#1850 = EDGE_CURVE ( 'NONE', #110, #2224, #1566, .T. ) ;
#1851 = CARTESIAN_POINT ( 'NONE',  ( 1.379999999999999671, 2.790441948979335951, -2.426471259982029505 ) ) ;
#1852 = LINE ( 'NONE', #632, #1857 ) ;
#1853 = DIRECTION ( 'NONE',  ( -0.000000000000000000, -1.000000000000000000, 0.000000000000000000 ) ) ;
#1854 = DIRECTION ( 'NONE',  ( 1.000000000000000000, -0.000000000000000000, 0.000000000000000000 ) ) ;
#1855 = FACE_OUTER_BOUND ( 'NONE', #169, .T. ) ;
#1856 = FACE_OUTER_BOUND ( 'NONE', #718, .T. ) ;
#1857 = VECTOR ( 'NONE', #1479, 1000.000000000000000 ) ;
#1858 = VERTEX_POINT ( 'NONE', #1429 ) ;
#1859 = ORIENTED_EDGE ( 'NONE', *, *, #2298, .T. ) ;
#1860 = EDGE_LOOP ( 'NONE', ( #1958, #1562, #1896, #1927 ) ) ;
#1861 = DIRECTION ( 'NONE',  ( 1.000000000000000000, 0.000000000000000000, 0.000000000000000000 ) ) ;
#1862 = CARTESIAN_POINT ( 'NONE',  ( 1.399999999999999689, 6.500000000000000000, -4.469999999999999751 ) ) ;
#1863 = CARTESIAN_POINT ( 'NONE',  ( 1.379999999999999671, 12.50000000000000000, 2.027069063257455728 ) ) ;
#1864 = CARTESIAN_POINT ( 'NONE',  ( -1.400000000000000133, 8.759938365018300033, -4.438449618462786184 ) ) ;
#1865 = AXIS2_PLACEMENT_3D ( 'NONE', #2557, #1073, #265 ) ;
#1866 = VECTOR ( 'NONE', #456, 1000.000000000000000 ) ;
#1867 = DIRECTION ( 'NONE',  ( 1.000000000000000000, 2.168404344971008252E-17, -8.673617379884035472E-17 ) ) ;
#1868 = AXIS2_PLACEMENT_3D ( 'NONE', #835, #1476, #465 ) ;
#1869 = PLANE ( 'NONE',  #1747 ) ;
#1870 = TOROIDAL_SURFACE ( 'NONE', #578, 0.1299999999999999767, 0.02000000000000000042 ) ;
#1871 = CARTESIAN_POINT ( 'NONE',  ( 1.379999999999999671, 11.43165542625050612, -5.549999999999999822 ) ) ;
#1872 = ORIENTED_EDGE ( 'NONE', *, *, #251, .T. ) ;
#1873 = CARTESIAN_POINT ( 'NONE',  ( 1.379999999999999671, 9.768344573749500270, -5.530000000000000249 ) ) ;
#1874 = ADVANCED_FACE ( 'NONE', ( #2038, #1177, #2477 ), #164, .T. ) ;
#1875 = ORIENTED_EDGE ( 'NONE', *, *, #311, .T. ) ;
#1876 = CARTESIAN_POINT ( 'NONE',  ( 0.000000000000000000, 12.50000000000000000, -4.343903740188082452 ) ) ;
#1877 = CARTESIAN_POINT ( 'NONE',  ( -1.400000000000000133, 6.500000000000000000, 4.469999999999999751 ) ) ;
#1878 = DIRECTION ( 'NONE',  ( 0.000000000000000000, 0.000000000000000000, -1.000000000000000000 ) ) ;
#1879 = VECTOR ( 'NONE', #99, 1000.000000000000114 ) ;
#1880 = ORIENTED_EDGE ( 'NONE', *, *, #233, .T. ) ;
#1881 = ORIENTED_EDGE ( 'NONE', *, *, #1438, .T. ) ;
#1882 = CARTESIAN_POINT ( 'NONE',  ( -1.399999999999999911, 12.34999999999999964, 2.027069063257455728 ) ) ;
#1883 = DIRECTION ( 'NONE',  ( 1.000000000000000000, 0.000000000000000000, 0.000000000000000000 ) ) ;
#1884 = CIRCLE ( 'NONE', #510, 0.1700000000000000122 ) ;
#1885 = DIRECTION ( 'NONE',  ( 5.122298795473438989E-17, 0.6561787149247869655, -0.7546055221635044052 ) ) ;
#1886 = AXIS2_PLACEMENT_3D ( 'NONE', #1409, #2495, #2509 ) ;
#1887 = LINE ( 'NONE', #617, #2022 ) ;
#1888 = ADVANCED_FACE ( 'NONE', ( #1608 ), #2184, .T. ) ;
#1889 = ORIENTED_EDGE ( 'NONE', *, *, #2478, .T. ) ;
#1890 = DIRECTION ( 'NONE',  ( 0.000000000000000000, 0.6561787149247870765, -0.7546055221635045163 ) ) ;
#1891 = EDGE_LOOP ( 'NONE', ( #942, #1473, #1294, #1906 ) ) ;
#1892 = CARTESIAN_POINT ( 'NONE',  ( 1.379999999999999671, 6.649999999999999467, 4.549999999999999822 ) ) ;
#1893 = DIRECTION ( 'NONE',  ( 0.000000000000000000, -0.6561787149247864104, 0.7546055221635050714 ) ) ;
#1894 = CARTESIAN_POINT ( 'NONE',  ( -3.354592426478614886, 1.601480656498023070, 6.875287884091614288 ) ) ;
#1895 = EDGE_LOOP ( 'NONE', ( #612, #428, #1187, #503 ) ) ;
#1896 = ORIENTED_EDGE ( 'NONE', *, *, #2417, .T. ) ;
#1897 = CARTESIAN_POINT ( 'NONE',  ( 0.000000000000000000, 6.649999999999999467, 0.7729309367425446498 ) ) ;
#1898 = ADVANCED_FACE ( 'NONE', ( #754 ), #2274, .T. ) ;
#1899 = DIRECTION ( 'NONE',  ( 1.000000000000000000, -0.000000000000000000, 0.000000000000000000 ) ) ;
#1900 = EDGE_CURVE ( 'NONE', #1846, #85, #389, .T. ) ;
#1901 = CARTESIAN_POINT ( 'NONE',  ( -1.393823247546297939, 6.500000000000000000, -0.8140959846906093977 ) ) ;
#1902 = CARTESIAN_POINT ( 'NONE',  ( 1.385521695682327969, 6.500000000000000000, -0.7880629224027728696 ) ) ;
#1903 = ORIENTED_EDGE ( 'NONE', *, *, #2518, .T. ) ;
#1904 = FACE_OUTER_BOUND ( 'NONE', #2039, .T. ) ;
#1905 = ADVANCED_FACE ( 'NONE', ( #1233 ), #976, .F. ) ;
#1906 = ORIENTED_EDGE ( 'NONE', *, *, #217, .F. ) ;
#1907 = CARTESIAN_POINT ( 'NONE',  ( 1.379999999999999671, 6.649999999999999467, -4.400000000000000355 ) ) ;
#1908 = LINE ( 'NONE', #43, #1684 ) ;
#1909 = FACE_OUTER_BOUND ( 'NONE', #822, .T. ) ;
#1910 = ORIENTED_EDGE ( 'NONE', *, *, #2566, .F. ) ;
#1911 = ORIENTED_EDGE ( 'NONE', *, *, #1517, .F. ) ;
#1912 = CARTESIAN_POINT ( 'NONE',  ( 1.379999999999999671, 12.44809871788125477, 4.429206973128303915 ) ) ;
#1913 = DIRECTION ( 'NONE',  ( -1.000000000000000000, -0.000000000000000000, -0.000000000000000000 ) ) ;
#1914 = ADVANCED_FACE ( 'NONE', ( #591 ), #2077, .F. ) ;
#1915 = EDGE_CURVE ( 'NONE', #1049, #2255, #1302, .T. ) ;
#1916 = TOROIDAL_SURFACE ( 'NONE', #1336, 0.1299999999999999767, 0.02000000000000000042 ) ;
#1917 = CARTESIAN_POINT ( 'NONE',  ( 1.399999999999999689, 6.649999999999999467, 4.400000000000000355 ) ) ;
#1918 = CARTESIAN_POINT ( 'NONE',  ( 1.390180519077591104, 6.500000000000000000, -0.8009322421621059007 ) ) ;
#1919 = AXIS2_PLACEMENT_3D ( 'NONE', #2103, #1899, #825 ) ;
#1920 = ORIENTED_EDGE ( 'NONE', *, *, #1249, .F. ) ;
#1921 = FACE_OUTER_BOUND ( 'NONE', #891, .T. ) ;
#1922 = AXIS2_PLACEMENT_3D ( 'NONE', #40, #655, #845 ) ;
#1923 = VERTEX_POINT ( 'NONE', #1828 ) ;
#1924 = DIRECTION ( 'NONE',  ( -1.000000000000000000, -2.168404344971008252E-17, -8.673617379884035472E-17 ) ) ;
#1925 = CARTESIAN_POINT ( 'NONE',  ( 1.379999999999999671, 9.655153745424975398, -5.498426807238719682 ) ) ;
#1926 = DIRECTION ( 'NONE',  ( -1.000000000000000000, 0.000000000000000000, 0.000000000000000000 ) ) ;
#1927 = ORIENTED_EDGE ( 'NONE', *, *, #2718, .T. ) ;
#1928 = VERTEX_POINT ( 'NONE', #118 ) ;
#1929 = EDGE_CURVE ( 'NONE', #2329, #2066, #343, .T. ) ;
#1930 = CARTESIAN_POINT ( 'NONE',  ( -3.405877273185284881, 1.499999999999999556, -6.849999999999998757 ) ) ;
#1931 = AXIS2_PLACEMENT_3D ( 'NONE', #1441, #12, #2122 ) ;
#1932 = CARTESIAN_POINT ( 'NONE',  ( 1.393823247546297939, 6.500000000000000000, -0.8140959846906093977 ) ) ;
#1933 = AXIS2_PLACEMENT_3D ( 'NONE', #1474, #1271, #2112 ) ;
#1934 = ORIENTED_EDGE ( 'NONE', *, *, #2217, .T. ) ;
#1935 = DIRECTION ( 'NONE',  ( 0.000000000000000000, 0.000000000000000000, 1.000000000000000000 ) ) ;
#1936 = ORIENTED_EDGE ( 'NONE', *, *, #2570, .T. ) ;
#1937 = FACE_OUTER_BOUND ( 'NONE', #997, .T. ) ;
#1938 = DIRECTION ( 'NONE',  ( -3.564834783817703950E-17, 0.9863939238321437486, 0.1643989873053572637 ) ) ;
#1939 = ORIENTED_EDGE ( 'NONE', *, *, #1399, .F. ) ;
#1940 = EDGE_LOOP ( 'NONE', ( #2406, #846, #1008, #337 ) ) ;
#1941 = CARTESIAN_POINT ( 'NONE',  ( -1.399999999999999689, 12.48000000000000220, 1.214306433183764720E-16 ) ) ;
#1942 = EDGE_CURVE ( 'NONE', #1414, #648, #1964, .T. ) ;
#1943 = DIRECTION ( 'NONE',  ( -1.000000000000000000, -0.000000000000000000, -0.000000000000000000 ) ) ;
#1944 = VERTEX_POINT ( 'NONE', #2093 ) ;
#1945 = DIRECTION ( 'NONE',  ( -5.122298795473439605E-17, -0.6561787149247870765, -0.7546055221635045163 ) ) ;
#1946 = ADVANCED_FACE ( 'NONE', ( #1904 ), #883, .T. ) ;
#1947 = EDGE_LOOP ( 'NONE', ( #276, #2263, #620, #876 ) ) ;
#1948 = CARTESIAN_POINT ( 'NONE',  ( 0.000000000000000000, 2.775349838536065761, 2.413347685683533417 ) ) ;
#1949 = CARTESIAN_POINT ( 'NONE',  ( -1.379999999999999893, -2.992397996059991005E-17, -5.530000000000000249 ) ) ;
#1950 = VECTOR ( 'NONE', #69, 1000.000000000000000 ) ;
#1951 = DIRECTION ( 'NONE',  ( 0.000000000000000000, 0.9863939238321437486, 0.1643989873053572637 ) ) ;
#1952 = VECTOR ( 'NONE', #982, 1000.000000000000000 ) ;
#1953 = ORIENTED_EDGE ( 'NONE', *, *, #1303, .T. ) ;
#1954 = VERTEX_POINT ( 'NONE', #2126 ) ;
#1955 = DIRECTION ( 'NONE',  ( -1.000000000000000000, -2.168404344971008252E-17, -8.673617379884035472E-17 ) ) ;
#1956 = EDGE_CURVE ( 'NONE', #2374, #731, #2142, .T. ) ;
#1957 = DIRECTION ( 'NONE',  ( 0.000000000000000000, -0.7546055221635206145, 0.6561787149247685358 ) ) ;
#1958 = ORIENTED_EDGE ( 'NONE', *, *, #1399, .T. ) ;
#1959 = CARTESIAN_POINT ( 'NONE',  ( -1.379999999999999893, -2.992397996059991005E-17, -4.379999999999999893 ) ) ;
#1960 = VECTOR ( 'NONE', #1453, 1000.000000000000114 ) ;
#1961 = PRESENTATION_LAYER_ASSIGNMENT (  '', '', ( #851 ) ) ;
#1962 = DIRECTION ( 'NONE',  ( 0.000000000000000000, 0.000000000000000000, -1.000000000000000000 ) ) ;
#1963 = LINE ( 'NONE', #915, #1428 ) ;
#1964 = CIRCLE ( 'NONE', #753, 0.01999999999999996225 ) ;
#1965 = ORIENTED_EDGE ( 'NONE', *, *, #2704, .T. ) ;
#1966 = ORIENTED_EDGE ( 'NONE', *, *, #1545, .T. ) ;
#1967 = DIRECTION ( 'NONE',  ( 0.000000000000000000, 0.000000000000000000, -1.000000000000000000 ) ) ;
#1968 = CARTESIAN_POINT ( 'NONE',  ( 1.399999999999999689, 6.500000000000000000, 0.8398232385305505199 ) ) ;
#1969 = DIRECTION ( 'NONE',  ( -1.000000000000000000, 0.000000000000000000, 0.000000000000000000 ) ) ;
#1970 = CIRCLE ( 'NONE', #1788, 0.1700000000000000122 ) ;
#1971 = VERTEX_POINT ( 'NONE', #238 ) ;
#1972 = LINE ( 'NONE', #1138, #1950 ) ;
#1973 = AXIS2_PLACEMENT_3D ( 'NONE', #1, #1100, #2158 ) ;
#1974 = CARTESIAN_POINT ( 'NONE',  ( 3.405877273185284881, 6.500000000000000000, -6.849999999999998757 ) ) ;
#1975 = CIRCLE ( 'NONE', #2596, 0.1499999999999999667 ) ;
#1976 = DIRECTION ( 'NONE',  ( 1.000000000000000000, 0.000000000000000000, 0.000000000000000000 ) ) ;
#1977 = CIRCLE ( 'NONE', #767, 0.01999999999999996225 ) ;
#1978 = ORIENTED_EDGE ( 'NONE', *, *, #61, .F. ) ;
#1979 = ORIENTED_EDGE ( 'NONE', *, *, #2124, .T. ) ;
#1980 = DIRECTION ( 'NONE',  ( 0.000000000000000000, 0.000000000000000000, -1.000000000000000000 ) ) ;
#1981 = PRODUCT_DEFINITION_CONTEXT ( 'detailed design', #1157, 'design' ) ;
#1982 = DIRECTION ( 'NONE',  ( 0.000000000000000000, 0.000000000000000000, -1.000000000000000000 ) ) ;
#1983 = ADVANCED_FACE ( 'NONE', ( #860 ), #1069, .T. ) ;
#1984 = ADVANCED_FACE ( 'NONE', ( #2362 ), #250, .T. ) ;
#1985 = DIRECTION ( 'NONE',  ( 0.000000000000000000, -0.7546055221635206145, 0.6561787149247685358 ) ) ;
#1986 = EDGE_LOOP ( 'NONE', ( #2594, #1202, #2083, #990 ) ) ;
#1987 = CARTESIAN_POINT ( 'NONE',  ( 1.399999999999999689, 12.34999999999999964, 4.343903740188081564 ) ) ;
#1988 = CARTESIAN_POINT ( 'NONE',  ( 0.000000000000000000, 6.625340151904196340, -0.9208900253173660788 ) ) ;
#1989 = ORIENTED_EDGE ( 'NONE', *, *, #916, .T. ) ;
#1990 = ORIENTED_EDGE ( 'NONE', *, *, #1400, .F. ) ;
#1991 = CARTESIAN_POINT ( 'NONE',  ( -1.380000000000000115, 6.649999999999999467, -4.549999999999999822 ) ) ;
#1992 = LINE ( 'NONE', #707, #797 ) ;
#1993 = TOROIDAL_SURFACE ( 'NONE', #398, 0.1699999999999999845, 0.02000000000000000042 ) ;
#1994 = EDGE_CURVE ( 'NONE', #1179, #2385, #1526, .T. ) ;
#1995 = ADVANCED_FACE ( 'NONE', ( #1921 ), #1098, .F. ) ;
#1996 = DIRECTION ( 'NONE',  ( 8.673617379884035472E-17, 1.880790961315659671E-33, -1.000000000000000000 ) ) ;
#1997 = DIRECTION ( 'NONE',  ( 0.000000000000000000, -0.6561787149247869655, 0.7546055221635044052 ) ) ;
#1998 = DIRECTION ( 'NONE',  ( 1.000000000000000000, 2.168404344971005170E-17, 0.000000000000000000 ) ) ;
#1999 =( LENGTH_UNIT ( ) NAMED_UNIT ( * ) SI_UNIT ( .MILLI., .METRE. ) );
#2000 = CIRCLE ( 'NONE', #2574, 7.650000000000000355 ) ;
#2001 = DIRECTION ( 'NONE',  ( 1.000000000000000000, 0.000000000000000000, 0.000000000000000000 ) ) ;
#2002 = VECTOR ( 'NONE', #2640, 1000.000000000000000 ) ;
#2003 = EDGE_LOOP ( 'NONE', ( #1388, #1732, #1497 ) ) ;
#2004 = VERTEX_POINT ( 'NONE', #1502 ) ;
#2005 = LINE ( 'NONE', #1328, #1879 ) ;
#2006 = CIRCLE ( 'NONE', #133, 0.1499999999999999667 ) ;
#2007 = DIRECTION ( 'NONE',  ( 0.000000000000000000, 1.000000000000000000, 0.000000000000000000 ) ) ;
#2008 = ADVANCED_FACE ( 'NONE', ( #2339 ), #2109, .T. ) ;
#2009 = CIRCLE ( 'NONE', #1023, 7.650000000000000355 ) ;
#2010 = DIRECTION ( 'NONE',  ( -1.000000000000000000, -2.168404344971008252E-17, -8.673617379884035472E-17 ) ) ;
#2011 = DIRECTION ( 'NONE',  ( 0.000000000000000000, 0.000000000000000000, 1.000000000000000000 ) ) ;
#2012 = DIRECTION ( 'NONE',  ( 1.000000000000000000, 2.168404344971008252E-17, 8.673617379884035472E-17 ) ) ;
#2013 = CARTESIAN_POINT ( 'NONE',  ( -1.400000000000000133, 8.759938365018300033, 4.438449618462784407 ) ) ;
#2014 = DIRECTION ( 'NONE',  ( -1.000000000000000000, -2.168404344971008252E-17, -8.673617379884035472E-17 ) ) ;
#2015 = CIRCLE ( 'NONE', #589, 0.02000000000000053471 ) ;
#2016 = EDGE_CURVE ( 'NONE', #1225, #924, #2228, .T. ) ;
#2017 = EDGE_CURVE ( 'NONE', #2250, #1387, #937, .T. ) ;
#2018 = CIRCLE ( 'NONE', #547, 0.1299999999999998934 ) ;
#2019 = ORIENTED_EDGE ( 'NONE', *, *, #1116, .F. ) ;
#2020 = ORIENTED_EDGE ( 'NONE', *, *, #312, .T. ) ;
#2021 = CARTESIAN_POINT ( 'NONE',  ( 1.379999999999999671, 6.649999999999999467, 4.549999999999999822 ) ) ;
#2022 = VECTOR ( 'NONE', #1943, 1000.000000000000000 ) ;
#2023 = CARTESIAN_POINT ( 'NONE',  ( -1.380000000000000115, 9.768344573749500270, -5.400000000000000355 ) ) ;
#2024 = CARTESIAN_POINT ( 'NONE',  ( 1.399999999999999689, 11.52975414413175947, 5.485303232940220930 ) ) ;
#2025 = DIRECTION ( 'NONE',  ( 1.000000000000000000, -0.000000000000000000, -0.000000000000000000 ) ) ;
#2026 = DIRECTION ( 'NONE',  ( -0.000000000000000000, -0.000000000000000000, -1.000000000000000000 ) ) ;
#2027 = DIRECTION ( 'NONE',  ( -1.000000000000000000, 0.000000000000000000, 0.000000000000000000 ) ) ;
#2028 = ADVANCED_FACE ( 'NONE', ( #1083 ), #1457, .T. ) ;
#2029 = ADVANCED_FACE ( 'NONE', ( #462 ), #1675, .F. ) ;
#2030 = EDGE_CURVE ( 'NONE', #410, #1350, #631, .T. ) ;
#2031 = ORIENTED_EDGE ( 'NONE', *, *, #534, .T. ) ;
#2032 = ORIENTED_EDGE ( 'NONE', *, *, #1538, .F. ) ;
#2033 = DIRECTION ( 'NONE',  ( 0.000000000000000000, 0.000000000000000000, 1.000000000000000000 ) ) ;
#2034 = CARTESIAN_POINT ( 'NONE',  ( 1.399999999999999689, 11.43165542625050612, -5.530000000000000249 ) ) ;
#2035 = EDGE_CURVE ( 'NONE', #362, #74, #1692, .T. ) ;
#2036 = ORIENTED_EDGE ( 'NONE', *, *, #505, .T. ) ;
#2037 = CIRCLE ( 'NONE', #1466, 0.02000000000000005246 ) ;
#2038 = FACE_OUTER_BOUND ( 'NONE', #2642, .T. ) ;
#2039 = EDGE_LOOP ( 'NONE', ( #954, #821, #1143, #957 ) ) ;
#2040 = CARTESIAN_POINT ( 'NONE',  ( -1.380279994234274055, 6.500000000000000000, 0.7736979242907003895 ) ) ;
#2041 = DIRECTION ( 'NONE',  ( 1.000000000000000000, 0.000000000000000000, 0.000000000000000000 ) ) ;
#2042 = PLANE ( 'NONE',  #741 ) ;
#2043 = ORIENTED_EDGE ( 'NONE', *, *, #2133, .T. ) ;
#2044 = AXIS2_PLACEMENT_3D ( 'NONE', #2162, #946, #1527 ) ;
#2045 = CARTESIAN_POINT ( 'NONE',  ( -1.393823247546298383, 6.500000000000000000, -4.508834952051935296 ) ) ;
#2046 = CARTESIAN_POINT ( 'NONE',  ( 0.000000000000000000, 6.500000000000000000, 0.7729309367425446498 ) ) ;
#2047 = DIRECTION ( 'NONE',  ( -8.673617379884035472E-17, -1.880790961315659671E-33, -1.000000000000000000 ) ) ;
#2048 = FACE_OUTER_BOUND ( 'NONE', #1142, .T. ) ;
#2049 = EDGE_CURVE ( 'NONE', #340, #2712, #403, .T. ) ;
#2050 = EDGE_LOOP ( 'NONE', ( #642, #837, #2537, #2618 ) ) ;
#2051 = VERTEX_POINT ( 'NONE', #1149 ) ;
#2052 = CIRCLE ( 'NONE', #1657, 7.650000000000000355 ) ;
#2053 = CARTESIAN_POINT ( 'NONE',  ( -1.400000000000000133, 6.500000000000000000, 0.8529309367425446098 ) ) ;
#2054 = CYLINDRICAL_SURFACE ( 'NONE', #2262, 0.01999999999999992062 ) ;
#2055 = DIRECTION ( 'NONE',  ( 1.000000000000000000, 0.000000000000000000, -0.000000000000000000 ) ) ;
#2056 = VECTOR ( 'NONE', #1450, 1000.000000000000000 ) ;
#2057 = AXIS2_PLACEMENT_3D ( 'NONE', #66, #1746, #1996 ) ;
#2058 = DIRECTION ( 'NONE',  ( 0.000000000000000000, 0.000000000000000000, -1.000000000000000000 ) ) ;
#2059 = LINE ( 'NONE', #126, #318 ) ;
#2060 = DIRECTION ( 'NONE',  ( 1.000000000000000000, 2.168404344971008252E-17, -8.673617379884035472E-17 ) ) ;
#2061 = CARTESIAN_POINT ( 'NONE',  ( -3.301579660418292317, 1.563075121266647161, -6.900987060043524579 ) ) ;
#2062 = CARTESIAN_POINT ( 'NONE',  ( 1.399999999999999689, 9.670245855868246920, -5.485303232940223594 ) ) ;
#2063 = VERTEX_POINT ( 'NONE', #1357 ) ;
#2064 = DIRECTION ( 'NONE',  ( -0.000000000000000000, -1.000000000000000000, -0.000000000000000000 ) ) ;
#2065 = ORIENTED_EDGE ( 'NONE', *, *, #2147, .T. ) ;
#2066 = VERTEX_POINT ( 'NONE', #1320 ) ;
#2067 = CARTESIAN_POINT ( 'NONE',  ( 0.000000000000000000, 6.500000000000000000, 0.000000000000000000 ) ) ;
#2068 = ADVANCED_FACE ( 'NONE', ( #1733 ), #486, .T. ) ;
#2069 = CARTESIAN_POINT ( 'NONE',  ( 1.390180519077591104, 6.500000000000000000, -4.521998694580438460 ) ) ;
#2070 = CARTESIAN_POINT ( 'NONE',  ( 1.380279994234274277, 6.500000000000000000, 4.549233012451844083 ) ) ;
#2071 = LINE ( 'NONE', #1015, #1677 ) ;
#2072 = LINE ( 'NONE', #385, #889 ) ;
#2073 = EDGE_CURVE ( 'NONE', #679, #2510, #2166, .T. ) ;
#2074 = DIRECTION ( 'NONE',  ( -1.000000000000000000, -0.000000000000000000, -0.000000000000000000 ) ) ;
#2075 = AXIS2_PLACEMENT_3D ( 'NONE', #1882, #2084, #2289 ) ;
#2076 = ORIENTED_EDGE ( 'NONE', *, *, #335, .F. ) ;
#2077 = CYLINDRICAL_SURFACE ( 'NONE', #321, 0.1499999999999999667 ) ;
#2078 = VERTEX_POINT ( 'NONE', #2375 ) ;
#2079 = CARTESIAN_POINT ( 'NONE',  ( -1.379999999999999671, 12.50000000000000000, 1.196959198423996649E-16 ) ) ;
#2080 = DIRECTION ( 'NONE',  ( 0.000000000000000000, 0.7546055221635005195, 0.6561787149247915174 ) ) ;
#2081 = DIRECTION ( 'NONE',  ( 1.000000000000000000, 0.000000000000000000, 0.000000000000000000 ) ) ;
#2082 = ORIENTED_EDGE ( 'NONE', *, *, #1731, .T. ) ;
#2083 = ORIENTED_EDGE ( 'NONE', *, *, #215, .T. ) ;
#2084 = DIRECTION ( 'NONE',  ( -1.000000000000000000, -2.168404344971008252E-17, -8.673617379884035472E-17 ) ) ;
#2085 = VECTOR ( 'NONE', #791, 1000.000000000000000 ) ;
#2086 = DIRECTION ( 'NONE',  ( 0.000000000000000000, 0.000000000000000000, -1.000000000000000000 ) ) ;
#2087 = ADVANCED_FACE ( 'NONE', ( #2578 ), #514, .F. ) ;
#2088 = AXIS2_PLACEMENT_3D ( 'NONE', #1371, #962, #2387 ) ;
#2089 = CARTESIAN_POINT ( 'NONE',  ( -1.379999999999999893, 9.768344573749498494, 5.549999999999999822 ) ) ;
#2090 = CARTESIAN_POINT ( 'NONE',  ( -1.380000000000000115, 8.759938365018300033, -4.438449618462786184 ) ) ;
#2091 = ORIENTED_EDGE ( 'NONE', *, *, #932, .F. ) ;
#2092 = AXIS2_PLACEMENT_3D ( 'NONE', #2413, #2012, #1760 ) ;
#2093 = CARTESIAN_POINT ( 'NONE',  ( -1.380000000000000115, 6.500000000000000000, -4.549999999999999822 ) ) ;
#2094 = ORIENTED_EDGE ( 'NONE', *, *, #2098, .F. ) ;
#2095 = CARTESIAN_POINT ( 'NONE',  ( -1.379999999999999227, 2.790441948979335951, -2.426471259982029505 ) ) ;
#2096 = DIRECTION ( 'NONE',  ( -1.000000000000000000, -0.000000000000000000, -0.000000000000000000 ) ) ;
#2097 = CARTESIAN_POINT ( 'NONE',  ( 1.379999999999999671, 8.744846254575030287, -4.451573192761283160 ) ) ;
#2098 = EDGE_CURVE ( 'NONE', #2671, #2125, #1377, .T. ) ;
#2099 = VECTOR ( 'NONE', #2302, 1000.000000000000114 ) ;
#2100 = ORIENTED_EDGE ( 'NONE', *, *, #131, .T. ) ;
#2101 = DIRECTION ( 'NONE',  ( -0.000000000000000000, 0.000000000000000000, 1.000000000000000000 ) ) ;
#2102 = CIRCLE ( 'NONE', #989, 0.1499999999999999667 ) ;
#2103 = CARTESIAN_POINT ( 'NONE',  ( 0.000000000000000000, 9.768344573749498494, 5.400000000000000355 ) ) ;
#2104 = CARTESIAN_POINT ( 'NONE',  ( -1.380839982702822599, 6.500000000000000000, -0.7752318993870118691 ) ) ;
#2105 = EDGE_CURVE ( 'NONE', #2723, #2374, #303, .T. ) ;
#2106 = AXIS2_PLACEMENT_3D ( 'NONE', #496, #484, #2203 ) ;
#2107 = CARTESIAN_POINT ( 'NONE',  ( 1.379999999999999671, 8.631655426250503638, 4.400000000000000355 ) ) ;
#2108 = ORIENTED_EDGE ( 'NONE', *, *, #1305, .T. ) ;
#2109 = CYLINDRICAL_SURFACE ( 'NONE', #1078, 0.02000000000000053471 ) ;
#2110 = VERTEX_POINT ( 'NONE', #92 ) ;
#2111 = ADVANCED_FACE ( 'NONE', ( #938 ), #185, .T. ) ;
#2112 = DIRECTION ( 'NONE',  ( 0.000000000000000000, 0.000000000000000000, 1.000000000000000000 ) ) ;
#2113 =( LENGTH_UNIT ( ) NAMED_UNIT ( * ) SI_UNIT ( .MILLI., .METRE. ) );
#2114 = ADVANCED_FACE ( 'NONE', ( #2424 ), #54, .F. ) ;
#2115 = CARTESIAN_POINT ( 'NONE',  ( -3.396937244278616319, 1.653668633940834631, 6.854452907495114822 ) ) ;
#2116 = EDGE_CURVE ( 'NONE', #832, #2385, #895, .T. ) ;
#2117 = ORIENTED_EDGE ( 'NONE', *, *, #619, .F. ) ;
#2118 = ORIENTED_EDGE ( 'NONE', *, *, #1303, .F. ) ;
#2119 = CARTESIAN_POINT ( 'NONE',  ( 1.379999999999999671, 0.000000000000000000, -4.400000000000000355 ) ) ;
#2120 = LINE ( 'NONE', #1621, #1633 ) ;
#2121 = DIRECTION ( 'NONE',  ( 0.000000000000000000, 0.9863939238321415282, -0.1643989873053704753 ) ) ;
#2122 = DIRECTION ( 'NONE',  ( 0.000000000000000000, -0.6561787149247869655, -0.7546055221635044052 ) ) ;
#2123 = CARTESIAN_POINT ( 'NONE',  ( 0.000000000000000000, 12.50000000000000000, 2.027069063257455728 ) ) ;
#2124 = EDGE_CURVE ( 'NONE', #2250, #2487, #898, .T. ) ;
#2125 = VERTEX_POINT ( 'NONE', #2386 ) ;
#2126 = CARTESIAN_POINT ( 'NONE',  ( -1.380000000000000115, 11.43165542625050612, -5.549999999999999822 ) ) ;
#2127 = AXIS2_PLACEMENT_3D ( 'NONE', #138, #1462, #2055 ) ;
#2128 = EDGE_CURVE ( 'NONE', #1445, #268, #2428, .T. ) ;
#2129 = ORIENTED_EDGE ( 'NONE', *, *, #1045, .F. ) ;
#2130 = CARTESIAN_POINT ( 'NONE',  ( 0.000000000000000000, 6.649999999999999467, -4.549999999999999822 ) ) ;
#2131 = CYLINDRICAL_SURFACE ( 'NONE', #492, 0.01999999999999999001 ) ;
#2132 = DIRECTION ( 'NONE',  ( 0.000000000000000000, 0.000000000000000000, -1.000000000000000000 ) ) ;
#2133 = EDGE_CURVE ( 'NONE', #36, #1923, #1972, .T. ) ;
#2134 = ORIENTED_EDGE ( 'NONE', *, *, #839, .F. ) ;
#2135 = ORIENTED_EDGE ( 'NONE', *, *, #1994, .F. ) ;
#2136 = CARTESIAN_POINT ( 'NONE',  ( 1.399999999999999689, 9.768344573749498494, 5.400000000000000355 ) ) ;
#2137 = DIRECTION ( 'NONE',  ( -1.000000000000000000, -2.168404344971008252E-17, 8.673617379884035472E-17 ) ) ;
#2138 = AXIS2_PLACEMENT_3D ( 'NONE', #819, #1433, #2702 ) ;
#2139 = DIRECTION ( 'NONE',  ( 0.000000000000000000, -1.000000000000000000, 0.000000000000000000 ) ) ;
#2140 = ORIENTED_EDGE ( 'NONE', *, *, #1047, .T. ) ;
#2141 = CIRCLE ( 'NONE', #2489, 0.02000000000000005246 ) ;
#2142 = LINE ( 'NONE', #1708, #1121 ) ;
#2143 = ORIENTED_EDGE ( 'NONE', *, *, #472, .T. ) ;
#2144 = CARTESIAN_POINT ( 'NONE',  ( -1.380000000000000115, 12.34999999999999964, 4.343903740188081564 ) ) ;
#2145 = FACE_OUTER_BOUND ( 'NONE', #1345, .T. ) ;
#2146 = DIRECTION ( 'NONE',  ( 0.000000000000000000, -0.1643989873053572637, -0.9863939238321437486 ) ) ;
#2147 = EDGE_CURVE ( 'NONE', #198, #449, #2303, .T. ) ;
#2148 = ORIENTED_EDGE ( 'NONE', *, *, #1785, .T. ) ;
#2149 = EDGE_LOOP ( 'NONE', ( #1859, #1444, #388, #1369 ) ) ;
#2150 = CYLINDRICAL_SURFACE ( 'NONE', #1195, 0.02000000000000005246 ) ;
#2151 = CIRCLE ( 'NONE', #641, 0.1499999999999999667 ) ;
#2152 = CARTESIAN_POINT ( 'NONE',  ( -1.380000000000000115, 12.48000000000000220, 4.343903740188081564 ) ) ;
#2153 = AXIS2_PLACEMENT_3D ( 'NONE', #874, #1711, #1072 ) ;
#2154 = ORIENTED_EDGE ( 'NONE', *, *, #345, .F. ) ;
#2155 = CARTESIAN_POINT ( 'NONE',  ( 1.379999999999999671, 9.281463325509363926, 8.070837674355974656 ) ) ;
#2156 = AXIS2_PLACEMENT_3D ( 'NONE', #1081, #416, #13 ) ;
#2157 = ORIENTED_EDGE ( 'NONE', *, *, #2704, .F. ) ;
#2158 = DIRECTION ( 'NONE',  ( 0.000000000000000000, 0.000000000000000000, -1.000000000000000000 ) ) ;
#2159 = VERTEX_POINT ( 'NONE', #925 ) ;
#2160 = EDGE_CURVE ( 'NONE', #844, #253, #1771, .T. ) ;
#2161 = ORIENTED_EDGE ( 'NONE', *, *, #61, .T. ) ;
#2162 = CARTESIAN_POINT ( 'NONE',  ( 0.000000000000000000, 12.34999999999999964, 4.343903740188081564 ) ) ;
#2163 = DIRECTION ( 'NONE',  ( -0.000000000000000000, -1.000000000000000000, -0.000000000000000000 ) ) ;
#2164 = ADVANCED_FACE ( 'NONE', ( #1569 ), #2643, .T. ) ;
#2165 = ORIENTED_EDGE ( 'NONE', *, *, #1529, .F. ) ;
#2166 = LINE ( 'NONE', #2218, #55 ) ;
#2167 = VERTEX_POINT ( 'NONE', #2681 ) ;
#2168 = DIRECTION ( 'NONE',  ( 0.000000000000000000, 1.000000000000000000, -0.000000000000000000 ) ) ;
#2169 = CARTESIAN_POINT ( 'NONE',  ( -1.399999999999999689, 6.500000000000000000, -0.8529309367425446098 ) ) ;
#2170 = CIRCLE ( 'NONE', #964, 0.1499999999999999667 ) ;
#2171 = ORIENTED_EDGE ( 'NONE', *, *, #1080, .F. ) ;
#2172 = EDGE_LOOP ( 'NONE', ( #2210, #2360, #936, #2452 ) ) ;
#2173 = CARTESIAN_POINT ( 'NONE',  ( 1.399999999999999689, 8.759938365018300033, 4.438449618462785295 ) ) ;
#2174 = CARTESIAN_POINT ( 'NONE',  ( 1.380279994234274055, 6.500000000000000000, 0.7736979242907003895 ) ) ;
#2175 = EDGE_CURVE ( 'NONE', #537, #1814, #611, .T. ) ;
#2176 = LINE ( 'NONE', #1146, #150 ) ;
#2177 = VECTOR ( 'NONE', #380, 1000.000000000000114 ) ;
#2178 = ORIENTED_EDGE ( 'NONE', *, *, #2456, .T. ) ;
#2179 = DIRECTION ( 'NONE',  ( 1.000000000000000000, 0.000000000000000000, 0.000000000000000000 ) ) ;
#2180 = CIRCLE ( 'NONE', #9, 0.02000000000000003511 ) ;
#2181 = CARTESIAN_POINT ( 'NONE',  ( -3.405877273185280885, 1.499999999999999556, 6.850000000000000533 ) ) ;
#2182 = VECTOR ( 'NONE', #2370, 1000.000000000000114 ) ;
#2183 = CARTESIAN_POINT ( 'NONE',  ( -1.399999999999999467, -3.035766082959410566E-17, 1.214306433183764720E-16 ) ) ;
#2184 = TOROIDAL_SURFACE ( 'NONE', #1163, 0.1299999999999999767, 0.02000000000000000042 ) ;
#2185 = ORIENTED_EDGE ( 'NONE', *, *, #948, .T. ) ;
#2186 = ORIENTED_EDGE ( 'NONE', *, *, #384, .T. ) ;
#2187 = ADVANCED_FACE ( 'NONE', ( #1855 ), #653, .T. ) ;
#2188 = DIRECTION ( 'NONE',  ( 0.000000000000000000, 0.000000000000000000, 1.000000000000000000 ) ) ;
#2189 = ADVANCED_FACE ( 'NONE', ( #633 ), #1174, .F. ) ;
#2190 = CARTESIAN_POINT ( 'NONE',  ( -1.399999999999999689, 6.622052172158088723, 0.9406179037940091137 ) ) ;
#2191 = CARTESIAN_POINT ( 'NONE',  ( 1.379999999999999893, 9.670245855868245144, 5.485303232940222706 ) ) ;
#2192 = CIRCLE ( 'NONE', #1169, 0.1700000000000000122 ) ;
#2193 = ORIENTED_EDGE ( 'NONE', *, *, #2269, .F. ) ;
#2194 = CARTESIAN_POINT ( 'NONE',  ( 3.405877273185284881, 1.676175380897986900, -6.849999999999997868 ) ) ;
#2195 = PRESENTATION_STYLE_ASSIGNMENT (( #2415 ) ) ;
#2196 = CARTESIAN_POINT ( 'NONE',  ( 3.055710216370180365, 1.499999999999999334, 7.013830305757053907 ) ) ;
#2197 = EDGE_CURVE ( 'NONE', #647, #1067, #880, .T. ) ;
#2198 = ORIENTED_EDGE ( 'NONE', *, *, #1584, .T. ) ;
#2199 = VERTEX_POINT ( 'NONE', #1276 ) ;
#2200 = DIRECTION ( 'NONE',  ( 0.000000000000000000, 0.7546055221635206145, -0.6561787149247685358 ) ) ;
#2201 = ADVANCED_FACE ( 'NONE', ( #144 ), #1425, .T. ) ;
#2202 = DIRECTION ( 'NONE',  ( 0.000000000000000000, -1.000000000000000000, 0.000000000000000000 ) ) ;
#2203 = DIRECTION ( 'NONE',  ( 0.000000000000000000, -0.7546055221634990762, 0.6561787149247930717 ) ) ;
#2204 = EDGE_LOOP ( 'NONE', ( #2178, #2482, #1085, #873 ) ) ;
#2205 = CARTESIAN_POINT ( 'NONE',  ( 3.405877273185284881, 1.699999999999999734, -6.849999999999998757 ) ) ;
#2206 = DIRECTION ( 'NONE',  ( 1.000000000000000000, 2.168404344971008252E-17, -8.673617379884035472E-17 ) ) ;
#2207 = DIRECTION ( 'NONE',  ( 0.000000000000000000, 0.000000000000000000, 1.000000000000000000 ) ) ;
#2208 = EDGE_CURVE ( 'NONE', #110, #2723, #2120, .T. ) ;
#2209 = VERTEX_POINT ( 'NONE', #2247 ) ;
#2210 = ORIENTED_EDGE ( 'NONE', *, *, #782, .T. ) ;
#2211 = DIRECTION ( 'NONE',  ( 5.122298795473439605E-17, 0.6561787149247869655, 0.7546055221635044052 ) ) ;
#2212 = CARTESIAN_POINT ( 'NONE',  ( 1.393823247546297717, 6.500000000000000000, 0.8140959846906092867 ) ) ;
#2213 = CIRCLE ( 'NONE', #1368, 0.1299999999999998934 ) ;
#2214 = CARTESIAN_POINT ( 'NONE',  ( -1.380000000000000115, 8.631655426250503638, 4.549999999999999822 ) ) ;
#2215 = ORIENTED_EDGE ( 'NONE', *, *, #2409, .T. ) ;
#2216 = ADVANCED_FACE ( 'NONE', ( #952 ), #1993, .T. ) ;
#2217 = EDGE_CURVE ( 'NONE', #1414, #623, #1004, .T. ) ;
#2218 = CARTESIAN_POINT ( 'NONE',  ( -1.399999999999999911, 6.649999999999999467, -4.379999999999999893 ) ) ;
#2219 = CARTESIAN_POINT ( 'NONE',  ( 1.379999999999999671, 12.50000000000000000, -4.343903740188081564 ) ) ;
#2220 = AXIS2_PLACEMENT_3D ( 'NONE', #1679, #557, #2717 ) ;
#2221 = LINE ( 'NONE', #320, #2404 ) ;
#2222 = VECTOR ( 'NONE', #1334, 1000.000000000000000 ) ;
#2223 = ORIENTED_EDGE ( 'NONE', *, *, #1595, .T. ) ;
#2224 = VERTEX_POINT ( 'NONE', #329 ) ;
#2225 = CARTESIAN_POINT ( 'NONE',  ( 0.000000000000000000, 8.631655426250503638, -4.400000000000000355 ) ) ;
#2226 = AXIS2_PLACEMENT_3D ( 'NONE', #830, #2742, #1935 ) ;
#2227 = CARTESIAN_POINT ( 'NONE',  ( 1.379999999999999671, 6.625340151904196340, -0.9208900253173660788 ) ) ;
#2228 = CIRCLE ( 'NONE', #278, 7.650000000000000355 ) ;
#2229 = DIRECTION ( 'NONE',  ( -0.000000000000000000, 0.6561787149247869655, 0.7546055221635044052 ) ) ;
#2230 = EDGE_CURVE ( 'NONE', #924, #336, #116, .T. ) ;
#2231 = ORIENTED_EDGE ( 'NONE', *, *, #2258, .T. ) ;
#2232 = EDGE_CURVE ( 'NONE', #2224, #1591, #1767, .T. ) ;
#2233 = CARTESIAN_POINT ( 'NONE',  ( -1.379999999999999671, 12.48000000000000220, 1.196959198423996649E-16 ) ) ;
#2234 = ADVANCED_FACE ( 'NONE', ( #765 ), #2652, .T. ) ;
#2235 = DIRECTION ( 'NONE',  ( 1.239088197126290817E-16, 0.000000000000000000, 1.000000000000000000 ) ) ;
#2236 = AXIS2_PLACEMENT_3D ( 'NONE', #2710, #1630, #1424 ) ;
#2237 = VERTEX_POINT ( 'NONE', #355 ) ;
#2238 = CARTESIAN_POINT ( 'NONE',  ( -1.380000000000000115, 9.670245855868245144, -5.485303232940222706 ) ) ;
#2239 = CIRCLE ( 'NONE', #2153, 0.02000000000000005246 ) ;
#2240 = AXIS2_PLACEMENT_3D ( 'NONE', #1011, #2282, #1237 ) ;
#2241 = ORIENTED_EDGE ( 'NONE', *, *, #334, .T. ) ;
#2242 = EDGE_LOOP ( 'NONE', ( #965, #2651, #912, #927 ) ) ;
#2243 = DIRECTION ( 'NONE',  ( 0.000000000000000000, 1.000000000000000000, 0.000000000000000000 ) ) ;
#2244 = TOROIDAL_SURFACE ( 'NONE', #2057, 0.1699999999999999845, 0.02000000000000000042 ) ;
#2245 = DIRECTION ( 'NONE',  ( 1.000000000000000000, -0.000000000000000000, 0.000000000000000000 ) ) ;
#2246 = EDGE_LOOP ( 'NONE', ( #1789, #463, #2626, #2354 ) ) ;
#2247 = CARTESIAN_POINT ( 'NONE',  ( -3.405877273185280885, 1.699999999999999734, 6.850000000000000533 ) ) ;
#2248 = CARTESIAN_POINT ( 'NONE',  ( 0.000000000000000000, 1.699999999999999734, -6.849999999999998757 ) ) ;
#2249 = CARTESIAN_POINT ( 'NONE',  ( 0.000000000000000000, 12.50000000000000000, 0.000000000000000000 ) ) ;
#2250 = VERTEX_POINT ( 'NONE', #1631 ) ;
#2251 = EDGE_LOOP ( 'NONE', ( #446, #2154, #39, #711 ) ) ;
#2252 = LINE ( 'NONE', #1876, #1311 ) ;
#2253 = CARTESIAN_POINT ( 'NONE',  ( 1.379999999999999671, 2.790441948979335951, 2.426471259982029505 ) ) ;
#2254 = LINE ( 'NONE', #2284, #568 ) ;
#2255 = VERTEX_POINT ( 'NONE', #2475 ) ;
#2256 = CARTESIAN_POINT ( 'NONE',  ( -1.399999999999999467, 0.02644174998362248258, 0.1586504999017351869 ) ) ;
#2257 = ORIENTED_EDGE ( 'NONE', *, *, #1096, .F. ) ;
#2258 = EDGE_CURVE ( 'NONE', #2712, #2723, #444, .T. ) ;
#2259 = CARTESIAN_POINT ( 'NONE',  ( 1.379999999999999671, 0.000000000000000000, 4.379999999999999893 ) ) ;
#2260 = DIRECTION ( 'NONE',  ( 0.000000000000000000, 0.1643989873053574580, 0.9863939238321437486 ) ) ;
#2261 = CYLINDRICAL_SURFACE ( 'NONE', #2661, 7.650000000000000355 ) ;
#2262 = AXIS2_PLACEMENT_3D ( 'NONE', #2253, #1893, #834 ) ;
#2263 = ORIENTED_EDGE ( 'NONE', *, *, #1731, .F. ) ;
#2264 = ORIENTED_EDGE ( 'NONE', *, *, #1359, .T. ) ;
#2265 = DIRECTION ( 'NONE',  ( 1.000000000000000000, 2.168404344971008252E-17, -8.673617379884035472E-17 ) ) ;
#2266 = CARTESIAN_POINT ( 'NONE',  ( 1.380839982702823265, 6.500000000000000000, -4.547699037355532603 ) ) ;
#2267 = CARTESIAN_POINT ( 'NONE',  ( 1.393823247546297939, 6.500000000000000000, 4.508834952051935296 ) ) ;
#2268 = TOROIDAL_SURFACE ( 'NONE', #1376, 0.1299999999999999767, 0.02000000000000000042 ) ;
#2269 = EDGE_CURVE ( 'NONE', #30, #249, #1107, .T. ) ;
#2270 = ORIENTED_EDGE ( 'NONE', *, *, #1994, .T. ) ;
#2271 = AXIS2_PLACEMENT_3D ( 'NONE', #733, #2430, #1588 ) ;
#2272 = FACE_OUTER_BOUND ( 'NONE', #363, .T. ) ;
#2273 = CARTESIAN_POINT ( 'NONE',  ( 1.399999999999999689, 8.631655426250503638, -4.379999999999998117 ) ) ;
#2274 = TOROIDAL_SURFACE ( 'NONE', #538, 0.1299999999999999767, 0.02000000000000000042 ) ;
#2275 = CARTESIAN_POINT ( 'NONE',  ( -1.400000000000000355, 9.281463325509362150, 8.070837674355974656 ) ) ;
#2276 = DIRECTION ( 'NONE',  ( 0.000000000000000000, 0.000000000000000000, -1.000000000000000000 ) ) ;
#2277 = DIRECTION ( 'NONE',  ( 1.000000000000000000, 0.000000000000000000, 0.000000000000000000 ) ) ;
#2278 = DIRECTION ( 'NONE',  ( 0.000000000000000000, 0.000000000000000000, 1.000000000000000000 ) ) ;
#2279 = EDGE_LOOP ( 'NONE', ( #1790, #1715, #868, #2689 ) ) ;
#2280 = ORIENTED_EDGE ( 'NONE', *, *, #1688, .F. ) ;
#2281 = VECTOR ( 'NONE', #944, 1000.000000000000000 ) ;
#2282 = DIRECTION ( 'NONE',  ( -5.122298795473439605E-17, -0.6561787149247870765, 0.7546055221635045163 ) ) ;
#2283 = DIRECTION ( 'NONE',  ( 0.000000000000000000, 0.000000000000000000, -1.000000000000000000 ) ) ;
#2284 = CARTESIAN_POINT ( 'NONE',  ( 1.399999999999999689, 12.37137186834970137, 1.898837853159277556 ) ) ;
#2285 = AXIS2_PLACEMENT_3D ( 'NONE', #808, #2503, #984 ) ;
#2286 = EDGE_CURVE ( 'NONE', #1319, #1315, #742, .T. ) ;
#2287 = EDGE_CURVE ( 'NONE', #1759, #726, #1010, .T. ) ;
#2288 = VECTOR ( 'NONE', #1066, 1000.000000000000000 ) ;
#2289 = DIRECTION ( 'NONE',  ( 0.000000000000000000, 0.000000000000000000, -1.000000000000000000 ) ) ;
#2290 = DIRECTION ( 'NONE',  ( 1.000000000000000000, 0.000000000000000000, 0.000000000000000000 ) ) ;
#2291 = CARTESIAN_POINT ( 'NONE',  ( -1.379999999999999671, 6.500000000000000000, -0.7729309367425445387 ) ) ;
#2292 = DIRECTION ( 'NONE',  ( -3.564834783817704567E-17, 0.9863939238321438596, -0.1643989873053572914 ) ) ;
#2293 = ORIENTED_EDGE ( 'NONE', *, *, #1942, .T. ) ;
#2294 = ORIENTED_EDGE ( 'NONE', *, *, #1900, .T. ) ;
#2295 = DIRECTION ( 'NONE',  ( 0.000000000000000000, 1.000000000000000000, 0.000000000000000000 ) ) ;
#2296 = CARTESIAN_POINT ( 'NONE',  ( 1.379999999999999671, 11.54484625457503277, -5.498426807238717018 ) ) ;
#2297 = CARTESIAN_POINT ( 'NONE',  ( 1.399999999999999689, 11.43165542625050435, 5.530000000000000249 ) ) ;
#2298 = EDGE_CURVE ( 'NONE', #151, #599, #664, .T. ) ;
#2299 = CARTESIAN_POINT ( 'NONE',  ( 0.000000000000000000, 1.499999999999999556, -7.049999999999998046 ) ) ;
#2300 = DIRECTION ( 'NONE',  ( -0.000000000000000000, 0.000000000000000000, -1.000000000000000000 ) ) ;
#2301 = CARTESIAN_POINT ( 'NONE',  ( -1.400000000000000133, 11.43165542625050612, -5.400000000000000355 ) ) ;
#2302 = DIRECTION ( 'NONE',  ( -7.968020348514244863E-17, 0.6561787149247862994, -0.7546055221635049604 ) ) ;
#2303 = CIRCLE ( 'NONE', #1234, 0.1499999999999999667 ) ;
#2304 = CARTESIAN_POINT ( 'NONE',  ( -1.380000000000000115, 9.768344573749498494, 5.400000000000000355 ) ) ;
#2305 = VECTOR ( 'NONE', #1638, 1000.000000000000000 ) ;
#2306 = ORIENTED_EDGE ( 'NONE', *, *, #2496, .T. ) ;
#2307 = DIRECTION ( 'NONE',  ( 0.000000000000000000, 0.000000000000000000, -1.000000000000000000 ) ) ;
#2308 = VERTEX_POINT ( 'NONE', #610 ) ;
#2309 = CARTESIAN_POINT ( 'NONE',  ( 1.399999999999999689, 6.649999999999999467, -4.549999999999999822 ) ) ;
#2310 = CARTESIAN_POINT ( 'NONE',  ( -1.380000000000000115, 9.768344573749500270, -5.549999999999999822 ) ) ;
#2311 = CARTESIAN_POINT ( 'NONE',  ( 1.380839982702823265, 6.500000000000000000, 4.547699037355532603 ) ) ;
#2312 = EDGE_LOOP ( 'NONE', ( #1800, #395, #1911, #378 ) ) ;
#2313 = CARTESIAN_POINT ( 'NONE',  ( -1.399999999999999911, 6.649999999999999467, -4.379999999999999893 ) ) ;
#2314 = CIRCLE ( 'NONE', #359, 0.02000000000000003511 ) ;
#2315 = DIRECTION ( 'NONE',  ( 0.000000000000000000, 0.000000000000000000, -1.000000000000000000 ) ) ;
#2316 = AXIS2_PLACEMENT_3D ( 'NONE', #227, #1074, #1926 ) ;
#2317 = CARTESIAN_POINT ( 'NONE',  ( 1.379999999999999671, 12.34999999999999964, -2.027069063257456172 ) ) ;
#2318 = AXIS2_PLACEMENT_3D ( 'NONE', #2155, #1890, #1055 ) ;
#2319 = DIRECTION ( 'NONE',  ( 0.000000000000000000, -0.6561787149247862994, -0.7546055221635049604 ) ) ;
#2320 = EDGE_CURVE ( 'NONE', #198, #566, #1614, .T. ) ;
#2321 = EDGE_CURVE ( 'NONE', #1049, #1182, #1434, .T. ) ;
#2322 = ORIENTED_EDGE ( 'NONE', *, *, #131, .F. ) ;
#2323 = DIRECTION ( 'NONE',  ( 0.000000000000000000, 0.000000000000000000, 1.000000000000000000 ) ) ;
#2324 = ORIENTED_EDGE ( 'NONE', *, *, #2548, .T. ) ;
#2325 = DIRECTION ( 'NONE',  ( 0.000000000000000000, 0.000000000000000000, -1.000000000000000000 ) ) ;
#2326 = DIRECTION ( 'NONE',  ( -0.000000000000000000, -1.000000000000000000, -0.000000000000000000 ) ) ;
#2327 = AXIS2_PLACEMENT_3D ( 'NONE', #971, #1173, #2011 ) ;
#2328 = ORIENTED_EDGE ( 'NONE', *, *, #2409, .F. ) ;
#2329 = VERTEX_POINT ( 'NONE', #2297 ) ;
#2330 = DIRECTION ( 'NONE',  ( 0.000000000000000000, 0.000000000000000000, -1.000000000000000000 ) ) ;
#2331 = CARTESIAN_POINT ( 'NONE',  ( -3.405877273185284881, 1.699999999999999734, -6.849999999999998757 ) ) ;
#2332 = AXIS2_PLACEMENT_3D ( 'NONE', #2067, #2243, #2033 ) ;
#2333 = DIRECTION ( 'NONE',  ( 0.000000000000000000, 0.000000000000000000, -1.000000000000000000 ) ) ;
#2334 = CIRCLE ( 'NONE', #1839, 0.1700000000000000122 ) ;
#2335 = CARTESIAN_POINT ( 'NONE',  ( -1.400000000000000133, 11.43165542625050435, 5.530000000000000249 ) ) ;
#2336 = ADVANCED_FACE ( 'NONE', ( #1190 ), #2042, .F. ) ;
#2337 = CARTESIAN_POINT ( 'NONE',  ( 1.399999999999999689, 12.48000000000000220, -2.027069063257456172 ) ) ;
#2338 = EDGE_LOOP ( 'NONE', ( #2605, #1301, #836, #666 ) ) ;
#2339 = FACE_OUTER_BOUND ( 'NONE', #441, .T. ) ;
#2340 = ORIENTED_EDGE ( 'NONE', *, *, #1412, .T. ) ;
#2341 = DIRECTION ( 'NONE',  ( 1.000000000000000000, 0.000000000000000000, 0.000000000000000000 ) ) ;
#2342 = LINE ( 'NONE', #2097, #2439 ) ;
#2343 = ORIENTED_EDGE ( 'NONE', *, *, #325, .T. ) ;
#2344 = ORIENTED_EDGE ( 'NONE', *, *, #1392, .F. ) ;
#2345 = DIRECTION ( 'NONE',  ( 0.000000000000000000, 0.7546055221635206145, 0.6561787149247685358 ) ) ;
#2346 = CARTESIAN_POINT ( 'NONE',  ( 1.379999999999999671, 0.000000000000000000, 5.530000000000000249 ) ) ;
#2347 = DIRECTION ( 'NONE',  ( 0.000000000000000000, 0.000000000000000000, -1.000000000000000000 ) ) ;
#2348 = CARTESIAN_POINT ( 'NONE',  ( -1.380000000000000115, 12.44809871788125477, 4.429206973128303915 ) ) ;
#2349 = TOROIDAL_SURFACE ( 'NONE', #1147, 0.1699999999999999845, 0.02000000000000000042 ) ;
#2350 = VERTEX_POINT ( 'NONE', #2703 ) ;
#2351 = DIRECTION ( 'NONE',  ( -1.000000000000000000, -0.000000000000000000, -0.000000000000000000 ) ) ;
#2352 = LINE ( 'NONE', #226, #1514 ) ;
#2353 = DIRECTION ( 'NONE',  ( 1.239088197126290817E-16, 0.000000000000000000, 1.000000000000000000 ) ) ;
#2354 = ORIENTED_EDGE ( 'NONE', *, *, #2615, .T. ) ;
#2355 = ORIENTED_EDGE ( 'NONE', *, *, #1796, .T. ) ;
#2356 = ADVANCED_FACE ( 'NONE', ( #2501 ), #570, .F. ) ;
#2357 = AXIS2_PLACEMENT_3D ( 'NONE', #1205, #1417, #2283 ) ;
#2358 = CARTESIAN_POINT ( 'NONE',  ( -1.400000000000000133, 6.649999999999999467, -4.400000000000000355 ) ) ;
#2359 = CIRCLE ( 'NONE', #1158, 0.02000000000000005246 ) ;
#2360 = ORIENTED_EDGE ( 'NONE', *, *, #2464, .F. ) ;
#2361 = CIRCLE ( 'NONE', #751, 0.1499999999999999667 ) ;
#2362 = FACE_OUTER_BOUND ( 'NONE', #1137, .T. ) ;
#2363 = ADVANCED_FACE ( 'NONE', ( #758 ), #2349, .T. ) ;
#2364 = ORIENTED_EDGE ( 'NONE', *, *, #252, .T. ) ;
#2365 = DIRECTION ( 'NONE',  ( -1.000000000000000000, -0.000000000000000000, -0.000000000000000000 ) ) ;
#2366 = CARTESIAN_POINT ( 'NONE',  ( -3.405877273185281773, 1.676175380897986456, 6.850000000000000533 ) ) ;
#2367 = VERTEX_POINT ( 'NONE', #1418 ) ;
#2368 = ORIENTED_EDGE ( 'NONE', *, *, #2286, .T. ) ;
#2369 = EDGE_CURVE ( 'NONE', #1552, #2063, #2254, .T. ) ;
#2370 = DIRECTION ( 'NONE',  ( 0.000000000000000000, -0.6561787149247862994, -0.7546055221635049604 ) ) ;
#2371 = AXIS2_PLACEMENT_3D ( 'NONE', #1228, #159, #1467 ) ;
#2372 = CARTESIAN_POINT ( 'NONE',  ( 1.399999999999999689, 6.500000000000000000, -0.8398232385305504089 ) ) ;
#2373 = CIRCLE ( 'NONE', #815, 0.01999999999999996225 ) ;
#2374 = VERTEX_POINT ( 'NONE', #2674 ) ;
#2375 = CARTESIAN_POINT ( 'NONE',  ( 1.379999999999999671, 6.500000000000000000, -0.7729309367425445387 ) ) ;
#2376 = VECTOR ( 'NONE', #1500, 1000.000000000000000 ) ;
#2377 = EDGE_LOOP ( 'NONE', ( #2658, #2148, #1153, #474 ) ) ;
#2378 = DIRECTION ( 'NONE',  ( 0.000000000000000000, 0.7546055221635050714, 0.6561787149247864104 ) ) ;
#2379 = CARTESIAN_POINT ( 'NONE',  ( 2.969848480983505290, 1.499999999999999556, -7.049999999999998046 ) ) ;
#2380 = ORIENTED_EDGE ( 'NONE', *, *, #2124, .F. ) ;
#2381 = ORIENTED_EDGE ( 'NONE', *, *, #458, .F. ) ;
#2382 = CYLINDRICAL_SURFACE ( 'NONE', #2499, 0.02000000000000005246 ) ;
#2383 = CARTESIAN_POINT ( 'NONE',  ( -1.380000000000000115, 11.54484625457503100, -5.498426807238717906 ) ) ;
#2384 = CYLINDRICAL_SURFACE ( 'NONE', #2106, 0.02000000000000053471 ) ;
#2385 = VERTEX_POINT ( 'NONE', #180 ) ;
#2386 = CARTESIAN_POINT ( 'NONE',  ( 3.405877273185284881, 1.699999999999999734, -6.849999999999998757 ) ) ;
#2387 = DIRECTION ( 'NONE',  ( 1.000000000000000000, 0.000000000000000000, 0.000000000000000000 ) ) ;
#2388 = EDGE_CURVE ( 'NONE', #784, #84, #1255, .T. ) ;
#2389 = ADVANCED_FACE ( 'NONE', ( #122 ), #2469, .T. ) ;
#2390 = DIRECTION ( 'NONE',  ( -0.000000000000000000, -1.000000000000000000, -0.000000000000000000 ) ) ;
#2391 = ORIENTED_EDGE ( 'NONE', *, *, #734, .T. ) ;
#2392 = ORIENTED_EDGE ( 'NONE', *, *, #2016, .T. ) ;
#2393 = CARTESIAN_POINT ( 'NONE',  ( 1.379999999999999671, 12.34999999999999964, 2.027069063257455728 ) ) ;
#2394 = LINE ( 'NONE', #64, #2182 ) ;
#2395 = EDGE_CURVE ( 'NONE', #181, #784, #788, .T. ) ;
#2396 = FACE_OUTER_BOUND ( 'NONE', #2003, .T. ) ;
#2397 = CIRCLE ( 'NONE', #1419, 0.1700000000000000122 ) ;
#2398 = ORIENTED_EDGE ( 'NONE', *, *, #2445, .T. ) ;
#2399 = DIRECTION ( 'NONE',  ( 1.000000000000000000, 2.168404344971008252E-17, -8.673617379884035472E-17 ) ) ;
#2400 = EDGE_CURVE ( 'NONE', #1339, #151, #1013, .T. ) ;
#2401 = CARTESIAN_POINT ( 'NONE',  ( -1.400000000000000133, 12.44809871788125477, -4.429206973128303915 ) ) ;
#2402 = EDGE_CURVE ( 'NONE', #2255, #2675, #2170, .T. ) ;
#2403 = CARTESIAN_POINT ( 'NONE',  ( 1.379999999999999671, 12.48000000000000043, -4.343903740188082452 ) ) ;
#2404 = VECTOR ( 'NONE', #1166, 1000.000000000000000 ) ;
#2405 = ORIENTED_EDGE ( 'NONE', *, *, #63, .T. ) ;
#2406 = ORIENTED_EDGE ( 'NONE', *, *, #1743, .F. ) ;
#2407 = DIRECTION ( 'NONE',  ( -1.000000000000000000, -0.000000000000000000, -0.000000000000000000 ) ) ;
#2408 = DIRECTION ( 'NONE',  ( 0.000000000000000000, 0.000000000000000000, 1.000000000000000000 ) ) ;
#2409 = EDGE_CURVE ( 'NONE', #599, #1445, #820, .T. ) ;
#2410 = CARTESIAN_POINT ( 'NONE',  ( 0.000000000000000000, 0.000000000000000000, 5.549999999999999822 ) ) ;
#2411 = CIRCLE ( 'NONE', #1437, 0.01999999999999996225 ) ;
#2412 = ORIENTED_EDGE ( 'NONE', *, *, #1604, .T. ) ;
#2413 = CARTESIAN_POINT ( 'NONE',  ( -1.380000000000000115, 6.649999999999999467, 4.549999999999999822 ) ) ;
#2414 = CIRCLE ( 'NONE', #592, 0.02000000000000005246 ) ;
#2415 = SURFACE_STYLE_USAGE ( .BOTH. , #1761 ) ;
#2416 = AXIS2_PLACEMENT_3D ( 'NONE', #2214, #2010, #2604 ) ;
#2417 = EDGE_CURVE ( 'NONE', #2576, #2350, #2530, .T. ) ;
#2418 = DIRECTION ( 'NONE',  ( -8.673617379884035472E-17, 0.000000000000000000, -1.000000000000000000 ) ) ;
#2419 = VERTEX_POINT ( 'NONE', #170 ) ;
#2420 = CARTESIAN_POINT ( 'NONE',  ( -1.380000000000000338, 9.296555435952635449, -8.083961248654471632 ) ) ;
#2421 = DIRECTION ( 'NONE',  ( 0.000000000000000000, 0.000000000000000000, -1.000000000000000000 ) ) ;
#2422 = DIRECTION ( 'NONE',  ( 0.000000000000000000, 1.000000000000000000, -0.000000000000000000 ) ) ;
#2423 = ORIENTED_EDGE ( 'NONE', *, *, #1804, .T. ) ;
#2424 = FACE_OUTER_BOUND ( 'NONE', #1669, .T. ) ;
#2425 = ADVANCED_FACE ( 'NONE', ( #2272 ), #1062, .T. ) ;
#2426 = DIRECTION ( 'NONE',  ( 0.000000000000000000, 0.000000000000000000, -1.000000000000000000 ) ) ;
#2427 = VERTEX_POINT ( 'NONE', #201 ) ;
#2428 = CIRCLE ( 'NONE', #259, 0.1299999999999998934 ) ;
#2429 = CARTESIAN_POINT ( 'NONE',  ( 0.000000000000000000, 12.34999999999999964, -4.343903740188082452 ) ) ;
#2430 = DIRECTION ( 'NONE',  ( 1.000000000000000000, 2.168404344971008252E-17, 8.673617379884035472E-17 ) ) ;
#2431 = AXIS2_PLACEMENT_3D ( 'NONE', #366, #968, #1816 ) ;
#2432 = EDGE_CURVE ( 'NONE', #2224, #2199, #2490, .T. ) ;
#2433 = CARTESIAN_POINT ( 'NONE',  ( 2.969848480983500405, 1.499999999999999556, 7.049999999999999822 ) ) ;
#2434 = EDGE_LOOP ( 'NONE', ( #1609, #2280, #476, #1778 ) ) ;
#2435 = DIRECTION ( 'NONE',  ( 1.000000000000000000, 0.000000000000000000, -8.673617379884020681E-17 ) ) ;
#2436 = CARTESIAN_POINT ( 'NONE',  ( -1.400000000000000133, 12.34999999999999964, -4.343903740188082452 ) ) ;
#2437 = VECTOR ( 'NONE', #2290, 1000.000000000000000 ) ;
#2438 = DIRECTION ( 'NONE',  ( 0.000000000000000000, 0.000000000000000000, 1.000000000000000000 ) ) ;
#2439 = VECTOR ( 'NONE', #424, 1000.000000000000114 ) ;
#2440 = ORIENTED_EDGE ( 'NONE', *, *, #2208, .T. ) ;
#2441 = ORIENTED_EDGE ( 'NONE', *, *, #2287, .F. ) ;
#2442 = DIRECTION ( 'NONE',  ( 0.000000000000000000, 0.7546055221635206145, -0.6561787149247685358 ) ) ;
#2443 = AXIS2_PLACEMENT_3D ( 'NONE', #717, #2014, #1141 ) ;
#2444 = VECTOR ( 'NONE', #1549, 1000.000000000000114 ) ;
#2445 = EDGE_CURVE ( 'NONE', #1326, #75, #306, .T. ) ;
#2446 = DIRECTION ( 'NONE',  ( 0.000000000000000000, 0.000000000000000000, -1.000000000000000000 ) ) ;
#2447 = ORIENTED_EDGE ( 'NONE', *, *, #1774, .T. ) ;
#2448 = CARTESIAN_POINT ( 'NONE',  ( 1.379999999999999671, 12.34999999999999964, 4.343903740188081564 ) ) ;
#2449 = CIRCLE ( 'NONE', #2332, 7.650000000000000355 ) ;
#2450 = AXIS2_PLACEMENT_3D ( 'NONE', #2304, #401, #1246 ) ;
#2451 = ORIENTED_EDGE ( 'NONE', *, *, #2629, .T. ) ;
#2452 = ORIENTED_EDGE ( 'NONE', *, *, #1850, .F. ) ;
#2453 = CARTESIAN_POINT ( 'NONE',  ( -1.400000000000000133, 9.768344573749500270, -5.530000000000000249 ) ) ;
#2454 = CARTESIAN_POINT ( 'NONE',  ( 1.397319086605161687, 6.500000000000000000, 4.496202024374977846 ) ) ;
#2455 = CIRCLE ( 'NONE', #909, 0.1700000000000000122 ) ;
#2456 = EDGE_CURVE ( 'NONE', #442, #2584, #2520, .T. ) ;
#2457 = CYLINDRICAL_SURFACE ( 'NONE', #148, 0.01999999999999992062 ) ;
#2458 = B_SPLINE_CURVE_WITH_KNOTS ( 'NONE', 3,
 ( #137, #787, #349, #804, #2733, #1667, #2500, #1461, #2468, #1877 ),
 .UNSPECIFIED., .F., .F.,
 ( 4, 3, 3, 4 ),
 ( -2.449489749372115115E-06, 0.000000000000000000, 4.097538642259614431E-05, 8.049306843309046939E-05 ),
 .UNSPECIFIED. ) ;
#2459 = CARTESIAN_POINT ( 'NONE',  ( 1.379999999999999671, 9.670245855868246920, -5.485303232940222706 ) ) ;
#2460 = DIRECTION ( 'NONE',  ( 0.000000000000000000, 1.000000000000000000, 0.000000000000000000 ) ) ;
#2461 = DIRECTION ( 'NONE',  ( 1.000000000000000000, 0.000000000000000000, 0.000000000000000000 ) ) ;
#2462 = DIRECTION ( 'NONE',  ( 0.000000000000000000, 0.000000000000000000, 1.000000000000000000 ) ) ;
#2463 = EDGE_CURVE ( 'NONE', #1639, #2250, #1852, .T. ) ;
#2464 = EDGE_CURVE ( 'NONE', #1591, #1846, #2213, .T. ) ;
#2465 = ORIENTED_EDGE ( 'NONE', *, *, #2673, .T. ) ;
#2466 = ORIENTED_EDGE ( 'NONE', *, *, #414, .F. ) ;
#2467 = CARTESIAN_POINT ( 'NONE',  ( -1.380000000000000115, 8.631655426250503638, -4.400000000000000355 ) ) ;
#2468 = CARTESIAN_POINT ( 'NONE',  ( -1.399999999999999911, 6.500000000000000000, 4.483107698211994396 ) ) ;
#2469 = CYLINDRICAL_SURFACE ( 'NONE', #2431, 0.1499999999999999667 ) ;
#2470 = ORIENTED_EDGE ( 'NONE', *, *, #1248, .T. ) ;
#2471 = VECTOR ( 'NONE', #1628, 1000.000000000000000 ) ;
#2472 = ADVANCED_FACE ( 'NONE', ( #2690 ), #790, .F. ) ;
#2473 = CARTESIAN_POINT ( 'NONE',  ( 1.379999999999999671, 6.649999999999999467, -0.7729309367425445387 ) ) ;
#2474 = LINE ( 'NONE', #1917, #902 ) ;
#2475 = CARTESIAN_POINT ( 'NONE',  ( 1.379999999999999449, 9.768344573749500270, -5.549999999999999822 ) ) ;
#2476 = CARTESIAN_POINT ( 'NONE',  ( 1.379999999999999671, 0.000000000000000000, -5.530000000000000249 ) ) ;
#2477 = FACE_BOUND ( 'NONE', #2610, .T. ) ;
#2478 = EDGE_CURVE ( 'NONE', #119, #302, #1330, .T. ) ;
#2479 = ADVANCED_FACE ( 'NONE', ( #183 ), #601, .T. ) ;
#2480 = CIRCLE ( 'NONE', #2357, 0.1499999999999999667 ) ;
#2481 = ORIENTED_EDGE ( 'NONE', *, *, #1192, .F. ) ;
#2482 = ORIENTED_EDGE ( 'NONE', *, *, #1162, .F. ) ;
#2483 = CARTESIAN_POINT ( 'NONE',  ( -2.969848480983500405, 1.499999999999999556, 7.049999999999999822 ) ) ;
#2484 = CARTESIAN_POINT ( 'NONE',  ( -1.379999999999999893, 12.37465984809580277, 1.879109974682634077 ) ) ;
#2485 = CARTESIAN_POINT ( 'NONE',  ( 0.000000000000000000, 0.000000000000000000, 0.000000000000000000 ) ) ;
#2486 = TOROIDAL_SURFACE ( 'NONE', #132, 0.1299999999999999767, 0.02000000000000000042 ) ;
#2487 = VERTEX_POINT ( 'NONE', #1275 ) ;
#2488 = DIRECTION ( 'NONE',  ( 0.000000000000000000, 0.7546055221635005195, -0.6561787149247915174 ) ) ;
#2489 = AXIS2_PLACEMENT_3D ( 'NONE', #1102, #1272, #669 ) ;
#2490 = LINE ( 'NONE', #431, #1509 ) ;
#2491 = CARTESIAN_POINT ( 'NONE',  ( -3.405877273185284881, 6.500000000000000000, -6.849999999999998757 ) ) ;
#2492 = AXIS2_PLACEMENT_3D ( 'NONE', #2183, #281, #2418 ) ;
#2493 = CARTESIAN_POINT ( 'NONE',  ( -1.390180519077591104, 6.500000000000000000, -0.8009322421621059007 ) ) ;
#2494 = DIRECTION ( 'NONE',  ( 1.000000000000000000, 2.168404344971008252E-17, -8.673617379884035472E-17 ) ) ;
#2495 = DIRECTION ( 'NONE',  ( -3.272579785996980772E-14, -0.6561787149247684248, 0.7546055221635205035 ) ) ;
#2496 = EDGE_CURVE ( 'NONE', #2427, #1710, #2071, .T. ) ;
#2497 = ORIENTED_EDGE ( 'NONE', *, *, #2579, .T. ) ;
#2498 = ORIENTED_EDGE ( 'NONE', *, *, #1538, .T. ) ;
#2499 = AXIS2_PLACEMENT_3D ( 'NONE', #269, #1154, #2550 ) ;
#2500 = CARTESIAN_POINT ( 'NONE',  ( -1.393823247546298383, 6.500000000000000000, 4.508834952051935296 ) ) ;
#2501 = FACE_OUTER_BOUND ( 'NONE', #199, .T. ) ;
#2502 = CIRCLE ( 'NONE', #65, 0.1700000000000000122 ) ;
#2503 = DIRECTION ( 'NONE',  ( 1.000000000000000000, 0.000000000000000000, 0.000000000000000000 ) ) ;
#2504 = CARTESIAN_POINT ( 'NONE',  ( 0.000000000000000000, 6.649999999999999467, -0.7729309367425445387 ) ) ;
#2505 = EDGE_CURVE ( 'NONE', #2374, #2329, #2037, .T. ) ;
#2506 = DIRECTION ( 'NONE',  ( 1.000000000000000000, 2.168404344971008252E-17, -8.673617379884035472E-17 ) ) ;
#2507 = EDGE_CURVE ( 'NONE', #2350, #2063, #930, .T. ) ;
#2508 = DIRECTION ( 'NONE',  ( 0.000000000000000000, 0.000000000000000000, -1.000000000000000000 ) ) ;
#2509 = DIRECTION ( 'NONE',  ( 0.000000000000000000, -0.7546055221635206145, -0.6561787149247685358 ) ) ;
#2510 = VERTEX_POINT ( 'NONE', #2313 ) ;
#2511 = ORIENTED_EDGE ( 'NONE', *, *, #1495, .T. ) ;
#2512 = CARTESIAN_POINT ( 'NONE',  ( 1.399999999999999689, 9.670245855868245144, 5.485303232940223594 ) ) ;
#2513 = DIRECTION ( 'NONE',  ( -7.968020348514244863E-17, 0.6561787149247864104, -0.7546055221635050714 ) ) ;
#2514 = CARTESIAN_POINT ( 'NONE',  ( 1.399999999999999689, 6.500000000000000000, 4.483107698211994396 ) ) ;
#2515 = ORIENTED_EDGE ( 'NONE', *, *, #480, .F. ) ;
#2516 = DIRECTION ( 'NONE',  ( 0.000000000000000000, -0.9863939238321488556, -0.1643989873053274264 ) ) ;
#2517 = ADVANCED_FACE ( 'NONE', ( #412 ), #1050, .F. ) ;
#2518 = EDGE_CURVE ( 'NONE', #2385, #571, #2737, .T. ) ;
#2519 = DIRECTION ( 'NONE',  ( 1.000000000000000000, 0.000000000000000000, 0.000000000000000000 ) ) ;
#2520 = CIRCLE ( 'NONE', #526, 0.02000000000000005246 ) ;
#2521 = EDGE_LOOP ( 'NONE', ( #2340, #2257, #789, #1014 ) ) ;
#2522 = DIRECTION ( 'NONE',  ( 0.000000000000000000, -0.6561787149247684248, 0.7546055221635205035 ) ) ;
#2523 = ORIENTED_EDGE ( 'NONE', *, *, #800, .T. ) ;
#2524 = DIRECTION ( 'NONE',  ( 8.673617379884035472E-17, 0.000000000000000000, 1.000000000000000000 ) ) ;
#2525 = EDGE_CURVE ( 'NONE', #1639, #268, #228, .T. ) ;
#2526 = CARTESIAN_POINT ( 'NONE',  ( 1.379999999999999671, 9.768344573749498494, 5.549999999999999822 ) ) ;
#2527 = DIRECTION ( 'NONE',  ( 0.000000000000000000, 0.000000000000000000, -1.000000000000000000 ) ) ;
#2528 = VERTEX_POINT ( 'NONE', #649 ) ;
#2529 = ORIENTED_EDGE ( 'NONE', *, *, #115, .F. ) ;
#2530 = LINE ( 'NONE', #809, #879 ) ;
#2531 = CIRCLE ( 'NONE', #1020, 0.1499999999999999667 ) ;
#2532 = FACE_OUTER_BOUND ( 'NONE', #140, .T. ) ;
#2533 = VECTOR ( 'NONE', #1776, 1000.000000000000000 ) ;
#2534 = DIRECTION ( 'NONE',  ( 1.000000000000000000, 0.000000000000000000, 0.000000000000000000 ) ) ;
#2535 = VECTOR ( 'NONE', #1571, 1000.000000000000000 ) ;
#2536 = DIRECTION ( 'NONE',  ( 0.000000000000000000, 0.7546055221635050714, -0.6561787149247864104 ) ) ;
#2537 = ORIENTED_EDGE ( 'NONE', *, *, #1231, .T. ) ;
#2538 = DIRECTION ( 'NONE',  ( 0.000000000000000000, 1.000000000000000000, 0.000000000000000000 ) ) ;
#2539 = EDGE_LOOP ( 'NONE', ( #1813, #2193, #346, #192 ) ) ;
#2540 = CARTESIAN_POINT ( 'NONE',  ( -1.400000000000000133, 8.631655426250501861, 4.379999999999999893 ) ) ;
#2541 = DIRECTION ( 'NONE',  ( 1.000000000000000000, 0.000000000000000000, 0.000000000000000000 ) ) ;
#2542 = DIRECTION ( 'NONE',  ( 0.000000000000000000, 0.000000000000000000, -1.000000000000000000 ) ) ;
#2543 = AXIS2_PLACEMENT_3D ( 'NONE', #2021, #530, #298 ) ;
#2544 = ORIENTED_EDGE ( 'NONE', *, *, #1248, .F. ) ;
#2545 = ORIENTED_EDGE ( 'NONE', *, *, #2128, .T. ) ;
#2546 = DIRECTION ( 'NONE',  ( 2.418863320084447144E-14, 0.6561787149247684248, -0.7546055221635205035 ) ) ;
#2547 = CYLINDRICAL_SURFACE ( 'NONE', #1919, 0.1499999999999999667 ) ;
#2548 = EDGE_CURVE ( 'NONE', #2125, #1477, #443, .T. ) ;
#2549 = AXIS2_PLACEMENT_3D ( 'NONE', #2551, #652, #2347 ) ;
#2550 = DIRECTION ( 'NONE',  ( 0.000000000000000000, 0.000000000000000000, 1.000000000000000000 ) ) ;
#2551 = CARTESIAN_POINT ( 'NONE',  ( 0.000000000000000000, 12.34999999999999964, 2.027069063257455728 ) ) ;
#2552 = ORIENTED_EDGE ( 'NONE', *, *, #639, .F. ) ;
#2553 = DIRECTION ( 'NONE',  ( -0.000000000000000000, 1.000000000000000000, 0.000000000000000000 ) ) ;
#2554 = EDGE_CURVE ( 'NONE', #2066, #489, #706, .T. ) ;
#2555 = ORIENTED_EDGE ( 'NONE', *, *, #2718, .F. ) ;
#2556 = FACE_OUTER_BOUND ( 'NONE', #420, .T. ) ;
#2557 = CARTESIAN_POINT ( 'NONE',  ( 0.000000000000000000, 1.699999999999999734, -7.049999999999998046 ) ) ;
#2558 = CARTESIAN_POINT ( 'NONE',  ( -3.055708360304932203, 1.499999999999999556, 7.013831087634018857 ) ) ;
#2559 = ORIENTED_EDGE ( 'NONE', *, *, #2445, .F. ) ;
#2560 = ORIENTED_EDGE ( 'NONE', *, *, #273, .T. ) ;
#2561 = CYLINDRICAL_SURFACE ( 'NONE', #867, 0.02000000000000005246 ) ;
#2562 = ORIENTED_EDGE ( 'NONE', *, *, #1915, .T. ) ;
#2563 = CARTESIAN_POINT ( 'NONE',  ( -1.380000000000000115, 8.631655426250503638, -4.549999999999998934 ) ) ;
#2564 = AXIS2_PLACEMENT_3D ( 'NONE', #7, #1451, #1420 ) ;
#2565 = ORIENTED_EDGE ( 'NONE', *, *, #1155, .T. ) ;
#2566 = EDGE_CURVE ( 'NONE', #1463, #120, #1641, .T. ) ;
#2567 = DIRECTION ( 'NONE',  ( 0.000000000000000000, 0.000000000000000000, -1.000000000000000000 ) ) ;
#2568 = CARTESIAN_POINT ( 'NONE',  ( 1.379999999999999671, 6.625340151904198116, 0.9208900253173666339 ) ) ;
#2569 = DIRECTION ( 'NONE',  ( 1.000000000000000000, 0.000000000000000000, 0.000000000000000000 ) ) ;
#2570 = EDGE_CURVE ( 'NONE', #784, #340, #2480, .T. ) ;
#2571 = ORIENTED_EDGE ( 'NONE', *, *, #52, .F. ) ;
#2572 = ORIENTED_EDGE ( 'NONE', *, *, #2525, .T. ) ;
#2573 = DIRECTION ( 'NONE',  ( 0.000000000000000000, 0.1643989873053704753, -0.9863939238321415282 ) ) ;
#2574 = AXIS2_PLACEMENT_3D ( 'NONE', #887, #2168, #2582 ) ;
#2575 = LINE ( 'NONE', #2123, #1134 ) ;
#2576 = VERTEX_POINT ( 'NONE', #2484 ) ;
#2577 = AXIS2_PLACEMENT_3D ( 'NONE', #2403, #2438, #1112 ) ;
#2578 = FACE_OUTER_BOUND ( 'NONE', #2338, .T. ) ;
#2579 = EDGE_CURVE ( 'NONE', #1858, #2427, #2458, .T. ) ;
#2580 = EDGE_LOOP ( 'NONE', ( #667, #2117, #165, #852 ) ) ;
#2581 = PLANE ( 'NONE',  #762 ) ;
#2582 = DIRECTION ( 'NONE',  ( 0.000000000000000000, 0.000000000000000000, 1.000000000000000000 ) ) ;
#2583 = CARTESIAN_POINT ( 'NONE',  ( -3.405877273185280885, 1.699999999999999734, 6.850000000000000533 ) ) ;
#2584 = VERTEX_POINT ( 'NONE', #2310 ) ;
#2585 = EDGE_LOOP ( 'NONE', ( #638, #2441 ) ) ;
#2586 = UNCERTAINTY_MEASURE_WITH_UNIT (LENGTH_MEASURE( 1.000000000000000082E-05 ), #1999, 'distance_accuracy_value', 'NONE');
#2587 = VECTOR ( 'NONE', #1997, 1000.000000000000114 ) ;
#2588 = CARTESIAN_POINT ( 'NONE',  ( 1.397319086605161464, 6.500000000000000000, 0.8267289123675667373 ) ) ;
#2589 = AXIS2_PLACEMENT_3D ( 'NONE', #1892, #2341, #1253 ) ;
#2590 = ADVANCED_FACE ( 'NONE', ( #981 ), #582, .T. ) ;
#2591 = ADVANCED_FACE ( 'NONE', ( #1189 ), #1916, .T. ) ;
#2592 = FACE_OUTER_BOUND ( 'NONE', #134, .T. ) ;
#2593 = CIRCLE ( 'NONE', #1886, 0.01999999999999996225 ) ;
#2594 = ORIENTED_EDGE ( 'NONE', *, *, #1770, .T. ) ;
#2595 = CARTESIAN_POINT ( 'NONE',  ( -1.399999999999999467, -3.035766082959410566E-17, -1.214306433183764720E-16 ) ) ;
#2596 = AXIS2_PLACEMENT_3D ( 'NONE', #161, #1019, #1006 ) ;
#2597 = LINE ( 'NONE', #2608, #235 ) ;
#2598 = ADVANCED_FACE ( 'NONE', ( #179 ), #2054, .T. ) ;
#2599 = ORIENTED_EDGE ( 'NONE', *, *, #922, .F. ) ;
#2600 = VERTEX_POINT ( 'NONE', #1653 ) ;
#2601 = CARTESIAN_POINT ( 'NONE',  ( -1.380000000000000115, 8.631655426250503638, 4.379999999999999893 ) ) ;
#2602 = FACE_OUTER_BOUND ( 'NONE', #2242, .T. ) ;
#2603 = ADVANCED_FACE ( 'NONE', ( #1447 ), #1026, .F. ) ;
#2604 = DIRECTION ( 'NONE',  ( 0.000000000000000000, -3.469446951953614820E-14, -1.000000000000000000 ) ) ;
#2605 = ORIENTED_EDGE ( 'NONE', *, *, #1604, .F. ) ;
#2606 = DIRECTION ( 'NONE',  ( 0.000000000000000000, 0.000000000000000000, 1.000000000000000000 ) ) ;
#2607 = CARTESIAN_POINT ( 'NONE',  ( 1.379999999999999671, 12.37137186834969604, -1.898837853159277334 ) ) ;
#2608 = CARTESIAN_POINT ( 'NONE',  ( -1.400000000000000355, 9.281463325509363926, -8.070837674355974656 ) ) ;
#2609 = AXIS2_PLACEMENT_3D ( 'NONE', #383, #838, #1226 ) ;
#2610 = EDGE_LOOP ( 'NONE', ( #2306, #2241, #549, #1077, #1670, #2368, #1130, #2497 ) ) ;
#2611 = EDGE_CURVE ( 'NONE', #2367, #1402, #1068, .T. ) ;
#2612 = ORIENTED_EDGE ( 'NONE', *, *, #2197, .T. ) ;
#2613 = CARTESIAN_POINT ( 'NONE',  ( -1.380000000000000115, 12.44809871788125477, -4.429206973128303915 ) ) ;
#2614 = B_SPLINE_CURVE_WITH_KNOTS ( 'NONE', 3,
 ( #1594, #729, #82, #525, #95, #2636, #926, #955, #2196, #1551 ),
 .UNSPECIFIED., .F., .F.,
 ( 4, 2, 2, 2, 4 ),
 ( 0.000000000000000000, 7.024607880191202191E-05, 0.0001404921576038240438, 0.0002809843152076474913, 0.0005619686304152965006 ),
 .UNSPECIFIED. ) ;
#2615 = EDGE_CURVE ( 'NONE', #249, #120, #1833, .T. ) ;
#2616 = DIRECTION ( 'NONE',  ( 8.964022892078409004E-14, 0.6561787149247684248, 0.7546055221635205035 ) ) ;
#2617 = VECTOR ( 'NONE', #659, 1000.000000000000000 ) ;
#2618 = ORIENTED_EDGE ( 'NONE', *, *, #2646, .F. ) ;
#2619 = CARTESIAN_POINT ( 'NONE',  ( 1.399999999999999689, 6.622052172158090499, -0.9406179037940094467 ) ) ;
#2620 = CIRCLE ( 'NONE', #231, 0.1700000000000000122 ) ;
#2621 = CARTESIAN_POINT ( 'NONE',  ( 1.399999999999999689, 6.622052172158088723, 0.9406179037940088916 ) ) ;
#2622 = VECTOR ( 'NONE', #2235, 1000.000000000000000 ) ;
#2623 = CARTESIAN_POINT ( 'NONE',  ( 1.379999999999999671, 6.500000000000000000, -4.549999999999999822 ) ) ;
#2624 = CIRCLE ( 'NONE', #1601, 0.1499999999999999667 ) ;
#2625 = ORIENTED_EDGE ( 'NONE', *, *, #1774, .F. ) ;
#2626 = ORIENTED_EDGE ( 'NONE', *, *, #1133, .T. ) ;
#2627 = DIRECTION ( 'NONE',  ( 0.000000000000000000, 0.000000000000000000, -1.000000000000000000 ) ) ;
#2628 = CARTESIAN_POINT ( 'NONE',  ( 1.379999999999999671, 8.631655426250503638, 4.549999999999999822 ) ) ;
#2629 = EDGE_CURVE ( 'NONE', #1741, #1928, #448, .T. ) ;
#2630 = LINE ( 'NONE', #78, #1709 ) ;
#2631 = CIRCLE ( 'NONE', #1128, 0.02000000000000005246 ) ;
#2632 = ORIENTED_EDGE ( 'NONE', *, *, #1162, .T. ) ;
#2633 = CARTESIAN_POINT ( 'NONE',  ( 1.379999999999999671, 9.655153745424977174, 5.498426807238720571 ) ) ;
#2634 = CARTESIAN_POINT ( 'NONE',  ( 0.000000000000000000, 8.744846254575030287, -4.451573192761281383 ) ) ;
#2635 = AXIS2_PLACEMENT_3D ( 'NONE', #2728, #2163, #1095 ) ;
#2636 = CARTESIAN_POINT ( 'NONE',  ( 3.301579660418290096, 1.563075121266647605, 6.900987060043524579 ) ) ;
#2637 = ORIENTED_EDGE ( 'NONE', *, *, #1696, .T. ) ;
#2638 = EDGE_LOOP ( 'NONE', ( #208, #2065, #2599, #354 ) ) ;
#2639 = DIRECTION ( 'NONE',  ( 0.000000000000000000, 1.000000000000000000, 0.000000000000000000 ) ) ;
#2640 = DIRECTION ( 'NONE',  ( 1.000000000000000000, -0.000000000000000000, -0.000000000000000000 ) ) ;
#2641 = CARTESIAN_POINT ( 'NONE',  ( 0.000000000000000000, 1.499999999999999556, 0.000000000000000000 ) ) ;
#2642 = EDGE_LOOP ( 'NONE', ( #996, #1875, #749, #504 ) ) ;
#2643 = CYLINDRICAL_SURFACE ( 'NONE', #1366, 0.02000000000000005246 ) ;
#2644 = DIRECTION ( 'NONE',  ( -8.673617379884035472E-17, -1.880790961315659329E-33, -1.000000000000000000 ) ) ;
#2645 = CARTESIAN_POINT ( 'NONE',  ( 9.368548013477250272E-16, 6.500000000000000000, 7.650000000000000355 ) ) ;
#2646 = EDGE_CURVE ( 'NONE', #2308, #1552, #2397, .T. ) ;
#2647 = ORIENTED_EDGE ( 'NONE', *, *, #2554, .F. ) ;
#2648 = CARTESIAN_POINT ( 'NONE',  ( -1.399999999999999689, 6.649999999999999467, -0.7729309367425445387 ) ) ;
#2649 = AXIS2_PLACEMENT_3D ( 'NONE', #2259, #2460, #1408 ) ;
#2650 = CARTESIAN_POINT ( 'NONE',  ( -1.380000000000000115, 9.768344573749500270, -5.400000000000000355 ) ) ;
#2651 = ORIENTED_EDGE ( 'NONE', *, *, #2478, .F. ) ;
#2652 = CYLINDRICAL_SURFACE ( 'NONE', #2649, 0.02000000000000005246 ) ;
#2653 = DIRECTION ( 'NONE',  ( 0.000000000000000000, -0.7546055221635206145, -0.6561787149247685358 ) ) ;
#2654 = TOROIDAL_SURFACE ( 'NONE', #272, 0.1699999999999999845, 0.02000000000000000042 ) ;
#2655 = FACE_OUTER_BOUND ( 'NONE', #517, .T. ) ;
#2656 = CIRCLE ( 'NONE', #2316, 0.02000000000000005246 ) ;
#2657 = ORIENTED_EDGE ( 'NONE', *, *, #2128, .F. ) ;
#2658 = ORIENTED_EDGE ( 'NONE', *, *, #735, .F. ) ;
#2659 = CARTESIAN_POINT ( 'NONE',  ( 1.399999999999999689, 6.649999999999999467, 4.549999999999999822 ) ) ;
#2660 = CARTESIAN_POINT ( 'NONE',  ( 1.390180519077591104, 6.500000000000000000, 4.521998694580438460 ) ) ;
#2661 = AXIS2_PLACEMENT_3D ( 'NONE', #147, #2064, #333 ) ;
#2662 = FACE_OUTER_BOUND ( 'NONE', #2251, .T. ) ;
#2663 = DIRECTION ( 'NONE',  ( -1.000000000000000000, 0.000000000000000000, 0.000000000000000000 ) ) ;
#2664 = ADVANCED_FACE ( 'NONE', ( #154 ), #56, .T. ) ;
#2665 = CARTESIAN_POINT ( 'NONE',  ( -1.400000000000000133, 8.631655426250503638, -4.379999999999998117 ) ) ;
#2666 = AXIS2_PLACEMENT_3D ( 'NONE', #491, #1340, #2188 ) ;
#2667 = DIRECTION ( 'NONE',  ( 0.000000000000000000, -0.6561787149247684248, 0.7546055221635205035 ) ) ;
#2668 = AXIS2_PLACEMENT_3D ( 'NONE', #450, #1025, #608 ) ;
#2669 = CIRCLE ( 'NONE', #2156, 0.01999999999999996225 ) ;
#2670 = ORIENTED_EDGE ( 'NONE', *, *, #1482, .T. ) ;
#2671 = VERTEX_POINT ( 'NONE', #2379 ) ;
#2672 = DIRECTION ( 'NONE',  ( 1.000000000000000000, 0.000000000000000000, 0.000000000000000000 ) ) ;
#2673 = EDGE_CURVE ( 'NONE', #2237, #726, #1908, .T. ) ;
#2674 = CARTESIAN_POINT ( 'NONE',  ( 1.379999999999999671, 11.43165542625050435, 5.549999999999999822 ) ) ;
#2675 = VERTEX_POINT ( 'NONE', #1925 ) ;
#2676 = CARTESIAN_POINT ( 'NONE',  ( -1.380000000000000338, 9.655153745424975398, -5.498426807238719682 ) ) ;
#2677 = FACE_OUTER_BOUND ( 'NONE', #2312, .T. ) ;
#2678 = EDGE_CURVE ( 'NONE', #1954, #673, #1506, .T. ) ;
#2679 = AXIS2_PLACEMENT_3D ( 'NONE', #1396, #2494, #2047 ) ;
#2680 = ORIENTED_EDGE ( 'NONE', *, *, #991, .F. ) ;
#2681 = CARTESIAN_POINT ( 'NONE',  ( -1.400000000000000133, 11.43165542625050612, -5.530000000000000249 ) ) ;
#2682 = ADVANCED_FACE ( 'NONE', ( #477 ), #2131, .T. ) ;
#2683 = DIRECTION ( 'NONE',  ( -0.000000000000000000, 0.000000000000000000, 1.000000000000000000 ) ) ;
#2684 = DIRECTION ( 'NONE',  ( 0.000000000000000000, 0.000000000000000000, -1.000000000000000000 ) ) ;
#2685 = ORIENTED_EDGE ( 'NONE', *, *, #941, .T. ) ;
#2686 = ORIENTED_EDGE ( 'NONE', *, *, #345, .T. ) ;
#2687 = CARTESIAN_POINT ( 'NONE',  ( -1.400000000000000133, 11.52975414413175947, -5.485303232940223594 ) ) ;
#2688 = DIRECTION ( 'NONE',  ( 0.000000000000000000, 0.000000000000000000, -1.000000000000000000 ) ) ;
#2689 = ORIENTED_EDGE ( 'NONE', *, *, #2160, .F. ) ;
#2690 = FACE_OUTER_BOUND ( 'NONE', #409, .T. ) ;
#2691 = AXIS2_PLACEMENT_3D ( 'NONE', #1001, #1656, #1210 ) ;
#2692 = CARTESIAN_POINT ( 'NONE',  ( -1.380279994234274721, 6.500000000000000000, -4.549233012451844083 ) ) ;
#2693 = PLANE ( 'NONE',  #1931 ) ;
#2694 = DIRECTION ( 'NONE',  ( -1.000000000000000000, 0.000000000000000000, 0.000000000000000000 ) ) ;
#2695 = CARTESIAN_POINT ( 'NONE',  ( 1.379999999999999671, 12.48000000000000220, 0.000000000000000000 ) ) ;
#2696 = ORIENTED_EDGE ( 'NONE', *, *, #1279, .F. ) ;
#2697 = DIRECTION ( 'NONE',  ( 0.000000000000000000, -0.000000000000000000, 1.000000000000000000 ) ) ;
#2698 = AXIS2_PLACEMENT_3D ( 'NONE', #1949, #1297, #1737 ) ;
#2699 = ORIENTED_EDGE ( 'NONE', *, *, #1716, .T. ) ;
#2700 = ORIENTED_EDGE ( 'NONE', *, *, #1818, .T. ) ;
#2701 = CARTESIAN_POINT ( 'NONE',  ( 1.379999999999999671, 6.622052172158088723, -0.9406179037940091137 ) ) ;
#2702 = DIRECTION ( 'NONE',  ( 0.000000000000000000, -0.1643989873053704753, 0.9863939238321415282 ) ) ;
#2703 = CARTESIAN_POINT ( 'NONE',  ( 1.379999999999999671, 12.37465984809580277, 1.879109974682634077 ) ) ;
#2704 = EDGE_CURVE ( 'NONE', #1338, #119, #2352, .T. ) ;
#2705 = EDGE_CURVE ( 'NONE', #336, #1225, #2000, .T. ) ;
#2706 = CIRCLE ( 'NONE', #455, 0.1299999999999998934 ) ;
#2707 = AXIS2_PLACEMENT_3D ( 'NONE', #257, #908, #1354 ) ;
#2708 = DIRECTION ( 'NONE',  ( 0.000000000000000000, 0.000000000000000000, -1.000000000000000000 ) ) ;
#2709 = VECTOR ( 'NONE', #1634, 1000.000000000000000 ) ;
#2710 = CARTESIAN_POINT ( 'NONE',  ( 1.379999999999999671, 12.34999999999999964, -4.343903740188082452 ) ) ;
#2711 = FACE_OUTER_BOUND ( 'NONE', #1568, .T. ) ;
#2712 = VERTEX_POINT ( 'NONE', #1712 ) ;
#2713 = DIRECTION ( 'NONE',  ( 0.000000000000000000, -0.1643989873053274264, 0.9863939238321487446 ) ) ;
#2714 = ORIENTED_EDGE ( 'NONE', *, *, #2615, .F. ) ;
#2715 = EDGE_CURVE ( 'NONE', #442, #1414, #1775, .T. ) ;
#2716 = DIRECTION ( 'NONE',  ( -2.168404344971008252E-17, 1.000000000000000000, 0.000000000000000000 ) ) ;
#2717 = DIRECTION ( 'NONE',  ( 0.000000000000000000, 0.000000000000000000, 1.000000000000000000 ) ) ;
#2718 = EDGE_CURVE ( 'NONE', #2350, #2051, #2, .T. ) ;
#2719 = DIRECTION ( 'NONE',  ( -1.000000000000000000, -0.000000000000000000, -0.000000000000000000 ) ) ;
#2720 = ADVANCED_FACE ( 'NONE', ( #2145 ), #451, .F. ) ;
#2721 = VECTOR ( 'NONE', #2524, 1000.000000000000000 ) ;
#2722 = ORIENTED_EDGE ( 'NONE', *, *, #1770, .F. ) ;
#2723 = VERTEX_POINT ( 'NONE', #2526 ) ;
#2724 = CIRCLE ( 'NONE', #512, 0.01999999999999996225 ) ;
#2725 = CARTESIAN_POINT ( 'NONE',  ( -1.380000000000000115, 9.768344573749500270, -5.530000000000000249 ) ) ;
#2726 = DIRECTION ( 'NONE',  ( 0.000000000000000000, 0.000000000000000000, -1.000000000000000000 ) ) ;
#2727 = CARTESIAN_POINT ( 'NONE',  ( -1.399999999999999689, 6.500000000000000000, -0.8398232385305504089 ) ) ;
#2728 = CARTESIAN_POINT ( 'NONE',  ( -1.380000000000000115, 8.631655426250503638, -4.379999999999998117 ) ) ;
#2729 = ORIENTED_EDGE ( 'NONE', *, *, #1207, .F. ) ;
#2730 = CARTESIAN_POINT ( 'NONE',  ( 0.000000000000000000, 1.499999999999999556, 0.000000000000000000 ) ) ;
#2731 = EDGE_LOOP ( 'NONE', ( #1825, #1374, #1665, #2171 ) ) ;
#2732 = DIRECTION ( 'NONE',  ( -1.000000000000000000, -0.000000000000000000, -0.000000000000000000 ) ) ;
#2733 = CARTESIAN_POINT ( 'NONE',  ( -1.385521695682326637, 6.500000000000000000, 4.534868014339770603 ) ) ;
#2734 = CARTESIAN_POINT ( 'NONE',  ( 1.399999999999999689, 12.34999999999999964, -4.343903740188082452 ) ) ;
#2735 = ORIENTED_EDGE ( 'NONE', *, *, #977, .F. ) ;
#2736 = ORIENTED_EDGE ( 'NONE', *, *, #190, .T. ) ;
#2737 = LINE ( 'NONE', #2119, #1018 ) ;
#2738 = FACE_OUTER_BOUND ( 'NONE', #79, .T. ) ;
#2739 = FACE_OUTER_BOUND ( 'NONE', #1663, .T. ) ;
#2740 = CARTESIAN_POINT ( 'NONE',  ( -1.380000000000000115, 9.768344573749498494, 5.530000000000000249 ) ) ;
#2741 = EDGE_LOOP ( 'NONE', ( #884, #1186, #2722, #2231 ) ) ;
#2742 = DIRECTION ( 'NONE',  ( 1.000000000000000000, 0.000000000000000000, -0.000000000000000000 ) ) ;
#2743 = ORIENTED_EDGE ( 'NONE', *, *, #1681, .T. ) ;
ENDSEC;
END-ISO-10303-21;
